# https://github.com/mikedh/trimesh
mtllib material.mtl
usemtl material_0
v -0.01254856 0.05689167 -0.04730950
v -0.01211637 0.05689555 -0.04707847
v -0.01173764 0.05689884 -0.04676764
v -0.01254856 0.05689167 -0.04730950
v -0.01211637 0.05689555 -0.04707847
v -0.01000553 0.05691421 -0.04999988
v -0.01211637 0.05689555 -0.04707847
v -0.01254856 0.05689167 -0.04730950
v -0.01211726 0.00829375 -0.04730950
v -0.01301765 0.05688744 -0.04745184
v -0.01254856 0.05689167 -0.04730950
v -0.01000553 0.05691421 -0.04999988
v -0.01301765 0.05688744 -0.04745184
v -0.01211726 0.00829375 -0.04730950
v -0.01254856 0.05689167 -0.04730950
v -0.01301765 0.05688744 -0.04745184
v -0.01258623 0.00828957 -0.04745184
v -0.01211726 0.00829375 -0.04730950
v -0.01258623 0.00828957 -0.04745184
v -0.00957412 0.00831628 -0.04999988
v -0.01168513 0.00829756 -0.04707847
v -0.01168513 0.00829756 -0.04707847
v -0.01168513 0.00829756 -0.04707847
v -0.01130628 0.00830090 -0.04676764
v -0.01211637 0.05689555 -0.04707847
v -0.01130628 0.00830090 -0.04676764
v -0.00807422 0.00832963 -0.04849987
v -0.01099538 0.00830364 -0.04638879
v -0.01173764 0.05689884 -0.04676764
v -0.01130628 0.00830090 -0.04676764
v -0.01099538 0.00830364 -0.04638879
v -0.01173764 0.05689884 -0.04676764
v -0.01142662 0.05690170 -0.04638879
v -0.01076436 0.00830573 -0.04595660
v -0.01142662 0.05690170 -0.04638879
v -0.01099538 0.00830364 -0.04638879
v -0.01076436 0.00830573 -0.04595660
v -0.01119565 0.05690366 -0.04595660
v -0.01119565 0.05690366 -0.04595660
v -0.01076436 0.00830573 -0.04595660
v -0.01062214 0.00830698 -0.04548763
v -0.01062214 0.00830698 -0.04548763
v -0.01057410 0.00830740 -0.04499982
v -0.01100540 0.05690527 -0.04499982
v -0.01062214 0.00830698 -0.04548763
v -0.01057410 0.00830740 -0.04499982
v -0.01105350 0.05690497 -0.04548763
v -0.01105350 0.05690497 -0.04548763
v -0.01119565 0.05690366 -0.04595660
v -0.01105350 0.05690497 -0.04548763
v -0.00850558 0.05692763 -0.04849987
v -0.01100540 0.05690527 -0.04499982
v -0.00850558 0.05692763 -0.04849987
v -0.01105350 0.05690497 -0.04548763
v -0.01105350 0.05690497 -0.04548763
v -0.01100540 0.05690527 -0.04499982
v -0.01119565 0.05690366 -0.04595660
v -0.01105350 0.05690497 -0.04548763
v -0.01173764 0.05689884 -0.04676764
v -0.00850558 0.05692763 -0.04849987
v -0.00807422 0.00832963 -0.04849987
v -0.01000553 0.05691421 -0.04999988
v -0.01173764 0.05689884 -0.04676764
v -0.00850558 0.05692763 -0.04849987
v -0.00850558 0.05692763 -0.04549210
v -0.00820059 0.02257549 -0.04571508
v -0.01105350 0.05690497 -0.04451214
v -0.00850558 0.05692763 -0.04549210
v -0.00807422 0.00832963 -0.04849987
v -0.01100540 0.05690527 -0.04499982
v -0.01105350 0.05690497 -0.04451214
v -0.01173764 0.05689884 -0.04676764
v -0.01142662 0.05690170 -0.04638879
v -0.01119565 0.05690366 -0.04595660
v -0.01142662 0.05690170 -0.04638879
v -0.01105350 0.05690497 -0.04451214
v -0.01119565 0.05690366 -0.04404317
v -0.01173764 0.05689884 -0.04323213
v -0.01076436 0.00830573 -0.04404317
v -0.01119565 0.05690366 -0.04404317
v -0.01105350 0.05690497 -0.04451214
v -0.01119565 0.05690366 -0.04404317
v -0.01074820 0.05690772 -0.04385178
v -0.01074820 0.05690772 -0.04385178
v -0.01105350 0.05690497 -0.04451214
v -0.01173764 0.05689884 -0.04323213
v -0.01105350 0.05690497 -0.04451214
v -0.01100540 0.05690527 -0.04499982
v -0.01057410 0.00830740 -0.04499982
v -0.01062214 0.00830698 -0.04451214
v -0.01062214 0.00830698 -0.04451214
v -0.01076436 0.00830573 -0.04404317
v -0.01101619 0.01334422 -0.04365580
v -0.01119565 0.05690366 -0.04404317
v -0.01076436 0.00830573 -0.04404317
v -0.01062214 0.00830698 -0.04451214
v -0.01042574 0.00830870 -0.04408751
v -0.01068633 0.00830645 -0.04389702
v -0.01076436 0.00830573 -0.04404317
v -0.01068633 0.00830645 -0.04389702
v -0.01094263 0.00830412 -0.04370950
v -0.01094263 0.00830412 -0.04370950
v -0.01107752 0.01755142 -0.04361091
v -0.01099538 0.00830364 -0.04361091
v -0.01130628 0.00830090 -0.04323213
v -0.01136082 0.03031748 -0.04340373
v -0.01107752 0.01755142 -0.04361091
v -0.01142662 0.05690170 -0.04361091
v -0.01142662 0.05690170 -0.04361091
v -0.01099538 0.00830364 -0.04361091
v -0.01168513 0.00829756 -0.04292123
v -0.01130628 0.00830090 -0.04323213
v -0.01107400 0.00830298 -0.03899990
v -0.00807422 0.00832963 -0.03899990
v -0.01099538 0.00830364 -0.04361091
v -0.01168513 0.00829756 -0.04292123
v -0.01159542 0.04088033 -0.04323213
v -0.01130628 0.00830090 -0.04323213
v -0.01159542 0.04088033 -0.04323213
v -0.01173764 0.05689884 -0.04323213
v -0.01172196 0.04242938 -0.04313950
v -0.01173764 0.05689884 -0.04323213
v -0.01202052 0.04609496 -0.04292123
v -0.01211637 0.05689555 -0.04292123
v -0.01254856 0.05689167 -0.04269014
v -0.01211637 0.05689555 -0.04292123
v -0.01202052 0.04609496 -0.04292123
v -0.01221400 0.03806298 -0.04277973
v -0.01168513 0.00829756 -0.04292123
v -0.01254856 0.05689167 -0.04269014
v -0.01301765 0.05688744 -0.04254787
v -0.01211637 0.05689555 -0.04292123
v -0.01254856 0.05689167 -0.04269014
v -0.01210653 0.05689562 -0.04285829
v -0.01211637 0.05689555 -0.04292123
v -0.01254856 0.05689167 -0.04269014
v -0.01251220 0.05689203 -0.04256151
v -0.01210653 0.05689562 -0.04285829
v -0.01301765 0.05688744 -0.04254787
v -0.01233643 0.03298223 -0.04269014
v -0.01258623 0.00828957 -0.04254787
v -0.01254856 0.05689167 -0.04269014
v -0.01233643 0.03298223 -0.04269014
v -0.01301765 0.05688744 -0.04254787
v -0.01258623 0.00828957 -0.04254787
v -0.01307398 0.00828523 -0.04249982
v -0.01301765 0.05688744 -0.04254787
v -0.01258623 0.00828957 -0.04254787
v -0.01257318 0.00828970 -0.04251705
v -0.01293331 0.00828648 -0.04225366
v -0.01307398 0.00828523 -0.04249982
v -0.01249170 0.00829041 -0.04257653
v -0.01249170 0.00829041 -0.04257653
v -0.01350528 0.05688310 -0.04249982
v -0.01307398 0.00828523 -0.04249982
v -0.01356166 0.00828087 -0.04254787
v -0.01350528 0.05688310 -0.04249982
v -0.01441550 0.00827331 -0.04116957
v -0.01356166 0.00828087 -0.04254787
v -0.01322788 0.00828385 -0.04203819
v -0.01425898 0.00827473 -0.03894405
v -0.01509070 0.00826734 -0.04050003
v -0.01480169 0.00826991 -0.04088710
v -0.01509070 0.00826734 -0.04050003
v -0.01495897 0.00826847 -0.04077200
v -0.01480169 0.00826991 -0.04088710
v -0.01403069 0.00827670 -0.04269014
v -0.01403069 0.00827670 -0.04269014
v -0.01489412 0.05687076 -0.04292123
v -0.01446205 0.05687476 -0.04269014
v -0.01403069 0.00827670 -0.04269014
v -0.01446276 0.00827288 -0.04292123
v -0.01446276 0.00827288 -0.04292123
v -0.01495897 0.00826847 -0.04077200
v -0.01356166 0.00828087 -0.04254787
v -0.01403069 0.00827670 -0.04269014
v -0.01399308 0.05687886 -0.04254787
v -0.01446205 0.05687476 -0.04269014
v -0.01446276 0.00827288 -0.04292123
v -0.01484161 0.00826955 -0.04323213
v -0.01489412 0.05687076 -0.04292123
v -0.01503437 0.00826782 -0.04071693
v -0.01620990 0.00825739 -0.04186378
v -0.01484161 0.00826955 -0.04323213
v -0.01503437 0.00826782 -0.04071693
v -0.01518076 0.00826650 -0.04060989
v -0.01518076 0.00826650 -0.04060989
v -0.01518076 0.00826650 -0.04060989
v -0.01509070 0.00826734 -0.04050003
v -0.01518172 0.00842661 -0.04060916
v -0.01620990 0.00825739 -0.04186378
v -0.01510834 0.01026719 -0.04050003
v -0.01519191 0.01026648 -0.04060171
v -0.01518172 0.00842661 -0.04060916
v -0.01622766 0.01025730 -0.04186378
v -0.01620990 0.00825739 -0.04186378
v -0.01509070 0.00826734 -0.04050003
v -0.01509070 0.00826734 -0.04050003
v -0.01425898 0.00827473 -0.03894405
v -0.01510834 0.01026719 -0.04050003
v -0.01427680 0.01027459 -0.03894405
v -0.01768392 0.01024430 -0.03877906
v -0.01510834 0.01026719 -0.04050003
v -0.01427680 0.01027459 -0.03894405
v -0.01549386 0.01026380 -0.04038089
v -0.01519191 0.01026648 -0.04060171
v -0.01798468 0.01024168 -0.03855900
v -0.01870238 0.01023530 -0.03938900
v -0.01801849 0.01024132 -0.03855555
v -0.01801849 0.01024132 -0.03855555
v -0.01768392 0.01024430 -0.03877906
v -0.01798468 0.01024168 -0.03855900
v -0.01798957 0.00699205 -0.03855555
v -0.01870238 0.01023530 -0.03938900
v -0.01801849 0.01024132 -0.03855555
v -0.01801031 0.01024144 -0.03854035
v -0.01801849 0.01024132 -0.03855555
v -0.01801031 0.01024144 -0.03854035
v -0.01798957 0.00699205 -0.03855555
v -0.01798820 0.00674570 -0.03855656
v -0.01798957 0.00699205 -0.03855555
v -0.01798737 0.00674158 -0.03855555
v -0.01798820 0.00674570 -0.03855656
v -0.01751023 0.01024585 -0.03760461
v -0.01798737 0.00674158 -0.03855555
v -0.01801306 0.00674128 -0.03853832
v -0.01798737 0.00674158 -0.03855555
v -0.01747918 0.00674600 -0.03760461
v -0.01747918 0.00674600 -0.03760461
v -0.01798737 0.00674158 -0.03855555
v -0.01798820 0.00674158 -0.03855656
v -0.01799196 0.00674147 -0.03855376
v -0.01798820 0.00674158 -0.03855656
v -0.01798737 0.00674158 -0.03855555
v -0.01801306 0.00674128 -0.03853832
v -0.01799196 0.00674147 -0.03855376
v -0.01798737 0.00674158 -0.03855555
v -0.02006602 0.00672304 -0.03716665
v -0.01799196 0.00674147 -0.03855376
v -0.01983511 0.00672514 -0.03720574
v -0.01801306 0.00674128 -0.03853832
v -0.01747918 0.00674600 -0.03760461
v -0.01983511 0.00672514 -0.03720574
v -0.02001613 0.00672353 -0.03707330
v -0.01978875 0.00672561 -0.03664797
v -0.01978875 0.00672561 -0.03664797
v -0.01716613 0.00674886 -0.03657292
v -0.01978875 0.00672561 -0.03664797
v -0.02018505 0.03320145 -0.03694980
v -0.02001613 0.00672353 -0.03707330
v -0.02019256 0.05222362 -0.03664797
v -0.01961809 0.00672710 -0.03608510
v -0.02019256 0.05222362 -0.03664797
v -0.01978875 0.00672561 -0.03664797
v -0.01961809 0.00672710 -0.03608510
v -0.02066069 0.05221952 -0.03660177
v -0.02019256 0.05222362 -0.03664797
v -0.02002185 0.05222517 -0.03608510
v -0.02002185 0.05222517 -0.03608510
v -0.02030634 0.05222261 -0.03686099
v -0.02059769 0.05221999 -0.03664797
v -0.02030634 0.05222261 -0.03686099
v -0.02019256 0.05222362 -0.03664797
v -0.02066069 0.05221952 -0.03660177
v -0.02573567 0.05217438 -0.03664797
v -0.02590638 0.05217295 -0.03608510
v -0.02136713 0.05221325 -0.03608510
v -0.02059769 0.05221999 -0.03664797
v -0.02157658 0.05221134 -0.03593205
v -0.02596396 0.05217242 -0.03549986
v -0.01996421 0.05222559 -0.03549986
v -0.02216738 0.05220604 -0.03549986
v -0.01961809 0.00672710 -0.03608510
v -0.01996421 0.05222559 -0.03549986
v -0.02002185 0.05222517 -0.03608510
v -0.02251024 0.05220306 -0.03524916
v -0.02002185 0.05222517 -0.03491466
v -0.01996421 0.05222559 -0.03549986
v -0.01956045 0.00672758 -0.03549986
v -0.02002185 0.05222517 -0.03491466
v -0.01956045 0.00672758 -0.03549986
v -0.01956045 0.00672758 -0.03549986
v -0.01961809 0.00672710 -0.03491466
v -0.01706045 0.00674975 -0.03549986
v -0.01961809 0.00672710 -0.03491466
v -0.01716613 0.00674886 -0.03442685
v -0.01978875 0.00672561 -0.03435187
v -0.01978875 0.00672561 -0.03435187
v -0.02002185 0.05222517 -0.03491466
v -0.01961809 0.00672710 -0.03491466
v -0.02019256 0.05222362 -0.03435187
v -0.01747918 0.00674600 -0.03339510
v -0.02006602 0.00672304 -0.03383319
v -0.01978875 0.00672561 -0.03435187
v -0.02006602 0.00672304 -0.03383319
v -0.02019256 0.05222362 -0.03435187
v -0.02342606 0.05219495 -0.03457932
v -0.02019256 0.05222362 -0.03435187
v -0.02373707 0.05219215 -0.03435187
v -0.02428865 0.05218732 -0.03394835
v -0.02046972 0.05222117 -0.03383319
v -0.02046972 0.05222117 -0.03383319
v -0.02506507 0.05218041 -0.03338055
v -0.02084285 0.05221791 -0.03337852
v -0.02084285 0.05221791 -0.03337852
v -0.02046972 0.05222117 -0.03383319
v -0.02043902 0.00671977 -0.03337852
v -0.02046972 0.05222117 -0.03383319
v -0.02006602 0.00672304 -0.03383319
v -0.02043902 0.00671977 -0.03337852
v -0.02444618 0.05218595 -0.03383319
v -0.02508533 0.05218029 -0.03337852
v -0.02506507 0.05218041 -0.03338055
v -0.02506780 0.05218034 -0.03337852
v -0.02506507 0.05218041 -0.03338055
v -0.02084285 0.05221791 -0.03337852
v -0.02506780 0.05218034 -0.03337852
v -0.02545839 0.05217695 -0.03383319
v -0.02508533 0.05218029 -0.03337852
v -0.02545839 0.05217695 -0.03383319
v -0.02508533 0.05218029 -0.03337852
v -0.02505457 0.00667876 -0.03383319
v -0.02506780 0.05019813 -0.03337852
v -0.02505457 0.00667876 -0.03383319
v -0.02508533 0.05218029 -0.03337852
v -0.02507710 0.05218029 -0.03337179
v -0.02506780 0.05218034 -0.03337852
v -0.02508533 0.05218029 -0.03337852
v -0.02507710 0.05218029 -0.03337179
v -0.02506780 0.05019813 -0.03337852
v -0.02463079 0.05218429 -0.03300552
v -0.02468150 0.00668209 -0.03337852
v -0.02468150 0.00668209 -0.03337852
v -0.02482634 0.00668085 -0.03355507
v -0.02506780 0.05019813 -0.03337852
v -0.02482634 0.00668085 -0.03355507
v -0.02482634 0.00668085 -0.03355507
v -0.02468150 0.00668209 -0.03337852
v -0.02548789 0.00667495 -0.03307120
v -0.02505457 0.00667876 -0.03383319
v -0.02482634 0.00668085 -0.03355507
v -0.02548789 0.00667495 -0.03307120
v -0.02644920 0.00666648 -0.03161084
v -0.02505457 0.00667876 -0.03383319
v -0.02713317 0.00666034 -0.03244422
v -0.02683758 0.00666302 -0.03208416
v -0.02644920 0.00666648 -0.03161084
v -0.02561582 0.00667387 -0.03092682
v -0.02648019 0.01016628 -0.03161084
v -0.02422696 0.00668615 -0.03300552
v -0.02561582 0.00667387 -0.03092682
v -0.02683758 0.00666302 -0.03208416
v -0.02644920 0.00666648 -0.03161084
v -0.02684849 0.00861728 -0.03207616
v -0.02648019 0.01016628 -0.03161084
v -0.02895511 0.01014436 -0.02913600
v -0.02822023 0.01015084 -0.03107297
v -0.02648019 0.01016628 -0.03161084
v -0.02564692 0.01017361 -0.03092682
v -0.02564692 0.01017361 -0.03092682
v -0.02685701 0.01016288 -0.03206990
v -0.02685701 0.01016288 -0.03206990
v -0.02716422 0.01016020 -0.03244422
v -0.02716422 0.01016020 -0.03244422
v -0.02713317 0.00666034 -0.03244422
v -0.02713317 0.00666034 -0.03244422
v -0.02716422 0.01016020 -0.03244422
v -0.02767247 0.01015567 -0.03339510
v -0.03007411 0.01013439 -0.03049981
v -0.03090597 0.01012694 -0.03205579
v -0.02767247 0.01015567 -0.03339510
v -0.02764135 0.00665581 -0.03339510
v -0.02767247 0.01015567 -0.03339510
v -0.02798540 0.01015294 -0.03442685
v -0.02798540 0.01015294 -0.03442685
v -0.03141796 0.01012242 -0.03374408
v -0.02764135 0.00665581 -0.03339510
v -0.03141796 0.01012242 -0.03374408
v -0.03090597 0.01012694 -0.03205579
v -0.03140033 0.00812256 -0.03374408
v -0.03141796 0.01012242 -0.03374408
v -0.03140033 0.00812256 -0.03374408
v -0.03157317 0.00812101 -0.03549986
v -0.03159088 0.01012092 -0.03549986
v -0.03159088 0.01012092 -0.03549986
v -0.02809108 0.01015204 -0.03549986
v -0.02798540 0.01015294 -0.03657292
v -0.03141796 0.01012242 -0.03725570
v -0.03140033 0.00812256 -0.03725570
v -0.03141796 0.01012242 -0.03725570
v -0.03159088 0.01012092 -0.03549986
v -0.03157317 0.00812101 -0.03549986
v -0.03140033 0.00812256 -0.03725570
v -0.03088815 0.00812710 -0.03894405
v -0.03141796 0.01012242 -0.03725570
v -0.03088815 0.00812710 -0.03894405
v -0.03140033 0.00812256 -0.03725570
v -0.03407318 0.00809884 -0.03899990
v -0.03157317 0.00812101 -0.03549986
v -0.03450441 0.05669684 -0.03899990
v -0.03407318 0.00809884 -0.03899990
v -0.03450441 0.05669684 -0.03199993
v -0.03450441 0.05669684 -0.03899990
v -0.03750420 0.05667012 -0.03899990
v -0.03407318 0.00809884 -0.03899990
v -0.03707301 0.00807219 -0.03899990
v -0.03707301 0.00807219 -0.04849987
v -0.03005653 0.00813448 -0.04050003
v -0.03707301 0.00807219 -0.03899990
v -0.03407318 0.00809884 -0.03199993
v -0.03407318 0.00809884 -0.03199993
v -0.03088815 0.00812710 -0.03894405
v -0.03005653 0.00813448 -0.04050003
v -0.03090597 0.01012694 -0.03894405
v -0.02893728 0.00814444 -0.04186378
v -0.03005653 0.00813448 -0.04050003
v -0.02893728 0.00814444 -0.04186378
v -0.03007411 0.01013439 -0.04050003
v -0.03007411 0.01013439 -0.04050003
v -0.02716422 0.01016020 -0.03855555
v -0.03090597 0.01012694 -0.03894405
v -0.03007411 0.01013439 -0.04050003
v -0.02648019 0.01016628 -0.03938900
v -0.02895511 0.01014436 -0.04186378
v -0.02895511 0.01014436 -0.04186378
v -0.02893728 0.00814444 -0.04186378
v -0.02757352 0.00815654 -0.04298310
v -0.02895511 0.01014436 -0.04186378
v -0.02759128 0.01015645 -0.04298310
v -0.02564692 0.01017361 -0.04007290
v -0.02759128 0.01015645 -0.04298310
v -0.02757352 0.00815654 -0.04298310
v -0.02601749 0.00817037 -0.04381476
v -0.02759128 0.01015645 -0.04298310
v -0.02603530 0.01017028 -0.04381476
v -0.02469600 0.01018214 -0.04058121
v -0.02603530 0.01017028 -0.04381476
v -0.02366424 0.01019132 -0.04089413
v -0.02601749 0.00817037 -0.04381476
v -0.02432937 0.00818533 -0.04432688
v -0.02603530 0.01017028 -0.04381476
v -0.02434707 0.01018524 -0.04432688
v -0.02434707 0.01018524 -0.04432688
v -0.02601749 0.00817037 -0.04381476
v -0.02607346 0.00816983 -0.04699987
v -0.02432937 0.00818533 -0.04432688
v -0.02432937 0.00818533 -0.04432688
v -0.02257359 0.00820088 -0.04449992
v -0.02434707 0.01018524 -0.04432688
v -0.02257359 0.00820088 -0.04449992
v -0.01907379 0.00823199 -0.04699987
v -0.02650481 0.05676777 -0.04699987
v -0.01907379 0.00823199 -0.04699987
v -0.02607346 0.00816983 -0.04699987
v -0.03557312 0.00808555 -0.04999988
v -0.02607346 0.00816983 -0.04999988
v -0.02607346 0.00816983 -0.04999988
v -0.02650481 0.05676777 -0.04699987
v -0.02607346 0.00816983 -0.04699987
v -0.02757352 0.00815654 -0.04298310
v -0.01950514 0.05682982 -0.04699987
v -0.02650481 0.05676777 -0.04699987
v -0.01558387 0.05686474 -0.04361091
v -0.01950514 0.05682982 -0.04699987
v -0.03450441 0.05669684 -0.03899990
v -0.01527303 0.05686748 -0.04323213
v -0.03750420 0.05667012 -0.04849987
v -0.02650481 0.05676777 -0.04999988
v -0.02650481 0.05676777 -0.04999988
v -0.03600436 0.05668355 -0.04999988
v -0.01950514 0.05682982 -0.04699987
v -0.01558387 0.05686474 -0.04361091
v -0.01581490 0.05686272 -0.04404317
v -0.01558387 0.05686474 -0.04361091
v -0.01581490 0.05686272 -0.04404317
v -0.01600515 0.05686104 -0.04499982
v -0.01538354 0.00826472 -0.04404317
v -0.01581490 0.05686272 -0.04404317
v -0.01558387 0.05686474 -0.04361091
v -0.01527303 0.05686748 -0.04323213
v -0.01515257 0.00826675 -0.04361091
v -0.01515257 0.00826675 -0.04361091
v -0.01558387 0.05686474 -0.04361091
v -0.01527303 0.05686748 -0.04323213
v -0.01757371 0.00824529 -0.04298310
v -0.01515257 0.00826675 -0.04361091
v -0.01484161 0.00826955 -0.04323213
v -0.01538354 0.00826472 -0.04404317
v -0.01552581 0.00826347 -0.04451214
v -0.01557385 0.00826305 -0.04499982
v -0.01912957 0.00823146 -0.04381476
v -0.01757371 0.00824529 -0.04298310
v -0.01914728 0.01023131 -0.04381476
v -0.01912957 0.00823146 -0.04381476
v -0.01759135 0.01024521 -0.04298310
v -0.01757371 0.00824529 -0.04298310
v -0.01620990 0.00825739 -0.04186378
v -0.01759135 0.01024521 -0.04298310
v -0.01557385 0.00826305 -0.04499982
v -0.01560175 0.01140451 -0.04499982
v -0.01552581 0.00826347 -0.04451214
v -0.01552581 0.00826347 -0.04548763
v -0.01557385 0.00826305 -0.04499982
v -0.01552581 0.00826347 -0.04548763
v -0.01560175 0.01140451 -0.04499982
v -0.01595723 0.05686146 -0.04548763
v -0.01600515 0.05686104 -0.04499982
v -0.01600515 0.05686104 -0.04499982
v -0.01581490 0.05686272 -0.04595660
v -0.01595723 0.05686146 -0.04548763
v -0.01600515 0.05686104 -0.04499982
v -0.01595723 0.05686146 -0.04548763
v -0.01581490 0.05686272 -0.04595660
v -0.01538354 0.00826472 -0.04595660
v -0.01581490 0.05686272 -0.04595660
v -0.01595723 0.05686146 -0.04548763
v -0.01552581 0.00826347 -0.04548763
v -0.01538354 0.00826472 -0.04595660
v -0.01515257 0.00826675 -0.04638879
v -0.01538354 0.00826472 -0.04595660
v -0.01515257 0.00826675 -0.04638879
v -0.01581490 0.05686272 -0.04595660
v -0.01515257 0.00826675 -0.04638879
v -0.01484161 0.00826955 -0.04676764
v -0.01558387 0.05686474 -0.04638879
v -0.01484161 0.00826955 -0.04676764
v -0.01558387 0.05686474 -0.04638879
v -0.01558387 0.05686474 -0.04638879
v -0.01527303 0.05686748 -0.04676764
v -0.01558387 0.05686474 -0.04638879
v -0.01527303 0.05686748 -0.04676764
v -0.01527303 0.05686748 -0.04676764
v -0.01950514 0.05682982 -0.04999988
v -0.01489412 0.05687076 -0.04707847
v -0.01350528 0.05688310 -0.04749988
v -0.01527303 0.05686748 -0.04676764
v -0.01489412 0.05687076 -0.04707847
v -0.01350528 0.05688310 -0.04749988
v -0.01446276 0.00827288 -0.04707847
v -0.01489412 0.05687076 -0.04707847
v -0.01527303 0.05686748 -0.04676764
v -0.01484161 0.00826955 -0.04676764
v -0.01446276 0.00827288 -0.04707847
v -0.01907379 0.00823199 -0.04999988
v -0.01403069 0.00827670 -0.04730950
v -0.01446205 0.05687476 -0.04730950
v -0.01489412 0.05687076 -0.04707847
v -0.01446276 0.00827288 -0.04707847
v -0.01403069 0.00827670 -0.04730950
v -0.01356166 0.00828087 -0.04745184
v -0.01403069 0.00827670 -0.04730950
v -0.01356166 0.00828087 -0.04745184
v -0.01446205 0.05687476 -0.04730950
v -0.01356166 0.00828087 -0.04745184
v -0.01307398 0.00828523 -0.04749988
v -0.01399308 0.05687886 -0.04745184
v -0.01307398 0.00828523 -0.04749988
v -0.01399308 0.05687886 -0.04745184
v -0.01399308 0.05687886 -0.04745184
v -0.01350528 0.05688310 -0.04749988
v -0.01446205 0.05687476 -0.04730950
v -0.01399308 0.05687886 -0.04745184
v -0.01350528 0.05688310 -0.04749988
v -0.01446205 0.05687476 -0.04730950
v -0.01307398 0.00828523 -0.04749988
v -0.01258623 0.00828957 -0.04745184
v -0.01350528 0.05688310 -0.04749988
v -0.01446205 0.05687476 -0.04730950
v -0.01950514 0.05682982 -0.04999988
v -0.01489412 0.05687076 -0.04707847
v -0.01489412 0.05687076 -0.04707847
v -0.01950514 0.05682982 -0.04699987
v -0.01907379 0.00823199 -0.04999988
v -0.01907379 0.00823199 -0.04699987
v -0.01950514 0.05682982 -0.04999988
v -0.01950514 0.05682982 -0.04999988
v -0.00957412 0.00831628 -0.04999988
v -0.01907379 0.00823199 -0.04999988
v -0.01301765 0.05688744 -0.04745184
v -0.01301765 0.05688744 -0.04745184
v -0.01301765 0.05688744 -0.04745184
v -0.01100540 0.05690527 -0.04499982
v -0.01350528 0.05688310 -0.04249982
v -0.01000553 0.05691421 -0.04999988
v -0.02048666 0.01021951 -0.04058121
v -0.01914728 0.01023131 -0.04381476
v -0.01759135 0.01024521 -0.04298310
v -0.01953577 0.01022791 -0.04007290
v -0.01622766 0.01025730 -0.04186378
v -0.01622766 0.01025730 -0.04186378
v -0.02048666 0.01021951 -0.04058121
v -0.01953577 0.01022791 -0.04007290
v -0.02045553 0.00671959 -0.04058121
v -0.01950485 0.00672805 -0.04007290
v -0.01953577 0.01022791 -0.04007290
v -0.01870238 0.01023530 -0.03938900
v -0.01950485 0.00672805 -0.04007290
v -0.02141232 0.00671112 -0.03827153
v -0.02045553 0.00671959 -0.04058121
v -0.01950485 0.00672805 -0.04007290
v -0.02089364 0.00671572 -0.03799431
v -0.01867133 0.00673544 -0.03938900
v -0.01867133 0.00673544 -0.03938900
v -0.02043902 0.00671977 -0.03762118
v -0.01799196 0.00674147 -0.03855376
v -0.01867133 0.00673544 -0.03938900
v -0.01867133 0.00673544 -0.03938900
v -0.01798820 0.00674158 -0.03855656
v -0.01799196 0.00674147 -0.03855376
v -0.02089364 0.00671572 -0.03799431
v -0.02043902 0.00671977 -0.03762118
v -0.02129745 0.05221384 -0.03799431
v -0.02084285 0.05221791 -0.03762118
v -0.02006602 0.00672304 -0.03716665
v -0.02043902 0.00671977 -0.03762118
v -0.02006602 0.00672304 -0.03716665
v -0.02084285 0.05221791 -0.03762118
v -0.02508533 0.05218029 -0.03762118
v -0.02129745 0.05221384 -0.03799431
v -0.02084285 0.05221791 -0.03762118
v -0.02545839 0.05217695 -0.03716665
v -0.02046972 0.05222117 -0.03716665
v -0.02046972 0.05222117 -0.03716665
v -0.02046972 0.05222117 -0.03716665
v -0.02006602 0.00672304 -0.03716665
v -0.02030634 0.05222261 -0.03686099
v -0.02505457 0.00667876 -0.03716665
v -0.02545839 0.05217695 -0.03716665
v -0.02573567 0.05217438 -0.03664797
v -0.02505457 0.00667876 -0.03716665
v -0.02468150 0.00668209 -0.03762118
v -0.02545839 0.05217695 -0.03716665
v -0.02508533 0.05218029 -0.03762118
v -0.02713317 0.00666034 -0.03855555
v -0.02505457 0.00667876 -0.03716665
v -0.02764135 0.00665581 -0.03760461
v -0.02533186 0.00667631 -0.03664797
v -0.02533186 0.00667631 -0.03664797
v -0.02468150 0.00668209 -0.03762118
v -0.02644920 0.00666648 -0.03938900
v -0.02648019 0.01016628 -0.03938900
v -0.02644920 0.00666648 -0.03938900
v -0.02713317 0.00666034 -0.03855555
v -0.02716422 0.01016020 -0.03855555
v -0.02713317 0.00666034 -0.03855555
v -0.02764135 0.00665581 -0.03760461
v -0.02716422 0.01016020 -0.03855555
v -0.02564692 0.01017361 -0.04007290
v -0.02561582 0.00667387 -0.04007290
v -0.02644920 0.00666648 -0.03938900
v -0.02561582 0.00667387 -0.04007290
v -0.02422696 0.00668615 -0.03799431
v -0.02648019 0.01016628 -0.03938900
v -0.02370828 0.00669080 -0.03827153
v -0.02411211 0.05218888 -0.03827153
v -0.02422696 0.00668615 -0.03799431
v -0.02370828 0.00669080 -0.03827153
v -0.02422696 0.00668615 -0.03799431
v -0.02463079 0.05218429 -0.03799431
v -0.02508533 0.05218029 -0.03762118
v -0.02463079 0.05218429 -0.03799431
v -0.02468150 0.00668209 -0.03762118
v -0.02411211 0.05218888 -0.03827153
v -0.02237881 0.05220431 -0.03844224
v -0.02181613 0.05220919 -0.03827153
v -0.02354937 0.05219389 -0.03844224
v -0.02463079 0.05218429 -0.03799431
v -0.02370828 0.00669080 -0.03827153
v -0.02314550 0.00669575 -0.03844224
v -0.02411211 0.05218888 -0.03827153
v -0.02354937 0.05219389 -0.03844224
v -0.02314550 0.00669575 -0.03844224
v -0.02256023 0.00670093 -0.03849988
v -0.02354937 0.05219389 -0.03844224
v -0.02296406 0.05219901 -0.03849988
v -0.02296406 0.05219901 -0.03849988
v -0.02197504 0.00670618 -0.03844224
v -0.02237881 0.05220431 -0.03844224
v -0.02296406 0.05219901 -0.03849988
v -0.02256023 0.00670093 -0.03849988
v -0.02197504 0.00670618 -0.03844224
v -0.02141232 0.00671112 -0.03827153
v -0.02237881 0.05220431 -0.03844224
v -0.02197504 0.00670618 -0.03844224
v -0.02148736 0.00671041 -0.04089413
v -0.02256023 0.00670093 -0.03849988
v -0.02148736 0.00671041 -0.04089413
v -0.02197504 0.00670618 -0.03844224
v -0.02151834 0.01021028 -0.04089413
v -0.02148736 0.00671041 -0.04089413
v -0.02256023 0.00670093 -0.04099982
v -0.02256023 0.00670093 -0.04099982
v -0.02256023 0.00670093 -0.03849988
v -0.02048666 0.01021951 -0.04058121
v -0.02045553 0.00671959 -0.04058121
v -0.02148736 0.00671041 -0.04089413
v -0.02151834 0.01021028 -0.04089413
v -0.02259135 0.01020079 -0.04099982
v -0.02083551 0.01021641 -0.04432688
v -0.02151834 0.01021028 -0.04089413
v -0.02259135 0.01020079 -0.04099982
v -0.02081788 0.00821650 -0.04432688
v -0.01912957 0.00823146 -0.04381476
v -0.02083551 0.01021641 -0.04432688
v -0.02081788 0.00821650 -0.04432688
v -0.02083551 0.01021641 -0.04432688
v -0.02259135 0.01020079 -0.04449992
v -0.02259135 0.01020079 -0.04449992
v -0.01914728 0.01023131 -0.04381476
v -0.02257359 0.00820088 -0.04449992
v -0.02259135 0.01020079 -0.04449992
v -0.02081788 0.00821650 -0.04432688
v -0.02259135 0.01020079 -0.04099982
v -0.02256023 0.00670093 -0.04099982
v -0.02363325 0.00669140 -0.04089413
v -0.02366424 0.01019132 -0.04089413
v -0.02363325 0.00669140 -0.04089413
v -0.02314550 0.00669575 -0.03844224
v -0.02466493 0.00668221 -0.04058121
v -0.02363325 0.00669140 -0.04089413
v -0.02466493 0.00668221 -0.04058121
v -0.02469600 0.01018214 -0.04058121
v -0.02366424 0.01019132 -0.04089413
v -0.02469600 0.01018214 -0.04058121
v -0.02466493 0.00668221 -0.04058121
v -0.02561582 0.00667387 -0.04007290
v -0.02181613 0.05220919 -0.03827153
v -0.02129745 0.05221384 -0.03799431
v -0.02181613 0.05220919 -0.03827153
v -0.02141232 0.00671112 -0.03827153
v -0.02564692 0.01017361 -0.04007290
v -0.02550257 0.00667482 -0.03608510
v -0.02533186 0.00667631 -0.03664797
v -0.02590638 0.05217295 -0.03608510
v -0.02573567 0.05217438 -0.03664797
v -0.02795433 0.00665307 -0.03657292
v -0.02550257 0.00667482 -0.03608510
v -0.02806001 0.00665218 -0.03549986
v -0.02767247 0.01015567 -0.03760461
v -0.02764135 0.00665581 -0.03760461
v -0.02795433 0.00665307 -0.03657292
v -0.02795433 0.00665307 -0.03657292
v -0.02806001 0.00665218 -0.03549986
v -0.02809108 0.01015204 -0.03549986
v -0.02798540 0.01015294 -0.03657292
v -0.02798540 0.01015294 -0.03657292
v -0.02767247 0.01015567 -0.03760461
v -0.02767247 0.01015567 -0.03760461
v -0.02795433 0.00665307 -0.03442685
v -0.02798540 0.01015294 -0.03442685
v -0.02806001 0.00665218 -0.03549986
v -0.02550257 0.00667482 -0.03491466
v -0.02795433 0.00665307 -0.03442685
v -0.02556014 0.00667435 -0.03549986
v -0.02809108 0.01015204 -0.03549986
v -0.02556014 0.00667435 -0.03549986
v -0.02550257 0.00667482 -0.03608510
v -0.02560127 0.01131576 -0.03549986
v -0.02550257 0.00667482 -0.03491466
v -0.02556014 0.00667435 -0.03549986
v -0.02560127 0.01131576 -0.03549986
v -0.02596396 0.05217242 -0.03549986
v -0.02590638 0.05217295 -0.03491466
v -0.02590638 0.05217295 -0.03608510
v -0.02596396 0.05217242 -0.03549986
v -0.02590638 0.05217295 -0.03491466
v -0.02296751 0.05219901 -0.03491466
v -0.02573567 0.05217438 -0.03435187
v -0.02590638 0.05217295 -0.03491466
v -0.02573567 0.05217438 -0.03435187
v -0.02550257 0.00667482 -0.03491466
v -0.02573567 0.05217438 -0.03435187
v -0.02545839 0.05217695 -0.03383319
v -0.02533186 0.00667631 -0.03435187
v -0.02533186 0.00667631 -0.03435187
v -0.02505457 0.00667876 -0.03383319
v -0.02533186 0.00667631 -0.03435187
v -0.02764135 0.00665581 -0.03339510
v -0.02795433 0.00665307 -0.03442685
v -0.02089364 0.00671572 -0.03799431
v -0.01552581 0.00826347 -0.04451214
v -0.01595723 0.05686146 -0.04451214
v -0.01581490 0.05686272 -0.04404317
v -0.01595723 0.05686146 -0.04451214
v -0.01538354 0.00826472 -0.04404317
v -0.01595723 0.05686146 -0.04451214
v -0.01595723 0.05686146 -0.04451214
v -0.01595723 0.05686146 -0.04451214
v -0.02528506 0.05677861 -0.03321968
v -0.01489412 0.05687076 -0.04292123
v -0.01454854 0.05687385 -0.04107223
v -0.01527303 0.05686748 -0.04323213
v -0.01489412 0.05687076 -0.04292123
v -0.01527303 0.05686748 -0.04323213
v -0.01350528 0.05688310 -0.04249982
v -0.03113121 0.05672681 -0.02894370
v -0.03073681 0.05673027 -0.02776764
v -0.01150542 0.05690092 -0.03199993
v -0.03042590 0.05673307 -0.02738879
v -0.01436263 0.05687552 -0.04120814
v -0.01150542 0.05690092 -0.03899990
v -0.01150542 0.05690092 -0.03899990
v -0.01150542 0.05690092 -0.03199993
v -0.01107400 0.00830298 -0.03899990
v -0.03000456 0.05673670 -0.02599996
v -0.01000553 0.05691421 -0.02099996
v -0.00850558 0.05692763 -0.02249990
v -0.00850558 0.05692763 -0.03199993
v -0.00850558 0.05692763 -0.03199993
v -0.00807422 0.00832963 -0.03199993
v -0.01150542 0.05690092 -0.03199993
v -0.03005267 0.05673636 -0.02648758
v -0.03019488 0.05673504 -0.02695667
v -0.01107400 0.00830298 -0.03199993
v -0.01107400 0.00830298 -0.03199993
v -0.01489412 0.05687076 -0.04292123
v -0.01454854 0.05687385 -0.04107223
v -0.01436263 0.05687552 -0.04120814
v -0.01378118 0.05688071 -0.04163335
v -0.01446205 0.05687476 -0.04269014
v -0.01378118 0.05688071 -0.04163335
v -0.01367664 0.05688166 -0.04170988
v -0.01150542 0.05690092 -0.03899990
v -0.01367664 0.05688166 -0.04170988
v -0.01349741 0.05688321 -0.04184101
v -0.01399308 0.05687886 -0.04254787
v -0.01446205 0.05687476 -0.04269014
v -0.01349741 0.05688321 -0.04184101
v -0.01323741 0.05688555 -0.04203110
v -0.01350528 0.05688310 -0.04249982
v -0.01350528 0.05688310 -0.04249982
v -0.01301765 0.05688744 -0.04254787
v -0.01323741 0.05688555 -0.04203110
v -0.01290196 0.05688853 -0.04227649
v -0.01290196 0.05688853 -0.04227649
v -0.01107400 0.00830298 -0.03199993
v -0.00807422 0.00832963 -0.03199993
v -0.00807422 0.00832963 -0.02249990
v -0.01509070 0.00826734 -0.03049981
v -0.01357394 0.00828081 -0.03549986
v -0.01374685 0.00827927 -0.03374408
v -0.01425898 0.00827473 -0.03205579
v -0.01427680 0.01027459 -0.03205579
v -0.01425898 0.00827473 -0.03205579
v -0.01509070 0.00826734 -0.03049981
v -0.01620990 0.00825739 -0.02913600
v -0.01510834 0.01026719 -0.03049981
v -0.01509070 0.00826734 -0.03049981
v -0.01620990 0.00825739 -0.02913600
v -0.01510834 0.01026719 -0.03049981
v -0.01801849 0.01024132 -0.03244422
v -0.01427680 0.01027459 -0.03205579
v -0.01510834 0.01026719 -0.03049981
v -0.01870238 0.01023530 -0.03161084
v -0.01622766 0.01025730 -0.02913600
v -0.01622766 0.01025730 -0.02913600
v -0.01801849 0.01024132 -0.03244422
v -0.01870238 0.01023530 -0.03161084
v -0.01867133 0.00673544 -0.03161084
v -0.01798737 0.00674158 -0.03244422
v -0.01798737 0.00674158 -0.03244422
v -0.01747918 0.00674600 -0.03339510
v -0.01801849 0.01024132 -0.03244422
v -0.01751023 0.01024585 -0.03339510
v -0.01751023 0.01024585 -0.03339510
v -0.01747918 0.00674600 -0.03339510
v -0.01716613 0.00674886 -0.03442685
v -0.01751023 0.01024585 -0.03339510
v -0.01719731 0.01024872 -0.03442685
v -0.01376456 0.01027911 -0.03374408
v -0.01719731 0.01024872 -0.03442685
v -0.01706045 0.00674975 -0.03549986
v -0.01719731 0.01024872 -0.03442685
v -0.01716613 0.00674886 -0.03442685
v -0.01709151 0.01024967 -0.03549986
v -0.01359170 0.01028060 -0.03549986
v -0.01709151 0.01024967 -0.03549986
v -0.01706045 0.00674975 -0.03549986
v -0.01716613 0.00674886 -0.03657292
v -0.01709151 0.01024967 -0.03549986
v -0.01376456 0.01027911 -0.03725570
v -0.01719731 0.01024872 -0.03657292
v -0.01719731 0.01024872 -0.03657292
v -0.01751023 0.01024585 -0.03760461
v -0.01719731 0.01024872 -0.03657292
v -0.01747918 0.00674600 -0.03760461
v -0.01751023 0.01024585 -0.03760461
v -0.01716613 0.00674886 -0.03657292
v -0.01357394 0.00828081 -0.03549986
v -0.01376456 0.01027911 -0.03725570
v -0.01374685 0.00827927 -0.03725570
v -0.01359170 0.01028060 -0.03549986
v -0.01374685 0.00827927 -0.03725570
v -0.01376456 0.01027911 -0.03725570
v -0.01427680 0.01027459 -0.03894405
v -0.01374685 0.00827927 -0.03725570
v -0.01425898 0.00827473 -0.03894405
v -0.01357394 0.00828081 -0.03549986
v -0.01374685 0.00827927 -0.03374408
v -0.01359170 0.01028060 -0.03549986
v -0.01376456 0.01027911 -0.03374408
v -0.01427680 0.01027459 -0.03205579
v -0.01376456 0.01027911 -0.03374408
v -0.01425898 0.00827473 -0.03205579
v -0.01374685 0.00827927 -0.03374408
v -0.01798737 0.00674158 -0.03244422
v -0.02043902 0.00671977 -0.03337852
v -0.01867133 0.00673544 -0.03161084
v -0.02089364 0.00671572 -0.03300552
v -0.01950485 0.00672805 -0.03092682
v -0.01950485 0.00672805 -0.03092682
v -0.01867133 0.00673544 -0.03161084
v -0.01953577 0.01022791 -0.03092682
v -0.01870238 0.01023530 -0.03161084
v -0.01953577 0.01022791 -0.03092682
v -0.01759135 0.01024521 -0.02801667
v -0.01950485 0.00672805 -0.03092682
v -0.01953577 0.01022791 -0.03092682
v -0.02048666 0.01021951 -0.03041857
v -0.02048666 0.01021951 -0.03041857
v -0.01759135 0.01024521 -0.02801667
v -0.01622766 0.01025730 -0.02913600
v -0.01757371 0.00824529 -0.02801667
v -0.01759135 0.01024521 -0.02801667
v -0.01757371 0.00824529 -0.02801667
v -0.01912957 0.00823146 -0.02718501
v -0.01914728 0.01023131 -0.02718501
v -0.01914728 0.01023131 -0.02718501
v -0.01912957 0.00823146 -0.02718501
v -0.00957412 0.00831628 -0.02099996
v -0.02081788 0.00821650 -0.02667283
v -0.01757371 0.00824529 -0.02801667
v -0.01914728 0.01023131 -0.02718501
v -0.01912957 0.00823146 -0.02718501
v -0.02081788 0.00821650 -0.02667283
v -0.02257359 0.00820088 -0.02649992
v -0.02083551 0.01021641 -0.02667283
v -0.02081788 0.00821650 -0.02667283
v -0.02257359 0.00820088 -0.02649992
v -0.02083551 0.01021641 -0.02667283
v -0.02259135 0.01020079 -0.02649992
v -0.02083551 0.01021641 -0.02667283
v -0.02151834 0.01021028 -0.03010551
v -0.02259135 0.01020079 -0.02649992
v -0.02259135 0.01020079 -0.02999991
v -0.02045553 0.00671959 -0.03041857
v -0.02048666 0.01021951 -0.03041857
v -0.02151834 0.01021028 -0.03010551
v -0.02148736 0.00671041 -0.03010551
v -0.02148736 0.00671041 -0.03010551
v -0.02151834 0.01021028 -0.03010551
v -0.02259135 0.01020079 -0.02999991
v -0.02197504 0.00670618 -0.03255747
v -0.02045553 0.00671959 -0.03041857
v -0.02148736 0.00671041 -0.03010551
v -0.02256023 0.00670093 -0.03249983
v -0.02197504 0.00670618 -0.03255747
v -0.02148736 0.00671041 -0.03010551
v -0.02256023 0.00670093 -0.03249983
v -0.02256023 0.00670093 -0.02999991
v -0.02256023 0.00670093 -0.02999991
v -0.02363325 0.00669140 -0.03010551
v -0.02256023 0.00670093 -0.02999991
v -0.02366424 0.01019132 -0.03010551
v -0.02363325 0.00669140 -0.03010551
v -0.02259135 0.01020079 -0.02999991
v -0.02363325 0.00669140 -0.03010551
v -0.02366424 0.01019132 -0.03010551
v -0.02466493 0.00668221 -0.03041857
v -0.02366424 0.01019132 -0.03010551
v -0.02434707 0.01018524 -0.02667283
v -0.02603530 0.01017028 -0.02718501
v -0.02469600 0.01018214 -0.03041857
v -0.02469600 0.01018214 -0.03041857
v -0.02466493 0.00668221 -0.03041857
v -0.02469600 0.01018214 -0.03041857
v -0.02564692 0.01017361 -0.03092682
v -0.02759128 0.01015645 -0.02801667
v -0.02895511 0.01014436 -0.02913600
v -0.02759128 0.01015645 -0.02801667
v -0.02893728 0.00814444 -0.02913600
v -0.02757352 0.00815654 -0.02801667
v -0.02759128 0.01015645 -0.02801667
v -0.02603530 0.01017028 -0.02718501
v -0.02757352 0.00815654 -0.02801667
v -0.02601749 0.00817037 -0.02718501
v -0.02757352 0.00815654 -0.02801667
v -0.02601749 0.00817037 -0.02718501
v -0.02957333 0.00813878 -0.02599996
v -0.02962136 0.00813836 -0.02648758
v -0.02976351 0.00813710 -0.02695667
v -0.02999455 0.00813508 -0.02738879
v -0.02893728 0.00814444 -0.02913600
v -0.03005267 0.05673636 -0.02648758
v -0.03019488 0.05673504 -0.02695667
v -0.02962136 0.00813836 -0.02648758
v -0.03005267 0.05673636 -0.02648758
v -0.02962136 0.00813836 -0.02648758
v -0.03000456 0.05673670 -0.02599996
v -0.02957333 0.00813878 -0.02599996
v -0.02976351 0.00813710 -0.02695667
v -0.03042590 0.05673307 -0.02738879
v -0.03073681 0.05673027 -0.02776764
v -0.02999455 0.00813508 -0.02738879
v -0.03030550 0.00813228 -0.02776764
v -0.03042590 0.05673307 -0.02738879
v -0.02999455 0.00813508 -0.02738879
v -0.02976351 0.00813710 -0.02695667
v -0.03030550 0.00813228 -0.02776764
v -0.03073681 0.05673027 -0.02776764
v -0.03111566 0.05672688 -0.02807860
v -0.03030550 0.00813228 -0.02776764
v -0.03068430 0.00812894 -0.02807860
v -0.03068430 0.00812894 -0.02807860
v -0.03111566 0.05672688 -0.02807860
v -0.03113121 0.05672681 -0.02894370
v -0.03133733 0.05672491 -0.02879309
v -0.03157979 0.05672276 -0.02861576
v -0.03111566 0.05672688 -0.02807860
v -0.03133733 0.05672491 -0.02879309
v -0.03154778 0.05672300 -0.02830963
v -0.03157979 0.05672276 -0.02861576
v -0.03111566 0.05672688 -0.02807860
v -0.03073681 0.05673027 -0.02776764
v -0.03186631 0.05672019 -0.02840625
v -0.03154778 0.05672300 -0.02830963
v -0.03073681 0.05673027 -0.02776764
v -0.03154778 0.05672300 -0.02830963
v -0.03111655 0.00812506 -0.02830963
v -0.03111566 0.05672688 -0.02807860
v -0.03068430 0.00812894 -0.02807860
v -0.03111655 0.00812506 -0.02830963
v -0.03158551 0.00812096 -0.02845184
v -0.03132289 0.00812327 -0.02880363
v -0.03063334 0.00812935 -0.02930795
v -0.03180379 0.03272218 -0.02845184
v -0.03158551 0.00812096 -0.02845184
v -0.03111655 0.00812506 -0.02830963
v -0.03154778 0.05672300 -0.02830963
v -0.03184170 0.04726755 -0.02842419
v -0.03201676 0.05671888 -0.02845184
v -0.03250444 0.05671465 -0.02849988
v -0.03180379 0.03272218 -0.02845184
v -0.03201676 0.05671888 -0.02845184
v -0.03178930 0.01889461 -0.02846246
v -0.03158551 0.00812096 -0.02845184
v -0.03207320 0.00811660 -0.02849988
v -0.03177791 0.00811923 -0.02847086
v -0.03177791 0.00811923 -0.02847086
v -0.03132289 0.00812327 -0.02880363
v -0.03158551 0.00812096 -0.02845184
v -0.03207320 0.00811660 -0.02849988
v -0.03177791 0.00811923 -0.02847086
v -0.03256089 0.00811225 -0.02845184
v -0.03088815 0.00812710 -0.03205579
v -0.03250444 0.05671465 -0.02849988
v -0.03299225 0.05671031 -0.02845184
v -0.03207320 0.00811660 -0.02849988
v -0.03256089 0.00811225 -0.02845184
v -0.03005653 0.00813448 -0.03049981
v -0.03030283 0.00813234 -0.02954964
v -0.03063334 0.00812935 -0.02930795
v -0.03005653 0.00813448 -0.03049981
v -0.03030283 0.00813234 -0.02954964
v -0.02966171 0.00813800 -0.03001862
v -0.03007411 0.01013439 -0.03049981
v -0.02966559 0.00884778 -0.03001582
v -0.03005653 0.00813448 -0.03049981
v -0.02966171 0.00813800 -0.03001862
v -0.03007411 0.01013439 -0.03049981
v -0.03005653 0.00813448 -0.03049981
v -0.03088815 0.00812710 -0.03205579
v -0.02893728 0.00814444 -0.02913600
v -0.02895511 0.01014436 -0.02913600
v -0.03007411 0.01013439 -0.03049981
v -0.02967275 0.01013792 -0.03001051
v -0.02966559 0.00884778 -0.03001582
v -0.02967275 0.01013792 -0.03001051
v -0.02967275 0.01013792 -0.03001051
v -0.03068430 0.00812894 -0.02807860
v -0.03302985 0.00810814 -0.02830963
v -0.03299225 0.05671031 -0.02845184
v -0.03346122 0.05670608 -0.02830963
v -0.03256089 0.00811225 -0.02845184
v -0.03302985 0.00810814 -0.02830963
v -0.03346122 0.05670608 -0.02830963
v -0.03299225 0.05671031 -0.02845184
v -0.03389340 0.05670220 -0.02807860
v -0.03450441 0.05669684 -0.03199993
v -0.03346122 0.05670608 -0.02830963
v -0.03299225 0.05671031 -0.02845184
v -0.03389340 0.05670220 -0.02807860
v -0.03389340 0.05670220 -0.02807860
v -0.03346204 0.00810426 -0.02807860
v -0.03346122 0.05670608 -0.02830963
v -0.03302985 0.00810814 -0.02830963
v -0.03389340 0.05670220 -0.02807860
v -0.03427219 0.05669892 -0.02776764
v -0.03346204 0.00810426 -0.02807860
v -0.03346204 0.00810426 -0.02807860
v -0.03384096 0.00810093 -0.02776764
v -0.03346204 0.00810426 -0.02807860
v -0.03407318 0.00809884 -0.03199993
v -0.03302985 0.00810814 -0.02830963
v -0.03384096 0.00810093 -0.02776764
v -0.03458315 0.05669606 -0.02738879
v -0.03427219 0.05669892 -0.02776764
v -0.03389340 0.05670220 -0.02807860
v -0.03450441 0.05669684 -0.03199993
v -0.03427219 0.05669892 -0.02776764
v -0.03389340 0.05670220 -0.02807860
v -0.03427219 0.05669892 -0.02776764
v -0.03750420 0.05667012 -0.03199993
v -0.03458315 0.05669606 -0.02738879
v -0.03750420 0.05667012 -0.03199993
v -0.03427219 0.05669892 -0.02776764
v -0.03458315 0.05669606 -0.02738879
v -0.03384096 0.00810093 -0.02776764
v -0.03499252 0.05669249 -0.02611958
v -0.03458315 0.05669606 -0.02738879
v -0.03458315 0.05669606 -0.02738879
v -0.03481406 0.05669409 -0.02695667
v -0.03495627 0.05669277 -0.02648758
v -0.03495627 0.05669277 -0.02648758
v -0.03481406 0.05669409 -0.02695667
v -0.03458315 0.05669606 -0.02738879
v -0.03481406 0.05669409 -0.02695667
v -0.03415179 0.00809813 -0.02738879
v -0.03415179 0.00809813 -0.02738879
v -0.03415179 0.00809813 -0.02738879
v -0.03707301 0.00807219 -0.03199993
v -0.03384096 0.00810093 -0.02776764
v -0.03438276 0.00809610 -0.02695667
v -0.03438276 0.00809610 -0.02695667
v -0.03707301 0.00807219 -0.03199993
v -0.03415179 0.00809813 -0.02738879
v -0.03495627 0.05669277 -0.02648758
v -0.03438276 0.00809610 -0.02695667
v -0.03481406 0.05669409 -0.02695667
v -0.03452504 0.00809485 -0.02648758
v -0.03452504 0.00809485 -0.02648758
v -0.03452504 0.00809485 -0.02648758
v -0.03495627 0.05669277 -0.02648758
v -0.03479409 0.03592903 -0.02626490
v -0.03707301 0.00807219 -0.02459806
v -0.03455632 0.00809455 -0.02643871
v -0.03452784 0.00809479 -0.02645957
v -0.03452963 0.00828433 -0.02645825
v -0.03452784 0.00809479 -0.02645957
v -0.03499252 0.05669249 -0.02611958
v -0.03500432 0.05669236 -0.02599996
v -0.03460104 0.01123589 -0.02599996
v -0.03500432 0.05669236 -0.02599996
v -0.03536593 0.05668921 -0.02584647
v -0.03750420 0.05667012 -0.02249990
v -0.03495627 0.05669277 -0.02551215
v -0.03499252 0.05669249 -0.02611958
v -0.03500432 0.05669236 -0.02599996
v -0.03495627 0.05669277 -0.02551215
v -0.03460104 0.01123589 -0.02599996
v -0.03500432 0.05669236 -0.02599996
v -0.03452504 0.00809485 -0.02551215
v -0.03495627 0.05669277 -0.02551215
v -0.03457307 0.00809443 -0.02599996
v -0.03452504 0.00809485 -0.02551215
v -0.03707301 0.00807219 -0.02249990
v -0.03457307 0.00809443 -0.02599996
v -0.03452504 0.00809485 -0.02551215
v -0.03495627 0.05669277 -0.02551215
v -0.03481406 0.05669409 -0.02504318
v -0.03438276 0.00809610 -0.02504318
v -0.03438276 0.00809610 -0.02504318
v -0.03415179 0.00809813 -0.02461099
v -0.03438276 0.00809610 -0.02504318
v -0.03458315 0.05669606 -0.02461099
v -0.03481406 0.05669409 -0.02504318
v -0.03415179 0.00809813 -0.02461099
v -0.03415179 0.00809813 -0.02461099
v -0.03458315 0.05669606 -0.02461099
v -0.03427219 0.05669892 -0.02423214
v -0.03384096 0.00810093 -0.02423214
v -0.03384096 0.00810093 -0.02423214
v -0.03346204 0.00810426 -0.02392118
v -0.03384096 0.00810093 -0.02423214
v -0.03389340 0.05670220 -0.02392118
v -0.03557312 0.00808555 -0.02099996
v -0.03346204 0.00810426 -0.02392118
v -0.03427219 0.05669892 -0.02423214
v -0.03600436 0.05668355 -0.02099996
v -0.03707301 0.00807219 -0.02249990
v -0.03557312 0.00808555 -0.02099996
v -0.00957412 0.00831628 -0.02099996
v -0.03600436 0.05668355 -0.02099996
v -0.03557312 0.00808555 -0.02099996
v -0.03111655 0.00812506 -0.02369021
v -0.03256089 0.00811225 -0.02354799
v -0.03207320 0.00811660 -0.02349995
v -0.03158551 0.00812096 -0.02354799
v -0.03302985 0.00810814 -0.02369021
v -0.03068430 0.00812894 -0.02392118
v -0.03111655 0.00812506 -0.02369021
v -0.03158551 0.00812096 -0.02354799
v -0.03154778 0.05672300 -0.02369021
v -0.03111655 0.00812506 -0.02369021
v -0.03154778 0.05672300 -0.02369021
v -0.03068430 0.00812894 -0.02392118
v -0.03030550 0.00813228 -0.02423214
v -0.03030550 0.00813228 -0.02423214
v -0.03068430 0.00812894 -0.02392118
v -0.03073681 0.05673027 -0.02423214
v -0.03111566 0.05672688 -0.02392118
v -0.03111566 0.05672688 -0.02392118
v -0.03250444 0.05671465 -0.02349995
v -0.03299225 0.05671031 -0.02354799
v -0.03111566 0.05672688 -0.02392118
v -0.03201676 0.05671888 -0.02354799
v -0.03073681 0.05673027 -0.02423214
v -0.03111566 0.05672688 -0.02392118
v -0.03005267 0.05673636 -0.02551215
v -0.03073681 0.05673027 -0.02423214
v -0.03111566 0.05672688 -0.02392118
v -0.03154778 0.05672300 -0.02369021
v -0.03005267 0.05673636 -0.02551215
v -0.03154778 0.05672300 -0.02369021
v -0.03299225 0.05671031 -0.02354799
v -0.03346122 0.05670608 -0.02369021
v -0.03389340 0.05670220 -0.02392118
v -0.03299225 0.05671031 -0.02354799
v -0.03346122 0.05670608 -0.02369021
v -0.03600436 0.05668355 -0.02099996
v -0.03302985 0.00810814 -0.02369021
v -0.03346122 0.05670608 -0.02369021
v -0.03299225 0.05671031 -0.02354799
v -0.03427219 0.05669892 -0.02423214
v -0.03299225 0.05671031 -0.02354799
v -0.03600436 0.05668355 -0.02099996
v -0.03250444 0.05671465 -0.02349995
v -0.03256089 0.00811225 -0.02354799
v -0.03256089 0.00811225 -0.02354799
v -0.03299225 0.05671031 -0.02354799
v -0.03250444 0.05671465 -0.02349995
v -0.03499252 0.05669249 -0.02611958
v -0.03458315 0.05669606 -0.02461099
v -0.03427219 0.05669892 -0.02423214
v -0.03458315 0.05669606 -0.02461099
v -0.03346122 0.05670608 -0.02369021
v -0.03389340 0.05670220 -0.02392118
v -0.03389340 0.05670220 -0.02392118
v -0.03346122 0.05670608 -0.02369021
v -0.03302985 0.00810814 -0.02369021
v -0.03201676 0.05671888 -0.02354799
v -0.03207320 0.00811660 -0.02349995
v -0.03250444 0.05671465 -0.02349995
v -0.03201676 0.05671888 -0.02354799
v -0.03201676 0.05671888 -0.02354799
v -0.03158551 0.00812096 -0.02354799
v -0.03042590 0.05673307 -0.02461099
v -0.03019488 0.05673504 -0.02504318
v -0.03042590 0.05673307 -0.02461099
v -0.03005267 0.05673636 -0.02551215
v -0.03019488 0.05673504 -0.02504318
v -0.02976351 0.00813710 -0.02504318
v -0.03019488 0.05673504 -0.02504318
v -0.03005267 0.05673636 -0.02551215
v -0.03005267 0.05673636 -0.02648758
v -0.03000456 0.05673670 -0.02599996
v -0.03005267 0.05673636 -0.02551215
v -0.03000456 0.05673670 -0.02599996
v -0.02957333 0.00813878 -0.02599996
v -0.02962136 0.00813836 -0.02551215
v -0.02962136 0.00813836 -0.02551215
v -0.02962136 0.00813836 -0.02551215
v -0.02976351 0.00813710 -0.02504318
v -0.02976351 0.00813710 -0.02504318
v -0.02999455 0.00813508 -0.02461099
v -0.03019488 0.05673504 -0.02504318
v -0.02432937 0.00818533 -0.02667283
v -0.02999455 0.00813508 -0.02461099
v -0.02259135 0.01020079 -0.02649992
v -0.02257359 0.00820088 -0.02649992
v -0.02432937 0.00818533 -0.02667283
v -0.02434707 0.01018524 -0.02667283
v -0.02434707 0.01018524 -0.02667283
v -0.02432937 0.00818533 -0.02667283
v -0.02601749 0.00817037 -0.02718501
v -0.02999455 0.00813508 -0.02461099
v -0.03030550 0.00813228 -0.02423214
v -0.03042590 0.05673307 -0.02461099
v -0.03042590 0.05673307 -0.02461099
v -0.03042590 0.05673307 -0.02461099
v -0.03073681 0.05673027 -0.02423214
v -0.03207320 0.00811660 -0.02349995
v -0.03346204 0.00810426 -0.02392118
v -0.03427219 0.05669892 -0.02423214
v -0.03750420 0.05667012 -0.02249990
v -0.01000553 0.05691421 -0.02099996
v -0.03750420 0.05667012 -0.02249990
v -0.03427219 0.05669892 -0.02423214
v -0.03458315 0.05669606 -0.02461099
v -0.03481406 0.05669409 -0.02504318
v -0.03495627 0.05669277 -0.02551215
v -0.03481406 0.05669409 -0.02504318
v -0.03458315 0.05669606 -0.02461099
v -0.03707301 0.00807219 -0.02249990
v -0.03750420 0.05667012 -0.02249990
v -0.03742057 0.04723739 -0.02434390
v -0.03707301 0.00807219 -0.02459806
v -0.03457307 0.00809443 -0.02599996
v -0.03707301 0.00807219 -0.02249990
v -0.03455632 0.00809455 -0.02643871
v -0.03707301 0.00807219 -0.03199993
v -0.03750420 0.05667012 -0.03199993
v -0.03750420 0.05667012 -0.02428262
v -0.03495627 0.05669277 -0.02648758
v -0.03750420 0.05667012 -0.02428262
v -0.03495627 0.05669277 -0.02648758
v -0.03750420 0.05667012 -0.02428262
v -0.03536593 0.05668921 -0.02584647
v -0.03481406 0.05669409 -0.02504318
v -0.03495627 0.05669277 -0.02551215
v -0.03457307 0.00809443 -0.02599996
v -0.03750420 0.05667012 -0.03199993
v -0.03407318 0.00809884 -0.03199993
v -0.03707301 0.00807219 -0.03199993
v -0.03481406 0.05669409 -0.02695667
v -0.03450441 0.05669684 -0.03199993
v -0.03299225 0.05671031 -0.02845184
v -0.03140033 0.00812256 -0.03374408
v -0.03088815 0.00812710 -0.03205579
v -0.03090597 0.01012694 -0.03205579
v -0.03250444 0.05671465 -0.02849988
v -0.03299225 0.05671031 -0.02845184
v -0.03250444 0.05671465 -0.02849988
v -0.03201676 0.05671888 -0.02845184
v -0.03201676 0.05671888 -0.02845184
v -0.03186631 0.05672019 -0.02840625
v -0.03171432 0.05672151 -0.02851741
v -0.03186631 0.05672019 -0.02840625
v -0.03171432 0.05672151 -0.02851741
v -0.03154778 0.05672300 -0.02830963
v -0.03042590 0.05673307 -0.02738879
v -0.03005267 0.05673636 -0.02648758
v -0.03186631 0.05672019 -0.02840625
v -0.03042590 0.05673307 -0.02738879
v -0.03450441 0.05669684 -0.03899990
v -0.03019488 0.05673504 -0.02695667
v -0.02603530 0.01017028 -0.02718501
v -0.02466493 0.00668221 -0.03041857
v -0.02314550 0.00669575 -0.03255747
v -0.02370828 0.00669080 -0.03272830
v -0.02561582 0.00667387 -0.03092682
v -0.02370828 0.00669080 -0.03272830
v -0.02422696 0.00668615 -0.03300552
v -0.02463079 0.05218429 -0.03300552
v -0.02411211 0.05218888 -0.03272830
v -0.02411211 0.05218888 -0.03272830
v -0.02354937 0.05219389 -0.03255747
v -0.02370828 0.00669080 -0.03272830
v -0.02314550 0.00669575 -0.03255747
v -0.02411211 0.05218888 -0.03272830
v -0.02463079 0.05218429 -0.03300552
v -0.02129745 0.05221384 -0.03300552
v -0.02181613 0.05220919 -0.03272830
v -0.02354937 0.05219389 -0.03255747
v -0.02129745 0.05221384 -0.03300552
v -0.02089364 0.00671572 -0.03300552
v -0.02181613 0.05220919 -0.03272830
v -0.02237881 0.05220431 -0.03255747
v -0.02237881 0.05220431 -0.03255747
v -0.02181613 0.05220919 -0.03272830
v -0.02197504 0.00670618 -0.03255747
v -0.02141232 0.00671112 -0.03272830
v -0.02141232 0.00671112 -0.03272830
v -0.02141232 0.00671112 -0.03272830
v -0.02296406 0.05219901 -0.03249983
v -0.02296406 0.05219901 -0.03249983
v -0.02237881 0.05220431 -0.03255747
v -0.02256023 0.00670093 -0.03249983
v -0.02197504 0.00670618 -0.03255747
v -0.02354937 0.05219389 -0.03255747
v -0.02296406 0.05219901 -0.03249983
v -0.02314550 0.00669575 -0.03255747
v -0.02256023 0.00670093 -0.03249983
v -0.02129745 0.05221384 -0.03300552
v -0.02084285 0.05221791 -0.03337852
v -0.02089364 0.00671572 -0.03300552
v -0.02045553 0.00671959 -0.03041857
v -0.00957412 0.00831628 -0.02099996
v -0.01267445 0.00828881 -0.02310042
v -0.01316220 0.00828445 -0.02314846
v -0.01363122 0.00828028 -0.02329074
v -0.00850558 0.05692763 -0.02249990
v -0.00957412 0.00831628 -0.02099996
v -0.00807422 0.00832963 -0.02249990
v -0.03504646 0.00509012 -0.02099996
v -0.00954753 0.00531644 -0.02099996
v -0.00918406 0.00831974 -0.02103841
v -0.00957412 0.00831628 -0.02099996
v -0.00954753 0.00531644 -0.02099996
v -0.03507317 0.00808996 -0.02099996
v -0.03507317 0.00808996 -0.02099996
v -0.01218670 0.00829309 -0.02314846
v -0.01171773 0.00829727 -0.02329074
v -0.01128566 0.00830108 -0.02352170
v -0.01090681 0.00830448 -0.02383261
v -0.00918406 0.00831974 -0.02103841
v -0.01000553 0.05691421 -0.02099996
v -0.00915742 0.00531977 -0.02103841
v -0.00878221 0.00532311 -0.02115213
v -0.00918406 0.00831974 -0.02103841
v -0.00915742 0.00531977 -0.02103841
v -0.00880879 0.00832307 -0.02115213
v -0.00880879 0.00832307 -0.02115213
v -0.01088023 0.00530452 -0.02383261
v -0.00878221 0.00532311 -0.02115213
v -0.00915742 0.00531977 -0.02103841
v -0.00843644 0.00532627 -0.02133703
v -0.00878221 0.00532311 -0.02115213
v -0.01088023 0.00530452 -0.02383261
v -0.00878221 0.00532311 -0.02115213
v -0.00843644 0.00532627 -0.02133703
v -0.00880879 0.00832307 -0.02115213
v -0.00843644 0.00532627 -0.02133703
v -0.00813335 0.00532895 -0.02158576
v -0.00843644 0.00532627 -0.02133703
v -0.00813335 0.00532895 -0.02158576
v -0.00846308 0.00832611 -0.02133703
v -0.00846308 0.00832611 -0.02133703
v -0.00816000 0.00832886 -0.02158576
v -0.00846308 0.00832611 -0.02133703
v -0.00816000 0.00832886 -0.02158576
v -0.01090681 0.00830448 -0.02383261
v -0.00846308 0.00832611 -0.02133703
v -0.00816000 0.00832886 -0.02158576
v -0.00803018 0.00832999 -0.02196591
v -0.00813335 0.00532895 -0.02158576
v -0.00802249 0.00683206 -0.02173696
v -0.00816000 0.00832886 -0.02158576
v -0.00803018 0.00832999 -0.02174389
v -0.00803018 0.00832999 -0.02174389
v -0.00796187 0.00833059 -0.02182710
v -0.00796187 0.00833059 -0.02182710
v -0.00802249 0.00683206 -0.02173696
v -0.00803018 0.00832999 -0.02174389
v -0.00803018 0.00832999 -0.02196591
v -0.00796187 0.00833059 -0.02182710
v -0.00802249 0.00683206 -0.02173696
v -0.00793618 0.00589234 -0.02183198
v -0.00796187 0.00833059 -0.02192163
v -0.00796187 0.00833059 -0.02235286
v -0.00803018 0.00832999 -0.02238719
v -0.00796187 0.00833059 -0.02239679
v -0.00796187 0.00833059 -0.02279727
v -0.00803018 0.00832999 -0.02244375
v -0.00803018 0.00832999 -0.02283399
v -0.01059585 0.00830722 -0.02421152
v -0.00803018 0.00832999 -0.02238719
v -0.00803018 0.00832999 -0.02244375
v -0.00803018 0.00832999 -0.02283399
v -0.00803018 0.00832999 -0.02318273
v -0.00803018 0.00832999 -0.02318273
v -0.00796187 0.00833059 -0.02315532
v -0.00796187 0.00833059 -0.02322827
v -0.00803018 0.00832999 -0.02326844
v -0.00796187 0.00833059 -0.02455907
v -0.00803018 0.00832999 -0.02456151
v -0.00796187 0.00833059 -0.02462844
v -0.01022273 0.00831050 -0.02511268
v -0.01036489 0.00830924 -0.02464365
v -0.00803018 0.00832999 -0.02464318
v -0.00803018 0.00832999 -0.02456151
v -0.00803018 0.00832999 -0.02464318
v -0.00801480 0.00533003 -0.02456194
v -0.00803018 0.00832999 -0.02326844
v -0.01056927 0.00530738 -0.02421152
v -0.01059585 0.00830722 -0.02421152
v -0.01036489 0.00830924 -0.02464365
v -0.01033818 0.00530934 -0.02464365
v -0.01033818 0.00530934 -0.02464365
v -0.01036489 0.00830924 -0.02464365
v -0.01022273 0.00831050 -0.02511268
v -0.01056927 0.00530738 -0.02421152
v -0.01019603 0.00531059 -0.02511268
v -0.01019603 0.00531059 -0.02608811
v -0.01033818 0.00530934 -0.02464365
v -0.01056927 0.00530738 -0.02421152
v -0.01033818 0.00530934 -0.02464365
v -0.00801480 0.00533003 -0.02327512
v -0.00801480 0.00533003 -0.02318720
v -0.00801480 0.00533003 -0.02284001
v -0.00801480 0.00533003 -0.02245150
v -0.00801480 0.00533003 -0.02239279
v -0.00801480 0.00533003 -0.02239279
v -0.01056927 0.00530738 -0.02421152
v -0.01472640 0.00527042 -0.02698927
v -0.01509970 0.00526714 -0.02511268
v -0.01403677 0.00527650 -0.02352170
v -0.01056927 0.00530738 -0.02421152
v -0.01088023 0.00530452 -0.02383261
v -0.01059585 0.00830722 -0.02421152
v -0.01088023 0.00530452 -0.02383261
v -0.01216013 0.00529325 -0.02314846
v -0.01088023 0.00530452 -0.02736811
v -0.01125895 0.00530124 -0.02767913
v -0.01056927 0.00530738 -0.02698927
v -0.01088023 0.00530452 -0.02736811
v -0.01019603 0.00531059 -0.02608811
v -0.01033818 0.00530934 -0.02655714
v -0.01056927 0.00530738 -0.02698927
v -0.01036489 0.00830924 -0.02655714
v -0.01033818 0.00530934 -0.02655714
v -0.01019603 0.00531059 -0.02608811
v -0.00801480 0.00533003 -0.02641296
v -0.01019603 0.00531059 -0.02608811
v -0.01033818 0.00530934 -0.02655714
v -0.00801480 0.00533003 -0.02627849
v -0.00801480 0.00533003 -0.02560478
v -0.01014798 0.00531101 -0.02560043
v -0.01019603 0.00531059 -0.02608811
v -0.01014798 0.00531101 -0.02560043
v -0.01017463 0.00831097 -0.02560043
v -0.01022273 0.00831050 -0.02608811
v -0.01022273 0.00831050 -0.02608811
v -0.01014798 0.00531101 -0.02560043
v -0.01022273 0.00831050 -0.02608811
v -0.00803018 0.00832999 -0.02641224
v -0.01036489 0.00830924 -0.02655714
v -0.01036489 0.00830924 -0.02655714
v -0.01059585 0.00830722 -0.02698927
v -0.01033818 0.00530934 -0.02655714
v -0.00803018 0.00832999 -0.02651989
v -0.01059585 0.00830722 -0.02698927
v -0.00803018 0.00832999 -0.02708505
v -0.00803018 0.00832999 -0.02641224
v -0.00803018 0.00832999 -0.02651989
v -0.00801480 0.00533003 -0.02721403
v -0.00796187 0.00833059 -0.02650737
v -0.00803018 0.00832999 -0.02708505
v -0.00796187 0.00833059 -0.02708755
v -0.00801480 0.00533003 -0.02760295
v -0.01088023 0.00530452 -0.02736811
v -0.00801480 0.00533003 -0.02760295
v -0.00801480 0.00533003 -0.02721403
v -0.00801480 0.00533003 -0.02760295
v -0.00793028 0.00533080 -0.02720950
v -0.00801480 0.00533003 -0.02721403
v -0.01056927 0.00530738 -0.02698927
v -0.00801480 0.00533003 -0.02708457
v -0.00801480 0.00533003 -0.02708457
v -0.00801480 0.00533003 -0.02708457
v -0.00801480 0.00533003 -0.02652186
v -0.00793028 0.00533080 -0.02708780
v -0.00801480 0.00533003 -0.02652186
v -0.00801480 0.00533003 -0.02652186
v -0.00793028 0.00533080 -0.02650648
v -0.00801480 0.00533003 -0.02641296
v -0.00793028 0.00533080 -0.02640765
v -0.00793028 0.00533074 -0.02628582
v -0.00793028 0.00533074 -0.02628582
v -0.00793028 0.00533074 -0.02558600
v -0.00801480 0.00533003 -0.02550315
v -0.00793028 0.00533074 -0.02549934
v -0.00801480 0.00533003 -0.02540063
v -0.00801480 0.00533003 -0.02560478
v -0.00801480 0.00533003 -0.02550315
v -0.00803018 0.00832999 -0.02540212
v -0.00801480 0.00533003 -0.02540063
v -0.00793028 0.00533074 -0.02541184
v -0.00801480 0.00533003 -0.02464556
v -0.01019603 0.00531059 -0.02511268
v -0.00801480 0.00533003 -0.02464556
v -0.00801480 0.00533003 -0.02456194
v -0.00801480 0.00533003 -0.02456194
v -0.00801480 0.00533003 -0.02464556
v -0.00793028 0.00533080 -0.02462744
v -0.00793028 0.00533074 -0.02541184
v -0.00793028 0.00533080 -0.02455890
v -0.00793028 0.00533080 -0.02322535
v -0.00801480 0.00533003 -0.02327512
v -0.00801480 0.00533003 -0.02318720
v -0.00793028 0.00533080 -0.02315341
v -0.00793028 0.00533080 -0.02315341
v -0.00793028 0.00533074 -0.02279459
v -0.00801480 0.00533003 -0.02284001
v -0.00801480 0.00533003 -0.02245150
v -0.00793028 0.00533074 -0.02279459
v -0.00793028 0.00533080 -0.02239333
v -0.00793028 0.00533080 -0.02235029
v -0.00793028 0.00533080 -0.02235029
v -0.00793028 0.00533074 -0.02191840
v -0.00801480 0.00533003 -0.02197324
v -0.00801480 0.00533003 -0.02197324
v -0.00801480 0.00533003 -0.02239279
v -0.00801480 0.00533003 -0.02197324
v -0.00801480 0.00533003 -0.02173018
v -0.00793028 0.00533074 -0.02183317
v -0.00801480 0.00533003 -0.02173018
v -0.00801480 0.00533003 -0.02173018
v -0.00813335 0.00532895 -0.02158576
v -0.00801480 0.00533003 -0.02173018
v -0.00793028 0.00533074 -0.02183317
v -0.00793618 0.00589234 -0.02183198
v -0.01017463 0.00831097 -0.02560043
v -0.00803018 0.00832999 -0.02540212
v -0.00796187 0.00833059 -0.02541112
v -0.00803018 0.00832999 -0.02550268
v -0.00803018 0.00832999 -0.02550268
v -0.00803018 0.00832999 -0.02560221
v -0.00803018 0.00832999 -0.02560221
v -0.00796187 0.00833059 -0.02558708
v -0.00796187 0.00833059 -0.02549958
v -0.00796187 0.00833059 -0.02628534
v -0.00796187 0.00833059 -0.02640807
v -0.00803018 0.00832999 -0.02627938
v -0.00801480 0.00533003 -0.02641296
v -0.00801480 0.00533003 -0.02627849
v -0.00803018 0.00832999 -0.02627938
v -0.00793028 0.00533074 -0.02760993
v -0.00793028 0.00533080 -0.02720950
v -0.00801480 0.00533003 -0.02773772
v -0.00793028 0.00533074 -0.02773921
v -0.01125895 0.00530124 -0.02767913
v -0.00801480 0.00533003 -0.03058636
v -0.00801480 0.00533003 -0.02773772
v -0.00803018 0.00832999 -0.02721350
v -0.00803018 0.00832999 -0.02905778
v -0.00801480 0.00533003 -0.03058636
v -0.01090681 0.00830448 -0.02736811
v -0.00803018 0.00832999 -0.02721350
v -0.00803018 0.00832999 -0.02905778
v -0.00796187 0.00833059 -0.02720974
v -0.00803018 0.00832999 -0.03063130
v -0.00803018 0.00832999 -0.03063130
v -0.00796187 0.00833059 -0.02909797
v -0.01059585 0.00830722 -0.02698927
v -0.01090681 0.00830448 -0.02736811
v -0.01056927 0.00530738 -0.02698927
v -0.01090681 0.00830448 -0.02736811
v -0.01128566 0.00830108 -0.02767913
v -0.01088023 0.00530452 -0.02736811
v -0.01088023 0.00530452 -0.02736811
v -0.01128566 0.00830108 -0.02767913
v -0.01125895 0.00530124 -0.02767913
v -0.01169115 0.00529742 -0.02791010
v -0.01125895 0.00530124 -0.02767913
v -0.01128566 0.00830108 -0.02767913
v -0.00803018 0.00832999 -0.03100788
v -0.01171773 0.00829727 -0.02791010
v -0.01171773 0.00829727 -0.02791010
v -0.00803018 0.00832999 -0.03084015
v -0.01125895 0.00530124 -0.02767913
v -0.01169115 0.00529742 -0.02791010
v -0.01216013 0.00529325 -0.02805231
v -0.01169115 0.00529742 -0.02791010
v -0.00801480 0.00533003 -0.03177422
v -0.00801480 0.00533003 -0.03151814
v -0.00801480 0.00533003 -0.03088110
v -0.01171773 0.00829727 -0.02791010
v -0.01218670 0.00829309 -0.02805231
v -0.01169115 0.00529742 -0.02791010
v -0.01216013 0.00529325 -0.02805231
v -0.01216013 0.00529325 -0.02805231
v -0.01264786 0.00528884 -0.02810035
v -0.00801480 0.00533003 -0.03449999
v -0.01715284 0.00524891 -0.03442685
v -0.01264786 0.00528884 -0.02810035
v -0.01715284 0.00524891 -0.03442685
v -0.01216013 0.00529325 -0.02805231
v -0.01218670 0.00829309 -0.02805231
v -0.01267445 0.00828881 -0.02810035
v -0.01216013 0.00529325 -0.02805231
v -0.01264786 0.00528884 -0.02810035
v -0.01746582 0.00524604 -0.03339510
v -0.01313561 0.00528449 -0.02805231
v -0.01746582 0.00524604 -0.03339510
v -0.01264786 0.00528884 -0.02810035
v -0.01264786 0.00528884 -0.02810035
v -0.01313561 0.00528449 -0.02805231
v -0.01316220 0.00828445 -0.02805231
v -0.01313561 0.00528449 -0.02805231
v -0.01264786 0.00528884 -0.02810035
v -0.01267445 0.00828881 -0.02810035
v -0.01749253 0.00824600 -0.03339510
v -0.01316220 0.00828445 -0.02805231
v -0.01267445 0.00828881 -0.02810035
v -0.01316220 0.00828445 -0.02805231
v -0.01363122 0.00828028 -0.02791010
v -0.01313561 0.00528449 -0.02805231
v -0.01363122 0.00828028 -0.02791010
v -0.01403677 0.00527650 -0.02767913
v -0.01360458 0.00528038 -0.02791010
v -0.01363122 0.00828028 -0.02791010
v -0.01406335 0.00827647 -0.02767913
v -0.01360458 0.00528038 -0.02791010
v -0.01800066 0.00824153 -0.03244422
v -0.01406335 0.00827647 -0.02767913
v -0.01360458 0.00528038 -0.02791010
v -0.01403677 0.00527650 -0.02767913
v -0.01472640 0.00527042 -0.02698927
v -0.01360458 0.00528038 -0.02791010
v -0.01403677 0.00527650 -0.02767913
v -0.01797396 0.00524163 -0.03244422
v -0.01360458 0.00528038 -0.02791010
v -0.01865804 0.00523549 -0.03161084
v -0.01746582 0.00524604 -0.03339510
v -0.01797396 0.00524163 -0.03244422
v -0.01749253 0.00824600 -0.03339510
v -0.01800066 0.00824153 -0.03244422
v -0.01800066 0.00824153 -0.03244422
v -0.01797396 0.00524163 -0.03244422
v -0.01865804 0.00523549 -0.03161084
v -0.01868468 0.00823546 -0.03161084
v -0.01865804 0.00523549 -0.03161084
v -0.01949149 0.00522810 -0.03092682
v -0.01949149 0.00522810 -0.03092682
v -0.01472640 0.00527042 -0.02698927
v -0.01441562 0.00527316 -0.02736811
v -0.01868468 0.00823546 -0.03161084
v -0.01951808 0.00822800 -0.03092682
v -0.01868468 0.00823546 -0.03161084
v -0.01444208 0.00827313 -0.02736811
v -0.01475310 0.00827032 -0.02698927
v -0.01951808 0.00822800 -0.03092682
v -0.02046896 0.00821960 -0.03041857
v -0.01951808 0.00822800 -0.03092682
v -0.02044230 0.00521964 -0.03041857
v -0.01949149 0.00522810 -0.03092682
v -0.01498407 0.00826830 -0.02655714
v -0.02046896 0.00821960 -0.03041857
v -0.01512628 0.00826705 -0.02608811
v -0.01495742 0.00526834 -0.02655714
v -0.01498407 0.00826830 -0.02655714
v -0.01512628 0.00826705 -0.02608811
v -0.01498407 0.00826830 -0.02655714
v -0.01472640 0.00527042 -0.02698927
v -0.01475310 0.00827032 -0.02698927
v -0.01495742 0.00526834 -0.02655714
v -0.01495742 0.00526834 -0.02655714
v -0.01509970 0.00526714 -0.02608811
v -0.01495742 0.00526834 -0.02655714
v -0.01509970 0.00526714 -0.02608811
v -0.02044230 0.00521964 -0.03041857
v -0.01509970 0.00526714 -0.02608811
v -0.01495742 0.00526834 -0.02655714
v -0.01509970 0.00526714 -0.02511268
v -0.01512628 0.00826705 -0.02608811
v -0.01514780 0.00526667 -0.02560043
v -0.01509970 0.00526714 -0.02608811
v -0.02044230 0.00521964 -0.03041857
v -0.01509970 0.00526714 -0.02608811
v -0.01514780 0.00526667 -0.02560043
v -0.01509970 0.00526714 -0.02608811
v -0.01514780 0.00526667 -0.02560043
v -0.01514780 0.00526667 -0.02560043
v -0.02147400 0.00521058 -0.03010551
v -0.01517432 0.00826657 -0.02560043
v -0.01514780 0.00526667 -0.02560043
v -0.01517432 0.00826657 -0.02560043
v -0.01509970 0.00526714 -0.02511268
v -0.01509970 0.00526714 -0.02511268
v -0.02044230 0.00521964 -0.03041857
v -0.02147400 0.00521058 -0.03010551
v -0.02150058 0.00821042 -0.03010551
v -0.02254694 0.00520098 -0.02999991
v -0.02150058 0.00821042 -0.03010551
v -0.02147400 0.00521058 -0.03010551
v -0.02254694 0.00520098 -0.02999991
v -0.03013646 0.00513369 -0.02464365
v -0.01495742 0.00526834 -0.02464365
v -0.02254694 0.00520098 -0.02999991
v -0.01509970 0.00526714 -0.02511268
v -0.01495742 0.00526834 -0.02464365
v -0.02999414 0.00513494 -0.02511268
v -0.02361989 0.00519145 -0.03010551
v -0.02257359 0.00820088 -0.02999991
v -0.02254694 0.00520098 -0.02999991
v -0.02361989 0.00519145 -0.03010551
v -0.02257359 0.00820088 -0.02999991
v -0.02364659 0.00819141 -0.03010551
v -0.01512628 0.00826705 -0.02511268
v -0.02150058 0.00821042 -0.03010551
v -0.02257359 0.00820088 -0.02999991
v -0.02364659 0.00819141 -0.03010551
v -0.03002077 0.00813484 -0.02511268
v -0.03016304 0.00813353 -0.02464365
v -0.01498407 0.00826830 -0.02464365
v -0.01498407 0.00826830 -0.02464365
v -0.01475310 0.00827032 -0.02421152
v -0.01495742 0.00526834 -0.02464365
v -0.01498407 0.00826830 -0.02464365
v -0.01495742 0.00526834 -0.02464365
v -0.01509970 0.00526714 -0.02511268
v -0.03039407 0.00813151 -0.02421152
v -0.01475310 0.00827032 -0.02421152
v -0.01512628 0.00826705 -0.02511268
v -0.01444208 0.00827313 -0.02383261
v -0.03070497 0.00812876 -0.02383261
v -0.01472640 0.00527042 -0.02421152
v -0.01472640 0.00527042 -0.02421152
v -0.01475310 0.00827032 -0.02421152
v -0.01444208 0.00827313 -0.02383261
v -0.01472640 0.00527042 -0.02421152
v -0.01441562 0.00527316 -0.02383261
v -0.01472640 0.00527042 -0.02421152
v -0.01441562 0.00527316 -0.02383261
v -0.03067834 0.00512886 -0.02383261
v -0.01441562 0.00527316 -0.02383261
v -0.01472640 0.00527042 -0.02421152
v -0.01444208 0.00827313 -0.02383261
v -0.03036749 0.00513161 -0.02421152
v -0.01495742 0.00526834 -0.02464365
v -0.03105712 0.00512546 -0.02352170
v -0.03067834 0.00512886 -0.02383261
v -0.03036749 0.00513161 -0.02421152
v -0.03036749 0.00513161 -0.02421152
v -0.03067834 0.00512886 -0.02383261
v -0.03039407 0.00813151 -0.02421152
v -0.03013646 0.00513369 -0.02464365
v -0.02994608 0.00513536 -0.02560043
v -0.03013646 0.00513369 -0.02464365
v -0.03036749 0.00513161 -0.02421152
v -0.03016304 0.00813353 -0.02464365
v -0.03039407 0.00813151 -0.02421152
v -0.03105712 0.00512546 -0.02352170
v -0.03036749 0.00513161 -0.02421152
v -0.02994608 0.00513536 -0.02560043
v -0.02465159 0.00518238 -0.03041857
v -0.02994608 0.00513536 -0.02560043
v -0.03013646 0.00513369 -0.02655714
v -0.03230357 0.00511443 -0.02808641
v -0.03195834 0.00511748 -0.02314846
v -0.02999414 0.00513494 -0.02608811
v -0.02999414 0.00513494 -0.02608811
v -0.02994608 0.00513536 -0.02560043
v -0.02997280 0.00813526 -0.02560043
v -0.02999414 0.00513494 -0.02608811
v -0.03148943 0.00512165 -0.02329074
v -0.03002077 0.00813484 -0.02511268
v -0.02997280 0.00813526 -0.02560043
v -0.02994608 0.00513536 -0.02560043
v -0.02999414 0.00513494 -0.02511268
v -0.03148943 0.00512165 -0.02329074
v -0.03504646 0.00509012 -0.02099996
v -0.03195834 0.00511748 -0.02314846
v -0.01360458 0.00528038 -0.02329074
v -0.03148943 0.00512165 -0.02329074
v -0.03195834 0.00511748 -0.02314846
v -0.03151595 0.00812155 -0.02329074
v -0.03148943 0.00512165 -0.02329074
v -0.03151595 0.00812155 -0.02329074
v -0.03105712 0.00512546 -0.02352170
v -0.01403677 0.00527650 -0.02352170
v -0.03105712 0.00512546 -0.02352170
v -0.01360458 0.00528038 -0.02329074
v -0.01313561 0.00528449 -0.02314846
v -0.01216013 0.00529325 -0.02314846
v -0.01360458 0.00528038 -0.02329074
v -0.00954753 0.00531644 -0.02099996
v -0.01313561 0.00528449 -0.02314846
v -0.01313561 0.00528449 -0.02314846
v -0.01360458 0.00528038 -0.02329074
v -0.01316220 0.00828445 -0.02314846
v -0.01406335 0.00827647 -0.02352170
v -0.01363122 0.00828028 -0.02329074
v -0.01360458 0.00528038 -0.02329074
v -0.01403677 0.00527650 -0.02352170
v -0.01363122 0.00828028 -0.02329074
v -0.01403677 0.00527650 -0.02352170
v -0.01441562 0.00527316 -0.02383261
v -0.01406335 0.00827647 -0.02352170
v -0.01444208 0.00827313 -0.02383261
v -0.01406335 0.00827647 -0.02352170
v -0.03151595 0.00812155 -0.02329074
v -0.03108382 0.00812536 -0.02352170
v -0.03105712 0.00512546 -0.02352170
v -0.03108382 0.00812536 -0.02352170
v -0.03070497 0.00812876 -0.02383261
v -0.03108382 0.00812536 -0.02352170
v -0.01264786 0.00528884 -0.02310042
v -0.01264786 0.00528884 -0.02310042
v -0.01264786 0.00528884 -0.02310042
v -0.01313561 0.00528449 -0.02314846
v -0.01267445 0.00828881 -0.02310042
v -0.01316220 0.00828445 -0.02314846
v -0.00954753 0.00531644 -0.02099996
v -0.01264786 0.00528884 -0.02310042
v -0.01216013 0.00529325 -0.02314846
v -0.01216013 0.00529325 -0.02314846
v -0.01264786 0.00528884 -0.02310042
v -0.01218670 0.00829309 -0.02314846
v -0.01267445 0.00828881 -0.02310042
v -0.03198493 0.00811738 -0.02314846
v -0.03198493 0.00811738 -0.02314846
v -0.03195834 0.00511748 -0.02314846
v -0.03244596 0.00511318 -0.02310042
v -0.03198493 0.00811738 -0.02314846
v -0.03247267 0.00811302 -0.02310042
v -0.03247267 0.00811302 -0.02310042
v -0.03244596 0.00511318 -0.02310042
v -0.03293371 0.00510883 -0.02314846
v -0.03247267 0.00811302 -0.02310042
v -0.03296036 0.00810873 -0.02314846
v -0.03296036 0.00810873 -0.02314846
v -0.03293371 0.00510883 -0.02314846
v -0.03244596 0.00511318 -0.02310042
v -0.03340269 0.00510472 -0.02329074
v -0.03293371 0.00510883 -0.02314846
v -0.03244596 0.00511318 -0.02310042
v -0.03383488 0.00510085 -0.02352170
v -0.03340269 0.00510472 -0.02329074
v -0.03293371 0.00510883 -0.02314846
v -0.03340269 0.00510472 -0.02329074
v -0.03296036 0.00810873 -0.02314846
v -0.03383488 0.00510085 -0.02352170
v -0.03383488 0.00510085 -0.02352170
v -0.03386146 0.00810075 -0.02352170
v -0.03340269 0.00510472 -0.02329074
v -0.03342933 0.00810457 -0.02329074
v -0.03342933 0.00810457 -0.02329074
v -0.03386146 0.00810075 -0.02352170
v -0.03342933 0.00810457 -0.02329074
v -0.03383488 0.00510085 -0.02352170
v -0.03421372 0.00509751 -0.02383261
v -0.03386146 0.00810075 -0.02352170
v -0.03424036 0.00809735 -0.02383261
v -0.03424036 0.00809735 -0.02383261
v -0.03421372 0.00509751 -0.02383261
v -0.03452462 0.00509471 -0.02421152
v -0.03424036 0.00809735 -0.02383261
v -0.03455126 0.00809461 -0.02421152
v -0.03455126 0.00809461 -0.02421152
v -0.03707301 0.00807219 -0.02299993
v -0.03703458 0.00807255 -0.02260969
v -0.03692072 0.00807357 -0.02223448
v -0.03546322 0.00808651 -0.02103841
v -0.03673595 0.00807524 -0.02188879
v -0.03648729 0.00807738 -0.02158576
v -0.03648729 0.00807738 -0.02158576
v -0.03618418 0.00808012 -0.02133703
v -0.03424036 0.00809735 -0.02383261
v -0.03618418 0.00808012 -0.02133703
v -0.03583842 0.00808317 -0.02115213
v -0.03543663 0.00508666 -0.02103841
v -0.03546322 0.00808651 -0.02103841
v -0.03583842 0.00808317 -0.02115213
v -0.03504646 0.00509012 -0.02099996
v -0.03546322 0.00808651 -0.02103841
v -0.03543663 0.00508666 -0.02103841
v -0.03507317 0.00808996 -0.02099996
v -0.03543663 0.00508666 -0.02103841
v -0.03581178 0.00508332 -0.02115213
v -0.03421372 0.00509751 -0.02383261
v -0.03581178 0.00508332 -0.02115213
v -0.03615748 0.00508022 -0.02133703
v -0.03581178 0.00508332 -0.02115213
v -0.03583842 0.00808317 -0.02115213
v -0.03615748 0.00508022 -0.02133703
v -0.03646052 0.00507748 -0.02158576
v -0.03421372 0.00509751 -0.02383261
v -0.03615748 0.00508022 -0.02133703
v -0.03646052 0.00507748 -0.02158576
v -0.03615748 0.00508022 -0.02133703
v -0.03648729 0.00807738 -0.02158576
v -0.03618418 0.00808012 -0.02133703
v -0.03618418 0.00808012 -0.02133703
v -0.03670925 0.00507534 -0.02188879
v -0.03646052 0.00507748 -0.02158576
v -0.03673595 0.00807524 -0.02188879
v -0.03646052 0.00507748 -0.02158576
v -0.03670925 0.00507534 -0.02188879
v -0.03648729 0.00807738 -0.02158576
v -0.03689414 0.00507372 -0.02223448
v -0.03670925 0.00507534 -0.02188879
v -0.03692072 0.00807357 -0.02223448
v -0.03689414 0.00507372 -0.02223448
v -0.03673595 0.00807524 -0.02188879
v -0.03700786 0.00507265 -0.02260969
v -0.03689414 0.00507372 -0.02223448
v -0.03700786 0.00507265 -0.02260969
v -0.03689414 0.00507372 -0.02223448
v -0.03703458 0.00807255 -0.02260969
v -0.03692072 0.00807357 -0.02223448
v -0.03700786 0.00507265 -0.02260969
v -0.03704643 0.00507236 -0.02299993
v -0.03700786 0.00507265 -0.02260969
v -0.03703458 0.00807255 -0.02260969
v -0.03704643 0.00507236 -0.02299993
v -0.03452462 0.00509471 -0.02421152
v -0.03475559 0.00509268 -0.02464365
v -0.03489792 0.00509137 -0.02511268
v -0.03494597 0.00509102 -0.02560043
v -0.03494597 0.00509102 -0.02560043
v -0.03704643 0.00507236 -0.02299993
v -0.03489792 0.00509137 -0.02608811
v -0.03489792 0.00509137 -0.02608811
v -0.03507727 0.00508982 -0.02605771
v -0.03704811 0.00526625 -0.02461623
v -0.03704643 0.00507236 -0.02299993
v -0.03707301 0.00807219 -0.02299993
v -0.03707301 0.00807219 -0.02299993
v -0.03704643 0.00507236 -0.02461755
v -0.03704643 0.00507236 -0.02461755
v -0.03704643 0.00507236 -0.04799984
v -0.03475559 0.00509268 -0.02655714
v -0.03704643 0.00507236 -0.04799984
v -0.03475559 0.00509268 -0.04444270
v -0.03421372 0.00509751 -0.04716717
v -0.03452462 0.00509471 -0.04678833
v -0.03700786 0.00507265 -0.04839001
v -0.03707301 0.00807219 -0.04799984
v -0.03489792 0.00509137 -0.04491167
v -0.03704643 0.00507236 -0.04799984
v -0.03494597 0.00509102 -0.04539929
v -0.03489792 0.00509137 -0.04491167
v -0.03704643 0.00507236 -0.04799984
v -0.03703458 0.00807255 -0.04839001
v -0.03700786 0.00507265 -0.04839001
v -0.03475559 0.00509268 -0.04635608
v -0.03489792 0.00509137 -0.04588710
v -0.03494597 0.00509102 -0.04539929
v -0.03707301 0.00807219 -0.04799984
v -0.03424036 0.00809735 -0.04716717
v -0.03707301 0.00807219 -0.04799984
v -0.03455126 0.00809461 -0.04678833
v -0.03703458 0.00807255 -0.04839001
v -0.03707301 0.00807219 -0.02459812
v -0.03478235 0.00809252 -0.04444270
v -0.03707301 0.00807219 -0.02459812
v -0.03478235 0.00809252 -0.04635608
v -0.03492444 0.00809127 -0.04588710
v -0.03497255 0.00809085 -0.04539929
v -0.03492444 0.00809127 -0.04491167
v -0.03492444 0.00809127 -0.04491167
v -0.03478235 0.00809252 -0.04444270
v -0.03489792 0.00509137 -0.04491167
v -0.03478235 0.00809252 -0.04444270
v -0.03455126 0.00809461 -0.04401038
v -0.03475559 0.00509268 -0.04444270
v -0.03475559 0.00509268 -0.04444270
v -0.03478235 0.00809252 -0.02655714
v -0.03688782 0.00807387 -0.02473354
v -0.03478235 0.00809252 -0.04444270
v -0.03707301 0.00807219 -0.02459812
v -0.03688782 0.00807387 -0.02473354
v -0.03478235 0.00809252 -0.02655714
v -0.03455126 0.00809461 -0.04401038
v -0.03452462 0.00509471 -0.04401038
v -0.03455126 0.00809461 -0.04401038
v -0.03455126 0.00809461 -0.02698927
v -0.03424036 0.00809735 -0.04363160
v -0.03455126 0.00809461 -0.02698927
v -0.03455126 0.00809461 -0.04401038
v -0.03424036 0.00809735 -0.04363160
v -0.03452462 0.00509471 -0.04401038
v -0.03452462 0.00509471 -0.04401038
v -0.03383488 0.00510085 -0.04332070
v -0.03489792 0.00509137 -0.04588710
v -0.03421372 0.00509751 -0.04363160
v -0.03475559 0.00509268 -0.04444270
v -0.03452462 0.00509471 -0.04401038
v -0.03452462 0.00509471 -0.02698927
v -0.03452462 0.00509471 -0.02698927
v -0.03452462 0.00509471 -0.04401038
v -0.03421372 0.00509751 -0.02736811
v -0.03421372 0.00509751 -0.04363160
v -0.03421372 0.00509751 -0.04363160
v -0.03383488 0.00510085 -0.02767913
v -0.03421372 0.00509751 -0.04363160
v -0.03383488 0.00510085 -0.04332070
v -0.03386146 0.00810075 -0.04332070
v -0.03383488 0.00510085 -0.04332070
v -0.03421372 0.00509751 -0.04363160
v -0.03421372 0.00509751 -0.02736811
v -0.03424036 0.00809735 -0.04363160
v -0.03340269 0.00510472 -0.04308961
v -0.03383488 0.00510085 -0.04332070
v -0.03386146 0.00810075 -0.04332070
v -0.03386146 0.00810075 -0.04332070
v -0.03424036 0.00809735 -0.04363160
v -0.03424036 0.00809735 -0.02736811
v -0.03386146 0.00810075 -0.02767913
v -0.03342933 0.00810457 -0.04308961
v -0.03386146 0.00810075 -0.04332070
v -0.03386146 0.00810075 -0.02767913
v -0.03342933 0.00810457 -0.04308961
v -0.03342933 0.00810457 -0.04308961
v -0.03296036 0.00810873 -0.04294740
v -0.03340269 0.00510472 -0.04308961
v -0.02807338 0.00815213 -0.03549986
v -0.03296036 0.00810873 -0.04294740
v -0.03342933 0.00810457 -0.02791010
v -0.03340269 0.00510472 -0.02791010
v -0.03293371 0.00510883 -0.02805231
v -0.03342933 0.00810457 -0.02791010
v -0.03296036 0.00810873 -0.02805231
v -0.03342933 0.00810457 -0.02791010
v -0.03386146 0.00810075 -0.02767913
v -0.03383488 0.00510085 -0.02767913
v -0.03296036 0.00810873 -0.02805231
v -0.03340269 0.00510472 -0.02791010
v -0.03293371 0.00510883 -0.02805231
v -0.03340269 0.00510472 -0.02791010
v -0.02804666 0.00515223 -0.03549986
v -0.03293371 0.00510883 -0.02805231
v -0.03340269 0.00510472 -0.02791010
v -0.03340269 0.00510472 -0.04308961
v -0.03340269 0.00510472 -0.04308961
v -0.03340269 0.00510472 -0.02791010
v -0.03383488 0.00510085 -0.04332070
v -0.03383488 0.00510085 -0.02767913
v -0.03383488 0.00510085 -0.02767913
v -0.02794099 0.00515318 -0.03442685
v -0.03293371 0.00510883 -0.04294740
v -0.02794099 0.00515318 -0.03657292
v -0.02804666 0.00515223 -0.03549986
v -0.02794099 0.00515318 -0.03657292
v -0.02807338 0.00815213 -0.03549986
v -0.02807338 0.00815213 -0.03549986
v -0.02796770 0.00815302 -0.03442685
v -0.02804666 0.00515223 -0.03549986
v -0.02794099 0.00515318 -0.03442685
v -0.02765464 0.00815583 -0.03339510
v -0.02762806 0.00515586 -0.03339510
v -0.02794099 0.00515318 -0.03442685
v -0.03244596 0.00511318 -0.02810035
v -0.02762806 0.00515586 -0.03339510
v -0.02796770 0.00815302 -0.03442685
v -0.02905964 0.00814337 -0.03045898
v -0.02714639 0.00816035 -0.03244422
v -0.02765464 0.00815583 -0.03339510
v -0.02765464 0.00815583 -0.03339510
v -0.02714639 0.00816035 -0.03244422
v -0.02762806 0.00515586 -0.03339510
v -0.03042429 0.00813121 -0.02946077
v -0.03247267 0.00811302 -0.02810035
v -0.03145349 0.00812209 -0.02870808
v -0.02796770 0.00815302 -0.03442685
v -0.03244596 0.00511318 -0.02810035
v -0.03230560 0.00714064 -0.02808486
v -0.03247267 0.00811302 -0.02810035
v -0.03244596 0.00511318 -0.02810035
v -0.03247267 0.00811302 -0.02810035
v -0.03296036 0.00810873 -0.02805231
v -0.03247267 0.00811302 -0.02810035
v -0.03230673 0.00811452 -0.02808402
v -0.03145349 0.00812209 -0.02870808
v -0.03230673 0.00811452 -0.02808402
v -0.03198493 0.00811738 -0.02805231
v -0.03195834 0.00511748 -0.02805231
v -0.03230357 0.00511443 -0.02808641
v -0.03148943 0.00512165 -0.02791010
v -0.03195834 0.00511748 -0.02805231
v -0.03138804 0.00512254 -0.02875602
v -0.03230357 0.00511443 -0.02808641
v -0.03148943 0.00512165 -0.02791010
v -0.03195834 0.00511748 -0.02805231
v -0.03195834 0.00511748 -0.02805231
v -0.03148943 0.00512165 -0.02791010
v -0.03198493 0.00811738 -0.02805231
v -0.03105712 0.00512546 -0.02767913
v -0.03105712 0.00512546 -0.02767913
v -0.03108382 0.00812536 -0.02767913
v -0.03148943 0.00512165 -0.02791010
v -0.03105712 0.00512546 -0.02767913
v -0.02896971 0.00514400 -0.03052472
v -0.03036946 0.00513161 -0.02950095
v -0.03151595 0.00812155 -0.02791010
v -0.03151595 0.00812155 -0.02791010
v -0.03105712 0.00512546 -0.02767913
v -0.03067834 0.00512886 -0.02736811
v -0.03108382 0.00812536 -0.02767913
v -0.03070497 0.00812876 -0.02736811
v -0.03108382 0.00812536 -0.02767913
v -0.03151595 0.00812155 -0.02791010
v -0.02837015 0.00814944 -0.03096330
v -0.02646255 0.00816637 -0.03161084
v -0.03070497 0.00812876 -0.02736811
v -0.03039407 0.00813151 -0.02698927
v -0.02562911 0.00817383 -0.03092682
v -0.02646255 0.00816637 -0.03161084
v -0.02562911 0.00817383 -0.03092682
v -0.02643591 0.00516654 -0.03161084
v -0.02646255 0.00816637 -0.03161084
v -0.02643591 0.00516654 -0.03161084
v -0.02683871 0.00686384 -0.03208332
v -0.02684599 0.00816298 -0.03207801
v -0.02684599 0.00816298 -0.03207801
v -0.02684599 0.00816298 -0.03207801
v -0.02683871 0.00686384 -0.03208332
v -0.02714639 0.00816035 -0.03244422
v -0.02711988 0.00516039 -0.03244422
v -0.02714639 0.00816035 -0.03244422
v -0.02682937 0.00516296 -0.03209024
v -0.02711988 0.00516039 -0.03244422
v -0.02830296 0.00514996 -0.03101235
v -0.02896971 0.00514400 -0.03052472
v -0.02711988 0.00516039 -0.03244422
v -0.02711988 0.00516039 -0.03244422
v -0.02830296 0.00514996 -0.03101235
v -0.02682937 0.00516296 -0.03209024
v -0.02643591 0.00516654 -0.03161084
v -0.03105712 0.00512546 -0.02767913
v -0.02560241 0.00517386 -0.03092682
v -0.02560241 0.00517386 -0.03092682
v -0.03036749 0.00513161 -0.02698927
v -0.03067834 0.00512886 -0.02736811
v -0.03036749 0.00513161 -0.02698927
v -0.03067834 0.00512886 -0.02736811
v -0.03013646 0.00513369 -0.02655714
v -0.03013646 0.00513369 -0.02655714
v -0.03039407 0.00813151 -0.02698927
v -0.03036749 0.00513161 -0.02698927
v -0.03067834 0.00512886 -0.02736811
v -0.03036749 0.00513161 -0.02698927
v -0.03070497 0.00812876 -0.02736811
v -0.03039407 0.00813151 -0.02698927
v -0.02562911 0.00817383 -0.03092682
v -0.02467824 0.00818223 -0.03041857
v -0.02560241 0.00517386 -0.03092682
v -0.02465159 0.00518238 -0.03041857
v -0.02997280 0.00813526 -0.02560043
v -0.02467824 0.00818223 -0.03041857
v -0.02467824 0.00818223 -0.03041857
v -0.02364659 0.00819141 -0.03010551
v -0.02465159 0.00518238 -0.03041857
v -0.03016304 0.00813353 -0.02655714
v -0.03002077 0.00813484 -0.02608811
v -0.03016304 0.00813353 -0.02655714
v -0.02999414 0.00513494 -0.02608811
v -0.03002077 0.00813484 -0.02608811
v -0.03002077 0.00813484 -0.02608811
v -0.03016304 0.00813353 -0.02655714
v -0.03013646 0.00513369 -0.02655714
v -0.03198493 0.00811738 -0.02805231
v -0.03151595 0.00812155 -0.02791010
v -0.02905964 0.00814337 -0.03045898
v -0.03042429 0.00813121 -0.02946077
v -0.03230673 0.00811452 -0.02808402
v -0.03244596 0.00511318 -0.02810035
v -0.03293371 0.00510883 -0.02805231
v -0.03244596 0.00511318 -0.04289929
v -0.02762806 0.00515586 -0.03760461
v -0.02796770 0.00815302 -0.03657292
v -0.02794099 0.00515318 -0.03657292
v -0.02762806 0.00515586 -0.03760461
v -0.02796770 0.00815302 -0.03657292
v -0.02765464 0.00815583 -0.03760461
v -0.03247267 0.00811302 -0.04289929
v -0.02796770 0.00815302 -0.03657292
v -0.02765464 0.00815583 -0.03760461
v -0.02765464 0.00815583 -0.03760461
v -0.02762806 0.00515586 -0.03760461
v -0.02711988 0.00516039 -0.03855555
v -0.02714639 0.00816035 -0.03855555
v -0.02714639 0.00816035 -0.03855555
v -0.03151595 0.00812155 -0.04308961
v -0.03198493 0.00811738 -0.04294740
v -0.03148943 0.00512165 -0.04308961
v -0.02711988 0.00516039 -0.03855555
v -0.02711988 0.00516039 -0.03855555
v -0.02643591 0.00516654 -0.03938900
v -0.02646255 0.00816637 -0.03938900
v -0.03105712 0.00512546 -0.04332070
v -0.02643591 0.00516654 -0.03938900
v -0.02714639 0.00816035 -0.03855555
v -0.03105712 0.00512546 -0.04332070
v -0.03036749 0.00513161 -0.04401038
v -0.03293371 0.00510883 -0.04294740
v -0.03105712 0.00512546 -0.04332070
v -0.03067834 0.00512886 -0.04363160
v -0.03036749 0.00513161 -0.04401038
v -0.03067834 0.00512886 -0.04363160
v -0.03070497 0.00812876 -0.04363160
v -0.03067834 0.00512886 -0.04363160
v -0.03105712 0.00512546 -0.04332070
v -0.03105712 0.00512546 -0.04332070
v -0.03148943 0.00512165 -0.04308961
v -0.03151595 0.00812155 -0.04308961
v -0.03108382 0.00812536 -0.04332070
v -0.03148943 0.00512165 -0.04308961
v -0.03108382 0.00812536 -0.04332070
v -0.03108382 0.00812536 -0.04332070
v -0.02646255 0.00816637 -0.03938900
v -0.03070497 0.00812876 -0.04363160
v -0.03070497 0.00812876 -0.04363160
v -0.03039407 0.00813151 -0.04401038
v -0.03067834 0.00512886 -0.04363160
v -0.03039407 0.00813151 -0.04401038
v -0.03036749 0.00513161 -0.04401038
v -0.03016304 0.00813353 -0.04444270
v -0.03036749 0.00513161 -0.04401038
v -0.03039407 0.00813151 -0.04401038
v -0.02562911 0.00817383 -0.04007290
v -0.03016304 0.00813353 -0.04444270
v -0.02467824 0.00818223 -0.04058121
v -0.02562911 0.00817383 -0.04007290
v -0.02465159 0.00518238 -0.04058121
v -0.02560241 0.00517386 -0.04007290
v -0.02467824 0.00818223 -0.04058121
v -0.02562911 0.00817383 -0.04007290
v -0.02646255 0.00816637 -0.03938900
v -0.02560241 0.00517386 -0.04007290
v -0.03013646 0.00513369 -0.04444270
v -0.02465159 0.00518238 -0.04058121
v -0.02560241 0.00517386 -0.04007290
v -0.03036749 0.00513161 -0.04401038
v -0.02643591 0.00516654 -0.03938900
v -0.02999414 0.00513494 -0.04491167
v -0.03013646 0.00513369 -0.04444270
v -0.02999414 0.00513494 -0.04491167
v -0.03013646 0.00513369 -0.04444270
v -0.03002077 0.00813484 -0.04491167
v -0.02999414 0.00513494 -0.04491167
v -0.03013646 0.00513369 -0.04444270
v -0.03016304 0.00813353 -0.04444270
v -0.03002077 0.00813484 -0.04491167
v -0.02997280 0.00813526 -0.04539929
v -0.03002077 0.00813484 -0.04491167
v -0.02994608 0.00513536 -0.04539929
v -0.02999414 0.00513494 -0.04491167
v -0.02997280 0.00813526 -0.04539929
v -0.02994608 0.00513536 -0.04539929
v -0.02999414 0.00513494 -0.04588710
v -0.03036749 0.00513161 -0.04678833
v -0.02361989 0.00519145 -0.04089413
v -0.02994608 0.00513536 -0.04539929
v -0.02999414 0.00513494 -0.04588710
v -0.02994608 0.00513536 -0.04539929
v -0.02997280 0.00813526 -0.04539929
v -0.02999414 0.00513494 -0.04588710
v -0.02999414 0.00513494 -0.04491167
v -0.02994608 0.00513536 -0.04539929
v -0.03036749 0.00513161 -0.04678833
v -0.02254694 0.00520098 -0.04099982
v -0.02364659 0.00819141 -0.04089413
v -0.02361989 0.00519145 -0.04089413
v -0.02254694 0.00520098 -0.04099982
v -0.02364659 0.00819141 -0.04089413
v -0.02467824 0.00818223 -0.04058121
v -0.02361989 0.00519145 -0.04089413
v -0.02465159 0.00518238 -0.04058121
v -0.02257359 0.00820088 -0.04099982
v -0.02364659 0.00819141 -0.04089413
v -0.02257359 0.00820088 -0.04099982
v -0.03002077 0.00813484 -0.04588710
v -0.03016304 0.00813353 -0.04635608
v -0.03016304 0.00813353 -0.04635608
v -0.02999414 0.00513494 -0.04588710
v -0.03002077 0.00813484 -0.04588710
v -0.03002077 0.00813484 -0.04588710
v -0.03013646 0.00513369 -0.04635608
v -0.03016304 0.00813353 -0.04635608
v -0.03039407 0.00813151 -0.04678833
v -0.03013646 0.00513369 -0.04635608
v -0.01498407 0.00826830 -0.04635608
v -0.03039407 0.00813151 -0.04678833
v -0.01472640 0.00527042 -0.04678833
v -0.01475310 0.00827032 -0.04678833
v -0.01498407 0.00826830 -0.04635608
v -0.01475310 0.00827032 -0.04678833
v -0.01495742 0.00526834 -0.04635608
v -0.01512628 0.00826705 -0.04588710
v -0.01495742 0.00526834 -0.04635608
v -0.01498407 0.00826830 -0.04635608
v -0.01512628 0.00826705 -0.04588710
v -0.01403677 0.00527650 -0.04747800
v -0.01441562 0.00527316 -0.04716717
v -0.01495742 0.00526834 -0.04635608
v -0.01360458 0.00528038 -0.04770903
v -0.01403677 0.00527650 -0.04747800
v -0.01495742 0.00526834 -0.04635608
v -0.01216013 0.00529325 -0.04785137
v -0.01264786 0.00528884 -0.04789935
v -0.01216013 0.00529325 -0.04785137
v -0.01186043 0.00529581 -0.04303829
v -0.01264786 0.00528884 -0.04789935
v -0.01360458 0.00528038 -0.04770903
v -0.01472640 0.00527042 -0.04678833
v -0.03013646 0.00513369 -0.04635608
v -0.01472640 0.00527042 -0.04678833
v -0.01495742 0.00526834 -0.04635608
v -0.01495742 0.00526834 -0.04444270
v -0.01509970 0.00526714 -0.04588710
v -0.01495742 0.00526834 -0.04635608
v -0.01509970 0.00526714 -0.04588710
v -0.02254694 0.00520098 -0.04099982
v -0.01509970 0.00526714 -0.04588710
v -0.01313561 0.00528449 -0.04785137
v -0.01104748 0.00530303 -0.04999988
v -0.01313561 0.00528449 -0.04785137
v -0.01360458 0.00528038 -0.04770903
v -0.01360458 0.00528038 -0.04770903
v -0.01313561 0.00528449 -0.04785137
v -0.01363122 0.00828028 -0.04770903
v -0.01403677 0.00527650 -0.04747800
v -0.01104748 0.00530303 -0.04999988
v -0.01360458 0.00528038 -0.04770903
v -0.01360458 0.00528038 -0.04770903
v -0.01363122 0.00828028 -0.04770903
v -0.01403677 0.00527650 -0.04747800
v -0.01406335 0.00827647 -0.04747800
v -0.01316220 0.00828445 -0.04785137
v -0.01316220 0.00828445 -0.04785137
v -0.01107400 0.00830298 -0.04999988
v -0.01363122 0.00828028 -0.04770903
v -0.01406335 0.00827647 -0.04747800
v -0.01403677 0.00527650 -0.04747800
v -0.01406335 0.00827647 -0.04747800
v -0.01444208 0.00827313 -0.04716717
v -0.01444208 0.00827313 -0.04716717
v -0.03108382 0.00812536 -0.04747800
v -0.01441562 0.00527316 -0.04716717
v -0.03070497 0.00812876 -0.04716717
v -0.01441562 0.00527316 -0.04716717
v -0.01444208 0.00827313 -0.04716717
v -0.01475310 0.00827032 -0.04678833
v -0.03067834 0.00512886 -0.04716717
v -0.03036749 0.00513161 -0.04678833
v -0.03070497 0.00812876 -0.04716717
v -0.03039407 0.00813151 -0.04678833
v -0.03067834 0.00512886 -0.04716717
v -0.03070497 0.00812876 -0.04716717
v -0.03108382 0.00812536 -0.04747800
v -0.01403677 0.00527650 -0.04747800
v -0.01441562 0.00527316 -0.04716717
v -0.03067834 0.00512886 -0.04716717
v -0.03105712 0.00512546 -0.04747800
v -0.03067834 0.00512886 -0.04716717
v -0.03105712 0.00512546 -0.04747800
v -0.03105712 0.00512546 -0.04747800
v -0.03036749 0.00513161 -0.04678833
v -0.03105712 0.00512546 -0.04747800
v -0.03148943 0.00512165 -0.04770903
v -0.03148943 0.00512165 -0.04770903
v -0.03105712 0.00512546 -0.04747800
v -0.03108382 0.00812536 -0.04747800
v -0.03148943 0.00512165 -0.04770903
v -0.03195834 0.00511748 -0.04785137
v -0.03195834 0.00511748 -0.04785137
v -0.03504646 0.00509012 -0.04999988
v -0.03195834 0.00511748 -0.04785137
v -0.03148943 0.00512165 -0.04770903
v -0.03198493 0.00811738 -0.04785137
v -0.03151595 0.00812155 -0.04770903
v -0.03151595 0.00812155 -0.04770903
v -0.03383488 0.00510085 -0.04747800
v -0.03543663 0.00508666 -0.04996137
v -0.03543663 0.00508666 -0.04996137
v -0.03546322 0.00808651 -0.04996137
v -0.03504646 0.00509012 -0.04999988
v -0.01104748 0.00530303 -0.04999988
v -0.03504646 0.00509012 -0.04999988
v -0.01107400 0.00830298 -0.04999988
v -0.03340269 0.00510472 -0.04770903
v -0.03293371 0.00510883 -0.04785137
v -0.03244596 0.00511318 -0.04789935
v -0.03507317 0.00808996 -0.04999988
v -0.03507317 0.00808996 -0.04999988
v -0.03546322 0.00808651 -0.04996137
v -0.03507317 0.00808996 -0.04999988
v -0.03543663 0.00508666 -0.04996137
v -0.03581178 0.00508332 -0.04984765
v -0.03546322 0.00808651 -0.04996137
v -0.03583842 0.00808317 -0.04984765
v -0.03583842 0.00808317 -0.04984765
v -0.03581178 0.00508332 -0.04984765
v -0.03615748 0.00508022 -0.04966275
v -0.03583842 0.00808317 -0.04984765
v -0.03618418 0.00808012 -0.04966275
v -0.03618418 0.00808012 -0.04966275
v -0.03615748 0.00508022 -0.04966275
v -0.03646052 0.00507748 -0.04941402
v -0.03618418 0.00808012 -0.04966275
v -0.03648729 0.00807738 -0.04941402
v -0.03424036 0.00809735 -0.04716717
v -0.03618418 0.00808012 -0.04966275
v -0.03648729 0.00807738 -0.04941402
v -0.03646052 0.00507748 -0.04941402
v -0.03615748 0.00508022 -0.04966275
v -0.03421372 0.00509751 -0.04716717
v -0.03646052 0.00507748 -0.04941402
v -0.03670925 0.00507534 -0.04911093
v -0.03646052 0.00507748 -0.04941402
v -0.03670925 0.00507534 -0.04911093
v -0.03648729 0.00807738 -0.04941402
v -0.03689414 0.00507372 -0.04876523
v -0.03689414 0.00507372 -0.04876523
v -0.03692072 0.00807357 -0.04876523
v -0.03670925 0.00507534 -0.04911093
v -0.03670925 0.00507534 -0.04911093
v -0.03673595 0.00807524 -0.04911093
v -0.03648729 0.00807738 -0.04941402
v -0.03673595 0.00807524 -0.04911093
v -0.03692072 0.00807357 -0.04876523
v -0.03673595 0.00807524 -0.04911093
v -0.03689414 0.00507372 -0.04876523
v -0.03700786 0.00507265 -0.04839001
v -0.03692072 0.00807357 -0.04876523
v -0.03703458 0.00807255 -0.04839001
v -0.03648729 0.00807738 -0.04941402
v -0.03700786 0.00507265 -0.04839001
v -0.03689414 0.00507372 -0.04876523
v -0.03615748 0.00508022 -0.04966275
v -0.03581178 0.00508332 -0.04984765
v -0.03198493 0.00811738 -0.04785137
v -0.03151595 0.00812155 -0.04770903
v -0.03247267 0.00811302 -0.04789935
v -0.03296036 0.00810873 -0.04785137
v -0.03386146 0.00810075 -0.04747800
v -0.03342933 0.00810457 -0.04770903
v -0.03293371 0.00510883 -0.04785137
v -0.03244596 0.00511318 -0.04789935
v -0.03296036 0.00810873 -0.04785137
v -0.03293371 0.00510883 -0.04785137
v -0.03296036 0.00810873 -0.04785137
v -0.03342933 0.00810457 -0.04770903
v -0.03247267 0.00811302 -0.04789935
v -0.03342933 0.00810457 -0.04770903
v -0.03386146 0.00810075 -0.04747800
v -0.03383488 0.00510085 -0.04747800
v -0.03340269 0.00510472 -0.04770903
v -0.03340269 0.00510472 -0.04770903
v -0.03383488 0.00510085 -0.04747800
v -0.03386146 0.00810075 -0.04747800
v -0.03424036 0.00809735 -0.04716717
v -0.03244596 0.00511318 -0.04789935
v -0.03195834 0.00511748 -0.04785137
v -0.03247267 0.00811302 -0.04789935
v -0.03198493 0.00811738 -0.04785137
v -0.03244596 0.00511318 -0.04789935
v -0.03293371 0.00510883 -0.04785137
v -0.03383488 0.00510085 -0.04747800
v -0.03340269 0.00510472 -0.04770903
v -0.03421372 0.00509751 -0.04716717
v -0.03421372 0.00509751 -0.04716717
v -0.01068389 0.00830644 -0.04996137
v -0.01065731 0.00530648 -0.04996137
v -0.01107400 0.00830298 -0.04999988
v -0.01068389 0.00830644 -0.04996137
v -0.01171773 0.00829727 -0.04770903
v -0.01104748 0.00530303 -0.04999988
v -0.01218670 0.00829309 -0.04785137
v -0.01267445 0.00828881 -0.04789935
v -0.01216013 0.00529325 -0.04785137
v -0.01218670 0.00829309 -0.04785137
v -0.01267445 0.00828881 -0.04789935
v -0.01264786 0.00528884 -0.04789935
v -0.01264786 0.00528884 -0.04789935
v -0.01267445 0.00828881 -0.04789935
v -0.01316220 0.00828445 -0.04785137
v -0.01216013 0.00529325 -0.04785137
v -0.01169115 0.00529742 -0.04770903
v -0.01218670 0.00829309 -0.04785137
v -0.01171773 0.00829727 -0.04770903
v -0.01125895 0.00530124 -0.04747800
v -0.01169115 0.00529742 -0.04770903
v -0.01065731 0.00530648 -0.04996137
v -0.01125895 0.00530124 -0.04747800
v -0.01169115 0.00529742 -0.04770903
v -0.01125895 0.00530124 -0.04747800
v -0.01128566 0.00830108 -0.04747800
v -0.01169115 0.00529742 -0.04770903
v -0.01171773 0.00829727 -0.04770903
v -0.01216013 0.00529325 -0.04785137
v -0.00965995 0.00831551 -0.04941402
v -0.01128566 0.00830108 -0.04747800
v -0.00941122 0.00831771 -0.04911093
v -0.00922644 0.00831937 -0.04876523
v -0.00996304 0.00831282 -0.04966275
v -0.01030868 0.00830978 -0.04984765
v -0.01125895 0.00530124 -0.04747800
v -0.01088023 0.00530452 -0.04716717
v -0.01128566 0.00830108 -0.04747800
v -0.01090681 0.00830448 -0.04716717
v -0.01090681 0.00830448 -0.04716717
v -0.00922644 0.00831937 -0.04876523
v -0.00911254 0.00832039 -0.04839001
v -0.00919980 0.00531948 -0.04876523
v -0.00911254 0.00832039 -0.04839001
v -0.00922644 0.00831937 -0.04876523
v -0.00919980 0.00531948 -0.04876523
v -0.00941122 0.00831771 -0.04911093
v -0.01088023 0.00530452 -0.04716717
v -0.00919980 0.00531948 -0.04876523
v -0.00908589 0.00532049 -0.04839001
v -0.00908589 0.00532049 -0.04839001
v -0.00938457 0.00531781 -0.04911093
v -0.00938457 0.00531781 -0.04911093
v -0.00963330 0.00531566 -0.04941402
v -0.00941122 0.00831771 -0.04911093
v -0.00938457 0.00531781 -0.04911093
v -0.00963330 0.00531566 -0.04941402
v -0.00993639 0.00531298 -0.04966275
v -0.00965995 0.00831551 -0.04941402
v -0.00965995 0.00831551 -0.04941402
v -0.00963330 0.00531566 -0.04941402
v -0.00993639 0.00531298 -0.04966275
v -0.00993639 0.00531298 -0.04966275
v -0.01125895 0.00530124 -0.04747800
v -0.01028209 0.00530982 -0.04984765
v -0.00996304 0.00831282 -0.04966275
v -0.00996304 0.00831282 -0.04966275
v -0.00993639 0.00531298 -0.04966275
v -0.01028209 0.00530982 -0.04984765
v -0.01030868 0.00830978 -0.04984765
v -0.01030868 0.00830978 -0.04984765
v -0.01028209 0.00530982 -0.04984765
v -0.01065731 0.00530648 -0.04996137
v -0.01028209 0.00530982 -0.04984765
v -0.00904757 0.00532085 -0.04799984
v -0.00904757 0.00532085 -0.04799984
v -0.00908589 0.00532049 -0.04839001
v -0.00907415 0.00832069 -0.04799984
v -0.00911254 0.00832039 -0.04839001
v -0.00907415 0.00832069 -0.04799984
v -0.01059585 0.00830722 -0.04678833
v -0.00907415 0.00832069 -0.04799984
v -0.00907344 0.00824392 -0.04507665
v -0.00904757 0.00532085 -0.04799984
v -0.00907415 0.00832069 -0.04799984
v -0.00907415 0.00832069 -0.04507612
v -0.00907344 0.00824392 -0.04507665
v -0.00907415 0.00832069 -0.04507612
v -0.01022273 0.00831050 -0.04588710
v -0.01036489 0.00830924 -0.04635608
v -0.01056927 0.00530738 -0.04678833
v -0.01059585 0.00830722 -0.04678833
v -0.01090681 0.00830448 -0.04716717
v -0.01033818 0.00530934 -0.04635608
v -0.01059585 0.00830722 -0.04678833
v -0.01056927 0.00530738 -0.04678833
v -0.01036489 0.00830924 -0.04635608
v -0.01019603 0.00531059 -0.04588710
v -0.01033818 0.00530934 -0.04635608
v -0.01056927 0.00530738 -0.04678833
v -0.01019603 0.00531059 -0.04588710
v -0.01033818 0.00530934 -0.04635608
v -0.01036489 0.00830924 -0.04635608
v -0.01033818 0.00530934 -0.04635608
v -0.01019603 0.00531059 -0.04588710
v -0.01056927 0.00530738 -0.04678833
v -0.01019603 0.00531059 -0.04491167
v -0.01014798 0.00531101 -0.04539929
v -0.01014798 0.00531101 -0.04539929
v -0.01017463 0.00831097 -0.04539929
v -0.01019603 0.00531059 -0.04588710
v -0.00911123 0.00532019 -0.04504900
v -0.01014798 0.00531101 -0.04539929
v -0.00904757 0.00532085 -0.04509567
v -0.01019603 0.00531059 -0.04588710
v -0.01056927 0.00530738 -0.04678833
v -0.01062625 0.00530678 -0.04394094
v -0.01022273 0.00831050 -0.04588710
v -0.01022273 0.00831050 -0.04588710
v -0.01019603 0.00531059 -0.04588710
v -0.00904757 0.00532085 -0.04509567
v -0.00911123 0.00532019 -0.04504900
v -0.01019603 0.00531059 -0.04491167
v -0.01062625 0.00530678 -0.04394094
v -0.01033818 0.00530934 -0.04444270
v -0.01033818 0.00530934 -0.04444270
v -0.01022273 0.00831050 -0.04491167
v -0.01019603 0.00531059 -0.04491167
v -0.00990999 0.00531316 -0.04446493
v -0.01033818 0.00530934 -0.04444270
v -0.01019603 0.00531059 -0.04491167
v -0.00919384 0.00531948 -0.04498868
v -0.00958026 0.00531614 -0.04470604
v -0.01022273 0.00831050 -0.04491167
v -0.01014798 0.00531101 -0.04539929
v -0.01019603 0.00531059 -0.04491167
v -0.00990999 0.00531316 -0.04446493
v -0.01019603 0.00531059 -0.04491167
v -0.00958026 0.00531614 -0.04470604
v -0.00899947 0.00532127 -0.04451214
v -0.00902611 0.00832117 -0.04451214
v -0.00888389 0.00832242 -0.04404317
v -0.00899947 0.00532127 -0.04451214
v -0.00885725 0.00532246 -0.04404317
v -0.00902611 0.00832117 -0.04451214
v -0.00899947 0.00532127 -0.04451214
v -0.00907415 0.00832069 -0.04499982
v -0.00904757 0.00532085 -0.04499982
v -0.00885725 0.00532246 -0.04404317
v -0.01004755 0.00531191 -0.04436426
v -0.00899947 0.00532127 -0.04451214
v -0.00919384 0.00531948 -0.04498868
v -0.00904757 0.00532085 -0.04499982
v -0.00862622 0.00532460 -0.04361091
v -0.01053965 0.00530756 -0.04400430
v -0.00865287 0.00832445 -0.04361091
v -0.00862622 0.00532460 -0.04361091
v -0.00885725 0.00532246 -0.04404317
v -0.00888389 0.00832242 -0.04404317
v -0.01053023 0.00530773 -0.04401122
v -0.00885725 0.00532246 -0.04404317
v -0.01053965 0.00530756 -0.04400430
v -0.01053023 0.00530773 -0.04401122
v -0.01053023 0.00530773 -0.04401122
v -0.01056927 0.00530738 -0.04401038
v -0.01033818 0.00530934 -0.04444270
v -0.01056927 0.00530738 -0.04401038
v -0.01056927 0.00530738 -0.04401038
v -0.01067447 0.00747687 -0.04390572
v -0.01059585 0.00830722 -0.04401038
v -0.01036489 0.00830924 -0.04444270
v -0.01056927 0.00530738 -0.04401038
v -0.01059585 0.00830722 -0.04401038
v -0.01033818 0.00530934 -0.04444270
v -0.01056927 0.00530738 -0.04401038
v -0.01062625 0.00530678 -0.04394094
v -0.01056927 0.00530738 -0.04401038
v -0.01062625 0.00530678 -0.04394094
v -0.01090681 0.00830448 -0.04363160
v -0.01069301 0.00830633 -0.04389225
v -0.01067447 0.00747687 -0.04390572
v -0.01069301 0.00830633 -0.04389225
v -0.01059585 0.00830722 -0.04401038
v -0.01067447 0.00747687 -0.04390572
v -0.01090681 0.00830448 -0.04363160
v -0.01088023 0.00530452 -0.04363160
v -0.01090681 0.00830448 -0.04363160
v -0.01128566 0.00830108 -0.04332070
v -0.00834191 0.00832725 -0.04323213
v -0.00865287 0.00832445 -0.04361091
v -0.01090681 0.00830448 -0.04363160
v -0.01088023 0.00530452 -0.04363160
v -0.01125895 0.00530124 -0.04332070
v -0.01054549 0.00830764 -0.04400001
v -0.01090681 0.00830448 -0.04363160
v -0.01054549 0.00830764 -0.04400001
v -0.01069301 0.00830633 -0.04389225
v -0.01128566 0.00830108 -0.04332070
v -0.00803018 0.00832999 -0.04292421
v -0.01171773 0.00829727 -0.04308961
v -0.01128566 0.00830108 -0.04332070
v -0.01125895 0.00530124 -0.04332070
v -0.01171773 0.00829727 -0.04308961
v -0.00803018 0.00832999 -0.04292928
v -0.00803018 0.00832999 -0.04297624
v -0.00796306 0.00833058 -0.04292123
v -0.00803018 0.00832999 -0.04292421
v -0.00803018 0.00832999 -0.04292928
v -0.00802738 0.00778234 -0.04297791
v -0.00803018 0.00832999 -0.04297624
v -0.00834191 0.00832725 -0.04323213
v -0.00803018 0.00832999 -0.04297624
v -0.00802738 0.00778234 -0.04297791
v -0.00796306 0.00833058 -0.04292123
v -0.00831527 0.00532728 -0.04323213
v -0.00801480 0.00533003 -0.04273890
v -0.00801480 0.00533003 -0.03948156
v -0.00801480 0.00533003 -0.04292475
v -0.00793642 0.00533074 -0.04292123
v -0.00801480 0.00533003 -0.04298548
v -0.00803018 0.00832999 -0.03878949
v -0.00801480 0.00533003 -0.04293065
v -0.00801480 0.00533003 -0.04298548
v -0.00801480 0.00533003 -0.04293065
v -0.01125895 0.00530124 -0.04332070
v -0.00831527 0.00532728 -0.04323213
v -0.01088023 0.00530452 -0.04363160
v -0.00834191 0.00832725 -0.04323213
v -0.00831527 0.00532728 -0.04323213
v -0.00862622 0.00532460 -0.04361091
v -0.00801480 0.00533003 -0.04293065
v -0.00831527 0.00532728 -0.04323213
v -0.00801480 0.00533003 -0.04298548
v -0.01169115 0.00529742 -0.04308961
v -0.00801480 0.00533003 -0.04292475
v -0.00801480 0.00533003 -0.04273890
v -0.00801480 0.00533003 -0.04273890
v -0.00801480 0.00533003 -0.04292475
v -0.00793642 0.00533074 -0.04292123
v -0.01125895 0.00530124 -0.04332070
v -0.00801480 0.00533003 -0.03948156
v -0.01208138 0.00529397 -0.04287670
v -0.01186043 0.00529581 -0.04303829
v -0.01169115 0.00529742 -0.04308961
v -0.01208138 0.00529397 -0.04287670
v -0.01169115 0.00529742 -0.04308961
v -0.01186043 0.00529581 -0.04303829
v -0.01169115 0.00529742 -0.04308961
v -0.01125895 0.00530124 -0.04332070
v -0.01169115 0.00529742 -0.04308961
v -0.01184701 0.00741941 -0.04304813
v -0.01171773 0.00829727 -0.04308961
v -0.01186043 0.00529581 -0.04303829
v -0.01218670 0.00829309 -0.04294740
v -0.01184147 0.00829620 -0.04305218
v -0.01216013 0.00529325 -0.04294740
v -0.01186043 0.00529581 -0.04303829
v -0.01216013 0.00529325 -0.04294740
v -0.01239533 0.00529110 -0.04264711
v -0.01216013 0.00529325 -0.04294740
v -0.01264786 0.00528884 -0.04289929
v -0.01216013 0.00529325 -0.04294740
v -0.01218670 0.00829309 -0.04294740
v -0.01216013 0.00529325 -0.04294740
v -0.01264786 0.00528884 -0.04289929
v -0.01264786 0.00528884 -0.04289929
v -0.01267445 0.00828881 -0.04289929
v -0.01313561 0.00528449 -0.04294740
v -0.01264786 0.00528884 -0.04289929
v -0.01383686 0.00527829 -0.04159276
v -0.01329725 0.00528312 -0.04198734
v -0.01383686 0.00527829 -0.04159276
v -0.01239533 0.00529110 -0.04264711
v -0.01329725 0.00528312 -0.04198734
v -0.01313561 0.00528449 -0.04294740
v -0.01264786 0.00528884 -0.04289929
v -0.01267445 0.00828881 -0.04289929
v -0.01264786 0.00528884 -0.04289929
v -0.01313561 0.00528449 -0.04294740
v -0.01239925 0.00829125 -0.04264419
v -0.01218670 0.00829309 -0.04294740
v -0.01267445 0.00828881 -0.04289929
v -0.01316220 0.00828445 -0.04294740
v -0.01391632 0.00827777 -0.04153472
v -0.01335275 0.00828278 -0.04194681
v -0.01316220 0.00828445 -0.04294740
v -0.01363122 0.00828028 -0.04308961
v -0.01316220 0.00828445 -0.04294740
v -0.01360458 0.00528038 -0.04308961
v -0.01313561 0.00528449 -0.04294740
v -0.01487630 0.00826925 -0.04083245
v -0.01363122 0.00828028 -0.04308961
v -0.01487630 0.00826925 -0.04083245
v -0.01363122 0.00828028 -0.04308961
v -0.01558512 0.00826294 -0.04031412
v -0.01749253 0.00824600 -0.03760461
v -0.01749253 0.00824600 -0.03760461
v -0.01717942 0.00824880 -0.03657292
v -0.01749253 0.00824600 -0.03760461
v -0.01799756 0.00824154 -0.03854965
v -0.01799744 0.00822335 -0.03854970
v -0.01799756 0.00824154 -0.03854965
v -0.01558512 0.00826294 -0.04031412
v -0.01746582 0.00524604 -0.03760461
v -0.01749253 0.00824600 -0.03760461
v -0.01746582 0.00524604 -0.03760461
v -0.01715284 0.00524891 -0.03657292
v -0.01717942 0.00824880 -0.03657292
v -0.01717942 0.00824880 -0.03657292
v -0.01715284 0.00524891 -0.03657292
v -0.01707382 0.00824970 -0.03549986
v -0.01707382 0.00824970 -0.03549986
v -0.00803018 0.00832999 -0.03592698
v -0.00803018 0.00832999 -0.03772269
v -0.01704710 0.00524980 -0.03549986
v -0.01707382 0.00824970 -0.03549986
v -0.01704710 0.00524980 -0.03549986
v -0.01717942 0.00824880 -0.03442685
v -0.00803018 0.00832999 -0.03587483
v -0.00803018 0.00832999 -0.03403531
v -0.01717942 0.00824880 -0.03442685
v -0.01746582 0.00524604 -0.03339510
v -0.01749253 0.00824600 -0.03339510
v -0.01717942 0.00824880 -0.03442685
v -0.01715284 0.00524891 -0.03442685
v -0.01715284 0.00524891 -0.03442685
v -0.00803018 0.00832999 -0.03396599
v -0.00803018 0.00832999 -0.03396599
v -0.00801480 0.00533003 -0.03449999
v -0.00803018 0.00832999 -0.03324638
v -0.00803018 0.00832999 -0.03403531
v -0.00803018 0.00832999 -0.03324638
v -0.00796187 0.00833065 -0.03332214
v -0.00803018 0.00832999 -0.03396599
v -0.00803018 0.00832999 -0.03324638
v -0.00796187 0.00833059 -0.03396253
v -0.00796187 0.00833059 -0.03402422
v -0.00796187 0.00833065 -0.03332214
v -0.00796187 0.00833065 -0.03325395
v -0.00803018 0.00832999 -0.03316997
v -0.00796187 0.00833065 -0.03316162
v -0.00803018 0.00832999 -0.03316997
v -0.00801480 0.00533003 -0.03177422
v -0.00803018 0.00832999 -0.03306620
v -0.01218670 0.00829309 -0.02805231
v -0.00803018 0.00832999 -0.03316997
v -0.00803018 0.00832999 -0.03306620
v -0.00803018 0.00832999 -0.03306620
v -0.00803018 0.00832999 -0.03100788
v -0.00796187 0.00833059 -0.03106522
v -0.00796187 0.00833059 -0.03106522
v -0.00796187 0.00833059 -0.03090649
v -0.00796187 0.00833059 -0.03070866
v -0.00796187 0.00833059 -0.03587763
v -0.00796187 0.00833059 -0.03592214
v -0.00796187 0.00833059 -0.03773121
v -0.00796187 0.00833059 -0.03852902
v -0.00803018 0.00832999 -0.03859238
v -0.00796187 0.00833059 -0.03860520
v -0.00803018 0.00832999 -0.03867529
v -0.00796187 0.00833059 -0.03870992
v -0.00796187 0.00833059 -0.04291312
v -0.00803018 0.00832999 -0.03878949
v -0.00796187 0.00833059 -0.04291873
v -0.00796306 0.00833058 -0.04292123
v -0.00796187 0.00833059 -0.04291312
v -0.00796187 0.00833059 -0.04292051
v -0.00796187 0.00833059 -0.04292051
v -0.00796181 0.00832218 -0.04292051
v -0.00796306 0.00833058 -0.04292123
v -0.00793642 0.00533074 -0.04292123
v -0.00796306 0.00833058 -0.04292123
v -0.00796181 0.00832218 -0.04292051
v -0.00793642 0.00533074 -0.04292123
v -0.00796181 0.00832218 -0.04292051
v -0.00793028 0.00533080 -0.04291783
v -0.00793028 0.00533080 -0.04291783
v -0.00793028 0.00533080 -0.04273079
v -0.00793028 0.00533080 -0.03939859
v -0.00801480 0.00533003 -0.03948156
v -0.00793028 0.00533080 -0.03914969
v -0.00801480 0.00533003 -0.03922556
v -0.00793028 0.00533080 -0.03914969
v -0.00793028 0.00533074 -0.03649920
v -0.00801480 0.00533003 -0.03649978
v -0.00801480 0.00533003 -0.03649978
v -0.00793028 0.00533074 -0.03623514
v -0.00801480 0.00533003 -0.03622828
v -0.00793028 0.00533074 -0.03549986
v -0.00793028 0.00533074 -0.03549986
v -0.00793028 0.00533080 -0.03476463
v -0.00801480 0.00533003 -0.03477149
v -0.00801480 0.00533003 -0.03549986
v -0.00801480 0.00533003 -0.03477149
v -0.01704710 0.00524980 -0.03549986
v -0.00801480 0.00533003 -0.03622828
v -0.00801480 0.00533003 -0.03549986
v -0.00803018 0.00832999 -0.03587483
v -0.00801480 0.00533003 -0.03477149
v -0.00801480 0.00533003 -0.03449999
v -0.00793028 0.00533080 -0.03450058
v -0.00793028 0.00533080 -0.03185008
v -0.00801480 0.00533003 -0.03177422
v -0.00793028 0.00533080 -0.03160111
v -0.00801480 0.00533003 -0.03151814
v -0.00793028 0.00533080 -0.03094941
v -0.00801480 0.00533003 -0.03088110
v -0.00793028 0.00533080 -0.03066211
v -0.00793028 0.00533074 -0.02773921
v -0.00801480 0.00533003 -0.03058636
v -0.00801480 0.00533003 -0.03649978
v -0.00801480 0.00533003 -0.03922556
v -0.01715284 0.00524891 -0.03657292
v -0.00801480 0.00533003 -0.03922556
v -0.00803018 0.00832999 -0.03772269
v -0.00803018 0.00832999 -0.03592698
v -0.00803018 0.00832999 -0.03859238
v -0.00803018 0.00832999 -0.03867529
v -0.01210278 0.00829386 -0.04286109
v -0.01239925 0.00829125 -0.04264419
v -0.01210278 0.00829386 -0.04286109
v -0.01218670 0.00829309 -0.04294740
v -0.01184147 0.00829620 -0.04305218
v -0.01184147 0.00829620 -0.04305218
v -0.01715284 0.00524891 -0.03657292
v -0.01746582 0.00524604 -0.03760461
v -0.01481086 0.00526971 -0.04088037
v -0.01746582 0.00524604 -0.03760461
v -0.01481086 0.00526971 -0.04088037
v -0.01553017 0.00526327 -0.04035424
v -0.01793694 0.00524199 -0.03859405
v -0.01553017 0.00526327 -0.04035424
v -0.01797396 0.00524163 -0.03855555
v -0.01793694 0.00524199 -0.03859405
v -0.01798957 0.00699067 -0.03855555
v -0.01797396 0.00524163 -0.03855555
v -0.01798957 0.00699067 -0.03855555
v -0.01797991 0.00526673 -0.03856252
v -0.01797396 0.00524163 -0.03855555
v -0.01800066 0.00824153 -0.03855555
v -0.01798957 0.00699067 -0.03855555
v -0.01799744 0.00822335 -0.03854970
v -0.01868468 0.00823546 -0.03938900
v -0.01798957 0.00699067 -0.03855555
v -0.01800066 0.00824153 -0.03855555
v -0.01797991 0.00526673 -0.03856252
v -0.01868468 0.00823546 -0.03938900
v -0.01800066 0.00824153 -0.03855555
v -0.01406335 0.00827647 -0.04332070
v -0.01444208 0.00827313 -0.04363160
v -0.01865804 0.00523549 -0.03938900
v -0.01868468 0.00823546 -0.03938900
v -0.01951808 0.00822800 -0.04007290
v -0.01865804 0.00523549 -0.03938900
v -0.01475310 0.00827032 -0.04401038
v -0.01951808 0.00822800 -0.04007290
v -0.01498407 0.00826830 -0.04444270
v -0.02046896 0.00821960 -0.04058121
v -0.01951808 0.00822800 -0.04007290
v -0.02046896 0.00821960 -0.04058121
v -0.01949149 0.00522810 -0.04007290
v -0.01949149 0.00522810 -0.04007290
v -0.01472640 0.00527042 -0.04401038
v -0.01949149 0.00522810 -0.04007290
v -0.01495742 0.00526834 -0.04444270
v -0.01865804 0.00523549 -0.03938900
v -0.02044230 0.00521964 -0.04058121
v -0.02044230 0.00521964 -0.04058121
v -0.01509970 0.00526714 -0.04491167
v -0.01509970 0.00526714 -0.04491167
v -0.02044230 0.00521964 -0.04058121
v -0.01514780 0.00526667 -0.04539929
v -0.02147400 0.00521058 -0.04089413
v -0.01514780 0.00526667 -0.04539929
v -0.02147400 0.00521058 -0.04089413
v -0.02044230 0.00521964 -0.04058121
v -0.02046896 0.00821960 -0.04058121
v -0.02257359 0.00820088 -0.04099982
v -0.02254694 0.00520098 -0.04099982
v -0.02147400 0.00521058 -0.04089413
v -0.01509970 0.00526714 -0.04588710
v -0.02150058 0.00821042 -0.04089413
v -0.02150058 0.00821042 -0.04089413
v -0.01517432 0.00826657 -0.04539929
v -0.02150058 0.00821042 -0.04089413
v -0.01517432 0.00826657 -0.04539929
v -0.02046896 0.00821960 -0.04058121
v -0.01512628 0.00826705 -0.04491167
v -0.01512628 0.00826705 -0.04491167
v -0.01509970 0.00526714 -0.04491167
v -0.01517432 0.00826657 -0.04539929
v -0.01514780 0.00526667 -0.04539929
v -0.01512628 0.00826705 -0.04588710
v -0.01517432 0.00826657 -0.04539929
v -0.01514780 0.00526667 -0.04539929
v -0.01512628 0.00826705 -0.04491167
v -0.01512628 0.00826705 -0.04491167
v -0.01498407 0.00826830 -0.04444270
v -0.01509970 0.00526714 -0.04491167
v -0.01514780 0.00526667 -0.04539929
v -0.01509970 0.00526714 -0.04491167
v -0.01509970 0.00526714 -0.04588710
v -0.01514780 0.00526667 -0.04539929
v -0.01495742 0.00526834 -0.04444270
v -0.01509970 0.00526714 -0.04588710
v -0.01495742 0.00526834 -0.04444270
v -0.01472640 0.00527042 -0.04401038
v -0.01441562 0.00527316 -0.04363160
v -0.01441562 0.00527316 -0.04363160
v -0.01444208 0.00827313 -0.04363160
v -0.01441562 0.00527316 -0.04363160
v -0.01472640 0.00527042 -0.04401038
v -0.01475310 0.00827032 -0.04401038
v -0.01475310 0.00827032 -0.04401038
v -0.01472640 0.00527042 -0.04401038
v -0.01495742 0.00526834 -0.04444270
v -0.01403677 0.00527650 -0.04332070
v -0.01444208 0.00827313 -0.04363160
v -0.01406335 0.00827647 -0.04332070
v -0.01441562 0.00527316 -0.04363160
v -0.01403677 0.00527650 -0.04332070
v -0.01403677 0.00527650 -0.04332070
v -0.01403677 0.00527650 -0.04332070
v -0.01360458 0.00528038 -0.04308961
v -0.01360458 0.00528038 -0.04308961
v -0.01403677 0.00527650 -0.04332070
v -0.01406335 0.00827647 -0.04332070
v -0.01360458 0.00528038 -0.04308961
v -0.01795030 0.00524181 -0.03858428
v -0.01793694 0.00524199 -0.03859405
v -0.01795030 0.00524181 -0.03858428
v -0.01403677 0.00527650 -0.04332070
v -0.01797396 0.00524163 -0.03855555
v -0.01795030 0.00524181 -0.03858428
v -0.01797396 0.00524163 -0.03855555
v -0.01797986 0.00524152 -0.03856264
v -0.01795030 0.00524181 -0.03858428
v -0.01797986 0.00524152 -0.03856264
v -0.01865804 0.00523549 -0.03938900
v -0.01797986 0.00524152 -0.03856264
v -0.01797986 0.00524152 -0.03856264
v -0.01498407 0.00826830 -0.04444270
v -0.01363122 0.00828028 -0.04308961
v -0.01800066 0.00824153 -0.03855555
v -0.01360458 0.00528038 -0.04308961
v -0.01360458 0.00528038 -0.04308961
v -0.01088023 0.00530452 -0.04363160
v -0.01125895 0.00530124 -0.04332070
v -0.01059585 0.00830722 -0.04401038
v -0.01052951 0.00830781 -0.04401170
v -0.00888389 0.00832242 -0.04404317
v -0.01052951 0.00830781 -0.04401170
v -0.01059585 0.00830722 -0.04401038
v -0.01069301 0.00830633 -0.04389225
v -0.01036489 0.00830924 -0.04444270
v -0.01005464 0.00831205 -0.04435895
v -0.01005464 0.00831205 -0.04435895
v -0.00902611 0.00832117 -0.04451214
v -0.01036489 0.00830924 -0.04444270
v -0.00990790 0.00831330 -0.04446642
v -0.00902611 0.00832117 -0.04451214
v -0.00990790 0.00831330 -0.04446642
v -0.01022273 0.00831050 -0.04491167
v -0.00958860 0.00831616 -0.04469996
v -0.00919074 0.00831968 -0.04499094
v -0.00907415 0.00832069 -0.04499982
v -0.00914389 0.00832009 -0.04502515
v -0.01017463 0.00831097 -0.04539929
v -0.00912493 0.00832027 -0.04503904
v -0.01017463 0.00831097 -0.04539929
v -0.00914389 0.00832009 -0.04502515
v -0.00912493 0.00832027 -0.04503904
v -0.00865287 0.00832445 -0.04361091
v -0.01088023 0.00530452 -0.04363160
v -0.01062625 0.00530678 -0.04394094
v -0.01053965 0.00530756 -0.04400430
v -0.01036489 0.00830924 -0.04444270
v -0.00913501 0.00532007 -0.04503165
v -0.00907415 0.00832069 -0.04499982
v -0.00904757 0.00532085 -0.04499982
v -0.00904757 0.00532085 -0.04509567
v -0.00904757 0.00532085 -0.04499982
v -0.00913501 0.00532007 -0.04503165
v -0.01014798 0.00531101 -0.04539929
v -0.00907415 0.00832069 -0.04499982
v -0.01017463 0.00831097 -0.04539929
v -0.01088023 0.00530452 -0.04716717
v -0.01088023 0.00530452 -0.04716717
v -0.00904757 0.00532085 -0.04799984
v -0.01056927 0.00530738 -0.04678833
v -0.01088023 0.00530452 -0.04716717
v -0.01088023 0.00530452 -0.04716717
v -0.01068389 0.00830644 -0.04996137
v -0.01313561 0.00528449 -0.04785137
v -0.01264786 0.00528884 -0.04789935
v -0.01216013 0.00529325 -0.04785137
v -0.01264786 0.00528884 -0.04789935
v -0.01472640 0.00527042 -0.04678833
v -0.01441562 0.00527316 -0.04716717
v -0.01475310 0.00827032 -0.04678833
v -0.03013646 0.00513369 -0.04635608
v -0.03036749 0.00513161 -0.04678833
v -0.03195834 0.00511748 -0.04294740
v -0.03195834 0.00511748 -0.04294740
v -0.03151595 0.00812155 -0.04308961
v -0.03148943 0.00512165 -0.04308961
v -0.03195834 0.00511748 -0.04294740
v -0.03244596 0.00511318 -0.04289929
v -0.03198493 0.00811738 -0.04294740
v -0.03198493 0.00811738 -0.04294740
v -0.03195834 0.00511748 -0.04294740
v -0.03244596 0.00511318 -0.04289929
v -0.03247267 0.00811302 -0.04289929
v -0.03296036 0.00810873 -0.04294740
v -0.03247267 0.00811302 -0.04289929
v -0.03293371 0.00510883 -0.04294740
v -0.03244596 0.00511318 -0.04289929
v -0.03340269 0.00510472 -0.04308961
v -0.03293371 0.00510883 -0.04294740
v -0.03383488 0.00510085 -0.02767913
v -0.03386146 0.00810075 -0.02767913
v -0.03424036 0.00809735 -0.02736811
v -0.03421372 0.00509751 -0.02736811
v -0.03421372 0.00509751 -0.02736811
v -0.03424036 0.00809735 -0.02736811
v -0.03455126 0.00809461 -0.02698927
v -0.03424036 0.00809735 -0.02736811
v -0.03421372 0.00509751 -0.02736811
v -0.03452462 0.00509471 -0.02698927
v -0.03452462 0.00509471 -0.02698927
v -0.03485864 0.00509178 -0.02621757
v -0.03475559 0.00509268 -0.02655714
v -0.03475559 0.00509268 -0.02655714
v -0.03452462 0.00509471 -0.02698927
v -0.03478235 0.00809252 -0.02655714
v -0.03455126 0.00809461 -0.02698927
v -0.03489792 0.00509137 -0.02511268
v -0.03494597 0.00509102 -0.02560043
v -0.03485864 0.00509178 -0.02621757
v -0.03489792 0.00509137 -0.02608811
v -0.03494597 0.00509102 -0.02560043
v -0.03489792 0.00509137 -0.02511268
v -0.03383488 0.00510085 -0.02352170
v -0.03485864 0.00509178 -0.02621757
v -0.03489792 0.00509137 -0.02608811
v -0.03485864 0.00509178 -0.02621757
v -0.03488481 0.00738567 -0.02619850
v -0.03485864 0.00509178 -0.02621757
v -0.03507727 0.00508982 -0.02605771
v -0.03475559 0.00509268 -0.02655714
v -0.03475559 0.00509268 -0.02655714
v -0.03492444 0.00809127 -0.02608811
v -0.03489279 0.00809157 -0.02619260
v -0.03478235 0.00809252 -0.02655714
v -0.03512763 0.00808948 -0.02602088
v -0.03492444 0.00809127 -0.02608811
v -0.03489279 0.00809157 -0.02619260
v -0.03512763 0.00808948 -0.02602088
v -0.03489279 0.00809157 -0.02619260
v -0.03492444 0.00809127 -0.02608811
v -0.03497255 0.00809085 -0.02560043
v -0.03494597 0.00509102 -0.02560043
v -0.03497255 0.00809085 -0.02560043
v -0.03489792 0.00509137 -0.02608811
v -0.03494597 0.00509102 -0.02560043
v -0.03497255 0.00809085 -0.02560043
v -0.03489792 0.00509137 -0.02511268
v -0.03492444 0.00809127 -0.02511268
v -0.03492444 0.00809127 -0.02511268
v -0.03478235 0.00809252 -0.02464365
v -0.03489792 0.00509137 -0.02511268
v -0.03492444 0.00809127 -0.02511268
v -0.03478235 0.00809252 -0.02464365
v -0.03478235 0.00809252 -0.02464365
v -0.03455126 0.00809461 -0.02421152
v -0.03475559 0.00509268 -0.02464365
v -0.03475559 0.00509268 -0.02464365
v -0.03707301 0.00807219 -0.02299993
v -0.03492444 0.00809127 -0.04491167
v -0.03489792 0.00509137 -0.04491167
v -0.03497255 0.00809085 -0.04539929
v -0.03494597 0.00509102 -0.04539929
v -0.03492444 0.00809127 -0.04588710
v -0.03497255 0.00809085 -0.04539929
v -0.03494597 0.00509102 -0.04539929
v -0.03489792 0.00509137 -0.04588710
v -0.03475559 0.00509268 -0.04635608
v -0.03492444 0.00809127 -0.04588710
v -0.03489792 0.00509137 -0.04588710
v -0.03478235 0.00809252 -0.04635608
v -0.03475559 0.00509268 -0.04635608
v -0.03452462 0.00509471 -0.04678833
v -0.03478235 0.00809252 -0.04635608
v -0.03455126 0.00809461 -0.04678833
v -0.03421372 0.00509751 -0.04716717
v -0.03424036 0.00809735 -0.04716717
v -0.03455126 0.00809461 -0.04678833
v -0.03452462 0.00509471 -0.04678833
v -0.03421372 0.00509751 -0.04716717
v -0.03452462 0.00509471 -0.04678833
v -0.03489792 0.00509137 -0.04588710
v -0.03452462 0.00509471 -0.04678833
v -0.03475559 0.00509268 -0.04635608
v -0.03494597 0.00509102 -0.04539929
v -0.03489792 0.00509137 -0.04491167
v -0.03489792 0.00509137 -0.04491167
v -0.03475559 0.00509268 -0.04444270
v -0.03421372 0.00509751 -0.02383261
v -0.03452462 0.00509471 -0.02421152
v -0.03421372 0.00509751 -0.02383261
v -0.03475559 0.00509268 -0.02464365
v -0.03452462 0.00509471 -0.02421152
v -0.03452462 0.00509471 -0.02421152
v -0.02361989 0.00519145 -0.03010551
v -0.03067834 0.00512886 -0.02383261
v -0.03067834 0.00512886 -0.02383261
v -0.03070497 0.00812876 -0.02383261
v -0.03039407 0.00813151 -0.02421152
v -0.03013646 0.00513369 -0.02464365
v -0.03016304 0.00813353 -0.02464365
v -0.03002077 0.00813484 -0.02511268
v -0.01517432 0.00826657 -0.02560043
v -0.01512628 0.00826705 -0.02511268
v -0.02999414 0.00513494 -0.02511268
v -0.01495742 0.00526834 -0.02464365
v -0.01403677 0.00527650 -0.02352170
v -0.02046896 0.00821960 -0.03041857
v -0.01512628 0.00826705 -0.02608811
v -0.02046896 0.00821960 -0.03041857
v -0.01517432 0.00826657 -0.02560043
v -0.01444208 0.00827313 -0.02736811
v -0.01475310 0.00827032 -0.02698927
v -0.01441562 0.00527316 -0.02736811
v -0.01475310 0.00827032 -0.02698927
v -0.01472640 0.00527042 -0.02698927
v -0.01441562 0.00527316 -0.02736811
v -0.01406335 0.00827647 -0.02767913
v -0.01444208 0.00827313 -0.02736811
v -0.01403677 0.00527650 -0.02767913
v -0.01441562 0.00527316 -0.02736811
v -0.01403677 0.00527650 -0.02767913
v -0.01441562 0.00527316 -0.02736811
v -0.00803018 0.00832999 -0.03084015
v -0.00801480 0.00533003 -0.03088110
v -0.00801480 0.00533003 -0.03151814
v -0.01056927 0.00530738 -0.02698927
v -0.01022273 0.00831050 -0.02511268
v -0.01017463 0.00831097 -0.02560043
v -0.01014798 0.00531101 -0.02560043
v -0.01019603 0.00531059 -0.02511268
v -0.01216013 0.00529325 -0.02314846
v -0.01218670 0.00829309 -0.02314846
v -0.01171773 0.00829727 -0.02329074
v -0.01169115 0.00529742 -0.02329074
v -0.01125895 0.00530124 -0.02352170
v -0.01088023 0.00530452 -0.02383261
v -0.01216013 0.00529325 -0.02314846
v -0.01169115 0.00529742 -0.02329074
v -0.01169115 0.00529742 -0.02329074
v -0.01125895 0.00530124 -0.02352170
v -0.01169115 0.00529742 -0.02329074
v -0.01171773 0.00829727 -0.02329074
v -0.01125895 0.00530124 -0.02352170
v -0.01088023 0.00530452 -0.02383261
v -0.01125895 0.00530124 -0.02352170
v -0.01090681 0.00830448 -0.02383261
v -0.01128566 0.00830108 -0.02352170
v -0.01128566 0.00830108 -0.02352170
v -0.00801480 0.00533003 -0.02327512
v -0.00801480 0.00533003 -0.02318720
v -0.00801480 0.00533003 -0.02245150
v -0.00801480 0.00533003 -0.02284001
v -0.01019603 0.00531059 -0.02511268
v -0.01090681 0.00830448 -0.02383261
v -0.01620990 0.00825739 -0.02913600
v -0.02043902 0.00671977 -0.03337852
v -0.00807422 0.00832963 -0.02249990
v -0.00807422 0.00832963 -0.03199993
v -0.00850558 0.05692763 -0.02249990
v -0.00850558 0.05692763 -0.03199993
v -0.03019488 0.05673504 -0.02695667
v -0.01168668 0.05689925 -0.04316537
v -0.01173216 0.05689890 -0.04313211
v -0.00850558 0.05692763 -0.03899990
v -0.01251220 0.05689203 -0.04256151
v -0.00850558 0.05692763 -0.03899990
v -0.01150542 0.05690092 -0.03899990
v -0.00807422 0.00832963 -0.03899990
v -0.01107400 0.00830298 -0.03899990
v -0.01131618 0.05690259 -0.04343645
v -0.01168668 0.05689925 -0.04316537
v -0.00850558 0.05692763 -0.03899990
v -0.01099663 0.05690544 -0.04366998
v -0.01131618 0.05690259 -0.04343645
v -0.00850558 0.05692763 -0.03899990
v -0.00807422 0.00832963 -0.03899990
v -0.01099663 0.05690544 -0.04366998
v -0.01142662 0.05690170 -0.04361091
v -0.01119565 0.05690366 -0.04404317
v -0.01173764 0.05689884 -0.04323213
v -0.03750420 0.05667012 -0.04849987
v -0.03707301 0.00807219 -0.04849987
v -0.03750420 0.05667012 -0.03899990
v -0.03750420 0.05667012 -0.03899990
v -0.03750420 0.05667012 -0.04849987
v -0.03600436 0.05668355 -0.04999988
v -0.03707301 0.00807219 -0.04849987
v -0.02607346 0.00816983 -0.04999988
v -0.03600436 0.05668355 -0.04999988
v -0.02650481 0.05676777 -0.04999988
v -0.03557312 0.00808555 -0.04999988
v -0.03557312 0.00808555 -0.04999988
v -0.03090597 0.01012694 -0.03894405
v -0.03707301 0.00807219 -0.03899990
v -0.02422696 0.00668615 -0.03300552
v -0.01751023 0.01024585 -0.03760461
v -0.01399308 0.05687886 -0.04254787
v -0.01446205 0.05687476 -0.04269014
v -0.01399308 0.05687886 -0.04254787
v -0.01489412 0.05687076 -0.04292123
v -0.01301765 0.05688744 -0.04254787
v -0.01211726 0.00829375 -0.04269014
v -0.01257318 0.00828970 -0.04251705
v -0.01249170 0.00829041 -0.04257653
v -0.01211726 0.00829375 -0.04269014
v -0.01211726 0.00829375 -0.04269014
v -0.01211726 0.00829375 -0.04269014
v -0.00807422 0.00832963 -0.04580753
v -0.00807422 0.00832963 -0.04580753
v -0.00807422 0.00832963 -0.03899990
v -0.01099538 0.00830364 -0.04361091
v -0.01119565 0.05690366 -0.04404317
v -0.01142662 0.05690170 -0.04361091
v -0.01142662 0.05690170 -0.04638879
v -0.01119565 0.05690366 -0.04595660
v -0.00957412 0.00831628 -0.04999988
v -0.01211637 0.05689555 -0.04707847
v -0.01211637 0.05689555 -0.04707847
v -0.01254278 0.05623657 -0.04730950
v -0.01254856 0.05689167 -0.04730950
v -0.01301765 0.05688744 -0.04745184
v -0.01254856 0.05689167 -0.04730950
v -0.01254278 0.05623657 -0.04730950
v -0.01211059 0.05624033 -0.04707847
v -0.01254278 0.05623657 -0.04730950
v -0.01211059 0.05624033 -0.04707847
v -0.01173186 0.05624360 -0.04676764
v -0.01301181 0.05623228 -0.04745184
v -0.01254278 0.05623657 -0.04730950
v -0.01173186 0.05624360 -0.04676764
v -0.01301181 0.05623228 -0.04745184
v -0.01118987 0.05624849 -0.04595660
v -0.01104766 0.05624974 -0.04548763
v -0.01142084 0.05624645 -0.04638879
v -0.01349943 0.05622799 -0.04749988
v -0.01349943 0.05622799 -0.04249982
v -0.01301181 0.05623228 -0.04745184
v -0.01099956 0.05625016 -0.04499982
v -0.01173764 0.05689884 -0.04676764
v -0.01142084 0.05624645 -0.04638879
v -0.01173186 0.05624360 -0.04676764
v -0.01099956 0.05625016 -0.04499982
v -0.01173764 0.05689884 -0.04676764
v -0.01173186 0.05624360 -0.04676764
v -0.01211059 0.05624033 -0.04707847
v -0.01100540 0.05690527 -0.04499982
v -0.01099956 0.05625016 -0.04499982
v -0.01104766 0.05624974 -0.04548763
v -0.01105350 0.05690497 -0.04548763
v -0.01105350 0.05690497 -0.04548763
v -0.01104766 0.05624974 -0.04548763
v -0.01118987 0.05624849 -0.04595660
v -0.01119565 0.05690366 -0.04595660
v -0.01119565 0.05690366 -0.04595660
v -0.01118987 0.05624849 -0.04595660
v -0.01142084 0.05624645 -0.04638879
v -0.01142662 0.05690170 -0.04638879
v -0.01142662 0.05690170 -0.04638879
v -0.01100540 0.05690527 -0.04499982
v -0.01105350 0.05690497 -0.04451214
v -0.01104766 0.05624974 -0.04451214
v -0.01105350 0.05690497 -0.04451214
v -0.01118987 0.05624849 -0.04404317
v -0.01104766 0.05624974 -0.04451214
v -0.01119565 0.05690366 -0.04404317
v -0.01104766 0.05624974 -0.04451214
v -0.01118987 0.05624849 -0.04404317
v -0.01173186 0.05624360 -0.04323213
v -0.01142084 0.05624645 -0.04361091
v -0.01119565 0.05690366 -0.04404317
v -0.01142084 0.05624645 -0.04361091
v -0.01118987 0.05624849 -0.04404317
v -0.01173764 0.05689884 -0.04323213
v -0.01173186 0.05624360 -0.04323213
v -0.01142084 0.05624645 -0.04361091
v -0.01173764 0.05689884 -0.04323213
v -0.01211059 0.05624033 -0.04292123
v -0.01173186 0.05624360 -0.04323213
v -0.01173186 0.05624360 -0.04323213
v -0.01211059 0.05624033 -0.04292123
v -0.01254278 0.05623657 -0.04269014
v -0.01254278 0.05623657 -0.04269014
v -0.01301181 0.05623228 -0.04254787
v -0.01301181 0.05623228 -0.04254787
v -0.01350528 0.05688310 -0.04249982
v -0.01349943 0.05622799 -0.04249982
v -0.01301181 0.05623228 -0.04254787
v -0.01301765 0.05688744 -0.04254787
v -0.01301765 0.05688744 -0.04254787
v -0.01301181 0.05623228 -0.04254787
v -0.01254278 0.05623657 -0.04269014
v -0.01254856 0.05689167 -0.04269014
v -0.01211637 0.05689555 -0.04292123
v -0.01173764 0.05689884 -0.04323213
v -0.01211637 0.05689555 -0.04292123
v -0.01254856 0.05689167 -0.04269014
v -0.01254278 0.05623657 -0.04269014
v -0.01211637 0.05689555 -0.04292123
v -0.01211059 0.05624033 -0.04292123
v -0.01527303 0.05686748 -0.04323213
v -0.01489412 0.05687076 -0.04292123
v -0.01445621 0.05621946 -0.04269014
v -0.01446205 0.05687476 -0.04269014
v -0.01399308 0.05687886 -0.04254787
v -0.01446205 0.05687476 -0.04269014
v -0.01445621 0.05621946 -0.04269014
v -0.01581490 0.05686272 -0.04404317
v -0.01489412 0.05687076 -0.04292123
v -0.01527303 0.05686748 -0.04323213
v -0.01526719 0.05621231 -0.04323213
v -0.01527303 0.05686748 -0.04323213
v -0.01557809 0.05620957 -0.04361091
v -0.01526719 0.05621231 -0.04323213
v -0.01558387 0.05686474 -0.04361091
v -0.01557809 0.05620957 -0.04361091
v -0.01580905 0.05620748 -0.04404317
v -0.01599931 0.05620575 -0.04499982
v -0.01558387 0.05686474 -0.04361091
v -0.01580905 0.05620748 -0.04404317
v -0.01557809 0.05620957 -0.04361091
v -0.01526719 0.05621231 -0.04323213
v -0.01557809 0.05620957 -0.04361091
v -0.01599931 0.05620575 -0.04499982
v -0.01600515 0.05686104 -0.04499982
v -0.01599931 0.05620575 -0.04499982
v -0.01595139 0.05620622 -0.04451214
v -0.01600515 0.05686104 -0.04499982
v -0.01595139 0.05620622 -0.04548763
v -0.01599931 0.05620575 -0.04499982
v -0.01526719 0.05621231 -0.04676764
v -0.01580905 0.05620748 -0.04595660
v -0.01557809 0.05620957 -0.04638879
v -0.01595139 0.05620622 -0.04548763
v -0.01580905 0.05620748 -0.04595660
v -0.01557809 0.05620957 -0.04638879
v -0.01580905 0.05620748 -0.04404317
v -0.01595139 0.05620622 -0.04451214
v -0.01595723 0.05686146 -0.04451214
v -0.01595723 0.05686146 -0.04451214
v -0.01595139 0.05620622 -0.04451214
v -0.01580905 0.05620748 -0.04404317
v -0.01581490 0.05686272 -0.04404317
v -0.01488828 0.05621564 -0.04707847
v -0.01527303 0.05686748 -0.04676764
v -0.01526719 0.05621231 -0.04676764
v -0.01557809 0.05620957 -0.04638879
v -0.01489412 0.05687076 -0.04707847
v -0.01526719 0.05621231 -0.04676764
v -0.01527303 0.05686748 -0.04676764
v -0.01488828 0.05621564 -0.04707847
v -0.01489412 0.05687076 -0.04707847
v -0.01446205 0.05687476 -0.04730950
v -0.01445621 0.05621946 -0.04730950
v -0.01527303 0.05686748 -0.04676764
v -0.01488828 0.05621564 -0.04707847
v -0.01445621 0.05621946 -0.04730950
v -0.01398724 0.05622364 -0.04745184
v -0.01488828 0.05621564 -0.04707847
v -0.01445621 0.05621946 -0.04730950
v -0.01349943 0.05622799 -0.04749988
v -0.01399308 0.05687886 -0.04745184
v -0.01398724 0.05622364 -0.04745184
v -0.01445621 0.05621946 -0.04730950
v -0.01446205 0.05687476 -0.04730950
v -0.01350528 0.05688310 -0.04749988
v -0.01398724 0.05622364 -0.04745184
v -0.01399308 0.05687886 -0.04745184
v -0.01349943 0.05622799 -0.04749988
v -0.01558387 0.05686474 -0.04638879
v -0.01581490 0.05686272 -0.04595660
v -0.01558387 0.05686474 -0.04638879
v -0.01558387 0.05686474 -0.04638879
v -0.01580905 0.05620748 -0.04595660
v -0.01581490 0.05686272 -0.04595660
v -0.01557809 0.05620957 -0.04638879
v -0.01595723 0.05686146 -0.04548763
v -0.01595723 0.05686146 -0.04548763
v -0.01580905 0.05620748 -0.04595660
v -0.01595139 0.05620622 -0.04548763
v -0.01581490 0.05686272 -0.04595660
v -0.01581490 0.05686272 -0.04404317
v -0.01488828 0.05621564 -0.04292123
v -0.01488828 0.05621564 -0.04292123
v -0.01488828 0.05621564 -0.04292123
v -0.01445621 0.05621946 -0.04269014
v -0.01488828 0.05621564 -0.04292123
v -0.01349943 0.05622799 -0.04249982
v -0.01398724 0.05622364 -0.04254787
v -0.01445621 0.05621946 -0.04269014
v -0.01398724 0.05622364 -0.04254787
v -0.01350528 0.05688310 -0.04249982
v -0.01399308 0.05687886 -0.04254787
v -0.01398724 0.05622364 -0.04254787
v -0.01349943 0.05622799 -0.04249982
v -0.01142662 0.05690170 -0.04361091
v -0.01142662 0.05690170 -0.04361091
v -0.01142662 0.05690170 -0.04361091
v -0.01099956 0.05625016 -0.04499982
v -0.01350528 0.05688310 -0.04749988
v -0.01301181 0.05623228 -0.04745184
v -0.01349943 0.05622799 -0.04749988
v -0.01301765 0.05688744 -0.04745184
v -0.01211637 0.05689555 -0.04707847
v -0.03195834 0.00511748 -0.02314846
v -0.03148943 0.00512165 -0.02329074
v -0.03150702 0.00710583 -0.02329074
v -0.03148943 0.00512165 -0.02329074
v -0.03107483 0.00710964 -0.02352170
v -0.03150702 0.00710583 -0.02329074
v -0.03105712 0.00512546 -0.02352170
v -0.02994608 0.00513536 -0.02560043
v -0.03013646 0.00513369 -0.02464365
v -0.03036749 0.00513161 -0.02421152
v -0.03013646 0.00513369 -0.02464365
v -0.03038502 0.00711578 -0.02421152
v -0.03036749 0.00513161 -0.02421152
v -0.03067834 0.00512886 -0.02383261
v -0.03036749 0.00513161 -0.02421152
v -0.03038502 0.00711578 -0.02421152
v -0.03067834 0.00512886 -0.02383261
v -0.03105712 0.00512546 -0.02352170
v -0.03105712 0.00512546 -0.02352170
v -0.03067834 0.00512886 -0.02383261
v -0.03069598 0.00711310 -0.02383261
v -0.03067834 0.00512886 -0.02383261
v -0.03038502 0.00711578 -0.02421152
v -0.03069598 0.00711310 -0.02383261
v -0.03107483 0.00710964 -0.02352170
v -0.03069598 0.00711310 -0.02383261
v -0.03038502 0.00711578 -0.02421152
v -0.03107483 0.00710964 -0.02352170
v -0.03015399 0.00711787 -0.02464365
v -0.03015399 0.00711787 -0.02464365
v -0.02996379 0.00711959 -0.02560043
v -0.03107483 0.00710964 -0.02352170
v -0.03038502 0.00711578 -0.02421152
v -0.02996379 0.00711959 -0.02560043
v -0.03150702 0.00710583 -0.02329074
v -0.03013646 0.00513369 -0.02464365
v -0.02994608 0.00513536 -0.02560043
v -0.02996379 0.00711959 -0.02560043
v -0.03013646 0.00513369 -0.02464365
v -0.02996379 0.00711959 -0.02560043
v -0.03015399 0.00711787 -0.02464365
v -0.02999414 0.00513494 -0.02608811
v -0.03001177 0.00711912 -0.02608811
v -0.02996379 0.00711959 -0.02560043
v -0.03001177 0.00711912 -0.02608811
v -0.03015399 0.00711787 -0.02655714
v -0.03232122 0.00709862 -0.02808641
v -0.03197593 0.00710166 -0.02314846
v -0.02994608 0.00513536 -0.02560043
v -0.02999414 0.00513494 -0.02608811
v -0.03015399 0.00711787 -0.02655714
v -0.03001177 0.00711912 -0.02608811
v -0.03013646 0.00513369 -0.02655714
v -0.03013646 0.00513369 -0.02655714
v -0.03036749 0.00513161 -0.02698927
v -0.03038502 0.00711578 -0.02698927
v -0.03036749 0.00513161 -0.02698927
v -0.03013646 0.00513369 -0.02655714
v -0.03015399 0.00711787 -0.02655714
v -0.03067834 0.00512886 -0.02736811
v -0.03038502 0.00711578 -0.02698927
v -0.03036749 0.00513161 -0.02698927
v -0.03069598 0.00711310 -0.02736811
v -0.03038502 0.00711578 -0.02698927
v -0.03069598 0.00711310 -0.02736811
v -0.03067834 0.00512886 -0.02736811
v -0.03105712 0.00512546 -0.02767913
v -0.03107483 0.00710964 -0.02767907
v -0.03069598 0.00711310 -0.02736811
v -0.03107483 0.00710964 -0.02767907
v -0.03148943 0.00512165 -0.02791010
v -0.03150702 0.00710583 -0.02791010
v -0.03107483 0.00710964 -0.02767907
v -0.03105712 0.00512546 -0.02767913
v -0.03150702 0.00710583 -0.02791010
v -0.03195834 0.00511748 -0.02805231
v -0.03197593 0.00710166 -0.02805231
v -0.03150702 0.00710583 -0.02791010
v -0.03197593 0.00710166 -0.02805231
v -0.03148943 0.00512165 -0.02791010
v -0.03230357 0.00511443 -0.02808641
v -0.03197593 0.00710166 -0.02805231
v -0.03195834 0.00511748 -0.02805231
v -0.03232122 0.00709862 -0.02808641
v -0.03244596 0.00511318 -0.02810035
v -0.03244596 0.00511318 -0.02810035
v -0.03293371 0.00510883 -0.02805231
v -0.03295136 0.00709301 -0.02805231
v -0.03340269 0.00510472 -0.02791010
v -0.03295136 0.00709301 -0.02805231
v -0.03293371 0.00510883 -0.02805231
v -0.03342032 0.00708885 -0.02791010
v -0.03295136 0.00709301 -0.02805231
v -0.03342032 0.00708885 -0.02791010
v -0.03246361 0.00709743 -0.02810035
v -0.03246361 0.00709743 -0.02810035
v -0.03246361 0.00709743 -0.02810035
v -0.03383488 0.00510085 -0.02767913
v -0.03342032 0.00708885 -0.02791010
v -0.03340269 0.00510472 -0.02791010
v -0.03385240 0.00708502 -0.02767907
v -0.03385240 0.00708502 -0.02767907
v -0.03421372 0.00509751 -0.02736811
v -0.03423131 0.00708168 -0.02736811
v -0.03385240 0.00708502 -0.02767907
v -0.03383488 0.00510085 -0.02767913
v -0.03423131 0.00708168 -0.02736811
v -0.03421372 0.00509751 -0.02736811
v -0.03454227 0.00707889 -0.02698927
v -0.03423131 0.00708168 -0.02736811
v -0.03454227 0.00707889 -0.02698927
v -0.03452462 0.00509471 -0.02698927
v -0.03475559 0.00509268 -0.02655714
v -0.03454227 0.00707889 -0.02698927
v -0.03452462 0.00509471 -0.02698927
v -0.03487616 0.00707597 -0.02621757
v -0.03477329 0.00707692 -0.02655714
v -0.03477329 0.00707692 -0.02655714
v -0.03475559 0.00509268 -0.02655714
v -0.03485864 0.00509178 -0.02621757
v -0.03487616 0.00707597 -0.02621757
v -0.03477329 0.00707692 -0.02655714
v -0.03487616 0.00707597 -0.02621757
v -0.03491544 0.00707555 -0.02511262
v -0.03385240 0.00708502 -0.02352170
v -0.03491544 0.00707555 -0.02511262
v -0.03496348 0.00707519 -0.02560043
v -0.03385240 0.00708502 -0.02352170
v -0.03489792 0.00509137 -0.02608811
v -0.03491544 0.00707555 -0.02608811
v -0.03491544 0.00707555 -0.02608811
v -0.03496348 0.00707519 -0.02560043
v -0.03489792 0.00509137 -0.02608811
v -0.03494597 0.00509102 -0.02560043
v -0.03496348 0.00707519 -0.02560043
v -0.03491544 0.00707555 -0.02608811
v -0.03489792 0.00509137 -0.02511268
v -0.03496348 0.00707519 -0.02560043
v -0.03494597 0.00509102 -0.02560043
v -0.03489792 0.00509137 -0.02511268
v -0.03383488 0.00510085 -0.02352170
v -0.03491544 0.00707555 -0.02511262
v -0.03475559 0.00509268 -0.02464365
v -0.03491544 0.00707555 -0.02511262
v -0.03489792 0.00509137 -0.02511268
v -0.03452462 0.00509471 -0.02421152
v -0.03475559 0.00509268 -0.02464365
v -0.03452462 0.00509471 -0.02421152
v -0.03454227 0.00707889 -0.02421152
v -0.03477329 0.00707692 -0.02464365
v -0.03477329 0.00707692 -0.02464365
v -0.03477329 0.00707692 -0.02464365
v -0.03454227 0.00707889 -0.02421152
v -0.03454227 0.00707889 -0.02421152
v -0.03423131 0.00708168 -0.02383261
v -0.03421372 0.00509751 -0.02383261
v -0.03423131 0.00708168 -0.02383261
v -0.03454227 0.00707889 -0.02421152
v -0.03452462 0.00509471 -0.02421152
v -0.03423131 0.00708168 -0.02383261
v -0.03383488 0.00510085 -0.02352170
v -0.03385240 0.00708502 -0.02352170
v -0.03423131 0.00708168 -0.02383261
v -0.03421372 0.00509751 -0.02383261
v -0.03340269 0.00510472 -0.02329074
v -0.03385240 0.00708502 -0.02352170
v -0.03383488 0.00510085 -0.02352170
v -0.03244596 0.00511318 -0.02310042
v -0.03295136 0.00709301 -0.02314846
v -0.03293371 0.00510883 -0.02314846
v -0.03244596 0.00511318 -0.02310042
v -0.03195834 0.00511748 -0.02314846
v -0.03197593 0.00710166 -0.02314846
v -0.03246361 0.00709743 -0.02310042
v -0.03246361 0.00709743 -0.02310042
v -0.03295136 0.00709301 -0.02314846
v -0.03246361 0.00709743 -0.02310042
v -0.03246361 0.00709743 -0.02310042
v -0.03340269 0.00510472 -0.02329074
v -0.03293371 0.00510883 -0.02314846
v -0.03295136 0.00709301 -0.02314846
v -0.03342032 0.00708885 -0.02329074
v -0.03342032 0.00708885 -0.02329074
v -0.03342032 0.00708885 -0.02329074
v -0.03015399 0.00711787 -0.02655714
v -0.03069598 0.00711310 -0.02736811
v -0.03232122 0.00709862 -0.02808641
v -0.03197593 0.00710166 -0.02314846
v -0.03111566 0.05672688 -0.02807860
v -0.03073681 0.05673027 -0.02776764
v -0.03072804 0.05574269 -0.02776764
v -0.03111566 0.05672688 -0.02807860
v -0.03153902 0.05573534 -0.02830963
v -0.03154778 0.05672300 -0.02830963
v -0.03110683 0.05573922 -0.02807860
v -0.03110683 0.05573922 -0.02807860
v -0.03185755 0.05573255 -0.02840625
v -0.03153902 0.05573534 -0.02830963
v -0.03110683 0.05573922 -0.02807860
v -0.03154778 0.05672300 -0.02830963
v -0.03153902 0.05573534 -0.02830963
v -0.03185755 0.05573255 -0.02840625
v -0.03186631 0.05672019 -0.02840625
v -0.03200799 0.05573124 -0.02845184
v -0.03249568 0.05572700 -0.02849988
v -0.03200799 0.05573124 -0.02845184
v -0.03498382 0.05570484 -0.02611958
v -0.03388471 0.05571455 -0.02807860
v -0.03298349 0.05572265 -0.02845184
v -0.03298349 0.05572265 -0.02354799
v -0.03110683 0.05573922 -0.02392123
v -0.03004391 0.05574871 -0.02551215
v -0.03004391 0.05574871 -0.02648764
v -0.03041714 0.05574543 -0.02738879
v -0.03004391 0.05574871 -0.02648764
v -0.03185755 0.05573255 -0.02840625
v -0.03072804 0.05574269 -0.02776764
v -0.03072804 0.05574269 -0.02776764
v -0.03042590 0.05673307 -0.02738879
v -0.03041714 0.05574543 -0.02738879
v -0.03072804 0.05574269 -0.02776764
v -0.03019488 0.05673504 -0.02695667
v -0.03041714 0.05574543 -0.02738879
v -0.03042590 0.05673307 -0.02738879
v -0.03018618 0.05574738 -0.02695667
v -0.03041714 0.05574543 -0.02738879
v -0.03018618 0.05574738 -0.02695667
v -0.03019488 0.05673504 -0.02695667
v -0.03042590 0.05673307 -0.02738879
v -0.03005267 0.05673636 -0.02648758
v -0.03018618 0.05574738 -0.02695667
v -0.03019488 0.05673504 -0.02695667
v -0.03004391 0.05574871 -0.02648764
v -0.03005267 0.05673636 -0.02648758
v -0.03000456 0.05673670 -0.02599996
v -0.02999574 0.05574911 -0.02599996
v -0.03004391 0.05574871 -0.02648764
v -0.03000456 0.05673670 -0.02599996
v -0.03005267 0.05673636 -0.02648758
v -0.03186631 0.05672019 -0.02840625
v -0.03005267 0.05673636 -0.02551215
v -0.02999574 0.05574911 -0.02599996
v -0.03000456 0.05673670 -0.02599996
v -0.03005267 0.05673636 -0.02551215
v -0.03073681 0.05673027 -0.02423214
v -0.03042590 0.05673307 -0.02461099
v -0.03073681 0.05673027 -0.02423214
v -0.03072804 0.05574269 -0.02423214
v -0.03042590 0.05673307 -0.02461099
v -0.03019488 0.05673504 -0.02504318
v -0.03111566 0.05672688 -0.02392118
v -0.03072804 0.05574269 -0.02423214
v -0.03073681 0.05673027 -0.02423214
v -0.03111566 0.05672688 -0.02392118
v -0.03154778 0.05672300 -0.02369021
v -0.03153902 0.05573534 -0.02369027
v -0.03110683 0.05573922 -0.02392123
v -0.03110683 0.05573922 -0.02392123
v -0.03153902 0.05573534 -0.02369027
v -0.03200799 0.05573124 -0.02354799
v -0.03154778 0.05672300 -0.02369021
v -0.03200799 0.05573124 -0.02354799
v -0.03153902 0.05573534 -0.02369027
v -0.03249568 0.05572700 -0.02349995
v -0.03201676 0.05671888 -0.02354799
v -0.03249568 0.05572700 -0.02349995
v -0.03200799 0.05573124 -0.02354799
v -0.03201676 0.05671888 -0.02354799
v -0.03250444 0.05671465 -0.02349995
v -0.03299225 0.05671031 -0.02354799
v -0.03298349 0.05572265 -0.02354799
v -0.03249568 0.05572700 -0.02349995
v -0.03250444 0.05671465 -0.02349995
v -0.03346122 0.05670608 -0.02369021
v -0.03298349 0.05572265 -0.02354799
v -0.03299225 0.05671031 -0.02354799
v -0.03345246 0.05571843 -0.02369027
v -0.03346122 0.05670608 -0.02369021
v -0.03388471 0.05571455 -0.02392123
v -0.03345246 0.05571843 -0.02369027
v -0.03389340 0.05670220 -0.02392118
v -0.03389340 0.05670220 -0.02392118
v -0.03389340 0.05670220 -0.02392118
v -0.03426343 0.05571126 -0.02423214
v -0.03388471 0.05571455 -0.02392123
v -0.03298349 0.05572265 -0.02354799
v -0.03345246 0.05571843 -0.02369027
v -0.03388471 0.05571455 -0.02392123
v -0.03426343 0.05571126 -0.02423214
v -0.03458315 0.05669606 -0.02461099
v -0.03457432 0.05570841 -0.02461105
v -0.03426343 0.05571126 -0.02423214
v -0.03427219 0.05669892 -0.02423214
v -0.03427219 0.05669892 -0.02423214
v -0.03426343 0.05571126 -0.02423214
v -0.03457432 0.05570841 -0.02461105
v -0.03458315 0.05669606 -0.02461099
v -0.03480530 0.05570645 -0.02504318
v -0.03457432 0.05570841 -0.02461105
v -0.03480530 0.05570645 -0.02504318
v -0.03494758 0.05570513 -0.02551215
v -0.03457432 0.05570841 -0.02461105
v -0.03498382 0.05570484 -0.02611958
v -0.03500432 0.05669236 -0.02599996
v -0.03499555 0.05570472 -0.02599996
v -0.03494758 0.05570513 -0.02551215
v -0.03495627 0.05669277 -0.02551215
v -0.03499555 0.05570472 -0.02599996
v -0.03494758 0.05570513 -0.02551215
v -0.03495627 0.05669277 -0.02551215
v -0.03494758 0.05570513 -0.02551215
v -0.03480530 0.05570645 -0.02504318
v -0.03499252 0.05669249 -0.02611958
v -0.03500432 0.05669236 -0.02599996
v -0.03481406 0.05669409 -0.02504318
v -0.03481406 0.05669409 -0.02504318
v -0.03500432 0.05669236 -0.02599996
v -0.03498382 0.05570484 -0.02611958
v -0.03499555 0.05570472 -0.02599996
v -0.03499252 0.05669249 -0.02611958
v -0.03072804 0.05574269 -0.02423214
v -0.03110683 0.05573922 -0.02392123
v -0.03004391 0.05574871 -0.02551215
v -0.03041714 0.05574543 -0.02461105
v -0.03072804 0.05574269 -0.02423214
v -0.03041714 0.05574543 -0.02461105
v -0.03018618 0.05574738 -0.02504318
v -0.03019488 0.05673504 -0.02504318
v -0.03041714 0.05574543 -0.02461105
v -0.03018618 0.05574738 -0.02504318
v -0.03042590 0.05673307 -0.02461099
v -0.03005267 0.05673636 -0.02551215
v -0.03018618 0.05574738 -0.02504318
v -0.03004391 0.05574871 -0.02551215
v -0.03019488 0.05673504 -0.02504318
v -0.03004391 0.05574871 -0.02551215
v -0.03495627 0.05669277 -0.02648758
v -0.03494758 0.05570513 -0.02648764
v -0.03346122 0.05670608 -0.02830963
v -0.03458315 0.05669606 -0.02738879
v -0.03480530 0.05570645 -0.02695667
v -0.03481406 0.05669409 -0.02695667
v -0.03481406 0.05669409 -0.02695667
v -0.03494758 0.05570513 -0.02648764
v -0.03495627 0.05669277 -0.02648758
v -0.03480530 0.05570645 -0.02695667
v -0.03494758 0.05570513 -0.02648764
v -0.03480530 0.05570645 -0.02695667
v -0.03457432 0.05570841 -0.02738879
v -0.03457432 0.05570841 -0.02738879
v -0.03388471 0.05571455 -0.02807860
v -0.03457432 0.05570841 -0.02738879
v -0.03426343 0.05571126 -0.02776764
v -0.03458315 0.05669606 -0.02738879
v -0.03426343 0.05571126 -0.02776764
v -0.03457432 0.05570841 -0.02738879
v -0.03389340 0.05670220 -0.02807860
v -0.03388471 0.05571455 -0.02807860
v -0.03426343 0.05571126 -0.02776764
v -0.03427219 0.05669892 -0.02776764
v -0.03427219 0.05669892 -0.02776764
v -0.03346122 0.05670608 -0.02830963
v -0.03388471 0.05571455 -0.02807860
v -0.03389340 0.05670220 -0.02807860
v -0.03346122 0.05670608 -0.02830963
v -0.03299225 0.05671031 -0.02845184
v -0.03298349 0.05572265 -0.02845184
v -0.03345246 0.05571843 -0.02830963
v -0.03345246 0.05571843 -0.02830963
v -0.03345246 0.05571843 -0.02830963
v -0.03298349 0.05572265 -0.02845184
v -0.03299225 0.05671031 -0.02845184
v -0.03250444 0.05671465 -0.02849988
v -0.03249568 0.05572700 -0.02849988
v -0.03298349 0.05572265 -0.02845184
v -0.03201676 0.05671888 -0.02845184
v -0.03249568 0.05572700 -0.02849988
v -0.03250444 0.05671465 -0.02849988
v -0.03201676 0.05671888 -0.02845184
v -0.03200799 0.05573124 -0.02845184
v -0.02999574 0.05574911 -0.02599996
v -0.03073681 0.05673027 -0.02776764
v -0.01216013 0.00529325 -0.04294740
v -0.01267606 0.00846720 -0.04289923
v -0.01264786 0.00528884 -0.04289929
v -0.01186043 0.00529581 -0.04303829
v -0.01218819 0.00847155 -0.04294734
v -0.01216013 0.00529325 -0.04294740
v -0.01218819 0.00847155 -0.04294734
v -0.01188856 0.00847423 -0.04303823
v -0.01267606 0.00846720 -0.04289923
v -0.01218819 0.00847155 -0.04294734
v -0.01188856 0.00847423 -0.04303823
v -0.01498556 0.00844675 -0.04444264
v -0.01363271 0.00845873 -0.04308955
v -0.01316368 0.00846290 -0.04294734
v -0.01065438 0.00848519 -0.04394089
v -0.01128715 0.00847953 -0.04332064
v -0.01171922 0.00847572 -0.04308955
v -0.01169115 0.00529742 -0.04308961
v -0.01218819 0.00847155 -0.04785125
v -0.01171922 0.00847572 -0.04308955
v -0.01498556 0.00844675 -0.04635601
v -0.01264786 0.00528884 -0.04289929
v -0.01267606 0.00846720 -0.04289923
v -0.01316368 0.00846290 -0.04294734
v -0.01313561 0.00528449 -0.04294740
v -0.01313561 0.00528449 -0.04294740
v -0.01316368 0.00846290 -0.04294734
v -0.01363271 0.00845873 -0.04308955
v -0.01360458 0.00528038 -0.04308961
v -0.01403677 0.00527650 -0.04332070
v -0.01472640 0.00527042 -0.04401038
v -0.01441562 0.00527316 -0.04363160
v -0.01475459 0.00844878 -0.04401032
v -0.01472640 0.00527042 -0.04401038
v -0.01495742 0.00526834 -0.04444270
v -0.01472640 0.00527042 -0.04401038
v -0.01498556 0.00844675 -0.04444264
v -0.01495742 0.00526834 -0.04444270
v -0.01475459 0.00844878 -0.04401032
v -0.01444369 0.00845152 -0.04363154
v -0.01475459 0.00844878 -0.04401032
v -0.01444369 0.00845152 -0.04363154
v -0.01403677 0.00527650 -0.04332070
v -0.01406484 0.00845491 -0.04332064
v -0.01444369 0.00845152 -0.04363154
v -0.01441562 0.00527316 -0.04363160
v -0.01444369 0.00845152 -0.04363154
v -0.01406484 0.00845491 -0.04332064
v -0.01498556 0.00844675 -0.04444264
v -0.01360458 0.00528038 -0.04308961
v -0.01406484 0.00845491 -0.04332064
v -0.01403677 0.00527650 -0.04332070
v -0.01363271 0.00845873 -0.04308955
v -0.01406484 0.00845491 -0.04332064
v -0.01509970 0.00526714 -0.04491167
v -0.01517587 0.00844502 -0.04539924
v -0.01514780 0.00526667 -0.04539929
v -0.01512777 0.00844550 -0.04491161
v -0.01495742 0.00526834 -0.04444270
v -0.01512777 0.00844550 -0.04491161
v -0.01509970 0.00526714 -0.04491167
v -0.01512777 0.00844550 -0.04588704
v -0.01517587 0.00844502 -0.04539924
v -0.01509970 0.00526714 -0.04588710
v -0.01517587 0.00844502 -0.04539924
v -0.01512777 0.00844550 -0.04588704
v -0.01514780 0.00526667 -0.04539929
v -0.01517587 0.00844502 -0.04539924
v -0.01512777 0.00844550 -0.04491161
v -0.01498556 0.00844675 -0.04635601
v -0.01509970 0.00526714 -0.04588710
v -0.01512777 0.00844550 -0.04588704
v -0.01498556 0.00844675 -0.04635601
v -0.01498556 0.00844675 -0.04444264
v -0.01512777 0.00844550 -0.04491161
v -0.01495742 0.00526834 -0.04635608
v -0.01472640 0.00527042 -0.04678833
v -0.01495742 0.00526834 -0.04635608
v -0.01498556 0.00844675 -0.04635601
v -0.01472640 0.00527042 -0.04678833
v -0.01444369 0.00845152 -0.04716705
v -0.01441562 0.00527316 -0.04716717
v -0.01472640 0.00527042 -0.04678833
v -0.01475459 0.00844878 -0.04678826
v -0.01444369 0.00845152 -0.04716705
v -0.01475459 0.00844878 -0.04678826
v -0.01403677 0.00527650 -0.04747800
v -0.01441562 0.00527316 -0.04716717
v -0.01444369 0.00845152 -0.04716705
v -0.01406484 0.00845491 -0.04747794
v -0.01444369 0.00845152 -0.04716705
v -0.01475459 0.00844878 -0.04678826
v -0.01406484 0.00845491 -0.04747794
v -0.01444369 0.00845152 -0.04716705
v -0.01360458 0.00528038 -0.04770903
v -0.01403677 0.00527650 -0.04747800
v -0.01406484 0.00845491 -0.04747794
v -0.01363271 0.00845873 -0.04770897
v -0.01363271 0.00845873 -0.04770897
v -0.01406484 0.00845491 -0.04747794
v -0.01313561 0.00528449 -0.04785137
v -0.01360458 0.00528038 -0.04770903
v -0.01363271 0.00845873 -0.04770897
v -0.01267606 0.00846720 -0.04789929
v -0.01316368 0.00846290 -0.04785125
v -0.01316368 0.00846290 -0.04785125
v -0.01264786 0.00528884 -0.04789935
v -0.01313561 0.00528449 -0.04785137
v -0.01316368 0.00846290 -0.04785125
v -0.01313561 0.00528449 -0.04785137
v -0.01169115 0.00529742 -0.04770903
v -0.01216013 0.00529325 -0.04785137
v -0.01264786 0.00528884 -0.04789935
v -0.01267606 0.00846720 -0.04789929
v -0.01267606 0.00846720 -0.04789929
v -0.01062625 0.00530678 -0.04394094
v -0.01090830 0.00848294 -0.04363154
v -0.01088023 0.00530452 -0.04363160
v -0.01065438 0.00848519 -0.04394089
v -0.01056927 0.00530738 -0.04401038
v -0.01056927 0.00530738 -0.04401038
v -0.01033818 0.00530934 -0.04444270
v -0.01036638 0.00848776 -0.04444264
v -0.01059728 0.00848567 -0.04401032
v -0.01056927 0.00530738 -0.04401038
v -0.01059728 0.00848567 -0.04401032
v -0.01065438 0.00848519 -0.04394089
v -0.01059728 0.00848567 -0.04401032
v -0.01036638 0.00848776 -0.04444264
v -0.01033818 0.00530934 -0.04444270
v -0.01022422 0.00848896 -0.04491161
v -0.01036638 0.00848776 -0.04444264
v -0.01022422 0.00848896 -0.04491161
v -0.01065438 0.00848519 -0.04394089
v -0.01036638 0.00848776 -0.04444264
v -0.01019603 0.00531059 -0.04491167
v -0.01019603 0.00531059 -0.04491167
v -0.01017612 0.00848943 -0.04539924
v -0.01022422 0.00848896 -0.04491161
v -0.01022422 0.00848896 -0.04491161
v -0.01022422 0.00848896 -0.04588704
v -0.01017612 0.00848943 -0.04539924
v -0.01022422 0.00848896 -0.04588704
v -0.01014798 0.00531101 -0.04539929
v -0.01014798 0.00531101 -0.04539929
v -0.01022422 0.00848896 -0.04588704
v -0.01017612 0.00848943 -0.04539924
v -0.01033818 0.00530934 -0.04635608
v -0.01036638 0.00848776 -0.04635601
v -0.01022422 0.00848896 -0.04588704
v -0.01019603 0.00531059 -0.04588710
v -0.01036638 0.00848776 -0.04635601
v -0.01059728 0.00848567 -0.04678826
v -0.01059728 0.00848567 -0.04678826
v -0.01019603 0.00531059 -0.04588710
v -0.01033818 0.00530934 -0.04635608
v -0.01056927 0.00530738 -0.04678833
v -0.01059728 0.00848567 -0.04678826
v -0.01036638 0.00848776 -0.04635601
v -0.01056927 0.00530738 -0.04678833
v -0.01090830 0.00848294 -0.04716705
v -0.01059728 0.00848567 -0.04678826
v -0.01090830 0.00848294 -0.04716705
v -0.01218819 0.00847155 -0.04785125
v -0.01088023 0.00530452 -0.04716717
v -0.01090830 0.00848294 -0.04716705
v -0.01128715 0.00847953 -0.04747794
v -0.01088023 0.00530452 -0.04716717
v -0.01128715 0.00847953 -0.04747794
v -0.01090830 0.00848294 -0.04716705
v -0.01125895 0.00530124 -0.04747800
v -0.01128715 0.00847953 -0.04747794
v -0.01171922 0.00847572 -0.04770897
v -0.01125895 0.00530124 -0.04747800
v -0.01171922 0.00847572 -0.04770897
v -0.01128715 0.00847953 -0.04747794
v -0.01169115 0.00529742 -0.04770903
v -0.01169115 0.00529742 -0.04770903
v -0.01218819 0.00847155 -0.04785125
v -0.01171922 0.00847572 -0.04770897
v -0.01033818 0.00530934 -0.04635608
v -0.01090830 0.00848294 -0.04363154
v -0.01128715 0.00847953 -0.04332064
v -0.01125895 0.00530124 -0.04332070
v -0.01090830 0.00848294 -0.04363154
v -0.01128715 0.00847953 -0.04332064
v -0.01088023 0.00530452 -0.04363160
v -0.01169115 0.00529742 -0.04308961
v -0.01125895 0.00530124 -0.04332070
v -0.01128715 0.00847953 -0.04332064
v -0.01216013 0.00529325 -0.04785137
v -0.01218819 0.00847155 -0.04785125
v -0.01171922 0.00847572 -0.04308955
v -0.03105712 0.00512546 -0.04747800
v -0.03067834 0.00512886 -0.04716717
v -0.03036749 0.00513161 -0.04678833
v -0.03105712 0.00512546 -0.04747800
v -0.03070276 0.00788850 -0.04716717
v -0.03067834 0.00512886 -0.04716717
v -0.03148943 0.00512165 -0.04770903
v -0.03108161 0.00788510 -0.04747800
v -0.03105712 0.00512546 -0.04747800
v -0.03108161 0.00788510 -0.04747800
v -0.03067834 0.00512886 -0.04716717
v -0.03070276 0.00788850 -0.04716717
v -0.03039200 0.00789124 -0.04678833
v -0.03039200 0.00789124 -0.04678833
v -0.03070276 0.00788850 -0.04716717
v -0.03108161 0.00788510 -0.04747800
v -0.03067834 0.00512886 -0.04716717
v -0.03039200 0.00789124 -0.04678833
v -0.03036749 0.00513161 -0.04678833
v -0.03151386 0.00788128 -0.04770903
v -0.03198271 0.00787711 -0.04785137
v -0.03039200 0.00789124 -0.04678833
v -0.03295814 0.00786847 -0.04294740
v -0.03108161 0.00788510 -0.04747800
v -0.03001857 0.00789457 -0.04491167
v -0.02997065 0.00789500 -0.04539929
v -0.03001857 0.00789457 -0.04588710
v -0.02997065 0.00789500 -0.04539929
v -0.03001857 0.00789457 -0.04588710
v -0.03016096 0.00789326 -0.04635608
v -0.03013646 0.00513369 -0.04635608
v -0.03036749 0.00513161 -0.04678833
v -0.03039200 0.00789124 -0.04678833
v -0.03016096 0.00789326 -0.04635608
v -0.03013646 0.00513369 -0.04635608
v -0.02999414 0.00513494 -0.04588710
v -0.02999414 0.00513494 -0.04588710
v -0.03013646 0.00513369 -0.04635608
v -0.03016096 0.00789326 -0.04635608
v -0.02999414 0.00513494 -0.04588710
v -0.02997065 0.00789500 -0.04539929
v -0.02994608 0.00513536 -0.04539929
v -0.03001857 0.00789457 -0.04588710
v -0.03001857 0.00789457 -0.04588710
v -0.02994608 0.00513536 -0.04539929
v -0.02999414 0.00513494 -0.04491167
v -0.03036749 0.00513161 -0.04401038
v -0.03013646 0.00513369 -0.04444270
v -0.03013646 0.00513369 -0.04444270
v -0.03039200 0.00789124 -0.04401038
v -0.03036749 0.00513161 -0.04401038
v -0.03067834 0.00512886 -0.04363160
v -0.03036749 0.00513161 -0.04401038
v -0.03039200 0.00789124 -0.04401038
v -0.03067834 0.00512886 -0.04363160
v -0.03105712 0.00512546 -0.04332070
v -0.03108161 0.00788510 -0.04332070
v -0.03070276 0.00788850 -0.04363160
v -0.03039200 0.00789124 -0.04401038
v -0.03070276 0.00788850 -0.04363160
v -0.03016096 0.00789326 -0.04444270
v -0.03039200 0.00789124 -0.04401038
v -0.03016096 0.00789326 -0.04444270
v -0.03108161 0.00788510 -0.04332070
v -0.03148943 0.00512165 -0.04308961
v -0.03105712 0.00512546 -0.04332070
v -0.03108161 0.00788510 -0.04332070
v -0.03105712 0.00512546 -0.04332070
v -0.03070276 0.00788850 -0.04363160
v -0.03108161 0.00788510 -0.04332070
v -0.03151386 0.00788128 -0.04308961
v -0.03151386 0.00788128 -0.04308961
v -0.03198271 0.00787711 -0.04294740
v -0.03195834 0.00511748 -0.04294740
v -0.03151386 0.00788128 -0.04308961
v -0.03198271 0.00787711 -0.04294740
v -0.03148943 0.00512165 -0.04308961
v -0.03247053 0.00787281 -0.04289929
v -0.03244596 0.00511318 -0.04289929
v -0.03195834 0.00511748 -0.04294740
v -0.03198271 0.00787711 -0.04294740
v -0.03247053 0.00787281 -0.04289929
v -0.03244596 0.00511318 -0.04289929
v -0.03247053 0.00787281 -0.04289929
v -0.03295814 0.00786847 -0.04294740
v -0.03293371 0.00510883 -0.04294740
v -0.03340269 0.00510472 -0.04308961
v -0.03293371 0.00510883 -0.04294740
v -0.03295814 0.00786847 -0.04294740
v -0.03383488 0.00510085 -0.04332070
v -0.03340269 0.00510472 -0.04308961
v -0.03342711 0.00786429 -0.04308961
v -0.03421372 0.00509751 -0.04363160
v -0.03383488 0.00510085 -0.04332070
v -0.03385937 0.00786049 -0.04332070
v -0.03385937 0.00786049 -0.04332070
v -0.03385937 0.00786049 -0.04332070
v -0.03492236 0.00785100 -0.04588710
v -0.03385937 0.00786049 -0.04332070
v -0.03342711 0.00786429 -0.04308961
v -0.03295814 0.00786847 -0.04294740
v -0.03454912 0.00785434 -0.04401038
v -0.03454912 0.00785434 -0.04401038
v -0.03423815 0.00785709 -0.04363160
v -0.03423815 0.00785709 -0.04363160
v -0.03423815 0.00785709 -0.04716717
v -0.03454912 0.00785434 -0.04678833
v -0.03385937 0.00786049 -0.04747800
v -0.03423815 0.00785709 -0.04716717
v -0.03492236 0.00785100 -0.04588710
v -0.03492236 0.00785100 -0.04491167
v -0.03385937 0.00786049 -0.04747800
v -0.03489792 0.00509137 -0.04588710
v -0.03492236 0.00785100 -0.04588710
v -0.03478014 0.00785232 -0.04635608
v -0.03478014 0.00785232 -0.04635608
v -0.03497046 0.00785059 -0.04539929
v -0.03489792 0.00509137 -0.04588710
v -0.03497046 0.00785059 -0.04539929
v -0.03492236 0.00785100 -0.04588710
v -0.03478014 0.00785232 -0.04444270
v -0.03489792 0.00509137 -0.04491167
v -0.03492236 0.00785100 -0.04491167
v -0.03497046 0.00785059 -0.04539929
v -0.03489792 0.00509137 -0.04491167
v -0.03478014 0.00785232 -0.04444270
v -0.03492236 0.00785100 -0.04491167
v -0.03475559 0.00509268 -0.04444270
v -0.03475559 0.00509268 -0.04444270
v -0.03454912 0.00785434 -0.04401038
v -0.03478014 0.00785232 -0.04444270
v -0.03452462 0.00509471 -0.04401038
v -0.03421372 0.00509751 -0.04363160
v -0.03454912 0.00785434 -0.04401038
v -0.03452462 0.00509471 -0.04401038
v -0.03489792 0.00509137 -0.04588710
v -0.03475559 0.00509268 -0.04635608
v -0.03475559 0.00509268 -0.04635608
v -0.03494597 0.00509102 -0.04539929
v -0.03494597 0.00509102 -0.04539929
v -0.03475559 0.00509268 -0.04635608
v -0.03454912 0.00785434 -0.04678833
v -0.03452462 0.00509471 -0.04678833
v -0.03478014 0.00785232 -0.04635608
v -0.03421372 0.00509751 -0.04716717
v -0.03452462 0.00509471 -0.04678833
v -0.03454912 0.00785434 -0.04678833
v -0.03421372 0.00509751 -0.04716717
v -0.03385937 0.00786049 -0.04747800
v -0.03383488 0.00510085 -0.04747800
v -0.03383488 0.00510085 -0.04747800
v -0.03342711 0.00786429 -0.04770903
v -0.03340269 0.00510472 -0.04770903
v -0.03385937 0.00786049 -0.04747800
v -0.03340269 0.00510472 -0.04770903
v -0.03342711 0.00786429 -0.04770903
v -0.03295814 0.00786847 -0.04785137
v -0.03295814 0.00786847 -0.04785137
v -0.03342711 0.00786429 -0.04770903
v -0.03244596 0.00511318 -0.04789935
v -0.03293371 0.00510883 -0.04785137
v -0.03295814 0.00786847 -0.04785137
v -0.03247053 0.00787281 -0.04789935
v -0.03293371 0.00510883 -0.04785137
v -0.03247053 0.00787281 -0.04789935
v -0.03295814 0.00786847 -0.04785137
v -0.03244596 0.00511318 -0.04789935
v -0.03247053 0.00787281 -0.04789935
v -0.03198271 0.00787711 -0.04785137
v -0.03195834 0.00511748 -0.04785137
v -0.03195834 0.00511748 -0.04785137
v -0.03151386 0.00788128 -0.04770903
v -0.03148943 0.00512165 -0.04770903
v -0.03198271 0.00787711 -0.04785137
v -0.03423815 0.00785709 -0.04716717
v -0.03423815 0.00785709 -0.04716717
v -0.03423815 0.00785709 -0.04363160
v -0.03342711 0.00786429 -0.04308961
v -0.02999414 0.00513494 -0.04491167
v -0.03001857 0.00789457 -0.04491167
v -0.03016096 0.00789326 -0.04444270
v -0.03013646 0.00513369 -0.04444270
v -0.03067834 0.00512886 -0.04363160
v -0.02999414 0.00513494 -0.04491167
v -0.02994608 0.00513536 -0.04539929
v -0.02997065 0.00789500 -0.04539929
v -0.03001857 0.00789457 -0.04491167
v -0.03151386 0.00788128 -0.04770903
v -0.01125895 0.00530124 -0.02767913
v -0.01127600 0.00722599 -0.02767913
v -0.01089721 0.00722945 -0.02736811
v -0.01169115 0.00529742 -0.02791010
v -0.01127600 0.00722599 -0.02767913
v -0.01125895 0.00530124 -0.02767913
v -0.01169115 0.00529742 -0.02791010
v -0.01125895 0.00530124 -0.02767913
v -0.01088023 0.00530452 -0.02736811
v -0.01088023 0.00530452 -0.02736811
v -0.01089721 0.00722945 -0.02736811
v -0.01127600 0.00722599 -0.02767913
v -0.01021307 0.00723547 -0.02608811
v -0.01058632 0.00723219 -0.02698927
v -0.01089721 0.00722945 -0.02736811
v -0.01021307 0.00723547 -0.02608811
v -0.01056927 0.00530738 -0.02698927
v -0.01089721 0.00722945 -0.02736811
v -0.01058632 0.00723219 -0.02698927
v -0.01088023 0.00530452 -0.02736811
v -0.01056927 0.00530738 -0.02698927
v -0.01019603 0.00531059 -0.02608811
v -0.01056927 0.00530738 -0.02698927
v -0.01035535 0.00723428 -0.02655714
v -0.01033818 0.00530934 -0.02655714
v -0.01058632 0.00723219 -0.02698927
v -0.01033818 0.00530934 -0.02655714
v -0.01035535 0.00723428 -0.02655714
v -0.01021307 0.00723547 -0.02608811
v -0.01035535 0.00723428 -0.02655714
v -0.01058632 0.00723219 -0.02698927
v -0.01019603 0.00531059 -0.02608811
v -0.01014798 0.00531101 -0.02560043
v -0.01019603 0.00531059 -0.02608811
v -0.01021307 0.00723547 -0.02608811
v -0.01014798 0.00531101 -0.02560043
v -0.01021307 0.00723547 -0.02511268
v -0.01019603 0.00531059 -0.02511268
v -0.01033818 0.00530934 -0.02464365
v -0.01019603 0.00531059 -0.02511268
v -0.01021307 0.00723547 -0.02511268
v -0.01019603 0.00531059 -0.02511268
v -0.01035535 0.00723428 -0.02464365
v -0.01016503 0.00723595 -0.02560043
v -0.01021307 0.00723547 -0.02511268
v -0.01016503 0.00723595 -0.02560043
v -0.01058632 0.00723219 -0.02421152
v -0.01021307 0.00723547 -0.02511268
v -0.01058632 0.00723219 -0.02421152
v -0.01035535 0.00723428 -0.02464365
v -0.01474351 0.00719524 -0.02698927
v -0.01511681 0.00719196 -0.02511268
v -0.01405388 0.00720144 -0.02352170
v -0.01217716 0.00721800 -0.02314846
v -0.01056927 0.00530738 -0.02421152
v -0.01035535 0.00723428 -0.02464365
v -0.01058632 0.00723219 -0.02421152
v -0.01056927 0.00530738 -0.02421152
v -0.01058632 0.00723219 -0.02421152
v -0.01089721 0.00722945 -0.02383261
v -0.01089721 0.00722945 -0.02383261
v -0.01217716 0.00721800 -0.02314846
v -0.01497453 0.00719327 -0.02464365
v -0.01509970 0.00526714 -0.02511268
v -0.01511681 0.00719196 -0.02511268
v -0.01516491 0.00719148 -0.02560043
v -0.01511681 0.00719196 -0.02608811
v -0.01516491 0.00719148 -0.02560043
v -0.01511681 0.00719196 -0.02511268
v -0.01509970 0.00526714 -0.02511268
v -0.01497453 0.00719327 -0.02464365
v -0.01511681 0.00719196 -0.02511268
v -0.01511681 0.00719196 -0.02608811
v -0.01495742 0.00526834 -0.02464365
v -0.01472640 0.00527042 -0.02421152
v -0.01497453 0.00719327 -0.02464365
v -0.01495742 0.00526834 -0.02464365
v -0.01497453 0.00719327 -0.02464365
v -0.01474351 0.00719524 -0.02421152
v -0.01405388 0.00720144 -0.02352170
v -0.01474351 0.00719524 -0.02421152
v -0.01360458 0.00528038 -0.02329074
v -0.01403677 0.00527650 -0.02352170
v -0.01472640 0.00527042 -0.02421152
v -0.01472640 0.00527042 -0.02421152
v -0.01441562 0.00527316 -0.02383261
v -0.01443266 0.00719797 -0.02383261
v -0.01474351 0.00719524 -0.02421152
v -0.01443266 0.00719797 -0.02383261
v -0.01441562 0.00527316 -0.02383261
v -0.01405388 0.00720144 -0.02352170
v -0.01443266 0.00719797 -0.02383261
v -0.01403677 0.00527650 -0.02352170
v -0.01360458 0.00528038 -0.02329074
v -0.01405388 0.00720144 -0.02352170
v -0.01403677 0.00527650 -0.02352170
v -0.01362157 0.00720519 -0.02329074
v -0.01360458 0.00528038 -0.02329074
v -0.01315260 0.00720942 -0.02314846
v -0.01362157 0.00720519 -0.02329074
v -0.01313561 0.00528449 -0.02314846
v -0.01315260 0.00720942 -0.02314846
v -0.01266503 0.00721365 -0.02310042
v -0.01313561 0.00528449 -0.02314846
v -0.01266503 0.00721365 -0.02310042
v -0.01315260 0.00720942 -0.02314846
v -0.01362157 0.00720519 -0.02329074
v -0.01216013 0.00529325 -0.02314846
v -0.01217716 0.00721800 -0.02314846
v -0.01266503 0.00721365 -0.02310042
v -0.01264786 0.00528884 -0.02310042
v -0.01264786 0.00528884 -0.02310042
v -0.01125895 0.00530124 -0.02352170
v -0.01169115 0.00529742 -0.02329074
v -0.01169115 0.00529742 -0.02329074
v -0.01217716 0.00721800 -0.02314846
v -0.01216013 0.00529325 -0.02314846
v -0.01169115 0.00529742 -0.02329074
v -0.01125895 0.00530124 -0.02352170
v -0.01127600 0.00722599 -0.02352170
v -0.01170819 0.00722224 -0.02329074
v -0.01170819 0.00722224 -0.02329074
v -0.01170819 0.00722224 -0.02329074
v -0.01127600 0.00722599 -0.02352170
v -0.01127600 0.00722599 -0.02352170
v -0.01089721 0.00722945 -0.02383261
v -0.01125895 0.00530124 -0.02352170
v -0.01089721 0.00722945 -0.02383261
v -0.01127600 0.00722599 -0.02352170
v -0.01509970 0.00526714 -0.02608811
v -0.01511681 0.00719196 -0.02608811
v -0.01497453 0.00719327 -0.02655714
v -0.01509970 0.00526714 -0.02608811
v -0.01516491 0.00719148 -0.02560043
v -0.01511681 0.00719196 -0.02608811
v -0.01497453 0.00719327 -0.02655714
v -0.01472640 0.00527042 -0.02698927
v -0.01495742 0.00526834 -0.02655714
v -0.01497453 0.00719327 -0.02655714
v -0.01495742 0.00526834 -0.02655714
v -0.01474351 0.00719524 -0.02698927
v -0.01472640 0.00527042 -0.02698927
v -0.01443266 0.00719797 -0.02736811
v -0.01441562 0.00527316 -0.02736811
v -0.01472640 0.00527042 -0.02698927
v -0.01474351 0.00719524 -0.02698927
v -0.01443266 0.00719797 -0.02736811
v -0.01441562 0.00527316 -0.02736811
v -0.01443266 0.00719797 -0.02736811
v -0.01405388 0.00720144 -0.02767913
v -0.01405388 0.00720144 -0.02767913
v -0.01443266 0.00719797 -0.02736811
v -0.01474351 0.00719524 -0.02698927
v -0.01403677 0.00527650 -0.02767913
v -0.01360458 0.00528038 -0.02791010
v -0.01403677 0.00527650 -0.02767913
v -0.01405388 0.00720144 -0.02767913
v -0.01362157 0.00720519 -0.02791010
v -0.01362157 0.00720519 -0.02791010
v -0.01405388 0.00720144 -0.02767913
v -0.01360458 0.00528038 -0.02791010
v -0.01362157 0.00720519 -0.02791010
v -0.01315260 0.00720942 -0.02805231
v -0.01315260 0.00720942 -0.02805231
v -0.01362157 0.00720519 -0.02791010
v -0.01313561 0.00528449 -0.02805231
v -0.01315260 0.00720942 -0.02805231
v -0.01266503 0.00721365 -0.02810035
v -0.01266503 0.00721365 -0.02810035
v -0.01315260 0.00720942 -0.02805231
v -0.01127600 0.00722599 -0.02767913
v -0.01313561 0.00528449 -0.02805231
v -0.01313561 0.00528449 -0.02805231
v -0.01264786 0.00528884 -0.02810035
v -0.01216013 0.00529325 -0.02805231
v -0.01264786 0.00528884 -0.02810035
v -0.01266503 0.00721365 -0.02810035
v -0.01217716 0.00721800 -0.02805231
v -0.01217716 0.00721800 -0.02805231
v -0.01170819 0.00722224 -0.02791010
v -0.01217716 0.00721800 -0.02805231
v -0.01169115 0.00529742 -0.02791010
v -0.01217716 0.00721800 -0.02805231
v -0.01170819 0.00722224 -0.02791010
v -0.01216013 0.00529325 -0.02805231
v -0.01170819 0.00722224 -0.02791010
v -0.01495742 0.00526834 -0.02655714
v -0.01403677 0.00527650 -0.02767913
v -0.01514780 0.00526667 -0.02560043
v -0.01514780 0.00526667 -0.02560043
v -0.01088023 0.00530452 -0.02383261
v -0.01088023 0.00530452 -0.02383261
v -0.01033818 0.00530934 -0.02464365
v -0.01016503 0.00723595 -0.02560043
vt 0.00000000 0.00000000
vt 0.00000000 0.00000000
vt 0.00000000 0.00000000
vt 0.00000000 0.00000000
vt 0.00000000 0.00000000
vt 0.00000000 0.00000000
vt 0.00000000 0.00000000
vt 0.00000000 0.00000000
vt 0.00000000 0.00000000
vt 0.00000000 0.00000000
vt 0.00000000 0.00000000
vt 0.00000000 0.00000000
vt 0.00000000 0.00000000
vt 0.00000000 0.00000000
vt 0.00000000 0.00000000
vt 0.00000000 0.00000000
vt 0.00000000 0.00000000
vt 0.00000000 0.00000000
vt 0.00000000 0.00000000
vt 0.00000000 0.00000000
vt 0.00000000 0.00000000
vt 0.00000000 0.00000000
vt 0.00000000 0.00000000
vt 0.00000000 0.00000000
vt 0.00000000 0.00000000
vt 0.00000000 0.00000000
vt 0.00000000 0.00000000
vt 0.00000000 0.00000000
vt 0.00000000 0.00000000
vt 0.00000000 0.00000000
vt 0.00000000 0.00000000
vt 0.00000000 0.00000000
vt 0.00000000 0.00000000
vt 0.00000000 0.00000000
vt 0.00000000 0.00000000
vt 0.00000000 0.00000000
vt 0.00000000 0.00000000
vt 0.00000000 0.00000000
vt 0.00000000 0.00000000
vt 0.00000000 0.00000000
vt 0.00000000 0.00000000
vt 0.00000000 0.00000000
vt 0.00000000 0.00000000
vt 0.00000000 0.00000000
vt 0.00000000 0.00000000
vt 0.00000000 0.00000000
vt 0.00000000 0.00000000
vt 0.00000000 0.00000000
vt 0.00000000 0.00000000
vt 0.00000000 0.00000000
vt 0.00000000 0.00000000
vt 0.00000000 0.00000000
vt 0.00000000 0.00000000
vt 0.00000000 0.00000000
vt 0.00000000 0.00000000
vt 0.00000000 0.00000000
vt 0.00000000 0.00000000
vt 0.00000000 0.00000000
vt 0.00000000 0.00000000
vt 0.00000000 0.00000000
vt 0.00000000 0.00000000
vt 0.00000000 0.00000000
vt 0.00000000 0.00000000
vt 0.00000000 0.00000000
vt 0.00000000 0.00000000
vt 0.00000000 0.00000000
vt 0.00000000 0.00000000
vt 0.00000000 0.00000000
vt 0.00000000 0.00000000
vt 0.00000000 0.00000000
vt 0.00000000 0.00000000
vt 0.00000000 0.00000000
vt 0.00000000 0.00000000
vt 0.00000000 0.00000000
vt 0.00000000 0.00000000
vt 0.00000000 0.00000000
vt 0.00000000 0.00000000
vt 0.00000000 0.00000000
vt 0.00000000 0.00000000
vt 0.00000000 0.00000000
vt 0.00000000 0.00000000
vt 0.00000000 0.00000000
vt 0.00000000 0.00000000
vt 0.00000000 0.00000000
vt 0.00000000 0.00000000
vt 0.00000000 0.00000000
vt 0.00000000 0.00000000
vt 0.00000000 0.00000000
vt 0.00000000 0.00000000
vt 0.00000000 0.00000000
vt 0.00000000 0.00000000
vt 0.00000000 0.00000000
vt 0.00000000 0.00000000
vt 0.00000000 0.00000000
vt 0.00000000 0.00000000
vt 0.00000000 0.00000000
vt 0.00000000 0.00000000
vt 0.00000000 0.00000000
vt 0.00000000 0.00000000
vt 0.00000000 0.00000000
vt 0.00000000 0.00000000
vt 0.00000000 0.00000000
vt 0.00000000 0.00000000
vt 0.00000000 0.00000000
vt 0.00000000 0.00000000
vt 0.00000000 0.00000000
vt 0.00000000 0.00000000
vt 0.00000000 0.00000000
vt 0.00000000 0.00000000
vt 0.00000000 0.00000000
vt 0.00000000 0.00000000
vt 0.00000000 0.00000000
vt 0.00000000 0.00000000
vt 0.00000000 0.00000000
vt 0.00000000 0.00000000
vt 0.00000000 0.00000000
vt 0.00000000 0.00000000
vt 0.00000000 0.00000000
vt 0.00000000 0.00000000
vt 0.00000000 0.00000000
vt 0.00000000 0.00000000
vt 0.00000000 0.00000000
vt 0.00000000 0.00000000
vt 0.00000000 0.00000000
vt 0.00000000 0.00000000
vt 0.00000000 0.00000000
vt 0.00000000 0.00000000
vt 0.00000000 0.00000000
vt 0.00000000 0.00000000
vt 0.00000000 0.00000000
vt 0.00000000 0.00000000
vt 0.00000000 0.00000000
vt 0.00000000 0.00000000
vt 0.00000000 0.00000000
vt 0.00000000 0.00000000
vt 0.00000000 0.00000000
vt 0.00000000 0.00000000
vt 0.00000000 0.00000000
vt 0.00000000 0.00000000
vt 0.00000000 0.00000000
vt 0.00000000 0.00000000
vt 0.00000000 0.00000000
vt 0.00000000 0.00000000
vt 0.00000000 0.00000000
vt 0.00000000 0.00000000
vt 0.00000000 0.00000000
vt 0.00000000 0.00000000
vt 0.00000000 0.00000000
vt 0.00000000 0.00000000
vt 0.00000000 0.00000000
vt 0.00000000 0.00000000
vt 0.00000000 0.00000000
vt 0.00000000 0.00000000
vt 0.00000000 0.00000000
vt 0.00000000 0.00000000
vt 0.00000000 0.00000000
vt 0.00000000 0.00000000
vt 0.00000000 0.00000000
vt 0.00000000 0.00000000
vt 0.00000000 0.00000000
vt 0.00000000 0.00000000
vt 0.00000000 0.00000000
vt 0.00000000 0.00000000
vt 0.00000000 0.00000000
vt 0.00000000 0.00000000
vt 0.00000000 0.00000000
vt 0.00000000 0.00000000
vt 0.00000000 0.00000000
vt 0.00000000 0.00000000
vt 0.00000000 0.00000000
vt 0.00000000 0.00000000
vt 0.00000000 0.00000000
vt 0.00000000 0.00000000
vt 0.00000000 0.00000000
vt 0.00000000 0.00000000
vt 0.00000000 0.00000000
vt 0.00000000 0.00000000
vt 0.00000000 0.00000000
vt 0.00000000 0.00000000
vt 0.00000000 0.00000000
vt 0.00000000 0.00000000
vt 0.00000000 0.00000000
vt 0.00000000 0.00000000
vt 0.00000000 0.00000000
vt 0.00000000 0.00000000
vt 0.00000000 0.00000000
vt 0.00000000 0.00000000
vt 0.00000000 0.00000000
vt 0.00000000 0.00000000
vt 0.00000000 0.00000000
vt 0.00000000 0.00000000
vt 0.00000000 0.00000000
vt 0.00000000 0.00000000
vt 0.00000000 0.00000000
vt 0.00000000 0.00000000
vt 0.00000000 0.00000000
vt 0.00000000 0.00000000
vt 0.00000000 0.00000000
vt 0.00000000 0.00000000
vt 0.00000000 0.00000000
vt 0.00000000 0.00000000
vt 0.00000000 0.00000000
vt 0.00000000 0.00000000
vt 0.00000000 0.00000000
vt 0.00000000 0.00000000
vt 0.00000000 0.00000000
vt 0.00000000 0.00000000
vt 0.00000000 0.00000000
vt 0.00000000 0.00000000
vt 0.00000000 0.00000000
vt 0.00000000 0.00000000
vt 0.00000000 0.00000000
vt 0.00000000 0.00000000
vt 0.00000000 0.00000000
vt 0.00000000 0.00000000
vt 0.00000000 0.00000000
vt 0.00000000 0.00000000
vt 0.00000000 0.00000000
vt 0.00000000 0.00000000
vt 0.00000000 0.00000000
vt 0.00000000 0.00000000
vt 0.00000000 0.00000000
vt 0.00000000 0.00000000
vt 0.00000000 0.00000000
vt 0.00000000 0.00000000
vt 0.00000000 0.00000000
vt 0.00000000 0.00000000
vt 0.00000000 0.00000000
vt 0.00000000 0.00000000
vt 0.00000000 0.00000000
vt 0.00000000 0.00000000
vt 0.00000000 0.00000000
vt 0.00000000 0.00000000
vt 0.00000000 0.00000000
vt 0.00000000 0.00000000
vt 0.00000000 0.00000000
vt 0.00000000 0.00000000
vt 0.00000000 0.00000000
vt 0.00000000 0.00000000
vt 0.00000000 0.00000000
vt 0.00000000 0.00000000
vt 0.00000000 0.00000000
vt 0.00000000 0.00000000
vt 0.00000000 0.00000000
vt 0.00000000 0.00000000
vt 0.00000000 0.00000000
vt 0.00000000 0.00000000
vt 0.00000000 0.00000000
vt 0.00000000 0.00000000
vt 0.00000000 0.00000000
vt 0.00000000 0.00000000
vt 0.00000000 0.00000000
vt 0.00000000 0.00000000
vt 0.00000000 0.00000000
vt 0.00000000 0.00000000
vt 0.00000000 0.00000000
vt 0.00000000 0.00000000
vt 0.00000000 0.00000000
vt 0.00000000 0.00000000
vt 0.00000000 0.00000000
vt 0.00000000 0.00000000
vt 0.00000000 0.00000000
vt 0.00000000 0.00000000
vt 0.00000000 0.00000000
vt 0.00000000 0.00000000
vt 0.00000000 0.00000000
vt 0.00000000 0.00000000
vt 0.00000000 0.00000000
vt 0.00000000 0.00000000
vt 0.00000000 0.00000000
vt 0.00000000 0.00000000
vt 0.00000000 0.00000000
vt 0.00000000 0.00000000
vt 0.00000000 0.00000000
vt 0.00000000 0.00000000
vt 0.00000000 0.00000000
vt 0.00000000 0.00000000
vt 0.00000000 0.00000000
vt 0.00000000 0.00000000
vt 0.00000000 0.00000000
vt 0.00000000 0.00000000
vt 0.00000000 0.00000000
vt 0.00000000 0.00000000
vt 0.00000000 0.00000000
vt 0.00000000 0.00000000
vt 0.00000000 0.00000000
vt 0.00000000 0.00000000
vt 0.00000000 0.00000000
vt 0.00000000 0.00000000
vt 0.00000000 0.00000000
vt 0.00000000 0.00000000
vt 0.00000000 0.00000000
vt 0.00000000 0.00000000
vt 0.00000000 0.00000000
vt 0.00000000 0.00000000
vt 0.00000000 0.00000000
vt 0.00000000 0.00000000
vt 0.00000000 0.00000000
vt 0.00000000 0.00000000
vt 0.00000000 0.00000000
vt 0.00000000 0.00000000
vt 0.00000000 0.00000000
vt 0.00000000 0.00000000
vt 0.00000000 0.00000000
vt 0.00000000 0.00000000
vt 0.00000000 0.00000000
vt 0.00000000 0.00000000
vt 0.00000000 0.00000000
vt 0.00000000 0.00000000
vt 0.00000000 0.00000000
vt 0.00000000 0.00000000
vt 0.00000000 0.00000000
vt 0.00000000 0.00000000
vt 0.00000000 0.00000000
vt 0.00000000 0.00000000
vt 0.00000000 0.00000000
vt 0.00000000 0.00000000
vt 0.00000000 0.00000000
vt 0.00000000 0.00000000
vt 0.00000000 0.00000000
vt 0.00000000 0.00000000
vt 0.00000000 0.00000000
vt 0.00000000 0.00000000
vt 0.00000000 0.00000000
vt 0.00000000 0.00000000
vt 0.00000000 0.00000000
vt 0.00000000 0.00000000
vt 0.00000000 0.00000000
vt 0.00000000 0.00000000
vt 0.00000000 0.00000000
vt 0.00000000 0.00000000
vt 0.00000000 0.00000000
vt 0.00000000 0.00000000
vt 0.00000000 0.00000000
vt 0.00000000 0.00000000
vt 0.00000000 0.00000000
vt 0.00000000 0.00000000
vt 0.00000000 0.00000000
vt 0.00000000 0.00000000
vt 0.00000000 0.00000000
vt 0.00000000 0.00000000
vt 0.00000000 0.00000000
vt 0.00000000 0.00000000
vt 0.00000000 0.00000000
vt 0.00000000 0.00000000
vt 0.00000000 0.00000000
vt 0.00000000 0.00000000
vt 0.00000000 0.00000000
vt 0.00000000 0.00000000
vt 0.00000000 0.00000000
vt 0.00000000 0.00000000
vt 0.00000000 0.00000000
vt 0.00000000 0.00000000
vt 0.00000000 0.00000000
vt 0.00000000 0.00000000
vt 0.00000000 0.00000000
vt 0.00000000 0.00000000
vt 0.00000000 0.00000000
vt 0.00000000 0.00000000
vt 0.00000000 0.00000000
vt 0.00000000 0.00000000
vt 0.00000000 0.00000000
vt 0.00000000 0.00000000
vt 0.00000000 0.00000000
vt 0.00000000 0.00000000
vt 0.00000000 0.00000000
vt 0.00000000 0.00000000
vt 0.00000000 0.00000000
vt 0.00000000 0.00000000
vt 0.00000000 0.00000000
vt 0.00000000 0.00000000
vt 0.00000000 0.00000000
vt 0.00000000 0.00000000
vt 0.00000000 0.00000000
vt 0.00000000 0.00000000
vt 0.00000000 0.00000000
vt 0.00000000 0.00000000
vt 0.00000000 0.00000000
vt 0.00000000 0.00000000
vt 0.00000000 0.00000000
vt 0.00000000 0.00000000
vt 0.00000000 0.00000000
vt 0.00000000 0.00000000
vt 0.00000000 0.00000000
vt 0.00000000 0.00000000
vt 0.00000000 0.00000000
vt 0.00000000 0.00000000
vt 0.00000000 0.00000000
vt 0.00000000 0.00000000
vt 0.00000000 0.00000000
vt 0.00000000 0.00000000
vt 0.00000000 0.00000000
vt 0.00000000 0.00000000
vt 0.00000000 0.00000000
vt 0.00000000 0.00000000
vt 0.00000000 0.00000000
vt 0.00000000 0.00000000
vt 0.00000000 0.00000000
vt 0.00000000 0.00000000
vt 0.00000000 0.00000000
vt 0.00000000 0.00000000
vt 0.00000000 0.00000000
vt 0.00000000 0.00000000
vt 0.00000000 0.00000000
vt 0.00000000 0.00000000
vt 0.00000000 0.00000000
vt 0.00000000 0.00000000
vt 0.00000000 0.00000000
vt 0.00000000 0.00000000
vt 0.00000000 0.00000000
vt 0.00000000 0.00000000
vt 0.00000000 0.00000000
vt 0.00000000 0.00000000
vt 0.00000000 0.00000000
vt 0.00000000 0.00000000
vt 0.00000000 0.00000000
vt 0.00000000 0.00000000
vt 0.00000000 0.00000000
vt 0.00000000 0.00000000
vt 0.00000000 0.00000000
vt 0.00000000 0.00000000
vt 0.00000000 0.00000000
vt 0.00000000 0.00000000
vt 0.00000000 0.00000000
vt 0.00000000 0.00000000
vt 0.00000000 0.00000000
vt 0.00000000 0.00000000
vt 0.00000000 0.00000000
vt 0.00000000 0.00000000
vt 0.00000000 0.00000000
vt 0.00000000 0.00000000
vt 0.00000000 0.00000000
vt 0.00000000 0.00000000
vt 0.00000000 0.00000000
vt 0.00000000 0.00000000
vt 0.00000000 0.00000000
vt 0.00000000 0.00000000
vt 0.00000000 0.00000000
vt 0.00000000 0.00000000
vt 0.00000000 0.00000000
vt 0.00000000 0.00000000
vt 0.00000000 0.00000000
vt 0.00000000 0.00000000
vt 0.00000000 0.00000000
vt 0.00000000 0.00000000
vt 0.00000000 0.00000000
vt 0.00000000 0.00000000
vt 0.00000000 0.00000000
vt 0.00000000 0.00000000
vt 0.00000000 0.00000000
vt 0.00000000 0.00000000
vt 0.00000000 0.00000000
vt 0.00000000 0.00000000
vt 0.00000000 0.00000000
vt 0.00000000 0.00000000
vt 0.00000000 0.00000000
vt 0.00000000 0.00000000
vt 0.00000000 0.00000000
vt 0.00000000 0.00000000
vt 0.00000000 0.00000000
vt 0.00000000 0.00000000
vt 0.00000000 0.00000000
vt 0.00000000 0.00000000
vt 0.00000000 0.00000000
vt 0.00000000 0.00000000
vt 0.00000000 0.00000000
vt 0.00000000 0.00000000
vt 0.00000000 0.00000000
vt 0.00000000 0.00000000
vt 0.00000000 0.00000000
vt 0.00000000 0.00000000
vt 0.00000000 0.00000000
vt 0.00000000 0.00000000
vt 0.00000000 0.00000000
vt 0.00000000 0.00000000
vt 0.00000000 0.00000000
vt 0.00000000 0.00000000
vt 0.00000000 0.00000000
vt 0.00000000 0.00000000
vt 0.00000000 0.00000000
vt 0.00000000 0.00000000
vt 0.00000000 0.00000000
vt 0.00000000 0.00000000
vt 0.00000000 0.00000000
vt 0.00000000 0.00000000
vt 0.00000000 0.00000000
vt 0.00000000 0.00000000
vt 0.00000000 0.00000000
vt 0.00000000 0.00000000
vt 0.00000000 0.00000000
vt 0.00000000 0.00000000
vt 0.00000000 0.00000000
vt 0.00000000 0.00000000
vt 0.00000000 0.00000000
vt 0.00000000 0.00000000
vt 0.00000000 0.00000000
vt 0.00000000 0.00000000
vt 0.00000000 0.00000000
vt 0.00000000 0.00000000
vt 0.00000000 0.00000000
vt 0.00000000 0.00000000
vt 0.00000000 0.00000000
vt 0.00000000 0.00000000
vt 0.00000000 0.00000000
vt 0.00000000 0.00000000
vt 0.00000000 0.00000000
vt 0.00000000 0.00000000
vt 0.00000000 0.00000000
vt 0.00000000 0.00000000
vt 0.00000000 0.00000000
vt 0.00000000 0.00000000
vt 0.00000000 0.00000000
vt 0.00000000 0.00000000
vt 0.00000000 0.00000000
vt 0.00000000 0.00000000
vt 0.00000000 0.00000000
vt 0.00000000 0.00000000
vt 0.00000000 0.00000000
vt 0.00000000 0.00000000
vt 0.00000000 0.00000000
vt 0.00000000 0.00000000
vt 0.00000000 0.00000000
vt 0.00000000 0.00000000
vt 0.00000000 0.00000000
vt 0.00000000 0.00000000
vt 0.00000000 0.00000000
vt 0.00000000 0.00000000
vt 0.00000000 0.00000000
vt 0.00000000 0.00000000
vt 0.00000000 0.00000000
vt 0.00000000 0.00000000
vt 0.00000000 0.00000000
vt 0.00000000 0.00000000
vt 0.00000000 0.00000000
vt 0.00000000 0.00000000
vt 0.00000000 0.00000000
vt 0.00000000 0.00000000
vt 0.00000000 0.00000000
vt 0.00000000 0.00000000
vt 0.00000000 0.00000000
vt 0.00000000 0.00000000
vt 0.00000000 0.00000000
vt 0.00000000 0.00000000
vt 0.00000000 0.00000000
vt 0.00000000 0.00000000
vt 0.00000000 0.00000000
vt 0.00000000 0.00000000
vt 0.00000000 0.00000000
vt 0.00000000 0.00000000
vt 0.00000000 0.00000000
vt 0.00000000 0.00000000
vt 0.00000000 0.00000000
vt 0.00000000 0.00000000
vt 0.00000000 0.00000000
vt 0.00000000 0.00000000
vt 0.00000000 0.00000000
vt 0.00000000 0.00000000
vt 0.00000000 0.00000000
vt 0.00000000 0.00000000
vt 0.00000000 0.00000000
vt 0.00000000 0.00000000
vt 0.00000000 0.00000000
vt 0.00000000 0.00000000
vt 0.00000000 0.00000000
vt 0.00000000 0.00000000
vt 0.00000000 0.00000000
vt 0.00000000 0.00000000
vt 0.00000000 0.00000000
vt 0.00000000 0.00000000
vt 0.00000000 0.00000000
vt 0.00000000 0.00000000
vt 0.00000000 0.00000000
vt 0.00000000 0.00000000
vt 0.00000000 0.00000000
vt 0.00000000 0.00000000
vt 0.00000000 0.00000000
vt 0.00000000 0.00000000
vt 0.00000000 0.00000000
vt 0.00000000 0.00000000
vt 0.00000000 0.00000000
vt 0.00000000 0.00000000
vt 0.00000000 0.00000000
vt 0.00000000 0.00000000
vt 0.00000000 0.00000000
vt 0.00000000 0.00000000
vt 0.00000000 0.00000000
vt 0.00000000 0.00000000
vt 0.00000000 0.00000000
vt 0.00000000 0.00000000
vt 0.00000000 0.00000000
vt 0.00000000 0.00000000
vt 0.00000000 0.00000000
vt 0.00000000 0.00000000
vt 0.00000000 0.00000000
vt 0.00000000 0.00000000
vt 0.00000000 0.00000000
vt 0.00000000 0.00000000
vt 0.00000000 0.00000000
vt 0.00000000 0.00000000
vt 0.00000000 0.00000000
vt 0.00000000 0.00000000
vt 0.00000000 0.00000000
vt 0.00000000 0.00000000
vt 0.00000000 0.00000000
vt 0.00000000 0.00000000
vt 0.00000000 0.00000000
vt 0.00000000 0.00000000
vt 0.00000000 0.00000000
vt 0.00000000 0.00000000
vt 0.00000000 0.00000000
vt 0.00000000 0.00000000
vt 0.00000000 0.00000000
vt 0.00000000 0.00000000
vt 0.00000000 0.00000000
vt 0.00000000 0.00000000
vt 0.00000000 0.00000000
vt 0.00000000 0.00000000
vt 0.00000000 0.00000000
vt 0.00000000 0.00000000
vt 0.00000000 0.00000000
vt 0.00000000 0.00000000
vt 0.00000000 0.00000000
vt 0.00000000 0.00000000
vt 0.00000000 0.00000000
vt 0.00000000 0.00000000
vt 0.00000000 0.00000000
vt 0.00000000 0.00000000
vt 0.00000000 0.00000000
vt 0.00000000 0.00000000
vt 0.00000000 0.00000000
vt 0.00000000 0.00000000
vt 0.00000000 0.00000000
vt 0.00000000 0.00000000
vt 0.00000000 0.00000000
vt 0.00000000 0.00000000
vt 0.00000000 0.00000000
vt 0.00000000 0.00000000
vt 0.00000000 0.00000000
vt 0.00000000 0.00000000
vt 0.00000000 0.00000000
vt 0.00000000 0.00000000
vt 0.00000000 0.00000000
vt 0.00000000 0.00000000
vt 0.00000000 0.00000000
vt 0.00000000 0.00000000
vt 0.00000000 0.00000000
vt 0.00000000 0.00000000
vt 0.00000000 0.00000000
vt 0.00000000 0.00000000
vt 0.00000000 0.00000000
vt 0.00000000 0.00000000
vt 0.00000000 0.00000000
vt 0.00000000 0.00000000
vt 0.00000000 0.00000000
vt 0.00000000 0.00000000
vt 0.00000000 0.00000000
vt 0.00000000 0.00000000
vt 0.00000000 0.00000000
vt 0.00000000 0.00000000
vt 0.00000000 0.00000000
vt 0.00000000 0.00000000
vt 0.00000000 0.00000000
vt 0.00000000 0.00000000
vt 0.00000000 0.00000000
vt 0.00000000 0.00000000
vt 0.00000000 0.00000000
vt 0.00000000 0.00000000
vt 0.00000000 0.00000000
vt 0.00000000 0.00000000
vt 0.00000000 0.00000000
vt 0.00000000 0.00000000
vt 0.00000000 0.00000000
vt 0.00000000 0.00000000
vt 0.00000000 0.00000000
vt 0.00000000 0.00000000
vt 0.00000000 0.00000000
vt 0.00000000 0.00000000
vt 0.00000000 0.00000000
vt 0.00000000 0.00000000
vt 0.00000000 0.00000000
vt 0.00000000 0.00000000
vt 0.00000000 0.00000000
vt 0.00000000 0.00000000
vt 0.00000000 0.00000000
vt 0.00000000 0.00000000
vt 0.00000000 0.00000000
vt 0.00000000 0.00000000
vt 0.00000000 0.00000000
vt 0.00000000 0.00000000
vt 0.00000000 0.00000000
vt 0.00000000 0.00000000
vt 0.00000000 0.00000000
vt 0.00000000 0.00000000
vt 0.00000000 0.00000000
vt 0.00000000 0.00000000
vt 0.00000000 0.00000000
vt 0.00000000 0.00000000
vt 0.00000000 0.00000000
vt 0.00000000 0.00000000
vt 0.00000000 0.00000000
vt 0.00000000 0.00000000
vt 0.00000000 0.00000000
vt 0.00000000 0.00000000
vt 0.00000000 0.00000000
vt 0.00000000 0.00000000
vt 0.00000000 0.00000000
vt 0.00000000 0.00000000
vt 0.00000000 0.00000000
vt 0.00000000 0.00000000
vt 0.00000000 0.00000000
vt 0.00000000 0.00000000
vt 0.00000000 0.00000000
vt 0.00000000 0.00000000
vt 0.00000000 0.00000000
vt 0.00000000 0.00000000
vt 0.00000000 0.00000000
vt 0.00000000 0.00000000
vt 0.00000000 0.00000000
vt 0.00000000 0.00000000
vt 0.00000000 0.00000000
vt 0.00000000 0.00000000
vt 0.00000000 0.00000000
vt 0.00000000 0.00000000
vt 0.00000000 0.00000000
vt 0.00000000 0.00000000
vt 0.00000000 0.00000000
vt 0.00000000 0.00000000
vt 0.00000000 0.00000000
vt 0.00000000 0.00000000
vt 0.00000000 0.00000000
vt 0.00000000 0.00000000
vt 0.00000000 0.00000000
vt 0.00000000 0.00000000
vt 0.00000000 0.00000000
vt 0.00000000 0.00000000
vt 0.00000000 0.00000000
vt 0.00000000 0.00000000
vt 0.00000000 0.00000000
vt 0.00000000 0.00000000
vt 0.00000000 0.00000000
vt 0.00000000 0.00000000
vt 0.00000000 0.00000000
vt 0.00000000 0.00000000
vt 0.00000000 0.00000000
vt 0.00000000 0.00000000
vt 0.00000000 0.00000000
vt 0.00000000 0.00000000
vt 0.00000000 0.00000000
vt 0.00000000 0.00000000
vt 0.00000000 0.00000000
vt 0.00000000 0.00000000
vt 0.00000000 0.00000000
vt 0.00000000 0.00000000
vt 0.00000000 0.00000000
vt 0.00000000 0.00000000
vt 0.00000000 0.00000000
vt 0.00000000 0.00000000
vt 0.00000000 0.00000000
vt 0.00000000 0.00000000
vt 0.00000000 0.00000000
vt 0.00000000 0.00000000
vt 0.00000000 0.00000000
vt 0.00000000 0.00000000
vt 0.00000000 0.00000000
vt 0.00000000 0.00000000
vt 0.00000000 0.00000000
vt 0.00000000 0.00000000
vt 0.00000000 0.00000000
vt 0.00000000 0.00000000
vt 0.00000000 0.00000000
vt 0.00000000 0.00000000
vt 0.00000000 0.00000000
vt 0.00000000 0.00000000
vt 0.00000000 0.00000000
vt 0.00000000 0.00000000
vt 0.00000000 0.00000000
vt 0.00000000 0.00000000
vt 0.00000000 0.00000000
vt 0.00000000 0.00000000
vt 0.00000000 0.00000000
vt 0.00000000 0.00000000
vt 0.00000000 0.00000000
vt 0.00000000 0.00000000
vt 0.00000000 0.00000000
vt 0.00000000 0.00000000
vt 0.00000000 0.00000000
vt 0.00000000 0.00000000
vt 0.00000000 0.00000000
vt 0.00000000 0.00000000
vt 0.00000000 0.00000000
vt 0.00000000 0.00000000
vt 0.00000000 0.00000000
vt 0.00000000 0.00000000
vt 0.00000000 0.00000000
vt 0.00000000 0.00000000
vt 0.00000000 0.00000000
vt 0.00000000 0.00000000
vt 0.00000000 0.00000000
vt 0.00000000 0.00000000
vt 0.00000000 0.00000000
vt 0.00000000 0.00000000
vt 0.00000000 0.00000000
vt 0.00000000 0.00000000
vt 0.00000000 0.00000000
vt 0.00000000 0.00000000
vt 0.00000000 0.00000000
vt 0.00000000 0.00000000
vt 0.00000000 0.00000000
vt 0.00000000 0.00000000
vt 0.00000000 0.00000000
vt 0.00000000 0.00000000
vt 0.00000000 0.00000000
vt 0.00000000 0.00000000
vt 0.00000000 0.00000000
vt 0.00000000 0.00000000
vt 0.00000000 0.00000000
vt 0.00000000 0.00000000
vt 0.00000000 0.00000000
vt 0.00000000 0.00000000
vt 0.00000000 0.00000000
vt 0.00000000 0.00000000
vt 0.00000000 0.00000000
vt 0.00000000 0.00000000
vt 0.00000000 0.00000000
vt 0.00000000 0.00000000
vt 0.00000000 0.00000000
vt 0.00000000 0.00000000
vt 0.00000000 0.00000000
vt 0.00000000 0.00000000
vt 0.00000000 0.00000000
vt 0.00000000 0.00000000
vt 0.00000000 0.00000000
vt 0.00000000 0.00000000
vt 0.00000000 0.00000000
vt 0.00000000 0.00000000
vt 0.00000000 0.00000000
vt 0.00000000 0.00000000
vt 0.00000000 0.00000000
vt 0.00000000 0.00000000
vt 0.00000000 0.00000000
vt 0.00000000 0.00000000
vt 0.00000000 0.00000000
vt 0.00000000 0.00000000
vt 0.00000000 0.00000000
vt 0.00000000 0.00000000
vt 0.00000000 0.00000000
vt 0.00000000 0.00000000
vt 0.00000000 0.00000000
vt 0.00000000 0.00000000
vt 0.00000000 0.00000000
vt 0.00000000 0.00000000
vt 0.00000000 0.00000000
vt 0.00000000 0.00000000
vt 0.00000000 0.00000000
vt 0.00000000 0.00000000
vt 0.00000000 0.00000000
vt 0.00000000 0.00000000
vt 0.00000000 0.00000000
vt 0.00000000 0.00000000
vt 0.00000000 0.00000000
vt 0.00000000 0.00000000
vt 0.00000000 0.00000000
vt 0.00000000 0.00000000
vt 0.00000000 0.00000000
vt 0.00000000 0.00000000
vt 0.00000000 0.00000000
vt 0.00000000 0.00000000
vt 0.00000000 0.00000000
vt 0.00000000 0.00000000
vt 0.00000000 0.00000000
vt 0.00000000 0.00000000
vt 0.00000000 0.00000000
vt 0.00000000 0.00000000
vt 0.00000000 0.00000000
vt 0.00000000 0.00000000
vt 0.00000000 0.00000000
vt 0.00000000 0.00000000
vt 0.00000000 0.00000000
vt 0.00000000 0.00000000
vt 0.00000000 0.00000000
vt 0.00000000 0.00000000
vt 0.00000000 0.00000000
vt 0.00000000 0.00000000
vt 0.00000000 0.00000000
vt 0.00000000 0.00000000
vt 0.00000000 0.00000000
vt 0.00000000 0.00000000
vt 0.00000000 0.00000000
vt 0.00000000 0.00000000
vt 0.00000000 0.00000000
vt 0.00000000 0.00000000
vt 0.00000000 0.00000000
vt 0.00000000 0.00000000
vt 0.00000000 0.00000000
vt 0.00000000 0.00000000
vt 0.00000000 0.00000000
vt 0.00000000 0.00000000
vt 0.00000000 0.00000000
vt 0.00000000 0.00000000
vt 0.00000000 0.00000000
vt 0.00000000 0.00000000
vt 0.00000000 0.00000000
vt 0.00000000 0.00000000
vt 0.00000000 0.00000000
vt 0.00000000 0.00000000
vt 0.00000000 0.00000000
vt 0.00000000 0.00000000
vt 0.00000000 0.00000000
vt 0.00000000 0.00000000
vt 0.00000000 0.00000000
vt 0.00000000 0.00000000
vt 0.00000000 0.00000000
vt 0.00000000 0.00000000
vt 0.00000000 0.00000000
vt 0.00000000 0.00000000
vt 0.00000000 0.00000000
vt 0.00000000 0.00000000
vt 0.00000000 0.00000000
vt 0.00000000 0.00000000
vt 0.00000000 0.00000000
vt 0.00000000 0.00000000
vt 0.00000000 0.00000000
vt 0.00000000 0.00000000
vt 0.00000000 0.00000000
vt 0.00000000 0.00000000
vt 0.00000000 0.00000000
vt 0.00000000 0.00000000
vt 0.00000000 0.00000000
vt 0.00000000 0.00000000
vt 0.00000000 0.00000000
vt 0.00000000 0.00000000
vt 0.00000000 0.00000000
vt 0.00000000 0.00000000
vt 0.00000000 0.00000000
vt 0.00000000 0.00000000
vt 0.00000000 0.00000000
vt 0.00000000 0.00000000
vt 0.00000000 0.00000000
vt 0.00000000 0.00000000
vt 0.00000000 0.00000000
vt 0.00000000 0.00000000
vt 0.00000000 0.00000000
vt 0.00000000 0.00000000
vt 0.00000000 0.00000000
vt 0.00000000 0.00000000
vt 0.00000000 0.00000000
vt 0.00000000 0.00000000
vt 0.00000000 0.00000000
vt 0.00000000 0.00000000
vt 0.00000000 0.00000000
vt 0.00000000 0.00000000
vt 0.00000000 0.00000000
vt 0.00000000 0.00000000
vt 0.00000000 0.00000000
vt 0.00000000 0.00000000
vt 0.00000000 0.00000000
vt 0.00000000 0.00000000
vt 0.00000000 0.00000000
vt 0.00000000 0.00000000
vt 0.00000000 0.00000000
vt 0.00000000 0.00000000
vt 0.00000000 0.00000000
vt 0.00000000 0.00000000
vt 0.00000000 0.00000000
vt 0.00000000 0.00000000
vt 0.00000000 0.00000000
vt 0.00000000 0.00000000
vt 0.00000000 0.00000000
vt 0.00000000 0.00000000
vt 0.00000000 0.00000000
vt 0.00000000 0.00000000
vt 0.00000000 0.00000000
vt 0.00000000 0.00000000
vt 0.00000000 0.00000000
vt 0.00000000 0.00000000
vt 0.00000000 0.00000000
vt 0.00000000 0.00000000
vt 0.00000000 0.00000000
vt 0.00000000 0.00000000
vt 0.00000000 0.00000000
vt 0.00000000 0.00000000
vt 0.00000000 0.00000000
vt 0.00000000 0.00000000
vt 0.00000000 0.00000000
vt 0.00000000 0.00000000
vt 0.00000000 0.00000000
vt 0.00000000 0.00000000
vt 0.00000000 0.00000000
vt 0.00000000 0.00000000
vt 0.00000000 0.00000000
vt 0.00000000 0.00000000
vt 0.00000000 0.00000000
vt 0.00000000 0.00000000
vt 0.00000000 0.00000000
vt 0.00000000 0.00000000
vt 0.00000000 0.00000000
vt 0.00000000 0.00000000
vt 0.00000000 0.00000000
vt 0.00000000 0.00000000
vt 0.00000000 0.00000000
vt 0.00000000 0.00000000
vt 0.00000000 0.00000000
vt 0.00000000 0.00000000
vt 0.00000000 0.00000000
vt 0.00000000 0.00000000
vt 0.00000000 0.00000000
vt 0.00000000 0.00000000
vt 0.00000000 0.00000000
vt 0.00000000 0.00000000
vt 0.00000000 0.00000000
vt 0.00000000 0.00000000
vt 0.00000000 0.00000000
vt 0.00000000 0.00000000
vt 0.00000000 0.00000000
vt 0.00000000 0.00000000
vt 0.00000000 0.00000000
vt 0.00000000 0.00000000
vt 0.00000000 0.00000000
vt 0.00000000 0.00000000
vt 0.00000000 0.00000000
vt 0.00000000 0.00000000
vt 0.00000000 0.00000000
vt 0.00000000 0.00000000
vt 0.00000000 0.00000000
vt 0.00000000 0.00000000
vt 0.00000000 0.00000000
vt 0.00000000 0.00000000
vt 0.00000000 0.00000000
vt 0.00000000 0.00000000
vt 0.00000000 0.00000000
vt 0.00000000 0.00000000
vt 0.00000000 0.00000000
vt 0.00000000 0.00000000
vt 0.00000000 0.00000000
vt 0.00000000 0.00000000
vt 0.00000000 0.00000000
vt 0.00000000 0.00000000
vt 0.00000000 0.00000000
vt 0.00000000 0.00000000
vt 0.00000000 0.00000000
vt 0.00000000 0.00000000
vt 0.00000000 0.00000000
vt 0.00000000 0.00000000
vt 0.00000000 0.00000000
vt 0.00000000 0.00000000
vt 0.00000000 0.00000000
vt 0.00000000 0.00000000
vt 0.00000000 0.00000000
vt 0.00000000 0.00000000
vt 0.00000000 0.00000000
vt 0.00000000 0.00000000
vt 0.00000000 0.00000000
vt 0.00000000 0.00000000
vt 0.00000000 0.00000000
vt 0.00000000 0.00000000
vt 0.00000000 0.00000000
vt 0.00000000 0.00000000
vt 0.00000000 0.00000000
vt 0.00000000 0.00000000
vt 0.00000000 0.00000000
vt 0.00000000 0.00000000
vt 0.00000000 0.00000000
vt 0.00000000 0.00000000
vt 0.00000000 0.00000000
vt 0.00000000 0.00000000
vt 0.00000000 0.00000000
vt 0.00000000 0.00000000
vt 0.00000000 0.00000000
vt 0.00000000 0.00000000
vt 0.00000000 0.00000000
vt 0.00000000 0.00000000
vt 0.00000000 0.00000000
vt 0.00000000 0.00000000
vt 0.00000000 0.00000000
vt 0.00000000 0.00000000
vt 0.00000000 0.00000000
vt 0.00000000 0.00000000
vt 0.00000000 0.00000000
vt 0.00000000 0.00000000
vt 0.00000000 0.00000000
vt 0.00000000 0.00000000
vt 0.00000000 0.00000000
vt 0.00000000 0.00000000
vt 0.00000000 0.00000000
vt 0.00000000 0.00000000
vt 0.00000000 0.00000000
vt 0.00000000 0.00000000
vt 0.00000000 0.00000000
vt 0.00000000 0.00000000
vt 0.00000000 0.00000000
vt 0.00000000 0.00000000
vt 0.00000000 0.00000000
vt 0.00000000 0.00000000
vt 0.00000000 0.00000000
vt 0.00000000 0.00000000
vt 0.00000000 0.00000000
vt 0.00000000 0.00000000
vt 0.00000000 0.00000000
vt 0.00000000 0.00000000
vt 0.00000000 0.00000000
vt 0.00000000 0.00000000
vt 0.00000000 0.00000000
vt 0.00000000 0.00000000
vt 0.00000000 0.00000000
vt 0.00000000 0.00000000
vt 0.00000000 0.00000000
vt 0.00000000 0.00000000
vt 0.00000000 0.00000000
vt 0.00000000 0.00000000
vt 0.00000000 0.00000000
vt 0.00000000 0.00000000
vt 0.00000000 0.00000000
vt 0.00000000 0.00000000
vt 0.00000000 0.00000000
vt 0.00000000 0.00000000
vt 0.00000000 0.00000000
vt 0.00000000 0.00000000
vt 0.00000000 0.00000000
vt 0.00000000 0.00000000
vt 0.00000000 0.00000000
vt 0.00000000 0.00000000
vt 0.00000000 0.00000000
vt 0.00000000 0.00000000
vt 0.00000000 0.00000000
vt 0.00000000 0.00000000
vt 0.00000000 0.00000000
vt 0.00000000 0.00000000
vt 0.00000000 0.00000000
vt 0.00000000 0.00000000
vt 0.00000000 0.00000000
vt 0.00000000 0.00000000
vt 0.00000000 0.00000000
vt 0.00000000 0.00000000
vt 0.00000000 0.00000000
vt 0.00000000 0.00000000
vt 0.00000000 0.00000000
vt 0.00000000 0.00000000
vt 0.00000000 0.00000000
vt 0.00000000 0.00000000
vt 0.00000000 0.00000000
vt 0.00000000 0.00000000
vt 0.00000000 0.00000000
vt 0.00000000 0.00000000
vt 0.00000000 0.00000000
vt 0.00000000 0.00000000
vt 0.00000000 0.00000000
vt 0.00000000 0.00000000
vt 0.00000000 0.00000000
vt 0.00000000 0.00000000
vt 0.00000000 0.00000000
vt 0.00000000 0.00000000
vt 0.00000000 0.00000000
vt 0.00000000 0.00000000
vt 0.00000000 0.00000000
vt 0.00000000 0.00000000
vt 0.00000000 0.00000000
vt 0.00000000 0.00000000
vt 0.00000000 0.00000000
vt 0.00000000 0.00000000
vt 0.00000000 0.00000000
vt 0.00000000 0.00000000
vt 0.00000000 0.00000000
vt 0.00000000 0.00000000
vt 0.00000000 0.00000000
vt 0.00000000 0.00000000
vt 0.00000000 0.00000000
vt 0.00000000 0.00000000
vt 0.00000000 0.00000000
vt 0.00000000 0.00000000
vt 0.00000000 0.00000000
vt 0.00000000 0.00000000
vt 0.00000000 0.00000000
vt 0.00000000 0.00000000
vt 0.00000000 0.00000000
vt 0.00000000 0.00000000
vt 0.00000000 0.00000000
vt 0.00000000 0.00000000
vt 0.00000000 0.00000000
vt 0.00000000 0.00000000
vt 0.00000000 0.00000000
vt 0.00000000 0.00000000
vt 0.00000000 0.00000000
vt 0.00000000 0.00000000
vt 0.00000000 0.00000000
vt 0.00000000 0.00000000
vt 0.00000000 0.00000000
vt 0.00000000 0.00000000
vt 0.00000000 0.00000000
vt 0.00000000 0.00000000
vt 0.00000000 0.00000000
vt 0.00000000 0.00000000
vt 0.00000000 0.00000000
vt 0.00000000 0.00000000
vt 0.00000000 0.00000000
vt 0.00000000 0.00000000
vt 0.00000000 0.00000000
vt 0.00000000 0.00000000
vt 0.00000000 0.00000000
vt 0.00000000 0.00000000
vt 0.00000000 0.00000000
vt 0.00000000 0.00000000
vt 0.00000000 0.00000000
vt 0.00000000 0.00000000
vt 0.00000000 0.00000000
vt 0.00000000 0.00000000
vt 0.00000000 0.00000000
vt 0.00000000 0.00000000
vt 0.00000000 0.00000000
vt 0.00000000 0.00000000
vt 0.00000000 0.00000000
vt 0.00000000 0.00000000
vt 0.00000000 0.00000000
vt 0.00000000 0.00000000
vt 0.00000000 0.00000000
vt 0.00000000 0.00000000
vt 0.00000000 0.00000000
vt 0.00000000 0.00000000
vt 0.00000000 0.00000000
vt 0.00000000 0.00000000
vt 0.00000000 0.00000000
vt 0.00000000 0.00000000
vt 0.00000000 0.00000000
vt 0.00000000 0.00000000
vt 0.00000000 0.00000000
vt 0.00000000 0.00000000
vt 0.00000000 0.00000000
vt 0.00000000 0.00000000
vt 0.00000000 0.00000000
vt 0.00000000 0.00000000
vt 0.00000000 0.00000000
vt 0.00000000 0.00000000
vt 0.00000000 0.00000000
vt 0.00000000 0.00000000
vt 0.00000000 0.00000000
vt 0.00000000 0.00000000
vt 0.00000000 0.00000000
vt 0.00000000 0.00000000
vt 0.00000000 0.00000000
vt 0.00000000 0.00000000
vt 0.00000000 0.00000000
vt 0.00000000 0.00000000
vt 0.00000000 0.00000000
vt 0.00000000 0.00000000
vt 0.00000000 0.00000000
vt 0.00000000 0.00000000
vt 0.00000000 0.00000000
vt 0.00000000 0.00000000
vt 0.00000000 0.00000000
vt 0.00000000 0.00000000
vt 0.00000000 0.00000000
vt 0.00000000 0.00000000
vt 0.00000000 0.00000000
vt 0.00000000 0.00000000
vt 0.00000000 0.00000000
vt 0.00000000 0.00000000
vt 0.00000000 0.00000000
vt 0.00000000 0.00000000
vt 0.00000000 0.00000000
vt 0.00000000 0.00000000
vt 0.00000000 0.00000000
vt 0.00000000 0.00000000
vt 0.00000000 0.00000000
vt 0.00000000 0.00000000
vt 0.00000000 0.00000000
vt 0.00000000 0.00000000
vt 0.00000000 0.00000000
vt 0.00000000 0.00000000
vt 0.00000000 0.00000000
vt 0.00000000 0.00000000
vt 0.00000000 0.00000000
vt 0.00000000 0.00000000
vt 0.00000000 0.00000000
vt 0.00000000 0.00000000
vt 0.00000000 0.00000000
vt 0.00000000 0.00000000
vt 0.00000000 0.00000000
vt 0.00000000 0.00000000
vt 0.00000000 0.00000000
vt 0.00000000 0.00000000
vt 0.00000000 0.00000000
vt 0.00000000 0.00000000
vt 0.00000000 0.00000000
vt 0.00000000 0.00000000
vt 0.00000000 0.00000000
vt 0.00000000 0.00000000
vt 0.00000000 0.00000000
vt 0.00000000 0.00000000
vt 0.00000000 0.00000000
vt 0.00000000 0.00000000
vt 0.00000000 0.00000000
vt 0.00000000 0.00000000
vt 0.00000000 0.00000000
vt 0.00000000 0.00000000
vt 0.00000000 0.00000000
vt 0.00000000 0.00000000
vt 0.00000000 0.00000000
vt 0.00000000 0.00000000
vt 0.00000000 0.00000000
vt 0.00000000 0.00000000
vt 0.00000000 0.00000000
vt 0.00000000 0.00000000
vt 0.00000000 0.00000000
vt 0.00000000 0.00000000
vt 0.00000000 0.00000000
vt 0.00000000 0.00000000
vt 0.00000000 0.00000000
vt 0.00000000 0.00000000
vt 0.00000000 0.00000000
vt 0.00000000 0.00000000
vt 0.00000000 0.00000000
vt 0.00000000 0.00000000
vt 0.00000000 0.00000000
vt 0.00000000 0.00000000
vt 0.00000000 0.00000000
vt 0.00000000 0.00000000
vt 0.00000000 0.00000000
vt 0.00000000 0.00000000
vt 0.00000000 0.00000000
vt 0.00000000 0.00000000
vt 0.00000000 0.00000000
vt 0.00000000 0.00000000
vt 0.00000000 0.00000000
vt 0.00000000 0.00000000
vt 0.00000000 0.00000000
vt 0.00000000 0.00000000
vt 0.00000000 0.00000000
vt 0.00000000 0.00000000
vt 0.00000000 0.00000000
vt 0.00000000 0.00000000
vt 0.00000000 0.00000000
vt 0.00000000 0.00000000
vt 0.00000000 0.00000000
vt 0.00000000 0.00000000
vt 0.00000000 0.00000000
vt 0.00000000 0.00000000
vt 0.00000000 0.00000000
vt 0.00000000 0.00000000
vt 0.00000000 0.00000000
vt 0.00000000 0.00000000
vt 0.00000000 0.00000000
vt 0.00000000 0.00000000
vt 0.00000000 0.00000000
vt 0.00000000 0.00000000
vt 0.00000000 0.00000000
vt 0.00000000 0.00000000
vt 0.00000000 0.00000000
vt 0.00000000 0.00000000
vt 0.00000000 0.00000000
vt 0.00000000 0.00000000
vt 0.00000000 0.00000000
vt 0.00000000 0.00000000
vt 0.00000000 0.00000000
vt 0.00000000 0.00000000
vt 0.00000000 0.00000000
vt 0.00000000 0.00000000
vt 0.00000000 0.00000000
vt 0.00000000 0.00000000
vt 0.00000000 0.00000000
vt 0.00000000 0.00000000
vt 0.00000000 0.00000000
vt 0.00000000 0.00000000
vt 0.00000000 0.00000000
vt 0.00000000 0.00000000
vt 0.00000000 0.00000000
vt 0.00000000 0.00000000
vt 0.00000000 0.00000000
vt 0.00000000 0.00000000
vt 0.00000000 0.00000000
vt 0.00000000 0.00000000
vt 0.00000000 0.00000000
vt 0.00000000 0.00000000
vt 0.00000000 0.00000000
vt 0.00000000 0.00000000
vt 0.00000000 0.00000000
vt 0.00000000 0.00000000
vt 0.00000000 0.00000000
vt 0.00000000 0.00000000
vt 0.00000000 0.00000000
vt 0.00000000 0.00000000
vt 0.00000000 0.00000000
vt 0.00000000 0.00000000
vt 0.00000000 0.00000000
vt 0.00000000 0.00000000
vt 0.00000000 0.00000000
vt 0.00000000 0.00000000
vt 0.00000000 0.00000000
vt 0.00000000 0.00000000
vt 0.00000000 0.00000000
vt 0.00000000 0.00000000
vt 0.00000000 0.00000000
vt 0.00000000 0.00000000
vt 0.00000000 0.00000000
vt 0.00000000 0.00000000
vt 0.00000000 0.00000000
vt 0.00000000 0.00000000
vt 0.00000000 0.00000000
vt 0.00000000 0.00000000
vt 0.00000000 0.00000000
vt 0.00000000 0.00000000
vt 0.00000000 0.00000000
vt 0.00000000 0.00000000
vt 0.00000000 0.00000000
vt 0.00000000 0.00000000
vt 0.00000000 0.00000000
vt 0.00000000 0.00000000
vt 0.00000000 0.00000000
vt 0.00000000 0.00000000
vt 0.00000000 0.00000000
vt 0.00000000 0.00000000
vt 0.00000000 0.00000000
vt 0.00000000 0.00000000
vt 0.00000000 0.00000000
vt 0.00000000 0.00000000
vt 0.00000000 0.00000000
vt 0.00000000 0.00000000
vt 0.00000000 0.00000000
vt 0.00000000 0.00000000
vt 0.00000000 0.00000000
vt 0.00000000 0.00000000
vt 0.00000000 0.00000000
vt 0.00000000 0.00000000
vt 0.00000000 0.00000000
vt 0.00000000 0.00000000
vt 0.00000000 0.00000000
vt 0.00000000 0.00000000
vt 0.00000000 0.00000000
vt 0.00000000 0.00000000
vt 0.00000000 0.00000000
vt 0.00000000 0.00000000
vt 0.00000000 0.00000000
vt 0.00000000 0.00000000
vt 0.00000000 0.00000000
vt 0.00000000 0.00000000
vt 0.00000000 0.00000000
vt 0.00000000 0.00000000
vt 0.00000000 0.00000000
vt 0.00000000 0.00000000
vt 0.00000000 0.00000000
vt 0.00000000 0.00000000
vt 0.00000000 0.00000000
vt 0.00000000 0.00000000
vt 0.00000000 0.00000000
vt 0.00000000 0.00000000
vt 0.00000000 0.00000000
vt 0.00000000 0.00000000
vt 0.00000000 0.00000000
vt 0.00000000 0.00000000
vt 0.00000000 0.00000000
vt 0.00000000 0.00000000
vt 0.00000000 0.00000000
vt 0.00000000 0.00000000
vt 0.00000000 0.00000000
vt 0.00000000 0.00000000
vt 0.00000000 0.00000000
vt 0.00000000 0.00000000
vt 0.00000000 0.00000000
vt 0.00000000 0.00000000
vt 0.00000000 0.00000000
vt 0.00000000 0.00000000
vt 0.00000000 0.00000000
vt 0.00000000 0.00000000
vt 0.00000000 0.00000000
vt 0.00000000 0.00000000
vt 0.00000000 0.00000000
vt 0.00000000 0.00000000
vt 0.00000000 0.00000000
vt 0.00000000 0.00000000
vt 0.00000000 0.00000000
vt 0.00000000 0.00000000
vt 0.00000000 0.00000000
vt 0.00000000 0.00000000
vt 0.00000000 0.00000000
vt 0.00000000 0.00000000
vt 0.00000000 0.00000000
vt 0.00000000 0.00000000
vt 0.00000000 0.00000000
vt 0.00000000 0.00000000
vt 0.00000000 0.00000000
vt 0.00000000 0.00000000
vt 0.00000000 0.00000000
vt 0.00000000 0.00000000
vt 0.00000000 0.00000000
vt 0.00000000 0.00000000
vt 0.00000000 0.00000000
vt 0.00000000 0.00000000
vt 0.00000000 0.00000000
vt 0.00000000 0.00000000
vt 0.00000000 0.00000000
vt 0.00000000 0.00000000
vt 0.00000000 0.00000000
vt 0.00000000 0.00000000
vt 0.00000000 0.00000000
vt 0.00000000 0.00000000
vt 0.00000000 0.00000000
vt 0.00000000 0.00000000
vt 0.00000000 0.00000000
vt 0.00000000 0.00000000
vt 0.00000000 0.00000000
vt 0.00000000 0.00000000
vt 0.00000000 0.00000000
vt 0.00000000 0.00000000
vt 0.00000000 0.00000000
vt 0.00000000 0.00000000
vt 0.00000000 0.00000000
vt 0.00000000 0.00000000
vt 0.00000000 0.00000000
vt 0.00000000 0.00000000
vt 0.00000000 0.00000000
vt 0.00000000 0.00000000
vt 0.00000000 0.00000000
vt 0.00000000 0.00000000
vt 0.00000000 0.00000000
vt 0.00000000 0.00000000
vt 0.00000000 0.00000000
vt 0.00000000 0.00000000
vt 0.00000000 0.00000000
vt 0.00000000 0.00000000
vt 0.00000000 0.00000000
vt 0.00000000 0.00000000
vt 0.00000000 0.00000000
vt 0.00000000 0.00000000
vt 0.00000000 0.00000000
vt 0.00000000 0.00000000
vt 0.00000000 0.00000000
vt 0.00000000 0.00000000
vt 0.00000000 0.00000000
vt 0.00000000 0.00000000
vt 0.00000000 0.00000000
vt 0.00000000 0.00000000
vt 0.00000000 0.00000000
vt 0.00000000 0.00000000
vt 0.00000000 0.00000000
vt 0.00000000 0.00000000
vt 0.00000000 0.00000000
vt 0.00000000 0.00000000
vt 0.00000000 0.00000000
vt 0.00000000 0.00000000
vt 0.00000000 0.00000000
vt 0.00000000 0.00000000
vt 0.00000000 0.00000000
vt 0.00000000 0.00000000
vt 0.00000000 0.00000000
vt 0.00000000 0.00000000
vt 0.00000000 0.00000000
vt 0.00000000 0.00000000
vt 0.00000000 0.00000000
vt 0.00000000 0.00000000
vt 0.00000000 0.00000000
vt 0.00000000 0.00000000
vt 0.00000000 0.00000000
vt 0.00000000 0.00000000
vt 0.00000000 0.00000000
vt 0.00000000 0.00000000
vt 0.00000000 0.00000000
vt 0.00000000 0.00000000
vt 0.00000000 0.00000000
vt 0.00000000 0.00000000
vt 0.00000000 0.00000000
vt 0.00000000 0.00000000
vt 0.00000000 0.00000000
vt 0.00000000 0.00000000
vt 0.00000000 0.00000000
vt 0.00000000 0.00000000
vt 0.00000000 0.00000000
vt 0.00000000 0.00000000
vt 0.00000000 0.00000000
vt 0.00000000 0.00000000
vt 0.00000000 0.00000000
vt 0.00000000 0.00000000
vt 0.00000000 0.00000000
vt 0.00000000 0.00000000
vt 0.00000000 0.00000000
vt 0.00000000 0.00000000
vt 0.00000000 0.00000000
vt 0.00000000 0.00000000
vt 0.00000000 0.00000000
vt 0.00000000 0.00000000
vt 0.00000000 0.00000000
vt 0.00000000 0.00000000
vt 0.00000000 0.00000000
vt 0.00000000 0.00000000
vt 0.00000000 0.00000000
vt 0.00000000 0.00000000
vt 0.00000000 0.00000000
vt 0.00000000 0.00000000
vt 0.00000000 0.00000000
vt 0.00000000 0.00000000
vt 0.00000000 0.00000000
vt 0.00000000 0.00000000
vt 0.00000000 0.00000000
vt 0.00000000 0.00000000
vt 0.00000000 0.00000000
vt 0.00000000 0.00000000
vt 0.00000000 0.00000000
vt 0.00000000 0.00000000
vt 0.00000000 0.00000000
vt 0.00000000 0.00000000
vt 0.00000000 0.00000000
vt 0.00000000 0.00000000
vt 0.00000000 0.00000000
vt 0.00000000 0.00000000
vt 0.00000000 0.00000000
vt 0.00000000 0.00000000
vt 0.00000000 0.00000000
vt 0.00000000 0.00000000
vt 0.00000000 0.00000000
vt 0.00000000 0.00000000
vt 0.00000000 0.00000000
vt 0.00000000 0.00000000
vt 0.00000000 0.00000000
vt 0.00000000 0.00000000
vt 0.00000000 0.00000000
vt 0.00000000 0.00000000
vt 0.00000000 0.00000000
vt 0.00000000 0.00000000
vt 0.00000000 0.00000000
vt 0.00000000 0.00000000
vt 0.00000000 0.00000000
vt 0.00000000 0.00000000
vt 0.00000000 0.00000000
vt 0.00000000 0.00000000
vt 0.00000000 0.00000000
vt 0.00000000 0.00000000
vt 0.00000000 0.00000000
vt 0.00000000 0.00000000
vt 0.00000000 0.00000000
vt 0.00000000 0.00000000
vt 0.00000000 0.00000000
vt 0.00000000 0.00000000
vt 0.00000000 0.00000000
vt 0.00000000 0.00000000
vt 0.00000000 0.00000000
vt 0.00000000 0.00000000
vt 0.00000000 0.00000000
vt 0.00000000 0.00000000
vt 0.00000000 0.00000000
vt 0.00000000 0.00000000
vt 0.00000000 0.00000000
vt 0.00000000 0.00000000
vt 0.00000000 0.00000000
vt 0.00000000 0.00000000
vt 0.00000000 0.00000000
vt 0.00000000 0.00000000
vt 0.00000000 0.00000000
vt 0.00000000 0.00000000
vt 0.00000000 0.00000000
vt 0.00000000 0.00000000
vt 0.00000000 0.00000000
vt 0.00000000 0.00000000
vt 0.00000000 0.00000000
vt 0.00000000 0.00000000
vt 0.00000000 0.00000000
vt 0.00000000 0.00000000
vt 0.00000000 0.00000000
vt 0.00000000 0.00000000
vt 0.00000000 0.00000000
vt 0.00000000 0.00000000
vt 0.00000000 0.00000000
vt 0.00000000 0.00000000
vt 0.00000000 0.00000000
vt 0.00000000 0.00000000
vt 0.00000000 0.00000000
vt 0.00000000 0.00000000
vt 0.00000000 0.00000000
vt 0.00000000 0.00000000
vt 0.00000000 0.00000000
vt 0.00000000 0.00000000
vt 0.00000000 0.00000000
vt 0.00000000 0.00000000
vt 0.00000000 0.00000000
vt 0.00000000 0.00000000
vt 0.00000000 0.00000000
vt 0.00000000 0.00000000
vt 0.00000000 0.00000000
vt 0.00000000 0.00000000
vt 0.00000000 0.00000000
vt 0.00000000 0.00000000
vt 0.00000000 0.00000000
vt 0.00000000 0.00000000
vt 0.00000000 0.00000000
vt 0.00000000 0.00000000
vt 0.00000000 0.00000000
vt 0.00000000 0.00000000
vt 0.00000000 0.00000000
vt 0.00000000 0.00000000
vt 0.00000000 0.00000000
vt 0.00000000 0.00000000
vt 0.00000000 0.00000000
vt 0.00000000 0.00000000
vt 0.00000000 0.00000000
vt 0.00000000 0.00000000
vt 0.00000000 0.00000000
vt 0.00000000 0.00000000
vt 0.00000000 0.00000000
vt 0.00000000 0.00000000
vt 0.00000000 0.00000000
vt 0.00000000 0.00000000
vt 0.00000000 0.00000000
vt 0.00000000 0.00000000
vt 0.00000000 0.00000000
vt 0.00000000 0.00000000
vt 0.00000000 0.00000000
vt 0.00000000 0.00000000
vt 0.00000000 0.00000000
vt 0.00000000 0.00000000
vt 0.00000000 0.00000000
vt 0.00000000 0.00000000
vt 0.00000000 0.00000000
vt 0.00000000 0.00000000
vt 0.00000000 0.00000000
vt 0.00000000 0.00000000
vt 0.00000000 0.00000000
vt 0.00000000 0.00000000
vt 0.00000000 0.00000000
vt 0.00000000 0.00000000
vt 0.00000000 0.00000000
vt 0.00000000 0.00000000
vt 0.00000000 0.00000000
vt 0.00000000 0.00000000
vt 0.00000000 0.00000000
vt 0.00000000 0.00000000
vt 0.00000000 0.00000000
vt 0.00000000 0.00000000
vt 0.00000000 0.00000000
vt 0.00000000 0.00000000
vt 0.00000000 0.00000000
vt 0.00000000 0.00000000
vt 0.00000000 0.00000000
vt 0.00000000 0.00000000
vt 0.00000000 0.00000000
vt 0.00000000 0.00000000
vt 0.00000000 0.00000000
vt 0.00000000 0.00000000
vt 0.00000000 0.00000000
vt 0.00000000 0.00000000
vt 0.00000000 0.00000000
vt 0.00000000 0.00000000
vt 0.00000000 0.00000000
vt 0.00000000 0.00000000
vt 0.00000000 0.00000000
vt 0.00000000 0.00000000
vt 0.00000000 0.00000000
vt 0.00000000 0.00000000
vt 0.00000000 0.00000000
vt 0.00000000 0.00000000
vt 0.00000000 0.00000000
vt 0.00000000 0.00000000
vt 0.00000000 0.00000000
vt 0.00000000 0.00000000
vt 0.00000000 0.00000000
vt 0.00000000 0.00000000
vt 0.00000000 0.00000000
vt 0.00000000 0.00000000
vt 0.00000000 0.00000000
vt 0.00000000 0.00000000
vt 0.00000000 0.00000000
vt 0.00000000 0.00000000
vt 0.00000000 0.00000000
vt 0.00000000 0.00000000
vt 0.00000000 0.00000000
vt 0.00000000 0.00000000
vt 0.00000000 0.00000000
vt 0.00000000 0.00000000
vt 0.00000000 0.00000000
vt 0.00000000 0.00000000
vt 0.00000000 0.00000000
vt 0.00000000 0.00000000
vt 0.00000000 0.00000000
vt 0.00000000 0.00000000
vt 0.00000000 0.00000000
vt 0.00000000 0.00000000
vt 0.00000000 0.00000000
vt 0.00000000 0.00000000
vt 0.00000000 0.00000000
vt 0.00000000 0.00000000
vt 0.00000000 0.00000000
vt 0.00000000 0.00000000
vt 0.00000000 0.00000000
vt 0.00000000 0.00000000
vt 0.00000000 0.00000000
vt 0.00000000 0.00000000
vt 0.00000000 0.00000000
vt 0.00000000 0.00000000
vt 0.00000000 0.00000000
vt 0.00000000 0.00000000
vt 0.00000000 0.00000000
vt 0.00000000 0.00000000
vt 0.00000000 0.00000000
vt 0.00000000 0.00000000
vt 0.00000000 0.00000000
vt 0.00000000 0.00000000
vt 0.00000000 0.00000000
vt 0.00000000 0.00000000
vt 0.00000000 0.00000000
vt 0.00000000 0.00000000
vt 0.00000000 0.00000000
vt 0.00000000 0.00000000
vt 0.00000000 0.00000000
vt 0.00000000 0.00000000
vt 0.00000000 0.00000000
vt 0.00000000 0.00000000
vt 0.00000000 0.00000000
vt 0.00000000 0.00000000
vt 0.00000000 0.00000000
vt 0.00000000 0.00000000
vt 0.00000000 0.00000000
vt 0.00000000 0.00000000
vt 0.00000000 0.00000000
vt 0.00000000 0.00000000
vt 0.00000000 0.00000000
vt 0.00000000 0.00000000
vt 0.00000000 0.00000000
vt 0.00000000 0.00000000
vt 0.00000000 0.00000000
vt 0.00000000 0.00000000
vt 0.00000000 0.00000000
vt 0.00000000 0.00000000
vt 0.00000000 0.00000000
vt 0.00000000 0.00000000
vt 0.00000000 0.00000000
vt 0.00000000 0.00000000
vt 0.00000000 0.00000000
vt 0.00000000 0.00000000
vt 0.00000000 0.00000000
vt 0.00000000 0.00000000
vt 0.00000000 0.00000000
vt 0.00000000 0.00000000
vt 0.00000000 0.00000000
vt 0.00000000 0.00000000
vt 0.00000000 0.00000000
vt 0.00000000 0.00000000
vt 0.00000000 0.00000000
vt 0.00000000 0.00000000
vt 0.00000000 0.00000000
vt 0.00000000 0.00000000
vt 0.00000000 0.00000000
vt 0.00000000 0.00000000
vt 0.00000000 0.00000000
vt 0.00000000 0.00000000
vt 0.00000000 0.00000000
vt 0.00000000 0.00000000
vt 0.00000000 0.00000000
vt 0.00000000 0.00000000
vt 0.00000000 0.00000000
vt 0.00000000 0.00000000
vt 0.00000000 0.00000000
vt 0.00000000 0.00000000
vt 0.00000000 0.00000000
vt 0.00000000 0.00000000
vt 0.00000000 0.00000000
vt 0.00000000 0.00000000
vt 0.00000000 0.00000000
vt 0.00000000 0.00000000
vt 0.00000000 0.00000000
vt 0.00000000 0.00000000
vt 0.00000000 0.00000000
vt 0.00000000 0.00000000
vt 0.00000000 0.00000000
vt 0.00000000 0.00000000
vt 0.00000000 0.00000000
vt 0.00000000 0.00000000
vt 0.00000000 0.00000000
vt 0.00000000 0.00000000
vt 0.00000000 0.00000000
vt 0.00000000 0.00000000
vt 0.00000000 0.00000000
vt 0.00000000 0.00000000
vt 0.00000000 0.00000000
vt 0.00000000 0.00000000
vt 0.00000000 0.00000000
vt 0.00000000 0.00000000
vt 0.00000000 0.00000000
vt 0.00000000 0.00000000
vt 0.00000000 0.00000000
vt 0.00000000 0.00000000
vt 0.00000000 0.00000000
vt 0.00000000 0.00000000
vt 0.00000000 0.00000000
vt 0.00000000 0.00000000
vt 0.00000000 0.00000000
vt 0.00000000 0.00000000
vt 0.00000000 0.00000000
vt 0.00000000 0.00000000
vt 0.00000000 0.00000000
vt 0.00000000 0.00000000
vt 0.00000000 0.00000000
vt 0.00000000 0.00000000
vt 0.00000000 0.00000000
vt 0.00000000 0.00000000
vt 0.00000000 0.00000000
vt 0.00000000 0.00000000
vt 0.00000000 0.00000000
vt 0.00000000 0.00000000
vt 0.00000000 0.00000000
vt 0.00000000 0.00000000
vt 0.00000000 0.00000000
vt 0.00000000 0.00000000
vt 0.00000000 0.00000000
vt 0.00000000 0.00000000
vt 0.00000000 0.00000000
vt 0.00000000 0.00000000
vt 0.00000000 0.00000000
vt 0.00000000 0.00000000
vt 0.00000000 0.00000000
vt 0.00000000 0.00000000
vt 0.00000000 0.00000000
vt 0.00000000 0.00000000
vt 0.00000000 0.00000000
vt 0.00000000 0.00000000
vt 0.00000000 0.00000000
vt 0.00000000 0.00000000
vt 0.00000000 0.00000000
vt 0.00000000 0.00000000
vt 0.00000000 0.00000000
vt 0.00000000 0.00000000
vt 0.00000000 0.00000000
vt 0.00000000 0.00000000
vt 0.00000000 0.00000000
vt 0.00000000 0.00000000
vt 0.00000000 0.00000000
vt 0.00000000 0.00000000
vt 0.00000000 0.00000000
vt 0.00000000 0.00000000
vt 0.00000000 0.00000000
vt 0.00000000 0.00000000
vt 0.00000000 0.00000000
vt 0.00000000 0.00000000
vt 0.00000000 0.00000000
vt 0.00000000 0.00000000
vt 0.00000000 0.00000000
vt 0.00000000 0.00000000
vt 0.00000000 0.00000000
vt 0.00000000 0.00000000
vt 0.00000000 0.00000000
vt 0.00000000 0.00000000
vt 0.00000000 0.00000000
vt 0.00000000 0.00000000
vt 0.00000000 0.00000000
vt 0.00000000 0.00000000
vt 0.00000000 0.00000000
vt 0.00000000 0.00000000
vt 0.00000000 0.00000000
vt 0.00000000 0.00000000
vt 0.00000000 0.00000000
vt 0.00000000 0.00000000
vt 0.00000000 0.00000000
vt 0.00000000 0.00000000
vt 0.00000000 0.00000000
vt 0.00000000 0.00000000
vt 0.00000000 0.00000000
vt 0.00000000 0.00000000
vt 0.00000000 0.00000000
vt 0.00000000 0.00000000
vt 0.00000000 0.00000000
vt 0.00000000 0.00000000
vt 0.00000000 0.00000000
vt 0.00000000 0.00000000
vt 0.00000000 0.00000000
vt 0.00000000 0.00000000
vt 0.00000000 0.00000000
vt 0.00000000 0.00000000
vt 0.00000000 0.00000000
vt 0.00000000 0.00000000
vt 0.00000000 0.00000000
vt 0.00000000 0.00000000
vt 0.00000000 0.00000000
vt 0.00000000 0.00000000
vt 0.00000000 0.00000000
vt 0.00000000 0.00000000
vt 0.00000000 0.00000000
vt 0.00000000 0.00000000
vt 0.00000000 0.00000000
vt 0.00000000 0.00000000
vt 0.00000000 0.00000000
vt 0.00000000 0.00000000
vt 0.00000000 0.00000000
vt 0.00000000 0.00000000
vt 0.00000000 0.00000000
vt 0.00000000 0.00000000
vt 0.00000000 0.00000000
vt 0.00000000 0.00000000
vt 0.00000000 0.00000000
vt 0.00000000 0.00000000
vt 0.00000000 0.00000000
vt 0.00000000 0.00000000
vt 0.00000000 0.00000000
vt 0.00000000 0.00000000
vt 0.00000000 0.00000000
vt 0.00000000 0.00000000
vt 0.00000000 0.00000000
vt 0.00000000 0.00000000
vt 0.00000000 0.00000000
vt 0.00000000 0.00000000
vt 0.00000000 0.00000000
vt 0.00000000 0.00000000
vt 0.00000000 0.00000000
vt 0.00000000 0.00000000
vt 0.00000000 0.00000000
vt 0.00000000 0.00000000
vt 0.00000000 0.00000000
vt 0.00000000 0.00000000
vt 0.00000000 0.00000000
vt 0.00000000 0.00000000
vt 0.00000000 0.00000000
vt 0.00000000 0.00000000
vt 0.00000000 0.00000000
vt 0.00000000 0.00000000
vt 0.00000000 0.00000000
vt 0.00000000 0.00000000
vt 0.00000000 0.00000000
vt 0.00000000 0.00000000
vt 0.00000000 0.00000000
vt 0.00000000 0.00000000
vt 0.00000000 0.00000000
vt 0.00000000 0.00000000
vt 0.00000000 0.00000000
vt 0.00000000 0.00000000
vt 0.00000000 0.00000000
vt 0.00000000 0.00000000
vt 0.00000000 0.00000000
vt 0.00000000 0.00000000
vt 0.00000000 0.00000000
vt 0.00000000 0.00000000
vt 0.00000000 0.00000000
vt 0.00000000 0.00000000
vt 0.00000000 0.00000000
vt 0.00000000 0.00000000
vt 0.00000000 0.00000000
vt 0.00000000 0.00000000
vt 0.00000000 0.00000000
vt 0.00000000 0.00000000
vt 0.00000000 0.00000000
vt 0.00000000 0.00000000
vt 0.00000000 0.00000000
vt 0.00000000 0.00000000
vt 0.00000000 0.00000000
vt 0.00000000 0.00000000
vt 0.00000000 0.00000000
vt 0.00000000 0.00000000
vt 0.00000000 0.00000000
vt 0.00000000 0.00000000
vt 0.00000000 0.00000000
vt 0.00000000 0.00000000
vt 0.00000000 0.00000000
vt 0.00000000 0.00000000
vt 0.00000000 0.00000000
vt 0.00000000 0.00000000
vt 0.00000000 0.00000000
vt 0.00000000 0.00000000
vt 0.00000000 0.00000000
vt 0.00000000 0.00000000
vt 0.00000000 0.00000000
vt 0.00000000 0.00000000
vt 0.00000000 0.00000000
vt 0.00000000 0.00000000
vt 0.00000000 0.00000000
vt 0.00000000 0.00000000
vt 0.00000000 0.00000000
vt 0.00000000 0.00000000
vt 0.00000000 0.00000000
vt 0.00000000 0.00000000
vt 0.00000000 0.00000000
vt 0.00000000 0.00000000
vt 0.00000000 0.00000000
vt 0.00000000 0.00000000
vt 0.00000000 0.00000000
vt 0.00000000 0.00000000
vt 0.00000000 0.00000000
vt 0.00000000 0.00000000
vt 0.00000000 0.00000000
vt 0.00000000 0.00000000
vt 0.00000000 0.00000000
vt 0.00000000 0.00000000
vt 0.00000000 0.00000000
vt 0.00000000 0.00000000
vt 0.00000000 0.00000000
vt 0.00000000 0.00000000
vt 0.00000000 0.00000000
vt 0.00000000 0.00000000
vt 0.00000000 0.00000000
vt 0.00000000 0.00000000
vt 0.00000000 0.00000000
vt 0.00000000 0.00000000
vt 0.00000000 0.00000000
vt 0.00000000 0.00000000
vt 0.00000000 0.00000000
vt 0.00000000 0.00000000
vt 0.00000000 0.00000000
vt 0.00000000 0.00000000
vt 0.00000000 0.00000000
vt 0.00000000 0.00000000
vt 0.00000000 0.00000000
vt 0.00000000 0.00000000
vt 0.00000000 0.00000000
vt 0.00000000 0.00000000
vt 0.00000000 0.00000000
vt 0.00000000 0.00000000
vt 0.00000000 0.00000000
vt 0.00000000 0.00000000
vt 0.00000000 0.00000000
vt 0.00000000 0.00000000
vt 0.00000000 0.00000000
vt 0.00000000 0.00000000
vt 0.00000000 0.00000000
vt 0.00000000 0.00000000
vt 0.00000000 0.00000000
vt 0.00000000 0.00000000
vt 0.00000000 0.00000000
vt 0.00000000 0.00000000
vt 0.00000000 0.00000000
vt 0.00000000 0.00000000
vt 0.00000000 0.00000000
vt 0.00000000 0.00000000
vt 0.00000000 0.00000000
vt 0.00000000 0.00000000
vt 0.00000000 0.00000000
vt 0.00000000 0.00000000
vt 0.00000000 0.00000000
vt 0.00000000 0.00000000
vt 0.00000000 0.00000000
vt 0.00000000 0.00000000
vt 0.00000000 0.00000000
vt 0.00000000 0.00000000
vt 0.00000000 0.00000000
vt 0.00000000 0.00000000
vt 0.00000000 0.00000000
vt 0.00000000 0.00000000
vt 0.00000000 0.00000000
vt 0.00000000 0.00000000
vt 0.00000000 0.00000000
vt 0.00000000 0.00000000
vt 0.00000000 0.00000000
vt 0.00000000 0.00000000
vt 0.00000000 0.00000000
vt 0.00000000 0.00000000
vt 0.00000000 0.00000000
vt 0.00000000 0.00000000
vt 0.00000000 0.00000000
vt 0.00000000 0.00000000
vt 0.00000000 0.00000000
vt 0.00000000 0.00000000
vt 0.00000000 0.00000000
vt 0.00000000 0.00000000
vt 0.00000000 0.00000000
vt 0.00000000 0.00000000
vt 0.00000000 0.00000000
vt 0.00000000 0.00000000
vt 0.00000000 0.00000000
vt 0.00000000 0.00000000
vt 0.00000000 0.00000000
vt 0.00000000 0.00000000
vt 0.00000000 0.00000000
vt 0.00000000 0.00000000
vt 0.00000000 0.00000000
vt 0.00000000 0.00000000
vt 0.00000000 0.00000000
vt 0.00000000 0.00000000
vt 0.00000000 0.00000000
vt 0.00000000 0.00000000
vt 0.00000000 0.00000000
vt 0.00000000 0.00000000
vt 0.00000000 0.00000000
vt 0.00000000 0.00000000
vt 0.00000000 0.00000000
vt 0.00000000 0.00000000
vt 0.00000000 0.00000000
vt 0.00000000 0.00000000
vt 0.00000000 0.00000000
vt 0.00000000 0.00000000
vt 0.00000000 0.00000000
vt 0.00000000 0.00000000
vt 0.00000000 0.00000000
vt 0.00000000 0.00000000
vt 0.00000000 0.00000000
vt 0.00000000 0.00000000
vt 0.00000000 0.00000000
vt 0.00000000 0.00000000
vt 0.00000000 0.00000000
vt 0.00000000 0.00000000
vt 0.00000000 0.00000000
vt 0.00000000 0.00000000
vt 0.00000000 0.00000000
vt 0.00000000 0.00000000
vt 0.00000000 0.00000000
vt 0.00000000 0.00000000
vt 0.00000000 0.00000000
vt 0.00000000 0.00000000
vt 0.00000000 0.00000000
vt 0.00000000 0.00000000
vt 0.00000000 0.00000000
vt 0.00000000 0.00000000
vt 0.00000000 0.00000000
vt 0.00000000 0.00000000
vt 0.00000000 0.00000000
vt 0.00000000 0.00000000
vt 0.00000000 0.00000000
vt 0.00000000 0.00000000
vt 0.00000000 0.00000000
vt 0.00000000 0.00000000
vt 0.00000000 0.00000000
vt 0.00000000 0.00000000
vt 0.00000000 0.00000000
vt 0.00000000 0.00000000
vt 0.00000000 0.00000000
vt 0.00000000 0.00000000
vt 0.00000000 0.00000000
vt 0.00000000 0.00000000
vt 0.00000000 0.00000000
vt 0.00000000 0.00000000
vt 0.00000000 0.00000000
vt 0.00000000 0.00000000
vt 0.00000000 0.00000000
vt 0.00000000 0.00000000
vt 0.00000000 0.00000000
vt 0.00000000 0.00000000
vt 0.00000000 0.00000000
vt 0.00000000 0.00000000
vt 0.00000000 0.00000000
vt 0.00000000 0.00000000
vt 0.00000000 0.00000000
vt 0.00000000 0.00000000
vt 0.00000000 0.00000000
vt 0.00000000 0.00000000
vt 0.00000000 0.00000000
vt 0.00000000 0.00000000
vt 0.00000000 0.00000000
vt 0.00000000 0.00000000
vt 0.00000000 0.00000000
vt 0.00000000 0.00000000
vt 0.00000000 0.00000000
vt 0.00000000 0.00000000
vt 0.00000000 0.00000000
vt 0.00000000 0.00000000
vt 0.00000000 0.00000000
vt 0.00000000 0.00000000
vt 0.00000000 0.00000000
vt 0.00000000 0.00000000
vt 0.00000000 0.00000000
vt 0.00000000 0.00000000
vt 0.00000000 0.00000000
vt 0.00000000 0.00000000
vt 0.00000000 0.00000000
vt 0.00000000 0.00000000
vt 0.00000000 0.00000000
vt 0.00000000 0.00000000
vt 0.00000000 0.00000000
vt 0.00000000 0.00000000
vt 0.00000000 0.00000000
vt 0.00000000 0.00000000
vt 0.00000000 0.00000000
vt 0.00000000 0.00000000
vt 0.00000000 0.00000000
vt 0.00000000 0.00000000
vt 0.00000000 0.00000000
vt 0.00000000 0.00000000
vt 0.00000000 0.00000000
vt 0.00000000 0.00000000
vt 0.00000000 0.00000000
vt 0.00000000 0.00000000
vt 0.00000000 0.00000000
vt 0.00000000 0.00000000
vt 0.00000000 0.00000000
vt 0.00000000 0.00000000
vt 0.00000000 0.00000000
vt 0.00000000 0.00000000
vt 0.00000000 0.00000000
vt 0.00000000 0.00000000
vt 0.00000000 0.00000000
vt 0.00000000 0.00000000
vt 0.00000000 0.00000000
vt 0.00000000 0.00000000
vt 0.00000000 0.00000000
vt 0.00000000 0.00000000
vt 0.00000000 0.00000000
vt 0.00000000 0.00000000
vt 0.00000000 0.00000000
vt 0.00000000 0.00000000
vt 0.00000000 0.00000000
vt 0.00000000 0.00000000
vt 0.00000000 0.00000000
vt 0.00000000 0.00000000
vt 0.00000000 0.00000000
vt 0.00000000 0.00000000
vt 0.00000000 0.00000000
vt 0.00000000 0.00000000
vt 0.00000000 0.00000000
vt 0.00000000 0.00000000
vt 0.00000000 0.00000000
vt 0.00000000 0.00000000
vt 0.00000000 0.00000000
vt 0.00000000 0.00000000
vt 0.00000000 0.00000000
vt 0.00000000 0.00000000
vt 0.00000000 0.00000000
vt 0.00000000 0.00000000
vt 0.00000000 0.00000000
vt 0.00000000 0.00000000
vt 0.00000000 0.00000000
vt 0.00000000 0.00000000
vt 0.00000000 0.00000000
vt 0.00000000 0.00000000
vt 0.00000000 0.00000000
vt 0.00000000 0.00000000
vt 0.00000000 0.00000000
vt 0.00000000 0.00000000
vt 0.00000000 0.00000000
vt 0.00000000 0.00000000
vt 0.00000000 0.00000000
vt 0.00000000 0.00000000
vt 0.00000000 0.00000000
vt 0.00000000 0.00000000
vt 0.00000000 0.00000000
vt 0.00000000 0.00000000
vt 0.00000000 0.00000000
vt 0.00000000 0.00000000
vt 0.00000000 0.00000000
vt 0.00000000 0.00000000
vt 0.00000000 0.00000000
vt 0.00000000 0.00000000
vt 0.00000000 0.00000000
vt 0.00000000 0.00000000
vt 0.00000000 0.00000000
vt 0.00000000 0.00000000
vt 0.00000000 0.00000000
vt 0.00000000 0.00000000
vt 0.00000000 0.00000000
vt 0.00000000 0.00000000
vt 0.00000000 0.00000000
vt 0.00000000 0.00000000
vt 0.00000000 0.00000000
vt 0.00000000 0.00000000
vt 0.00000000 0.00000000
vt 0.00000000 0.00000000
vt 0.00000000 0.00000000
vt 0.00000000 0.00000000
vt 0.00000000 0.00000000
vt 0.00000000 0.00000000
vt 0.00000000 0.00000000
vt 0.00000000 0.00000000
vt 0.00000000 0.00000000
vt 0.00000000 0.00000000
vt 0.00000000 0.00000000
vt 0.00000000 0.00000000
vt 0.00000000 0.00000000
vt 0.00000000 0.00000000
vt 0.00000000 0.00000000
vt 0.00000000 0.00000000
vt 0.00000000 0.00000000
vt 0.00000000 0.00000000
vt 0.00000000 0.00000000
vt 0.00000000 0.00000000
vt 0.00000000 0.00000000
vt 0.00000000 0.00000000
vt 0.00000000 0.00000000
vt 0.00000000 0.00000000
vt 0.00000000 0.00000000
vt 0.00000000 0.00000000
vt 0.00000000 0.00000000
vt 0.00000000 0.00000000
vt 0.00000000 0.00000000
vt 0.00000000 0.00000000
vt 0.00000000 0.00000000
vt 0.00000000 0.00000000
vt 0.00000000 0.00000000
vt 0.00000000 0.00000000
vt 0.00000000 0.00000000
vt 0.00000000 0.00000000
vt 0.00000000 0.00000000
vt 0.00000000 0.00000000
vt 0.00000000 0.00000000
vt 0.00000000 0.00000000
vt 0.00000000 0.00000000
vt 0.00000000 0.00000000
vt 0.00000000 0.00000000
vt 0.00000000 0.00000000
vt 0.00000000 0.00000000
vt 0.00000000 0.00000000
vt 0.00000000 0.00000000
vt 0.00000000 0.00000000
vt 0.00000000 0.00000000
vt 0.00000000 0.00000000
vt 0.00000000 0.00000000
vt 0.00000000 0.00000000
vt 0.00000000 0.00000000
vt 0.00000000 0.00000000
vt 0.00000000 0.00000000
vt 0.00000000 0.00000000
vt 0.00000000 0.00000000
vt 0.00000000 0.00000000
vt 0.00000000 0.00000000
vt 0.00000000 0.00000000
vt 0.00000000 0.00000000
vt 0.00000000 0.00000000
vt 0.00000000 0.00000000
vt 0.00000000 0.00000000
vt 0.00000000 0.00000000
vt 0.00000000 0.00000000
vt 0.00000000 0.00000000
vt 0.00000000 0.00000000
vt 0.00000000 0.00000000
vt 0.00000000 0.00000000
vt 0.00000000 0.00000000
vt 0.00000000 0.00000000
vt 0.00000000 0.00000000
vt 0.00000000 0.00000000
vt 0.00000000 0.00000000
vt 0.00000000 0.00000000
vt 0.00000000 0.00000000
vt 0.00000000 0.00000000
vt 0.00000000 0.00000000
vt 0.00000000 0.00000000
vt 0.00000000 0.00000000
vt 0.00000000 0.00000000
vt 0.00000000 0.00000000
vt 0.00000000 0.00000000
vt 0.00000000 0.00000000
vt 0.00000000 0.00000000
vt 0.00000000 0.00000000
vt 0.00000000 0.00000000
vt 0.00000000 0.00000000
vt 0.00000000 0.00000000
vt 0.00000000 0.00000000
vt 0.00000000 0.00000000
vt 0.00000000 0.00000000
vt 0.00000000 0.00000000
vt 0.00000000 0.00000000
vt 0.00000000 0.00000000
vt 0.00000000 0.00000000
vt 0.00000000 0.00000000
vt 0.00000000 0.00000000
vt 0.00000000 0.00000000
vt 0.00000000 0.00000000
vt 0.00000000 0.00000000
vt 0.00000000 0.00000000
vt 0.00000000 0.00000000
vt 0.00000000 0.00000000
vt 0.00000000 0.00000000
vt 0.00000000 0.00000000
vt 0.00000000 0.00000000
vt 0.00000000 0.00000000
vt 0.00000000 0.00000000
vt 0.00000000 0.00000000
vt 0.00000000 0.00000000
vt 0.00000000 0.00000000
vt 0.00000000 0.00000000
vt 0.00000000 0.00000000
vt 0.00000000 0.00000000
vt 0.00000000 0.00000000
vt 0.00000000 0.00000000
vt 0.00000000 0.00000000
vt 0.00000000 0.00000000
vt 0.00000000 0.00000000
vt 0.00000000 0.00000000
vt 0.00000000 0.00000000
vt 0.00000000 0.00000000
vt 0.00000000 0.00000000
vt 0.00000000 0.00000000
vt 0.00000000 0.00000000
vt 0.00000000 0.00000000
vt 0.00000000 0.00000000
vt 0.00000000 0.00000000
vt 0.00000000 0.00000000
vt 0.00000000 0.00000000
vt 0.00000000 0.00000000
vt 0.00000000 0.00000000
vt 0.00000000 0.00000000
vt 0.00000000 0.00000000
vt 0.00000000 0.00000000
vt 0.00000000 0.00000000
vt 0.00000000 0.00000000
vt 0.00000000 0.00000000
vt 0.00000000 0.00000000
vt 0.00000000 0.00000000
vt 0.00000000 0.00000000
vt 0.00000000 0.00000000
vt 0.00000000 0.00000000
vt 0.00000000 0.00000000
vt 0.00000000 0.00000000
vt 0.00000000 0.00000000
vt 0.00000000 0.00000000
vt 0.00000000 0.00000000
vt 0.00000000 0.00000000
vt 0.00000000 0.00000000
vt 0.00000000 0.00000000
vt 0.00000000 0.00000000
vt 0.00000000 0.00000000
vt 0.00000000 0.00000000
vt 0.00000000 0.00000000
vt 0.00000000 0.00000000
vt 0.00000000 0.00000000
vt 0.00000000 0.00000000
vt 0.00000000 0.00000000
vt 0.00000000 0.00000000
vt 0.00000000 0.00000000
vt 0.00000000 0.00000000
vt 0.00000000 0.00000000
vt 0.00000000 0.00000000
vt 0.00000000 0.00000000
vt 0.00000000 0.00000000
vt 0.00000000 0.00000000
vt 0.00000000 0.00000000
vt 0.00000000 0.00000000
vt 0.00000000 0.00000000
vt 0.00000000 0.00000000
vt 0.00000000 0.00000000
vt 0.00000000 0.00000000
vt 0.00000000 0.00000000
vt 0.00000000 0.00000000
vt 0.00000000 0.00000000
vt 0.00000000 0.00000000
vt 0.00000000 0.00000000
vt 0.00000000 0.00000000
vt 0.00000000 0.00000000
vt 0.00000000 0.00000000
vt 0.00000000 0.00000000
vt 0.00000000 0.00000000
vt 0.00000000 0.00000000
vt 0.00000000 0.00000000
vt 0.00000000 0.00000000
vt 0.00000000 0.00000000
vt 0.00000000 0.00000000
vt 0.00000000 0.00000000
vt 0.00000000 0.00000000
vt 0.00000000 0.00000000
vt 0.00000000 0.00000000
vt 0.00000000 0.00000000
vt 0.00000000 0.00000000
vt 0.00000000 0.00000000
vt 0.00000000 0.00000000
vt 0.00000000 0.00000000
vt 0.00000000 0.00000000
vt 0.00000000 0.00000000
vt 0.00000000 0.00000000
vt 0.00000000 0.00000000
vt 0.00000000 0.00000000
vt 0.00000000 0.00000000
vt 0.00000000 0.00000000
vt 0.00000000 0.00000000
vt 0.00000000 0.00000000
vt 0.00000000 0.00000000
vt 0.00000000 0.00000000
vt 0.00000000 0.00000000
vt 0.00000000 0.00000000
vt 0.00000000 0.00000000
vt 0.00000000 0.00000000
vt 0.00000000 0.00000000
vt 0.00000000 0.00000000
vt 0.00000000 0.00000000
vt 0.00000000 0.00000000
vt 0.00000000 0.00000000
vt 0.00000000 0.00000000
vt 0.00000000 0.00000000
vt 0.00000000 0.00000000
vt 0.00000000 0.00000000
vt 0.00000000 0.00000000
vt 0.00000000 0.00000000
vt 0.00000000 0.00000000
vt 0.00000000 0.00000000
vt 0.00000000 0.00000000
vt 0.00000000 0.00000000
vt 0.00000000 0.00000000
vt 0.00000000 0.00000000
vt 0.00000000 0.00000000
vt 0.00000000 0.00000000
vt 0.00000000 0.00000000
vt 0.00000000 0.00000000
vt 0.00000000 0.00000000
vt 0.00000000 0.00000000
vt 0.00000000 0.00000000
vt 0.00000000 0.00000000
vt 0.00000000 0.00000000
vt 0.00000000 0.00000000
vt 0.00000000 0.00000000
vt 0.00000000 0.00000000
vt 0.00000000 0.00000000
vt 0.00000000 0.00000000
vt 0.00000000 0.00000000
vt 0.00000000 0.00000000
vt 0.00000000 0.00000000
vt 0.00000000 0.00000000
vt 0.00000000 0.00000000
vt 0.00000000 0.00000000
vt 0.00000000 0.00000000
vt 0.00000000 0.00000000
vt 0.00000000 0.00000000
vt 0.00000000 0.00000000
vt 0.00000000 0.00000000
vt 0.00000000 0.00000000
vt 0.00000000 0.00000000
vt 0.00000000 0.00000000
vt 0.00000000 0.00000000
vt 0.00000000 0.00000000
vt 0.00000000 0.00000000
vt 0.00000000 0.00000000
vt 0.00000000 0.00000000
vt 0.00000000 0.00000000
vt 0.00000000 0.00000000
vt 0.00000000 0.00000000
vt 0.00000000 0.00000000
vt 0.00000000 0.00000000
vt 0.00000000 0.00000000
vt 0.00000000 0.00000000
vt 0.00000000 0.00000000
vt 0.00000000 0.00000000
vt 0.00000000 0.00000000
vt 0.00000000 0.00000000
vt 0.00000000 0.00000000
vt 0.00000000 0.00000000
vt 0.00000000 0.00000000
vt 0.00000000 0.00000000
vt 0.00000000 0.00000000
vt 0.00000000 0.00000000
vt 0.00000000 0.00000000
vt 0.00000000 0.00000000
vt 0.00000000 0.00000000
vt 0.00000000 0.00000000
vt 0.00000000 0.00000000
vt 0.00000000 0.00000000
vt 0.00000000 0.00000000
vt 0.00000000 0.00000000
vt 0.00000000 0.00000000
vt 0.00000000 0.00000000
vt 0.00000000 0.00000000
vt 0.00000000 0.00000000
vt 0.00000000 0.00000000
vt 0.00000000 0.00000000
vt 0.00000000 0.00000000
vt 0.00000000 0.00000000
vt 0.00000000 0.00000000
vt 0.00000000 0.00000000
vt 0.00000000 0.00000000
vt 0.00000000 0.00000000
vt 0.00000000 0.00000000
vt 0.00000000 0.00000000
vt 0.00000000 0.00000000
vt 0.00000000 0.00000000
vt 0.00000000 0.00000000
vt 0.00000000 0.00000000
vt 0.00000000 0.00000000
vt 0.00000000 0.00000000
vt 0.00000000 0.00000000
vt 0.00000000 0.00000000
vt 0.00000000 0.00000000
vt 0.00000000 0.00000000
vt 0.00000000 0.00000000
vt 0.00000000 0.00000000
vt 0.00000000 0.00000000
vt 0.00000000 0.00000000
vt 0.00000000 0.00000000
vt 0.00000000 0.00000000
vt 0.00000000 0.00000000
vt 0.00000000 0.00000000
vt 0.00000000 0.00000000
vt 0.00000000 0.00000000
vt 0.00000000 0.00000000
vt 0.00000000 0.00000000
vt 0.00000000 0.00000000
vt 0.00000000 0.00000000
vt 0.00000000 0.00000000
vt 0.00000000 0.00000000
vt 0.00000000 0.00000000
vt 0.00000000 0.00000000
vt 0.00000000 0.00000000
vt 0.00000000 0.00000000
vt 0.00000000 0.00000000
vt 0.00000000 0.00000000
vt 0.00000000 0.00000000
vt 0.00000000 0.00000000
vt 0.00000000 0.00000000
vt 0.00000000 0.00000000
vt 0.00000000 0.00000000
vt 0.00000000 0.00000000
vt 0.00000000 0.00000000
vt 0.00000000 0.00000000
vt 0.00000000 0.00000000
vt 0.00000000 0.00000000
vt 0.00000000 0.00000000
vt 0.00000000 0.00000000
vt 0.00000000 0.00000000
vt 0.00000000 0.00000000
vt 0.00000000 0.00000000
vt 0.00000000 0.00000000
vt 0.00000000 0.00000000
vt 0.00000000 0.00000000
vt 0.00000000 0.00000000
vt 0.00000000 0.00000000
vt 0.00000000 0.00000000
vt 0.00000000 0.00000000
vt 0.00000000 0.00000000
vt 0.00000000 0.00000000
vt 0.00000000 0.00000000
vt 0.00000000 0.00000000
vt 0.00000000 0.00000000
vt 0.00000000 0.00000000
vt 0.00000000 0.00000000
vt 0.00000000 0.00000000
vt 0.00000000 0.00000000
vt 0.00000000 0.00000000
vt 0.00000000 0.00000000
vt 0.00000000 0.00000000
vt 0.00000000 0.00000000
vt 0.00000000 0.00000000
vt 0.00000000 0.00000000
vt 0.00000000 0.00000000
vt 0.00000000 0.00000000
vt 0.00000000 0.00000000
vt 0.00000000 0.00000000
vt 0.00000000 0.00000000
vt 0.00000000 0.00000000
vt 0.00000000 0.00000000
vt 0.00000000 0.00000000
vt 0.00000000 0.00000000
vt 0.00000000 0.00000000
vt 0.00000000 0.00000000
vt 0.00000000 0.00000000
vt 0.00000000 0.00000000
vt 0.00000000 0.00000000
vt 0.00000000 0.00000000
vt 0.00000000 0.00000000
vt 0.00000000 0.00000000
vt 0.00000000 0.00000000
vt 0.00000000 0.00000000
vt 0.00000000 0.00000000
vt 0.00000000 0.00000000
vt 0.00000000 0.00000000
vt 0.00000000 0.00000000
vt 0.00000000 0.00000000
vt 0.00000000 0.00000000
vt 0.00000000 0.00000000
vt 0.00000000 0.00000000
vt 0.00000000 0.00000000
vt 0.00000000 0.00000000
vt 0.00000000 0.00000000
vt 0.00000000 0.00000000
vt 0.00000000 0.00000000
vt 0.00000000 0.00000000
vt 0.00000000 0.00000000
vt 0.00000000 0.00000000
vt 0.00000000 0.00000000
vt 0.00000000 0.00000000
vt 0.00000000 0.00000000
vt 0.00000000 0.00000000
vt 0.00000000 0.00000000
vt 0.00000000 0.00000000
vt 0.00000000 0.00000000
vt 0.00000000 0.00000000
vt 0.00000000 0.00000000
vt 0.00000000 0.00000000
vt 0.00000000 0.00000000
vt 0.00000000 0.00000000
vt 0.00000000 0.00000000
vt 0.00000000 0.00000000
vt 0.00000000 0.00000000
vt 0.00000000 0.00000000
vt 0.00000000 0.00000000
vt 0.00000000 0.00000000
vt 0.00000000 0.00000000
vt 0.00000000 0.00000000
vt 0.00000000 0.00000000
vt 0.00000000 0.00000000
vt 0.00000000 0.00000000
vt 0.00000000 0.00000000
vt 0.00000000 0.00000000
vt 0.00000000 0.00000000
vt 0.00000000 0.00000000
vt 0.00000000 0.00000000
vt 0.00000000 0.00000000
vt 0.00000000 0.00000000
vt 0.00000000 0.00000000
vt 0.00000000 0.00000000
vt 0.00000000 0.00000000
vt 0.00000000 0.00000000
vt 0.00000000 0.00000000
vt 0.00000000 0.00000000
vt 0.00000000 0.00000000
vt 0.00000000 0.00000000
vt 0.00000000 0.00000000
vt 0.00000000 0.00000000
vt 0.00000000 0.00000000
vt 0.00000000 0.00000000
vt 0.00000000 0.00000000
vt 0.00000000 0.00000000
vt 0.00000000 0.00000000
vt 0.00000000 0.00000000
vt 0.00000000 0.00000000
vt 0.00000000 0.00000000
vt 0.00000000 0.00000000
vt 0.00000000 0.00000000
vt 0.00000000 0.00000000
vt 0.00000000 0.00000000
vt 0.00000000 0.00000000
vt 0.00000000 0.00000000
vt 0.00000000 0.00000000
vt 0.00000000 0.00000000
vt 0.00000000 0.00000000
vt 0.00000000 0.00000000
vt 0.00000000 0.00000000
vt 0.00000000 0.00000000
vt 0.00000000 0.00000000
vt 0.00000000 0.00000000
vt 0.00000000 0.00000000
vt 0.00000000 0.00000000
vt 0.00000000 0.00000000
vt 0.00000000 0.00000000
vt 0.00000000 0.00000000
vt 0.00000000 0.00000000
vt 0.00000000 0.00000000
vt 0.00000000 0.00000000
vt 0.00000000 0.00000000
vt 0.00000000 0.00000000
vt 0.00000000 0.00000000
vt 0.00000000 0.00000000
vt 0.00000000 0.00000000
vt 0.00000000 0.00000000
vt 0.00000000 0.00000000
vt 0.00000000 0.00000000
vt 0.00000000 0.00000000
vt 0.00000000 0.00000000
vt 0.00000000 0.00000000
vt 0.00000000 0.00000000
vt 0.00000000 0.00000000
vt 0.00000000 0.00000000
vt 0.00000000 0.00000000
vt 0.00000000 0.00000000
vt 0.00000000 0.00000000
vt 0.00000000 0.00000000
vt 0.00000000 0.00000000
vt 0.00000000 0.00000000
vt 0.00000000 0.00000000
vt 0.00000000 0.00000000
vt 0.00000000 0.00000000
vt 0.00000000 0.00000000
vt 0.00000000 0.00000000
vt 0.00000000 0.00000000
vt 0.00000000 0.00000000
vt 0.00000000 0.00000000
vt 0.00000000 0.00000000
vt 0.00000000 0.00000000
vt 0.00000000 0.00000000
vt 0.00000000 0.00000000
vt 0.00000000 0.00000000
vt 0.00000000 0.00000000
vt 0.00000000 0.00000000
vt 0.00000000 0.00000000
vt 0.00000000 0.00000000
vt 0.00000000 0.00000000
vt 0.00000000 0.00000000
vt 0.00000000 0.00000000
vt 0.00000000 0.00000000
vt 0.00000000 0.00000000
vt 0.00000000 0.00000000
vt 0.00000000 0.00000000
vt 0.00000000 0.00000000
vt 0.00000000 0.00000000
vt 0.00000000 0.00000000
vt 0.00000000 0.00000000
vt 0.00000000 0.00000000
vt 0.00000000 0.00000000
vt 0.00000000 0.00000000
vt 0.00000000 0.00000000
vt 0.00000000 0.00000000
vt 0.00000000 0.00000000
vt 0.00000000 0.00000000
vt 0.00000000 0.00000000
vt 0.00000000 0.00000000
vt 0.00000000 0.00000000
vt 0.00000000 0.00000000
vt 0.00000000 0.00000000
vt 0.00000000 0.00000000
vt 0.00000000 0.00000000
vt 0.00000000 0.00000000
vt 0.00000000 0.00000000
vt 0.00000000 0.00000000
vt 0.00000000 0.00000000
vt 0.00000000 0.00000000
vt 0.00000000 0.00000000
vt 0.00000000 0.00000000
vt 0.00000000 0.00000000
vt 0.00000000 0.00000000
vt 0.00000000 0.00000000
vt 0.00000000 0.00000000
vt 0.00000000 0.00000000
vt 0.00000000 0.00000000
vt 0.00000000 0.00000000
vt 0.00000000 0.00000000
vt 0.00000000 0.00000000
vt 0.00000000 0.00000000
vt 0.00000000 0.00000000
vt 0.00000000 0.00000000
vt 0.00000000 0.00000000
vt 0.00000000 0.00000000
vt 0.00000000 0.00000000
vt 0.00000000 0.00000000
vt 0.00000000 0.00000000
vt 0.00000000 0.00000000
vt 0.00000000 0.00000000
vt 0.00000000 0.00000000
vt 0.00000000 0.00000000
vt 0.00000000 0.00000000
vt 0.00000000 0.00000000
vt 0.00000000 0.00000000
vt 0.00000000 0.00000000
vt 0.00000000 0.00000000
vt 0.00000000 0.00000000
vt 0.00000000 0.00000000
vt 0.00000000 0.00000000
vt 0.00000000 0.00000000
vt 0.00000000 0.00000000
vt 0.00000000 0.00000000
vt 0.00000000 0.00000000
vt 0.00000000 0.00000000
vt 0.00000000 0.00000000
vt 0.00000000 0.00000000
vt 0.00000000 0.00000000
vt 0.00000000 0.00000000
vt 0.00000000 0.00000000
vt 0.00000000 0.00000000
vt 0.00000000 0.00000000
vt 0.00000000 0.00000000
vt 0.00000000 0.00000000
vt 0.00000000 0.00000000
vt 0.00000000 0.00000000
vt 0.00000000 0.00000000
vt 0.00000000 0.00000000
vt 0.00000000 0.00000000
vt 0.00000000 0.00000000
vt 0.00000000 0.00000000
vt 0.00000000 0.00000000
vt 0.00000000 0.00000000
vt 0.00000000 0.00000000
vt 0.00000000 0.00000000
vt 0.00000000 0.00000000
vt 0.00000000 0.00000000
vt 0.00000000 0.00000000
vt 0.00000000 0.00000000
vt 0.00000000 0.00000000
vt 0.00000000 0.00000000
vt 0.00000000 0.00000000
vt 0.00000000 0.00000000
vt 0.00000000 0.00000000
vt 0.00000000 0.00000000
vt 0.00000000 0.00000000
vt 0.00000000 0.00000000
vt 0.00000000 0.00000000
vt 0.00000000 0.00000000
vt 0.00000000 0.00000000
vt 0.00000000 0.00000000
vt 0.00000000 0.00000000
vt 0.00000000 0.00000000
vt 0.00000000 0.00000000
vt 0.00000000 0.00000000
vt 0.00000000 0.00000000
vt 0.00000000 0.00000000
vt 0.00000000 0.00000000
vt 0.00000000 0.00000000
vt 0.00000000 0.00000000
vt 0.00000000 0.00000000
vt 0.00000000 0.00000000
vt 0.00000000 0.00000000
vt 0.00000000 0.00000000
vt 0.00000000 0.00000000
vt 0.00000000 0.00000000
vt 0.00000000 0.00000000
vt 0.00000000 0.00000000
vt 0.00000000 0.00000000
vt 0.00000000 0.00000000
vt 0.00000000 0.00000000
vt 0.00000000 0.00000000
vt 0.00000000 0.00000000
vt 0.00000000 0.00000000
vt 0.00000000 0.00000000
vt 0.00000000 0.00000000
vt 0.00000000 0.00000000
vt 0.00000000 0.00000000
vt 0.00000000 0.00000000
vt 0.00000000 0.00000000
vt 0.00000000 0.00000000
vt 0.00000000 0.00000000
vt 0.00000000 0.00000000
vt 0.00000000 0.00000000
vt 0.00000000 0.00000000
vt 0.00000000 0.00000000
vt 0.00000000 0.00000000
vt 0.00000000 0.00000000
vt 0.00000000 0.00000000
vt 0.00000000 0.00000000
vt 0.00000000 0.00000000
vt 0.00000000 0.00000000
vt 0.00000000 0.00000000
vt 0.00000000 0.00000000
vt 0.00000000 0.00000000
vt 0.00000000 0.00000000
vt 0.00000000 0.00000000
vt 0.00000000 0.00000000
vt 0.00000000 0.00000000
vt 0.00000000 0.00000000
vt 0.00000000 0.00000000
vt 0.00000000 0.00000000
vt 0.00000000 0.00000000
vt 0.00000000 0.00000000
vt 0.00000000 0.00000000
vt 0.00000000 0.00000000
vt 0.00000000 0.00000000
vt 0.00000000 0.00000000
vt 0.00000000 0.00000000
vt 0.00000000 0.00000000
vt 0.00000000 0.00000000
vt 0.00000000 0.00000000
vt 0.00000000 0.00000000
vt 0.00000000 0.00000000
vt 0.00000000 0.00000000
vt 0.00000000 0.00000000
vt 0.00000000 0.00000000
vt 0.00000000 0.00000000
vt 0.00000000 0.00000000
vt 0.00000000 0.00000000
vt 0.00000000 0.00000000
vt 0.00000000 0.00000000
vt 0.00000000 0.00000000
vt 0.00000000 0.00000000
vt 0.00000000 0.00000000
vt 0.00000000 0.00000000
vt 0.00000000 0.00000000
vt 0.00000000 0.00000000
vt 0.00000000 0.00000000
vt 0.00000000 0.00000000
vt 0.00000000 0.00000000
vt 0.00000000 0.00000000
vt 0.00000000 0.00000000
vt 0.00000000 0.00000000
vt 0.00000000 0.00000000
vt 0.00000000 0.00000000
vt 0.00000000 0.00000000
vt 0.00000000 0.00000000
vt 0.00000000 0.00000000
vt 0.00000000 0.00000000
vt 0.00000000 0.00000000
vt 0.00000000 0.00000000
vt 0.00000000 0.00000000
vt 0.00000000 0.00000000
vt 0.00000000 0.00000000
vt 0.00000000 0.00000000
vt 0.00000000 0.00000000
vt 0.00000000 0.00000000
vt 0.00000000 0.00000000
vt 0.00000000 0.00000000
vt 0.00000000 0.00000000
vt 0.00000000 0.00000000
vt 0.00000000 0.00000000
vt 0.00000000 0.00000000
vt 0.00000000 0.00000000
vt 0.00000000 0.00000000
vt 0.00000000 0.00000000
vt 0.00000000 0.00000000
vt 0.00000000 0.00000000
vt 0.00000000 0.00000000
vt 0.00000000 0.00000000
vt 0.00000000 0.00000000
vt 0.00000000 0.00000000
vt 0.00000000 0.00000000
vt 0.00000000 0.00000000
vt 0.00000000 0.00000000
vt 0.00000000 0.00000000
vt 0.00000000 0.00000000
vt 0.00000000 0.00000000
vt 0.00000000 0.00000000
vt 0.00000000 0.00000000
vt 0.00000000 0.00000000
vt 0.00000000 0.00000000
vt 0.00000000 0.00000000
vt 0.00000000 0.00000000
vt 0.00000000 0.00000000
vt 0.00000000 0.00000000
vt 0.00000000 0.00000000
vt 0.00000000 0.00000000
vt 0.00000000 0.00000000
vt 0.00000000 0.00000000
vt 0.00000000 0.00000000
vt 0.00000000 0.00000000
vt 0.00000000 0.00000000
vt 0.00000000 0.00000000
vt 0.00000000 0.00000000
vt 0.00000000 0.00000000
vt 0.00000000 0.00000000
vt 0.00000000 0.00000000
vt 0.00000000 0.00000000
vt 0.00000000 0.00000000
vt 0.00000000 0.00000000
vt 0.00000000 0.00000000
vt 0.00000000 0.00000000
vt 0.00000000 0.00000000
vt 0.00000000 0.00000000
vt 0.00000000 0.00000000
vt 0.00000000 0.00000000
vt 0.00000000 0.00000000
vt 0.00000000 0.00000000
vt 0.00000000 0.00000000
vt 0.00000000 0.00000000
vt 0.00000000 0.00000000
vt 0.00000000 0.00000000
vt 0.00000000 0.00000000
vt 0.00000000 0.00000000
vt 0.00000000 0.00000000
vt 0.00000000 0.00000000
vt 0.00000000 0.00000000
vt 0.00000000 0.00000000
vt 0.00000000 0.00000000
vt 0.00000000 0.00000000
vt 0.00000000 0.00000000
vt 0.00000000 0.00000000
vt 0.00000000 0.00000000
vt 0.00000000 0.00000000
vt 0.00000000 0.00000000
vt 0.00000000 0.00000000
vt 0.00000000 0.00000000
vt 0.00000000 0.00000000
vt 0.00000000 0.00000000
vt 0.00000000 0.00000000
vt 0.00000000 0.00000000
vt 0.00000000 0.00000000
vt 0.00000000 0.00000000
vt 0.00000000 0.00000000
vt 0.00000000 0.00000000
vt 0.00000000 0.00000000
vt 0.00000000 0.00000000
vt 0.00000000 0.00000000
vt 0.00000000 0.00000000
vt 0.00000000 0.00000000
vt 0.00000000 0.00000000
vt 0.00000000 0.00000000
vt 0.00000000 0.00000000
vt 0.00000000 0.00000000
vt 0.00000000 0.00000000
vt 0.00000000 0.00000000
vt 0.00000000 0.00000000
vt 0.00000000 0.00000000
vt 0.00000000 0.00000000
vt 0.00000000 0.00000000
vt 0.00000000 0.00000000
vt 0.00000000 0.00000000
vt 0.00000000 0.00000000
vt 0.00000000 0.00000000
vt 0.00000000 0.00000000
vt 0.00000000 0.00000000
vt 0.00000000 0.00000000
vt 0.00000000 0.00000000
vt 0.00000000 0.00000000
vt 0.00000000 0.00000000
vt 0.00000000 0.00000000
vt 0.00000000 0.00000000
vt 0.00000000 0.00000000
vt 0.00000000 0.00000000
vt 0.00000000 0.00000000
vt 0.00000000 0.00000000
vt 0.00000000 0.00000000
vt 0.00000000 0.00000000
vt 0.00000000 0.00000000
vt 0.00000000 0.00000000
vt 0.00000000 0.00000000
vt 0.00000000 0.00000000
vt 0.00000000 0.00000000
vt 0.00000000 0.00000000
vt 0.00000000 0.00000000
vt 0.00000000 0.00000000
vt 0.00000000 0.00000000
vt 0.00000000 0.00000000
vt 0.00000000 0.00000000
vt 0.00000000 0.00000000
vt 0.00000000 0.00000000
vt 0.00000000 0.00000000
vt 0.00000000 0.00000000
vt 0.00000000 0.00000000
vt 0.00000000 0.00000000
vt 0.00000000 0.00000000
vt 0.00000000 0.00000000
vt 0.00000000 0.00000000
vt 0.00000000 0.00000000
vt 0.00000000 0.00000000
vt 0.00000000 0.00000000
vt 0.00000000 0.00000000
vt 0.00000000 0.00000000
vt 0.00000000 0.00000000
vt 0.00000000 0.00000000
vt 0.00000000 0.00000000
vt 0.00000000 0.00000000
vt 0.00000000 0.00000000
vt 0.00000000 0.00000000
vt 0.00000000 0.00000000
vt 0.00000000 0.00000000
vt 0.00000000 0.00000000
vt 0.00000000 0.00000000
vt 0.00000000 0.00000000
vt 0.00000000 0.00000000
vt 0.00000000 0.00000000
vt 0.00000000 0.00000000
vt 0.00000000 0.00000000
vt 0.00000000 0.00000000
vt 0.00000000 0.00000000
vt 0.00000000 0.00000000
vt 0.00000000 0.00000000
vt 0.00000000 0.00000000
vt 0.00000000 0.00000000
vt 0.00000000 0.00000000
vt 0.00000000 0.00000000
vt 0.00000000 0.00000000
vt 0.00000000 0.00000000
vt 0.00000000 0.00000000
vt 0.00000000 0.00000000
vt 0.00000000 0.00000000
vt 0.00000000 0.00000000
vt 0.00000000 0.00000000
vt 0.00000000 0.00000000
vt 0.00000000 0.00000000
vt 0.00000000 0.00000000
vt 0.00000000 0.00000000
vt 0.00000000 0.00000000
vt 0.00000000 0.00000000
vt 0.00000000 0.00000000
vt 0.00000000 0.00000000
vt 0.00000000 0.00000000
vt 0.00000000 0.00000000
vt 0.00000000 0.00000000
vt 0.00000000 0.00000000
vt 0.00000000 0.00000000
vt 0.00000000 0.00000000
vt 0.00000000 0.00000000
vt 0.00000000 0.00000000
vt 0.00000000 0.00000000
vt 0.00000000 0.00000000
vt 0.00000000 0.00000000
vt 0.00000000 0.00000000
vt 0.00000000 0.00000000
vt 0.00000000 0.00000000
vt 0.00000000 0.00000000
vt 0.00000000 0.00000000
vt 0.00000000 0.00000000
vt 0.00000000 0.00000000
vt 0.00000000 0.00000000
vt 0.00000000 0.00000000
vt 0.00000000 0.00000000
vt 0.00000000 0.00000000
vt 0.00000000 0.00000000
vt 0.00000000 0.00000000
vt 0.00000000 0.00000000
vt 0.00000000 0.00000000
vt 0.00000000 0.00000000
vt 0.00000000 0.00000000
vt 0.00000000 0.00000000
vt 0.00000000 0.00000000
vt 0.00000000 0.00000000
vt 0.00000000 0.00000000
vt 0.00000000 0.00000000
vt 0.00000000 0.00000000
vt 0.00000000 0.00000000
vt 0.00000000 0.00000000
vt 0.00000000 0.00000000
vt 0.00000000 0.00000000
vt 0.00000000 0.00000000
vt 0.00000000 0.00000000
vt 0.00000000 0.00000000
vt 0.00000000 0.00000000
vt 0.00000000 0.00000000
vt 0.00000000 0.00000000
vt 0.00000000 0.00000000
vt 0.00000000 0.00000000
vt 0.00000000 0.00000000
vt 0.00000000 0.00000000
vt 0.00000000 0.00000000
vt 0.00000000 0.00000000
vt 0.00000000 0.00000000
vt 0.00000000 0.00000000
vt 0.00000000 0.00000000
vt 0.00000000 0.00000000
vt 0.00000000 0.00000000
vt 0.00000000 0.00000000
vt 0.00000000 0.00000000
vt 0.00000000 0.00000000
vt 0.00000000 0.00000000
vt 0.00000000 0.00000000
vt 0.00000000 0.00000000
vt 0.00000000 0.00000000
vt 0.00000000 0.00000000
vt 0.00000000 0.00000000
vt 0.00000000 0.00000000
vt 0.00000000 0.00000000
vt 0.00000000 0.00000000
vt 0.00000000 0.00000000
vt 0.00000000 0.00000000
vt 0.00000000 0.00000000
vt 0.00000000 0.00000000
vt 0.00000000 0.00000000
vt 0.00000000 0.00000000
vt 0.00000000 0.00000000
vt 0.00000000 0.00000000
vt 0.00000000 0.00000000
vt 0.00000000 0.00000000
vt 0.00000000 0.00000000
vt 0.00000000 0.00000000
vt 0.00000000 0.00000000
vt 0.00000000 0.00000000
vt 0.00000000 0.00000000
vt 0.00000000 0.00000000
vt 0.00000000 0.00000000
vt 0.00000000 0.00000000
vt 0.00000000 0.00000000
vt 0.00000000 0.00000000
vt 0.00000000 0.00000000
vt 0.00000000 0.00000000
vt 0.00000000 0.00000000
vt 0.00000000 0.00000000
vt 0.00000000 0.00000000
vt 0.00000000 0.00000000
vt 0.00000000 0.00000000
vt 0.00000000 0.00000000
vt 0.00000000 0.00000000
vt 0.00000000 0.00000000
vt 0.00000000 0.00000000
vt 0.00000000 0.00000000
vt 0.00000000 0.00000000
vt 0.00000000 0.00000000
vt 0.00000000 0.00000000
vt 0.00000000 0.00000000
vt 0.00000000 0.00000000
vt 0.00000000 0.00000000
vt 0.00000000 0.00000000
vt 0.00000000 0.00000000
vt 0.00000000 0.00000000
vt 0.00000000 0.00000000
vt 0.00000000 0.00000000
vt 0.00000000 0.00000000
vt 0.00000000 0.00000000
vt 0.00000000 0.00000000
vt 0.00000000 0.00000000
vt 0.00000000 0.00000000
vt 0.00000000 0.00000000
vt 0.00000000 0.00000000
vt 0.00000000 0.00000000
vt 0.00000000 0.00000000
vt 0.00000000 0.00000000
vt 0.00000000 0.00000000
vt 0.00000000 0.00000000
vt 0.00000000 0.00000000
vt 0.00000000 0.00000000
vt 0.00000000 0.00000000
vt 0.00000000 0.00000000
vt 0.00000000 0.00000000
vt 0.00000000 0.00000000
vt 0.00000000 0.00000000
vt 0.00000000 0.00000000
vt 0.00000000 0.00000000
vt 0.00000000 0.00000000
vt 0.00000000 0.00000000
vt 0.00000000 0.00000000
vt 0.00000000 0.00000000
vt 0.00000000 0.00000000
vt 0.00000000 0.00000000
vt 0.00000000 0.00000000
vt 0.00000000 0.00000000
vt 0.00000000 0.00000000
vt 0.00000000 0.00000000
vt 0.00000000 0.00000000
vt 0.00000000 0.00000000
vt 0.00000000 0.00000000
vt 0.00000000 0.00000000
vt 0.00000000 0.00000000
vt 0.00000000 0.00000000
vt 0.00000000 0.00000000
vt 0.00000000 0.00000000
vt 0.00000000 0.00000000
vt 0.00000000 0.00000000
vt 0.00000000 0.00000000
vt 0.00000000 0.00000000
vt 0.00000000 0.00000000
vt 0.00000000 0.00000000
vt 0.00000000 0.00000000
vt 0.00000000 0.00000000
vt 0.00000000 0.00000000
vt 0.00000000 0.00000000
vt 0.00000000 0.00000000
vt 0.00000000 0.00000000
vt 0.00000000 0.00000000
vt 0.00000000 0.00000000
vt 0.00000000 0.00000000
vt 0.00000000 0.00000000
vt 0.00000000 0.00000000
vt 0.00000000 0.00000000
vt 0.00000000 0.00000000
vt 0.00000000 0.00000000
vt 0.00000000 0.00000000
vt 0.00000000 0.00000000
vt 0.00000000 0.00000000
vt 0.00000000 0.00000000
vt 0.00000000 0.00000000
vt 0.00000000 0.00000000
vt 0.00000000 0.00000000
vt 0.00000000 0.00000000
vt 0.00000000 0.00000000
vt 0.00000000 0.00000000
vt 0.00000000 0.00000000
vt 0.00000000 0.00000000
vt 0.00000000 0.00000000
vt 0.00000000 0.00000000
vt 0.00000000 0.00000000
vt 0.00000000 0.00000000
vt 0.00000000 0.00000000
vt 0.00000000 0.00000000
vt 0.00000000 0.00000000
vt 0.00000000 0.00000000
vt 0.00000000 0.00000000
vt 0.00000000 0.00000000
vt 0.00000000 0.00000000
vt 0.00000000 0.00000000
vt 0.00000000 0.00000000
vt 0.00000000 0.00000000
vt 0.00000000 0.00000000
vt 0.00000000 0.00000000
vt 0.00000000 0.00000000
vt 0.00000000 0.00000000
vt 0.00000000 0.00000000
vt 0.00000000 0.00000000
vt 0.00000000 0.00000000
vt 0.00000000 0.00000000
vt 0.00000000 0.00000000
vt 0.00000000 0.00000000
vt 0.00000000 0.00000000
vt 0.00000000 0.00000000
vt 0.00000000 0.00000000
vt 0.00000000 0.00000000
vt 0.00000000 0.00000000
vt 0.00000000 0.00000000
vt 0.00000000 0.00000000
vt 0.00000000 0.00000000
vt 0.00000000 0.00000000
vt 0.00000000 0.00000000
vt 0.00000000 0.00000000
vt 0.00000000 0.00000000
vt 0.00000000 0.00000000
vt 0.00000000 0.00000000
vt 0.00000000 0.00000000
vt 0.00000000 0.00000000
vt 0.00000000 0.00000000
vt 0.00000000 0.00000000
vt 0.00000000 0.00000000
vt 0.00000000 0.00000000
vt 0.00000000 0.00000000
vt 0.00000000 0.00000000
vt 0.00000000 0.00000000
vt 0.00000000 0.00000000
vt 0.00000000 0.00000000
vt 0.00000000 0.00000000
vt 0.00000000 0.00000000
vt 0.00000000 0.00000000
vt 0.00000000 0.00000000
vt 0.00000000 0.00000000
vt 0.00000000 0.00000000
vt 0.00000000 0.00000000
vt 0.00000000 0.00000000
vt 0.00000000 0.00000000
vt 0.00000000 0.00000000
vt 0.00000000 0.00000000
vt 0.00000000 0.00000000
vt 0.00000000 0.00000000
vt 0.00000000 0.00000000
vt 0.00000000 0.00000000
vt 0.00000000 0.00000000
vt 0.00000000 0.00000000
vt 0.00000000 0.00000000
vt 0.00000000 0.00000000
vt 0.00000000 0.00000000
vt 0.00000000 0.00000000
vt 0.00000000 0.00000000
vt 0.00000000 0.00000000
vt 0.00000000 0.00000000
vt 0.00000000 0.00000000
vt 0.00000000 0.00000000
vt 0.00000000 0.00000000
vt 0.00000000 0.00000000
vt 0.00000000 0.00000000
vt 0.00000000 0.00000000
vt 0.00000000 0.00000000
vt 0.00000000 0.00000000
vt 0.00000000 0.00000000
vt 0.00000000 0.00000000
vt 0.00000000 0.00000000
vt 0.00000000 0.00000000
vt 0.00000000 0.00000000
vt 0.00000000 0.00000000
vt 0.00000000 0.00000000
vt 0.00000000 0.00000000
vt 0.00000000 0.00000000
vt 0.00000000 0.00000000
vt 0.00000000 0.00000000
vt 0.00000000 0.00000000
vt 0.00000000 0.00000000
vt 0.00000000 0.00000000
vt 0.00000000 0.00000000
vt 0.00000000 0.00000000
vt 0.00000000 0.00000000
vt 0.00000000 0.00000000
vt 0.00000000 0.00000000
vt 0.00000000 0.00000000
vt 0.00000000 0.00000000
vt 0.00000000 0.00000000
vt 0.00000000 0.00000000
vt 0.00000000 0.00000000
vt 0.00000000 0.00000000
vt 0.00000000 0.00000000
vt 0.00000000 0.00000000
vt 0.00000000 0.00000000
vt 0.00000000 0.00000000
vt 0.00000000 0.00000000
vt 0.00000000 0.00000000
vt 0.00000000 0.00000000
vt 0.00000000 0.00000000
vt 0.00000000 0.00000000
vt 0.00000000 0.00000000
vt 0.00000000 0.00000000
vt 0.00000000 0.00000000
vt 0.00000000 0.00000000
vt 0.00000000 0.00000000
vt 0.00000000 0.00000000
vt 0.00000000 0.00000000
vt 0.00000000 0.00000000
vt 0.00000000 0.00000000
vt 0.00000000 0.00000000
vt 0.00000000 0.00000000
vt 0.00000000 0.00000000
vt 0.00000000 0.00000000
vt 0.00000000 0.00000000
vt 0.00000000 0.00000000
vt 0.00000000 0.00000000
vt 0.00000000 0.00000000
vt 0.00000000 0.00000000
vt 0.00000000 0.00000000
vt 0.00000000 0.00000000
vt 0.00000000 0.00000000
vt 0.00000000 0.00000000
vt 0.00000000 0.00000000
vt 0.00000000 0.00000000
vt 0.00000000 0.00000000
vt 0.00000000 0.00000000
vt 0.00000000 0.00000000
vt 0.00000000 0.00000000
vt 0.00000000 0.00000000
vt 0.00000000 0.00000000
vt 0.00000000 0.00000000
vt 0.00000000 0.00000000
vt 0.00000000 0.00000000
vt 0.00000000 0.00000000
vt 0.00000000 0.00000000
vt 0.00000000 0.00000000
vt 0.00000000 0.00000000
vt 0.00000000 0.00000000
vt 0.00000000 0.00000000
vt 0.00000000 0.00000000
vt 0.00000000 0.00000000
vt 0.00000000 0.00000000
vt 0.00000000 0.00000000
vt 0.00000000 0.00000000
vt 0.00000000 0.00000000
vt 0.00000000 0.00000000
vt 0.00000000 0.00000000
vt 0.00000000 0.00000000
vt 0.00000000 0.00000000
vt 0.00000000 0.00000000
vt 0.00000000 0.00000000
vt 0.00000000 0.00000000
vt 0.00000000 0.00000000
vt 0.00000000 0.00000000
vt 0.00000000 0.00000000
vt 0.00000000 0.00000000
vt 0.00000000 0.00000000
vt 0.00000000 0.00000000
vt 0.00000000 0.00000000
vt 0.00000000 0.00000000
vt 0.00000000 0.00000000
vt 0.00000000 0.00000000
vt 0.00000000 0.00000000
vt 0.00000000 0.00000000
vt 0.00000000 0.00000000
vt 0.00000000 0.00000000
vt 0.00000000 0.00000000
vt 0.00000000 0.00000000
vt 0.00000000 0.00000000
vt 0.00000000 0.00000000
vt 0.00000000 0.00000000
vt 0.00000000 0.00000000
vt 0.00000000 0.00000000
vt 0.00000000 0.00000000
vt 0.00000000 0.00000000
vt 0.00000000 0.00000000
vt 0.00000000 0.00000000
vt 0.00000000 0.00000000
vt 0.00000000 0.00000000
vt 0.00000000 0.00000000
vt 0.00000000 0.00000000
vt 0.00000000 0.00000000
vt 0.00000000 0.00000000
vt 0.00000000 0.00000000
vt 0.00000000 0.00000000
vt 0.00000000 0.00000000
vt 0.00000000 0.00000000
vt 0.00000000 0.00000000
vt 0.00000000 0.00000000
vt 0.00000000 0.00000000
vt 0.00000000 0.00000000
vt 0.00000000 0.00000000
vt 0.00000000 0.00000000
vt 0.00000000 0.00000000
vt 0.00000000 0.00000000
vt 0.00000000 0.00000000
vt 0.00000000 0.00000000
vt 0.00000000 0.00000000
vt 0.00000000 0.00000000
vt 0.00000000 0.00000000
vt 0.00000000 0.00000000
vt 0.00000000 0.00000000
vt 0.00000000 0.00000000
vt 0.00000000 0.00000000
vt 0.00000000 0.00000000
vt 0.00000000 0.00000000
vt 0.00000000 0.00000000
vt 0.00000000 0.00000000
vt 0.00000000 0.00000000
vt 0.00000000 0.00000000
vt 0.00000000 0.00000000
vt 0.00000000 0.00000000
vt 0.00000000 0.00000000
vt 0.00000000 0.00000000
vt 0.00000000 0.00000000
vt 0.00000000 0.00000000
vt 0.00000000 0.00000000
vt 0.00000000 0.00000000
vt 0.00000000 0.00000000
vt 0.00000000 0.00000000
vt 0.00000000 0.00000000
vt 0.00000000 0.00000000
vt 0.00000000 0.00000000
vt 0.00000000 0.00000000
vt 0.00000000 0.00000000
vt 0.00000000 0.00000000
vt 0.00000000 0.00000000
vt 0.00000000 0.00000000
vt 0.00000000 0.00000000
vt 0.00000000 0.00000000
vt 0.00000000 0.00000000
vt 0.00000000 0.00000000
vt 0.00000000 0.00000000
vt 0.00000000 0.00000000
vt 0.00000000 0.00000000
vt 0.00000000 0.00000000
vt 0.00000000 0.00000000
vt 0.00000000 0.00000000
vt 0.00000000 0.00000000
vt 0.00000000 0.00000000
vt 0.00000000 0.00000000
vt 0.00000000 0.00000000
vt 0.00000000 0.00000000
vt 0.00000000 0.00000000
vt 0.00000000 0.00000000
vt 0.00000000 0.00000000
vt 0.00000000 0.00000000
vt 0.00000000 0.00000000
vt 0.00000000 0.00000000
vt 0.00000000 0.00000000
vt 0.00000000 0.00000000
vt 0.00000000 0.00000000
vt 0.00000000 0.00000000
vt 0.00000000 0.00000000
vt 0.00000000 0.00000000
vt 0.00000000 0.00000000
vt 0.00000000 0.00000000
vt 0.00000000 0.00000000
vt 0.00000000 0.00000000
vt 0.00000000 0.00000000
vt 0.00000000 0.00000000
vt 0.00000000 0.00000000
vt 0.00000000 0.00000000
vt 0.00000000 0.00000000
vt 0.00000000 0.00000000
vt 0.00000000 0.00000000
vt 0.00000000 0.00000000
vt 0.00000000 0.00000000
vt 0.00000000 0.00000000
vt 0.00000000 0.00000000
vt 0.00000000 0.00000000
vt 0.00000000 0.00000000
vt 0.00000000 0.00000000
vt 0.00000000 0.00000000
vt 0.00000000 0.00000000
vt 0.00000000 0.00000000
vt 0.00000000 0.00000000
vt 0.00000000 0.00000000
vt 0.00000000 0.00000000
vt 0.00000000 0.00000000
vt 0.00000000 0.00000000
vt 0.00000000 0.00000000
vt 0.00000000 0.00000000
vt 0.00000000 0.00000000
vt 0.00000000 0.00000000
vt 0.00000000 0.00000000
vt 0.00000000 0.00000000
vt 0.00000000 0.00000000
vt 0.00000000 0.00000000
vt 0.00000000 0.00000000
vt 0.00000000 0.00000000
vt 0.00000000 0.00000000
vt 0.00000000 0.00000000
vt 0.00000000 0.00000000
vt 0.00000000 0.00000000
vt 0.00000000 0.00000000
vt 0.00000000 0.00000000
vt 0.00000000 0.00000000
vt 0.00000000 0.00000000
vt 0.00000000 0.00000000
vt 0.00000000 0.00000000
vt 0.00000000 0.00000000
vt 0.00000000 0.00000000
vt 0.00000000 0.00000000
vt 0.00000000 0.00000000
vt 0.00000000 0.00000000
vt 0.00000000 0.00000000
vt 0.00000000 0.00000000
vt 0.00000000 0.00000000
vt 0.00000000 0.00000000
vt 0.00000000 0.00000000
vt 0.00000000 0.00000000
vt 0.00000000 0.00000000
vt 0.00000000 0.00000000
vt 0.00000000 0.00000000
vt 0.00000000 0.00000000
vt 0.00000000 0.00000000
vt 0.00000000 0.00000000
vt 0.00000000 0.00000000
vt 0.00000000 0.00000000
vt 0.00000000 0.00000000
vt 0.00000000 0.00000000
vt 0.00000000 0.00000000
vt 0.00000000 0.00000000
vt 0.00000000 0.00000000
vt 0.00000000 0.00000000
vt 0.00000000 0.00000000
vt 0.00000000 0.00000000
vt 0.00000000 0.00000000
vt 0.00000000 0.00000000
vt 0.00000000 0.00000000
vt 0.00000000 0.00000000
vt 0.00000000 0.00000000
vt 0.00000000 0.00000000
vt 0.00000000 0.00000000
vt 0.00000000 0.00000000
vt 0.00000000 0.00000000
vt 0.00000000 0.00000000
vt 0.00000000 0.00000000
vt 0.00000000 0.00000000
vt 0.00000000 0.00000000
vt 0.00000000 0.00000000
vt 0.00000000 0.00000000
vt 0.00000000 0.00000000
vt 0.00000000 0.00000000
vt 0.00000000 0.00000000
vt 0.00000000 0.00000000
vt 0.00000000 0.00000000
vt 0.00000000 0.00000000
vt 0.00000000 0.00000000
vt 0.00000000 0.00000000
vt 0.00000000 0.00000000
vt 0.00000000 0.00000000
vt 0.00000000 0.00000000
vt 0.00000000 0.00000000
vt 0.00000000 0.00000000
vt 0.00000000 0.00000000
vt 0.00000000 0.00000000
vt 0.00000000 0.00000000
vt 0.00000000 0.00000000
vt 0.00000000 0.00000000
vt 0.00000000 0.00000000
vt 0.00000000 0.00000000
vt 0.00000000 0.00000000
vt 0.00000000 0.00000000
vt 0.00000000 0.00000000
vt 0.00000000 0.00000000
vt 0.00000000 0.00000000
vt 0.00000000 0.00000000
vt 0.00000000 0.00000000
vt 0.00000000 0.00000000
vt 0.00000000 0.00000000
vt 0.00000000 0.00000000
vt 0.00000000 0.00000000
vt 0.00000000 0.00000000
vt 0.00000000 0.00000000
vt 0.00000000 0.00000000
vt 0.00000000 0.00000000
vt 0.00000000 0.00000000
vt 0.00000000 0.00000000
vt 0.00000000 0.00000000
vt 0.00000000 0.00000000
vt 0.00000000 0.00000000
vt 0.00000000 0.00000000
vt 0.00000000 0.00000000
vt 0.00000000 0.00000000
vt 0.00000000 0.00000000
vt 0.00000000 0.00000000
vt 0.00000000 0.00000000
vt 0.00000000 0.00000000
vt 0.00000000 0.00000000
vt 0.00000000 0.00000000
vt 0.00000000 0.00000000
vt 0.00000000 0.00000000
vt 0.00000000 0.00000000
vt 0.00000000 0.00000000
vt 0.00000000 0.00000000
vt 0.00000000 0.00000000
vt 0.00000000 0.00000000
vt 0.00000000 0.00000000
vt 0.00000000 0.00000000
vt 0.00000000 0.00000000
vt 0.00000000 0.00000000
vt 0.00000000 0.00000000
vt 0.00000000 0.00000000
vt 0.00000000 0.00000000
vt 0.00000000 0.00000000
vt 0.00000000 0.00000000
vt 0.00000000 0.00000000
vt 0.00000000 0.00000000
vt 0.00000000 0.00000000
vt 0.00000000 0.00000000
vt 0.00000000 0.00000000
vt 0.00000000 0.00000000
vt 0.00000000 0.00000000
vt 0.00000000 0.00000000
vt 0.00000000 0.00000000
vt 0.00000000 0.00000000
vt 0.00000000 0.00000000
vt 0.00000000 0.00000000
vt 0.00000000 0.00000000
vt 0.00000000 0.00000000
vt 0.00000000 0.00000000
vt 0.00000000 0.00000000
vt 0.00000000 0.00000000
vt 0.00000000 0.00000000
vt 0.00000000 0.00000000
vt 0.00000000 0.00000000
vt 0.00000000 0.00000000
vt 0.00000000 0.00000000
vt 0.00000000 0.00000000
vt 0.00000000 0.00000000
vt 0.00000000 0.00000000
vt 0.00000000 0.00000000
vt 0.00000000 0.00000000
vt 0.00000000 0.00000000
vt 0.00000000 0.00000000
vt 0.00000000 0.00000000
vt 0.00000000 0.00000000
vt 0.00000000 0.00000000
vt 0.00000000 0.00000000
vt 0.00000000 0.00000000
vt 0.00000000 0.00000000
vt 0.00000000 0.00000000
vt 0.00000000 0.00000000
vt 0.00000000 0.00000000
vt 0.00000000 0.00000000
vt 0.00000000 0.00000000
vt 0.00000000 0.00000000
vt 0.00000000 0.00000000
vt 0.00000000 0.00000000
vt 0.00000000 0.00000000
vt 0.00000000 0.00000000
vt 0.00000000 0.00000000
vt 0.00000000 0.00000000
vt 0.00000000 0.00000000
vt 0.00000000 0.00000000
vt 0.00000000 0.00000000
vt 0.00000000 0.00000000
vt 0.00000000 0.00000000
vt 0.00000000 0.00000000
vt 0.00000000 0.00000000
vt 0.00000000 0.00000000
vt 0.00000000 0.00000000
vt 0.00000000 0.00000000
vt 0.00000000 0.00000000
vt 0.00000000 0.00000000
vt 0.00000000 0.00000000
vt 0.00000000 0.00000000
vt 0.00000000 0.00000000
vt 0.00000000 0.00000000
vt 0.00000000 0.00000000
vt 0.00000000 0.00000000
vt 0.00000000 0.00000000
vt 0.00000000 0.00000000
vt 0.00000000 0.00000000
vt 0.00000000 0.00000000
vt 0.00000000 0.00000000
vt 0.00000000 0.00000000
vt 0.00000000 0.00000000
vt 0.00000000 0.00000000
vt 0.00000000 0.00000000
vt 0.00000000 0.00000000
vt 0.00000000 0.00000000
vt 0.00000000 0.00000000
vt 0.00000000 0.00000000
vt 0.00000000 0.00000000
vt 0.00000000 0.00000000
vt 0.00000000 0.00000000
vt 0.00000000 0.00000000
vt 0.00000000 0.00000000
vt 0.00000000 0.00000000
vt 0.00000000 0.00000000
vt 0.00000000 0.00000000
vt 0.00000000 0.00000000
vt 0.00000000 0.00000000
vt 0.00000000 0.00000000
vt 0.00000000 0.00000000
vt 0.00000000 0.00000000
vt 0.00000000 0.00000000
vt 0.00000000 0.00000000
vt 0.00000000 0.00000000
vt 0.00000000 0.00000000
vt 0.00000000 0.00000000
vt 0.00000000 0.00000000
vt 0.00000000 0.00000000
vt 0.00000000 0.00000000
vt 0.00000000 0.00000000
vt 0.00000000 0.00000000
vt 0.00000000 0.00000000
vt 0.00000000 0.00000000
vt 0.00000000 0.00000000
vt 0.00000000 0.00000000
vt 0.00000000 0.00000000
vt 0.00000000 0.00000000
vt 0.00000000 0.00000000
vt 0.00000000 0.00000000
vt 0.00000000 0.00000000
vt 0.00000000 0.00000000
vt 0.00000000 0.00000000
vt 0.00000000 0.00000000
vt 0.00000000 0.00000000
vt 0.00000000 0.00000000
vt 0.00000000 0.00000000
vt 0.00000000 0.00000000
vt 0.00000000 0.00000000
vt 0.00000000 0.00000000
vt 0.00000000 0.00000000
vt 0.00000000 0.00000000
vt 0.00000000 0.00000000
vt 0.00000000 0.00000000
vt 0.00000000 0.00000000
vt 0.00000000 0.00000000
vt 0.00000000 0.00000000
vt 0.00000000 0.00000000
vt 0.00000000 0.00000000
vt 0.00000000 0.00000000
vt 0.00000000 0.00000000
vt 0.00000000 0.00000000
vt 0.00000000 0.00000000
vt 0.00000000 0.00000000
vt 0.00000000 0.00000000
vt 0.00000000 0.00000000
vt 0.00000000 0.00000000
vt 0.00000000 0.00000000
vt 0.00000000 0.00000000
vt 0.00000000 0.00000000
vt 0.00000000 0.00000000
vt 0.00000000 0.00000000
vt 0.00000000 0.00000000
vt 0.00000000 0.00000000
vt 0.00000000 0.00000000
vt 0.00000000 0.00000000
vt 0.00000000 0.00000000
vt 0.00000000 0.00000000
vt 0.00000000 0.00000000
vt 0.00000000 0.00000000
vt 0.00000000 0.00000000
vt 0.00000000 0.00000000
vt 0.00000000 0.00000000
vt 0.00000000 0.00000000
vt 0.00000000 0.00000000
vt 0.00000000 0.00000000
vt 0.00000000 0.00000000
vt 0.00000000 0.00000000
vt 0.00000000 0.00000000
vt 0.00000000 0.00000000
vt 0.00000000 0.00000000
vt 0.00000000 0.00000000
vt 0.00000000 0.00000000
vt 0.00000000 0.00000000
vt 0.00000000 0.00000000
vt 0.00000000 0.00000000
vt 0.00000000 0.00000000
vt 0.00000000 0.00000000
vt 0.00000000 0.00000000
vt 0.00000000 0.00000000
vt 0.00000000 0.00000000
vt 0.00000000 0.00000000
vt 0.00000000 0.00000000
vt 0.00000000 0.00000000
vt 0.00000000 0.00000000
vt 0.00000000 0.00000000
vt 0.00000000 0.00000000
vt 0.00000000 0.00000000
vt 0.00000000 0.00000000
vt 0.00000000 0.00000000
vt 0.00000000 0.00000000
vt 0.00000000 0.00000000
vt 0.00000000 0.00000000
vt 0.00000000 0.00000000
vt 0.00000000 0.00000000
vt 0.00000000 0.00000000
vt 0.00000000 0.00000000
vt 0.00000000 0.00000000
vt 0.00000000 0.00000000
vt 0.00000000 0.00000000
vt 0.00000000 0.00000000
vt 0.00000000 0.00000000
vt 0.00000000 0.00000000
vt 0.00000000 0.00000000
vt 0.00000000 0.00000000
vt 0.00000000 0.00000000
vt 0.00000000 0.00000000
vt 0.00000000 0.00000000
vt 0.00000000 0.00000000
vt 0.00000000 0.00000000
vt 0.00000000 0.00000000
vt 0.00000000 0.00000000
vt 0.00000000 0.00000000
vt 0.00000000 0.00000000
vt 0.00000000 0.00000000
vt 0.00000000 0.00000000
vt 0.00000000 0.00000000
vt 0.00000000 0.00000000
vt 0.00000000 0.00000000
vt 0.00000000 0.00000000
vt 0.00000000 0.00000000
vt 0.00000000 0.00000000
vt 0.00000000 0.00000000
vt 0.00000000 0.00000000
vt 0.00000000 0.00000000
vt 0.00000000 0.00000000
vt 0.00000000 0.00000000
vt 0.00000000 0.00000000
vt 0.00000000 0.00000000
vt 0.00000000 0.00000000
vt 0.00000000 0.00000000
vt 0.00000000 0.00000000
vt 0.00000000 0.00000000
vt 0.00000000 0.00000000
vt 0.00000000 0.00000000
vt 0.00000000 0.00000000
vt 0.00000000 0.00000000
vt 0.00000000 0.00000000
vt 0.00000000 0.00000000
vt 0.00000000 0.00000000
vt 0.00000000 0.00000000
vt 0.00000000 0.00000000
vt 0.00000000 0.00000000
vt 0.00000000 0.00000000
vt 0.00000000 0.00000000
vt 0.00000000 0.00000000
vt 0.00000000 0.00000000
vt 0.00000000 0.00000000
vt 0.00000000 0.00000000
vt 0.00000000 0.00000000
vt 0.00000000 0.00000000
vt 0.00000000 0.00000000
vt 0.00000000 0.00000000
vt 0.00000000 0.00000000
vt 0.00000000 0.00000000
vt 0.00000000 0.00000000
vt 0.00000000 0.00000000
vt 0.00000000 0.00000000
vt 0.00000000 0.00000000
vt 0.00000000 0.00000000
vt 0.00000000 0.00000000
vt 0.00000000 0.00000000
vt 0.00000000 0.00000000
vt 0.00000000 0.00000000
vt 0.00000000 0.00000000
vt 0.00000000 0.00000000
vt 0.00000000 0.00000000
vt 0.00000000 0.00000000
vt 0.00000000 0.00000000
vt 0.00000000 0.00000000
vt 0.00000000 0.00000000
vt 0.00000000 0.00000000
vt 0.00000000 0.00000000
vt 0.00000000 0.00000000
vt 0.00000000 0.00000000
vt 0.00000000 0.00000000
vt 0.00000000 0.00000000
vt 0.00000000 0.00000000
vt 0.00000000 0.00000000
vt 0.00000000 0.00000000
vt 0.00000000 0.00000000
vt 0.00000000 0.00000000
vt 0.00000000 0.00000000
vt 0.00000000 0.00000000
vt 0.00000000 0.00000000
vt 0.00000000 0.00000000
vt 0.00000000 0.00000000
vt 0.00000000 0.00000000
vt 0.00000000 0.00000000
vt 0.00000000 0.00000000
vt 0.00000000 0.00000000
vt 0.00000000 0.00000000
vt 0.00000000 0.00000000
vt 0.00000000 0.00000000
vt 0.00000000 0.00000000
vt 0.00000000 0.00000000
vt 0.00000000 0.00000000
vt 0.00000000 0.00000000
vt 0.00000000 0.00000000
vt 0.00000000 0.00000000
vt 0.00000000 0.00000000
vt 0.00000000 0.00000000
vt 0.00000000 0.00000000
vt 0.00000000 0.00000000
vt 0.00000000 0.00000000
vt 0.00000000 0.00000000
vt 0.00000000 0.00000000
vt 0.00000000 0.00000000
vt 0.00000000 0.00000000
vt 0.00000000 0.00000000
vt 0.00000000 0.00000000
vt 0.00000000 0.00000000
vt 0.00000000 0.00000000
vt 0.00000000 0.00000000
vt 0.00000000 0.00000000
vt 0.00000000 0.00000000
vt 0.00000000 0.00000000
vt 0.00000000 0.00000000
vt 0.00000000 0.00000000
vt 0.00000000 0.00000000
vt 0.00000000 0.00000000
vt 0.00000000 0.00000000
vt 0.00000000 0.00000000
vt 0.00000000 0.00000000
vt 0.00000000 0.00000000
vt 0.00000000 0.00000000
vt 0.00000000 0.00000000
vt 0.00000000 0.00000000
vt 0.00000000 0.00000000
vt 0.00000000 0.00000000
vt 0.00000000 0.00000000
vt 0.00000000 0.00000000
vt 0.00000000 0.00000000
vt 0.00000000 0.00000000
vt 0.00000000 0.00000000
vt 0.00000000 0.00000000
vt 0.00000000 0.00000000
vt 0.00000000 0.00000000
vt 0.00000000 0.00000000
vt 0.00000000 0.00000000
vt 0.00000000 0.00000000
vt 0.00000000 0.00000000
vt 0.00000000 0.00000000
vt 0.00000000 0.00000000
vt 0.00000000 0.00000000
vt 0.00000000 0.00000000
vt 0.00000000 0.00000000
vt 0.00000000 0.00000000
vt 0.00000000 0.00000000
vt 0.00000000 0.00000000
vt 0.00000000 0.00000000
vt 0.00000000 0.00000000
vt 0.00000000 0.00000000
vt 0.00000000 0.00000000
vt 0.00000000 0.00000000
vt 0.00000000 0.00000000
vt 0.00000000 0.00000000
vt 0.00000000 0.00000000
vt 0.00000000 0.00000000
vt 0.00000000 0.00000000
vt 0.00000000 0.00000000
vt 0.00000000 0.00000000
vt 0.00000000 0.00000000
vt 0.00000000 0.00000000
vt 0.00000000 0.00000000
vt 0.00000000 0.00000000
vt 0.00000000 0.00000000
vt 0.00000000 0.00000000
vt 0.00000000 0.00000000
vt 0.00000000 0.00000000
vt 0.00000000 0.00000000
vt 0.00000000 0.00000000
vt 0.00000000 0.00000000
vt 0.00000000 0.00000000
vt 0.00000000 0.00000000
vt 0.00000000 0.00000000
vt 0.00000000 0.00000000
vt 0.00000000 0.00000000
vt 0.00000000 0.00000000
vt 0.00000000 0.00000000
vt 0.00000000 0.00000000
vt 0.00000000 0.00000000
vt 0.00000000 0.00000000
vt 0.00000000 0.00000000
vt 0.00000000 0.00000000
vt 0.00000000 0.00000000
vt 0.00000000 0.00000000
vt 0.00000000 0.00000000
vt 0.00000000 0.00000000
vt 0.00000000 0.00000000
vt 0.00000000 0.00000000
vt 0.00000000 0.00000000
vt 0.00000000 0.00000000
vt 0.00000000 0.00000000
vt 0.00000000 0.00000000
vt 0.00000000 0.00000000
vt 0.00000000 0.00000000
vt 0.00000000 0.00000000
vt 0.00000000 0.00000000
vt 0.00000000 0.00000000
vt 0.00000000 0.00000000
vt 0.00000000 0.00000000
vt 0.00000000 0.00000000
vt 0.00000000 0.00000000
vt 0.00000000 0.00000000
vt 0.00000000 0.00000000
vt 0.00000000 0.00000000
vt 0.00000000 0.00000000
vt 0.00000000 0.00000000
vt 0.00000000 0.00000000
vt 0.00000000 0.00000000
vt 0.00000000 0.00000000
vt 0.00000000 0.00000000
vt 0.00000000 0.00000000
vt 0.00000000 0.00000000
vt 0.00000000 0.00000000
vt 0.00000000 0.00000000
vt 0.00000000 0.00000000
vt 0.00000000 0.00000000
vt 0.00000000 0.00000000
vt 0.00000000 0.00000000
vt 0.00000000 0.00000000
vt 0.00000000 0.00000000
vt 0.00000000 0.00000000
vt 0.00000000 0.00000000
vt 0.00000000 0.00000000
vt 0.00000000 0.00000000
vt 0.00000000 0.00000000
vt 0.00000000 0.00000000
vt 0.00000000 0.00000000
vt 0.00000000 0.00000000
vt 0.00000000 0.00000000
vt 0.00000000 0.00000000
vt 0.00000000 0.00000000
vt 0.00000000 0.00000000
vt 0.00000000 0.00000000
vt 0.00000000 0.00000000
vt 0.00000000 0.00000000
vt 0.00000000 0.00000000
vt 0.00000000 0.00000000
vt 0.00000000 0.00000000
vt 0.00000000 0.00000000
vt 0.00000000 0.00000000
vt 0.00000000 0.00000000
vt 0.00000000 0.00000000
vt 0.00000000 0.00000000
vt 0.00000000 0.00000000
vt 0.00000000 0.00000000
vt 0.00000000 0.00000000
vt 0.00000000 0.00000000
vt 0.00000000 0.00000000
vt 0.00000000 0.00000000
vt 0.00000000 0.00000000
vt 0.00000000 0.00000000
vt 0.00000000 0.00000000
vt 0.00000000 0.00000000
vt 0.00000000 0.00000000
vt 0.00000000 0.00000000
vt 0.00000000 0.00000000
vt 0.00000000 0.00000000
vt 0.00000000 0.00000000
vt 0.00000000 0.00000000
vt 0.00000000 0.00000000
vt 0.00000000 0.00000000
vt 0.00000000 0.00000000
vt 0.00000000 0.00000000
vt 0.00000000 0.00000000
vt 0.00000000 0.00000000
vt 0.00000000 0.00000000
vt 0.00000000 0.00000000
vt 0.00000000 0.00000000
vt 0.00000000 0.00000000
vt 0.00000000 0.00000000
vt 0.00000000 0.00000000
vt 0.00000000 0.00000000
vt 0.00000000 0.00000000
vt 0.00000000 0.00000000
vt 0.00000000 0.00000000
vt 0.00000000 0.00000000
vt 0.00000000 0.00000000
vt 0.00000000 0.00000000
vt 0.00000000 0.00000000
vt 0.00000000 0.00000000
vt 0.00000000 0.00000000
vt 0.00000000 0.00000000
vt 0.00000000 0.00000000
vt 0.00000000 0.00000000
vt 0.00000000 0.00000000
vt 0.00000000 0.00000000
vt 0.00000000 0.00000000
vt 0.00000000 0.00000000
vt 0.00000000 0.00000000
vt 0.00000000 0.00000000
vt 0.00000000 0.00000000
vt 0.00000000 0.00000000
vt 0.00000000 0.00000000
vt 0.00000000 0.00000000
vt 0.00000000 0.00000000
vt 0.00000000 0.00000000
vt 0.00000000 0.00000000
vt 0.00000000 0.00000000
vt 0.00000000 0.00000000
vt 0.00000000 0.00000000
vt 0.00000000 0.00000000
vt 0.00000000 0.00000000
vt 0.00000000 0.00000000
vt 0.00000000 0.00000000
vt 0.00000000 0.00000000
vt 0.00000000 0.00000000
vt 0.00000000 0.00000000
vt 0.00000000 0.00000000
vt 0.00000000 0.00000000
vt 0.00000000 0.00000000
vt 0.00000000 0.00000000
vt 0.00000000 0.00000000
vt 0.00000000 0.00000000
vt 0.00000000 0.00000000
vt 0.00000000 0.00000000
vt 0.00000000 0.00000000
vt 0.00000000 0.00000000
vt 0.00000000 0.00000000
vt 0.00000000 0.00000000
vt 0.00000000 0.00000000
vt 0.00000000 0.00000000
vt 0.00000000 0.00000000
vt 0.00000000 0.00000000
vt 0.00000000 0.00000000
vt 0.00000000 0.00000000
vt 0.00000000 0.00000000
vt 0.00000000 0.00000000
vt 0.00000000 0.00000000
vt 0.00000000 0.00000000
vt 0.00000000 0.00000000
vt 0.00000000 0.00000000
vt 0.00000000 0.00000000
vt 0.00000000 0.00000000
vt 0.00000000 0.00000000
vt 0.00000000 0.00000000
vt 0.00000000 0.00000000
vt 0.00000000 0.00000000
vt 0.00000000 0.00000000
vt 0.00000000 0.00000000
vt 0.00000000 0.00000000
vt 0.00000000 0.00000000
vt 0.00000000 0.00000000
vt 0.00000000 0.00000000
vt 0.00000000 0.00000000
vt 0.00000000 0.00000000
vt 0.00000000 0.00000000
vt 0.00000000 0.00000000
vt 0.00000000 0.00000000
vt 0.00000000 0.00000000
vt 0.00000000 0.00000000
vt 0.00000000 0.00000000
vt 0.00000000 0.00000000
vt 0.00000000 0.00000000
vt 0.00000000 0.00000000
vt 0.00000000 0.00000000
vt 0.00000000 0.00000000
vt 0.00000000 0.00000000
vt 0.00000000 0.00000000
vt 0.00000000 0.00000000
vt 0.00000000 0.00000000
vt 0.00000000 0.00000000
vt 0.00000000 0.00000000
vt 0.00000000 0.00000000
vt 0.00000000 0.00000000
vt 0.00000000 0.00000000
vt 0.00000000 0.00000000
vt 0.00000000 0.00000000
vt 0.00000000 0.00000000
vt 0.00000000 0.00000000
vt 0.00000000 0.00000000
vt 0.00000000 0.00000000
vt 0.00000000 0.00000000
vt 0.00000000 0.00000000
vt 0.00000000 0.00000000
vt 0.00000000 0.00000000
vt 0.00000000 0.00000000
vt 0.00000000 0.00000000
vt 0.00000000 0.00000000
vt 0.00000000 0.00000000
vt 0.00000000 0.00000000
vt 0.00000000 0.00000000
vt 0.00000000 0.00000000
vt 0.00000000 0.00000000
vt 0.00000000 0.00000000
vt 0.00000000 0.00000000
vt 0.00000000 0.00000000
vt 0.00000000 0.00000000
vt 0.00000000 0.00000000
vt 0.00000000 0.00000000
vt 0.00000000 0.00000000
vt 0.00000000 0.00000000
vt 0.00000000 0.00000000
vt 0.00000000 0.00000000
vt 0.00000000 0.00000000
vt 0.00000000 0.00000000
vt 0.00000000 0.00000000
vt 0.00000000 0.00000000
vt 0.00000000 0.00000000
vt 0.00000000 0.00000000
vt 0.00000000 0.00000000
vt 0.00000000 0.00000000
vt 0.00000000 0.00000000
vt 0.00000000 0.00000000
vt 0.00000000 0.00000000
vt 0.00000000 0.00000000
vt 0.00000000 0.00000000
vt 0.00000000 0.00000000
vt 0.00000000 0.00000000
vt 0.00000000 0.00000000
vt 0.00000000 0.00000000
vt 0.00000000 0.00000000
vt 0.00000000 0.00000000
vt 0.00000000 0.00000000
vt 0.00000000 0.00000000
vt 0.00000000 0.00000000
vt 0.00000000 0.00000000
vt 0.00000000 0.00000000
vt 0.00000000 0.00000000
vt 0.00000000 0.00000000
vt 0.00000000 0.00000000
vt 0.00000000 0.00000000
vt 0.00000000 0.00000000
vt 0.00000000 0.00000000
vt 0.00000000 0.00000000
vt 0.00000000 0.00000000
vt 0.00000000 0.00000000
vt 0.00000000 0.00000000
vt 0.00000000 0.00000000
vt 0.00000000 0.00000000
vt 0.00000000 0.00000000
vt 0.00000000 0.00000000
vt 0.00000000 0.00000000
vt 0.00000000 0.00000000
vt 0.00000000 0.00000000
vt 0.00000000 0.00000000
vt 0.00000000 0.00000000
vt 0.00000000 0.00000000
vt 0.00000000 0.00000000
vt 0.00000000 0.00000000
vt 0.00000000 0.00000000
vt 0.00000000 0.00000000
vt 0.00000000 0.00000000
vt 0.00000000 0.00000000
vt 0.00000000 0.00000000
vt 0.00000000 0.00000000
vt 0.00000000 0.00000000
vt 0.00000000 0.00000000
vt 0.00000000 0.00000000
vt 0.00000000 0.00000000
vt 0.00000000 0.00000000
vt 0.00000000 0.00000000
vt 0.00000000 0.00000000
vt 0.00000000 0.00000000
vt 0.00000000 0.00000000
vt 0.00000000 0.00000000
vt 0.00000000 0.00000000
vt 0.00000000 0.00000000
vt 0.00000000 0.00000000
vt 0.00000000 0.00000000
vt 0.00000000 0.00000000
vt 0.00000000 0.00000000
vt 0.00000000 0.00000000
vt 0.00000000 0.00000000
vt 0.00000000 0.00000000
vt 0.00000000 0.00000000
vt 0.00000000 0.00000000
vt 0.00000000 0.00000000
vt 0.00000000 0.00000000
vt 0.00000000 0.00000000
vt 0.00000000 0.00000000
vt 0.00000000 0.00000000
vt 0.00000000 0.00000000
vt 0.00000000 0.00000000
vt 0.00000000 0.00000000
vt 0.00000000 0.00000000
vt 0.00000000 0.00000000
vt 0.00000000 0.00000000
vt 0.00000000 0.00000000
vt 0.00000000 0.00000000
vt 0.00000000 0.00000000
vt 0.00000000 0.00000000
vt 0.00000000 0.00000000
vt 0.00000000 0.00000000
vt 0.00000000 0.00000000
vt 0.00000000 0.00000000
vt 0.00000000 0.00000000
vt 0.00000000 0.00000000
vt 0.00000000 0.00000000
vt 0.00000000 0.00000000
vt 0.00000000 0.00000000
vt 0.00000000 0.00000000
vt 0.00000000 0.00000000
vt 0.00000000 0.00000000
vt 0.00000000 0.00000000
vt 0.00000000 0.00000000
vt 0.00000000 0.00000000
vt 0.00000000 0.00000000
vt 0.00000000 0.00000000
vt 0.00000000 0.00000000
vt 0.00000000 0.00000000
f 1/1 2/2 3/3
f 4/4 5/5 6/6
f 7/7 8/8 9/9
f 10/10 11/11 12/12
f 13/13 1/1 3/3
f 14/14 15/15 16/16
f 17/17 14/14 16/16
f 18/18 19/19 20/20
f 21/21 7/7 9/9
f 18/18 20/20 22/22
f 23/23 24/24 25/25
f 20/20 26/26 22/22
f 27/27 26/26 20/20
f 28/28 26/26 27/27
f 24/24 29/29 25/25
f 30/30 31/31 32/32
f 31/31 33/33 32/32
f 34/34 35/35 36/36
f 37/37 28/28 27/27
f 38/38 35/35 34/34
f 39/39 40/40 41/41
f 42/42 37/37 27/27
f 43/43 44/44 45/45
f 42/42 27/27 46/46
f 39/39 41/41 47/47
f 45/45 44/44 48/48
f 49/49 50/50 51/51
f 52/52 53/53 54/54
f 55/55 56/56 3/3
f 57/57 58/58 59/59
f 60/60 61/61 62/62
f 6/6 63/63 53/53
f 64/64 65/65 66/66
f 67/67 68/68 53/53
f 64/64 66/66 69/69
f 70/70 71/71 51/51
f 51/51 72/72 73/73
f 74/74 53/53 75/75
f 76/76 77/77 78/78
f 79/79 80/80 81/81
f 82/82 83/83 71/71
f 67/67 84/84 68/68
f 56/56 85/85 86/86
f 87/87 88/88 89/89
f 90/90 87/87 89/89
f 91/91 79/79 81/81
f 92/92 93/93 94/94
f 95/95 96/96 97/97
f 95/95 97/97 98/98
f 99/99 100/100 101/101
f 92/92 102/102 93/93
f 103/103 94/94 93/93
f 104/104 103/103 93/93
f 102/102 104/104 93/93
f 105/105 106/106 107/107
f 107/107 106/106 108/108
f 103/103 109/109 94/94
f 105/105 107/107 110/110
f 111/111 112/112 113/113
f 112/112 114/114 113/113
f 115/115 114/114 112/112
f 116/116 117/117 118/118
f 105/105 119/119 106/106
f 119/119 108/108 106/106
f 119/119 120/120 108/108
f 117/117 121/121 122/122
f 116/116 121/121 117/117
f 123/123 122/122 121/121
f 116/116 123/123 121/121
f 123/123 124/124 122/122
f 125/125 126/126 127/127
f 125/125 127/127 128/128
f 128/128 127/127 129/129
f 130/130 131/131 86/86
f 86/86 132/132 130/130
f 133/133 134/134 135/135
f 136/136 137/137 138/138
f 139/139 137/137 136/136
f 140/140 125/125 128/128
f 141/141 142/142 143/143
f 141/141 144/144 142/142
f 145/145 146/146 147/147
f 148/148 149/149 150/150
f 148/148 150/150 151/151
f 141/141 143/143 152/152
f 149/149 148/148 153/153
f 146/146 154/154 147/147
f 155/155 156/156 157/157
f 158/158 159/159 151/151
f 151/151 150/150 160/160
f 151/151 160/160 158/158
f 161/161 162/162 158/158
f 158/158 162/162 163/163
f 161/161 158/158 160/160
f 158/158 163/163 159/159
f 164/164 165/165 166/166
f 167/167 166/166 165/165
f 168/168 159/159 163/163
f 169/169 170/170 171/171
f 172/172 169/169 171/171
f 173/173 168/168 174/174
f 175/175 176/176 177/177
f 176/176 178/178 177/177
f 179/179 180/180 181/181
f 182/182 183/183 173/173
f 173/173 183/183 184/184
f 173/173 174/174 182/182
f 182/182 174/174 162/162
f 185/185 164/164 186/186
f 182/182 187/187 183/183
f 188/188 189/189 190/190
f 191/191 188/188 190/190
f 192/192 193/193 194/194
f 194/194 193/193 195/195
f 196/196 194/194 195/195
f 192/192 194/194 197/197
f 198/198 199/199 200/200
f 199/199 201/201 200/200
f 202/202 203/203 204/204
f 202/202 205/205 203/203
f 205/205 206/206 203/203
f 202/202 204/204 207/207
f 208/208 205/205 202/202
f 208/208 202/202 209/209
f 210/210 211/211 212/212
f 213/213 214/214 215/215
f 216/216 210/210 212/212
f 217/217 218/218 219/219
f 213/213 220/220 214/214
f 221/221 222/222 223/223
f 224/224 225/225 219/219
f 224/224 219/219 218/218
f 226/226 227/227 228/228
f 224/224 229/229 225/225
f 230/230 231/231 220/220
f 232/232 233/233 234/234
f 235/235 236/236 237/237
f 238/238 239/239 226/226
f 238/238 226/226 240/240
f 241/241 242/242 243/243
f 244/244 238/238 240/240
f 245/245 244/244 240/240
f 246/246 243/243 242/242
f 246/246 242/242 247/247
f 248/248 249/249 250/250
f 251/251 249/249 248/248
f 252/252 246/246 247/247
f 253/253 254/254 255/255
f 256/256 257/257 258/258
f 253/253 255/255 259/259
f 251/251 260/260 249/249
f 261/261 262/262 263/263
f 261/261 263/263 264/264
f 265/265 256/256 266/266
f 266/266 256/256 267/267
f 256/256 258/258 267/267
f 265/265 268/268 256/256
f 266/266 267/267 269/269
f 267/267 258/258 269/269
f 266/266 269/269 270/270
f 269/269 258/258 271/271
f 270/270 269/269 272/272
f 269/269 271/271 272/272
f 273/273 274/274 275/275
f 276/276 272/272 271/271
f 276/276 271/271 277/277
f 278/278 279/279 280/280
f 281/281 274/274 273/273
f 252/252 247/247 282/282
f 280/280 279/279 283/283
f 282/282 284/284 285/285
f 247/247 284/284 282/282
f 285/285 284/284 286/286
f 287/287 285/285 286/286
f 288/288 289/289 290/290
f 288/288 291/291 289/289
f 287/287 286/286 292/292
f 293/293 287/287 292/292
f 294/294 295/295 296/296
f 297/297 277/277 298/298
f 297/297 298/298 299/299
f 300/300 299/299 298/298
f 300/300 298/298 301/301
f 296/296 295/295 302/302
f 303/303 301/301 304/304
f 305/305 306/306 307/307
f 308/308 309/309 310/310
f 300/300 301/301 311/311
f 303/303 311/311 301/301
f 312/312 313/313 314/314
f 315/315 316/316 317/317
f 318/318 311/311 303/303
f 318/318 303/303 319/319
f 320/320 321/321 322/322
f 323/323 324/324 325/325
f 326/326 319/319 327/327
f 328/328 329/329 330/330
f 331/331 332/332 330/330
f 323/323 333/333 334/334
f 331/331 330/330 329/329
f 335/335 336/336 322/322
f 337/337 338/338 339/339
f 340/340 341/341 342/342
f 343/343 339/339 338/338
f 344/344 339/339 345/345
f 339/339 346/346 345/345
f 343/343 346/346 339/339
f 347/347 348/348 349/349
f 350/350 351/351 343/343
f 338/338 350/350 343/343
f 352/352 353/353 354/354
f 355/355 354/354 353/353
f 356/356 357/357 358/358
f 358/358 359/359 356/356
f 348/348 360/360 349/349
f 361/361 358/358 357/357
f 355/355 362/362 354/354
f 354/354 362/362 363/363
f 364/364 361/361 357/357
f 365/365 354/354 363/363
f 366/366 367/367 368/368
f 364/364 357/357 369/369
f 364/364 369/369 370/370
f 371/371 364/364 370/370
f 372/372 373/373 374/374
f 375/375 371/371 376/376
f 377/377 366/366 368/368
f 371/371 370/370 376/376
f 378/378 379/379 380/380
f 381/381 382/382 383/383
f 384/384 381/381 383/383
f 375/375 376/376 385/385
f 386/386 375/375 385/385
f 386/386 385/385 387/387
f 385/385 388/388 387/387
f 389/389 390/390 391/391
f 392/392 389/389 391/391
f 393/393 394/394 395/395
f 396/396 397/397 398/398
f 397/397 399/399 398/398
f 400/400 401/401 402/402
f 403/403 404/404 405/405
f 398/398 406/406 407/407
f 408/408 398/398 407/407
f 405/405 404/404 409/409
f 402/402 401/401 410/410
f 398/398 399/399 411/411
f 408/408 396/396 398/398
f 412/412 413/413 414/414
f 415/415 408/408 407/407
f 416/416 417/417 418/418
f 413/413 419/419 414/414
f 420/420 421/421 422/422
f 423/423 420/420 422/422
f 423/423 422/422 424/424
f 417/417 425/425 418/418
f 426/426 427/427 428/428
f 427/427 429/429 428/428
f 430/430 423/423 424/424
f 430/430 424/424 431/431
f 432/432 433/433 434/434
f 433/433 435/435 434/434
f 436/436 430/430 431/431
f 436/436 431/431 437/437
f 438/438 436/436 437/437
f 439/439 440/440 441/441
f 438/438 437/437 442/442
f 440/440 443/443 441/441
f 444/444 445/445 446/446
f 447/447 448/448 449/449
f 446/446 445/445 450/450
f 450/450 445/445 451/451
f 452/452 453/453 454/454
f 455/455 456/456 445/445
f 457/457 458/458 459/459
f 460/460 455/455 445/445
f 444/444 460/460 445/445
f 461/461 453/453 452/452
f 462/462 463/463 464/464
f 465/465 466/466 462/462
f 465/465 462/462 467/467
f 468/468 458/458 457/457
f 469/469 470/470 462/462
f 462/462 470/470 467/467
f 466/466 463/463 462/462
f 471/471 472/472 473/473
f 474/474 475/475 476/476
f 477/477 478/478 479/479
f 480/480 474/474 476/476
f 481/481 477/477 479/479
f 482/482 483/483 484/484
f 183/183 485/485 486/486
f 183/183 486/486 184/184
f 487/487 482/482 484/484
f 485/485 488/488 486/486
f 489/489 488/488 485/485
f 489/489 485/485 490/490
f 491/491 492/492 493/493
f 494/494 490/490 485/485
f 492/492 495/495 493/493
f 496/496 497/497 498/498
f 499/499 500/500 501/501
f 494/494 451/451 490/490
f 451/451 502/502 490/490
f 503/503 504/504 505/505
f 504/504 506/506 505/505
f 500/500 507/507 501/501
f 506/506 508/508 505/505
f 509/509 464/464 510/510
f 464/464 511/511 510/510
f 476/476 512/512 513/513
f 514/514 515/515 516/516
f 517/517 514/514 516/516
f 518/518 502/502 451/451
f 518/518 451/451 519/519
f 520/520 521/521 522/522
f 523/523 524/524 525/525
f 451/451 526/526 519/519
f 521/521 527/527 522/522
f 528/528 529/529 464/464
f 528/528 464/464 509/509
f 513/513 530/530 476/476
f 530/530 531/531 476/476
f 524/524 532/532 525/525
f 529/529 533/533 464/464
f 534/534 533/533 529/529
f 476/476 531/531 535/535
f 536/536 537/537 538/538
f 539/539 540/540 541/541
f 542/542 539/539 541/541
f 543/543 526/526 544/544
f 545/545 543/543 544/544
f 546/546 547/547 548/548
f 549/549 546/546 548/548
f 550/550 545/545 544/544
f 551/551 552/552 553/553
f 554/554 555/555 556/556
f 557/557 550/550 20/20
f 550/550 544/544 20/20
f 552/552 558/558 553/553
f 559/559 6/6 533/533
f 560/560 6/6 559/559
f 561/561 562/562 535/535
f 555/555 563/563 556/556
f 564/564 559/559 533/533
f 565/565 566/566 567/567
f 557/557 20/20 19/19
f 568/568 569/569 570/570
f 571/571 561/561 535/535
f 572/572 573/573 574/574
f 575/575 573/573 572/572
f 576/576 577/577 578/578
f 544/544 526/526 451/451
f 579/579 6/6 560/560
f 535/535 580/580 59/59
f 566/566 581/581 567/567
f 582/582 78/78 535/535
f 535/535 59/59 582/582
f 78/78 583/583 535/535
f 583/583 476/476 535/535
f 584/584 577/577 576/576
f 585/585 586/586 587/587
f 588/588 585/585 587/587
f 497/497 589/589 498/498
f 588/588 587/587 590/590
f 591/591 592/592 593/593
f 592/592 594/594 593/593
f 208/208 588/588 590/590
f 595/595 596/596 597/597
f 598/598 599/599 600/600
f 601/601 598/598 600/600
f 601/601 600/600 602/602
f 596/596 603/603 597/597
f 604/604 601/601 602/602
f 602/602 605/605 604/604
f 606/606 214/214 220/220
f 607/607 608/608 609/609
f 606/606 220/220 231/231
f 610/610 611/611 612/612
f 611/611 613/613 612/612
f 614/614 604/604 605/605
f 615/615 616/616 617/617
f 618/618 619/619 620/620
f 618/618 620/620 621/621
f 620/620 622/622 621/621
f 616/616 623/623 617/617
f 621/621 622/622 265/265
f 622/622 268/268 265/265
f 249/249 624/624 625/625
f 622/622 626/626 268/268
f 260/260 624/624 249/249
f 627/627 628/628 629/629
f 630/630 631/631 632/632
f 631/631 633/633 632/632
f 634/634 635/635 636/636
f 636/636 635/635 637/637
f 638/638 627/627 629/629
f 634/634 639/639 635/635
f 640/640 639/639 634/634
f 641/641 642/642 643/643
f 644/644 645/645 646/646
f 647/647 641/641 643/643
f 648/648 649/649 650/650
f 651/651 652/652 640/640
f 652/652 639/639 640/640
f 653/653 648/648 650/650
f 654/654 655/655 656/656
f 651/651 657/657 652/652
f 658/658 659/659 660/660
f 655/655 661/661 656/656
f 662/662 658/658 660/660
f 663/663 664/664 665/665
f 666/666 664/664 663/663
f 663/663 665/665 667/667
f 668/668 669/669 670/670
f 669/669 671/671 670/670
f 672/672 673/673 674/674
f 673/673 675/675 674/674
f 666/666 676/676 664/664
f 677/677 678/678 679/679
f 680/680 677/677 679/679
f 681/681 682/682 683/683
f 598/598 684/684 599/599
f 684/684 685/685 599/599
f 686/686 687/687 688/688
f 689/689 690/690 691/691
f 692/692 685/685 693/693
f 694/694 695/695 696/696
f 697/697 694/694 696/696
f 698/698 689/689 691/691
f 699/699 700/700 701/701
f 699/699 586/586 700/700
f 700/700 586/586 585/585
f 702/702 703/703 704/704
f 705/705 706/706 707/707
f 699/699 701/701 708/708
f 703/703 709/709 704/704
f 710/710 705/705 707/707
f 701/701 442/442 708/708
f 448/448 711/711 449/449
f 712/712 451/451 494/494
f 712/712 450/450 451/451
f 713/713 714/714 715/715
f 716/716 713/713 715/715
f 701/701 438/438 442/442
f 692/692 693/693 717/717
f 717/717 693/693 718/718
f 717/717 718/718 719/719
f 720/720 721/721 722/722
f 723/723 720/720 722/722
f 719/719 718/718 657/657
f 719/719 657/657 651/651
f 724/724 725/725 726/726
f 682/682 727/727 683/683
f 667/667 665/665 619/619
f 728/728 729/729 730/730
f 667/667 619/619 618/618
f 731/731 724/724 726/726
f 732/732 733/733 734/734
f 733/733 735/735 734/734
f 736/736 637/637 737/737
f 636/636 637/637 736/736
f 738/738 736/736 737/737
f 739/739 740/740 741/741
f 742/742 743/743 744/744
f 745/745 742/742 744/744
f 746/746 739/739 741/741
f 420/420 747/747 421/421
f 747/747 388/388 421/421
f 748/748 644/644 646/646
f 387/387 388/388 747/747
f 749/749 750/750 751/751
f 752/752 753/753 738/738
f 754/754 752/752 738/738
f 754/754 738/738 737/737
f 750/750 755/755 751/751
f 756/756 757/757 758/758
f 759/759 760/760 761/761
f 762/762 763/763 761/761
f 763/763 759/759 761/761
f 764/764 765/765 758/758
f 757/757 764/764 758/758
f 270/270 276/276 766/766
f 766/766 276/276 767/767
f 766/766 767/767 297/297
f 766/766 297/297 768/768
f 769/769 770/770 771/771
f 768/768 299/299 300/300
f 768/768 297/297 299/299
f 768/768 300/300 318/318
f 772/772 773/773 774/774
f 770/770 775/775 771/771
f 773/773 776/776 774/774
f 752/752 777/777 753/753
f 777/777 778/778 753/753
f 777/777 344/344 778/778
f 297/297 767/767 277/277
f 276/276 277/277 767/767
f 779/779 372/372 374/374
f 780/780 728/728 730/730
f 781/781 782/782 783/783
f 507/507 784/784 501/501
f 785/785 781/781 783/783
f 786/786 511/511 464/464
f 787/787 471/471 473/473
f 475/475 788/788 476/476
f 583/583 480/480 476/476
f 465/465 789/789 466/466
f 790/790 466/466 791/791
f 180/180 792/792 181/181
f 793/793 794/794 795/795
f 466/466 789/789 791/791
f 465/465 796/796 789/789
f 796/796 797/797 789/789
f 789/789 797/797 798/798
f 789/789 798/798 791/791
f 797/797 799/799 798/798
f 800/800 798/798 801/801
f 802/802 803/803 804/804
f 798/798 805/805 806/806
f 807/807 798/798 806/806
f 807/807 808/808 798/798
f 809/809 810/810 811/811
f 812/812 805/805 798/798
f 798/798 799/799 813/813
f 812/812 798/798 813/813
f 811/811 810/810 814/814
f 804/804 803/803 815/815
f 800/800 791/791 798/798
f 816/816 817/817 818/818
f 790/790 800/800 819/819
f 800/800 801/801 819/819
f 820/820 821/821 822/822
f 822/822 821/821 823/823
f 820/820 816/816 821/821
f 824/824 801/801 825/825
f 824/824 825/825 826/826
f 824/824 826/826 827/827
f 828/828 829/829 830/830
f 825/825 831/831 826/826
f 828/828 823/823 829/829
f 832/832 831/831 833/833
f 139/139 829/829 834/834
f 801/801 835/835 833/833
f 139/139 834/834 137/137
f 137/137 834/834 823/823
f 836/836 837/837 838/838
f 839/839 836/836 838/838
f 836/836 840/840 113/113
f 841/841 840/840 836/836
f 839/839 842/842 836/836
f 842/842 841/841 836/836
f 843/843 844/844 845/845
f 846/846 839/839 838/838
f 847/847 848/848 849/849
f 850/850 843/843 845/845
f 851/851 852/852 853/853
f 854/854 851/851 853/853
f 854/854 853/853 855/855
f 856/856 847/847 849/849
f 857/857 858/858 859/859
f 860/860 857/857 859/859
f 861/861 862/862 863/863
f 862/862 864/864 863/863
f 851/851 865/865 852/852
f 866/866 867/867 868/868
f 865/865 869/869 870/870
f 865/865 870/870 852/852
f 867/867 871/871 868/868
f 872/872 873/873 874/874
f 875/875 873/873 872/872
f 869/869 876/876 870/870
f 877/877 876/876 869/869
f 878/878 879/879 880/880
f 881/881 876/876 877/877
f 882/882 881/881 877/877
f 880/880 879/879 883/883
f 884/884 885/885 886/886
f 882/882 887/887 881/881
f 885/885 888/888 886/886
f 889/889 890/890 891/891
f 892/892 890/890 889/889
f 893/893 894/894 895/895
f 887/887 204/204 881/881
f 113/113 840/840 896/896
f 161/161 113/113 896/896
f 897/897 893/893 895/895
f 898/898 899/899 900/900
f 900/900 899/899 901/901
f 902/902 903/903 904/904
f 903/903 905/905 904/904
f 293/293 292/292 906/906
f 907/907 293/293 906/906
f 907/907 906/906 908/908
f 909/909 907/907 908/908
f 909/909 908/908 910/910
f 911/911 912/912 913/913
f 912/912 914/914 913/913
f 915/915 854/854 855/855
f 916/916 915/915 855/855
f 917/917 918/918 919/919
f 916/916 920/920 915/915
f 921/921 922/922 923/923
f 924/924 925/925 926/926
f 927/927 920/920 916/916
f 928/928 924/924 926/926
f 929/929 930/930 931/931
f 932/932 930/930 929/929
f 933/933 934/934 935/935
f 930/930 936/936 931/931
f 937/937 938/938 939/939
f 940/940 933/933 935/935
f 941/941 937/937 939/939
f 942/942 943/943 927/927
f 944/944 945/945 942/942
f 942/942 945/945 943/943
f 946/946 947/947 948/948
f 927/927 943/943 920/920
f 949/949 946/946 948/948
f 950/950 951/951 952/952
f 953/953 954/954 955/955
f 956/956 957/957 958/958
f 959/959 955/955 960/960
f 961/961 950/950 952/952
f 962/962 963/963 964/964
f 965/965 959/959 960/960
f 963/963 966/966 964/964
f 967/967 968/968 969/969
f 970/970 971/971 972/972
f 945/945 971/971 970/970
f 973/973 970/970 972/972
f 968/968 974/974 969/969
f 975/975 976/976 977/977
f 359/359 973/973 978/978
f 973/973 972/972 978/978
f 979/979 980/980 981/981
f 980/980 982/982 981/981
f 983/983 984/984 985/985
f 359/359 978/978 356/356
f 984/984 986/986 985/985
f 987/987 988/988 989/989
f 990/990 987/987 989/989
f 987/987 991/991 992/992
f 990/990 991/991 987/987
f 993/993 987/987 992/992
f 994/994 995/995 996/996
f 997/997 998/998 999/999
f 998/998 1000/1000 999/999
f 995/995 1001/1001 996/996
f 1002/1002 1003/1003 1004/1004
f 1003/1003 1005/1005 1004/1004
f 1006/1006 1007/1007 1008/1008
f 993/993 992/992 1009/1009
f 1010/1010 1011/1011 1012/1012
f 1013/1013 993/993 1009/1009
f 1011/1011 1014/1014 1012/1012
f 1015/1015 1016/1016 1017/1017
f 1018/1018 1019/1019 1020/1020
f 1021/1021 1015/1015 1022/1022
f 1023/1023 1024/1024 1025/1025
f 1025/1025 1026/1026 1023/1023
f 1015/1015 1027/1027 1016/1016
f 1028/1028 1029/1029 1030/1030
f 1029/1029 1031/1031 1030/1030
f 1032/1032 1033/1033 1034/1034
f 1032/1032 1034/1034 1035/1035
f 1036/1036 1037/1037 1038/1038
f 1013/1013 1032/1032 1035/1035
f 1039/1039 1040/1040 1038/1038
f 1036/1036 1038/1038 1040/1040
f 1041/1041 1036/1036 1040/1040
f 1042/1042 1043/1043 1044/1044
f 1042/1042 1045/1045 1043/1043
f 1043/1043 1045/1045 1046/1046
f 1047/1047 1045/1045 1042/1042
f 1045/1045 1048/1048 1046/1046
f 1047/1047 1048/1048 1045/1045
f 1049/1049 1050/1050 1051/1051
f 1052/1052 1034/1034 1053/1053
f 1052/1052 1054/1054 411/411
f 1052/1052 411/411 1055/1055
f 1056/1056 1057/1057 1058/1058
f 1057/1057 1059/1059 1058/1058
f 1052/1052 1055/1055 1060/1060
f 1052/1052 1060/1060 1034/1034
f 1061/1061 1062/1062 1063/1063
f 1064/1064 1060/1060 1065/1065
f 1066/1066 1067/1067 1068/1068
f 1067/1067 1069/1069 1068/1068
f 1060/1060 1035/1035 1034/1034
f 1070/1070 1071/1071 1072/1072
f 1064/1064 1065/1065 993/993
f 1073/1073 1069/1069 1067/1067
f 1073/1073 1067/1067 1074/1074
f 1075/1075 1076/1076 1077/1077
f 1078/1078 1074/1074 1067/1067
f 356/356 1079/1079 357/357
f 357/357 1079/1079 369/369
f 1064/1064 993/993 1013/1013
f 1080/1080 1062/1062 1061/1061
f 411/411 1054/1054 1081/1081
f 1082/1082 1083/1083 1084/1084
f 1083/1083 1085/1085 1084/1084
f 1086/1086 1087/1087 1088/1088
f 1089/1089 1090/1090 1091/1091
f 1089/1089 1092/1092 1090/1090
f 1093/1093 1094/1094 1095/1095
f 1094/1094 1096/1096 1095/1095
f 1097/1097 1098/1098 1099/1099
f 1100/1100 1101/1101 411/411
f 1102/1102 1103/1103 1104/1104
f 1098/1098 1105/1105 1099/1099
f 1106/1106 1107/1107 1108/1108
f 1109/1109 1110/1110 1111/1111
f 1112/1112 1113/1113 1114/1114
f 1109/1109 1115/1115 1110/1110
f 1116/1116 1117/1117 1118/1118
f 1088/1088 1119/1119 1120/1120
f 1121/1121 1115/1115 1122/1122
f 1119/1119 1123/1123 1120/1120
f 1124/1124 1125/1125 1106/1106
f 1126/1126 1127/1127 1128/1128
f 1117/1117 1129/1129 1118/1118
f 1130/1130 1131/1131 1132/1132
f 1127/1127 1133/1133 1128/1128
f 1134/1134 1135/1135 1136/1136
f 1137/1137 1138/1138 1139/1139
f 1140/1140 1138/1138 1137/1137
f 1134/1134 1141/1141 1135/1135
f 1142/1142 1143/1143 1144/1144
f 1141/1141 1145/1145 1135/1135
f 1141/1141 1146/1146 1145/1145
f 1147/1147 1142/1142 1148/1148
f 1149/1149 1146/1146 1141/1141
f 1142/1142 1144/1144 1148/1148
f 1150/1150 1144/1144 1143/1143
f 1151/1151 1144/1144 1150/1150
f 1151/1151 1152/1152 1144/1144
f 1152/1152 1148/1148 1144/1144
f 1153/1153 1154/1154 1155/1155
f 1153/1153 1155/1155 1156/1156
f 1153/1153 1157/1157 1154/1154
f 1158/1158 1119/1119 1159/1159
f 1160/1160 1161/1161 1162/1162
f 1161/1161 1163/1163 1162/1162
f 1164/1164 1160/1160 1162/1162
f 1165/1165 1166/1166 1167/1167
f 1168/1168 1169/1169 1170/1170
f 1171/1171 1168/1168 1170/1170
f 1165/1165 1172/1172 1166/1166
f 1173/1173 1174/1174 1175/1175
f 1174/1174 1176/1176 1175/1175
f 1172/1172 1177/1177 1166/1166
f 1178/1178 1179/1179 1180/1180
f 1177/1177 1181/1181 1166/1166
f 1182/1182 1178/1178 1180/1180
f 1183/1183 1184/1184 1185/1185
f 1186/1186 1181/1181 1187/1187
f 1184/1184 1188/1188 1185/1185
f 1166/1166 1181/1181 1186/1186
f 1189/1189 1190/1190 1191/1191
f 1192/1192 1193/1193 1194/1194
f 1186/1186 1195/1195 930/930
f 1196/1196 1197/1197 1186/1186
f 1197/1197 1198/1198 1186/1186
f 1198/1198 1195/1195 1186/1186
f 1196/1196 1186/1186 1199/1199
f 1199/1199 1186/1186 1187/1187
f 930/930 1195/1195 1200/1200
f 1201/1201 1202/1202 1203/1203
f 1204/1204 1205/1205 1206/1206
f 1200/1200 936/936 930/930
f 936/936 1200/1200 1207/1207
f 1208/1208 1209/1209 1210/1210
f 1205/1205 1211/1211 1206/1206
f 1209/1209 1212/1212 1210/1210
f 1213/1213 1214/1214 1215/1215
f 1216/1216 1213/1213 1215/1215
f 1217/1217 1218/1218 1219/1219
f 1220/1220 1221/1221 806/806
f 1221/1221 1222/1222 806/806
f 1223/1223 1215/1215 1025/1025
f 1215/1215 1224/1224 1216/1216
f 1215/1215 1214/1214 1025/1025
f 1225/1225 1226/1226 1227/1227
f 1228/1228 1229/1229 1230/1230
f 1231/1231 1232/1232 1233/1233
f 1227/1227 1234/1234 1225/1225
f 1235/1235 1236/1236 1237/1237
f 1238/1238 1231/1231 1233/1233
f 1239/1239 1240/1240 1241/1241
f 1242/1242 1025/1025 1214/1214
f 1243/1243 1119/1119 1225/1225
f 1244/1244 1245/1245 1214/1214
f 1246/1246 1247/1247 1236/1236
f 1248/1248 1249/1249 1250/1250
f 1237/1237 1236/1236 1251/1251
f 1252/1252 1253/1253 1254/1254
f 1236/1236 1222/1222 1251/1251
f 1202/1202 1255/1255 1203/1203
f 1256/1256 1252/1252 1254/1254
f 1257/1257 1217/1217 1219/1219
f 1223/1223 1258/1258 1259/1259
f 1260/1260 1261/1261 806/806
f 1262/1262 1263/1263 1264/1264
f 1260/1260 806/806 805/805
f 1265/1265 1223/1223 1025/1025
f 1265/1265 1266/1266 1223/1223
f 1267/1267 1268/1268 1269/1269
f 1270/1270 1267/1267 1269/1269
f 1271/1271 1262/1262 1264/1264
f 988/988 1272/1272 989/989
f 1273/1273 1272/1272 988/988
f 1274/1274 1275/1275 1276/1276
f 1273/1273 1277/1277 1278/1278
f 1273/1273 988/988 1277/1277
f 1279/1279 1280/1280 1281/1281
f 1277/1277 936/936 1207/1207
f 1277/1277 1207/1207 1278/1278
f 1282/1282 1279/1279 1281/1281
f 1283/1283 1284/1284 1285/1285
f 1286/1286 1287/1287 1288/1288
f 1275/1275 1289/1289 1276/1276
f 1290/1290 806/806 1261/1261
f 1287/1287 1291/1291 1288/1288
f 1290/1290 1220/1220 806/806
f 1292/1292 1239/1239 1241/1241
f 806/806 1222/1222 1236/1236
f 1293/1293 1248/1248 1250/1250
f 1247/1247 1294/1294 1236/1236
f 1295/1295 1190/1190 1189/1189
f 1236/1236 1294/1294 1155/1155
f 1296/1296 1193/1193 1192/1192
f 1297/1297 1298/1298 1299/1299
f 1245/1245 1300/1300 1301/1301
f 1302/1302 1155/1155 1303/1303
f 1159/1159 1119/1119 1243/1243
f 1304/1304 1305/1305 1306/1306
f 1304/1304 1306/1306 1307/1307
f 1308/1308 1309/1309 1310/1310
f 1146/1146 1166/1166 1145/1145
f 1307/1307 1306/1306 1311/1311
f 1306/1306 1312/1312 1311/1311
f 1306/1306 1313/1313 1312/1312
f 1306/1306 1305/1305 1313/1313
f 1314/1314 1115/1115 1315/1315
f 1316/1316 1317/1317 1318/1318
f 1154/1154 1315/1315 1155/1155
f 1319/1319 1320/1320 1297/1297
f 1321/1321 1148/1148 1152/1152
f 1321/1321 1147/1147 1148/1148
f 1167/1167 1146/1146 1149/1149
f 1157/1157 1314/1314 1154/1154
f 1101/1101 1135/1135 411/411
f 1322/1322 1323/1323 1324/1324
f 1325/1325 1113/1113 1316/1316
f 1025/1025 1242/1242 1108/1108
f 1326/1326 1323/1323 1322/1322
f 1108/1108 1327/1327 1025/1025
f 1328/1328 1055/1055 411/411
f 379/379 1329/1329 380/380
f 1330/1330 1070/1070 1072/1072
f 1327/1327 1331/1331 1025/1025
f 1109/1109 1332/1332 1333/1333
f 1331/1331 1334/1334 1025/1025
f 1109/1109 1333/1333 1335/1335
f 1335/1335 1336/1336 1337/1337
f 1335/1335 1337/1337 1109/1109
f 1338/1338 1041/1041 1040/1040
f 1089/1089 1339/1339 1022/1022
f 1021/1021 1022/1022 1339/1339
f 1337/1337 1336/1336 1340/1340
f 1039/1039 1338/1338 1040/1040
f 1341/1341 1342/1342 1343/1343
f 1024/1024 1344/1344 1025/1025
f 1109/1109 1018/1018 1020/1020
f 1109/1109 1020/1020 465/465
f 1017/1017 1016/1016 1345/1345
f 1346/1346 1006/1006 1008/1008
f 1347/1347 1283/1283 1285/1285
f 965/965 1348/1348 1349/1349
f 1349/1349 1348/1348 1350/1350
f 1350/1350 1348/1348 351/351
f 1351/1351 975/975 977/977
f 350/350 1350/1350 351/351
f 1352/1352 1353/1353 1354/1354
f 1355/1355 1352/1352 1354/1354
f 1356/1356 1357/1357 1358/1358
f 1357/1357 1359/1359 1358/1358
f 1360/1360 1361/1361 1362/1362
f 1360/1360 1362/1362 1363/1363
f 1364/1364 1360/1360 1363/1363
f 1365/1365 1366/1366 1367/1367
f 1364/1364 1363/1363 1368/1368
f 1369/1369 1370/1370 1371/1371
f 1366/1366 1372/1372 1367/1367
f 1370/1370 1373/1373 1371/1371
f 1374/1374 909/909 910/910
f 1374/1374 910/910 954/954
f 953/953 1374/1374 954/954
f 1375/1375 1364/1364 1368/1368
f 1376/1376 1377/1377 1378/1378
f 1377/1377 1379/1379 1378/1378
f 1380/1380 1381/1381 1382/1382
f 1381/1381 1383/1383 1382/1382
f 1361/1361 304/304 1362/1362
f 1384/1384 1385/1385 1386/1386
f 965/965 1349/1349 959/959
f 944/944 971/971 945/945
f 1387/1387 917/917 919/919
f 1388/1388 1389/1389 1390/1390
f 1388/1388 1390/1390 1391/1391
f 846/846 838/838 930/930
f 1392/1392 1393/1393 1394/1394
f 932/932 846/846 930/930
f 1192/1192 1395/1395 1396/1396
f 1397/1397 1398/1398 1399/1399
f 1400/1400 1395/1395 1192/1192
f 1388/1388 1391/1391 1401/1401
f 1388/1388 1402/1402 1389/1389
f 1388/1388 1403/1403 1402/1402
f 1388/1388 1404/1404 1403/1403
f 1388/1388 1405/1405 1404/1404
f 1388/1388 1406/1406 1405/1405
f 1407/1407 1393/1393 1392/1392
f 1408/1408 1409/1409 1410/1410
f 1411/1411 1397/1397 1399/1399
f 1405/1405 1406/1406 1412/1412
f 1409/1409 1413/1413 1410/1410
f 1414/1414 1415/1415 1416/1416
f 1417/1417 1418/1418 1419/1419
f 1420/1420 1421/1421 1422/1422
f 1423/1423 1414/1414 1424/1424
f 1425/1425 1426/1426 1427/1427
f 1421/1421 1428/1428 1422/1422
f 1426/1426 1429/1429 1427/1427
f 1430/1430 1431/1431 1432/1432
f 1433/1433 1405/1405 1412/1412
f 1434/1434 1435/1435 1405/1405
f 1436/1436 1437/1437 1438/1438
f 1437/1437 1439/1439 1438/1438
f 1434/1434 1440/1440 1435/1435
f 1435/1435 1440/1440 1441/1441
f 1442/1442 1439/1439 1437/1437
f 1443/1443 1444/1444 1445/1445
f 1446/1446 1447/1447 1448/1448
f 1435/1435 1441/1441 1449/1449
f 1450/1450 1435/1435 1449/1449
f 1450/1450 1451/1451 1435/1435
f 1452/1452 1451/1451 1450/1450
f 1453/1453 1454/1454 1452/1452
f 1452/1452 1454/1454 1451/1451
f 1454/1454 1455/1455 1456/1456
f 1456/1456 1451/1451 1454/1454
f 1453/1453 1455/1455 1454/1454
f 1457/1457 1458/1458 1443/1443
f 1458/1458 1459/1459 1443/1443
f 1459/1459 1460/1460 1443/1443
f 1456/1456 1455/1455 1461/1461
f 1455/1455 1462/1462 1461/1461
f 1455/1455 1453/1453 1462/1462
f 1461/1461 1462/1462 1463/1463
f 1464/1464 1463/1463 1465/1465
f 1461/1461 1463/1463 1464/1464
f 1464/1464 1465/1465 1466/1466
f 1466/1466 1465/1465 1467/1467
f 1468/1468 1469/1469 1466/1466
f 1468/1468 1466/1466 1470/1470
f 1471/1471 1472/1472 1473/1473
f 1466/1466 1467/1467 1470/1470
f 1474/1474 1471/1471 1473/1473
f 1469/1469 1464/1464 1466/1466
f 1456/1456 1464/1464 1469/1469
f 1475/1475 1476/1476 1477/1477
f 1478/1478 1475/1475 1477/1477
f 1479/1479 1480/1480 1481/1481
f 1482/1482 1483/1483 1484/1484
f 1482/1482 1485/1485 1483/1483
f 1486/1486 1487/1487 1488/1488
f 1486/1486 1488/1488 1489/1489
f 1486/1486 1489/1489 1490/1490
f 1491/1491 1486/1486 1490/1490
f 1492/1492 1486/1486 1491/1491
f 1493/1493 1419/1419 1494/1494
f 1482/1482 1484/1484 1495/1495
f 1495/1495 1496/1496 1482/1482
f 1496/1496 1497/1497 1482/1482
f 1498/1498 1499/1499 1500/1500
f 1501/1501 1482/1482 1502/1502
f 1497/1497 1502/1502 1482/1482
f 1503/1503 1504/1504 1484/1484
f 1505/1505 1506/1506 1507/1507
f 1484/1484 1504/1504 1495/1495
f 1484/1484 1508/1508 1509/1509
f 1510/1510 1511/1511 1512/1512
f 1513/1513 1514/1514 1515/1515
f 1513/1513 1516/1516 1514/1514
f 1516/1516 1517/1517 1514/1514
f 1517/1517 1518/1518 1514/1514
f 1519/1519 1520/1520 1521/1521
f 1522/1522 1519/1519 1521/1521
f 1523/1523 1510/1510 1512/1512
f 1483/1483 1524/1524 1484/1484
f 1525/1525 1526/1526 1527/1527
f 1528/1528 1529/1529 1530/1530
f 1527/1527 1531/1531 1532/1532
f 1527/1527 1526/1526 1531/1531
f 1532/1532 1531/1531 1533/1533
f 1534/1534 1535/1535 1536/1536
f 1526/1526 1537/1537 1531/1531
f 1535/1535 1538/1538 1536/1536
f 1531/1531 1539/1539 1533/1533
f 1531/1531 1537/1537 1539/1539
f 1540/1540 1536/1536 1538/1538
f 1541/1541 1542/1542 1543/1543
f 1544/1544 1545/1545 1546/1546
f 1547/1547 1541/1541 1543/1543
f 1547/1547 1543/1543 1548/1548
f 1549/1549 1546/1546 1545/1545
f 1534/1534 1536/1536 1550/1550
f 1547/1547 1548/1548 1551/1551
f 1549/1549 1545/1545 1552/1552
f 1534/1534 1550/1550 1553/1553
f 1552/1552 1554/1554 1549/1549
f 1552/1552 1555/1555 1554/1554
f 1556/1556 1554/1554 1555/1555
f 1556/1556 1555/1555 1557/1557
f 1556/1556 1557/1557 1558/1558
f 1513/1513 1559/1559 1516/1516
f 1559/1559 1560/1560 1517/1517
f 1559/1559 1517/1517 1516/1516
f 1560/1560 1561/1561 1517/1517
f 1560/1560 1562/1562 1561/1561
f 1517/1517 1561/1561 1518/1518
f 1518/1518 1561/1561 1563/1563
f 1564/1564 1565/1565 1566/1566
f 1565/1565 1567/1567 1566/1566
f 1561/1561 1562/1562 1568/1568
f 1561/1561 1568/1568 1563/1563
f 1567/1567 1472/1472 1566/1566
f 1567/1567 1569/1569 1472/1472
f 1518/1518 1563/1563 1570/1570
f 1568/1568 1571/1571 1563/1563
f 1570/1570 1563/1563 1571/1571
f 1570/1570 1571/1571 1572/1572
f 1573/1573 1574/1574 1575/1575
f 1576/1576 1575/1575 1574/1574
f 1569/1569 1473/1473 1472/1472
f 1573/1573 1575/1575 1577/1577
f 1577/1577 1578/1578 1579/1579
f 1577/1577 1579/1579 1573/1573
f 1580/1580 1578/1578 1581/1581
f 1580/1580 1579/1579 1578/1578
f 1582/1582 1583/1583 1490/1490
f 1581/1581 1584/1584 1580/1580
f 1491/1491 1490/1490 1583/1583
f 1585/1585 1586/1586 1587/1587
f 1493/1493 1587/1587 1588/1588
f 1493/1493 1585/1585 1587/1587
f 1589/1589 1590/1590 1591/1591
f 1588/1588 1592/1592 1493/1493
f 1593/1593 1594/1594 1443/1443
f 1492/1492 1591/1591 1414/1414
f 1594/1594 1595/1595 1443/1443
f 1591/1591 1596/1596 1597/1597
f 1592/1592 1598/1598 1599/1599
f 1591/1591 1590/1590 1596/1596
f 1591/1591 1424/1424 1414/1414
f 1600/1600 1601/1601 1602/1602
f 1436/1436 1600/1600 1437/1437
f 1600/1600 1602/1602 1437/1437
f 1603/1603 1468/1468 1604/1604
f 1468/1468 1470/1470 1604/1604
f 1470/1470 1605/1605 1604/1604
f 1566/1566 1606/1606 1564/1564
f 1603/1603 1604/1604 1607/1607
f 1607/1607 1604/1604 1605/1605
f 1606/1606 1608/1608 1564/1564
f 1603/1603 1607/1607 1609/1609
f 1607/1607 1610/1610 1609/1609
f 1607/1607 1605/1605 1611/1611
f 1607/1607 1611/1611 1610/1610
f 1612/1612 1609/1609 1610/1610
f 1612/1612 1613/1613 1526/1526
f 1612/1612 1526/1526 1614/1614
f 1612/1612 1614/1614 1609/1609
f 1615/1615 1616/1616 1617/1617
f 1553/1553 1615/1615 1617/1617
f 1616/1616 1564/1564 1617/1617
f 1525/1525 1614/1614 1526/1526
f 1609/1609 1614/1614 1525/1525
f 1608/1608 1617/1617 1564/1564
f 1617/1617 1534/1534 1553/1553
f 1526/1526 1613/1613 1537/1537
f 1603/1603 1609/1609 1525/1525
f 1470/1470 1467/1467 1605/1605
f 1515/1515 1551/1551 1513/1513
f 1515/1515 1547/1547 1551/1551
f 1542/1542 1618/1618 1619/1619
f 1620/1620 1618/1618 1542/1542
f 1620/1620 1621/1621 1618/1618
f 1620/1620 1542/1542 1541/1541
f 1620/1620 1541/1541 1622/1622
f 1623/1623 1620/1620 1622/1622
f 1624/1624 1540/1540 1538/1538
f 1538/1538 1625/1625 1624/1624
f 1626/1626 1627/1627 1624/1624
f 1621/1621 1620/1620 1623/1623
f 1625/1625 1626/1626 1624/1624
f 1628/1628 1629/1629 1630/1630
f 1631/1631 1630/1630 1629/1629
f 1632/1632 1627/1627 1626/1626
f 1633/1633 1628/1628 1630/1630
f 1633/1633 1630/1630 1634/1634
f 1631/1631 1634/1634 1630/1630
f 1532/1532 1629/1629 1628/1628
f 1635/1635 1636/1636 1637/1637
f 1638/1638 1639/1639 1640/1640
f 1636/1636 1641/1641 1637/1637
f 1642/1642 1628/1628 1633/1633
f 1639/1639 1643/1643 1640/1640
f 1644/1644 1645/1645 1646/1646
f 1647/1647 1648/1648 1642/1642
f 1649/1649 1644/1644 1646/1646
f 1647/1647 1642/1642 1650/1650
f 1642/1642 1633/1633 1650/1650
f 1651/1651 1652/1652 1653/1653
f 1654/1654 1623/1623 1622/1622
f 1654/1654 1655/1655 1656/1656
f 1654/1654 1656/1656 1657/1657
f 1658/1658 1659/1659 1660/1660
f 1659/1659 1661/1661 1660/1660
f 1654/1654 1662/1662 1655/1655
f 1654/1654 1657/1657 1623/1623
f 1653/1653 1663/1663 1651/1651
f 1664/1664 1662/1662 1665/1665
f 1666/1666 1667/1667 1668/1668
f 1669/1669 1670/1670 1671/1671
f 1670/1670 1672/1672 1671/1671
f 1664/1664 1655/1655 1662/1662
f 1673/1673 1667/1667 1666/1666
f 1674/1674 1675/1675 1676/1676
f 1677/1677 1678/1678 1504/1504
f 1679/1679 1680/1680 1681/1681
f 1682/1682 1679/1679 1681/1681
f 1683/1683 1684/1684 1685/1685
f 1686/1686 1687/1687 1688/1688
f 1683/1683 1689/1689 1684/1684
f 1690/1690 1691/1691 1692/1692
f 1693/1693 1690/1690 1692/1692
f 1687/1687 1694/1694 1688/1688
f 1683/1683 1695/1695 1689/1689
f 1689/1689 1695/1695 1696/1696
f 1697/1697 1698/1698 1699/1699
f 1700/1700 1701/1701 1702/1702
f 1678/1678 1703/1703 1495/1495
f 1700/1700 1702/1702 1675/1675
f 1674/1674 1700/1700 1675/1675
f 1701/1701 1704/1704 1702/1702
f 1705/1705 1706/1706 1707/1707
f 1707/1707 1706/1706 1708/1708
f 1709/1709 1710/1710 1711/1711
f 1712/1712 1713/1713 1714/1714
f 1715/1715 1704/1704 1716/1716
f 1716/1716 1704/1704 1717/1717
f 1717/1717 1704/1704 1701/1701
f 1718/1718 1709/1709 1711/1711
f 1719/1719 1712/1712 1714/1714
f 1696/1696 1695/1695 1720/1720
f 1721/1721 1696/1696 1720/1720
f 1721/1721 1720/1720 1722/1722
f 1720/1720 1723/1723 1722/1722
f 1724/1724 1725/1725 1726/1726
f 1725/1725 1727/1727 1726/1726
f 1728/1728 1723/1723 1729/1729
f 1722/1722 1723/1723 1728/1728
f 1730/1730 1728/1728 1729/1729
f 1731/1731 1732/1732 1733/1733
f 1734/1734 1735/1735 1736/1736
f 1737/1737 1735/1735 1734/1734
f 1738/1738 1739/1739 1496/1496
f 1740/1740 1741/1741 1742/1742
f 1731/1731 1733/1733 1743/1743
f 1715/1715 1740/1740 1742/1742
f 1715/1715 1716/1716 1740/1740
f 1699/1699 1744/1744 1745/1745
f 1746/1746 1747/1747 1748/1748
f 1749/1749 1750/1750 1751/1751
f 1752/1752 1753/1753 1745/1745
f 1742/1742 1754/1754 1755/1755
f 1756/1756 1747/1747 1746/1746
f 1757/1757 1758/1758 1759/1759
f 1754/1754 1760/1760 1755/1755
f 1761/1761 1762/1762 1763/1763
f 1755/1755 1760/1760 1764/1764
f 1765/1765 1766/1766 1767/1767
f 1768/1768 1764/1764 1769/1769
f 1770/1770 1771/1771 1772/1772
f 1764/1764 1768/1768 1773/1773
f 1774/1774 1764/1764 1773/1773
f 1775/1775 1776/1776 1777/1777
f 1778/1778 1765/1765 1767/1767
f 1779/1779 1775/1775 1777/1777
f 1780/1780 1781/1781 1782/1782
f 1783/1783 1784/1784 1782/1782
f 1782/1782 1784/1784 1785/1785
f 1786/1786 1780/1780 1782/1782
f 1786/1786 1782/1782 1785/1785
f 1787/1787 1788/1788 1789/1789
f 1790/1790 1791/1791 1792/1792
f 1786/1786 1785/1785 1793/1793
f 1794/1794 1786/1786 1793/1793
f 1790/1790 1792/1792 1795/1795
f 1796/1796 1794/1794 1797/1797
f 1794/1794 1793/1793 1797/1797
f 1789/1789 1788/1788 1798/1798
f 1799/1799 1800/1800 1801/1801
f 1802/1802 1803/1803 1497/1497
f 1804/1804 1805/1805 1806/1806
f 1807/1807 1808/1808 1809/1809
f 1804/1804 1806/1806 1810/1810
f 1769/1769 1804/1804 1810/1810
f 1811/1811 1802/1802 1497/1497
f 1812/1812 1813/1813 1814/1814
f 1815/1815 1816/1816 1817/1817
f 1769/1769 1810/1810 1768/1768
f 1814/1814 1818/1818 1819/1819
f 1820/1820 1821/1821 1822/1822
f 1821/1821 1823/1823 1822/1822
f 1824/1824 1825/1825 1826/1826
f 1827/1827 1774/1774 1828/1828
f 1774/1774 1773/1773 1828/1828
f 1826/1826 1829/1829 1830/1830
f 1831/1831 1826/1826 1830/1830
f 1827/1827 1828/1828 1832/1832
f 1826/1826 1833/1833 1829/1829
f 1834/1834 1835/1835 1836/1836
f 1831/1831 1837/1837 1826/1826
f 1838/1838 1839/1839 1840/1840
f 1841/1841 1838/1838 1840/1840
f 1837/1837 1824/1824 1826/1826
f 1842/1842 1843/1843 1844/1844
f 1845/1845 1843/1843 1842/1842
f 1846/1846 1847/1847 1848/1848
f 1849/1849 1850/1850 1851/1851
f 1852/1852 1845/1845 1842/1842
f 1852/1852 1842/1842 1853/1853
f 1854/1854 1855/1855 1856/1856
f 1497/1497 1857/1857 1502/1502
f 1858/1858 1843/1843 1845/1845
f 1858/1858 1845/1845 1859/1859
f 1860/1860 1861/1861 1862/1862
f 1863/1863 1864/1864 1865/1865
f 1866/1866 1863/1863 1865/1865
f 1861/1861 1867/1867 1862/1862
f 1868/1868 1869/1869 1870/1870
f 1869/1869 1871/1871 1870/1870
f 1391/1391 1872/1872 1873/1873
f 1872/1872 1874/1874 1873/1873
f 1872/1872 1796/1796 1874/1874
f 1875/1875 1876/1876 1877/1877
f 1796/1796 1797/1797 1874/1874
f 1850/1850 1878/1878 1851/1851
f 1855/1855 1879/1879 1856/1856
f 1858/1858 1859/1859 1880/1880
f 1881/1881 1882/1882 1883/1883
f 1882/1882 1884/1884 1883/1883
f 1885/1885 1886/1886 1887/1887
f 1888/1888 1889/1889 1890/1890
f 1889/1889 1891/1891 1890/1890
f 1391/1391 1873/1873 1401/1401
f 1892/1892 1401/1401 1873/1873
f 1847/1847 1893/1893 1848/1848
f 1894/1894 1895/1895 1896/1896
f 1895/1895 1897/1897 1896/1896
f 1898/1898 1401/1401 1892/1892
f 1899/1899 1900/1900 1901/1901
f 1900/1900 1902/1902 1901/1901
f 1903/1903 1401/1401 1898/1898
f 1904/1904 1905/1905 1843/1843
f 1904/1904 1843/1843 1906/1906
f 1907/1907 1908/1908 1909/1909
f 1909/1909 1910/1910 1907/1907
f 1911/1911 1912/1912 1913/1913
f 1843/1843 1914/1914 1906/1906
f 1915/1915 1916/1916 1917/1917
f 1916/1916 1918/1918 1917/1917
f 1912/1912 1919/1919 1913/1913
f 1920/1920 1401/1401 1921/1921
f 1921/1921 1401/1401 1903/1903
f 1922/1922 1923/1923 1924/1924
f 1923/1923 1925/1925 1924/1924
f 1926/1926 1401/1401 1920/1920
f 1927/1927 1928/1928 1929/1929
f 1928/1928 1930/1930 1929/1929
f 1926/1926 1931/1931 1932/1932
f 1933/1933 1926/1926 1932/1932
f 1933/1933 1934/1934 1926/1926
f 1935/1935 1401/1401 1926/1926
f 1926/1926 1934/1934 1936/1936
f 1937/1937 1926/1926 1936/1936
f 1938/1938 1939/1939 1940/1940
f 1926/1926 1941/1941 1942/1942
f 1935/1935 1926/1926 1942/1942
f 1943/1943 1944/1944 1945/1945
f 1946/1946 1947/1947 1948/1948
f 1949/1949 1947/1947 1946/1946
f 1950/1950 1951/1951 1952/1952
f 1950/1950 1952/1952 1843/1843
f 1953/1953 1943/1943 1945/1945
f 1952/1952 1951/1951 1954/1954
f 1955/1955 1956/1956 1957/1957
f 1958/1958 1959/1959 1960/1960
f 1961/1961 1962/1962 1963/1963
f 1962/1962 1964/1964 1963/1963
f 1956/1956 1965/1965 1957/1957
f 1966/1966 1967/1967 1968/1968
f 1969/1969 1970/1970 1952/1952
f 1967/1967 1971/1971 1968/1968
f 1972/1972 1973/1973 1974/1974
f 1952/1952 1970/1970 1975/1975
f 1973/1973 1976/1976 1974/1974
f 1977/1977 1959/1959 1978/1978
f 1979/1979 1980/1980 1981/1981
f 1980/1980 1982/1982 1981/1981
f 1983/1983 1984/1984 1952/1952
f 1985/1985 1986/1986 1987/1987
f 1988/1988 1984/1984 1989/1989
f 1952/1952 1984/1984 1988/1988
f 1989/1989 1984/1984 1990/1990
f 1990/1990 1984/1984 1991/1991
f 1992/1992 1993/1993 1994/1994
f 1995/1995 1984/1984 1996/1996
f 1997/1997 1998/1998 1999/1999
f 1986/1986 2000/2000 1987/1987
f 2001/2001 1998/1998 1997/1997
f 1996/1996 1984/1984 2002/2002
f 2003/2003 2001/2001 1997/1997
f 2004/2004 1996/1996 2002/2002
f 2004/2004 2002/2002 2005/2005
f 2006/2006 2004/2004 2005/2005
f 2007/2007 2008/2008 2005/2005
f 2009/2009 2007/2007 2005/2005
f 2003/2003 1997/1997 2010/2010
f 2006/2006 2005/2005 2011/2011
f 2012/2012 2013/2013 2014/2014
f 2015/2015 2016/2016 2017/2017
f 2018/2018 2019/2019 2005/2005
f 2019/2019 2020/2020 2005/2005
f 2018/2018 2005/2005 2008/2008
f 2021/2021 2016/2016 2015/2015
f 2022/2022 2023/2023 2024/2024
f 2025/2025 2023/2023 2022/2022
f 2010/2010 1997/1997 2026/2026
f 2027/2027 2023/2023 2028/2028
f 2024/2024 2023/2023 2029/2029
f 2029/2029 2023/2023 2030/2030
f 2030/2030 2023/2023 2031/2031
f 2031/2031 2023/2023 2032/2032
f 2032/2032 2023/2023 2027/2027
f 2033/2033 2034/2034 2035/2035
f 2036/2036 2037/2037 2038/2038
f 2034/2034 2039/2039 2035/2035
f 2040/2040 2027/2027 2041/2041
f 2042/2042 2043/2043 2044/2044
f 2045/2045 2046/2046 2042/2042
f 2037/2037 2047/2047 2038/2038
f 2048/2048 2049/2049 2050/2050
f 2045/2045 2051/2051 2046/2046
f 2052/2052 2053/2053 2054/2054
f 2055/2055 2056/2056 2057/2057
f 2055/2055 2058/2058 2056/2056
f 2059/2059 2055/2055 2057/2057
f 2006/2006 2060/2060 2061/2061
f 2062/2062 2063/2063 2064/2064
f 2064/2064 2063/2063 2065/2065
f 2053/2053 2066/2066 2054/2054
f 2067/2067 2068/2068 2069/2069
f 2070/2070 2071/2071 2072/2072
f 2067/2067 2073/2073 2068/2068
f 2074/2074 2070/2070 2072/2072
f 2075/2075 2076/2076 2077/2077
f 2078/2078 2079/2079 2080/2080
f 2078/2078 2080/2080 2081/2081
f 2082/2082 2083/2083 2084/2084
f 2085/2085 2075/2075 2077/2077
f 2086/2086 2087/2087 2088/2088
f 2089/2089 2090/2090 2082/2082
f 2091/2091 2089/2089 2082/2082
f 2091/2091 2082/2082 2084/2084
f 2092/2092 2093/2093 2094/2094
f 2093/2093 2095/2095 2094/2094
f 2096/2096 2097/2097 2098/2098
f 2091/2091 2099/2099 2089/2089
f 2100/2100 2096/2096 2098/2098
f 2101/2101 2102/2102 1830/1830
f 2103/2103 2104/2104 2105/2105
f 2106/2106 2103/2103 2105/2105
f 2107/2107 2108/2108 2109/2109
f 2108/2108 2110/2110 2109/2109
f 2102/2102 2111/2111 1830/1830
f 2112/2112 2104/2104 2103/2103
f 2106/2106 2113/2113 2103/2103
f 2103/2103 2113/2113 2114/2114
f 2115/2115 2116/2116 2117/2117
f 2118/2118 2119/2119 2120/2120
f 2119/2119 2121/2121 2120/2120
f 2122/2122 2123/2123 2124/2124
f 2125/2125 2112/2112 2126/2126
f 2125/2125 2104/2104 2112/2112
f 2127/2127 2122/2122 2124/2124
f 2128/2128 2129/2129 2130/2130
f 2131/2131 2132/2132 2133/2133
f 2128/2128 2130/2130 2134/2134
f 2135/2135 2136/2136 2130/2130
f 2134/2134 2130/2130 2136/2136
f 2130/2130 2137/2137 2135/2135
f 2137/2137 2099/2099 2135/2135
f 2138/2138 2139/2139 2140/2140
f 2141/2141 2142/2142 2143/2143
f 2144/2144 2145/2145 2146/2146
f 2139/2139 2147/2147 2140/2140
f 2148/2148 2147/2147 2139/2139
f 2148/2148 2139/2139 2149/2149
f 2150/2150 2149/2149 2139/2139
f 2138/2138 2150/2150 2139/2139
f 2151/2151 2152/2152 2153/2153
f 2154/2154 2153/2153 2152/2152
f 2155/2155 2156/2156 1830/1830
f 2157/2157 2158/2158 2159/2159
f 2160/2160 2155/2155 1830/1830
f 2161/2161 2162/2162 2163/2163
f 2164/2164 2151/2151 2165/2165
f 2165/2165 2151/2151 2166/2166
f 2151/2151 2153/2153 2166/2166
f 2158/2158 2167/2167 2159/2159
f 2162/2162 2168/2168 2163/2163
f 2169/2169 2170/2170 2171/2171
f 2170/2170 2172/2172 2171/2171
f 2173/2173 2128/2128 2174/2174
f 2173/2173 2175/2175 2128/2128
f 2176/2176 2173/2173 2177/2177
f 2175/2175 2173/2173 2176/2176
f 2178/2178 2179/2179 2176/2176
f 2180/2180 2181/2181 2182/2182
f 2178/2178 2176/2176 2177/2177
f 2183/2183 2184/2184 2185/2185
f 2183/2183 2185/2185 2186/2186
f 2175/2175 2176/2176 2187/2187
f 2129/2129 2175/2175 2187/2187
f 2188/2188 2189/2189 2190/2190
f 2191/2191 2192/2192 2185/2185
f 2184/2184 2193/2193 2185/2185
f 2191/2191 2185/2185 2193/2193
f 2165/2165 2126/2126 2194/2194
f 2195/2195 2196/2196 2197/2197
f 2132/2132 2198/2198 2133/2133
f 2199/2199 2194/2194 2200/2200
f 2199/2199 2200/2200 2201/2201
f 2202/2202 2196/2196 2195/2195
f 2199/2199 2201/2201 2164/2164
f 2181/2181 2203/2203 2182/2182
f 2204/2204 2205/2205 2201/2201
f 2201/2201 2205/2205 2206/2206
f 2164/2164 2201/2201 2206/2206
f 1829/1829 2207/2207 2208/2208
f 2209/2209 2205/2205 2204/2204
f 2210/2210 2211/2211 2212/2212
f 2213/2213 2214/2214 2215/2215
f 2214/2214 2216/2216 2215/2215
f 2209/2209 2204/2204 1827/1827
f 2217/2217 2218/2218 2219/2219
f 2218/2218 2220/2220 2219/2219
f 2221/2221 1783/1783 2222/2222
f 2223/2223 2224/2224 2225/2225
f 2179/2179 2226/2226 2222/2222
f 2222/2222 2226/2226 2227/2227
f 2221/2221 2222/2222 2227/2227
f 2228/2228 2229/2229 2230/2230
f 1836/1836 1835/1835 2231/2231
f 2232/2232 2211/2211 2210/2210
f 2228/2228 2233/2233 2229/2229
f 2178/2178 2226/2226 2179/2179
f 2128/2128 2175/2175 2129/2129
f 1829/1829 2208/2208 1830/1830
f 2208/2208 2160/2160 1830/1830
f 2174/2174 2136/2136 2234/2234
f 2235/2235 2236/2236 2237/2237
f 2174/2174 2134/2134 2136/2136
f 2165/2165 2166/2166 2126/2126
f 2126/2126 2166/2166 2153/2153
f 2125/2125 2126/2126 2153/2153
f 2125/2125 2153/2153 2154/2154
f 2136/2136 2238/2238 2234/2234
f 1830/1830 2239/2239 2101/2101
f 2240/2240 2141/2141 2143/2143
f 2089/2089 2099/2099 2137/2137
f 2114/2114 2113/2113 2241/2241
f 2242/2242 2114/2114 2241/2241
f 2243/2243 2244/2244 2245/2245
f 2117/2117 2116/2116 2246/2246
f 2247/2247 2243/2243 2245/2245
f 2248/2248 2090/2090 2249/2249
f 2248/2248 2249/2249 2250/2250
f 2249/2249 2090/2090 2089/2089
f 2251/2251 2252/2252 2253/2253
f 2254/2254 2251/2251 2253/2253
f 2255/2255 2256/2256 2250/2250
f 2250/2250 2256/2256 2257/2257
f 2248/2248 2250/2250 2257/2257
f 2258/2258 2259/2259 2242/2242
f 2260/2260 2261/2261 2262/2262
f 2259/2259 2263/2263 2264/2264
f 2258/2258 2263/2263 2259/2259
f 2265/2265 2260/2260 2262/2262
f 2266/2266 2267/2267 2268/2268
f 2269/2269 2270/2270 2271/2271
f 2272/2272 2264/2264 2263/2263
f 2273/2273 2274/2274 2275/2275
f 2276/2276 2277/2277 2278/2278
f 2279/2279 2276/2276 2278/2278
f 2280/2280 2266/2266 2268/2268
f 2281/2281 2273/2273 2275/2275
f 2282/2282 2255/2255 2283/2283
f 2282/2282 2283/2283 2284/2284
f 2282/2282 2256/2256 2255/2255
f 2285/2285 2286/2286 2287/2287
f 2283/2283 2288/2288 2284/2284
f 2286/2286 2289/2289 2287/2287
f 2290/2290 2291/2291 2292/2292
f 2293/2293 2288/2288 2283/2283
f 2294/2294 2288/2288 2293/2293
f 2295/2295 2296/2296 2297/2297
f 2296/2296 2298/2298 2297/2297
f 2294/2294 2293/2293 2299/2299
f 2300/2300 2301/2301 2302/2302
f 2303/2303 2304/2304 2305/2305
f 2306/2306 2303/2303 2305/2305
f 2301/2301 2307/2307 2302/2302
f 2306/2306 2305/2305 2264/2264
f 2308/2308 2304/2304 2303/2303
f 2271/2271 2309/2309 2310/2310
f 2311/2311 2312/2312 2313/2313
f 2314/2314 2291/2291 2290/2290
f 2311/2311 2315/2315 2312/2312
f 2294/2294 2299/2299 2316/2316
f 2299/2299 2317/2317 2316/2316
f 2318/2318 2319/2319 2320/2320
f 2321/2321 2319/2319 2318/2318
f 2322/2322 2323/2323 2324/2324
f 2325/2325 2326/2326 2327/2327
f 2328/2328 2329/2329 2330/2330
f 2331/2331 2332/2332 2333/2333
f 2325/2325 2304/2304 2326/2326
f 2326/2326 2304/2304 2308/2308
f 2325/2325 2327/2327 2334/2334
f 2335/2335 2336/2336 2337/2337
f 2338/2338 2339/2339 2340/2340
f 2339/2339 2341/2341 2340/2340
f 2342/2342 2335/2335 2337/2337
f 2343/2343 2344/2344 2345/2345
f 2343/2343 2345/2345 2317/2317
f 2299/2299 2343/2343 2317/2317
f 2344/2344 2346/2346 2345/2345
f 2347/2347 2348/2348 2349/2349
f 2330/2330 2329/2329 2350/2350
f 2347/2347 2351/2351 2348/2348
f 2352/2352 2353/2353 2354/2354
f 2355/2355 2356/2356 2346/2346
f 2346/2346 2344/2344 2355/2355
f 2357/2357 2358/2358 2359/2359
f 2355/2355 2360/2360 2356/2356
f 2361/2361 2357/2357 2359/2359
f 2344/2344 2362/2362 2355/2355
f 2363/2363 2364/2364 2365/2365
f 2366/2366 2367/2367 2368/2368
f 2369/2369 2370/2370 2371/2371
f 2372/2372 2373/2373 2371/2371
f 2374/2374 2368/2368 2375/2375
f 2376/2376 2377/2377 2368/2368
f 2367/2367 2378/2378 2368/2368
f 2379/2379 2380/2380 2381/2381
f 2327/2327 2379/2379 2381/2381
f 2368/2368 2382/2382 2375/2375
f 2368/2368 2383/2383 2382/2382
f 2384/2384 2385/2385 2386/2386
f 2387/2387 2363/2363 2365/2365
f 2327/2327 2381/2381 2334/2334
f 2373/2373 2388/2388 2369/2369
f 2389/2389 2390/2390 2391/2391
f 2392/2392 2393/2393 2394/2394
f 2395/2395 2396/2396 2397/2397
f 2398/2398 2399/2399 2400/2400
f 2399/2399 2401/2401 2400/2400
f 2393/2393 2402/2402 2394/2394
f 2403/2403 2404/2404 2405/2405
f 2405/2405 2404/2404 2406/2406
f 2407/2407 2408/2408 2409/2409
f 2410/2410 2406/2406 2411/2411
f 2406/2406 2404/2404 2411/2411
f 2412/2412 2407/2407 2409/2409
f 2410/2410 2411/2411 2413/2413
f 2360/2360 2410/2410 2413/2413
f 2414/2414 2415/2415 2416/2416
f 2417/2417 2418/2418 2419/2419
f 2418/2418 2420/2420 2419/2419
f 2421/2421 2422/2422 2423/2423
f 2360/2360 2413/2413 2356/2356
f 2424/2424 2425/2425 2426/2426
f 2424/2424 2426/2426 2427/2427
f 2324/2324 2428/2428 2429/2429
f 2430/2430 2421/2421 2423/2423
f 2426/2426 2425/2425 2431/2431
f 2424/2424 2427/2427 2389/2389
f 2432/2432 2433/2433 2333/2333
f 2427/2427 2434/2434 2389/2389
f 2435/2435 2436/2436 2437/2437
f 2433/2433 2438/2438 2333/2333
f 2439/2439 2440/2440 2434/2434
f 2441/2441 2442/2442 2443/2443
f 2442/2442 2444/2444 2443/2443
f 2436/2436 2445/2445 2437/2437
f 2434/2434 2440/2440 2389/2389
f 2007/2007 2440/2440 2446/2446
f 2447/2447 2440/2440 2007/2007
f 2448/2448 2449/2449 2450/2450
f 2451/2451 2452/2452 2453/2453
f 2446/2446 2440/2440 2454/2454
f 2454/2454 2440/2440 2455/2455
f 2455/2455 2440/2440 2456/2456
f 2456/2456 2440/2440 2439/2439
f 2453/2453 2452/2452 2457/2457
f 2449/2449 2458/2458 2450/2450
f 2459/2459 2022/2022 2460/2460
f 2461/2461 2462/2462 2463/2463
f 2462/2462 2464/2464 2463/2463
f 2459/2459 2465/2465 2022/2022
f 2466/2466 2467/2467 2468/2468
f 2467/2467 2469/2469 2468/2468
f 2022/2022 2465/2465 2470/2470
f 2471/2471 2472/2472 2473/2473
f 2474/2474 2475/2475 2476/2476
f 2472/2472 2477/2477 2473/2473
f 2478/2478 2479/2479 2480/2480
f 2481/2481 2007/2007 2482/2482
f 2483/2483 2484/2484 2485/2485
f 2007/2007 2486/2486 2482/2482
f 2487/2487 2488/2488 2489/2489
f 2490/2490 2491/2491 2492/2492
f 2488/2488 2493/2493 2489/2489
f 2025/2025 2022/2022 2494/2494
f 2022/2022 2495/2495 2494/2494
f 2496/2496 2497/2497 2498/2498
f 2497/2497 2499/2499 2498/2498
f 2500/2500 2495/2495 2022/2022
f 2501/2501 2502/2502 2480/2480
f 2007/2007 2503/2503 2504/2504
f 2447/2447 2007/2007 2504/2504
f 2505/2505 2506/2506 2460/2460
f 2505/2505 2460/2460 2507/2507
f 2508/2508 2507/2507 2460/2460
f 2022/2022 2509/2509 2460/2460
f 2460/2460 2509/2509 2510/2510
f 2508/2508 2460/2460 2510/2510
f 2506/2506 2404/2404 2460/2460
f 2511/2511 2512/2512 2513/2513
f 2514/2514 2515/2515 2516/2516
f 2512/2512 2517/2517 2513/2513
f 2518/2518 2519/2519 2520/2520
f 2521/2521 2518/2518 2520/2520
f 2522/2522 2514/2514 2516/2516
f 2523/2523 2524/2524 2525/2525
f 2526/2526 2527/2527 2528/2528
f 2527/2527 2529/2529 2528/2528
f 2530/2530 2531/2531 2532/2532
f 2438/2438 2530/2530 2532/2532
f 2531/2531 2533/2533 2532/2532
f 2438/2438 2532/2532 2268/2268
f 2532/2532 2057/2057 2268/2268
f 2532/2532 2534/2534 2057/2057
f 2535/2535 2523/2523 2525/2525
f 2411/2411 2404/2404 2506/2506
f 2333/2333 2438/2438 2268/2268
f 2536/2536 2537/2537 2538/2538
f 2539/2539 2404/2404 2540/2540
f 2537/2537 2541/2541 2538/2538
f 2540/2540 2404/2404 2542/2542
f 2542/2542 2404/2404 2543/2543
f 2543/2543 2404/2404 2403/2403
f 2544/2544 2545/2545 2546/2546
f 2547/2547 2544/2544 2546/2546
f 2548/2548 2549/2549 2550/2550
f 2551/2551 2552/2552 2553/2553
f 2552/2552 2554/2554 2553/2553
f 2555/2555 2556/2556 2372/2372
f 2557/2557 2558/2558 2559/2559
f 2560/2560 2561/2561 2562/2562
f 2389/2389 2557/2557 2559/2559
f 2561/2561 2563/2563 2562/2562
f 2389/2389 2559/2559 2564/2564
f 2565/2565 2566/2566 2567/2567
f 2566/2566 2568/2568 2567/2567
f 2565/2565 2569/2569 2566/2566
f 2539/2539 2566/2566 2570/2570
f 2566/2566 2569/2569 2570/2570
f 2539/2539 2540/2540 2566/2566
f 2571/2571 2572/2572 2573/2573
f 2572/2572 2574/2574 2573/2573
f 2575/2575 2568/2568 2566/2566
f 2576/2576 2577/2577 2578/2578
f 2579/2579 2568/2568 2575/2575
f 2580/2580 2581/2581 2582/2582
f 2583/2583 2558/2558 2584/2584
f 2583/2583 2584/2584 2585/2585
f 2577/2577 2586/2586 2578/2578
f 2584/2584 2558/2558 2587/2587
f 2581/2581 2588/2588 2582/2582
f 2587/2587 2558/2558 2589/2589
f 2590/2590 2591/2591 2592/2592
f 2589/2589 2558/2558 2593/2593
f 2594/2594 2590/2590 2592/2592
f 2595/2595 2596/2596 2597/2597
f 2598/2598 2599/2599 2600/2600
f 2601/2601 2595/2595 2597/2597
f 2602/2602 2603/2603 2604/2604
f 2605/2605 2602/2602 2604/2604
f 2606/2606 2607/2607 2608/2608
f 2609/2609 2558/2558 2557/2557
f 2583/2583 2585/2585 2610/2610
f 2611/2611 2612/2612 2613/2613
f 2613/2613 2612/2612 2614/2614
f 2579/2579 2575/2575 2615/2615
f 2616/2616 2615/2615 2575/2575
f 2617/2617 2618/2618 2619/2619
f 2620/2620 2621/2621 2622/2622
f 2623/2623 2615/2615 2624/2624
f 2624/2624 2615/2615 2625/2625
f 2625/2625 2615/2615 2616/2616
f 2626/2626 2627/2627 2628/2628
f 2629/2629 2630/2630 2631/2631
f 2632/2632 2630/2630 2629/2629
f 2633/2633 2634/2634 2635/2635
f 2636/2636 2637/2637 2610/2610
f 2638/2638 2639/2639 2640/2640
f 2610/2610 2637/2637 2641/2641
f 2642/2642 2643/2643 2633/2633
f 2644/2644 2645/2645 2646/2646
f 2647/2647 2648/2648 2636/2636
f 2636/2636 2610/2610 2649/2649
f 2650/2650 2651/2651 2372/2372
f 2374/2374 2652/2652 2633/2633
f 2646/2646 2645/2645 2653/2653
f 2638/2638 2640/2640 2654/2654
f 2655/2655 2656/2656 2657/2657
f 2652/2652 2642/2642 2633/2633
f 2658/2658 2659/2659 2660/2660
f 2661/2661 2662/2662 2663/2663
f 2664/2664 2665/2665 2666/2666
f 2667/2667 2666/2666 2648/2648
f 2667/2667 2668/2668 2666/2666
f 2669/2669 2670/2670 2671/2671
f 2672/2672 2673/2673 2674/2674
f 2675/2675 2668/2668 2667/2667
f 2675/2675 2664/2664 2668/2668
f 2676/2676 2677/2677 2678/2678
f 2677/2677 2679/2679 2678/2678
f 2680/2680 2681/2681 2682/2682
f 2681/2681 2683/2683 2682/2682
f 2675/2675 2684/2684 2685/2685
f 2675/2675 2685/2685 2664/2664
f 2686/2686 2687/2687 2688/2688
f 2684/2684 2689/2689 2690/2690
f 2691/2691 2692/2692 2693/2693
f 2694/2694 2691/2691 2693/2693
f 2684/2684 2695/2695 2685/2685
f 2696/2696 2697/2697 2698/2698
f 2699/2699 2700/2700 2701/2701
f 2695/2695 2665/2665 2685/2685
f 2698/2698 2697/2697 2702/2702
f 2703/2703 2704/2704 2705/2705
f 2706/2706 2707/2707 2708/2708
f 2709/2709 2707/2707 2706/2706
f 2659/2659 2710/2710 2660/2660
f 2690/2690 2711/2711 2712/2712
f 2703/2703 2713/2713 2704/2704
f 2714/2714 2715/2715 2716/2716
f 2717/2717 2718/2718 2719/2719
f 2720/2720 2704/2704 2721/2721
f 2704/2704 2713/2713 2721/2721
f 2722/2722 2723/2723 2724/2724
f 2722/2722 2724/2724 2725/2725
f 2726/2726 2727/2727 2728/2728
f 2722/2722 2725/2725 2729/2729
f 2730/2730 2731/2731 2732/2732
f 2733/2733 2726/2726 2728/2728
f 2734/2734 2723/2723 2735/2735
f 2736/2736 2737/2737 2738/2738
f 2739/2739 2724/2724 2723/2723
f 2734/2734 2739/2739 2723/2723
f 2739/2739 2740/2740 2724/2724
f 2739/2739 2741/2741 2740/2740
f 2734/2734 2741/2741 2739/2739
f 2742/2742 2743/2743 2744/2744
f 2743/2743 2745/2745 2744/2744
f 2746/2746 2747/2747 2748/2748
f 2747/2747 2749/2749 2748/2748
f 2746/2746 2748/2748 2750/2750
f 2751/2751 2752/2752 2744/2744
f 2753/2753 2751/2751 2744/2744
f 2754/2754 2748/2748 2749/2749
f 2754/2754 2755/2755 2748/2748
f 2756/2756 2744/2744 2752/2752
f 2756/2756 2742/2742 2744/2744
f 2744/2744 2757/2757 2753/2753
f 2744/2744 2758/2758 2757/2757
f 2748/2748 2755/2755 2750/2750
f 2759/2759 2760/2760 2761/2761
f 2761/2761 2760/2760 2762/2762
f 2689/2689 2761/2761 2762/2762
f 2763/2763 2764/2764 2765/2765
f 2766/2766 2767/2767 2768/2768
f 2769/2769 2770/2770 2771/2771
f 2760/2760 2770/2770 2769/2769
f 2772/2772 2773/2773 2774/2774
f 2773/2773 2766/2766 2774/2774
f 2775/2775 2766/2766 2773/2773
f 2769/2769 2776/2776 2777/2777
f 2778/2778 2779/2779 2780/2780
f 2737/2737 2781/2781 2738/2738
f 2782/2782 2783/2783 2784/2784
f 2785/2785 2786/2786 2787/2787
f 2769/2769 2771/2771 2776/2776
f 2785/2785 2788/2788 2786/2786
f 2789/2789 2790/2790 2786/2786
f 2789/2789 2786/2786 2791/2791
f 2786/2786 2788/2788 2791/2791
f 2790/2790 2787/2787 2786/2786
f 2792/2792 2777/2777 2793/2793
f 2780/2780 2794/2794 2795/2795
f 2796/2796 2797/2797 2782/2782
f 2798/2798 2799/2799 2800/2800
f 2794/2794 2801/2801 2795/2795
f 2802/2802 2798/2798 2800/2800
f 2803/2803 2804/2804 2805/2805
f 2801/2801 2806/2806 2807/2807
f 2808/2808 2809/2809 2804/2804
f 2810/2810 2811/2811 2375/2375
f 2812/2812 2813/2813 2814/2814
f 2815/2815 2816/2816 2817/2817
f 2818/2818 2819/2819 2817/2817
f 2817/2817 2819/2819 2820/2820
f 2817/2817 2820/2820 2815/2815
f 2821/2821 2812/2812 2814/2814
f 2822/2822 2823/2823 2824/2824
f 2823/2823 2825/2825 2824/2824
f 2826/2826 2818/2818 2827/2827
f 2818/2818 2826/2826 2819/2819
f 2828/2828 2829/2829 2830/2830
f 2819/2819 2826/2826 2831/2831
f 2832/2832 2828/2828 2830/2830
f 2819/2819 2831/2831 2833/2833
f 2834/2834 2835/2835 2836/2836
f 2837/2837 2831/2831 2838/2838
f 2834/2834 2836/2836 2839/2839
f 2840/2840 2841/2841 2842/2842
f 2843/2843 2840/2840 2842/2842
f 2844/2844 2845/2845 2846/2846
f 2847/2847 2848/2848 2833/2833
f 2833/2833 2848/2848 2849/2849
f 2820/2820 2833/2833 2849/2849
f 2819/2819 2833/2833 2820/2820
f 2845/2845 2850/2850 2846/2846
f 2851/2851 2852/2852 2853/2853
f 2847/2847 2854/2854 2848/2848
f 2847/2847 2855/2855 2854/2854
f 2856/2856 2855/2855 2847/2847
f 2857/2857 2858/2858 2859/2859
f 2857/2857 2859/2859 2860/2860
f 2853/2853 2852/2852 2861/2861
f 1683/1683 1685/1685 2856/2856
f 1685/1685 2862/2862 2856/2856
f 2856/2856 2862/2862 2855/2855
f 2863/2863 2864/2864 2865/2865
f 2866/2866 2864/2864 2863/2863
f 1685/1685 2867/2867 2862/2862
f 2868/2868 2869/2869 2870/2870
f 2862/2862 2871/2871 2872/2872
f 2862/2862 2872/2872 2855/2855
f 2873/2873 2871/2871 2862/2862
f 2874/2874 2868/2868 2870/2870
f 2874/2874 2870/2870 2875/2875
f 2876/2876 2874/2874 2875/2875
f 2877/2877 2878/2878 2879/2879
f 2864/2864 2878/2878 2877/2877
f 2880/2880 2881/2881 2867/2867
f 1648/1648 2881/2881 2880/2880
f 2864/2864 2877/2877 2865/2865
f 1648/1648 2882/2882 2881/2881
f 2876/2876 2875/2875 2883/2883
f 2884/2884 2879/2879 2878/2878
f 1647/1647 2882/2882 1648/1648
f 2885/2885 2882/2882 1647/1647
f 2886/2886 2876/2876 2883/2883
f 1647/1647 2887/2887 2885/2885
f 1647/1647 1650/1650 2887/2887
f 1650/1650 2888/2888 2887/2887
f 1650/1650 1633/1633 2888/2888
f 1633/1633 1634/1634 2888/2888
f 2855/2855 2872/2872 2889/2889
f 2855/2855 2889/2889 2854/2854
f 2854/2854 2889/2889 2890/2890
f 2854/2854 2890/2890 2848/2848
f 2890/2890 2849/2849 2848/2848
f 2890/2890 2891/2891 2849/2849
f 2849/2849 2891/2891 2892/2892
f 2893/2893 2892/2892 2894/2894
f 2849/2849 2892/2892 2893/2893
f 2893/2893 2894/2894 2895/2895
f 2895/2895 2894/2894 2896/2896
f 2896/2896 2897/2897 2898/2898
f 2895/2895 2896/2896 2898/2898
f 2897/2897 2741/2741 2734/2734
f 2899/2899 2900/2900 2901/2901
f 2898/2898 2897/2897 2734/2734
f 2902/2902 2900/2900 2899/2899
f 2903/2903 2904/2904 2905/2905
f 2906/2906 2907/2907 2908/2908
f 2909/2909 2910/2910 2911/2911
f 2912/2912 2913/2913 2772/2772
f 2774/2774 2912/2912 2772/2772
f 2913/2913 2914/2914 2915/2915
f 2913/2913 2915/2915 2772/2772
f 2914/2914 2916/2916 2917/2917
f 2914/2914 2917/2917 2915/2915
f 2918/2918 2919/2919 2920/2920
f 2916/2916 2921/2921 2917/2917
f 2920/2920 2919/2919 2922/2922
f 2920/2920 2922/2922 2923/2923
f 2923/2923 2922/2922 2924/2924
f 2925/2925 2926/2926 2927/2927
f 2923/2923 2924/2924 2928/2928
f 2924/2924 2929/2929 2928/2928
f 2930/2930 2928/2928 2929/2929
f 2930/2930 2923/2923 2928/2928
f 2931/2931 2932/2932 2933/2933
f 2932/2932 2934/2934 2933/2933
f 2864/2864 2866/2866 2934/2934
f 2926/2926 2935/2935 2927/2927
f 2930/2930 2929/2929 1664/1664
f 2933/2933 2934/2934 2866/2866
f 2926/2926 2936/2936 2935/2935
f 2937/2937 2935/2935 2936/2936
f 2938/2938 2937/2937 2939/2939
f 2937/2937 2938/2938 2935/2935
f 2938/2938 2939/2939 2940/2940
f 2940/2940 2939/2939 2941/2941
f 2940/2940 2941/2941 2942/2942
f 2942/2942 2941/2941 2943/2943
f 2944/2944 2945/2945 2943/2943
f 2942/2942 2943/2943 2945/2945
f 2946/2946 2931/2931 2933/2933
f 2930/2930 2920/2920 2923/2923
f 2947/2947 2920/2920 2948/2948
f 2949/2949 2946/2946 2950/2950
f 2933/2933 2951/2951 2946/2946
f 2951/2951 2950/2950 2946/2946
f 2930/2930 2948/2948 2920/2920
f 2949/2949 2756/2756 2752/2752
f 2776/2776 2947/2947 2777/2777
f 2950/2950 2952/2952 2949/2949
f 2952/2952 2953/2953 2949/2949
f 2953/2953 2756/2756 2949/2949
f 2780/2780 2917/2917 2794/2794
f 2808/2808 2947/2947 2948/2948
f 2893/2893 2895/2895 2954/2954
f 2954/2954 2895/2895 2898/2898
f 2955/2955 2956/2956 2957/2957
f 2893/2893 2954/2954 2815/2815
f 2957/2957 2956/2956 2958/2958
f 2959/2959 2954/2954 2735/2735
f 2735/2735 2954/2954 2898/2898
f 2815/2815 2820/2820 2893/2893
f 2893/2893 2820/2820 2849/2849
f 2880/2880 2867/2867 1685/1685
f 2930/2930 1664/1664 1665/1665
f 2960/2960 2961/2961 2807/2807
f 2960/2960 2807/2807 2806/2806
f 2808/2808 2948/2948 2809/2809
f 2962/2962 2805/2805 2963/2963
f 2964/2964 2961/2961 2965/2965
f 2963/2963 2966/2966 2967/2967
f 2961/2961 2968/2968 2969/2969
f 2970/2970 2971/2971 2839/2839
f 2970/2970 2839/2839 2836/2836
f 2972/2972 2973/2973 2974/2974
f 2975/2975 2976/2976 2977/2977
f 2978/2978 2979/2979 2980/2980
f 2978/2978 2981/2981 2979/2979
f 2982/2982 2983/2983 2984/2984
f 2982/2982 2984/2984 2985/2985
f 2986/2986 2981/2981 2978/2978
f 2987/2987 2988/2988 2989/2989
f 2990/2990 2982/2982 2985/2985
f 2990/2990 2991/2991 2982/2982
f 2990/2990 2992/2992 2991/2991
f 2991/2991 2992/2992 2993/2993
f 2994/2994 2995/2995 2996/2996
f 2988/2988 2997/2997 2989/2989
f 2998/2998 2999/2999 3000/3000
f 3001/3001 2999/2999 2998/2998
f 3000/3000 2999/2999 3002/3002
f 2995/2995 3003/3003 2996/2996
f 3004/3004 3000/3000 3002/3002
f 3005/3005 3006/3006 3007/3007
f 3002/3002 3008/3008 3009/3009
f 3010/3010 3011/3011 3012/3012
f 3013/3013 3014/3014 3015/3015
f 3016/3016 3008/3008 2334/2334
f 3009/3009 3008/3008 3016/3016
f 3017/3017 3010/3010 3012/3012
f 3018/3018 3013/3013 3015/3015
f 3019/3019 3020/3020 2993/2993
f 3020/3020 2362/2362 2344/2344
f 3019/3019 2362/2362 3020/3020
f 3021/3021 3022/3022 3023/3023
f 3024/3024 3025/3025 3026/3026
f 3025/3025 3027/3027 3026/3026
f 3028/3028 3029/3029 3030/3030
f 2993/2993 2992/2992 3031/3031
f 3032/3032 3033/3033 3034/3034
f 3035/3035 3036/3036 2382/2382
f 3037/3037 3038/3038 3039/3039
f 3040/3040 3028/3028 3030/3030
f 3033/3033 3041/3041 3034/3034
f 2382/2382 3042/3042 3043/3043
f 3044/3044 3001/3001 2998/2998
f 3045/3045 3046/3046 3047/3047
f 3048/3048 3045/3045 3047/3047
f 3049/3049 3050/3050 3051/3051
f 3043/3043 3052/3052 2382/2382
f 3053/3053 3054/3054 3055/3055
f 3054/3054 3056/3056 3055/3055
f 3044/3044 3057/3057 3001/3001
f 3058/3058 3059/3059 3039/3039
f 3060/3060 3061/3061 3062/3062
f 2966/2966 3057/3057 3063/3063
f 3064/3064 3001/3001 3057/3057
f 3065/3065 3066/3066 3067/3067
f 3065/3065 3068/3068 3066/3066
f 3069/3069 3070/3070 3071/3071
f 3072/3072 3073/3073 3074/3074
f 2973/2973 3075/3075 2974/2974
f 2986/2986 3076/3076 2981/2981
f 3077/3077 3049/3049 3051/3051
f 3078/3078 3060/3060 3062/3062
f 2983/2983 2827/2827 2984/2984
f 2983/2983 2838/2838 2827/2827
f 2983/2983 2837/2837 2838/2838
f 2835/2835 3079/3079 2836/2836
f 2967/2967 2966/2966 3063/3063
f 2964/2964 2965/2965 3080/3080
f 2962/2962 3063/3063 2803/2803
f 2803/2803 2805/2805 2962/2962
f 2382/2382 3081/3081 2375/2375
f 3081/3081 2810/2810 2375/2375
f 2898/2898 2734/2734 2735/2735
f 2774/2774 2766/2766 2768/2768
f 3082/3082 2652/2652 3083/3083
f 2659/2659 2782/2782 2784/2784
f 3084/3084 2731/2731 3085/3085
f 2729/2729 3086/3086 3087/3087
f 2729/2729 2725/2725 3086/3086
f 3088/3088 3089/3089 2729/2729
f 3090/3090 3085/3085 3091/3091
f 3092/3092 3087/3087 3086/3086
f 3090/3090 3084/3084 3085/3085
f 3092/3092 3086/3086 3093/3093
f 3094/3094 3092/3092 3095/3095
f 3091/3091 3096/3096 3097/3097
f 3098/3098 3095/3095 3099/3099
f 3099/3099 3095/3095 3093/3093
f 3098/3098 3094/3094 3095/3095
f 3093/3093 3100/3100 3099/3099
f 3098/3098 3099/3099 3100/3100
f 3093/3093 3101/3101 3100/3100
f 3102/3102 3100/3100 3101/3101
f 3103/3103 3098/3098 3100/3100
f 3103/3103 3100/3100 3102/3102
f 3102/3102 3101/3101 3104/3104
f 3105/3105 3106/3106 3107/3107
f 3101/3101 2623/2623 3104/3104
f 3103/3103 3104/3104 2624/2624
f 2623/2623 2624/2624 3104/3104
f 3108/3108 2763/2763 2765/2765
f 3109/3109 3110/3110 3111/3111
f 2762/2762 2690/2690 2689/2689
f 2661/2661 3112/3112 2662/2662
f 2688/2688 2687/2687 3113/3113
f 2618/2618 3114/3114 3115/3115
f 2618/2618 3115/3115 3116/3116
f 2647/2647 3117/3117 3118/3118
f 2657/2657 2656/2656 2688/2688
f 2647/2647 3118/3118 2648/2648
f 2687/2687 3119/3119 3113/3113
f 2664/2664 2685/2685 2665/2665
f 2621/2621 3120/3120 2622/2622
f 3121/3121 2670/2670 2669/2669
f 2375/2375 2652/2652 2374/2374
f 2619/2619 2618/2618 3116/3116
f 2635/2635 3122/3122 2374/2374
f 3123/3123 3124/3124 3125/3125
f 3126/3126 2626/2626 2628/2628
f 3127/3127 2555/2555 2372/2372
f 3128/3128 2606/2606 2608/2608
f 3129/3129 2548/2548 2550/2550
f 3130/3130 2396/2396 3131/3131
f 3132/3132 2390/2390 2389/2389
f 2431/2431 2425/2425 2380/2380
f 3133/3133 3134/3134 3135/3135
f 2379/2379 2431/2431 2380/2380
f 2323/2323 3136/3136 2324/2324
f 2354/2354 2353/2353 3137/3137
f 2331/2331 2333/2333 2268/2268
f 2267/2267 2331/2331 2268/2268
f 2272/2272 2306/2306 2264/2264
f 2258/2258 2242/2242 3138/3138
f 3139/3139 2280/2280 2268/2268
f 3140/3140 3141/3141 3142/3142
f 2242/2242 2241/2241 3138/3138
f 2268/2268 3143/3143 3139/3139
f 3144/3144 3140/3140 3142/3142
f 3145/3145 3146/3146 3147/3147
f 3148/3148 3145/3145 3147/3147
f 3149/3149 3150/3150 3151/3151
f 3150/3150 3152/3152 3151/3151
f 2056/2056 2268/2268 2057/2057
f 2056/2056 3153/3153 2268/2268
f 2087/2087 3154/3154 2088/2088
f 3155/3155 3156/3156 3157/3157
f 3158/3158 3155/3155 3157/3157
f 3159/3159 3160/3160 3161/3161
f 2050/2050 2049/2049 3162/3162
f 2111/2111 3163/3163 1830/1830
f 3164/3164 3159/3159 3161/3161
f 3163/3163 3165/3165 1830/1830
f 2006/2006 2061/2061 2004/2004
f 3166/3166 1830/1830 3165/3165
f 3167/3167 3166/3166 3165/3165
f 3168/3168 3169/3169 3170/3170
f 3169/3169 3171/3171 3170/3170
f 3172/3172 3166/3166 3173/3173
f 3174/3174 3175/3175 3176/3176
f 3174/3174 3177/3177 3178/3178
f 1830/1830 3166/3166 1909/1909
f 1995/1995 1996/1996 3179/3179
f 3180/3180 3181/3181 3182/3182
f 3183/3183 3184/3184 3185/3185
f 3181/3181 3186/3186 3182/3182
f 3180/3180 3182/3182 3187/3187
f 3182/3182 3188/3188 3187/3187
f 3189/3189 3182/3182 3186/3186
f 3189/3189 3188/3188 3182/3182
f 3190/3190 3191/3191 3192/3192
f 2045/2045 3193/3193 3194/3194
f 2040/2040 2041/2041 3190/3190
f 3190/3190 2041/2041 1932/1932
f 3190/3190 1932/1932 3191/3191
f 3195/3195 3196/3196 3197/3197
f 1932/1932 3198/3198 3191/3191
f 3199/3199 3195/3195 3197/3197
f 3200/3200 3201/3201 3202/3202
f 3203/3203 3198/3198 1932/1932
f 3202/3202 3201/3201 3204/3204
f 3205/3205 3206/3206 3207/3207
f 3203/3203 1932/1932 3208/3208
f 3209/3209 3210/3210 3211/3211
f 1932/1932 1931/1931 3208/3208
f 3205/3205 3212/3212 3206/3206
f 2044/2044 2043/2043 3213/3213
f 3214/3214 3215/3215 3216/3216
f 3215/3215 3217/3217 3216/3216
f 3218/3218 3219/3219 3220/3220
f 3221/3221 3222/3222 3223/3223
f 3224/3224 3218/3218 3220/3220
f 3222/3222 3225/3225 3223/3223
f 3226/3226 3227/3227 3228/3228
f 3227/3227 3229/3229 3228/3228
f 3230/3230 3231/3231 3232/3232
f 3233/3233 3230/3230 3232/3232
f 1997/1997 1999/1999 2026/2026
f 3234/3234 3235/3235 3236/3236
f 3237/3237 3238/3238 2057/2057
f 2057/2057 3239/3239 3240/3240
f 3241/3241 3242/3242 3236/3236
f 3243/3243 1909/1909 3172/3172
f 3244/3244 3245/3245 3177/3177
f 3172/3172 3246/3246 3247/3247
f 3211/3211 3210/3210 3248/3248
f 1952/1952 1914/1914 1843/1843
f 1908/1908 1831/1831 1909/1909
f 1909/1909 1831/1831 1830/1830
f 1843/1843 1905/1905 1844/1844
f 2221/2221 1784/1784 1783/1783
f 2209/2209 1827/1827 1832/1832
f 2224/2224 3249/3249 2225/2225
f 1805/1805 1852/1852 1853/1853
f 3250/3250 1875/1875 1877/1877
f 1805/1805 1853/1853 1806/1806
f 3251/3251 3252/3252 3253/3253
f 3254/3254 3255/3255 3256/3256
f 3257/3257 1781/1781 1780/1780
f 1759/1759 1758/1758 3258/3258
f 3259/3259 3254/3254 3256/3256
f 1745/1745 3260/3260 3261/3261
f 3262/3262 1761/1761 1763/1763
f 1729/1729 1781/1781 3257/3257
f 3263/3263 3264/3264 3265/3265
f 3266/3266 3267/3267 3268/3268
f 3269/3269 3270/3270 3271/3271
f 3272/3272 3273/3273 3274/3274
f 3273/3273 3275/3275 3274/3274
f 3276/3276 3277/3277 1495/1495
f 1504/1504 1678/1678 1495/1495
f 3278/3278 2884/2884 3279/3279
f 3280/3280 3279/3279 2884/2884
f 3279/3279 1627/1627 1632/1632
f 1632/1632 3278/3278 3279/3279
f 2878/2878 3280/3280 2884/2884
f 1533/1533 1631/1631 1629/1629
f 1533/1533 1539/1539 1631/1631
f 1532/1532 1533/1533 1629/1629
f 1529/1529 3281/3281 1530/1530
f 3282/3282 3283/3283 3284/3284
f 3285/3285 3282/3282 3284/3284
f 3286/3286 3287/3287 3288/3288
f 3289/3289 3286/3286 3288/3288
f 3290/3290 3291/3291 1856/1856
f 1858/1858 3292/3292 3293/3293
f 1856/1856 3294/3294 3290/3290
f 1858/1858 3293/3293 3295/3295
f 3296/3296 3297/3297 3298/3298
f 1858/1858 3295/3295 1414/1414
f 3299/3299 3300/3300 3301/3301
f 3297/3297 3302/3302 3298/3298
f 3300/3300 3303/3303 3301/3301
f 1474/1474 1473/1473 3304/3304
f 1487/1487 1572/1572 1488/1488
f 3304/3304 3305/3305 1460/1460
f 1460/1460 1474/1474 3304/3304
f 3306/3306 1593/1593 1443/1443
f 3307/3307 3306/3306 1443/1443
f 3305/3305 3307/3307 1443/1443
f 1460/1460 3305/3305 1443/1443
f 3308/3308 1479/1479 1481/1481
f 1570/1570 1572/1572 1487/1487
f 1456/1456 1461/1461 1464/1464
f 1499/1499 3309/3309 1500/1500
f 1456/1456 1405/1405 1451/1451
f 1451/1451 1405/1405 1435/1435
f 1443/1443 1445/1445 1457/1457
f 1858/1858 1414/1414 1416/1416
f 922/922 3310/3310 923/923
f 1385/1385 3311/3311 1386/1386
f 3312/3312 3313/3313 3314/3314
f 3314/3314 3313/3313 3315/3315
f 1344/1344 3316/3316 1265/1265
f 3317/3317 3318/3318 801/801
f 3317/3317 801/801 3319/3319
f 801/801 3318/3318 134/134
f 3320/3320 801/801 134/134
f 3321/3321 3322/3322 3323/3323
f 3323/3323 3322/3322 3324/3324
f 3325/3325 3326/3326 3327/3327
f 3328/3328 3329/3329 3319/3319
f 65/65 3330/3330 66/66
f 84/84 3319/3319 68/68
f 66/66 3330/3330 3331/3331
f 83/83 3332/3332 3327/3327
f 82/82 3332/3332 83/83
f 3333/3333 3328/3328 3334/3334
f 3333/3333 3329/3329 3328/3328
f 3335/3335 3317/3317 3329/3329
f 3335/3335 3329/3329 3333/3333
f 3318/3318 3335/3335 135/135
f 3317/3317 3335/3335 3318/3318
f 3318/3318 135/135 134/134
f 3336/3336 3337/3337 3338/3338
f 465/465 467/467 3339/3339
f 3340/3340 3341/3341 3342/3342
f 3343/3343 3344/3344 3345/3345
f 3346/3346 3344/3344 3343/3343
f 3342/3342 3341/3341 3347/3347
f 460/460 415/415 455/455
f 415/415 407/407 455/455
f 394/394 3348/3348 395/395
f 1328/1328 411/411 399/399
f 3338/3338 3337/3337 3349/3349
f 344/344 345/345 778/778
f 365/365 352/352 354/354
f 331/331 3350/3350 332/332
f 1361/1361 326/326 327/327
f 1361/1361 327/327 304/304
f 318/318 300/300 311/311
f 270/270 272/272 276/276
f 249/249 625/625 250/250
f 887/887 207/207 204/204
f 3351/3351 216/216 212/212
f 590/590 205/205 208/208
f 590/590 206/206 205/205
f 583/583 3352/3352 3353/3353
f 156/156 3354/3354 157/157
f 3353/3353 3355/3355 583/583
f 150/150 161/161 160/160
f 150/150 113/113 161/161
f 3356/3356 583/583 78/78
f 149/149 3357/3357 113/113
f 150/150 149/149 113/113
f 3358/3358 3359/3359 3360/3360
f 111/111 113/113 3357/3357
f 140/140 129/129 3361/3361
f 3362/3362 152/152 143/143
f 140/140 128/128 129/129
f 66/66 3331/3331 3363/3363
f 97/97 3364/3364 114/114
f 98/98 97/97 114/114
f 100/100 3365/3365 3366/3366
f 69/69 66/66 3363/3363
f 96/96 3364/3364 97/97
f 96/96 27/27 3364/3364
f 3367/3367 3368/3368 86/86
f 100/100 3366/3366 101/101
f 46/46 27/27 96/96
f 3/3 3369/3369 3370/3370
f 62/62 61/61 3371/3371
f 5/5 63/63 6/6
f 72/72 3372/3372 11/11
f 3373/3373 3374/3374 3375/3375
f 3376/3376 3377/3377 3378/3378
f 4/4 579/579 560/560
f 4/4 560/560 509/509
f 4/4 509/509 3334/3334
f 63/63 4/4 3334/3334
f 3373/3373 3379/3379 3374/3374
f 3380/3380 3381/3381 3382/3382
f 3383/3383 3384/3384 3385/3385
f 3376/3376 3378/3378 3386/3386
f 3387/3387 3388/3388 3385/3385
f 3385/3385 3389/3389 3387/3387
f 3390/3390 3382/3382 3391/3391
f 3390/3390 3392/3392 3382/3382
f 3382/3382 3393/3393 3391/3391
f 3394/3394 3395/3395 3396/3396
f 3388/3388 3397/3397 3385/3385
f 3398/3398 3399/3399 3400/3400
f 3401/3401 3402/3402 3403/3403
f 3401/3401 3403/3403 3404/3404
f 3405/3405 3406/3406 3407/3407
f 70/70 50/50 49/49
f 3405/3405 3407/3407 3408/3408
f 3409/3409 3410/3410 3411/3411
f 3409/3409 3411/3411 3412/3412
f 67/67 52/52 74/74
f 82/82 71/71 49/49
f 74/74 63/63 3334/3334
f 49/49 73/73 72/72
f 3394/3394 3413/3413 3395/3395
f 3414/3414 3415/3415 3416/3416
f 3417/3417 3418/3418 3419/3419
f 3417/3417 3420/3420 3418/3418
f 3421/3421 3422/3422 3423/3423
f 3422/3422 3424/3424 3423/3423
f 3425/3425 3426/3426 3427/3427
f 3428/3428 3429/3429 3430/3430
f 3431/3431 3432/3432 3433/3433
f 3397/3397 3421/3421 3423/3423
f 3434/3434 3435/3435 3436/3436
f 3393/3393 3434/3434 3391/3391
f 3437/3437 3438/3438 3423/3423
f 3439/3439 3391/3391 3434/3434
f 3440/3440 3441/3441 3442/3442
f 3440/3440 3442/3442 3443/3443
f 3444/3444 3445/3445 3446/3446
f 832/832 133/133 827/827
f 831/831 832/832 827/827
f 3444/3444 3446/3446 3447/3447
f 133/133 3335/3335 827/827
f 136/136 3448/3448 3449/3449
f 3450/3450 3451/3451 3452/3452
f 3431/3431 3453/3453 3432/3432
f 3450/3450 3452/3452 3454/3454
f 3455/3455 816/816 820/820
f 3456/3456 3457/3457 3458/3458
f 3459/3459 3460/3460 3461/3461
f 827/827 826/826 831/831
f 3335/3335 3334/3334 827/827
f 509/509 827/827 3334/3334
f 472/472 3455/3455 820/820
f 473/473 472/472 820/820
f 511/511 3462/3462 827/827
f 509/509 511/511 827/827
f 3463/3463 3464/3464 3465/3465
f 3466/3466 3467/3467 3468/3468
f 3466/3466 3469/3469 3467/3467
f 3470/3470 3471/3471 3472/3472
f 3473/3473 3474/3474 3475/3475
f 3476/3476 3477/3477 3478/3478
f 3479/3479 3480/3480 3481/3481
f 3482/3482 3483/3483 3484/3484
f 3478/3478 3485/3485 3390/3390
f 3391/3391 3478/3478 3390/3390
f 3486/3486 3487/3487 3472/3472
f 3478/3478 3488/3488 3489/3489
f 3391/3391 3476/3476 3478/3478
f 3490/3490 3485/3485 3478/3478
f 3491/3491 3492/3492 3478/3478
f 3479/3479 3481/3481 3493/3493
f 3494/3494 3495/3495 3496/3496
f 511/511 786/786 3462/3462
f 3494/3494 3496/3496 3497/3497
f 3485/3485 3498/3498 3390/3390
f 3499/3499 3500/3500 3501/3501
f 3502/3502 3503/3503 3504/3504
f 3502/3502 3505/3505 3503/3503
f 3506/3506 3507/3507 3508/3508
f 568/568 570/570 3509/3509
f 3506/3506 3508/3508 3510/3510
f 3511/3511 3512/3512 3390/3390
f 3513/3513 3514/3514 3515/3515
f 3516/3516 3517/3517 3518/3518
f 3516/3516 3518/3518 3519/3519
f 560/560 559/559 564/564
f 3520/3520 3521/3521 3522/3522
f 3520/3520 3523/3523 3521/3521
f 560/560 564/564 509/509
f 3509/3509 3524/3524 568/568
f 3524/3524 3525/3525 568/568
f 3499/3499 3501/3501 3526/3526
f 3527/3527 3528/3528 3529/3529
f 3527/3527 3530/3530 3528/3528
f 3482/3482 3531/3531 3483/3483
f 3532/3532 3533/3533 3534/3534
f 509/509 510/510 511/511
f 3532/3532 3535/3535 3533/3533
f 3473/3473 3536/3536 3474/3474
f 3463/3463 3465/3465 3537/3537
f 3538/3538 3476/3476 3391/3391
f 3456/3456 3539/3539 3457/3457
f 3540/3540 3541/3541 3542/3542
f 3391/3391 3543/3543 3544/3544
f 3459/3459 3461/3461 3545/3545
f 3546/3546 3547/3547 3548/3548
f 3546/3546 3548/3548 3549/3549
f 3428/3428 3430/3430 3550/3550
f 3449/3449 3551/3551 82/82
f 3425/3425 3552/3552 3426/3426
f 3414/3414 3416/3416 3553/3553
f 3554/3554 3555/3555 3556/3556
f 3554/3554 3557/3557 3555/3555
f 3398/3398 3400/3400 3558/3558
f 3559/3559 3560/3560 3561/3561
f 3562/3562 3563/3563 3564/3564
f 3562/3562 3565/3565 3563/3563
f 1853/1853 1842/1842 1810/1810
f 1842/1842 1844/1844 1810/1810
f 3566/3566 3567/3567 3568/3568
f 3569/3569 3570/3570 3571/3571
f 1828/1828 1810/1810 1844/1844
f 3572/3572 3573/3573 3574/3574
f 3568/3568 3575/3575 3576/3576
f 3577/3577 3578/3578 3579/3579
f 3580/3580 3581/3581 3582/3582
f 3583/3583 3584/3584 3585/3585
f 3577/3577 3579/3579 3586/3586
f 3569/3569 3587/3587 3570/3570
f 3585/3585 3588/3588 3589/3589
f 3590/3590 3591/3591 3592/3592
f 3593/3593 3590/3590 3592/3592
f 3594/3594 3595/3595 3596/3596
f 3597/3597 3598/3598 3599/3599
f 3600/3600 3601/3601 3602/3602
f 3592/3592 3603/3603 3604/3604
f 3592/3592 3604/3604 3605/3605
f 3606/3606 3592/3592 3605/3605
f 3600/3600 3602/3602 3607/3607
f 3606/3606 3593/3593 3592/3592
f 2209/2209 1832/1832 1828/1828
f 3608/3608 3609/3609 3610/3610
f 3608/3608 3611/3611 3609/3609
f 3612/3612 3613/3613 3614/3614
f 3615/3615 3616/3616 3566/3566
f 3612/3612 3614/3614 3617/3617
f 3618/3618 3619/3619 3620/3620
f 3618/3618 3621/3621 3619/3619
f 3604/3604 3622/3622 3623/3623
f 2206/2206 2205/2205 1828/1828
f 2154/2154 2206/2206 1828/1828
f 3624/3624 3625/3625 3626/3626
f 2164/2164 2206/2206 2154/2154
f 3624/3624 3626/3626 3627/3627
f 3623/3623 3628/3628 3605/3605
f 3629/3629 3630/3630 3631/3631
f 3629/3629 3631/3631 3632/3632
f 3628/3628 3633/3633 3605/3605
f 3634/3634 3635/3635 3636/3636
f 3633/3633 3637/3637 3605/3605
f 3634/3634 3636/3636 3638/3638
f 2154/2154 2152/2152 2151/2151
f 3639/3639 3640/3640 3641/3641
f 3639/3639 3642/3642 3640/3640
f 2151/2151 2164/2164 2154/2154
f 3179/3179 2154/2154 1844/1844
f 2154/2154 3179/3179 2105/2105
f 3643/3643 3642/3642 3639/3639
f 2105/2105 2104/2104 2154/2154
f 2104/2104 2125/2125 2154/2154
f 1844/1844 2154/2154 1828/1828
f 3644/3644 3645/3645 3646/3646
f 3647/3647 3648/3648 3649/3649
f 3647/3647 3650/3650 3648/3648
f 3651/3651 3652/3652 3605/3605
f 3605/3605 3653/3653 3651/3651
f 3644/3644 3646/3646 3654/3654
f 3643/3643 3655/3655 3642/3642
f 3656/3656 3657/3657 3658/3658
f 3656/3656 3659/3659 3657/3657
f 3652/3652 3660/3660 3605/3605
f 3661/3661 3662/3662 3663/3663
f 3661/3661 3663/3663 3664/3664
f 3660/3660 3665/3665 3605/3605
f 3666/3666 3667/3667 3668/3668
f 3665/3665 3669/3669 3605/3605
f 3666/3666 3670/3670 3667/3667
f 3671/3671 3672/3672 3673/3673
f 3674/3674 3605/3605 3669/3669
f 3675/3675 3674/3674 3669/3669
f 3671/3671 3676/3676 3672/3672
f 3677/3677 3678/3678 3679/3679
f 3677/3677 3679/3679 3680/3680
f 3179/3179 2004/2004 2061/2061
f 3681/3681 3682/3682 3683/3683
f 3684/3684 3674/3674 3685/3685
f 3605/3605 3674/3674 3686/3686
f 3687/3687 3688/3688 3679/3679
f 3681/3681 3689/3689 3690/3690
f 3687/3687 3679/3679 3678/3678
f 3691/3691 3692/3692 3693/3693
f 1992/1992 1994/1994 3183/3183
f 3691/3691 3693/3693 3694/3694
f 1990/1990 1991/1991 3179/3179
f 3695/3695 3696/3696 3697/3697
f 3698/3698 3183/3183 3699/3699
f 1914/1914 1952/1952 1990/1990
f 3695/3695 3700/3700 3696/3696
f 3701/3701 3702/3702 3703/3703
f 1959/1959 3704/3704 3698/3698
f 1988/1988 1989/1989 1990/1990
f 3705/3705 3706/3706 3707/3707
f 3701/3701 3708/3708 3702/3702
f 3705/3705 3707/3707 3709/3709
f 3684/3684 3710/3710 3711/3711
f 3712/3712 3713/3713 3682/3682
f 3714/3714 3715/3715 3716/3716
f 3714/3714 3716/3716 3717/3717
f 3718/3718 3686/3686 3684/3684
f 3719/3719 3720/3720 3721/3721
f 3719/3719 3721/3721 3722/3722
f 1904/1904 1906/1906 1914/1914
f 3723/3723 3724/3724 3725/3725
f 1905/1905 1904/1904 1914/1914
f 1844/1844 1905/1905 1914/1914
f 1844/1844 1914/1914 3179/3179
f 3726/3726 3727/3727 3728/3728
f 3729/3729 3730/3730 3731/3731
f 3726/3726 3732/3732 3727/3727
f 3729/3729 3731/3731 3733/3733
f 3734/3734 3735/3735 3683/3683
f 3736/3736 3606/3606 3686/3686
f 3737/3737 3738/3738 3739/3739
f 3737/3737 3739/3739 3740/3740
f 3683/3683 3741/3741 3734/3734
f 3723/3723 3742/3742 3724/3724
f 3686/3686 3606/3606 3605/3605
f 2062/2062 2064/2064 3183/3183
f 2064/2064 2110/2110 2108/2108
f 2105/2105 3179/3179 2073/2073
f 3743/3743 3744/3744 3745/3745
f 3559/3559 3561/3561 3746/3746
f 3747/3747 3748/3748 3749/3749
f 797/797 1019/1019 1336/1336
f 1019/1019 1340/1340 1336/1336
f 3750/3750 3751/3751 3752/3752
f 3750/3750 3753/3753 3751/3751
f 3747/3747 3749/3749 3754/3754
f 3755/3755 3756/3756 3757/3757
f 3758/3758 3759/3759 3760/3760
f 3761/3761 3760/3760 3762/3762
f 3763/3763 3764/3764 3755/3755
f 3755/3755 3765/3765 3766/3766
f 3766/3766 3767/3767 3755/3755
f 3765/3765 3755/3755 3768/3768
f 3769/3769 3768/3768 3755/3755
f 3770/3770 3769/3769 3755/3755
f 3771/3771 3770/3770 3755/3755
f 3767/3767 3763/3763 3755/3755
f 3772/3772 3773/3773 3774/3774
f 3758/3758 3760/3760 3761/3761
f 3757/3757 3775/3775 3755/3755
f 3776/3776 3772/3772 3774/3774
f 3777/3777 3778/3778 3779/3779
f 3780/3780 3781/3781 3782/3782
f 3780/3780 3783/3783 3781/3781
f 3784/3784 3785/3785 3771/3771
f 3786/3786 3787/3787 1027/1027
f 812/812 813/813 797/797
f 3788/3788 3789/3789 3790/3790
f 3788/3788 3791/3791 3789/3789
f 3792/3792 3793/3793 3794/3794
f 3792/3792 3794/3794 3795/3795
f 3796/3796 3797/3797 1027/1027
f 1027/1027 3798/3798 3796/3796
f 1336/1336 1157/1157 805/805
f 805/805 1157/1157 1237/1237
f 3799/3799 3800/3800 3801/3801
f 1237/1237 1220/1220 805/805
f 3802/3802 3796/3796 3803/3803
f 1221/1221 1220/1220 1237/1237
f 3804/3804 3805/3805 3806/3806
f 3803/3803 3807/3807 3808/3808
f 1261/1261 1260/1260 1220/1220
f 3809/3809 3810/3810 3811/3811
f 3812/3812 3813/3813 3814/3814
f 1222/1222 1221/1221 1237/1237
f 3809/3809 3815/3815 3810/3810
f 3812/3812 3814/3814 3816/3816
f 3769/3769 3817/3817 3818/3818
f 3819/3819 3820/3820 3821/3821
f 3818/3818 3822/3822 3769/3769
f 3823/3823 3824/3824 3825/3825
f 3819/3819 3826/3826 3820/3820
f 1237/1237 1251/1251 1222/1222
f 3823/3823 3827/3827 3824/3824
f 3822/3822 3768/3768 3769/3769
f 3828/3828 3829/3829 3830/3830
f 3828/3828 3830/3830 3831/3831
f 1235/1235 1237/1237 1294/1294
f 1229/1229 1228/1228 1298/1298
f 3832/3832 3833/3833 3834/3834
f 3832/3832 3835/3835 3833/3833
f 3836/3836 3837/3837 3838/3838
f 3836/3836 3839/3839 3837/3837
f 1298/1298 3840/3840 1229/1229
f 3841/3841 3842/3842 3843/3843
f 3844/3844 3845/3845 3846/3846
f 3846/3846 3847/3847 3844/3844
f 3848/3848 3849/3849 3850/3850
f 3848/3848 3850/3850 3851/3851
f 3841/3841 3852/3852 3842/3842
f 3853/3853 3854/3854 3768/3768
f 3855/3855 3856/3856 3857/3857
f 3854/3854 3858/3858 3859/3859
f 3860/3860 3861/3861 3844/3844
f 3859/3859 3765/3765 3854/3854
f 3862/3862 3863/3863 3864/3864
f 3862/3862 3864/3864 3865/3865
f 3866/3866 3861/3861 3867/3867
f 3868/3868 3869/3869 3870/3870
f 3871/3871 3872/3872 1320/1320
f 1320/1320 1319/1319 3871/3871
f 3868/3868 3870/3870 3873/3873
f 3855/3855 3874/3874 3856/3856
f 1319/1319 1299/1299 1298/1298
f 1302/1302 1294/1294 1157/1157
f 3875/3875 3876/3876 3877/3877
f 3875/3875 3878/3878 3876/3876
f 1294/1294 1237/1237 1157/1157
f 3879/3879 3880/3880 3881/3881
f 3882/3882 3883/3883 3770/3770
f 3804/3804 3806/3806 3884/3884
f 3770/3770 3885/3885 3882/3882
f 3886/3886 3887/3887 3888/3888
f 3886/3886 3889/3889 3887/3887
f 3890/3890 3891/3891 3892/3892
f 3890/3890 3893/3893 3891/3891
f 3799/3799 3894/3894 3800/3800
f 3878/3878 3895/3895 3896/3896
f 1325/1325 1316/1316 3871/3871
f 1157/1157 1336/1336 3897/3897
f 3878/3878 3896/3896 3876/3876
f 1122/1122 1157/1157 3897/3897
f 3897/3897 1110/1110 1122/1122
f 1112/1112 1114/1114 1325/1325
f 3898/3898 3899/3899 3900/3900
f 3901/3901 3902/3902 3903/3903
f 3901/3901 3904/3904 3902/3902
f 3905/3905 3906/3906 3907/3907
f 3898/3898 3908/3908 3899/3899
f 3909/3909 3861/3861 3910/3910
f 3907/3907 3911/3911 3766/3766
f 3912/3912 3913/3913 3914/3914
f 3765/3765 3905/3905 3907/3907
f 3915/3915 3916/3916 3917/3917
f 3915/3915 3917/3917 3918/3918
f 3912/3912 3919/3919 3913/3913
f 3920/3920 3921/3921 3922/3922
f 1090/1090 1092/1092 1112/1112
f 3897/3897 1336/1336 1333/1333
f 1333/1333 1332/1332 3897/3897
f 3923/3923 3924/3924 3925/3925
f 3923/3923 3925/3925 3926/3926
f 3920/3920 3927/3927 3921/3921
f 3928/3928 3929/3929 3909/3909
f 3930/3930 3931/3931 3932/3932
f 3930/3930 3932/3932 3933/3933
f 1336/1336 1335/1335 1333/1333
f 3934/3934 3935/3935 3936/3936
f 3761/3761 3762/3762 3937/3937
f 3934/3934 3938/3938 3935/3935
f 3771/3771 3939/3939 3770/3770
f 3777/3777 3779/3779 3940/3940
f 2778/2778 2795/2795 2801/2801
f 3941/3941 3942/3942 3943/3943
f 3944/3944 3945/3945 3946/3946
f 3941/3941 3947/3947 3942/3942
f 3944/3944 3948/3948 3945/3945
f 3949/3949 3950/3950 3951/3951
f 3952/3952 3953/3953 3951/3951
f 3953/3953 3954/3954 3951/3951
f 3955/3955 3951/3951 3956/3956
f 3951/3951 3957/3957 3956/3956
f 3958/3958 3948/3948 3944/3944
f 3951/3951 3955/3955 3959/3959
f 3958/3958 3960/3960 3948/3948
f 3961/3961 3952/3952 3951/3951
f 3959/3959 3961/3961 3951/3951
f 3954/3954 3949/3949 3951/3951
f 3962/3962 3963/3963 3964/3964
f 3962/3962 3964/3964 3965/3965
f 3966/3966 3967/3967 3968/3968
f 2803/2803 2792/2792 2804/2804
f 2803/2803 3063/3063 2998/2998
f 3966/3966 3968/3968 3969/3969
f 2792/2792 2803/2803 2998/2998
f 3057/3057 3044/3044 2998/2998
f 3080/3080 3970/3970 3971/3971
f 3972/3972 3973/3973 3974/3974
f 2998/2998 3004/3004 2424/2424
f 2792/2792 2998/2998 2424/2424
f 3971/3971 3975/3975 3005/3005
f 3976/3976 3977/3977 3978/3978
f 3976/3976 3979/3979 3977/3977
f 3972/3972 3980/3980 3973/3973
f 3952/3952 3981/3981 3982/3982
f 3983/3983 3984/3984 3985/3985
f 3983/3983 3985/3985 3986/3986
f 3987/3987 3988/3988 3989/3989
f 3990/3990 3991/3991 3992/3992
f 3990/3990 3993/3993 3991/3991
f 3994/3994 3953/3953 3952/3952
f 3005/3005 3007/3007 2385/2385
f 3995/3995 3996/3996 3997/3997
f 3004/3004 3016/3016 2424/2424
f 3995/3995 3998/3998 3996/3996
f 3999/3999 4000/4000 4001/4001
f 3961/3961 4002/4002 4003/4003
f 4004/4004 4005/4005 4006/4006
f 4004/4004 4007/4007 4005/4005
f 4008/4008 4009/4009 4010/4010
f 4011/4011 4012/4012 4013/4013
f 3999/3999 4014/4014 4000/4000
f 4015/4015 3952/3952 3961/3961
f 2385/2385 2384/2384 2395/2395
f 4011/4011 4013/4013 4016/4016
f 4017/4017 4018/4018 4019/4019
f 2381/2381 2380/2380 2424/2424
f 2380/2380 2425/2425 2424/2424
f 4020/4020 4021/4021 4022/4022
f 4023/4023 4024/4024 4025/4025
f 4017/4017 4019/4019 4026/4026
f 4027/4027 4028/4028 4029/4029
f 4027/4027 4029/4029 4030/4030
f 4031/4031 4032/4032 3961/3961
f 4033/4033 4034/4034 4010/4010
f 4035/4035 4036/4036 4037/4037
f 4035/4035 4037/4037 4038/4038
f 4039/4039 4040/4040 3961/3961
f 4041/4041 4042/4042 4043/4043
f 4044/4044 4039/4039 3961/3961
f 4044/4044 4045/4045 4039/4039
f 4041/4041 4043/4043 4046/4046
f 4047/4047 4048/4048 4049/4049
f 2397/2397 4050/4050 3130/3130
f 3130/3130 4051/4051 3123/3123
f 3130/3130 3131/3131 4051/4051
f 4052/4052 4053/4053 4054/4054
f 3132/3132 2583/2583 2711/2711
f 2424/2424 2391/2391 3132/3132
f 2424/2424 3132/3132 2711/2711
f 4047/4047 4049/4049 4055/4055
f 2637/2637 2648/2648 2711/2711
f 2583/2583 2637/2637 2711/2711
f 2701/2701 2700/2700 3110/3110
f 2673/2673 2701/2701 3110/3110
f 2711/2711 2792/2792 2424/2424
f 2648/2648 2666/2666 2711/2711
f 2792/2792 2711/2711 2762/2762
f 4056/4056 4057/4057 4058/4058
f 4056/4056 4059/4059 4057/4057
f 4060/4060 4059/4059 4056/4056
f 4061/4061 4062/4062 4063/4063
f 4061/4061 4063/4063 4064/4064
f 4065/4065 4066/4066 4067/4067
f 3955/3955 4068/4068 4069/4069
f 4070/4070 4071/4071 4072/4072
f 4073/4073 4074/4074 4075/4075
f 4070/4070 4076/4076 4071/4071
f 4077/4077 4078/4078 4079/4079
f 3955/3955 4080/4080 4081/4081
f 4073/4073 4082/4082 4083/4083
f 4077/4077 4084/4084 4078/4078
f 4085/4085 4086/4086 4087/4087
f 3959/3959 3955/3955 4081/4081
f 4088/4088 4089/4089 4090/4090
f 4088/4088 4090/4090 4091/4091
f 4083/4083 4092/4092 4093/4093
f 4081/4081 4094/4094 3959/3959
f 4085/4085 4095/4095 4086/4086
f 2637/2637 2636/2636 2648/2648
f 4096/4096 4097/4097 4098/4098
f 4096/4096 4098/4098 4099/4099
f 4100/4100 4101/4101 4102/4102
f 4093/4093 4103/4103 4104/4104
f 4100/4100 4105/4105 4101/4101
f 4106/4106 4107/4107 3959/3959
f 4108/4108 4109/4109 4110/4110
f 4108/4108 4111/4111 4109/4109
f 4112/4112 4113/4113 4104/4104
f 4114/4114 4115/4115 4116/4116
f 4051/4051 2599/2599 3123/3123
f 4114/4114 4117/4117 4115/4115
f 4118/4118 4119/4119 4120/4120
f 3123/3123 3125/3125 4121/4121
f 4122/4122 4074/4074 4123/4123
f 4124/4124 4125/4125 4126/4126
f 4124/4124 4127/4127 4125/4125
f 4128/4128 4129/4129 4130/4130
f 2775/2775 2779/2779 2778/2778
f 3109/3109 2775/2775 2778/2778
f 4118/4118 4131/4131 4119/4119
f 4052/4052 4054/4054 4132/4132
f 3959/3959 4044/4044 3961/3961
f 4128/4128 4130/4130 4133/4133
f 4134/4134 4135/4135 4136/4136
f 4137/4137 4138/4138 4139/4139
f 2427/2427 2431/2431 2455/2455
f 2434/2434 2427/2427 2455/2455
f 4140/4140 4141/4141 4142/4142
f 4137/4137 4143/4143 4138/4138
f 4144/4144 4145/4145 4146/4146
f 4147/4147 4148/4148 4149/4149
f 4150/4150 4151/4151 4152/4152
f 4153/4153 4154/4154 4155/4155
f 4155/4155 4154/4154 4156/4156
f 4157/4157 4153/4153 4155/4155
f 4158/4158 4155/4155 4156/4156
f 4159/4159 4160/4160 4147/4147
f 4158/4158 4161/4161 4155/4155
f 4162/4162 4163/4163 4155/4155
f 4164/4164 4165/4165 4166/4166
f 4164/4164 4166/4166 4167/4167
f 4136/4136 4168/4168 4169/4169
f 4170/4170 4171/4171 4172/4172
f 2431/2431 2327/2327 2455/2455
f 2327/2327 2326/2326 2306/2306
f 4173/4173 4174/4174 4175/4175
f 2327/2327 2306/2306 2455/2455
f 4173/4173 4176/4176 4174/4174
f 4170/4170 4172/4172 4177/4177
f 4178/4178 4179/4179 4180/4180
f 4179/4179 4181/4181 4180/4180
f 4182/4182 4183/4183 4184/4184
f 2258/2258 3138/3138 2306/2306
f 2263/2263 2258/2258 2306/2306
f 4185/4185 4186/4186 4187/4187
f 4180/4180 4188/4188 4189/4189
f 2306/2306 3138/3138 2455/2455
f 4190/4190 4191/4191 4192/4192
f 4185/4185 4187/4187 4193/4193
f 4182/4182 4194/4194 4183/4183
f 4195/4195 4196/4196 4158/4158
f 4195/4195 4158/4158 4156/4156
f 4197/4197 4195/4195 4156/4156
f 4198/4198 4199/4199 4200/4200
f 4201/4201 4202/4202 4203/4203
f 4204/4204 4197/4197 4156/4156
f 4198/4198 4200/4200 4205/4205
f 4206/4206 4204/4204 4156/4156
f 4207/4207 4208/4208 4209/4209
f 4207/4207 4210/4210 4208/4208
f 4156/4156 4211/4211 4206/4206
f 4212/4212 4213/4213 4214/4214
f 4212/4212 4214/4214 4215/4215
f 4216/4216 4217/4217 4218/4218
f 3138/3138 2241/2241 2113/2113
f 4216/4216 4218/4218 4219/4219
f 3138/3138 2113/2113 2069/2069
f 4220/4220 4221/4221 4222/4222
f 2113/2113 2106/2106 2069/2069
f 4223/4223 4224/4224 4225/4225
f 2069/2069 2068/2068 2011/2011
f 2069/2069 2011/2011 2455/2455
f 3138/3138 2069/2069 2455/2455
f 4226/4226 4227/4227 4228/4228
f 4223/4223 4225/4225 4229/4229
f 4230/4230 4156/4156 4231/4231
f 4232/4232 4233/4233 4234/4234
f 4235/4235 4230/4230 4231/4231
f 4236/4236 4237/4237 4232/4232
f 4226/4226 4228/4228 4238/4238
f 4239/4239 4240/4240 4231/4231
f 4241/4241 4242/4242 4243/4243
f 4231/4231 4244/4244 4235/4235
f 4245/4245 4231/4231 4156/4156
f 4246/4246 4247/4247 4248/4248
f 4240/4240 4249/4249 4231/4231
f 4231/4231 4250/4250 4244/4244
f 4251/4251 4252/4252 4253/4253
f 4244/4244 4254/4254 4235/4235
f 4255/4255 4256/4256 4257/4257
f 4258/4258 4259/4259 4260/4260
f 4258/4258 4261/4261 4259/4259
f 4262/4262 4263/4263 4264/4264
f 2060/2060 2006/2006 2011/2011
f 4262/4262 4265/4265 4263/4263
f 2065/2065 2063/2063 2014/2014
f 4266/4266 4267/4267 4268/4268
f 4269/4269 4270/4270 2014/2014
f 2011/2011 2020/2020 2019/2019
f 4246/4246 4248/4248 4271/4271
f 4251/4251 4272/4272 4252/4252
f 4255/4255 4257/4257 4273/4273
f 2018/2018 2008/2008 2011/2011
f 4274/4274 4275/4275 4276/4276
f 4274/4274 4277/4277 4275/4275
f 4278/4278 4279/4279 4280/4280
f 2008/2008 2007/2007 2446/2446
f 2008/2008 2446/2446 2011/2011
f 4281/4281 4282/4282 4283/4283
f 2446/2446 2455/2455 2011/2011
f 2446/2446 2454/2454 2455/2455
f 4284/4284 4285/4285 4286/4286
f 4284/4284 4287/4287 4285/4285
f 4288/4288 4289/4289 4290/4290
f 4291/4291 4292/4292 4241/4241
f 4293/4293 4294/4294 4295/4295
f 4293/4293 4295/4295 4296/4296
f 4288/4288 4290/4290 4297/4297
f 4298/4298 4299/4299 4245/4245
f 4300/4300 4301/4301 4302/4302
f 4154/4154 4298/4298 4245/4245
f 2455/2455 2456/2456 2439/2439
f 4300/4300 4302/4302 4303/4303
f 2439/2439 2434/2434 2455/2455
f 4304/4304 4305/4305 4306/4306
f 4304/4304 4307/4307 4305/4305
f 4281/4281 4308/4308 4282/4282
f 4278/4278 4280/4280 4309/4309
f 4154/4154 4245/4245 4156/4156
f 4266/4266 4310/4310 4267/4267
f 4220/4220 4222/4222 4311/4311
f 4312/4312 4313/4313 4314/4314
f 4312/4312 4314/4314 4315/4315
f 4201/4201 4316/4316 4202/4202
f 4317/4317 4318/4318 4319/4319
f 4317/4317 4319/4319 4320/4320
f 4140/4140 4321/4321 4141/4141
f 4322/4322 4323/4323 4324/4324
f 4325/4325 4326/4326 4327/4327
f 1668/1668 4328/4328 4329/4329
f 4329/4329 4330/4330 1668/1668
f 4322/4322 4324/4324 4331/4331
f 4332/4332 4333/4333 4334/4334
f 4335/4335 4336/4336 4337/4337
f 4338/4338 4339/4339 4340/4340
f 4338/4338 4341/4341 4339/4339
f 4342/4342 4343/4343 1668/1668
f 1541/1541 1547/1547 1662/1662
f 1547/1547 1515/1515 1514/1514
f 4344/4344 4345/4345 4346/4346
f 4344/4344 4347/4347 4345/4345
f 4348/4348 4349/4349 4350/4350
f 4334/4334 4351/4351 4352/4352
f 4348/4348 4350/4350 4353/4353
f 1514/1514 1570/1570 1662/1662
f 4354/4354 4355/4355 4356/4356
f 1514/1514 1518/1518 1570/1570
f 1741/1741 1662/1662 1570/1570
f 4357/4357 4358/4358 4359/4359
f 4360/4360 4361/4361 4362/4362
f 1570/1570 1487/1487 1486/1486
f 1494/1494 1419/1419 4363/4363
f 1414/1414 3295/3295 1570/1570
f 1570/1570 3295/3295 1859/1859
f 1570/1570 1859/1859 1741/1741
f 4360/4360 4362/4362 4364/4364
f 4357/4357 4365/4365 4358/4358
f 4366/4366 4367/4367 4334/4334
f 4368/4368 4369/4369 4337/4337
f 4370/4370 4371/4371 4366/4366
f 4368/4368 4337/4337 4372/4372
f 4372/4372 4373/4373 4368/4368
f 4374/4374 4375/4375 4368/4368
f 4373/4373 4374/4374 4368/4368
f 4376/4376 4377/4377 4378/4378
f 4379/4379 4380/4380 4381/4381
f 4382/4382 4370/4370 4383/4383
f 4373/4373 4384/4384 4374/4374
f 4385/4385 4386/4386 4387/4387
f 4388/4388 4389/4389 4390/4390
f 4391/4391 4392/4392 4393/4393
f 4372/4372 4394/4394 4373/4373
f 4391/4391 4395/4395 4392/4392
f 4396/4396 4397/4397 4398/4398
f 4399/4399 4400/4400 4401/4401
f 4396/4396 4402/4402 4397/4397
f 4403/4403 4404/4404 4405/4405
f 1859/1859 1845/1845 1804/1804
f 1852/1852 1805/1805 1804/1804
f 4406/4406 4407/4407 4408/4408
f 4405/4405 1772/1772 1771/1771
f 1804/1804 1760/1760 1859/1859
f 4406/4406 4408/4408 4409/4409
f 4400/4400 4410/4410 4401/4401
f 4411/4411 4412/4412 4413/4413
f 4411/4411 4414/4414 4412/4412
f 4415/4415 4416/4416 4417/4417
f 4415/4415 4418/4418 4416/4416
f 4419/4419 4420/4420 4421/4421
f 4419/4419 4422/4422 4420/4420
f 4423/4423 4424/4424 4375/4375
f 4425/4425 4426/4426 4427/4427
f 4428/4428 4423/4423 4375/4375
f 4429/4429 4430/4430 4431/4431
f 4429/4429 4431/4431 4432/4432
f 4425/4425 4433/4433 4426/4426
f 1887/1887 1886/1886 4434/4434
f 1880/1880 1859/1859 3295/3295
f 4434/4434 4435/4435 1887/1887
f 4436/4436 4437/4437 4438/4438
f 4439/4439 4440/4440 4441/4441
f 4439/4439 4441/4441 4442/4442
f 4436/4436 4443/4443 4437/4437
f 4383/4383 4444/4444 4445/4445
f 4446/4446 4447/4447 4375/4375
f 4448/4448 4449/4449 4450/4450
f 4374/4374 4428/4428 4375/4375
f 4451/4451 4452/4452 4453/4453
f 4454/4454 4455/4455 4456/4456
f 4372/4372 4457/4457 4394/4394
f 4458/4458 4459/4459 4460/4460
f 4451/4451 4453/4453 4461/4461
f 4458/4458 4460/4460 4462/4462
f 1740/1740 1716/1716 1701/1701
f 1716/1716 1717/1717 1701/1701
f 4463/4463 4464/4464 4465/4465
f 4466/4466 4467/4467 4468/4468
f 4469/4469 4470/4470 4471/4471
f 4472/4472 4473/4473 4474/4474
f 4469/4469 4471/4471 4475/4475
f 4476/4476 4477/4477 4478/4478
f 4476/4476 4478/4478 4479/4479
f 4480/4480 4481/4481 4372/4372
f 4482/4482 4483/4483 4484/4484
f 4485/4485 4486/4486 4474/4474
f 4487/4487 4488/4488 4489/4489
f 4490/4490 4491/4491 4492/4492
f 4492/4492 4491/4491 4372/4372
f 4482/4482 4484/4484 4493/4493
f 1701/1701 1674/1674 1741/1741
f 1701/1701 1700/1700 1674/1674
f 4494/4494 1668/1668 1750/1750
f 4494/4494 1666/1666 1668/1668
f 4487/4487 4489/4489 4495/4495
f 4496/4496 4497/4497 4498/4498
f 4499/4499 4490/4490 4492/4492
f 4496/4496 4498/4498 4500/4500
f 4333/4333 4501/4501 4502/4502
f 4503/4503 4504/4504 4505/4505
f 4503/4503 4506/4506 4504/4504
f 4325/4325 4507/4507 4326/4326
f 1750/1750 4508/4508 4509/4509
f 1771/1771 1751/1751 1750/1750
f 4385/4385 4387/4387 4510/4510
f 1760/1760 1741/1741 1859/1859
f 4454/4454 4511/4511 4455/4455
f 4379/4379 4381/4381 4512/4512
f 4448/4448 4513/4513 4449/4449
f 4337/4337 4492/4492 4372/4372
f 4376/4376 4514/4514 4377/4377
f 4354/4354 4356/4356 4515/4515

