# https://github.com/mikedh/trimesh
mtllib material.mtl
usemtl material_0
v 0.16302683 0.00988307 0.14307558
v 0.15798042 0.00870161 0.14576276
v 0.16298078 0.00870161 0.14321715
v 0.14797970 0.00870161 0.15085399
v 0.15298007 0.00870161 0.14830838
v 0.13797900 0.00870161 0.15594519
v 0.14297934 0.00870161 0.15339961
v 0.12797827 0.00870160 0.16103642
v 0.13297862 0.00870161 0.15849080
v 0.11797754 0.00870160 0.16612764
v 0.12297792 0.00870160 0.16358203
v 0.10797683 0.00870160 0.17121887
v 0.11297719 0.00870160 0.16867326
v 0.07258235 0.01108954 0.18874258
v 0.09797612 0.00870160 0.17631010
v 0.10297647 0.00870160 0.17376449
v 0.08797539 0.00870160 0.18140130
v 0.09297575 0.00870160 0.17885572
v 0.16378363 0.01330147 0.14074914
v 0.07134410 0.01330145 0.18780878
v 0.16342795 0.01225344 0.14184257
v 0.16317381 0.01108956 0.14262376
v 0.07206635 0.01225343 0.18835345
v 0.11655002 0.01537484 0.15974833
v 0.16471808 0.01480925 0.13787665
v 0.16575125 0.01537485 0.13470069
v 0.16422287 0.01416826 0.13939888
v 0.06944668 0.01480923 0.18637797
v 0.07797468 0.00870160 0.18649253
v 0.08297504 0.00870160 0.18394692
v 0.07297431 0.00870159 0.18903815
v 0.06734882 0.01537483 0.18479594
v 0.12722408 0.00590164 0.16180190
v 0.12721939 0.00601862 0.16180416
v 0.12702757 0.00570364 0.16217965
v 0.12720471 0.00613850 0.16181155
v 0.12703510 0.00661308 0.16189794
v 0.12686008 0.00633368 0.16226491
v 0.12709457 0.00649876 0.16186773
v 0.12714273 0.00638016 0.16184329
v 0.12695552 0.00612749 0.16221633
v 0.12688478 0.00682084 0.16197463
v 0.12682710 0.00550164 0.16256504
v 0.12681210 0.00568372 0.16257267
v 0.12668164 0.00604879 0.16263908
v 0.12656609 0.00620874 0.16269792
v 0.12676453 0.00586973 0.16259690
v 0.12672703 0.00651786 0.16233266
v 0.12669940 0.00698931 0.16206911
v 0.12656288 0.00666719 0.16241621
v 0.12659750 0.00705588 0.16212117
v 0.12618826 0.00683574 0.16260694
v 0.12627647 0.00717958 0.16228444
v 0.12616975 0.00719626 0.16233863
v 0.12649185 0.00710985 0.16217506
v 0.12637913 0.00677428 0.16250978
v 0.12606556 0.00720162 0.16239167
v 0.12642355 0.00633842 0.16277048
v 0.12626399 0.00643142 0.16285172
v 0.12593595 0.00650163 0.16301871
v 0.12609822 0.00648480 0.16293610
v 0.16613435 -0.01428872 0.13352298
v 0.16559467 -0.01388404 0.13746788
v 0.16470346 -0.01388404 0.13792159
v 0.16756525 -0.01469340 0.12912438
v 0.16687163 -0.01424519 0.13354234
v 0.16942561 -0.01496750 0.12569132
v 0.16814861 -0.01460635 0.12961685
v 0.16899613 -0.01509807 0.12472579
v 0.11448383 -0.00289825 0.16873662
v 0.11443845 -0.00289825 0.16864751
v 0.11457944 -0.00289825 0.16863183
v 0.11439310 -0.00289825 0.16855837
v 0.11451139 -0.00289825 0.16849816
v 0.11452919 -0.00289825 0.16882573
v 0.11464749 -0.00289825 0.16876549
v 0.13937618 -0.00449822 0.15393226
v 0.13982985 -0.00324110 0.15482342
v 0.13982985 -0.00449822 0.15482342
v 0.13982985 -0.00072684 0.15482342
v 0.13982985 -0.00198397 0.15482342
v 0.13846883 -0.00009828 0.15214996
v 0.13914933 0.00430166 0.15348670
v 0.13982985 0.00178741 0.15482342
v 0.13982985 0.00053028 0.15482342
v 0.13982985 0.00430166 0.15482342
v 0.13982985 0.00304453 0.15482342
v 0.13846883 -0.00339824 0.15214995
v 0.13892249 -0.00449822 0.15304112
v 0.13846883 -0.00449822 0.15214995
v 0.13846883 -0.00229825 0.15214995
v 0.13846883 -0.00119827 0.15214996
v 0.13846883 0.00100171 0.15214996
v 0.13846883 0.00210169 0.15214996
v 0.13846882 0.00320168 0.15214996
v 0.13846882 0.00430166 0.15214996
v 0.13568459 -0.00739818 0.15715066
v 0.13582371 -0.00739818 0.15742394
v 0.13561290 -0.00737648 0.15753127
v 0.13540421 -0.00737648 0.15712133
v 0.13539727 -0.00730691 0.15764104
v 0.13498107 -0.00718628 0.15733675
v 0.13500452 -0.00701743 0.15784099
v 0.13518977 -0.00718628 0.15774669
v 0.13554546 -0.00739818 0.15687738
v 0.13540633 -0.00739818 0.15660410
v 0.13519553 -0.00737648 0.15671139
v 0.13479584 -0.00701743 0.15743105
v 0.13477239 -0.00718628 0.15692681
v 0.13497989 -0.00730691 0.15682119
v 0.13485406 -0.00680957 0.15791758
v 0.13464536 -0.00680957 0.15750764
v 0.13474654 -0.00657672 0.15797230
v 0.13453786 -0.00657672 0.15756239
v 0.13443666 -0.00680957 0.15709774
v 0.13458714 -0.00701743 0.15702111
v 0.13432916 -0.00657672 0.15715245
v 0.13447586 -0.00633475 0.15759394
v 0.13468455 -0.00633475 0.15800388
v 0.13466521 -0.00609820 0.15801371
v 0.13452609 -0.00609820 0.15774043
v 0.13426715 -0.00633475 0.15718401
v 0.13438695 -0.00609820 0.15746715
v 0.13424783 -0.00609820 0.15719386
v 0.13522422 -0.00449822 0.15492385
v 0.13477053 -0.00449822 0.15403272
v 0.13478542 -0.00468018 0.15402515
v 0.13546593 -0.00468018 0.15536187
v 0.13559632 -0.00504542 0.15529549
v 0.13483312 -0.00486631 0.15400086
v 0.13491579 -0.00504542 0.15395874
v 0.13503155 -0.00520532 0.15389982
v 0.13567789 -0.00449822 0.15581502
v 0.13613156 -0.00449822 0.15670615
v 0.13614644 -0.00468018 0.15669858
v 0.13627682 -0.00504542 0.15663221
v 0.13619413 -0.00486631 0.15667432
v 0.13571207 -0.00520532 0.15523656
v 0.13639258 -0.00520532 0.15657328
v 0.13517405 -0.00533521 0.15382728
v 0.13585455 -0.00533521 0.15516403
v 0.13533367 -0.00542800 0.15374604
v 0.13618006 -0.00548151 0.15499832
v 0.13601418 -0.00542800 0.15508276
v 0.13549952 -0.00548151 0.15366157
v 0.13566169 -0.00549821 0.15357902
v 0.13611536 -0.00549821 0.15447019
v 0.13669468 -0.00542800 0.15641948
v 0.13686056 -0.00548151 0.15633504
v 0.13656905 -0.00549821 0.15536132
v 0.13702272 -0.00549821 0.15625249
v 0.08822024 -0.01559441 0.15473024
v 0.08822024 -0.01609072 0.15473024
v 0.08824077 -0.01608131 0.15593006
v 0.08824077 -0.01509809 0.15593006
v 0.08822024 -0.01509809 0.15473024
v 0.08826130 -0.01558500 0.15712987
v 0.08826130 -0.01509809 0.15712987
v 0.08826130 -0.01607189 0.15712987
v 0.13429047 0.00570364 0.15848221
v 0.13409001 -0.00429823 0.15886761
v 0.13409001 -0.00569821 0.15886761
v 0.13409001 -0.00289824 0.15886761
v 0.13409000 -0.00009828 0.15886761
v 0.13409001 -0.00149826 0.15886761
v 0.13409000 0.00130170 0.15886761
v 0.13409000 0.00270168 0.15886761
v 0.13448697 -0.00609820 0.15810447
v 0.13448696 -0.00009828 0.15810447
v 0.13409000 0.00550165 0.15886761
v 0.13409000 0.00410166 0.15886761
v 0.13448696 0.00590164 0.15810447
v 0.08058715 -0.00773518 0.18460152
v 0.08065435 -0.00782798 0.18512835
v 0.08081397 -0.00773518 0.18504711
v 0.08072965 -0.00760530 0.18452898
v 0.08107223 -0.00744540 0.18491561
v 0.08084539 -0.00744540 0.18447006
v 0.08095648 -0.00760530 0.18497454
v 0.08115492 -0.00726629 0.18487352
v 0.08110406 -0.00689820 0.18461889
v 0.08092809 -0.00726629 0.18442795
v 0.08099064 -0.00689820 0.18439609
v 0.08021291 -0.00789819 0.18507255
v 0.08042752 -0.00782798 0.18468279
v 0.08009949 -0.00789819 0.18484978
v 0.08032633 -0.00789819 0.18529536
v 0.08121749 -0.00689820 0.18484166
v 0.14211860 -0.01509808 0.14118338
v 0.12372093 -0.01480349 0.15109954
v 0.16643960 -0.01480348 0.12935206
v 0.12985085 -0.01509808 0.14742870
v 0.13598473 -0.01509808 0.14430605
v 0.16052023 -0.01509807 0.13181536
v 0.16665411 -0.01509807 0.12869270
v 0.15438634 -0.01509808 0.13493803
v 0.14825248 -0.01509808 0.13806071
v 0.12371697 -0.01509808 0.15055139
v 0.08100225 -0.01480349 0.17284701
v 0.09304758 -0.01509809 0.16616473
v 0.08691370 -0.01509809 0.16928738
v 0.08077982 -0.01509809 0.17241007
v 0.09918146 -0.01509808 0.16304207
v 0.11144921 -0.01509808 0.15679673
v 0.11758308 -0.01509808 0.15367404
v 0.10531533 -0.01509808 0.15991939
v 0.13094464 -0.00739819 0.15990782
v 0.13332847 -0.00739818 0.15869423
v 0.13326432 -0.00705169 0.15900462
v 0.13218516 -0.00669819 0.15983734
v 0.13319885 -0.00669819 0.15932127
v 0.13117147 -0.00669819 0.16035337
v 0.13015779 -0.00669819 0.16086944
v 0.12914410 -0.00669819 0.16138548
v 0.12856081 -0.00739819 0.16112138
v 0.12123311 -0.00449822 0.16204652
v 0.12080446 -0.00464546 0.16114263
v 0.12077944 -0.00449822 0.16115538
v 0.12148497 -0.00464546 0.16247937
v 0.12168678 -0.00449822 0.16293768
v 0.12088385 -0.00478106 0.16110222
v 0.12168519 -0.00487014 0.16237745
v 0.12100469 -0.00487014 0.16104070
v 0.12158957 -0.00489822 0.16186506
v 0.12113589 -0.00489822 0.16097390
v 0.12216549 -0.00464546 0.16381609
v 0.12214045 -0.00449822 0.16382885
v 0.12224487 -0.00478106 0.16377569
v 0.12236572 -0.00487014 0.16371417
v 0.12204325 -0.00489822 0.16275620
v 0.12249691 -0.00489822 0.16364737
v 0.12204325 0.00530165 0.16275620
v 0.12345491 0.00530165 0.16315968
v 0.12373239 0.00530165 0.16133524
v 0.12441290 0.00530165 0.16267196
v 0.12209389 0.00530165 0.16048621
v 0.12305188 0.00530165 0.15999852
v 0.12158957 0.00530165 0.16186506
v 0.12113589 0.00530165 0.16097390
v 0.12249691 0.00530165 0.16364737
v 0.13311979 0.00720162 0.15828429
v 0.13332846 0.00720162 0.15869423
v 0.13353928 0.00717992 0.15858691
v 0.13396242 0.00698972 0.15837149
v 0.13333754 0.00711035 0.15765729
v 0.13375492 0.00711035 0.15847714
v 0.13373028 0.00682086 0.15745734
v 0.13354504 0.00698972 0.15755164
v 0.13312190 0.00717992 0.15776706
v 0.13291109 0.00720162 0.15787436
v 0.13429812 0.00661300 0.15820059
v 0.13398826 0.00638015 0.15732600
v 0.13388075 0.00661300 0.15738072
v 0.13427829 0.00590164 0.15769453
v 0.13446763 0.00613819 0.15811429
v 0.13448696 0.00590164 0.15810447
v 0.13440563 0.00638015 0.15814588
v 0.13405026 0.00613819 0.15729445
v 0.13406958 0.00590164 0.15728459
v 0.11758748 -0.00449822 0.16502457
v 0.11804114 -0.00324110 0.16591574
v 0.11804114 -0.00449822 0.16591574
v 0.11804114 -0.00072685 0.16591574
v 0.11804114 -0.00198397 0.16591574
v 0.11668013 -0.00009829 0.16324227
v 0.11736065 0.00430166 0.16457902
v 0.11804114 0.00178741 0.16591574
v 0.11804114 0.00053028 0.16591574
v 0.11804114 0.00430166 0.16591574
v 0.11804114 0.00304453 0.16591574
v 0.11668013 -0.00339824 0.16324227
v 0.11713380 -0.00449822 0.16413344
v 0.11668013 -0.00449822 0.16324227
v 0.11668013 -0.00229826 0.16324227
v 0.11668013 -0.00119827 0.16324227
v 0.11668013 0.00100170 0.16324227
v 0.11668013 0.00210169 0.16324227
v 0.11668013 0.00320167 0.16324227
v 0.11668013 0.00430166 0.16324227
v 0.12740231 0.00590164 0.16171115
v 0.12825295 0.00410166 0.16183917
v 0.12825295 0.00550164 0.16183917
v 0.12825295 0.00270168 0.16183917
v 0.12740231 -0.00009828 0.16171115
v 0.12825295 -0.00009828 0.16183917
v 0.12825295 0.00130170 0.16183917
v 0.12782338 -0.00590020 0.16177454
v 0.12825295 -0.00149826 0.16183917
v 0.12825295 -0.00289825 0.16183917
v 0.12825295 -0.00569821 0.16183917
v 0.12825295 -0.00429823 0.16183917
v 0.12740231 -0.00609820 0.16171115
v 0.16756326 -0.01391563 0.12704083
v 0.16756307 -0.01394652 0.12704137
v 0.16722687 -0.01394652 0.12693200
v 0.16789929 -0.01394652 0.12715073
v 0.16789964 -0.01388475 0.12714967
v 0.15829801 -0.00009828 0.14260878
v 0.15761575 0.00084792 0.14145996
v 0.15769311 -0.00009828 0.14142058
v 0.15918244 0.00181579 0.14515084
v 0.15736774 0.00181579 0.14158623
v 0.15815053 0.00357863 0.14567615
v 0.15633585 0.00357863 0.14211154
v 0.15693774 0.00274718 0.14180512
v 0.15657955 0.00473656 0.14647591
v 0.15476487 0.00473656 0.14291130
v 0.15559489 0.00425404 0.14248875
v 0.15487381 0.00510165 0.14734429
v 0.15305911 0.00510165 0.14377968
v 0.15390234 0.00501484 0.14335041
v 0.15316806 0.00473656 0.14821268
v 0.15135335 0.00473656 0.14464804
v 0.15221589 0.00501484 0.14420896
v 0.15159707 0.00357863 0.14901243
v 0.14978238 0.00357863 0.14544783
v 0.15052334 0.00425404 0.14507061
v 0.15056518 0.00181579 0.14953777
v 0.14875047 0.00181579 0.14597314
v 0.14918048 0.00274718 0.14575425
v 0.15890291 -0.00009828 0.14379699
v 0.15950782 -0.00009828 0.14498520
v 0.14903002 -0.00009828 0.14732698
v 0.14842513 -0.00009828 0.14613879
v 0.14850249 0.00084792 0.14609939
v 0.14963490 -0.00009828 0.14851520
v 0.15023981 -0.00009828 0.14970339
v 0.13468109 -0.00589820 0.15650201
v 0.13468109 0.00570164 0.15650201
v 0.13490793 -0.00203159 0.15694759
v 0.13490793 0.00570164 0.15694759
v 0.13490793 0.00183503 0.15694759
v 0.13490793 -0.00589820 0.15694759
v 0.13445427 -0.00203159 0.15605643
v 0.13445427 -0.00589820 0.15605643
v 0.13445427 0.00183503 0.15605643
v 0.13445427 0.00570164 0.15605643
v 0.08903949 -0.01559808 0.15336787
v 0.08903949 -0.01509809 0.15336787
v 0.09527757 -0.01509809 0.15019215
v 0.10307515 -0.01609807 0.14622250
v 0.10151564 -0.01509808 0.14701642
v 0.10775371 -0.01509808 0.14384073
v 0.08903949 -0.01609807 0.15336787
v 0.11399179 -0.01509808 0.14066500
v 0.11711081 -0.01609807 0.13907716
v 0.12022986 -0.01509808 0.13748929
v 0.12646793 -0.01509808 0.13431359
v 0.14518214 -0.01559807 0.12478644
v 0.13270600 -0.01509808 0.13113788
v 0.13894407 -0.01509808 0.12796216
v 0.13114647 -0.01609807 0.13193181
v 0.14518214 -0.01609806 0.12478644
v 0.14518214 -0.01509808 0.12478644
v 0.11124290 0.00714545 0.16899512
v 0.11098047 0.00720162 0.16912871
v 0.11075362 0.00720162 0.16868314
v 0.11148458 0.00696730 0.16887207
v 0.11078921 0.00714545 0.16810394
v 0.11103090 0.00696730 0.16798091
v 0.11118966 0.00669610 0.16790010
v 0.11164333 0.00669610 0.16879126
v 0.11146656 0.00640163 0.16832020
v 0.11169340 0.00640163 0.16876578
v 0.11123972 0.00640163 0.16787461
v 0.11052679 0.00720162 0.16823755
v 0.13099529 -0.00549821 0.15763780
v 0.13031477 -0.00549821 0.15630108
v 0.13047693 -0.00548152 0.15621851
v 0.13080243 -0.00533521 0.15605283
v 0.13200382 -0.00542800 0.15880753
v 0.13064279 -0.00542800 0.15613407
v 0.13230593 -0.00520532 0.15865373
v 0.13216344 -0.00533521 0.15872627
v 0.13183794 -0.00548152 0.15889197
v 0.13167580 -0.00549821 0.15897452
v 0.13114337 -0.00486631 0.15587925
v 0.13242168 -0.00504543 0.15859480
v 0.13106067 -0.00504543 0.15592137
v 0.13188644 -0.00449822 0.15718414
v 0.13119105 -0.00468018 0.15585496
v 0.13120593 -0.00449822 0.15584739
v 0.13255208 -0.00468018 0.15852843
v 0.13250439 -0.00486631 0.15855272
v 0.13256695 -0.00449822 0.15852086
v 0.13450431 -0.00619268 0.15603095
v 0.13445427 -0.00589820 0.15605643
v 0.13468109 -0.00589820 0.15650201
v 0.13466307 -0.00646388 0.15595014
v 0.13495799 -0.00619268 0.15692208
v 0.13511675 -0.00646388 0.15684127
v 0.13535842 -0.00664202 0.15671823
v 0.13490477 -0.00664202 0.15582710
v 0.13539401 -0.00669819 0.15613908
v 0.13516718 -0.00669819 0.15569349
v 0.13562086 -0.00669819 0.15658463
v 0.13490793 -0.00589820 0.15694759
v 0.15652184 -0.01359809 0.13163189
v 0.15629720 -0.01359809 0.13119063
v 0.15686320 -0.01434808 0.13230242
v 0.15629720 -0.01509807 0.13119063
v 0.15675087 -0.01509807 0.13208178
v 0.15720456 -0.01509807 0.13297293
v 0.11449088 0.00770161 0.16790265
v 0.11352983 0.00770161 0.16783087
v 0.11720094 0.00770161 0.16596196
v 0.11963045 0.00770161 0.16528618
v 0.10985873 0.00770161 0.16969978
v 0.12087205 0.00770161 0.16409306
v 0.12476999 0.00770162 0.16266970
v 0.12454316 0.00770162 0.16222412
v 0.09907224 0.00770161 0.17575208
v 0.09884539 0.00770161 0.17530649
v 0.10251650 0.00770161 0.17343758
v 0.10421177 0.00770161 0.17313560
v 0.10935134 0.00770161 0.17051912
v 0.10618762 0.00770161 0.17156868
v 0.14289871 0.00770162 0.15287959
v 0.14018866 0.00770162 0.15482028
v 0.13922761 0.00770162 0.15474850
v 0.14656984 0.00770162 0.15101069
v 0.14532822 0.00770162 0.15220381
v 0.15024094 0.00770162 0.14914178
v 0.15035434 0.00770162 0.14936456
v 0.15046777 0.00770162 0.14958733
v 0.12990956 0.00770162 0.16005323
v 0.12821426 0.00770162 0.16035522
v 0.13188538 0.00770162 0.15848631
v 0.13504909 0.00770162 0.15743676
v 0.13555650 0.00770162 0.15661740
v 0.11663165 -0.00548152 0.16495013
v 0.11624265 -0.00549821 0.16458710
v 0.11595113 -0.00548152 0.16361339
v 0.11578898 -0.00549821 0.16369596
v 0.11669631 -0.00549821 0.16547826
v 0.11611701 -0.00542800 0.16352895
v 0.11627663 -0.00533521 0.16344771
v 0.11695714 -0.00533521 0.16478443
v 0.11709964 -0.00520532 0.16471189
v 0.11715001 -0.00549821 0.16636939
v 0.11731215 -0.00548152 0.16628685
v 0.11763764 -0.00533521 0.16612114
v 0.11747804 -0.00542800 0.16620241
v 0.11653486 -0.00504543 0.16331621
v 0.11721539 -0.00504543 0.16465296
v 0.11661757 -0.00486632 0.16327413
v 0.11729807 -0.00486631 0.16461085
v 0.11789588 -0.00504543 0.16598967
v 0.11778013 -0.00520532 0.16604860
v 0.11797858 -0.00486631 0.16594759
v 0.11666527 -0.00468019 0.16324984
v 0.11668013 -0.00449822 0.16324227
v 0.11713380 -0.00449822 0.16413344
v 0.11734576 -0.00468019 0.16458659
v 0.11802628 -0.00468019 0.16592331
v 0.11758748 -0.00449822 0.16502457
v 0.11804114 -0.00449822 0.16591574
v 0.12043219 0.00599611 0.16431696
v 0.12038213 0.00570164 0.16434244
v 0.12015529 0.00570164 0.16389689
v 0.12013726 0.00626732 0.16334498
v 0.12059095 0.00626732 0.16423615
v 0.12037896 0.00644546 0.16322198
v 0.12083264 0.00644546 0.16411311
v 0.12086821 0.00650163 0.16353395
v 0.12109505 0.00650163 0.16397951
v 0.11997851 0.00599611 0.16342582
v 0.12064138 0.00650163 0.16308837
v 0.11992846 0.00570164 0.16345131
v 0.08822023 0.01539783 0.15473024
v 0.08822023 0.01490151 0.15473024
v 0.08824076 0.01490151 0.15593006
v 0.08824076 0.01588473 0.15593006
v 0.08822023 0.01589415 0.15473024
v 0.08826129 0.01538842 0.15712987
v 0.08826129 0.01587532 0.15712987
v 0.08826129 0.01490151 0.15712987
v 0.11273739 0.00590163 0.16883274
v 0.11287651 0.00590163 0.16910603
v 0.11289586 0.00613818 0.16909620
v 0.11268716 0.00613818 0.16868626
v 0.11295784 0.00638015 0.16906462
v 0.11285665 0.00661300 0.16859996
v 0.11306535 0.00661300 0.16900990
v 0.11300713 0.00682086 0.16852336
v 0.11259826 0.00590163 0.16855946
v 0.11245914 0.00590163 0.16828617
v 0.11247847 0.00613818 0.16827632
v 0.11264798 0.00661300 0.16819005
v 0.11254047 0.00638015 0.16824476
v 0.11319237 0.00698972 0.16842907
v 0.11321584 0.00682086 0.16893330
v 0.11340108 0.00698972 0.16883900
v 0.11360856 0.00711034 0.16873336
v 0.11339989 0.00711034 0.16832341
v 0.11279846 0.00682086 0.16811342
v 0.11298370 0.00698972 0.16801912
v 0.11382420 0.00717992 0.16862359
v 0.11403501 0.00720162 0.16851626
v 0.11389588 0.00720162 0.16824297
v 0.11361552 0.00717992 0.16821364
v 0.11340682 0.00717992 0.16780371
v 0.11375676 0.00720162 0.16796970
v 0.11361763 0.00720162 0.16769641
v 0.15652183 0.01340155 0.13163190
v 0.15629720 0.01415154 0.13119063
v 0.15629720 0.01340155 0.13119063
v 0.15675087 0.01490153 0.13208178
v 0.15629720 0.01490153 0.13119063
v 0.15686319 0.01415154 0.13230242
v 0.15720455 0.01490153 0.13297293
v 0.13076845 -0.00489822 0.15719222
v 0.13044598 -0.00487013 0.15623428
v 0.13031477 -0.00489822 0.15630108
v 0.13112649 -0.00487013 0.15757100
v 0.13122212 -0.00489822 0.15808339
v 0.13056683 -0.00478106 0.15617276
v 0.13132672 -0.00464546 0.15746908
v 0.13064621 -0.00464546 0.15613236
v 0.13112491 -0.00449822 0.15701077
v 0.13067123 -0.00449822 0.15611960
v 0.13180700 -0.00487013 0.15890772
v 0.13167580 -0.00489822 0.15897452
v 0.13192785 -0.00478106 0.15884623
v 0.13157858 -0.00449822 0.15790190
v 0.13200722 -0.00464546 0.15880579
v 0.13203225 -0.00449822 0.15879307
v 0.11455352 0.00530164 0.16600809
v 0.11619201 0.00530164 0.16685712
v 0.11646948 0.00530164 0.16503268
v 0.11715001 0.00530164 0.16636939
v 0.11483099 0.00530164 0.16418365
v 0.11578898 0.00530164 0.16369596
v 0.11387299 0.00530164 0.16467134
v 0.11523401 0.00530164 0.16734481
v 0.15224416 -0.01509808 0.13046460
v 0.15998632 -0.01509807 0.12466851
v 0.15149430 -0.01509808 0.12899166
v 0.16148600 -0.01509807 0.12761436
v 0.15299402 -0.01509808 0.13193753
v 0.14300232 -0.01509808 0.13331482
v 0.14375215 -0.01509808 0.13478775
v 0.14450201 -0.01509808 0.13626069
v 0.15374385 -0.01509808 0.13341045
v 0.14525186 -0.01509808 0.13773362
v 0.13451031 -0.01509808 0.13763798
v 0.13526016 -0.01509808 0.13911091
v 0.13600999 -0.01509808 0.14058384
v 0.13675985 -0.01509808 0.14205677
v 0.12451861 -0.01509808 0.13901528
v 0.13226077 -0.01509808 0.13321920
v 0.12376877 -0.01509808 0.13754236
v 0.12526847 -0.01509808 0.14048821
v 0.13301063 -0.01509808 0.13469212
v 0.12601831 -0.01509808 0.14196114
v 0.12676816 -0.01509808 0.14343407
v 0.12751801 -0.01509808 0.14490700
v 0.12826785 -0.01509808 0.14637993
v 0.11527677 -0.01509808 0.14186552
v 0.11602661 -0.01509808 0.14333844
v 0.11677645 -0.01509808 0.14481137
v 0.11752631 -0.01509808 0.14628431
v 0.11827615 -0.01509808 0.14775723
v 0.11902599 -0.01509808 0.14923014
v 0.11977585 -0.01509808 0.15070309
v 0.10753461 -0.01509808 0.14766160
v 0.10678475 -0.01509808 0.14618868
v 0.10828445 -0.01509808 0.14913452
v 0.10903430 -0.01509808 0.15060746
v 0.10978415 -0.01509808 0.15208038
v 0.11053400 -0.01509808 0.15355330
v 0.11128384 -0.01509808 0.15502624
v 0.09904259 -0.01509808 0.15198475
v 0.10129214 -0.01509808 0.15640353
v 0.10054230 -0.01509808 0.15493062
v 0.10204200 -0.01509808 0.15787648
v 0.10279184 -0.01509808 0.15934940
v 0.09280014 -0.01509809 0.16072669
v 0.09205029 -0.01509809 0.15925377
v 0.09354998 -0.01509809 0.16219963
v 0.09429984 -0.01509809 0.16367255
v 0.08355828 -0.01509809 0.16357692
v 0.09130044 -0.01509809 0.15778085
v 0.08280844 -0.01509809 0.16210401
v 0.08430814 -0.01509809 0.16504987
v 0.08505798 -0.01509809 0.16652279
v 0.08580782 -0.01509809 0.16799570
v 0.07506629 -0.01509809 0.16790008
v 0.07581613 -0.01509809 0.16937302
v 0.07656598 -0.01509809 0.17084594
v 0.06732413 -0.01509809 0.17369617
v 0.06807396 -0.01509809 0.17516910
v 0.14864970 -0.01509808 0.12661534
v 0.14163373 -0.01509808 0.12883711
v 0.14242764 -0.01509808 0.13039664
v 0.14896622 -0.01509808 0.12683412
v 0.14775820 -0.01509808 0.12581209
v 0.14605896 -0.01509808 0.12463609
v 0.14559883 -0.01509808 0.12464658
v 0.14518214 -0.01509808 0.12478644
v 0.13894407 -0.01509808 0.12796216
v 0.14650060 -0.01509808 0.12476561
v 0.14686672 -0.01509808 0.12500882
v 0.16167286 -0.01509807 0.12317737
v 0.15589482 -0.01509807 0.12505255
v 0.15011678 -0.01509808 0.12692772
v 0.16745093 -0.01509807 0.12130220
v 0.14973858 -0.01509808 0.12699857
v 0.14934138 -0.01509808 0.12696807
v 0.14322158 -0.01509808 0.13195615
v 0.13270600 -0.01509808 0.13113788
v 0.13896026 -0.01509808 0.13019814
v 0.14029701 -0.01509808 0.12951763
v 0.12646793 -0.01509808 0.13431359
v 0.12022986 -0.01509808 0.13748929
v 0.11399179 -0.01509808 0.14066500
v 0.14233043 -0.01509808 0.13240983
v 0.14054812 -0.01509808 0.13331717
v 0.14143927 -0.01509808 0.13286351
v 0.13975420 -0.01509808 0.13175766
v 0.13376047 -0.01509808 0.13616506
v 0.16937065 -0.01509807 0.12209817
v 0.16073618 -0.01509807 0.12614143
v 0.16952930 -0.01509807 0.12260193
v 0.16951529 -0.01509807 0.12312991
v 0.16904460 -0.01509807 0.12166197
v 0.16798996 -0.01509807 0.12122471
v 0.16855761 -0.01509807 0.12134607
v 0.16773584 -0.01509807 0.12536737
v 0.16899613 -0.01509807 0.12472579
v 0.16719498 -0.01509807 0.12703003
v 0.15898686 -0.01509807 0.13206560
v 0.16665411 -0.01509807 0.12869270
v 0.16223586 -0.01509807 0.12908729
v 0.15807951 -0.01509807 0.13028327
v 0.15718835 -0.01509807 0.13073695
v 0.15853318 -0.01509807 0.13117443
v 0.16052023 -0.01509807 0.13181536
v 0.15629720 -0.01509807 0.13119063
v 0.15675087 -0.01509807 0.13208178
v 0.13598473 -0.01509808 0.14430605
v 0.12371697 -0.01509808 0.15055139
v 0.12985085 -0.01509808 0.14742870
v 0.14211860 -0.01509808 0.14118338
v 0.14825248 -0.01509808 0.13806071
v 0.15438634 -0.01509808 0.13493803
v 0.15720456 -0.01509807 0.13297293
v 0.11758308 -0.01509808 0.15367404
v 0.10775371 -0.01509808 0.14384073
v 0.10151564 -0.01509808 0.14701642
v 0.09829275 -0.01509808 0.15051184
v 0.09527757 -0.01509809 0.15019215
v 0.09707607 -0.01509808 0.15152079
v 0.09573934 -0.01509809 0.15220128
v 0.09440261 -0.01509809 0.15288180
v 0.08822024 -0.01509809 0.15473024
v 0.09787000 -0.01509808 0.15308031
v 0.09866392 -0.01509808 0.15463981
v 0.09599046 -0.01509809 0.15600085
v 0.09546117 -0.01509809 0.15496116
v 0.09732720 -0.01509809 0.15532033
v 0.09493189 -0.01509809 0.15392149
v 0.08980075 -0.01509809 0.15483499
v 0.08843454 -0.01509809 0.15393161
v 0.08903949 -0.01509809 0.15336787
v 0.08870352 -0.01509809 0.15360157
v 0.08826913 -0.01509809 0.15432391
v 0.08824077 -0.01509809 0.15593006
v 0.08821757 -0.01509809 0.15751597
v 0.08807434 -0.01509809 0.15788108
v 0.08826130 -0.01509809 0.15712987
v 0.08784800 -0.01509809 0.15818970
v 0.08756867 -0.01509809 0.15841982
v 0.07634011 -0.01509809 0.16558820
v 0.08195439 -0.01509809 0.16200403
v 0.07072583 -0.01509809 0.16917240
v 0.06511155 -0.01509809 0.17275657
v 0.10531533 -0.01509808 0.15991939
v 0.11144921 -0.01509808 0.15679673
v 0.07876689 -0.01509809 0.17066020
v 0.07965804 -0.01509809 0.17020654
v 0.09918146 -0.01509808 0.16304207
v 0.09304758 -0.01509809 0.16616473
v 0.08077982 -0.01509809 0.17241007
v 0.08691370 -0.01509809 0.16928738
v 0.05949726 -0.01509809 0.17634077
v 0.05885430 -0.01509809 0.17722146
v 0.07787574 -0.01509809 0.17111389
v 0.05881533 -0.01509809 0.17778562
v 0.05896766 -0.01509809 0.17828559
v 0.05940126 -0.01509809 0.17880268
v 0.05910297 -0.01509809 0.17670700
v 0.07731582 -0.01509809 0.17231885
v 0.07365051 -0.01509809 0.17603952
v 0.07899751 -0.01509809 0.17331742
v 0.06882383 -0.01509809 0.17664204
v 0.06117887 -0.01509809 0.18014319
v 0.06830350 -0.01509809 0.17876157
v 0.06295648 -0.01509809 0.18148367
v 0.12538765 0.00350167 0.16307342
v 0.12534229 0.00350167 0.16298431
v 0.12561564 0.00350167 0.16284515
v 0.12543303 0.00350167 0.16316253
v 0.12575172 0.00350167 0.16311248
v 0.12547840 0.00350167 0.16325164
v 0.12593434 0.00350167 0.16279511
v 0.12597970 0.00350167 0.16288422
v 0.12602506 0.00350167 0.16297336
v 0.12588896 0.00350167 0.16270600
v 0.14174986 -0.00009828 0.15440703
v 0.14174987 -0.00609820 0.15440703
v 0.14154119 -0.00609820 0.15399709
v 0.14133249 -0.00459822 0.15358715
v 0.14133249 -0.00609820 0.15358715
v 0.14154119 0.00590164 0.15399709
v 0.14174986 0.00590164 0.15440703
v 0.14133249 -0.00309824 0.15358715
v 0.14133249 -0.00009828 0.15358715
v 0.14133249 -0.00159826 0.15358715
v 0.14133249 0.00140170 0.15358715
v 0.14133248 0.00290168 0.15358715
v 0.14133248 0.00440166 0.15358715
v 0.14133248 0.00590164 0.15358715
v 0.09691802 -0.01359811 0.15451656
v 0.09732720 -0.01359810 0.15532033
v 0.09866392 -0.01359810 0.15463981
v 0.09825475 -0.01359810 0.15383607
v 0.09558129 -0.01359811 0.15519709
v 0.09599046 -0.01359811 0.15600085
v 0.11612041 0.00444889 0.16352724
v 0.11614543 0.00430166 0.16351448
v 0.11659911 0.00430166 0.16440565
v 0.11740205 0.00458449 0.16624108
v 0.11604103 0.00458449 0.16356764
v 0.11728120 0.00467357 0.16630260
v 0.11624265 0.00470165 0.16458710
v 0.11592018 0.00467357 0.16362916
v 0.11578898 0.00470165 0.16369596
v 0.11705279 0.00430166 0.16529678
v 0.11748142 0.00444889 0.16620067
v 0.11750645 0.00430166 0.16618795
v 0.11669631 0.00470165 0.16547826
v 0.11715001 0.00470165 0.16636939
v 0.16787435 -0.00612144 0.12722736
v 0.16712172 -0.01013688 0.12954101
v 0.16712172 -0.00612144 0.12954101
v 0.16787435 -0.00210600 0.12722736
v 0.16712172 -0.00210600 0.12954101
v 0.16787435 0.00190945 0.12722736
v 0.16712172 0.00190945 0.12954101
v 0.16787434 0.00592489 0.12722736
v 0.16712172 0.00592489 0.12954101
v 0.16787434 0.00994033 0.12722736
v 0.16712172 0.00994033 0.12954101
v 0.16636905 -0.01013688 0.13185466
v 0.16636905 -0.00612144 0.13185466
v 0.16636905 -0.00210600 0.13185466
v 0.16636905 0.00190945 0.13185466
v 0.16636905 0.00592489 0.13185466
v 0.16636905 0.00994033 0.13185466
v 0.16561643 -0.01013688 0.13416834
v 0.16561643 -0.00612144 0.13416834
v 0.16561643 -0.00210600 0.13416834
v 0.16561642 0.00190945 0.13416834
v 0.16561642 0.00592489 0.13416834
v 0.16561642 0.00994033 0.13416834
v 0.16486378 -0.01013688 0.13648199
v 0.16486378 -0.00612144 0.13648199
v 0.16486378 -0.00210600 0.13648199
v 0.16486378 0.00190945 0.13648199
v 0.16486378 0.00592489 0.13648199
v 0.16486378 0.00994033 0.13648199
v 0.16411113 -0.01013688 0.13879564
v 0.16411113 -0.00612144 0.13879564
v 0.16411113 -0.00210600 0.13879564
v 0.16411113 0.00190945 0.13879564
v 0.16411113 0.00592489 0.13879564
v 0.16411113 0.00994033 0.13879564
v 0.16826315 -0.01404942 0.12603221
v 0.16862701 -0.01134151 0.12491370
v 0.16862701 -0.01415233 0.12491370
v 0.16787435 -0.01013688 0.12722736
v 0.16789929 -0.01394652 0.12715073
v 0.16789964 -0.01388475 0.12714967
v 0.16862701 -0.00853070 0.12491370
v 0.16862701 -0.00571989 0.12491370
v 0.16862701 -0.00290909 0.12491370
v 0.16862701 -0.00009828 0.12491370
v 0.16702174 -0.01363647 0.12984834
v 0.16614383 -0.01338819 0.13254702
v 0.16862701 0.00552335 0.12491370
v 0.16862701 0.00833416 0.12491370
v 0.16862701 0.01114497 0.12491370
v 0.16805694 0.01373269 0.12666609
v 0.16824720 0.01384836 0.12608124
v 0.16843710 0.01390207 0.12549746
v 0.16862701 0.01395578 0.12491370
v 0.16805731 0.01379465 0.12666501
v 0.16862701 0.00271253 0.12491370
v 0.16713972 0.01347329 0.12948566
v 0.16622251 0.01321388 0.13230524
v 0.16526595 -0.01313991 0.13524570
v 0.16438806 -0.01289162 0.13794439
v 0.16417326 -0.01274925 0.13860464
v 0.16335849 -0.00303157 0.14110930
v 0.16335849 -0.00889816 0.14110930
v 0.16335849 -0.00596486 0.14110930
v 0.16397238 -0.01245900 0.13922217
v 0.16364165 -0.01153477 0.14023883
v 0.16351964 -0.01094321 0.14061395
v 0.16343101 -0.01029666 0.14088632
v 0.16337672 -0.00960721 0.14105327
v 0.16335848 -0.00009828 0.14110930
v 0.16530526 0.01295447 0.13512480
v 0.16335848 0.00283502 0.14110930
v 0.16335848 0.00576831 0.14110930
v 0.16438805 0.01269507 0.13794439
v 0.16397191 0.01226158 0.13922360
v 0.16417299 0.01255240 0.13860550
v 0.16335848 0.00870161 0.14110930
v 0.16343044 0.01009476 0.14088808
v 0.16379369 0.01185010 0.13977145
v 0.16351958 0.01074642 0.14061407
v 0.16364109 0.01133595 0.14024055
v 0.12996228 -0.00349190 0.16096896
v 0.12994972 -0.00343297 0.16086316
v 0.12992206 -0.00354571 0.16098944
v 0.12987547 -0.00359270 0.16101318
v 0.12969505 -0.00362682 0.16076837
v 0.12982389 -0.00363160 0.16103942
v 0.12951094 -0.00369823 0.16097433
v 0.12955628 -0.00369823 0.16106344
v 0.12976907 -0.00366161 0.16106734
v 0.12960166 -0.00369823 0.16115255
v 0.12971269 -0.00368246 0.16109603
v 0.12964015 -0.00365826 0.16079632
v 0.12999509 -0.00343297 0.16095227
v 0.12974555 -0.00358718 0.16074267
v 0.12990435 -0.00343297 0.16077404
v 0.12985899 -0.00343297 0.16068493
v 0.12979032 -0.00354058 0.16071988
v 0.12958247 -0.00368072 0.16082568
v 0.12946556 -0.00369823 0.16088522
v 0.08544236 0.00416832 0.18156873
v 0.09279987 -0.00018811 0.17782314
v 0.08544237 -0.00036495 0.18156873
v 0.09107079 -0.00383718 0.17870340
v 0.09079612 -0.00426761 0.17884322
v 0.08949711 -0.00489823 0.17950452
v 0.09061711 -0.00445401 0.17893434
v 0.09203045 0.00870160 0.17821482
v 0.08544236 0.00870160 0.18156873
v 0.08746974 -0.00489823 0.18053663
v 0.08544237 -0.00489823 0.18156873
v 0.08996474 -0.00482816 0.17926646
v 0.09019545 -0.00473831 0.17914900
v 0.09041507 -0.00461256 0.17903722
v 0.09693855 0.00803528 0.17571620
v 0.09724162 0.00827310 0.17556190
v 0.09757104 0.00846172 0.17539419
v 0.09791710 0.00859649 0.17521802
v 0.09861856 0.00870160 0.17486094
v 0.09452895 0.00346096 0.17694289
v 0.09667005 0.00775568 0.17585289
v 0.09625803 0.00711003 0.17606263
v 0.08422311 -0.00589821 0.18303101
v 0.08378165 -0.00596843 0.18297523
v 0.08410967 -0.00589821 0.18280824
v 0.08362204 -0.00606121 0.18305650
v 0.08400849 -0.00596843 0.18342080
v 0.08384887 -0.00606121 0.18350207
v 0.08347954 -0.00619110 0.18312903
v 0.08359064 -0.00635100 0.18363354
v 0.08336379 -0.00635100 0.18318796
v 0.08370638 -0.00619110 0.18357461
v 0.08350794 -0.00653011 0.18367563
v 0.08328110 -0.00653011 0.18323007
v 0.08344538 -0.00689820 0.18370748
v 0.08321852 -0.00689820 0.18326190
v 0.08328110 -0.00726629 0.18323007
v 0.08350794 -0.00726629 0.18367563
v 0.08336379 -0.00744540 0.18318796
v 0.08359064 -0.00744540 0.18363354
v 0.08362204 -0.00773518 0.18305650
v 0.08370638 -0.00760530 0.18357461
v 0.08384887 -0.00773518 0.18350207
v 0.08378165 -0.00782797 0.18297523
v 0.08422311 -0.00789819 0.18303101
v 0.08410967 -0.00789819 0.18280824
v 0.08400849 -0.00782797 0.18342080
v 0.08347954 -0.00760530 0.18312903
v 0.08433652 -0.00789819 0.18325382
v 0.08433652 -0.00589821 0.18325382
v 0.14046014 0.00270168 0.15540023
v 0.14047962 0.00270836 0.15527810
v 0.14041477 0.00270168 0.15531112
v 0.14061402 0.00272977 0.15537802
v 0.14060983 0.00276688 0.15521182
v 0.14054597 0.00272977 0.15524432
v 0.14066682 0.00281884 0.15518280
v 0.14081425 0.00295444 0.15527606
v 0.14050549 0.00270168 0.15548937
v 0.14071313 0.00288280 0.15515924
v 0.14076528 0.00302889 0.15513269
v 0.14074619 0.00295444 0.15514239
v 0.14083927 0.00310168 0.15526333
v 0.14080293 0.00281884 0.15545016
v 0.14076528 0.00317446 0.15513269
v 0.14077123 0.00310168 0.15512967
v 0.14074619 0.00324892 0.15514239
v 0.14081425 0.00324892 0.15527606
v 0.14071313 0.00332056 0.15515924
v 0.14073487 0.00338452 0.15531649
v 0.14066682 0.00338452 0.15518280
v 0.14054597 0.00347359 0.15524432
v 0.14061402 0.00347359 0.15537802
v 0.14047962 0.00349499 0.15527810
v 0.14060983 0.00343647 0.15521182
v 0.14041477 0.00350167 0.15531112
v 0.14046014 0.00350167 0.15540023
v 0.14090138 0.00302889 0.15540002
v 0.14061572 0.00270836 0.15554546
v 0.14055087 0.00270168 0.15557848
v 0.14068208 0.00272977 0.15551168
v 0.14074593 0.00276688 0.15547918
v 0.14084922 0.00288280 0.15542657
v 0.14088230 0.00295444 0.15540976
v 0.14090733 0.00310168 0.15539700
v 0.14090138 0.00317446 0.15540002
v 0.14084922 0.00332056 0.15542657
v 0.14088230 0.00324892 0.15540976
v 0.14074593 0.00343647 0.15547918
v 0.14061572 0.00349499 0.15554546
v 0.14050549 0.00350167 0.15548937
v 0.14080293 0.00338452 0.15545016
v 0.14068208 0.00347359 0.15551168
v 0.14055087 0.00350167 0.15557848
v 0.09039011 -0.00580359 0.17961097
v 0.08995079 -0.00589821 0.18039569
v 0.08972394 -0.00589821 0.17995010
v 0.09072836 -0.00567844 0.17943877
v 0.09065225 -0.00579311 0.18003858
v 0.09099830 -0.00565834 0.17986240
v 0.09105737 -0.00549844 0.17927129
v 0.09132771 -0.00546972 0.17969469
v 0.09164636 -0.00498302 0.17897143
v 0.09163078 -0.00523190 0.17954042
v 0.09136671 -0.00526505 0.17911379
v 0.09231131 -0.00430665 0.17919397
v 0.09188774 -0.00466018 0.17884854
v 0.09208447 -0.00430665 0.17874838
v 0.09189931 -0.00495229 0.17940370
v 0.15036035 0.00570167 0.14936151
v 0.15057331 0.00577381 0.14897257
v 0.15024695 0.00570167 0.14913870
v 0.15087319 0.00599692 0.14881989
v 0.15095905 0.00586733 0.14933725
v 0.15110040 0.00599733 0.14926529
v 0.15073181 0.00586703 0.14889188
v 0.15080050 0.00577396 0.14941797
v 0.15098798 0.00615644 0.14876145
v 0.15121508 0.00615688 0.14920691
v 0.15107000 0.00633492 0.14871970
v 0.15124551 0.00670163 0.14891090
v 0.15113207 0.00670163 0.14868809
v 0.15129697 0.00633530 0.14916523
v 0.15135891 0.00670163 0.14913367
v 0.15047378 0.00570167 0.14958428
v 0.12056473 0.00570164 0.16547258
v 0.12099005 0.00410166 0.16553661
v 0.12099005 0.00550164 0.16553661
v 0.12099005 0.00270168 0.16553661
v 0.12099005 -0.00009828 0.16553661
v 0.12099005 0.00130170 0.16553661
v 0.12056048 -0.00590021 0.16547197
v 0.12099005 -0.00289825 0.16553661
v 0.12099005 -0.00149826 0.16553661
v 0.12013942 -0.00009828 0.16540859
v 0.12013941 0.00590164 0.16540859
v 0.12099005 -0.00569821 0.16553661
v 0.12099005 -0.00429823 0.16553661
v 0.12013942 -0.00609821 0.16540859
v 0.11561388 0.01559248 0.15556484
v 0.16756806 0.01559249 0.12911570
v 0.13293054 0.01578196 0.14639532
v 0.16770601 0.01578197 0.12869164
v 0.15031827 0.01578196 0.13754349
v 0.11554279 0.01578196 0.15524719
v 0.08076731 0.01578195 0.17295089
v 0.06337956 0.01578195 0.18180272
v 0.06365968 0.01559247 0.18201397
v 0.09815505 0.01578195 0.16409903
v 0.15741301 -0.01359809 0.13117822
v 0.15864550 -0.01434808 0.13139507
v 0.15830416 -0.01359809 0.13072456
v 0.15652184 -0.01359809 0.13163189
v 0.15686320 -0.01434808 0.13230242
v 0.15720456 -0.01509807 0.13297293
v 0.15898686 -0.01509807 0.13206560
v 0.11498514 -0.00369824 0.16836920
v 0.11466643 -0.00369824 0.16841925
v 0.11503050 -0.00369824 0.16845831
v 0.11480252 -0.00369824 0.16868658
v 0.11507586 -0.00369824 0.16854742
v 0.11493976 -0.00369824 0.16828009
v 0.11443845 -0.00369824 0.16864751
v 0.11439310 -0.00369824 0.16855837
v 0.11448383 -0.00369824 0.16873662
v 0.11452919 -0.00369824 0.16882573
v 0.16952930 -0.01509807 0.12260193
v 0.16952930 -0.01601865 0.12260193
v 0.16937065 -0.01556064 0.12209817
v 0.16937065 -0.01602320 0.12209817
v 0.16937065 -0.01509807 0.12209817
v 0.16951529 -0.01555634 0.12312991
v 0.16951529 -0.01509807 0.12312991
v 0.16951529 -0.01601460 0.12312991
v 0.09839171 0.00870160 0.17441536
v 0.09791710 0.00859649 0.17521802
v 0.09861856 0.00870160 0.17486094
v 0.09769027 0.00859649 0.17477246
v 0.09757104 0.00846172 0.17539419
v 0.09701479 0.00827310 0.17511633
v 0.09724162 0.00827310 0.17556190
v 0.09671172 0.00803528 0.17527061
v 0.09667005 0.00775568 0.17585289
v 0.09693855 0.00803528 0.17571620
v 0.09625803 0.00711003 0.17606263
v 0.09644321 0.00775568 0.17540730
v 0.09603120 0.00711003 0.17561705
v 0.12908256 -0.00289825 0.16119240
v 0.12903719 -0.00289825 0.16110329
v 0.12915409 -0.00288073 0.16104378
v 0.12926667 -0.00282683 0.16098647
v 0.12934788 -0.00285827 0.16128175
v 0.12921177 -0.00285827 0.16101439
v 0.12929020 -0.00288073 0.16131111
v 0.12912792 -0.00289825 0.16128151
v 0.12917329 -0.00289825 0.16137062
v 0.12947598 -0.00263298 0.16099212
v 0.12931718 -0.00278719 0.16096074
v 0.12936195 -0.00274059 0.16093795
v 0.12943061 -0.00263298 0.16090301
v 0.12945329 -0.00278719 0.16122808
v 0.12956672 -0.00263298 0.16117034
v 0.12949806 -0.00274059 0.16120531
v 0.12952134 -0.00263298 0.16108123
v 0.11657351 0.00088865 0.16744835
v 0.11712974 0.00206253 0.16716519
v 0.11726584 0.00206253 0.16743256
v 0.11670960 0.00088865 0.16771572
v 0.11782208 0.00323641 0.16714936
v 0.11777670 0.00323641 0.16706025
v 0.11773134 0.00323641 0.16697114
v 0.11768598 0.00323641 0.16688203
v 0.11497287 -0.00263299 0.16843155
v 0.11559716 -0.00145911 0.16828205
v 0.11504092 -0.00263299 0.16856522
v 0.11490481 -0.00263299 0.16829788
v 0.11546105 -0.00145911 0.16801472
v 0.11601729 -0.00028523 0.16773153
v 0.11615338 -0.00028523 0.16799888
v 0.14821447 -0.00009828 0.14792920
v 0.14753396 -0.00009828 0.14659244
v 0.14762621 -0.00122643 0.14654548
v 0.14792190 -0.00238043 0.14639497
v 0.14979561 -0.00349093 0.14880743
v 0.14928292 -0.00238043 0.14906844
v 0.14898724 -0.00122643 0.14921895
v 0.15003571 -0.00528758 0.14531886
v 0.15051326 -0.00448228 0.14844209
v 0.14915223 -0.00448228 0.14576862
v 0.15205374 -0.00619469 0.14429151
v 0.15238636 -0.00586289 0.14748850
v 0.15102534 -0.00586289 0.14481506
v 0.15442013 -0.00629820 0.14645312
v 0.15341477 -0.00619469 0.14696495
v 0.15139672 -0.00528758 0.14799233
v 0.14843459 -0.00349093 0.14613396
v 0.14889498 -0.00009828 0.14926591
v 0.15509288 -0.00586289 0.14274432
v 0.15542550 -0.00619469 0.14594133
v 0.15406448 -0.00619469 0.14326786
v 0.15696598 -0.00448228 0.14179074
v 0.15744355 -0.00528758 0.14491395
v 0.15608252 -0.00528758 0.14224050
v 0.15645392 -0.00586289 0.14541778
v 0.15768365 -0.00349093 0.14142540
v 0.15955736 -0.00238043 0.14383785
v 0.15904466 -0.00349093 0.14409887
v 0.15926476 -0.00009828 0.14230363
v 0.15849202 -0.00122643 0.14101386
v 0.15858427 -0.00009828 0.14096690
v 0.15819633 -0.00238043 0.14116439
v 0.15985303 -0.00122643 0.14368732
v 0.15832700 -0.00448228 0.14446420
v 0.15994529 -0.00009828 0.14364037
v 0.14036449 0.00270168 0.15550503
v 0.14029645 0.00270168 0.15537136
v 0.14017955 0.00268416 0.15543087
v 0.14032153 0.00268591 0.15569521
v 0.14043255 0.00270168 0.15563869
v 0.14021032 0.00263505 0.15575185
v 0.14006697 0.00263027 0.15548818
v 0.14011215 0.00254915 0.15580180
v 0.13997109 0.00243642 0.15570531
v 0.13997171 0.00254403 0.15553667
v 0.13990303 0.00243642 0.15557164
v 0.14003914 0.00243642 0.15583897
v 0.13974604 0.01390154 0.13174167
v 0.14029700 0.01490152 0.12951763
v 0.14013893 0.01340154 0.13251342
v 0.14147568 0.01340154 0.13183291
v 0.14241951 0.01390154 0.13038064
v 0.14281240 0.01340154 0.13115240
v 0.13935316 0.01440153 0.13096990
v 0.14163372 0.01490152 0.12883711
v 0.14202662 0.01440153 0.12960889
v 0.13896026 0.01490152 0.13019814
v 0.14036449 0.00270168 0.15550503
v 0.14050549 0.00270168 0.15548937
v 0.14046014 0.00270168 0.15540023
v 0.14043255 0.00270168 0.15563869
v 0.14055087 0.00270168 0.15557848
v 0.14041477 0.00270168 0.15531112
v 0.14029645 0.00270168 0.15537136
v 0.12462354 0.00430166 0.16088158
v 0.12394303 0.00430166 0.15954483
v 0.12392815 0.00448362 0.15955240
v 0.12388047 0.00466975 0.15957669
v 0.12515878 0.00484886 0.16229224
v 0.12524148 0.00466975 0.16225016
v 0.12368201 0.00500876 0.15967770
v 0.12379776 0.00484886 0.15961877
v 0.12528918 0.00448362 0.16222587
v 0.12530405 0.00430166 0.16221830
v 0.12353953 0.00513864 0.15975027
v 0.12474092 0.00523143 0.16250497
v 0.12490054 0.00513864 0.16242371
v 0.12373239 0.00530165 0.16133524
v 0.12321403 0.00528495 0.15991595
v 0.12305188 0.00530165 0.15999852
v 0.12337991 0.00523143 0.15983151
v 0.12457504 0.00528495 0.16258941
v 0.12504303 0.00500876 0.16235117
v 0.12441290 0.00530165 0.16267196
v 0.12192933 -0.00369823 0.16472181
v 0.12206542 -0.00369823 0.16498914
v 0.12227071 -0.00369823 0.16471632
v 0.12233876 -0.00369823 0.16484998
v 0.12220266 -0.00369823 0.16458265
v 0.12172404 -0.00369823 0.16499463
v 0.12165599 -0.00369823 0.16486094
v 0.12179209 -0.00369823 0.16512830
v 0.11641884 -0.00739819 0.16730266
v 0.11880268 -0.00739819 0.16608911
v 0.11873852 -0.00705169 0.16639949
v 0.11765936 -0.00669820 0.16723222
v 0.11867306 -0.00669820 0.16671614
v 0.11664567 -0.00669820 0.16774825
v 0.11403501 -0.00739819 0.16851626
v 0.11563199 -0.00669820 0.16826432
v 0.11432666 -0.00704819 0.16864830
v 0.11461832 -0.00669820 0.16878035
v 0.13307513 -0.00656309 0.15779086
v 0.13341671 -0.00645175 0.15808825
v 0.13322616 -0.00645175 0.15771396
v 0.13332539 -0.00628225 0.15766345
v 0.13351594 -0.00628225 0.15803775
v 0.13335667 -0.00609820 0.15764752
v 0.13345195 -0.00609820 0.15783469
v 0.13300637 -0.00659820 0.15806152
v 0.13291109 -0.00659820 0.15787436
v 0.13326565 -0.00656309 0.15816516
v 0.13310164 -0.00659820 0.15824865
v 0.13354722 -0.00609820 0.15802182
v 0.13466307 0.00626732 0.15595014
v 0.13535842 0.00644546 0.15671823
v 0.13511674 0.00626732 0.15684127
v 0.13495799 0.00599612 0.15692208
v 0.13450431 0.00599612 0.15603095
v 0.13445427 0.00570164 0.15605643
v 0.13468109 0.00570164 0.15650201
v 0.13539401 0.00650163 0.15613908
v 0.13490476 0.00644546 0.15582710
v 0.13516718 0.00650163 0.15569349
v 0.13562086 0.00650163 0.15658463
v 0.13490793 0.00570164 0.15694759
v 0.12265916 -0.00354571 0.16468688
v 0.12243215 -0.00362682 0.16446580
v 0.12256099 -0.00363160 0.16473686
v 0.12231957 -0.00368072 0.16452312
v 0.12244978 -0.00368246 0.16479347
v 0.12233876 -0.00369823 0.16484998
v 0.12227071 -0.00369823 0.16471632
v 0.12266414 -0.00343298 0.16451604
v 0.12273219 -0.00343298 0.16464970
v 0.12252743 -0.00354058 0.16441732
v 0.12259609 -0.00343298 0.16438237
v 0.12220266 -0.00369823 0.16458265
v 0.08521552 -0.00889817 0.18112315
v 0.08544237 -0.00889817 0.18156873
v 0.08527215 -0.01092877 0.18123435
v 0.08476185 -0.00889817 0.18023201
v 0.08521552 -0.00489823 0.18112315
v 0.08544237 -0.00036495 0.18156873
v 0.08544237 -0.00489823 0.18156873
v 0.08473198 -0.00963764 0.18017330
v 0.08463656 -0.01039276 0.17998589
v 0.08473439 -0.01280969 0.18017803
v 0.08447163 -0.01112123 0.17966189
v 0.08424076 -0.01177717 0.17920840
v 0.08476184 -0.00449823 0.18023201
v 0.08476184 -0.00009829 0.18023201
v 0.08476184 0.00430165 0.18023201
v 0.08544236 0.00416832 0.18156873
v 0.08544236 0.00870160 0.18156873
v 0.08527215 0.01073220 0.18123435
v 0.08476184 0.00870160 0.18023201
v 0.08473197 0.00944106 0.18017330
v 0.08463656 0.01019619 0.17998589
v 0.08473438 0.01261310 0.18017803
v 0.08424076 0.01158059 0.17920840
v 0.08447163 0.01092465 0.17966189
v 0.08391037 0.01389526 0.17855942
v 0.08329714 -0.01297038 0.17735484
v 0.08391037 -0.01409184 0.17855942
v 0.08299929 -0.01457279 0.17676979
v 0.08296369 -0.01307487 0.17669983
v 0.08363426 -0.01272087 0.17801707
v 0.08395566 -0.01231968 0.17864838
v 0.08077982 -0.01509809 0.17241007
v 0.08131086 -0.01333649 0.17345318
v 0.08100225 -0.01480349 0.17284701
v 0.07965804 -0.01509809 0.17020654
v 0.07965804 -0.01359811 0.17020654
v 0.08363425 0.01252430 0.17801707
v 0.08329713 0.01277379 0.17735484
v 0.08395565 0.01212310 0.17864838
v 0.08299929 0.01437622 0.17676979
v 0.08296368 0.01287829 0.17669983
v 0.08131086 0.01313992 0.17345318
v 0.07965803 0.01340153 0.17020654
v 0.08077981 0.01490151 0.17241007
v 0.07965803 0.01415152 0.17020654
v 0.08100224 0.01460691 0.17284701
v 0.07965803 0.01490151 0.17020654
v 0.11289240 -0.00589821 0.16759433
v 0.11289239 0.00570164 0.16759433
v 0.11311923 -0.00203159 0.16803988
v 0.11311923 0.00570164 0.16803988
v 0.11311923 0.00183502 0.16803988
v 0.11311923 -0.00589821 0.16803988
v 0.11266556 -0.00203159 0.16714874
v 0.11266556 -0.00589821 0.16714874
v 0.11266556 0.00183502 0.16714874
v 0.11266556 0.00570164 0.16714874
v 0.13782645 0.00650163 0.15546180
v 0.13539401 0.00650163 0.15613908
v 0.13516718 0.00650163 0.15569349
v 0.13562086 0.00650163 0.15658463
v 0.13737278 0.00650163 0.15457066
v 0.13972960 0.00650163 0.15374485
v 0.13988084 0.00650163 0.15404191
v 0.14003206 0.00650163 0.15433896
v 0.13957839 0.00650163 0.15344780
v 0.12907930 0.00470166 0.15861321
v 0.12839879 0.00470166 0.15727646
v 0.12935679 0.00470166 0.15678877
v 0.13122212 0.00470166 0.15808339
v 0.12975981 0.00470166 0.15994993
v 0.13076845 0.00470166 0.15719222
v 0.13031477 0.00470166 0.15630109
v 0.13167580 0.00470166 0.15897452
v 0.09599046 0.01340154 0.15600085
v 0.09558128 0.01340154 0.15519709
v 0.09688161 0.01340154 0.15554716
v 0.09691802 0.01340154 0.15451656
v 0.09866391 0.01340154 0.15463981
v 0.09825474 0.01340154 0.15383607
v 0.09777276 0.01340154 0.15509350
v 0.13508779 -0.00609820 0.15708044
v 0.13515130 -0.00476488 0.15720519
v 0.13515130 -0.00609820 0.15720519
v 0.13515130 -0.00209826 0.15720519
v 0.13515130 -0.00343157 0.15720519
v 0.13515130 -0.00076494 0.15720519
v 0.13515130 0.00056838 0.15720519
v 0.13505602 0.00590164 0.15701806
v 0.13515130 0.00190169 0.15720519
v 0.13515130 0.00323501 0.15720519
v 0.13515130 0.00456832 0.15720519
v 0.13515130 0.00590164 0.15720519
v 0.13496076 -0.00459822 0.15683093
v 0.13502426 -0.00609820 0.15695568
v 0.13496076 -0.00609820 0.15683093
v 0.13496076 -0.00309824 0.15683093
v 0.13496076 -0.00159826 0.15683093
v 0.13496076 -0.00009828 0.15683093
v 0.13496076 0.00140170 0.15683093
v 0.13496076 0.00290168 0.15683093
v 0.13496076 0.00440166 0.15683093
v 0.13496076 0.00590164 0.15683093
v 0.12907930 -0.00489822 0.15861321
v 0.13122212 -0.00489822 0.15808339
v 0.13076845 -0.00489822 0.15719222
v 0.12975981 -0.00489822 0.15994993
v 0.13167580 -0.00489822 0.15897452
v 0.13031477 -0.00489822 0.15630108
v 0.12935679 -0.00489822 0.15678877
v 0.12839879 -0.00489822 0.15727646
v 0.11361553 -0.00737648 0.16821364
v 0.11389589 -0.00739819 0.16824297
v 0.11382420 -0.00737648 0.16862359
v 0.11403501 -0.00739819 0.16851626
v 0.11375676 -0.00739819 0.16796970
v 0.11360856 -0.00730691 0.16873336
v 0.11319237 -0.00718629 0.16842907
v 0.11321584 -0.00701743 0.16893330
v 0.11300713 -0.00701743 0.16852336
v 0.11340108 -0.00718629 0.16883900
v 0.11319119 -0.00730691 0.16791347
v 0.11340682 -0.00737648 0.16780371
v 0.11361764 -0.00739819 0.16769641
v 0.11298370 -0.00718629 0.16801912
v 0.11279846 -0.00701743 0.16811342
v 0.11264798 -0.00680957 0.16819005
v 0.11306536 -0.00680957 0.16900990
v 0.11274917 -0.00657672 0.16865470
v 0.11295784 -0.00657672 0.16906462
v 0.11268716 -0.00633475 0.16868626
v 0.11289586 -0.00633475 0.16909620
v 0.11287652 -0.00609821 0.16910603
v 0.11273739 -0.00609821 0.16883274
v 0.11254047 -0.00657672 0.16824476
v 0.11285665 -0.00680957 0.16859996
v 0.11247847 -0.00633475 0.16827632
v 0.11259826 -0.00609821 0.16855946
v 0.11245914 -0.00609821 0.16828617
v 0.11304442 0.00466975 0.16509317
v 0.11298184 0.00430166 0.16512503
v 0.11299672 0.00448362 0.16511743
v 0.11312710 0.00484886 0.16505106
v 0.11351654 0.00430166 0.16485282
v 0.11351017 0.00375881 0.16485605
v 0.11324286 0.00500875 0.16499213
v 0.11298184 0.00210169 0.16512503
v 0.11298184 0.00320167 0.16512503
v 0.11351017 0.00067313 0.16485605
v 0.11298184 0.00100170 0.16512503
v 0.11351654 0.00320167 0.16485282
v 0.11351654 0.00210169 0.16485282
v 0.11298184 -0.00009829 0.16512503
v 0.11338536 0.00513864 0.16491959
v 0.11371084 0.00528495 0.16475388
v 0.11362095 0.00458449 0.16479966
v 0.11354496 0.00523143 0.16483836
v 0.11387299 0.00530164 0.16467134
v 0.11374178 0.00467357 0.16473814
v 0.11387299 0.00470165 0.16467134
v 0.11483099 0.00470165 0.16418365
v 0.11483099 0.00530164 0.16418365
v 0.11578898 0.00530164 0.16369596
v 0.11351654 0.00100170 0.16485282
v 0.11354158 0.00444889 0.16484006
v 0.11351017 -0.00086970 0.16485605
v 0.11298184 -0.00119827 0.16512503
v 0.11351017 -0.00241254 0.16485605
v 0.11298184 -0.00229826 0.16512503
v 0.11298184 -0.00339824 0.16512503
v 0.11351654 -0.00229826 0.16485282
v 0.11351654 -0.00119827 0.16485282
v 0.11351017 -0.00395538 0.16485605
v 0.11298184 -0.00449823 0.16512503
v 0.11299672 -0.00468019 0.16511743
v 0.11304442 -0.00486632 0.16509317
v 0.11312711 -0.00504543 0.16505106
v 0.11324286 -0.00520532 0.16499213
v 0.11351654 -0.00449823 0.16485282
v 0.11338536 -0.00533521 0.16491959
v 0.11351654 -0.00339824 0.16485282
v 0.11354496 -0.00542800 0.16483835
v 0.11354158 -0.00464546 0.16484006
v 0.11362095 -0.00478107 0.16479966
v 0.11371084 -0.00548152 0.16475388
v 0.11387299 -0.00549821 0.16467134
v 0.11374179 -0.00487014 0.16473814
v 0.11387299 -0.00489822 0.16467134
v 0.11483099 -0.00489822 0.16418365
v 0.11351654 -0.00009829 0.16485282
v 0.11578898 0.00470165 0.16369596
v 0.11592018 0.00467357 0.16362916
v 0.11595113 0.00528495 0.16361339
v 0.11604103 0.00458449 0.16356764
v 0.11611701 0.00523143 0.16352895
v 0.11612041 0.00444889 0.16352724
v 0.11627663 0.00513864 0.16344771
v 0.11614543 0.00430166 0.16351448
v 0.11615181 0.00375881 0.16351125
v 0.11614543 0.00320167 0.16351448
v 0.11614543 -0.00009829 0.16351448
v 0.11614543 0.00100170 0.16351448
v 0.11615181 0.00067314 0.16351125
v 0.11614543 0.00210169 0.16351448
v 0.11614543 -0.00119827 0.16351448
v 0.11615181 -0.00086970 0.16351125
v 0.11653486 0.00484886 0.16331621
v 0.11641911 0.00500876 0.16337514
v 0.11668013 0.00430166 0.16324227
v 0.11661757 0.00466975 0.16327413
v 0.11666526 0.00448362 0.16324984
v 0.11668013 0.00210169 0.16324227
v 0.11668013 0.00320167 0.16324227
v 0.11668013 0.00100170 0.16324227
v 0.11668013 -0.00009829 0.16324227
v 0.11611701 -0.00542800 0.16352895
v 0.11604103 -0.00478107 0.16356764
v 0.11612041 -0.00464546 0.16352724
v 0.11595113 -0.00548152 0.16361339
v 0.11592019 -0.00487014 0.16362916
v 0.11615181 -0.00241254 0.16351125
v 0.11614543 -0.00339824 0.16351448
v 0.11614543 -0.00229826 0.16351448
v 0.11627663 -0.00533521 0.16344771
v 0.11483099 -0.00549821 0.16418365
v 0.11578898 -0.00489822 0.16369596
v 0.11578898 -0.00549821 0.16369596
v 0.11614543 -0.00449823 0.16351448
v 0.11615181 -0.00395538 0.16351125
v 0.11668013 -0.00339824 0.16324227
v 0.11668013 -0.00119827 0.16324227
v 0.11668013 -0.00229826 0.16324227
v 0.11668013 -0.00449822 0.16324227
v 0.11641911 -0.00520532 0.16337514
v 0.11653486 -0.00504543 0.16331621
v 0.11661757 -0.00486632 0.16327413
v 0.11666527 -0.00468019 0.16324984
v 0.11366235 -0.00449823 0.16646175
v 0.11298184 -0.00339824 0.16512503
v 0.11298184 -0.00449823 0.16512503
v 0.11298184 -0.00119827 0.16512503
v 0.11298184 -0.00229826 0.16512503
v 0.11366235 0.00430166 0.16646175
v 0.11298184 0.00100170 0.16512503
v 0.11298184 -0.00009829 0.16512503
v 0.11298184 0.00320167 0.16512503
v 0.11298184 0.00210169 0.16512503
v 0.11298184 0.00430166 0.16512503
v 0.11434287 -0.00324110 0.16779846
v 0.11434288 -0.00449823 0.16779846
v 0.11434287 -0.00198397 0.16779846
v 0.11434287 -0.00072685 0.16779846
v 0.11434287 0.00053028 0.16779846
v 0.11434287 0.00178741 0.16779846
v 0.11434287 0.00304453 0.16779846
v 0.11434287 0.00430166 0.16779846
v 0.14174987 -0.00609820 0.15440703
v 0.14135289 -0.00429823 0.15517017
v 0.14135289 -0.00569820 0.15517017
v 0.14135289 -0.00289824 0.15517017
v 0.14174986 -0.00009828 0.15440703
v 0.14135289 -0.00009828 0.15517017
v 0.14135289 -0.00149826 0.15517017
v 0.14135289 0.00130170 0.15517017
v 0.14135289 0.00270168 0.15517017
v 0.14174986 0.00590164 0.15440703
v 0.14135289 0.00550165 0.15517017
v 0.14135289 0.00410166 0.15517017
v 0.08822024 -0.01559441 0.15473024
v 0.08822024 -0.01509809 0.15473024
v 0.08826913 -0.01509809 0.15432391
v 0.08826913 -0.01609369 0.15432391
v 0.08822024 -0.01609072 0.15473024
v 0.08843454 -0.01509809 0.15393161
v 0.08843454 -0.01609608 0.15393161
v 0.08870352 -0.01509809 0.15360157
v 0.08870352 -0.01609759 0.15360157
v 0.08903949 -0.01559808 0.15336787
v 0.08903949 -0.01509809 0.15336787
v 0.08903949 -0.01609807 0.15336787
v 0.08021291 -0.00789819 0.18507255
v 0.07631483 -0.00789819 0.18677648
v 0.08032633 -0.00789819 0.18529536
v 0.08009949 -0.00789819 0.18484978
v 0.07253016 -0.00789819 0.18870321
v 0.07665033 -0.00789819 0.18716674
v 0.07297432 -0.00789819 0.18903815
v 0.13483312 0.00466975 0.15400086
v 0.13477053 0.00430166 0.15403272
v 0.13478542 0.00448362 0.15402515
v 0.13491579 0.00484886 0.15395874
v 0.13503155 0.00500876 0.15389982
v 0.13530522 0.00430166 0.15376051
v 0.13517404 0.00513864 0.15382728
v 0.13529887 0.00375881 0.15376374
v 0.13477053 0.00210169 0.15403272
v 0.13477053 0.00320168 0.15403272
v 0.13477053 0.00100171 0.15403272
v 0.13529887 0.00067314 0.15376374
v 0.13530522 0.00320168 0.15376051
v 0.13530522 0.00210169 0.15376051
v 0.13477053 -0.00009828 0.15403272
v 0.13533026 0.00444890 0.15374775
v 0.13549952 0.00528496 0.15366157
v 0.13540963 0.00458450 0.15370735
v 0.13533366 0.00523143 0.15374604
v 0.13566169 0.00530165 0.15357902
v 0.13553047 0.00467357 0.15364582
v 0.13661969 0.00470166 0.15309134
v 0.13566169 0.00470166 0.15357902
v 0.13661969 0.00530165 0.15309134
v 0.13530522 0.00100171 0.15376051
v 0.13530522 -0.00009828 0.15376051
v 0.13529887 -0.00086970 0.15376374
v 0.13477053 -0.00119827 0.15403272
v 0.13529888 -0.00241254 0.15376374
v 0.13477053 -0.00229825 0.15403272
v 0.13477053 -0.00339824 0.15403272
v 0.13530522 -0.00119827 0.15376051
v 0.13530522 -0.00229825 0.15376051
v 0.13529888 -0.00395537 0.15376374
v 0.13477053 -0.00449822 0.15403272
v 0.13478542 -0.00468018 0.15402515
v 0.13483312 -0.00486631 0.15400086
v 0.13491579 -0.00504542 0.15395874
v 0.13503155 -0.00520532 0.15389982
v 0.13530523 -0.00449822 0.15376051
v 0.13517405 -0.00533521 0.15382728
v 0.13530522 -0.00339824 0.15376051
v 0.13533027 -0.00464546 0.15374775
v 0.13533367 -0.00542800 0.15374604
v 0.13549952 -0.00548151 0.15366157
v 0.13540963 -0.00478106 0.15370735
v 0.13553047 -0.00487013 0.15364582
v 0.13566169 -0.00489822 0.15357902
v 0.13566169 -0.00549821 0.15357902
v 0.13661969 -0.00489822 0.15309134
v 0.13661969 -0.00549821 0.15309134
v 0.13757766 0.00470166 0.15260365
v 0.13757766 0.00530165 0.15260365
v 0.13770888 0.00467357 0.15253685
v 0.13773983 0.00528496 0.15252107
v 0.13782973 0.00458450 0.15247533
v 0.13790569 0.00523144 0.15243663
v 0.13790911 0.00444890 0.15243492
v 0.13806533 0.00513864 0.15235539
v 0.13793413 0.00430166 0.15242216
v 0.13793413 0.00320168 0.15242216
v 0.13794050 0.00375881 0.15241893
v 0.13793413 0.00210169 0.15242216
v 0.13794050 0.00067314 0.15241893
v 0.13793413 0.00100171 0.15242216
v 0.13793413 -0.00009828 0.15242216
v 0.13832357 0.00484886 0.15222393
v 0.13820782 0.00500876 0.15228283
v 0.13846882 0.00430166 0.15214996
v 0.13840626 0.00466975 0.15218182
v 0.13845395 0.00448362 0.15215752
v 0.13846882 0.00320168 0.15214996
v 0.13846883 0.00210169 0.15214996
v 0.13846883 -0.00009828 0.15214996
v 0.13794050 -0.00086970 0.15241893
v 0.13846883 0.00100171 0.15214996
v 0.13793413 -0.00119827 0.15242216
v 0.13793413 -0.00339824 0.15242216
v 0.13793413 -0.00229825 0.15242216
v 0.13794050 -0.00241254 0.15241893
v 0.13790569 -0.00542800 0.15243663
v 0.13782973 -0.00478106 0.15247532
v 0.13790911 -0.00464546 0.15243492
v 0.13794050 -0.00395537 0.15241893
v 0.13793413 -0.00449822 0.15242216
v 0.13806533 -0.00533521 0.15235539
v 0.13757766 -0.00549821 0.15260365
v 0.13757766 -0.00489822 0.15260365
v 0.13770888 -0.00487013 0.15253685
v 0.13773983 -0.00548151 0.15252107
v 0.13846883 -0.00119827 0.15214996
v 0.13846883 -0.00229825 0.15214995
v 0.13846883 -0.00339824 0.15214995
v 0.13820782 -0.00520532 0.15228283
v 0.13832357 -0.00504542 0.15222393
v 0.13846883 -0.00449822 0.15214995
v 0.13840627 -0.00486631 0.15218181
v 0.13845395 -0.00468018 0.15215752
v 0.13426715 0.00613819 0.15718401
v 0.13496076 0.00590164 0.15683093
v 0.13424782 0.00590164 0.15719386
v 0.13432916 0.00638015 0.15715245
v 0.13458714 0.00682086 0.15702111
v 0.13443666 0.00661300 0.15709774
v 0.13424782 0.00440166 0.15719386
v 0.13424782 0.00290168 0.15719386
v 0.13496076 0.00290168 0.15683093
v 0.13424782 0.00140170 0.15719386
v 0.13496076 0.00140170 0.15683093
v 0.13496076 -0.00009828 0.15683093
v 0.13424783 -0.00009828 0.15719386
v 0.13496076 -0.00159826 0.15683093
v 0.13424783 -0.00159826 0.15719386
v 0.13496076 0.00440166 0.15683093
v 0.13477239 0.00698972 0.15692681
v 0.13499204 0.00608568 0.15681500
v 0.13497989 0.00711035 0.15682119
v 0.13519552 0.00717992 0.15671139
v 0.13524230 0.00636653 0.15668759
v 0.13540633 0.00720162 0.15660410
v 0.13540633 0.00640163 0.15660410
v 0.13779016 0.00640163 0.15539051
v 0.13659825 0.00640163 0.15599730
v 0.13659825 0.00720162 0.15599730
v 0.13779016 0.00720162 0.15539051
v 0.13509125 0.00625519 0.15676449
v 0.13496076 -0.00309824 0.15683093
v 0.13424783 -0.00459822 0.15719386
v 0.13424783 -0.00309824 0.15719386
v 0.13496076 -0.00459822 0.15683093
v 0.13424783 -0.00609820 0.15719386
v 0.13496076 -0.00609820 0.15683093
v 0.13443666 -0.00680957 0.15709774
v 0.13432916 -0.00657672 0.15715245
v 0.13426715 -0.00633475 0.15718401
v 0.13496819 -0.00618918 0.15682714
v 0.13458714 -0.00701743 0.15702111
v 0.13499204 -0.00628225 0.15681500
v 0.13477239 -0.00718628 0.15692681
v 0.13509125 -0.00645175 0.15676449
v 0.13497989 -0.00730691 0.15682119
v 0.13503339 -0.00637180 0.15679394
v 0.13519553 -0.00737648 0.15671139
v 0.13524231 -0.00656309 0.15668759
v 0.13532525 -0.00658984 0.15664536
v 0.13516251 -0.00651669 0.15672821
v 0.13540633 -0.00739818 0.15660410
v 0.13540633 -0.00659820 0.15660410
v 0.13659825 -0.00739818 0.15599730
v 0.13659825 -0.00659820 0.15599730
v 0.13779016 -0.00739818 0.15539051
v 0.13779016 -0.00659820 0.15539051
v 0.13898208 0.00720162 0.15478371
v 0.13898208 0.00640163 0.15478371
v 0.14017399 0.00640163 0.15417695
v 0.14017399 0.00720162 0.15417695
v 0.14038480 0.00717992 0.15406962
v 0.14033800 0.00636653 0.15409342
v 0.14060044 0.00711035 0.15395985
v 0.14048906 0.00625519 0.15401652
v 0.14133249 -0.00009828 0.15358715
v 0.14061957 -0.00159826 0.15395009
v 0.14061957 -0.00009828 0.15395009
v 0.14080793 0.00698972 0.15385420
v 0.14058829 0.00608568 0.15396602
v 0.14061957 0.00590164 0.15395009
v 0.14099317 0.00682087 0.15375991
v 0.14114365 0.00661300 0.15368328
v 0.14125116 0.00638016 0.15362856
v 0.14131316 0.00613819 0.15359701
v 0.14133248 0.00590164 0.15358715
v 0.14061957 0.00290168 0.15395009
v 0.14133249 0.00140170 0.15358715
v 0.14061957 0.00140170 0.15395009
v 0.14133248 0.00440166 0.15358715
v 0.14133248 0.00290168 0.15358715
v 0.14061957 0.00440166 0.15395009
v 0.14133249 -0.00159826 0.15358715
v 0.14038481 -0.00737648 0.15406962
v 0.14033801 -0.00656309 0.15409342
v 0.14041783 -0.00651669 0.15405281
v 0.14025508 -0.00658984 0.15413566
v 0.14054694 -0.00637180 0.15398707
v 0.14080793 -0.00718628 0.15385420
v 0.14048907 -0.00645175 0.15401652
v 0.14060044 -0.00730691 0.15395985
v 0.13898208 -0.00659820 0.15478371
v 0.14017399 -0.00739818 0.15417695
v 0.13898208 -0.00739818 0.15478371
v 0.14017399 -0.00659819 0.15417695
v 0.14058829 -0.00628225 0.15396602
v 0.14061957 -0.00309824 0.15395009
v 0.14133249 -0.00459822 0.15358715
v 0.14061957 -0.00459822 0.15395009
v 0.14133249 -0.00309824 0.15358715
v 0.14061957 -0.00609820 0.15395009
v 0.14133249 -0.00609820 0.15358715
v 0.14099317 -0.00701743 0.15375991
v 0.14114365 -0.00680956 0.15368328
v 0.14061212 -0.00618918 0.15395387
v 0.14125116 -0.00657671 0.15362856
v 0.14131316 -0.00633475 0.15359701
v 0.11562423 0.00720162 0.16770719
v 0.11403501 0.00720162 0.16851626
v 0.11563199 0.00650163 0.16826432
v 0.11461831 0.00650163 0.16878035
v 0.11432373 0.00685512 0.16864699
v 0.11664567 0.00650163 0.16774825
v 0.11721345 0.00720162 0.16689817
v 0.11873788 0.00685162 0.16640264
v 0.11880268 0.00720162 0.16608911
v 0.11867305 0.00650163 0.16671614
v 0.11765936 0.00650163 0.16723222
v 0.14777115 0.00870161 0.14927698
v 0.15179641 0.00870161 0.14778884
v 0.15156956 0.00870161 0.14734326
v 0.14397273 0.00870161 0.15121071
v 0.14017430 0.00870161 0.15314443
v 0.13637589 0.00870161 0.15507815
v 0.12520747 0.00870160 0.16132488
v 0.13257749 0.00870161 0.15701188
v 0.12877905 0.00870160 0.15894560
v 0.12498063 0.00870160 0.16087929
v 0.12118222 0.00870160 0.16281302
v 0.11738381 0.00870160 0.16474674
v 0.11358538 0.00870160 0.16668046
v 0.10978697 0.00870160 0.16861419
v 0.09861856 0.00870160 0.17486094
v 0.10598855 0.00870160 0.17054791
v 0.10219014 0.00870160 0.17248163
v 0.09839171 0.00870160 0.17441536
v 0.12046623 -0.00628225 0.16420987
v 0.12043495 -0.00609820 0.16422580
v 0.12053023 -0.00609820 0.16441294
v 0.12075599 -0.00645175 0.16453363
v 0.12056546 -0.00645175 0.16415937
v 0.12090705 -0.00656309 0.16445673
v 0.12071651 -0.00656309 0.16408247
v 0.12097581 -0.00659820 0.16418611
v 0.12088054 -0.00659820 0.16399897
v 0.12065678 -0.00628225 0.16458417
v 0.12107108 -0.00659820 0.16437324
v 0.12062550 -0.00609820 0.16460007
v 0.14918048 0.00274718 0.14575425
v 0.14843459 0.00329438 0.14613396
v 0.14915223 0.00428573 0.14576862
v 0.14978238 0.00357863 0.14544783
v 0.15003571 0.00509102 0.14531886
v 0.14875047 0.00181579 0.14597314
v 0.14762621 0.00102988 0.14654548
v 0.14792190 0.00218388 0.14639497
v 0.14850249 0.00084792 0.14609939
v 0.14753396 -0.00009828 0.14659244
v 0.15205374 0.00599813 0.14429151
v 0.15135335 0.00473656 0.14464804
v 0.15102534 0.00566634 0.14481506
v 0.15221589 0.00501484 0.14420896
v 0.15305911 0.00610164 0.14377968
v 0.15406448 0.00599813 0.14326786
v 0.15305911 0.00510165 0.14377968
v 0.15052334 0.00425404 0.14507061
v 0.14850249 -0.00104447 0.14609939
v 0.14762621 -0.00122643 0.14654548
v 0.14842513 -0.00009828 0.14613879
v 0.14792190 -0.00238043 0.14639497
v 0.14875047 -0.00201234 0.14597314
v 0.14843459 -0.00349093 0.14613396
v 0.14915223 -0.00448228 0.14576862
v 0.14918048 -0.00294373 0.14575424
v 0.14978238 -0.00377518 0.14544783
v 0.15003571 -0.00528758 0.14531886
v 0.15102534 -0.00586289 0.14481506
v 0.15052335 -0.00445060 0.14507061
v 0.15135335 -0.00493311 0.14464804
v 0.15305911 -0.00629820 0.14377968
v 0.15205374 -0.00619469 0.14429151
v 0.15221589 -0.00521140 0.14420896
v 0.15476487 0.00473656 0.14291130
v 0.15390234 0.00501484 0.14335041
v 0.15509288 0.00566634 0.14274432
v 0.15608252 0.00509103 0.14224050
v 0.15559489 0.00425404 0.14248875
v 0.15633585 0.00357863 0.14211154
v 0.15696598 0.00428573 0.14179074
v 0.15693774 0.00274718 0.14180512
v 0.15768365 0.00329438 0.14142540
v 0.15736774 0.00181579 0.14158623
v 0.15819633 0.00218388 0.14116439
v 0.15849202 0.00102988 0.14101386
v 0.15858427 -0.00009828 0.14096690
v 0.15769311 -0.00009828 0.14142058
v 0.15761575 0.00084792 0.14145996
v 0.15761575 -0.00104447 0.14145996
v 0.15476487 -0.00493311 0.14291130
v 0.15509288 -0.00586289 0.14274432
v 0.15390235 -0.00521140 0.14335041
v 0.15559489 -0.00445060 0.14248875
v 0.15608252 -0.00528758 0.14224050
v 0.15696598 -0.00448228 0.14179074
v 0.15406448 -0.00619469 0.14326786
v 0.15305911 -0.00529821 0.14377968
v 0.15849202 -0.00122643 0.14101386
v 0.15736774 -0.00201234 0.14158623
v 0.15819633 -0.00238043 0.14116439
v 0.15693774 -0.00294373 0.14180512
v 0.15768365 -0.00349093 0.14142540
v 0.15633585 -0.00377518 0.14211154
v 0.11659911 -0.00449823 0.16440565
v 0.11614543 -0.00339824 0.16351448
v 0.11614543 -0.00449823 0.16351448
v 0.11614543 -0.00119827 0.16351448
v 0.11614543 -0.00229826 0.16351448
v 0.11659911 0.00430166 0.16440565
v 0.11614543 0.00100170 0.16351448
v 0.11614543 -0.00009829 0.16351448
v 0.11614543 0.00320167 0.16351448
v 0.11614543 0.00210169 0.16351448
v 0.11705279 -0.00449822 0.16529678
v 0.11750645 -0.00449822 0.16618795
v 0.11750645 -0.00009829 0.16618795
v 0.11705279 0.00430166 0.16529678
v 0.11614543 0.00430166 0.16351448
v 0.11750645 0.00430166 0.16618795
v 0.16427932 -0.01065038 0.14151128
v 0.16418133 -0.00889816 0.14181249
v 0.16420477 -0.00976557 0.14174048
v 0.16440798 -0.01150535 0.14111574
v 0.16458810 -0.01227944 0.14056209
v 0.16481095 -0.01292689 0.13987703
v 0.16559465 -0.01388404 0.13746787
v 0.16418133 -0.00009828 0.14181249
v 0.16427932 0.01045384 0.14151129
v 0.16420475 0.00956902 0.14174048
v 0.16418133 0.00870161 0.14181249
v 0.16506321 0.01321923 0.13910157
v 0.16481094 0.01273034 0.13987703
v 0.16440798 0.01130881 0.14111574
v 0.16458808 0.01208289 0.14056209
v 0.16559464 0.01368749 0.13746788
v 0.16506321 -0.01341578 0.13910156
v 0.16532938 -0.01373299 0.13828332
v 0.16687163 -0.01424519 0.13354234
v 0.16814861 -0.01460635 0.12961685
v 0.16942561 -0.00009828 0.12569132
v 0.16687163 0.01404865 0.13354237
v 0.16942561 -0.01496750 0.12569132
v 0.16532938 0.01353645 0.13828333
v 0.16814861 0.01440981 0.12961685
v 0.16942560 0.01477096 0.12569132
v 0.07208599 0.00870159 0.18836825
v 0.07297431 0.00870159 0.18903815
v 0.07258235 0.01108954 0.18874258
v 0.07175270 0.01073220 0.18811691
v 0.07297431 0.00578163 0.18903815
v 0.07208599 0.00576830 0.18836825
v 0.07297432 0.00286167 0.18903815
v 0.07208599 0.00283500 0.18836825
v 0.07297432 -0.00005829 0.18903815
v 0.07069973 0.01261310 0.18732288
v 0.07134410 0.01330145 0.18780878
v 0.06944668 0.01480923 0.18637797
v 0.07208599 -0.00009829 0.18836825
v 0.07206635 0.01225343 0.18835345
v 0.07297432 -0.00297825 0.18903815
v 0.07297432 -0.00589822 0.18903815
v 0.07253016 -0.00589822 0.18870321
v 0.07208599 -0.00303158 0.18836825
v 0.07253016 -0.00789819 0.18870321
v 0.07297432 -0.00889818 0.18903815
v 0.07297432 -0.00789819 0.18903815
v 0.07208599 -0.00889818 0.18836825
v 0.07258236 -0.01128612 0.18874258
v 0.07208599 -0.00596488 0.18836825
v 0.07134410 -0.01349804 0.18780878
v 0.07206636 -0.01245001 0.18835345
v 0.07175270 -0.01092878 0.18811691
v 0.06944669 -0.01500581 0.18637797
v 0.07069973 -0.01280969 0.18732288
v 0.06908626 0.01389525 0.18610615
v 0.06550425 0.01548365 0.18340496
v 0.06730233 0.01437622 0.18476091
v 0.06734882 0.01537483 0.18479594
v 0.06365968 0.01559247 0.18201397
v 0.06534717 0.01449157 0.18328652
v 0.06339202 0.01460690 0.18181213
v 0.06337956 0.01578195 0.18180272
v 0.06139041 0.01580149 0.18030270
v 0.06295647 0.01490151 0.18148367
v 0.05940126 0.01582103 0.17880268
v 0.06117887 0.01490151 0.18014319
v 0.05940126 0.01536126 0.17880268
v 0.05940126 0.01490151 0.17880268
v 0.06550426 -0.01568024 0.18340496
v 0.06730234 -0.01457280 0.18476091
v 0.06534717 -0.01468815 0.18328652
v 0.06734883 -0.01557142 0.18479594
v 0.06908626 -0.01409184 0.18610615
v 0.06365969 -0.01578906 0.18201397
v 0.06339202 -0.01480350 0.18181213
v 0.06337957 -0.01597853 0.18180272
v 0.06295648 -0.01509809 0.18148367
v 0.06139042 -0.01599807 0.18030270
v 0.06117887 -0.01509809 0.18014319
v 0.05940126 -0.01509809 0.17880268
v 0.05940126 -0.01555786 0.17880268
v 0.05940126 -0.01601762 0.17880268
v 0.11336260 -0.00476489 0.16829751
v 0.11329909 -0.00609821 0.16817275
v 0.11336260 -0.00343157 0.16829751
v 0.11336260 -0.00209826 0.16829751
v 0.11336260 -0.00076494 0.16829751
v 0.11317205 -0.00009829 0.16792324
v 0.11336260 0.00056837 0.16829751
v 0.11329909 0.00590163 0.16817275
v 0.11336260 0.00190169 0.16829751
v 0.11336260 0.00323501 0.16829751
v 0.11336260 0.00590163 0.16829751
v 0.11336260 0.00456832 0.16829751
v 0.11323556 0.00590163 0.16804799
v 0.11336260 -0.00609821 0.16829751
v 0.11323556 -0.00609821 0.16804799
v 0.11317205 -0.00459823 0.16792324
v 0.11317205 -0.00609821 0.16792324
v 0.11317205 -0.00309825 0.16792324
v 0.11317205 -0.00159827 0.16792324
v 0.11317205 0.00140169 0.16792324
v 0.11317205 0.00290167 0.16792324
v 0.11317205 0.00440165 0.16792324
v 0.11317205 0.00590163 0.16792324
v 0.16722687 -0.01394652 0.12693200
v 0.16629438 -0.01368279 0.12979851
v 0.16702174 -0.01363647 0.12984834
v 0.16614383 -0.01338819 0.13254702
v 0.16756326 -0.01391563 0.12704083
v 0.16789964 -0.01388475 0.12714967
v 0.16438806 -0.01289162 0.13794439
v 0.16442939 -0.01315535 0.13553155
v 0.16349691 -0.01289162 0.13839805
v 0.16526595 -0.01313991 0.13524570
v 0.16536189 -0.01341908 0.13266503
v 0.12056546 0.00625518 0.16415937
v 0.12090705 0.00636653 0.16445673
v 0.12075599 0.00625518 0.16453363
v 0.12046623 0.00608568 0.16420987
v 0.12065678 0.00608568 0.16458417
v 0.12043495 0.00590164 0.16422580
v 0.12053022 0.00590164 0.16441294
v 0.12097581 0.00640163 0.16418611
v 0.12071650 0.00636653 0.16408247
v 0.12088053 0.00640163 0.16399897
v 0.12107108 0.00640163 0.16437324
v 0.12062550 0.00590164 0.16460007
v 0.12749381 0.00570164 0.16034798
v 0.12769509 0.00599611 0.16061952
v 0.12764503 0.00570164 0.16064500
v 0.12746824 0.00599611 0.16017397
v 0.12734257 0.00570164 0.16005092
v 0.12785384 0.00626732 0.16053871
v 0.12786869 0.00644546 0.15997009
v 0.12809552 0.00644546 0.16041567
v 0.12820673 0.00650163 0.15998504
v 0.12835796 0.00650163 0.16028207
v 0.12724141 0.00599611 0.15972839
v 0.12719136 0.00570164 0.15975387
v 0.12740017 0.00626732 0.15964755
v 0.12805551 0.00650163 0.15968799
v 0.12764186 0.00644546 0.15952453
v 0.12790428 0.00650163 0.15939093
v 0.12856081 0.00720162 0.16112138
v 0.12845650 0.00719641 0.16117436
v 0.12884954 0.00685513 0.16125212
v 0.12834964 0.00717998 0.16122868
v 0.12792673 0.00698962 0.16144403
v 0.12828808 0.00666719 0.16153794
v 0.12802865 0.00705633 0.16139222
v 0.12813436 0.00711035 0.16133848
v 0.12847182 0.00677428 0.16144441
v 0.12774164 0.00682089 0.16153842
v 0.12914410 0.00650163 0.16138548
v 0.12898184 0.00648480 0.16146809
v 0.12865650 0.00633842 0.16163370
v 0.12851397 0.00620874 0.16170627
v 0.12881608 0.00643142 0.16155250
v 0.12812392 0.00651786 0.16162152
v 0.12759155 0.00661281 0.16161493
v 0.12799086 0.00633368 0.16168927
v 0.12753232 0.00649839 0.16164529
v 0.12784064 0.00591330 0.16176572
v 0.12742200 0.00613823 0.16170126
v 0.12740707 0.00601853 0.16170874
v 0.12748425 0.00637978 0.16166986
v 0.12789542 0.00612749 0.16173785
v 0.12740231 0.00590164 0.16171115
v 0.12839840 0.00604879 0.16176511
v 0.12831551 0.00586974 0.16180731
v 0.12825295 0.00550164 0.16183917
v 0.12826795 0.00568372 0.16183151
v 0.15629720 0.01415154 0.13119063
v 0.15629720 0.01490153 0.13119063
v 0.15718835 0.01490153 0.13073695
v 0.15718835 0.01340155 0.13073695
v 0.15629720 0.01340155 0.13119063
v 0.15807950 0.01415154 0.13028327
v 0.15807950 0.01340155 0.13028327
v 0.15807950 0.01490153 0.13028327
v 0.13112491 0.00430166 0.15701077
v 0.13064621 0.00444889 0.15613236
v 0.13067123 0.00430166 0.15611960
v 0.13132672 0.00444889 0.15746908
v 0.13157858 0.00430166 0.15790190
v 0.13056683 0.00458450 0.15617276
v 0.13112649 0.00467357 0.15757100
v 0.13044598 0.00467357 0.15623428
v 0.13076845 0.00470166 0.15719222
v 0.13031477 0.00470166 0.15630109
v 0.13200722 0.00444889 0.15880579
v 0.13203225 0.00430166 0.15879307
v 0.13192785 0.00458450 0.15884623
v 0.13122212 0.00470166 0.15808339
v 0.13180700 0.00467357 0.15890772
v 0.13167580 0.00470166 0.15897452
v 0.11801652 -0.00669820 0.16498569
v 0.11558409 -0.00669820 0.16566294
v 0.11824337 -0.00669820 0.16543127
v 0.11603776 -0.00669820 0.16655411
v 0.11778969 -0.00669820 0.16454011
v 0.11337848 -0.00669820 0.16678581
v 0.11360533 -0.00669820 0.16723139
v 0.11383217 -0.00669820 0.16767694
v 0.12140393 -0.00301540 0.16498926
v 0.12166088 -0.00292633 0.16519510
v 0.12154003 -0.00301540 0.16525662
v 0.12129953 -0.00329824 0.16504242
v 0.12146066 -0.00315101 0.16529703
v 0.12143563 -0.00329824 0.16530975
v 0.12146066 -0.00344548 0.16529703
v 0.12132455 -0.00344548 0.16502967
v 0.12132455 -0.00315101 0.16502967
v 0.12140393 -0.00358108 0.16498926
v 0.12166088 -0.00367015 0.16519510
v 0.12152478 -0.00367015 0.16492774
v 0.12165599 -0.00369823 0.16486094
v 0.12172404 -0.00369823 0.16499463
v 0.12154003 -0.00358108 0.16525662
v 0.12172404 -0.00289825 0.16499463
v 0.12152478 -0.00292633 0.16492774
v 0.12165599 -0.00289825 0.16486094
v 0.12179209 -0.00289825 0.16512830
v 0.12179209 -0.00369823 0.16512830
v 0.12764503 -0.00203159 0.16064500
v 0.12741819 -0.00589821 0.16019945
v 0.12764503 0.00183503 0.16064500
v 0.12764503 0.00570164 0.16064500
v 0.12749381 0.00570164 0.16034798
v 0.12764503 -0.00589821 0.16064500
v 0.12719136 -0.00203159 0.15975387
v 0.12719136 -0.00589821 0.15975387
v 0.12719136 0.00183503 0.15975387
v 0.12719136 0.00570164 0.15975387
v 0.12734257 0.00570164 0.16005092
v 0.08207253 0.01287829 0.17715351
v 0.08118138 0.01287829 0.17760717
v 0.07952854 0.01313992 0.17436053
v 0.08296368 0.01287829 0.17669983
v 0.08131086 0.01313992 0.17345318
v 0.07787573 0.01340153 0.17111389
v 0.07876688 0.01340153 0.17066020
v 0.07965803 0.01340153 0.17020654
v 0.07506628 0.01490151 0.16790008
v 0.07581612 0.01490151 0.16937302
v 0.06732412 0.01490151 0.17369617
v 0.06807396 0.01490151 0.17516910
v 0.07656598 0.01490151 0.17084594
v 0.08430814 0.01490151 0.16504987
v 0.08355828 0.01490151 0.16357692
v 0.08505798 0.01490151 0.16652279
v 0.09130044 0.01490152 0.15778085
v 0.09205029 0.01490152 0.15925377
v 0.09280014 0.01490152 0.16072669
v 0.09354998 0.01490152 0.16219963
v 0.08580782 0.01490151 0.16799570
v 0.09429984 0.01490152 0.16367255
v 0.10054230 0.01490152 0.15493062
v 0.10129214 0.01490152 0.15640353
v 0.10204199 0.01490152 0.15787648
v 0.10279183 0.01490152 0.15934940
v 0.10678475 0.01490152 0.14618868
v 0.10753461 0.01490152 0.14766160
v 0.09904259 0.01490152 0.15198475
v 0.10903429 0.01490152 0.15060746
v 0.10978415 0.01490152 0.15208038
v 0.11053399 0.01490152 0.15355330
v 0.11128383 0.01490152 0.15502625
v 0.11527676 0.01490152 0.14186552
v 0.11602661 0.01490152 0.14333844
v 0.10828445 0.01490152 0.14913452
v 0.11677645 0.01490152 0.14481137
v 0.11752631 0.01490152 0.14628431
v 0.11827615 0.01490152 0.14775723
v 0.11902599 0.01490152 0.14923014
v 0.11977585 0.01490152 0.15070309
v 0.12451860 0.01490152 0.13901528
v 0.12376876 0.01490152 0.13754236
v 0.12526846 0.01490152 0.14048821
v 0.12601830 0.01490152 0.14196115
v 0.12676815 0.01490152 0.14343407
v 0.12751800 0.01490152 0.14490700
v 0.12826785 0.01490152 0.14637994
v 0.13226076 0.01490152 0.13321920
v 0.13301062 0.01490152 0.13469212
v 0.13376046 0.01490152 0.13616506
v 0.13451030 0.01490152 0.13763798
v 0.13526016 0.01490152 0.13911091
v 0.13600999 0.01490152 0.14058384
v 0.13675985 0.01490152 0.14205677
v 0.14375215 0.01490152 0.13478775
v 0.14300232 0.01490152 0.13331482
v 0.14450201 0.01490152 0.13626069
v 0.14525186 0.01490152 0.13773362
v 0.15224416 0.01490153 0.13046460
v 0.15149430 0.01490153 0.12899166
v 0.15299402 0.01490153 0.13193754
v 0.15374385 0.01490153 0.13341045
v 0.15998632 0.01490153 0.12466851
v 0.16073617 0.01490153 0.12614143
v 0.16148599 0.01490153 0.12761437
v 0.08980075 0.01490152 0.15483499
v 0.08824076 0.01490151 0.15593006
v 0.08822023 0.01490151 0.15473024
v 0.08826129 0.01490151 0.15712987
v 0.09440260 0.01490152 0.15288180
v 0.08843453 0.01490151 0.15393161
v 0.08870351 0.01490151 0.15360157
v 0.08903948 0.01490151 0.15336787
v 0.08826912 0.01490151 0.15432391
v 0.09527756 0.01490152 0.15019215
v 0.07634010 0.01490151 0.16558820
v 0.08195438 0.01490151 0.16200403
v 0.08280844 0.01490151 0.16210401
v 0.08756866 0.01490151 0.15841983
v 0.07072583 0.01490151 0.16917240
v 0.08808305 0.01490151 0.15786509
v 0.08822076 0.01490151 0.15750276
v 0.08785710 0.01490151 0.15818005
v 0.09493189 0.01490152 0.15392150
v 0.09829275 0.01490152 0.15051184
v 0.09573934 0.01490152 0.15220128
v 0.10151563 0.01490152 0.14701642
v 0.10775370 0.01490152 0.14384073
v 0.09707607 0.01490152 0.15152079
v 0.09786999 0.01490152 0.15308031
v 0.09599046 0.01490152 0.15600085
v 0.09688161 0.01490152 0.15554716
v 0.09546116 0.01490152 0.15496116
v 0.09866391 0.01490152 0.15463981
v 0.09777276 0.01490152 0.15509350
v 0.05896766 0.01490151 0.17828559
v 0.05881440 0.01490151 0.17777784
v 0.05940126 0.01490151 0.17880268
v 0.05885712 0.01490151 0.17721096
v 0.06511155 0.01490151 0.17275657
v 0.05949726 0.01490151 0.17634077
v 0.05910772 0.01490151 0.17670068
v 0.06117887 0.01490151 0.18014319
v 0.06882382 0.01490151 0.17664204
v 0.06295647 0.01490151 0.18148367
v 0.06830349 0.01490151 0.17876157
v 0.07787573 0.01490151 0.17111389
v 0.07876688 0.01490151 0.17066020
v 0.07365050 0.01490151 0.17603952
v 0.07899751 0.01490151 0.17331742
v 0.07965803 0.01490151 0.17020654
v 0.09304757 0.01490152 0.16616473
v 0.08691369 0.01490151 0.16928738
v 0.08077981 0.01490151 0.17241007
v 0.09918146 0.01490152 0.16304207
v 0.10531532 0.01490152 0.15991939
v 0.11758307 0.01490152 0.15367404
v 0.11399179 0.01490152 0.14066501
v 0.12022986 0.01490152 0.13748929
v 0.12646792 0.01490152 0.13431359
v 0.13270599 0.01490152 0.13113788
v 0.13894406 0.01490152 0.12796216
v 0.13896026 0.01490152 0.13019814
v 0.14163372 0.01490152 0.12883711
v 0.14029700 0.01490152 0.12951763
v 0.14001883 0.01490152 0.13227749
v 0.14054811 0.01490152 0.13331717
v 0.13948955 0.01490152 0.13123782
v 0.14188485 0.01490152 0.13263667
v 0.14322158 0.01490152 0.13195615
v 0.14648265 0.01490153 0.12475732
v 0.14686672 0.01490153 0.12500882
v 0.14775820 0.01490153 0.12581209
v 0.14216300 0.01490152 0.12987679
v 0.14557999 0.01490152 0.12465007
v 0.14603258 0.01490153 0.12463284
v 0.14518213 0.01490152 0.12478645
v 0.14864969 0.01490153 0.12661534
v 0.14896622 0.01490153 0.12683412
v 0.14269228 0.01490152 0.13091647
v 0.14934137 0.01490153 0.12696808
v 0.15011677 0.01490153 0.12692772
v 0.14973858 0.01490153 0.12699857
v 0.15589482 0.01490153 0.12505255
v 0.16167286 0.01490153 0.12317737
v 0.12371696 0.01490152 0.15055139
v 0.14211859 0.01490152 0.14118338
v 0.13598472 0.01490152 0.14430605
v 0.12985084 0.01490152 0.14742870
v 0.15807950 0.01490153 0.13028327
v 0.15718835 0.01490153 0.13073695
v 0.15629720 0.01490153 0.13119063
v 0.15675087 0.01490153 0.13208178
v 0.14825247 0.01490153 0.13806071
v 0.15438634 0.01490153 0.13493804
v 0.15720455 0.01490153 0.13297293
v 0.16052023 0.01490153 0.13181536
v 0.15809569 0.01490153 0.13251926
v 0.16745092 0.01490153 0.12130220
v 0.16855761 0.01490153 0.12134607
v 0.16798996 0.01490153 0.12122471
v 0.16904460 0.01490153 0.12166197
v 0.16937065 0.01490153 0.12209817
v 0.16952930 0.01490153 0.12260193
v 0.16951528 0.01490153 0.12312991
v 0.15853318 0.01490153 0.13117443
v 0.16223585 0.01490153 0.12908729
v 0.15898686 0.01490153 0.13206560
v 0.16665411 0.01490153 0.12869270
v 0.16773584 0.01490153 0.12536737
v 0.16719497 0.01490153 0.12703004
v 0.16899613 0.01490153 0.12472579
v 0.11619201 0.00640163 0.16685712
v 0.11500009 0.00640163 0.16746388
v 0.11480955 0.00640163 0.16708962
v 0.11600146 0.00640163 0.16648282
v 0.11361763 0.00640163 0.16769641
v 0.11368114 0.00640163 0.16782117
v 0.11374466 0.00640163 0.16794592
v 0.11380818 0.00640163 0.16807068
v 0.11719337 0.00640163 0.16587603
v 0.11844882 0.00640163 0.16539402
v 0.11851233 0.00640163 0.16551877
v 0.11838529 0.00640163 0.16526923
v 0.11738392 0.00640163 0.16625032
v 0.11857583 0.00640163 0.16564352
v 0.13661969 -0.00489822 0.15309134
v 0.13825819 -0.00489822 0.15394037
v 0.13757766 -0.00489822 0.15260365
v 0.13702272 -0.00489822 0.15625249
v 0.13893870 -0.00489822 0.15527708
v 0.13634220 -0.00489822 0.15491577
v 0.13566169 -0.00489822 0.15357902
v 0.13734123 -0.00789818 0.15570883
v 0.14137032 -0.00789818 0.15421874
v 0.14114350 -0.00789818 0.15377315
v 0.13618544 -0.00789818 0.15685828
v 0.13100055 -0.00789818 0.15949782
v 0.13353898 -0.00789818 0.15764451
v 0.12581565 -0.00789818 0.16213740
v 0.12973673 -0.00789818 0.15958018
v 0.12593447 -0.00789818 0.16151583
v 0.12213222 -0.00789818 0.16345151
v 0.12063075 -0.00789818 0.16477695
v 0.11544586 -0.00789818 0.16741649
v 0.11832996 -0.00789818 0.16538717
v 0.11072545 -0.00789818 0.16925853
v 0.11452772 -0.00789818 0.16732285
v 0.11026097 -0.00789818 0.17005603
v 0.10692321 -0.00789818 0.17119421
v 0.10507608 -0.00789818 0.17269561
v 0.09989120 -0.00789818 0.17533516
v 0.10312095 -0.00789818 0.17312989
v 0.09551645 -0.00789818 0.17700121
v 0.09931870 -0.00789818 0.17506557
v 0.09470630 -0.00789818 0.17797470
v 0.09171419 -0.00789819 0.17893689
v 0.08952141 -0.00789819 0.18061427
v 0.08791193 -0.00789819 0.18087257
v 0.08422311 -0.00789819 0.18303101
v 0.08410967 -0.00789819 0.18280824
v 0.08433652 -0.00789819 0.18325382
v 0.12826758 0.00467357 0.15734326
v 0.12839879 0.00470166 0.15727646
v 0.12907930 0.00470166 0.15861321
v 0.12814673 0.00458450 0.15740478
v 0.12962860 0.00467357 0.16001673
v 0.12950777 0.00458450 0.16007825
v 0.12942840 0.00444889 0.16011865
v 0.12806736 0.00444889 0.15744519
v 0.12872285 0.00430166 0.15879466
v 0.12804233 0.00430166 0.15745794
v 0.12940336 0.00430166 0.16013141
v 0.12975981 0.00470166 0.15994993
v 0.13842034 -0.00548151 0.15385782
v 0.13803135 -0.00549821 0.15349478
v 0.13773983 -0.00548151 0.15252107
v 0.13757766 -0.00549821 0.15260365
v 0.13848502 -0.00549821 0.15438595
v 0.13790569 -0.00542800 0.15243663
v 0.13806533 -0.00533521 0.15235539
v 0.13874582 -0.00533521 0.15369211
v 0.13888832 -0.00520532 0.15361957
v 0.13893870 -0.00549821 0.15527708
v 0.13910085 -0.00548151 0.15519454
v 0.13942634 -0.00533521 0.15502883
v 0.13926672 -0.00542800 0.15511010
v 0.13832357 -0.00504542 0.15222393
v 0.13900408 -0.00504542 0.15356065
v 0.13908676 -0.00486631 0.15351853
v 0.13840627 -0.00486631 0.15218181
v 0.13956883 -0.00520532 0.15495629
v 0.13968458 -0.00504542 0.15489736
v 0.13845395 -0.00468018 0.15215752
v 0.13846883 -0.00449822 0.15214995
v 0.13892249 -0.00449822 0.15304112
v 0.13913446 -0.00468018 0.15349427
v 0.13981497 -0.00468018 0.15483099
v 0.13937618 -0.00449822 0.15393226
v 0.13982985 -0.00449822 0.15482342
v 0.13976729 -0.00486631 0.15485528
v 0.12025962 -0.00468019 0.16141999
v 0.12092525 -0.00449822 0.16276431
v 0.12024474 -0.00449822 0.16142759
v 0.12162064 -0.00468019 0.16409346
v 0.12030732 -0.00486631 0.16139573
v 0.12175102 -0.00504543 0.16402709
v 0.12166834 -0.00486631 0.16406920
v 0.12160578 -0.00449822 0.16410103
v 0.12186677 -0.00520532 0.16396816
v 0.12039001 -0.00504543 0.16135362
v 0.12050576 -0.00520532 0.16129469
v 0.12064826 -0.00533521 0.16122215
v 0.12080787 -0.00542800 0.16114092
v 0.12233476 -0.00548152 0.16372991
v 0.12216888 -0.00542800 0.16381436
v 0.12181642 -0.00549821 0.16231065
v 0.12097374 -0.00548152 0.16105645
v 0.12113589 -0.00549821 0.16097390
v 0.12200927 -0.00533521 0.16389562
v 0.12249691 -0.00549821 0.16364737
v 0.13055132 -0.00225909 0.16066910
v 0.12994972 -0.00343297 0.16086316
v 0.12999509 -0.00343297 0.16095227
v 0.12990435 -0.00343297 0.16077404
v 0.13041521 -0.00225909 0.16040177
v 0.12985899 -0.00343297 0.16068493
v 0.13097144 -0.00108522 0.16011857
v 0.13110754 -0.00108522 0.16038594
v 0.13166378 0.00008866 0.16010277
v 0.13152767 0.00008866 0.15983541
v 0.13222001 0.00126254 0.15981961
v 0.13208391 0.00126254 0.15955225
v 0.13270820 0.00243642 0.15940275
v 0.13264015 0.00243642 0.15926908
v 0.13277624 0.00243642 0.15953641
v 0.12702757 0.00570364 0.16217965
v 0.12682710 -0.00429823 0.16256504
v 0.12682710 -0.00569821 0.16256504
v 0.12682710 -0.00289825 0.16256504
v 0.12682710 -0.00009828 0.16256504
v 0.12682710 -0.00149826 0.16256504
v 0.12682710 0.00130170 0.16256504
v 0.12682710 0.00270168 0.16256504
v 0.12722409 -0.00609820 0.16180190
v 0.12722408 -0.00009828 0.16180190
v 0.12682710 0.00550164 0.16256504
v 0.12682710 0.00410166 0.16256504
v 0.12722408 0.00590164 0.16180190
v 0.11850262 -0.00203159 0.16417718
v 0.11872945 -0.00589821 0.16462276
v 0.11850262 0.00183502 0.16417718
v 0.11850262 0.00570164 0.16417718
v 0.11865385 0.00570164 0.16447423
v 0.11850262 -0.00589821 0.16417718
v 0.11895630 -0.00203159 0.16506834
v 0.11895630 -0.00589821 0.16506834
v 0.11895630 0.00183502 0.16506834
v 0.11895630 0.00570164 0.16506834
v 0.11880506 0.00570164 0.16477129
v 0.06866799 0.01460690 0.17912620
v 0.06339202 0.01460690 0.18181213
v 0.06295647 0.01490151 0.18148367
v 0.07394396 0.01460691 0.17644026
v 0.06830349 0.01490151 0.17876157
v 0.07921994 0.01460691 0.17375434
v 0.07365050 0.01490151 0.17603952
v 0.07899751 0.01490151 0.17331742
v 0.09542384 -0.00009829 0.17592624
v 0.10052800 0.00210168 0.17332780
v 0.10052800 -0.00009829 0.17332780
v 0.09542384 -0.00229826 0.17592624
v 0.10052801 -0.00229826 0.17332780
v 0.09542384 -0.00449823 0.17592624
v 0.10052801 -0.00449823 0.17332780
v 0.09542384 -0.00669820 0.17592624
v 0.10052801 -0.00669820 0.17332780
v 0.09839171 0.00870160 0.17441536
v 0.09734419 0.00846172 0.17494863
v 0.09769027 0.00859649 0.17477246
v 0.09671172 0.00803528 0.17527061
v 0.10052800 0.00650163 0.17332780
v 0.09701479 0.00827310 0.17511633
v 0.09644321 0.00775568 0.17540730
v 0.10219014 0.00870160 0.17248163
v 0.10978697 0.00870160 0.16861419
v 0.10832118 0.00720162 0.16936038
v 0.10598855 0.00870160 0.17054791
v 0.11358538 0.00870160 0.16668046
v 0.11078921 0.00714545 0.16810394
v 0.11052679 0.00720162 0.16823755
v 0.10611558 0.00720162 0.17048325
v 0.10585315 0.00714545 0.17061684
v 0.11103090 0.00696730 0.16798091
v 0.10561147 0.00696730 0.17073986
v 0.09430212 0.00346096 0.17649730
v 0.09603120 0.00711003 0.17561705
v 0.09257304 -0.00018811 0.17737756
v 0.09542384 0.00210168 0.17592624
v 0.10540266 0.00315167 0.17084618
v 0.10545271 0.00669610 0.17082070
v 0.10540266 0.00640163 0.17084618
v 0.10540266 -0.00009829 0.17084618
v 0.11311606 0.00644546 0.16691941
v 0.11337848 0.00650163 0.16678581
v 0.11738381 0.00870160 0.16474674
v 0.11558408 0.00650163 0.16566294
v 0.11271561 0.00599611 0.16712326
v 0.11123972 0.00640163 0.16787461
v 0.11287436 0.00626732 0.16704242
v 0.11118966 0.00669610 0.16790010
v 0.12064138 0.00650163 0.16308837
v 0.11778969 0.00650163 0.16454011
v 0.12118222 0.00870160 0.16281302
v 0.12094463 0.00650163 0.16293399
v 0.12037896 0.00644546 0.16322198
v 0.11829380 0.00626732 0.16428347
v 0.11805211 0.00644546 0.16440651
v 0.12284698 0.00650163 0.16196551
v 0.12013726 0.00626732 0.16334498
v 0.11266556 0.00570164 0.16714874
v 0.11123972 0.00315167 0.16787461
v 0.11123972 -0.00009829 0.16787461
v 0.11266556 0.00183502 0.16714874
v 0.11266556 -0.00203159 0.16714874
v 0.11123972 -0.00334824 0.16787461
v 0.11850262 0.00570164 0.16417718
v 0.11845256 0.00599611 0.16420266
v 0.11997851 0.00599611 0.16342582
v 0.11992846 0.00570164 0.16345131
v 0.11992846 0.00183502 0.16345131
v 0.11850262 -0.00203159 0.16417718
v 0.11850262 0.00183502 0.16417718
v 0.11992846 -0.00203159 0.16345131
v 0.09036544 -0.00447612 0.17850142
v 0.09055188 -0.00428810 0.17840649
v 0.09015922 -0.00463171 0.17860640
v 0.08891381 -0.00889817 0.17924042
v 0.08724289 -0.00489823 0.18009104
v 0.08927028 -0.00489823 0.17905894
v 0.08993989 -0.00475171 0.17871806
v 0.08971440 -0.00483514 0.17883284
v 0.10540266 -0.00334824 0.17084618
v 0.09071280 -0.00407287 0.17832458
v 0.09084397 -0.00383718 0.17825781
v 0.10540266 -0.00659820 0.17084618
v 0.08521552 -0.00889817 0.18112315
v 0.08521552 -0.00489823 0.18112315
v 0.09261210 -0.00889817 0.17735766
v 0.09631039 -0.00889817 0.17547493
v 0.10000867 -0.00889817 0.17359217
v 0.10545271 -0.00689267 0.17082070
v 0.10561148 -0.00716388 0.17073986
v 0.10585316 -0.00734202 0.17061684
v 0.10370696 -0.00889817 0.17170943
v 0.10611558 -0.00739819 0.17048325
v 0.10740524 -0.00889817 0.16982671
v 0.11266556 -0.00589821 0.16714874
v 0.11123972 -0.00659820 0.16787461
v 0.11271561 -0.00619268 0.16712326
v 0.11287436 -0.00646389 0.16704242
v 0.11311606 -0.00664203 0.16691941
v 0.12037896 -0.00664202 0.16322197
v 0.11805211 -0.00664203 0.16440651
v 0.11829381 -0.00646388 0.16428347
v 0.11992847 -0.00589821 0.16345131
v 0.11850262 -0.00589821 0.16417718
v 0.11997851 -0.00619268 0.16342582
v 0.12013726 -0.00646388 0.16334498
v 0.11845256 -0.00619268 0.16420266
v 0.12094463 -0.00669819 0.16293398
v 0.12064138 -0.00669819 0.16308837
v 0.12284699 -0.00669819 0.16196551
v 0.11850010 -0.00889817 0.16417846
v 0.11103091 -0.00716388 0.16798091
v 0.11337848 -0.00669820 0.16678581
v 0.11078921 -0.00734202 0.16810394
v 0.11480181 -0.00889817 0.16606122
v 0.11110354 -0.00889817 0.16794395
v 0.10832119 -0.00739819 0.16936038
v 0.11052679 -0.00739819 0.16823755
v 0.11118966 -0.00689267 0.16790010
v 0.11778969 -0.00669820 0.16454011
v 0.11558409 -0.00669820 0.16566294
v 0.12219839 -0.00889817 0.16229573
v 0.12498063 0.00870160 0.16087929
v 0.12604878 0.00650163 0.16033555
v 0.12790428 0.00650163 0.15939093
v 0.12764186 0.00644546 0.15952453
v 0.12505259 0.00650163 0.16084267
v 0.12740017 0.00626732 0.15964755
v 0.12531501 0.00644546 0.16070907
v 0.12555670 0.00626732 0.16058606
v 0.12877905 0.00870160 0.15894560
v 0.13115293 0.00650163 0.15773708
v 0.13257749 0.00870161 0.15701188
v 0.13625710 0.00650163 0.15513864
v 0.13010988 0.00650163 0.15826810
v 0.12790428 0.00650163 0.15939093
v 0.13231549 0.00650163 0.15714524
v 0.13281960 0.00626732 0.15688862
v 0.13257791 0.00644546 0.15701163
v 0.13490476 0.00644546 0.15582710
v 0.12719136 0.00570164 0.15975387
v 0.12604878 0.00210169 0.16033555
v 0.12571545 0.00599611 0.16050522
v 0.12576550 0.00570164 0.16047974
v 0.12576550 0.00183503 0.16047974
v 0.12604878 -0.00009828 0.16033555
v 0.12719136 0.00183503 0.15975387
v 0.12576550 -0.00203159 0.16047974
v 0.13466307 0.00626732 0.15595014
v 0.13297835 0.00599612 0.15680778
v 0.13445427 0.00570164 0.15605643
v 0.13302840 0.00183503 0.15678230
v 0.13302840 0.00570164 0.15678230
v 0.13450431 0.00599612 0.15603095
v 0.12724141 0.00599611 0.15972839
v 0.13516718 0.00650163 0.15569349
v 0.14017430 0.00870161 0.15314443
v 0.13637589 0.00870161 0.15507815
v 0.14136124 0.00650163 0.15254017
v 0.13984081 0.00644546 0.15331420
v 0.13957839 0.00650163 0.15344780
v 0.13737278 0.00650163 0.15457066
v 0.14397273 0.00870161 0.15121071
v 0.14646540 0.00650163 0.14994173
v 0.14777115 0.00870161 0.14927698
v 0.14008250 0.00626732 0.15319118
v 0.15156956 0.00702980 0.14734326
v 0.15156956 0.00870161 0.14734326
v 0.15156956 0.00535799 0.14734326
v 0.14874033 0.00470166 0.14878359
v 0.14646540 0.00210169 0.14994173
v 0.14024125 0.00599612 0.15311034
v 0.13445427 0.00183503 0.15605643
v 0.14029130 0.00570164 0.15308486
v 0.14971824 0.00470166 0.14828574
v 0.15069615 0.00470166 0.14778792
v 0.14136124 0.00210169 0.15254017
v 0.14136124 -0.00009828 0.15254017
v 0.14029130 0.00183503 0.15308486
v 0.14731783 0.00169959 0.14950775
v 0.14029130 -0.00203159 0.15308486
v 0.13302840 -0.00203159 0.15678230
v 0.12604878 -0.00229826 0.16033555
v 0.12719136 -0.00203159 0.15975387
v 0.12604878 -0.00449822 0.16033555
v 0.12576550 -0.00589821 0.16047974
v 0.12571545 -0.00619268 0.16050522
v 0.12604878 -0.00669819 0.16033555
v 0.12555671 -0.00646388 0.16058606
v 0.12719136 -0.00589821 0.15975387
v 0.12724141 -0.00619268 0.15972839
v 0.13302840 -0.00589820 0.15678230
v 0.13445427 -0.00589820 0.15605643
v 0.13297835 -0.00619268 0.15680778
v 0.13281961 -0.00646388 0.15688862
v 0.13466307 -0.00646388 0.15595014
v 0.13257791 -0.00664202 0.15701163
v 0.12740017 -0.00646388 0.15964755
v 0.13450431 -0.00619268 0.15603095
v 0.12531501 -0.00664202 0.16070907
v 0.12505259 -0.00669819 0.16084267
v 0.12764187 -0.00664202 0.15952453
v 0.13115293 -0.00669819 0.15773708
v 0.12790428 -0.00669819 0.15939093
v 0.13010988 -0.00669819 0.15826810
v 0.13516718 -0.00669819 0.15569349
v 0.13231549 -0.00669819 0.15714523
v 0.13490477 -0.00664202 0.15582710
v 0.12959496 -0.00889817 0.15853024
v 0.13329323 -0.00889817 0.15664748
v 0.13445427 -0.00203159 0.15605643
v 0.14008251 -0.00646388 0.15319118
v 0.14136125 -0.00669819 0.15254017
v 0.13984081 -0.00664202 0.15331420
v 0.14024125 -0.00619268 0.15311034
v 0.14136124 -0.00229825 0.15254017
v 0.14589535 -0.00130247 0.15023194
v 0.14136124 -0.00449822 0.15254017
v 0.14447284 -0.00430453 0.15095611
v 0.14029131 -0.00589820 0.15308486
v 0.13737278 -0.00669819 0.15457066
v 0.13625710 -0.00669819 0.15513864
v 0.13699154 -0.00889816 0.15476475
v 0.13957839 -0.00669819 0.15344780
v 0.14068980 -0.00889816 0.15288199
v 0.14233256 -0.00826500 0.15204571
v 0.14261222 -0.00798298 0.15190332
v 0.14285360 -0.00766013 0.15178045
v 0.14305035 -0.00730660 0.15168030
v 0.14169422 -0.00867839 0.15237065
v 0.14135599 -0.00880354 0.15254285
v 0.14202323 -0.00849839 0.15220317
v 0.08822023 0.01539783 0.15473024
v 0.08822023 0.01589415 0.15473024
v 0.08826912 0.01589711 0.15432391
v 0.08826912 0.01490151 0.15432391
v 0.08822023 0.01490151 0.15473024
v 0.08843453 0.01490151 0.15393161
v 0.08843453 0.01589951 0.15393161
v 0.08870351 0.01590101 0.15360157
v 0.08870351 0.01490151 0.15360157
v 0.08903948 0.01590150 0.15336787
v 0.08903948 0.01540151 0.15336787
v 0.08903948 0.01490151 0.15336787
v 0.12583871 0.00270168 0.16289990
v 0.12577066 0.00270168 0.16276624
v 0.12565375 0.00268416 0.16282574
v 0.12579573 0.00268591 0.16309009
v 0.12590676 0.00270168 0.16303357
v 0.12568452 0.00263505 0.16314672
v 0.12554117 0.00263026 0.16288306
v 0.12558635 0.00254915 0.16319668
v 0.12544530 0.00243642 0.16310018
v 0.12544591 0.00254403 0.16293155
v 0.12537725 0.00243642 0.16296652
v 0.12551336 0.00243642 0.16323385
v 0.16246733 0.00870161 0.14156298
v 0.16335848 0.00576831 0.14110930
v 0.16246733 0.00576831 0.14156298
v 0.16335848 0.00283502 0.14110930
v 0.16246733 0.00283502 0.14156298
v 0.16246733 -0.00009828 0.14156298
v 0.16335849 -0.00303157 0.14110930
v 0.16246733 -0.00303157 0.14156298
v 0.16246734 -0.00596486 0.14156298
v 0.16335849 -0.00889816 0.14110930
v 0.16246734 -0.00889816 0.14156298
v 0.16335849 -0.00596486 0.14110930
v 0.16335848 -0.00009828 0.14110930
v 0.13448696 -0.00009828 0.15810447
v 0.13448697 -0.00609820 0.15810447
v 0.13427829 -0.00609820 0.15769453
v 0.13406959 -0.00459822 0.15728459
v 0.13406959 -0.00609820 0.15728459
v 0.13427829 0.00590164 0.15769453
v 0.13448696 0.00590164 0.15810447
v 0.13406959 -0.00309824 0.15728459
v 0.13406959 -0.00009828 0.15728459
v 0.13406959 -0.00159826 0.15728459
v 0.13406958 0.00140170 0.15728459
v 0.13406958 0.00290168 0.15728459
v 0.13406958 0.00440166 0.15728459
v 0.13406958 0.00590164 0.15728459
v 0.13645511 -0.00369823 0.15732693
v 0.13659122 -0.00369823 0.15759427
v 0.13679651 -0.00369823 0.15732144
v 0.13686457 -0.00369823 0.15745511
v 0.13672846 -0.00369823 0.15718778
v 0.13622715 -0.00369823 0.15755520
v 0.13618179 -0.00369823 0.15746606
v 0.13627252 -0.00369823 0.15764431
v 0.13631789 -0.00369823 0.15773342
v 0.13954959 -0.01434809 0.13135578
v 0.14222306 -0.01434809 0.12999476
v 0.14029701 -0.01509808 0.12951763
v 0.14163373 -0.01509808 0.12883711
v 0.13896026 -0.01509808 0.13019814
v 0.14147569 -0.01359810 0.13183291
v 0.14013894 -0.01359810 0.13251342
v 0.14281240 -0.01359810 0.13115240
v 0.13820754 -0.00739818 0.15621038
v 0.14059137 -0.00739818 0.15499680
v 0.14052722 -0.00705169 0.15530718
v 0.13944806 -0.00669819 0.15613990
v 0.14046175 -0.00669819 0.15562383
v 0.13843437 -0.00669819 0.15665594
v 0.13742068 -0.00669819 0.15717201
v 0.13582371 -0.00739818 0.15742394
v 0.13611537 -0.00704819 0.15755599
v 0.13640700 -0.00669819 0.15768804
v 0.12809552 -0.00664202 0.16041567
v 0.12835796 -0.00669819 0.16028207
v 0.12813111 -0.00669819 0.15983651
v 0.12785385 -0.00646388 0.16053871
v 0.12764187 -0.00664202 0.15952453
v 0.12740017 -0.00646388 0.15964755
v 0.12724141 -0.00619268 0.15972839
v 0.12769509 -0.00619268 0.16061952
v 0.12741819 -0.00589821 0.16019945
v 0.12764503 -0.00589821 0.16064500
v 0.12719136 -0.00589821 0.15975387
v 0.12790428 -0.00669819 0.15939093
v 0.11994181 0.00613849 0.16550898
v 0.11954921 0.00568372 0.16627011
v 0.11995649 0.00601862 0.16550161
v 0.11983168 0.00649876 0.16556516
v 0.11950163 0.00586973 0.16629434
v 0.11987983 0.00638016 0.16554072
v 0.11977220 0.00661308 0.16559538
v 0.11941876 0.00604879 0.16633652
v 0.11996118 0.00590164 0.16549935
v 0.11956421 0.00550164 0.16626248
v 0.11930319 0.00620874 0.16639535
v 0.11962187 0.00682084 0.16567207
v 0.11900108 0.00643142 0.16654915
v 0.11933461 0.00705588 0.16581861
v 0.11922895 0.00710985 0.16587251
v 0.11916066 0.00633842 0.16646792
v 0.11943649 0.00698931 0.16576655
v 0.11890685 0.00719626 0.16603607
v 0.11883532 0.00648480 0.16663353
v 0.11901357 0.00717958 0.16598187
v 0.11880268 0.00720162 0.16608911
v 0.11873788 0.00685162 0.16640264
v 0.11867305 0.00650163 0.16671614
v 0.11287651 0.00590163 0.16910603
v 0.11372715 0.00410166 0.16923405
v 0.11372715 0.00550164 0.16923405
v 0.11372715 0.00270168 0.16923405
v 0.11287651 -0.00009829 0.16910603
v 0.11372715 -0.00009829 0.16923405
v 0.11372715 0.00130170 0.16923405
v 0.11372715 -0.00149827 0.16923405
v 0.11372715 -0.00289825 0.16923405
v 0.11287652 -0.00609821 0.16910603
v 0.11372715 -0.00569821 0.16923405
v 0.11372715 -0.00429823 0.16923405
v 0.12389455 -0.00548152 0.16125269
v 0.12350556 -0.00549821 0.16088966
v 0.12321403 -0.00548152 0.15991594
v 0.12305188 -0.00549821 0.15999852
v 0.12395922 -0.00549821 0.16178082
v 0.12337991 -0.00542800 0.15983150
v 0.12353953 -0.00533521 0.15975027
v 0.12422004 -0.00533521 0.16108699
v 0.12436254 -0.00520532 0.16101445
v 0.12441291 -0.00549821 0.16267196
v 0.12457504 -0.00548152 0.16258941
v 0.12490054 -0.00533521 0.16242371
v 0.12474092 -0.00542800 0.16250497
v 0.12379777 -0.00504543 0.15961877
v 0.12447829 -0.00504543 0.16095552
v 0.12456096 -0.00486631 0.16091341
v 0.12388047 -0.00486631 0.15957669
v 0.12515878 -0.00504543 0.16229224
v 0.12504303 -0.00520532 0.16235117
v 0.12524148 -0.00486631 0.16225016
v 0.12392815 -0.00468019 0.15955240
v 0.12394303 -0.00449822 0.15954483
v 0.12439670 -0.00449822 0.16043600
v 0.12460866 -0.00468019 0.16088915
v 0.12528918 -0.00468019 0.16222587
v 0.12485038 -0.00449822 0.16132713
v 0.12530405 -0.00449822 0.16221830
v 0.14147569 -0.01359810 0.13183291
v 0.14233043 -0.01359810 0.13240983
v 0.14322158 -0.01359810 0.13195615
v 0.14281240 -0.01359810 0.13115240
v 0.14143927 -0.01359810 0.13286351
v 0.14013894 -0.01359810 0.13251342
v 0.14054812 -0.01359810 0.13331717
v 0.14467309 -0.00318803 0.15253732
v 0.14271718 -0.00683713 0.15297200
v 0.14294401 -0.00683713 0.15341758
v 0.14640219 0.00046107 0.15165707
v 0.14444626 -0.00318803 0.15209174
v 0.14813128 0.00411017 0.15077681
v 0.14617535 0.00046107 0.15121149
v 0.14790444 0.00411017 0.15033123
v 0.13741294 0.00720162 0.15661488
v 0.13582371 0.00720162 0.15742394
v 0.13742068 0.00650163 0.15717201
v 0.13640700 0.00650163 0.15768804
v 0.13611244 0.00685513 0.15755468
v 0.13843437 0.00650163 0.15665594
v 0.13900215 0.00720162 0.15580586
v 0.14052656 0.00685163 0.15531033
v 0.14059136 0.00720162 0.15499680
v 0.14046175 0.00650163 0.15562383
v 0.13944806 0.00650163 0.15613990
v 0.12896425 -0.00289825 0.16125264
v 0.12885402 -0.00290492 0.16119655
v 0.12891889 -0.00289825 0.16116350
v 0.12885573 -0.00292633 0.16136400
v 0.12872384 -0.00296345 0.16126280
v 0.12878768 -0.00292633 0.16123030
v 0.12866683 -0.00301540 0.16129182
v 0.12865551 -0.00315100 0.16146592
v 0.12900962 -0.00289825 0.16134175
v 0.12856838 -0.00322545 0.16134196
v 0.12858745 -0.00315100 0.16133225
v 0.12862053 -0.00307936 0.16131541
v 0.12863048 -0.00329824 0.16147865
v 0.12880294 -0.00301540 0.16155918
v 0.12875664 -0.00307936 0.16158274
v 0.12856838 -0.00337102 0.16134196
v 0.12856243 -0.00329824 0.16134498
v 0.12858745 -0.00344547 0.16133225
v 0.12865551 -0.00344547 0.16146592
v 0.12862053 -0.00351712 0.16131541
v 0.12873488 -0.00358108 0.16142552
v 0.12866683 -0.00358108 0.16129182
v 0.12878768 -0.00367015 0.16123030
v 0.12885573 -0.00367015 0.16136400
v 0.12885402 -0.00369155 0.16119655
v 0.12872384 -0.00363303 0.16126280
v 0.12891889 -0.00369823 0.16116350
v 0.12896425 -0.00369823 0.16125264
v 0.12870449 -0.00322545 0.16160929
v 0.12869854 -0.00329824 0.16161231
v 0.12899012 -0.00290492 0.16146388
v 0.12905499 -0.00289825 0.16143086
v 0.12892378 -0.00292633 0.16149766
v 0.12885993 -0.00296345 0.16153016
v 0.12872356 -0.00315100 0.16159959
v 0.12870449 -0.00337102 0.16160929
v 0.12872356 -0.00344547 0.16159959
v 0.12875664 -0.00351712 0.16158274
v 0.12880294 -0.00358108 0.16155918
v 0.12885993 -0.00363303 0.16153016
v 0.12892378 -0.00367015 0.16149766
v 0.12899012 -0.00369155 0.16146388
v 0.12900962 -0.00369823 0.16134175
v 0.12905499 -0.00369823 0.16143086
v 0.16335849 -0.00889816 0.14110930
v 0.16247447 -0.00935209 0.14154006
v 0.16246734 -0.00889816 0.14156298
v 0.16343101 -0.01029666 0.14088632
v 0.16249655 -0.00979895 0.14147201
v 0.16337672 -0.00960721 0.14105327
v 0.16351964 -0.01094321 0.14061395
v 0.16258241 -0.01064371 0.14120918
v 0.16253308 -0.01023191 0.14136070
v 0.16271383 -0.01137967 0.14080467
v 0.16364165 -0.01153477 0.14023883
v 0.16279218 -0.01169415 0.14056443
v 0.16287510 -0.01196727 0.14030925
v 0.16417326 -0.01274925 0.13860464
v 0.16320944 -0.01266287 0.13928191
v 0.16397238 -0.01245900 0.13922217
v 0.16438806 -0.01289162 0.13794439
v 0.16335876 -0.01281919 0.13882279
v 0.16296029 -0.01219858 0.14004707
v 0.16304576 -0.01239000 0.13978450
v 0.16349691 -0.01289162 0.13839805
v 0.12503960 0.00323641 0.16336281
v 0.12515365 0.00334402 0.16341698
v 0.12508498 0.00323641 0.16345192
v 0.12524891 0.00343025 0.16336849
v 0.12506850 0.00339614 0.16312368
v 0.12512005 0.00343504 0.16309744
v 0.12519840 0.00339062 0.16339418
v 0.12530381 0.00346169 0.16334054
v 0.12517489 0.00346504 0.16306951
v 0.12536149 0.00348415 0.16331118
v 0.12547840 0.00350167 0.16325164
v 0.12543303 0.00350167 0.16316253
v 0.12499424 0.00323641 0.16327370
v 0.12498165 0.00329533 0.16316790
v 0.12494887 0.00323641 0.16318459
v 0.12502189 0.00334914 0.16314742
v 0.12538765 0.00350167 0.16307342
v 0.12523127 0.00348590 0.16304083
v 0.12534229 0.00350167 0.16298431
v 0.12618905 -0.00609820 0.16153213
v 0.12609377 -0.00459822 0.16134496
v 0.12609377 -0.00609820 0.16134496
v 0.12609377 -0.00159826 0.16134496
v 0.12609377 -0.00309824 0.16134496
v 0.12609377 -0.00009828 0.16134496
v 0.12618905 0.00590164 0.16153213
v 0.12609377 0.00140170 0.16134496
v 0.12609377 0.00290168 0.16134496
v 0.12609377 0.00440166 0.16134496
v 0.12609377 0.00590164 0.16134496
v 0.12628432 -0.00476489 0.16171926
v 0.12628432 -0.00343157 0.16171926
v 0.12628432 -0.00209826 0.16171926
v 0.12628432 -0.00076494 0.16171926
v 0.12628432 0.00190169 0.16171926
v 0.12628432 0.00056838 0.16171926
v 0.12628432 0.00323501 0.16171926
v 0.12628432 0.00456832 0.16171926
v 0.12628432 0.00590164 0.16171926
v 0.12628432 -0.00609820 0.16171926
v 0.14242764 -0.01509808 0.13039664
v 0.14322158 -0.01434809 0.13195615
v 0.14322158 -0.01509808 0.13195615
v 0.14281240 -0.01359810 0.13115240
v 0.14322158 -0.01359810 0.13195615
v 0.14222306 -0.01434809 0.12999476
v 0.14163373 -0.01509808 0.12883711
v 0.10307515 0.01590150 0.14622250
v 0.08903948 0.01540151 0.15336787
v 0.08903948 0.01590150 0.15336787
v 0.12022986 0.01490152 0.13748929
v 0.11399179 0.01490152 0.14066501
v 0.08903948 0.01490151 0.15336787
v 0.09527756 0.01490152 0.15019215
v 0.10151563 0.01490152 0.14701642
v 0.10775370 0.01490152 0.14384073
v 0.11711081 0.01590151 0.13907716
v 0.14518213 0.01540152 0.12478645
v 0.13114647 0.01590151 0.13193181
v 0.14518213 0.01590151 0.12478645
v 0.12646792 0.01490152 0.13431359
v 0.13894406 0.01490152 0.12796216
v 0.13270599 0.01490152 0.13113788
v 0.14518213 0.01490152 0.12478645
v 0.08151483 0.01277379 0.17826219
v 0.08363425 0.01252430 0.17801707
v 0.08185195 0.01252430 0.17892439
v 0.08217335 0.01212310 0.17955573
v 0.08424076 0.01158059 0.17920840
v 0.08245844 0.01158059 0.18011576
v 0.08268932 0.01092465 0.18056924
v 0.08447163 0.01092465 0.17966189
v 0.08395565 0.01212310 0.17864838
v 0.08294965 0.00944106 0.18108062
v 0.08463656 0.01019619 0.17998589
v 0.08473197 0.00944106 0.18017330
v 0.08297954 0.00870160 0.18113934
v 0.08387069 0.00870160 0.18068568
v 0.08285425 0.01019619 0.18089325
v 0.08207253 0.01287829 0.17715351
v 0.08118138 0.01287829 0.17760717
v 0.08329713 0.01277379 0.17735484
v 0.08296368 0.01287829 0.17669983
v 0.08476184 0.00870160 0.18023201
v 0.12289489 0.00650163 0.16456688
v 0.12288713 0.00720162 0.16400976
v 0.12188121 0.00650163 0.16508292
v 0.12129791 0.00720162 0.16481882
v 0.12390857 0.00650163 0.16405081
v 0.12447635 0.00720162 0.16320073
v 0.12593595 0.00650163 0.16301871
v 0.12606556 0.00720162 0.16239167
v 0.12492226 0.00650163 0.16353478
v 0.11880268 -0.00739819 0.16608911
v 0.11890688 -0.00739298 0.16603595
v 0.11873852 -0.00705169 0.16639949
v 0.11901368 -0.00737654 0.16598150
v 0.11943663 -0.00718619 0.16576621
v 0.11929998 -0.00686375 0.16611365
v 0.11933478 -0.00725290 0.16581815
v 0.11922912 -0.00730691 0.16587201
v 0.11911623 -0.00697084 0.16620721
v 0.11962184 -0.00701745 0.16567207
v 0.11867306 -0.00669820 0.16671614
v 0.11883532 -0.00668137 0.16663353
v 0.11916066 -0.00653498 0.16646792
v 0.11930319 -0.00640531 0.16639535
v 0.11900109 -0.00662799 0.16654915
v 0.11946413 -0.00671443 0.16603009
v 0.11977202 -0.00680938 0.16559574
v 0.11959718 -0.00653024 0.16596235
v 0.11983142 -0.00669495 0.16556568
v 0.11974740 -0.00610987 0.16588587
v 0.11994159 -0.00633480 0.16550945
v 0.11995640 -0.00621510 0.16550176
v 0.11987956 -0.00657635 0.16554130
v 0.11969264 -0.00632406 0.16591377
v 0.11996118 -0.00609821 0.16549935
v 0.11941876 -0.00624535 0.16633652
v 0.11950163 -0.00606630 0.16629434
v 0.11956421 -0.00569821 0.16626248
v 0.11954921 -0.00588029 0.16627011
v 0.13549952 0.00528496 0.15366157
v 0.13634220 0.00530165 0.15491577
v 0.13566169 0.00530165 0.15357902
v 0.13686055 0.00528496 0.15633504
v 0.13533366 0.00523143 0.15374604
v 0.13653508 0.00513864 0.15650074
v 0.13669468 0.00523144 0.15641948
v 0.13702271 0.00530165 0.15625249
v 0.13639258 0.00500876 0.15657328
v 0.13517404 0.00513864 0.15382728
v 0.13503155 0.00500876 0.15389982
v 0.13627682 0.00484886 0.15663221
v 0.13483312 0.00466975 0.15400086
v 0.13614644 0.00448362 0.15669858
v 0.13619413 0.00466975 0.15667432
v 0.13545105 0.00430166 0.15536943
v 0.13478542 0.00448362 0.15402515
v 0.13477053 0.00430166 0.15403272
v 0.13491579 0.00484886 0.15395874
v 0.13613156 0.00430166 0.15670615
v 0.15718835 -0.01359809 0.13073695
v 0.15741301 -0.01359809 0.13117822
v 0.15830416 -0.01359809 0.13072456
v 0.15807951 -0.01359809 0.13028327
v 0.15629720 -0.01359809 0.13119063
v 0.15652184 -0.01359809 0.13163189
v 0.11812475 0.00350167 0.16677085
v 0.11807940 0.00350167 0.16668175
v 0.11835273 0.00350167 0.16654259
v 0.11848882 0.00350167 0.16680992
v 0.11817013 0.00350167 0.16685996
v 0.11821549 0.00350167 0.16694908
v 0.11867144 0.00350167 0.16649254
v 0.11871680 0.00350167 0.16658165
v 0.11876217 0.00350167 0.16667080
v 0.11862606 0.00350167 0.16640343
v 0.12445628 0.00720162 0.16217859
v 0.12585689 0.00720162 0.16198173
v 0.12564819 0.00720162 0.16157179
v 0.12447635 0.00720162 0.16320073
v 0.12606556 0.00720162 0.16239167
v 0.12326436 0.00720162 0.16278538
v 0.12288713 0.00720162 0.16400976
v 0.12207245 0.00720162 0.16339218
v 0.12088053 0.00720162 0.16399897
v 0.12129791 0.00720162 0.16481882
v 0.12108921 0.00720162 0.16440888
v 0.13622715 -0.00289824 0.15755520
v 0.13611693 -0.00290492 0.15749911
v 0.13618179 -0.00289824 0.15746606
v 0.13611863 -0.00292633 0.15766656
v 0.13598674 -0.00296344 0.15756536
v 0.13605058 -0.00292633 0.15753286
v 0.13592973 -0.00301540 0.15759438
v 0.13591841 -0.00315100 0.15776848
v 0.13627252 -0.00289824 0.15764431
v 0.13583128 -0.00322545 0.15764452
v 0.13585035 -0.00315100 0.15763482
v 0.13588344 -0.00307936 0.15761797
v 0.13589338 -0.00329824 0.15778121
v 0.13606584 -0.00301540 0.15786174
v 0.13601954 -0.00307936 0.15788530
v 0.13583128 -0.00337102 0.15764452
v 0.13582533 -0.00329824 0.15764754
v 0.13585035 -0.00344547 0.15763482
v 0.13591841 -0.00344547 0.15776848
v 0.13588344 -0.00351712 0.15761797
v 0.13599778 -0.00358108 0.15772808
v 0.13592973 -0.00358108 0.15759438
v 0.13605058 -0.00367015 0.15753286
v 0.13611863 -0.00367015 0.15766656
v 0.13611693 -0.00369155 0.15749911
v 0.13598674 -0.00363303 0.15756536
v 0.13618179 -0.00369823 0.15746606
v 0.13622715 -0.00369823 0.15755520
v 0.13596739 -0.00322545 0.15791185
v 0.13596144 -0.00329824 0.15791490
v 0.13625302 -0.00290492 0.15776644
v 0.13631789 -0.00289824 0.15773342
v 0.13618668 -0.00292633 0.15780022
v 0.13612285 -0.00296344 0.15783272
v 0.13598646 -0.00315100 0.15790215
v 0.13596739 -0.00337102 0.15791185
v 0.13598646 -0.00344547 0.15790215
v 0.13601954 -0.00351712 0.15788530
v 0.13606584 -0.00358108 0.15786174
v 0.13612285 -0.00363303 0.15783272
v 0.13618668 -0.00367015 0.15780022
v 0.13625302 -0.00369155 0.15776644
v 0.13627252 -0.00369823 0.15764431
v 0.13631789 -0.00369823 0.15773342
v 0.12108921 -0.00739819 0.16440888
v 0.12129791 -0.00739819 0.16481882
v 0.12108710 -0.00737648 0.16492615
v 0.12087146 -0.00730691 0.16503592
v 0.12024659 -0.00718628 0.16432169
v 0.12045409 -0.00730691 0.16421604
v 0.12047874 -0.00701743 0.16523586
v 0.12066398 -0.00718628 0.16514157
v 0.12066972 -0.00737648 0.16410627
v 0.12088054 -0.00739819 0.16399897
v 0.12022075 -0.00657672 0.16536718
v 0.11991088 -0.00680957 0.16449261
v 0.12032826 -0.00680957 0.16531246
v 0.11993071 -0.00609821 0.16499868
v 0.12015875 -0.00633475 0.16539876
v 0.12013942 -0.00609821 0.16540859
v 0.11974137 -0.00633475 0.16457888
v 0.11980337 -0.00657672 0.16454733
v 0.11972204 -0.00609821 0.16458874
v 0.13954959 -0.01434809 0.13135578
v 0.13896026 -0.01509808 0.13019814
v 0.13975420 -0.01509808 0.13175766
v 0.14054812 -0.01434809 0.13331717
v 0.14013894 -0.01359810 0.13251342
v 0.14054812 -0.01359810 0.13331717
v 0.14054812 -0.01509808 0.13331717
v 0.08198126 -0.00621396 0.18276968
v 0.08189948 -0.00723711 0.18281131
v 0.08189948 -0.00655928 0.18281131
v 0.08212212 -0.00587972 0.18269797
v 0.08198126 -0.00758244 0.18276968
v 0.08231928 -0.00557534 0.18259759
v 0.08212212 -0.00791668 0.18269797
v 0.08187370 -0.00689820 0.18282442
v 0.08231928 -0.00822106 0.18259759
v 0.08256376 -0.00531779 0.18247314
v 0.08284168 -0.00511918 0.18233164
v 0.08343322 -0.00689820 0.18203050
v 0.08313679 -0.00498498 0.18218140
v 0.08343322 -0.00491391 0.18203050
v 0.08284168 -0.00867721 0.18233164
v 0.08256376 -0.00847861 0.18247314
v 0.08343322 -0.00888249 0.18203050
v 0.08313679 -0.00881142 0.18218140
v 0.12013942 -0.00609821 0.16540859
v 0.12014401 -0.00621519 0.16540615
v 0.12056048 -0.00590021 0.16547197
v 0.12015861 -0.00633506 0.16539864
v 0.12032827 -0.00680965 0.16531230
v 0.12072797 -0.00653024 0.16538668
v 0.12026884 -0.00669532 0.16534261
v 0.12022075 -0.00657672 0.16536718
v 0.12063253 -0.00632406 0.16543529
v 0.12047871 -0.00701741 0.16523586
v 0.12099005 -0.00569821 0.16553661
v 0.12100505 -0.00588029 0.16552895
v 0.12113550 -0.00624535 0.16546254
v 0.12125107 -0.00640531 0.16540371
v 0.12105263 -0.00606630 0.16550475
v 0.12086103 -0.00671443 0.16531896
v 0.12066419 -0.00718588 0.16514157
v 0.12102518 -0.00686375 0.16523538
v 0.12076623 -0.00725244 0.16508981
v 0.12139981 -0.00703231 0.16504468
v 0.12108711 -0.00737614 0.16492627
v 0.12119373 -0.00739283 0.16487186
v 0.12087197 -0.00730641 0.16503607
v 0.12120892 -0.00697084 0.16514184
v 0.12129791 -0.00739819 0.16481882
v 0.12139361 -0.00653498 0.16533114
v 0.12155319 -0.00662799 0.16524994
v 0.12188122 -0.00669819 0.16508292
v 0.12171896 -0.00668137 0.16516553
v 0.07787573 0.01415152 0.17111389
v 0.07787573 0.01490151 0.17111389
v 0.07876688 0.01490151 0.17066020
v 0.07876688 0.01340153 0.17066020
v 0.07787573 0.01340153 0.17111389
v 0.07965803 0.01415152 0.17020654
v 0.07965803 0.01340153 0.17020654
v 0.07965803 0.01490151 0.17020654
v 0.08092809 -0.00653011 0.18442795
v 0.07631483 -0.00589821 0.18677648
v 0.08099064 -0.00689820 0.18439609
v 0.08084538 -0.00635100 0.18447006
v 0.07631483 -0.00789819 0.18677648
v 0.08092809 -0.00726629 0.18442795
v 0.08084539 -0.00744540 0.18447006
v 0.08072965 -0.00760530 0.18452898
v 0.08009949 -0.00789819 0.18484978
v 0.08058715 -0.00773518 0.18460152
v 0.08072965 -0.00619110 0.18452898
v 0.08009949 -0.00589821 0.18484978
v 0.08058715 -0.00606121 0.18460152
v 0.08042752 -0.00596843 0.18468279
v 0.07253016 -0.00589822 0.18870321
v 0.08042752 -0.00782798 0.18468279
v 0.11592019 -0.00487014 0.16362916
v 0.11578898 -0.00489822 0.16369596
v 0.11624265 -0.00489822 0.16458710
v 0.11604103 -0.00478107 0.16356764
v 0.11728120 -0.00487014 0.16630259
v 0.11740205 -0.00478107 0.16624108
v 0.11748143 -0.00464546 0.16620067
v 0.11659911 -0.00449823 0.16440565
v 0.11612041 -0.00464546 0.16352724
v 0.11614543 -0.00449823 0.16351448
v 0.11669631 -0.00489822 0.16547826
v 0.11715001 -0.00489822 0.16636939
v 0.11705279 -0.00449822 0.16529678
v 0.11750645 -0.00449822 0.16618795
v 0.10877486 0.00720162 0.17025155
v 0.10634242 0.00720162 0.17092882
v 0.10611558 0.00720162 0.17048325
v 0.10656925 0.00720162 0.17137438
v 0.10832118 0.00720162 0.16936038
v 0.11075362 0.00720162 0.16868314
v 0.11098047 0.00720162 0.16912871
v 0.11052679 0.00720162 0.16823755
v 0.12585689 0.00720162 0.16198173
v 0.12606556 0.00720162 0.16239167
v 0.12627638 0.00717992 0.16228434
v 0.12669952 0.00698972 0.16206893
v 0.12607464 0.00711035 0.16135473
v 0.12649201 0.00711035 0.16217458
v 0.12646738 0.00682086 0.16115478
v 0.12628214 0.00698972 0.16124908
v 0.12585900 0.00717992 0.16146450
v 0.12564819 0.00720162 0.16157179
v 0.12703523 0.00661300 0.16189803
v 0.12672536 0.00638015 0.16102344
v 0.12661785 0.00661300 0.16107816
v 0.12701539 0.00590164 0.16139197
v 0.12720474 0.00613819 0.16181173
v 0.12722408 0.00590164 0.16180190
v 0.12714273 0.00638015 0.16184332
v 0.12678735 0.00613819 0.16099188
v 0.12680668 0.00590164 0.16098203
v 0.11892443 0.00332055 0.16625155
v 0.11887813 0.00338451 0.16627511
v 0.11887813 0.00281884 0.16627511
v 0.11882113 0.00343647 0.16630414
v 0.11882113 0.00276688 0.16630414
v 0.11875729 0.00347359 0.16633664
v 0.11875729 0.00272976 0.16633664
v 0.11897658 0.00317446 0.16622500
v 0.11897658 0.00302889 0.16622500
v 0.11898253 0.00310167 0.16622198
v 0.11895751 0.00324891 0.16623471
v 0.11895751 0.00295444 0.16623471
v 0.11892443 0.00288279 0.16625155
v 0.11869094 0.00349499 0.16637041
v 0.11869094 0.00270836 0.16637041
v 0.11862606 0.00350167 0.16640343
v 0.11835273 0.00350167 0.16654259
v 0.11850776 0.00270168 0.16646367
v 0.11807940 0.00350167 0.16668175
v 0.11827827 0.00263026 0.16658049
v 0.11796249 0.00348415 0.16674125
v 0.11784991 0.00343025 0.16679856
v 0.11818301 0.00254403 0.16662899
v 0.11790482 0.00346169 0.16677061
v 0.11775464 0.00334401 0.16684705
v 0.11779939 0.00339062 0.16682429
v 0.11862606 0.00270168 0.16640343
v 0.11768598 0.00323641 0.16688203
v 0.11839086 0.00268416 0.16652318
v 0.11712974 0.00206253 0.16716519
v 0.11755811 0.00126254 0.16694712
v 0.11811435 0.00243642 0.16666396
v 0.11657351 0.00088865 0.16744835
v 0.11700187 0.00008866 0.16723028
v 0.11601729 -0.00028523 0.16773153
v 0.11546105 -0.00145911 0.16801472
v 0.11644565 -0.00108522 0.16751345
v 0.11490481 -0.00263299 0.16829788
v 0.11588942 -0.00225910 0.16779661
v 0.11533319 -0.00343298 0.16807981
v 0.11462830 -0.00288073 0.16843866
v 0.11466643 -0.00369824 0.16841925
v 0.11474088 -0.00282683 0.16838132
v 0.11483615 -0.00274059 0.16833282
v 0.11505667 -0.00368072 0.16822055
v 0.11451139 -0.00289825 0.16849816
v 0.11439310 -0.00289825 0.16855837
v 0.11439310 -0.00369824 0.16855837
v 0.11432822 -0.00290492 0.16859139
v 0.11432822 -0.00369156 0.16859139
v 0.11426188 -0.00292633 0.16862517
v 0.11414103 -0.00301540 0.16868670
v 0.11419803 -0.00363304 0.16865767
v 0.11419803 -0.00296345 0.16865767
v 0.11406165 -0.00315101 0.16872710
v 0.11409473 -0.00351712 0.16871029
v 0.11409473 -0.00307936 0.16871029
v 0.11414103 -0.00358108 0.16868670
v 0.11426188 -0.00367015 0.16862517
v 0.11404258 -0.00322546 0.16873684
v 0.11406165 -0.00344548 0.16872710
v 0.11526452 -0.00354058 0.16811476
v 0.11521975 -0.00358718 0.16813754
v 0.11516925 -0.00362682 0.16816324
v 0.11511435 -0.00365826 0.16819119
v 0.11493976 -0.00369824 0.16828009
v 0.11404258 -0.00337103 0.16873684
v 0.11403663 -0.00329824 0.16873986
v 0.08691369 0.01490151 0.16928738
v 0.08100224 0.01460691 0.17284701
v 0.08077981 0.01490151 0.17241007
v 0.09304757 0.01490152 0.16616473
v 0.09918146 0.01490152 0.16304207
v 0.12372092 0.01460691 0.15109954
v 0.10531532 0.01490152 0.15991939
v 0.11144921 0.01490152 0.15679673
v 0.11758307 0.01490152 0.15367404
v 0.12371696 0.01490152 0.15055139
v 0.12985084 0.01490152 0.14742870
v 0.13598472 0.01490152 0.14430605
v 0.14211859 0.01490152 0.14118338
v 0.16643960 0.01460692 0.12935206
v 0.14825247 0.01490153 0.13806071
v 0.15438634 0.01490153 0.13493804
v 0.16052023 0.01490153 0.13181536
v 0.16665411 0.01490153 0.12869270
v 0.13438695 -0.00609820 0.15746715
v 0.13424783 -0.00459822 0.15719386
v 0.13424783 -0.00609820 0.15719386
v 0.13424783 -0.00159826 0.15719386
v 0.13424783 -0.00309824 0.15719386
v 0.13438695 0.00590164 0.15746715
v 0.13424782 0.00140170 0.15719386
v 0.13424783 -0.00009828 0.15719386
v 0.13424782 0.00440166 0.15719386
v 0.13424782 0.00290168 0.15719386
v 0.13452609 -0.00609820 0.15774043
v 0.13466521 -0.00009828 0.15801371
v 0.13466521 -0.00609820 0.15801371
v 0.13424782 0.00590164 0.15719386
v 0.13466521 0.00590164 0.15801371
v 0.13452609 0.00590164 0.15774043
v 0.13718931 -0.00354058 0.15728980
v 0.13725800 -0.00343297 0.15725483
v 0.13718994 -0.00343297 0.15712116
v 0.13709406 -0.00362682 0.15733829
v 0.13705321 -0.00354058 0.15702244
v 0.13695795 -0.00362682 0.15707093
v 0.13684537 -0.00368072 0.15712827
v 0.13698148 -0.00368072 0.15739560
v 0.13679651 -0.00369823 0.15732144
v 0.13686457 -0.00369823 0.15745511
v 0.13672846 -0.00369823 0.15718778
v 0.13712189 -0.00343297 0.15698750
v 0.11487757 -0.00009829 0.16752629
v 0.11487757 -0.00449823 0.16752629
v 0.11442388 -0.00449823 0.16663512
v 0.11351654 -0.00009829 0.16485282
v 0.11419704 0.00430166 0.16618953
v 0.11487757 0.00430166 0.16752629
v 0.11351654 -0.00449823 0.16485282
v 0.11351654 -0.00339824 0.16485282
v 0.11397021 -0.00449823 0.16574396
v 0.11351654 -0.00229826 0.16485282
v 0.11351654 -0.00119827 0.16485282
v 0.11351654 0.00100170 0.16485282
v 0.11351654 0.00210169 0.16485282
v 0.11351654 0.00320167 0.16485282
v 0.11351654 0.00430166 0.16485282
v 0.11455352 -0.00549821 0.16600809
v 0.11387299 -0.00549821 0.16467134
v 0.11483099 -0.00549821 0.16418365
v 0.11619201 -0.00549821 0.16685712
v 0.11523401 -0.00549821 0.16734481
v 0.11624265 -0.00549821 0.16458710
v 0.11669631 -0.00549821 0.16547826
v 0.11715001 -0.00549821 0.16636939
v 0.11578898 -0.00549821 0.16369596
v 0.09279987 -0.00018811 0.17782314
v 0.09084397 -0.00383718 0.17825781
v 0.09107079 -0.00383718 0.17870340
v 0.09452895 0.00346096 0.17694289
v 0.09257304 -0.00018811 0.17737756
v 0.09625803 0.00711003 0.17606263
v 0.09430212 0.00346096 0.17649730
v 0.09603120 0.00711003 0.17561705
v 0.15864550 -0.01434808 0.13139507
v 0.15898686 -0.01509807 0.13206560
v 0.15853318 -0.01509807 0.13117443
v 0.15807951 -0.01509807 0.13028327
v 0.15830416 -0.01359809 0.13072456
v 0.15807951 -0.01359809 0.13028327
v 0.13898208 0.00720162 0.15478371
v 0.14038269 0.00720162 0.15458686
v 0.14017399 0.00720162 0.15417695
v 0.14059136 0.00720162 0.15499680
v 0.13900215 0.00720162 0.15580586
v 0.13779016 0.00720162 0.15539051
v 0.13741294 0.00720162 0.15661488
v 0.13659825 0.00720162 0.15599730
v 0.13554546 0.00720162 0.15687738
v 0.13540633 0.00720162 0.15660410
v 0.13568458 0.00720162 0.15715066
v 0.13582371 0.00720162 0.15742394
v 0.13861464 -0.00449822 0.15375888
v 0.13793413 -0.00339824 0.15242216
v 0.13793413 -0.00449822 0.15242216
v 0.13793413 -0.00229825 0.15242216
v 0.13793413 -0.00009828 0.15242216
v 0.13793413 -0.00119827 0.15242216
v 0.13861464 0.00430166 0.15375888
v 0.13793413 0.00210169 0.15242216
v 0.13793413 0.00100171 0.15242216
v 0.13929515 -0.00009828 0.15509563
v 0.13929515 -0.00449822 0.15509563
v 0.13793413 0.00430166 0.15242216
v 0.13793413 0.00320168 0.15242216
v 0.13929515 0.00430166 0.15509563
v 0.12721296 0.00613819 0.16129138
v 0.12726318 0.00590164 0.16143787
v 0.12742165 0.00613819 0.16170132
v 0.12740231 0.00590164 0.16171115
v 0.12712406 0.00590164 0.16116458
v 0.12748364 0.00638015 0.16166974
v 0.12759116 0.00661300 0.16161502
v 0.12738246 0.00661300 0.16120508
v 0.12753293 0.00682086 0.16112849
v 0.12698493 0.00590164 0.16089130
v 0.12700427 0.00613819 0.16088144
v 0.12717378 0.00661300 0.16079517
v 0.12706626 0.00638015 0.16084989
v 0.12771817 0.00698972 0.16103419
v 0.12774162 0.00682086 0.16153842
v 0.12792686 0.00698972 0.16144413
v 0.12813436 0.00711035 0.16133848
v 0.12792569 0.00711035 0.16092854
v 0.12750949 0.00698972 0.16062425
v 0.12732424 0.00682086 0.16071855
v 0.12771699 0.00711035 0.16051863
v 0.12835000 0.00717992 0.16122871
v 0.12856081 0.00720162 0.16112138
v 0.12842168 0.00720162 0.16084810
v 0.12814131 0.00717992 0.16081877
v 0.12793262 0.00717992 0.16040883
v 0.12828256 0.00720162 0.16057482
v 0.12814343 0.00720162 0.16030153
v 0.13533027 -0.00464546 0.15374775
v 0.13530523 -0.00449822 0.15376051
v 0.13598575 -0.00449822 0.15509722
v 0.13540963 -0.00478106 0.15370735
v 0.13669128 -0.00464546 0.15642122
v 0.13677066 -0.00478106 0.15638081
v 0.13689151 -0.00487013 0.15631929
v 0.13553047 -0.00487013 0.15364582
v 0.13634220 -0.00489822 0.15491577
v 0.13566169 -0.00489822 0.15357902
v 0.13702272 -0.00489822 0.15625249
v 0.13666626 -0.00449822 0.15643397
v 0.08714365 -0.00589821 0.18182475
v 0.08422311 -0.00589821 0.18303101
v 0.08410967 -0.00589821 0.18280824
v 0.08433652 -0.00589821 0.18325382
v 0.08691681 -0.00589821 0.18137917
v 0.08972394 -0.00589821 0.17995010
v 0.08995079 -0.00589821 0.18039569
v 0.12485038 -0.00449822 0.16132713
v 0.12530405 -0.00324110 0.16221830
v 0.12530405 -0.00449822 0.16221830
v 0.12530405 -0.00072685 0.16221830
v 0.12530405 -0.00198397 0.16221830
v 0.12394303 -0.00009828 0.15954483
v 0.12462354 0.00430166 0.16088158
v 0.12530405 0.00178741 0.16221830
v 0.12530405 0.00053028 0.16221830
v 0.12530405 0.00430166 0.16221830
v 0.12530405 0.00304453 0.16221830
v 0.12394303 -0.00339824 0.15954483
v 0.12439670 -0.00449822 0.16043600
v 0.12394303 -0.00449822 0.15954483
v 0.12394303 -0.00229826 0.15954483
v 0.12394303 -0.00119827 0.15954483
v 0.12394303 0.00100170 0.15954483
v 0.12394303 0.00210169 0.15954483
v 0.12394303 0.00320167 0.15954483
v 0.12394303 0.00430166 0.15954483
v 0.14518214 -0.01559807 0.12478644
v 0.14518214 -0.01509808 0.12478644
v 0.14559883 -0.01509808 0.12464658
v 0.14559883 -0.01609750 0.12464658
v 0.14518214 -0.01609806 0.12478644
v 0.14605896 -0.01609576 0.12463609
v 0.14605896 -0.01509808 0.12463609
v 0.14650060 -0.01609300 0.12476561
v 0.14650060 -0.01509808 0.12476561
v 0.14686672 -0.01559387 0.12500882
v 0.14686672 -0.01509808 0.12500882
v 0.14686672 -0.01608966 0.12500882
v 0.08110406 -0.00689820 0.18461889
v 0.08092809 -0.00653011 0.18442795
v 0.08099064 -0.00689820 0.18439609
v 0.08072965 -0.00619110 0.18452898
v 0.08107223 -0.00635100 0.18491561
v 0.08095648 -0.00619110 0.18497454
v 0.08084538 -0.00635100 0.18447006
v 0.08058715 -0.00606121 0.18460152
v 0.08081397 -0.00606121 0.18504711
v 0.08042752 -0.00596843 0.18468279
v 0.08021291 -0.00589821 0.18507255
v 0.08009949 -0.00589821 0.18484978
v 0.08065435 -0.00596843 0.18512835
v 0.08115492 -0.00653011 0.18487352
v 0.08032633 -0.00589821 0.18529536
v 0.08121749 -0.00689820 0.18484166
v 0.08724289 -0.00489823 0.18009104
v 0.08746974 -0.00489823 0.18053663
v 0.08949711 -0.00489823 0.17950452
v 0.08927028 -0.00489823 0.17905894
v 0.08521552 -0.00489823 0.18112315
v 0.08544237 -0.00489823 0.18156873
v 0.16942561 -0.01496750 0.12569132
v 0.16899613 -0.00009828 0.12472579
v 0.16942561 -0.00009828 0.12569132
v 0.16942560 0.01477096 0.12569132
v 0.16899613 0.01490153 0.12472579
v 0.12806737 -0.00464546 0.15744519
v 0.12804234 -0.00449822 0.15745794
v 0.12872285 -0.00449822 0.15879466
v 0.12814673 -0.00478106 0.15740478
v 0.12942840 -0.00464546 0.16011865
v 0.12950777 -0.00478106 0.16007825
v 0.12962861 -0.00487013 0.16001673
v 0.12826758 -0.00487013 0.15734326
v 0.12907930 -0.00489822 0.15861321
v 0.12839879 -0.00489822 0.15727646
v 0.12975981 -0.00489822 0.15994993
v 0.12940336 -0.00449822 0.16013141
v 0.14589535 -0.00130247 0.15023194
v 0.14731783 0.00169959 0.14950775
v 0.14754468 0.00169959 0.14995333
v 0.14874033 0.00470166 0.14878359
v 0.14896719 0.00470166 0.14922917
v 0.14612218 -0.00130247 0.15067753
v 0.14469968 -0.00430453 0.15140169
v 0.14327717 -0.00730660 0.15212585
v 0.14305035 -0.00730660 0.15168030
v 0.14447284 -0.00430453 0.15095611
v 0.14973858 -0.01509808 0.12699857
v 0.15011678 -0.01509808 0.12692772
v 0.15011678 -0.01557998 0.12692772
v 0.14973858 -0.01606282 0.12699857
v 0.14934138 -0.01509808 0.12696807
v 0.14934138 -0.01606463 0.12696807
v 0.14896622 -0.01509808 0.12683412
v 0.14864970 -0.01558410 0.12661534
v 0.14864970 -0.01509808 0.12661534
v 0.14896622 -0.01606715 0.12683412
v 0.14864970 -0.01607011 0.12661534
v 0.15011678 -0.01606187 0.12692772
v 0.13345195 -0.00609820 0.15783469
v 0.13335667 -0.00459822 0.15764752
v 0.13335667 -0.00609820 0.15764752
v 0.13335667 -0.00159826 0.15764752
v 0.13335667 -0.00309824 0.15764752
v 0.13335667 -0.00009828 0.15764752
v 0.13345195 0.00590164 0.15783469
v 0.13335667 0.00140170 0.15764753
v 0.13335667 0.00290168 0.15764753
v 0.13335667 0.00440166 0.15764753
v 0.13335667 0.00590164 0.15764753
v 0.13354722 -0.00476488 0.15802182
v 0.13354722 -0.00343157 0.15802182
v 0.13354722 -0.00209826 0.15802182
v 0.13354722 -0.00076494 0.15802182
v 0.13354722 0.00190169 0.15802182
v 0.13354722 0.00056838 0.15802182
v 0.13354722 0.00323501 0.15802182
v 0.13354722 0.00456832 0.15802182
v 0.13354722 0.00590164 0.15802182
v 0.13354722 -0.00609820 0.15802182
v 0.12581222 -0.00656309 0.16148830
v 0.12615381 -0.00645175 0.16178569
v 0.12596326 -0.00645175 0.16141140
v 0.12606249 -0.00628225 0.16136089
v 0.12625304 -0.00628225 0.16173519
v 0.12609377 -0.00609820 0.16134496
v 0.12618905 -0.00609820 0.16153213
v 0.12574346 -0.00659820 0.16175896
v 0.12564819 -0.00659820 0.16157179
v 0.12600277 -0.00656309 0.16186259
v 0.12583873 -0.00659820 0.16194609
v 0.12628432 -0.00609820 0.16171926
v 0.11017081 0.01437623 0.16293717
v 0.08299929 0.01437622 0.17676979
v 0.08100224 0.01460691 0.17284701
v 0.13734234 0.01437623 0.14910455
v 0.12372092 0.01460691 0.15109954
v 0.16547673 0.01449158 0.13231198
v 0.16451386 0.01437623 0.13527191
v 0.16643960 0.01460692 0.12935206
v 0.10562950 -0.00659820 0.17129176
v 0.10562949 0.00640163 0.17129176
v 0.10585634 -0.00226492 0.17173732
v 0.10585634 0.00640163 0.17173732
v 0.10585634 0.00206835 0.17173732
v 0.10585634 -0.00659820 0.17173732
v 0.10540266 -0.00334824 0.17084618
v 0.10540266 -0.00659820 0.17084618
v 0.10540266 -0.00009829 0.17084618
v 0.10540266 0.00315167 0.17084618
v 0.10540266 0.00640163 0.17084618
v 0.07787303 0.00870160 0.18542217
v 0.07208599 0.00576830 0.18836825
v 0.07208599 0.00870159 0.18836825
v 0.07208599 0.00283500 0.18836825
v 0.07787303 -0.00889818 0.18542217
v 0.07208599 -0.00303158 0.18836825
v 0.07208599 -0.00009829 0.18836825
v 0.07208599 -0.00596488 0.18836825
v 0.08210055 -0.00689820 0.18327001
v 0.08212525 -0.00723003 0.18325743
v 0.08212525 -0.00656637 0.18325743
v 0.08220420 -0.00757031 0.18321724
v 0.07208599 -0.00889818 0.18836825
v 0.08220420 -0.00622608 0.18321724
v 0.08234148 -0.00790238 0.18314736
v 0.08234148 -0.00589402 0.18314736
v 0.08253561 -0.00820757 0.18304852
v 0.08366005 -0.00037541 0.18247608
v 0.08305818 -0.00512519 0.18278247
v 0.08277887 -0.00532808 0.18292468
v 0.08335739 -0.00498712 0.18263017
v 0.08366005 0.00416309 0.18247608
v 0.08366005 -0.00491391 0.18247608
v 0.08253561 -0.00558883 0.18304852
v 0.08277887 -0.00846832 0.18292468
v 0.08305818 -0.00867121 0.18278247
v 0.08335739 -0.00880928 0.18263017
v 0.08366005 -0.00888249 0.18247608
v 0.08366005 -0.00889817 0.18247608
v 0.08366005 0.00870160 0.18247608
v 0.13171918 -0.00659820 0.15848115
v 0.13300637 -0.00659820 0.15806152
v 0.13291109 -0.00659820 0.15787436
v 0.13310164 -0.00659820 0.15824865
v 0.13052726 -0.00659820 0.15908794
v 0.13071782 -0.00659820 0.15946224
v 0.13190972 -0.00659820 0.15885545
v 0.12933535 -0.00659820 0.15969474
v 0.12952590 -0.00659820 0.16006900
v 0.12814343 -0.00659820 0.16030153
v 0.12827045 -0.00659820 0.16055104
v 0.12833397 -0.00659820 0.16067580
v 0.12820694 -0.00659820 0.16042629
v 0.12184234 -0.00289825 0.16493440
v 0.12177429 -0.00289825 0.16480073
v 0.12189120 -0.00288073 0.16474122
v 0.12213988 -0.00282683 0.16495124
v 0.12202730 -0.00288073 0.16500855
v 0.12191039 -0.00289825 0.16506806
v 0.12223577 -0.00263298 0.16473411
v 0.12209905 -0.00274059 0.16463539
v 0.12216771 -0.00263298 0.16460045
v 0.12223516 -0.00274059 0.16490275
v 0.12230382 -0.00263298 0.16486778
v 0.13010988 -0.00669819 0.15826810
v 0.13261794 -0.00669819 0.15773935
v 0.13246672 -0.00669819 0.15744229
v 0.13276916 -0.00669819 0.15803640
v 0.13231549 -0.00669819 0.15714523
v 0.12790428 -0.00669819 0.15939093
v 0.13056356 -0.00669819 0.15915923
v 0.12835796 -0.00669819 0.16028207
v 0.12813111 -0.00669819 0.15983651
v 0.14188485 0.01340154 0.13263667
v 0.14054811 0.01340154 0.13331717
v 0.14013893 0.01340154 0.13251342
v 0.14147568 0.01340154 0.13183291
v 0.14322158 0.01340154 0.13195615
v 0.14281240 0.01340154 0.13115240
v 0.12835000 -0.00737648 0.16122871
v 0.12835211 -0.00739819 0.16071144
v 0.12856081 -0.00739819 0.16112138
v 0.12793263 -0.00737648 0.16040883
v 0.12771699 -0.00730691 0.16051863
v 0.12792686 -0.00718628 0.16144413
v 0.12813437 -0.00730691 0.16133848
v 0.12814343 -0.00739819 0.16030153
v 0.12750949 -0.00718628 0.16062425
v 0.12774162 -0.00701743 0.16153842
v 0.12732424 -0.00701743 0.16071855
v 0.12717378 -0.00680957 0.16079517
v 0.12748364 -0.00657672 0.16166974
v 0.12700427 -0.00633475 0.16088144
v 0.12706626 -0.00657672 0.16084989
v 0.12719361 -0.00609820 0.16130124
v 0.12742165 -0.00633475 0.16170132
v 0.12740231 -0.00609820 0.16171115
v 0.12759116 -0.00680957 0.16161502
v 0.12698494 -0.00609820 0.16089130
v 0.12574346 -0.00659820 0.16175896
v 0.12445628 -0.00659820 0.16217859
v 0.12583873 -0.00659820 0.16194609
v 0.12564819 -0.00659820 0.16157179
v 0.12326436 -0.00659820 0.16278538
v 0.12345491 -0.00659820 0.16315968
v 0.12464682 -0.00659820 0.16255288
v 0.12207245 -0.00659820 0.16339218
v 0.12226300 -0.00659820 0.16376644
v 0.12088054 -0.00659820 0.16399897
v 0.12097581 -0.00659820 0.16418611
v 0.12107108 -0.00659820 0.16437324
v 0.08821757 -0.01509809 0.15751597
v 0.08808306 -0.01606688 0.15786509
v 0.08807434 -0.01509809 0.15788108
v 0.08785711 -0.01606533 0.15818005
v 0.08784800 -0.01509809 0.15818970
v 0.08756867 -0.01509809 0.15841982
v 0.08756867 -0.01558135 0.15841982
v 0.08826130 -0.01558500 0.15712987
v 0.08826130 -0.01509809 0.15712987
v 0.08822077 -0.01606915 0.15750276
v 0.08826130 -0.01607189 0.15712987
v 0.08756867 -0.01606461 0.15841982
v 0.13071781 0.00640163 0.15946224
v 0.12952590 0.00640163 0.16006900
v 0.12933535 0.00640163 0.15969474
v 0.13052726 0.00640163 0.15908795
v 0.12814343 0.00640163 0.16030153
v 0.12823871 0.00640163 0.16048867
v 0.12833397 0.00640163 0.16067580
v 0.13171918 0.00640163 0.15848115
v 0.13300636 0.00640163 0.15806152
v 0.13310164 0.00640163 0.15824865
v 0.13291109 0.00640163 0.15787436
v 0.13190972 0.00640163 0.15885545
v 0.13634220 0.00530165 0.15491577
v 0.13798071 0.00530165 0.15576480
v 0.13825818 0.00530165 0.15394037
v 0.13893870 0.00530165 0.15527708
v 0.13661969 0.00530165 0.15309134
v 0.13757766 0.00530165 0.15260365
v 0.13566169 0.00530165 0.15357902
v 0.13702271 0.00530165 0.15625249
v 0.11603776 0.00650163 0.16655411
v 0.11360532 0.00650163 0.16723139
v 0.11337848 0.00650163 0.16678581
v 0.11383217 0.00650163 0.16767694
v 0.11558408 0.00650163 0.16566294
v 0.11794092 0.00650163 0.16483717
v 0.11809214 0.00650163 0.16513422
v 0.11824337 0.00650163 0.16543127
v 0.11778969 0.00650163 0.16454011
v 0.12053023 -0.00609820 0.16441294
v 0.12062550 -0.00476489 0.16460007
v 0.12062550 -0.00609820 0.16460007
v 0.12062550 -0.00209826 0.16460007
v 0.12062550 -0.00343157 0.16460007
v 0.12062550 -0.00076494 0.16460007
v 0.12053022 0.00590164 0.16441294
v 0.12062550 0.00190169 0.16460007
v 0.12062550 0.00056837 0.16460007
v 0.12062550 0.00456832 0.16460007
v 0.12062550 0.00323501 0.16460007
v 0.12062550 0.00590164 0.16460007
v 0.12043495 -0.00459822 0.16422580
v 0.12043495 -0.00609820 0.16422580
v 0.12043495 -0.00309825 0.16422580
v 0.12043495 -0.00159826 0.16422580
v 0.12043495 -0.00009828 0.16422580
v 0.12043495 0.00140170 0.16422580
v 0.12043495 0.00290168 0.16422580
v 0.12043495 0.00440166 0.16422580
v 0.12043495 0.00590164 0.16422580
v 0.13984081 -0.00664202 0.15331420
v 0.13957839 -0.00669819 0.15344780
v 0.13972961 -0.00669819 0.15374485
v 0.14008251 -0.00646388 0.15319118
v 0.14029449 -0.00664202 0.15420536
v 0.14053617 -0.00646388 0.15408232
v 0.14069492 -0.00619268 0.15400151
v 0.14044253 -0.00589820 0.15338192
v 0.14024125 -0.00619268 0.15311034
v 0.14029131 -0.00589820 0.15308486
v 0.13988084 -0.00669819 0.15404191
v 0.14003206 -0.00669819 0.15433896
v 0.14059376 -0.00589820 0.15367897
v 0.14074498 -0.00589820 0.15397603
v 0.11375676 -0.00739819 0.16796970
v 0.11361764 -0.00739819 0.16769641
v 0.11480955 -0.00739819 0.16708962
v 0.11389589 -0.00739819 0.16824297
v 0.11641884 -0.00739819 0.16730266
v 0.11403501 -0.00739819 0.16851626
v 0.11859399 -0.00739819 0.16567917
v 0.11719338 -0.00739819 0.16587603
v 0.11838529 -0.00739819 0.16526923
v 0.11880268 -0.00739819 0.16608911
v 0.11600146 -0.00739819 0.16648282
v 0.13230250 0.00323641 0.15966537
v 0.13241655 0.00334402 0.15971954
v 0.13234788 0.00323641 0.15975448
v 0.13246128 0.00339062 0.15969675
v 0.13237570 0.00343025 0.15940369
v 0.13251181 0.00343025 0.15967105
v 0.13256671 0.00346169 0.15964310
v 0.13248829 0.00348415 0.15934638
v 0.13262439 0.00348415 0.15961374
v 0.13274130 0.00350167 0.15955420
v 0.13269593 0.00350167 0.15946509
v 0.13243061 0.00346169 0.15937574
v 0.13232519 0.00339062 0.15942941
v 0.13228044 0.00334402 0.15945218
v 0.13225714 0.00323641 0.15957626
v 0.13221177 0.00323641 0.15948715
v 0.13265055 0.00350167 0.15937598
v 0.13260519 0.00350167 0.15928687
v 0.14903002 -0.00009828 0.14732698
v 0.14850249 -0.00104447 0.14609939
v 0.14842513 -0.00009828 0.14613879
v 0.14965783 -0.00201234 0.14775544
v 0.14918048 -0.00294373 0.14575424
v 0.14875047 -0.00201234 0.14597314
v 0.15068974 -0.00377518 0.14723013
v 0.14978238 -0.00377518 0.14544783
v 0.14963490 -0.00009828 0.14851520
v 0.15099517 -0.00294373 0.14931885
v 0.15052335 -0.00445060 0.14507061
v 0.15135335 -0.00493311 0.14464804
v 0.15226071 -0.00493311 0.14643038
v 0.15221589 -0.00521140 0.14420896
v 0.15233804 -0.00445060 0.14863521
v 0.15396647 -0.00529821 0.14556199
v 0.15305911 -0.00529821 0.14377968
v 0.15567220 -0.00493311 0.14469360
v 0.15476487 -0.00493311 0.14291130
v 0.15390235 -0.00521140 0.14335041
v 0.15559489 -0.00445060 0.14248875
v 0.15693774 -0.00294373 0.14180512
v 0.15827509 -0.00201234 0.14336852
v 0.15736774 -0.00201234 0.14158623
v 0.15761575 -0.00104447 0.14145996
v 0.15769311 -0.00009828 0.14142058
v 0.15829801 -0.00009828 0.14260878
v 0.15633585 -0.00377518 0.14211154
v 0.15724319 -0.00377518 0.14389386
v 0.15031716 -0.00104447 0.14966402
v 0.15023981 -0.00009828 0.14970339
v 0.15159708 -0.00377518 0.14901243
v 0.15056518 -0.00201234 0.14953777
v 0.15316806 -0.00493311 0.14821268
v 0.15403060 -0.00521140 0.14777357
v 0.15487381 -0.00529821 0.14734429
v 0.15571702 -0.00521140 0.14691501
v 0.15657956 -0.00493311 0.14647591
v 0.15740957 -0.00445060 0.14605337
v 0.15815053 -0.00377518 0.14567615
v 0.15875246 -0.00294373 0.14536973
v 0.15943044 -0.00104447 0.14502457
v 0.15890291 -0.00009828 0.14379699
v 0.15918244 -0.00201234 0.14515084
v 0.15950782 -0.00009828 0.14498520
v 0.12515938 -0.00104113 0.16341405
v 0.12599323 -0.00104113 0.16298956
v 0.12599323 0.00084456 0.16298956
v 0.12599323 -0.00292682 0.16298956
v 0.12515938 -0.00292682 0.16341405
v 0.12599323 -0.00481250 0.16298956
v 0.12515938 -0.00481250 0.16341405
v 0.12432551 -0.00104113 0.16383857
v 0.12432551 -0.00292682 0.16383857
v 0.12432551 -0.00481250 0.16383857
v 0.12432551 0.00273025 0.16383857
v 0.12349164 0.00461594 0.16426309
v 0.12349164 0.00273025 0.16426309
v 0.12349164 -0.00292682 0.16426309
v 0.12349164 -0.00481250 0.16426309
v 0.12265779 0.00461594 0.16468758
v 0.12265779 0.00273025 0.16468758
v 0.12349164 0.00084456 0.16426309
v 0.12265779 0.00084456 0.16468758
v 0.12182392 0.00461594 0.16511210
v 0.12182392 0.00273025 0.16511210
v 0.12182392 0.00084456 0.16511210
v 0.12182392 -0.00104113 0.16511210
v 0.12682710 0.00550164 0.16256504
v 0.12681210 0.00568372 0.16257267
v 0.12676453 0.00586973 0.16259690
v 0.12627712 0.00338451 0.16284504
v 0.12682710 0.00410166 0.16256504
v 0.12622013 0.00343647 0.16287406
v 0.12668164 0.00604879 0.16263908
v 0.12599323 0.00461594 0.16298956
v 0.12656609 0.00620874 0.16269792
v 0.12642355 0.00633842 0.16277048
v 0.12682710 0.00270168 0.16256504
v 0.12637559 0.00317446 0.16279490
v 0.12637559 0.00302889 0.16279490
v 0.12638154 0.00310167 0.16279188
v 0.12632344 0.00332055 0.16282145
v 0.12632344 0.00288279 0.16282145
v 0.12627712 0.00281884 0.16284504
v 0.12635650 0.00324891 0.16280463
v 0.12635650 0.00295444 0.16280463
v 0.12626399 0.00643142 0.16285172
v 0.12609822 0.00648480 0.16293610
v 0.12593595 0.00650163 0.16301871
v 0.12575172 0.00350167 0.16311248
v 0.12602506 0.00350167 0.16297336
v 0.12492226 0.00650163 0.16353478
v 0.12608993 0.00349499 0.16294034
v 0.12432551 0.00461594 0.16383857
v 0.12390857 0.00650163 0.16405081
v 0.12547840 0.00350167 0.16325164
v 0.12524891 0.00343025 0.16336849
v 0.12530381 0.00346169 0.16334054
v 0.12536149 0.00348415 0.16331118
v 0.12615629 0.00347359 0.16290656
v 0.12515365 0.00334402 0.16341698
v 0.12519840 0.00339062 0.16339418
v 0.12508498 0.00323641 0.16345192
v 0.12682710 0.00130170 0.16256504
v 0.12682710 -0.00009828 0.16256504
v 0.12682710 -0.00149826 0.16256504
v 0.12622013 0.00276688 0.16287406
v 0.12615629 0.00272977 0.16290656
v 0.12682710 -0.00289825 0.16256504
v 0.12682710 -0.00429823 0.16256504
v 0.12668165 -0.00624535 0.16263908
v 0.12676454 -0.00606630 0.16259690
v 0.12682710 -0.00569821 0.16256504
v 0.12681211 -0.00588029 0.16257267
v 0.12656610 -0.00640531 0.16269791
v 0.12642355 -0.00653498 0.16277048
v 0.12626399 -0.00662799 0.16285172
v 0.12609822 -0.00668136 0.16293610
v 0.12608993 0.00270836 0.16294034
v 0.12602506 0.00270168 0.16297336
v 0.12590676 0.00270168 0.16303357
v 0.12579573 0.00268591 0.16309009
v 0.12568452 0.00263505 0.16314672
v 0.12551336 0.00243642 0.16323385
v 0.12558635 0.00254915 0.16319668
v 0.12495711 0.00126254 0.16351701
v 0.12593595 -0.00669819 0.16301871
v 0.12492226 -0.00669819 0.16353478
v 0.12440088 0.00008866 0.16380021
v 0.12397251 0.00088865 0.16401828
v 0.12452875 0.00206253 0.16373512
v 0.12289489 0.00650163 0.16456688
v 0.12188121 0.00650163 0.16508292
v 0.12341628 -0.00028523 0.16430145
v 0.12384464 -0.00108522 0.16408337
v 0.12328841 -0.00225909 0.16436654
v 0.12230382 -0.00263298 0.16486778
v 0.12286006 -0.00145911 0.16458461
v 0.12223516 -0.00274059 0.16490275
v 0.12213988 -0.00282683 0.16495124
v 0.12171895 0.00648480 0.16516553
v 0.12155318 0.00643142 0.16524994
v 0.12139361 0.00633842 0.16533114
v 0.12125106 0.00620874 0.16540371
v 0.12099005 0.00550164 0.16553661
v 0.12113549 0.00604879 0.16546254
v 0.12105262 0.00586973 0.16550475
v 0.12100505 0.00568372 0.16552895
v 0.12099005 0.00410166 0.16553661
v 0.12099005 0.00270168 0.16553661
v 0.12099005 -0.00009828 0.16553661
v 0.12099005 0.00130170 0.16553661
v 0.12099005 -0.00149826 0.16553661
v 0.12202730 -0.00288073 0.16500855
v 0.12166088 -0.00292633 0.16519510
v 0.12273219 -0.00343298 0.16464970
v 0.12265916 -0.00354571 0.16468688
v 0.12191039 -0.00289825 0.16506806
v 0.12256099 -0.00363160 0.16473686
v 0.12244978 -0.00368246 0.16479347
v 0.12182392 -0.00481250 0.16511210
v 0.12390857 -0.00669819 0.16405081
v 0.12289489 -0.00669819 0.16456688
v 0.12233876 -0.00369823 0.16484998
v 0.12206542 -0.00369823 0.16498914
v 0.12188122 -0.00669819 0.16508292
v 0.12179209 -0.00369823 0.16512830
v 0.12166088 -0.00367015 0.16519510
v 0.12171896 -0.00668137 0.16516553
v 0.12179209 -0.00289825 0.16512830
v 0.12154003 -0.00301540 0.16525662
v 0.12154003 -0.00358108 0.16525662
v 0.12143563 -0.00329824 0.16530975
v 0.12146066 -0.00315101 0.16529703
v 0.12099005 -0.00289825 0.16553661
v 0.12099005 -0.00429823 0.16553661
v 0.12146066 -0.00344548 0.16529703
v 0.12125107 -0.00640531 0.16540371
v 0.12139361 -0.00653498 0.16533114
v 0.12155319 -0.00662799 0.16524994
v 0.12099005 -0.00569821 0.16553661
v 0.12113550 -0.00624535 0.16546254
v 0.12105263 -0.00606630 0.16550475
v 0.12100505 -0.00588029 0.16552895
v 0.16818143 0.01392484 0.12514054
v 0.16773584 0.01389391 0.12536737
v 0.16773584 0.01490153 0.12536737
v 0.16899613 0.01490153 0.12472579
v 0.16862701 0.01395578 0.12491370
v 0.16773584 -0.01409047 0.12536737
v 0.16862701 -0.01415233 0.12491370
v 0.16773584 -0.01509807 0.12536737
v 0.16862701 0.01114497 0.12491370
v 0.16862701 0.00833416 0.12491370
v 0.16899613 -0.00009828 0.12472579
v 0.16862701 0.00552335 0.12491370
v 0.16862701 -0.00009828 0.12491370
v 0.16862701 0.00271253 0.12491370
v 0.16862701 -0.00290909 0.12491370
v 0.16862701 -0.00571989 0.12491370
v 0.16862701 -0.00853070 0.12491370
v 0.16862701 -0.01134151 0.12491370
v 0.16899613 -0.01509807 0.12472579
v 0.14074619 0.00324892 0.15514239
v 0.14071313 0.00332056 0.15515924
v 0.14071313 0.00288280 0.15515924
v 0.14066682 0.00338452 0.15518280
v 0.14066682 0.00281884 0.15518280
v 0.14060983 0.00343647 0.15521182
v 0.14060983 0.00276688 0.15521182
v 0.14076528 0.00317446 0.15513269
v 0.14076528 0.00302889 0.15513269
v 0.14077123 0.00310168 0.15512967
v 0.14074619 0.00295444 0.15514239
v 0.14054597 0.00347359 0.15524432
v 0.14054597 0.00272977 0.15524432
v 0.14041477 0.00350167 0.15531112
v 0.14041477 0.00270168 0.15531112
v 0.14047962 0.00349499 0.15527810
v 0.14014142 0.00350167 0.15545028
v 0.14029645 0.00270168 0.15537136
v 0.13986809 0.00350167 0.15558943
v 0.14006697 0.00263027 0.15548818
v 0.13964585 0.00343504 0.15570256
v 0.13997171 0.00254403 0.15553667
v 0.13975705 0.00348590 0.15564595
v 0.13954769 0.00334914 0.15575255
v 0.14047962 0.00270836 0.15527810
v 0.13947467 0.00323641 0.15578971
v 0.14017955 0.00268416 0.15543087
v 0.13990303 0.00243642 0.15557164
v 0.13836221 0.00088866 0.15635604
v 0.13934681 0.00126254 0.15585481
v 0.13891844 0.00206253 0.15607288
v 0.13780598 -0.00028523 0.15663921
v 0.13823434 -0.00108521 0.15642114
v 0.13879057 0.00008866 0.15613797
v 0.13724976 -0.00145910 0.15692240
v 0.13767811 -0.00225909 0.15670433
v 0.13669351 -0.00263298 0.15720557
v 0.13712189 -0.00343297 0.15698750
v 0.13662485 -0.00274059 0.15724051
v 0.13652957 -0.00282683 0.15728903
v 0.13672846 -0.00369823 0.15718778
v 0.13658008 -0.00278719 0.15726331
v 0.13695795 -0.00362682 0.15707093
v 0.13647467 -0.00285827 0.15731696
v 0.13630009 -0.00289824 0.15740585
v 0.13645511 -0.00369823 0.15732693
v 0.13641699 -0.00288073 0.15734634
v 0.13618179 -0.00289824 0.15746606
v 0.13618179 -0.00369823 0.15746606
v 0.13611693 -0.00290492 0.15749911
v 0.13598674 -0.00296344 0.15756536
v 0.13605058 -0.00367015 0.15753286
v 0.13605058 -0.00292633 0.15753286
v 0.13598674 -0.00363303 0.15756536
v 0.13592973 -0.00301540 0.15759438
v 0.13611693 -0.00369155 0.15749911
v 0.13592973 -0.00358108 0.15759438
v 0.13588344 -0.00307936 0.15761797
v 0.13705321 -0.00354058 0.15702244
v 0.13684537 -0.00368072 0.15712827
v 0.13583128 -0.00322545 0.15764452
v 0.13585035 -0.00344547 0.15763482
v 0.13585035 -0.00315100 0.15763482
v 0.13582533 -0.00329824 0.15764754
v 0.13583128 -0.00337102 0.15764452
v 0.13588344 -0.00351712 0.15761797
v 0.13611536 -0.00549821 0.15447019
v 0.13566169 -0.00549821 0.15357902
v 0.13661969 -0.00549821 0.15309134
v 0.13803135 -0.00549821 0.15349478
v 0.13656905 -0.00549821 0.15536132
v 0.13798072 -0.00549821 0.15576480
v 0.13702272 -0.00549821 0.15625249
v 0.13848502 -0.00549821 0.15438595
v 0.13893870 -0.00549821 0.15527708
v 0.13757766 -0.00549821 0.15260365
v 0.08131086 -0.01333649 0.17345318
v 0.07876689 -0.01359811 0.17066020
v 0.07787574 -0.01359811 0.17111389
v 0.07965804 -0.01359811 0.17020654
v 0.07952855 -0.01333649 0.17436053
v 0.08207253 -0.01307487 0.17715351
v 0.08118138 -0.01307488 0.17760717
v 0.08296369 -0.01307487 0.17669983
v 0.12788840 0.00590164 0.16090263
v 0.12869680 0.00454451 0.16049111
v 0.12788840 0.00456832 0.16090263
v 0.12791968 0.00608568 0.16088673
v 0.12801889 0.00625519 0.16083619
v 0.12816995 0.00636653 0.16075929
v 0.12833397 0.00640163 0.16067580
v 0.12788840 0.00190169 0.16090263
v 0.12788840 0.00323501 0.16090263
v 0.12869680 0.00083028 0.16049111
v 0.12788840 0.00056838 0.16090263
v 0.12888353 0.00448362 0.16039602
v 0.12886866 0.00430166 0.16040359
v 0.12869680 -0.00102684 0.16049111
v 0.12886866 0.00304453 0.16040359
v 0.12886866 0.00178741 0.16040359
v 0.12901392 0.00484886 0.16032965
v 0.12952590 0.00640163 0.16006900
v 0.12927218 0.00513864 0.16019818
v 0.12912967 0.00500876 0.16027072
v 0.12943178 0.00523143 0.16011692
v 0.12959765 0.00528495 0.16003248
v 0.12975981 0.00530165 0.15994993
v 0.13071781 0.00640163 0.15946224
v 0.12886866 0.00053028 0.16040359
v 0.12893123 0.00466975 0.16037176
v 0.12886866 -0.00072685 0.16040359
v 0.12788840 -0.00209826 0.16090263
v 0.12869680 -0.00288396 0.16049111
v 0.12788840 -0.00343157 0.16090263
v 0.12869680 -0.00474108 0.16049111
v 0.12788840 -0.00609820 0.16090263
v 0.12788840 -0.00476489 0.16090263
v 0.12789583 -0.00618918 0.16089885
v 0.12791968 -0.00628225 0.16088673
v 0.12825290 -0.00658985 0.16071709
v 0.12788840 -0.00076494 0.16090263
v 0.12796103 -0.00637180 0.16086567
v 0.12801889 -0.00645175 0.16083619
v 0.12809015 -0.00651669 0.16079994
v 0.12816995 -0.00656309 0.16075929
v 0.12833397 -0.00659820 0.16067580
v 0.12886866 -0.00198397 0.16040359
v 0.12886866 -0.00324110 0.16040359
v 0.12886866 -0.00449822 0.16040359
v 0.12888353 -0.00468018 0.16039602
v 0.12893123 -0.00486631 0.16037176
v 0.12901392 -0.00504543 0.16032965
v 0.12952590 -0.00659820 0.16006900
v 0.12912967 -0.00520532 0.16027072
v 0.12927218 -0.00533521 0.16019818
v 0.12943178 -0.00542800 0.16011692
v 0.12959766 -0.00548152 0.16003248
v 0.13071782 -0.00659820 0.15946224
v 0.12975982 -0.00549821 0.15994993
v 0.13071782 -0.00549821 0.15946224
v 0.13167580 0.00530165 0.15897452
v 0.13071781 0.00530165 0.15946224
v 0.13190972 0.00640163 0.15885545
v 0.13200382 0.00523143 0.15880753
v 0.13183794 0.00528495 0.15889197
v 0.13216344 0.00513864 0.15872627
v 0.13230593 0.00500876 0.15865373
v 0.13310164 0.00640163 0.15824865
v 0.13242168 0.00484886 0.15859480
v 0.13273881 0.00454451 0.15843337
v 0.13255208 0.00448362 0.15852843
v 0.13250439 0.00466975 0.15855272
v 0.13256695 0.00304453 0.15852086
v 0.13256695 0.00430166 0.15852086
v 0.13326565 0.00636653 0.15816516
v 0.13354722 0.00590164 0.15802182
v 0.13341671 0.00625519 0.15808825
v 0.13351594 0.00608568 0.15803775
v 0.13354722 0.00456832 0.15802182
v 0.13273881 0.00083028 0.15843337
v 0.13256695 0.00053028 0.15852086
v 0.13256695 0.00178741 0.15852086
v 0.13354722 0.00190169 0.15802182
v 0.13354722 0.00323501 0.15802182
v 0.13256695 -0.00072684 0.15852086
v 0.13354722 0.00056838 0.15802182
v 0.13354722 -0.00076494 0.15802182
v 0.13273881 -0.00102684 0.15843337
v 0.13242168 -0.00504543 0.15859480
v 0.13310164 -0.00659820 0.15824865
v 0.13230593 -0.00520532 0.15865373
v 0.13190972 -0.00659820 0.15885545
v 0.13256695 -0.00198397 0.15852086
v 0.13273882 -0.00474108 0.15843337
v 0.13250439 -0.00486631 0.15855272
v 0.13255208 -0.00468018 0.15852843
v 0.13167580 -0.00549821 0.15897452
v 0.13200382 -0.00542800 0.15880753
v 0.13216344 -0.00533521 0.15872627
v 0.13183794 -0.00548152 0.15889197
v 0.13256695 -0.00324110 0.15852086
v 0.13256695 -0.00449822 0.15852086
v 0.13354722 -0.00209826 0.15802182
v 0.13273881 -0.00288396 0.15843337
v 0.13354722 -0.00343157 0.15802182
v 0.13354722 -0.00476488 0.15802182
v 0.13326565 -0.00656309 0.15816516
v 0.13354722 -0.00609820 0.15802182
v 0.13341671 -0.00645175 0.15808825
v 0.13351594 -0.00628225 0.15803775
v 0.16745092 0.01537098 0.12130220
v 0.16745092 0.01584045 0.12130220
v 0.16798996 0.01583892 0.12122471
v 0.16798996 0.01490153 0.12122471
v 0.16745092 0.01490153 0.12130220
v 0.16855761 0.01583572 0.12134607
v 0.16855761 0.01490153 0.12134607
v 0.16904460 0.01490153 0.12166197
v 0.16904460 0.01583134 0.12166197
v 0.16937065 0.01582666 0.12209817
v 0.16937065 0.01536409 0.12209817
v 0.16937065 0.01490153 0.12209817
v 0.11362095 0.00458449 0.16479966
v 0.11510282 0.00467357 0.16741160
v 0.11498197 0.00458449 0.16747312
v 0.11490259 0.00444889 0.16751353
v 0.11354158 0.00444889 0.16484006
v 0.11351654 0.00430166 0.16485282
v 0.11419704 0.00430166 0.16618953
v 0.11455352 0.00470165 0.16600809
v 0.11374178 0.00467357 0.16473814
v 0.11387299 0.00470165 0.16467134
v 0.11523401 0.00470165 0.16734481
v 0.11487757 0.00430166 0.16752629
v 0.11259826 -0.00609821 0.16855946
v 0.11245914 -0.00459823 0.16828617
v 0.11245914 -0.00609821 0.16828617
v 0.11245914 -0.00159827 0.16828617
v 0.11245914 -0.00309825 0.16828617
v 0.11259826 0.00590163 0.16855946
v 0.11245914 0.00140169 0.16828617
v 0.11245914 -0.00009829 0.16828617
v 0.11245914 0.00440165 0.16828617
v 0.11245914 0.00290167 0.16828617
v 0.11273739 -0.00609821 0.16883274
v 0.11287651 -0.00009829 0.16910603
v 0.11287652 -0.00609821 0.16910603
v 0.11245914 0.00590163 0.16828617
v 0.11287651 0.00590163 0.16910603
v 0.11273739 0.00590163 0.16883274
v 0.11543650 -0.00349190 0.16836383
v 0.11542391 -0.00343298 0.16825803
v 0.11539626 -0.00354571 0.16838431
v 0.11534966 -0.00359271 0.16840805
v 0.11516925 -0.00362682 0.16816324
v 0.11529810 -0.00363161 0.16843430
v 0.11498514 -0.00369824 0.16836920
v 0.11503050 -0.00369824 0.16845831
v 0.11524326 -0.00366161 0.16846222
v 0.11507586 -0.00369824 0.16854742
v 0.11518688 -0.00368247 0.16849091
v 0.11511435 -0.00365826 0.16819119
v 0.11546929 -0.00343298 0.16834714
v 0.11521975 -0.00358718 0.16813754
v 0.11537855 -0.00343298 0.16816892
v 0.11533319 -0.00343298 0.16807981
v 0.11526452 -0.00354058 0.16811476
v 0.11505667 -0.00368072 0.16822055
v 0.11493976 -0.00369824 0.16828009
v 0.14059137 -0.00739818 0.15499680
v 0.14069559 -0.00739297 0.15494364
v 0.14052722 -0.00705169 0.15530718
v 0.14080237 -0.00737654 0.15488919
v 0.14122533 -0.00718619 0.15467390
v 0.14108868 -0.00686375 0.15502133
v 0.14112347 -0.00725290 0.15472584
v 0.14101782 -0.00730691 0.15477970
v 0.14090493 -0.00697084 0.15511490
v 0.14141055 -0.00701745 0.15457978
v 0.14046175 -0.00669819 0.15562383
v 0.14062402 -0.00668136 0.15554122
v 0.14094935 -0.00653498 0.15537561
v 0.14109190 -0.00640530 0.15530304
v 0.14078979 -0.00662798 0.15545684
v 0.14125283 -0.00671442 0.15493778
v 0.14156072 -0.00680937 0.15450343
v 0.14138589 -0.00653024 0.15487003
v 0.14162011 -0.00669495 0.15447337
v 0.14153611 -0.00610987 0.15479356
v 0.14173028 -0.00633479 0.15441713
v 0.14174511 -0.00621509 0.15440944
v 0.14166827 -0.00657634 0.15444899
v 0.14148133 -0.00632406 0.15482145
v 0.14174987 -0.00609820 0.15440703
v 0.14120745 -0.00624535 0.15524420
v 0.14129034 -0.00606630 0.15520203
v 0.14135289 -0.00569820 0.15517017
v 0.14133790 -0.00588028 0.15517780
v 0.12782835 0.00625519 0.16046193
v 0.12816995 0.00636653 0.16075929
v 0.12801889 0.00625519 0.16083619
v 0.12772914 0.00608568 0.16051244
v 0.12791968 0.00608568 0.16088673
v 0.12769786 0.00590164 0.16052837
v 0.12779312 0.00590164 0.16071550
v 0.12823871 0.00640163 0.16048867
v 0.12797940 0.00636653 0.16038503
v 0.12814343 0.00640163 0.16030153
v 0.12833397 0.00640163 0.16067580
v 0.12788840 0.00590164 0.16090263
v 0.12719361 -0.00609820 0.16130124
v 0.12698493 -0.00459822 0.16089130
v 0.12698494 -0.00609820 0.16089130
v 0.12698493 -0.00309824 0.16089130
v 0.12698493 -0.00009828 0.16089130
v 0.12698493 -0.00159826 0.16089130
v 0.12712406 0.00590164 0.16116458
v 0.12698493 0.00290168 0.16089130
v 0.12698493 0.00140170 0.16089130
v 0.12698493 0.00440166 0.16089130
v 0.12740231 -0.00009828 0.16171115
v 0.12740231 -0.00609820 0.16171115
v 0.12698493 0.00590164 0.16089130
v 0.12740231 0.00590164 0.16171115
v 0.12726318 0.00590164 0.16143787
v 0.12373239 -0.00489822 0.16133524
v 0.12204325 -0.00489822 0.16275620
v 0.12441291 -0.00489822 0.16267196
v 0.12249691 -0.00489822 0.16364737
v 0.12209389 -0.00489822 0.16048621
v 0.12305188 -0.00489822 0.15999852
v 0.12158957 -0.00489822 0.16186506
v 0.12113589 -0.00489822 0.16097390
v 0.12108676 0.00717998 0.16492612
v 0.12171895 0.00648480 0.16516553
v 0.12119360 0.00719641 0.16487180
v 0.12076575 0.00705633 0.16508966
v 0.12155318 0.00643142 0.16524994
v 0.12087146 0.00711035 0.16503592
v 0.12066382 0.00698962 0.16514148
v 0.12139361 0.00633842 0.16533114
v 0.12129791 0.00720162 0.16481882
v 0.12188121 0.00650163 0.16508292
v 0.12125106 0.00620874 0.16540371
v 0.12047874 0.00682089 0.16523586
v 0.12105262 0.00586973 0.16550475
v 0.12026942 0.00649839 0.16534270
v 0.12022135 0.00637978 0.16536730
v 0.12113549 0.00604879 0.16546254
v 0.12032865 0.00661281 0.16531237
v 0.12014417 0.00601853 0.16540618
v 0.12100505 0.00568372 0.16552895
v 0.12015910 0.00613823 0.16539870
v 0.12013941 0.00590164 0.16540859
v 0.12056473 0.00570164 0.16547258
v 0.12099005 0.00550164 0.16553661
v 0.11317950 -0.00889817 0.16744815
v 0.08544237 -0.00889817 0.18156873
v 0.10000867 -0.00889817 0.17359217
v 0.10740524 -0.00889817 0.16982671
v 0.10370696 -0.00889817 0.17170943
v 0.08891381 -0.00889817 0.17924042
v 0.08521552 -0.00889817 0.18112315
v 0.09261210 -0.00889817 0.17735766
v 0.09631039 -0.00889817 0.17547493
v 0.11110354 -0.00889817 0.16794395
v 0.14091664 -0.00889816 0.15332757
v 0.12959496 -0.00889817 0.15853024
v 0.13329323 -0.00889817 0.15664748
v 0.13699154 -0.00889816 0.15476475
v 0.14068980 -0.00889816 0.15288199
v 0.12589667 -0.00889817 0.16041297
v 0.11850010 -0.00889817 0.16417846
v 0.11480181 -0.00889817 0.16606122
v 0.12219839 -0.00889817 0.16229573
v 0.12318309 -0.00487014 0.15993172
v 0.12305188 -0.00489822 0.15999852
v 0.12373239 -0.00489822 0.16133524
v 0.12330394 -0.00478106 0.15987020
v 0.12454410 -0.00487014 0.16260516
v 0.12466495 -0.00478106 0.16254364
v 0.12338331 -0.00464546 0.15982980
v 0.12474432 -0.00464546 0.16250323
v 0.12408886 -0.00449822 0.16115376
v 0.12340834 -0.00449822 0.15981704
v 0.12476935 -0.00449822 0.16249051
v 0.12441291 -0.00489822 0.16267196
v 0.13056356 0.00650163 0.15915923
v 0.12805551 0.00650163 0.15968799
v 0.12790428 0.00650163 0.15939093
v 0.12820673 0.00650163 0.15998504
v 0.12835796 0.00650163 0.16028207
v 0.13010988 0.00650163 0.15826810
v 0.13246671 0.00650163 0.15744229
v 0.13261794 0.00650163 0.15773935
v 0.13276916 0.00650163 0.15803640
v 0.13231549 0.00650163 0.15714524
v 0.08076731 -0.01597853 0.17295089
v 0.06365969 -0.01578906 0.18201397
v 0.06337957 -0.01597853 0.18180272
v 0.09829581 -0.01578906 0.16438122
v 0.09815506 -0.01597852 0.16409903
v 0.11554280 -0.01597852 0.15524719
v 0.13293194 -0.01578905 0.14674846
v 0.13293054 -0.01597852 0.14639532
v 0.15031828 -0.01597851 0.13754349
v 0.16756807 -0.01578904 0.12911570
v 0.16770602 -0.01597851 0.12869164
v 0.13553047 0.00467357 0.15364582
v 0.13566169 0.00470166 0.15357902
v 0.13611536 0.00470166 0.15447019
v 0.13540963 0.00458450 0.15370735
v 0.13689150 0.00467357 0.15631929
v 0.13677066 0.00458450 0.15638081
v 0.13621258 0.00430166 0.15554281
v 0.13575891 0.00430166 0.15465164
v 0.13533026 0.00444890 0.15374775
v 0.13530522 0.00430166 0.15376051
v 0.13669128 0.00444890 0.15642122
v 0.13656905 0.00470166 0.15536132
v 0.13702271 0.00470166 0.15625249
v 0.13666626 0.00430166 0.15643397
v 0.11316929 0.00599611 0.16801439
v 0.11311923 0.00570164 0.16803988
v 0.11289239 0.00570164 0.16759433
v 0.11287436 0.00626732 0.16704242
v 0.11332805 0.00626732 0.16793358
v 0.11311606 0.00644546 0.16691941
v 0.11356974 0.00644546 0.16781055
v 0.11360532 0.00650163 0.16723139
v 0.11383217 0.00650163 0.16767694
v 0.11271561 0.00599611 0.16712326
v 0.11337848 0.00650163 0.16678581
v 0.11266556 0.00570164 0.16714874
v 0.14322158 0.01415153 0.13195615
v 0.14322158 0.01340154 0.13195615
v 0.14281240 0.01340154 0.13115240
v 0.14269228 0.01490152 0.13091647
v 0.14322158 0.01490152 0.13195615
v 0.14216300 0.01490152 0.12987679
v 0.14241951 0.01390154 0.13038064
v 0.14202662 0.01440153 0.12960889
v 0.14163372 0.01490152 0.12883711
v 0.11867144 0.00270168 0.16649254
v 0.11869094 0.00270836 0.16637041
v 0.11862606 0.00270168 0.16640343
v 0.11882534 0.00272976 0.16647029
v 0.11882113 0.00276688 0.16630414
v 0.11875729 0.00272976 0.16633664
v 0.11887813 0.00281884 0.16627511
v 0.11902556 0.00295444 0.16636838
v 0.11871680 0.00270168 0.16658165
v 0.11892443 0.00288279 0.16625155
v 0.11897658 0.00302889 0.16622500
v 0.11895751 0.00295444 0.16623471
v 0.11905059 0.00310167 0.16635565
v 0.11901422 0.00281884 0.16654247
v 0.11897658 0.00317446 0.16622500
v 0.11898253 0.00310167 0.16622198
v 0.11895751 0.00324891 0.16623471
v 0.11902556 0.00324891 0.16636838
v 0.11892443 0.00332055 0.16625155
v 0.11894619 0.00338451 0.16640881
v 0.11887813 0.00338451 0.16627511
v 0.11875729 0.00347359 0.16633664
v 0.11882534 0.00347359 0.16647029
v 0.11869094 0.00349499 0.16637041
v 0.11882113 0.00343647 0.16630414
v 0.11862606 0.00350167 0.16640343
v 0.11867144 0.00350167 0.16649254
v 0.11911269 0.00302889 0.16649234
v 0.11882703 0.00270836 0.16663778
v 0.11876217 0.00270168 0.16667080
v 0.11889339 0.00272976 0.16660399
v 0.11895723 0.00276688 0.16657149
v 0.11906053 0.00288279 0.16651889
v 0.11909361 0.00295444 0.16650207
v 0.11911864 0.00310167 0.16648932
v 0.11911269 0.00317446 0.16649234
v 0.11906053 0.00332055 0.16651889
v 0.11909361 0.00324891 0.16650207
v 0.11895723 0.00343647 0.16657149
v 0.11882703 0.00349499 0.16663778
v 0.11871680 0.00350167 0.16658165
v 0.11901422 0.00338451 0.16654247
v 0.11889339 0.00347359 0.16660399
v 0.11876217 0.00350167 0.16667080
v 0.12576868 0.00644546 0.16160024
v 0.12550627 0.00650163 0.16173384
v 0.12527942 0.00650163 0.16128826
v 0.12555670 0.00626732 0.16058606
v 0.12601037 0.00626732 0.16147719
v 0.12616913 0.00599611 0.16139638
v 0.12571545 0.00599611 0.16050522
v 0.12599235 0.00570164 0.16092532
v 0.12621920 0.00570164 0.16137090
v 0.12531501 0.00644546 0.16070907
v 0.12576550 0.00570164 0.16047974
v 0.12505259 0.00650163 0.16084267
v 0.13343202 -0.00619268 0.15769895
v 0.13348208 -0.00589820 0.15767347
v 0.13333086 -0.00589820 0.15737641
v 0.13281961 -0.00646388 0.15688862
v 0.13327327 -0.00646388 0.15777976
v 0.13257791 -0.00664202 0.15701163
v 0.13261794 -0.00669819 0.15773935
v 0.13303159 -0.00664202 0.15790280
v 0.13276916 -0.00669819 0.15803640
v 0.13317965 -0.00589820 0.15707936
v 0.13297835 -0.00619268 0.15680778
v 0.13302840 -0.00589820 0.15678230
v 0.13246672 -0.00669819 0.15744229
v 0.13231549 -0.00669819 0.15714523
v 0.12015530 -0.00589821 0.16389689
v 0.12015529 0.00570164 0.16389689
v 0.12038213 -0.00203159 0.16434244
v 0.12038213 0.00570164 0.16434244
v 0.12038213 0.00183502 0.16434244
v 0.12038213 -0.00589821 0.16434244
v 0.11992846 -0.00203159 0.16345131
v 0.11992847 -0.00589821 0.16345131
v 0.11992846 0.00183502 0.16345131
v 0.11992846 0.00570164 0.16345131
v 0.13468441 -0.00633506 0.15800376
v 0.13553085 -0.00588028 0.15813408
v 0.13466979 -0.00621519 0.15801127
v 0.13479464 -0.00669532 0.15794773
v 0.13557841 -0.00606630 0.15810988
v 0.13474654 -0.00657672 0.15797230
v 0.13485406 -0.00680964 0.15791743
v 0.13566130 -0.00624535 0.15806767
v 0.13466521 -0.00609820 0.15801371
v 0.13551585 -0.00569821 0.15814174
v 0.13577687 -0.00640530 0.15800884
v 0.13500451 -0.00701741 0.15784099
v 0.13607898 -0.00662798 0.15785506
v 0.13529203 -0.00725244 0.15769493
v 0.13539777 -0.00730641 0.15764119
v 0.13591942 -0.00653498 0.15793627
v 0.13518998 -0.00718588 0.15774669
v 0.13571953 -0.00739282 0.15747698
v 0.13624474 -0.00668136 0.15777065
v 0.13561291 -0.00737614 0.15753139
v 0.13582371 -0.00739818 0.15742394
v 0.13611537 -0.00704819 0.15755599
v 0.13640700 -0.00669819 0.15768804
v 0.13718994 -0.00343297 0.15712116
v 0.13781422 -0.00225909 0.15697166
v 0.13712189 -0.00343297 0.15698750
v 0.13725800 -0.00343297 0.15725483
v 0.13837044 -0.00108521 0.15668850
v 0.13767811 -0.00225909 0.15670433
v 0.13892668 0.00008866 0.15640533
v 0.13823434 -0.00108521 0.15642114
v 0.13948291 0.00126254 0.15612217
v 0.13879057 0.00008866 0.15613797
v 0.13934681 0.00126254 0.15585481
v 0.13997109 0.00243642 0.15570531
v 0.13990303 0.00243642 0.15557164
v 0.14003914 0.00243642 0.15583897
v 0.15809569 0.01490153 0.13251926
v 0.15720455 0.01490153 0.13297293
v 0.15686319 0.01415154 0.13230242
v 0.15898686 0.01490153 0.13206560
v 0.15864550 0.01415154 0.13139507
v 0.15652183 0.01340155 0.13163190
v 0.15741300 0.01340155 0.13117822
v 0.15830416 0.01340155 0.13072456
v 0.11343523 0.00617524 0.16826055
v 0.11336260 0.00590163 0.16829751
v 0.11339388 0.00608568 0.16828161
v 0.11349310 0.00625518 0.16823107
v 0.11364415 0.00636652 0.16815416
v 0.11372710 0.00639328 0.16811196
v 0.11356435 0.00632013 0.16819481
v 0.11380818 0.00640163 0.16807068
v 0.11417100 0.00454451 0.16788596
v 0.11336260 0.00456832 0.16829751
v 0.11336260 0.00323501 0.16829751
v 0.11417100 0.00083028 0.16788596
v 0.11336260 0.00190169 0.16829751
v 0.11336260 0.00056837 0.16829751
v 0.11434287 0.00304453 0.16779846
v 0.11434287 0.00178741 0.16779846
v 0.11337004 0.00599262 0.16829372
v 0.11448814 0.00484886 0.16772453
v 0.11500009 0.00640163 0.16746388
v 0.11474637 0.00513864 0.16759306
v 0.11460389 0.00500876 0.16766560
v 0.11490598 0.00523143 0.16751179
v 0.11523401 0.00530164 0.16734481
v 0.11619201 0.00640163 0.16685712
v 0.11507187 0.00528495 0.16742735
v 0.11434287 0.00053028 0.16779846
v 0.11434287 0.00430166 0.16779846
v 0.11440543 0.00466975 0.16776663
v 0.11435774 0.00448362 0.16779089
v 0.11417100 -0.00102684 0.16788596
v 0.11336260 -0.00209826 0.16829751
v 0.11336260 -0.00076494 0.16829751
v 0.11417100 -0.00288396 0.16788596
v 0.11336260 -0.00343157 0.16829751
v 0.11417100 -0.00474108 0.16788596
v 0.11336260 -0.00476489 0.16829751
v 0.11434287 -0.00198397 0.16779846
v 0.11336260 -0.00609821 0.16829751
v 0.11372710 -0.00658985 0.16811196
v 0.11339388 -0.00628225 0.16828161
v 0.11337005 -0.00618919 0.16829372
v 0.11343523 -0.00637180 0.16826055
v 0.11349311 -0.00645175 0.16823107
v 0.11356435 -0.00651670 0.16819481
v 0.11364415 -0.00656309 0.16815416
v 0.11380818 -0.00659820 0.16807068
v 0.11434287 -0.00324110 0.16779846
v 0.11434287 -0.00072685 0.16779846
v 0.11434288 -0.00449823 0.16779846
v 0.11435774 -0.00468019 0.16779089
v 0.11440544 -0.00486632 0.16776663
v 0.11448814 -0.00504543 0.16772453
v 0.11460389 -0.00520532 0.16766560
v 0.11500010 -0.00659820 0.16746388
v 0.11474637 -0.00533521 0.16759306
v 0.11490598 -0.00542800 0.16751179
v 0.11507187 -0.00548152 0.16742735
v 0.11523401 -0.00549821 0.16734481
v 0.11619201 -0.00659820 0.16685712
v 0.11619201 -0.00549821 0.16685712
v 0.11619201 0.00530164 0.16685712
v 0.11715001 0.00530164 0.16636939
v 0.11738392 0.00640163 0.16625032
v 0.11731214 0.00528495 0.16628685
v 0.11747804 0.00523143 0.16620241
v 0.11763764 0.00513864 0.16612114
v 0.11778013 0.00500876 0.16604860
v 0.11789588 0.00484886 0.16598967
v 0.11857583 0.00640163 0.16564352
v 0.11821301 0.00454451 0.16582825
v 0.11797858 0.00466975 0.16594759
v 0.11802628 0.00448362 0.16592331
v 0.11804114 0.00304453 0.16591574
v 0.11821302 0.00083028 0.16582825
v 0.11804114 0.00178741 0.16591574
v 0.11804114 0.00053028 0.16591574
v 0.11804114 0.00430166 0.16591574
v 0.11865692 0.00639328 0.16560226
v 0.11873987 0.00636653 0.16556004
v 0.11902142 0.00590164 0.16541670
v 0.11889091 0.00625518 0.16548313
v 0.11881967 0.00632013 0.16551942
v 0.11894879 0.00617524 0.16545368
v 0.11899014 0.00608568 0.16543263
v 0.11902142 0.00190169 0.16541670
v 0.11902142 0.00323501 0.16541670
v 0.11902142 0.00456832 0.16541670
v 0.11901397 0.00599262 0.16542048
v 0.11902142 0.00056837 0.16541670
v 0.11804114 -0.00072685 0.16591574
v 0.11902142 -0.00076494 0.16541670
v 0.11821302 -0.00474108 0.16582825
v 0.11797858 -0.00486631 0.16594759
v 0.11802628 -0.00468019 0.16592331
v 0.11821302 -0.00288396 0.16582825
v 0.11804114 -0.00324110 0.16591574
v 0.11804114 -0.00198397 0.16591574
v 0.11821302 -0.00102684 0.16582825
v 0.11804114 -0.00449822 0.16591574
v 0.11902142 -0.00209826 0.16541670
v 0.11715001 -0.00549821 0.16636939
v 0.11738392 -0.00659820 0.16625032
v 0.11731215 -0.00548152 0.16628685
v 0.11747804 -0.00542800 0.16620241
v 0.11857584 -0.00659820 0.16564352
v 0.11778013 -0.00520532 0.16604860
v 0.11763764 -0.00533521 0.16612114
v 0.11789588 -0.00504543 0.16598967
v 0.11902142 -0.00343157 0.16541670
v 0.11902142 -0.00476489 0.16541670
v 0.11902142 -0.00609821 0.16541670
v 0.11865692 -0.00658985 0.16560226
v 0.11881967 -0.00651669 0.16551942
v 0.11873987 -0.00656309 0.16556003
v 0.11899014 -0.00628225 0.16543263
v 0.11894879 -0.00637180 0.16545368
v 0.11889091 -0.00645175 0.16548313
v 0.11901397 -0.00618918 0.16542048
v 0.08313679 -0.00498498 0.18218140
v 0.08366005 -0.00491391 0.18247608
v 0.08343322 -0.00491391 0.18203050
v 0.08256376 -0.00531779 0.18247314
v 0.08305818 -0.00512519 0.18278247
v 0.08284168 -0.00511918 0.18233164
v 0.08335739 -0.00498712 0.18263017
v 0.08212212 -0.00587972 0.18269797
v 0.08253561 -0.00558883 0.18304852
v 0.08231928 -0.00557534 0.18259759
v 0.08189948 -0.00655928 0.18281131
v 0.08220420 -0.00622608 0.18321724
v 0.08198126 -0.00621396 0.18276968
v 0.08234148 -0.00589402 0.18314736
v 0.08277887 -0.00532808 0.18292468
v 0.08212525 -0.00656637 0.18325743
v 0.08187370 -0.00689820 0.18282442
v 0.08210055 -0.00689820 0.18327001
v 0.08212525 -0.00723003 0.18325743
v 0.08198126 -0.00758244 0.18276968
v 0.08234148 -0.00790238 0.18314736
v 0.08220420 -0.00757031 0.18321724
v 0.08189948 -0.00723711 0.18281131
v 0.08231928 -0.00822106 0.18259759
v 0.08277887 -0.00846832 0.18292468
v 0.08253561 -0.00820757 0.18304852
v 0.08284168 -0.00867721 0.18233164
v 0.08335739 -0.00880928 0.18263017
v 0.08305818 -0.00867121 0.18278247
v 0.08256376 -0.00847861 0.18247314
v 0.08212212 -0.00791668 0.18269797
v 0.08366005 -0.00888249 0.18247608
v 0.08313679 -0.00881142 0.18218140
v 0.08343322 -0.00888249 0.18203050
v 0.13666626 -0.00009828 0.15643397
v 0.13666626 -0.00449822 0.15643397
v 0.13598575 -0.00449822 0.15509722
v 0.13530522 -0.00009828 0.15376051
v 0.13621258 0.00430166 0.15554281
v 0.13666626 0.00430166 0.15643397
v 0.13575891 0.00430166 0.15465164
v 0.13530522 -0.00339824 0.15376051
v 0.13530523 -0.00449822 0.15376051
v 0.13530522 -0.00229825 0.15376051
v 0.13530522 -0.00119827 0.15376051
v 0.13530522 0.00100171 0.15376051
v 0.13530522 0.00210169 0.15376051
v 0.13530522 0.00320168 0.15376051
v 0.13530522 0.00430166 0.15376051
v 0.13447586 0.00613819 0.15759394
v 0.13452609 0.00590164 0.15774043
v 0.13468455 0.00613819 0.15800388
v 0.13466521 0.00590164 0.15801371
v 0.13438695 0.00590164 0.15746715
v 0.13474654 0.00638015 0.15797230
v 0.13464536 0.00661300 0.15750764
v 0.13479583 0.00682086 0.15743105
v 0.13485406 0.00661300 0.15791758
v 0.13500452 0.00682086 0.15784099
v 0.13432916 0.00638015 0.15715245
v 0.13426715 0.00613819 0.15718401
v 0.13424782 0.00590164 0.15719386
v 0.13443666 0.00661300 0.15709774
v 0.13458714 0.00682086 0.15702111
v 0.13477239 0.00698972 0.15692681
v 0.13498107 0.00698972 0.15733675
v 0.13539727 0.00711035 0.15764104
v 0.13518858 0.00711035 0.15723110
v 0.13540421 0.00717992 0.15712133
v 0.13561290 0.00717992 0.15753127
v 0.13582371 0.00720162 0.15742394
v 0.13568458 0.00720162 0.15715066
v 0.13497989 0.00711035 0.15682119
v 0.13519552 0.00717992 0.15671139
v 0.13554546 0.00720162 0.15687738
v 0.13540633 0.00720162 0.15660410
v 0.11777670 0.00323641 0.16706025
v 0.11789074 0.00334401 0.16711442
v 0.11782208 0.00323641 0.16714936
v 0.11793550 0.00339062 0.16709162
v 0.11784991 0.00343025 0.16679856
v 0.11798602 0.00343025 0.16706593
v 0.11804092 0.00346169 0.16703797
v 0.11796249 0.00348415 0.16674125
v 0.11809860 0.00348415 0.16700861
v 0.11821549 0.00350167 0.16694908
v 0.11817013 0.00350167 0.16685996
v 0.11790482 0.00346169 0.16677061
v 0.11779939 0.00339062 0.16682429
v 0.11775464 0.00334401 0.16684705
v 0.11773134 0.00323641 0.16697114
v 0.11768598 0.00323641 0.16688203
v 0.11812475 0.00350167 0.16677085
v 0.11807940 0.00350167 0.16668175
v 0.12024474 -0.00339824 0.16142759
v 0.12092525 -0.00449822 0.16276431
v 0.12024474 -0.00229826 0.16142759
v 0.12024474 -0.00119827 0.16142759
v 0.12024474 -0.00009828 0.16142759
v 0.12115208 0.00430166 0.16320989
v 0.12069842 0.00430166 0.16231873
v 0.12024474 0.00210169 0.16142759
v 0.12024474 0.00100170 0.16142759
v 0.12024474 0.00430166 0.16142759
v 0.12024474 0.00320167 0.16142759
v 0.12024474 -0.00449822 0.16142759
v 0.12160578 -0.00324110 0.16410103
v 0.12160578 -0.00449822 0.16410103
v 0.12160578 -0.00198397 0.16410103
v 0.12160577 -0.00072685 0.16410103
v 0.12160577 0.00053028 0.16410103
v 0.12160577 0.00178741 0.16410103
v 0.12160577 0.00304453 0.16410103
v 0.12160577 0.00430166 0.16410103
v 0.11993071 -0.00609821 0.16499868
v 0.11972204 -0.00459822 0.16458874
v 0.11972204 -0.00609821 0.16458874
v 0.11972204 -0.00309825 0.16458874
v 0.11972204 -0.00009828 0.16458874
v 0.11972204 -0.00159827 0.16458874
v 0.11993071 0.00590164 0.16499868
v 0.11972204 0.00290168 0.16458874
v 0.11972204 0.00140170 0.16458874
v 0.12013942 -0.00009828 0.16540859
v 0.12013942 -0.00609821 0.16540859
v 0.11972204 0.00590164 0.16458874
v 0.11972204 0.00440166 0.16458874
v 0.12013941 0.00590164 0.16540859
v 0.14068308 -0.00609820 0.15407487
v 0.14061957 -0.00459822 0.15395009
v 0.14061957 -0.00609820 0.15395009
v 0.14061957 -0.00159826 0.15395009
v 0.14061957 -0.00309824 0.15395009
v 0.14061957 -0.00009828 0.15395009
v 0.14071485 0.00590164 0.15413725
v 0.14061957 0.00140170 0.15395009
v 0.14061957 0.00290168 0.15395009
v 0.14061957 0.00590164 0.15395009
v 0.14061957 0.00440166 0.15395009
v 0.14081012 -0.00076494 0.15432438
v 0.14074660 -0.00609820 0.15419963
v 0.14081012 -0.00476488 0.15432438
v 0.14081012 -0.00609820 0.15432438
v 0.14081012 -0.00343157 0.15432438
v 0.14081012 -0.00209825 0.15432438
v 0.14081012 0.00056838 0.15432438
v 0.14081012 0.00190169 0.15432438
v 0.14081012 0.00323501 0.15432438
v 0.14081012 0.00456832 0.15432438
v 0.14081012 0.00590164 0.15432438
v 0.11844883 -0.00659820 0.16539402
v 0.11846637 -0.00658985 0.16522797
v 0.11838529 -0.00659820 0.16526923
v 0.11864459 -0.00656309 0.16537290
v 0.11854932 -0.00656309 0.16518574
v 0.11862912 -0.00651669 0.16514512
v 0.11851233 -0.00659820 0.16551877
v 0.11870038 -0.00645175 0.16510884
v 0.11889487 -0.00628225 0.16524546
v 0.11875824 -0.00637180 0.16507939
v 0.11879959 -0.00628225 0.16505833
v 0.11882344 -0.00618918 0.16504618
v 0.11883087 -0.00609821 0.16504240
v 0.11889439 -0.00609821 0.16516715
v 0.11865692 -0.00658985 0.16560226
v 0.11857584 -0.00659820 0.16564352
v 0.11873987 -0.00656309 0.16556003
v 0.11881967 -0.00651669 0.16551942
v 0.11889091 -0.00645175 0.16548313
v 0.11901397 -0.00618918 0.16542048
v 0.11895791 -0.00609821 0.16529194
v 0.11894879 -0.00637180 0.16545368
v 0.11899014 -0.00628225 0.16543263
v 0.11902142 -0.00609821 0.16541670
v 0.12207245 -0.00739819 0.16339218
v 0.12368174 -0.00739819 0.16360523
v 0.12108921 -0.00739819 0.16440888
v 0.12088054 -0.00739819 0.16399897
v 0.12129791 -0.00739819 0.16481882
v 0.12326436 -0.00739819 0.16278538
v 0.12445628 -0.00739819 0.16217859
v 0.12578731 -0.00739819 0.16184511
v 0.12592644 -0.00739819 0.16211839
v 0.12564819 -0.00739819 0.16157179
v 0.12606557 -0.00739819 0.16239167
v 0.12757022 0.00466975 0.15769829
v 0.12750764 0.00430166 0.15773015
v 0.12752252 0.00448362 0.15772255
v 0.12765291 0.00484886 0.15765618
v 0.12776865 0.00500876 0.15759725
v 0.12804233 0.00430166 0.15745794
v 0.12791115 0.00513864 0.15752472
v 0.12803597 0.00375881 0.15746118
v 0.12750764 0.00210169 0.15773015
v 0.12750764 0.00320168 0.15773015
v 0.12750764 0.00100170 0.15773015
v 0.12803597 0.00067314 0.15746118
v 0.12804233 0.00320168 0.15745794
v 0.12804233 0.00210169 0.15745794
v 0.12750764 -0.00009828 0.15773015
v 0.12806736 0.00444889 0.15744519
v 0.12823664 0.00528495 0.15735901
v 0.12814673 0.00458450 0.15740478
v 0.12807076 0.00523143 0.15744348
v 0.12839879 0.00530165 0.15727646
v 0.12826758 0.00467357 0.15734326
v 0.12839879 0.00470166 0.15727646
v 0.12935679 0.00470166 0.15678877
v 0.12935679 0.00530165 0.15678877
v 0.13031477 0.00530165 0.15630109
v 0.12804233 0.00100170 0.15745794
v 0.12803597 -0.00086970 0.15746118
v 0.12750764 -0.00119827 0.15773015
v 0.12803597 -0.00241254 0.15746118
v 0.12750764 -0.00229826 0.15773015
v 0.12750764 -0.00339824 0.15773015
v 0.12804233 -0.00119827 0.15745794
v 0.12804233 -0.00229826 0.15745794
v 0.12803598 -0.00395538 0.15746118
v 0.12750764 -0.00449822 0.15773015
v 0.12752252 -0.00468018 0.15772255
v 0.12757022 -0.00486631 0.15769829
v 0.12765291 -0.00504543 0.15765618
v 0.12776865 -0.00520532 0.15759725
v 0.12804234 -0.00449822 0.15745794
v 0.12791115 -0.00533521 0.15752471
v 0.12804234 -0.00339824 0.15745794
v 0.12807077 -0.00542800 0.15744348
v 0.12806737 -0.00464546 0.15744519
v 0.12814673 -0.00478106 0.15740478
v 0.12823664 -0.00548152 0.15735901
v 0.12839879 -0.00549821 0.15727646
v 0.12826758 -0.00487013 0.15734326
v 0.12839879 -0.00489822 0.15727646
v 0.12935679 -0.00489822 0.15678877
v 0.12804233 -0.00009828 0.15745794
v 0.13031477 0.00470166 0.15630109
v 0.13044598 0.00467357 0.15623428
v 0.13047693 0.00528495 0.15621851
v 0.13056683 0.00458450 0.15617276
v 0.13064279 0.00523143 0.15613407
v 0.13064621 0.00444889 0.15613236
v 0.13080243 0.00513864 0.15605283
v 0.13067123 0.00430166 0.15611960
v 0.13067761 0.00375881 0.15611637
v 0.13067123 0.00320168 0.15611960
v 0.13067761 0.00067314 0.15611637
v 0.13067123 0.00210169 0.15611960
v 0.13067123 -0.00009828 0.15611960
v 0.13067123 0.00100170 0.15611960
v 0.13067123 -0.00119827 0.15611960
v 0.13067761 -0.00086970 0.15611637
v 0.13106067 0.00484886 0.15592137
v 0.13094492 0.00500876 0.15598026
v 0.13120592 0.00430166 0.15584739
v 0.13114336 0.00466975 0.15587925
v 0.13119105 0.00448362 0.15585496
v 0.13120592 0.00210169 0.15584739
v 0.13120592 0.00320168 0.15584739
v 0.13120592 0.00100170 0.15584739
v 0.13120593 -0.00009828 0.15584739
v 0.13064279 -0.00542800 0.15613407
v 0.13056683 -0.00478106 0.15617276
v 0.13064621 -0.00464546 0.15613236
v 0.13047693 -0.00548152 0.15621851
v 0.13044598 -0.00487013 0.15623428
v 0.13067761 -0.00241254 0.15611637
v 0.13067123 -0.00229825 0.15611960
v 0.13067123 -0.00339824 0.15611960
v 0.13080243 -0.00533521 0.15605283
v 0.13031477 -0.00549821 0.15630108
v 0.12935679 -0.00549821 0.15678877
v 0.13031477 -0.00489822 0.15630108
v 0.13067123 -0.00449822 0.15611960
v 0.13067761 -0.00395537 0.15611637
v 0.13120593 -0.00339824 0.15584739
v 0.13120593 -0.00119827 0.15584739
v 0.13120593 -0.00229825 0.15584739
v 0.13120593 -0.00449822 0.15584739
v 0.13094492 -0.00520532 0.15598026
v 0.13106067 -0.00504543 0.15592137
v 0.13114337 -0.00486631 0.15587925
v 0.13119105 -0.00468018 0.15585496
v 0.13641699 -0.00288073 0.15734634
v 0.13634547 -0.00289824 0.15749496
v 0.13630009 -0.00289824 0.15740585
v 0.13660359 -0.00286162 0.15758798
v 0.13647467 -0.00285827 0.15731696
v 0.13654721 -0.00288247 0.15761666
v 0.13643619 -0.00289824 0.15767318
v 0.13639083 -0.00289824 0.15758407
v 0.13665842 -0.00283161 0.15756006
v 0.13652957 -0.00282683 0.15728903
v 0.13670999 -0.00279272 0.15753381
v 0.13673888 -0.00263298 0.15729468
v 0.13662485 -0.00274059 0.15724051
v 0.13669351 -0.00263298 0.15720557
v 0.13658008 -0.00278719 0.15726331
v 0.13678424 -0.00263298 0.15738379
v 0.13675659 -0.00274571 0.15751007
v 0.13682962 -0.00263298 0.15747290
v 0.13679682 -0.00269191 0.15748959
v 0.12597970 0.00270168 0.16288422
v 0.12590676 0.00270168 0.16303357
v 0.12602506 0.00270168 0.16297336
v 0.12593434 0.00270168 0.16279511
v 0.12583871 0.00270168 0.16289990
v 0.12588896 0.00270168 0.16270600
v 0.12577066 0.00270168 0.16276624
v 0.12856081 0.00720162 0.16112138
v 0.12884954 0.00685513 0.16125212
v 0.13015779 0.00650163 0.16086944
v 0.12914410 0.00650163 0.16138548
v 0.13094464 0.00720162 0.15990782
v 0.13117147 0.00650163 0.16035338
v 0.13319885 0.00650163 0.15932127
v 0.13332846 0.00720162 0.15869423
v 0.13218516 0.00650163 0.15983734
v 0.09691802 0.01340154 0.15451656
v 0.09558128 0.01340154 0.15519709
v 0.09518839 0.01390153 0.15442534
v 0.09825474 0.01340154 0.15383607
v 0.09479549 0.01440152 0.15365355
v 0.09766541 0.01415153 0.15267843
v 0.09440260 0.01490152 0.15288180
v 0.09707607 0.01490152 0.15152079
v 0.09573934 0.01490152 0.15220128
v 0.11443845 -0.00289825 0.16864751
v 0.11432822 -0.00290492 0.16859139
v 0.11439310 -0.00289825 0.16855837
v 0.11432993 -0.00292633 0.16875887
v 0.11419803 -0.00296345 0.16865767
v 0.11426188 -0.00292633 0.16862517
v 0.11414103 -0.00301540 0.16868670
v 0.11412970 -0.00315101 0.16886080
v 0.11448383 -0.00289825 0.16873662
v 0.11404258 -0.00322546 0.16873684
v 0.11406165 -0.00315101 0.16872710
v 0.11409473 -0.00307936 0.16871029
v 0.11410468 -0.00329824 0.16887352
v 0.11427713 -0.00301540 0.16895406
v 0.11423084 -0.00307936 0.16897762
v 0.11404258 -0.00337103 0.16873684
v 0.11403663 -0.00329824 0.16873986
v 0.11406165 -0.00344548 0.16872710
v 0.11412970 -0.00344548 0.16886080
v 0.11409473 -0.00351712 0.16871029
v 0.11420908 -0.00358108 0.16882039
v 0.11414103 -0.00358108 0.16868670
v 0.11426188 -0.00367015 0.16862517
v 0.11432993 -0.00367015 0.16875887
v 0.11432822 -0.00369156 0.16859139
v 0.11419803 -0.00363304 0.16865767
v 0.11439310 -0.00369824 0.16855837
v 0.11443845 -0.00369824 0.16864751
v 0.11417868 -0.00322546 0.16900417
v 0.11417273 -0.00329824 0.16900719
v 0.11446433 -0.00290492 0.16885875
v 0.11452919 -0.00289825 0.16882573
v 0.11439798 -0.00292633 0.16889254
v 0.11433414 -0.00296345 0.16892504
v 0.11419776 -0.00315101 0.16899447
v 0.11417868 -0.00337103 0.16900417
v 0.11419776 -0.00344548 0.16899447
v 0.11423084 -0.00351712 0.16897762
v 0.11427713 -0.00358108 0.16895406
v 0.11433414 -0.00363304 0.16892504
v 0.11439798 -0.00367015 0.16889254
v 0.11446433 -0.00369156 0.16885875
v 0.11448383 -0.00369824 0.16873662
v 0.11452919 -0.00369824 0.16882573
v 0.13187156 0.00448362 0.15719171
v 0.13165960 0.00430166 0.15673856
v 0.13119105 0.00448362 0.15585496
v 0.13120592 0.00430166 0.15584739
v 0.13211328 0.00430166 0.15762969
v 0.13114336 0.00466975 0.15587925
v 0.13106067 0.00484886 0.15592137
v 0.13174118 0.00484886 0.15725808
v 0.13162544 0.00500876 0.15731701
v 0.13256695 0.00430166 0.15852086
v 0.13255208 0.00448362 0.15852843
v 0.13242168 0.00484886 0.15859480
v 0.13250439 0.00466975 0.15855272
v 0.13080243 0.00513864 0.15605283
v 0.13148294 0.00513864 0.15738955
v 0.13132331 0.00523143 0.15747082
v 0.13064279 0.00523143 0.15613407
v 0.13216344 0.00513864 0.15872627
v 0.13230593 0.00500876 0.15865373
v 0.13115744 0.00528495 0.15755526
v 0.13047693 0.00528495 0.15621851
v 0.13031477 0.00530165 0.15630109
v 0.13076845 0.00530165 0.15719222
v 0.13183794 0.00528495 0.15889197
v 0.13122212 0.00530165 0.15808339
v 0.13167580 0.00530165 0.15897452
v 0.12776136 -0.00609820 0.16065312
v 0.12770530 -0.00618918 0.16052458
v 0.12769786 -0.00609820 0.16052836
v 0.12782440 -0.00628225 0.16069957
v 0.12772914 -0.00628225 0.16051244
v 0.12777049 -0.00637180 0.16049138
v 0.12782487 -0.00609820 0.16077787
v 0.12782836 -0.00645175 0.16046193
v 0.12807468 -0.00656309 0.16057216
v 0.12789961 -0.00651669 0.16042565
v 0.12797940 -0.00656309 0.16038503
v 0.12806235 -0.00658985 0.16034279
v 0.12814343 -0.00659820 0.16030153
v 0.12820694 -0.00659820 0.16042629
v 0.12789583 -0.00618918 0.16089885
v 0.12788840 -0.00609820 0.16090263
v 0.12791968 -0.00628225 0.16088673
v 0.12796103 -0.00637180 0.16086567
v 0.12801889 -0.00645175 0.16083619
v 0.12809015 -0.00651669 0.16079994
v 0.12825290 -0.00658985 0.16071709
v 0.12827045 -0.00659820 0.16055104
v 0.12816995 -0.00656309 0.16075929
v 0.12833397 -0.00659820 0.16067580
v 0.14029130 -0.00203159 0.15308486
v 0.14029131 -0.00589820 0.15308486
v 0.14044253 -0.00589820 0.15338192
v 0.14029130 0.00183503 0.15308486
v 0.14029130 0.00570164 0.15308486
v 0.14044253 0.00570164 0.15338192
v 0.14059376 -0.00589820 0.15367897
v 0.14074498 -0.00203159 0.15397603
v 0.14074498 -0.00589820 0.15397603
v 0.14059375 0.00570164 0.15367897
v 0.14074498 0.00570164 0.15397603
v 0.14074498 0.00183503 0.15397603
v 0.12933535 -0.00739819 0.15969474
v 0.13094464 -0.00739819 0.15990782
v 0.12835211 -0.00739819 0.16071144
v 0.12814343 -0.00739819 0.16030153
v 0.12856081 -0.00739819 0.16112138
v 0.13052726 -0.00739819 0.15908794
v 0.13171918 -0.00739818 0.15848115
v 0.13291109 -0.00739818 0.15787436
v 0.13311979 -0.00739818 0.15828429
v 0.13332847 -0.00739818 0.15869423
v 0.09493189 0.01490152 0.15392150
v 0.09479549 0.01440152 0.15365355
v 0.09518839 0.01390153 0.15442534
v 0.09440260 0.01490152 0.15288180
v 0.09546116 0.01490152 0.15496116
v 0.09599046 0.01415153 0.15600085
v 0.09558128 0.01340154 0.15519709
v 0.09599046 0.01340154 0.15600085
v 0.09599046 0.01490152 0.15600085
v 0.14058829 0.00608568 0.15396602
v 0.14067960 0.00625519 0.15439082
v 0.14048906 0.00625519 0.15401652
v 0.14033800 0.00636653 0.15409342
v 0.14052855 0.00636653 0.15446772
v 0.14017399 0.00640163 0.15417695
v 0.14026926 0.00640163 0.15436408
v 0.14071485 0.00590164 0.15413725
v 0.14061957 0.00590164 0.15395009
v 0.14077884 0.00608568 0.15434031
v 0.14081012 0.00590164 0.15432438
v 0.14036454 0.00640163 0.15455121
v 0.12700427 0.00613819 0.16088144
v 0.12769786 0.00590164 0.16052837
v 0.12698493 0.00590164 0.16089130
v 0.12706626 0.00638015 0.16084989
v 0.12732424 0.00682086 0.16071855
v 0.12717378 0.00661300 0.16079517
v 0.12772914 0.00608568 0.16051244
v 0.12769786 0.00440166 0.16052837
v 0.12698493 0.00290168 0.16089130
v 0.12698493 0.00440166 0.16089130
v 0.12769786 0.00290168 0.16052837
v 0.12698493 0.00140170 0.16089130
v 0.12769786 0.00140170 0.16052837
v 0.12698493 -0.00009828 0.16089130
v 0.12750949 0.00698972 0.16062425
v 0.12771699 0.00711035 0.16051863
v 0.12793262 0.00717992 0.16040883
v 0.12797940 0.00636653 0.16038503
v 0.12814343 0.00720162 0.16030153
v 0.12814343 0.00640163 0.16030153
v 0.12933535 0.00640163 0.15969474
v 0.12933535 0.00720162 0.15969474
v 0.13052726 0.00720162 0.15908795
v 0.12769786 -0.00009828 0.16052837
v 0.12782835 0.00625519 0.16046193
v 0.12698493 -0.00159826 0.16089130
v 0.12769786 -0.00159826 0.16052837
v 0.12698493 -0.00309824 0.16089130
v 0.12769786 -0.00309824 0.16052837
v 0.12698493 -0.00459822 0.16089130
v 0.12698494 -0.00609820 0.16089130
v 0.12769786 -0.00459822 0.16052836
v 0.12769786 -0.00609820 0.16052836
v 0.12717378 -0.00680957 0.16079517
v 0.12706626 -0.00657672 0.16084989
v 0.12700427 -0.00633475 0.16088144
v 0.12772914 -0.00628225 0.16051244
v 0.12750949 -0.00718628 0.16062425
v 0.12732424 -0.00701743 0.16071855
v 0.12770530 -0.00618918 0.16052458
v 0.12777049 -0.00637180 0.16049138
v 0.12782836 -0.00645175 0.16046193
v 0.12793263 -0.00737648 0.16040883
v 0.12789961 -0.00651669 0.16042565
v 0.12797940 -0.00656309 0.16038503
v 0.12771699 -0.00730691 0.16051863
v 0.12806235 -0.00658985 0.16034279
v 0.12814343 -0.00739819 0.16030153
v 0.12814343 -0.00659820 0.16030153
v 0.12933535 -0.00659820 0.15969474
v 0.12933535 -0.00739819 0.15969474
v 0.13052726 -0.00659820 0.15908794
v 0.13171918 0.00720162 0.15848115
v 0.13052726 0.00640163 0.15908795
v 0.13291109 0.00720162 0.15787436
v 0.13171918 0.00640163 0.15848115
v 0.13312190 0.00717992 0.15776706
v 0.13307512 0.00636653 0.15779086
v 0.13291109 0.00640163 0.15787436
v 0.13333754 0.00711035 0.15765729
v 0.13322616 0.00625519 0.15771396
v 0.13354504 0.00698972 0.15755164
v 0.13332539 0.00608568 0.15766345
v 0.13373028 0.00682086 0.15745734
v 0.13335667 0.00590164 0.15764753
v 0.13388075 0.00661300 0.15738072
v 0.13398826 0.00638015 0.15732600
v 0.13405026 0.00613819 0.15729445
v 0.13406958 0.00590164 0.15728459
v 0.13406958 0.00440166 0.15728459
v 0.13406958 0.00290168 0.15728459
v 0.13335667 0.00140170 0.15764753
v 0.13335667 0.00290168 0.15764753
v 0.13335667 0.00440166 0.15764753
v 0.13406959 -0.00009828 0.15728459
v 0.13335667 -0.00009828 0.15764752
v 0.13406958 0.00140170 0.15728459
v 0.13312191 -0.00737648 0.15776706
v 0.13291109 -0.00659820 0.15787436
v 0.13307513 -0.00656309 0.15779086
v 0.13332539 -0.00628225 0.15766345
v 0.13354504 -0.00718628 0.15755164
v 0.13322616 -0.00645175 0.15771396
v 0.13333754 -0.00730691 0.15765729
v 0.13052726 -0.00739819 0.15908794
v 0.13171918 -0.00659820 0.15848115
v 0.13171918 -0.00739818 0.15848115
v 0.13291109 -0.00739818 0.15787436
v 0.13406959 -0.00309824 0.15728459
v 0.13335667 -0.00459822 0.15764752
v 0.13335667 -0.00309824 0.15764752
v 0.13406959 -0.00159826 0.15728459
v 0.13335667 -0.00159826 0.15764752
v 0.13406959 -0.00459822 0.15728459
v 0.13335667 -0.00609820 0.15764752
v 0.13373028 -0.00701743 0.15745734
v 0.13388075 -0.00680957 0.15738072
v 0.13405026 -0.00633475 0.15729445
v 0.13398826 -0.00657672 0.15732600
v 0.13406959 -0.00609820 0.15728459
v 0.13948955 0.01490152 0.13123782
v 0.13935316 0.01440153 0.13096990
v 0.13974604 0.01390154 0.13174167
v 0.13896026 0.01490152 0.13019814
v 0.14001883 0.01490152 0.13227749
v 0.14054811 0.01415153 0.13331717
v 0.14013893 0.01340154 0.13251342
v 0.14054811 0.01340154 0.13331717
v 0.14054811 0.01490152 0.13331717
v 0.11993071 0.00590164 0.16499868
v 0.12013941 0.00590164 0.16540859
v 0.12015875 0.00613819 0.16539876
v 0.12022074 0.00638015 0.16536718
v 0.11991088 0.00661300 0.16449261
v 0.11980337 0.00638015 0.16454733
v 0.12047874 0.00682086 0.16523586
v 0.12032825 0.00661300 0.16531246
v 0.11974137 0.00613819 0.16457888
v 0.11972204 0.00590164 0.16458874
v 0.12087146 0.00711034 0.16503592
v 0.12024658 0.00698972 0.16432169
v 0.12066398 0.00698972 0.16514157
v 0.12108921 0.00720162 0.16440888
v 0.12108710 0.00717992 0.16492615
v 0.12129791 0.00720162 0.16481882
v 0.12066972 0.00717992 0.16410627
v 0.12045409 0.00711034 0.16421604
v 0.12088053 0.00720162 0.16399897
v 0.13171918 0.00720162 0.15848115
v 0.13311979 0.00720162 0.15828429
v 0.13291109 0.00720162 0.15787436
v 0.13094464 0.00720162 0.15990782
v 0.13332846 0.00720162 0.15869423
v 0.13052726 0.00720162 0.15908795
v 0.12933535 0.00720162 0.15969474
v 0.12842168 0.00720162 0.16084810
v 0.12814343 0.00720162 0.16030153
v 0.12828256 0.00720162 0.16057482
v 0.12856081 0.00720162 0.16112138
v 0.11602553 -0.00225910 0.16806397
v 0.11542391 -0.00343298 0.16825803
v 0.11546929 -0.00343298 0.16834714
v 0.11537855 -0.00343298 0.16816892
v 0.11588942 -0.00225910 0.16779661
v 0.11533319 -0.00343298 0.16807981
v 0.11644565 -0.00108522 0.16751345
v 0.11658175 -0.00108522 0.16778081
v 0.11713797 0.00008866 0.16749765
v 0.11700187 0.00008866 0.16723028
v 0.11769421 0.00126254 0.16721446
v 0.11755811 0.00126254 0.16694712
v 0.11818240 0.00243642 0.16679763
v 0.11811435 0.00243642 0.16666396
v 0.11825045 0.00243642 0.16693128
v 0.12752252 -0.00468018 0.15772255
v 0.12818815 -0.00449822 0.15906687
v 0.12750764 -0.00449822 0.15773015
v 0.12888353 -0.00468018 0.16039602
v 0.12757022 -0.00486631 0.15769829
v 0.12901392 -0.00504543 0.16032965
v 0.12893123 -0.00486631 0.16037176
v 0.12886866 -0.00449822 0.16040359
v 0.12912967 -0.00520532 0.16027072
v 0.12765291 -0.00504543 0.15765618
v 0.12776865 -0.00520532 0.15759725
v 0.12791115 -0.00533521 0.15752471
v 0.12807077 -0.00542800 0.15744348
v 0.12959766 -0.00548152 0.16003248
v 0.12943178 -0.00542800 0.16011692
v 0.12907930 -0.00549821 0.15861321
v 0.12823664 -0.00548152 0.15735901
v 0.12839879 -0.00549821 0.15727646
v 0.12927218 -0.00533521 0.16019818
v 0.12975982 -0.00549821 0.15994993
v 0.11403501 0.00720162 0.16851626
v 0.11393070 0.00719641 0.16856923
v 0.11432373 0.00685512 0.16864699
v 0.11382386 0.00717998 0.16862356
v 0.11340092 0.00698962 0.16883891
v 0.11376228 0.00666718 0.16893281
v 0.11350285 0.00705633 0.16878709
v 0.11360856 0.00711035 0.16873336
v 0.11394602 0.00677428 0.16883928
v 0.11321584 0.00682088 0.16893327
v 0.11461831 0.00650163 0.16878035
v 0.11445605 0.00648480 0.16886297
v 0.11413071 0.00633842 0.16902858
v 0.11398816 0.00620874 0.16910115
v 0.11429028 0.00643142 0.16894735
v 0.11359812 0.00651786 0.16901640
v 0.11306575 0.00661281 0.16900981
v 0.11346507 0.00633367 0.16908412
v 0.11300652 0.00649839 0.16904014
v 0.11331485 0.00591330 0.16916059
v 0.11289620 0.00613823 0.16909614
v 0.11288129 0.00601853 0.16910362
v 0.11295845 0.00637978 0.16906474
v 0.11336963 0.00612749 0.16913273
v 0.11287651 0.00590163 0.16910603
v 0.11387259 0.00604878 0.16915998
v 0.11378972 0.00586973 0.16920219
v 0.11372715 0.00550164 0.16923405
v 0.11374216 0.00568372 0.16922639
v 0.16363530 -0.01409183 0.13797259
v 0.08391037 -0.01409184 0.17855942
v 0.16284069 -0.01280967 0.14041522
v 0.16253823 -0.01191849 0.14134504
v 0.08527215 -0.01092877 0.18123435
v 0.16232213 -0.01092876 0.14200932
v 0.14445688 -0.00889816 0.15152528
v 0.14799710 -0.00889816 0.14972302
v 0.08473439 -0.01280969 0.18017803
v 0.15861775 -0.00889816 0.14431619
v 0.16215797 -0.00889816 0.14251392
v 0.15153732 -0.00889816 0.14792074
v 0.15507754 -0.00889816 0.14611848
v 0.13734234 -0.01457279 0.14910455
v 0.16451386 -0.01457278 0.13527191
v 0.11017082 -0.01457279 0.16293717
v 0.08299929 -0.01457279 0.17676979
v 0.14091664 -0.00889816 0.15332757
v 0.08544237 -0.00889817 0.18156873
v 0.11317950 -0.00889817 0.16744815
v 0.13242228 -0.00104113 0.15971661
v 0.13325614 -0.00104113 0.15929212
v 0.13325614 0.00084456 0.15929213
v 0.13325614 -0.00292682 0.15929212
v 0.13242228 -0.00292682 0.15971661
v 0.13325614 -0.00481250 0.15929212
v 0.13242228 -0.00481250 0.15971661
v 0.13158842 -0.00104113 0.16014113
v 0.13158842 -0.00292682 0.16014113
v 0.13158842 -0.00481250 0.16014113
v 0.13158842 0.00273025 0.16014113
v 0.13075454 0.00461594 0.16056565
v 0.13075455 0.00273025 0.16056565
v 0.13075455 -0.00292682 0.16056565
v 0.13075455 -0.00481250 0.16056565
v 0.12992069 0.00461594 0.16099014
v 0.12992069 0.00273025 0.16099014
v 0.13075455 0.00084456 0.16056565
v 0.12992069 0.00084456 0.16099014
v 0.12908680 0.00461594 0.16141466
v 0.12908680 0.00273025 0.16141466
v 0.12908680 0.00084456 0.16141466
v 0.12908680 -0.00104113 0.16141466
v 0.13409000 0.00550165 0.15886761
v 0.13407500 0.00568372 0.15887524
v 0.13402743 0.00586974 0.15889947
v 0.13409000 0.00410166 0.15886761
v 0.13348303 0.00343647 0.15917662
v 0.13354003 0.00338452 0.15914760
v 0.13394455 0.00604879 0.15894164
v 0.13382900 0.00620874 0.15900048
v 0.13368645 0.00633842 0.15907305
v 0.13325614 0.00461594 0.15929213
v 0.13358634 0.00332056 0.15912401
v 0.13409000 0.00270168 0.15886761
v 0.13363848 0.00317446 0.15909746
v 0.13363848 0.00302889 0.15909746
v 0.13364444 0.00310168 0.15909444
v 0.13361940 0.00324891 0.15910719
v 0.13409000 0.00130170 0.15886761
v 0.13354003 0.00281884 0.15914760
v 0.13348303 0.00276688 0.15917662
v 0.13358634 0.00288279 0.15912401
v 0.13361940 0.00295444 0.15910719
v 0.13352689 0.00643142 0.15915428
v 0.13336112 0.00648480 0.15923866
v 0.13319885 0.00650163 0.15932127
v 0.13301462 0.00350167 0.15941505
v 0.13328797 0.00350167 0.15927592
v 0.13218516 0.00650163 0.15983734
v 0.13335283 0.00349499 0.15924290
v 0.13158842 0.00461594 0.16014113
v 0.13117147 0.00650163 0.16035338
v 0.13274130 0.00350167 0.15955420
v 0.13256671 0.00346169 0.15964310
v 0.13251181 0.00343025 0.15967105
v 0.13262439 0.00348415 0.15961374
v 0.13341918 0.00347359 0.15920912
v 0.13246128 0.00339062 0.15969675
v 0.13241655 0.00334402 0.15971954
v 0.13234788 0.00323641 0.15975448
v 0.13123540 0.00088865 0.16032084
v 0.13179165 0.00206253 0.16003768
v 0.13409001 -0.00149826 0.15886761
v 0.13409000 -0.00009828 0.15886761
v 0.13341918 0.00272977 0.15920912
v 0.13335283 0.00270836 0.15924290
v 0.13316965 0.00270168 0.15933613
v 0.13328797 0.00270168 0.15927592
v 0.13409001 -0.00289824 0.15886761
v 0.13382900 -0.00640530 0.15900048
v 0.13409001 -0.00569821 0.15886761
v 0.13407500 -0.00588028 0.15887524
v 0.13402744 -0.00606630 0.15889947
v 0.13394455 -0.00624535 0.15894164
v 0.13409001 -0.00429823 0.15886761
v 0.13368645 -0.00653498 0.15907305
v 0.13352689 -0.00662798 0.15915428
v 0.13336112 -0.00668136 0.15923866
v 0.13305863 0.00268591 0.15939265
v 0.13294742 0.00263505 0.15944929
v 0.13277624 0.00243642 0.15953641
v 0.13284925 0.00254915 0.15949924
v 0.13110754 -0.00108522 0.16038594
v 0.13166378 0.00008866 0.16010277
v 0.13222001 0.00126254 0.15981961
v 0.13319885 -0.00669819 0.15932127
v 0.13218516 -0.00669819 0.15983734
v 0.13117147 -0.00669819 0.16035337
v 0.13067919 -0.00028523 0.16060401
v 0.12914410 0.00650163 0.16138548
v 0.13015779 0.00650163 0.16086944
v 0.13012296 -0.00145911 0.16088717
v 0.12898184 0.00648480 0.16146809
v 0.12956672 -0.00263298 0.16117034
v 0.12945329 -0.00278719 0.16122808
v 0.12949806 -0.00274059 0.16120531
v 0.13055132 -0.00225909 0.16066910
v 0.12940278 -0.00282683 0.16125380
v 0.12934788 -0.00285827 0.16128175
v 0.12929020 -0.00288073 0.16131111
v 0.12917329 -0.00289825 0.16137062
v 0.12881608 0.00643142 0.16155250
v 0.12865650 0.00633842 0.16163370
v 0.12851397 0.00620874 0.16170627
v 0.12825295 0.00550164 0.16183917
v 0.12839840 0.00604879 0.16176511
v 0.12831551 0.00586974 0.16180731
v 0.12825295 0.00410166 0.16183917
v 0.12826795 0.00568372 0.16183151
v 0.12825295 0.00270168 0.16183917
v 0.12825295 -0.00009828 0.16183917
v 0.12905499 -0.00289825 0.16143086
v 0.12899012 -0.00290492 0.16146388
v 0.12892378 -0.00292633 0.16149766
v 0.12825295 0.00130170 0.16183917
v 0.12825295 -0.00149826 0.16183917
v 0.12885993 -0.00296345 0.16153016
v 0.12825295 -0.00289825 0.16183917
v 0.12880294 -0.00301540 0.16155918
v 0.12999509 -0.00343297 0.16095227
v 0.12996228 -0.00349190 0.16096896
v 0.12992206 -0.00354571 0.16098944
v 0.12971269 -0.00368246 0.16109603
v 0.12908680 -0.00481250 0.16141466
v 0.12976907 -0.00366161 0.16106734
v 0.12987547 -0.00359270 0.16101318
v 0.12982389 -0.00363160 0.16103942
v 0.13015779 -0.00669819 0.16086944
v 0.12960166 -0.00369823 0.16115255
v 0.12932832 -0.00369823 0.16129170
v 0.12905499 -0.00369823 0.16143086
v 0.12899012 -0.00369155 0.16146388
v 0.12898184 -0.00668136 0.16146809
v 0.12914410 -0.00669819 0.16138548
v 0.12892378 -0.00367015 0.16149766
v 0.12881609 -0.00662799 0.16155250
v 0.12885993 -0.00363303 0.16153016
v 0.12875664 -0.00307936 0.16158274
v 0.12870449 -0.00322545 0.16160929
v 0.12872356 -0.00315100 0.16159959
v 0.12870449 -0.00337102 0.16160929
v 0.12869854 -0.00329824 0.16161231
v 0.12825295 -0.00429823 0.16183917
v 0.12872356 -0.00344547 0.16159959
v 0.12875664 -0.00351712 0.16158274
v 0.12851397 -0.00640531 0.16170627
v 0.12825295 -0.00569821 0.16183917
v 0.12865651 -0.00653498 0.16163370
v 0.12880294 -0.00358108 0.16155918
v 0.12839840 -0.00624535 0.16176511
v 0.12831551 -0.00606630 0.16180731
v 0.12826795 -0.00588028 0.16183151
v 0.13234788 0.00323641 0.15975448
v 0.13179165 0.00206253 0.16003768
v 0.13165554 0.00206253 0.15977032
v 0.13109931 0.00088865 0.16005348
v 0.13123540 0.00088865 0.16032084
v 0.13054308 -0.00028523 0.16033665
v 0.13230250 0.00323641 0.15966537
v 0.13221177 0.00323641 0.15948715
v 0.13225714 0.00323641 0.15957626
v 0.12952134 -0.00263298 0.16108123
v 0.13012296 -0.00145911 0.16088717
v 0.12956672 -0.00263298 0.16117034
v 0.12947598 -0.00263298 0.16099212
v 0.12943061 -0.00263298 0.16090301
v 0.13067919 -0.00028523 0.16060401
v 0.12998686 -0.00145911 0.16061984
v 0.13677066 0.00458450 0.15638081
v 0.13666626 0.00430166 0.15643397
v 0.13669128 0.00444890 0.15642122
v 0.13689150 0.00467357 0.15631929
v 0.13702271 0.00470166 0.15625249
v 0.13666626 -0.00009828 0.15643397
v 0.13669128 -0.00464546 0.15642122
v 0.13666626 -0.00449822 0.15643397
v 0.13677066 -0.00478106 0.15638081
v 0.13702272 -0.00489822 0.15625249
v 0.13689151 -0.00487013 0.15631929
v 0.13929515 -0.00009828 0.15509563
v 0.13893870 0.00470166 0.15527708
v 0.13929515 0.00430166 0.15509563
v 0.13906990 0.00467357 0.15521028
v 0.13919075 0.00458450 0.15514879
v 0.13927012 0.00444890 0.15510836
v 0.13919075 -0.00478106 0.15514879
v 0.13906990 -0.00487013 0.15521028
v 0.13929515 -0.00449822 0.15509563
v 0.13893870 -0.00489822 0.15527708
v 0.13927012 -0.00464546 0.15510836
v 0.12266414 -0.00343298 0.16451604
v 0.12328841 -0.00225909 0.16436654
v 0.12259609 -0.00343298 0.16438237
v 0.12273219 -0.00343298 0.16464970
v 0.12384464 -0.00108522 0.16408337
v 0.12315232 -0.00225909 0.16409918
v 0.12440088 0.00008866 0.16380021
v 0.12370855 -0.00108522 0.16381601
v 0.12495711 0.00126254 0.16351701
v 0.12426477 0.00008866 0.16353285
v 0.12482101 0.00126254 0.16324968
v 0.12544530 0.00243642 0.16310018
v 0.12537725 0.00243642 0.16296652
v 0.12551336 0.00243642 0.16323385
v 0.12158957 0.00530165 0.16186506
v 0.12113589 0.00530165 0.16097390
v 0.12097374 0.00528495 0.16105645
v 0.12165425 0.00528495 0.16239320
v 0.12132875 0.00513864 0.16255890
v 0.12080786 0.00523143 0.16114092
v 0.12064826 0.00513864 0.16122215
v 0.12118627 0.00500876 0.16263144
v 0.12204325 0.00530165 0.16275620
v 0.12249691 0.00530165 0.16364737
v 0.12233476 0.00528495 0.16372991
v 0.12200927 0.00513864 0.16389562
v 0.12216888 0.00523143 0.16381436
v 0.12186677 0.00500876 0.16396816
v 0.12039001 0.00484886 0.16135362
v 0.12107051 0.00484886 0.16269037
v 0.12030732 0.00466975 0.16139573
v 0.12175102 0.00484886 0.16402709
v 0.12094013 0.00448362 0.16275674
v 0.12098781 0.00466975 0.16273245
v 0.12025962 0.00448362 0.16141999
v 0.12024474 0.00430166 0.16142759
v 0.12069842 0.00430166 0.16231873
v 0.12166833 0.00466975 0.16406920
v 0.12162064 0.00448362 0.16409346
v 0.12115208 0.00430166 0.16320989
v 0.12160577 0.00430166 0.16410103
v 0.10832119 -0.00739819 0.16936038
v 0.11067803 -0.00739819 0.16853461
v 0.11052679 -0.00739819 0.16823755
v 0.11098047 -0.00739819 0.16912871
v 0.11082924 -0.00739819 0.16883165
v 0.10611558 -0.00739819 0.17048325
v 0.10877486 -0.00739819 0.17025155
v 0.10634243 -0.00739819 0.17092882
v 0.10656926 -0.00739819 0.17137438
v 0.13790911 0.00444890 0.15243492
v 0.13793413 0.00430166 0.15242216
v 0.13861464 0.00430166 0.15375888
v 0.13782973 0.00458450 0.15247533
v 0.13927012 0.00444890 0.15510836
v 0.13919075 0.00458450 0.15514879
v 0.13906990 0.00467357 0.15521028
v 0.13770888 0.00467357 0.15253685
v 0.13825818 0.00470166 0.15394037
v 0.13757766 0.00470166 0.15260365
v 0.13893870 0.00470166 0.15527708
v 0.13929515 0.00430166 0.15509563
v 0.16937065 0.01536409 0.12209817
v 0.16937065 0.01582666 0.12209817
v 0.16952930 0.01582211 0.12260193
v 0.16952930 0.01490153 0.12260193
v 0.16937065 0.01490153 0.12209817
v 0.16951528 0.01535979 0.12312991
v 0.16951528 0.01490153 0.12312991
v 0.16951528 0.01581806 0.12312991
v 0.12025962 0.00448362 0.16141999
v 0.12030732 0.00466975 0.16139573
v 0.12024474 0.00430166 0.16142759
v 0.12039001 0.00484886 0.16135362
v 0.12077944 0.00430166 0.16115538
v 0.12050576 0.00500876 0.16129469
v 0.12064826 0.00513864 0.16122215
v 0.12080446 0.00444889 0.16114263
v 0.12077307 0.00375881 0.16115862
v 0.12024474 0.00320167 0.16142759
v 0.12024474 0.00210169 0.16142759
v 0.12077307 0.00067314 0.16115862
v 0.12024474 0.00100170 0.16142759
v 0.12077944 0.00320167 0.16115538
v 0.12077944 0.00210169 0.16115538
v 0.12024474 -0.00009828 0.16142759
v 0.12097374 0.00528495 0.16105645
v 0.12088385 0.00458450 0.16110222
v 0.12080786 0.00523143 0.16114092
v 0.12113589 0.00530165 0.16097390
v 0.12100468 0.00467357 0.16104070
v 0.12113589 0.00470165 0.16097390
v 0.12209389 0.00470165 0.16048621
v 0.12209389 0.00530165 0.16048621
v 0.12305188 0.00530165 0.15999852
v 0.12077944 0.00100170 0.16115538
v 0.12077307 -0.00086970 0.16115862
v 0.12024474 -0.00119827 0.16142759
v 0.12077307 -0.00241254 0.16115862
v 0.12024474 -0.00229826 0.16142759
v 0.12024474 -0.00339824 0.16142759
v 0.12077944 -0.00119827 0.16115538
v 0.12077944 -0.00229826 0.16115538
v 0.12077308 -0.00395538 0.16115862
v 0.12024474 -0.00449822 0.16142759
v 0.12025962 -0.00468019 0.16141999
v 0.12030732 -0.00486631 0.16139573
v 0.12039001 -0.00504543 0.16135362
v 0.12050576 -0.00520532 0.16129469
v 0.12077944 -0.00449822 0.16115538
v 0.12064826 -0.00533521 0.16122215
v 0.12077944 -0.00339824 0.16115538
v 0.12080787 -0.00542800 0.16114092
v 0.12080446 -0.00464546 0.16114263
v 0.12088385 -0.00478106 0.16110222
v 0.12097374 -0.00548152 0.16105645
v 0.12113589 -0.00549821 0.16097390
v 0.12100469 -0.00487014 0.16104070
v 0.12113589 -0.00489822 0.16097390
v 0.12209389 -0.00489822 0.16048621
v 0.12077944 -0.00009828 0.16115538
v 0.12305188 0.00470166 0.15999852
v 0.12318308 0.00467357 0.15993172
v 0.12321403 0.00528495 0.15991595
v 0.12330394 0.00458450 0.15987020
v 0.12337991 0.00523143 0.15983151
v 0.12338331 0.00444889 0.15982980
v 0.12353953 0.00513864 0.15975027
v 0.12340833 0.00430166 0.15981704
v 0.12341471 0.00375881 0.15981381
v 0.12340833 0.00320167 0.15981704
v 0.12341472 0.00067314 0.15981381
v 0.12340833 0.00210169 0.15981704
v 0.12340834 -0.00009828 0.15981704
v 0.12340833 0.00100170 0.15981704
v 0.12340834 -0.00119827 0.15981704
v 0.12341472 -0.00086970 0.15981381
v 0.12379776 0.00484886 0.15961877
v 0.12368201 0.00500876 0.15967770
v 0.12394303 0.00430166 0.15954483
v 0.12388047 0.00466975 0.15957669
v 0.12392815 0.00448362 0.15955240
v 0.12394303 0.00210169 0.15954483
v 0.12394303 0.00320167 0.15954483
v 0.12394303 0.00100170 0.15954483
v 0.12394303 -0.00009828 0.15954483
v 0.12394303 -0.00119827 0.15954483
v 0.12337991 -0.00542800 0.15983150
v 0.12330394 -0.00478106 0.15987020
v 0.12338331 -0.00464546 0.15982980
v 0.12321403 -0.00548152 0.15991594
v 0.12318309 -0.00487014 0.15993172
v 0.12341472 -0.00241254 0.15981381
v 0.12340834 -0.00339824 0.15981704
v 0.12340834 -0.00229826 0.15981704
v 0.12353953 -0.00533521 0.15975027
v 0.12305188 -0.00549821 0.15999852
v 0.12209389 -0.00549821 0.16048621
v 0.12305188 -0.00489822 0.15999852
v 0.12340834 -0.00449822 0.15981704
v 0.12341472 -0.00395538 0.15981381
v 0.12394303 -0.00339824 0.15954483
v 0.12394303 -0.00229826 0.15954483
v 0.12394303 -0.00449822 0.15954483
v 0.12368201 -0.00520532 0.15967770
v 0.12379777 -0.00504543 0.15961877
v 0.12388047 -0.00486631 0.15957669
v 0.12392815 -0.00468019 0.15955240
v 0.08822076 0.01587258 0.15750276
v 0.08826129 0.01587532 0.15712987
v 0.08826129 0.01538842 0.15712987
v 0.08822076 0.01490151 0.15750276
v 0.08808305 0.01587031 0.15786509
v 0.08808305 0.01490151 0.15786509
v 0.08785710 0.01586875 0.15818005
v 0.08756866 0.01538477 0.15841983
v 0.08756866 0.01586803 0.15841983
v 0.08785710 0.01490151 0.15818005
v 0.08756866 0.01490151 0.15841983
v 0.08826129 0.01490151 0.15712987
v 0.11866355 0.00720162 0.16581582
v 0.11880268 0.00720162 0.16608911
v 0.11901348 0.00717992 0.16598178
v 0.11880479 0.00717992 0.16557188
v 0.11922793 0.00698972 0.16535645
v 0.11922911 0.00711034 0.16587201
v 0.11943663 0.00698972 0.16576637
v 0.11962187 0.00682086 0.16567207
v 0.11852443 0.00720162 0.16554254
v 0.11838529 0.00720162 0.16526923
v 0.11859610 0.00717992 0.16516193
v 0.11901924 0.00698972 0.16494652
v 0.11881174 0.00711034 0.16505217
v 0.11941317 0.00682086 0.16526212
v 0.11920448 0.00682086 0.16485222
v 0.11956365 0.00661300 0.16518553
v 0.11977234 0.00661300 0.16559547
v 0.11967114 0.00638015 0.16513082
v 0.11994184 0.00613819 0.16550917
v 0.11987983 0.00638015 0.16554075
v 0.11996118 0.00590164 0.16549935
v 0.11982205 0.00590164 0.16522603
v 0.11973314 0.00613819 0.16509926
v 0.11946246 0.00638015 0.16472088
v 0.11952447 0.00613819 0.16468933
v 0.11968293 0.00590164 0.16495275
v 0.11954380 0.00590164 0.16467947
v 0.14994507 0.00470166 0.14873132
v 0.14896719 0.00470166 0.14922917
v 0.14874033 0.00470166 0.14878359
v 0.14971824 0.00470166 0.14828574
v 0.15092301 0.00470166 0.14823347
v 0.15069615 0.00470166 0.14778792
v 0.11857581 0.00270168 0.16659734
v 0.11850776 0.00270168 0.16646367
v 0.11839086 0.00268416 0.16652318
v 0.11853283 0.00268591 0.16678753
v 0.11864387 0.00270168 0.16673101
v 0.11842162 0.00263505 0.16684417
v 0.11827827 0.00263026 0.16658049
v 0.11832346 0.00254915 0.16689411
v 0.11818240 0.00243642 0.16679763
v 0.11818301 0.00254403 0.16662899
v 0.11811435 0.00243642 0.16666396
v 0.11825045 0.00243642 0.16693128
v 0.12907930 -0.00549821 0.15861321
v 0.12839879 -0.00549821 0.15727646
v 0.12935679 -0.00549821 0.15678877
v 0.13071782 -0.00549821 0.15946224
v 0.12975982 -0.00549821 0.15994993
v 0.13099529 -0.00549821 0.15763780
v 0.13167580 -0.00549821 0.15897452
v 0.13031477 -0.00549821 0.15630108
v 0.12950777 0.00458450 0.16007825
v 0.12940336 0.00430166 0.16013141
v 0.12942840 0.00444889 0.16011865
v 0.12962860 0.00467357 0.16001673
v 0.12975981 0.00470166 0.15994993
v 0.12940336 -0.00009828 0.16013141
v 0.12942840 -0.00464546 0.16011865
v 0.12940336 -0.00449822 0.16013141
v 0.12950777 -0.00478106 0.16007825
v 0.12975981 -0.00489822 0.15994993
v 0.12962861 -0.00487013 0.16001673
v 0.13203225 -0.00009828 0.15879307
v 0.13203225 0.00430166 0.15879307
v 0.13167580 0.00470166 0.15897452
v 0.13180700 0.00467357 0.15890772
v 0.13192785 0.00458450 0.15884623
v 0.13200722 0.00444889 0.15880579
v 0.13192785 -0.00478106 0.15884623
v 0.13180700 -0.00487013 0.15890772
v 0.13203225 -0.00449822 0.15879307
v 0.13167580 -0.00489822 0.15897452
v 0.13200722 -0.00464546 0.15880579
v 0.13295045 -0.01557141 0.15139910
v 0.16575125 -0.01557141 0.13470069
v 0.16471808 -0.01500579 0.13787665
v 0.11762977 -0.01499760 0.16186928
v 0.16422288 -0.01436480 0.13939888
v 0.16378363 -0.01349803 0.14074914
v 0.11922609 -0.01126740 0.16500493
v 0.16342795 -0.01245000 0.14184257
v 0.16317382 -0.01128610 0.14262376
v 0.13797900 -0.00889816 0.15594519
v 0.16302683 -0.01007963 0.14307558
v 0.06944669 -0.01500581 0.18637797
v 0.10014963 -0.01557142 0.16809753
v 0.06734883 -0.01557142 0.18479594
v 0.07206636 -0.01245001 0.18835345
v 0.07134410 -0.01349804 0.18780878
v 0.07258236 -0.01128612 0.18874258
v 0.09797612 -0.00889817 0.17631010
v 0.16298079 -0.00889816 0.14321715
v 0.15798042 -0.00889816 0.14576276
v 0.15298007 -0.00889816 0.14830838
v 0.14797970 -0.00889816 0.15085399
v 0.14297935 -0.00889816 0.15339960
v 0.13297862 -0.00889817 0.15849080
v 0.12797827 -0.00889817 0.16103642
v 0.12297792 -0.00889817 0.16358203
v 0.11797754 -0.00889817 0.16612764
v 0.11297720 -0.00889817 0.16867326
v 0.10797683 -0.00889817 0.17121887
v 0.10297647 -0.00889817 0.17376449
v 0.09297576 -0.00889817 0.17885572
v 0.08797539 -0.00889817 0.18140130
v 0.08297504 -0.00889817 0.18394692
v 0.07797468 -0.00889818 0.18649253
v 0.07297432 -0.00889818 0.18903815
v 0.13522422 -0.00449822 0.15492385
v 0.13477053 -0.00339824 0.15403272
v 0.13477053 -0.00449822 0.15403272
v 0.13477053 -0.00119827 0.15403272
v 0.13477053 -0.00229825 0.15403272
v 0.13477053 -0.00009828 0.15403272
v 0.13545105 0.00430166 0.15536943
v 0.13477053 0.00100171 0.15403272
v 0.13477053 0.00210169 0.15403272
v 0.13477053 0.00320168 0.15403272
v 0.13477053 0.00430166 0.15403272
v 0.13567789 -0.00449822 0.15581502
v 0.13613156 -0.00324110 0.15670615
v 0.13613156 -0.00449822 0.15670615
v 0.13613156 -0.00198397 0.15670615
v 0.13613156 -0.00072684 0.15670615
v 0.13613156 0.00178741 0.15670615
v 0.13613156 0.00053028 0.15670615
v 0.13613156 0.00304453 0.15670615
v 0.13613156 0.00430166 0.15670615
v 0.13611536 0.00470166 0.15447019
v 0.13566169 0.00470166 0.15357902
v 0.13661969 0.00470166 0.15309134
v 0.13825818 0.00470166 0.15394037
v 0.13656905 0.00470166 0.15536132
v 0.13893870 0.00470166 0.15527708
v 0.13702271 0.00470166 0.15625249
v 0.13757766 0.00470166 0.15260365
v 0.10411501 0.00380166 0.17262382
v 0.09889089 0.00575164 0.17528333
v 0.09889089 0.00380166 0.17528333
v 0.10411501 0.00185169 0.17262382
v 0.09889089 0.00185169 0.17528333
v 0.10411501 -0.00009829 0.17262382
v 0.09889089 -0.00009829 0.17528333
v 0.10411501 -0.00204826 0.17262382
v 0.09889089 -0.00204826 0.17528333
v 0.10411501 -0.00399823 0.17262382
v 0.09889089 -0.00399823 0.17528333
v 0.10411501 -0.00594821 0.17262382
v 0.09889089 -0.00594821 0.17528333
v 0.09366677 -0.00399824 0.17794287
v 0.09366677 -0.00594821 0.17794287
v 0.15024094 0.00770162 0.14914178
v 0.15072857 0.00753862 0.14889353
v 0.15056897 0.00763141 0.14897476
v 0.15087106 0.00740873 0.14882096
v 0.15106951 0.00706972 0.14871995
v 0.15098681 0.00724883 0.14876206
v 0.14656984 0.00770162 0.15101069
v 0.15113207 0.00670163 0.14868809
v 0.14289871 0.00770162 0.15287959
v 0.14590797 0.00575164 0.15134762
v 0.13782645 0.00650163 0.15546180
v 0.13922761 0.00770162 0.15474850
v 0.13555650 0.00770162 0.15661740
v 0.14003206 0.00650163 0.15433896
v 0.14029448 0.00644546 0.15420536
v 0.13562086 0.00650163 0.15658463
v 0.13535842 0.00644546 0.15671823
v 0.14053617 0.00626732 0.15408232
v 0.15087319 0.00599692 0.14881989
v 0.15098798 0.00615644 0.14876145
v 0.14955024 0.00559254 0.14949339
v 0.15107000 0.00633492 0.14871970
v 0.15024695 0.00570167 0.14913870
v 0.15057331 0.00577381 0.14897257
v 0.15073181 0.00586703 0.14889188
v 0.14790444 0.00411017 0.15033123
v 0.14831356 0.00475233 0.15012299
v 0.14069492 0.00599612 0.15400151
v 0.14074498 0.00570164 0.15397603
v 0.14920695 0.00545681 0.14966816
v 0.14888032 0.00526802 0.14983445
v 0.14857986 0.00503076 0.14998740
v 0.14590797 0.00185169 0.15134762
v 0.14074498 0.00183503 0.15397603
v 0.13188538 0.00770162 0.15848631
v 0.13056356 0.00650163 0.15915923
v 0.13276916 0.00650163 0.15803640
v 0.13303158 0.00644546 0.15790280
v 0.12821426 0.00770162 0.16035522
v 0.13327327 0.00626732 0.15777976
v 0.12835796 0.00650163 0.16028207
v 0.12809552 0.00644546 0.16041567
v 0.12330066 0.00650163 0.16285667
v 0.12550627 0.00650163 0.16173384
v 0.12454316 0.00770162 0.16222412
v 0.12576868 0.00644546 0.16160024
v 0.12109505 0.00650163 0.16397951
v 0.12087205 0.00770161 0.16409306
v 0.12601037 0.00626732 0.16147719
v 0.12083264 0.00644546 0.16411311
v 0.12059095 0.00626732 0.16423615
v 0.11874748 0.00626732 0.16517463
v 0.13343202 0.00599612 0.15769895
v 0.13511674 0.00626732 0.15684127
v 0.13348208 0.00570164 0.15767347
v 0.13490793 0.00570164 0.15694759
v 0.13495799 0.00599612 0.15692208
v 0.13348208 0.00183503 0.15767347
v 0.12621920 0.00570164 0.16137090
v 0.12769509 0.00599611 0.16061952
v 0.12616913 0.00599611 0.16139638
v 0.12785384 0.00626732 0.16053871
v 0.12764503 0.00183503 0.16064500
v 0.12764503 0.00570164 0.16064500
v 0.11978737 0.00575164 0.16464523
v 0.12038213 0.00570164 0.16434244
v 0.12043219 0.00599611 0.16431696
v 0.11890623 0.00599611 0.16509382
v 0.11850580 0.00644546 0.16529768
v 0.14617535 0.00046107 0.15121149
v 0.14074498 -0.00203159 0.15397603
v 0.14444626 -0.00318803 0.15209174
v 0.14074498 -0.00589820 0.15397603
v 0.14271718 -0.00683713 0.15297200
v 0.13348208 -0.00203159 0.15767347
v 0.13490793 -0.00203159 0.15694759
v 0.13490793 0.00183503 0.15694759
v 0.13348208 -0.00589820 0.15767347
v 0.13490793 -0.00589820 0.15694759
v 0.14069492 -0.00619268 0.15400151
v 0.13511675 -0.00646388 0.15684127
v 0.13495799 -0.00619268 0.15692208
v 0.13327327 -0.00646388 0.15777976
v 0.13343202 -0.00619268 0.15769895
v 0.14053617 -0.00646388 0.15408232
v 0.14003206 -0.00669819 0.15433896
v 0.14206144 -0.00761251 0.15330582
v 0.14226348 -0.00745396 0.15320298
v 0.14244250 -0.00726756 0.15311185
v 0.14114350 -0.00789818 0.15377315
v 0.14184184 -0.00773826 0.15341763
v 0.14161112 -0.00782811 0.15353509
v 0.14029449 -0.00664202 0.15420536
v 0.13734123 -0.00789818 0.15570883
v 0.13303159 -0.00664202 0.15790280
v 0.13353898 -0.00789818 0.15764451
v 0.13535842 -0.00664202 0.15671823
v 0.13782645 -0.00669819 0.15546180
v 0.13562086 -0.00669819 0.15658463
v 0.12621920 -0.00203159 0.16137090
v 0.12764503 -0.00589821 0.16064500
v 0.12764503 -0.00203159 0.16064500
v 0.12616913 -0.00619268 0.16139638
v 0.12785385 -0.00646388 0.16053871
v 0.12769509 -0.00619268 0.16061952
v 0.12621920 -0.00589821 0.16137090
v 0.12621920 0.00183503 0.16137090
v 0.12038213 -0.00203159 0.16434244
v 0.11978737 -0.00399823 0.16464523
v 0.12038213 -0.00589821 0.16434244
v 0.12601037 -0.00646388 0.16147719
v 0.11978737 -0.00009828 0.16464523
v 0.11978737 -0.00204826 0.16464523
v 0.12809552 -0.00664202 0.16041567
v 0.12593447 -0.00789818 0.16151583
v 0.12835796 -0.00669819 0.16028207
v 0.13056356 -0.00669819 0.15915923
v 0.12973673 -0.00789818 0.15958018
v 0.13276916 -0.00669819 0.15803640
v 0.12576869 -0.00664202 0.16160024
v 0.12550627 -0.00669819 0.16173384
v 0.12083264 -0.00664202 0.16411311
v 0.11832996 -0.00789818 0.16538717
v 0.12109506 -0.00669819 0.16397951
v 0.12213222 -0.00789818 0.16345151
v 0.12330067 -0.00669819 0.16285667
v 0.11874748 -0.00646388 0.16517463
v 0.12059096 -0.00646388 0.16423615
v 0.12043219 -0.00619268 0.16431696
v 0.11890623 -0.00619268 0.16509382
v 0.11978737 0.00185169 0.16464523
v 0.12038213 0.00183502 0.16434244
v 0.11603776 0.00650163 0.16655411
v 0.11824337 0.00650163 0.16543127
v 0.11720094 0.00770161 0.16596196
v 0.11352983 0.00770161 0.16783087
v 0.11383217 0.00650163 0.16767694
v 0.11148458 0.00696730 0.16887207
v 0.11356974 0.00644546 0.16781055
v 0.11124290 0.00714545 0.16899512
v 0.11098047 0.00720162 0.16912871
v 0.10985873 0.00770161 0.16969978
v 0.11316929 0.00599611 0.16801439
v 0.11332805 0.00626732 0.16793358
v 0.11169340 0.00640163 0.16876578
v 0.11164333 0.00669610 0.16879126
v 0.10585634 0.00206835 0.17173732
v 0.10585634 0.00640163 0.17173732
v 0.11895630 0.00183502 0.16506834
v 0.11895630 0.00570164 0.16506834
v 0.11895630 -0.00203159 0.16506834
v 0.11311923 -0.00589821 0.16803988
v 0.11311923 -0.00203159 0.16803988
v 0.11169340 -0.00226492 0.16876578
v 0.11311923 0.00570164 0.16803988
v 0.11311923 0.00183502 0.16803988
v 0.11169340 0.00206835 0.16876578
v 0.10877486 0.00720162 0.17025155
v 0.10656925 0.00720162 0.17137438
v 0.10618762 0.00770161 0.17156868
v 0.10630683 0.00714545 0.17150799
v 0.10606515 0.00696730 0.17163102
v 0.10590638 0.00669610 0.17171183
v 0.10411501 0.00575164 0.17262382
v 0.10251650 0.00770161 0.17343758
v 0.09884539 0.00770161 0.17530649
v 0.09837776 0.00763154 0.17554455
v 0.09814705 0.00754169 0.17566201
v 0.09792744 0.00741595 0.17577383
v 0.09772539 0.00725740 0.17587666
v 0.09754637 0.00707100 0.17596782
v 0.09727171 0.00664057 0.17610765
v 0.10585634 -0.00226492 0.17173732
v 0.09554262 0.00299149 0.17698790
v 0.09381355 -0.00065758 0.17786813
v 0.10585634 -0.00659820 0.17173732
v 0.11978738 -0.00594821 0.16464523
v 0.11895630 -0.00589821 0.16506834
v 0.11850580 -0.00664203 0.16529768
v 0.11824337 -0.00669820 0.16543127
v 0.11316929 -0.00619268 0.16801439
v 0.11169340 -0.00659820 0.16876578
v 0.11332806 -0.00646389 0.16793358
v 0.11164333 -0.00689267 0.16879126
v 0.11356974 -0.00664203 0.16781055
v 0.10590639 -0.00689267 0.17171183
v 0.11603776 -0.00669820 0.16655411
v 0.11383217 -0.00669820 0.16767694
v 0.11148458 -0.00716388 0.16887207
v 0.11452772 -0.00789818 0.16732285
v 0.11072545 -0.00789818 0.16925853
v 0.11124290 -0.00734202 0.16899511
v 0.11098047 -0.00739819 0.16912871
v 0.10312095 -0.00789818 0.17312989
v 0.10606516 -0.00716388 0.17163102
v 0.10630684 -0.00734202 0.17150799
v 0.10692321 -0.00789818 0.17119421
v 0.10877486 -0.00739819 0.17025155
v 0.10656926 -0.00739819 0.17137438
v 0.09208447 -0.00430665 0.17874838
v 0.09188774 -0.00466018 0.17884854
v 0.09551645 -0.00789818 0.17700121
v 0.09931870 -0.00789818 0.17506557
v 0.09164636 -0.00498302 0.17897143
v 0.09136671 -0.00526505 0.17911379
v 0.09105737 -0.00549844 0.17927129
v 0.09072836 -0.00567844 0.17943877
v 0.09039011 -0.00580359 0.17961097
v 0.08691681 -0.00589821 0.18137917
v 0.08791193 -0.00789819 0.18087257
v 0.08972394 -0.00589821 0.17995010
v 0.08336379 -0.00635100 0.18318796
v 0.08410967 -0.00589821 0.18280824
v 0.09171419 -0.00789819 0.17893689
v 0.08378165 -0.00596843 0.18297523
v 0.08362204 -0.00606121 0.18305650
v 0.08347954 -0.00619110 0.18312903
v 0.08328110 -0.00653011 0.18323007
v 0.08362204 -0.00773518 0.18305650
v 0.08378165 -0.00782797 0.18297523
v 0.08410967 -0.00789819 0.18280824
v 0.08328110 -0.00726629 0.18323007
v 0.08321852 -0.00689820 0.18326190
v 0.08347954 -0.00760530 0.18312903
v 0.08336379 -0.00744540 0.18318796
v 0.14518213 0.01540152 0.12478645
v 0.14518213 0.01590151 0.12478645
v 0.14559883 0.01590095 0.12464658
v 0.14557999 0.01490152 0.12465007
v 0.14518213 0.01490152 0.12478645
v 0.14603258 0.01490153 0.12463284
v 0.14605895 0.01589921 0.12463609
v 0.14650059 0.01589645 0.12476562
v 0.14648265 0.01490153 0.12475732
v 0.14686672 0.01589311 0.12500882
v 0.14686672 0.01539732 0.12500882
v 0.14686672 0.01490153 0.12500882
v 0.11356974 -0.00664203 0.16781055
v 0.11383217 -0.00669820 0.16767694
v 0.11360533 -0.00669820 0.16723139
v 0.11332806 -0.00646389 0.16793358
v 0.11311606 -0.00664203 0.16691941
v 0.11287436 -0.00646389 0.16704242
v 0.11316929 -0.00619268 0.16801439
v 0.11271561 -0.00619268 0.16712326
v 0.11289240 -0.00589821 0.16759433
v 0.11311923 -0.00589821 0.16803988
v 0.11266556 -0.00589821 0.16714874
v 0.11337848 -0.00669820 0.16678581
v 0.11857581 0.00270168 0.16659734
v 0.11871680 0.00270168 0.16658165
v 0.11867144 0.00270168 0.16649254
v 0.11864387 0.00270168 0.16673101
v 0.11876217 0.00270168 0.16667080
v 0.11862606 0.00270168 0.16640343
v 0.11850776 0.00270168 0.16646367
v 0.12172404 -0.00289825 0.16499463
v 0.12165599 -0.00289825 0.16486094
v 0.12177429 -0.00289825 0.16480073
v 0.12184234 -0.00289825 0.16493440
v 0.12191039 -0.00289825 0.16506806
v 0.12179209 -0.00289825 0.16512830
v 0.12940336 -0.00009828 0.16013141
v 0.12940336 -0.00449822 0.16013141
v 0.12872285 -0.00449822 0.15879466
v 0.12804234 -0.00339824 0.15745794
v 0.12804234 -0.00449822 0.15745794
v 0.12872285 0.00430166 0.15879466
v 0.12940336 0.00430166 0.16013141
v 0.12804233 -0.00229826 0.15745794
v 0.12804233 -0.00009828 0.15745794
v 0.12804233 -0.00119827 0.15745794
v 0.12804233 0.00100170 0.15745794
v 0.12804233 0.00210169 0.15745794
v 0.12804233 0.00320168 0.15745794
v 0.12804233 0.00430166 0.15745794
v 0.12181642 0.00470165 0.16231065
v 0.12113589 0.00470165 0.16097390
v 0.12209389 0.00470165 0.16048621
v 0.12395922 0.00470166 0.16178082
v 0.12249691 0.00470165 0.16364737
v 0.12350555 0.00470166 0.16088966
v 0.12305188 0.00470166 0.15999852
v 0.12441290 0.00470166 0.16267196
v 0.11323556 -0.00609821 0.16804799
v 0.11317950 -0.00618919 0.16791945
v 0.11317205 -0.00609821 0.16792324
v 0.11320333 -0.00628225 0.16790731
v 0.11343523 -0.00637180 0.16826055
v 0.11324468 -0.00637180 0.16788625
v 0.11330256 -0.00645175 0.16785681
v 0.11349311 -0.00645175 0.16823107
v 0.11337380 -0.00651670 0.16782053
v 0.11364415 -0.00656309 0.16815416
v 0.11345362 -0.00656309 0.16777991
v 0.11374466 -0.00659820 0.16794592
v 0.11368114 -0.00659820 0.16782117
v 0.11361764 -0.00659820 0.16769641
v 0.11353655 -0.00658985 0.16773767
v 0.11356435 -0.00651670 0.16819481
v 0.11339388 -0.00628225 0.16828161
v 0.11337005 -0.00618919 0.16829372
v 0.11329909 -0.00609821 0.16817275
v 0.11336260 -0.00609821 0.16829751
v 0.11372710 -0.00658985 0.16811196
v 0.11380818 -0.00659820 0.16807068
v 0.16745093 -0.01556754 0.12130220
v 0.16745093 -0.01509807 0.12130220
v 0.16798996 -0.01509807 0.12122471
v 0.16798996 -0.01603546 0.12122471
v 0.16745093 -0.01603699 0.12130220
v 0.16855761 -0.01603227 0.12134607
v 0.16855761 -0.01509807 0.12134607
v 0.16904460 -0.01602788 0.12166197
v 0.16904460 -0.01509807 0.12166197
v 0.16937065 -0.01556064 0.12209817
v 0.16937065 -0.01509807 0.12209817
v 0.16937065 -0.01602320 0.12209817
v 0.11809214 0.00650163 0.16513422
v 0.11850580 0.00644546 0.16529768
v 0.11824337 0.00650163 0.16543127
v 0.11827895 0.00644546 0.16485209
v 0.11794092 0.00650163 0.16483717
v 0.11874748 0.00626732 0.16517463
v 0.11867939 0.00599611 0.16464824
v 0.11890623 0.00599611 0.16509382
v 0.11880506 0.00570164 0.16477129
v 0.11895630 0.00570164 0.16506834
v 0.11829380 0.00626732 0.16428347
v 0.11845256 0.00599611 0.16420266
v 0.11805211 0.00644546 0.16440651
v 0.11778969 0.00650163 0.16454011
v 0.11865385 0.00570164 0.16447423
v 0.11850262 0.00570164 0.16417718
v 0.13261794 0.00650163 0.15773935
v 0.13303158 0.00644546 0.15790280
v 0.13276916 0.00650163 0.15803640
v 0.13280474 0.00644546 0.15745722
v 0.13246671 0.00650163 0.15744229
v 0.13327327 0.00626732 0.15777976
v 0.13320519 0.00599612 0.15725336
v 0.13343202 0.00599612 0.15769895
v 0.13333085 0.00570164 0.15737641
v 0.13348208 0.00570164 0.15767347
v 0.13257791 0.00644546 0.15701163
v 0.13231549 0.00650163 0.15714524
v 0.13281960 0.00626732 0.15688862
v 0.13297835 0.00599612 0.15680778
v 0.13317965 0.00570164 0.15707936
v 0.13302840 0.00570164 0.15678230
v 0.16772109 0.01379465 0.12655563
v 0.16772091 0.01376367 0.12655616
v 0.16738488 0.01379465 0.12644625
v 0.16805731 0.01379465 0.12666501
v 0.16805694 0.01373269 0.12666609
v 0.14154119 -0.00609820 0.15399709
v 0.14174987 -0.00609820 0.15440703
v 0.14173054 -0.00633475 0.15441686
v 0.14156103 -0.00680956 0.15450316
v 0.14125116 -0.00657671 0.15362856
v 0.14166854 -0.00657671 0.15444844
v 0.14099317 -0.00701743 0.15375991
v 0.14114365 -0.00680956 0.15368328
v 0.14131316 -0.00633475 0.15359701
v 0.14133249 -0.00609820 0.15358715
v 0.14122532 -0.00718628 0.15467405
v 0.14060044 -0.00730691 0.15395985
v 0.14080793 -0.00718628 0.15385420
v 0.14038269 -0.00739818 0.15458686
v 0.14080219 -0.00737648 0.15488947
v 0.14059137 -0.00739818 0.15499680
v 0.14101782 -0.00730691 0.15477970
v 0.14038481 -0.00737648 0.15406962
v 0.14017399 -0.00739818 0.15417695
v 0.14775820 -0.01509808 0.12581209
v 0.14775820 -0.01607989 0.12581209
v 0.14686672 -0.01559387 0.12500882
v 0.14686672 -0.01608966 0.12500882
v 0.14686672 -0.01509808 0.12500882
v 0.14864970 -0.01558410 0.12661534
v 0.14864970 -0.01509808 0.12661534
v 0.14864970 -0.01607011 0.12661534
v 0.11498197 0.00458449 0.16747312
v 0.11487757 0.00430166 0.16752629
v 0.11490259 0.00444889 0.16751353
v 0.11510282 0.00467357 0.16741160
v 0.11487757 -0.00009829 0.16752629
v 0.11523401 0.00470165 0.16734481
v 0.11490259 -0.00464546 0.16751353
v 0.11487757 -0.00449823 0.16752629
v 0.11498197 -0.00478107 0.16747312
v 0.11510282 -0.00487014 0.16741160
v 0.11523401 -0.00489822 0.16734481
v 0.11715001 0.00470165 0.16636939
v 0.11715001 -0.00489822 0.16636939
v 0.11728120 0.00467357 0.16630260
v 0.11750645 -0.00009829 0.16618795
v 0.11750645 0.00430166 0.16618795
v 0.11740205 0.00458449 0.16624108
v 0.11748142 0.00444889 0.16620067
v 0.11740205 -0.00478107 0.16624108
v 0.11728120 -0.00487014 0.16630259
v 0.11748143 -0.00464546 0.16620067
v 0.11750645 -0.00449822 0.16618795
v 0.14173051 0.00613850 0.15441667
v 0.14133790 0.00568372 0.15517780
v 0.14174518 0.00601863 0.15440929
v 0.14162037 0.00649876 0.15447285
v 0.14129033 0.00586974 0.15520203
v 0.14166854 0.00638016 0.15444844
v 0.14156089 0.00661309 0.15450307
v 0.14120745 0.00604879 0.15524420
v 0.14174986 0.00590164 0.15440703
v 0.14135289 0.00550165 0.15517017
v 0.14109190 0.00620874 0.15530304
v 0.14141058 0.00682085 0.15457975
v 0.14078979 0.00643142 0.15545684
v 0.14112330 0.00705588 0.15472630
v 0.14101763 0.00710985 0.15478019
v 0.14094935 0.00633842 0.15537561
v 0.14122518 0.00698932 0.15467423
v 0.14069555 0.00719627 0.15494376
v 0.14062402 0.00648480 0.15554122
v 0.14080227 0.00717958 0.15488956
v 0.14059136 0.00720162 0.15499680
v 0.14052656 0.00685163 0.15531033
v 0.14046175 0.00650163 0.15562383
v 0.11889439 -0.00609821 0.16516715
v 0.11883087 -0.00459823 0.16504240
v 0.11883087 -0.00609821 0.16504240
v 0.11883087 -0.00159827 0.16504240
v 0.11883087 -0.00309825 0.16504240
v 0.11883087 -0.00009828 0.16504240
v 0.11889439 0.00590164 0.16516715
v 0.11883087 0.00140169 0.16504240
v 0.11883087 0.00290167 0.16504240
v 0.11883087 0.00590164 0.16504240
v 0.11883087 0.00440166 0.16504240
v 0.11895791 -0.00609821 0.16529194
v 0.11902142 -0.00476489 0.16541670
v 0.11902142 -0.00609821 0.16541670
v 0.11902142 -0.00343157 0.16541670
v 0.11902142 -0.00209826 0.16541670
v 0.11902142 -0.00076494 0.16541670
v 0.11895791 0.00590164 0.16529194
v 0.11902142 0.00190169 0.16541670
v 0.11902142 0.00056837 0.16541670
v 0.11902142 0.00323501 0.16541670
v 0.11902142 0.00456832 0.16541670
v 0.11902142 0.00590164 0.16541670
v 0.11996118 -0.00609821 0.16549935
v 0.11956421 -0.00429823 0.16626248
v 0.11956421 -0.00569821 0.16626248
v 0.11956421 -0.00289825 0.16626248
v 0.11996118 -0.00009828 0.16549935
v 0.11956421 -0.00009828 0.16626248
v 0.11956421 -0.00149826 0.16626248
v 0.11956421 0.00130170 0.16626248
v 0.11956421 0.00270168 0.16626248
v 0.11996118 0.00590164 0.16549935
v 0.11956421 0.00550164 0.16626248
v 0.11956421 0.00410166 0.16626248
v 0.11123972 -0.00334824 0.16787461
v 0.11123972 -0.00659820 0.16787461
v 0.11139095 -0.00659820 0.16817167
v 0.11123972 -0.00009829 0.16787461
v 0.11146656 0.00640163 0.16832020
v 0.11123972 0.00315167 0.16787461
v 0.11123972 0.00640163 0.16787461
v 0.11154216 -0.00659820 0.16846872
v 0.11169340 -0.00226492 0.16876578
v 0.11169340 -0.00659820 0.16876578
v 0.11169340 0.00640163 0.16876578
v 0.11169340 0.00206835 0.16876578
v 0.11789648 -0.00104113 0.16711149
v 0.11873034 -0.00104113 0.16668700
v 0.11873034 0.00084456 0.16668700
v 0.11873034 -0.00292682 0.16668700
v 0.11789648 -0.00292682 0.16711149
v 0.11873034 -0.00481251 0.16668700
v 0.11789648 -0.00481251 0.16711149
v 0.11706261 -0.00104113 0.16753601
v 0.11706261 -0.00292682 0.16753601
v 0.11706261 -0.00481251 0.16753601
v 0.11706261 0.00273025 0.16753601
v 0.11622874 0.00461594 0.16796053
v 0.11622874 0.00273025 0.16796053
v 0.11622874 -0.00292682 0.16796052
v 0.11622874 -0.00481251 0.16796052
v 0.11539489 0.00461594 0.16838501
v 0.11539489 0.00273025 0.16838501
v 0.11622874 0.00084456 0.16796052
v 0.11539489 0.00084456 0.16838501
v 0.11456102 0.00461594 0.16880953
v 0.11456102 0.00273025 0.16880953
v 0.11456102 0.00084456 0.16880953
v 0.11456102 -0.00104113 0.16880953
v 0.11956421 0.00550164 0.16626248
v 0.11954921 0.00568372 0.16627011
v 0.11950163 0.00586973 0.16629434
v 0.11956421 0.00410166 0.16626248
v 0.11895723 0.00343647 0.16657149
v 0.11901422 0.00338451 0.16654247
v 0.11941876 0.00604879 0.16633652
v 0.11930319 0.00620874 0.16639535
v 0.11916066 0.00633842 0.16646792
v 0.11873034 0.00461594 0.16668700
v 0.11906053 0.00332055 0.16651889
v 0.11956421 0.00270168 0.16626248
v 0.11911269 0.00317446 0.16649234
v 0.11911269 0.00302889 0.16649234
v 0.11911864 0.00310167 0.16648932
v 0.11909361 0.00324891 0.16650207
v 0.11956421 0.00130170 0.16626248
v 0.11901422 0.00281884 0.16654247
v 0.11895723 0.00276688 0.16657149
v 0.11906053 0.00288279 0.16651889
v 0.11909361 0.00295444 0.16650207
v 0.11900108 0.00643142 0.16654915
v 0.11867305 0.00650163 0.16671614
v 0.11883532 0.00648480 0.16663353
v 0.11876217 0.00350167 0.16667080
v 0.11882703 0.00349499 0.16663778
v 0.11848882 0.00350167 0.16680992
v 0.11889339 0.00347359 0.16660399
v 0.11821549 0.00350167 0.16694908
v 0.11809860 0.00348415 0.16700861
v 0.11765936 0.00650163 0.16723222
v 0.11706261 0.00461594 0.16753601
v 0.11804092 0.00346169 0.16703797
v 0.11798602 0.00343025 0.16706593
v 0.11664567 0.00650163 0.16774825
v 0.11793550 0.00339062 0.16709162
v 0.11789074 0.00334401 0.16711442
v 0.11782208 0.00323641 0.16714936
v 0.11726584 0.00206253 0.16743256
v 0.11670960 0.00088865 0.16771572
v 0.11889339 0.00272976 0.16660399
v 0.11956421 -0.00149826 0.16626248
v 0.11956421 -0.00009828 0.16626248
v 0.11882703 0.00270836 0.16663778
v 0.11876217 0.00270168 0.16667080
v 0.11956421 -0.00289825 0.16626248
v 0.11956421 -0.00429823 0.16626248
v 0.11864387 0.00270168 0.16673101
v 0.11941876 -0.00624535 0.16633652
v 0.11950163 -0.00606630 0.16629434
v 0.11956421 -0.00569821 0.16626248
v 0.11954921 -0.00588029 0.16627011
v 0.11930319 -0.00640531 0.16639535
v 0.11916066 -0.00653498 0.16646792
v 0.11900109 -0.00662799 0.16654915
v 0.11883532 -0.00668137 0.16663353
v 0.11853283 0.00268591 0.16678753
v 0.11842162 0.00263505 0.16684417
v 0.11825045 0.00243642 0.16693128
v 0.11832346 0.00254915 0.16689411
v 0.11658175 -0.00108522 0.16778081
v 0.11713797 0.00008866 0.16749765
v 0.11769421 0.00126254 0.16721446
v 0.11867306 -0.00669820 0.16671614
v 0.11765936 -0.00669820 0.16723222
v 0.11664567 -0.00669820 0.16774825
v 0.11563199 0.00650163 0.16826432
v 0.11615338 -0.00028523 0.16799888
v 0.11461831 0.00650163 0.16878035
v 0.11559716 -0.00145911 0.16828205
v 0.11445605 0.00648480 0.16886297
v 0.11602553 -0.00225910 0.16806397
v 0.11487698 -0.00282683 0.16864868
v 0.11497226 -0.00274059 0.16860019
v 0.11504092 -0.00263299 0.16856522
v 0.11476440 -0.00288073 0.16870598
v 0.11464749 -0.00289825 0.16876549
v 0.11429028 0.00643142 0.16894735
v 0.11413071 0.00633842 0.16902858
v 0.11398816 0.00620874 0.16910115
v 0.11372715 0.00550164 0.16923405
v 0.11387259 0.00604878 0.16915998
v 0.11378972 0.00586973 0.16920219
v 0.11372715 0.00410166 0.16923405
v 0.11374216 0.00568372 0.16922639
v 0.11372715 0.00270168 0.16923405
v 0.11372715 -0.00009829 0.16923405
v 0.11452919 -0.00289825 0.16882573
v 0.11446433 -0.00290492 0.16885875
v 0.11439798 -0.00292633 0.16889254
v 0.11372715 0.00130170 0.16923405
v 0.11372715 -0.00149827 0.16923405
v 0.11433414 -0.00296345 0.16892504
v 0.11372715 -0.00289825 0.16923405
v 0.11427713 -0.00301540 0.16895406
v 0.11546929 -0.00343298 0.16834714
v 0.11543650 -0.00349190 0.16836383
v 0.11539626 -0.00354571 0.16838431
v 0.11518688 -0.00368247 0.16849091
v 0.11456102 -0.00481251 0.16880953
v 0.11524326 -0.00366161 0.16846222
v 0.11534966 -0.00359271 0.16840805
v 0.11529810 -0.00363161 0.16843430
v 0.11563199 -0.00669820 0.16826432
v 0.11507586 -0.00369824 0.16854742
v 0.11480252 -0.00369824 0.16868658
v 0.11452919 -0.00369824 0.16882573
v 0.11446433 -0.00369156 0.16885875
v 0.11445606 -0.00668137 0.16886297
v 0.11461832 -0.00669820 0.16878035
v 0.11439798 -0.00367015 0.16889254
v 0.11429029 -0.00662799 0.16894735
v 0.11433414 -0.00363304 0.16892504
v 0.11423084 -0.00307936 0.16897762
v 0.11417868 -0.00322546 0.16900417
v 0.11419776 -0.00315101 0.16899447
v 0.11417868 -0.00337103 0.16900417
v 0.11417273 -0.00329824 0.16900719
v 0.11372715 -0.00429823 0.16923405
v 0.11419776 -0.00344548 0.16899447
v 0.11423084 -0.00351712 0.16897762
v 0.11398816 -0.00640531 0.16910115
v 0.11372715 -0.00569821 0.16923405
v 0.11413071 -0.00653498 0.16902858
v 0.11427713 -0.00358108 0.16895406
v 0.11387260 -0.00624535 0.16915998
v 0.11378973 -0.00606630 0.16920219
v 0.11374216 -0.00588029 0.16922639
v 0.12386201 0.00430166 0.16070821
v 0.12338331 0.00444889 0.15982980
v 0.12340833 0.00430166 0.15981704
v 0.12406382 0.00444889 0.16116651
v 0.12431568 0.00430166 0.16159934
v 0.12330394 0.00458450 0.15987020
v 0.12386361 0.00467357 0.16126844
v 0.12318308 0.00467357 0.15993172
v 0.12350555 0.00470166 0.16088966
v 0.12305188 0.00470166 0.15999852
v 0.12474432 0.00444889 0.16250323
v 0.12476935 0.00430166 0.16249051
v 0.12466495 0.00458450 0.16254364
v 0.12395922 0.00470166 0.16178082
v 0.12454410 0.00467357 0.16260516
v 0.12441290 0.00470166 0.16267196
v 0.14322158 -0.01434809 0.13195615
v 0.14322158 -0.01359810 0.13195615
v 0.14233043 -0.01359810 0.13240983
v 0.14322158 -0.01509808 0.13195615
v 0.14233043 -0.01509808 0.13240983
v 0.14143927 -0.01359810 0.13286351
v 0.14054812 -0.01434809 0.13331717
v 0.14054812 -0.01359810 0.13331717
v 0.14054812 -0.01509808 0.13331717
v 0.14143927 -0.01509808 0.13286351
v 0.13582371 0.00720162 0.15742394
v 0.13571940 0.00719641 0.15747692
v 0.13611244 0.00685513 0.15755468
v 0.13561255 0.00717998 0.15753124
v 0.13518963 0.00698962 0.15774660
v 0.13555098 0.00666719 0.15784050
v 0.13529154 0.00705634 0.15769478
v 0.13539727 0.00711035 0.15764104
v 0.13573472 0.00677428 0.15774697
v 0.13500454 0.00682089 0.15784099
v 0.13640700 0.00650163 0.15768804
v 0.13624474 0.00648480 0.15777065
v 0.13591942 0.00633842 0.15793627
v 0.13577687 0.00620874 0.15800884
v 0.13607897 0.00643142 0.15785506
v 0.13538682 0.00651786 0.15792409
v 0.13485445 0.00661281 0.15791749
v 0.13525377 0.00633368 0.15799183
v 0.13479520 0.00649839 0.15794785
v 0.13510355 0.00591330 0.15806828
v 0.13468490 0.00613823 0.15800382
v 0.13466997 0.00601853 0.15801130
v 0.13474715 0.00637978 0.15797242
v 0.13515831 0.00612750 0.15804042
v 0.13466521 0.00590164 0.15801371
v 0.13566130 0.00604879 0.15806767
v 0.13557841 0.00586974 0.15810988
v 0.13551585 0.00550165 0.15814174
v 0.13553085 0.00568372 0.15813408
v 0.15629720 -0.01509807 0.13119063
v 0.15718835 -0.01359809 0.13073695
v 0.15718835 -0.01509807 0.13073695
v 0.15807951 -0.01359809 0.13028327
v 0.14938694 0.00245917 0.14901546
v 0.14901168 0.00116923 0.14920650
v 0.14754468 0.00169959 0.14995333
v 0.14889498 -0.00009828 0.14926591
v 0.14898724 -0.00122643 0.14921895
v 0.14612218 -0.00130247 0.15067753
v 0.14928292 -0.00238043 0.14906844
v 0.14469968 -0.00430453 0.15140169
v 0.14896719 0.00470166 0.14922917
v 0.15525026 0.00870161 0.14603053
v 0.15179641 0.00702980 0.14778884
v 0.15179641 0.00870161 0.14778884
v 0.15310147 0.00592247 0.14712446
v 0.15179641 0.00535799 0.14778884
v 0.15003364 0.00367146 0.14868625
v 0.14994507 0.00470166 0.14873132
v 0.15092301 0.00470166 0.14823347
v 0.14445688 -0.00889816 0.15152528
v 0.14286517 -0.00795224 0.15233562
v 0.14327717 -0.00730660 0.15212585
v 0.14259664 -0.00823185 0.15247231
v 0.14091664 -0.00889816 0.15332757
v 0.14161811 -0.00879306 0.15297046
v 0.14196418 -0.00865829 0.15279429
v 0.14229357 -0.00846967 0.15262660
v 0.15051326 -0.00448228 0.14844209
v 0.14979561 -0.00349093 0.14880743
v 0.14799710 -0.00889816 0.14972302
v 0.15139672 -0.00528758 0.14799233
v 0.15153732 -0.00889816 0.14792074
v 0.15238636 -0.00586289 0.14748850
v 0.15596913 0.00585300 0.14566457
v 0.15453939 0.00610020 0.14639243
v 0.15870412 0.00870161 0.14427222
v 0.15725129 0.00522584 0.14501185
v 0.16215797 0.00576831 0.14251392
v 0.15835200 0.00425751 0.14445148
v 0.15922481 0.00296297 0.14400715
v 0.16215797 0.00870161 0.14251392
v 0.16215797 0.00283502 0.14251392
v 0.16215797 -0.00009828 0.14251392
v 0.15994529 -0.00009828 0.14364037
v 0.15976825 0.00145858 0.14373049
v 0.15985303 -0.00122643 0.14368732
v 0.15861775 -0.00889816 0.14431619
v 0.15507754 -0.00889816 0.14611848
v 0.15645392 -0.00586289 0.14541778
v 0.15341477 -0.00619469 0.14696495
v 0.15442013 -0.00629820 0.14645312
v 0.15542550 -0.00619469 0.14594133
v 0.15744355 -0.00528758 0.14491395
v 0.16215797 -0.00303157 0.14251392
v 0.15904466 -0.00349093 0.14409887
v 0.15955736 -0.00238043 0.14383785
v 0.16215797 -0.00596486 0.14251392
v 0.15832700 -0.00448228 0.14446420
v 0.16215797 -0.00889816 0.14251392
v 0.11974137 0.00613819 0.16457888
v 0.12043495 0.00590164 0.16422580
v 0.11972204 0.00590164 0.16458874
v 0.11980337 0.00638015 0.16454733
v 0.12006134 0.00682086 0.16441599
v 0.11991088 0.00661300 0.16449261
v 0.12046623 0.00608568 0.16420987
v 0.12043495 0.00440166 0.16422580
v 0.11972204 0.00290168 0.16458874
v 0.11972204 0.00440166 0.16458874
v 0.12043495 0.00290168 0.16422580
v 0.11972204 0.00140170 0.16458874
v 0.12043495 0.00140170 0.16422580
v 0.12024658 0.00698972 0.16432169
v 0.12066972 0.00717992 0.16410627
v 0.12071650 0.00636653 0.16408247
v 0.12045409 0.00711034 0.16421604
v 0.12088053 0.00720162 0.16399897
v 0.12088053 0.00640163 0.16399897
v 0.12326436 0.00720162 0.16278538
v 0.12207245 0.00640163 0.16339218
v 0.12207245 0.00720162 0.16339218
v 0.12445628 0.00720162 0.16217859
v 0.12326436 0.00640163 0.16278538
v 0.12056546 0.00625518 0.16415937
v 0.11972204 -0.00009828 0.16458874
v 0.12043495 -0.00009828 0.16422580
v 0.11972204 -0.00159827 0.16458874
v 0.12043495 -0.00159826 0.16422580
v 0.11972204 -0.00309825 0.16458874
v 0.12043495 -0.00309825 0.16422580
v 0.11972204 -0.00459822 0.16458874
v 0.12043495 -0.00459822 0.16422580
v 0.11972204 -0.00609821 0.16458874
v 0.11980337 -0.00657672 0.16454733
v 0.11974137 -0.00633475 0.16457888
v 0.12043495 -0.00609820 0.16422580
v 0.11991088 -0.00680957 0.16449261
v 0.12006135 -0.00701743 0.16441599
v 0.12046623 -0.00628225 0.16420987
v 0.12024659 -0.00718628 0.16432169
v 0.12045409 -0.00730691 0.16421604
v 0.12056546 -0.00645175 0.16415937
v 0.12071651 -0.00656309 0.16408247
v 0.12066972 -0.00737648 0.16410627
v 0.12088054 -0.00659820 0.16399897
v 0.12088054 -0.00739819 0.16399897
v 0.12207245 -0.00659820 0.16339218
v 0.12207245 -0.00739819 0.16339218
v 0.12326436 -0.00659820 0.16278538
v 0.12445628 0.00640163 0.16217859
v 0.12564819 0.00720162 0.16157179
v 0.12564819 0.00640163 0.16157179
v 0.12585900 0.00717992 0.16146450
v 0.12581221 0.00636653 0.16148830
v 0.12607464 0.00711035 0.16135473
v 0.12596326 0.00625519 0.16141140
v 0.12628214 0.00698972 0.16124908
v 0.12606249 0.00608568 0.16136089
v 0.12680668 0.00590164 0.16098203
v 0.12609377 0.00440166 0.16134496
v 0.12609377 0.00590164 0.16134496
v 0.12680669 0.00290168 0.16098203
v 0.12609377 0.00290168 0.16134496
v 0.12646738 0.00682086 0.16115478
v 0.12661785 0.00661300 0.16107816
v 0.12672536 0.00638015 0.16102344
v 0.12678735 0.00613819 0.16099188
v 0.12609377 0.00140170 0.16134496
v 0.12680669 -0.00009828 0.16098203
v 0.12609377 -0.00009828 0.16134496
v 0.12680669 0.00140170 0.16098203
v 0.12680669 -0.00159826 0.16098203
v 0.12609377 -0.00159826 0.16134496
v 0.12445628 -0.00659820 0.16217859
v 0.12326436 -0.00739819 0.16278538
v 0.12606249 -0.00628225 0.16136089
v 0.12628214 -0.00718628 0.16124908
v 0.12596326 -0.00645175 0.16141140
v 0.12607464 -0.00730691 0.16135473
v 0.12581222 -0.00656309 0.16148830
v 0.12564819 -0.00659820 0.16157179
v 0.12445628 -0.00739819 0.16217859
v 0.12564819 -0.00739819 0.16157179
v 0.12585901 -0.00737648 0.16146450
v 0.12680669 -0.00309824 0.16098203
v 0.12609377 -0.00459822 0.16134496
v 0.12609377 -0.00309824 0.16134496
v 0.12680669 -0.00459822 0.16098203
v 0.12609377 -0.00609820 0.16134496
v 0.12680669 -0.00609820 0.16098203
v 0.12646738 -0.00701743 0.16115478
v 0.12661785 -0.00680957 0.16107815
v 0.12672536 -0.00657672 0.16102344
v 0.12678736 -0.00633475 0.16099188
v 0.11889439 0.00590164 0.16516715
v 0.11882344 0.00599262 0.16504618
v 0.11883087 0.00590164 0.16504240
v 0.11875824 0.00617524 0.16507939
v 0.11899014 0.00608568 0.16543263
v 0.11894879 0.00617524 0.16545368
v 0.11879959 0.00608568 0.16505833
v 0.11889091 0.00625518 0.16548313
v 0.11870038 0.00625518 0.16510884
v 0.11862912 0.00632013 0.16514512
v 0.11873987 0.00636653 0.16556004
v 0.11854932 0.00636653 0.16518574
v 0.11851233 0.00640163 0.16551877
v 0.11844882 0.00640163 0.16539402
v 0.11838529 0.00640163 0.16526923
v 0.11846637 0.00639328 0.16522797
v 0.11881967 0.00632013 0.16551942
v 0.11895791 0.00590164 0.16529194
v 0.11901397 0.00599262 0.16542048
v 0.11902142 0.00590164 0.16541670
v 0.11865692 0.00639328 0.16560226
v 0.11857583 0.00640163 0.16564352
v 0.12782487 -0.00609820 0.16077787
v 0.12788840 -0.00476489 0.16090263
v 0.12788840 -0.00609820 0.16090263
v 0.12788840 -0.00209826 0.16090263
v 0.12788840 -0.00343157 0.16090263
v 0.12788840 -0.00076494 0.16090263
v 0.12779312 0.00590164 0.16071550
v 0.12788840 0.00056838 0.16090263
v 0.12788840 0.00190169 0.16090263
v 0.12788840 0.00323501 0.16090263
v 0.12788840 0.00456832 0.16090263
v 0.12788840 0.00590164 0.16090263
v 0.12769786 -0.00009828 0.16052837
v 0.12769786 -0.00459822 0.16052836
v 0.12776136 -0.00609820 0.16065312
v 0.12769786 -0.00609820 0.16052836
v 0.12769786 -0.00309824 0.16052837
v 0.12769786 -0.00159826 0.16052837
v 0.12769786 0.00140170 0.16052837
v 0.12769786 0.00290168 0.16052837
v 0.12769786 0.00440166 0.16052837
v 0.12769786 0.00590164 0.16052837
v 0.12100468 0.00467357 0.16104070
v 0.12113589 0.00470165 0.16097390
v 0.12181642 0.00470165 0.16231065
v 0.12088385 0.00458450 0.16110222
v 0.12236572 0.00467357 0.16371417
v 0.12224487 0.00458450 0.16377569
v 0.12216549 0.00444889 0.16381609
v 0.12080446 0.00444889 0.16114263
v 0.12145994 0.00430166 0.16249210
v 0.12077944 0.00430166 0.16115538
v 0.12214045 0.00430166 0.16382885
v 0.12249691 0.00470165 0.16364737
v 0.16329014 -0.00889816 0.14226620
v 0.16420477 -0.00976557 0.14174048
v 0.16418133 -0.00889816 0.14181249
v 0.16338813 -0.01065039 0.14196500
v 0.16440798 -0.01150535 0.14111574
v 0.16427932 -0.01065038 0.14151128
v 0.16369690 -0.01227945 0.14101580
v 0.16458810 -0.01227944 0.14056209
v 0.16417201 -0.01341579 0.13955526
v 0.16506321 -0.01341578 0.13910156
v 0.16481095 -0.01292689 0.13987703
v 0.16470348 -0.01388404 0.13792158
v 0.16559467 -0.01388404 0.13746788
v 0.16532938 -0.01373299 0.13828332
v 0.12818815 -0.00449822 0.15906687
v 0.12750764 -0.00339824 0.15773015
v 0.12750764 -0.00449822 0.15773015
v 0.12750764 -0.00119827 0.15773015
v 0.12750764 -0.00229826 0.15773015
v 0.12818815 0.00430166 0.15906687
v 0.12750764 0.00100170 0.15773015
v 0.12750764 -0.00009828 0.15773015
v 0.12750764 0.00320168 0.15773015
v 0.12750764 0.00210169 0.15773015
v 0.12750764 0.00430166 0.15773015
v 0.12886866 -0.00324110 0.16040359
v 0.12886866 -0.00449822 0.16040359
v 0.12886866 -0.00198397 0.16040359
v 0.12886866 -0.00072685 0.16040359
v 0.12886866 0.00053028 0.16040359
v 0.12886866 0.00178741 0.16040359
v 0.12886866 0.00304453 0.16040359
v 0.12886866 0.00430166 0.16040359
v 0.15926476 -0.00009828 0.14230363
v 0.15858427 -0.00009828 0.14096690
v 0.15849202 0.00102988 0.14101386
v 0.15922481 0.00296297 0.14400715
v 0.15819633 0.00218388 0.14116439
v 0.15768365 0.00329438 0.14142540
v 0.15976825 0.00145858 0.14373049
v 0.15608252 0.00509103 0.14224050
v 0.15835200 0.00425751 0.14445148
v 0.15696598 0.00428573 0.14179074
v 0.15596913 0.00585300 0.14566457
v 0.15509288 0.00566634 0.14274432
v 0.15406448 0.00599813 0.14326786
v 0.15725129 0.00522584 0.14501185
v 0.15994529 -0.00009828 0.14364037
v 0.15453939 0.00610020 0.14639243
v 0.15305911 0.00610164 0.14377968
v 0.15205374 0.00599813 0.14429151
v 0.15102534 0.00566634 0.14481506
v 0.15310147 0.00592247 0.14712446
v 0.14915223 0.00428573 0.14576862
v 0.15069615 0.00470166 0.14778792
v 0.15003571 0.00509102 0.14531886
v 0.15156956 0.00535799 0.14734326
v 0.14843459 0.00329438 0.14613396
v 0.14938694 0.00245917 0.14901546
v 0.15003364 0.00367146 0.14868625
v 0.14821447 -0.00009828 0.14792920
v 0.14762621 0.00102988 0.14654548
v 0.14753396 -0.00009828 0.14659244
v 0.14792190 0.00218388 0.14639497
v 0.14901168 0.00116923 0.14920650
v 0.15179641 0.00535799 0.14778884
v 0.15092301 0.00470166 0.14823347
v 0.14889498 -0.00009828 0.14926591
v 0.11736065 0.00430166 0.16457902
v 0.11668013 0.00430166 0.16324227
v 0.11666526 0.00448362 0.16324984
v 0.11661757 0.00466975 0.16327413
v 0.11789588 0.00484886 0.16598967
v 0.11797858 0.00466975 0.16594759
v 0.11641911 0.00500876 0.16337514
v 0.11653486 0.00484886 0.16331621
v 0.11802628 0.00448362 0.16592331
v 0.11804114 0.00430166 0.16591574
v 0.11627663 0.00513864 0.16344771
v 0.11747804 0.00523143 0.16620241
v 0.11763764 0.00513864 0.16612114
v 0.11646948 0.00530164 0.16503268
v 0.11595113 0.00528495 0.16361339
v 0.11578898 0.00530164 0.16369596
v 0.11611701 0.00523143 0.16352895
v 0.11731214 0.00528495 0.16628685
v 0.11778013 0.00500876 0.16604860
v 0.11715001 0.00530164 0.16636939
v 0.13502426 -0.00609820 0.15695568
v 0.13496819 -0.00618918 0.15682714
v 0.13496076 -0.00609820 0.15683093
v 0.13508731 -0.00628225 0.15700213
v 0.13499204 -0.00628225 0.15681500
v 0.13503339 -0.00637180 0.15679394
v 0.13508779 -0.00609820 0.15708044
v 0.13509125 -0.00645175 0.15676449
v 0.13533758 -0.00656309 0.15687472
v 0.13516251 -0.00651669 0.15672821
v 0.13524231 -0.00656309 0.15668759
v 0.13532525 -0.00658984 0.15664536
v 0.13540633 -0.00659820 0.15660410
v 0.13546984 -0.00659820 0.15672885
v 0.13515873 -0.00618918 0.15720141
v 0.13515130 -0.00609820 0.15720519
v 0.13518258 -0.00628225 0.15718929
v 0.13522393 -0.00637180 0.15716824
v 0.13528179 -0.00645175 0.15713876
v 0.13535305 -0.00651669 0.15710250
v 0.13551580 -0.00658984 0.15701965
v 0.13553335 -0.00659820 0.15685361
v 0.13543285 -0.00656309 0.15706185
v 0.13559687 -0.00659820 0.15697836
v 0.14322158 0.01415153 0.13195615
v 0.14322158 0.01490152 0.13195615
v 0.14188485 0.01490152 0.13263667
v 0.14188485 0.01340154 0.13263667
v 0.14322158 0.01340154 0.13195615
v 0.14054811 0.01415153 0.13331717
v 0.14054811 0.01340154 0.13331717
v 0.14054811 0.01490152 0.13331717
v 0.12907930 0.00530165 0.15861321
v 0.13071781 0.00530165 0.15946224
v 0.13122212 0.00530165 0.15808339
v 0.13167580 0.00530165 0.15897452
v 0.13076845 0.00530165 0.15719222
v 0.12935679 0.00530165 0.15678877
v 0.12975981 0.00530165 0.15994993
v 0.12839879 0.00530165 0.15727646
v 0.13031477 0.00530165 0.15630109
v 0.11371084 0.00528495 0.16475388
v 0.11455352 0.00530164 0.16600809
v 0.11387299 0.00530164 0.16467134
v 0.11507187 0.00528495 0.16742735
v 0.11354496 0.00523143 0.16483836
v 0.11474637 0.00513864 0.16759306
v 0.11490598 0.00523143 0.16751179
v 0.11523401 0.00530164 0.16734481
v 0.11460389 0.00500876 0.16766560
v 0.11338536 0.00513864 0.16491959
v 0.11324286 0.00500875 0.16499213
v 0.11448814 0.00484886 0.16772453
v 0.11304442 0.00466975 0.16509317
v 0.11435774 0.00448362 0.16779089
v 0.11440543 0.00466975 0.16776663
v 0.11366235 0.00430166 0.16646175
v 0.11299672 0.00448362 0.16511743
v 0.11298184 0.00430166 0.16512503
v 0.11312710 0.00484886 0.16505106
v 0.11434287 0.00430166 0.16779846
v 0.12616913 -0.00619268 0.16139638
v 0.12621920 -0.00589821 0.16137090
v 0.12599235 -0.00589821 0.16092532
v 0.12555671 -0.00646388 0.16058606
v 0.12601037 -0.00646388 0.16147719
v 0.12576869 -0.00664202 0.16160024
v 0.12531501 -0.00664202 0.16070907
v 0.12527942 -0.00669819 0.16128826
v 0.12550627 -0.00669819 0.16173384
v 0.12571545 -0.00619268 0.16050522
v 0.12505259 -0.00669819 0.16084267
v 0.12576550 -0.00589821 0.16047974
v 0.12708496 -0.00609820 0.16152859
v 0.12722409 -0.00609820 0.16180190
v 0.12720474 -0.00633475 0.16181173
v 0.12699604 -0.00633475 0.16140182
v 0.12682655 -0.00680957 0.16148809
v 0.12714274 -0.00657672 0.16184332
v 0.12703524 -0.00680957 0.16189803
v 0.12688476 -0.00701743 0.16197463
v 0.12694581 -0.00609820 0.16125531
v 0.12680669 -0.00609820 0.16098203
v 0.12678736 -0.00633475 0.16099188
v 0.12661785 -0.00680957 0.16107815
v 0.12672536 -0.00657672 0.16102344
v 0.12646738 -0.00701743 0.16115478
v 0.12667607 -0.00701743 0.16156469
v 0.12649083 -0.00718628 0.16165902
v 0.12669952 -0.00718628 0.16206893
v 0.12649201 -0.00730691 0.16217458
v 0.12628214 -0.00718628 0.16124908
v 0.12606769 -0.00737648 0.16187443
v 0.12628333 -0.00730691 0.16176464
v 0.12627638 -0.00737648 0.16228434
v 0.12606557 -0.00739819 0.16239167
v 0.12592644 -0.00739819 0.16211839
v 0.12607464 -0.00730691 0.16135473
v 0.12585901 -0.00737648 0.16146450
v 0.12578731 -0.00739819 0.16184511
v 0.12564819 -0.00739819 0.16157179
v 0.12576550 -0.00203159 0.16047974
v 0.12576550 -0.00589821 0.16047974
v 0.12599235 -0.00589821 0.16092532
v 0.12576550 0.00183503 0.16047974
v 0.12599235 0.00570164 0.16092532
v 0.12576550 0.00570164 0.16047974
v 0.12621920 -0.00203159 0.16137090
v 0.12621920 0.00570164 0.16137090
v 0.12621920 0.00183503 0.16137090
v 0.12621920 -0.00589821 0.16137090
v 0.11890623 -0.00619268 0.16509382
v 0.11895630 -0.00589821 0.16506834
v 0.11872945 -0.00589821 0.16462276
v 0.11874748 -0.00646388 0.16517463
v 0.11845256 -0.00619268 0.16420266
v 0.11829381 -0.00646388 0.16428347
v 0.11805211 -0.00664203 0.16440651
v 0.11850580 -0.00664203 0.16529768
v 0.11801652 -0.00669820 0.16498569
v 0.11824337 -0.00669820 0.16543127
v 0.11778969 -0.00669820 0.16454011
v 0.11850262 -0.00589821 0.16417718
v 0.07353297 0.01585392 0.16738029
v 0.07072583 0.01490151 0.16917240
v 0.05949726 0.01537065 0.17634077
v 0.06511155 0.01490151 0.17275657
v 0.05949726 0.01490151 0.17634077
v 0.05949726 0.01583980 0.17634077
v 0.08756866 0.01538477 0.15841983
v 0.08756866 0.01586803 0.15841983
v 0.07634010 0.01490151 0.16558820
v 0.08195438 0.01490151 0.16200403
v 0.08756866 0.01490151 0.15841983
v 0.12722408 -0.00009828 0.16180190
v 0.12722409 -0.00609820 0.16180190
v 0.12708496 -0.00609820 0.16152859
v 0.12701539 0.00590164 0.16139197
v 0.12694581 -0.00609820 0.16125531
v 0.12722408 0.00590164 0.16180190
v 0.12680669 -0.00609820 0.16098203
v 0.12680669 -0.00459822 0.16098203
v 0.12680669 0.00140170 0.16098203
v 0.12680669 -0.00309824 0.16098203
v 0.12680669 -0.00159826 0.16098203
v 0.12680669 -0.00009828 0.16098203
v 0.12680669 0.00290168 0.16098203
v 0.12680668 0.00440166 0.16098203
v 0.12680668 0.00590164 0.16098203
v 0.11996118 -0.00009828 0.16549935
v 0.11996118 -0.00609821 0.16549935
v 0.11975249 -0.00609821 0.16508940
v 0.11954380 -0.00009828 0.16467947
v 0.11982205 0.00590164 0.16522603
v 0.11996118 0.00590164 0.16549935
v 0.11968293 0.00590164 0.16495275
v 0.11954380 -0.00459823 0.16467947
v 0.11954380 -0.00609821 0.16467946
v 0.11954380 -0.00309825 0.16467947
v 0.11954380 -0.00159827 0.16467947
v 0.11954380 0.00140170 0.16467947
v 0.11954380 0.00290168 0.16467947
v 0.11954380 0.00440166 0.16467947
v 0.11954380 0.00590164 0.16467947
v 0.11478035 -0.00489822 0.16645363
v 0.11669631 -0.00489822 0.16547826
v 0.11624265 -0.00489822 0.16458710
v 0.11523401 -0.00489822 0.16734481
v 0.11715001 -0.00489822 0.16636939
v 0.11483099 -0.00489822 0.16418365
v 0.11578898 -0.00489822 0.16369596
v 0.11432667 -0.00489822 0.16556250
v 0.11387299 -0.00489822 0.16467134
v 0.07899751 -0.01509809 0.17331742
v 0.07787574 -0.01359811 0.17111389
v 0.07787574 -0.01509809 0.17111389
v 0.07921995 -0.01480349 0.17375434
v 0.08121699 -0.01457280 0.17767715
v 0.07952855 -0.01333649 0.17436053
v 0.08118138 -0.01307488 0.17760717
v 0.08151483 -0.01297038 0.17826219
v 0.08213516 -0.01408486 0.17948072
v 0.08185196 -0.01272087 0.17892439
v 0.08217336 -0.01231968 0.17955573
v 0.08245845 -0.01177717 0.18011576
v 0.08295945 -0.01279248 0.18109988
v 0.07899751 0.01490151 0.17331742
v 0.07787573 0.01415152 0.17111389
v 0.07787573 0.01340153 0.17111389
v 0.07952854 0.01313992 0.17436053
v 0.07787573 0.01490151 0.17111389
v 0.07921994 0.01460691 0.17375434
v 0.08121699 0.01437622 0.17767715
v 0.08212805 0.01389526 0.17946677
v 0.08185195 0.01252430 0.17892439
v 0.08217335 0.01212310 0.17955573
v 0.08151483 0.01277379 0.17826219
v 0.08118138 0.01287829 0.17760717
v 0.08245844 0.01158059 0.18011576
v 0.08285426 -0.01039276 0.18089325
v 0.08268932 -0.01112123 0.18056924
v 0.08349260 -0.01091286 0.18214711
v 0.08294965 -0.00963764 0.18108062
v 0.08297954 -0.00889817 0.18113934
v 0.08343322 -0.00888249 0.18203050
v 0.08343322 -0.00689820 0.18203050
v 0.08366005 -0.00889817 0.18247608
v 0.08366005 -0.00888249 0.18247608
v 0.08366005 -0.00037541 0.18247608
v 0.08343322 -0.00491391 0.18203050
v 0.08366005 -0.00491391 0.18247608
v 0.08297954 -0.00449823 0.18113934
v 0.08294965 0.00944106 0.18108062
v 0.08348982 0.01073220 0.18214171
v 0.08285425 0.01019619 0.18089325
v 0.08295208 0.01261310 0.18108539
v 0.08268932 0.01092465 0.18056924
v 0.08366005 0.00416309 0.18247608
v 0.08297954 -0.00009829 0.18113934
v 0.08297954 0.00430165 0.18113934
v 0.08366005 0.00870160 0.18247608
v 0.08297954 0.00870160 0.18113934
v 0.13898208 -0.00659820 0.15478371
v 0.14023752 -0.00659819 0.15430170
v 0.14017399 -0.00659819 0.15417695
v 0.14030103 -0.00659819 0.15442646
v 0.13917262 -0.00659819 0.15515801
v 0.14036454 -0.00659819 0.15455121
v 0.13798072 -0.00659820 0.15576480
v 0.13779016 -0.00659820 0.15539051
v 0.13659825 -0.00659820 0.15599730
v 0.13678880 -0.00659820 0.15637160
v 0.13540633 -0.00659820 0.15660410
v 0.13553335 -0.00659820 0.15685361
v 0.13559687 -0.00659820 0.15697836
v 0.13546984 -0.00659820 0.15672885
v 0.13332539 0.00608568 0.15766345
v 0.13335667 0.00590164 0.15764753
v 0.13345195 0.00590164 0.15783469
v 0.13341671 0.00625519 0.15808825
v 0.13322616 0.00625519 0.15771396
v 0.13307512 0.00636653 0.15779086
v 0.13326565 0.00636653 0.15816516
v 0.13300636 0.00640163 0.15806152
v 0.13291109 0.00640163 0.15787436
v 0.13351594 0.00608568 0.15803775
v 0.13310164 0.00640163 0.15824865
v 0.13354722 0.00590164 0.15802182
v 0.09884539 0.00770161 0.17530649
v 0.09860459 0.00763154 0.17599014
v 0.09837776 0.00763154 0.17554455
v 0.09814705 0.00754169 0.17566201
v 0.09837388 0.00754169 0.17610760
v 0.09792744 0.00741595 0.17577383
v 0.09795222 0.00725740 0.17632225
v 0.09772539 0.00725740 0.17587666
v 0.09727171 0.00664057 0.17610765
v 0.09777322 0.00707100 0.17641338
v 0.09749855 0.00664057 0.17655323
v 0.09754637 0.00707100 0.17596782
v 0.09815427 0.00741595 0.17621941
v 0.12593434 0.00270168 0.16279511
v 0.12595382 0.00270836 0.16267298
v 0.12588896 0.00270168 0.16270600
v 0.12608824 0.00272977 0.16277286
v 0.12608402 0.00276688 0.16260670
v 0.12602018 0.00272977 0.16263920
v 0.12614102 0.00281884 0.16257767
v 0.12628846 0.00295444 0.16267094
v 0.12597970 0.00270168 0.16288422
v 0.12618733 0.00288279 0.16255412
v 0.12623948 0.00302889 0.16252756
v 0.12622041 0.00295444 0.16253727
v 0.12631349 0.00310167 0.16265821
v 0.12627712 0.00281884 0.16284504
v 0.12623948 0.00317446 0.16252756
v 0.12624543 0.00310167 0.16252454
v 0.12622041 0.00324891 0.16253727
v 0.12628846 0.00324891 0.16267094
v 0.12618733 0.00332055 0.16255412
v 0.12620907 0.00338451 0.16271137
v 0.12614102 0.00338451 0.16257767
v 0.12602018 0.00347359 0.16263920
v 0.12608824 0.00347359 0.16277286
v 0.12595382 0.00349499 0.16267298
v 0.12608402 0.00343647 0.16260670
v 0.12588896 0.00350167 0.16270600
v 0.12593434 0.00350167 0.16279511
v 0.12637559 0.00302889 0.16279490
v 0.12608993 0.00270836 0.16294034
v 0.12602506 0.00270168 0.16297336
v 0.12615629 0.00272977 0.16290656
v 0.12622013 0.00276688 0.16287406
v 0.12632344 0.00288279 0.16282145
v 0.12635650 0.00295444 0.16280463
v 0.12638154 0.00310167 0.16279188
v 0.12637559 0.00317446 0.16279490
v 0.12632344 0.00332055 0.16282145
v 0.12635650 0.00324891 0.16280463
v 0.12622013 0.00343647 0.16287406
v 0.12608993 0.00349499 0.16294034
v 0.12597970 0.00350167 0.16288422
v 0.12627712 0.00338451 0.16284504
v 0.12615629 0.00347359 0.16290656
v 0.12602506 0.00350167 0.16297336
v 0.13782973 -0.00478106 0.15247532
v 0.13906990 -0.00487013 0.15521028
v 0.13919075 -0.00478106 0.15514879
v 0.13927012 -0.00464546 0.15510836
v 0.13790911 -0.00464546 0.15243492
v 0.13793413 -0.00449822 0.15242216
v 0.13861464 -0.00449822 0.15375888
v 0.13825819 -0.00489822 0.15394037
v 0.13770888 -0.00487013 0.15253685
v 0.13757766 -0.00489822 0.15260365
v 0.13893870 -0.00489822 0.15527708
v 0.13929515 -0.00449822 0.15509563
v 0.11457944 -0.00289825 0.16863183
v 0.11451139 -0.00289825 0.16849816
v 0.11462830 -0.00288073 0.16843866
v 0.11487698 -0.00282683 0.16864868
v 0.11476440 -0.00288073 0.16870598
v 0.11464749 -0.00289825 0.16876549
v 0.11497287 -0.00263299 0.16843155
v 0.11483615 -0.00274059 0.16833282
v 0.11490481 -0.00263299 0.16829788
v 0.11497226 -0.00274059 0.16860019
v 0.11504092 -0.00263299 0.16856522
v 0.09866391 0.01415153 0.15463981
v 0.09866391 0.01490152 0.15463981
v 0.09777276 0.01490152 0.15509350
v 0.09866391 0.01340154 0.15463981
v 0.09777276 0.01340154 0.15509350
v 0.09688161 0.01490152 0.15554716
v 0.09599046 0.01415153 0.15600085
v 0.09599046 0.01490152 0.15600085
v 0.09599046 0.01340154 0.15600085
v 0.09688161 0.01340154 0.15554716
v 0.13332847 -0.00739818 0.15869423
v 0.13343268 -0.00739297 0.15864107
v 0.13326432 -0.00705169 0.15900462
v 0.13353948 -0.00737654 0.15858663
v 0.13396243 -0.00718619 0.15837134
v 0.13382578 -0.00686375 0.15871877
v 0.13386057 -0.00725290 0.15842328
v 0.13375492 -0.00730691 0.15847714
v 0.13364203 -0.00697084 0.15881234
v 0.13414765 -0.00701745 0.15827719
v 0.13319885 -0.00669819 0.15932127
v 0.13336112 -0.00668136 0.15923866
v 0.13368645 -0.00653498 0.15907305
v 0.13382900 -0.00640530 0.15900048
v 0.13352689 -0.00662798 0.15915428
v 0.13398993 -0.00671442 0.15863522
v 0.13429782 -0.00680937 0.15820087
v 0.13412299 -0.00653024 0.15856747
v 0.13435723 -0.00669495 0.15817081
v 0.13427321 -0.00610987 0.15849100
v 0.13446738 -0.00633479 0.15811457
v 0.13448220 -0.00621510 0.15810688
v 0.13440537 -0.00657635 0.15814643
v 0.13421843 -0.00632406 0.15851889
v 0.13448697 -0.00609820 0.15810447
v 0.13394455 -0.00624535 0.15894164
v 0.13402744 -0.00606630 0.15889947
v 0.13409001 -0.00569821 0.15886761
v 0.13407500 -0.00588028 0.15887524
v 0.15011678 -0.01557998 0.12692772
v 0.15011678 -0.01509808 0.12692772
v 0.15589482 -0.01509807 0.12505255
v 0.15878386 -0.01604943 0.12411495
v 0.15011678 -0.01606187 0.12692772
v 0.16745093 -0.01556754 0.12130220
v 0.16167286 -0.01509807 0.12317737
v 0.16745093 -0.01509807 0.12130220
v 0.16745093 -0.01603699 0.12130220
v 0.14080218 0.00717992 0.15488947
v 0.14038269 0.00720162 0.15458686
v 0.14059136 0.00720162 0.15499680
v 0.14038480 0.00717992 0.15406962
v 0.14060044 0.00711035 0.15395985
v 0.14122532 0.00698972 0.15467405
v 0.14101782 0.00711035 0.15477970
v 0.14017399 0.00720162 0.15417695
v 0.14099317 0.00682087 0.15375991
v 0.14141056 0.00682087 0.15457975
v 0.14156102 0.00661300 0.15450316
v 0.14173053 0.00613819 0.15441686
v 0.14125116 0.00638016 0.15362856
v 0.14166854 0.00638016 0.15444844
v 0.14154119 0.00590164 0.15399709
v 0.14174986 0.00590164 0.15440703
v 0.14114365 0.00661300 0.15368328
v 0.14133248 0.00590164 0.15358715
v 0.14131316 0.00613819 0.15359701
v 0.15741300 0.01340155 0.13117822
v 0.15652183 0.01340155 0.13163190
v 0.15629720 0.01340155 0.13119063
v 0.15718835 0.01340155 0.13073695
v 0.15830416 0.01340155 0.13072456
v 0.15807950 0.01340155 0.13028327
v 0.13798071 0.00640163 0.15576480
v 0.13678879 0.00640163 0.15637160
v 0.13659825 0.00640163 0.15599730
v 0.13779016 0.00640163 0.15539051
v 0.13540633 0.00640163 0.15660410
v 0.13550159 0.00640163 0.15679123
v 0.13559687 0.00640163 0.15697836
v 0.13898208 0.00640163 0.15478371
v 0.14026926 0.00640163 0.15436408
v 0.14036454 0.00640163 0.15455121
v 0.14017399 0.00640163 0.15417695
v 0.13917262 0.00640163 0.15515801
v 0.09825475 -0.01359810 0.15383607
v 0.09866392 -0.01359810 0.15463981
v 0.09766541 -0.01434809 0.15267843
v 0.09866392 -0.01509808 0.15463981
v 0.09787000 -0.01509808 0.15308031
v 0.09707607 -0.01509808 0.15152079
v 0.12368174 -0.00739819 0.16360523
v 0.12606557 -0.00739819 0.16239167
v 0.12600141 -0.00705169 0.16270206
v 0.12492226 -0.00669819 0.16353478
v 0.12593595 -0.00669819 0.16301871
v 0.12390857 -0.00669819 0.16405081
v 0.12129791 -0.00739819 0.16481882
v 0.12188122 -0.00669819 0.16508292
v 0.12289489 -0.00669819 0.16456688
v 0.05949726 -0.01556724 0.17634077
v 0.05949726 -0.01509809 0.17634077
v 0.06511155 -0.01509809 0.17275657
v 0.06885439 -0.01604580 0.17036713
v 0.07072583 -0.01509809 0.16917240
v 0.05949726 -0.01603638 0.17634077
v 0.07634011 -0.01509809 0.16558820
v 0.07821153 -0.01605520 0.16439347
v 0.08195439 -0.01509809 0.16200403
v 0.08756867 -0.01558135 0.15841982
v 0.08756867 -0.01509809 0.15841982
v 0.08756867 -0.01606461 0.15841982
v 0.09573934 -0.01509809 0.15220128
v 0.09691802 -0.01359811 0.15451656
v 0.09707607 -0.01509808 0.15152079
v 0.09766541 -0.01434809 0.15267843
v 0.09479550 -0.01459809 0.15365355
v 0.09440261 -0.01509809 0.15288180
v 0.09518840 -0.01409810 0.15442534
v 0.09558129 -0.01359811 0.15519709
v 0.09825475 -0.01359810 0.15383607
v 0.08387069 -0.00889817 0.18068568
v 0.08294965 -0.00963764 0.18108062
v 0.08297954 -0.00889817 0.18113934
v 0.08268932 -0.01112123 0.18056924
v 0.08463656 -0.01039276 0.17998589
v 0.08447163 -0.01112123 0.17966189
v 0.08285426 -0.01039276 0.18089325
v 0.08424076 -0.01177717 0.17920840
v 0.08245845 -0.01177717 0.18011576
v 0.08217336 -0.01231968 0.17955573
v 0.08395566 -0.01231968 0.17864838
v 0.08151483 -0.01297038 0.17826219
v 0.08363426 -0.01272087 0.17801707
v 0.08329714 -0.01297038 0.17735484
v 0.08207253 -0.01307487 0.17715351
v 0.08118138 -0.01307488 0.17760717
v 0.08185196 -0.01272087 0.17892439
v 0.08473198 -0.00963764 0.18017330
v 0.08296369 -0.01307487 0.17669983
v 0.08476185 -0.00889817 0.18023201
v 0.07876689 -0.01359811 0.17066020
v 0.07787574 -0.01509809 0.17111389
v 0.07787574 -0.01359811 0.17111389
v 0.07876689 -0.01509809 0.17066020
v 0.07965804 -0.01359811 0.17020654
v 0.07965804 -0.01509809 0.17020654
v 0.13622715 -0.00289824 0.15755520
v 0.13618179 -0.00289824 0.15746606
v 0.13630009 -0.00289824 0.15740585
v 0.13634547 -0.00289824 0.15749496
v 0.13627252 -0.00289824 0.15764431
v 0.13639083 -0.00289824 0.15758407
v 0.13631789 -0.00289824 0.15773342
v 0.13643619 -0.00289824 0.15767318
v 0.09479550 -0.01459809 0.15365355
v 0.09440261 -0.01509809 0.15288180
v 0.09493189 -0.01509809 0.15392149
v 0.09518840 -0.01409810 0.15442534
v 0.09546117 -0.01509809 0.15496116
v 0.09599046 -0.01434810 0.15600085
v 0.09599046 -0.01509809 0.15600085
v 0.09599046 -0.01359811 0.15600085
v 0.09558129 -0.01359811 0.15519709
v 0.12345491 0.00640163 0.16315968
v 0.12226299 0.00640163 0.16376644
v 0.12207245 0.00640163 0.16339218
v 0.12326436 0.00640163 0.16278538
v 0.12088053 0.00640163 0.16399897
v 0.12097581 0.00640163 0.16418611
v 0.12107108 0.00640163 0.16437324
v 0.12574346 0.00640163 0.16175896
v 0.12445628 0.00640163 0.16217859
v 0.12564819 0.00640163 0.16157179
v 0.12583873 0.00640163 0.16194609
v 0.12464682 0.00640163 0.16255288
v 0.16393690 0.01219344 0.13933084
v 0.16308123 0.01226245 0.13967585
v 0.16410059 0.01246631 0.13882823
v 0.16385144 0.01200203 0.13959339
v 0.16275050 0.01133822 0.14069251
v 0.16376625 0.01177071 0.13985557
v 0.16328211 0.01255269 0.13905831
v 0.16349690 0.01269507 0.13839805
v 0.16438805 0.01269507 0.13794439
v 0.16424992 0.01262265 0.13836911
v 0.16368333 0.01149760 0.14011075
v 0.16342423 0.01003535 0.14090702
v 0.16253987 0.01010011 0.14134000
v 0.16347355 0.01044717 0.14075550
v 0.16336564 0.00915554 0.14108638
v 0.16248555 0.00941066 0.14150695
v 0.16338767 0.00960240 0.14101833
v 0.16335848 0.00870161 0.14110930
v 0.16246733 0.00870161 0.14156298
v 0.16262846 0.01074666 0.14106760
v 0.16360498 0.01118313 0.14035100
v 0.13524230 0.00636653 0.15668759
v 0.13540633 0.00640163 0.15660410
v 0.13550159 0.00640163 0.15679123
v 0.13528179 0.00625519 0.15713876
v 0.13509125 0.00625519 0.15676449
v 0.13499204 0.00608568 0.15681500
v 0.13518258 0.00608568 0.15718929
v 0.13505602 0.00590164 0.15701806
v 0.13496076 0.00590164 0.15683093
v 0.13543285 0.00636653 0.15706186
v 0.13515130 0.00590164 0.15720519
v 0.13559687 0.00640163 0.15697836
v 0.12896425 -0.00289825 0.16125264
v 0.12891889 -0.00289825 0.16116350
v 0.12903719 -0.00289825 0.16110329
v 0.12908256 -0.00289825 0.16119240
v 0.12900962 -0.00289825 0.16134175
v 0.12912792 -0.00289825 0.16128151
v 0.12905499 -0.00289825 0.16143086
v 0.12917329 -0.00289825 0.16137062
v 0.13188644 -0.00449822 0.15718414
v 0.13256695 -0.00324110 0.15852086
v 0.13256695 -0.00449822 0.15852086
v 0.13256695 -0.00072684 0.15852086
v 0.13256695 -0.00198397 0.15852086
v 0.13256695 0.00053028 0.15852086
v 0.13211328 0.00430166 0.15762969
v 0.13256695 0.00178741 0.15852086
v 0.13256695 0.00430166 0.15852086
v 0.13256695 0.00304453 0.15852086
v 0.13120593 -0.00009828 0.15584739
v 0.13120593 -0.00339824 0.15584739
v 0.13120593 -0.00229825 0.15584739
v 0.13120593 -0.00119827 0.15584739
v 0.13165960 0.00430166 0.15673856
v 0.13120592 0.00210169 0.15584739
v 0.13120592 0.00100170 0.15584739
v 0.13120592 0.00320168 0.15584739
v 0.13120592 0.00430166 0.15584739
v 0.13120593 -0.00449822 0.15584739
v 0.15853318 0.01490153 0.13117443
v 0.15898686 0.01490153 0.13206560
v 0.15864550 0.01415154 0.13139507
v 0.15807950 0.01415154 0.13028327
v 0.15830416 0.01340155 0.13072456
v 0.15807950 0.01340155 0.13028327
v 0.15807950 0.01490153 0.13028327
v 0.05896877 0.01582675 0.17828773
v 0.05940126 0.01536126 0.17880268
v 0.05940126 0.01582103 0.17880268
v 0.05884090 0.01583001 0.17793391
v 0.05896766 0.01490151 0.17828559
v 0.05940126 0.01490151 0.17880268
v 0.05881440 0.01490151 0.17777784
v 0.05880556 0.01583316 0.17754662
v 0.05887095 0.01583588 0.17716329
v 0.05885712 0.01490151 0.17721096
v 0.05902598 0.01583793 0.17682046
v 0.05949726 0.01583980 0.17634077
v 0.05949726 0.01537065 0.17634077
v 0.05910772 0.01490151 0.17670068
v 0.05949726 0.01490151 0.17634077
v 0.13345023 0.00332056 0.15885668
v 0.13340392 0.00338452 0.15888024
v 0.13340392 0.00281884 0.15888024
v 0.13334693 0.00343647 0.15890926
v 0.13334693 0.00276688 0.15890926
v 0.13328308 0.00347359 0.15894176
v 0.13328308 0.00272977 0.15894176
v 0.13350238 0.00317446 0.15883013
v 0.13350238 0.00302889 0.15883013
v 0.13350833 0.00310168 0.15882711
v 0.13348329 0.00324891 0.15883983
v 0.13348329 0.00295444 0.15883983
v 0.13345023 0.00288279 0.15885668
v 0.13321672 0.00349499 0.15897554
v 0.13321672 0.00270836 0.15897554
v 0.13315187 0.00350167 0.15900856
v 0.13287852 0.00350167 0.15914772
v 0.13303357 0.00270168 0.15906880
v 0.13260519 0.00350167 0.15928687
v 0.13280407 0.00263027 0.15918562
v 0.13248829 0.00348415 0.15934638
v 0.13237570 0.00343025 0.15940369
v 0.13270881 0.00254403 0.15923411
v 0.13243061 0.00346169 0.15937574
v 0.13228044 0.00334402 0.15945218
v 0.13232519 0.00339062 0.15942941
v 0.13315187 0.00270168 0.15900856
v 0.13221177 0.00323641 0.15948715
v 0.13291665 0.00268416 0.15912831
v 0.13264015 0.00243642 0.15926908
v 0.13109931 0.00088865 0.16005348
v 0.13208391 0.00126254 0.15955225
v 0.13165554 0.00206253 0.15977032
v 0.13054308 -0.00028523 0.16033665
v 0.13097144 -0.00108522 0.16011857
v 0.13152767 0.00008866 0.15983541
v 0.12998686 -0.00145911 0.16061984
v 0.13041521 -0.00225909 0.16040177
v 0.12943061 -0.00263298 0.16090301
v 0.12985899 -0.00343297 0.16068493
v 0.12936195 -0.00274059 0.16093795
v 0.12926667 -0.00282683 0.16098647
v 0.12946556 -0.00369823 0.16088522
v 0.12931718 -0.00278719 0.16096074
v 0.12969505 -0.00362682 0.16076837
v 0.12921177 -0.00285827 0.16101439
v 0.12903719 -0.00289825 0.16110329
v 0.12919221 -0.00369823 0.16102437
v 0.12915409 -0.00288073 0.16104378
v 0.12891889 -0.00289825 0.16116350
v 0.12891889 -0.00369823 0.16116350
v 0.12885402 -0.00290492 0.16119655
v 0.12872384 -0.00296345 0.16126280
v 0.12878768 -0.00367015 0.16123030
v 0.12878768 -0.00292633 0.16123030
v 0.12862053 -0.00307936 0.16131541
v 0.12866683 -0.00358108 0.16129182
v 0.12866683 -0.00301540 0.16129182
v 0.12872384 -0.00363303 0.16126280
v 0.12885402 -0.00369155 0.16119655
v 0.12858745 -0.00315100 0.16133225
v 0.12862053 -0.00351712 0.16131541
v 0.12979032 -0.00354058 0.16071988
v 0.12974555 -0.00358718 0.16074267
v 0.12964015 -0.00365826 0.16079632
v 0.12958247 -0.00368072 0.16082568
v 0.12856838 -0.00337102 0.16134196
v 0.12858745 -0.00344547 0.16133225
v 0.12856838 -0.00322545 0.16134196
v 0.12856243 -0.00329824 0.16134498
v 0.12181642 -0.00549821 0.16231065
v 0.12113589 -0.00549821 0.16097390
v 0.12209389 -0.00549821 0.16048621
v 0.12345491 -0.00549821 0.16315968
v 0.12249691 -0.00549821 0.16364737
v 0.12350556 -0.00549821 0.16088966
v 0.12395922 -0.00549821 0.16178082
v 0.12441291 -0.00549821 0.16267196
v 0.12305188 -0.00549821 0.15999852
v 0.13466521 0.00590164 0.15801371
v 0.13551585 0.00410166 0.15814174
v 0.13551585 0.00550165 0.15814174
v 0.13551585 0.00270168 0.15814174
v 0.13466521 -0.00009828 0.15801371
v 0.13551585 -0.00009828 0.15814174
v 0.13551585 0.00130170 0.15814174
v 0.13551585 -0.00149826 0.15814174
v 0.13551585 -0.00289824 0.15814174
v 0.13466521 -0.00609820 0.15801371
v 0.13551585 -0.00569821 0.15814174
v 0.13551585 -0.00429823 0.15814174
v 0.12224487 0.00458450 0.16377569
v 0.12214045 0.00430166 0.16382885
v 0.12216549 0.00444889 0.16381609
v 0.12236572 0.00467357 0.16371417
v 0.12249691 0.00470165 0.16364737
v 0.12214045 -0.00009828 0.16382885
v 0.12216549 -0.00464546 0.16381609
v 0.12214045 -0.00449822 0.16382885
v 0.12224487 -0.00478106 0.16377569
v 0.12249691 -0.00489822 0.16364737
v 0.12236572 -0.00487014 0.16371417
v 0.12476935 -0.00009828 0.16249051
v 0.12476935 0.00430166 0.16249051
v 0.12441290 0.00470166 0.16267196
v 0.12454410 0.00467357 0.16260516
v 0.12466495 0.00458450 0.16254364
v 0.12474432 0.00444889 0.16250323
v 0.12466495 -0.00478106 0.16254364
v 0.12454410 -0.00487014 0.16260516
v 0.12476935 -0.00449822 0.16249051
v 0.12441291 -0.00489822 0.16267196
v 0.12474432 -0.00464546 0.16250323
v 0.07665033 -0.00589821 0.18716674
v 0.07297432 -0.00589822 0.18903815
v 0.07253016 -0.00589822 0.18870321
v 0.07631483 -0.00589821 0.18677648
v 0.08021291 -0.00589821 0.18507255
v 0.08032633 -0.00589821 0.18529536
v 0.08009949 -0.00589821 0.18484978
v 0.05884091 -0.01602659 0.17793391
v 0.05940126 -0.01601762 0.17880268
v 0.05896877 -0.01602333 0.17828773
v 0.05880556 -0.01602974 0.17754662
v 0.05949726 -0.01603638 0.17634077
v 0.06139042 -0.01599807 0.18030270
v 0.08076731 -0.01597853 0.17295089
v 0.06337957 -0.01597853 0.18180272
v 0.05887095 -0.01603247 0.17716329
v 0.05902598 -0.01603452 0.17682046
v 0.07821153 -0.01605520 0.16439347
v 0.06885439 -0.01604580 0.17036713
v 0.09815506 -0.01597852 0.16409903
v 0.08785711 -0.01606533 0.15818005
v 0.08808306 -0.01606688 0.15786509
v 0.08756867 -0.01606461 0.15841982
v 0.08826130 -0.01607189 0.15712987
v 0.08822077 -0.01606915 0.15750276
v 0.11554280 -0.01597852 0.15524719
v 0.08822024 -0.01609072 0.15473024
v 0.08903949 -0.01609807 0.15336787
v 0.08824077 -0.01608131 0.15593006
v 0.08826913 -0.01609369 0.15432391
v 0.08843454 -0.01609608 0.15393161
v 0.08870352 -0.01609759 0.15360157
v 0.10307515 -0.01609807 0.14622250
v 0.13293054 -0.01597852 0.14639532
v 0.11711081 -0.01609807 0.13907716
v 0.13114647 -0.01609807 0.13193181
v 0.15031828 -0.01597851 0.13754349
v 0.14864970 -0.01607011 0.12661534
v 0.14896622 -0.01606715 0.12683412
v 0.14934138 -0.01606463 0.12696807
v 0.14518214 -0.01609806 0.12478644
v 0.14559883 -0.01609750 0.12464658
v 0.14650060 -0.01609300 0.12476561
v 0.14605896 -0.01609576 0.12463609
v 0.14775820 -0.01607989 0.12581209
v 0.14686672 -0.01608966 0.12500882
v 0.14973858 -0.01606282 0.12699857
v 0.15011678 -0.01606187 0.12692772
v 0.16770602 -0.01597851 0.12869164
v 0.15878386 -0.01604943 0.12411495
v 0.16951529 -0.01601460 0.12312991
v 0.16798996 -0.01603546 0.12122471
v 0.16855761 -0.01603227 0.12134607
v 0.16745093 -0.01603699 0.12130220
v 0.16904460 -0.01602788 0.12166197
v 0.16952930 -0.01601865 0.12260193
v 0.16937065 -0.01602320 0.12209817
v 0.14559883 0.01590095 0.12464658
v 0.14650059 0.01589645 0.12476562
v 0.14605895 0.01589921 0.12463609
v 0.14518213 0.01590151 0.12478645
v 0.14686672 0.01589311 0.12500882
v 0.14775820 0.01588333 0.12581209
v 0.14864969 0.01587356 0.12661534
v 0.13114647 0.01590151 0.13193181
v 0.13293054 0.01578196 0.14639532
v 0.15031827 0.01578196 0.13754349
v 0.14934137 0.01586807 0.12696808
v 0.14896622 0.01587060 0.12683412
v 0.11711081 0.01590151 0.13907716
v 0.16855761 0.01583572 0.12134607
v 0.16798996 0.01583892 0.12122471
v 0.16745092 0.01584045 0.12130220
v 0.16904460 0.01583134 0.12166197
v 0.16937065 0.01582666 0.12209817
v 0.16952930 0.01582211 0.12260193
v 0.16951528 0.01581806 0.12312991
v 0.15011677 0.01586532 0.12692772
v 0.14973858 0.01586626 0.12699857
v 0.16770601 0.01578197 0.12869164
v 0.16167286 0.01584873 0.12317737
v 0.15589482 0.01585702 0.12505255
v 0.11554279 0.01578196 0.15524719
v 0.10307515 0.01590150 0.14622250
v 0.05887095 0.01583588 0.17716329
v 0.05949726 0.01583980 0.17634077
v 0.05902598 0.01583793 0.17682046
v 0.06139041 0.01580149 0.18030270
v 0.08076731 0.01578195 0.17295089
v 0.07353297 0.01585392 0.16738029
v 0.09815505 0.01578195 0.16409903
v 0.08756866 0.01586803 0.15841983
v 0.05880556 0.01583316 0.17754662
v 0.05884090 0.01583001 0.17793391
v 0.05940126 0.01582103 0.17880268
v 0.05896877 0.01582675 0.17828773
v 0.06337956 0.01578195 0.18180272
v 0.08826912 0.01589711 0.15432391
v 0.08903948 0.01590150 0.15336787
v 0.08843453 0.01589951 0.15393161
v 0.08822023 0.01589415 0.15473024
v 0.08870351 0.01590101 0.15360157
v 0.08824076 0.01588473 0.15593006
v 0.08808305 0.01587031 0.15786509
v 0.08785710 0.01586875 0.15818005
v 0.08822076 0.01587258 0.15750276
v 0.08826129 0.01587532 0.15712987
v 0.13427829 -0.00609820 0.15769453
v 0.13448697 -0.00609820 0.15810447
v 0.13446764 -0.00633475 0.15811429
v 0.13429813 -0.00680957 0.15820059
v 0.13398826 -0.00657672 0.15732600
v 0.13440564 -0.00657672 0.15814588
v 0.13373028 -0.00701743 0.15745734
v 0.13388075 -0.00680957 0.15738072
v 0.13405026 -0.00633475 0.15729445
v 0.13406959 -0.00609820 0.15728459
v 0.13396242 -0.00718628 0.15837149
v 0.13333754 -0.00730691 0.15765729
v 0.13354504 -0.00718628 0.15755164
v 0.13311979 -0.00739818 0.15828429
v 0.13353929 -0.00737648 0.15858691
v 0.13332847 -0.00739818 0.15869423
v 0.13375492 -0.00730691 0.15847714
v 0.13312191 -0.00737648 0.15776706
v 0.13291109 -0.00739818 0.15787436
v 0.15124551 0.00670163 0.14891090
v 0.15106951 0.00706972 0.14871995
v 0.15113207 0.00670163 0.14868809
v 0.15098681 0.00724883 0.14876206
v 0.15109791 0.00740873 0.14926654
v 0.15087106 0.00740873 0.14882096
v 0.15121365 0.00724883 0.14920761
v 0.15072857 0.00753862 0.14889353
v 0.15095541 0.00753862 0.14933908
v 0.15056897 0.00763141 0.14897476
v 0.15035434 0.00770162 0.14936456
v 0.15024094 0.00770162 0.14914178
v 0.15079580 0.00763141 0.14942035
v 0.15129634 0.00706972 0.14916553
v 0.15046777 0.00770162 0.14958733
v 0.15135891 0.00670163 0.14913367
v 0.08213516 -0.01408486 0.17948072
v 0.07069973 -0.01280969 0.18732288
v 0.08295945 -0.01279248 0.18109988
v 0.07175270 -0.01092878 0.18811691
v 0.08349260 -0.01091286 0.18214711
v 0.08366005 -0.00889817 0.18247608
v 0.07787303 -0.00889818 0.18542217
v 0.07425967 -0.01457280 0.18121901
v 0.08121699 -0.01457280 0.17767715
v 0.06908626 -0.01409184 0.18610615
v 0.06730234 -0.01457280 0.18476091
v 0.07208599 -0.00889818 0.18836825
v 0.12606249 0.00608568 0.16136089
v 0.12609377 0.00590164 0.16134496
v 0.12618905 0.00590164 0.16153213
v 0.12615381 0.00625519 0.16178569
v 0.12596326 0.00625519 0.16141140
v 0.12581221 0.00636653 0.16148830
v 0.12600277 0.00636653 0.16186259
v 0.12574346 0.00640163 0.16175896
v 0.12564819 0.00640163 0.16157179
v 0.12625304 0.00608568 0.16173519
v 0.12583873 0.00640163 0.16194609
v 0.12628432 0.00590164 0.16171926
v 0.11245914 0.00590163 0.16828617
v 0.11247847 0.00613818 0.16827632
v 0.11317205 0.00590163 0.16792324
v 0.11254047 0.00638015 0.16824476
v 0.11320333 0.00608568 0.16790731
v 0.11317950 0.00599262 0.16791945
v 0.11279846 0.00682086 0.16811342
v 0.11264798 0.00661300 0.16819005
v 0.11298370 0.00698972 0.16801912
v 0.11317205 0.00440165 0.16792324
v 0.11245914 0.00290167 0.16828617
v 0.11245914 0.00440165 0.16828617
v 0.11317205 0.00290167 0.16792324
v 0.11245914 0.00140169 0.16828617
v 0.11317205 0.00140169 0.16792324
v 0.11245914 -0.00009829 0.16828617
v 0.11319118 0.00711034 0.16791347
v 0.11340682 0.00717992 0.16780371
v 0.11337380 0.00632013 0.16782053
v 0.11361763 0.00720162 0.16769641
v 0.11353655 0.00639328 0.16773767
v 0.11480955 0.00640163 0.16708962
v 0.11480955 0.00720162 0.16708962
v 0.11600146 0.00720162 0.16648282
v 0.11600146 0.00640163 0.16648282
v 0.11719337 0.00720162 0.16587603
v 0.11361763 0.00640163 0.16769641
v 0.11324468 0.00617524 0.16788625
v 0.11330256 0.00625518 0.16785681
v 0.11345362 0.00636652 0.16777991
v 0.11317205 -0.00009829 0.16792324
v 0.11245914 -0.00159827 0.16828617
v 0.11317205 -0.00159827 0.16792324
v 0.11245914 -0.00309825 0.16828617
v 0.11317205 -0.00309825 0.16792324
v 0.11317205 -0.00459823 0.16792324
v 0.11245914 -0.00459823 0.16828617
v 0.11254047 -0.00657672 0.16824476
v 0.11247847 -0.00633475 0.16827632
v 0.11317205 -0.00609821 0.16792324
v 0.11264798 -0.00680957 0.16819005
v 0.11279846 -0.00701743 0.16811342
v 0.11317950 -0.00618919 0.16791945
v 0.11245914 -0.00609821 0.16828617
v 0.11320333 -0.00628225 0.16790731
v 0.11298370 -0.00718629 0.16801912
v 0.11324468 -0.00637180 0.16788625
v 0.11330256 -0.00645175 0.16785681
v 0.11319119 -0.00730691 0.16791347
v 0.11340682 -0.00737648 0.16780371
v 0.11337380 -0.00651670 0.16782053
v 0.11345362 -0.00656309 0.16777991
v 0.11353655 -0.00658985 0.16773767
v 0.11361764 -0.00739819 0.16769641
v 0.11361764 -0.00659820 0.16769641
v 0.11480955 -0.00659820 0.16708962
v 0.11480955 -0.00739819 0.16708962
v 0.11600146 -0.00659820 0.16648282
v 0.11719337 0.00640163 0.16587603
v 0.11838529 0.00720162 0.16526923
v 0.11838529 0.00640163 0.16526923
v 0.11854932 0.00636653 0.16518574
v 0.11846637 0.00639328 0.16522797
v 0.11859610 0.00717992 0.16516193
v 0.11862912 0.00632013 0.16514512
v 0.11881174 0.00711034 0.16505217
v 0.11870038 0.00625518 0.16510884
v 0.11875824 0.00617524 0.16507939
v 0.11901924 0.00698972 0.16494652
v 0.11879959 0.00608568 0.16505833
v 0.11920448 0.00682086 0.16485222
v 0.11882344 0.00599262 0.16504618
v 0.11935496 0.00661300 0.16477560
v 0.11883087 0.00590164 0.16504240
v 0.11946246 0.00638015 0.16472088
v 0.11952447 0.00613819 0.16468933
v 0.11954380 0.00590164 0.16467947
v 0.11954380 0.00440166 0.16467947
v 0.11954380 0.00290168 0.16467947
v 0.11883087 0.00290167 0.16504240
v 0.11883087 0.00440166 0.16504240
v 0.11954380 0.00140170 0.16467947
v 0.11883087 0.00140169 0.16504240
v 0.11954380 -0.00009828 0.16467947
v 0.11883087 -0.00009828 0.16504240
v 0.11954380 -0.00159827 0.16467947
v 0.11859610 -0.00737648 0.16516193
v 0.11846637 -0.00658985 0.16522797
v 0.11854932 -0.00656309 0.16518574
v 0.11838529 -0.00739819 0.16526923
v 0.11838529 -0.00659820 0.16526923
v 0.11875824 -0.00637180 0.16507939
v 0.11901924 -0.00718628 0.16494652
v 0.11870038 -0.00645175 0.16510884
v 0.11881174 -0.00730691 0.16505217
v 0.11862912 -0.00651669 0.16514512
v 0.11600146 -0.00739819 0.16648282
v 0.11719338 -0.00659820 0.16587603
v 0.11719338 -0.00739819 0.16587603
v 0.11879959 -0.00628225 0.16505833
v 0.11883087 -0.00159827 0.16504240
v 0.11954380 -0.00309825 0.16467947
v 0.11883087 -0.00309825 0.16504240
v 0.11954380 -0.00459823 0.16467947
v 0.11954380 -0.00609821 0.16467946
v 0.11883087 -0.00609821 0.16504240
v 0.11883087 -0.00459823 0.16504240
v 0.11920448 -0.00701743 0.16485222
v 0.11935496 -0.00680957 0.16477560
v 0.11882344 -0.00618918 0.16504618
v 0.11946246 -0.00657672 0.16472088
v 0.11952447 -0.00633475 0.16468932
v 0.08971440 -0.00483514 0.17883284
v 0.08949711 -0.00489823 0.17950452
v 0.08996474 -0.00482816 0.17926646
v 0.08993989 -0.00475171 0.17871806
v 0.09019545 -0.00473831 0.17914900
v 0.09036544 -0.00447612 0.17850142
v 0.09041507 -0.00461256 0.17903722
v 0.09061711 -0.00445401 0.17893434
v 0.09079612 -0.00426761 0.17884322
v 0.09071280 -0.00407287 0.17832458
v 0.09055188 -0.00428810 0.17840649
v 0.09015922 -0.00463171 0.17860640
v 0.09107079 -0.00383718 0.17870340
v 0.14955024 0.00559254 0.14949339
v 0.15036035 0.00570167 0.14936151
v 0.15024695 0.00570167 0.14913870
v 0.14981137 0.00560295 0.14992149
v 0.14947566 0.00547659 0.15009242
v 0.15047378 0.00570167 0.14958428
v 0.14914943 0.00529614 0.15025849
v 0.14920695 0.00545681 0.14966816
v 0.14888032 0.00526802 0.14983445
v 0.14884285 0.00506313 0.15041458
v 0.14790444 0.00411017 0.15033123
v 0.14832649 0.00446132 0.15067745
v 0.14831356 0.00475233 0.15012299
v 0.14857986 0.00503076 0.14998740
v 0.14856573 0.00478229 0.15055563
v 0.06534717 0.01449157 0.18328652
v 0.06866799 0.01460690 0.17912620
v 0.06730233 0.01437622 0.18476091
v 0.07425967 0.01437622 0.18121901
v 0.06339202 0.01460690 0.18181213
v 0.07394396 0.01460691 0.17644026
v 0.08121699 0.01437622 0.17767715
v 0.07921994 0.01460691 0.17375434
v 0.08297954 0.00430165 0.18113934
v 0.08297954 0.00870160 0.18113934
v 0.08387069 0.00870160 0.18068568
v 0.08297954 -0.00009829 0.18113934
v 0.08387069 -0.00889817 0.18068568
v 0.08297954 -0.00449823 0.18113934
v 0.08297954 -0.00889817 0.18113934
v 0.08476184 0.00430165 0.18023201
v 0.08476184 -0.00009829 0.18023201
v 0.08476185 -0.00889817 0.18023201
v 0.08476184 -0.00449823 0.18023201
v 0.08476184 0.00870160 0.18023201
v 0.16446889 0.01296996 0.13541010
v 0.16438805 0.01269507 0.13794439
v 0.16349690 0.01269507 0.13839805
v 0.16530526 0.01295447 0.13512480
v 0.16544090 0.01324486 0.13242216
v 0.16622251 0.01321388 0.13230524
v 0.16713972 0.01347329 0.12948566
v 0.16641290 0.01351976 0.12943422
v 0.16738488 0.01379465 0.12644625
v 0.16772091 0.01376367 0.12655616
v 0.16805694 0.01373269 0.12666609
v 0.13737278 -0.00669819 0.15457066
v 0.13988084 -0.00669819 0.15404191
v 0.13972961 -0.00669819 0.15374485
v 0.14003206 -0.00669819 0.15433896
v 0.13957839 -0.00669819 0.15344780
v 0.13516718 -0.00669819 0.15569349
v 0.13782645 -0.00669819 0.15546180
v 0.13539401 -0.00669819 0.15613908
v 0.13562086 -0.00669819 0.15658463
v 0.13265055 0.00350167 0.15937598
v 0.13260519 0.00350167 0.15928687
v 0.13287852 0.00350167 0.15914772
v 0.13269593 0.00350167 0.15946509
v 0.13301462 0.00350167 0.15941505
v 0.13274130 0.00350167 0.15955420
v 0.13319724 0.00350167 0.15909767
v 0.13324259 0.00350167 0.15918678
v 0.13328797 0.00350167 0.15927592
v 0.13315187 0.00350167 0.15900856
v 0.12608402 0.00343647 0.16260670
v 0.12602018 0.00347359 0.16263920
v 0.12602018 0.00272977 0.16263920
v 0.12595382 0.00349499 0.16267298
v 0.12595382 0.00270836 0.16267298
v 0.12618733 0.00332055 0.16255412
v 0.12618733 0.00288279 0.16255412
v 0.12622041 0.00324891 0.16253727
v 0.12614102 0.00338451 0.16257767
v 0.12614102 0.00281884 0.16257767
v 0.12608402 0.00276688 0.16260670
v 0.12588896 0.00350167 0.16270600
v 0.12588896 0.00270168 0.16270600
v 0.12561564 0.00350167 0.16284515
v 0.12534229 0.00350167 0.16298431
v 0.12554117 0.00263026 0.16288306
v 0.12523127 0.00348590 0.16304083
v 0.12512005 0.00343504 0.16309744
v 0.12544591 0.00254403 0.16293155
v 0.12517489 0.00346504 0.16306951
v 0.12506850 0.00339614 0.16312368
v 0.12577066 0.00270168 0.16276624
v 0.12502189 0.00334914 0.16314742
v 0.12623948 0.00302889 0.16252756
v 0.12624543 0.00310167 0.16252454
v 0.12623948 0.00317446 0.16252756
v 0.12622041 0.00295444 0.16253727
v 0.12565375 0.00268416 0.16282574
v 0.12494887 0.00323641 0.16318459
v 0.12537725 0.00243642 0.16296652
v 0.12498165 0.00329533 0.16316790
v 0.12439264 0.00206253 0.16346776
v 0.12482101 0.00126254 0.16324968
v 0.12383640 0.00088865 0.16375092
v 0.12426477 0.00008866 0.16353285
v 0.12370855 -0.00108522 0.16381601
v 0.12328018 -0.00028523 0.16403408
v 0.12272396 -0.00145911 0.16431728
v 0.12315232 -0.00225909 0.16409918
v 0.12216771 -0.00263298 0.16460045
v 0.12259609 -0.00343298 0.16438237
v 0.12209905 -0.00274059 0.16463539
v 0.12192933 -0.00369823 0.16472181
v 0.12189120 -0.00288073 0.16474122
v 0.12177429 -0.00289825 0.16480073
v 0.12200378 -0.00282683 0.16468388
v 0.12231957 -0.00368072 0.16452312
v 0.12252743 -0.00354058 0.16441732
v 0.12243215 -0.00362682 0.16446580
v 0.12220266 -0.00369823 0.16458265
v 0.12165599 -0.00369823 0.16486094
v 0.12152478 -0.00367015 0.16492774
v 0.12152478 -0.00292633 0.16492774
v 0.12140393 -0.00301540 0.16498926
v 0.12132455 -0.00315101 0.16502967
v 0.12140393 -0.00358108 0.16498926
v 0.12132455 -0.00344548 0.16502967
v 0.12129953 -0.00329824 0.16504242
v 0.12165599 -0.00289825 0.16486094
v 0.13310159 0.00270168 0.15920246
v 0.13303357 0.00270168 0.15906880
v 0.13291665 0.00268416 0.15912831
v 0.13305863 0.00268591 0.15939265
v 0.13316965 0.00270168 0.15933613
v 0.13294742 0.00263505 0.15944929
v 0.13280407 0.00263027 0.15918562
v 0.13284925 0.00254915 0.15949924
v 0.13270820 0.00243642 0.15940275
v 0.13270881 0.00254403 0.15923411
v 0.13264015 0.00243642 0.15926908
v 0.13277624 0.00243642 0.15953641
v 0.14973858 0.01586626 0.12699857
v 0.14934137 0.01490153 0.12696808
v 0.14934137 0.01586807 0.12696808
v 0.14896622 0.01490153 0.12683412
v 0.14896622 0.01587060 0.12683412
v 0.14864969 0.01538754 0.12661534
v 0.14864969 0.01587356 0.12661534
v 0.15011677 0.01538342 0.12692772
v 0.15011677 0.01586532 0.12692772
v 0.14973858 0.01490153 0.12699857
v 0.15011677 0.01490153 0.12692772
v 0.14864969 0.01490153 0.12661534
v 0.14023752 -0.00659819 0.15430170
v 0.14025508 -0.00658984 0.15413566
v 0.14017399 -0.00659819 0.15417695
v 0.14041783 -0.00651669 0.15405281
v 0.14052855 -0.00656309 0.15446772
v 0.14060837 -0.00651669 0.15442710
v 0.14033801 -0.00656309 0.15409342
v 0.14067960 -0.00645175 0.15439082
v 0.14048907 -0.00645175 0.15401652
v 0.14054694 -0.00637180 0.15398707
v 0.14077884 -0.00628225 0.15434031
v 0.14058829 -0.00628225 0.15396602
v 0.14068308 -0.00609820 0.15407487
v 0.14061957 -0.00609820 0.15395009
v 0.14061212 -0.00618918 0.15395387
v 0.14073749 -0.00637180 0.15436137
v 0.14030103 -0.00659819 0.15442646
v 0.14044562 -0.00658984 0.15450995
v 0.14036454 -0.00659819 0.15455121
v 0.14074660 -0.00609820 0.15419963
v 0.14080268 -0.00618918 0.15432817
v 0.14081012 -0.00609820 0.15432438
v 0.16722687 -0.01394652 0.12693200
v 0.16773584 -0.01509807 0.12536737
v 0.16719498 -0.01509807 0.12703003
v 0.16665411 -0.01509807 0.12869270
v 0.16773584 -0.01409047 0.12536737
v 0.16629438 -0.01368279 0.12979851
v 0.16547673 -0.01468813 0.13231198
v 0.16643960 -0.01480348 0.12935206
v 0.16451386 -0.01457278 0.13527191
v 0.16536189 -0.01341908 0.13266503
v 0.16363530 -0.01409183 0.13797259
v 0.16442939 -0.01315535 0.13553155
v 0.16328182 -0.01274894 0.13905916
v 0.16349691 -0.01289162 0.13839805
v 0.16284069 -0.01280967 0.14041522
v 0.16719497 0.01490153 0.12703004
v 0.16756037 0.01384428 0.12590682
v 0.16738488 0.01379465 0.12644625
v 0.16773584 0.01490153 0.12536737
v 0.16773584 0.01389391 0.12536737
v 0.16665411 0.01490153 0.12869270
v 0.16641290 0.01351976 0.12943422
v 0.16643960 0.01460692 0.12935206
v 0.16446889 0.01296996 0.13541010
v 0.16451386 0.01437623 0.13527191
v 0.16544090 0.01324486 0.13242216
v 0.16363529 0.01389527 0.13797259
v 0.16349690 0.01269507 0.13839805
v 0.16328211 0.01255269 0.13905831
v 0.16547673 0.01449158 0.13231198
v 0.16284068 0.01261312 0.14041522
v 0.16290255 -0.01204665 0.14022513
v 0.16308076 -0.01245814 0.13967726
v 0.16274993 -0.01153251 0.14069423
v 0.16253823 -0.01191849 0.14134504
v 0.16262844 -0.01094297 0.14106774
v 0.16232213 -0.01092876 0.14200932
v 0.16253930 -0.01029131 0.14134176
v 0.16215797 -0.00889816 0.14251392
v 0.16246734 -0.00889816 0.14156298
v 0.16246734 -0.00596486 0.14156298
v 0.16215797 -0.00596486 0.14251392
v 0.16246733 -0.00303157 0.14156298
v 0.16246733 -0.00009828 0.14156298
v 0.16215797 -0.00303157 0.14251392
v 0.16215797 -0.00009828 0.14251392
v 0.16253987 0.01010011 0.14134000
v 0.16232213 0.01073221 0.14200932
v 0.16262846 0.01074666 0.14106760
v 0.16253822 0.01172193 0.14134504
v 0.16308123 0.01226245 0.13967585
v 0.16275050 0.01133822 0.14069251
v 0.16248555 0.00941066 0.14150695
v 0.16246733 0.00283502 0.14156298
v 0.16246733 0.00576831 0.14156298
v 0.16215797 0.00283502 0.14251392
v 0.16215797 0.00576831 0.14251392
v 0.16246733 0.00870161 0.14156298
v 0.16215797 0.00870161 0.14251392
v 0.09825474 0.01340154 0.15383607
v 0.09866391 0.01415153 0.15463981
v 0.09866391 0.01340154 0.15463981
v 0.09786999 0.01490152 0.15308031
v 0.09866391 0.01490152 0.15463981
v 0.09766541 0.01415153 0.15267843
v 0.09707607 0.01490152 0.15152079
v 0.15179641 0.00535799 0.14778884
v 0.15156956 0.00702980 0.14734326
v 0.15179641 0.00702980 0.14778884
v 0.15156956 0.00870161 0.14734326
v 0.15179641 0.00870161 0.14778884
v 0.13968518 -0.00104112 0.15601917
v 0.14051904 -0.00104112 0.15559469
v 0.14051904 0.00084457 0.15559469
v 0.14051904 -0.00292681 0.15559469
v 0.13968518 -0.00292681 0.15601917
v 0.14051904 -0.00481250 0.15559469
v 0.13968518 -0.00481250 0.15601917
v 0.13885130 -0.00104112 0.15644369
v 0.13885130 -0.00292681 0.15644369
v 0.13885130 -0.00481250 0.15644369
v 0.13885130 0.00273025 0.15644369
v 0.13801745 0.00461594 0.15686821
v 0.13801745 0.00273025 0.15686821
v 0.13801745 -0.00292682 0.15686821
v 0.13801745 -0.00481250 0.15686821
v 0.13718359 0.00461594 0.15729270
v 0.13718359 0.00273025 0.15729270
v 0.13801745 0.00084457 0.15686821
v 0.13718359 0.00084457 0.15729270
v 0.13634970 0.00461594 0.15771722
v 0.13634970 0.00273025 0.15771722
v 0.13634970 0.00084457 0.15771722
v 0.13634970 -0.00104113 0.15771722
v 0.14135289 0.00550165 0.15517017
v 0.14133790 0.00568372 0.15517780
v 0.14129033 0.00586974 0.15520203
v 0.14135289 0.00410166 0.15517017
v 0.14074593 0.00343647 0.15547918
v 0.14080293 0.00338452 0.15545016
v 0.14120745 0.00604879 0.15524420
v 0.14109190 0.00620874 0.15530304
v 0.14094935 0.00633842 0.15537561
v 0.14051904 0.00461594 0.15559469
v 0.14084922 0.00332056 0.15542657
v 0.14135289 0.00270168 0.15517017
v 0.14090138 0.00317446 0.15540002
v 0.14090138 0.00302889 0.15540002
v 0.14090733 0.00310168 0.15539700
v 0.14088230 0.00324892 0.15540976
v 0.14135289 0.00130170 0.15517017
v 0.14080293 0.00281884 0.15545016
v 0.14074593 0.00276688 0.15547918
v 0.14084922 0.00288280 0.15542657
v 0.14088230 0.00295444 0.15540976
v 0.14078979 0.00643142 0.15545684
v 0.14062402 0.00648480 0.15554122
v 0.14046175 0.00650163 0.15562383
v 0.14027753 0.00350167 0.15571764
v 0.14055087 0.00350167 0.15557848
v 0.13944806 0.00650163 0.15613990
v 0.14061572 0.00349499 0.15554546
v 0.13885130 0.00461594 0.15644369
v 0.13843437 0.00650163 0.15665594
v 0.14000420 0.00350167 0.15585677
v 0.13988729 0.00348416 0.15591630
v 0.13977471 0.00343026 0.15597361
v 0.14068208 0.00347359 0.15551168
v 0.13967945 0.00334402 0.15602210
v 0.13961078 0.00323641 0.15605705
v 0.13905455 0.00206253 0.15634024
v 0.13849830 0.00088866 0.15662341
v 0.14068208 0.00272977 0.15551168
v 0.14135289 -0.00149826 0.15517017
v 0.14135289 -0.00009828 0.15517017
v 0.14061572 0.00270836 0.15554546
v 0.14055087 0.00270168 0.15557848
v 0.14135289 -0.00289824 0.15517017
v 0.14135289 -0.00429823 0.15517017
v 0.14043255 0.00270168 0.15563869
v 0.14120745 -0.00624535 0.15524420
v 0.14129034 -0.00606630 0.15520203
v 0.14135289 -0.00569820 0.15517017
v 0.14133790 -0.00588028 0.15517780
v 0.14109190 -0.00640530 0.15530304
v 0.14094935 -0.00653498 0.15537561
v 0.14078979 -0.00662798 0.15545684
v 0.14062402 -0.00668136 0.15554122
v 0.14032153 0.00268591 0.15569521
v 0.14021032 0.00263505 0.15575185
v 0.14003914 0.00243642 0.15583897
v 0.14011215 0.00254915 0.15580180
v 0.13837044 -0.00108521 0.15668850
v 0.13892668 0.00008866 0.15640533
v 0.13948291 0.00126254 0.15612217
v 0.14046175 -0.00669819 0.15562383
v 0.13944806 -0.00669819 0.15613990
v 0.13843437 -0.00669819 0.15665594
v 0.13794207 -0.00028523 0.15690657
v 0.13640700 0.00650163 0.15768804
v 0.13742068 0.00650163 0.15717201
v 0.13738584 -0.00145910 0.15718974
v 0.13682962 -0.00263298 0.15747290
v 0.13675659 -0.00274571 0.15751007
v 0.13679682 -0.00269191 0.15748959
v 0.13670999 -0.00279272 0.15753381
v 0.13665842 -0.00283161 0.15756006
v 0.13660359 -0.00286162 0.15758798
v 0.13654721 -0.00288247 0.15761666
v 0.13643619 -0.00289824 0.15767318
v 0.13781422 -0.00225909 0.15697166
v 0.13624474 0.00648480 0.15777065
v 0.13607897 0.00643142 0.15785506
v 0.13591942 0.00633842 0.15793627
v 0.13551585 0.00550165 0.15814174
v 0.13577687 0.00620874 0.15800884
v 0.13566130 0.00604879 0.15806767
v 0.13557841 0.00586974 0.15810988
v 0.13553085 0.00568372 0.15813408
v 0.13551585 0.00130170 0.15814174
v 0.13625302 -0.00290492 0.15776644
v 0.13631789 -0.00289824 0.15773342
v 0.13551585 -0.00009828 0.15814174
v 0.13551585 0.00410166 0.15814174
v 0.13551585 0.00270168 0.15814174
v 0.13551585 -0.00149826 0.15814174
v 0.13612285 -0.00296344 0.15783272
v 0.13725800 -0.00343297 0.15725483
v 0.13718931 -0.00354058 0.15728980
v 0.13709406 -0.00362682 0.15733829
v 0.13618668 -0.00292633 0.15780022
v 0.13618668 -0.00367015 0.15780022
v 0.13612285 -0.00363303 0.15783272
v 0.13634970 -0.00481250 0.15771722
v 0.13698148 -0.00368072 0.15739560
v 0.13742068 -0.00669819 0.15717201
v 0.13686457 -0.00369823 0.15745511
v 0.13659122 -0.00369823 0.15759427
v 0.13631789 -0.00369823 0.15773342
v 0.13625302 -0.00369155 0.15776644
v 0.13624474 -0.00668136 0.15777065
v 0.13640700 -0.00669819 0.15768804
v 0.13607898 -0.00662798 0.15785506
v 0.13551585 -0.00289824 0.15814174
v 0.13601954 -0.00307936 0.15788530
v 0.13606584 -0.00301540 0.15786174
v 0.13598646 -0.00315100 0.15790215
v 0.13596144 -0.00329824 0.15791490
v 0.13596739 -0.00322545 0.15791185
v 0.13596739 -0.00337102 0.15791185
v 0.13551585 -0.00429823 0.15814174
v 0.13598646 -0.00344547 0.15790215
v 0.13601954 -0.00351712 0.15788530
v 0.13577687 -0.00640530 0.15800884
v 0.13551585 -0.00569821 0.15814174
v 0.13591942 -0.00653498 0.15793627
v 0.13606584 -0.00358108 0.15786174
v 0.13566130 -0.00624535 0.15806767
v 0.13557841 -0.00606630 0.15810988
v 0.13553085 -0.00588028 0.15813408
v 0.16383380 0.01045385 0.14173811
v 0.16440798 0.01130881 0.14111574
v 0.16458808 0.01208289 0.14056209
v 0.16461768 0.01321923 0.13932839
v 0.16506321 0.01321923 0.13910157
v 0.16532938 0.01353645 0.13828333
v 0.16481094 0.01273034 0.13987703
v 0.16373580 0.00870161 0.14203933
v 0.16418133 0.00870161 0.14181251
v 0.16420475 0.00956902 0.14174048
v 0.16427932 0.01045384 0.14151129
v 0.16369690 0.01208289 0.14101580
v 0.16470348 0.01368749 0.13792158
v 0.16559467 0.01368749 0.13746788
v 0.16417200 0.01321923 0.13955527
v 0.16338812 0.01045385 0.14196500
v 0.16329014 0.00870161 0.14226620
v 0.12059096 -0.00646388 0.16423615
v 0.12037896 -0.00664202 0.16322197
v 0.12013726 -0.00646388 0.16334498
v 0.12043219 -0.00619268 0.16431696
v 0.11997851 -0.00619268 0.16342582
v 0.12038213 -0.00589821 0.16434244
v 0.12015530 -0.00589821 0.16389689
v 0.12086821 -0.00669819 0.16353395
v 0.12083264 -0.00664202 0.16411311
v 0.12109506 -0.00669819 0.16397951
v 0.12064138 -0.00669819 0.16308837
v 0.11992847 -0.00589821 0.16345131
v 0.11975249 -0.00609821 0.16508940
v 0.11996118 -0.00609821 0.16549935
v 0.11994185 -0.00633475 0.16550916
v 0.11977234 -0.00680957 0.16559547
v 0.11946246 -0.00657672 0.16472088
v 0.11987984 -0.00657672 0.16554075
v 0.11920448 -0.00701743 0.16485222
v 0.11935496 -0.00680957 0.16477560
v 0.11952447 -0.00633475 0.16468932
v 0.11954380 -0.00609821 0.16467946
v 0.11943663 -0.00718628 0.16576637
v 0.11881174 -0.00730691 0.16505217
v 0.11901924 -0.00718628 0.16494652
v 0.11859399 -0.00739819 0.16567917
v 0.11901348 -0.00737648 0.16598178
v 0.11880268 -0.00739819 0.16608911
v 0.11922912 -0.00730691 0.16587201
v 0.11859610 -0.00737648 0.16516193
v 0.11838529 -0.00739819 0.16526923
v 0.13112491 -0.00449822 0.15701077
v 0.13067123 -0.00339824 0.15611960
v 0.13067123 -0.00449822 0.15611960
v 0.13067123 -0.00119827 0.15611960
v 0.13067123 -0.00229825 0.15611960
v 0.13112491 0.00430166 0.15701077
v 0.13067123 0.00100170 0.15611960
v 0.13067123 -0.00009828 0.15611960
v 0.13067123 0.00320168 0.15611960
v 0.13067123 0.00210169 0.15611960
v 0.13157858 -0.00449822 0.15790190
v 0.13203225 -0.00449822 0.15879307
v 0.13203225 -0.00009828 0.15879307
v 0.13157858 0.00430166 0.15790190
v 0.13067123 0.00430166 0.15611960
v 0.13203225 0.00430166 0.15879307
v 0.16418133 -0.00009828 0.14181249
v 0.16418133 0.00870161 0.14181251
v 0.16373580 0.00870161 0.14203933
v 0.16329014 -0.00303157 0.14226620
v 0.16418133 -0.00889816 0.14181249
v 0.16329014 0.00870161 0.14226620
v 0.16329014 0.00283502 0.14226620
v 0.16329014 -0.00889816 0.14226620
v 0.12606557 -0.00739819 0.16239167
v 0.12616979 -0.00739298 0.16233851
v 0.12600141 -0.00705169 0.16270206
v 0.12627658 -0.00737654 0.16228407
v 0.12669953 -0.00718619 0.16206877
v 0.12656288 -0.00686375 0.16241621
v 0.12659767 -0.00725290 0.16212071
v 0.12649201 -0.00730691 0.16217458
v 0.12637913 -0.00697084 0.16250978
v 0.12688474 -0.00701745 0.16197463
v 0.12593595 -0.00669819 0.16301871
v 0.12609822 -0.00668136 0.16293610
v 0.12642355 -0.00653498 0.16277048
v 0.12656610 -0.00640531 0.16269791
v 0.12626399 -0.00662799 0.16285172
v 0.12672703 -0.00671443 0.16233266
v 0.12703492 -0.00680938 0.16189831
v 0.12686009 -0.00653024 0.16226491
v 0.12709432 -0.00669495 0.16186825
v 0.12701030 -0.00610987 0.16218843
v 0.12720449 -0.00633480 0.16181201
v 0.12721931 -0.00621510 0.16180432
v 0.12714247 -0.00657635 0.16184387
v 0.12695553 -0.00632406 0.16221633
v 0.12722409 -0.00609820 0.16180190
v 0.12668165 -0.00624535 0.16263908
v 0.12676454 -0.00606630 0.16259690
v 0.12682710 -0.00569821 0.16256504
v 0.12681211 -0.00588029 0.16257267
v 0.14775820 0.01588333 0.12581209
v 0.14775820 0.01490153 0.12581209
v 0.14686672 0.01539732 0.12500882
v 0.14686672 0.01490153 0.12500882
v 0.14686672 0.01589311 0.12500882
v 0.14864969 0.01538754 0.12661534
v 0.14864969 0.01587356 0.12661534
v 0.14864969 0.01490153 0.12661534
v 0.13554546 -0.00739818 0.15687738
v 0.13540633 -0.00739818 0.15660410
v 0.13659825 -0.00739818 0.15599730
v 0.13568459 -0.00739818 0.15715066
v 0.13820754 -0.00739818 0.15621038
v 0.13582371 -0.00739818 0.15742394
v 0.14038269 -0.00739818 0.15458686
v 0.13898208 -0.00739818 0.15478371
v 0.14017399 -0.00739818 0.15417695
v 0.14059137 -0.00739818 0.15499680
v 0.13779016 -0.00739818 0.15539051
v 0.07921995 -0.01480349 0.17375434
v 0.07899751 -0.01509809 0.17331742
v 0.07365051 -0.01509809 0.17603952
v 0.07130599 -0.01480349 0.17778324
v 0.06830350 -0.01509809 0.17876157
v 0.06295648 -0.01509809 0.18148367
v 0.06339202 -0.01480350 0.18181213
v 0.12951094 -0.00369823 0.16097433
v 0.12919221 -0.00369823 0.16102437
v 0.12955628 -0.00369823 0.16106344
v 0.12932832 -0.00369823 0.16129170
v 0.12960166 -0.00369823 0.16115255
v 0.12946556 -0.00369823 0.16088522
v 0.12896425 -0.00369823 0.16125264
v 0.12891889 -0.00369823 0.16116350
v 0.12900962 -0.00369823 0.16134175
v 0.12905499 -0.00369823 0.16143086
v 0.13448696 0.00590164 0.15810447
v 0.13448229 0.00601863 0.15810673
v 0.13429047 0.00570364 0.15848221
v 0.13446761 0.00613850 0.15811411
v 0.13429798 0.00661308 0.15820050
v 0.13412299 0.00633368 0.15856747
v 0.13435747 0.00649876 0.15817029
v 0.13440563 0.00638016 0.15814588
v 0.13421842 0.00612750 0.15851889
v 0.13414768 0.00682085 0.15827719
v 0.13409000 0.00550165 0.15886761
v 0.13407500 0.00568372 0.15887524
v 0.13394455 0.00604879 0.15894164
v 0.13382900 0.00620874 0.15900048
v 0.13402743 0.00586974 0.15889947
v 0.13398993 0.00651786 0.15863522
v 0.13396230 0.00698932 0.15837167
v 0.13382578 0.00666719 0.15871877
v 0.13386040 0.00705588 0.15842373
v 0.13345114 0.00683575 0.15890950
v 0.13353937 0.00717958 0.15858700
v 0.13343265 0.00719626 0.15864120
v 0.13375475 0.00710985 0.15847763
v 0.13364203 0.00677428 0.15881234
v 0.13332846 0.00720162 0.15869423
v 0.13368645 0.00633842 0.15907305
v 0.13352689 0.00643142 0.15915428
v 0.13319885 0.00650163 0.15932127
v 0.13336112 0.00648480 0.15923866
v 0.11289571 -0.00633506 0.16909607
v 0.11374216 -0.00588029 0.16922639
v 0.11288111 -0.00621519 0.16910358
v 0.11300596 -0.00669532 0.16904005
v 0.11378973 -0.00606630 0.16920219
v 0.11295784 -0.00657672 0.16906462
v 0.11306537 -0.00680965 0.16900975
v 0.11387260 -0.00624535 0.16915998
v 0.11287652 -0.00609821 0.16910603
v 0.11372715 -0.00569821 0.16923405
v 0.11398816 -0.00640531 0.16910115
v 0.11321581 -0.00701741 0.16893330
v 0.11429029 -0.00662799 0.16894735
v 0.11350334 -0.00725245 0.16878721
v 0.11360908 -0.00730642 0.16873351
v 0.11413071 -0.00653498 0.16902858
v 0.11340129 -0.00718588 0.16883900
v 0.11393084 -0.00739283 0.16856929
v 0.11445606 -0.00668137 0.16886297
v 0.11382423 -0.00737614 0.16862371
v 0.11403501 -0.00739819 0.16851626
v 0.11432666 -0.00704819 0.16864830
v 0.11461832 -0.00669820 0.16878035
v 0.15870412 0.00870161 0.14427222
v 0.16232213 0.01073221 0.14200932
v 0.16215797 0.00870161 0.14251392
v 0.15525026 0.00870161 0.14603053
v 0.15179641 0.00870161 0.14778884
v 0.12603216 0.01071629 0.16049082
v 0.16253822 0.01172193 0.14134504
v 0.13734234 0.01437623 0.14910455
v 0.16451386 0.01437623 0.13527191
v 0.16363529 0.01389527 0.13797259
v 0.16284068 0.01261312 0.14041522
v 0.12467474 0.01388829 0.15782440
v 0.09861856 0.00870160 0.17486094
v 0.12520747 0.00870160 0.16132488
v 0.08527215 0.01073220 0.18123435
v 0.09203045 0.00870160 0.17821482
v 0.08544236 0.00870160 0.18156873
v 0.08391037 0.01389526 0.17855942
v 0.11017081 0.01437623 0.16293717
v 0.08473438 0.01261310 0.18017803
v 0.08299929 0.01437622 0.17676979
v 0.12527942 -0.00669819 0.16128826
v 0.12284699 -0.00669819 0.16196551
v 0.12550627 -0.00669819 0.16173384
v 0.12330067 -0.00669819 0.16285667
v 0.12505259 -0.00669819 0.16084267
v 0.12064138 -0.00669819 0.16308837
v 0.12086821 -0.00669819 0.16353395
v 0.12109506 -0.00669819 0.16397951
v 0.11354158 -0.00464546 0.16484006
v 0.11351654 -0.00449823 0.16485282
v 0.11397021 -0.00449823 0.16574396
v 0.11362095 -0.00478107 0.16479966
v 0.11490259 -0.00464546 0.16751353
v 0.11498197 -0.00478107 0.16747312
v 0.11478035 -0.00489822 0.16645363
v 0.11432667 -0.00489822 0.16556250
v 0.11374179 -0.00487014 0.16473814
v 0.11387299 -0.00489822 0.16467134
v 0.11510282 -0.00487014 0.16741160
v 0.11442388 -0.00449823 0.16663512
v 0.11487757 -0.00449823 0.16752629
v 0.11523401 -0.00489822 0.16734481
v 0.11844883 -0.00659820 0.16539402
v 0.11719338 -0.00659820 0.16587603
v 0.11851233 -0.00659820 0.16551877
v 0.11838529 -0.00659820 0.16526923
v 0.11738392 -0.00659820 0.16625032
v 0.11857584 -0.00659820 0.16564352
v 0.11619201 -0.00659820 0.16685712
v 0.11600146 -0.00659820 0.16648282
v 0.11480955 -0.00659820 0.16708962
v 0.11500010 -0.00659820 0.16746388
v 0.11361764 -0.00659820 0.16769641
v 0.11374466 -0.00659820 0.16794592
v 0.11380818 -0.00659820 0.16807068
v 0.11368114 -0.00659820 0.16782117
v 0.13967945 0.00334402 0.15602210
v 0.13961078 0.00323641 0.15605705
v 0.13954273 0.00323641 0.15592338
v 0.13977471 0.00343026 0.15597361
v 0.13954769 0.00334914 0.15575255
v 0.13964585 0.00343504 0.15570256
v 0.13988729 0.00348416 0.15591630
v 0.13975705 0.00348590 0.15564595
v 0.13993614 0.00350167 0.15572310
v 0.14000420 0.00350167 0.15585677
v 0.13986809 0.00350167 0.15558943
v 0.13947467 0.00323641 0.15578971
v 0.12823664 0.00528495 0.15735901
v 0.12907930 0.00530165 0.15861321
v 0.12839879 0.00530165 0.15727646
v 0.12959765 0.00528495 0.16003248
v 0.12807076 0.00523143 0.15744348
v 0.12927218 0.00513864 0.16019818
v 0.12943178 0.00523143 0.16011692
v 0.12975981 0.00530165 0.15994993
v 0.12912967 0.00500876 0.16027072
v 0.12791115 0.00513864 0.15752472
v 0.12776865 0.00500876 0.15759725
v 0.12765291 0.00484886 0.15765618
v 0.12757022 0.00466975 0.15769829
v 0.12888353 0.00448362 0.16039602
v 0.12893123 0.00466975 0.16037176
v 0.12818815 0.00430166 0.15906687
v 0.12752252 0.00448362 0.15772255
v 0.12750764 0.00430166 0.15773015
v 0.12901392 0.00484886 0.16032965
v 0.12886866 0.00430166 0.16040359
v 0.13993614 0.00350167 0.15572310
v 0.13986809 0.00350167 0.15558943
v 0.14014142 0.00350167 0.15545028
v 0.14027753 0.00350167 0.15571764
v 0.14000420 0.00350167 0.15585677
v 0.14046014 0.00350167 0.15540023
v 0.14050549 0.00350167 0.15548937
v 0.14055087 0.00350167 0.15557848
v 0.14041477 0.00350167 0.15531112
v 0.11852443 0.00720162 0.16554254
v 0.11719337 0.00720162 0.16587603
v 0.11866355 0.00720162 0.16581582
v 0.11838529 0.00720162 0.16526923
v 0.11721345 0.00720162 0.16689817
v 0.11880268 0.00720162 0.16608911
v 0.11600146 0.00720162 0.16648282
v 0.11480955 0.00720162 0.16708962
v 0.11562423 0.00720162 0.16770719
v 0.11361763 0.00720162 0.16769641
v 0.11375676 0.00720162 0.16796970
v 0.11389588 0.00720162 0.16824297
v 0.11403501 0.00720162 0.16851626
v 0.16942560 0.01477096 0.12569132
v 0.16756524 0.01449684 0.12912438
v 0.16814861 0.01440981 0.12961685
v 0.16687163 0.01404865 0.13354237
v 0.16899613 0.01490153 0.12472579
v 0.16613435 0.01409217 0.13352298
v 0.16470348 0.01368749 0.13792158
v 0.16559467 0.01368749 0.13746788
v 0.13515130 0.00590164 0.15720519
v 0.13595970 0.00454451 0.15679367
v 0.13515130 0.00456832 0.15720519
v 0.13518258 0.00608568 0.15718929
v 0.13528179 0.00625519 0.15713876
v 0.13543285 0.00636653 0.15706186
v 0.13559687 0.00640163 0.15697836
v 0.13515130 0.00190169 0.15720519
v 0.13515130 0.00323501 0.15720519
v 0.13595970 0.00083028 0.15679367
v 0.13515130 0.00056838 0.15720519
v 0.13595970 -0.00102684 0.15679367
v 0.13515130 -0.00076494 0.15720519
v 0.13613156 0.00053028 0.15670615
v 0.13613156 -0.00072684 0.15670615
v 0.13613156 0.00304453 0.15670615
v 0.13613156 0.00178741 0.15670615
v 0.13627682 0.00484886 0.15663221
v 0.13678879 0.00640163 0.15637160
v 0.13653508 0.00513864 0.15650074
v 0.13639258 0.00500876 0.15657328
v 0.13669468 0.00523144 0.15641948
v 0.13702271 0.00530165 0.15625249
v 0.13798071 0.00640163 0.15576480
v 0.13686055 0.00528496 0.15633504
v 0.13619413 0.00466975 0.15667432
v 0.13614644 0.00448362 0.15669858
v 0.13613156 0.00430166 0.15670615
v 0.13595970 -0.00288396 0.15679367
v 0.13515130 -0.00343157 0.15720519
v 0.13515130 -0.00209826 0.15720519
v 0.13595970 -0.00474108 0.15679367
v 0.13515130 -0.00476488 0.15720519
v 0.13551580 -0.00658984 0.15701965
v 0.13515130 -0.00609820 0.15720519
v 0.13613156 -0.00198397 0.15670615
v 0.13518258 -0.00628225 0.15718929
v 0.13515873 -0.00618918 0.15720141
v 0.13522393 -0.00637180 0.15716824
v 0.13528179 -0.00645175 0.15713876
v 0.13535305 -0.00651669 0.15710250
v 0.13543285 -0.00656309 0.15706185
v 0.13559687 -0.00659820 0.15697836
v 0.13613156 -0.00449822 0.15670615
v 0.13613156 -0.00324110 0.15670615
v 0.13614644 -0.00468018 0.15669858
v 0.13619413 -0.00486631 0.15667432
v 0.13627682 -0.00504542 0.15663221
v 0.13639258 -0.00520532 0.15657328
v 0.13678880 -0.00659820 0.15637160
v 0.13653508 -0.00533521 0.15650074
v 0.13669468 -0.00542800 0.15641948
v 0.13686056 -0.00548151 0.15633504
v 0.13702272 -0.00549821 0.15625249
v 0.13798072 -0.00659820 0.15576480
v 0.13798071 0.00530165 0.15576480
v 0.13893870 0.00530165 0.15527708
v 0.13917262 0.00640163 0.15515801
v 0.13910084 0.00528496 0.15519454
v 0.13926672 0.00523144 0.15511010
v 0.13942634 0.00513864 0.15502883
v 0.13956883 0.00500876 0.15495629
v 0.14036454 0.00640163 0.15455121
v 0.13968458 0.00484886 0.15489736
v 0.14000171 0.00454451 0.15473593
v 0.13976729 0.00466975 0.15485528
v 0.13982985 0.00430166 0.15482342
v 0.13981497 0.00448362 0.15483099
v 0.13982985 0.00304453 0.15482342
v 0.14000171 0.00083028 0.15473593
v 0.14081012 0.00590164 0.15432438
v 0.14052855 0.00636653 0.15446772
v 0.14067960 0.00625519 0.15439082
v 0.14077884 0.00608568 0.15434031
v 0.14081012 0.00456832 0.15432438
v 0.14081012 0.00323501 0.15432438
v 0.13982985 -0.00072684 0.15482342
v 0.13982985 0.00053028 0.15482342
v 0.13982985 0.00178741 0.15482342
v 0.14000171 -0.00102684 0.15473593
v 0.14081012 -0.00076494 0.15432438
v 0.14081012 0.00056838 0.15432438
v 0.14081012 0.00190169 0.15432438
v 0.14000172 -0.00474108 0.15473593
v 0.13976729 -0.00486631 0.15485528
v 0.13981497 -0.00468018 0.15483099
v 0.13968458 -0.00504542 0.15489736
v 0.14036454 -0.00659819 0.15455121
v 0.13956883 -0.00520532 0.15495629
v 0.14000172 -0.00288396 0.15473593
v 0.13982985 -0.00324110 0.15482342
v 0.13982985 -0.00198397 0.15482342
v 0.13982985 -0.00449822 0.15482342
v 0.14081012 -0.00209825 0.15432438
v 0.13893870 -0.00549821 0.15527708
v 0.13917262 -0.00659819 0.15515801
v 0.13910085 -0.00548151 0.15519454
v 0.13942634 -0.00533521 0.15502883
v 0.13926672 -0.00542800 0.15511010
v 0.14081012 -0.00609820 0.15432438
v 0.14044562 -0.00658984 0.15450995
v 0.14081012 -0.00343157 0.15432438
v 0.14081012 -0.00476488 0.15432438
v 0.14080268 -0.00618918 0.15432817
v 0.14077884 -0.00628225 0.15434031
v 0.14052855 -0.00656309 0.15446772
v 0.14073749 -0.00637180 0.15436137
v 0.14067960 -0.00645175 0.15439082
v 0.14060837 -0.00651669 0.15442710
v 0.14114350 -0.00789818 0.15377315
v 0.14183796 -0.00782811 0.15398064
v 0.14161112 -0.00782811 0.15353509
v 0.14184184 -0.00773826 0.15341763
v 0.14206867 -0.00773826 0.15386322
v 0.14226348 -0.00745396 0.15320298
v 0.14228828 -0.00761251 0.15375140
v 0.14249032 -0.00745396 0.15364856
v 0.14244250 -0.00726756 0.15311185
v 0.14294401 -0.00683713 0.15341758
v 0.14271718 -0.00683713 0.15297200
v 0.14266932 -0.00726756 0.15355741
v 0.14206144 -0.00761251 0.15330582
v 0.11368114 0.00640163 0.16782117
v 0.11353655 0.00639328 0.16773767
v 0.11361763 0.00640163 0.16769641
v 0.11354888 0.00636652 0.16796704
v 0.11345362 0.00636652 0.16777991
v 0.11337380 0.00632013 0.16782053
v 0.11374466 0.00640163 0.16794592
v 0.11330256 0.00625518 0.16785681
v 0.11329860 0.00608568 0.16809444
v 0.11324468 0.00617524 0.16788625
v 0.11320333 0.00608568 0.16790731
v 0.11317950 0.00599262 0.16791945
v 0.11317205 0.00590163 0.16792324
v 0.11323556 0.00590163 0.16804799
v 0.11372710 0.00639328 0.16811196
v 0.11380818 0.00640163 0.16807068
v 0.11364415 0.00636652 0.16815416
v 0.11356435 0.00632013 0.16819481
v 0.11349310 0.00625518 0.16823107
v 0.11343523 0.00617524 0.16826055
v 0.11337004 0.00599262 0.16829372
v 0.11329909 0.00590163 0.16817275
v 0.11339388 0.00608568 0.16828161
v 0.11336260 0.00590163 0.16829751
v 0.09749855 0.00664057 0.17655323
v 0.09576947 0.00299149 0.17743346
v 0.09554262 0.00299149 0.17698790
v 0.09381355 -0.00065758 0.17786813
v 0.09727171 0.00664057 0.17610765
v 0.09404039 -0.00065758 0.17831372
v 0.09231131 -0.00430665 0.17919397
v 0.09208447 -0.00430665 0.17874838
v 0.10630684 -0.00734202 0.17150799
v 0.10656926 -0.00739819 0.17137438
v 0.10634243 -0.00739819 0.17092882
v 0.10606516 -0.00716388 0.17163102
v 0.10585316 -0.00734202 0.17061684
v 0.10561148 -0.00716388 0.17073986
v 0.10590639 -0.00689267 0.17171183
v 0.10545271 -0.00689267 0.17082070
v 0.10562950 -0.00659820 0.17129176
v 0.10585634 -0.00659820 0.17173732
v 0.10540266 -0.00659820 0.17084618
v 0.10611558 -0.00739819 0.17048325
v 0.12214045 -0.00009828 0.16382885
v 0.12214045 -0.00449822 0.16382885
v 0.12168678 -0.00449822 0.16293768
v 0.12077944 -0.00009828 0.16115538
v 0.12145994 0.00430166 0.16249210
v 0.12214045 0.00430166 0.16382885
v 0.12077944 -0.00449822 0.16115538
v 0.12077944 -0.00339824 0.16115538
v 0.12123311 -0.00449822 0.16204652
v 0.12077944 -0.00229826 0.16115538
v 0.12077944 -0.00119827 0.16115538
v 0.12077944 0.00100170 0.16115538
v 0.12077944 0.00210169 0.16115538
v 0.12077944 0.00320167 0.16115538
v 0.12077944 0.00430166 0.16115538
v 0.12408886 -0.00449822 0.16115376
v 0.12340834 -0.00339824 0.15981704
v 0.12340834 -0.00449822 0.15981704
v 0.12340834 -0.00229826 0.15981704
v 0.12340834 -0.00009828 0.15981704
v 0.12340834 -0.00119827 0.15981704
v 0.12386201 0.00430166 0.16070821
v 0.12340833 0.00210169 0.15981704
v 0.12340833 0.00100170 0.15981704
v 0.12340833 0.00320167 0.15981704
v 0.12476935 -0.00009828 0.16249051
v 0.12476935 -0.00449822 0.16249051
v 0.12340833 0.00430166 0.15981704
v 0.12476935 0.00430166 0.16249051
v 0.12431568 0.00430166 0.16159934
v 0.12740231 -0.00609820 0.16171115
v 0.12740689 -0.00621519 0.16170871
v 0.12782338 -0.00590020 0.16177454
v 0.12742151 -0.00633506 0.16170120
v 0.12759116 -0.00680965 0.16161487
v 0.12799087 -0.00653024 0.16168927
v 0.12753174 -0.00669532 0.16164517
v 0.12748364 -0.00657672 0.16166974
v 0.12789543 -0.00632406 0.16173785
v 0.12774161 -0.00701741 0.16153842
v 0.12825295 -0.00569821 0.16183917
v 0.12826795 -0.00588028 0.16183151
v 0.12839840 -0.00624535 0.16176511
v 0.12851397 -0.00640531 0.16170627
v 0.12831551 -0.00606630 0.16180731
v 0.12812392 -0.00671443 0.16162152
v 0.12792708 -0.00718588 0.16144413
v 0.12828808 -0.00686375 0.16153794
v 0.12802913 -0.00725244 0.16139237
v 0.12866269 -0.00703231 0.16134724
v 0.12835001 -0.00737614 0.16122883
v 0.12845662 -0.00739283 0.16117442
v 0.12813487 -0.00730641 0.16133863
v 0.12847182 -0.00697084 0.16144441
v 0.12856081 -0.00739819 0.16112138
v 0.12865651 -0.00653498 0.16163370
v 0.12881609 -0.00662799 0.16155250
v 0.12914410 -0.00669819 0.16138548
v 0.12898184 -0.00668136 0.16146809
v 0.11455352 0.00470165 0.16600809
v 0.11387299 0.00470165 0.16467134
v 0.11483099 0.00470165 0.16418365
v 0.11669631 0.00470165 0.16547826
v 0.11523401 0.00470165 0.16734481
v 0.11624265 0.00470165 0.16458710
v 0.11578898 0.00470165 0.16369596
v 0.11715001 0.00470165 0.16636939
v 0.16575125 0.01537485 0.13470069
v 0.16756806 0.01559249 0.12911570
v 0.11561388 0.01559248 0.15556484
v 0.11655002 0.01537484 0.15974833
v 0.06365968 0.01559247 0.18201397
v 0.06550425 0.01548365 0.18340496
v 0.06734882 0.01537483 0.18479594
v 0.16756037 0.01384428 0.12590682
v 0.16824720 0.01384836 0.12608124
v 0.16772109 0.01379465 0.12655563
v 0.16805731 0.01379465 0.12666501
v 0.16738488 0.01379465 0.12644625
v 0.16773584 0.01389391 0.12536737
v 0.16818143 0.01392484 0.12514054
v 0.16862701 0.01395578 0.12491370
v 0.16843710 0.01390207 0.12549746
v 0.08121699 -0.01457280 0.17767715
v 0.07921995 -0.01480349 0.17375434
v 0.07130599 -0.01480349 0.17778324
v 0.07425967 -0.01457280 0.18121901
v 0.06534717 -0.01468815 0.18328652
v 0.06730234 -0.01457280 0.18476091
v 0.06339202 -0.01480350 0.18181213
v 0.13914933 0.00430166 0.15348670
v 0.13846882 0.00430166 0.15214996
v 0.13845395 0.00448362 0.15215752
v 0.13840626 0.00466975 0.15218182
v 0.13968458 0.00484886 0.15489736
v 0.13976729 0.00466975 0.15485528
v 0.13832357 0.00484886 0.15222393
v 0.13956883 0.00500876 0.15495629
v 0.13981497 0.00448362 0.15483099
v 0.13982985 0.00430166 0.15482342
v 0.13806533 0.00513864 0.15235539
v 0.13926672 0.00523144 0.15511010
v 0.13942634 0.00513864 0.15502883
v 0.13825818 0.00530165 0.15394037
v 0.13773983 0.00528496 0.15252107
v 0.13757766 0.00530165 0.15260365
v 0.13790569 0.00523144 0.15243663
v 0.13910084 0.00528496 0.15519454
v 0.13893870 0.00530165 0.15527708
v 0.08348982 0.01073220 0.18214171
v 0.08366005 0.00870160 0.18247608
v 0.07787303 0.00870160 0.18542217
v 0.07175270 0.01073220 0.18811691
v 0.08295208 0.01261310 0.18108539
v 0.07069973 0.01261310 0.18732288
v 0.08212805 0.01389526 0.17946677
v 0.07425967 0.01437622 0.18121901
v 0.08121699 0.01437622 0.17767715
v 0.06908626 0.01389525 0.18610615
v 0.06730233 0.01437622 0.18476091
v 0.07208599 0.00870159 0.18836825
v 0.12330066 0.00650163 0.16285667
v 0.12086821 0.00650163 0.16353395
v 0.12064138 0.00650163 0.16308837
v 0.12109505 0.00650163 0.16397951
v 0.12284698 0.00650163 0.16196551
v 0.12527942 0.00650163 0.16128826
v 0.12550627 0.00650163 0.16173384
v 0.12505259 0.00650163 0.16084267
v 0.10590638 0.00669610 0.17171183
v 0.10585634 0.00640163 0.17173732
v 0.10562949 0.00640163 0.17129176
v 0.10561147 0.00696730 0.17073986
v 0.10606515 0.00696730 0.17163102
v 0.10585315 0.00714545 0.17061684
v 0.10630683 0.00714545 0.17150799
v 0.10634242 0.00720162 0.17092882
v 0.10656925 0.00720162 0.17137438
v 0.10545271 0.00669610 0.17082070
v 0.10611558 0.00720162 0.17048325
v 0.10540266 0.00640163 0.17084618
v 0.14044253 0.00570164 0.15338192
v 0.14024125 0.00599612 0.15311034
v 0.14029130 0.00570164 0.15308486
v 0.14046809 0.00599612 0.15355593
v 0.14059375 0.00570164 0.15367897
v 0.14008250 0.00626732 0.15319118
v 0.14006764 0.00644546 0.15375978
v 0.13984081 0.00644546 0.15331420
v 0.13972960 0.00650163 0.15374485
v 0.13957839 0.00650163 0.15344780
v 0.14053617 0.00626732 0.15408232
v 0.14069492 0.00599612 0.15400151
v 0.14074498 0.00570164 0.15397603
v 0.13988084 0.00650163 0.15404191
v 0.14029448 0.00644546 0.15420536
v 0.14003206 0.00650163 0.15433896
v 0.14135599 -0.00880354 0.15254285
v 0.14091664 -0.00889816 0.15332757
v 0.14068980 -0.00889816 0.15288199
v 0.14169422 -0.00867839 0.15237065
v 0.14161811 -0.00879306 0.15297046
v 0.14196418 -0.00865829 0.15279429
v 0.14202323 -0.00849839 0.15220317
v 0.14229357 -0.00846967 0.15262660
v 0.14261222 -0.00798298 0.15190332
v 0.14259664 -0.00823185 0.15247231
v 0.14233256 -0.00826500 0.15204571
v 0.14327717 -0.00730660 0.15212585
v 0.14285360 -0.00766013 0.15178045
v 0.14305035 -0.00730660 0.15168030
v 0.14286517 -0.00795224 0.15233562
v 0.16329014 -0.00889816 0.14226620
v 0.16298079 -0.00889816 0.14321715
v 0.16302683 -0.01007963 0.14307558
v 0.16329014 -0.00303157 0.14226620
v 0.16298079 -0.00449822 0.14321715
v 0.16298079 -0.00009828 0.14321715
v 0.16317382 -0.01128610 0.14262376
v 0.16338813 -0.01065039 0.14196500
v 0.16378363 -0.01349803 0.14074914
v 0.16369690 -0.01227945 0.14101580
v 0.16342795 -0.01245000 0.14184257
v 0.16422288 -0.01436480 0.13939888
v 0.16417201 -0.01341579 0.13955526
v 0.16329014 0.00283502 0.14226620
v 0.16329014 0.00870161 0.14226620
v 0.16298078 0.00430167 0.14321715
v 0.16298078 0.00870161 0.14321715
v 0.16338812 0.01045385 0.14196500
v 0.16317381 0.01108956 0.14262376
v 0.16302683 0.00988307 0.14307558
v 0.16342795 0.01225344 0.14184257
v 0.16369690 0.01208289 0.14101580
v 0.16378363 0.01330147 0.14074914
v 0.16417200 0.01321923 0.13955527
v 0.16422287 0.01416826 0.13939888
v 0.16575125 -0.01557141 0.13470069
v 0.16470346 -0.01388404 0.13792159
v 0.16471808 -0.01500579 0.13787665
v 0.16756807 -0.01578904 0.12911570
v 0.16613435 -0.01428872 0.13352298
v 0.16756525 -0.01469340 0.12912438
v 0.16899613 -0.01509807 0.12472579
v 0.16770602 -0.01597851 0.12869164
v 0.16951529 -0.01601460 0.12312991
v 0.16951529 -0.01509807 0.12312991
v 0.16951529 -0.01555634 0.12312991
v 0.16470348 0.01368749 0.13792158
v 0.16471808 0.01480925 0.13787665
v 0.16613435 0.01409217 0.13352298
v 0.16575125 0.01537485 0.13470069
v 0.16756806 0.01559249 0.12911570
v 0.16756524 0.01449684 0.12912438
v 0.16951528 0.01535979 0.12312991
v 0.16899613 0.01490153 0.12472579
v 0.16951528 0.01490153 0.12312991
v 0.16951528 0.01581806 0.12312991
v 0.16770601 0.01578197 0.12869164
v 0.16547673 -0.01468813 0.13231198
v 0.13734234 -0.01457279 0.14910455
v 0.16451386 -0.01457278 0.13527191
v 0.16643960 -0.01480348 0.12935206
v 0.12372093 -0.01480349 0.15109954
v 0.11017082 -0.01457279 0.16293717
v 0.08100225 -0.01480349 0.17284701
v 0.08299929 -0.01457279 0.17676979
v 0.13324259 0.00270168 0.15918678
v 0.13316965 0.00270168 0.15933613
v 0.13328797 0.00270168 0.15927592
v 0.13319724 0.00270168 0.15909767
v 0.13310159 0.00270168 0.15920246
v 0.13315187 0.00270168 0.15900856
v 0.13303357 0.00270168 0.15906880
v 0.05940126 -0.01555786 0.17880268
v 0.05940126 -0.01509809 0.17880268
v 0.05896766 -0.01509809 0.17828559
v 0.05884091 -0.01602659 0.17793391
v 0.05881533 -0.01509809 0.17778562
v 0.05896877 -0.01602333 0.17828773
v 0.05940126 -0.01601762 0.17880268
v 0.05880556 -0.01602974 0.17754662
v 0.05910297 -0.01509809 0.17670700
v 0.05902598 -0.01603452 0.17682046
v 0.05885430 -0.01509809 0.17722146
v 0.05949726 -0.01509809 0.17634077
v 0.05949726 -0.01556724 0.17634077
v 0.05887095 -0.01603247 0.17716329
v 0.05949726 -0.01603638 0.17634077
v 0.10014963 -0.01557142 0.16809753
v 0.06550426 -0.01568024 0.18340496
v 0.06365969 -0.01578906 0.18201397
v 0.06734883 -0.01557142 0.18479594
v 0.09829581 -0.01578906 0.16438122
v 0.13295045 -0.01557141 0.15139910
v 0.13293194 -0.01578905 0.14674846
v 0.16575125 -0.01557141 0.13470069
v 0.16756807 -0.01578904 0.12911570
v 0.12062550 0.00590164 0.16460007
v 0.12143390 0.00454451 0.16418855
v 0.12062550 0.00456832 0.16460007
v 0.12065678 0.00608568 0.16458417
v 0.12075599 0.00625518 0.16453363
v 0.12090705 0.00636653 0.16445673
v 0.12107108 0.00640163 0.16437324
v 0.12062550 0.00190169 0.16460007
v 0.12062550 0.00323501 0.16460007
v 0.12143390 0.00083028 0.16418855
v 0.12062550 0.00056837 0.16460007
v 0.12162064 0.00448362 0.16409346
v 0.12160577 0.00430166 0.16410103
v 0.12160577 0.00304453 0.16410103
v 0.12160577 0.00178741 0.16410103
v 0.12143390 -0.00102684 0.16418855
v 0.12175102 0.00484886 0.16402709
v 0.12233476 0.00528495 0.16372991
v 0.12216888 0.00523143 0.16381436
v 0.12226299 0.00640163 0.16376644
v 0.12200927 0.00513864 0.16389562
v 0.12249691 0.00530165 0.16364737
v 0.12345491 0.00530165 0.16315968
v 0.12345491 0.00640163 0.16315968
v 0.12441290 0.00530165 0.16267196
v 0.12186677 0.00500876 0.16396816
v 0.12166833 0.00466975 0.16406920
v 0.12160577 0.00053028 0.16410103
v 0.12062550 -0.00209826 0.16460007
v 0.12062550 -0.00076494 0.16460007
v 0.12143390 -0.00288396 0.16418855
v 0.12062550 -0.00343157 0.16460007
v 0.12160578 -0.00198397 0.16410103
v 0.12160578 -0.00324110 0.16410103
v 0.12143390 -0.00474108 0.16418855
v 0.12160577 -0.00072685 0.16410103
v 0.12065678 -0.00628225 0.16458417
v 0.12062550 -0.00609820 0.16460007
v 0.12075599 -0.00645175 0.16453363
v 0.12062550 -0.00476489 0.16460007
v 0.12090705 -0.00656309 0.16445673
v 0.12107108 -0.00659820 0.16437324
v 0.12175102 -0.00504543 0.16402709
v 0.12162064 -0.00468019 0.16409346
v 0.12166834 -0.00486631 0.16406920
v 0.12160578 -0.00449822 0.16410103
v 0.12226300 -0.00659820 0.16376644
v 0.12186677 -0.00520532 0.16396816
v 0.12200927 -0.00533521 0.16389562
v 0.12216888 -0.00542800 0.16381436
v 0.12233476 -0.00548152 0.16372991
v 0.12345491 -0.00659820 0.16315968
v 0.12249691 -0.00549821 0.16364737
v 0.12345491 -0.00549821 0.16315968
v 0.12457504 0.00528495 0.16258941
v 0.12464682 0.00640163 0.16255288
v 0.12474092 0.00523143 0.16250497
v 0.12490054 0.00513864 0.16242371
v 0.12504303 0.00500876 0.16235117
v 0.12515878 0.00484886 0.16229224
v 0.12583873 0.00640163 0.16194609
v 0.12547591 0.00454451 0.16213081
v 0.12524148 0.00466975 0.16225016
v 0.12528918 0.00448362 0.16222587
v 0.12530405 0.00304453 0.16221830
v 0.12530405 0.00430166 0.16221830
v 0.12547591 0.00083028 0.16213081
v 0.12600277 0.00636653 0.16186259
v 0.12628432 0.00590164 0.16171926
v 0.12615381 0.00625519 0.16178569
v 0.12625304 0.00608568 0.16173519
v 0.12628432 0.00456832 0.16171926
v 0.12530405 -0.00072685 0.16221830
v 0.12530405 0.00053028 0.16221830
v 0.12628432 0.00323501 0.16171926
v 0.12628432 0.00190169 0.16171926
v 0.12530405 0.00178741 0.16221830
v 0.12547592 -0.00102684 0.16213081
v 0.12628432 0.00056838 0.16171926
v 0.12628432 -0.00076494 0.16171926
v 0.12515878 -0.00504543 0.16229224
v 0.12583873 -0.00659820 0.16194609
v 0.12504303 -0.00520532 0.16235117
v 0.12464682 -0.00659820 0.16255288
v 0.12547592 -0.00288396 0.16213081
v 0.12530405 -0.00324110 0.16221830
v 0.12530405 -0.00198397 0.16221830
v 0.12547592 -0.00474108 0.16213081
v 0.12524148 -0.00486631 0.16225016
v 0.12528918 -0.00468019 0.16222587
v 0.12441291 -0.00549821 0.16267196
v 0.12474092 -0.00542800 0.16250497
v 0.12490054 -0.00533521 0.16242371
v 0.12457504 -0.00548152 0.16258941
v 0.12628432 -0.00209826 0.16171926
v 0.12530405 -0.00449822 0.16221830
v 0.12628432 -0.00343157 0.16171926
v 0.12628432 -0.00476489 0.16171926
v 0.12600277 -0.00656309 0.16186259
v 0.12628432 -0.00609820 0.16171926
v 0.12615381 -0.00645175 0.16178569
v 0.12625304 -0.00628225 0.16173519
v 0.09374505 0.00430165 0.17846407
v 0.08682146 0.00650162 0.18198878
v 0.08682146 0.00430165 0.18198878
v 0.09374505 0.00210168 0.17846407
v 0.08682146 0.00210168 0.18198878
v 0.07989789 0.00650162 0.18551347
v 0.07989789 0.00430165 0.18551347
v 0.07989789 0.00210168 0.18551347
v 0.08682146 -0.00009829 0.18198878
v 0.07989789 -0.00009829 0.18551347
v 0.08682146 -0.00229826 0.18198878
v 0.07989789 -0.00229826 0.18551347
v 0.08682146 -0.00449823 0.18198878
v 0.07989789 -0.00449823 0.18551347
v 0.15798042 0.00870161 0.14576276
v 0.15657955 0.00473656 0.14647591
v 0.16298078 0.00870161 0.14321715
v 0.15487381 0.00510165 0.14734429
v 0.15135891 0.00670163 0.14913367
v 0.15298007 0.00870161 0.14830838
v 0.15121365 0.00724883 0.14920761
v 0.15129634 0.00706972 0.14916553
v 0.15129697 0.00633530 0.14916523
v 0.15095541 0.00753862 0.14933908
v 0.15109791 0.00740873 0.14926654
v 0.15079580 0.00763141 0.14942035
v 0.15046777 0.00770162 0.14958733
v 0.15121508 0.00615688 0.14920691
v 0.16298078 0.00430167 0.14321715
v 0.15918244 0.00181579 0.14515084
v 0.15815053 0.00357863 0.14567615
v 0.16298079 -0.00009828 0.14321715
v 0.15080050 0.00577396 0.14941797
v 0.15316806 0.00473656 0.14821268
v 0.15095905 0.00586733 0.14933725
v 0.14832649 0.00446132 0.15067745
v 0.15159707 0.00357863 0.14901243
v 0.14913365 0.00210169 0.15026654
v 0.15056518 0.00181579 0.14953777
v 0.15047378 0.00570167 0.14958428
v 0.15110040 0.00599733 0.14926529
v 0.14532822 0.00770162 0.15220381
v 0.14797970 0.00870161 0.15085399
v 0.14297934 0.00870161 0.15339961
v 0.14018866 0.00770162 0.15482028
v 0.13797900 0.00870161 0.15594519
v 0.13504909 0.00770162 0.15743676
v 0.13297862 0.00870161 0.15849080
v 0.12990956 0.00770162 0.16005323
v 0.12797827 0.00870160 0.16103642
v 0.12297792 0.00870160 0.16358203
v 0.12476999 0.00770162 0.16266970
v 0.11797754 0.00870160 0.16612764
v 0.11963045 0.00770161 0.16528618
v 0.14947566 0.00547659 0.15009242
v 0.14981137 0.00560295 0.14992149
v 0.14914943 0.00529614 0.15025849
v 0.14813128 0.00411017 0.15077681
v 0.14856573 0.00478229 0.15055563
v 0.14884285 0.00506313 0.15041458
v 0.14640219 0.00046107 0.15165707
v 0.14913365 -0.00229825 0.15026654
v 0.15943044 -0.00104447 0.14502457
v 0.15950782 -0.00009828 0.14498520
v 0.16298079 -0.00449822 0.14321715
v 0.15918244 -0.00201234 0.14515084
v 0.15875246 -0.00294373 0.14536973
v 0.15031716 -0.00104447 0.14966402
v 0.15023981 -0.00009828 0.14970339
v 0.15056518 -0.00201234 0.14953777
v 0.15099517 -0.00294373 0.14931885
v 0.14913365 -0.00449822 0.15026654
v 0.15159708 -0.00377518 0.14901243
v 0.15815053 -0.00377518 0.14567615
v 0.15657956 -0.00493311 0.14647591
v 0.15740957 -0.00445060 0.14605337
v 0.15571702 -0.00521140 0.14691501
v 0.15798042 -0.00889816 0.14576276
v 0.16298079 -0.00889816 0.14321715
v 0.15487381 -0.00529821 0.14734429
v 0.15233804 -0.00445060 0.14863521
v 0.15316806 -0.00493311 0.14821268
v 0.14913365 -0.00669819 0.15026654
v 0.15403060 -0.00521140 0.14777357
v 0.15298007 -0.00889816 0.14830838
v 0.14467309 -0.00318803 0.15253732
v 0.14294401 -0.00683713 0.15341758
v 0.14266932 -0.00726756 0.15355741
v 0.14249032 -0.00745396 0.15364856
v 0.14797970 -0.00889816 0.15085399
v 0.14297935 -0.00889816 0.15339960
v 0.14183796 -0.00782811 0.15398064
v 0.14137032 -0.00789818 0.15421874
v 0.14206867 -0.00773826 0.15386322
v 0.14228828 -0.00761251 0.15375140
v 0.13797900 -0.00889816 0.15594519
v 0.13618544 -0.00789818 0.15685828
v 0.13100055 -0.00789818 0.15949782
v 0.13297862 -0.00889817 0.15849080
v 0.12797827 -0.00889817 0.16103642
v 0.11797754 -0.00889817 0.16612764
v 0.12063075 -0.00789818 0.16477695
v 0.11544586 -0.00789818 0.16741649
v 0.12297792 -0.00889817 0.16358203
v 0.12581565 -0.00789818 0.16213740
v 0.11297720 -0.00889817 0.16867326
v 0.11449088 0.00770161 0.16790265
v 0.10935134 0.00770161 0.17051912
v 0.11297719 0.00870160 0.16867326
v 0.10797683 0.00870160 0.17121887
v 0.10421177 0.00770161 0.17313560
v 0.10297647 0.00870160 0.17376449
v 0.09907224 0.00770161 0.17575208
v 0.09797612 0.00870160 0.17631010
v 0.09837388 0.00754169 0.17610760
v 0.09297575 0.00870160 0.17885572
v 0.09860459 0.00763154 0.17599014
v 0.09815427 0.00741595 0.17621941
v 0.09795222 0.00725740 0.17632225
v 0.09374505 0.00650162 0.17846407
v 0.09749855 0.00664057 0.17655323
v 0.09777322 0.00707100 0.17641338
v 0.09576947 0.00299149 0.17743346
v 0.09404039 -0.00065758 0.17831372
v 0.09231131 -0.00430665 0.17919397
v 0.09189931 -0.00495229 0.17940370
v 0.08797539 0.00870160 0.18140130
v 0.08297504 0.00870160 0.18394692
v 0.07797468 0.00870160 0.18649253
v 0.07297431 0.00870159 0.18903815
v 0.07297431 0.00578163 0.18903815
v 0.07297432 0.00286167 0.18903815
v 0.07297432 -0.00005829 0.18903815
v 0.09163078 -0.00523190 0.17954042
v 0.09132771 -0.00546972 0.17969469
v 0.08995079 -0.00589821 0.18039569
v 0.09065225 -0.00579311 0.18003858
v 0.09099830 -0.00565834 0.17986240
v 0.07297432 -0.00297825 0.18903815
v 0.07665033 -0.00589821 0.18716674
v 0.08433652 -0.00589821 0.18325382
v 0.08714365 -0.00589821 0.18182475
v 0.08400849 -0.00596843 0.18342080
v 0.08081397 -0.00606121 0.18504711
v 0.08370638 -0.00619110 0.18357461
v 0.08384887 -0.00606121 0.18350207
v 0.08095648 -0.00619110 0.18497454
v 0.08359064 -0.00635100 0.18363354
v 0.08107223 -0.00744540 0.18491561
v 0.08370638 -0.00760530 0.18357461
v 0.08359064 -0.00744540 0.18363354
v 0.08095648 -0.00760530 0.18497454
v 0.08384887 -0.00773518 0.18350207
v 0.08065435 -0.00782798 0.18512835
v 0.08400849 -0.00782797 0.18342080
v 0.10507608 -0.00789818 0.17269561
v 0.10797683 -0.00889817 0.17121887
v 0.11026097 -0.00789818 0.17005603
v 0.09989120 -0.00789818 0.17533516
v 0.10297647 -0.00889817 0.17376449
v 0.09797612 -0.00889817 0.17631010
v 0.08952141 -0.00789819 0.18061427
v 0.09297576 -0.00889817 0.17885572
v 0.09470630 -0.00789818 0.17797470
v 0.08433652 -0.00789819 0.18325382
v 0.08797539 -0.00889817 0.18140130
v 0.08297504 -0.00889817 0.18394692
v 0.08115492 -0.00653011 0.18487352
v 0.08350794 -0.00653011 0.18367563
v 0.08107223 -0.00635100 0.18491561
v 0.08121749 -0.00689820 0.18484166
v 0.08344538 -0.00689820 0.18370748
v 0.08350794 -0.00726629 0.18367563
v 0.08032633 -0.00589821 0.18529536
v 0.07297432 -0.00589822 0.18903815
v 0.08065435 -0.00596843 0.18512835
v 0.08115492 -0.00726629 0.18487352
v 0.08081397 -0.00773518 0.18504711
v 0.07797468 -0.00889818 0.18649253
v 0.08032633 -0.00789819 0.18529536
v 0.07665033 -0.00789819 0.18716674
v 0.07297432 -0.00889818 0.18903815
v 0.07297432 -0.00789819 0.18903815
v 0.16826315 -0.01404942 0.12603221
v 0.16862701 -0.01415233 0.12491370
v 0.16773584 -0.01409047 0.12536737
v 0.16756307 -0.01394652 0.12704137
v 0.16789929 -0.01394652 0.12715073
v 0.16722687 -0.01394652 0.12693200
v 0.11154216 -0.00659820 0.16846872
v 0.11164333 -0.00689267 0.16879126
v 0.11169340 -0.00659820 0.16876578
v 0.11141650 -0.00689267 0.16834567
v 0.11139095 -0.00659820 0.16817167
v 0.11148458 -0.00716388 0.16887207
v 0.11101606 -0.00734202 0.16854953
v 0.11124290 -0.00734202 0.16899511
v 0.11082924 -0.00739819 0.16883165
v 0.11098047 -0.00739819 0.16912871
v 0.11118966 -0.00689267 0.16790010
v 0.11123972 -0.00659820 0.16787461
v 0.11103091 -0.00716388 0.16798091
v 0.11078921 -0.00734202 0.16810394
v 0.11067803 -0.00739819 0.16853461
v 0.11052679 -0.00739819 0.16823755
v 0.09732720 -0.01359810 0.15532033
v 0.09866392 -0.01509808 0.15463981
v 0.09866392 -0.01359810 0.15463981
v 0.09599046 -0.01434810 0.15600085
v 0.09732720 -0.01509809 0.15532033
v 0.09599046 -0.01509809 0.15600085
v 0.09599046 -0.01359811 0.15600085
v 0.13302840 -0.00203159 0.15678230
v 0.13302840 -0.00589820 0.15678230
v 0.13317965 -0.00589820 0.15707936
v 0.13333086 -0.00589820 0.15737641
v 0.13317965 0.00570164 0.15707936
v 0.13302840 0.00570164 0.15678230
v 0.13302840 0.00183503 0.15678230
v 0.13348208 -0.00203159 0.15767347
v 0.13348208 -0.00589820 0.15767347
v 0.13348208 0.00183503 0.15767347
v 0.13348208 0.00570164 0.15767347
v 0.13333085 0.00570164 0.15737641
v 0.13836221 0.00088866 0.15635604
v 0.13905455 0.00206253 0.15634024
v 0.13849830 0.00088866 0.15662341
v 0.13780598 -0.00028523 0.15663921
v 0.13891844 0.00206253 0.15607288
v 0.13954273 0.00323641 0.15592338
v 0.13961078 0.00323641 0.15605705
v 0.13947467 0.00323641 0.15578971
v 0.13678424 -0.00263298 0.15738379
v 0.13738584 -0.00145910 0.15718974
v 0.13682962 -0.00263298 0.15747290
v 0.13673888 -0.00263298 0.15729468
v 0.13669351 -0.00263298 0.15720557
v 0.13794207 -0.00028523 0.15690657
v 0.13724976 -0.00145910 0.15692240
v 0.12383640 0.00088865 0.16375092
v 0.12439264 0.00206253 0.16346776
v 0.12452875 0.00206253 0.16373512
v 0.12397251 0.00088865 0.16401828
v 0.12508498 0.00323641 0.16345192
v 0.12503960 0.00323641 0.16336281
v 0.12499424 0.00323641 0.16327370
v 0.12494887 0.00323641 0.16318459
v 0.12223577 -0.00263298 0.16473411
v 0.12286006 -0.00145911 0.16458461
v 0.12230382 -0.00263298 0.16486778
v 0.12216771 -0.00263298 0.16460045
v 0.12272396 -0.00145911 0.16431728
v 0.12328018 -0.00028523 0.16403408
v 0.12341628 -0.00028523 0.16430145
v 0.11299672 -0.00468019 0.16511743
v 0.11366235 -0.00449823 0.16646175
v 0.11298184 -0.00449823 0.16512503
v 0.11435774 -0.00468019 0.16779089
v 0.11304442 -0.00486632 0.16509317
v 0.11448814 -0.00504543 0.16772453
v 0.11440544 -0.00486632 0.16776663
v 0.11434288 -0.00449823 0.16779846
v 0.11324286 -0.00520532 0.16499213
v 0.11460389 -0.00520532 0.16766560
v 0.11338536 -0.00533521 0.16491959
v 0.11354496 -0.00542800 0.16483835
v 0.11507187 -0.00548152 0.16742735
v 0.11490598 -0.00542800 0.16751179
v 0.11455352 -0.00549821 0.16600809
v 0.11371084 -0.00548152 0.16475388
v 0.11387299 -0.00549821 0.16467134
v 0.11474637 -0.00533521 0.16759306
v 0.11523401 -0.00549821 0.16734481
v 0.13319724 0.00270168 0.15909767
v 0.13321672 0.00270836 0.15897554
v 0.13315187 0.00270168 0.15900856
v 0.13335112 0.00272977 0.15907545
v 0.13334693 0.00276688 0.15890926
v 0.13328308 0.00272977 0.15894176
v 0.13340392 0.00281884 0.15888024
v 0.13355135 0.00295444 0.15897350
v 0.13324259 0.00270168 0.15918678
v 0.13345023 0.00288279 0.15885668
v 0.13350238 0.00302889 0.15883013
v 0.13348329 0.00295444 0.15883983
v 0.13357639 0.00310168 0.15896077
v 0.13354003 0.00281884 0.15914760
v 0.13350238 0.00317446 0.15883013
v 0.13350833 0.00310168 0.15882711
v 0.13348329 0.00324891 0.15883983
v 0.13355135 0.00324891 0.15897350
v 0.13345023 0.00332056 0.15885668
v 0.13347197 0.00338452 0.15901393
v 0.13340392 0.00338452 0.15888024
v 0.13328308 0.00347359 0.15894176
v 0.13335112 0.00347359 0.15907545
v 0.13321672 0.00349499 0.15897554
v 0.13334693 0.00343647 0.15890926
v 0.13315187 0.00350167 0.15900856
v 0.13319724 0.00350167 0.15909767
v 0.13363848 0.00302889 0.15909746
v 0.13335283 0.00270836 0.15924290
v 0.13328797 0.00270168 0.15927592
v 0.13341918 0.00272977 0.15920912
v 0.13348303 0.00276688 0.15917662
v 0.13358634 0.00288279 0.15912401
v 0.13361940 0.00295444 0.15910719
v 0.13364444 0.00310168 0.15909444
v 0.13363848 0.00317446 0.15909746
v 0.13358634 0.00332056 0.15912401
v 0.13361940 0.00324891 0.15910719
v 0.13348303 0.00343647 0.15917662
v 0.13335283 0.00349499 0.15924290
v 0.13324259 0.00350167 0.15918678
v 0.13354003 0.00338452 0.15914760
v 0.13341918 0.00347359 0.15920912
v 0.13328797 0.00350167 0.15927592
v 0.15011677 0.01538342 0.12692772
v 0.15011677 0.01586532 0.12692772
v 0.15589482 0.01585702 0.12505255
v 0.15011677 0.01490153 0.12692772
v 0.15589482 0.01490153 0.12505255
v 0.16167286 0.01584873 0.12317737
v 0.16745092 0.01537098 0.12130220
v 0.16745092 0.01584045 0.12130220
v 0.16745092 0.01490153 0.12130220
v 0.16167286 0.01490153 0.12317737
v 0.13653508 -0.00533521 0.15650074
v 0.13414766 0.00682086 0.15827719
v 0.13094492 -0.00520532 0.15598026
v 0.11641911 -0.00520532 0.16337514
v 0.11319118 0.00711034 0.16791347
v 0.09734419 0.00846172 0.17494863
v 0.12940278 -0.00282683 0.16125380
v 0.15305911 -0.00629820 0.14377968
v 0.11144921 0.01490152 0.15679673
v 0.13820782 -0.00520532 0.15228283
v 0.12589667 -0.00889817 0.16041297
v 0.16335848 0.00870161 0.14110930
v 0.12368201 -0.00520532 0.15967770
v 0.12006135 -0.00701743 0.16441599
v 0.07253016 -0.00789819 0.18870321
v 0.12688476 0.00682086 0.16197463
v 0.16899613 -0.01509807 0.12472579
v 0.12200378 -0.00282683 0.16468388
v 0.13518977 0.00698972 0.15774669
v 0.13094492 0.00500876 0.15598026
v 0.13200382 0.00523143 0.15880753
v 0.12006134 0.00682086 0.16441599
v 0.12050576 0.00500876 0.16129469
v 0.11935496 0.00661300 0.16477560
v 0.14141056 -0.00701743 0.15457975
v 0.15629720 -0.01359809 0.13119063
v 0.15807951 -0.01509807 0.13028327
v 0.12680668 0.00440166 0.16098203
v 0.09907224 0.00770161 0.17575208
v 0.11474088 -0.00282683 0.16838132
v 0.14080793 0.00698972 0.15385420
v 0.13414766 -0.00701743 0.15827719
v 0.08927028 -0.00489823 0.17905894
v 0.09084397 -0.00383718 0.17825781
v 0.14813128 0.00411017 0.15077681
v 0.15156956 0.00535799 0.14734326
v 0.11962187 -0.00701743 0.16567207
v 0.13798072 -0.00549821 0.15576480
v 0.14137032 -0.00789818 0.15421874
v 0.13820782 0.00500876 0.15228283
v 0.11312711 -0.00504543 0.16505106
v 0.15316806 -0.00493311 0.14821268
v 0.15272922 -0.00445060 0.14940361
v 0.15233804 -0.00445060 0.14863521
v 0.15854171 -0.00377518 0.14644455
v 0.15989900 -0.00009828 0.14575359
v 0.15063099 -0.00009828 0.15047179
v 0.15487381 -0.00529821 0.14734429
v 0.15610819 -0.00521140 0.14768341
v 0.15526499 -0.00529821 0.14811269
v 0.15056518 0.00181579 0.14953777
v 0.15063099 -0.00009828 0.15047179
v 0.15095636 0.00181579 0.15030617
v 0.15950782 -0.00009828 0.14498520
v 0.15982162 -0.00104447 0.14579296
v 0.15943044 -0.00104447 0.14502457
v 0.15403060 -0.00521140 0.14777357
v 0.15355924 -0.00493311 0.14898107
v 0.15316806 -0.00493311 0.14821268
v 0.15740957 -0.00445060 0.14605337
v 0.15854171 -0.00377518 0.14644455
v 0.15780075 -0.00445060 0.14682177
v 0.15403060 -0.00521140 0.14777357
v 0.15526499 -0.00529821 0.14811269
v 0.15442178 -0.00521140 0.14854197
v 0.15875246 -0.00294373 0.14536973
v 0.15854171 -0.00377518 0.14644455
v 0.15815053 -0.00377518 0.14567615
v 0.15918244 -0.00201234 0.14515084
v 0.15982162 -0.00104447 0.14579296
v 0.15957362 -0.00201234 0.14591924
v 0.15918244 -0.00201234 0.14515084
v 0.15914363 -0.00294373 0.14613813
v 0.15875246 -0.00294373 0.14536973
v 0.15316806 0.00473656 0.14821268
v 0.15198825 0.00357863 0.14978083
v 0.15355924 0.00473656 0.14898107
v 0.15815053 0.00357863 0.14567615
v 0.15697073 0.00473656 0.14724430
v 0.15854171 0.00357863 0.14644455
v 0.15031716 -0.00104447 0.14966402
v 0.15063099 -0.00009828 0.15047179
v 0.15023981 -0.00009828 0.14970339
v 0.15918244 0.00181579 0.14515084
v 0.15854171 0.00357863 0.14644455
v 0.15957362 0.00181579 0.14591924
v 0.15056518 -0.00201234 0.14953777
v 0.15138635 -0.00294373 0.15008724
v 0.15095636 -0.00201234 0.15030617
v 0.15056518 -0.00201234 0.14953777
v 0.15070834 -0.00104447 0.15043242
v 0.15031716 -0.00104447 0.14966402
v 0.15740957 -0.00445060 0.14605337
v 0.15697074 -0.00493311 0.14724430
v 0.15657956 -0.00493311 0.14647591
v 0.15159708 -0.00377518 0.14901243
v 0.15138635 -0.00294373 0.15008724
v 0.15099517 -0.00294373 0.14931885
v 0.15056518 0.00181579 0.14953777
v 0.15198825 0.00357863 0.14978083
v 0.15159707 0.00357863 0.14901243
v 0.15657956 -0.00493311 0.14647591
v 0.15610819 -0.00521140 0.14768341
v 0.15571702 -0.00521140 0.14691501
v 0.15950782 -0.00009828 0.14498520
v 0.15957362 0.00181579 0.14591924
v 0.15989900 -0.00009828 0.14575359
v 0.15316806 0.00473656 0.14821268
v 0.15526499 0.00510165 0.14811269
v 0.15487381 0.00510165 0.14734429
v 0.15159708 -0.00377518 0.14901243
v 0.15272922 -0.00445060 0.14940361
v 0.15198825 -0.00377518 0.14978083
v 0.15487381 0.00510165 0.14734429
v 0.15697073 0.00473656 0.14724430
v 0.15657955 0.00473656 0.14647591
v 0.15355924 -0.00493311 0.14898107
v 0.15070834 -0.00104447 0.15043242
v 0.15095636 -0.00201234 0.15030617
v 0.15138635 -0.00294373 0.15008724
v 0.15198825 -0.00377518 0.14978083
v 0.15272922 -0.00445060 0.14940361
v 0.15355924 -0.00493311 0.14898107
v 0.15442178 -0.00521140 0.14854197
v 0.15526499 -0.00529821 0.14811269
v 0.15610819 -0.00521140 0.14768341
v 0.15697074 -0.00493311 0.14724430
v 0.15780075 -0.00445060 0.14682177
v 0.15914363 -0.00294373 0.14613813
v 0.15957362 -0.00201234 0.14591924
v 0.15982162 -0.00104447 0.14579296
v 0.15957362 0.00181579 0.14591924
v 0.15854171 0.00357863 0.14644455
v 0.15697073 0.00473656 0.14724430
v 0.15526499 0.00510165 0.14811269
v 0.15355924 0.00473656 0.14898107
v 0.15198825 0.00357863 0.14978083
v 0.15095636 0.00181579 0.15030617
v 0.15571702 -0.00521140 0.14691501
v 0.15023981 -0.00009828 0.14970339
v 0.15989900 -0.00009828 0.14575359
v 0.15442178 -0.00521140 0.14854197
v 0.15815053 -0.00377518 0.14567615
v 0.15487381 -0.00529821 0.14734429
v 0.15914363 -0.00294373 0.14613813
v 0.15943044 -0.00104447 0.14502457
v 0.15957362 -0.00201234 0.14591924
v 0.15159707 0.00357863 0.14901243
v 0.15657955 0.00473656 0.14647591
v 0.15070834 -0.00104447 0.15043242
v 0.15815053 0.00357863 0.14567615
v 0.15099517 -0.00294373 0.14931885
v 0.15095636 -0.00201234 0.15030617
v 0.15780075 -0.00445060 0.14682177
v 0.15198825 -0.00377518 0.14978083
v 0.15095636 0.00181579 0.15030617
v 0.15697074 -0.00493311 0.14724430
v 0.15918244 0.00181579 0.14515084
v 0.15355924 0.00473656 0.14898107
v 0.15233804 -0.00445060 0.14863521
v 0.15526499 0.00510165 0.14811269
v 0.10694278 -0.00289271 0.17251795
v 0.10683426 -0.00292079 0.17262930
v 0.10683255 -0.00289938 0.17246183
v 0.10689743 -0.00289271 0.17242881
v 0.10698816 -0.00289271 0.17260706
v 0.10696866 -0.00289938 0.17272918
v 0.10703352 -0.00289271 0.17269616
v 0.10690231 -0.00292079 0.17276297
v 0.10683847 -0.00295791 0.17279548
v 0.10678147 -0.00300986 0.17282449
v 0.10663404 -0.00314546 0.17273124
v 0.10673517 -0.00307382 0.17284805
v 0.10659907 -0.00307382 0.17258073
v 0.10664536 -0.00300986 0.17255714
v 0.10656598 -0.00314546 0.17259753
v 0.10660901 -0.00329270 0.17274395
v 0.10654691 -0.00321992 0.17260727
v 0.10668302 -0.00321992 0.17287460
v 0.10670209 -0.00314546 0.17286491
v 0.10667706 -0.00329270 0.17287763
v 0.10668302 -0.00336549 0.17287460
v 0.10663404 -0.00343994 0.17273124
v 0.10670209 -0.00343994 0.17286491
v 0.10673517 -0.00351158 0.17284805
v 0.10671341 -0.00357554 0.17269083
v 0.10678146 -0.00357554 0.17282449
v 0.10683847 -0.00362750 0.17279548
v 0.10683426 -0.00366461 0.17262930
v 0.10690231 -0.00366461 0.17276297
v 0.10696866 -0.00368602 0.17272919
v 0.10698816 -0.00369270 0.17260706
v 0.10703352 -0.00369270 0.17269616
v 0.10694278 -0.00369270 0.17251795
v 0.10683255 -0.00368602 0.17246184
v 0.10689743 -0.00369270 0.17242881
v 0.10676621 -0.00366461 0.17249561
v 0.10670237 -0.00362750 0.17252811
v 0.10664536 -0.00357554 0.17255714
v 0.10659907 -0.00351158 0.17258073
v 0.10656598 -0.00343994 0.17259753
v 0.10654691 -0.00336549 0.17260727
v 0.10654096 -0.00329270 0.17261029
v 0.10670237 -0.00295791 0.17252811
v 0.10676621 -0.00292079 0.17249560
v 0.10717076 -0.00369270 0.17228968
v 0.10748947 -0.00369270 0.17223963
v 0.10744409 -0.00369270 0.17215053
v 0.10753483 -0.00369270 0.17232874
v 0.10730685 -0.00369270 0.17255701
v 0.10758019 -0.00369270 0.17241785
v 0.10694278 -0.00369270 0.17251795
v 0.10698816 -0.00369270 0.17260706
v 0.10703352 -0.00369270 0.17269616
v 0.10689743 -0.00369270 0.17242881
v 0.10907785 0.00089419 0.17131879
v 0.10963407 0.00206807 0.17103563
v 0.10977018 0.00206807 0.17130298
v 0.10921394 0.00089419 0.17158616
v 0.10852163 -0.00027969 0.17160196
v 0.10865771 -0.00027969 0.17186931
v 0.10796538 -0.00145357 0.17188515
v 0.10810149 -0.00145357 0.17215247
v 0.10747720 -0.00262744 0.17230198
v 0.10740915 -0.00262744 0.17216831
v 0.10754525 -0.00262745 0.17243565
v 0.11032641 0.00324194 0.17101978
v 0.11028104 0.00324194 0.17093068
v 0.11023567 0.00324194 0.17084157
v 0.11019031 0.00324194 0.17075246
v 0.11062909 0.00350721 0.17064129
v 0.11058374 0.00350721 0.17055217
v 0.11085707 0.00350720 0.17041301
v 0.11099316 0.00350720 0.17068034
v 0.11067447 0.00350721 0.17073040
v 0.11071983 0.00350721 0.17081952
v 0.11122114 0.00350720 0.17045208
v 0.11126650 0.00350720 0.17054122
v 0.11117577 0.00350720 0.17036298
v 0.11113040 0.00350720 0.17027387
v 0.10792824 -0.00342744 0.17212847
v 0.10794083 -0.00348636 0.17223427
v 0.10797362 -0.00342744 0.17221758
v 0.10790059 -0.00354017 0.17225475
v 0.10785399 -0.00358717 0.17227849
v 0.10772409 -0.00358164 0.17200798
v 0.10767358 -0.00362128 0.17203368
v 0.10780244 -0.00362607 0.17230474
v 0.10761868 -0.00365272 0.17206163
v 0.10774760 -0.00365607 0.17233265
v 0.10756100 -0.00367518 0.17209099
v 0.10748947 -0.00369270 0.17223963
v 0.10744409 -0.00369270 0.17215053
v 0.10753483 -0.00369270 0.17232874
v 0.10769122 -0.00367693 0.17236134
v 0.10758019 -0.00369270 0.17241785
v 0.10788288 -0.00342744 0.17203935
v 0.10776885 -0.00353504 0.17198519
v 0.10783752 -0.00342744 0.17195023
v 0.11117577 0.00270722 0.17036298
v 0.11132967 0.00273530 0.17034072
v 0.11119528 0.00271389 0.17024085
v 0.11113040 0.00270722 0.17027387
v 0.11122114 0.00270722 0.17045208
v 0.11133136 0.00271389 0.17050822
v 0.11126650 0.00270722 0.17054123
v 0.11139772 0.00273530 0.17047443
v 0.11146157 0.00277242 0.17044192
v 0.11151856 0.00282437 0.17041291
v 0.11152989 0.00295998 0.17023881
v 0.11156487 0.00288833 0.17038932
v 0.11159795 0.00295998 0.17037250
v 0.11161702 0.00303443 0.17036277
v 0.11155492 0.00310721 0.17022608
v 0.11162297 0.00310721 0.17035975
v 0.11161702 0.00317999 0.17036277
v 0.11159795 0.00325445 0.17037250
v 0.11152990 0.00325445 0.17023881
v 0.11148092 0.00317999 0.17009543
v 0.11146184 0.00325445 0.17010514
v 0.11142876 0.00332609 0.17012197
v 0.11145052 0.00339005 0.17027923
v 0.11156487 0.00332609 0.17038932
v 0.11151856 0.00339005 0.17041291
v 0.11146156 0.00344200 0.17044192
v 0.11132967 0.00347912 0.17034072
v 0.11139772 0.00347912 0.17047443
v 0.11133136 0.00350053 0.17050822
v 0.11122114 0.00350720 0.17045208
v 0.11126650 0.00350720 0.17054122
v 0.11117577 0.00350720 0.17036298
v 0.11119528 0.00350053 0.17024085
v 0.11113040 0.00350720 0.17027387
v 0.11126162 0.00347912 0.17020707
v 0.11132546 0.00344200 0.17017457
v 0.11138247 0.00339005 0.17014553
v 0.11148687 0.00310721 0.17009240
v 0.11148092 0.00303443 0.17009543
v 0.11146184 0.00295998 0.17010514
v 0.11142876 0.00288833 0.17012197
v 0.11138247 0.00282437 0.17014554
v 0.11132546 0.00277242 0.17017457
v 0.11126162 0.00273530 0.17020707
v 0.11039508 0.00334955 0.17098485
v 0.11028104 0.00324194 0.17093068
v 0.11043983 0.00339615 0.17096205
v 0.11032641 0.00324194 0.17101978
v 0.11030373 0.00339615 0.17069472
v 0.11023567 0.00324194 0.17084157
v 0.11025897 0.00334955 0.17071748
v 0.11019031 0.00324194 0.17075246
v 0.11035425 0.00343579 0.17066900
v 0.11054526 0.00346723 0.17090840
v 0.11049035 0.00343579 0.17093635
v 0.11040915 0.00346723 0.17064105
v 0.11046683 0.00348969 0.17061169
v 0.11060293 0.00348969 0.17087905
v 0.11067447 0.00350721 0.17073040
v 0.11062909 0.00350721 0.17064129
v 0.11058374 0.00350721 0.17055217
v 0.11071983 0.00350721 0.17081952
v 0.10852986 -0.00225356 0.17193441
v 0.10788288 -0.00342744 0.17203935
v 0.10792824 -0.00342744 0.17212847
v 0.10797362 -0.00342744 0.17221758
v 0.10783752 -0.00342744 0.17195023
v 0.10908608 -0.00107968 0.17165124
v 0.10839376 -0.00225356 0.17166705
v 0.10964231 0.00009420 0.17136807
v 0.10894998 -0.00107968 0.17138388
v 0.10950620 0.00009420 0.17110071
v 0.11019855 0.00126808 0.17108489
v 0.11006244 0.00126808 0.17081754
v 0.11075478 0.00244195 0.17080172
v 0.11068673 0.00244195 0.17066806
v 0.11061868 0.00244195 0.17053438
v 0.11108015 0.00270722 0.17046777
v 0.11101209 0.00270722 0.17033410
v 0.11089520 0.00268970 0.17039360
v 0.11103716 0.00269144 0.17065796
v 0.11114820 0.00270722 0.17060144
v 0.11092596 0.00264059 0.17071460
v 0.11078260 0.00263580 0.17045091
v 0.11082780 0.00255468 0.17076455
v 0.11068735 0.00254956 0.17049942
v 0.11068673 0.00244195 0.17066806
v 0.11075478 0.00244195 0.17080172
v 0.11061868 0.00244195 0.17053438
v 0.10604591 -0.00463992 0.16871050
v 0.10602086 -0.00449268 0.16872325
v 0.10647455 -0.00449268 0.16961439
v 0.10740692 -0.00463992 0.17138396
v 0.10612528 -0.00477552 0.16867009
v 0.10748630 -0.00477552 0.17134356
v 0.10692821 -0.00449268 0.17050555
v 0.10738190 -0.00449268 0.17139672
v 0.10760715 -0.00486460 0.17128204
v 0.10624612 -0.00486460 0.16860857
v 0.10728468 -0.00489268 0.17032407
v 0.10773834 -0.00489268 0.17121524
v 0.10683100 -0.00489268 0.16943294
v 0.10637732 -0.00489268 0.16854177
v 0.10986498 0.00430719 0.16844944
v 0.10918446 0.00430719 0.16711270
v 0.10916960 0.00448915 0.16712025
v 0.11053061 0.00448915 0.16979373
v 0.11054547 0.00430719 0.16978616
v 0.10912190 0.00467528 0.16714455
v 0.11048291 0.00467528 0.16981802
v 0.11040022 0.00485440 0.16986010
v 0.10903920 0.00485440 0.16718663
v 0.10892345 0.00501429 0.16724556
v 0.11028446 0.00501429 0.16991903
v 0.10878096 0.00514418 0.16731813
v 0.11014198 0.00514418 0.16999156
v 0.10998237 0.00523697 0.17007282
v 0.10862134 0.00523697 0.16739937
v 0.10981648 0.00529049 0.17015727
v 0.10897382 0.00530718 0.16890310
v 0.10965434 0.00530718 0.17023982
v 0.10845547 0.00529049 0.16748380
v 0.10829331 0.00530718 0.16756638
v 0.11054547 -0.00323556 0.16978615
v 0.11009181 -0.00449269 0.16889499
v 0.11054547 -0.00197843 0.16978615
v 0.11054547 -0.00449269 0.16978615
v 0.10918446 -0.00009275 0.16711268
v 0.11054547 -0.00072131 0.16978615
v 0.10963813 -0.00449269 0.16800385
v 0.10918446 -0.00339270 0.16711268
v 0.10918446 -0.00229272 0.16711268
v 0.10918446 -0.00449269 0.16711268
v 0.10918446 -0.00119273 0.16711268
v 0.10986498 0.00430719 0.16844943
v 0.10918446 0.00100724 0.16711268
v 0.10918446 0.00210722 0.16711268
v 0.10918446 0.00320721 0.16711268
v 0.10918446 0.00430719 0.16711268
v 0.11054548 0.00053582 0.16978615
v 0.11054548 0.00179294 0.16978615
v 0.11054548 0.00305007 0.16978615
v 0.11054548 0.00430719 0.16978615
v 0.10920065 -0.00549267 0.16934867
v 0.10874698 -0.00549267 0.16845750
v 0.10913598 -0.00547598 0.16882054
v 0.10845546 -0.00547598 0.16748379
v 0.10862134 -0.00542246 0.16739935
v 0.10981647 -0.00547598 0.17015725
v 0.10946147 -0.00532967 0.16865484
v 0.10998237 -0.00542246 0.17007281
v 0.11014197 -0.00532967 0.16999154
v 0.10960397 -0.00519978 0.16858230
v 0.11028446 -0.00519978 0.16991901
v 0.10878096 -0.00532967 0.16731812
v 0.10892344 -0.00519978 0.16724554
v 0.10903920 -0.00503989 0.16718661
v 0.11040021 -0.00503989 0.16986008
v 0.10971972 -0.00503989 0.16852337
v 0.11048291 -0.00486078 0.16981800
v 0.10980240 -0.00486078 0.16848125
v 0.10985009 -0.00467465 0.16845699
v 0.11053061 -0.00467465 0.16979371
v 0.10912190 -0.00486077 0.16714453
v 0.10916960 -0.00467465 0.16712025
v 0.10963813 -0.00449269 0.16800385
v 0.10918446 -0.00449269 0.16711268
v 0.11009181 -0.00449269 0.16889498
v 0.11054547 -0.00449269 0.16978614
v 0.10965434 -0.00549267 0.17023980
v 0.10829331 -0.00549267 0.16756637
v 0.10705785 -0.00549267 0.16987849
v 0.10637732 -0.00549267 0.16854175
v 0.10733532 -0.00549267 0.16805406
v 0.10874698 -0.00549267 0.16845750
v 0.10920065 -0.00549267 0.16934867
v 0.10869634 -0.00549267 0.17072752
v 0.10773834 -0.00549267 0.17121521
v 0.10965434 -0.00549267 0.17023980
v 0.10829331 -0.00549267 0.16756637
v 0.10738191 0.00430719 0.17139669
v 0.10748630 0.00459003 0.17134353
v 0.10738190 -0.00009275 0.17139669
v 0.10740693 0.00445443 0.17138393
v 0.10760715 0.00467910 0.17128201
v 0.10773834 -0.00489268 0.17121521
v 0.10760715 -0.00486459 0.17128201
v 0.10748630 -0.00477552 0.17134353
v 0.10773835 0.00470719 0.17121521
v 0.10738190 -0.00449268 0.17139669
v 0.10965434 0.00470719 0.17023980
v 0.10965434 -0.00489268 0.17023980
v 0.10978554 0.00467910 0.17017300
v 0.11001078 -0.00009275 0.17005835
v 0.10990638 0.00459003 0.17011148
v 0.11001078 0.00430719 0.17005835
v 0.11001078 -0.00449268 0.17005835
v 0.10990638 -0.00477552 0.17011148
v 0.10978553 -0.00486460 0.17017300
v 0.10998576 -0.00463992 0.17007107
v 0.10998576 0.00445443 0.17007107
v 0.10740692 -0.00463992 0.17138393
v 0.10705785 0.00530718 0.16987848
v 0.10773835 0.00530718 0.17121520
v 0.10869634 0.00530718 0.17072751
v 0.10897382 0.00530718 0.16890308
v 0.10733533 0.00530718 0.16805405
v 0.10637733 0.00530718 0.16854174
v 0.10829331 0.00530718 0.16756635
v 0.10965434 0.00530718 0.17023979
v 0.10563144 0.00485440 0.16892145
v 0.10548618 0.00430719 0.16899541
v 0.10554876 0.00467528 0.16896355
v 0.10550106 0.00448915 0.16898781
v 0.10602087 0.00430719 0.16872321
v 0.10574719 0.00501429 0.16886252
v 0.10588970 0.00514418 0.16878998
v 0.10604930 0.00523697 0.16870874
v 0.10604591 0.00445443 0.16871045
v 0.10612529 0.00459003 0.16867005
v 0.10621518 0.00529049 0.16862427
v 0.10624612 0.00467910 0.16860852
v 0.10637733 0.00530718 0.16854173
v 0.10637733 0.00470719 0.16854173
v 0.10733533 0.00470719 0.16805404
v 0.10829331 0.00530718 0.16756634
v 0.10733533 0.00530718 0.16805404
v 0.10829331 0.00470719 0.16756634
v 0.10842452 0.00467910 0.16749954
v 0.10845547 0.00529049 0.16748376
v 0.10854537 0.00459003 0.16743803
v 0.10862134 0.00523697 0.16739933
v 0.10862474 0.00445443 0.16739762
v 0.10878096 0.00514417 0.16731809
v 0.10864977 0.00430719 0.16738487
v 0.10892345 0.00501429 0.16724552
v 0.10903920 0.00485439 0.16718659
v 0.10918446 0.00430719 0.16711266
v 0.10912190 0.00467528 0.16714451
v 0.10916960 0.00448915 0.16712023
v 0.10918446 0.00320721 0.16711266
v 0.10865615 0.00376434 0.16738163
v 0.10864977 0.00320721 0.16738487
v 0.10864977 0.00210722 0.16738487
v 0.10918446 0.00210722 0.16711266
v 0.10865614 0.00067867 0.16738163
v 0.10918446 0.00100724 0.16711266
v 0.10918446 -0.00009275 0.16711266
v 0.10918446 -0.00119273 0.16711266
v 0.10865614 -0.00086416 0.16738163
v 0.10865614 -0.00240700 0.16738163
v 0.10918446 -0.00229272 0.16711266
v 0.10918446 -0.00339270 0.16711266
v 0.10918446 -0.00449268 0.16711266
v 0.10865614 -0.00394984 0.16738164
v 0.10864976 -0.00449268 0.16738487
v 0.10903919 -0.00503989 0.16718660
v 0.10912190 -0.00486077 0.16714451
v 0.10916960 -0.00467465 0.16712023
v 0.10862474 -0.00463992 0.16739763
v 0.10878096 -0.00532967 0.16731810
v 0.10892344 -0.00519978 0.16724553
v 0.10864976 -0.00339270 0.16738487
v 0.10862134 -0.00542246 0.16739934
v 0.10854536 -0.00477552 0.16743803
v 0.10845546 -0.00547598 0.16748377
v 0.10842452 -0.00486460 0.16749955
v 0.10829331 -0.00489268 0.16756635
v 0.10829331 -0.00549267 0.16756635
v 0.10733532 -0.00549267 0.16805404
v 0.10733532 -0.00489268 0.16805404
v 0.10637733 -0.00549267 0.16854173
v 0.10624612 -0.00486459 0.16860852
v 0.10621517 -0.00547597 0.16862427
v 0.10637733 -0.00489268 0.16854173
v 0.10612528 -0.00477552 0.16867005
v 0.10604929 -0.00542246 0.16870874
v 0.10604591 -0.00463992 0.16871045
v 0.10602087 -0.00449268 0.16872321
v 0.10588969 -0.00532967 0.16878998
v 0.10548618 -0.00449268 0.16899541
v 0.10601450 -0.00394984 0.16872644
v 0.10602087 -0.00339270 0.16872321
v 0.10563144 -0.00503988 0.16892144
v 0.10574719 -0.00519978 0.16886252
v 0.10601450 -0.00240700 0.16872644
v 0.10602087 -0.00229272 0.16872321
v 0.10602087 -0.00119273 0.16872321
v 0.10602087 -0.00009275 0.16872321
v 0.10601451 -0.00086416 0.16872644
v 0.10601451 0.00067867 0.16872644
v 0.10548618 -0.00009275 0.16899541
v 0.10548618 -0.00119273 0.16899541
v 0.10548618 -0.00229272 0.16899541
v 0.10548618 -0.00339270 0.16899541
v 0.10548618 0.00100724 0.16899541
v 0.10548618 0.00210722 0.16899541
v 0.10601451 0.00376434 0.16872644
v 0.10548618 0.00320721 0.16899541
v 0.10602087 0.00210722 0.16872321
v 0.10602087 0.00320721 0.16872321
v 0.10602087 0.00100724 0.16872321
v 0.10550106 -0.00467464 0.16898782
v 0.10554875 -0.00486077 0.16896356
v 0.10864977 -0.00229272 0.16738487
v 0.10864977 -0.00119273 0.16738487
v 0.10864977 -0.00009275 0.16738487
v 0.10864977 0.00100724 0.16738487
v 0.10548618 -0.00229272 0.16899541
v 0.10548618 -0.00339270 0.16899541
v 0.10616668 -0.00449268 0.17033214
v 0.10548618 -0.00449268 0.16899541
v 0.10548618 -0.00009275 0.16899541
v 0.10548618 -0.00119273 0.16899541
v 0.10616668 0.00430719 0.17033213
v 0.10684721 0.00053582 0.17166885
v 0.10684721 -0.00323556 0.17166885
v 0.10684721 -0.00197843 0.17166885
v 0.10684721 -0.00449268 0.17166886
v 0.10684721 -0.00072131 0.17166885
v 0.10684721 0.00179294 0.17166885
v 0.10684721 0.00305007 0.17166885
v 0.10684721 0.00430719 0.17166885
v 0.10548618 0.00100724 0.16899541
v 0.10548618 0.00210722 0.16899541
v 0.10548618 0.00320721 0.16899541
v 0.10548618 0.00430719 0.16899541
v 0.10593956 0.00618077 0.17213093
v 0.10599744 0.00626072 0.17210145
v 0.10586694 0.00590717 0.17216789
v 0.10589822 0.00609122 0.17215199
v 0.10606868 0.00632567 0.17206520
v 0.10614849 0.00637206 0.17202455
v 0.10623143 0.00639882 0.17198235
v 0.10631252 0.00640717 0.17194106
v 0.10667534 0.00455005 0.17175635
v 0.10699247 0.00485440 0.17159491
v 0.10586693 0.00324054 0.17216789
v 0.10586693 0.00457386 0.17216789
v 0.10667534 0.00083581 0.17175634
v 0.10684721 0.00305007 0.17166885
v 0.10684721 0.00430719 0.17166885
v 0.10690977 0.00467528 0.17163702
v 0.10686207 0.00448915 0.17166128
v 0.10710823 0.00501429 0.17153598
v 0.10750443 0.00640716 0.17133427
v 0.10725071 0.00514418 0.17146344
v 0.10741032 0.00523697 0.17138218
v 0.10757621 0.00529049 0.17129774
v 0.10773835 0.00530718 0.17121519
v 0.10869634 0.00640716 0.17072750
v 0.10869634 0.00530718 0.17072750
v 0.10965434 0.00530718 0.17023978
v 0.10988826 0.00640716 0.17012070
v 0.10981648 0.00529049 0.17015723
v 0.10998237 0.00523697 0.17007279
v 0.11014198 0.00514417 0.16999152
v 0.11028446 0.00501429 0.16991899
v 0.11040022 0.00485439 0.16986006
v 0.11108017 0.00640716 0.16951391
v 0.11071735 0.00455004 0.16969863
v 0.11116125 0.00639881 0.16947265
v 0.11152575 0.00590717 0.16928708
v 0.11124420 0.00637206 0.16943042
v 0.11132400 0.00632566 0.16938980
v 0.11139524 0.00626072 0.16935351
v 0.11145312 0.00618077 0.16932406
v 0.11149447 0.00609121 0.16930301
v 0.11151831 0.00599815 0.16929086
v 0.11152575 0.00457385 0.16928708
v 0.11152575 0.00324054 0.16928708
v 0.11152575 0.00190722 0.16928708
v 0.11071734 0.00083581 0.16969863
v 0.11054548 0.00179294 0.16978612
v 0.11054548 0.00305006 0.16978612
v 0.11054547 0.00053582 0.16978612
v 0.11054547 -0.00072131 0.16978612
v 0.11152575 0.00057391 0.16928708
v 0.11152575 -0.00075940 0.16928708
v 0.11071735 -0.00102131 0.16969863
v 0.11152575 -0.00209272 0.16928708
v 0.11071734 -0.00287842 0.16969863
v 0.11054547 -0.00197843 0.16978612
v 0.11152574 -0.00342604 0.16928708
v 0.11071734 -0.00473554 0.16969863
v 0.11152574 -0.00475935 0.16928708
v 0.11152575 -0.00609266 0.16928708
v 0.11124419 -0.00655755 0.16943043
v 0.11116125 -0.00658431 0.16947266
v 0.11139524 -0.00644621 0.16935352
v 0.11132399 -0.00651115 0.16938981
v 0.11151830 -0.00618364 0.16929086
v 0.11149447 -0.00627671 0.16930302
v 0.11152575 -0.00609266 0.16928708
v 0.11149447 -0.00627671 0.16930302
v 0.11145311 -0.00636626 0.16932407
v 0.11108016 -0.00659266 0.16951392
v 0.11040021 -0.00503989 0.16986007
v 0.10988825 -0.00659266 0.17012071
v 0.11028446 -0.00519978 0.16991900
v 0.11048291 -0.00486077 0.16981799
v 0.11053061 -0.00467465 0.16979369
v 0.11054547 -0.00449268 0.16978612
v 0.11054547 -0.00323556 0.16978612
v 0.11014197 -0.00532967 0.16999152
v 0.10998237 -0.00542246 0.17007280
v 0.10981647 -0.00547598 0.17015724
v 0.10965434 -0.00549267 0.17023979
v 0.10869634 -0.00659266 0.17072751
v 0.10869634 -0.00549267 0.17072751
v 0.10773834 -0.00549267 0.17121519
v 0.10750442 -0.00659266 0.17133427
v 0.10757620 -0.00547597 0.17129774
v 0.10710822 -0.00519978 0.17153599
v 0.10725070 -0.00532967 0.17146345
v 0.10631251 -0.00659266 0.17194107
v 0.10741031 -0.00542246 0.17138218
v 0.10623143 -0.00658430 0.17198235
v 0.10667533 -0.00473554 0.17175634
v 0.10699247 -0.00503988 0.17159491
v 0.10690977 -0.00486077 0.17163702
v 0.10686207 -0.00467464 0.17166128
v 0.10684721 -0.00449268 0.17166886
v 0.10684721 -0.00323556 0.17166885
v 0.10667533 -0.00287842 0.17175634
v 0.10684721 -0.00197843 0.17166885
v 0.10667533 -0.00102130 0.17175634
v 0.10684721 -0.00072131 0.17166885
v 0.10684721 0.00053582 0.17166885
v 0.10586693 0.00057391 0.17216789
v 0.10586693 -0.00075940 0.17216789
v 0.10586693 -0.00209272 0.17216789
v 0.10586693 0.00190723 0.17216789
v 0.10586693 -0.00342603 0.17216789
v 0.10586693 -0.00475934 0.17216789
v 0.10586693 -0.00609266 0.17216789
v 0.10614848 -0.00655755 0.17202455
v 0.10593956 -0.00636626 0.17213093
v 0.10589821 -0.00627671 0.17215199
v 0.10587437 -0.00618364 0.17216411
v 0.10599743 -0.00644621 0.17210146
v 0.10606868 -0.00651115 0.17206521
v 0.10684721 0.00179294 0.17166885
v 0.11054548 0.00430719 0.16978612
v 0.11053061 0.00448915 0.16979369
v 0.11048292 0.00467528 0.16981798
v 0.10587438 0.00599816 0.17216410
v 0.11142876 0.00332609 0.17012192
v 0.11138247 0.00339005 0.17014548
v 0.11138247 0.00282437 0.17014548
v 0.11142876 0.00288833 0.17012192
v 0.11146184 0.00325444 0.17010508
v 0.11146184 0.00295997 0.17010508
v 0.11148091 0.00303442 0.17009537
v 0.11148091 0.00317999 0.17009537
v 0.11148686 0.00310721 0.17009235
v 0.11132546 0.00277241 0.17017451
v 0.11132546 0.00344200 0.17017451
v 0.11126162 0.00273530 0.17020702
v 0.11126162 0.00347912 0.17020702
v 0.11119527 0.00271389 0.17024079
v 0.11119527 0.00350052 0.17024079
v 0.11113039 0.00270722 0.17027381
v 0.11101209 0.00270722 0.17033405
v 0.11113039 0.00350720 0.17027381
v 0.11085707 0.00350720 0.17041296
v 0.11089520 0.00268969 0.17039356
v 0.11058374 0.00350720 0.17055212
v 0.11078260 0.00263580 0.17045086
v 0.11046683 0.00348969 0.17061163
v 0.11068734 0.00254956 0.17049936
v 0.11040915 0.00346722 0.17064099
v 0.11035425 0.00343579 0.17066894
v 0.11030373 0.00339615 0.17069467
v 0.11019031 0.00324194 0.17075241
v 0.11025897 0.00334955 0.17071742
v 0.11061868 0.00244195 0.17053433
v 0.10963407 0.00206806 0.17103557
v 0.11006244 0.00126808 0.17081750
v 0.10907785 0.00089419 0.17131873
v 0.10950620 0.00009420 0.17110065
v 0.10852162 -0.00027969 0.17160190
v 0.10894998 -0.00107968 0.17138383
v 0.10796538 -0.00145357 0.17188510
v 0.10839376 -0.00225355 0.17166700
v 0.10740915 -0.00262744 0.17216825
v 0.10734048 -0.00273505 0.17220319
v 0.10783752 -0.00342744 0.17195019
v 0.10776885 -0.00353504 0.17198513
v 0.10772408 -0.00358164 0.17200792
v 0.10767358 -0.00362128 0.17203363
v 0.10761868 -0.00365272 0.17206157
v 0.10756100 -0.00367518 0.17209093
v 0.10724521 -0.00282129 0.17225169
v 0.10744409 -0.00369269 0.17215047
v 0.10713263 -0.00287519 0.17230903
v 0.10717076 -0.00369269 0.17228962
v 0.10701572 -0.00289271 0.17236854
v 0.10689743 -0.00369269 0.17242875
v 0.10689743 -0.00289271 0.17242875
v 0.10683255 -0.00289938 0.17246177
v 0.10683255 -0.00368601 0.17246178
v 0.10676621 -0.00292079 0.17249555
v 0.10676621 -0.00366461 0.17249555
v 0.10670237 -0.00295791 0.17252804
v 0.10670237 -0.00362749 0.17252805
v 0.10664536 -0.00300986 0.17255708
v 0.10664536 -0.00357554 0.17255708
v 0.10659907 -0.00307382 0.17258067
v 0.10659907 -0.00351158 0.17258067
v 0.10656598 -0.00314546 0.17259748
v 0.10656598 -0.00343993 0.17259747
v 0.10654691 -0.00321991 0.17260721
v 0.10654691 -0.00336548 0.17260721
v 0.10654096 -0.00329270 0.17261023
v 0.11246551 -0.00009275 0.16936972
v 0.11246550 -0.00609266 0.16936972
v 0.11225682 -0.00609266 0.16895977
v 0.11204813 -0.00009275 0.16854984
v 0.11218726 0.00590717 0.16882311
v 0.11232639 0.00590717 0.16909639
v 0.11246551 0.00590717 0.16936972
v 0.11204813 0.00140723 0.16854984
v 0.11204813 0.00290721 0.16854984
v 0.11204813 0.00440719 0.16854984
v 0.11204813 0.00590717 0.16854984
v 0.11204813 -0.00159273 0.16854984
v 0.11204813 -0.00309271 0.16854984
v 0.11204813 -0.00459268 0.16854984
v 0.11204813 -0.00609266 0.16854984
v 0.10524173 0.00590717 0.17270309
v 0.10538085 0.00590717 0.17297639
v 0.10540020 0.00614372 0.17296655
v 0.10519150 0.00614372 0.17255661
v 0.10510260 0.00590717 0.17242982
v 0.10498281 0.00614372 0.17214668
v 0.10496348 0.00590717 0.17215653
v 0.10504481 0.00638569 0.17211512
v 0.10536099 0.00661853 0.17247032
v 0.10515231 0.00661853 0.17206040
v 0.10551147 0.00682640 0.17239372
v 0.10530280 0.00682640 0.17198377
v 0.10569671 0.00699525 0.17229942
v 0.10548804 0.00699525 0.17188948
v 0.10590423 0.00711588 0.17219376
v 0.10569552 0.00711588 0.17178383
v 0.10611290 0.00711588 0.17260371
v 0.10591116 0.00718545 0.17167406
v 0.10632854 0.00718545 0.17249394
v 0.10611986 0.00718545 0.17208400
v 0.10626110 0.00720716 0.17184005
v 0.10612197 0.00720715 0.17156676
v 0.10640022 0.00720716 0.17211333
v 0.10653935 0.00720716 0.17238662
v 0.10590541 0.00699525 0.17270936
v 0.10572017 0.00682640 0.17280365
v 0.10556969 0.00661853 0.17288025
v 0.10546218 0.00638569 0.17293498
v 0.10626109 -0.00739264 0.17184006
v 0.10640022 -0.00739264 0.17211334
v 0.10611986 -0.00737094 0.17208401
v 0.10632853 -0.00737094 0.17249395
v 0.10611290 -0.00730136 0.17260372
v 0.10591115 -0.00737094 0.17167407
v 0.10569670 -0.00718074 0.17229943
v 0.10569552 -0.00730136 0.17178384
v 0.10612196 -0.00739264 0.17156677
v 0.10548803 -0.00718074 0.17188948
v 0.10530279 -0.00701189 0.17198378
v 0.10551146 -0.00701189 0.17239373
v 0.10515231 -0.00680402 0.17206041
v 0.10572017 -0.00701189 0.17280366
v 0.10556969 -0.00680402 0.17288026
v 0.10564493 -0.00690795 0.17284196
v 0.10536098 -0.00680402 0.17247032
v 0.10525350 -0.00657117 0.17252506
v 0.10546217 -0.00657117 0.17293498
v 0.10519149 -0.00632921 0.17255662
v 0.10540019 -0.00632921 0.17296656
v 0.10524172 -0.00609266 0.17270310
v 0.10510259 -0.00609266 0.17242982
v 0.10498280 -0.00632921 0.17214669
v 0.10504479 -0.00657117 0.17211513
v 0.10496347 -0.00609266 0.17215654
v 0.10538085 -0.00609266 0.17297639
v 0.10590541 -0.00718074 0.17270937
v 0.10653934 -0.00739264 0.17238662
v 0.10626109 -0.00739264 0.17184006
v 0.10612196 -0.00739264 0.17156677
v 0.10731388 -0.00739264 0.17095998
v 0.10640022 -0.00739264 0.17211334
v 0.10892317 -0.00739264 0.17117303
v 0.10653934 -0.00739264 0.17238662
v 0.11130701 -0.00739264 0.16995947
v 0.10969770 -0.00739264 0.16974639
v 0.10850579 -0.00739264 0.17035319
v 0.11109832 -0.00739265 0.16954954
v 0.11088961 -0.00739265 0.16913959
v 0.10496347 -0.00309270 0.17215654
v 0.10496347 -0.00459268 0.17215654
v 0.10510259 -0.00609266 0.17242982
v 0.10496347 -0.00609266 0.17215654
v 0.10496347 -0.00009274 0.17215654
v 0.10496347 -0.00159272 0.17215654
v 0.10524172 -0.00609266 0.17270310
v 0.10538085 -0.00609266 0.17297639
v 0.10538085 -0.00009274 0.17297639
v 0.10524173 0.00590717 0.17270309
v 0.10510260 0.00590717 0.17242982
v 0.10538085 0.00590717 0.17297639
v 0.10496347 0.00290721 0.17215653
v 0.10496348 0.00140723 0.17215654
v 0.10496348 0.00590717 0.17215653
v 0.10496347 0.00440719 0.17215653
v 0.11116789 0.00720715 0.16968619
v 0.11130701 0.00720715 0.16995947
v 0.11151781 0.00718545 0.16985215
v 0.11130913 0.00718545 0.16944224
v 0.11102876 0.00720715 0.16941291
v 0.11088962 0.00720715 0.16913958
v 0.11110043 0.00718545 0.16903229
v 0.11131607 0.00711588 0.16892253
v 0.11173226 0.00699525 0.16922682
v 0.11152357 0.00699525 0.16881688
v 0.11191750 0.00682639 0.16913249
v 0.11170881 0.00682639 0.16872258
v 0.11206798 0.00661853 0.16905589
v 0.11212621 0.00682639 0.16954243
v 0.11185929 0.00661853 0.16864595
v 0.11196679 0.00638568 0.16859124
v 0.11217548 0.00638568 0.16900117
v 0.11227667 0.00661853 0.16946584
v 0.11238417 0.00638568 0.16941112
v 0.11244618 0.00614371 0.16937953
v 0.11223747 0.00614372 0.16896962
v 0.11202880 0.00614371 0.16855969
v 0.11218726 0.00590717 0.16882310
v 0.11204813 0.00590716 0.16854983
v 0.11232639 0.00590717 0.16909639
v 0.11246551 0.00590716 0.16936971
v 0.11194096 0.00699525 0.16963672
v 0.11173345 0.00711588 0.16974238
v 0.11225681 -0.00609266 0.16895976
v 0.11246551 -0.00609266 0.16936971
v 0.11244617 -0.00632921 0.16937953
v 0.11202879 -0.00632921 0.16855969
v 0.11204813 -0.00609266 0.16854983
v 0.11196678 -0.00657118 0.16859125
v 0.11227666 -0.00680403 0.16946584
v 0.11185929 -0.00680403 0.16864595
v 0.11238416 -0.00657118 0.16941112
v 0.11170881 -0.00701189 0.16872258
v 0.11212620 -0.00701189 0.16954243
v 0.11194096 -0.00718074 0.16963673
v 0.11152356 -0.00718074 0.16881688
v 0.11173344 -0.00730137 0.16974238
v 0.11131606 -0.00730137 0.16892253
v 0.11151781 -0.00737094 0.16985214
v 0.11110043 -0.00737094 0.16903229
v 0.11109832 -0.00739265 0.16954954
v 0.11088961 -0.00739265 0.16913959
v 0.11130701 -0.00739264 0.16995947
v 0.10540004 -0.00632951 0.17296644
v 0.10624650 -0.00587474 0.17309675
v 0.10538544 -0.00620964 0.17297395
v 0.10546217 -0.00657118 0.17293498
v 0.10629406 -0.00606075 0.17307255
v 0.10623148 -0.00569266 0.17310441
v 0.10538085 -0.00609266 0.17297639
v 0.10551028 -0.00668978 0.17291041
v 0.10637693 -0.00623981 0.17303034
v 0.10556970 -0.00680410 0.17288011
v 0.10649249 -0.00639976 0.17297152
v 0.10572014 -0.00701186 0.17280366
v 0.10590562 -0.00718034 0.17270937
v 0.10663504 -0.00652944 0.17289894
v 0.10600767 -0.00724690 0.17265758
v 0.10679462 -0.00662244 0.17281771
v 0.10611341 -0.00730087 0.17260387
v 0.10696038 -0.00667582 0.17273333
v 0.10632856 -0.00737060 0.17249407
v 0.10643517 -0.00738728 0.17243965
v 0.10683100 -0.00704265 0.17251866
v 0.10653934 -0.00739264 0.17238662
v 0.10712265 -0.00669265 0.17265072
v 0.10892317 -0.00739264 0.17117302
v 0.11130701 -0.00739264 0.16995946
v 0.11124284 -0.00704615 0.17026985
v 0.11117738 -0.00669265 0.17058649
v 0.10915000 -0.00669265 0.17161860
v 0.11016369 -0.00669265 0.17110257
v 0.10653934 -0.00739264 0.17238661
v 0.10813632 -0.00669265 0.17213467
v 0.10683100 -0.00704265 0.17251866
v 0.10712265 -0.00669265 0.17265071
v 0.10812857 0.00720715 0.17157755
v 0.10653935 0.00720715 0.17238661
v 0.10813633 0.00650716 0.17213466
v 0.10915000 0.00650716 0.17161860
v 0.11016370 0.00650716 0.17110257
v 0.10971778 0.00720715 0.17076852
v 0.11117739 0.00650716 0.17058649
v 0.11124221 0.00685716 0.17027300
v 0.11130701 0.00720715 0.16995946
v 0.10682807 0.00686066 0.17251735
v 0.10712265 0.00650716 0.17265071
v 0.11238417 0.00638569 0.16941108
v 0.11205353 0.00568925 0.17014047
v 0.11244615 0.00614402 0.16937934
v 0.11246083 0.00602415 0.16937196
v 0.11200596 0.00587526 0.17016470
v 0.11233601 0.00650429 0.16943552
v 0.11192309 0.00605432 0.17020687
v 0.11227653 0.00661861 0.16946574
v 0.11212621 0.00682637 0.16954242
v 0.11180752 0.00621427 0.17026570
v 0.11194083 0.00699484 0.16963690
v 0.11166499 0.00634395 0.17033827
v 0.11183895 0.00706141 0.16968896
v 0.11150542 0.00643695 0.17041951
v 0.11173328 0.00711538 0.16974286
v 0.11133965 0.00649033 0.17050389
v 0.11124221 0.00685716 0.17027300
v 0.11141118 0.00720179 0.16990642
v 0.11151790 0.00718511 0.16985223
v 0.11117739 0.00650716 0.17058649
v 0.11130701 0.00720715 0.16995946
v 0.11206854 0.00550717 0.17013284
v 0.11246551 0.00590716 0.16936970
v 0.10538085 0.00590717 0.17297638
v 0.10623149 0.00270722 0.17310440
v 0.10623149 0.00410719 0.17310440
v 0.10623149 0.00550718 0.17310440
v 0.10538085 -0.00009274 0.17297638
v 0.10623149 0.00130724 0.17310440
v 0.10623148 -0.00149272 0.17310440
v 0.10623149 -0.00009275 0.17310440
v 0.10623148 -0.00289270 0.17310440
v 0.10538085 -0.00609266 0.17297638
v 0.10623148 -0.00429268 0.17310440
v 0.10623148 -0.00569266 0.17310440
v 0.11130701 -0.00739264 0.16995946
v 0.11141121 -0.00738743 0.16990630
v 0.11124284 -0.00704615 0.17026985
v 0.11151800 -0.00737100 0.16985185
v 0.11133964 -0.00667582 0.17050389
v 0.11117738 -0.00669265 0.17058649
v 0.11162055 -0.00696530 0.17007756
v 0.11150541 -0.00662244 0.17041951
v 0.11183910 -0.00724736 0.16968850
v 0.11180430 -0.00685821 0.16998401
v 0.11166499 -0.00652944 0.17033827
v 0.11173344 -0.00730137 0.16974237
v 0.11180751 -0.00639976 0.17026570
v 0.11196845 -0.00670889 0.16990045
v 0.11210150 -0.00652470 0.16983270
v 0.11192308 -0.00623981 0.17020687
v 0.11219696 -0.00631852 0.16978412
v 0.11200596 -0.00606076 0.17016469
v 0.11233574 -0.00668941 0.16943604
v 0.11238388 -0.00657081 0.16941166
v 0.11225173 -0.00610433 0.16975622
v 0.11244591 -0.00632926 0.16937980
v 0.11246073 -0.00620956 0.16937211
v 0.11246550 -0.00609266 0.16936970
v 0.11206853 -0.00569267 0.17013284
v 0.11205353 -0.00587474 0.17014047
v 0.11227634 -0.00680384 0.16946610
v 0.11212617 -0.00701191 0.16954242
v 0.11194096 -0.00718065 0.16963656
v 0.10653935 0.00720715 0.17238661
v 0.10643504 0.00720194 0.17243958
v 0.10682807 0.00686066 0.17251735
v 0.10712265 0.00650716 0.17265071
v 0.10696039 0.00649033 0.17273332
v 0.10632820 0.00718551 0.17249391
v 0.10645036 0.00677981 0.17270963
v 0.10611290 0.00711588 0.17260371
v 0.10600719 0.00706187 0.17265745
v 0.10626661 0.00667272 0.17280317
v 0.10590526 0.00699516 0.17270927
v 0.10572017 0.00682642 0.17280362
v 0.10663505 0.00634395 0.17289893
v 0.10610246 0.00652340 0.17288676
v 0.10649250 0.00621428 0.17297150
v 0.10596941 0.00633921 0.17295447
v 0.10637693 0.00605432 0.17303034
v 0.10587396 0.00613303 0.17300307
v 0.10629406 0.00587527 0.17307254
v 0.10581919 0.00591884 0.17303094
v 0.10624650 0.00568925 0.17309674
v 0.10546279 0.00638531 0.17293509
v 0.10540053 0.00614377 0.17296649
v 0.10538563 0.00602407 0.17297397
v 0.10538085 0.00590717 0.17297638
v 0.10623149 0.00550718 0.17310440
v 0.10551085 0.00650392 0.17291049
v 0.10557009 0.00661835 0.17288016
v 0.10679462 0.00643695 0.17281769
v 0.11246550 -0.00609266 0.16936970
v 0.11206853 -0.00289271 0.17013284
v 0.11206853 -0.00429269 0.17013284
v 0.11206853 -0.00569267 0.17013284
v 0.11246551 -0.00009275 0.16936970
v 0.11206854 0.00130723 0.17013284
v 0.11206854 -0.00009275 0.17013284
v 0.11206853 -0.00149273 0.17013284
v 0.11206854 0.00270721 0.17013284
v 0.11246551 0.00590716 0.16936970
v 0.11206854 0.00410719 0.17013284
v 0.11206854 0.00550717 0.17013284
v 0.11123466 -0.00292128 0.17055735
v 0.11123467 -0.00103559 0.17055735
v 0.11040081 -0.00103559 0.17098184
v 0.11123467 0.00085010 0.17055735
v 0.11019855 0.00126808 0.17108481
v 0.11040081 -0.00292128 0.17098184
v 0.10956694 -0.00103559 0.17140636
v 0.10960462 -0.00047070 0.17138718
v 0.10964230 0.00009420 0.17136800
v 0.11075478 0.00244195 0.17080164
v 0.11092595 0.00264058 0.17071452
v 0.11082779 0.00255468 0.17076447
v 0.11103716 0.00269144 0.17065788
v 0.11114820 0.00270721 0.17060136
v 0.11126650 0.00270721 0.17054115
v 0.11133136 0.00271389 0.17050814
v 0.11139772 0.00273530 0.17047435
v 0.11146156 0.00277241 0.17044185
v 0.11206854 0.00130723 0.17013284
v 0.11151855 0.00282437 0.17041283
v 0.11206854 0.00270721 0.17013284
v 0.11156486 0.00288833 0.17038924
v 0.11206854 0.00410719 0.17013284
v 0.11161702 0.00317999 0.17036269
v 0.11162297 0.00310721 0.17035967
v 0.11159794 0.00295997 0.17037242
v 0.11161702 0.00303442 0.17036269
v 0.11159794 0.00325444 0.17037242
v 0.11156486 0.00332609 0.17038924
v 0.11151855 0.00339005 0.17041283
v 0.11146156 0.00344200 0.17044185
v 0.11123467 0.00462147 0.17055735
v 0.11139772 0.00347912 0.17047435
v 0.10956695 0.00462147 0.17140636
v 0.11054525 0.00346722 0.17090832
v 0.11016370 0.00650716 0.17110257
v 0.11150542 0.00643695 0.17041951
v 0.11166499 0.00634395 0.17033827
v 0.11180752 0.00621427 0.17026570
v 0.11206854 0.00550717 0.17013284
v 0.11117739 0.00650716 0.17058649
v 0.11133965 0.00649033 0.17050389
v 0.11126649 0.00350720 0.17054115
v 0.11099315 0.00350720 0.17068027
v 0.11133136 0.00350052 0.17050814
v 0.11071982 0.00350720 0.17081944
v 0.11060293 0.00348969 0.17087896
v 0.11192309 0.00605432 0.17020687
v 0.11200596 0.00587526 0.17016470
v 0.11205353 0.00568925 0.17014047
v 0.11049035 0.00343579 0.17093628
v 0.11043983 0.00339615 0.17096197
v 0.11039508 0.00334955 0.17098477
v 0.11032641 0.00324194 0.17101971
v 0.10956694 0.00273578 0.17140636
v 0.10977018 0.00206806 0.17130291
v 0.10921394 0.00089419 0.17158608
v 0.10873308 0.00273578 0.17183088
v 0.10873308 0.00462147 0.17183088
v 0.10915000 0.00650716 0.17161860
v 0.10813633 0.00650716 0.17213466
v 0.10789922 0.00462147 0.17225537
v 0.10789922 0.00273578 0.17225537
v 0.10706535 0.00462147 0.17267988
v 0.10712265 0.00650716 0.17265071
v 0.10706535 0.00273579 0.17267989
v 0.10623149 0.00410719 0.17310440
v 0.10623149 0.00550718 0.17310440
v 0.10696039 0.00649033 0.17273332
v 0.10649250 0.00621428 0.17297150
v 0.10663505 0.00634395 0.17289893
v 0.10679462 0.00643695 0.17281769
v 0.10637693 0.00605432 0.17303034
v 0.10629406 0.00587527 0.17307254
v 0.10624650 0.00568925 0.17309674
v 0.10623149 0.00270722 0.17310440
v 0.10623149 0.00130724 0.17310440
v 0.10706535 0.00085010 0.17267989
v 0.10623149 -0.00009275 0.17310440
v 0.10789922 0.00085010 0.17225537
v 0.10706535 -0.00103559 0.17267988
v 0.10810149 -0.00145357 0.17215240
v 0.10623148 -0.00149272 0.17310440
v 0.10696866 -0.00289938 0.17272910
v 0.10690231 -0.00292079 0.17276289
v 0.10703352 -0.00289271 0.17269608
v 0.10683847 -0.00295790 0.17279539
v 0.10738131 -0.00282129 0.17251903
v 0.10754525 -0.00262744 0.17243557
v 0.10726873 -0.00287519 0.17257634
v 0.10715182 -0.00289271 0.17263585
v 0.10747659 -0.00273505 0.17247054
v 0.10865771 -0.00027969 0.17186924
v 0.10873307 0.00085010 0.17183088
v 0.10678147 -0.00300986 0.17282441
v 0.10673517 -0.00307382 0.17284797
v 0.10623148 -0.00289270 0.17310440
v 0.10670209 -0.00314546 0.17286482
v 0.10668301 -0.00321991 0.17287452
v 0.10667706 -0.00329270 0.17287754
v 0.10668301 -0.00336548 0.17287452
v 0.10623148 -0.00429268 0.17310440
v 0.10670209 -0.00343993 0.17286482
v 0.10673517 -0.00351158 0.17284797
v 0.10678146 -0.00357554 0.17282441
v 0.10623148 -0.00569266 0.17310440
v 0.10706535 -0.00480696 0.17267988
v 0.10683847 -0.00362749 0.17279539
v 0.10690231 -0.00366461 0.17276289
v 0.10696866 -0.00368601 0.17272910
v 0.10703352 -0.00369269 0.17269608
v 0.10730685 -0.00369269 0.17255693
v 0.10758019 -0.00369269 0.17241777
v 0.10769121 -0.00367692 0.17236126
v 0.10774759 -0.00365607 0.17233257
v 0.10873307 -0.00480696 0.17183088
v 0.10780243 -0.00362606 0.17230465
v 0.10785399 -0.00358717 0.17227841
v 0.10790059 -0.00354017 0.17225467
v 0.10794083 -0.00348636 0.17223419
v 0.10797362 -0.00342743 0.17221750
v 0.10873307 -0.00292128 0.17183088
v 0.10852986 -0.00225355 0.17193432
v 0.10956694 -0.00480696 0.17140636
v 0.10956694 -0.00292128 0.17140636
v 0.10908608 -0.00107968 0.17165116
v 0.11040081 -0.00480696 0.17098184
v 0.11016369 -0.00669265 0.17110257
v 0.11117738 -0.00669265 0.17058649
v 0.11123466 -0.00480696 0.17055735
v 0.11206853 -0.00429269 0.17013284
v 0.11165160 -0.00524981 0.17034510
v 0.11180751 -0.00639976 0.17026570
v 0.11206853 -0.00569267 0.17013284
v 0.11166499 -0.00652944 0.17033827
v 0.11150541 -0.00662244 0.17041951
v 0.11133964 -0.00667582 0.17050389
v 0.11192308 -0.00623981 0.17020687
v 0.11200596 -0.00606076 0.17016469
v 0.11205353 -0.00587474 0.17014047
v 0.11206853 -0.00289271 0.17013284
v 0.11206853 -0.00149273 0.17013284
v 0.11206854 -0.00009275 0.17013284
v 0.10915000 -0.00669265 0.17161860
v 0.10813632 -0.00669265 0.17213467
v 0.10712265 -0.00669265 0.17265071
v 0.10696038 -0.00667582 0.17273332
v 0.10679462 -0.00662244 0.17281770
v 0.10663504 -0.00652944 0.17289893
v 0.10649249 -0.00639976 0.17297151
v 0.10637693 -0.00623981 0.17303034
v 0.10629406 -0.00606075 0.17307254
v 0.10624650 -0.00587474 0.17309674
v 0.11088962 0.00720715 0.16913958
v 0.10969771 0.00720715 0.16974639
v 0.11102876 0.00720715 0.16941291
v 0.11116789 0.00720715 0.16968619
v 0.11130701 0.00720715 0.16995947
v 0.10971778 0.00720715 0.17076853
v 0.10850580 0.00720715 0.17035319
v 0.10812857 0.00720715 0.17157755
v 0.10731389 0.00720715 0.17095998
v 0.10626110 0.00720716 0.17184005
v 0.10640022 0.00720716 0.17211333
v 0.10653935 0.00720716 0.17238662
v 0.10612197 0.00720715 0.17156676
v 0.10757621 0.00529049 0.17129774
v 0.10705785 0.00530718 0.16987847
v 0.10621518 0.00529049 0.16862427
v 0.10637733 0.00530718 0.16854173
v 0.10604930 0.00523697 0.16870874
v 0.10741032 0.00523697 0.17138218
v 0.10588970 0.00514418 0.16878998
v 0.10725071 0.00514418 0.17146344
v 0.10710823 0.00501429 0.17153598
v 0.10574719 0.00501429 0.16886252
v 0.10699247 0.00485440 0.17159491
v 0.10563144 0.00485440 0.16892145
v 0.10554876 0.00467528 0.16896355
v 0.10690977 0.00467528 0.17163702
v 0.10686207 0.00448915 0.17166128
v 0.10550106 0.00448915 0.16898781
v 0.10616668 0.00430719 0.17033213
v 0.10684721 0.00430719 0.17166885
v 0.10548618 0.00430719 0.16899541
v 0.10773835 0.00530718 0.17121519
v 0.10686207 -0.00467464 0.17166128
v 0.10616668 -0.00449268 0.17033214
v 0.10550106 -0.00467464 0.16898782
v 0.10548618 -0.00449268 0.16899541
v 0.10554875 -0.00486077 0.16896356
v 0.10690977 -0.00486077 0.17163702
v 0.10699247 -0.00503988 0.17159491
v 0.10563144 -0.00503988 0.16892144
v 0.10574719 -0.00519978 0.16886252
v 0.10710822 -0.00519978 0.17153599
v 0.10588969 -0.00532967 0.16878998
v 0.10725070 -0.00532967 0.17146345
v 0.10604929 -0.00542246 0.16870874
v 0.10741031 -0.00542246 0.17138218
v 0.10621517 -0.00547597 0.16862427
v 0.10757620 -0.00547597 0.17129774
v 0.10705785 -0.00549267 0.16987848
v 0.10773834 -0.00549267 0.17121519
v 0.10637733 -0.00549267 0.16854173
v 0.10684721 -0.00449268 0.17166886
v 0.10864977 -0.00229272 0.16738487
v 0.10864976 -0.00339270 0.16738487
v 0.10910344 -0.00449268 0.16827603
v 0.10864976 -0.00449268 0.16738487
v 0.10864977 -0.00009275 0.16738487
v 0.10864977 -0.00119273 0.16738487
v 0.10910345 0.00430719 0.16827603
v 0.10955712 -0.00449268 0.16916717
v 0.10864977 0.00210722 0.16738487
v 0.10864977 0.00100724 0.16738487
v 0.10864977 0.00430719 0.16738487
v 0.10864977 0.00320721 0.16738487
v 0.10955712 0.00430719 0.16916716
v 0.11001078 -0.00009275 0.17005833
v 0.11001078 0.00430719 0.17005833
v 0.11001078 -0.00449268 0.17005833
v 0.10854536 -0.00477552 0.16743803
v 0.10842452 -0.00486460 0.16749955
v 0.10978553 -0.00486460 0.17017299
v 0.10829331 -0.00489268 0.16756635
v 0.10874698 -0.00489268 0.16845748
v 0.10920064 -0.00489268 0.16934865
v 0.10965434 -0.00489268 0.17023978
v 0.10990638 -0.00477552 0.17011146
v 0.10862474 -0.00463992 0.16739763
v 0.10998575 -0.00463992 0.17007105
v 0.10910344 -0.00449268 0.16827603
v 0.10864976 -0.00449268 0.16738487
v 0.10955712 -0.00449268 0.16916717
v 0.11001078 -0.00449268 0.17005833
v 0.10602087 -0.00009275 0.16872321
v 0.10738190 -0.00009275 0.17139667
v 0.10692821 -0.00449268 0.17050551
v 0.10738190 -0.00449268 0.17139667
v 0.10670138 0.00430719 0.17005992
v 0.10738190 0.00430719 0.17139667
v 0.10602087 0.00100724 0.16872321
v 0.10602087 0.00210722 0.16872321
v 0.10602087 0.00320721 0.16872321
v 0.10602087 0.00430719 0.16872321
v 0.10647455 -0.00449268 0.16961435
v 0.10602087 -0.00119273 0.16872321
v 0.10602087 -0.00229272 0.16872321
v 0.10602087 -0.00339270 0.16872321
v 0.10602087 -0.00449268 0.16872321
v 0.10612529 0.00459003 0.16867005
v 0.10624612 0.00467910 0.16860852
v 0.10760715 0.00467910 0.17128199
v 0.10748630 0.00459003 0.17134351
v 0.10740693 0.00445443 0.17138391
v 0.10604591 0.00445443 0.16871045
v 0.10670138 0.00430719 0.17005992
v 0.10738190 0.00430719 0.17139667
v 0.10602087 0.00430719 0.16872321
v 0.10705785 0.00470719 0.16987847
v 0.10773835 0.00470719 0.17121519
v 0.10637733 0.00470719 0.16854173
v 0.10728468 -0.00489268 0.17032402
v 0.10773834 -0.00489268 0.17121519
v 0.10920064 -0.00489268 0.16934865
v 0.10874698 -0.00489268 0.16845748
v 0.10683100 -0.00489268 0.16943290
v 0.10733532 -0.00489268 0.16805404
v 0.10637733 -0.00489268 0.16854173
v 0.10829331 -0.00489268 0.16756635
v 0.10965434 -0.00489268 0.17023978
v 0.10705785 0.00470719 0.16987847
v 0.10637733 0.00470719 0.16854173
v 0.10733533 0.00470719 0.16805404
v 0.10874699 0.00470719 0.16845748
v 0.10920065 0.00470719 0.16934865
v 0.10773835 0.00470719 0.17121519
v 0.10829331 0.00470719 0.16756634
v 0.10965434 0.00470719 0.17023978
v 0.10862474 0.00445443 0.16739763
v 0.10864977 0.00430719 0.16738487
v 0.10910345 0.00430719 0.16827604
v 0.10955712 0.00430719 0.16916717
v 0.10990638 0.00459003 0.17011147
v 0.10854537 0.00459003 0.16743804
v 0.10998576 0.00445443 0.17007106
v 0.11001078 0.00430719 0.17005834
v 0.10978554 0.00467910 0.17017299
v 0.10920065 0.00470719 0.16934866
v 0.10874699 0.00470719 0.16845749
v 0.10842452 0.00467910 0.16749955
v 0.10965434 0.00470719 0.17023979
v 0.10829331 0.00470719 0.16756635
v 0.11108015 0.00270722 0.17046777
v 0.11114820 0.00270722 0.17060144
v 0.11122114 0.00270722 0.17045208
v 0.11117577 0.00270722 0.17036298
v 0.11113040 0.00270722 0.17027387
v 0.11101209 0.00270722 0.17033410
v 0.11126650 0.00270722 0.17054123
v 0.10698816 -0.00289271 0.17260706
v 0.10694278 -0.00289271 0.17251795
v 0.10708377 -0.00289271 0.17250227
v 0.10703352 -0.00289271 0.17269616
v 0.10715182 -0.00289271 0.17263593
v 0.10701572 -0.00289271 0.17236860
v 0.10689743 -0.00289271 0.17242881
v 0.10708377 -0.00289271 0.17250227
v 0.10701572 -0.00289271 0.17236860
v 0.10713263 -0.00287519 0.17230908
v 0.10726873 -0.00287519 0.17257642
v 0.10715182 -0.00289271 0.17263593
v 0.10738131 -0.00282129 0.17251911
v 0.10724521 -0.00282129 0.17225175
v 0.10734048 -0.00273505 0.17220325
v 0.10747659 -0.00273505 0.17247062
v 0.10747720 -0.00262744 0.17230198
v 0.10754525 -0.00262745 0.17243565
v 0.10740915 -0.00262744 0.17216831
v 0.11220125 -0.00690787 0.16950426
vt 0.96321821 0.04922765
vt 0.95152891 0.04847568
vt 0.96300292 0.04847568
vt 0.92858070 0.04847568
vt 0.94005471 0.04847568
vt 0.90563238 0.04847568
vt 0.91710651 0.04847568
vt 0.88268417 0.04847568
vt 0.89415830 0.04847568
vt 0.85973603 0.04847568
vt 0.87121010 0.04847568
vt 0.83678782 0.04847568
vt 0.84826177 0.04847568
vt 0.75602901 0.04997760
vt 0.81383961 0.04847568
vt 0.82531363 0.04847568
vt 0.79089141 0.04847568
vt 0.80236542 0.04847568
vt 0.96675569 0.05147165
vt 0.75463867 0.05147165
vt 0.96509308 0.05072546
vt 0.96390522 0.04997760
vt 0.75544959 0.05072546
vt 0.86305290 0.05443650
vt 0.97112352 0.05295795
vt 0.97595280 0.05443650
vt 0.96880883 0.05221575
vt 0.75250840 0.05295795
vt 0.76794308 0.04847568
vt 0.77941722 0.04847568
vt 0.75646901 0.04847568
vt 0.75015301 0.05443650
vt 0.18954711 0.10407680
vt 0.18955269 0.10752060
vt 0.17620219 0.10407680
vt 0.18955640 0.11096440
vt 0.18955471 0.12473980
vt 0.17620219 0.12473970
vt 0.18955110 0.12129590
vt 0.18954720 0.11785210
vt 0.17620219 0.11785210
vt 0.18954711 0.13162670
vt 0.16258790 0.10407680
vt 0.16258790 0.11096440
vt 0.16258790 0.12473970
vt 0.16258790 0.13162740
vt 0.16258790 0.11785210
vt 0.17620219 0.13162740
vt 0.18954180 0.13851510
vt 0.17620219 0.13851510
vt 0.18953259 0.14195900
vt 0.17620219 0.15229040
vt 0.18954080 0.15229040
vt 0.18954700 0.15573430
vt 0.18952750 0.14540270
vt 0.17620219 0.14540270
vt 0.18954711 0.15917809
vt 0.16258790 0.13851510
vt 0.16258790 0.14540270
vt 0.16258790 0.15917809
vt 0.16258790 0.15229040
vt 0.74469727 0.07796615
vt 0.73287088 0.07639873
vt 0.73152590 0.07381033
vt 0.75786871 0.08212196
vt 0.74462569 0.08010756
vt 0.76813519 0.08752518
vt 0.75638038 0.08381634
vt 0.77104002 0.08627778
vt 0.00639468 0.00521433
vt 0.00718290 0.00488454
vt 0.00732142 0.00590938
vt 0.00797111 0.00455481
vt 0.00850374 0.00541472
vt 0.00560665 0.00554407
vt 0.00613934 0.00640404
vt 0.68529570 0.03892415
vt 0.64767611 0.00901961
vt 0.68529570 0.00901961
vt 0.57243693 0.00901961
vt 0.61005652 0.00901961
vt 0.55362707 0.09873372
vt 0.42195839 0.05387645
vt 0.49719760 0.00901961
vt 0.53481728 0.00901961
vt 0.42195839 0.00901961
vt 0.45957801 0.00901961
vt 0.65237862 0.09873372
vt 0.68529570 0.06882899
vt 0.68529570 0.09873372
vt 0.61946142 0.09873372
vt 0.58654422 0.09873372
vt 0.52070987 0.09873372
vt 0.48779270 0.09873372
vt 0.45487550 0.09873372
vt 0.42195839 0.09873372
vt 0.12551740 0.03016972
vt 0.13306411 0.03016972
vt 0.13306411 0.03205519
vt 0.12174400 0.03205519
vt 0.13306411 0.03394097
vt 0.12174400 0.03582656
vt 0.13306411 0.03771203
vt 0.13306411 0.03582656
vt 0.11797070 0.03016972
vt 0.11042400 0.03016972
vt 0.11042400 0.03205519
vt 0.12174400 0.03771203
vt 0.11042400 0.03582656
vt 0.11042400 0.03394097
vt 0.13306411 0.03959769
vt 0.12174400 0.03959769
vt 0.13306411 0.04148340
vt 0.12174400 0.04148340
vt 0.11042400 0.03959769
vt 0.11042400 0.03771203
vt 0.11042400 0.04148340
vt 0.12174400 0.04336899
vt 0.13306411 0.04336899
vt 0.13306411 0.04525446
vt 0.12551740 0.04525446
vt 0.11042400 0.04336899
vt 0.11797070 0.04525446
vt 0.11042400 0.04525446
vt 0.10784410 0.37349689
vt 0.10784410 0.34951210
vt 0.10925560 0.34951210
vt 0.10925560 0.38548940
vt 0.11207860 0.38548940
vt 0.11066710 0.34951210
vt 0.11207860 0.34951210
vt 0.11349010 0.34951210
vt 0.10784410 0.39748171
vt 0.10784410 0.42146659
vt 0.10925560 0.42146659
vt 0.11207860 0.42146659
vt 0.11066710 0.42146659
vt 0.11349010 0.38548940
vt 0.11349010 0.42146659
vt 0.11490150 0.34951210
vt 0.11490150 0.38548940
vt 0.11631300 0.34951210
vt 0.11772450 0.38548940
vt 0.11631300 0.38548940
vt 0.11772450 0.34951210
vt 0.11913600 0.34951210
vt 0.11913600 0.37349689
vt 0.11631300 0.42146659
vt 0.11772450 0.42146659
vt 0.11913600 0.39748171
vt 0.11913600 0.42146659
vt 0.01418519 0.50075299
vt 0.01418519 0.49983281
vt 0.01865226 0.49985021
vt 0.01865226 0.50167322
vt 0.01418519 0.50167322
vt 0.02311939 0.50077051
vt 0.02311939 0.50167322
vt 0.02311939 0.49986759
vt 0.22411279 0.29216751
vt 0.21960489 0.06743359
vt 0.21960489 0.03597718
vt 0.21960489 0.09889006
vt 0.21960489 0.16180301
vt 0.21960489 0.13034651
vt 0.21960489 0.19325940
vt 0.21960489 0.22471580
vt 0.22853149 0.02698945
vt 0.22853149 0.16180301
vt 0.21960489 0.28762880
vt 0.21960489 0.25617230
vt 0.22853149 0.29661629
vt 0.28044420 0.01173686
vt 0.28069389 0.01386147
vt 0.28044420 0.01386147
vt 0.28019449 0.01173686
vt 0.27994481 0.01386147
vt 0.27994481 0.01173686
vt 0.28019449 0.01386147
vt 0.27969521 0.01386147
vt 0.27919579 0.01279932
vt 0.27969521 0.01173686
vt 0.27919579 0.01173686
vt 0.28119329 0.01279932
vt 0.28069389 0.01173686
vt 0.28119329 0.01173686
vt 0.28119329 0.01386147
vt 0.27919579 0.01386147
vt 0.55874109 0.87503171
vt 0.60688448 0.89765543
vt 0.49509731 0.84881562
vt 0.59084362 0.88905728
vt 0.57479239 0.88204461
vt 0.51058728 0.85399342
vt 0.49453610 0.84698057
vt 0.52663863 0.86100620
vt 0.54268980 0.86801893
vt 0.60689491 0.89607012
vt 0.71867168 0.94649518
vt 0.68715131 0.93113410
vt 0.70320249 0.93814689
vt 0.71925378 0.94515967
vt 0.67110002 0.92412132
vt 0.63899738 0.91009569
vt 0.62294620 0.90308291
vt 0.65504873 0.91710848
vt 0.42332900 0.91277289
vt 0.40192360 0.84358782
vt 0.41502309 0.84544992
vt 0.43748960 0.87676960
vt 0.42838731 0.84734970
vt 0.44659191 0.90618938
vt 0.45569411 0.93560922
vt 0.46479651 0.96502912
vt 0.44473451 0.98195809
vt 0.02869278 0.12892631
vt 0.00664163 0.12995949
vt 0.00664163 0.12892631
vt 0.03971827 0.12995949
vt 0.05074363 0.12892631
vt 0.00664163 0.13099261
vt 0.03971827 0.13202570
vt 0.00664163 0.13202570
vt 0.02869278 0.13305891
vt 0.00664163 0.13305891
vt 0.07279485 0.12995949
vt 0.07279485 0.12892631
vt 0.07279485 0.13099261
vt 0.07279485 0.13202570
vt 0.05074363 0.13305891
vt 0.07279485 0.13305891
vt 0.64209872 0.33821669
vt 0.59620059 0.35133490
vt 0.58717918 0.29201269
vt 0.56505322 0.33547691
vt 0.64045262 0.26440650
vt 0.60930520 0.24854849
vt 0.65684938 0.30924061
vt 0.67160010 0.28026441
vt 0.62734801 0.36719280
vt 0.14897279 0.03016972
vt 0.16029289 0.03016972
vt 0.16029289 0.03205519
vt 0.16029289 0.03582656
vt 0.13765280 0.03394097
vt 0.16029289 0.03394097
vt 0.13765280 0.03771203
vt 0.13765280 0.03582656
vt 0.13765280 0.03205519
vt 0.13765280 0.03016972
vt 0.16029289 0.03959769
vt 0.13765280 0.04148340
vt 0.13765280 0.03959769
vt 0.14897279 0.04525446
vt 0.16029289 0.04336899
vt 0.16029289 0.04525446
vt 0.16029289 0.04148340
vt 0.13765280 0.04336899
vt 0.13765280 0.04525446
vt 0.68529570 0.15724680
vt 0.64767611 0.12734219
vt 0.68529570 0.12734219
vt 0.57243693 0.12734219
vt 0.61005652 0.12734219
vt 0.55362707 0.21705620
vt 0.42195839 0.17219920
vt 0.49719760 0.12734219
vt 0.53481728 0.12734219
vt 0.42195839 0.12734219
vt 0.45957801 0.12734219
vt 0.65237862 0.21705620
vt 0.68529570 0.18715160
vt 0.68529570 0.21705620
vt 0.61946142 0.21705620
vt 0.58654422 0.21705620
vt 0.52070987 0.21705620
vt 0.48779270 0.21705620
vt 0.45487550 0.21705620
vt 0.42195839 0.21705620
vt 0.25173059 0.02698945
vt 0.24280190 0.06743359
vt 0.24280190 0.03597718
vt 0.24280190 0.09889006
vt 0.25173059 0.16180301
vt 0.24280190 0.16180301
vt 0.24280190 0.13034651
vt 0.24731080 0.29216751
vt 0.24280190 0.19325940
vt 0.24280190 0.22471580
vt 0.24280190 0.28762880
vt 0.24280190 0.25617230
vt 0.25173059 0.29661629
vt 0.26745000 0.02573132
vt 0.26743871 0.02573132
vt 0.26743871 0.02480334
vt 0.26743871 0.02665925
vt 0.26746139 0.02665925
vt 0.25982681 0.39948091
vt 0.25599149 0.40123260
vt 0.25599149 0.39948091
vt 0.26749751 0.40298429
vt 0.25599149 0.40298429
vt 0.26749751 0.40648770
vt 0.25599149 0.40648770
vt 0.25599149 0.40473601
vt 0.26749751 0.40999109
vt 0.25599149 0.40999109
vt 0.25599149 0.40823939
vt 0.26749751 0.41349450
vt 0.25599149 0.41349450
vt 0.25599149 0.41174281
vt 0.26749751 0.41699791
vt 0.25599149 0.41699791
vt 0.25599149 0.41524610
vt 0.26749751 0.42050120
vt 0.25599149 0.42050120
vt 0.25599149 0.41874960
vt 0.26749751 0.42400461
vt 0.25599149 0.42400461
vt 0.25599149 0.42225301
vt 0.26366219 0.39948091
vt 0.26749751 0.39948091
vt 0.25982681 0.42750809
vt 0.25599149 0.42750809
vt 0.25599149 0.42575631
vt 0.26366219 0.42750809
vt 0.26749751 0.42750809
vt 0.29553279 0.11520710
vt 0.29553279 0.15556090
vt 0.29379779 0.12865840
vt 0.29379779 0.15556090
vt 0.29379779 0.14210971
vt 0.29379779 0.11520710
vt 0.29726791 0.12865840
vt 0.29726791 0.11520710
vt 0.29726791 0.14210971
vt 0.29726791 0.15556090
vt 0.74636620 0.10784810
vt 0.74636620 0.10635970
vt 0.76724482 0.10635970
vt 0.79334313 0.10933660
vt 0.78812343 0.10635970
vt 0.80900210 0.10635970
vt 0.74636620 0.10933660
vt 0.82988071 0.10635970
vt 0.84032011 0.10933660
vt 0.85075933 0.10635970
vt 0.87163800 0.10635970
vt 0.93427402 0.10784810
vt 0.89251667 0.10635970
vt 0.91339529 0.10635970
vt 0.88729697 0.10933660
vt 0.93427402 0.10933660
vt 0.93427402 0.10635970
vt 0.26528090 0.03940784
vt 0.26566759 0.03940784
vt 0.26566759 0.04146903
vt 0.26489401 0.03940784
vt 0.26528090 0.04353040
vt 0.26489401 0.04353040
vt 0.26450720 0.04353040
vt 0.26450720 0.03940784
vt 0.26412049 0.04146903
vt 0.26412049 0.03940784
vt 0.26412049 0.04353040
vt 0.26566759 0.04353040
vt 0.11913600 0.38548940
vt 0.11913600 0.34951210
vt 0.12054740 0.34951210
vt 0.12337040 0.34951210
vt 0.12195890 0.42146659
vt 0.12195890 0.34951210
vt 0.12478190 0.42146659
vt 0.12337040 0.42146659
vt 0.12054740 0.42146659
vt 0.11913600 0.42146659
vt 0.12760490 0.34951210
vt 0.12619340 0.42146659
vt 0.12619340 0.34951210
vt 0.13042779 0.38548940
vt 0.12901630 0.34951210
vt 0.13042779 0.34951210
vt 0.12901630 0.42146659
vt 0.12760490 0.42146659
vt 0.13042779 0.42146659
vt 0.35130081 0.03581011
vt 0.35174820 0.03581011
vt 0.35174820 0.03819417
vt 0.35085341 0.03581011
vt 0.35130081 0.04057866
vt 0.35085341 0.04057866
vt 0.35040599 0.04057866
vt 0.35040599 0.03581011
vt 0.34995851 0.03819417
vt 0.34995851 0.03581011
vt 0.34995851 0.04057866
vt 0.35174820 0.04057866
vt 0.34150809 0.23383459
vt 0.33958161 0.23383459
vt 0.34443551 0.23091660
vt 0.33958161 0.22799860
vt 0.34347221 0.22799860
vt 0.34736279 0.22799860
vt 0.08510857 0.18423420
vt 0.08117783 0.18394060
vt 0.09619271 0.17629690
vt 0.10612940 0.17353299
vt 0.06616300 0.19158430
vt 0.11120760 0.16865321
vt 0.12715019 0.16283190
vt 0.12622240 0.16100951
vt 0.02204602 0.21633780
vt 0.02111846 0.21451551
vt 0.03613317 0.20687170
vt 0.04306685 0.20563661
vt 0.06408780 0.19493540
vt 0.05114799 0.19922800
vt 0.20129660 0.12279100
vt 0.19021261 0.13072830
vt 0.18628180 0.13043471
vt 0.21631150 0.11514720
vt 0.21123330 0.12002710
vt 0.23132640 0.10750350
vt 0.23179030 0.10841470
vt 0.23225421 0.10932590
vt 0.14817099 0.15213069
vt 0.14123730 0.15336581
vt 0.15625210 0.14572211
vt 0.16919170 0.14142950
vt 0.17126690 0.13807841
vt 0.16717970 0.38548940
vt 0.16576821 0.37349689
vt 0.16717970 0.34951210
vt 0.16576821 0.34951210
vt 0.16576821 0.39748171
vt 0.16859120 0.34951210
vt 0.17000259 0.34951210
vt 0.17000259 0.38548940
vt 0.17141411 0.38548940
vt 0.16576821 0.42146659
vt 0.16717970 0.42146659
vt 0.17000259 0.42146659
vt 0.16859120 0.42146659
vt 0.17282560 0.34951210
vt 0.17282560 0.38548940
vt 0.17423710 0.34951210
vt 0.17423710 0.38548940
vt 0.17282560 0.42146659
vt 0.17141411 0.42146659
vt 0.17423710 0.42146659
vt 0.17564860 0.34951210
vt 0.17705999 0.34951210
vt 0.17705999 0.37349689
vt 0.17564860 0.38548940
vt 0.17564860 0.42146659
vt 0.17705999 0.39748171
vt 0.17705999 0.42146659
vt 0.35845950 0.03581011
vt 0.35890701 0.03581011
vt 0.35890701 0.03819417
vt 0.35801211 0.04057866
vt 0.35801211 0.03581011
vt 0.35756469 0.04057866
vt 0.35756469 0.03581011
vt 0.35711730 0.03819417
vt 0.35711730 0.03581011
vt 0.35845950 0.04057866
vt 0.35711730 0.04057866
vt 0.35890701 0.04057866
vt 0.01418519 0.51941830
vt 0.01418519 0.51849812
vt 0.01865226 0.51849812
vt 0.01865226 0.52032107
vt 0.01418519 0.52033848
vt 0.02311939 0.51940078
vt 0.02311939 0.52030361
vt 0.02311939 0.51849812
vt 0.09828859 0.01508486
vt 0.10583530 0.01508486
vt 0.10583530 0.01697045
vt 0.09451520 0.01697045
vt 0.10583530 0.01885592
vt 0.09451520 0.02074170
vt 0.10583530 0.02074170
vt 0.09451520 0.02262729
vt 0.09074187 0.01508486
vt 0.08319514 0.01508486
vt 0.08319514 0.01697045
vt 0.08319514 0.02074170
vt 0.08319514 0.01885592
vt 0.09451520 0.02451276
vt 0.10583530 0.02262729
vt 0.10583530 0.02451276
vt 0.10583530 0.02639842
vt 0.09451520 0.02639842
vt 0.08319514 0.02262729
vt 0.08319514 0.02451276
vt 0.10583530 0.02828413
vt 0.10583530 0.03016972
vt 0.09828859 0.03016972
vt 0.09451520 0.02828413
vt 0.08319514 0.02828413
vt 0.09074187 0.03016972
vt 0.08319514 0.03016972
vt 0.33215809 0.22799860
vt 0.33023161 0.23091660
vt 0.33023161 0.22799860
vt 0.33412221 0.23383459
vt 0.33023161 0.23383459
vt 0.33508551 0.23091660
vt 0.33801281 0.23383459
vt 0.02869278 0.16092271
vt 0.00664163 0.16195580
vt 0.00664163 0.16092271
vt 0.03971827 0.16195580
vt 0.05074363 0.16092271
vt 0.00664163 0.16298890
vt 0.03971827 0.16402200
vt 0.00664163 0.16402200
vt 0.02869278 0.16505501
vt 0.00664163 0.16505501
vt 0.07279485 0.16195580
vt 0.07279485 0.16092271
vt 0.07279485 0.16298890
vt 0.05074363 0.16505501
vt 0.07279485 0.16402200
vt 0.07279485 0.16505501
vt 0.61982751 0.93097061
vt 0.55481851 0.96465820
vt 0.54380977 0.89226800
vt 0.51680970 0.94530678
vt 0.60881883 0.85858041
vt 0.57081002 0.83922899
vt 0.64682770 0.87793171
vt 0.59282732 0.98400950
vt 0.44395739 0.08670628
vt 0.44851819 0.06044870
vt 0.44851819 0.08670628
vt 0.43939659 0.06044870
vt 0.43939659 0.08670628
vt 0.44851819 0.11296390
vt 0.44395739 0.11296390
vt 0.43939659 0.11296390
vt 0.43483591 0.08670628
vt 0.43483591 0.11296390
vt 0.44851819 0.13922150
vt 0.44395739 0.13922150
vt 0.43939659 0.13922150
vt 0.43483591 0.13922150
vt 0.45763981 0.16547909
vt 0.46220061 0.13922150
vt 0.46220061 0.16547909
vt 0.45307899 0.16547909
vt 0.45763981 0.13922150
vt 0.44851819 0.16547909
vt 0.44395739 0.16547909
vt 0.43939659 0.16547909
vt 0.43483591 0.16547909
vt 0.46220061 0.19173659
vt 0.45763981 0.19173659
vt 0.45307899 0.19173659
vt 0.44851819 0.19173659
vt 0.44395739 0.19173659
vt 0.43939659 0.19173659
vt 0.43483591 0.19173659
vt 0.45763981 0.21799430
vt 0.46220061 0.21799430
vt 0.45307899 0.21799430
vt 0.44851819 0.21799430
vt 0.44395739 0.21799430
vt 0.43939659 0.21799430
vt 0.43483591 0.21799430
vt 0.45763981 0.24425191
vt 0.44395739 0.24425191
vt 0.44851819 0.24425191
vt 0.43939659 0.24425191
vt 0.43483591 0.24425191
vt 0.44395739 0.27050960
vt 0.44851819 0.27050960
vt 0.43939659 0.27050960
vt 0.43483591 0.27050960
vt 0.44851819 0.29676709
vt 0.45307899 0.27050960
vt 0.45307899 0.29676709
vt 0.44395739 0.29676709
vt 0.43939659 0.29676709
vt 0.43483591 0.29676709
vt 0.44851819 0.32302469
vt 0.44395739 0.32302469
vt 0.43939659 0.32302469
vt 0.44395739 0.34928229
vt 0.43939659 0.34928229
vt 0.45792300 0.09072095
vt 0.46124259 0.11072700
vt 0.45641381 0.11072700
vt 0.45698881 0.09021711
vt 0.46101430 0.09190589
vt 0.46603349 0.09460848
vt 0.46658370 0.09575146
vt 0.46676141 0.09694957
vt 0.46676141 0.11623790
vt 0.46516201 0.09368592
vt 0.46410570 0.09309089
vt 0.45007369 0.05444306
vt 0.45269600 0.07097595
vt 0.45531821 0.08750879
vt 0.44745141 0.03791016
vt 0.45561740 0.08852612
vt 0.45618960 0.08946335
vt 0.45158479 0.11072700
vt 0.46676141 0.13552620
vt 0.46124259 0.11899340
vt 0.46124259 0.11486020
vt 0.46676141 0.15481460
vt 0.46676141 0.17410301
vt 0.46676141 0.19339129
vt 0.45158479 0.11348240
vt 0.45158479 0.11899340
vt 0.45158479 0.11623790
vt 0.45641381 0.11899340
vt 0.45307899 0.13922150
vt 0.44309080 0.03419107
vt 0.44395739 0.06044870
vt 0.44165340 0.03443109
vt 0.44037259 0.03512573
vt 0.44457161 0.03444629
vt 0.44696721 0.03648960
vt 0.44595811 0.03524720
vt 0.43709809 0.04229229
vt 0.43709809 0.03839558
vt 0.43368661 0.04569900
vt 0.43157929 0.07215023
vt 0.43027499 0.04910588
vt 0.43483591 0.06044870
vt 0.43709809 0.07215023
vt 0.43709809 0.07490569
vt 0.43433869 0.07215023
vt 0.43027499 0.06807202
vt 0.43709809 0.07766121
vt 0.43433869 0.07766121
vt 0.43027499 0.14393680
vt 0.43027499 0.18186919
vt 0.43027499 0.16290300
vt 0.43027499 0.12497060
vt 0.43027499 0.10600440
vt 0.43027499 0.08703821
vt 0.43157929 0.07766121
vt 0.43027499 0.20083541
vt 0.46676141 0.21267970
vt 0.46676141 0.23196810
vt 0.46220061 0.24425191
vt 0.46676141 0.25125650
vt 0.46124259 0.24850100
vt 0.46124259 0.25263420
vt 0.46124259 0.25676739
vt 0.46443680 0.27425981
vt 0.45641381 0.24850100
vt 0.45158479 0.24850100
vt 0.45158479 0.25676739
vt 0.45480409 0.25676739
vt 0.45158479 0.25263420
vt 0.45802340 0.25676739
vt 0.46220061 0.27050960
vt 0.46613249 0.27273509
vt 0.46676141 0.27054480
vt 0.46660730 0.27166200
vt 0.46537480 0.27363169
vt 0.46146071 0.27570921
vt 0.45758981 0.27774879
vt 0.45687121 0.27855691
vt 0.45848450 0.27715871
vt 0.45639569 0.27949849
vt 0.45617941 0.28047219
vt 0.45260870 0.31700659
vt 0.45439410 0.29873940
vt 0.45082331 0.33527380
vt 0.44903791 0.35354099
vt 0.43027499 0.23876770
vt 0.43027499 0.21980160
vt 0.43709809 0.31738791
vt 0.43709809 0.31463251
vt 0.43027499 0.25773400
vt 0.43027499 0.27670011
vt 0.43027499 0.31463251
vt 0.43027499 0.29566631
vt 0.44725251 0.37180820
vt 0.44589171 0.37448809
vt 0.43709809 0.32014349
vt 0.44455311 0.37528899
vt 0.44313300 0.37553999
vt 0.44131860 0.37512159
vt 0.44684550 0.37323430
vt 0.43483591 0.32302469
vt 0.43027499 0.33667660
vt 0.43027499 0.32014349
vt 0.43483591 0.34928229
vt 0.43579680 0.37243229
vt 0.43027499 0.35320979
vt 0.43027499 0.36974290
vt 0.06773352 0.08154404
vt 0.06727635 0.08076286
vt 0.07003045 0.07954305
vt 0.06819063 0.08232522
vt 0.07140183 0.08188658
vt 0.06864774 0.08310633
vt 0.07324171 0.07910442
vt 0.07369881 0.07988560
vt 0.07415592 0.08066678
vt 0.07278460 0.07832330
vt 0.26632369 0.16180301
vt 0.26632369 0.02698945
vt 0.27127010 0.02698945
vt 0.27621660 0.06069278
vt 0.27621660 0.02698945
vt 0.27127010 0.29661629
vt 0.26632369 0.29661629
vt 0.27621660 0.09439629
vt 0.27621660 0.16180301
vt 0.27621660 0.12809961
vt 0.27621660 0.19550630
vt 0.27621660 0.22920960
vt 0.27621660 0.26291299
vt 0.27621660 0.29661629
vt 0.91128701 0.58505428
vt 0.91019589 0.58719701
vt 0.90663141 0.58538282
vt 0.90772247 0.58324021
vt 0.91485161 0.58686852
vt 0.91376042 0.58901119
vt 0.00664163 0.15782329
vt 0.00664163 0.15679009
vt 0.02869278 0.15679009
vt 0.07279485 0.15885641
vt 0.00664163 0.15885641
vt 0.07279485 0.15988950
vt 0.02869278 0.16092271
vt 0.00664163 0.15988950
vt 0.00664163 0.16092271
vt 0.05074363 0.15679009
vt 0.07279485 0.15782329
vt 0.07279485 0.15679009
vt 0.05074363 0.16092271
vt 0.07279485 0.16092271
vt 0.43828350 0.55723590
vt 0.44307861 0.54932147
vt 0.44307861 0.55723590
vt 0.43828350 0.56515032
vt 0.44307861 0.56515032
vt 0.43828350 0.57306468
vt 0.44307861 0.57306468
vt 0.43828350 0.58097911
vt 0.44307861 0.58097911
vt 0.43828350 0.58889347
vt 0.44307861 0.58889347
vt 0.44787371 0.54932147
vt 0.44787371 0.55723590
vt 0.44787371 0.56515032
vt 0.44787371 0.57306468
vt 0.44787371 0.58097911
vt 0.44787371 0.58889347
vt 0.45266870 0.54932147
vt 0.45266870 0.55723590
vt 0.45266870 0.56515032
vt 0.45266870 0.57306468
vt 0.45266870 0.58097911
vt 0.45266870 0.58889347
vt 0.45746380 0.54932147
vt 0.45746380 0.55723590
vt 0.45746380 0.56515032
vt 0.45746380 0.57306468
vt 0.45746380 0.58097911
vt 0.45746380 0.58889347
vt 0.46225879 0.54932147
vt 0.46225879 0.55723590
vt 0.46225879 0.56515032
vt 0.46225879 0.57306468
vt 0.46225879 0.58097911
vt 0.46225879 0.58889347
vt 0.43580660 0.54161000
vt 0.43348849 0.54694718
vt 0.43348849 0.54140711
vt 0.43828350 0.54932147
vt 0.43812469 0.54181272
vt 0.43812251 0.54193449
vt 0.43348849 0.55248731
vt 0.43348849 0.55802733
vt 0.43348849 0.56356740
vt 0.43348849 0.56910747
vt 0.44371551 0.54242390
vt 0.44930851 0.54291320
vt 0.43348849 0.58018768
vt 0.43348849 0.58572781
vt 0.43348849 0.59126782
vt 0.43712029 0.59636819
vt 0.43590820 0.59659618
vt 0.43469840 0.59670198
vt 0.43348849 0.59680790
vt 0.43711811 0.59649032
vt 0.43348849 0.57464761
vt 0.44296381 0.59585690
vt 0.44880739 0.59534562
vt 0.45490149 0.54340261
vt 0.46049449 0.54389191
vt 0.46186289 0.54417259
vt 0.46705380 0.56332600
vt 0.46705380 0.55176300
vt 0.46705380 0.55754453
vt 0.46314281 0.54474461
vt 0.46524981 0.54656631
vt 0.46602720 0.54773217
vt 0.46659169 0.54900658
vt 0.46693769 0.55036551
vt 0.46705380 0.56910747
vt 0.45465100 0.59483433
vt 0.46705380 0.57488900
vt 0.46705380 0.58067048
vt 0.46049449 0.59432298
vt 0.46314570 0.59346873
vt 0.46186471 0.59404182
vt 0.46705380 0.58645201
vt 0.46659541 0.58919787
vt 0.46428120 0.59265763
vt 0.46602741 0.59048229
vt 0.46525341 0.59164429
vt 0.02022832 0.05217790
vt 0.02536743 0.05146867
vt 0.02022832 0.05288702
vt 0.02022832 0.05359596
vt 0.03564620 0.05420845
vt 0.02022832 0.05430501
vt 0.03050678 0.05714166
vt 0.02536743 0.05714166
vt 0.02022832 0.05501431
vt 0.02022832 0.05714166
vt 0.02022832 0.05572324
vt 0.03564620 0.05492281
vt 0.02022832 0.05146867
vt 0.03564620 0.05350631
vt 0.03050678 0.05146867
vt 0.03564620 0.05146867
vt 0.03564620 0.05281579
vt 0.03564620 0.05564957
vt 0.03564620 0.05714166
vt 0.38994461 0.65031701
vt 0.40959790 0.66068769
vt 0.38994461 0.66110867
vt 0.40497920 0.66937453
vt 0.40424550 0.67039913
vt 0.40077561 0.67190027
vt 0.40376741 0.67084289
vt 0.40754271 0.63952529
vt 0.38994461 0.63952529
vt 0.39536011 0.67190027
vt 0.38994461 0.67190027
vt 0.40202481 0.67173362
vt 0.40264100 0.67151958
vt 0.40322760 0.67122030
vt 0.42065310 0.64111149
vt 0.42146271 0.64054531
vt 0.42234251 0.64009631
vt 0.42326701 0.63977551
vt 0.42514071 0.63952529
vt 0.41421661 0.65200090
vt 0.41993579 0.64177710
vt 0.41883531 0.64331412
vt 0.01216953 0.46473151
vt 0.01124203 0.46560371
vt 0.01124203 0.46473151
vt 0.01124203 0.46603981
vt 0.01309722 0.46560371
vt 0.01309722 0.46603981
vt 0.01124203 0.46647590
vt 0.01309722 0.46691200
vt 0.01124203 0.46691200
vt 0.01309722 0.46647590
vt 0.01309722 0.46734801
vt 0.01124203 0.46734801
vt 0.01309722 0.46822020
vt 0.01124203 0.46822020
vt 0.01124203 0.46909240
vt 0.01309722 0.46909240
vt 0.01124203 0.46952850
vt 0.01309722 0.46952850
vt 0.01124203 0.47040069
vt 0.01309722 0.46996459
vt 0.01309722 0.47040069
vt 0.01124203 0.47083679
vt 0.01216953 0.47170901
vt 0.01124203 0.47170901
vt 0.01309722 0.47083679
vt 0.01124203 0.46996459
vt 0.01309722 0.47170901
vt 0.01309722 0.46473151
vt 0.02683866 0.07980966
vt 0.02572023 0.07743698
vt 0.02683866 0.07743698
vt 0.02460211 0.08099597
vt 0.02348381 0.07743698
vt 0.02460211 0.07743698
vt 0.02236557 0.07743698
vt 0.02012902 0.08099597
vt 0.02683866 0.08218228
vt 0.02124708 0.07743698
vt 0.01901072 0.07743698
vt 0.02012902 0.07743698
vt 0.01789242 0.08099597
vt 0.02236557 0.08455491
vt 0.01677399 0.07743698
vt 0.01789242 0.07743698
vt 0.01565587 0.07743698
vt 0.01565587 0.08099597
vt 0.01453757 0.07743698
vt 0.01341933 0.08099597
vt 0.01341933 0.07743698
vt 0.01118278 0.07743698
vt 0.01118278 0.08099597
vt 0.01006448 0.07743698
vt 0.01230084 0.07743698
vt 0.00894618 0.07743698
vt 0.00894618 0.07980966
vt 0.01901072 0.08455491
vt 0.02572023 0.08455491
vt 0.02683866 0.08455491
vt 0.02460211 0.08455491
vt 0.02348381 0.08455491
vt 0.02124708 0.08455491
vt 0.02012902 0.08455491
vt 0.01789242 0.08455491
vt 0.01677399 0.08455491
vt 0.01453757 0.08455491
vt 0.01565587 0.08455491
vt 0.01230084 0.08455491
vt 0.01006448 0.08455491
vt 0.00894618 0.08218228
vt 0.01341933 0.08455491
vt 0.01118278 0.08455491
vt 0.00894618 0.08455491
vt 0.27188811 0.04643875
vt 0.27120879 0.04849565
vt 0.27120879 0.04643875
vt 0.27222779 0.04643875
vt 0.27192351 0.04849565
vt 0.27227160 0.04849565
vt 0.27256751 0.04643875
vt 0.27261379 0.04849565
vt 0.27324700 0.04643875
vt 0.27295020 0.04849565
vt 0.27290729 0.04643875
vt 0.27392629 0.04849565
vt 0.27358660 0.04643875
vt 0.27392629 0.04643875
vt 0.27328101 0.04849565
vt 0.28118381 0.00128520
vt 0.28068730 0.00021849
vt 0.28118381 0.00021849
vt 0.28019050 0.00021849
vt 0.28043830 0.00235218
vt 0.28018981 0.00235218
vt 0.28043890 0.00021849
vt 0.28068671 0.00235218
vt 0.27994189 0.00021849
vt 0.27994129 0.00235218
vt 0.27969331 0.00021849
vt 0.27919579 0.00128520
vt 0.27919579 0.00021849
vt 0.27969280 0.00235218
vt 0.27919579 0.00235218
vt 0.28118381 0.00235218
vt 0.24726620 0.03148341
vt 0.24280190 0.06743359
vt 0.24280190 0.03597718
vt 0.24280190 0.09889006
vt 0.24280190 0.16180301
vt 0.24280190 0.13034651
vt 0.24731080 0.29216751
vt 0.24280190 0.22471580
vt 0.24280190 0.19325940
vt 0.25173059 0.16180301
vt 0.25173059 0.02698945
vt 0.24280190 0.28762880
vt 0.24280190 0.25617230
vt 0.25173059 0.29661629
vt 0.16983220 0.66583902
vt 0.12280690 0.77354252
vt 0.15334889 0.70173723
vt 0.12187250 0.77382851
vt 0.13761070 0.73778278
vt 0.16908710 0.66569161
vt 0.20056340 0.59360027
vt 0.21630161 0.55755472
vt 0.21685760 0.55813539
vt 0.18482530 0.62964600
vt 0.91729897 0.54575241
vt 0.91905868 0.54859722
vt 0.91639483 0.54780930
vt 0.91820312 0.54369551
vt 0.92086691 0.54448342
vt 0.92353082 0.54527128
vt 0.92172259 0.54938507
vt 0.06819063 0.05474931
vt 0.07140183 0.05518800
vt 0.06773352 0.05553036
vt 0.07003045 0.05753129
vt 0.06727635 0.05631154
vt 0.06864774 0.05396819
vt 0.07369881 0.05718880
vt 0.07415592 0.05640769
vt 0.07324171 0.05796992
vt 0.07278460 0.05875128
vt 0.31913951 0.28283620
vt 0.31913951 0.28623980
vt 0.31887960 0.28454641
vt 0.31887960 0.28625661
vt 0.31887960 0.28283620
vt 0.31938010 0.28453049
vt 0.31938010 0.28283620
vt 0.31938010 0.28622481
vt 0.32511839 0.25392711
vt 0.32343221 0.25451300
vt 0.32343221 0.25392711
vt 0.32511839 0.25451300
vt 0.32343221 0.25479841
vt 0.32511839 0.25507891
vt 0.32343221 0.25507891
vt 0.32511839 0.25535470
vt 0.32343221 0.25562581
vt 0.32343221 0.25535470
vt 0.32343221 0.25615469
vt 0.32511839 0.25562581
vt 0.32511839 0.25615469
vt 0.02568012 0.00467825
vt 0.02568012 0.00111246
vt 0.02671504 0.00111246
vt 0.02771496 0.00111246
vt 0.02721947 0.01181000
vt 0.02721947 0.00111246
vt 0.02671504 0.01181000
vt 0.02568012 0.00824416
vt 0.02568012 0.01181000
vt 0.02961593 0.00467825
vt 0.02820241 0.00111246
vt 0.02868133 0.00111246
vt 0.02961593 0.00111246
vt 0.02820241 0.01181000
vt 0.02961593 0.01181000
vt 0.02868133 0.01181000
vt 0.02961593 0.00824416
vt 0.63512248 0.56823277
vt 0.63195312 0.54114962
vt 0.63494527 0.53968900
vt 0.63811481 0.56677222
vt 0.63177592 0.51260579
vt 0.63077849 0.51309258
vt 0.62978113 0.51357961
vt 0.62878370 0.51406640
vt 0.64612693 0.64875209
vt 0.64445370 0.62093848
vt 0.64762312 0.64802182
vt 0.64463079 0.64948243
vt 0.64146137 0.62239921
vt 0.63829201 0.59531599
vt 0.64128423 0.59385538
vt 0.08621895 0.47470149
vt 0.08621895 0.46979579
vt 0.08859395 0.46979579
vt 0.09096896 0.46979579
vt 0.09334397 0.47960731
vt 0.09096896 0.47960731
vt 0.08859395 0.47960731
vt 0.09809404 0.46979579
vt 0.09571897 0.47960731
vt 0.09571897 0.46979579
vt 0.10284410 0.46979579
vt 0.10046910 0.47960731
vt 0.10046910 0.46979579
vt 0.10521910 0.47960731
vt 0.10284410 0.47960731
vt 0.09809404 0.47960731
vt 0.09334397 0.46979579
vt 0.08621895 0.47960731
vt 0.10996910 0.46979579
vt 0.10759410 0.47960731
vt 0.10759410 0.46979579
vt 0.11471920 0.46979579
vt 0.11234410 0.47960731
vt 0.11234410 0.46979579
vt 0.10996910 0.47960731
vt 0.11709420 0.46979579
vt 0.11946920 0.47960731
vt 0.11709420 0.47960731
vt 0.12421920 0.47470149
vt 0.12184420 0.46979579
vt 0.12421920 0.46979579
vt 0.11946920 0.46979579
vt 0.12184420 0.47960731
vt 0.11471920 0.47960731
vt 0.12421920 0.47960731
vt 0.02568012 0.02669465
vt 0.02568012 0.02134585
vt 0.02671504 0.02134585
vt 0.02666395 0.03204321
vt 0.02568012 0.03204321
vt 0.02764809 0.03204321
vt 0.02771496 0.02134585
vt 0.02863210 0.03204321
vt 0.02961593 0.02669465
vt 0.02868133 0.02134585
vt 0.02961593 0.02134585
vt 0.02961593 0.03204321
vt 0.89092141 0.66281670
vt 0.88968641 0.66877812
vt 0.89004058 0.66057670
vt 0.88704443 0.66205812
vt 0.88492882 0.66577947
vt 0.88404810 0.66353953
vt 0.89180201 0.66505671
vt 0.88669008 0.67025942
vt 0.88580948 0.66801941
vt 0.89268267 0.66729671
vt 0.00678891 0.02614253
vt 0.00692749 0.02511793
vt 0.00771564 0.02544748
vt 0.00560665 0.02564787
vt 0.00613934 0.02478814
vt 0.00850374 0.02577728
vt 0.00797111 0.02663737
vt 0.10784410 0.25158671
vt 0.10784410 0.21560940
vt 0.10925560 0.21560940
vt 0.11066710 0.21560940
vt 0.11207860 0.28756389
vt 0.11066710 0.28756389
vt 0.11349010 0.21560940
vt 0.11207860 0.21560940
vt 0.10925560 0.28756389
vt 0.10784410 0.28756389
vt 0.11490150 0.21560940
vt 0.11631300 0.28756389
vt 0.11490150 0.28756389
vt 0.11913600 0.25158671
vt 0.11772450 0.21560940
vt 0.11913600 0.21560940
vt 0.11631300 0.21560940
vt 0.11772450 0.28756389
vt 0.11349010 0.28756389
vt 0.11913600 0.28756389
vt 0.07140183 0.05518800
vt 0.07003045 0.05753129
vt 0.06796205 0.05513978
vt 0.06727635 0.05631154
vt 0.06864774 0.05396819
vt 0.07347029 0.05757933
vt 0.07415592 0.05640769
vt 0.07278460 0.05875128
vt 0.42332900 0.91277289
vt 0.40192360 0.84358782
vt 0.41502309 0.84544992
vt 0.43748960 0.87676960
vt 0.42838731 0.84734970
vt 0.44659191 0.90618938
vt 0.44473451 0.98195809
vt 0.45569411 0.93560922
vt 0.45476541 0.97349358
vt 0.46479651 0.96502912
vt 0.06067466 0.03298193
vt 0.07622277 0.03515881
vt 0.06067466 0.03515881
vt 0.06067466 0.03733569
vt 0.07622277 0.03733569
vt 0.06067466 0.03951251
vt 0.06844878 0.03951251
vt 0.06844878 0.03080511
vt 0.06067466 0.03080511
vt 0.07622277 0.03298193
vt 0.07622277 0.03080511
vt 0.07622277 0.03951251
vt 0.07286095 0.44049749
vt 0.07342517 0.44651079
vt 0.07286095 0.44651079
vt 0.07229673 0.44651079
vt 0.07229673 0.44049749
vt 0.07173252 0.44049749
vt 0.07173252 0.44350421
vt 0.07398939 0.44350421
vt 0.07342517 0.44049749
vt 0.07398939 0.44049749
vt 0.07398939 0.44651079
vt 0.07173252 0.44651079
vt 0.02022832 0.05288702
vt 0.03564620 0.05420845
vt 0.02022832 0.05430501
vt 0.03564620 0.05564957
vt 0.02022832 0.05572324
vt 0.02022832 0.05714166
vt 0.02793729 0.05714166
vt 0.02793729 0.05146867
vt 0.02022832 0.05146867
vt 0.03564620 0.05281579
vt 0.03564620 0.05146867
vt 0.03564620 0.05714166
vt 0.80494177 0.16398190
vt 0.80494177 0.16253871
vt 0.81080389 0.16362169
vt 0.80494177 0.16686840
vt 0.79339433 0.16398190
vt 0.78030717 0.16253871
vt 0.79339433 0.16253871
vt 0.80707651 0.16705850
vt 0.80925649 0.16766550
vt 0.81623387 0.16704319
vt 0.81135952 0.16871500
vt 0.81325310 0.17018379
vt 0.79223961 0.16686840
vt 0.77953738 0.16686840
vt 0.76683527 0.16686840
vt 0.76722008 0.16253871
vt 0.75413311 0.16253871
vt 0.74827093 0.16362169
vt 0.75413311 0.16686840
vt 0.75199831 0.16705850
vt 0.74981838 0.16766550
vt 0.74284101 0.16704319
vt 0.74582171 0.17018379
vt 0.74771541 0.16871500
vt 0.73913950 0.17228590
vt 0.81669778 0.17618750
vt 0.81993532 0.17228590
vt 0.82132381 0.17808250
vt 0.81699950 0.17830899
vt 0.81597751 0.17404260
vt 0.81481928 0.17199770
vt 0.82284027 0.19220360
vt 0.81775481 0.18882500
vt 0.82198977 0.19078840
vt 0.82284027 0.19934081
vt 0.81851000 0.19934081
vt 0.74309742 0.17404260
vt 0.74237710 0.17618750
vt 0.74425560 0.17199770
vt 0.73775101 0.17808250
vt 0.74207538 0.17830899
vt 0.74132007 0.18882500
vt 0.74056482 0.19934081
vt 0.73623461 0.19220360
vt 0.73839968 0.19934081
vt 0.73708510 0.19078840
vt 0.73623461 0.19934081
vt 0.34602791 0.00414276
vt 0.34602791 0.04552811
vt 0.34424850 0.01793771
vt 0.34424850 0.04552811
vt 0.34424850 0.03173279
vt 0.34424850 0.00414276
vt 0.34780720 0.01793771
vt 0.34780720 0.00414276
vt 0.34780720 0.03173279
vt 0.34780720 0.04552811
vt 0.12490560 0.50452578
vt 0.11025510 0.50860423
vt 0.10888880 0.50592113
vt 0.11162130 0.51128727
vt 0.12217310 0.49915960
vt 0.13636820 0.49418691
vt 0.13727900 0.49597570
vt 0.13818990 0.49776441
vt 0.13545731 0.49239820
vt 0.55152953 0.55575258
vt 0.53708041 0.52736890
vt 0.55742079 0.51701301
vt 0.59702682 0.54450220
vt 0.56597871 0.58413649
vt 0.58739412 0.52557957
vt 0.57776129 0.50665712
vt 0.60665959 0.56342471
vt 0.04380971 0.47043210
vt 0.04165697 0.46620479
vt 0.04849803 0.46804601
vt 0.04868948 0.46262559
vt 0.05787456 0.46327370
vt 0.05572175 0.45904639
vt 0.05318617 0.46565989
vt 0.20634159 0.02698945
vt 0.20541289 0.05694794
vt 0.20541289 0.02698945
vt 0.20541289 0.11686520
vt 0.20541289 0.08690667
vt 0.20541289 0.14682370
vt 0.20541289 0.17678221
vt 0.20680609 0.29661629
vt 0.20541289 0.20674071
vt 0.20541289 0.23669930
vt 0.20541289 0.26665780
vt 0.20541289 0.29661629
vt 0.20819931 0.06069278
vt 0.20727050 0.02698945
vt 0.20819931 0.02698945
vt 0.20819931 0.09439629
vt 0.20819931 0.12809961
vt 0.20819931 0.16180301
vt 0.20819931 0.19550630
vt 0.20819931 0.22920960
vt 0.20819931 0.26291299
vt 0.20819931 0.29661629
vt 0.61982751 0.93097061
vt 0.53480971 0.90994757
vt 0.55280977 0.87458831
vt 0.59282732 0.98400950
vt 0.51680970 0.94530678
vt 0.57081002 0.83922899
vt 0.60881883 0.85858041
vt 0.64682770 0.87793171
vt 0.14897279 0.03205519
vt 0.15274620 0.03016972
vt 0.16029289 0.03205519
vt 0.16029289 0.03016972
vt 0.14519949 0.03016972
vt 0.16029289 0.03394097
vt 0.14897279 0.03582656
vt 0.16029289 0.03771203
vt 0.14897279 0.03771203
vt 0.16029289 0.03582656
vt 0.13765280 0.03394097
vt 0.13765280 0.03205519
vt 0.13765280 0.03016972
vt 0.13765280 0.03582656
vt 0.13765280 0.03771203
vt 0.13765280 0.03959769
vt 0.16029289 0.03959769
vt 0.14897279 0.04148340
vt 0.16029289 0.04148340
vt 0.14897279 0.04336899
vt 0.16029289 0.04336899
vt 0.16029289 0.04525446
vt 0.15274620 0.04525446
vt 0.13765280 0.04148340
vt 0.14897279 0.03959769
vt 0.13765280 0.04336899
vt 0.14519949 0.04525446
vt 0.13765280 0.04525446
vt 0.29446509 0.03798705
vt 0.29290891 0.04614931
vt 0.29327890 0.04211419
vt 0.29652181 0.03401505
vt 0.30620739 0.04614931
vt 0.30604911 0.05818665
vt 0.29940060 0.03046965
vt 0.29290891 0.09493297
vt 0.29290891 0.07054114
vt 0.30604911 0.12661061
vt 0.29290891 0.11932480
vt 0.30620739 0.07054114
vt 0.30620739 0.09493297
vt 0.29290891 0.14371660
vt 0.30294460 0.02758944
vt 0.31104001 0.02434504
vt 0.30880409 0.03987741
vt 0.30691451 0.02553164
vt 0.31507301 0.02397489
vt 0.31180960 0.03790211
vt 0.31507301 0.03727936
vt 0.33889949 0.03727936
vt 0.33889949 0.02397489
vt 0.36272591 0.02397489
vt 0.30620739 0.11932480
vt 0.30682990 0.04288429
vt 0.30604911 0.16082260
vt 0.29290891 0.16810840
vt 0.30604911 0.19503450
vt 0.29290891 0.19250020
vt 0.29290891 0.21689209
vt 0.30620739 0.19250020
vt 0.30620739 0.16810840
vt 0.30604911 0.22924639
vt 0.29290891 0.24128389
vt 0.29327890 0.24531880
vt 0.29446509 0.24944620
vt 0.29652181 0.25341800
vt 0.29940060 0.25696361
vt 0.30620739 0.24128389
vt 0.30294460 0.25984380
vt 0.30620739 0.21689209
vt 0.30691451 0.26190141
vt 0.30682990 0.24454869
vt 0.30880409 0.24755570
vt 0.31104001 0.26308811
vt 0.31507301 0.26345831
vt 0.31180960 0.24953090
vt 0.31507301 0.25015369
vt 0.33889949 0.25015369
vt 0.30620739 0.14371660
vt 0.36272591 0.03727936
vt 0.36598930 0.03790211
vt 0.36675900 0.02434504
vt 0.36899489 0.03987741
vt 0.37088439 0.02553164
vt 0.37096909 0.04288429
vt 0.37485430 0.02758944
vt 0.37159160 0.04614931
vt 0.37174991 0.05818665
vt 0.37159160 0.07054114
vt 0.37159160 0.14371660
vt 0.37159160 0.11932480
vt 0.37174991 0.12661061
vt 0.37159160 0.09493297
vt 0.37159160 0.16810840
vt 0.37174991 0.16082260
vt 0.38127720 0.03401505
vt 0.37839830 0.03046965
vt 0.38488999 0.04614931
vt 0.38333389 0.03798705
vt 0.38451999 0.04211419
vt 0.38488999 0.09493297
vt 0.38488999 0.07054114
vt 0.38488999 0.11932480
vt 0.38488999 0.14371660
vt 0.37088439 0.26190141
vt 0.36899489 0.24755570
vt 0.37096909 0.24454869
vt 0.36675900 0.26308811
vt 0.36598930 0.24953090
vt 0.37174991 0.19503450
vt 0.37159160 0.21689209
vt 0.37159160 0.19250020
vt 0.37485430 0.25984380
vt 0.33889949 0.26345831
vt 0.36272591 0.25015369
vt 0.36272591 0.26345831
vt 0.37159160 0.24128389
vt 0.37174991 0.22924639
vt 0.38488999 0.21689209
vt 0.38488999 0.16810840
vt 0.38488999 0.19250020
vt 0.38488999 0.24128389
vt 0.37839830 0.25696361
vt 0.38127720 0.25341800
vt 0.38333389 0.24944620
vt 0.38451999 0.24531880
vt 0.68529570 0.43443781
vt 0.65237862 0.38958079
vt 0.68529570 0.38958079
vt 0.58654422 0.38958079
vt 0.61946142 0.38958079
vt 0.42195839 0.43443781
vt 0.52070987 0.38958079
vt 0.55362707 0.38958079
vt 0.45487550 0.38958079
vt 0.48779270 0.38958079
vt 0.42195839 0.38958079
vt 0.64767611 0.47929481
vt 0.68529570 0.47929481
vt 0.61005652 0.47929481
vt 0.57243693 0.47929481
vt 0.53481728 0.47929481
vt 0.49719760 0.47929481
vt 0.45957801 0.47929481
vt 0.42195839 0.47929481
vt 0.25172961 0.02698945
vt 0.24280290 0.06743359
vt 0.24280290 0.03597718
vt 0.24280290 0.09889006
vt 0.25172961 0.16180301
vt 0.24280290 0.16180301
vt 0.24280290 0.13034651
vt 0.24280290 0.19325940
vt 0.24280290 0.22471580
vt 0.25172961 0.29661629
vt 0.24280290 0.28762880
vt 0.24280290 0.25617230
vt 0.32918939 0.32346570
vt 0.32918939 0.32178849
vt 0.32947281 0.32178849
vt 0.32947281 0.32515281
vt 0.32918939 0.32514289
vt 0.32976541 0.32178849
vt 0.32976541 0.32516101
vt 0.33006781 0.32178849
vt 0.33006781 0.32516599
vt 0.33038029 0.32347810
vt 0.33038029 0.32178849
vt 0.33038029 0.32516769
vt 0.86182368 0.65721178
vt 0.87137061 0.66138411
vt 0.86154598 0.65775740
vt 0.86210150 0.65666628
vt 0.88063961 0.66610181
vt 0.87054890 0.66233963
vt 0.87955171 0.66692191
vt 0.29446509 0.03798705
vt 0.29290891 0.04614931
vt 0.29327890 0.04211419
vt 0.29652181 0.03401505
vt 0.29940060 0.03046965
vt 0.30620739 0.04614931
vt 0.30294460 0.02758944
vt 0.30604911 0.05818665
vt 0.29290891 0.09493297
vt 0.29290891 0.07054114
vt 0.29290891 0.11932480
vt 0.30604911 0.12661061
vt 0.30620739 0.07054114
vt 0.30620739 0.09493297
vt 0.29290891 0.14371660
vt 0.30682990 0.04288429
vt 0.31104001 0.02434504
vt 0.30880409 0.03987741
vt 0.30691451 0.02553164
vt 0.31507301 0.02397489
vt 0.31180960 0.03790211
vt 0.33889949 0.03727936
vt 0.31507301 0.03727936
vt 0.33889949 0.02397489
vt 0.30620739 0.11932480
vt 0.30620739 0.14371660
vt 0.30604911 0.16082260
vt 0.29290891 0.16810840
vt 0.30604911 0.19503450
vt 0.29290891 0.19250020
vt 0.29290891 0.21689209
vt 0.30620739 0.16810840
vt 0.30620739 0.19250020
vt 0.30604911 0.22924639
vt 0.29290891 0.24128389
vt 0.29327890 0.24531880
vt 0.29446509 0.24944620
vt 0.29652181 0.25341800
vt 0.29940060 0.25696361
vt 0.30620739 0.24128389
vt 0.30294460 0.25984380
vt 0.30620739 0.21689209
vt 0.30682990 0.24454869
vt 0.30691451 0.26190141
vt 0.31104001 0.26308811
vt 0.30880409 0.24755570
vt 0.31180960 0.24953090
vt 0.31507301 0.25015369
vt 0.31507301 0.26345831
vt 0.33889949 0.25015369
vt 0.33889949 0.26345831
vt 0.36272591 0.03727936
vt 0.36272591 0.02397489
vt 0.36598930 0.03790211
vt 0.36675900 0.02434504
vt 0.36899489 0.03987741
vt 0.37088439 0.02553164
vt 0.37096909 0.04288429
vt 0.37485430 0.02758944
vt 0.37159160 0.04614931
vt 0.37159160 0.07054114
vt 0.37174991 0.05818665
vt 0.37159160 0.09493297
vt 0.37174991 0.12661061
vt 0.37159160 0.11932480
vt 0.37159160 0.14371660
vt 0.38127720 0.03401505
vt 0.37839830 0.03046965
vt 0.38488999 0.04614931
vt 0.38333389 0.03798705
vt 0.38451999 0.04211419
vt 0.38488999 0.07054114
vt 0.38488999 0.09493297
vt 0.38488999 0.14371660
vt 0.37174991 0.16082260
vt 0.38488999 0.11932480
vt 0.37159160 0.16810840
vt 0.37159160 0.21689209
vt 0.37159160 0.19250020
vt 0.37174991 0.19503450
vt 0.37088439 0.26190141
vt 0.36899489 0.24755570
vt 0.37096909 0.24454869
vt 0.37174991 0.22924639
vt 0.37159160 0.24128389
vt 0.37485430 0.25984380
vt 0.36272591 0.26345831
vt 0.36272591 0.25015369
vt 0.36598930 0.24953090
vt 0.36675900 0.26308811
vt 0.38488999 0.16810840
vt 0.38488999 0.19250020
vt 0.38488999 0.21689209
vt 0.37839830 0.25696361
vt 0.38127720 0.25341800
vt 0.38488999 0.24128389
vt 0.38333389 0.24944620
vt 0.38451999 0.24531880
vt 0.73635560 0.07166868
vt 0.75844508 0.07838380
vt 0.73573959 0.07838380
vt 0.73833013 0.06479966
vt 0.74654633 0.05228883
vt 0.74175388 0.05818963
vt 0.73573959 0.12096520
vt 0.73573959 0.16354661
vt 0.75844508 0.16354661
vt 0.73573959 0.20612800
vt 0.75844508 0.20612800
vt 0.75844508 0.24870940
vt 0.73573959 0.24870940
vt 0.75844508 0.29129079
vt 0.73573959 0.29129079
vt 0.75844508 0.12096520
vt 0.75244588 0.04749542
vt 0.75944149 0.07315915
vt 0.75905472 0.04407083
vt 0.76592231 0.04209583
vt 0.76741242 0.06518656
vt 0.77263612 0.04147994
vt 0.77263612 0.06419003
vt 0.84855759 0.06419003
vt 0.81059682 0.06419003
vt 0.81059682 0.04147994
vt 0.84855759 0.04147994
vt 0.76260161 0.06834727
vt 0.75844508 0.33387220
vt 0.73573959 0.37645361
vt 0.73573959 0.33387220
vt 0.75844508 0.37645361
vt 0.73573959 0.41903499
vt 0.75844508 0.41903499
vt 0.74175388 0.43922910
vt 0.73833013 0.43261909
vt 0.73635560 0.42575011
vt 0.75868201 0.42161781
vt 0.74654633 0.44512999
vt 0.75944149 0.42425969
vt 0.75244588 0.44992331
vt 0.76260161 0.42907161
vt 0.75905472 0.45334780
vt 0.76075828 0.42680201
vt 0.76592231 0.45532280
vt 0.76741242 0.43223220
vt 0.77005380 0.43299180
vt 0.76487070 0.43091509
vt 0.77263612 0.45593891
vt 0.77263612 0.43322879
vt 0.81059682 0.45593891
vt 0.81059682 0.43322879
vt 0.84855759 0.45593891
vt 0.84855759 0.43322879
vt 0.88651842 0.04147994
vt 0.88651842 0.06419003
vt 0.92447913 0.06419003
vt 0.92447913 0.04147994
vt 0.93119287 0.04209583
vt 0.92970282 0.06518656
vt 0.93806052 0.04407083
vt 0.93451363 0.06834727
vt 0.96137547 0.24870940
vt 0.93866998 0.29129079
vt 0.93866998 0.24870940
vt 0.94466919 0.04749542
vt 0.93767369 0.07315915
vt 0.93866998 0.07838380
vt 0.95056891 0.05228883
vt 0.95536131 0.05818963
vt 0.95878500 0.06479966
vt 0.96075958 0.07166868
vt 0.96137547 0.07838380
vt 0.93866998 0.16354661
vt 0.96137547 0.20612800
vt 0.93866998 0.20612800
vt 0.96137547 0.12096520
vt 0.96137547 0.16354661
vt 0.93866998 0.12096520
vt 0.96137547 0.29129079
vt 0.93119287 0.45532280
vt 0.92970282 0.43223220
vt 0.93224448 0.43091509
vt 0.92706132 0.43299180
vt 0.93635690 0.42680201
vt 0.94466919 0.44992331
vt 0.93451363 0.42907161
vt 0.93806052 0.45334780
vt 0.88651842 0.43322879
vt 0.92447913 0.45593891
vt 0.88651842 0.45593891
vt 0.92447913 0.43322879
vt 0.93767369 0.42425969
vt 0.93866998 0.33387220
vt 0.96137547 0.37645361
vt 0.93866998 0.37645361
vt 0.96137547 0.33387220
vt 0.93866998 0.41903499
vt 0.96137547 0.41903499
vt 0.95056891 0.44512999
vt 0.95536131 0.43922910
vt 0.93843317 0.42161781
vt 0.95878500 0.43261909
vt 0.96075958 0.42575011
vt 0.22412629 0.55911511
vt 0.21347810 0.59353173
vt 0.20530009 0.55894691
vt 0.19850810 0.58089960
vt 0.20606799 0.58727890
vt 0.21209210 0.53699422
vt 0.23477469 0.52469838
vt 0.23554960 0.49168530
vt 0.24542300 0.49028179
vt 0.22567610 0.49308890
vt 0.21888410 0.51504147
vt 0.23794760 0.27352589
vt 0.24284551 0.26027760
vt 0.24431190 0.26102421
vt 0.23158319 0.28602761
vt 0.22521900 0.29852930
vt 0.21885461 0.31103110
vt 0.19829521 0.34778950
vt 0.21249031 0.32353279
vt 0.20612600 0.33603439
vt 0.19976160 0.34853610
vt 0.19339730 0.36103791
vt 0.18703289 0.37353960
vt 0.18066870 0.38604131
vt 0.17430431 0.39854300
vt 0.15374491 0.43530151
vt 0.16794001 0.41104469
vt 0.16157570 0.42354640
vt 0.15521130 0.43604809
vt 0.05325531 0.04928874
vt 0.05471038 0.04928874
vt 0.05471038 0.05448526
vt 0.05180037 0.05968159
vt 0.05180037 0.04928874
vt 0.05034536 0.05968159
vt 0.05034536 0.04928874
vt 0.04889029 0.05448526
vt 0.04889029 0.04928874
vt 0.05325531 0.05968159
vt 0.04889029 0.05968159
vt 0.05471038 0.05968159
vt 0.44744301 0.76990032
vt 0.44570881 0.76876652
vt 0.44737729 0.76671243
vt 0.44884241 0.76817751
vt 0.44943130 0.76504391
vt 0.44644329 0.77183008
vt 0.44382939 0.77345848
vt 0.44451690 0.77106738
vt 0.44586670 0.77383548
vt 0.44361499 0.77579600
vt 0.45412299 0.76316440
vt 0.45249471 0.76577830
vt 0.45173201 0.76385182
vt 0.45449999 0.76520169
vt 0.45646039 0.76294988
vt 0.45879781 0.76316440
vt 0.45646039 0.76502180
vt 0.45056501 0.76677811
vt 0.44586670 0.77775651
vt 0.44382939 0.77813351
vt 0.44568679 0.77579600
vt 0.44451690 0.78052461
vt 0.44644329 0.77976191
vt 0.44570881 0.78282553
vt 0.44737729 0.78487962
vt 0.44744301 0.78169167
vt 0.44884241 0.78341442
vt 0.44943130 0.78654808
vt 0.45173201 0.78774011
vt 0.45056501 0.78481388
vt 0.45249471 0.78581363
vt 0.45646039 0.78864211
vt 0.45412299 0.78842759
vt 0.45449999 0.78639030
vt 0.46042600 0.76577830
vt 0.45842081 0.76520169
vt 0.46118870 0.76385182
vt 0.46348950 0.76504391
vt 0.46235579 0.76677811
vt 0.46407840 0.76817751
vt 0.46554351 0.76671243
vt 0.46547779 0.76990032
vt 0.46721190 0.76876652
vt 0.46647751 0.77183008
vt 0.46840391 0.77106738
vt 0.46909130 0.77345848
vt 0.46930581 0.77579600
vt 0.46723399 0.77579600
vt 0.46705410 0.77383548
vt 0.46705410 0.77775651
vt 0.46042600 0.78581363
vt 0.46118870 0.78774011
vt 0.45842081 0.78639030
vt 0.46235579 0.78481388
vt 0.46348950 0.78654808
vt 0.46554351 0.78487962
vt 0.45879781 0.78842759
vt 0.45646039 0.78657007
vt 0.46909130 0.77813351
vt 0.46647751 0.77976191
vt 0.46840391 0.78052461
vt 0.46547779 0.78169167
vt 0.46721190 0.78282553
vt 0.46407840 0.78341442
vt 0.63913119 0.75491482
vt 0.61145937 0.72977543
vt 0.63913119 0.72977543
vt 0.55611569 0.72977543
vt 0.58378750 0.72977543
vt 0.41775641 0.75491482
vt 0.50077188 0.72977543
vt 0.52844381 0.72977543
vt 0.44542831 0.72977543
vt 0.47310010 0.72977543
vt 0.63913119 0.78005421
vt 0.63913119 0.80519360
vt 0.52844381 0.80519360
vt 0.41775641 0.78005421
vt 0.41775641 0.72977543
vt 0.41775641 0.80519360
vt 0.39044830 0.77496368
vt 0.38981479 0.77846861
vt 0.38996631 0.77673358
vt 0.39128020 0.77325368
vt 0.39244461 0.77170539
vt 0.39388540 0.77041042
vt 0.39895231 0.76849592
vt 0.38981470 0.79606980
vt 0.39044830 0.81717592
vt 0.38996631 0.81540608
vt 0.38981470 0.81367111
vt 0.39551631 0.82270712
vt 0.39388540 0.82172930
vt 0.39128020 0.81888598
vt 0.39244461 0.82043427
vt 0.39895231 0.82364380
vt 0.39551631 0.76943249
vt 0.39723730 0.76879799
vt 0.40720829 0.76777351
vt 0.41546440 0.76705122
vt 0.42372039 0.79606980
vt 0.40720829 0.82436609
vt 0.42372039 0.76632881
vt 0.39723730 0.82334161
vt 0.41546440 0.82508850
vt 0.42372039 0.82581091
vt 0.79927433 0.56736708
vt 0.79927433 0.56513733
vt 0.80406052 0.56612122
vt 0.80334431 0.56820381
vt 0.79342169 0.56513733
vt 0.79339498 0.56736708
vt 0.78756911 0.56513733
vt 0.78751558 0.56736708
vt 0.78171653 0.56513733
vt 0.80711430 0.57084680
vt 0.80849397 0.56922942
vt 0.81151611 0.57399207
vt 0.78163642 0.56736708
vt 0.80639338 0.56741643
vt 0.77586389 0.56513733
vt 0.77001131 0.56513733
vt 0.77001131 0.56625217
vt 0.77575701 0.56736708
vt 0.76600271 0.56625217
vt 0.76399839 0.56513733
vt 0.76600271 0.56513733
vt 0.76399839 0.56736708
vt 0.75921208 0.56612122
vt 0.76987767 0.56736708
vt 0.75477868 0.56922942
vt 0.75687933 0.56741643
vt 0.75992841 0.56820381
vt 0.75175661 0.57399207
vt 0.75615841 0.57084680
vt 0.80968422 0.57489681
vt 0.81286782 0.58388799
vt 0.81064820 0.57937461
vt 0.81264973 0.57925802
vt 0.81308597 0.58851808
vt 0.81087941 0.58428228
vt 0.81111062 0.58919001
vt 0.81346571 0.58922118
vt 0.81350487 0.59421420
vt 0.81170100 0.59028322
vt 0.81354398 0.59920722
vt 0.81170100 0.59474522
vt 0.81262261 0.59920722
vt 0.81170100 0.59920722
vt 0.75040478 0.58388799
vt 0.75262451 0.57937461
vt 0.75239331 0.58428228
vt 0.75062293 0.57925802
vt 0.75358850 0.57489681
vt 0.75018668 0.58851808
vt 0.75216210 0.58919001
vt 0.74980700 0.58922118
vt 0.75157171 0.59028322
vt 0.74976778 0.59421420
vt 0.75157171 0.59474522
vt 0.75157171 0.59920722
vt 0.75065011 0.59920722
vt 0.74972862 0.59920722
vt 0.19408660 0.05694794
vt 0.19501540 0.02698945
vt 0.19408660 0.08690667
vt 0.19408660 0.11686520
vt 0.19408660 0.14682370
vt 0.19687299 0.16180301
vt 0.19408660 0.17678221
vt 0.19501540 0.29661629
vt 0.19408660 0.20674071
vt 0.19408660 0.23669930
vt 0.19408660 0.29661629
vt 0.19408660 0.26665780
vt 0.19594429 0.29661629
vt 0.19408660 0.02698945
vt 0.19594429 0.02698945
vt 0.19687299 0.06069278
vt 0.19687299 0.02698945
vt 0.19687299 0.09439629
vt 0.19687299 0.12809961
vt 0.19687299 0.19550630
vt 0.19687299 0.22920960
vt 0.19687299 0.26291299
vt 0.19687299 0.29661629
vt 0.36660159 0.00411200
vt 0.36984810 0.01438021
vt 0.36731571 0.01457512
vt 0.37037221 0.02424228
vt 0.36543041 0.00451005
vt 0.36425930 0.00490802
vt 0.37648511 0.04357635
vt 0.37634119 0.03491687
vt 0.37958780 0.04518520
vt 0.37342870 0.03390938
vt 0.37309471 0.02464872
vt 0.04597997 0.07364398
vt 0.04743522 0.08403664
vt 0.04597997 0.08403664
vt 0.04452490 0.07364398
vt 0.04452490 0.08403664
vt 0.04306983 0.07364398
vt 0.04306983 0.07884031
vt 0.04889029 0.07884031
vt 0.04743522 0.07364398
vt 0.04889029 0.07364398
vt 0.04889029 0.08403664
vt 0.04306983 0.08403664
vt 0.31691939 0.12744020
vt 0.31523469 0.12791440
vt 0.31523469 0.12744020
vt 0.31776181 0.12791440
vt 0.31860411 0.12744020
vt 0.31523469 0.12838870
vt 0.31776181 0.12886290
vt 0.31523469 0.12886290
vt 0.31691939 0.12933710
vt 0.31523469 0.12933710
vt 0.32028881 0.12791440
vt 0.32028881 0.12744020
vt 0.32028881 0.12838870
vt 0.31860411 0.12933710
vt 0.32028881 0.12886290
vt 0.32028881 0.12933710
vt 0.13508950 0.10407680
vt 0.13509500 0.10752060
vt 0.12174470 0.10407680
vt 0.13509861 0.11096440
vt 0.13509710 0.12473980
vt 0.12174470 0.12473970
vt 0.13509350 0.12129590
vt 0.13508961 0.11785210
vt 0.12174470 0.11785210
vt 0.13508950 0.13162670
vt 0.10813030 0.10407680
vt 0.10813030 0.11096440
vt 0.10813030 0.12473970
vt 0.10813030 0.13162740
vt 0.10813030 0.11785210
vt 0.12174470 0.13162740
vt 0.13508420 0.13851510
vt 0.12174470 0.13851510
vt 0.13507500 0.14195900
vt 0.12174470 0.15229040
vt 0.13508309 0.15229040
vt 0.13508929 0.15573430
vt 0.13506980 0.14540270
vt 0.12174470 0.14540270
vt 0.13508950 0.15917809
vt 0.10813030 0.13851510
vt 0.10813030 0.14540270
vt 0.10813030 0.15917809
vt 0.10813030 0.15229040
vt 0.33958161 0.19752710
vt 0.33958161 0.19460911
vt 0.34347221 0.19460911
vt 0.34347221 0.20044491
vt 0.33958161 0.20044491
vt 0.34736279 0.19752710
vt 0.34736279 0.20044491
vt 0.34736279 0.19460911
vt 0.02869278 0.18465389
vt 0.00664163 0.18568709
vt 0.00664163 0.18465389
vt 0.03971827 0.18568709
vt 0.05074363 0.18465389
vt 0.00664163 0.18672021
vt 0.03971827 0.18775330
vt 0.00664163 0.18775330
vt 0.02869278 0.18878640
vt 0.00664163 0.18878640
vt 0.07279485 0.18568709
vt 0.07279485 0.18465389
vt 0.07279485 0.18672021
vt 0.05074363 0.18878640
vt 0.07279485 0.18775330
vt 0.07279485 0.18878640
vt 0.25830629 0.07872313
vt 0.27011541 0.08201050
vt 0.25720510 0.08088582
vt 0.26791289 0.08633589
vt 0.25940761 0.07656043
vt 0.28082311 0.08746051
vt 0.27972189 0.08962321
vt 0.27862060 0.09178590
vt 0.06361657 0.00087270
vt 0.06625324 0.00926399
vt 0.06361657 0.00926399
vt 0.05834317 0.00087270
vt 0.06097984 0.00926399
vt 0.05834317 0.00926399
vt 0.05570650 0.00926399
vt 0.05570650 0.00087270
vt 0.06097984 0.00087270
vt 0.05306977 0.00087270
vt 0.05043298 0.00926399
vt 0.05043298 0.00087270
vt 0.04779630 0.00087270
vt 0.04779630 0.00506830
vt 0.05306977 0.00926399
vt 0.06888991 0.00506830
vt 0.06625324 0.00087270
vt 0.06888991 0.00087270
vt 0.06888991 0.00926399
vt 0.04779630 0.00926399
vt 0.03236109 0.41219911
vt 0.03402435 0.39930311
vt 0.03236109 0.42509511
vt 0.03236109 0.43799111
vt 0.03347009 0.43799111
vt 0.03236109 0.39930311
vt 0.03568798 0.41219911
vt 0.03568798 0.39930311
vt 0.03568798 0.42509511
vt 0.03568798 0.43799111
vt 0.03457885 0.43799111
vt 0.28701729 0.01503854
vt 0.28556871 0.01220113
vt 0.29598901 0.00693834
vt 0.28846601 0.01787608
vt 0.29888639 0.01261317
vt 0.30640951 0.00167537
vt 0.30785811 0.00451291
vt 0.30930680 0.00735050
vt 0.40326309 0.08723545
vt 0.39870229 0.08723545
vt 0.39870229 0.06097769
vt 0.39414150 0.06097769
vt 0.39414150 0.08723545
vt 0.39870229 0.11349310
vt 0.40326309 0.11349310
vt 0.39414150 0.11349310
vt 0.40782389 0.13975070
vt 0.40326309 0.13975070
vt 0.39870229 0.13975070
vt 0.39414150 0.13975070
vt 0.38958070 0.11349310
vt 0.38958070 0.13975070
vt 0.40326309 0.16600829
vt 0.39870229 0.16600829
vt 0.39414150 0.16600829
vt 0.38958070 0.16600829
vt 0.41694549 0.19226590
vt 0.41238469 0.19226590
vt 0.41238469 0.16600829
vt 0.40326309 0.19226590
vt 0.39870229 0.19226590
vt 0.39414150 0.19226590
vt 0.38958070 0.19226590
vt 0.41694549 0.21852350
vt 0.41238469 0.21852350
vt 0.40782389 0.19226590
vt 0.40782389 0.21852350
vt 0.40326309 0.21852350
vt 0.39870229 0.21852350
vt 0.39414150 0.21852350
vt 0.38958070 0.21852350
vt 0.41238469 0.24478111
vt 0.41694549 0.24478111
vt 0.40782389 0.24478111
vt 0.40326309 0.24478111
vt 0.39870229 0.24478111
vt 0.39414150 0.24478111
vt 0.38958070 0.24478111
vt 0.41694549 0.27103871
vt 0.41238469 0.27103871
vt 0.40782389 0.27103871
vt 0.40326309 0.27103871
vt 0.39870229 0.27103871
vt 0.39414150 0.27103871
vt 0.38958070 0.27103871
vt 0.39870229 0.29729629
vt 0.40326309 0.29729629
vt 0.39414150 0.29729629
vt 0.38958070 0.29729629
vt 0.39870229 0.32355389
vt 0.40326309 0.32355389
vt 0.39414150 0.32355389
vt 0.38958070 0.32355389
vt 0.40326309 0.34981149
vt 0.39870229 0.34981149
vt 0.39414150 0.34981149
vt 0.41694549 0.13975070
vt 0.41620550 0.13455100
vt 0.41918170 0.13600050
vt 0.41322941 0.13310149
vt 0.41598761 0.15349279
vt 0.42087731 0.13752520
vt 0.42135221 0.13859820
vt 0.42150629 0.13971540
vt 0.42011970 0.13662849
vt 0.42150629 0.15900370
vt 0.40735361 0.09325361
vt 0.40913901 0.11152080
vt 0.40782389 0.11349310
vt 0.41092440 0.12978810
vt 0.40556821 0.07498639
vt 0.41164449 0.13174470
vt 0.41236320 0.13253580
vt 0.41115290 0.13079610
vt 0.41276830 0.15349279
vt 0.41694549 0.16600829
vt 0.41598761 0.15762600
vt 0.42150629 0.17829201
vt 0.42150629 0.19758050
vt 0.41598761 0.16175909
vt 0.41115859 0.16175909
vt 0.40632969 0.15349279
vt 0.40632969 0.15624830
vt 0.40954900 0.15349279
vt 0.40632969 0.16175909
vt 0.40632969 0.15900370
vt 0.39787790 0.03472024
vt 0.39931831 0.03497844
vt 0.39606351 0.03513836
vt 0.40065891 0.03579217
vt 0.40378281 0.05671918
vt 0.40199739 0.03845191
vt 0.40160000 0.03704530
vt 0.39054170 0.03782773
vt 0.38958070 0.06097769
vt 0.38501990 0.04051727
vt 0.38501990 0.05705022
vt 0.39184299 0.09011673
vt 0.39184299 0.09287226
vt 0.38501990 0.07358360
vt 0.38501990 0.09011673
vt 0.39184299 0.09562772
vt 0.38501990 0.13356011
vt 0.38501990 0.11459390
vt 0.38501990 0.09562772
vt 0.38501990 0.15252630
vt 0.38501990 0.17149250
vt 0.38501990 0.20942490
vt 0.42150629 0.21686880
vt 0.42150629 0.23615719
vt 0.42150629 0.25544560
vt 0.42150629 0.27473390
vt 0.42150629 0.29402229
vt 0.41598761 0.29126680
vt 0.41598761 0.29953331
vt 0.41598761 0.29539999
vt 0.40954900 0.29126680
vt 0.40632969 0.29126680
vt 0.41276830 0.29126680
vt 0.40632969 0.29539999
vt 0.40632969 0.29953331
vt 0.41994980 0.31654060
vt 0.41885060 0.31716940
vt 0.41575921 0.31835431
vt 0.41276830 0.29953331
vt 0.42134359 0.31445810
vt 0.42081940 0.31559101
vt 0.42150629 0.31331059
vt 0.41266790 0.31953931
vt 0.41173360 0.32004309
vt 0.40954900 0.29953331
vt 0.41093451 0.32079691
vt 0.41006309 0.32275140
vt 0.41036230 0.32173410
vt 0.40744090 0.33928430
vt 0.40481859 0.35581711
vt 0.38501990 0.22839110
vt 0.38501990 0.28528959
vt 0.38501990 0.26632339
vt 0.38501990 0.24735720
vt 0.39184299 0.33811000
vt 0.39184299 0.33535451
vt 0.39184299 0.33259901
vt 0.38908359 0.33259901
vt 0.38501990 0.30425581
vt 0.38501990 0.32322201
vt 0.38632420 0.33259901
vt 0.38501990 0.34218821
vt 0.38632420 0.33535451
vt 0.40219629 0.37235001
vt 0.40070301 0.37501279
vt 0.40171209 0.37377059
vt 0.39931649 0.37581369
vt 0.39783570 0.37606910
vt 0.39639831 0.37582889
vt 0.39511749 0.37513450
vt 0.38908359 0.33811000
vt 0.38958070 0.34981149
vt 0.38632420 0.33811000
vt 0.38501990 0.36115429
vt 0.39184299 0.36796769
vt 0.38843140 0.36456099
vt 0.39184299 0.37186459
vt 0.46424001 0.54065132
vt 0.43759850 0.55421013
vt 0.43333951 0.54584682
vt 0.45998091 0.53228801
vt 0.40669811 0.55940562
vt 0.40811771 0.56219327
vt 0.40953740 0.56498110
vt 0.41095710 0.56776887
vt 0.48662230 0.51872921
vt 0.51468343 0.50795811
vt 0.51610309 0.51074588
vt 0.51326382 0.50517040
vt 0.49088129 0.52709252
vt 0.51752281 0.51353371
vt 0.60881883 0.85858041
vt 0.54380977 0.89226800
vt 0.57081002 0.83922899
vt 0.59282732 0.98400950
vt 0.51680970 0.94530678
vt 0.61982751 0.93097061
vt 0.64682770 0.87793171
vt 0.87935531 0.43119770
vt 0.87121081 0.42818570
vt 0.87166941 0.42728499
vt 0.88169158 0.43352121
vt 0.89217240 0.43885669
vt 0.88704121 0.43511051
vt 0.90265322 0.44419229
vt 0.89472711 0.43902320
vt 0.90241301 0.44293591
vt 0.91009891 0.44684860
vt 0.91313398 0.44952780
vt 0.92361468 0.45486340
vt 0.91778481 0.45076141
vt 0.93315673 0.45858681
vt 0.92547071 0.45467409
vt 0.93409562 0.46019891
vt 0.94084263 0.46249959
vt 0.94457632 0.46553451
vt 0.95505708 0.47086999
vt 0.94852853 0.46641231
vt 0.96390033 0.47423771
vt 0.95621443 0.47032499
vt 0.96553791 0.47620550
vt 0.97158623 0.47815049
vt 0.97601873 0.48154101
vt 0.97927213 0.48206320
vt 0.98672873 0.48642620
vt 0.98695803 0.48597589
vt 0.98649949 0.48687661
vt 0.00664163 0.10622820
vt 0.00664163 0.10519510
vt 0.03971827 0.10519510
vt 0.00664163 0.10726130
vt 0.07279485 0.10622820
vt 0.07279485 0.10726130
vt 0.07279485 0.10829440
vt 0.00664163 0.10829440
vt 0.03971827 0.10932760
vt 0.00664163 0.10932760
vt 0.07279485 0.10932760
vt 0.07279485 0.10519510
vt 0.16717970 0.38548940
vt 0.16576821 0.37349689
vt 0.16717970 0.34951210
vt 0.16576821 0.34951210
vt 0.16576821 0.39748171
vt 0.16859120 0.34951210
vt 0.17000259 0.34951210
vt 0.17000259 0.38548940
vt 0.17141411 0.38548940
vt 0.16576821 0.42146659
vt 0.16717970 0.42146659
vt 0.17000259 0.42146659
vt 0.16859120 0.42146659
vt 0.17282560 0.34951210
vt 0.17282560 0.38548940
vt 0.17423710 0.38548940
vt 0.17423710 0.34951210
vt 0.17141411 0.42146659
vt 0.17282560 0.42146659
vt 0.17564860 0.34951210
vt 0.17705999 0.34951210
vt 0.17705999 0.37349689
vt 0.17564860 0.38548940
vt 0.17564860 0.42146659
vt 0.17705999 0.39748171
vt 0.17705999 0.42146659
vt 0.17423710 0.42146659
vt 0.15588790 0.34951210
vt 0.15447640 0.38548940
vt 0.15447640 0.34951210
vt 0.15588790 0.42146659
vt 0.15729930 0.34951210
vt 0.15871079 0.42146659
vt 0.15729930 0.42146659
vt 0.15447640 0.42146659
vt 0.16012231 0.42146659
vt 0.15871079 0.34951210
vt 0.16012231 0.34951210
vt 0.16153370 0.34951210
vt 0.16294520 0.34951210
vt 0.16435669 0.42146659
vt 0.16294520 0.42146659
vt 0.16576821 0.38548940
vt 0.16435669 0.34951210
vt 0.16576821 0.34951210
vt 0.16153370 0.42146659
vt 0.16576821 0.42146659
vt 0.64445370 0.54114962
vt 0.64662558 0.51357961
vt 0.64762312 0.51406640
vt 0.64562821 0.51309258
vt 0.64146137 0.53968900
vt 0.64463079 0.51260579
vt 0.63829201 0.56677222
vt 0.64128423 0.56823277
vt 0.63811481 0.59531599
vt 0.63512248 0.59385538
vt 0.63494527 0.62239921
vt 0.63195312 0.62093848
vt 0.63027978 0.64875209
vt 0.62878370 0.64802182
vt 0.63177592 0.64948243
vt 0.22411279 0.29216751
vt 0.21960489 0.06743359
vt 0.21960489 0.03597718
vt 0.21960489 0.09889006
vt 0.21960489 0.16180301
vt 0.21960489 0.13034651
vt 0.21960489 0.19325940
vt 0.21960489 0.22471580
vt 0.22853149 0.02698945
vt 0.22853149 0.16180301
vt 0.21960489 0.28762880
vt 0.21960489 0.25617230
vt 0.22853149 0.29661629
vt 0.03636389 0.41219911
vt 0.03802746 0.39930311
vt 0.03636389 0.42509511
vt 0.03636389 0.43799111
vt 0.03747296 0.43799111
vt 0.03636389 0.39930311
vt 0.03969085 0.41219911
vt 0.03969085 0.39930311
vt 0.03969085 0.42509511
vt 0.03969085 0.43799111
vt 0.03858172 0.43799111
vt 0.28962731 0.25280720
vt 0.30462959 0.24622880
vt 0.30586800 0.24741951
vt 0.27462509 0.25938559
vt 0.29066381 0.25408649
vt 0.25962281 0.26596391
vt 0.27545959 0.26075351
vt 0.26025531 0.26742041
vt 0.05360049 0.02994519
vt 0.06984192 0.02370733
vt 0.06984192 0.02994519
vt 0.05360049 0.03618294
vt 0.06984192 0.03618294
vt 0.05360049 0.04242092
vt 0.06984192 0.04242092
vt 0.05360049 0.04865860
vt 0.06984192 0.04865860
vt 0.06304436 0.00499368
vt 0.05971097 0.00567377
vt 0.06081235 0.00529170
vt 0.05769848 0.00688285
vt 0.06984192 0.01123154
vt 0.05866301 0.00620866
vt 0.05684423 0.00767571
vt 0.07513082 0.00499368
vt 0.09930366 0.00499368
vt 0.09463959 0.00924677
vt 0.08721721 0.00499368
vt 0.11139010 0.00499368
vt 0.10249280 0.00940603
vt 0.10165780 0.00924677
vt 0.08762145 0.00924677
vt 0.08678644 0.00940603
vt 0.10326180 0.00991112
vt 0.08601737 0.00991112
vt 0.05003136 0.01985317
vt 0.05553323 0.00950646
vt 0.04452931 0.03019988
vt 0.05360049 0.02370733
vt 0.08535295 0.02072995
vt 0.08551222 0.01067996
vt 0.08535295 0.01151508
vt 0.08535295 0.02994519
vt 0.10989670 0.01139080
vt 0.11073170 0.01123154
vt 0.12347650 0.00499368
vt 0.11774990 0.01123154
vt 0.10862250 0.01266491
vt 0.10392630 0.01151508
vt 0.10912770 0.01189595
vt 0.10376700 0.01067996
vt 0.13384201 0.01123154
vt 0.12476800 0.01123154
vt 0.13556300 0.00499368
vt 0.13480690 0.01123154
vt 0.13300700 0.01139080
vt 0.12637199 0.01189595
vt 0.12560301 0.01139080
vt 0.14086010 0.01123154
vt 0.13223790 0.01189595
vt 0.10846320 0.01349967
vt 0.10392630 0.02072995
vt 0.10392630 0.02994519
vt 0.10846320 0.02446341
vt 0.10846320 0.03542697
vt 0.10392630 0.03916025
vt 0.12703650 0.01349967
vt 0.12687729 0.01266491
vt 0.13173281 0.01266491
vt 0.13157339 0.01349967
vt 0.13157339 0.02446341
vt 0.12703650 0.03542697
vt 0.12703650 0.02446341
vt 0.13157339 0.03542697
vt 0.03750503 0.04235816
vt 0.03809809 0.04182493
vt 0.03684884 0.04279941
vt 0.03288578 0.05489671
vt 0.02756923 0.04355508
vt 0.03402024 0.04355508
vt 0.03615093 0.04313951
vt 0.03543341 0.04337602
vt 0.08535295 0.03916025
vt 0.03861016 0.04121488
vt 0.03902763 0.04054641
vt 0.08535295 0.04837507
vt 0.02111816 0.05489671
vt 0.02111816 0.04355508
vt 0.04465383 0.05489671
vt 0.05642145 0.05489671
vt 0.06818944 0.05489671
vt 0.08551222 0.04921025
vt 0.08601737 0.04997915
vt 0.08678644 0.05048424
vt 0.07995724 0.05489671
vt 0.08762145 0.05064362
vt 0.09172505 0.05489671
vt 0.10846320 0.04639047
vt 0.10392630 0.04837507
vt 0.10862250 0.04722529
vt 0.10912770 0.04799443
vt 0.10989670 0.04849952
vt 0.13300700 0.04849952
vt 0.12560301 0.04849952
vt 0.12637199 0.04799443
vt 0.13157339 0.04639047
vt 0.12703650 0.04639047
vt 0.13173281 0.04722529
vt 0.13223790 0.04799443
vt 0.12687729 0.04722529
vt 0.13480690 0.04865860
vt 0.13384201 0.04865860
vt 0.14086010 0.04865860
vt 0.12702850 0.05489671
vt 0.10326180 0.04997915
vt 0.11073170 0.04865860
vt 0.10249280 0.05048424
vt 0.11526070 0.05489671
vt 0.10349290 0.05489671
vt 0.09463959 0.05064362
vt 0.10165780 0.05064362
vt 0.10376700 0.04921025
vt 0.12476800 0.04865860
vt 0.11774990 0.04865860
vt 0.13879630 0.05489671
vt 0.14764941 0.00499368
vt 0.15104820 0.01123154
vt 0.15695231 0.01123154
vt 0.15611731 0.01139080
vt 0.14787830 0.01123154
vt 0.15534830 0.01189595
vt 0.14871339 0.01139080
vt 0.14948240 0.01189595
vt 0.15973569 0.00499368
vt 0.16728941 0.01123154
vt 0.17182229 0.00499368
vt 0.18353060 0.01123154
vt 0.16397050 0.01123154
vt 0.15695231 0.01123154
vt 0.17098860 0.01123154
vt 0.17259260 0.01189595
vt 0.17182361 0.01139080
vt 0.17922750 0.01139080
vt 0.15468380 0.01349967
vt 0.15104820 0.02370733
vt 0.14998750 0.01266491
vt 0.15014680 0.01349967
vt 0.15014680 0.02446341
vt 0.15104820 0.02994519
vt 0.15468380 0.02446341
vt 0.15014680 0.03542697
vt 0.17845850 0.01189595
vt 0.17309780 0.01266491
vt 0.17779399 0.01349967
vt 0.17325710 0.02446341
vt 0.17325710 0.01349967
vt 0.17795341 0.01266491
vt 0.15484311 0.01266491
vt 0.18006261 0.01123154
vt 0.19599511 0.00499368
vt 0.18390870 0.00499368
vt 0.19977190 0.01123154
vt 0.19493391 0.01139080
vt 0.19409890 0.01123154
vt 0.18708080 0.01123154
vt 0.20808160 0.00499368
vt 0.21601310 0.01123154
vt 0.22016791 0.00499368
vt 0.19570300 0.01189595
vt 0.23225440 0.00973397
vt 0.23225440 0.00499368
vt 0.23225440 0.01447427
vt 0.22325189 0.01633507
vt 0.21601310 0.02370733
vt 0.19620810 0.01266491
vt 0.17779399 0.02446341
vt 0.19636740 0.01349967
vt 0.22636349 0.01633507
vt 0.22947530 0.01633507
vt 0.19977190 0.02370733
vt 0.19977190 0.02994519
vt 0.19636740 0.02446341
vt 0.21872561 0.02484726
vt 0.19636740 0.03542697
vt 0.17325710 0.03542697
vt 0.15104820 0.03618294
vt 0.15468380 0.03542697
vt 0.15104820 0.04242092
vt 0.15014680 0.04639047
vt 0.14998750 0.04722529
vt 0.15104820 0.04865860
vt 0.14948240 0.04799443
vt 0.15468380 0.04639047
vt 0.15484311 0.04722529
vt 0.17325710 0.04639047
vt 0.17779399 0.04639047
vt 0.17309780 0.04722529
vt 0.17259260 0.04799443
vt 0.17845850 0.04799443
vt 0.17182361 0.04849952
vt 0.15534830 0.04799443
vt 0.17795341 0.04722529
vt 0.14871339 0.04849952
vt 0.14787830 0.04865860
vt 0.15611731 0.04849952
vt 0.16728941 0.04865860
vt 0.15695231 0.04865860
vt 0.16397050 0.04865860
vt 0.18006261 0.04865860
vt 0.17098860 0.04865860
vt 0.17922750 0.04849952
vt 0.16233189 0.05489671
vt 0.17409980 0.05489671
vt 0.17779399 0.03542697
vt 0.19570300 0.04799443
vt 0.19977190 0.04865860
vt 0.19493391 0.04849952
vt 0.19620810 0.04722529
vt 0.19977190 0.03618294
vt 0.21419920 0.03335940
vt 0.19977190 0.04242092
vt 0.20967290 0.04187154
vt 0.19636740 0.04639047
vt 0.18708080 0.04865860
vt 0.18353060 0.04865860
vt 0.18586759 0.05489671
vt 0.19409890 0.04865860
vt 0.19763540 0.05489671
vt 0.20286261 0.05310142
vt 0.20375250 0.05230176
vt 0.20452049 0.05138617
vt 0.20514651 0.05038374
vt 0.20083140 0.05427336
vt 0.19975510 0.05462837
vt 0.20187829 0.05376315
vt 0.32918939 0.24614909
vt 0.32918939 0.24447189
vt 0.32947281 0.24446189
vt 0.32947281 0.24782629
vt 0.32918939 0.24782629
vt 0.32976541 0.24782629
vt 0.32976541 0.24445380
vt 0.33006781 0.24444871
vt 0.33006781 0.24782629
vt 0.33038029 0.24444710
vt 0.33038029 0.24613670
vt 0.33038029 0.24782629
vt 0.00931239 0.05714166
vt 0.01702123 0.05714166
vt 0.01702123 0.05863338
vt 0.00160330 0.05855983
vt 0.00160330 0.05714166
vt 0.00160330 0.05997788
vt 0.01702123 0.06007444
vt 0.00160330 0.06139630
vt 0.00931239 0.06281447
vt 0.01702123 0.06146728
vt 0.01702123 0.06281447
vt 0.00160330 0.06281447
vt 0.13688239 0.41025591
vt 0.12632790 0.41384479
vt 0.12632790 0.41025591
vt 0.11577340 0.41384479
vt 0.11577340 0.41025591
vt 0.10521910 0.41025591
vt 0.09466463 0.41384479
vt 0.09466463 0.41025591
vt 0.08411020 0.41025591
vt 0.07355576 0.41384479
vt 0.07355576 0.41025591
vt 0.08411020 0.41384479
vt 0.10521910 0.41384479
vt 0.17708990 0.63183802
vt 0.17708990 0.50215328
vt 0.18184820 0.50215328
vt 0.18660641 0.53457451
vt 0.18660641 0.50215328
vt 0.18184820 0.76152271
vt 0.17708990 0.76152271
vt 0.18660641 0.56699568
vt 0.18660641 0.63183802
vt 0.18660641 0.59941691
vt 0.18660641 0.66425908
vt 0.18660641 0.69668031
vt 0.18660641 0.72910148
vt 0.18660641 0.76152271
vt 0.07140183 0.05518800
vt 0.07003045 0.05753129
vt 0.06796205 0.05513978
vt 0.06727635 0.05631154
vt 0.06864774 0.05396819
vt 0.07369881 0.05718880
vt 0.07415592 0.05640769
vt 0.07324171 0.05796992
vt 0.07278460 0.05875128
vt 0.43474990 0.76276141
vt 0.43224359 0.76783073
vt 0.43065441 0.76417857
vt 0.42940131 0.76671320
vt 0.43190759 0.76164389
vt 0.43633911 0.76641363
vt 0.43759221 0.76387900
vt 0.43508601 0.76894832
vt 0.42332900 0.91277289
vt 0.40192360 0.84358782
vt 0.41502309 0.84544992
vt 0.43748960 0.87676960
vt 0.42838731 0.84734970
vt 0.44659191 0.90618938
vt 0.45569411 0.93560922
vt 0.44473451 0.98195809
vt 0.45476541 0.97349358
vt 0.46479651 0.96502912
vt 0.36024919 0.00048258
vt 0.36069661 0.00048258
vt 0.36069661 0.00286668
vt 0.35980180 0.00048258
vt 0.36024919 0.00525099
vt 0.35980180 0.00525099
vt 0.35935441 0.00525099
vt 0.35935441 0.00048258
vt 0.35890701 0.00286668
vt 0.35890701 0.00048258
vt 0.35890701 0.00525099
vt 0.36069661 0.00525099
vt 0.18955640 0.11096440
vt 0.16258790 0.11096440
vt 0.18955269 0.10752060
vt 0.18955110 0.12129590
vt 0.16258790 0.11785210
vt 0.18954720 0.11785210
vt 0.18955471 0.12473980
vt 0.16258790 0.12473970
vt 0.18954711 0.10407680
vt 0.16258790 0.10407680
vt 0.16258790 0.13162740
vt 0.18954711 0.13162670
vt 0.16258790 0.14540270
vt 0.18953259 0.14195900
vt 0.18952750 0.14540270
vt 0.16258790 0.13851510
vt 0.18954180 0.13851510
vt 0.18954700 0.15573430
vt 0.16258790 0.15229040
vt 0.18954080 0.15229040
vt 0.18954711 0.15917809
vt 0.17606750 0.15917809
vt 0.16258790 0.15917809
vt 0.25173059 0.02698945
vt 0.24280190 0.06743359
vt 0.24280190 0.03597718
vt 0.24280190 0.09889006
vt 0.25173059 0.16180301
vt 0.24280190 0.16180301
vt 0.24280190 0.13034651
vt 0.24280190 0.19325940
vt 0.24280190 0.22471580
vt 0.25173059 0.29661629
vt 0.24280190 0.28762880
vt 0.24280190 0.25617230
vt 0.12054740 0.38548940
vt 0.11913600 0.37349689
vt 0.12054740 0.34951210
vt 0.11913600 0.34951210
vt 0.11913600 0.39748171
vt 0.12195890 0.34951210
vt 0.12337040 0.34951210
vt 0.12337040 0.38548940
vt 0.12478190 0.38548940
vt 0.11913600 0.42146659
vt 0.12054740 0.42146659
vt 0.12337040 0.42146659
vt 0.12195890 0.42146659
vt 0.12619340 0.34951210
vt 0.12619340 0.38548940
vt 0.12760490 0.38548940
vt 0.12760490 0.34951210
vt 0.12619340 0.42146659
vt 0.12478190 0.42146659
vt 0.12760490 0.42146659
vt 0.12901630 0.34951210
vt 0.13042779 0.34951210
vt 0.13042779 0.37349689
vt 0.12901630 0.38548940
vt 0.12901630 0.42146659
vt 0.13042779 0.39748171
vt 0.13042779 0.42146659
vt 0.35856199 0.12651861
vt 0.35582811 0.12836330
vt 0.35297769 0.12691259
vt 0.35428640 0.12434250
vt 0.35867840 0.12981400
vt 0.36283749 0.12869459
vt 0.36152869 0.13126470
vt 0.27715561 0.12979589
vt 0.27795681 0.11540870
vt 0.27877799 0.11581300
vt 0.27553320 0.14377880
vt 0.27633440 0.12939151
vt 0.27391079 0.15776160
vt 0.27471200 0.14337440
vt 0.27308959 0.15735731
vt 0.22412629 0.55911511
vt 0.21347810 0.59353173
vt 0.20530009 0.55894691
vt 0.19850810 0.58089960
vt 0.20606799 0.58727890
vt 0.21209210 0.53699422
vt 0.23477469 0.52469838
vt 0.23554960 0.49168530
vt 0.24542300 0.49028179
vt 0.22567610 0.49308890
vt 0.21888410 0.51504147
vt 0.06888991 0.00366968
vt 0.06757158 0.00087270
vt 0.06888991 0.00087270
vt 0.06625324 0.00506830
vt 0.06493490 0.00087270
vt 0.06625324 0.00087270
vt 0.06361657 0.00087270
vt 0.06097984 0.00506830
vt 0.06888991 0.00646675
vt 0.05966132 0.00087270
vt 0.06097984 0.00087270
vt 0.06229799 0.00087270
vt 0.05834317 0.00506830
vt 0.06361657 0.00926399
vt 0.06229799 0.00926399
vt 0.05702465 0.00087270
vt 0.05834317 0.00087270
vt 0.05570650 0.00087270
vt 0.05570650 0.00506830
vt 0.05438810 0.00087270
vt 0.05306977 0.00506830
vt 0.05306977 0.00087270
vt 0.05043298 0.00087270
vt 0.05043298 0.00506830
vt 0.04911482 0.00087270
vt 0.05175149 0.00087270
vt 0.04779630 0.00087270
vt 0.04779630 0.00366968
vt 0.05966132 0.00926399
vt 0.05834317 0.00926399
vt 0.06757158 0.00926399
vt 0.06888991 0.00926399
vt 0.06625324 0.00926399
vt 0.06493490 0.00926399
vt 0.06097984 0.00926399
vt 0.05702465 0.00926399
vt 0.05570650 0.00926399
vt 0.05438810 0.00926399
vt 0.05306977 0.00926399
vt 0.05175149 0.00926399
vt 0.05043298 0.00926399
vt 0.04911482 0.00926399
vt 0.04779630 0.00646675
vt 0.04779630 0.00926399
vt 0.32939449 0.17732599
vt 0.32470480 0.17940129
vt 0.32471961 0.17732599
vt 0.32926059 0.18385360
vt 0.32466450 0.18147311
vt 0.32936129 0.18057850
vt 0.32907760 0.18715911
vt 0.32450089 0.18558881
vt 0.32459840 0.18353780
vt 0.32420391 0.18962321
vt 0.32878670 0.19056711
vt 0.32400039 0.19158940
vt 0.32375520 0.19350331
vt 0.32666850 0.20195819
vt 0.32239249 0.20047390
vt 0.32767299 0.19786490
vt 0.32529360 0.20640530
vt 0.32153389 0.20353200
vt 0.32346919 0.19535489
vt 0.32314479 0.19713880
vt 0.32061860 0.20640530
vt 0.02961593 0.02491170
vt 0.02868133 0.02134585
vt 0.02961593 0.02134585
vt 0.02771496 0.02134585
vt 0.02813994 0.03204321
vt 0.02764809 0.03204321
vt 0.02820241 0.02134585
vt 0.02721947 0.02134585
vt 0.02715611 0.03204321
vt 0.02671504 0.02134585
vt 0.02568012 0.02134585
vt 0.02568012 0.02491170
vt 0.02961593 0.02847743
vt 0.02912414 0.03204321
vt 0.02961593 0.03204321
vt 0.02863210 0.03204321
vt 0.02568012 0.02847743
vt 0.02666395 0.03204321
vt 0.02568012 0.03204321
vt 0.19547980 0.02698945
vt 0.19408660 0.06069278
vt 0.19408660 0.02698945
vt 0.19408660 0.12809961
vt 0.19408660 0.09439629
vt 0.19408660 0.16180301
vt 0.19547980 0.29661629
vt 0.19408660 0.19550630
vt 0.19408660 0.22920960
vt 0.19408660 0.26291299
vt 0.19408660 0.29661629
vt 0.19687299 0.05694794
vt 0.19687299 0.08690667
vt 0.19687299 0.11686520
vt 0.19687299 0.14682370
vt 0.19687299 0.20674071
vt 0.19687299 0.17678221
vt 0.19687299 0.23669930
vt 0.19687299 0.26665780
vt 0.19687299 0.29661629
vt 0.19687299 0.02698945
vt 0.00550056 0.40243539
vt 0.00300211 0.39660230
vt 0.00550056 0.39660230
vt 0.00050369 0.39960861
vt 0.00050369 0.39660230
vt 0.00300211 0.40393850
vt 0.00550056 0.40826851
vt 0.79334313 0.10993900
vt 0.74636620 0.11142750
vt 0.74636620 0.10993900
vt 0.85075933 0.11291590
vt 0.82988071 0.11291590
vt 0.74636620 0.11291590
vt 0.76724482 0.11291590
vt 0.78812343 0.11291590
vt 0.80900210 0.11291590
vt 0.84032011 0.10993900
vt 0.93427402 0.11142750
vt 0.88729697 0.10993900
vt 0.93427402 0.10993900
vt 0.87163800 0.11291590
vt 0.91339529 0.11291590
vt 0.89251667 0.11291590
vt 0.93427402 0.11291590
vt 0.94540972 0.56091201
vt 0.94475871 0.56665391
vt 0.94475871 0.56091201
vt 0.94410592 0.56091201
vt 0.94345140 0.56665391
vt 0.94345140 0.56091201
vt 0.94279510 0.56091201
vt 0.94279510 0.56665391
vt 0.94410592 0.56665391
vt 0.94147748 0.56091201
vt 0.94213718 0.56665391
vt 0.94147748 0.56665391
vt 0.94081622 0.56091201
vt 0.94081622 0.56378287
vt 0.94213718 0.56091201
vt 0.94605923 0.56378287
vt 0.94605923 0.56091201
vt 0.94540972 0.56665391
vt 0.94605923 0.56665391
vt 0.94081622 0.56665391
vt 0.20530009 0.55894691
vt 0.22412629 0.55911511
vt 0.19850810 0.58089960
vt 0.21347810 0.59353173
vt 0.21209210 0.53699422
vt 0.23477469 0.52469838
vt 0.22567610 0.49308890
vt 0.24542300 0.49028179
vt 0.21888410 0.51504147
vt 0.10786070 0.10407680
vt 0.10786620 0.10752060
vt 0.09451586 0.10407680
vt 0.10786990 0.11096440
vt 0.10786830 0.12473980
vt 0.09451586 0.12473970
vt 0.10786470 0.12129590
vt 0.10786080 0.11785210
vt 0.09451586 0.11785210
vt 0.10786070 0.13162670
vt 0.08090150 0.10407680
vt 0.08090150 0.11096440
vt 0.08090150 0.12473970
vt 0.08090150 0.13162740
vt 0.08090150 0.11785210
vt 0.09451586 0.13162740
vt 0.10785540 0.13851510
vt 0.09451586 0.13851510
vt 0.10784620 0.14195900
vt 0.09451586 0.15229040
vt 0.10785430 0.15229040
vt 0.10786050 0.15573430
vt 0.10784100 0.14540270
vt 0.09451586 0.14540270
vt 0.10786070 0.15917809
vt 0.08090150 0.13851510
vt 0.08090150 0.14540270
vt 0.08090150 0.15917809
vt 0.08090150 0.15229040
vt 0.16717970 0.21560940
vt 0.16576821 0.25158671
vt 0.16576821 0.21560940
vt 0.16717970 0.28756389
vt 0.16859120 0.21560940
vt 0.17000259 0.28756389
vt 0.16859120 0.28756389
vt 0.16576821 0.28756389
vt 0.17141411 0.28756389
vt 0.17000259 0.21560940
vt 0.17141411 0.21560940
vt 0.17282560 0.28756389
vt 0.17423710 0.21560940
vt 0.17564860 0.28756389
vt 0.17423710 0.28756389
vt 0.17705999 0.25158671
vt 0.17564860 0.21560940
vt 0.17705999 0.21560940
vt 0.17282560 0.21560940
vt 0.17705999 0.28756389
vt 0.91120142 0.56131637
vt 0.91028148 0.56312221
vt 0.90663278 0.56126559
vt 0.90755260 0.55945981
vt 0.91485012 0.56317312
vt 0.91393030 0.56497890
vt 0.06773352 0.08154404
vt 0.06727635 0.08076286
vt 0.07003045 0.07954305
vt 0.07140183 0.08188658
vt 0.06819063 0.08232522
vt 0.06864774 0.08310633
vt 0.07324171 0.07910442
vt 0.07369881 0.07988560
vt 0.07415592 0.08066678
vt 0.07278460 0.07832330
vt 0.44109479 0.62224442
vt 0.41115770 0.61803740
vt 0.41561839 0.60927749
vt 0.44066560 0.64408648
vt 0.40669709 0.62679738
vt 0.46657109 0.63521123
vt 0.47463390 0.66137570
vt 0.49204740 0.64817822
vt 0.51752383 0.66114497
vt 0.50860238 0.67866492
vt 0.51306307 0.66990501
vt 0.06888991 0.00366968
vt 0.06757158 0.00087270
vt 0.06888991 0.00087270
vt 0.06625324 0.00506830
vt 0.06493490 0.00087270
vt 0.06625324 0.00087270
vt 0.06361657 0.00087270
vt 0.06097984 0.00506830
vt 0.06888991 0.00646675
vt 0.05966132 0.00087270
vt 0.06097984 0.00087270
vt 0.06229799 0.00087270
vt 0.05834317 0.00506830
vt 0.06361657 0.00926399
vt 0.06229799 0.00926399
vt 0.05702465 0.00087270
vt 0.05834317 0.00087270
vt 0.05570650 0.00087270
vt 0.05570650 0.00506830
vt 0.05438810 0.00087270
vt 0.05306977 0.00506830
vt 0.05306977 0.00087270
vt 0.05043298 0.00087270
vt 0.05043298 0.00506830
vt 0.04911482 0.00087270
vt 0.05175149 0.00087270
vt 0.04779630 0.00087270
vt 0.04779630 0.00366968
vt 0.05966132 0.00926399
vt 0.05834317 0.00926399
vt 0.06757158 0.00926399
vt 0.06888991 0.00926399
vt 0.06625324 0.00926399
vt 0.06493490 0.00926399
vt 0.06097984 0.00926399
vt 0.05702465 0.00926399
vt 0.05570650 0.00926399
vt 0.05438810 0.00926399
vt 0.05306977 0.00926399
vt 0.05175149 0.00926399
vt 0.05043298 0.00926399
vt 0.04911482 0.00926399
vt 0.04779630 0.00646675
vt 0.04779630 0.00926399
vt 0.17620170 0.03016972
vt 0.18752161 0.03016972
vt 0.18752161 0.03205519
vt 0.18752161 0.03394097
vt 0.16488160 0.03582656
vt 0.16488160 0.03394097
vt 0.18752161 0.03771203
vt 0.18752161 0.03582656
vt 0.16488160 0.03205519
vt 0.16488160 0.03016972
vt 0.18752161 0.04148340
vt 0.16488160 0.03959769
vt 0.18752161 0.03959769
vt 0.17620170 0.04525446
vt 0.18752161 0.04336899
vt 0.18752161 0.04525446
vt 0.16488160 0.04336899
vt 0.16488160 0.04148340
vt 0.16488160 0.04525446
vt 0.12997399 0.43613291
vt 0.13532349 0.42686200
vt 0.13532349 0.43935120
vt 0.12997399 0.45184049
vt 0.12462450 0.44540370
vt 0.12462450 0.45184049
vt 0.13532349 0.45184049
vt 0.05256217 0.50222743
vt 0.04838061 0.50185281
vt 0.05115079 0.50185281
vt 0.05392849 0.50287282
vt 0.04696923 0.50222743
vt 0.05517250 0.50377607
vt 0.04560297 0.50287282
vt 0.04976582 0.50173467
vt 0.04435896 0.50377607
vt 0.05622512 0.50489622
vt 0.05703669 0.50616950
vt 0.04976582 0.50887972
vt 0.05758517 0.50752151
vt 0.05787581 0.50887972
vt 0.04249477 0.50616950
vt 0.04330641 0.50489622
vt 0.04165565 0.50887972
vt 0.04194623 0.50752151
vt 0.13508950 0.10407680
vt 0.13509500 0.10752060
vt 0.12174470 0.10407680
vt 0.13509861 0.11096440
vt 0.13509710 0.12473980
vt 0.12174470 0.12473970
vt 0.13509350 0.12129590
vt 0.13508961 0.11785210
vt 0.12174470 0.11785210
vt 0.13508950 0.13162670
vt 0.10813030 0.10407680
vt 0.10813030 0.11096440
vt 0.10813030 0.12473970
vt 0.10813030 0.13162740
vt 0.10813030 0.11785210
vt 0.12174470 0.13162740
vt 0.13508420 0.13851510
vt 0.12174470 0.13851510
vt 0.13507500 0.14195900
vt 0.12174470 0.15229040
vt 0.13508309 0.15229040
vt 0.13508929 0.15573430
vt 0.13506980 0.14540270
vt 0.12174470 0.14540270
vt 0.13508950 0.15917809
vt 0.10813030 0.13851510
vt 0.10813030 0.14540270
vt 0.10813030 0.15917809
vt 0.10813030 0.15229040
vt 0.33023161 0.19752710
vt 0.33023161 0.19460911
vt 0.33412221 0.19460911
vt 0.33412221 0.20044491
vt 0.33023161 0.20044491
vt 0.33801281 0.19752710
vt 0.33801281 0.20044491
vt 0.33801281 0.19460911
vt 0.31495219 0.15851779
vt 0.33151570 0.15649749
vt 0.31472760 0.15969490
vt 0.31524909 0.15794520
vt 0.33151570 0.16289219
vt 0.31495219 0.16087180
vt 0.31524909 0.16144440
vt 0.31566471 0.16195570
vt 0.31792709 0.16289219
vt 0.31617630 0.16237099
vt 0.31566471 0.15743400
vt 0.31792709 0.15649749
vt 0.31617630 0.15701871
vt 0.31674939 0.15672199
vt 0.34510440 0.15649749
vt 0.31674939 0.16266771
vt 0.00664163 0.18981950
vt 0.00664163 0.18878640
vt 0.02869278 0.18878640
vt 0.00664163 0.19085270
vt 0.07279485 0.18981950
vt 0.07279485 0.19085270
vt 0.07279485 0.19188580
vt 0.02869278 0.19291881
vt 0.00664163 0.19188580
vt 0.00664163 0.19291881
vt 0.05074363 0.18878640
vt 0.07279485 0.18878640
vt 0.05074363 0.19291881
vt 0.07279485 0.19291881
vt 0.89861721 0.62689137
vt 0.89652652 0.61938113
vt 0.89790189 0.61868072
vt 0.89515102 0.62008142
vt 0.90136802 0.62549061
vt 0.90345871 0.63300103
vt 0.90208328 0.63370132
vt 0.90483421 0.63230062
vt 0.12174400 0.03016972
vt 0.13306411 0.03016972
vt 0.13306411 0.03205519
vt 0.13306411 0.03582656
vt 0.11042400 0.03394097
vt 0.13306411 0.03394097
vt 0.11042400 0.03771203
vt 0.11042400 0.03582656
vt 0.11042400 0.03205519
vt 0.11042400 0.03016972
vt 0.13306411 0.03959769
vt 0.11042400 0.04148340
vt 0.11042400 0.03959769
vt 0.12174400 0.04525446
vt 0.13306411 0.04336899
vt 0.13306411 0.04525446
vt 0.13306411 0.04148340
vt 0.11042400 0.04336899
vt 0.11042400 0.04525446
vt 0.26491380 0.49549261
vt 0.26602501 0.49412450
vt 0.26602501 0.50622553
vt 0.26739290 0.49301299
vt 0.26739290 0.50733691
vt 0.26892531 0.49221900
vt 0.26892531 0.50813091
vt 0.26366219 0.49861801
vt 0.26366219 0.50173199
vt 0.26351941 0.50017500
vt 0.26412001 0.49702531
vt 0.26412001 0.50332469
vt 0.26491380 0.50485730
vt 0.27051759 0.49176109
vt 0.27051759 0.50858891
vt 0.27207431 0.49161819
vt 0.27863431 0.49161819
vt 0.27491361 0.50873172
vt 0.28519419 0.49161819
vt 0.28042129 0.51025951
vt 0.28800011 0.49199301
vt 0.29070190 0.49314600
vt 0.28270751 0.51210427
vt 0.28938431 0.49247351
vt 0.29298821 0.49499080
vt 0.29191419 0.49399391
vt 0.27207431 0.50873172
vt 0.29463631 0.49729279
vt 0.27771941 0.50910652
vt 0.30798560 0.52240449
vt 0.29770491 0.53951788
vt 0.28435549 0.51440620
vt 0.32133499 0.54751623
vt 0.31105441 0.56462967
vt 0.33468440 0.57262802
vt 0.34803379 0.59773970
vt 0.32440370 0.58974141
vt 0.36138311 0.62285137
vt 0.33775309 0.61485320
vt 0.35110250 0.63996488
vt 0.36801940 0.62815118
vt 0.36710450 0.64563942
vt 0.36531749 0.62699819
vt 0.36303121 0.62515342
vt 0.35773870 0.64526469
vt 0.37082511 0.62852591
vt 0.37366441 0.62852591
vt 0.37366441 0.64563942
vt 0.37522110 0.62866879
vt 0.37522110 0.64549661
vt 0.37681350 0.62912673
vt 0.37971371 0.63103211
vt 0.37834579 0.64424461
vt 0.37834579 0.62992072
vt 0.38161871 0.63393301
vt 0.38082489 0.64176500
vt 0.38082489 0.63240027
vt 0.37971371 0.64313322
vt 0.37681350 0.64503860
vt 0.38207659 0.63552570
vt 0.38161871 0.64023232
vt 0.35275051 0.64226693
vt 0.35382459 0.64326370
vt 0.35503680 0.64411157
vt 0.35635439 0.64478421
vt 0.36054450 0.64563942
vt 0.38207659 0.63863969
vt 0.38221940 0.63708258
vt 0.70320249 0.69235379
vt 0.71867168 0.68400550
vt 0.71925378 0.68534100
vt 0.68715131 0.69936663
vt 0.67110002 0.70637941
vt 0.60688448 0.73284531
vt 0.65504873 0.71339208
vt 0.63899738 0.72040498
vt 0.62294620 0.72741783
vt 0.60689491 0.73443061
vt 0.59084362 0.74144328
vt 0.57479239 0.74845618
vt 0.55874109 0.75546902
vt 0.49509731 0.78168511
vt 0.54268980 0.76248181
vt 0.52663863 0.76949447
vt 0.51058728 0.77650732
vt 0.49453610 0.78352022
vt 0.18026210 0.50215328
vt 0.17708990 0.53457451
vt 0.17708990 0.50215328
vt 0.17708990 0.59941691
vt 0.17708990 0.56699568
vt 0.18026210 0.76152271
vt 0.17708990 0.66425908
vt 0.17708990 0.63183802
vt 0.17708990 0.72910148
vt 0.17708990 0.69668031
vt 0.18343429 0.50215328
vt 0.18660641 0.63183802
vt 0.18660641 0.50215328
vt 0.17708990 0.76152271
vt 0.18660641 0.76152271
vt 0.18343429 0.76152271
vt 0.02868133 0.00111246
vt 0.02961593 0.00111246
vt 0.02961593 0.00646120
vt 0.02771496 0.00111246
vt 0.02868133 0.01181000
vt 0.02771496 0.01181000
vt 0.02671504 0.01181000
vt 0.02671504 0.00111246
vt 0.02568012 0.00646120
vt 0.02568012 0.00111246
vt 0.02568012 0.01181000
vt 0.02961593 0.01181000
vt 0.55362707 0.00901961
vt 0.68529570 0.00901961
vt 0.68529570 0.03892415
vt 0.55362707 0.09873372
vt 0.42195839 0.05387645
vt 0.42195839 0.00901961
vt 0.68529570 0.09873372
vt 0.65237862 0.09873372
vt 0.68529570 0.06882899
vt 0.61946142 0.09873372
vt 0.58654422 0.09873372
vt 0.52070987 0.09873372
vt 0.48779270 0.09873372
vt 0.45487550 0.09873372
vt 0.42195839 0.09873372
vt 0.58717918 0.32372859
vt 0.56505322 0.28026441
vt 0.59620059 0.26440650
vt 0.64045262 0.35133490
vt 0.60930520 0.36719280
vt 0.64209872 0.27752471
vt 0.65684938 0.30650079
vt 0.67160010 0.33547691
vt 0.62734801 0.24854849
vt 0.26309139 0.12979570
vt 0.26389250 0.11540850
vt 0.26471379 0.11581280
vt 0.26146901 0.14377850
vt 0.26227021 0.12939140
vt 0.25984660 0.15776120
vt 0.26064780 0.14337420
vt 0.25902531 0.15735690
vt 0.34250900 0.21422181
vt 0.33958161 0.21130380
vt 0.34347221 0.21130380
vt 0.34736279 0.21130380
vt 0.34543630 0.21713980
vt 0.34736279 0.21713980
vt 0.07234019 0.26032051
vt 0.07714152 0.22615390
vt 0.08713907 0.23124480
vt 0.06714391 0.22106300
vt 0.04741185 0.25983059
vt 0.05754125 0.28939620
vt 0.02768003 0.29859829
vt 0.04274237 0.31847200
vt 0.02127844 0.34415379
vt 0.02794349 0.34754771
vt 0.01461333 0.34075981
vt 0.00794834 0.33736590
vt 0.68529570 0.43443781
vt 0.65237862 0.38958079
vt 0.68529570 0.38958079
vt 0.61946142 0.38958079
vt 0.55362707 0.38958079
vt 0.58654422 0.38958079
vt 0.42195839 0.43443781
vt 0.48779270 0.38958079
vt 0.52070987 0.38958079
vt 0.55362707 0.47929481
vt 0.68529570 0.47929481
vt 0.42195839 0.38958079
vt 0.45487550 0.38958079
vt 0.42195839 0.47929481
vt 0.09451520 0.01697045
vt 0.09828859 0.01508486
vt 0.10583530 0.01697045
vt 0.10583530 0.01508486
vt 0.09074187 0.01508486
vt 0.10583530 0.01885592
vt 0.10583530 0.02074170
vt 0.09451520 0.02074170
vt 0.09451520 0.02262729
vt 0.08319514 0.01508486
vt 0.08319514 0.01697045
vt 0.08319514 0.02074170
vt 0.08319514 0.01885592
vt 0.09451520 0.02451276
vt 0.10583530 0.02262729
vt 0.10583530 0.02451276
vt 0.10583530 0.02639842
vt 0.09451520 0.02639842
vt 0.08319514 0.02451276
vt 0.08319514 0.02262729
vt 0.08319514 0.02639842
vt 0.10583530 0.02828413
vt 0.10583530 0.03016972
vt 0.09828859 0.03016972
vt 0.09451520 0.02828413
vt 0.08319514 0.02828413
vt 0.09074187 0.03016972
vt 0.08319514 0.03016972
vt 0.00664163 0.10209570
vt 0.00664163 0.10106260
vt 0.03971827 0.10106260
vt 0.00664163 0.10312890
vt 0.07279485 0.10209570
vt 0.07279485 0.10312890
vt 0.07279485 0.10416200
vt 0.00664163 0.10416200
vt 0.03971827 0.10519510
vt 0.00664163 0.10519510
vt 0.07279485 0.10519510
vt 0.07279485 0.10106260
vt 0.32240430 0.40507659
vt 0.31407741 0.40851510
vt 0.31375399 0.40788001
vt 0.31440070 0.40915009
vt 0.32175761 0.40380651
vt 0.32976121 0.39973301
vt 0.33040789 0.40100309
vt 0.68529570 0.41948551
vt 0.64767611 0.38958079
vt 0.68529570 0.38958079
vt 0.57243693 0.38958079
vt 0.61005652 0.38958079
vt 0.55362707 0.47929481
vt 0.42195839 0.43443781
vt 0.49719760 0.38958079
vt 0.53481728 0.38958079
vt 0.42195839 0.38958079
vt 0.45957801 0.38958079
vt 0.65237862 0.47929481
vt 0.68529570 0.44939020
vt 0.68529570 0.47929481
vt 0.61946142 0.47929481
vt 0.58654422 0.47929481
vt 0.52070987 0.47929481
vt 0.48779270 0.47929481
vt 0.45487550 0.47929481
vt 0.42195839 0.47929481
vt 0.31430829 0.25010601
vt 0.31615719 0.25010601
vt 0.31615719 0.25050080
vt 0.31246150 0.25050080
vt 0.31245941 0.25010601
vt 0.31246790 0.25088441
vt 0.31615719 0.25088441
vt 0.31247810 0.25125709
vt 0.31615719 0.25125709
vt 0.31432381 0.25161949
vt 0.31615719 0.25161949
vt 0.31249049 0.25161949
vt 0.27919579 0.00703949
vt 0.27869639 0.00597721
vt 0.27919579 0.00597721
vt 0.27819699 0.00597721
vt 0.27844670 0.00810194
vt 0.27819699 0.00810194
vt 0.27844670 0.00597721
vt 0.27794731 0.00597721
vt 0.27794731 0.00810194
vt 0.27769759 0.00597721
vt 0.27719831 0.00703949
vt 0.27719831 0.00597721
vt 0.27769759 0.00810194
vt 0.27869639 0.00810194
vt 0.27719831 0.00810194
vt 0.27919579 0.00810194
vt 0.28898010 0.12050050
vt 0.28743109 0.11971160
vt 0.29101941 0.11266080
vt 0.29256850 0.11344980
vt 0.28539181 0.12755130
vt 0.28384280 0.12676230
vt 0.43863639 0.76686758
vt 0.44082081 0.79767931
vt 0.43863639 0.79767931
vt 0.43863639 0.82849097
vt 0.44082081 0.82876158
vt 0.00664163 0.12995949
vt 0.00664163 0.12892631
vt 0.03971827 0.12892631
vt 0.00664163 0.13099261
vt 0.07279485 0.12995949
vt 0.07279485 0.13099261
vt 0.07279485 0.13202570
vt 0.00664163 0.13202570
vt 0.03971827 0.13305891
vt 0.00664163 0.13305891
vt 0.07279485 0.13305891
vt 0.07279485 0.12892631
vt 0.31907630 0.02877676
vt 0.31771639 0.01697880
vt 0.31855309 0.01656419
vt 0.31635651 0.00518107
vt 0.31719330 0.00476646
vt 0.31991300 0.02836209
vt 0.32127279 0.04015988
vt 0.32263270 0.05195754
vt 0.32179600 0.05237221
vt 0.32043609 0.04057455
vt 0.00707203 0.46346301
vt 0.00707203 0.46317419
vt 0.00886375 0.46317419
vt 0.01065886 0.46346301
vt 0.00707203 0.46374771
vt 0.01066577 0.46374771
vt 0.00707203 0.46402851
vt 0.00887906 0.46430540
vt 0.00707203 0.46430540
vt 0.01067519 0.46402851
vt 0.01068598 0.46430540
vt 0.01065552 0.46317419
vt 0.20680609 0.02698945
vt 0.20541289 0.06069278
vt 0.20541289 0.02698945
vt 0.20541289 0.12809961
vt 0.20541289 0.09439629
vt 0.20541289 0.16180301
vt 0.20680609 0.29661629
vt 0.20541289 0.19550630
vt 0.20541289 0.22920960
vt 0.20541289 0.26291299
vt 0.20541289 0.29661629
vt 0.20819931 0.05694794
vt 0.20819931 0.08690667
vt 0.20819931 0.11686520
vt 0.20819931 0.14682370
vt 0.20819931 0.20674071
vt 0.20819931 0.17678221
vt 0.20819931 0.23669930
vt 0.20819931 0.26665780
vt 0.20819931 0.29661629
vt 0.20819931 0.02698945
vt 0.06067466 0.03298193
vt 0.07622277 0.03515881
vt 0.06067466 0.03515881
vt 0.06067466 0.03733569
vt 0.07622277 0.03733569
vt 0.06067466 0.03951251
vt 0.06844878 0.03951251
vt 0.06844878 0.03080511
vt 0.06067466 0.03080511
vt 0.07622277 0.03298193
vt 0.07622277 0.03080511
vt 0.07622277 0.03951251
vt 0.78475082 0.77827913
vt 0.75391889 0.71763963
vt 0.76268637 0.71318263
vt 0.81558257 0.83891863
vt 0.81115979 0.80851930
vt 0.85302389 0.90170699
vt 0.84641451 0.89955813
vt 0.85963333 0.90385592
vt 0.34174591 0.00464237
vt 0.34174591 0.05102330
vt 0.33996651 0.02010262
vt 0.33996651 0.05102330
vt 0.33996651 0.03556299
vt 0.33996651 0.00464237
vt 0.34352529 0.01623743
vt 0.34352529 0.00464237
vt 0.34352529 0.02783280
vt 0.34352529 0.03942805
vt 0.34352529 0.05102330
vt 0.35841009 0.24896219
vt 0.34050289 0.25705180
vt 0.34050289 0.24896219
vt 0.34050289 0.26514140
vt 0.35841009 0.29749969
vt 0.34050289 0.28132051
vt 0.34050289 0.27323091
vt 0.34050289 0.28941011
vt 0.37149149 0.29198411
vt 0.37156799 0.29289919
vt 0.37156799 0.29106891
vt 0.37181231 0.29383770
vt 0.34050289 0.29749969
vt 0.37181231 0.29013041
vt 0.37223709 0.29475340
vt 0.37223709 0.28921470
vt 0.37283781 0.29559511
vt 0.37631729 0.27399519
vt 0.37445480 0.28709441
vt 0.37359050 0.28765389
vt 0.37538061 0.28671360
vt 0.37631729 0.26147869
vt 0.37631729 0.28651169
vt 0.37283781 0.28837299
vt 0.37359050 0.29631421
vt 0.37445480 0.29687381
vt 0.37538061 0.29725450
vt 0.37631729 0.29745650
vt 0.37631729 0.29749969
vt 0.37631729 0.24896219
vt 0.43759850 0.51872921
vt 0.40882760 0.50935203
vt 0.41095710 0.50517040
vt 0.40669811 0.51353371
vt 0.46424001 0.53228801
vt 0.45998091 0.54065132
vt 0.43333951 0.52709252
vt 0.49088129 0.54584682
vt 0.48662230 0.55421013
vt 0.51752281 0.55940562
vt 0.51468343 0.56498110
vt 0.51326382 0.56776887
vt 0.51610309 0.56219327
vt 0.02568012 0.00646120
vt 0.02568012 0.00111246
vt 0.02671504 0.00111246
vt 0.02771496 0.01181000
vt 0.02671504 0.01181000
vt 0.02568012 0.01181000
vt 0.02961593 0.00646120
vt 0.02868133 0.00111246
vt 0.02961593 0.00111246
vt 0.02868133 0.01181000
vt 0.02961593 0.01181000
vt 0.08617287 0.49915960
vt 0.07106697 0.49597570
vt 0.07197779 0.49418691
vt 0.07015609 0.49776441
vt 0.07288861 0.49239820
vt 0.09945714 0.50592113
vt 0.08344036 0.50452578
vt 0.09672462 0.51128727
vt 0.09809088 0.50860423
vt 0.35856199 0.18931800
vt 0.35428640 0.19149400
vt 0.35297769 0.18892381
vt 0.35725319 0.18674789
vt 0.36283749 0.18714181
vt 0.36152869 0.18457180
vt 0.18752161 0.03205519
vt 0.17620170 0.03016972
vt 0.18752161 0.03016972
vt 0.16488160 0.03205519
vt 0.16488160 0.03394097
vt 0.18752161 0.03582656
vt 0.18752161 0.03394097
vt 0.16488160 0.03016972
vt 0.16488160 0.03582656
vt 0.18752161 0.03771203
vt 0.16488160 0.03771203
vt 0.16488160 0.03959769
vt 0.18752161 0.04148340
vt 0.16488160 0.04336899
vt 0.16488160 0.04148340
vt 0.17620170 0.04525446
vt 0.18752161 0.04336899
vt 0.18752161 0.04525446
vt 0.18752161 0.03959769
vt 0.16488160 0.04525446
vt 0.40882760 0.50935203
vt 0.43759850 0.51872921
vt 0.40669811 0.51353371
vt 0.41095710 0.50517040
vt 0.46424001 0.53228801
vt 0.45998091 0.54065132
vt 0.43333951 0.52709252
vt 0.49088129 0.54584682
vt 0.48662230 0.55421013
vt 0.51752281 0.55940562
vt 0.51539332 0.56358719
vt 0.51326382 0.56776887
vt 0.27428910 0.00043272
vt 0.27398720 0.00468522
vt 0.27397239 0.00043272
vt 0.27366689 0.00467843
vt 0.27365571 0.00043272
vt 0.27333900 0.00043272
vt 0.27333900 0.00255388
vt 0.27460581 0.00256997
vt 0.27460581 0.00043272
vt 0.27430001 0.00469518
vt 0.27460581 0.00470722
vt 0.27333900 0.00467521
vt 0.75340831 0.72613567
vt 0.71823192 0.74403822
vt 0.71260840 0.73299563
vt 0.74778491 0.71509308
vt 0.67743200 0.75089818
vt 0.68024379 0.75641948
vt 0.68305552 0.76194078
vt 0.78296131 0.69719052
vt 0.82094938 0.68480921
vt 0.82376111 0.69033051
vt 0.81813771 0.67928791
vt 0.78858471 0.70823312
vt 0.49070331 0.32372859
vt 0.43742990 0.35133490
vt 0.42840850 0.29201269
vt 0.40628251 0.33547691
vt 0.48168191 0.26440650
vt 0.45053449 0.24854849
vt 0.51282930 0.28026441
vt 0.46857730 0.36719280
vt 0.91854739 0.62849998
vt 0.91688931 0.62254357
vt 0.91798007 0.62198818
vt 0.91579843 0.62309909
vt 0.92072910 0.62738907
vt 0.92275077 0.63316029
vt 0.92202348 0.63353062
vt 0.92129630 0.63390088
vt 0.92347801 0.63279003
vt 0.20680609 0.02698945
vt 0.20541289 0.05694794
vt 0.20541289 0.02698945
vt 0.20541289 0.11686520
vt 0.20541289 0.08690667
vt 0.20541289 0.14682370
vt 0.20680609 0.29661629
vt 0.20541289 0.20674071
vt 0.20541289 0.17678221
vt 0.20541289 0.26665780
vt 0.20541289 0.23669930
vt 0.20541289 0.29661629
vt 0.20819931 0.06069278
vt 0.20819931 0.02698945
vt 0.20819931 0.09439629
vt 0.20819931 0.12809961
vt 0.20819931 0.16180301
vt 0.20819931 0.19550630
vt 0.20819931 0.22920960
vt 0.20819931 0.26291299
vt 0.20819931 0.29661629
vt 0.07342517 0.44772789
vt 0.07398939 0.44772789
vt 0.07398939 0.44973239
vt 0.07286095 0.44772789
vt 0.07342517 0.45374131
vt 0.07286095 0.45374131
vt 0.07229673 0.45374131
vt 0.07173252 0.44973239
vt 0.07229673 0.44772789
vt 0.07173252 0.44772789
vt 0.07398939 0.45173681
vt 0.07398939 0.45374131
vt 0.07173252 0.45173681
vt 0.07173252 0.45374131
vt 0.02127844 0.22445691
vt 0.02794349 0.22106300
vt 0.04274237 0.25013870
vt 0.01461333 0.22785079
vt 0.03754591 0.28939620
vt 0.00794834 0.23124480
vt 0.07714152 0.34245679
vt 0.07234019 0.30829021
vt 0.08713907 0.33736590
vt 0.06714391 0.34754771
vt 0.05754125 0.27921450
vt 0.02961593 0.02491170
vt 0.02868133 0.02134585
vt 0.02961593 0.02134585
vt 0.02820241 0.02134585
vt 0.02771496 0.03204321
vt 0.02771496 0.02134585
vt 0.02721947 0.02134585
vt 0.02671504 0.03204321
vt 0.02671504 0.02134585
vt 0.02568012 0.02134585
vt 0.02568012 0.02491170
vt 0.02721947 0.03204321
vt 0.02820241 0.03204321
vt 0.02868133 0.03204321
vt 0.02961593 0.02847743
vt 0.02961593 0.03204321
vt 0.02568012 0.02847743
vt 0.02568012 0.03204321
vt 0.27364099 0.39948091
vt 0.26980570 0.40123260
vt 0.26980570 0.39948091
vt 0.27555871 0.40298429
vt 0.26980570 0.40473601
vt 0.26980570 0.40298429
vt 0.27555871 0.40648770
vt 0.26980570 0.40648770
vt 0.27747631 0.39948091
vt 0.28131169 0.40473601
vt 0.26980570 0.40823939
vt 0.26980570 0.40999109
vt 0.27555871 0.40999109
vt 0.26980570 0.41174281
vt 0.28131169 0.40823939
vt 0.27555871 0.41349450
vt 0.26980570 0.41349450
vt 0.27555871 0.41699791
vt 0.26980570 0.41699791
vt 0.26980570 0.41524610
vt 0.26980570 0.41874960
vt 0.26980570 0.42225301
vt 0.27555871 0.42400461
vt 0.26980570 0.42400461
vt 0.26980570 0.42575631
vt 0.26980570 0.42750809
vt 0.27364099 0.42750809
vt 0.26980570 0.42050120
vt 0.27555871 0.42050120
vt 0.28131169 0.40123260
vt 0.28131169 0.39948091
vt 0.28131169 0.40648770
vt 0.28131169 0.40298429
vt 0.28131169 0.40999109
vt 0.28131169 0.41174281
vt 0.28131169 0.41349450
vt 0.28131169 0.41524610
vt 0.28131169 0.41699791
vt 0.28131169 0.41874960
vt 0.28131169 0.42050120
vt 0.28131169 0.42225301
vt 0.28131169 0.42575631
vt 0.27747631 0.42750809
vt 0.28131169 0.42400461
vt 0.28131169 0.42750809
vt 0.05415689 0.66613042
vt 0.03411149 0.66613042
vt 0.03411149 0.62572312
vt 0.03411149 0.70653772
vt 0.05415689 0.70653772
vt 0.03411149 0.74694490
vt 0.05415689 0.74694490
vt 0.07420247 0.66613042
vt 0.07420247 0.70653772
vt 0.07420247 0.74694490
vt 0.07420247 0.58531582
vt 0.09424787 0.54490852
vt 0.09424787 0.58531582
vt 0.09424787 0.70653772
vt 0.09424787 0.74694490
vt 0.11429320 0.54490852
vt 0.11429320 0.58531582
vt 0.09424787 0.62572312
vt 0.11429320 0.62572312
vt 0.13433860 0.54490852
vt 0.13433860 0.58531582
vt 0.13433860 0.62572312
vt 0.13433860 0.66613042
vt 0.01406615 0.52592939
vt 0.01442670 0.52202767
vt 0.01557040 0.51804179
vt 0.02728742 0.57129598
vt 0.01406615 0.55592871
vt 0.02865755 0.57018280
vt 0.01756280 0.51420498
vt 0.03411149 0.54490852
vt 0.02034080 0.51077741
vt 0.02376753 0.50799870
vt 0.01406615 0.58592808
vt 0.02492064 0.57579720
vt 0.02492064 0.57891637
vt 0.02477759 0.57735682
vt 0.02617418 0.57266653
vt 0.02617418 0.58204710
vt 0.02728742 0.58341759
vt 0.02537924 0.57420182
vt 0.02537924 0.58051193
vt 0.02760314 0.50600582
vt 0.03158807 0.50486201
vt 0.03548884 0.50450128
vt 0.03991729 0.56878561
vt 0.03334659 0.56878561
vt 0.05985701 0.50450128
vt 0.03178715 0.56892872
vt 0.07420247 0.54490852
vt 0.08422517 0.50450128
vt 0.04648798 0.56878561
vt 0.05200487 0.57031590
vt 0.05068486 0.56964231
vt 0.04929852 0.56916088
vt 0.03019237 0.56938738
vt 0.05429488 0.57216382
vt 0.05321902 0.57116532
vt 0.05594563 0.57446969
vt 0.01406615 0.61592740
vt 0.01406615 0.64592671
vt 0.01406615 0.67592603
vt 0.02865755 0.58453089
vt 0.03019237 0.58532631
vt 0.01406615 0.70592541
vt 0.01406615 0.73592472
vt 0.01756280 0.77764851
vt 0.01557040 0.77381158
vt 0.01406615 0.76592398
vt 0.01442670 0.76982570
vt 0.02034080 0.78107601
vt 0.02376753 0.78385478
vt 0.02760314 0.78584772
vt 0.03158807 0.78699148
vt 0.03178715 0.58578497
vt 0.03334659 0.58592808
vt 0.03619045 0.58592808
vt 0.03885960 0.58626598
vt 0.04153293 0.58735579
vt 0.04564785 0.59161222
vt 0.04389274 0.58919662
vt 0.05901920 0.61676651
vt 0.03548884 0.78735220
vt 0.05985701 0.78735220
vt 0.07239073 0.64192080
vt 0.08268827 0.62477827
vt 0.06931698 0.59962398
vt 0.10859330 0.50450128
vt 0.13296150 0.50450128
vt 0.09605962 0.64993262
vt 0.08576202 0.66707510
vt 0.09913337 0.69222951
vt 0.12280230 0.70024133
vt 0.10943090 0.67508698
vt 0.12445300 0.70254707
vt 0.12674300 0.70439512
vt 0.13686199 0.50486201
vt 0.14084700 0.50600582
vt 0.14468279 0.50799870
vt 0.14810941 0.51077741
vt 0.15438400 0.52592939
vt 0.15088750 0.51420498
vt 0.15287989 0.51804179
vt 0.15402339 0.52202767
vt 0.15438400 0.55592871
vt 0.15438400 0.58592808
vt 0.15438400 0.64592671
vt 0.15438400 0.61592740
vt 0.15438400 0.67592603
vt 0.12944940 0.70555001
vt 0.13825791 0.70652717
vt 0.11250470 0.71738380
vt 0.11426000 0.71979940
vt 0.13225970 0.70592541
vt 0.11661980 0.72164011
vt 0.11929320 0.72272992
vt 0.13433860 0.74694490
vt 0.08422517 0.78735220
vt 0.10859330 0.78735220
vt 0.12196220 0.72306788
vt 0.12853301 0.72306788
vt 0.13296150 0.78735220
vt 0.13510370 0.72306788
vt 0.13825791 0.72246611
vt 0.13686199 0.78699148
vt 0.13510370 0.70592541
vt 0.14116290 0.70843577
vt 0.14116290 0.72055751
vt 0.14367270 0.71449661
vt 0.14307110 0.71134162
vt 0.15438400 0.70592541
vt 0.15438400 0.73592472
vt 0.14307110 0.71765172
vt 0.14810941 0.78107601
vt 0.14468279 0.78385478
vt 0.14084700 0.78584772
vt 0.15438400 0.76592398
vt 0.15088750 0.77764851
vt 0.15287989 0.77381158
vt 0.15402339 0.76982570
vt 0.33390731 0.25544980
vt 0.33248401 0.25553799
vt 0.33248401 0.25266430
vt 0.33650979 0.25266430
vt 0.33533069 0.25536159
vt 0.33248401 0.33534840
vt 0.33533069 0.33552480
vt 0.33248401 0.33822209
vt 0.33533069 0.26337790
vt 0.33533069 0.27139419
vt 0.33650979 0.29544321
vt 0.33533069 0.27941060
vt 0.33533069 0.29544321
vt 0.33533069 0.28742689
vt 0.33533069 0.30345950
vt 0.33533069 0.31147581
vt 0.33533069 0.31949219
vt 0.33533069 0.32750851
vt 0.33650979 0.33822209
vt 0.26412001 0.49702531
vt 0.26491380 0.49549261
vt 0.26491380 0.50485730
vt 0.26602501 0.49412450
vt 0.26602501 0.50622553
vt 0.26739290 0.49301299
vt 0.26739290 0.50733691
vt 0.26366219 0.49861801
vt 0.26366219 0.50173199
vt 0.26351941 0.50017500
vt 0.26412001 0.50332469
vt 0.26892531 0.49221900
vt 0.26892531 0.50813091
vt 0.27207431 0.49161819
vt 0.27207431 0.50873172
vt 0.27051759 0.49176109
vt 0.27863431 0.49161819
vt 0.27491361 0.50873172
vt 0.28519419 0.49161819
vt 0.28042129 0.51025951
vt 0.29052779 0.49304360
vt 0.28270751 0.51210427
vt 0.28785890 0.49195561
vt 0.29288381 0.49488121
vt 0.27051759 0.50858891
vt 0.29463631 0.49729279
vt 0.27771941 0.50910652
vt 0.28435549 0.51440620
vt 0.32133499 0.54751623
vt 0.29770491 0.53951788
vt 0.30798560 0.52240449
vt 0.33468440 0.57262802
vt 0.32440370 0.58974141
vt 0.31105441 0.56462967
vt 0.34803379 0.59773970
vt 0.33775309 0.61485320
vt 0.36138311 0.62285137
vt 0.35110250 0.63996488
vt 0.36303121 0.62515342
vt 0.36531749 0.62699819
vt 0.36054450 0.64563942
vt 0.36410519 0.62615031
vt 0.35503680 0.64411157
vt 0.36663511 0.62767071
vt 0.37082511 0.62852591
vt 0.36710450 0.64563942
vt 0.36801940 0.62815118
vt 0.37366441 0.62852591
vt 0.37366441 0.64563942
vt 0.37522110 0.62866879
vt 0.37834579 0.62992072
vt 0.37681350 0.64503860
vt 0.37681350 0.62912673
vt 0.37834579 0.64424461
vt 0.37971371 0.63103211
vt 0.37522110 0.64549661
vt 0.37971371 0.64313322
vt 0.38082489 0.63240027
vt 0.35275051 0.64226693
vt 0.35773870 0.64526469
vt 0.38207659 0.63552570
vt 0.38161871 0.64023232
vt 0.38161871 0.63393301
vt 0.38221940 0.63708258
vt 0.38207659 0.63863969
vt 0.38082489 0.64176500
vt 0.57980388 0.30924061
vt 0.56505322 0.28026441
vt 0.59620059 0.26440650
vt 0.64209872 0.27752471
vt 0.59455460 0.33821669
vt 0.64045262 0.35133490
vt 0.60930520 0.36719280
vt 0.65684938 0.30650079
vt 0.67160010 0.33547691
vt 0.62734801 0.24854849
vt 0.29598901 0.06819719
vt 0.28701729 0.06009680
vt 0.28846601 0.05725926
vt 0.28556871 0.06293433
vt 0.29888639 0.06252217
vt 0.30785811 0.07062256
vt 0.30930680 0.06778502
vt 0.30640951 0.07346004
vt 0.95977241 0.78540289
vt 0.93056601 0.80491978
vt 0.93107837 0.78540289
vt 0.96373320 0.78615820
vt 0.96738112 0.78855371
vt 0.96977723 0.79220051
vt 0.97053272 0.79616022
vt 0.87369043 0.78540289
vt 0.90238452 0.78540289
vt 0.85063273 0.80491978
vt 0.84499651 0.78540289
vt 0.92925560 0.80942822
vt 0.92533958 0.80906898
vt 0.81066620 0.80491978
vt 0.89828533 0.80906898
vt 0.87123102 0.80906898
vt 0.93711591 0.81257612
vt 0.97053272 0.82493621
vt 0.94335222 0.81881070
vt 0.94055700 0.81537062
vt 0.94534922 0.82266432
vt 0.94650078 0.82666892
vt 0.94686007 0.83058381
vt 0.97053272 0.85371208
vt 0.84417659 0.80906898
vt 0.93326122 0.81057972
vt 0.81712228 0.80906898
vt 0.78760850 0.78540289
vt 0.77069950 0.80491978
vt 0.75891441 0.78540289
vt 0.73073280 0.80491978
vt 0.70152640 0.78540289
vt 0.73022038 0.78540289
vt 0.69956851 0.78558248
vt 0.69756567 0.78615820
vt 0.69094580 0.79420280
vt 0.81630242 0.78540289
vt 0.69563830 0.78715640
vt 0.69391781 0.78855371
vt 0.69252020 0.79027373
vt 0.69152170 0.79220051
vt 0.69076622 0.79616022
vt 0.79006791 0.80906898
vt 0.76301360 0.80906898
vt 0.73595917 0.80906898
vt 0.73204333 0.80942822
vt 0.72803771 0.81057972
vt 0.72418302 0.81257612
vt 0.69076622 0.82493621
vt 0.72074193 0.81537062
vt 0.71794671 0.81881070
vt 0.71594971 0.82266432
vt 0.71479797 0.82666892
vt 0.69076622 0.85371208
vt 0.71443868 0.83058381
vt 0.71443868 0.85371208
vt 0.94686007 0.87684041
vt 0.94686007 0.85371208
vt 0.97053272 0.88248801
vt 0.94534922 0.88475978
vt 0.94650078 0.88075531
vt 0.94335222 0.88861340
vt 0.94055700 0.89205360
vt 0.97053272 0.91126388
vt 0.93711591 0.89484811
vt 0.93056601 0.90250432
vt 0.92925560 0.89799589
vt 0.93326122 0.89684451
vt 0.89828533 0.89835513
vt 0.92533958 0.89835513
vt 0.96977723 0.91522360
vt 0.95977241 0.92202121
vt 0.96738112 0.91887051
vt 0.96373320 0.92126590
vt 0.93107837 0.92202121
vt 0.85063273 0.90250432
vt 0.84417659 0.89835513
vt 0.87123102 0.89835513
vt 0.87369043 0.92202121
vt 0.90238452 0.92202121
vt 0.81712228 0.89835513
vt 0.84499651 0.92202121
vt 0.81630242 0.92202121
vt 0.81066620 0.90250432
vt 0.72418302 0.89484811
vt 0.69076622 0.91126388
vt 0.72074193 0.89205360
vt 0.69076622 0.88248801
vt 0.79006791 0.89835513
vt 0.73073280 0.90250432
vt 0.72803771 0.89684451
vt 0.73204333 0.89799589
vt 0.71443868 0.87684041
vt 0.71594971 0.88475978
vt 0.71794671 0.88861340
vt 0.71479797 0.88075531
vt 0.76301360 0.89835513
vt 0.73595917 0.89835513
vt 0.78760850 0.92202121
vt 0.77069950 0.90250432
vt 0.75891441 0.92202121
vt 0.73022038 0.92202121
vt 0.69152170 0.91522360
vt 0.70152640 0.92202121
vt 0.69391781 0.91887051
vt 0.69756567 0.92126590
vt 0.31461719 0.32278180
vt 0.31461719 0.32119560
vt 0.31511611 0.32120091
vt 0.31511611 0.32436800
vt 0.31461719 0.32436800
vt 0.31562209 0.32121149
vt 0.31562209 0.32436800
vt 0.31613550 0.32436800
vt 0.31613550 0.32122630
vt 0.31665650 0.32124221
vt 0.31665650 0.32280511
vt 0.31665650 0.32436800
vt 0.00664163 0.10726130
vt 0.07279485 0.10622820
vt 0.07279485 0.10726130
vt 0.07279485 0.10829440
vt 0.00664163 0.10829440
vt 0.00664163 0.10932760
vt 0.03971827 0.10932760
vt 0.03971827 0.10519510
vt 0.00664163 0.10622820
vt 0.00664163 0.10519510
vt 0.07279485 0.10519510
vt 0.07279485 0.10932760
vt 0.26962131 0.02698945
vt 0.26632369 0.06069278
vt 0.26632369 0.02698945
vt 0.26632369 0.12809961
vt 0.26632369 0.09439629
vt 0.26962131 0.29661629
vt 0.26632369 0.19550630
vt 0.26632369 0.16180301
vt 0.26632369 0.26291299
vt 0.26632369 0.22920960
vt 0.27291891 0.02698945
vt 0.27621660 0.16180301
vt 0.27621660 0.02698945
vt 0.26632369 0.29661629
vt 0.27621660 0.29661629
vt 0.27291891 0.29661629
vt 0.02022832 0.05217790
vt 0.02536743 0.05146867
vt 0.02022832 0.05288702
vt 0.02022832 0.05359596
vt 0.03564620 0.05420845
vt 0.02022832 0.05430501
vt 0.03050678 0.05714166
vt 0.02536743 0.05714166
vt 0.02022832 0.05501431
vt 0.02022832 0.05714166
vt 0.02022832 0.05572324
vt 0.03564620 0.05492281
vt 0.02022832 0.05146867
vt 0.03564620 0.05350631
vt 0.03050678 0.05146867
vt 0.03564620 0.05146867
vt 0.03564620 0.05281579
vt 0.03564620 0.05564957
vt 0.03564620 0.05714166
vt 0.18954711 0.10407680
vt 0.18955269 0.10752060
vt 0.17620219 0.10407680
vt 0.18955640 0.11096440
vt 0.18955471 0.12473980
vt 0.17620219 0.12473970
vt 0.18955110 0.12129590
vt 0.18954720 0.11785210
vt 0.17620219 0.11785210
vt 0.18954711 0.13162670
vt 0.16258790 0.10407680
vt 0.16258790 0.11096440
vt 0.16258790 0.12473970
vt 0.16258790 0.13162740
vt 0.16258790 0.11785210
vt 0.17620219 0.13162740
vt 0.18954180 0.13851510
vt 0.17620219 0.13851510
vt 0.18953259 0.14195900
vt 0.17620219 0.15229040
vt 0.18954080 0.15229040
vt 0.18954700 0.15573430
vt 0.18952750 0.14540270
vt 0.17620219 0.14540270
vt 0.18954711 0.15917809
vt 0.16258790 0.13851510
vt 0.16258790 0.14540270
vt 0.16258790 0.15917809
vt 0.16258790 0.15229040
vt 0.04597997 0.04928874
vt 0.04743522 0.05968159
vt 0.04597997 0.05968159
vt 0.04452490 0.04928874
vt 0.04452490 0.05968159
vt 0.04306983 0.04928874
vt 0.04306983 0.05448526
vt 0.04889029 0.05448526
vt 0.04743522 0.04928874
vt 0.04889029 0.04928874
vt 0.04889029 0.05968159
vt 0.04306983 0.05968159
vt 0.27127010 0.02698945
vt 0.26632369 0.06069278
vt 0.26632369 0.02698945
vt 0.26632369 0.09439629
vt 0.26632369 0.16180301
vt 0.26632369 0.12809961
vt 0.26962131 0.29661629
vt 0.26632369 0.22920960
vt 0.26632369 0.19550630
vt 0.26632369 0.26291299
vt 0.27621660 0.16180301
vt 0.27621660 0.02698945
vt 0.26632369 0.29661629
vt 0.27621660 0.29661629
vt 0.27291891 0.29661629
vt 0.54380977 0.89226800
vt 0.61082751 0.94865030
vt 0.51680970 0.94530678
vt 0.59282732 0.98400950
vt 0.60881883 0.85858041
vt 0.57081002 0.83922899
vt 0.62882757 0.91329092
vt 0.64682770 0.87793171
vt 0.16232750 0.11096440
vt 0.13535909 0.11096440
vt 0.16232380 0.10752060
vt 0.16232230 0.12129590
vt 0.13535909 0.11785210
vt 0.16231839 0.11785210
vt 0.16232590 0.12473980
vt 0.13535909 0.12473970
vt 0.16231830 0.10407680
vt 0.13535909 0.10407680
vt 0.13535909 0.13162740
vt 0.16231830 0.13162670
vt 0.13535909 0.14540270
vt 0.16230381 0.14195900
vt 0.16229860 0.14540270
vt 0.13535909 0.13851510
vt 0.16231300 0.13851510
vt 0.16231810 0.15573430
vt 0.13535909 0.15229040
vt 0.16231200 0.15229040
vt 0.16231830 0.15917809
vt 0.14883859 0.15917809
vt 0.13535909 0.15917809
vt 0.07603138 0.60294110
vt 0.04778820 0.54746199
vt 0.06374239 0.57659709
vt 0.07127392 0.59139162
vt 0.06750816 0.58399433
vt 0.05244511 0.55440551
vt 0.04867935 0.54700828
vt 0.05621069 0.56180269
vt 0.05997645 0.56919992
vt 0.07503968 0.59878868
vt 0.10427450 0.65842021
vt 0.09386849 0.63577491
vt 0.09763425 0.64317209
vt 0.10140000 0.65056932
vt 0.10516570 0.65796649
vt 0.09010273 0.62837762
vt 0.08257120 0.61358321
vt 0.07880544 0.60618597
vt 0.08633697 0.62098038
vt 0.00664163 0.16195580
vt 0.00664163 0.16092271
vt 0.03971827 0.16092271
vt 0.00664163 0.16298890
vt 0.07279485 0.16195580
vt 0.07279485 0.16298890
vt 0.00664163 0.16402200
vt 0.07279485 0.16402200
vt 0.03971827 0.16505501
vt 0.00664163 0.16505501
vt 0.07279485 0.16505501
vt 0.07279485 0.16092271
vt 0.90932602 0.62849998
vt 0.90803152 0.62235850
vt 0.90875882 0.62198818
vt 0.90730429 0.62272882
vt 0.90657711 0.62309909
vt 0.91150773 0.62738907
vt 0.91352940 0.63316029
vt 0.91280222 0.63353062
vt 0.91207492 0.63390088
vt 0.91425657 0.63279003
vt 0.25362021 0.59360027
vt 0.23732600 0.55813539
vt 0.23788179 0.55755472
vt 0.26867619 0.62993783
vt 0.26935831 0.62964600
vt 0.28509650 0.66569161
vt 0.30002651 0.70174021
vt 0.30083469 0.70173723
vt 0.31657290 0.73778278
vt 0.33137670 0.77354252
vt 0.33231100 0.77382851
vt 0.00664163 0.16195580
vt 0.00664163 0.16092271
vt 0.02869278 0.16092271
vt 0.00664163 0.16298890
vt 0.07279485 0.16195580
vt 0.07279485 0.16298890
vt 0.05074363 0.16505501
vt 0.02869278 0.16505501
vt 0.00664163 0.16402200
vt 0.00664163 0.16505501
vt 0.07279485 0.16402200
vt 0.05074363 0.16092271
vt 0.07279485 0.16092271
vt 0.07279485 0.16505501
vt 0.25754499 0.01341414
vt 0.25793180 0.01341414
vt 0.25793180 0.01547527
vt 0.25715819 0.01753646
vt 0.25715819 0.01341414
vt 0.25677139 0.01753646
vt 0.25677139 0.01341414
vt 0.25638461 0.01547527
vt 0.25638461 0.01341414
vt 0.25754499 0.01753646
vt 0.25638461 0.01753646
vt 0.25793180 0.01753646
vt 0.02101498 0.39660230
vt 0.02351361 0.39660230
vt 0.02351361 0.39960861
vt 0.01851660 0.40049100
vt 0.01851660 0.39660230
vt 0.01851660 0.40437970
vt 0.02184796 0.40249521
vt 0.02018231 0.40538180
vt 0.01851660 0.40826851
vt 0.06888991 0.00366968
vt 0.06757158 0.00087270
vt 0.06888991 0.00087270
vt 0.06625324 0.00506830
vt 0.06493490 0.00087270
vt 0.06625324 0.00087270
vt 0.06361657 0.00087270
vt 0.06097984 0.00506830
vt 0.06888991 0.00646675
vt 0.06229799 0.00087270
vt 0.05966132 0.00087270
vt 0.06097984 0.00087270
vt 0.05834317 0.00506830
vt 0.06361657 0.00926399
vt 0.05702465 0.00087270
vt 0.05834317 0.00087270
vt 0.05570650 0.00087270
vt 0.05570650 0.00506830
vt 0.05438810 0.00087270
vt 0.05306977 0.00506830
vt 0.05306977 0.00087270
vt 0.05043298 0.00087270
vt 0.05043298 0.00506830
vt 0.04911482 0.00087270
vt 0.05175149 0.00087270
vt 0.04779630 0.00087270
vt 0.04779630 0.00366968
vt 0.05966132 0.00926399
vt 0.06757158 0.00926399
vt 0.06888991 0.00926399
vt 0.06625324 0.00926399
vt 0.06493490 0.00926399
vt 0.06229799 0.00926399
vt 0.06097984 0.00926399
vt 0.05834317 0.00926399
vt 0.05702465 0.00926399
vt 0.05438810 0.00926399
vt 0.05570650 0.00926399
vt 0.05175149 0.00926399
vt 0.04911482 0.00926399
vt 0.04779630 0.00646675
vt 0.05306977 0.00926399
vt 0.05043298 0.00926399
vt 0.04779630 0.00926399
vt 0.32782221 0.00239950
vt 0.32782221 0.00191963
vt 0.33037969 0.00191963
vt 0.33293709 0.00287950
vt 0.32782221 0.00287950
vt 0.32782221 0.00335938
vt 0.33293709 0.00335938
vt 0.33037969 0.00383925
vt 0.32782221 0.00383925
vt 0.33293709 0.00239950
vt 0.33293709 0.00383925
vt 0.33293709 0.00191963
vt 0.33397231 0.00431925
vt 0.33397231 0.00383925
vt 0.33567730 0.00383925
vt 0.33908731 0.00479919
vt 0.33397231 0.00479919
vt 0.33908731 0.00527906
vt 0.33567730 0.00575894
vt 0.33397231 0.00527906
vt 0.33397231 0.00575894
vt 0.33738229 0.00383925
vt 0.33908731 0.00431925
vt 0.33908731 0.00383925
vt 0.33738229 0.00575894
vt 0.33908731 0.00575894
vt 0.13688050 0.46485621
vt 0.07355761 0.46485621
vt 0.11577290 0.46213359
vt 0.07355761 0.46213359
vt 0.09466528 0.46213359
vt 0.13688050 0.46213359
vt 0.11577290 0.46757880
vt 0.13688050 0.46757880
vt 0.09466528 0.46757880
vt 0.07355761 0.46757880
vt 0.13509861 0.11096440
vt 0.10813030 0.11096440
vt 0.13509500 0.10752060
vt 0.13509350 0.12129590
vt 0.10813030 0.11785210
vt 0.13508961 0.11785210
vt 0.13509710 0.12473980
vt 0.10813030 0.12473970
vt 0.13508950 0.10407680
vt 0.10813030 0.10407680
vt 0.10813030 0.13162740
vt 0.13508950 0.13162670
vt 0.10813030 0.14540270
vt 0.13507500 0.14195900
vt 0.13506980 0.14540270
vt 0.10813030 0.13851510
vt 0.13508420 0.13851510
vt 0.13508929 0.15573430
vt 0.10813030 0.15229040
vt 0.13508309 0.15229040
vt 0.13508950 0.15917809
vt 0.12160990 0.15917809
vt 0.10813030 0.15917809
vt 0.64612693 0.51333612
vt 0.64445370 0.54114962
vt 0.64463079 0.51260579
vt 0.64762312 0.51406640
vt 0.64128423 0.56823277
vt 0.64146137 0.53968900
vt 0.63811481 0.59531599
vt 0.63829201 0.56677222
vt 0.63494527 0.62239921
vt 0.63512248 0.59385538
vt 0.63195312 0.62093848
vt 0.63027978 0.64875209
vt 0.62878370 0.64802182
vt 0.63177592 0.64948243
vt 0.91729897 0.58653802
vt 0.91639483 0.58448112
vt 0.91905868 0.58369321
vt 0.91820312 0.58859491
vt 0.92086691 0.58780700
vt 0.92172259 0.58290517
vt 0.92262667 0.58496219
vt 0.92353082 0.58701909
vt 0.96566057 0.78715640
vt 0.95977241 0.78540289
vt 0.96373320 0.78615820
vt 0.96738112 0.78855371
vt 0.96977723 0.79220051
vt 0.97035313 0.79420280
vt 0.96877873 0.79027373
vt 0.97053272 0.79616022
vt 0.93056601 0.80491978
vt 0.93107837 0.78540289
vt 0.90238452 0.78540289
vt 0.85063273 0.80491978
vt 0.87369043 0.78540289
vt 0.84499651 0.78540289
vt 0.89828533 0.80906898
vt 0.87123102 0.80906898
vt 0.96173042 0.78558248
vt 0.93711591 0.81257612
vt 0.97053272 0.82493621
vt 0.94335222 0.81881070
vt 0.94055700 0.81537062
vt 0.94534922 0.82266432
vt 0.94686007 0.83058381
vt 0.97053272 0.85371208
vt 0.94650078 0.82666892
vt 0.84417659 0.80906898
vt 0.92533958 0.80906898
vt 0.93326122 0.81057972
vt 0.92925560 0.80942822
vt 0.81066620 0.80491978
vt 0.78760850 0.78540289
vt 0.81630242 0.78540289
vt 0.77069950 0.80491978
vt 0.75891441 0.78540289
vt 0.73073280 0.80491978
vt 0.73022038 0.78540289
vt 0.79006791 0.80906898
vt 0.70152640 0.78540289
vt 0.69094580 0.79420280
vt 0.69756567 0.78615820
vt 0.69956851 0.78558248
vt 0.69563830 0.78715640
vt 0.69391781 0.78855371
vt 0.69252020 0.79027373
vt 0.69152170 0.79220051
vt 0.69076622 0.79616022
vt 0.76301360 0.80906898
vt 0.81712228 0.80906898
vt 0.73595917 0.80906898
vt 0.73204333 0.80942822
vt 0.72803771 0.81057972
vt 0.72418302 0.81257612
vt 0.72074193 0.81537062
vt 0.69076622 0.82493621
vt 0.71794671 0.81881070
vt 0.71594971 0.82266432
vt 0.71479797 0.82666892
vt 0.71443868 0.83058381
vt 0.69076622 0.85371208
vt 0.71443868 0.85371208
vt 0.94686007 0.85371208
vt 0.94686007 0.87684041
vt 0.97053272 0.88248801
vt 0.94650078 0.88075531
vt 0.94534922 0.88475978
vt 0.94335222 0.88861340
vt 0.94055700 0.89205360
vt 0.93711591 0.89484811
vt 0.97053272 0.91126388
vt 0.93056601 0.90250432
vt 0.93326122 0.89684451
vt 0.92925560 0.89799589
vt 0.89828533 0.89835513
vt 0.85063273 0.90250432
vt 0.87123102 0.89835513
vt 0.84417659 0.89835513
vt 0.92533958 0.89835513
vt 0.97035313 0.91322130
vt 0.96977723 0.91522360
vt 0.95977241 0.92202121
vt 0.96738112 0.91887051
vt 0.96877873 0.91715038
vt 0.96566057 0.92026770
vt 0.96373320 0.92126590
vt 0.87369043 0.92202121
vt 0.90238452 0.92202121
vt 0.93107837 0.92202121
vt 0.96173042 0.92184162
vt 0.84499651 0.92202121
vt 0.81712228 0.89835513
vt 0.81630242 0.92202121
vt 0.73073280 0.90250432
vt 0.72803771 0.89684451
vt 0.73204333 0.89799589
vt 0.77069950 0.90250432
vt 0.76301360 0.89835513
vt 0.79006791 0.89835513
vt 0.81066620 0.90250432
vt 0.73595917 0.89835513
vt 0.78760850 0.92202121
vt 0.71443868 0.87684041
vt 0.69076622 0.88248801
vt 0.71479797 0.88075531
vt 0.71594971 0.88475978
vt 0.69076622 0.91126388
vt 0.72074193 0.89205360
vt 0.71794671 0.88861340
vt 0.72418302 0.89484811
vt 0.75891441 0.92202121
vt 0.73022038 0.92202121
vt 0.70152640 0.92202121
vt 0.69094580 0.91322130
vt 0.69252020 0.91715038
vt 0.69152170 0.91522360
vt 0.69756567 0.92126590
vt 0.69563830 0.92026770
vt 0.69391781 0.91887051
vt 0.69956851 0.92184162
vt 0.93645322 0.61750603
vt 0.93584460 0.61907721
vt 0.93584460 0.61750603
vt 0.93768132 0.61750603
vt 0.93708742 0.61907721
vt 0.93706542 0.61750603
vt 0.93646592 0.61907721
vt 0.93892407 0.61750603
vt 0.93833029 0.61907721
vt 0.93830091 0.61750603
vt 0.94018167 0.61750603
vt 0.93957323 0.61907721
vt 0.93955100 0.61750603
vt 0.93895179 0.61907721
vt 0.93770891 0.61907721
vt 0.94019473 0.61907721
vt 0.94081622 0.61750603
vt 0.94081622 0.61907721
vt 0.94143760 0.61907721
vt 0.94208127 0.61750603
vt 0.94268048 0.61907721
vt 0.94205910 0.61907721
vt 0.94145060 0.61750603
vt 0.94333142 0.61750603
vt 0.94392347 0.61907721
vt 0.94330198 0.61907721
vt 0.94456691 0.61750603
vt 0.94516641 0.61907721
vt 0.94454491 0.61907721
vt 0.94395101 0.61750603
vt 0.94270819 0.61750603
vt 0.94578791 0.61907721
vt 0.94517910 0.61750603
vt 0.94578791 0.61750603
vt 0.55362707 0.12734219
vt 0.68529570 0.12734219
vt 0.68529570 0.17219920
vt 0.55362707 0.21705620
vt 0.42195839 0.15724680
vt 0.42195839 0.12734219
vt 0.42195839 0.18715160
vt 0.65237862 0.21705620
vt 0.68529570 0.21705620
vt 0.61946142 0.21705620
vt 0.58654422 0.21705620
vt 0.52070987 0.21705620
vt 0.48779270 0.21705620
vt 0.45487550 0.21705620
vt 0.42195839 0.21705620
vt 0.14897279 0.01697045
vt 0.15274620 0.01508486
vt 0.16029289 0.01697045
vt 0.16029289 0.01508486
vt 0.14519949 0.01508486
vt 0.16029289 0.01885592
vt 0.14897279 0.02074170
vt 0.14897279 0.02262729
vt 0.16029289 0.02074170
vt 0.16029289 0.02262729
vt 0.13765280 0.01885592
vt 0.13765280 0.01697045
vt 0.13765280 0.01508486
vt 0.13765280 0.02074170
vt 0.13765280 0.02262729
vt 0.13765280 0.02451276
vt 0.14897279 0.02451276
vt 0.16029289 0.02639842
vt 0.14897279 0.02639842
vt 0.14897279 0.02828413
vt 0.16029289 0.02828413
vt 0.16029289 0.03016972
vt 0.15274620 0.03016972
vt 0.13765280 0.02639842
vt 0.13765280 0.02828413
vt 0.14519949 0.03016972
vt 0.13765280 0.03016972
vt 0.02961593 0.02491170
vt 0.02868133 0.02134585
vt 0.02961593 0.02134585
vt 0.02820241 0.02134585
vt 0.02771496 0.03204321
vt 0.02771496 0.02134585
vt 0.02721947 0.02134585
vt 0.02671504 0.03204321
vt 0.02671504 0.02134585
vt 0.02568012 0.02134585
vt 0.02568012 0.02491170
vt 0.02721947 0.03204321
vt 0.02820241 0.03204321
vt 0.02868133 0.03204321
vt 0.02961593 0.02847743
vt 0.02961593 0.03204321
vt 0.02568012 0.02847743
vt 0.02568012 0.03204321
vt 0.65237862 0.12734219
vt 0.68529570 0.17219920
vt 0.61946142 0.12734219
vt 0.58654422 0.12734219
vt 0.55362707 0.12734219
vt 0.42195839 0.18715160
vt 0.42195839 0.15724680
vt 0.48779270 0.12734219
vt 0.52070987 0.12734219
vt 0.42195839 0.12734219
vt 0.45487550 0.12734219
vt 0.68529570 0.12734219
vt 0.64767611 0.21705620
vt 0.68529570 0.21705620
vt 0.61005652 0.21705620
vt 0.57243693 0.21705620
vt 0.53481728 0.21705620
vt 0.49719760 0.21705620
vt 0.45957801 0.21705620
vt 0.42195839 0.21705620
vt 0.27127010 0.02698945
vt 0.26632369 0.06069278
vt 0.26632369 0.02698945
vt 0.26632369 0.09439629
vt 0.26632369 0.16180301
vt 0.26632369 0.12809961
vt 0.27127010 0.29661629
vt 0.26632369 0.22920960
vt 0.26632369 0.19550630
vt 0.27621660 0.16180301
vt 0.27621660 0.02698945
vt 0.26632369 0.29661629
vt 0.26632369 0.26291299
vt 0.27621660 0.29661629
vt 0.19501540 0.02698945
vt 0.19408660 0.06069278
vt 0.19408660 0.02698945
vt 0.19408660 0.12809961
vt 0.19408660 0.09439629
vt 0.19408660 0.16180301
vt 0.19547980 0.29661629
vt 0.19408660 0.19550630
vt 0.19408660 0.22920960
vt 0.19408660 0.29661629
vt 0.19408660 0.26291299
vt 0.19687299 0.14682370
vt 0.19594429 0.02698945
vt 0.19687299 0.05694794
vt 0.19687299 0.02698945
vt 0.19687299 0.08690667
vt 0.19687299 0.11686520
vt 0.19687299 0.17678221
vt 0.19687299 0.20674071
vt 0.19687299 0.23669930
vt 0.19687299 0.26665780
vt 0.19687299 0.29661629
vt 0.06585747 0.03080511
vt 0.06067466 0.03189355
vt 0.06067466 0.03080511
vt 0.06844878 0.03298193
vt 0.06067466 0.03298193
vt 0.06067466 0.03407037
vt 0.07104009 0.03080511
vt 0.06067466 0.03515881
vt 0.06844878 0.03733569
vt 0.06067466 0.03624725
vt 0.06067466 0.03733569
vt 0.06067466 0.03842407
vt 0.06067466 0.03951251
vt 0.06585747 0.03951251
vt 0.07622277 0.03189355
vt 0.07622277 0.03080511
vt 0.07622277 0.03298193
vt 0.07622277 0.03407037
vt 0.07622277 0.03515881
vt 0.07622277 0.03842407
vt 0.07104009 0.03951251
vt 0.07622277 0.03624725
vt 0.07622277 0.03733569
vt 0.07622277 0.03951251
vt 0.04274237 0.25013870
vt 0.03754591 0.28939620
vt 0.01794588 0.22615390
vt 0.02794349 0.22106300
vt 0.00794834 0.23124480
vt 0.05754125 0.27921450
vt 0.07234019 0.30829021
vt 0.08047401 0.34075981
vt 0.07380896 0.34415379
vt 0.08713907 0.33736590
vt 0.06714391 0.34754771
vt 0.29446509 0.03798705
vt 0.29290891 0.04614931
vt 0.29327890 0.04211419
vt 0.29652181 0.03401505
vt 0.29940060 0.03046965
vt 0.30620739 0.04614931
vt 0.30294460 0.02758944
vt 0.30604911 0.05818665
vt 0.29290891 0.09493297
vt 0.29290891 0.07054114
vt 0.29290891 0.11932480
vt 0.30604911 0.12661061
vt 0.30620739 0.07054114
vt 0.30620739 0.09493297
vt 0.29290891 0.14371660
vt 0.30682990 0.04288429
vt 0.31104001 0.02434504
vt 0.30880409 0.03987741
vt 0.30691451 0.02553164
vt 0.31507301 0.02397489
vt 0.31180960 0.03790211
vt 0.31507301 0.03727936
vt 0.33889949 0.03727936
vt 0.33889949 0.02397489
vt 0.36272591 0.02397489
vt 0.30620739 0.11932480
vt 0.30604911 0.16082260
vt 0.29290891 0.16810840
vt 0.30604911 0.19503450
vt 0.29290891 0.19250020
vt 0.29290891 0.21689209
vt 0.30620739 0.16810840
vt 0.30620739 0.19250020
vt 0.30604911 0.22924639
vt 0.29290891 0.24128389
vt 0.29327890 0.24531880
vt 0.29446509 0.24944620
vt 0.29652181 0.25341800
vt 0.29940060 0.25696361
vt 0.30620739 0.24128389
vt 0.30294460 0.25984380
vt 0.30620739 0.21689209
vt 0.30691451 0.26190141
vt 0.30682990 0.24454869
vt 0.30880409 0.24755570
vt 0.31104001 0.26308811
vt 0.31507301 0.26345831
vt 0.31180960 0.24953090
vt 0.31507301 0.25015369
vt 0.33889949 0.25015369
vt 0.30620739 0.14371660
vt 0.36272591 0.03727936
vt 0.36598930 0.03790211
vt 0.36675900 0.02434504
vt 0.36899489 0.03987741
vt 0.37088439 0.02553164
vt 0.37096909 0.04288429
vt 0.37485430 0.02758944
vt 0.37159160 0.04614931
vt 0.37174991 0.05818665
vt 0.37159160 0.07054114
vt 0.37174991 0.12661061
vt 0.37159160 0.09493297
vt 0.37159160 0.14371660
vt 0.37159160 0.11932480
vt 0.37159160 0.16810840
vt 0.37174991 0.16082260
vt 0.38127720 0.03401505
vt 0.37839830 0.03046965
vt 0.38488999 0.04614931
vt 0.38333389 0.03798705
vt 0.38451999 0.04211419
vt 0.38488999 0.09493297
vt 0.38488999 0.07054114
vt 0.38488999 0.11932480
vt 0.38488999 0.14371660
vt 0.37088439 0.26190141
vt 0.36899489 0.24755570
vt 0.37096909 0.24454869
vt 0.36675900 0.26308811
vt 0.36598930 0.24953090
vt 0.37174991 0.19503450
vt 0.37159160 0.19250020
vt 0.37159160 0.21689209
vt 0.37485430 0.25984380
vt 0.36272591 0.26345831
vt 0.33889949 0.26345831
vt 0.36272591 0.25015369
vt 0.37159160 0.24128389
vt 0.37174991 0.22924639
vt 0.38488999 0.21689209
vt 0.38488999 0.16810840
vt 0.38488999 0.19250020
vt 0.38488999 0.24128389
vt 0.37839830 0.25696361
vt 0.38127720 0.25341800
vt 0.38333389 0.24944620
vt 0.38451999 0.24531880
vt 0.03564620 0.05863338
vt 0.03050678 0.05714166
vt 0.03564620 0.05714166
vt 0.02022832 0.05926895
vt 0.03564620 0.05936020
vt 0.02022832 0.05855983
vt 0.02022832 0.05714166
vt 0.02536743 0.05714166
vt 0.02022832 0.05997788
vt 0.03564620 0.06007444
vt 0.02022832 0.06068718
vt 0.03050678 0.06281447
vt 0.03564620 0.06146728
vt 0.03564620 0.06281447
vt 0.03564620 0.06077677
vt 0.02536743 0.06281447
vt 0.02022832 0.06139630
vt 0.02022832 0.06281447
vt 0.02022832 0.06210517
vt 0.00692749 0.02511793
vt 0.00560665 0.02564787
vt 0.00613934 0.02478814
vt 0.00771564 0.02544748
vt 0.00678891 0.02614253
vt 0.00850374 0.02577728
vt 0.00797111 0.02663737
vt 0.21347810 0.59353173
vt 0.20606799 0.58727890
vt 0.20530009 0.55894691
vt 0.19850810 0.58089960
vt 0.22945049 0.54190677
vt 0.21209210 0.53699422
vt 0.22567610 0.49308890
vt 0.24542300 0.49028179
vt 0.21888410 0.51504147
vt 0.89867163 0.66205812
vt 0.90166777 0.66057670
vt 0.90254849 0.66281670
vt 0.89567530 0.66353953
vt 0.90342921 0.66505671
vt 0.89699632 0.66689950
vt 0.90430993 0.66729671
vt 0.89831728 0.67025942
vt 0.90131360 0.66877812
vt 0.02683866 0.07980966
vt 0.02572023 0.07743698
vt 0.02683866 0.07743698
vt 0.02460211 0.08099597
vt 0.02348381 0.07743698
vt 0.02460211 0.07743698
vt 0.02236557 0.07743698
vt 0.02012902 0.08099597
vt 0.02683866 0.08218228
vt 0.01901072 0.07743698
vt 0.02012902 0.07743698
vt 0.02124708 0.07743698
vt 0.01789242 0.08099597
vt 0.02236557 0.08455491
vt 0.02124708 0.08455491
vt 0.01677399 0.07743698
vt 0.01789242 0.07743698
vt 0.01565587 0.07743698
vt 0.01565587 0.08099597
vt 0.01453757 0.07743698
vt 0.01341933 0.08099597
vt 0.01341933 0.07743698
vt 0.01118278 0.07743698
vt 0.01118278 0.08099597
vt 0.01006448 0.07743698
vt 0.01230084 0.07743698
vt 0.00894618 0.07743698
vt 0.00894618 0.07980966
vt 0.01901072 0.08455491
vt 0.01789242 0.08455491
vt 0.02572023 0.08455491
vt 0.02683866 0.08455491
vt 0.02460211 0.08455491
vt 0.02348381 0.08455491
vt 0.02012902 0.08455491
vt 0.01677399 0.08455491
vt 0.01565587 0.08455491
vt 0.01453757 0.08455491
vt 0.01341933 0.08455491
vt 0.01230084 0.08455491
vt 0.01118278 0.08455491
vt 0.01006448 0.08455491
vt 0.00894618 0.08218228
vt 0.00894618 0.08455491
vt 0.10925560 0.25158671
vt 0.10784410 0.23959430
vt 0.10925560 0.21560940
vt 0.10784410 0.21560940
vt 0.10784410 0.26357910
vt 0.11066710 0.21560940
vt 0.11207860 0.21560940
vt 0.11207860 0.25158671
vt 0.11349010 0.25158671
vt 0.10784410 0.28756389
vt 0.10925560 0.28756389
vt 0.11207860 0.28756389
vt 0.11066710 0.28756389
vt 0.11490150 0.21560940
vt 0.11490150 0.25158671
vt 0.11631300 0.25158671
vt 0.11631300 0.21560940
vt 0.11490150 0.28756389
vt 0.11349010 0.28756389
vt 0.11772450 0.25158671
vt 0.11772450 0.21560940
vt 0.11913600 0.21560940
vt 0.11913600 0.23959430
vt 0.11772450 0.28756389
vt 0.11913600 0.26357910
vt 0.11913600 0.28756389
vt 0.05471038 0.07710820
vt 0.05398303 0.07364398
vt 0.05471038 0.07364398
vt 0.05325531 0.07884031
vt 0.05325531 0.07364398
vt 0.05252796 0.07364398
vt 0.05471038 0.08057242
vt 0.05180037 0.07364398
vt 0.05034536 0.07884031
vt 0.05107271 0.07364398
vt 0.05034536 0.07364398
vt 0.04961764 0.07364398
vt 0.04889029 0.07364398
vt 0.04889029 0.07710820
vt 0.05398303 0.08403664
vt 0.05471038 0.08403664
vt 0.05325531 0.08403664
vt 0.05252796 0.08403664
vt 0.05180037 0.08403664
vt 0.05107271 0.08403664
vt 0.04961764 0.08403664
vt 0.04889029 0.08057242
vt 0.05034536 0.08403664
vt 0.04889029 0.08403664
vt 0.11577290 0.45490310
vt 0.13688050 0.45490310
vt 0.13688050 0.45671821
vt 0.09466528 0.45490310
vt 0.07355761 0.45490310
vt 0.07355761 0.45671821
vt 0.13688050 0.45853320
vt 0.11577290 0.46034831
vt 0.13688050 0.46034831
vt 0.07355761 0.45853320
vt 0.07355761 0.46034831
vt 0.09466528 0.46034831
vt 0.04274237 0.25013870
vt 0.03754591 0.28939620
vt 0.01794588 0.22615390
vt 0.02794349 0.22106300
vt 0.00794834 0.23124480
vt 0.05754125 0.27921450
vt 0.07234019 0.30829021
vt 0.08713907 0.33736590
vt 0.07714152 0.34245679
vt 0.06714391 0.34754771
vt 0.93779492 0.60031140
vt 0.93623787 0.59772331
vt 0.94072318 0.59513509
vt 0.93175250 0.60031140
vt 0.94383740 0.60031140
vt 0.94987983 0.59642923
vt 0.94520861 0.59254688
vt 0.94987983 0.59254688
vt 0.94987983 0.60031140
vt 0.05325531 0.04928874
vt 0.05180037 0.05968159
vt 0.05180037 0.04928874
vt 0.05034536 0.04928874
vt 0.05034536 0.05968159
vt 0.04889029 0.04928874
vt 0.04889029 0.05448526
vt 0.05471038 0.05448526
vt 0.05471038 0.04928874
vt 0.05325531 0.05968159
vt 0.05471038 0.05968159
vt 0.04889029 0.05968159
vt 0.73635560 0.07166868
vt 0.75844508 0.07838380
vt 0.73573959 0.07838380
vt 0.73833013 0.06479966
vt 0.74654633 0.05228883
vt 0.74175388 0.05818963
vt 0.75944149 0.07315915
vt 0.75844508 0.12096520
vt 0.73573959 0.16354661
vt 0.73573959 0.12096520
vt 0.75844508 0.16354661
vt 0.73573959 0.20612800
vt 0.75844508 0.20612800
vt 0.73573959 0.24870940
vt 0.75244588 0.04749542
vt 0.75905472 0.04407083
vt 0.76592231 0.04209583
vt 0.76741242 0.06518656
vt 0.77263612 0.04147994
vt 0.77263612 0.06419003
vt 0.81059682 0.06419003
vt 0.81059682 0.04147994
vt 0.84855759 0.04147994
vt 0.75844508 0.24870940
vt 0.76260161 0.06834727
vt 0.73573959 0.29129079
vt 0.75844508 0.29129079
vt 0.73573959 0.33387220
vt 0.75844508 0.33387220
vt 0.73573959 0.37645361
vt 0.73573959 0.41903499
vt 0.75844508 0.37645361
vt 0.75844508 0.41903499
vt 0.74175388 0.43922910
vt 0.73833013 0.43261909
vt 0.73635560 0.42575011
vt 0.75944149 0.42425969
vt 0.75244588 0.44992331
vt 0.74654633 0.44512999
vt 0.75868201 0.42161781
vt 0.76075828 0.42680201
vt 0.76260161 0.42907161
vt 0.76592231 0.45532280
vt 0.76487070 0.43091509
vt 0.76741242 0.43223220
vt 0.75905472 0.45334780
vt 0.77005380 0.43299180
vt 0.77263612 0.45593891
vt 0.77263612 0.43322879
vt 0.81059682 0.43322879
vt 0.81059682 0.45593891
vt 0.84855759 0.43322879
vt 0.88651842 0.04147994
vt 0.84855759 0.06419003
vt 0.92447913 0.04147994
vt 0.88651842 0.06419003
vt 0.93119287 0.04209583
vt 0.92970282 0.06518656
vt 0.92447913 0.06419003
vt 0.93806052 0.04407083
vt 0.93451363 0.06834727
vt 0.94466919 0.04749542
vt 0.93767369 0.07315915
vt 0.95056891 0.05228883
vt 0.93866998 0.07838380
vt 0.95536131 0.05818963
vt 0.95878500 0.06479966
vt 0.96075958 0.07166868
vt 0.96137547 0.07838380
vt 0.96137547 0.12096520
vt 0.96137547 0.16354661
vt 0.93866998 0.20612800
vt 0.93866998 0.16354661
vt 0.93866998 0.12096520
vt 0.96137547 0.24870940
vt 0.93866998 0.24870940
vt 0.96137547 0.20612800
vt 0.93119287 0.45532280
vt 0.92447913 0.43322879
vt 0.92970282 0.43223220
vt 0.93767369 0.42425969
vt 0.94466919 0.44992331
vt 0.93451363 0.42907161
vt 0.93806052 0.45334780
vt 0.84855759 0.45593891
vt 0.88651842 0.43322879
vt 0.88651842 0.45593891
vt 0.92447913 0.45593891
vt 0.96137547 0.33387220
vt 0.93866998 0.37645361
vt 0.93866998 0.33387220
vt 0.96137547 0.29129079
vt 0.93866998 0.29129079
vt 0.96137547 0.37645361
vt 0.93866998 0.41903499
vt 0.95056891 0.44512999
vt 0.95536131 0.43922910
vt 0.96075958 0.42575011
vt 0.95878500 0.43261909
vt 0.96137547 0.41903499
vt 0.01251214 0.40049100
vt 0.01417779 0.39948890
vt 0.01584357 0.40237549
vt 0.01251214 0.39660230
vt 0.01251214 0.40437970
vt 0.01501083 0.40826851
vt 0.01750928 0.40526220
vt 0.01750928 0.40826851
vt 0.01251214 0.40826851
vt 0.09451520 0.01508486
vt 0.10583530 0.01508486
vt 0.10583530 0.01697045
vt 0.10583530 0.01885592
vt 0.08319514 0.02074170
vt 0.08319514 0.01885592
vt 0.10583530 0.02262729
vt 0.10583530 0.02074170
vt 0.08319514 0.01697045
vt 0.08319514 0.01508486
vt 0.10583530 0.02639842
vt 0.08319514 0.02451276
vt 0.10583530 0.02451270
vt 0.09451520 0.03016972
vt 0.10583530 0.02828413
vt 0.10583530 0.03016972
vt 0.08319514 0.02828413
vt 0.08319514 0.02639842
vt 0.08319514 0.03016972
vt 0.44109479 0.62224442
vt 0.41115770 0.61803740
vt 0.41561839 0.60927749
vt 0.45764971 0.65273112
vt 0.40669709 0.62679738
vt 0.46657109 0.63521123
vt 0.49204740 0.64817822
vt 0.51157618 0.67282498
vt 0.51752383 0.66114497
vt 0.51454997 0.66698498
vt 0.50860238 0.67866492
vt 0.72185701 0.62849307
vt 0.68331051 0.62545639
vt 0.68399107 0.62406188
vt 0.68262970 0.62685090
vt 0.71981478 0.63267672
vt 0.68194902 0.62824547
vt 0.75768059 0.63710803
vt 0.75972271 0.63292438
vt 0.79758853 0.63735580
vt 0.79554641 0.64153928
vt 0.83545440 0.64178699
vt 0.83341217 0.64597058
vt 0.87229908 0.64831012
vt 0.87127799 0.65040189
vt 0.87332022 0.64621830
vt 0.15588790 0.34951210
vt 0.15447640 0.38548940
vt 0.15447640 0.34951210
vt 0.15588790 0.42146659
vt 0.15729930 0.34951210
vt 0.15871079 0.42146659
vt 0.15729930 0.42146659
vt 0.15447640 0.42146659
vt 0.16012231 0.42146659
vt 0.15871079 0.34951210
vt 0.16012231 0.34951210
vt 0.16153370 0.34951210
vt 0.16294520 0.34951210
vt 0.16435669 0.42146659
vt 0.16294520 0.42146659
vt 0.16576821 0.38548940
vt 0.16435669 0.34951210
vt 0.16576821 0.34951210
vt 0.16153370 0.42146659
vt 0.16576821 0.42146659
vt 0.13508950 0.10407680
vt 0.13509500 0.10752060
vt 0.12174470 0.10407680
vt 0.13509861 0.11096440
vt 0.13509710 0.12473980
vt 0.12174470 0.12473970
vt 0.13509350 0.12129590
vt 0.13508961 0.11785210
vt 0.12174470 0.11785210
vt 0.13508950 0.13162670
vt 0.10813030 0.10407680
vt 0.10813030 0.11096440
vt 0.10813030 0.12473970
vt 0.10813030 0.13162740
vt 0.10813030 0.11785210
vt 0.12174470 0.13162740
vt 0.13508420 0.13851510
vt 0.12174470 0.13851510
vt 0.13507500 0.14195900
vt 0.12174470 0.15229040
vt 0.13508309 0.15229040
vt 0.13508929 0.15573430
vt 0.13506980 0.14540270
vt 0.12174470 0.14540270
vt 0.13508950 0.15917809
vt 0.10813030 0.13851510
vt 0.10813030 0.14540270
vt 0.10813030 0.15917809
vt 0.10813030 0.15229040
vt 0.01431936 0.55865443
vt 0.01431936 0.74140292
vt 0.01305693 0.56236470
vt 0.01242303 0.56377703
vt 0.01178777 0.74140292
vt 0.01178777 0.56478602
vt 0.01051199 0.60612762
vt 0.01051199 0.59801263
vt 0.01305693 0.74140292
vt 0.01051199 0.57366753
vt 0.01051199 0.56555247
vt 0.01051199 0.58989757
vt 0.01051199 0.58178252
vt 0.01557523 0.61683571
vt 0.01557523 0.55455220
vt 0.01557523 0.67911929
vt 0.01557523 0.74140292
vt 0.01051199 0.61424267
vt 0.01051199 0.74140292
vt 0.01051199 0.67782283
vt 0.05415689 0.66613042
vt 0.03411149 0.66613042
vt 0.03411149 0.62572312
vt 0.03411149 0.70653772
vt 0.05415689 0.70653772
vt 0.03411149 0.74694490
vt 0.05415689 0.74694490
vt 0.07420247 0.66613042
vt 0.07420247 0.70653772
vt 0.07420247 0.74694490
vt 0.07420247 0.58531582
vt 0.09424787 0.54490852
vt 0.09424787 0.58531582
vt 0.09424787 0.70653772
vt 0.09424787 0.74694490
vt 0.11429320 0.54490852
vt 0.11429320 0.58531582
vt 0.09424787 0.62572312
vt 0.11429320 0.62572312
vt 0.13433860 0.54490852
vt 0.13433860 0.58531582
vt 0.13433860 0.62572312
vt 0.13433860 0.66613042
vt 0.01406615 0.52592939
vt 0.01442670 0.52202767
vt 0.01557040 0.51804179
vt 0.01406615 0.55592871
vt 0.02865755 0.57018280
vt 0.02728742 0.57129598
vt 0.01756280 0.51420498
vt 0.02034080 0.51077741
vt 0.02376753 0.50799870
vt 0.03411149 0.54490852
vt 0.02617418 0.57266653
vt 0.01406615 0.58592808
vt 0.02492064 0.57579720
vt 0.02492064 0.57891637
vt 0.02477759 0.57735682
vt 0.02537924 0.57420182
vt 0.01406615 0.61592740
vt 0.02728742 0.58341759
vt 0.02865755 0.58453089
vt 0.02617418 0.58204710
vt 0.02537924 0.58051193
vt 0.02760314 0.50600582
vt 0.03158807 0.50486201
vt 0.03548884 0.50450128
vt 0.03991729 0.56878561
vt 0.03334659 0.56878561
vt 0.05985701 0.50450128
vt 0.03178715 0.56892872
vt 0.07420247 0.54490852
vt 0.08422517 0.50450128
vt 0.04648798 0.56878561
vt 0.05068486 0.56964231
vt 0.05200487 0.57031590
vt 0.04929852 0.56916088
vt 0.03019237 0.56938738
vt 0.05321902 0.57116532
vt 0.05429488 0.57216382
vt 0.05594563 0.57446969
vt 0.08268827 0.62477827
vt 0.06931698 0.59962398
vt 0.01406615 0.67592603
vt 0.01406615 0.64592671
vt 0.03019237 0.58532631
vt 0.03178715 0.58578497
vt 0.03619045 0.58592808
vt 0.03334659 0.58592808
vt 0.01406615 0.70592541
vt 0.02034080 0.78107601
vt 0.01406615 0.76592398
vt 0.01442670 0.76982570
vt 0.01557040 0.77381158
vt 0.01756280 0.77764851
vt 0.01406615 0.73592472
vt 0.02376753 0.78385478
vt 0.02760314 0.78584772
vt 0.03158807 0.78699148
vt 0.03885960 0.58626598
vt 0.04153293 0.58735579
vt 0.04564785 0.59161222
vt 0.04389274 0.58919662
vt 0.08576202 0.66707510
vt 0.07239073 0.64192080
vt 0.05901920 0.61676651
vt 0.03548884 0.78735220
vt 0.05985701 0.78735220
vt 0.08422517 0.78735220
vt 0.09605962 0.64993262
vt 0.13296150 0.50450128
vt 0.10859330 0.50450128
vt 0.10943090 0.67508698
vt 0.13686199 0.50486201
vt 0.12280230 0.70024133
vt 0.12552880 0.70354569
vt 0.12445300 0.70254707
vt 0.09913337 0.69222951
vt 0.12674300 0.70439512
vt 0.12806290 0.70506871
vt 0.12944940 0.70555001
vt 0.13225970 0.70592541
vt 0.14084700 0.50600582
vt 0.14468279 0.50799870
vt 0.14810941 0.51077741
vt 0.15438400 0.52592939
vt 0.15088750 0.51420498
vt 0.15287989 0.51804179
vt 0.15438400 0.55592871
vt 0.15402339 0.52202767
vt 0.15438400 0.58592808
vt 0.15438400 0.64592671
vt 0.13510370 0.70592541
vt 0.13666300 0.70606852
vt 0.13825791 0.70652717
vt 0.15438400 0.61592740
vt 0.15438400 0.67592603
vt 0.13979270 0.70732248
vt 0.15438400 0.70592541
vt 0.14116290 0.70843577
vt 0.11250470 0.71738380
vt 0.11329290 0.71864641
vt 0.11426000 0.71979940
vt 0.11929320 0.72272992
vt 0.13433860 0.74694490
vt 0.11793800 0.72228301
vt 0.11538050 0.72080660
vt 0.11661980 0.72164011
vt 0.10859330 0.78735220
vt 0.12196220 0.72306788
vt 0.12853301 0.72306788
vt 0.13510370 0.72306788
vt 0.13666300 0.72292483
vt 0.13686199 0.78699148
vt 0.13296150 0.78735220
vt 0.13825791 0.72246611
vt 0.14084700 0.78584772
vt 0.13979270 0.72167081
vt 0.14227590 0.70980638
vt 0.14352970 0.71293700
vt 0.14307110 0.71134162
vt 0.14352970 0.71605629
vt 0.14367270 0.71449661
vt 0.15438400 0.73592472
vt 0.14307110 0.71765172
vt 0.14227590 0.71918690
vt 0.14810941 0.78107601
vt 0.15438400 0.76592398
vt 0.14468279 0.78385478
vt 0.14116290 0.72055751
vt 0.15088750 0.77764851
vt 0.15287989 0.77381158
vt 0.15402339 0.76982570
vt 0.68194902 0.64621830
vt 0.71981478 0.64178699
vt 0.72185701 0.64597058
vt 0.75972271 0.64153928
vt 0.75768059 0.63735580
vt 0.79758853 0.63710803
vt 0.68262970 0.64761281
vt 0.68399107 0.65040189
vt 0.68331051 0.64900732
vt 0.87195867 0.62545639
vt 0.83341217 0.62849307
vt 0.87127799 0.62406188
vt 0.87263942 0.62685090
vt 0.87332022 0.62824547
vt 0.79554641 0.63292438
vt 0.83545440 0.63267672
vt 0.96711099 0.51093280
vt 0.95886880 0.50752121
vt 0.96315938 0.50833899
vt 0.96970671 0.51488167
vt 0.97052509 0.51916927
vt 0.83064938 0.50752121
vt 0.69813949 0.50833899
vt 0.70243013 0.50752121
vt 0.69418788 0.51093280
vt 0.69077379 0.51916927
vt 0.69159222 0.51488167
vt 0.83064938 0.59342599
vt 0.97052509 0.58177787
vt 0.95886880 0.59342599
vt 0.96970671 0.58606547
vt 0.96711099 0.59001428
vt 0.96315938 0.59260821
vt 0.69418788 0.59001428
vt 0.69159222 0.58606547
vt 0.70243013 0.59342599
vt 0.69077379 0.58177787
vt 0.69813949 0.59260821
vt 0.68297011 0.62615371
vt 0.72185701 0.62849307
vt 0.68194902 0.62824547
vt 0.68399107 0.62406188
vt 0.75972271 0.63292438
vt 0.71981478 0.63267672
vt 0.79758853 0.63735580
vt 0.75768059 0.63710803
vt 0.83545440 0.64178699
vt 0.79554641 0.64153928
vt 0.83341217 0.64597058
vt 0.87229908 0.64831012
vt 0.87127799 0.65040189
vt 0.87332022 0.64621830
vt 0.16576821 0.23959430
vt 0.16576821 0.21560940
vt 0.16717970 0.21560940
vt 0.16717970 0.25158671
vt 0.17000259 0.25158671
vt 0.16859120 0.21560940
vt 0.17000259 0.21560940
vt 0.17141411 0.25158671
vt 0.16576821 0.26357910
vt 0.16576821 0.28756389
vt 0.16717970 0.28756389
vt 0.17000259 0.28756389
vt 0.16859120 0.28756389
vt 0.17141411 0.28756389
vt 0.17282560 0.21560940
vt 0.17282560 0.25158671
vt 0.17423710 0.21560940
vt 0.17282560 0.28756389
vt 0.17564860 0.25158671
vt 0.17423710 0.25158671
vt 0.17564860 0.21560940
vt 0.17705999 0.21560940
vt 0.17705999 0.23959430
vt 0.17423710 0.28756389
vt 0.17564860 0.28756389
vt 0.17705999 0.26357910
vt 0.17705999 0.28756389
vt 0.05052202 0.40022331
vt 0.04266357 0.39747030
vt 0.04316771 0.39647999
vt 0.04165506 0.39945081
vt 0.04215914 0.39846060
vt 0.05787640 0.40396649
vt 0.04900944 0.40319410
vt 0.05712020 0.40545189
vt 0.05636382 0.40693730
vt 0.00664163 0.12995949
vt 0.00664163 0.12892631
vt 0.03971827 0.12892631
vt 0.00664163 0.13099261
vt 0.07279485 0.12995949
vt 0.07279485 0.13099261
vt 0.07279485 0.13202570
vt 0.00664163 0.13202570
vt 0.03971827 0.13305891
vt 0.00664163 0.13305891
vt 0.07279485 0.13305891
vt 0.07279485 0.12892631
vt 0.31887960 0.24616180
vt 0.31887960 0.24445160
vt 0.31913951 0.24446841
vt 0.31913951 0.24787191
vt 0.31887960 0.24787191
vt 0.31938010 0.24617770
vt 0.31938010 0.24787191
vt 0.31938010 0.24448340
vt 0.29327890 0.04211419
vt 0.29446509 0.03798705
vt 0.29290891 0.04614931
vt 0.29652181 0.03401505
vt 0.30620739 0.04614931
vt 0.29940060 0.03046965
vt 0.30294460 0.02758944
vt 0.30682990 0.04288429
vt 0.30604911 0.05818665
vt 0.29290891 0.07054114
vt 0.29290891 0.09493297
vt 0.30604911 0.12661061
vt 0.29290891 0.11932480
vt 0.30620739 0.07054114
vt 0.30620739 0.09493297
vt 0.29290891 0.14371660
vt 0.31104001 0.02434504
vt 0.30880409 0.03987741
vt 0.30691451 0.02553164
vt 0.31507301 0.02397489
vt 0.31180960 0.03790211
vt 0.31507301 0.03727936
vt 0.33889949 0.03727936
vt 0.33889949 0.02397489
vt 0.36272591 0.02397489
vt 0.30620739 0.11932480
vt 0.30604911 0.16082260
vt 0.29290891 0.16810840
vt 0.30604911 0.19503450
vt 0.29290891 0.19250020
vt 0.29290891 0.21689209
vt 0.30620739 0.16810840
vt 0.30620739 0.19250020
vt 0.30604911 0.22924639
vt 0.29290891 0.24128389
vt 0.29327890 0.24531880
vt 0.29446509 0.24944620
vt 0.29652181 0.25341800
vt 0.29940060 0.25696361
vt 0.30620739 0.24128389
vt 0.30294460 0.25984380
vt 0.30620739 0.21689209
vt 0.30691451 0.26190141
vt 0.30682990 0.24454869
vt 0.30880409 0.24755570
vt 0.31104001 0.26308811
vt 0.31507301 0.26345831
vt 0.31180960 0.24953090
vt 0.31507301 0.25015369
vt 0.33889949 0.25015369
vt 0.30620739 0.14371660
vt 0.36272591 0.03727936
vt 0.36598930 0.03790211
vt 0.36675900 0.02434504
vt 0.36899489 0.03987741
vt 0.37088439 0.02553164
vt 0.37096909 0.04288429
vt 0.37485430 0.02758944
vt 0.37159160 0.04614931
vt 0.37174991 0.05818665
vt 0.37159160 0.07054114
vt 0.37174991 0.12661061
vt 0.37159160 0.09493297
vt 0.37159160 0.14371660
vt 0.37159160 0.11932480
vt 0.37159160 0.16810840
vt 0.37174991 0.16082260
vt 0.38127720 0.03401505
vt 0.37839830 0.03046965
vt 0.38488999 0.04614931
vt 0.38333389 0.03798705
vt 0.38451999 0.04211419
vt 0.38488999 0.09493297
vt 0.38488999 0.07054114
vt 0.38488999 0.11932480
vt 0.38488999 0.14371660
vt 0.38488999 0.16810840
vt 0.37088439 0.26190141
vt 0.36899489 0.24755570
vt 0.37096909 0.24454869
vt 0.36675900 0.26308811
vt 0.36598930 0.24953090
vt 0.37174991 0.19503450
vt 0.37159160 0.21689209
vt 0.37159160 0.19250020
vt 0.37485430 0.25984380
vt 0.36272591 0.26345831
vt 0.33889949 0.26345831
vt 0.36272591 0.25015369
vt 0.37159160 0.24128389
vt 0.37174991 0.22924639
vt 0.38488999 0.21689209
vt 0.38488999 0.19250020
vt 0.38488999 0.24128389
vt 0.37839830 0.25696361
vt 0.38127720 0.25341800
vt 0.38333389 0.24944620
vt 0.38451999 0.24531880
vt 0.27641550 0.02433872
vt 0.27639809 0.02389729
vt 0.27948231 0.02389729
vt 0.28256640 0.02433872
vt 0.27642989 0.02478998
vt 0.28256640 0.02478998
vt 0.27643970 0.02525234
vt 0.27950531 0.02572548
vt 0.27644429 0.02572548
vt 0.28256640 0.02525234
vt 0.28256640 0.02572548
vt 0.28256640 0.02389729
vt 0.17997500 0.03016972
vt 0.18752161 0.03016972
vt 0.18752161 0.03205519
vt 0.17620170 0.03205519
vt 0.17620170 0.03582656
vt 0.18752161 0.03394097
vt 0.18752161 0.03582656
vt 0.18752161 0.03771203
vt 0.17242830 0.03016972
vt 0.16488160 0.03016972
vt 0.16488160 0.03205519
vt 0.16488160 0.03582656
vt 0.16488160 0.03394097
vt 0.17620170 0.03771203
vt 0.16488160 0.03771203
vt 0.17620170 0.03959769
vt 0.18752161 0.03959769
vt 0.17620170 0.04148340
vt 0.18752161 0.04336899
vt 0.18752161 0.04148340
vt 0.18752161 0.04525446
vt 0.17997500 0.04525446
vt 0.17620170 0.04336899
vt 0.16488160 0.04148340
vt 0.16488160 0.04336899
vt 0.17242830 0.04525446
vt 0.16488160 0.04525446
vt 0.32962120 0.06612437
vt 0.32782799 0.06260043
vt 0.32943290 0.06178283
vt 0.33122611 0.06530696
vt 0.33141440 0.06964832
vt 0.33301929 0.06883090
vt 0.00931239 0.05714166
vt 0.01702123 0.05714166
vt 0.01702123 0.05863338
vt 0.00160330 0.05855983
vt 0.00160330 0.05714166
vt 0.00160330 0.05997788
vt 0.01702123 0.06007444
vt 0.00160330 0.06139630
vt 0.00931239 0.06281447
vt 0.01702123 0.06146728
vt 0.01702123 0.06281447
vt 0.00160330 0.06281447
vt 0.42840850 0.32372859
vt 0.40628251 0.28026441
vt 0.43742990 0.26440650
vt 0.48168191 0.35133490
vt 0.45053449 0.36719280
vt 0.49070331 0.29201269
vt 0.51282930 0.33547691
vt 0.46857730 0.24854849
vt 0.96711099 0.51093280
vt 0.95886880 0.50752121
vt 0.96315938 0.50833899
vt 0.96970671 0.51488167
vt 0.97052509 0.51916927
vt 0.83064938 0.50752121
vt 0.69813949 0.50833899
vt 0.70243013 0.50752121
vt 0.69418788 0.51093280
vt 0.69077379 0.51916927
vt 0.69159222 0.51488167
vt 0.83064938 0.59342599
vt 0.95886880 0.59342599
vt 0.97052509 0.58177787
vt 0.96970671 0.58606547
vt 0.96711099 0.59001428
vt 0.96315938 0.59260821
vt 0.69418788 0.59001428
vt 0.69159222 0.58606547
vt 0.70243013 0.59342599
vt 0.69077379 0.58177787
vt 0.69813949 0.59260821
vt 0.90068620 0.00641411
vt 0.97595280 0.00641411
vt 0.97112352 0.00789267
vt 0.86305290 0.00790429
vt 0.96880883 0.00863480
vt 0.96675569 0.00937891
vt 0.86305290 0.01088470
vt 0.96509308 0.01012498
vt 0.96390522 0.01087296
vt 0.90563238 0.01237469
vt 0.96321821 0.01162278
vt 0.75250840 0.00789267
vt 0.82541960 0.00641411
vt 0.75015301 0.00641411
vt 0.75544959 0.01012498
vt 0.75463867 0.00937891
vt 0.75602901 0.01087296
vt 0.81383961 0.01237469
vt 0.96300292 0.01237469
vt 0.95152891 0.01237469
vt 0.94005471 0.01237469
vt 0.92858070 0.01237469
vt 0.91710651 0.01237469
vt 0.89415830 0.01237469
vt 0.88268417 0.01237469
vt 0.87121010 0.01237469
vt 0.85973603 0.01237469
vt 0.84826177 0.01237469
vt 0.83678782 0.01237469
vt 0.82531363 0.01237469
vt 0.80236542 0.01237469
vt 0.79089141 0.01237469
vt 0.77941722 0.01237469
vt 0.76794308 0.01237469
vt 0.75646901 0.01237469
vt 0.63913119 0.75491482
vt 0.61145937 0.72977543
vt 0.63913119 0.72977543
vt 0.55611569 0.72977543
vt 0.58378750 0.72977543
vt 0.52844381 0.72977543
vt 0.41775641 0.76748449
vt 0.50077188 0.72977543
vt 0.47310010 0.72977543
vt 0.44542831 0.72977543
vt 0.41775641 0.72977543
vt 0.63913119 0.78005421
vt 0.60750622 0.80519360
vt 0.63913119 0.80519360
vt 0.57588130 0.80519360
vt 0.54425633 0.80519360
vt 0.48100629 0.80519360
vt 0.51263142 0.80519360
vt 0.44938141 0.80519360
vt 0.41775641 0.80519360
vt 0.54671311 0.54629141
vt 0.53708041 0.52736890
vt 0.55742079 0.51701301
vt 0.59221041 0.53504092
vt 0.55634588 0.56521392
vt 0.60665959 0.56342471
vt 0.56597871 0.58413649
vt 0.57776129 0.50665712
vt 0.84744149 0.53994203
vt 0.85127193 0.55145800
vt 0.84744149 0.55145800
vt 0.84361118 0.53994203
vt 0.84361118 0.55145800
vt 0.83978093 0.53994203
vt 0.83978093 0.55145800
vt 0.83595049 0.53994203
vt 0.83595049 0.55145800
vt 0.83212018 0.53994203
vt 0.83212018 0.55145800
vt 0.82828981 0.53994203
vt 0.82828981 0.55145800
vt 0.83212018 0.56297410
vt 0.82828981 0.56297410
vt 0.85510218 0.43826190
vt 0.85478199 0.43718699
vt 0.85496432 0.43753880
vt 0.85452688 0.43687281
vt 0.85386097 0.43643540
vt 0.85421282 0.43661770
vt 0.85510218 0.44635451
vt 0.85313791 0.43629751
vt 0.85510218 0.45444709
vt 0.85127193 0.44781351
vt 0.85274512 0.46562839
vt 0.85510218 0.46253970
vt 0.85510218 0.47063231
vt 0.85274512 0.46076640
vt 0.85263473 0.46018791
vt 0.85274512 0.47049049
vt 0.85263473 0.47106889
vt 0.85228479 0.45965511
vt 0.85175371 0.43686810
vt 0.85206699 0.43661511
vt 0.85095930 0.43978450
vt 0.85241759 0.43643430
vt 0.85117370 0.43824869
vt 0.85131538 0.43752921
vt 0.85149860 0.43717980
vt 0.84804749 0.44341251
vt 0.84930891 0.44251069
vt 0.85175210 0.45930511
vt 0.85117358 0.45919481
vt 0.85069269 0.44054121
vt 0.85032189 0.44126120
vt 0.84985578 0.44192359
vt 0.84361118 0.44781351
vt 0.84357852 0.45919481
vt 0.85510218 0.47872490
vt 0.85274512 0.48163870
vt 0.85274512 0.47677669
vt 0.85263473 0.47619820
vt 0.85510218 0.48681751
vt 0.85228479 0.47566551
vt 0.85274512 0.48650080
vt 0.85263473 0.48707929
vt 0.85274512 0.49764910
vt 0.85274512 0.49278709
vt 0.85510218 0.49491009
vt 0.85263473 0.49220860
vt 0.85274512 0.50251120
vt 0.85510218 0.50300270
vt 0.85228479 0.49167579
vt 0.85263473 0.50308961
vt 0.85228479 0.50362241
vt 0.85228479 0.50768608
vt 0.85175210 0.47531551
vt 0.85228479 0.47160169
vt 0.85117358 0.47520509
vt 0.85117358 0.47206199
vt 0.85175210 0.47195169
vt 0.84357852 0.47520509
vt 0.85117358 0.49121550
vt 0.85175210 0.48796201
vt 0.85175210 0.49132580
vt 0.85228479 0.48761210
vt 0.84357852 0.48807231
vt 0.85117358 0.48807231
vt 0.85127193 0.50539380
vt 0.85117358 0.50408268
vt 0.85175210 0.50397241
vt 0.85175210 0.50733620
vt 0.85263473 0.50821900
vt 0.84087962 0.44722411
vt 0.83598322 0.45919481
vt 0.83371162 0.45103571
vt 0.82838798 0.45919481
vt 0.82654369 0.45484731
vt 0.83598322 0.47520509
vt 0.83598322 0.47206199
vt 0.84357852 0.47206199
vt 0.82838798 0.47520509
vt 0.82838798 0.47206199
vt 0.82780957 0.45930511
vt 0.82727689 0.47160169
vt 0.82780957 0.47195169
vt 0.82727689 0.47566551
vt 0.82780957 0.47531551
vt 0.82727689 0.45965511
vt 0.82681662 0.46076640
vt 0.82502061 0.45629281
vt 0.82533211 0.45584741
vt 0.82569820 0.45545280
vt 0.82445949 0.45831630
vt 0.82477361 0.45677689
vt 0.82459712 0.45728549
vt 0.82692701 0.46018791
vt 0.82445949 0.46669811
vt 0.82692701 0.47619820
vt 0.82445949 0.47507969
vt 0.82692701 0.47106889
vt 0.82681662 0.46562839
vt 0.82681662 0.47049049
vt 0.83598322 0.49121550
vt 0.82838798 0.48807231
vt 0.83598322 0.48807231
vt 0.82780957 0.49132580
vt 0.82727689 0.48761210
vt 0.82780957 0.48796201
vt 0.82838798 0.49121550
vt 0.84357852 0.49121550
vt 0.83598322 0.50408268
vt 0.83212018 0.50539380
vt 0.82838798 0.50408268
vt 0.82727689 0.49167579
vt 0.83978093 0.50539380
vt 0.83595049 0.50539380
vt 0.82692701 0.48707929
vt 0.82445949 0.49184310
vt 0.82681662 0.48650080
vt 0.82681662 0.48163870
vt 0.82445949 0.48346141
vt 0.82681662 0.47677669
vt 0.82692701 0.49220860
vt 0.82681662 0.49278709
vt 0.82692701 0.50308961
vt 0.82445949 0.50860649
vt 0.82681662 0.50251120
vt 0.82445949 0.50022483
vt 0.82681662 0.49764910
vt 0.82727689 0.50768608
vt 0.82727689 0.50362241
vt 0.82780957 0.50397241
vt 0.82780957 0.50733620
vt 0.84361118 0.50539380
vt 0.84357852 0.50408268
vt 0.85274512 0.51365942
vt 0.85274512 0.50879741
vt 0.85510218 0.51109540
vt 0.85510218 0.51918793
vt 0.85274512 0.51852149
vt 0.85365981 0.52369648
vt 0.85263473 0.51910001
vt 0.85400981 0.52422929
vt 0.85412008 0.52480781
vt 0.85510218 0.52728051
vt 0.85175210 0.51998270
vt 0.85228479 0.51963282
vt 0.85254872 0.52323622
vt 0.85312712 0.52334660
vt 0.84403682 0.53610343
vt 0.85254872 0.53610343
vt 0.84357852 0.50722581
vt 0.85117358 0.50722581
vt 0.83598322 0.50722581
vt 0.82838798 0.52009302
vt 0.83598322 0.52009302
vt 0.83552492 0.52323622
vt 0.85117358 0.52009302
vt 0.84357852 0.52009302
vt 0.84403682 0.52323622
vt 0.85412008 0.52966982
vt 0.85412008 0.53453177
vt 0.85510218 0.53537309
vt 0.85400981 0.53511029
vt 0.85365981 0.53564310
vt 0.85312712 0.53599298
vt 0.85127193 0.53994203
vt 0.85510218 0.54346567
vt 0.85510218 0.55155832
vt 0.85496461 0.55258918
vt 0.85478812 0.55309778
vt 0.85454112 0.55358189
vt 0.85422963 0.55402732
vt 0.85386348 0.55442190
vt 0.85301799 0.55502743
vt 0.83552492 0.53610343
vt 0.84585011 0.55883902
vt 0.83868217 0.56265050
vt 0.82701302 0.53610343
vt 0.82828981 0.50539380
vt 0.82838798 0.50722581
vt 0.82692701 0.50821900
vt 0.82681662 0.50879741
vt 0.82780957 0.51998270
vt 0.82701302 0.52323622
vt 0.82727689 0.51963282
vt 0.82643461 0.52334660
vt 0.82692701 0.51910001
vt 0.82643461 0.53599298
vt 0.82681662 0.51365942
vt 0.82681662 0.51852149
vt 0.82590193 0.52369648
vt 0.82445949 0.51698822
vt 0.82445949 0.52536988
vt 0.82555193 0.52422929
vt 0.82544160 0.52480781
vt 0.82445949 0.54213327
vt 0.82590193 0.53564310
vt 0.82555193 0.53511029
vt 0.82445949 0.53375161
vt 0.82544160 0.52966982
vt 0.82544160 0.53453177
vt 0.83151442 0.56646210
vt 0.83081990 0.56689578
vt 0.82445949 0.55889672
vt 0.82445949 0.55051500
vt 0.83018571 0.56742787
vt 0.82963181 0.56804442
vt 0.82917333 0.56872630
vt 0.82881981 0.56945151
vt 0.82857388 0.57019722
vt 0.82838798 0.57785368
vt 0.82445949 0.57566011
vt 0.82838798 0.57166570
vt 0.82749861 0.58568603
vt 0.82838798 0.58404171
vt 0.82445949 0.56727833
vt 0.82825011 0.58476478
vt 0.82806778 0.58511668
vt 0.82781267 0.58543080
vt 0.82714683 0.58586830
vt 0.82477969 0.58511668
vt 0.82459742 0.58476478
vt 0.82445949 0.58404171
vt 0.82570070 0.58586830
vt 0.82642382 0.58600622
vt 0.82503480 0.58543080
vt 0.82534891 0.58568603
vt 0.35890701 0.09229695
vt 0.35890701 0.08898854
vt 0.35961339 0.08899235
vt 0.35958400 0.09560531
vt 0.35890701 0.09560531
vt 0.36026099 0.09560531
vt 0.36029971 0.08900374
vt 0.36096659 0.08902204
vt 0.36093801 0.09560531
vt 0.36161500 0.08904409
vt 0.36161500 0.09232473
vt 0.36161500 0.09560531
vt 0.25909221 0.00041718
vt 0.25947890 0.00041718
vt 0.25947890 0.00247818
vt 0.25870541 0.00041718
vt 0.25909221 0.00453943
vt 0.25870541 0.00453943
vt 0.25831860 0.00041718
vt 0.25831860 0.00453943
vt 0.25793180 0.00247818
vt 0.25793180 0.00041718
vt 0.25793180 0.00453943
vt 0.25947890 0.00453943
vt 0.00678891 0.02614253
vt 0.00692749 0.02511793
vt 0.00771564 0.02544748
vt 0.00560665 0.02564787
vt 0.00613934 0.02478814
vt 0.00850374 0.02577728
vt 0.00797111 0.02663737
vt 0.00678891 0.00504947
vt 0.00797111 0.00455481
vt 0.00850374 0.00541472
vt 0.00732142 0.00590938
vt 0.00613934 0.00640404
vt 0.00560665 0.00554407
vt 0.55362707 0.38958079
vt 0.68529570 0.38958079
vt 0.68529570 0.43443781
vt 0.65237862 0.47929481
vt 0.68529570 0.47929481
vt 0.42195839 0.43443781
vt 0.42195839 0.38958079
vt 0.61946142 0.47929481
vt 0.55362707 0.47929481
vt 0.58654422 0.47929481
vt 0.52070987 0.47929481
vt 0.48779270 0.47929481
vt 0.45487550 0.47929481
vt 0.42195839 0.47929481
vt 0.55152953 0.55575258
vt 0.53708041 0.52736890
vt 0.55742079 0.51701301
vt 0.59702682 0.54450220
vt 0.56597871 0.58413649
vt 0.58739412 0.52557957
vt 0.57776129 0.50665712
vt 0.60665959 0.56342471
vt 0.05471038 0.07710820
vt 0.05398303 0.07364398
vt 0.05471038 0.07364398
vt 0.05325531 0.07364398
vt 0.05252796 0.08403664
vt 0.05252796 0.07364398
vt 0.05180037 0.07364398
vt 0.05180037 0.08403664
vt 0.05107271 0.07364398
vt 0.05034536 0.08403664
vt 0.05034536 0.07364398
vt 0.04889029 0.08057242
vt 0.04889029 0.07710820
vt 0.04889029 0.07364398
vt 0.04961764 0.07364398
vt 0.05107271 0.08403664
vt 0.05325531 0.08403664
vt 0.05398303 0.08403664
vt 0.05471038 0.08057242
vt 0.05471038 0.08403664
vt 0.04961764 0.08403664
vt 0.04889029 0.08403664
vt 0.31461719 0.36173859
vt 0.31461719 0.36015239
vt 0.31511611 0.36015239
vt 0.31511611 0.36331949
vt 0.31461719 0.36332479
vt 0.31562209 0.36330891
vt 0.31562209 0.36015239
vt 0.31613550 0.36329409
vt 0.31613550 0.36015239
vt 0.31665650 0.36171529
vt 0.31665650 0.36015239
vt 0.31665650 0.36327821
vt 0.26566759 0.00179130
vt 0.26528090 0.00041718
vt 0.26566759 0.00041718
vt 0.26528090 0.00247818
vt 0.26566759 0.00316536
vt 0.26489401 0.00041718
vt 0.26450720 0.00247818
vt 0.26450720 0.00041718
vt 0.26412049 0.00179130
vt 0.26412049 0.00041718
vt 0.26489401 0.00453943
vt 0.26450720 0.00453943
vt 0.26528090 0.00453943
vt 0.26566759 0.00453943
vt 0.26412049 0.00316536
vt 0.26412049 0.00453943
vt 0.09158396 0.44973239
vt 0.09101974 0.44772789
vt 0.09158396 0.44772789
vt 0.09101974 0.45073459
vt 0.09158396 0.45173681
vt 0.09045553 0.44772789
vt 0.08989131 0.45073459
vt 0.08989131 0.44772789
vt 0.08932709 0.44973239
vt 0.08932709 0.44772789
vt 0.09101974 0.45374131
vt 0.09158396 0.45374131
vt 0.09045553 0.45374131
vt 0.08989131 0.45374131
vt 0.08932709 0.45173681
vt 0.08932709 0.45374131
vt 0.26793271 0.02573132
vt 0.26792130 0.02573132
vt 0.26793271 0.02480334
vt 0.26793271 0.02665925
vt 0.26791000 0.02665925
vt 0.09451520 0.01508486
vt 0.10583530 0.01508486
vt 0.10583530 0.01697045
vt 0.10583530 0.02074170
vt 0.08319514 0.01885592
vt 0.10583530 0.01885592
vt 0.08319514 0.02262729
vt 0.08319514 0.02074170
vt 0.08319514 0.01697045
vt 0.08319514 0.01508486
vt 0.10583530 0.02451276
vt 0.08319514 0.02639842
vt 0.08319514 0.02451276
vt 0.09451520 0.03016972
vt 0.10583530 0.02828413
vt 0.10583530 0.03016972
vt 0.10583530 0.02639842
vt 0.08319514 0.02828413
vt 0.08319514 0.03016972
vt 0.01865226 0.46254060
vt 0.01865226 0.46436009
vt 0.01418668 0.46345940
vt 0.01418668 0.46437821
vt 0.01418668 0.46254060
vt 0.02311784 0.46344131
vt 0.02311784 0.46254060
vt 0.02311784 0.46434191
vt 0.96711099 0.51093280
vt 0.95886880 0.50752121
vt 0.96315938 0.50833899
vt 0.96970671 0.51488167
vt 0.83064938 0.50752121
vt 0.97052509 0.51916927
vt 0.69813949 0.50833899
vt 0.70243013 0.50752121
vt 0.69418788 0.51093280
vt 0.69159222 0.51488167
vt 0.69077379 0.51916927
vt 0.97052509 0.58177787
vt 0.69077379 0.58177787
vt 0.96970671 0.58606547
vt 0.83064938 0.59342599
vt 0.95886880 0.59342599
vt 0.96711099 0.59001428
vt 0.96315938 0.59260821
vt 0.69418788 0.59001428
vt 0.69159222 0.58606547
vt 0.69813949 0.59260821
vt 0.70243013 0.59342599
vt 0.10786990 0.11096440
vt 0.08090150 0.11096440
vt 0.10786620 0.10752060
vt 0.10786470 0.12129590
vt 0.08090150 0.11785210
vt 0.10786080 0.11785210
vt 0.10786830 0.12473980
vt 0.08090150 0.12473970
vt 0.10786070 0.10407680
vt 0.08090150 0.10407680
vt 0.08090150 0.13162740
vt 0.10786070 0.13162670
vt 0.08090150 0.14540270
vt 0.10784620 0.14195900
vt 0.10784100 0.14540270
vt 0.08090150 0.13851510
vt 0.10785540 0.13851510
vt 0.10786050 0.15573430
vt 0.08090150 0.15229040
vt 0.10785430 0.15229040
vt 0.10786070 0.15917809
vt 0.09438109 0.15917809
vt 0.08090150 0.15917809
vt 0.20634159 0.02698945
vt 0.20541289 0.06069278
vt 0.20541289 0.02698945
vt 0.20541289 0.12809961
vt 0.20541289 0.09439629
vt 0.20541289 0.16180301
vt 0.20634159 0.29661629
vt 0.20541289 0.19550630
vt 0.20541289 0.22920960
vt 0.20541289 0.29661629
vt 0.20541289 0.26291299
vt 0.20727050 0.02698945
vt 0.20819931 0.05694794
vt 0.20819931 0.02698945
vt 0.20819931 0.08690667
vt 0.20819931 0.11686520
vt 0.20819931 0.14682370
vt 0.20727050 0.29661629
vt 0.20819931 0.20674071
vt 0.20819931 0.17678221
vt 0.20819931 0.23669930
vt 0.20819931 0.26665780
vt 0.20819931 0.29661629
vt 0.22853149 0.02698945
vt 0.21960489 0.06743359
vt 0.21960489 0.03597718
vt 0.21960489 0.09889006
vt 0.22853149 0.16180301
vt 0.21960489 0.16180301
vt 0.21960489 0.13034651
vt 0.21960489 0.19325940
vt 0.21960489 0.22471580
vt 0.22853149 0.29661629
vt 0.21960489 0.28762880
vt 0.21960489 0.25617230
vt 0.34847161 0.13821051
vt 0.34847161 0.12781040
vt 0.34953550 0.12781040
vt 0.34847161 0.14861070
vt 0.35006759 0.16941100
vt 0.34847161 0.15901080
vt 0.34847161 0.16941100
vt 0.35059950 0.12781040
vt 0.35166350 0.14167720
vt 0.35166350 0.12781040
vt 0.35166350 0.16941100
vt 0.35166350 0.15554410
vt 0.05415689 0.66613042
vt 0.03411149 0.66613042
vt 0.03411149 0.62572312
vt 0.03411149 0.70653772
vt 0.05415689 0.70653772
vt 0.03411149 0.74694490
vt 0.05415689 0.74694490
vt 0.07420247 0.66613042
vt 0.07420247 0.70653772
vt 0.07420247 0.74694490
vt 0.07420247 0.58531582
vt 0.09424787 0.54490852
vt 0.09424787 0.58531582
vt 0.09424787 0.70653772
vt 0.09424787 0.74694490
vt 0.11429320 0.54490852
vt 0.11429320 0.58531582
vt 0.09424787 0.62572312
vt 0.11429320 0.62572312
vt 0.13433860 0.54490852
vt 0.13433860 0.58531582
vt 0.13433860 0.62572312
vt 0.13433860 0.66613042
vt 0.01406615 0.52592939
vt 0.01442670 0.52202767
vt 0.01557040 0.51804179
vt 0.01406615 0.55592871
vt 0.02865755 0.57018280
vt 0.02728742 0.57129598
vt 0.01756280 0.51420498
vt 0.02034080 0.51077741
vt 0.02376753 0.50799870
vt 0.03411149 0.54490852
vt 0.02617418 0.57266653
vt 0.01406615 0.58592808
vt 0.02492064 0.57579720
vt 0.02492064 0.57891637
vt 0.02477759 0.57735682
vt 0.02537924 0.57420182
vt 0.01406615 0.61592740
vt 0.02728742 0.58341759
vt 0.02865755 0.58453089
vt 0.02617418 0.58204710
vt 0.02537924 0.58051193
vt 0.02760314 0.50600582
vt 0.03548884 0.50450128
vt 0.03158807 0.50486201
vt 0.03334659 0.56878561
vt 0.03178715 0.56892872
vt 0.03991729 0.56878561
vt 0.03019237 0.56938738
vt 0.04648798 0.56878561
vt 0.04929852 0.56916088
vt 0.05985701 0.50450128
vt 0.07420247 0.54490852
vt 0.05068486 0.56964231
vt 0.05200487 0.57031590
vt 0.08422517 0.50450128
vt 0.05321902 0.57116532
vt 0.05429488 0.57216382
vt 0.05594563 0.57446969
vt 0.06931698 0.59962398
vt 0.08268827 0.62477827
vt 0.03019237 0.58532631
vt 0.01406615 0.67592603
vt 0.01406615 0.64592671
vt 0.03178715 0.58578497
vt 0.03334659 0.58592808
vt 0.01406615 0.70592541
vt 0.01406615 0.73592472
vt 0.03619045 0.58592808
vt 0.01756280 0.77764851
vt 0.01557040 0.77381158
vt 0.01406615 0.76592398
vt 0.01442670 0.76982570
vt 0.02034080 0.78107601
vt 0.02376753 0.78385478
vt 0.02760314 0.78584772
vt 0.03158807 0.78699148
vt 0.03885960 0.58626598
vt 0.04153293 0.58735579
vt 0.04564785 0.59161222
vt 0.04389274 0.58919662
vt 0.08576202 0.66707510
vt 0.07239073 0.64192080
vt 0.05901920 0.61676651
vt 0.03548884 0.78735220
vt 0.05985701 0.78735220
vt 0.08422517 0.78735220
vt 0.10859330 0.50450128
vt 0.09605962 0.64993262
vt 0.13296150 0.50450128
vt 0.10943090 0.67508698
vt 0.13686199 0.50486201
vt 0.09913337 0.69222951
vt 0.12674300 0.70439512
vt 0.12445300 0.70254707
vt 0.12280230 0.70024133
vt 0.12944940 0.70555001
vt 0.13225970 0.70592541
vt 0.14084700 0.50600582
vt 0.14468279 0.50799870
vt 0.14810941 0.51077741
vt 0.15438400 0.52592939
vt 0.15088750 0.51420498
vt 0.15287989 0.51804179
vt 0.15438400 0.55592871
vt 0.15402339 0.52202767
vt 0.15438400 0.58592808
vt 0.15438400 0.64592671
vt 0.13510370 0.70592541
vt 0.13666300 0.70606852
vt 0.13825791 0.70652717
vt 0.15438400 0.61592740
vt 0.15438400 0.67592603
vt 0.13979270 0.70732248
vt 0.15438400 0.70592541
vt 0.14116290 0.70843577
vt 0.11250470 0.71738380
vt 0.11329290 0.71864641
vt 0.11426000 0.71979940
vt 0.11929320 0.72272992
vt 0.13433860 0.74694490
vt 0.11793800 0.72228301
vt 0.11538050 0.72080660
vt 0.11661980 0.72164011
vt 0.10859330 0.78735220
vt 0.12196220 0.72306788
vt 0.12853301 0.72306788
vt 0.13510370 0.72306788
vt 0.13666300 0.72292483
vt 0.13686199 0.78699148
vt 0.13296150 0.78735220
vt 0.13825791 0.72246611
vt 0.14084700 0.78584772
vt 0.13979270 0.72167081
vt 0.14227590 0.70980638
vt 0.14352970 0.71293700
vt 0.14307110 0.71134162
vt 0.14352970 0.71605629
vt 0.14367270 0.71449661
vt 0.15438400 0.73592472
vt 0.14307110 0.71765172
vt 0.14227590 0.71918690
vt 0.14810941 0.78107601
vt 0.15438400 0.76592398
vt 0.14468279 0.78385478
vt 0.14116290 0.72055751
vt 0.15088750 0.77764851
vt 0.15287989 0.77381158
vt 0.15402339 0.76982570
vt 0.02869278 0.18465389
vt 0.00664163 0.18568709
vt 0.00664163 0.18465389
vt 0.03971827 0.18568709
vt 0.05074363 0.18465389
vt 0.00664163 0.18672021
vt 0.03971827 0.18775330
vt 0.00664163 0.18775330
vt 0.02869278 0.18878640
vt 0.00664163 0.18878640
vt 0.07279485 0.18568709
vt 0.07279485 0.18465389
vt 0.07279485 0.18672021
vt 0.05074363 0.18878640
vt 0.07279485 0.18775330
vt 0.07279485 0.18878640
vt 0.34358940 0.12517260
vt 0.34738261 0.12517260
vt 0.34738261 0.13023220
vt 0.33979630 0.12517260
vt 0.33979630 0.13023220
vt 0.34738261 0.13529190
vt 0.34358940 0.14035170
vt 0.34738261 0.14035170
vt 0.33979630 0.14035170
vt 0.33979630 0.13529190
vt 0.16231830 0.10407680
vt 0.16232380 0.10752060
vt 0.14897349 0.10407680
vt 0.16232750 0.11096440
vt 0.16232590 0.12473980
vt 0.14897349 0.12473970
vt 0.16232230 0.12129590
vt 0.16231839 0.11785210
vt 0.14897349 0.11785210
vt 0.16231830 0.13162670
vt 0.13535909 0.10407680
vt 0.13535909 0.11096440
vt 0.13535909 0.12473970
vt 0.13535909 0.13162740
vt 0.13535909 0.11785210
vt 0.14897349 0.13162740
vt 0.16231300 0.13851510
vt 0.14897349 0.13851510
vt 0.16230381 0.14195900
vt 0.14897349 0.15229040
vt 0.16231200 0.15229040
vt 0.16231810 0.15573430
vt 0.16229860 0.14540270
vt 0.14897349 0.14540270
vt 0.16231830 0.15917809
vt 0.13535909 0.13851510
vt 0.13535909 0.14540270
vt 0.13535909 0.15917809
vt 0.13535909 0.15229040
vt 0.33023161 0.18375030
vt 0.33412221 0.17791431
vt 0.33412221 0.18375030
vt 0.33801281 0.17791431
vt 0.95844638 0.64102972
vt 0.95743650 0.64412332
vt 0.95348853 0.64285141
vt 0.95712239 0.64716309
vt 0.95737058 0.64986873
vt 0.94966042 0.65005112
vt 0.95816642 0.65263629
vt 0.94583231 0.65725082
vt 0.95731670 0.63565171
vt 0.97422540 0.62605888
vt 0.96493047 0.63006830
vt 0.96493047 0.62605888
vt 0.96844262 0.63272393
vt 0.96493047 0.63407773
vt 0.96018672 0.63812238
vt 0.95994842 0.63565171
vt 0.96258008 0.63565171
vt 0.94517893 0.66826743
vt 0.94089532 0.66599882
vt 0.94200408 0.66445041
vt 0.94017267 0.66666943
vt 0.93565160 0.66826743
vt 0.93753928 0.66801542
vt 0.93847072 0.66769212
vt 0.93935722 0.66723979
vt 0.96147740 0.65767711
vt 0.95954609 0.65529960
vt 0.95470607 0.66826743
vt 0.96385491 0.65960842
vt 0.96423328 0.66826743
vt 0.96651822 0.66098809
vt 0.97615987 0.63289052
vt 0.97231227 0.63229769
vt 0.98352021 0.62605888
vt 0.97961032 0.63439459
vt 0.99281502 0.63309360
vt 0.98257250 0.63671690
vt 0.98492140 0.63982153
vt 0.99281502 0.62605888
vt 0.99281502 0.64012837
vt 0.99281502 0.64716309
vt 0.98686028 0.64716309
vt 0.98638391 0.64342940
vt 0.98661202 0.64986873
vt 0.98328781 0.66826743
vt 0.97376049 0.66826743
vt 0.97746450 0.66098809
vt 0.96928573 0.66178381
vt 0.97199142 0.66203213
vt 0.97469687 0.66178381
vt 0.98012781 0.65960842
vt 0.99281502 0.65419787
vt 0.98443657 0.65529960
vt 0.98581630 0.65263629
vt 0.99281502 0.66123271
vt 0.98250532 0.65767711
vt 0.99281502 0.66826743
vt 0.73635560 0.07166868
vt 0.75844508 0.07838380
vt 0.73573959 0.07838380
vt 0.73833013 0.06479966
vt 0.74654633 0.05228883
vt 0.74175388 0.05818963
vt 0.75944149 0.07315915
vt 0.75844508 0.12096520
vt 0.73573959 0.16354661
vt 0.73573959 0.12096520
vt 0.75844508 0.16354661
vt 0.73573959 0.20612800
vt 0.75844508 0.20612800
vt 0.75244588 0.04749542
vt 0.76592231 0.04209583
vt 0.76741242 0.06518656
vt 0.75905472 0.04407083
vt 0.77263612 0.04147994
vt 0.77263612 0.06419003
vt 0.84855759 0.04147994
vt 0.81059682 0.06419003
vt 0.81059682 0.04147994
vt 0.88651842 0.04147994
vt 0.84855759 0.06419003
vt 0.76260161 0.06834727
vt 0.73573959 0.24870940
vt 0.75844508 0.24870940
vt 0.73573959 0.29129079
vt 0.75844508 0.29129079
vt 0.73573959 0.33387220
vt 0.75844508 0.33387220
vt 0.73573959 0.37645361
vt 0.75844508 0.37645361
vt 0.73573959 0.41903499
vt 0.73833013 0.43261909
vt 0.73635560 0.42575011
vt 0.75844508 0.41903499
vt 0.74175388 0.43922910
vt 0.74654633 0.44512999
vt 0.75944149 0.42425969
vt 0.75244588 0.44992331
vt 0.75905472 0.45334780
vt 0.76260161 0.42907161
vt 0.76741242 0.43223220
vt 0.76592231 0.45532280
vt 0.77263612 0.43322879
vt 0.77263612 0.45593891
vt 0.81059682 0.43322879
vt 0.81059682 0.45593891
vt 0.84855759 0.43322879
vt 0.88651842 0.06419003
vt 0.92447913 0.04147994
vt 0.92447913 0.06419003
vt 0.93119287 0.04209583
vt 0.92970282 0.06518656
vt 0.93806052 0.04407083
vt 0.93451363 0.06834727
vt 0.94466919 0.04749542
vt 0.93767369 0.07315915
vt 0.96137547 0.07838380
vt 0.93866998 0.12096520
vt 0.93866998 0.07838380
vt 0.96137547 0.16354661
vt 0.93866998 0.16354661
vt 0.95056891 0.05228883
vt 0.95536131 0.05818963
vt 0.95878500 0.06479966
vt 0.96075958 0.07166868
vt 0.93866998 0.20612800
vt 0.96137547 0.24870940
vt 0.93866998 0.24870940
vt 0.96137547 0.20612800
vt 0.96137547 0.29129079
vt 0.93866998 0.29129079
vt 0.88651842 0.43322879
vt 0.84855759 0.45593891
vt 0.93767369 0.42425969
vt 0.94466919 0.44992331
vt 0.93451363 0.42907161
vt 0.93806052 0.45334780
vt 0.92970282 0.43223220
vt 0.92447913 0.43322879
vt 0.88651842 0.45593891
vt 0.92447913 0.45593891
vt 0.93119287 0.45532280
vt 0.96137547 0.33387220
vt 0.93866998 0.37645361
vt 0.93866998 0.33387220
vt 0.96137547 0.37645361
vt 0.93866998 0.41903499
vt 0.96137547 0.41903499
vt 0.95056891 0.44512999
vt 0.95536131 0.43922910
vt 0.95878500 0.43261909
vt 0.96075958 0.42575011
vt 0.04403162 0.02209746
vt 0.03884875 0.02318590
vt 0.03884875 0.02209746
vt 0.03884875 0.02536278
vt 0.05439668 0.02427434
vt 0.05439668 0.02536278
vt 0.03884875 0.02427434
vt 0.05439668 0.02645123
vt 0.03884875 0.02645123
vt 0.03884875 0.02753973
vt 0.05439668 0.02862823
vt 0.03884875 0.02862823
vt 0.04921424 0.03080511
vt 0.04403162 0.03080511
vt 0.03884875 0.03080511
vt 0.03884875 0.02971667
vt 0.05439668 0.02753973
vt 0.04921424 0.02209746
vt 0.05439668 0.02318590
vt 0.05439668 0.02209746
vt 0.05439668 0.02971667
vt 0.05439668 0.03080511
vt 0.19501540 0.02698945
vt 0.19408660 0.05694794
vt 0.19408660 0.02698945
vt 0.19408660 0.11686520
vt 0.19408660 0.08690667
vt 0.19408660 0.14682370
vt 0.19547980 0.29661629
vt 0.19408660 0.17678221
vt 0.19408660 0.20674071
vt 0.19408660 0.23669930
vt 0.19408660 0.26665780
vt 0.19408660 0.29661629
vt 0.19687299 0.16180301
vt 0.19687299 0.06069278
vt 0.19594429 0.02698945
vt 0.19687299 0.02698945
vt 0.19687299 0.09439629
vt 0.19687299 0.12809961
vt 0.19687299 0.19550630
vt 0.19687299 0.22920960
vt 0.19687299 0.26291299
vt 0.19687299 0.29661629
vt 0.00664163 0.10622820
vt 0.00664163 0.10519510
vt 0.03971827 0.10519510
vt 0.00664163 0.10726130
vt 0.07279485 0.10622820
vt 0.07279485 0.10726130
vt 0.07279485 0.10829440
vt 0.00664163 0.10829440
vt 0.03971827 0.10932760
vt 0.00664163 0.10932760
vt 0.07279485 0.10932760
vt 0.07279485 0.10519510
vt 0.28319079 0.06735140
vt 0.27964661 0.06351053
vt 0.28319079 0.06351047
vt 0.27610239 0.06735140
vt 0.27255830 0.06351053
vt 0.27610239 0.06351053
vt 0.26901409 0.06735140
vt 0.26901409 0.06351053
vt 0.26192579 0.06735140
vt 0.26192579 0.06351053
vt 0.26547000 0.06351053
vt 0.25483751 0.06735140
vt 0.25483751 0.06351053
vt 0.25838161 0.06351053
vt 0.68529570 0.17219920
vt 0.65237862 0.12734219
vt 0.68529570 0.12734219
vt 0.58654422 0.12734219
vt 0.61946142 0.12734219
vt 0.42195839 0.17219920
vt 0.52070987 0.12734219
vt 0.55362707 0.12734219
vt 0.45487550 0.12734219
vt 0.48779270 0.12734219
vt 0.42195839 0.12734219
vt 0.64767611 0.21705620
vt 0.68529570 0.21705620
vt 0.61005652 0.21705620
vt 0.57243693 0.21705620
vt 0.53481728 0.21705620
vt 0.49719760 0.21705620
vt 0.45957801 0.21705620
vt 0.42195839 0.21705620
vt 0.95687371 0.55905879
vt 0.96118170 0.55905879
vt 0.96118170 0.56114441
vt 0.95256591 0.56467581
vt 0.96118170 0.56322992
vt 0.96118170 0.56531549
vt 0.95256591 0.56191838
vt 0.96118170 0.56948662
vt 0.95256591 0.56733638
vt 0.96118170 0.56740111
vt 0.95256591 0.57255691
vt 0.96118170 0.57157218
vt 0.96118170 0.57365781
vt 0.95256591 0.56990522
vt 0.95256591 0.55905879
vt 0.95256591 0.57548982
vt 0.96118170 0.57574332
vt 0.96118170 0.57782882
vt 0.96118170 0.57991439
vt 0.95256591 0.57846391
vt 0.96118170 0.58408552
vt 0.95400190 0.58307731
vt 0.96118170 0.58200002
vt 0.95400190 0.58113861
vt 0.96118170 0.58617109
vt 0.95256591 0.58775252
vt 0.95256591 0.58541489
vt 0.95687371 0.59242779
vt 0.96118170 0.59034222
vt 0.96118170 0.59242779
vt 0.96118170 0.58825672
vt 0.95256591 0.59009022
vt 0.95256591 0.58113861
vt 0.95256591 0.58307731
vt 0.95256591 0.59242779
vt 0.10784410 0.25158671
vt 0.10784410 0.21560940
vt 0.10925560 0.21560940
vt 0.11066710 0.21560940
vt 0.11207860 0.28756389
vt 0.11066710 0.28756389
vt 0.11349010 0.21560940
vt 0.11207860 0.21560940
vt 0.10925560 0.28756389
vt 0.10784410 0.28756389
vt 0.11490150 0.21560940
vt 0.11631300 0.28756389
vt 0.11490150 0.28756389
vt 0.11913600 0.25158671
vt 0.11772450 0.21560940
vt 0.11913600 0.21560940
vt 0.11631300 0.21560940
vt 0.11772450 0.28756389
vt 0.11349010 0.28756389
vt 0.11913600 0.28756389
vt 0.05471038 0.07710820
vt 0.05398303 0.07364398
vt 0.05471038 0.07364398
vt 0.05325531 0.07884031
vt 0.05325531 0.07364398
vt 0.05252796 0.07364398
vt 0.05471038 0.08057242
vt 0.05180037 0.07364398
vt 0.05034536 0.07884031
vt 0.05107271 0.07364398
vt 0.05034536 0.07364398
vt 0.04961764 0.07364398
vt 0.04889029 0.07364398
vt 0.04889029 0.07710820
vt 0.05398303 0.08403664
vt 0.05471038 0.08403664
vt 0.05325531 0.08403664
vt 0.05252796 0.08403664
vt 0.05180037 0.08403664
vt 0.05107271 0.08403664
vt 0.04961764 0.08403664
vt 0.04889029 0.08057242
vt 0.05034536 0.08403664
vt 0.04889029 0.08403664
vt 0.32535809 0.12517260
vt 0.32915130 0.12517260
vt 0.32915130 0.13276210
vt 0.32156500 0.13276210
vt 0.32156500 0.12517260
vt 0.32535809 0.14035170
vt 0.32156500 0.14035170
vt 0.32915130 0.14035170
vt 0.64947402 0.32372859
vt 0.59620059 0.35133490
vt 0.57980388 0.30650079
vt 0.56505322 0.33547691
vt 0.59455460 0.27752471
vt 0.64045262 0.26440650
vt 0.62734801 0.36719280
vt 0.67160010 0.28026441
vt 0.60930520 0.24854849
vt 0.16717970 0.21560940
vt 0.16576821 0.25158671
vt 0.16576821 0.21560940
vt 0.16717970 0.28756389
vt 0.16859120 0.21560940
vt 0.17000259 0.28756389
vt 0.16859120 0.28756389
vt 0.16576821 0.28756389
vt 0.17141411 0.28756389
vt 0.17000259 0.21560940
vt 0.17141411 0.21560940
vt 0.17282560 0.28756389
vt 0.17423710 0.21560940
vt 0.17564860 0.28756389
vt 0.17423710 0.28756389
vt 0.17705999 0.25158671
vt 0.17564860 0.21560940
vt 0.17705999 0.21560940
vt 0.17282560 0.21560940
vt 0.17705999 0.28756389
vt 0.26373371 0.02641087
vt 0.26412049 0.02641087
vt 0.26412049 0.02847224
vt 0.26334691 0.03053343
vt 0.26334691 0.02641087
vt 0.26296011 0.02641087
vt 0.26296011 0.03053343
vt 0.26257330 0.02847224
vt 0.26257330 0.02641087
vt 0.26373371 0.03053343
vt 0.26257330 0.03053343
vt 0.26412049 0.03053343
vt 0.15274620 0.01508486
vt 0.16029289 0.01508486
vt 0.16029289 0.01697045
vt 0.14897279 0.01697045
vt 0.14897279 0.02074170
vt 0.16029289 0.01885592
vt 0.16029289 0.02074170
vt 0.16029289 0.02262729
vt 0.14519949 0.01508486
vt 0.13765280 0.01508486
vt 0.13765280 0.01697045
vt 0.13765280 0.02074170
vt 0.13765280 0.01885592
vt 0.13765280 0.02262729
vt 0.14897279 0.02262729
vt 0.14897279 0.02451276
vt 0.16029289 0.02451276
vt 0.16029289 0.02639842
vt 0.13765280 0.02451276
vt 0.14897279 0.02828413
vt 0.14897279 0.02639842
vt 0.16029289 0.02828413
vt 0.16029289 0.03016972
vt 0.15274620 0.03016972
vt 0.13765280 0.02639842
vt 0.13765280 0.02828413
vt 0.14519949 0.03016972
vt 0.13765280 0.03016972
vt 0.02435541 0.41219911
vt 0.02435541 0.39930311
vt 0.02601861 0.39930311
vt 0.02435541 0.42509511
vt 0.02601861 0.43799111
vt 0.02435541 0.43799111
vt 0.02768218 0.41219911
vt 0.02768218 0.43799111
vt 0.02768218 0.42509511
vt 0.02768218 0.39930311
vt 0.26373371 0.01341414
vt 0.26412049 0.01341414
vt 0.26412049 0.01547527
vt 0.26334691 0.01341414
vt 0.26373371 0.01753646
vt 0.26334691 0.01753646
vt 0.26296011 0.01753646
vt 0.26296011 0.01341414
vt 0.26257330 0.01547527
vt 0.26257330 0.01341414
vt 0.26257330 0.01753646
vt 0.26412049 0.01753646
vt 0.92907512 0.59132600
vt 0.92792952 0.58316809
vt 0.92849380 0.55053627
vt 0.92792952 0.56685221
vt 0.92792952 0.55053627
vt 0.92905807 0.55053627
vt 0.92851079 0.63211572
vt 0.92909211 0.63211572
vt 0.92792952 0.59948403
vt 0.92792952 0.61579990
vt 0.92792952 0.63211572
vt 0.17708990 0.63183802
vt 0.17708990 0.50215328
vt 0.18026210 0.50215328
vt 0.18184820 0.76152271
vt 0.18343429 0.50215328
vt 0.17708990 0.76152271
vt 0.18660641 0.50215328
vt 0.18660641 0.53457451
vt 0.18660641 0.66425908
vt 0.18660641 0.56699568
vt 0.18660641 0.59941691
vt 0.18660641 0.63183802
vt 0.18660641 0.69668031
vt 0.18660641 0.72910148
vt 0.18660641 0.76152271
vt 0.17708990 0.63183802
vt 0.17708990 0.50215328
vt 0.18184820 0.50215328
vt 0.18660641 0.63183802
vt 0.18026210 0.76152271
vt 0.17708990 0.76152271
vt 0.18343429 0.76152271
vt 0.18660641 0.53457451
vt 0.18660641 0.50215328
vt 0.18660641 0.56699568
vt 0.18660641 0.59941691
vt 0.18660641 0.66425908
vt 0.18660641 0.69668031
vt 0.18660641 0.72910148
vt 0.18660641 0.76152271
vt 0.48332790 0.33821669
vt 0.42103320 0.30650079
vt 0.43578380 0.27752471
vt 0.46857730 0.36719280
vt 0.40628251 0.33547691
vt 0.48168191 0.26440650
vt 0.45053449 0.24854849
vt 0.49807870 0.30924061
vt 0.51282930 0.28026441
vt 0.82284027 0.12403920
vt 0.81851000 0.11690200
vt 0.82284027 0.11690200
vt 0.82198977 0.12545450
vt 0.82132381 0.13816039
vt 0.81775481 0.12741791
vt 0.81699950 0.13793381
vt 0.81669778 0.14005540
vt 0.81991518 0.14400209
vt 0.81597751 0.14220020
vt 0.81481928 0.14424521
vt 0.81325310 0.14605901
vt 0.81618422 0.14924660
vt 0.73623461 0.12403920
vt 0.73839968 0.11690200
vt 0.74056482 0.11690200
vt 0.74132007 0.12741791
vt 0.73623461 0.11690200
vt 0.73708510 0.12545450
vt 0.73775101 0.13816039
vt 0.73913950 0.14395700
vt 0.74309742 0.14220020
vt 0.74425560 0.14424521
vt 0.74237710 0.14005540
vt 0.74207538 0.13793381
vt 0.74582171 0.14605901
vt 0.80925649 0.14857730
vt 0.81135952 0.14752790
vt 0.81075788 0.15263860
vt 0.80707651 0.14918430
vt 0.80494177 0.14937450
vt 0.80489647 0.15226080
vt 0.79916811 0.15226080
vt 0.80494177 0.15370411
vt 0.80489647 0.15370411
vt 0.78033751 0.15370411
vt 0.79343963 0.15226080
vt 0.79343963 0.15370411
vt 0.79223961 0.14937450
vt 0.75199831 0.14918430
vt 0.74827093 0.15262111
vt 0.74981838 0.14857730
vt 0.74284101 0.14919969
vt 0.74771541 0.14752790
vt 0.76723528 0.15370411
vt 0.77953738 0.14937450
vt 0.76683527 0.14937450
vt 0.75413311 0.15370411
vt 0.75413311 0.14937450
vt 0.71823192 0.69719052
vt 0.68118101 0.68296880
vt 0.68305552 0.67928791
vt 0.67930651 0.68664968
vt 0.71260840 0.70823312
vt 0.67743200 0.69033051
vt 0.74778491 0.72613567
vt 0.75340831 0.71509308
vt 0.78858471 0.73299563
vt 0.78296131 0.74403822
vt 0.82376111 0.75089818
vt 0.82001209 0.75826001
vt 0.81813771 0.76194078
vt 0.82188660 0.75457913
vt 0.03884875 0.02427434
vt 0.03884875 0.02209746
vt 0.04662293 0.02209746
vt 0.05439668 0.02645123
vt 0.03884875 0.02645123
vt 0.03884875 0.02862823
vt 0.05439668 0.02862823
vt 0.04662293 0.03080511
vt 0.03884875 0.03080511
vt 0.05439668 0.02427434
vt 0.05439668 0.03080511
vt 0.05439668 0.02209746
vt 0.31194291 0.13344000
vt 0.31446490 0.13402420
vt 0.31194291 0.13402420
vt 0.31194291 0.13430861
vt 0.31446490 0.13430861
vt 0.31194291 0.13458841
vt 0.31446490 0.13486341
vt 0.31194291 0.13486341
vt 0.31194291 0.13566120
vt 0.31446490 0.13513380
vt 0.31446490 0.13566120
vt 0.31194291 0.13513380
vt 0.31446490 0.13458841
vt 0.02683866 0.07980966
vt 0.02572023 0.07743698
vt 0.02683866 0.07743698
vt 0.02460211 0.08099597
vt 0.02348381 0.07743698
vt 0.02460211 0.07743698
vt 0.02236557 0.07743698
vt 0.02012902 0.08099597
vt 0.02683866 0.08218228
vt 0.02124708 0.07743698
vt 0.01901072 0.07743698
vt 0.02012902 0.07743698
vt 0.01789242 0.08099597
vt 0.02236557 0.08455491
vt 0.01677399 0.07743698
vt 0.01789242 0.07743698
vt 0.01565587 0.07743698
vt 0.01565587 0.08099597
vt 0.01453757 0.07743698
vt 0.01341933 0.08099597
vt 0.01341933 0.07743698
vt 0.01118278 0.07743698
vt 0.01118278 0.08099597
vt 0.01006448 0.07743698
vt 0.01230084 0.07743698
vt 0.00894618 0.07743698
vt 0.00894618 0.07980966
vt 0.01901072 0.08455491
vt 0.02572023 0.08455491
vt 0.02683866 0.08455491
vt 0.02460211 0.08455491
vt 0.02348381 0.08455491
vt 0.02124708 0.08455491
vt 0.02012902 0.08455491
vt 0.01789242 0.08455491
vt 0.01677399 0.08455491
vt 0.01453757 0.08455491
vt 0.01565587 0.08455491
vt 0.01230084 0.08455491
vt 0.01006448 0.08455491
vt 0.00894618 0.08218228
vt 0.01341933 0.08455491
vt 0.01118278 0.08455491
vt 0.00894618 0.08455491
vt 0.00664163 0.19085270
vt 0.07279485 0.18981950
vt 0.07279485 0.19085270
vt 0.07279485 0.19188580
vt 0.00664163 0.19188580
vt 0.00664163 0.19291881
vt 0.03971827 0.19291881
vt 0.03971827 0.18878640
vt 0.00664163 0.18981950
vt 0.00664163 0.18878640
vt 0.07279485 0.18878640
vt 0.07279485 0.19291881
vt 0.02568012 0.00646120
vt 0.02568012 0.00111246
vt 0.02671504 0.00111246
vt 0.02771496 0.01181000
vt 0.02671504 0.01181000
vt 0.02568012 0.01181000
vt 0.02961593 0.00646120
vt 0.02868133 0.00111246
vt 0.02961593 0.00111246
vt 0.02868133 0.01181000
vt 0.02961593 0.01181000
vt 0.33447379 0.12517260
vt 0.33826691 0.12517260
vt 0.33826691 0.13023220
vt 0.33068061 0.12517260
vt 0.33068061 0.13023220
vt 0.33826691 0.13529190
vt 0.33447379 0.14035170
vt 0.33826691 0.14035170
vt 0.33068061 0.14035170
vt 0.33068061 0.13529190
vt 0.10786070 0.10407680
vt 0.10786620 0.10752060
vt 0.09451586 0.10407680
vt 0.10786990 0.11096440
vt 0.10786830 0.12473980
vt 0.09451586 0.12473970
vt 0.10786470 0.12129590
vt 0.10786080 0.11785210
vt 0.09451586 0.11785210
vt 0.10786070 0.13162670
vt 0.08090150 0.10407680
vt 0.08090150 0.11096440
vt 0.08090150 0.12473970
vt 0.08090150 0.13162740
vt 0.08090150 0.11785210
vt 0.09451586 0.13162740
vt 0.10785540 0.13851510
vt 0.09451586 0.13851510
vt 0.10784620 0.14195900
vt 0.09451586 0.15229040
vt 0.10785430 0.15229040
vt 0.10786050 0.15573430
vt 0.10784100 0.14540270
vt 0.09451586 0.14540270
vt 0.10786070 0.15917809
vt 0.08090150 0.13851510
vt 0.08090150 0.14540270
vt 0.08090150 0.15917809
vt 0.08090150 0.15229040
vt 0.06143170 0.40151370
vt 0.06221967 0.40151370
vt 0.06221967 0.42177480
vt 0.06066375 0.43190539
vt 0.06064361 0.40151370
vt 0.06145209 0.46229720
vt 0.06221967 0.44203600
vt 0.06221967 0.46229720
vt 0.06068426 0.46229720
vt 0.18752161 0.03205519
vt 0.17620170 0.03016972
vt 0.18752161 0.03016972
vt 0.16488160 0.03205519
vt 0.16488160 0.03394097
vt 0.18752161 0.03582656
vt 0.18752161 0.03394097
vt 0.16488160 0.03016972
vt 0.16488160 0.03771203
vt 0.18752161 0.03771203
vt 0.18752161 0.03959769
vt 0.18752161 0.04336899
vt 0.16488160 0.04148340
vt 0.18752161 0.04148340
vt 0.17620170 0.04525446
vt 0.18752161 0.04525446
vt 0.16488160 0.03959769
vt 0.16488160 0.04525446
vt 0.16488160 0.04336899
vt 0.93978250 0.61293840
vt 0.93312031 0.61632842
vt 0.93144077 0.61303109
vt 0.93810302 0.60964108
vt 0.94644469 0.60954827
vt 0.94476521 0.60625100
vt 0.46424001 0.54065132
vt 0.43759850 0.55421013
vt 0.43333951 0.54584682
vt 0.45998091 0.53228801
vt 0.40669811 0.55940562
vt 0.40882760 0.56358719
vt 0.41095710 0.56776887
vt 0.48662230 0.51872921
vt 0.51539332 0.50935203
vt 0.51752281 0.51353371
vt 0.51326382 0.50517040
vt 0.49088129 0.52709252
vt 0.00650793 0.39960861
vt 0.00650793 0.39660230
vt 0.00900650 0.40393850
vt 0.01150476 0.39660230
vt 0.01150476 0.40243539
vt 0.01150476 0.40826851
vt 0.42332900 0.91277289
vt 0.40192360 0.84358782
vt 0.41502309 0.84544992
vt 0.43748960 0.87676960
vt 0.42838731 0.84734970
vt 0.44659191 0.90618938
vt 0.44473451 0.98195809
vt 0.46479651 0.96502912
vt 0.45569411 0.93560922
vt 0.92568648 0.55053627
vt 0.92625082 0.55053627
vt 0.92625082 0.56685221
vt 0.92511088 0.57772952
vt 0.92625082 0.58316809
vt 0.92512220 0.55053627
vt 0.92625082 0.59948403
vt 0.92509961 0.60492259
vt 0.92625082 0.61579990
vt 0.92566961 0.63211572
vt 0.92625082 0.63211572
vt 0.92508829 0.63211572
vt 0.43065441 0.88398951
vt 0.43633911 0.88622451
vt 0.42940131 0.88652420
vt 0.43224359 0.88764173
vt 0.43380249 0.88219982
vt 0.43190759 0.88145483
vt 0.43569741 0.88294482
vt 0.43759221 0.88368982
vt 0.43508601 0.88875908
vt 0.94081622 0.54582292
vt 0.94015479 0.54295200
vt 0.94081622 0.54295200
vt 0.93883717 0.54295200
vt 0.93949509 0.54869378
vt 0.93883717 0.54869378
vt 0.93949509 0.54295200
vt 0.93818098 0.54869378
vt 0.93818098 0.54295200
vt 0.93752652 0.54295200
vt 0.93752652 0.54869378
vt 0.93622261 0.54295200
vt 0.93687367 0.54869378
vt 0.93622261 0.54869378
vt 0.93557322 0.54582292
vt 0.93557322 0.54295200
vt 0.93687367 0.54295200
vt 0.94015479 0.54869378
vt 0.93557322 0.54869378
vt 0.94081622 0.54869378
vt 0.34347221 0.17791431
vt 0.33958161 0.18375030
vt 0.33958161 0.17791431
vt 0.34347221 0.18375030
vt 0.34736279 0.17791431
vt 0.34736279 0.18375030
vt 0.00718290 0.00488454
vt 0.00797111 0.00455481
vt 0.00850374 0.00541472
vt 0.00771564 0.00574446
vt 0.00639468 0.00521433
vt 0.00692749 0.00607419
vt 0.00560665 0.00554407
vt 0.00613934 0.00640404
vt 0.11061900 0.43304250
vt 0.11418530 0.42686200
vt 0.11418530 0.43518811
vt 0.10705270 0.43922311
vt 0.11418530 0.44351429
vt 0.10883590 0.45184049
vt 0.11418530 0.45184049
vt 0.10348640 0.45184049
vt 0.10348640 0.44540370
vt 0.75340831 0.72613567
vt 0.71823192 0.74403822
vt 0.71260840 0.73299563
vt 0.74778491 0.71509308
vt 0.67743200 0.75089818
vt 0.68024379 0.75641948
vt 0.68305552 0.76194078
vt 0.82094938 0.68480921
vt 0.78296131 0.69719052
vt 0.81813771 0.67928791
vt 0.82376111 0.69033051
vt 0.78858471 0.70823312
vt 0.31893861 0.18659250
vt 0.31411681 0.18586640
vt 0.31818619 0.18325751
vt 0.31926289 0.18837629
vt 0.31523040 0.19316410
vt 0.31954890 0.19022800
vt 0.31311229 0.18177301
vt 0.31173730 0.17732599
vt 0.31641230 0.17732599
vt 0.31732759 0.18019921
vt 0.31979421 0.19214199
vt 0.32039219 0.20019349
vt 0.31570429 0.19987769
vt 0.32029459 0.19814250
vt 0.32049850 0.20433000
vt 0.31580499 0.20315270
vt 0.32045820 0.20225820
vt 0.32051331 0.20640530
vt 0.31583831 0.20640530
vt 0.31552121 0.19657220
vt 0.31999761 0.19410810
vt 0.03884875 0.03298193
vt 0.03884875 0.03080511
vt 0.04662293 0.03080511
vt 0.05439668 0.03515881
vt 0.03884875 0.03515881
vt 0.03884875 0.03733569
vt 0.05439668 0.03733569
vt 0.04662293 0.03951251
vt 0.03884875 0.03951251
vt 0.05439668 0.03298193
vt 0.05439668 0.03951251
vt 0.05439668 0.03080511
vt 0.00718290 0.00488454
vt 0.00797111 0.00455481
vt 0.00850374 0.00541472
vt 0.00771564 0.00574446
vt 0.00639468 0.00521433
vt 0.00692749 0.00607419
vt 0.00560665 0.00554407
vt 0.00613934 0.00640404
vt 0.68529570 0.05387645
vt 0.64767611 0.00901961
vt 0.68529570 0.00901961
vt 0.57243693 0.00901961
vt 0.61005652 0.00901961
vt 0.53481728 0.00901961
vt 0.42195839 0.03892415
vt 0.49719760 0.00901961
vt 0.42195839 0.00901961
vt 0.45957801 0.00901961
vt 0.55362707 0.09873372
vt 0.65237862 0.09873372
vt 0.61946142 0.09873372
vt 0.58654422 0.09873372
vt 0.42195839 0.06882899
vt 0.48779270 0.09873372
vt 0.52070987 0.09873372
vt 0.45487550 0.09873372
vt 0.42195839 0.09873372
vt 0.68529570 0.09873372
vt 0.33412221 0.21713980
vt 0.33023161 0.21713980
vt 0.33315900 0.21422181
vt 0.33801281 0.21422181
vt 0.33608630 0.21130380
vt 0.33801281 0.21130380
vt 0.33801281 0.21713980
vt 0.91073871 0.54268318
vt 0.91000611 0.54401320
vt 0.91000611 0.54269952
vt 0.91115808 0.54267383
vt 0.91074151 0.54532701
vt 0.91000611 0.54532701
vt 0.91132492 0.54532701
vt 0.91156232 0.54266483
vt 0.91195208 0.54265708
vt 0.91190279 0.54532701
vt 0.91232830 0.54265118
vt 0.91304260 0.54264587
vt 0.91304260 0.54398638
vt 0.91247541 0.54532701
vt 0.91304260 0.54532701
vt 0.26491380 0.49549261
vt 0.26602501 0.49412450
vt 0.26602501 0.50622553
vt 0.26739290 0.49301299
vt 0.26739290 0.50733691
vt 0.26892531 0.49221900
vt 0.26892531 0.50813091
vt 0.26366219 0.49861801
vt 0.26366219 0.50173199
vt 0.26351941 0.50017500
vt 0.26412001 0.49702531
vt 0.26412001 0.50332469
vt 0.26491380 0.50485730
vt 0.27051759 0.49176109
vt 0.27051759 0.50858891
vt 0.27207431 0.49161819
vt 0.27863431 0.49161819
vt 0.27491361 0.50873172
vt 0.28519419 0.49161819
vt 0.28042129 0.51025951
vt 0.28800011 0.49199301
vt 0.29070190 0.49314600
vt 0.28270751 0.51210427
vt 0.28938431 0.49247351
vt 0.29298821 0.49499080
vt 0.29191419 0.49399391
vt 0.27207431 0.50873172
vt 0.29463631 0.49729279
vt 0.27771941 0.50910652
vt 0.28435549 0.51440620
vt 0.32133499 0.54751623
vt 0.29770491 0.53951788
vt 0.30798560 0.52240449
vt 0.33468440 0.57262802
vt 0.32440370 0.58974141
vt 0.31105441 0.56462967
vt 0.34803379 0.59773970
vt 0.33775309 0.61485320
vt 0.36138311 0.62285137
vt 0.35110250 0.63996488
vt 0.36303121 0.62515342
vt 0.36531749 0.62699819
vt 0.36054450 0.64563942
vt 0.36410519 0.62615031
vt 0.35503680 0.64411157
vt 0.36663511 0.62767071
vt 0.37082511 0.62852591
vt 0.36710450 0.64563942
vt 0.36801940 0.62815118
vt 0.37366441 0.62852591
vt 0.37366441 0.64563942
vt 0.37522110 0.62866879
vt 0.37834579 0.62992072
vt 0.37681350 0.64503860
vt 0.37681350 0.62912673
vt 0.38082489 0.63240027
vt 0.37971371 0.64313322
vt 0.37971371 0.63103211
vt 0.37834579 0.64424461
vt 0.37522110 0.64549661
vt 0.38161871 0.63393301
vt 0.38082489 0.64176500
vt 0.35275051 0.64226693
vt 0.35382459 0.64326370
vt 0.35635439 0.64478421
vt 0.35773870 0.64526469
vt 0.38207659 0.63863969
vt 0.38161871 0.64023232
vt 0.38207659 0.63552570
vt 0.38221940 0.63708258
vt 0.42840850 0.32372859
vt 0.40628251 0.28026441
vt 0.43742990 0.26440650
vt 0.48168191 0.35133490
vt 0.45053449 0.36719280
vt 0.48332790 0.27752471
vt 0.49807870 0.30650079
vt 0.51282930 0.33547691
vt 0.46857730 0.24854849
vt 0.22853249 0.02698945
vt 0.21960381 0.06743359
vt 0.21960381 0.03597718
vt 0.21960381 0.09889006
vt 0.22853249 0.16180301
vt 0.21960381 0.16180301
vt 0.21960381 0.13034651
vt 0.21960381 0.19325940
vt 0.21960381 0.22471580
vt 0.22853249 0.29661629
vt 0.21960381 0.28762880
vt 0.21960381 0.25617230
vt 0.96711099 0.51093280
vt 0.95886880 0.50752121
vt 0.96315938 0.50833899
vt 0.96970671 0.51488167
vt 0.97052509 0.51916927
vt 0.83064938 0.50752121
vt 0.69813949 0.50833899
vt 0.70243013 0.50752121
vt 0.69418788 0.51093280
vt 0.69077379 0.51916927
vt 0.69159222 0.51488167
vt 0.83064938 0.59342599
vt 0.95886880 0.59342599
vt 0.97052509 0.58177787
vt 0.96970671 0.58606547
vt 0.96711099 0.59001428
vt 0.96315938 0.59260821
vt 0.69418788 0.59001428
vt 0.69159222 0.58606547
vt 0.70243013 0.59342599
vt 0.69077379 0.58177787
vt 0.69813949 0.59260821
vt 0.87163663 0.62387681
vt 0.86263382 0.62845898
vt 0.86154598 0.62763888
vt 0.87081498 0.62292123
vt 0.88036168 0.61874890
vt 0.88063961 0.61929440
vt 0.88008398 0.61820340
vt 0.71865100 0.44147149
vt 0.71751618 0.43971151
vt 0.71839207 0.44075471
vt 0.71872258 0.44225609
vt 0.71732181 0.44469899
vt 0.71348792 0.43667251
vt 0.67424703 0.45156541
vt 0.70945948 0.43363360
vt 0.71859008 0.44303271
vt 0.71827620 0.44372720
vt 0.67942291 0.46890169
vt 0.69837242 0.45680040
vt 0.63903439 0.46949720
vt 0.65988928 0.48148879
vt 0.65943182 0.48212680
vt 0.66047353 0.48100311
vt 0.65907079 0.48361629
vt 0.65915293 0.48286089
vt 0.60382187 0.48742899
vt 0.65915388 0.48847759
vt 0.65749490 0.49123749
vt 0.65911239 0.48604691
vt 0.65905488 0.48930070
vt 0.65872002 0.49009550
vt 0.65817529 0.49076411
vt 0.62907082 0.50571239
vt 0.56860930 0.50536090
vt 0.60064662 0.52018720
vt 0.57222247 0.53466213
vt 0.53339678 0.52329272
vt 0.53677613 0.54543167
vt 0.53613502 0.54498851
vt 0.53537530 0.54471701
vt 0.54379839 0.54913688
vt 0.54295450 0.54942018
vt 0.54112828 0.54917902
vt 0.54202271 0.54944152
vt 0.53858149 0.54705900
vt 0.54038692 0.54868633
vt 0.53457087 0.54465532
vt 0.53380501 0.54479879
vt 0.49818420 0.54122448
vt 0.51625299 0.55049658
vt 0.49452031 0.55249172
vt 0.49760929 0.55635142
vt 0.49645969 0.55610561
vt 0.49870089 0.55619448
vt 0.49547350 0.55546552
vt 0.49449190 0.55356127
vt 0.49481320 0.55458182
vt 0.79890043 0.22416130
vt 0.79706770 0.22440340
vt 0.79796523 0.22414009
vt 0.79974723 0.22444570
vt 0.79632348 0.22489791
vt 0.79451168 0.22653100
vt 0.79269987 0.22816411
vt 0.82827282 0.23897210
vt 0.82464671 0.26837790
vt 0.78930861 0.25038210
vt 0.79129410 0.22888140
vt 0.79205662 0.22860900
vt 0.85679817 0.25349870
vt 0.75223982 0.21745220
vt 0.75339341 0.21720541
vt 0.75448900 0.21736290
vt 0.75125003 0.21809450
vt 0.75058740 0.21898130
vt 0.75026488 0.22000550
vt 0.75029337 0.22107890
vt 0.78971821 0.22879930
vt 0.79048687 0.22894339
vt 0.75397038 0.23238640
vt 0.76623201 0.22117510
vt 0.77797520 0.22498719
vt 0.85998482 0.28637370
vt 0.88532382 0.26802510
vt 0.97516251 0.33092830
vt 0.97388959 0.32925609
vt 0.97484738 0.33023140
vt 0.97004187 0.33731121
vt 0.93066108 0.32236519
vt 0.94536400 0.31103939
vt 0.89532292 0.30436951
vt 0.91683841 0.29282260
vt 0.97529542 0.33170769
vt 0.97522348 0.33249509
vt 0.97408462 0.33426139
vt 0.97496361 0.33321449
vt 0.96599931 0.34036100
vt 0.91541493 0.28449529
vt 0.91384917 0.28255159
vt 0.91507882 0.28369769
vt 0.91551417 0.28532141
vt 0.91453212 0.28302670
vt 0.91547251 0.28776070
vt 0.91579300 0.29169479
vt 0.91625220 0.29233509
vt 0.91551322 0.29095820
vt 0.91543078 0.29020011
vt 0.12174400 0.01508486
vt 0.13306411 0.01508486
vt 0.13306411 0.01697045
vt 0.13306411 0.02074170
vt 0.11042400 0.01885592
vt 0.13306411 0.01885592
vt 0.11042400 0.02262729
vt 0.11042400 0.02074170
vt 0.11042400 0.01697045
vt 0.11042400 0.01508486
vt 0.13306411 0.02451270
vt 0.11042400 0.02639842
vt 0.11042400 0.02451276
vt 0.12174400 0.03016972
vt 0.13306411 0.02828413
vt 0.13306411 0.03016972
vt 0.13306411 0.02639842
vt 0.11042400 0.02828413
vt 0.11042400 0.03016972
vt 0.27919579 0.01855891
vt 0.27869639 0.01749676
vt 0.27919579 0.01749676
vt 0.27844670 0.01749676
vt 0.27819699 0.01962143
vt 0.27819699 0.01749676
vt 0.27844670 0.01962143
vt 0.27794731 0.01749676
vt 0.27794731 0.01962143
vt 0.27769759 0.01749676
vt 0.27719831 0.01855891
vt 0.27719831 0.01749676
vt 0.27769759 0.01962143
vt 0.27869639 0.01962143
vt 0.27719831 0.01962143
vt 0.27919579 0.01962143
vt 0.30262569 0.38996390
vt 0.30086091 0.42952719
vt 0.30084220 0.38996390
vt 0.29907289 0.42786369
vt 0.29905891 0.38996390
vt 0.29727539 0.38996390
vt 0.29727539 0.40865049
vt 0.30440900 0.41242939
vt 0.30440900 0.38996390
vt 0.30263960 0.43207651
vt 0.30440900 0.43489489
vt 0.29727539 0.42733711
vt 0.03884875 0.02427434
vt 0.03884875 0.02209746
vt 0.04662293 0.02209746
vt 0.05439668 0.02645123
vt 0.03884875 0.02645123
vt 0.03884875 0.02862823
vt 0.05439668 0.02862823
vt 0.04662293 0.03080511
vt 0.03884875 0.03080511
vt 0.05439668 0.02427434
vt 0.05439668 0.03080511
vt 0.05439668 0.02209746
vt 0.73573959 0.07838380
vt 0.73635560 0.07166868
vt 0.75844508 0.07838380
vt 0.73833013 0.06479966
vt 0.75944149 0.07315915
vt 0.75868201 0.07580107
vt 0.74654633 0.05228883
vt 0.74175388 0.05818963
vt 0.75244588 0.04749542
vt 0.75844508 0.12096520
vt 0.73573959 0.16354661
vt 0.73573959 0.12096520
vt 0.75844508 0.16354661
vt 0.73573959 0.20612800
vt 0.75844508 0.20612800
vt 0.73573959 0.24870940
vt 0.75905472 0.04407083
vt 0.76592231 0.04209583
vt 0.76487070 0.06650364
vt 0.77263612 0.04147994
vt 0.77005380 0.06442695
vt 0.81059682 0.06419003
vt 0.81059682 0.04147994
vt 0.84855759 0.04147994
vt 0.84855759 0.06419003
vt 0.88651842 0.04147994
vt 0.77263612 0.06419003
vt 0.76075828 0.07061684
vt 0.76260161 0.06834727
vt 0.76741242 0.06518656
vt 0.75844508 0.24870940
vt 0.73573959 0.29129079
vt 0.75844508 0.29129079
vt 0.73573959 0.33387220
vt 0.75844508 0.33387220
vt 0.75844508 0.37645361
vt 0.73573959 0.37645361
vt 0.73833013 0.43261909
vt 0.73635560 0.42575011
vt 0.75844508 0.41903499
vt 0.74175388 0.43922910
vt 0.74654633 0.44512999
vt 0.75868201 0.42161781
vt 0.73573959 0.41903499
vt 0.75944149 0.42425969
vt 0.75244588 0.44992331
vt 0.76075828 0.42680201
vt 0.76260161 0.42907161
vt 0.75905472 0.45334780
vt 0.76592231 0.45532280
vt 0.76487070 0.43091509
vt 0.76741242 0.43223220
vt 0.77005380 0.43299180
vt 0.77263612 0.45593891
vt 0.77263612 0.43322879
vt 0.81059682 0.43322879
vt 0.81059682 0.45593891
vt 0.84855759 0.43322879
vt 0.88651842 0.06419003
vt 0.92447913 0.04147994
vt 0.92447913 0.06419003
vt 0.92970282 0.06518656
vt 0.92706132 0.06442695
vt 0.93119287 0.04209583
vt 0.93224448 0.06650364
vt 0.93806052 0.04407083
vt 0.93451363 0.06834727
vt 0.93635690 0.07061684
vt 0.94466919 0.04749542
vt 0.93767369 0.07315915
vt 0.95056891 0.05228883
vt 0.93843317 0.07580107
vt 0.95536131 0.05818963
vt 0.93866998 0.07838380
vt 0.95878500 0.06479966
vt 0.96075958 0.07166868
vt 0.96137547 0.07838380
vt 0.96137547 0.12096520
vt 0.96137547 0.16354661
vt 0.93866998 0.16354661
vt 0.93866998 0.12096520
vt 0.96137547 0.20612800
vt 0.93866998 0.20612800
vt 0.96137547 0.24870940
vt 0.93866998 0.24870940
vt 0.96137547 0.29129079
vt 0.93119287 0.45532280
vt 0.92706132 0.43299180
vt 0.92970282 0.43223220
vt 0.92447913 0.45593891
vt 0.92447913 0.43322879
vt 0.93635690 0.42680201
vt 0.94466919 0.44992331
vt 0.93451363 0.42907161
vt 0.93806052 0.45334780
vt 0.93224448 0.43091509
vt 0.84855759 0.45593891
vt 0.88651842 0.43322879
vt 0.88651842 0.45593891
vt 0.93767369 0.42425969
vt 0.93866998 0.29129079
vt 0.96137547 0.33387220
vt 0.93866998 0.33387220
vt 0.96137547 0.37645361
vt 0.96137547 0.41903499
vt 0.93866998 0.41903499
vt 0.93866998 0.37645361
vt 0.95056891 0.44512999
vt 0.95536131 0.43922910
vt 0.93843317 0.42161781
vt 0.95878500 0.43261909
vt 0.96075958 0.42575011
vt 0.06752604 0.42889741
vt 0.07052671 0.42823669
vt 0.07052671 0.42893171
vt 0.06752604 0.42922771
vt 0.07052671 0.42927030
vt 0.06752604 0.42988840
vt 0.07052671 0.42960301
vt 0.07052671 0.42993021
vt 0.07052671 0.43025190
vt 0.06752604 0.43054909
vt 0.06752604 0.43021879
vt 0.06752604 0.42955801
vt 0.07052671 0.43087941
vt 0.27992481 0.04068017
vt 0.27921581 0.04171520
vt 0.27921581 0.04068017
vt 0.27989039 0.04275012
vt 0.28022769 0.04275012
vt 0.27921581 0.04275012
vt 0.28056499 0.04275012
vt 0.28027031 0.04068017
vt 0.28061000 0.04068017
vt 0.28090230 0.04275012
vt 0.28191429 0.04068017
vt 0.28157699 0.04275012
vt 0.28127289 0.04068017
vt 0.28094420 0.04068017
vt 0.28123969 0.04275012
vt 0.96917337 0.55271298
vt 0.98066831 0.56188577
vt 0.96509022 0.55811357
vt 0.97486383 0.57733113
vt 0.97325671 0.54731250
vt 0.98807991 0.57645911
vt 0.98463732 0.59654868
vt 0.99549162 0.59103233
vt 0.12105070 0.39615479
vt 0.13688239 0.39615479
vt 0.13688239 0.39974850
vt 0.10521910 0.39615479
vt 0.07355576 0.39974850
vt 0.08938741 0.39615479
vt 0.07355576 0.39615479
vt 0.12105070 0.40334219
vt 0.10521910 0.40334219
vt 0.07355576 0.40334219
vt 0.08938741 0.40334219
vt 0.13688239 0.40334219
vt 0.37667841 0.13709110
vt 0.37693071 0.12893380
vt 0.37971309 0.12749080
vt 0.37406701 0.13799299
vt 0.37364361 0.14669131
vt 0.37120321 0.14705241
vt 0.36833939 0.15611149
vt 0.37060881 0.15629150
vt 0.36757401 0.16589180
vt 0.36652479 0.16553129
vt 0.36547571 0.16517089
vt 0.12490560 0.52184087
vt 0.10979960 0.51865703
vt 0.11071050 0.51686817
vt 0.10888880 0.52044570
vt 0.11162130 0.51507950
vt 0.13818990 0.52860242
vt 0.12217310 0.52720708
vt 0.13682351 0.53128552
vt 0.13545731 0.53396851
vt 0.06773352 0.08154404
vt 0.06727635 0.08076286
vt 0.07003045 0.07954305
vt 0.06819063 0.08232522
vt 0.07140183 0.08188658
vt 0.06864774 0.08310633
vt 0.07324171 0.07910442
vt 0.07369881 0.07988560
vt 0.07415592 0.08066678
vt 0.07278460 0.07832330
vt 0.26739290 0.49301299
vt 0.26892531 0.49221900
vt 0.26892531 0.50813091
vt 0.27051759 0.49176109
vt 0.27051759 0.50858891
vt 0.26491380 0.49549261
vt 0.26491380 0.50485730
vt 0.26412001 0.49702531
vt 0.26602501 0.49412450
vt 0.26602501 0.50622553
vt 0.26739290 0.50733691
vt 0.27207431 0.49161819
vt 0.27207431 0.50873172
vt 0.27863431 0.49161819
vt 0.28519419 0.49161819
vt 0.28042129 0.51025951
vt 0.28785890 0.49195561
vt 0.29052779 0.49304360
vt 0.28270751 0.51210427
vt 0.28921190 0.49240181
vt 0.29176521 0.49387571
vt 0.27491361 0.50873172
vt 0.29288381 0.49488121
vt 0.26366219 0.50173199
vt 0.26351941 0.50017500
vt 0.26366219 0.49861801
vt 0.26412001 0.50332469
vt 0.27771941 0.50910652
vt 0.29463631 0.49729279
vt 0.28435549 0.51440620
vt 0.29384929 0.49603221
vt 0.30798560 0.52240449
vt 0.29770491 0.53951788
vt 0.32133499 0.54751623
vt 0.31105441 0.56462967
vt 0.32440370 0.58974141
vt 0.33468440 0.57262802
vt 0.34803379 0.59773970
vt 0.33775309 0.61485320
vt 0.36138311 0.62285137
vt 0.35110250 0.63996488
vt 0.36303121 0.62515342
vt 0.36710450 0.64563942
vt 0.36801940 0.62815118
vt 0.37082511 0.62852591
vt 0.36531749 0.62699819
vt 0.35773870 0.64526469
vt 0.35275051 0.64226693
vt 0.35503680 0.64411157
vt 0.36054450 0.64563942
vt 0.37366441 0.64563942
vt 0.37681350 0.64503860
vt 0.37681350 0.62912673
vt 0.37971371 0.63103211
vt 0.38161871 0.63393301
vt 0.37971371 0.64313322
vt 0.38161871 0.64023232
vt 0.38221940 0.63708258
vt 0.37366441 0.62852591
vt 0.00931239 0.05714166
vt 0.01702123 0.05714166
vt 0.01702123 0.05863338
vt 0.00160330 0.05855983
vt 0.00160330 0.05714166
vt 0.00160330 0.05997788
vt 0.01702123 0.06007444
vt 0.00160330 0.06139630
vt 0.00931239 0.06281447
vt 0.01702123 0.06146728
vt 0.01702123 0.06281447
vt 0.00160330 0.06281447
vt 0.27265841 0.01197975
vt 0.27233231 0.01608747
vt 0.27233231 0.01197206
vt 0.27201080 0.01608747
vt 0.27201080 0.01196146
vt 0.27169380 0.01401799
vt 0.27169380 0.01194894
vt 0.27298909 0.01403576
vt 0.27298909 0.01198399
vt 0.27265841 0.01608747
vt 0.27298909 0.01608747
vt 0.27169380 0.01608747
vt 0.06585747 0.03080511
vt 0.06067466 0.03189355
vt 0.06067466 0.03080511
vt 0.06067466 0.03407037
vt 0.07622277 0.03298193
vt 0.07622277 0.03407037
vt 0.06067466 0.03298193
vt 0.07622277 0.03515881
vt 0.06067466 0.03515881
vt 0.06067466 0.03624725
vt 0.07622277 0.03733569
vt 0.06067466 0.03733569
vt 0.06585747 0.03951251
vt 0.06067466 0.03951251
vt 0.06067466 0.03842407
vt 0.07622277 0.03624725
vt 0.07104009 0.03080511
vt 0.07622277 0.03189355
vt 0.07622277 0.03080511
vt 0.07104009 0.03951251
vt 0.07622277 0.03842407
vt 0.07622277 0.03951251
vt 0.81109440 0.42866161
vt 0.81354392 0.42516190
vt 0.81354392 0.42888090
vt 0.81354392 0.43259990
vt 0.81140047 0.42516190
vt 0.81053340 0.43507329
vt 0.81267190 0.44069541
vt 0.81291729 0.43407470
vt 0.81242651 0.44731599
vt 0.80997241 0.44148499
vt 0.81140351 0.45335680
vt 0.80941141 0.44789669
vt 0.80854690 0.45578721
vt 0.80885041 0.45430851
vt 0.80867612 0.45882040
vt 0.74972868 0.42888090
vt 0.75197768 0.42636850
vt 0.75208330 0.42757511
vt 0.74972868 0.42516190
vt 0.75187212 0.42516190
vt 0.74972868 0.43259990
vt 0.75266802 0.43425849
vt 0.75035542 0.43407470
vt 0.75383753 0.44762510
vt 0.75084621 0.44731599
vt 0.75325280 0.44094181
vt 0.75186932 0.45335680
vt 0.75442231 0.45430851
vt 0.75472522 0.45578530
vt 0.75060081 0.44069541
vt 0.75459659 0.45882040
vt 0.80705303 0.45839509
vt 0.80792832 0.45716971
vt 0.80595928 0.45944440
vt 0.80678028 0.46090010
vt 0.80470520 0.46027991
vt 0.80467498 0.46238601
vt 0.80331898 0.46089280
vt 0.80035537 0.46351460
vt 0.80035537 0.46138760
vt 0.79411572 0.46138760
vt 0.79411572 0.46351460
vt 0.78787613 0.46138760
vt 0.78163642 0.46138760
vt 0.78787613 0.46351460
vt 0.78163642 0.46351460
vt 0.75994229 0.46088889
vt 0.75859767 0.46238601
vt 0.75856698 0.46027961
vt 0.75649238 0.46090010
vt 0.75534260 0.45716661
vt 0.75730860 0.45944059
vt 0.76140893 0.46126229
vt 0.77539670 0.46138760
vt 0.76915687 0.46138760
vt 0.77539670 0.46351460
vt 0.76915687 0.46351460
vt 0.76291722 0.46138760
vt 0.76291722 0.46351460
vt 0.93642378 0.57907701
vt 0.93175250 0.58295918
vt 0.93175250 0.57907701
vt 0.94081622 0.58684140
vt 0.93175250 0.58684140
vt 0.94315177 0.58295918
vt 0.94987983 0.58684140
vt 0.36128959 0.07142877
vt 0.35532761 0.07202243
vt 0.35532761 0.07142877
vt 0.34936550 0.07202243
vt 0.34936550 0.07142877
vt 0.05415689 0.66613042
vt 0.03411149 0.66613042
vt 0.03411149 0.62572312
vt 0.03411149 0.70653772
vt 0.05415689 0.70653772
vt 0.03411149 0.74694490
vt 0.05415689 0.74694490
vt 0.07420247 0.66613042
vt 0.07420247 0.70653772
vt 0.07420247 0.74694490
vt 0.07420247 0.58531582
vt 0.09424787 0.54490852
vt 0.09424787 0.58531582
vt 0.09424787 0.70653772
vt 0.09424787 0.74694490
vt 0.11429320 0.54490852
vt 0.11429320 0.58531582
vt 0.09424787 0.62572312
vt 0.11429320 0.62572312
vt 0.13433860 0.54490852
vt 0.13433860 0.58531582
vt 0.13433860 0.62572312
vt 0.13433860 0.66613042
vt 0.01406615 0.52592939
vt 0.01442670 0.52202767
vt 0.01557040 0.51804179
vt 0.01406615 0.55592871
vt 0.02865755 0.57018280
vt 0.02728742 0.57129598
vt 0.01756280 0.51420498
vt 0.02034080 0.51077741
vt 0.02376753 0.50799870
vt 0.03411149 0.54490852
vt 0.02617418 0.57266653
vt 0.01406615 0.58592808
vt 0.02492064 0.57579720
vt 0.02492064 0.57891637
vt 0.02477759 0.57735682
vt 0.02537924 0.57420182
vt 0.01406615 0.61592740
vt 0.02728742 0.58341759
vt 0.02865755 0.58453089
vt 0.02617418 0.58204710
vt 0.02537924 0.58051193
vt 0.02760314 0.50600582
vt 0.03158807 0.50486201
vt 0.03548884 0.50450128
vt 0.03991729 0.56878561
vt 0.03334659 0.56878561
vt 0.05985701 0.50450128
vt 0.03178715 0.56892872
vt 0.07420247 0.54490852
vt 0.08422517 0.50450128
vt 0.04648798 0.56878561
vt 0.04929852 0.56916088
vt 0.05200487 0.57031590
vt 0.03019237 0.56938738
vt 0.05429488 0.57216382
vt 0.05594563 0.57446969
vt 0.06931698 0.59962398
vt 0.08268827 0.62477827
vt 0.03019237 0.58532631
vt 0.01406615 0.67592603
vt 0.01406615 0.64592671
vt 0.03178715 0.58578497
vt 0.03334659 0.58592808
vt 0.01406615 0.70592541
vt 0.01406615 0.73592472
vt 0.03619045 0.58592808
vt 0.01756280 0.77764851
vt 0.01557040 0.77381158
vt 0.01406615 0.76592398
vt 0.01442670 0.76982570
vt 0.02034080 0.78107601
vt 0.02376753 0.78385478
vt 0.02760314 0.78584772
vt 0.03158807 0.78699148
vt 0.03885960 0.58626598
vt 0.04153293 0.58735579
vt 0.04564785 0.59161222
vt 0.04389274 0.58919662
vt 0.08576202 0.66707510
vt 0.07239073 0.64192080
vt 0.05901920 0.61676651
vt 0.03548884 0.78735220
vt 0.05985701 0.78735220
vt 0.08422517 0.78735220
vt 0.09605962 0.64993262
vt 0.13296150 0.50450128
vt 0.10859330 0.50450128
vt 0.10943090 0.67508698
vt 0.12280230 0.70024133
vt 0.12455760 0.70265692
vt 0.12359050 0.70150387
vt 0.12567800 0.70366412
vt 0.12691741 0.70449758
vt 0.12823550 0.70514047
vt 0.12959071 0.70558751
vt 0.13225970 0.70592541
vt 0.09913337 0.69222951
vt 0.13686199 0.50486201
vt 0.14084700 0.50600582
vt 0.14468279 0.50799870
vt 0.15438400 0.52592939
vt 0.14810941 0.51077741
vt 0.15088750 0.51420498
vt 0.15287989 0.51804179
vt 0.15402339 0.52202767
vt 0.15438400 0.61592740
vt 0.13666300 0.70606852
vt 0.13510370 0.70592541
vt 0.15438400 0.64592671
vt 0.15438400 0.55592871
vt 0.15438400 0.58592808
vt 0.15438400 0.67592603
vt 0.13979270 0.70732248
vt 0.11250470 0.71738380
vt 0.11415540 0.71968961
vt 0.11644550 0.72153759
vt 0.13825791 0.70652717
vt 0.13825791 0.72246611
vt 0.13979270 0.72167081
vt 0.13433860 0.74694490
vt 0.11915180 0.72269249
vt 0.10859330 0.78735220
vt 0.12196220 0.72306788
vt 0.12853301 0.72306788
vt 0.13510370 0.72306788
vt 0.13666300 0.72292483
vt 0.13686199 0.78699148
vt 0.13296150 0.78735220
vt 0.14084700 0.78584772
vt 0.15438400 0.70592541
vt 0.14227590 0.70980638
vt 0.14116290 0.70843577
vt 0.14307110 0.71134162
vt 0.14367270 0.71449661
vt 0.14352970 0.71293700
vt 0.14352970 0.71605629
vt 0.15438400 0.73592472
vt 0.14307110 0.71765172
vt 0.14227590 0.71918690
vt 0.14810941 0.78107601
vt 0.15438400 0.76592398
vt 0.14468279 0.78385478
vt 0.14116290 0.72055751
vt 0.15088750 0.77764851
vt 0.15287989 0.77381158
vt 0.15402339 0.76982570
vt 0.26192579 0.05390840
vt 0.26547000 0.05198848
vt 0.26901409 0.05198848
vt 0.27610239 0.05390840
vt 0.27610239 0.05198848
vt 0.27964661 0.05198848
vt 0.27255830 0.05198848
vt 0.25483751 0.05390840
vt 0.25483751 0.05198842
vt 0.25838161 0.05198842
vt 0.26192579 0.05198842
vt 0.26901409 0.05582910
vt 0.28319079 0.05582910
vt 0.28319079 0.05198848
vt 0.27610239 0.05582910
vt 0.26192579 0.05582910
vt 0.25483751 0.05582910
vt 0.25870541 0.02641087
vt 0.25909221 0.03053343
vt 0.25870541 0.03053343
vt 0.25831860 0.02641087
vt 0.25831860 0.03053343
vt 0.25793180 0.02641087
vt 0.25793180 0.02847224
vt 0.25947890 0.02847224
vt 0.25909221 0.02641087
vt 0.25947890 0.02641087
vt 0.25947890 0.03053343
vt 0.25793180 0.03053343
vt 0.12174400 0.01508486
vt 0.13306411 0.01508486
vt 0.13306411 0.01697045
vt 0.13306411 0.02074170
vt 0.11042400 0.01885592
vt 0.13306411 0.01885592
vt 0.11042400 0.02262729
vt 0.11042400 0.02074170
vt 0.11042400 0.01697045
vt 0.11042400 0.01508486
vt 0.13306411 0.02451270
vt 0.11042400 0.02639842
vt 0.11042400 0.02451276
vt 0.12174400 0.03016972
vt 0.13306411 0.02828413
vt 0.13306411 0.03016972
vt 0.13306411 0.02639842
vt 0.11042400 0.02828413
vt 0.11042400 0.03016972
vt 0.63913119 0.75491482
vt 0.61145937 0.72977543
vt 0.63913119 0.72977543
vt 0.55611569 0.72977543
vt 0.58378750 0.72977543
vt 0.41775641 0.75491482
vt 0.50077188 0.72977543
vt 0.52844381 0.72977543
vt 0.44542831 0.72977543
vt 0.47310010 0.72977543
vt 0.63913119 0.78005421
vt 0.63913119 0.80519360
vt 0.52844381 0.80519360
vt 0.41775641 0.78005421
vt 0.41775641 0.72977543
vt 0.41775641 0.80519360
vt 0.10521910 0.41748640
vt 0.13688239 0.41748640
vt 0.13688239 0.41928071
vt 0.09466463 0.42107549
vt 0.07355576 0.41748640
vt 0.13688239 0.42107549
vt 0.11577340 0.42107549
vt 0.07355576 0.42107549
vt 0.10786070 0.10407680
vt 0.10786620 0.10752060
vt 0.09451586 0.10407680
vt 0.10786990 0.11096440
vt 0.10786830 0.12473980
vt 0.09451586 0.12473970
vt 0.10786470 0.12129590
vt 0.10786080 0.11785210
vt 0.09451586 0.11785210
vt 0.10786070 0.13162670
vt 0.08090150 0.10407680
vt 0.08090150 0.11096440
vt 0.08090150 0.12473970
vt 0.08090150 0.13162740
vt 0.08090150 0.11785210
vt 0.09451586 0.13162740
vt 0.10785540 0.13851510
vt 0.09451586 0.13851510
vt 0.10784620 0.14195900
vt 0.09451586 0.15229040
vt 0.10785430 0.15229040
vt 0.10786050 0.15573430
vt 0.10784100 0.14540270
vt 0.09451586 0.14540270
vt 0.10786070 0.15917809
vt 0.08090150 0.13851510
vt 0.08090150 0.14540270
vt 0.08090150 0.15917809
vt 0.08090150 0.15229040
vt 0.01865226 0.48120430
vt 0.01865226 0.48302379
vt 0.01418668 0.48210499
vt 0.01418668 0.48302379
vt 0.01418668 0.48118621
vt 0.02311784 0.48212311
vt 0.02311784 0.48122251
vt 0.02311784 0.48302379
vt 0.40967080 0.66698498
vt 0.40669709 0.66114497
vt 0.43217340 0.64817822
vt 0.41264459 0.67282498
vt 0.46657109 0.65273112
vt 0.41561839 0.67866492
vt 0.51306307 0.61803740
vt 0.48312610 0.62224442
vt 0.50860238 0.60927749
vt 0.51752383 0.62679738
vt 0.45764971 0.63521123
vt 0.25962281 0.31836641
vt 0.26025531 0.31690991
vt 0.27545959 0.32357681
vt 0.28212619 0.32823390
vt 0.29066381 0.33024380
vt 0.30586800 0.33691069
vt 0.30462959 0.33810151
vt 0.06819063 0.05474931
vt 0.07140183 0.05518800
vt 0.06773352 0.05553036
vt 0.07003045 0.05753129
vt 0.06727635 0.05631154
vt 0.06864774 0.05396819
vt 0.07369881 0.05718880
vt 0.07415592 0.05640769
vt 0.07324171 0.05796992
vt 0.07278460 0.05875128
vt 0.18954711 0.10407680
vt 0.18955269 0.10752060
vt 0.17620219 0.10407680
vt 0.18955640 0.11096440
vt 0.18955471 0.12473980
vt 0.17620219 0.12473970
vt 0.18955110 0.12129590
vt 0.18954720 0.11785210
vt 0.17620219 0.11785210
vt 0.18954711 0.13162670
vt 0.16258790 0.10407680
vt 0.16258790 0.11096440
vt 0.16258790 0.12473970
vt 0.16258790 0.13162740
vt 0.16258790 0.11785210
vt 0.17620219 0.13162740
vt 0.18954180 0.13851510
vt 0.17620219 0.13851510
vt 0.18953259 0.14195900
vt 0.17620219 0.15229040
vt 0.18954080 0.15229040
vt 0.18954700 0.15573430
vt 0.18952750 0.14540270
vt 0.17620219 0.14540270
vt 0.18954711 0.15917809
vt 0.16258790 0.13851510
vt 0.16258790 0.14540270
vt 0.16258790 0.15917809
vt 0.16258790 0.15229040
vt 0.16232750 0.11096440
vt 0.13535909 0.11096440
vt 0.16232380 0.10752060
vt 0.16232230 0.12129590
vt 0.13535909 0.11785210
vt 0.16231839 0.11785210
vt 0.16232590 0.12473980
vt 0.13535909 0.12473970
vt 0.16231830 0.10407680
vt 0.13535909 0.10407680
vt 0.13535909 0.13162740
vt 0.16231830 0.13162670
vt 0.13535909 0.14540270
vt 0.16230381 0.14195900
vt 0.16229860 0.14540270
vt 0.13535909 0.13851510
vt 0.16231300 0.13851510
vt 0.16231810 0.15573430
vt 0.13535909 0.15229040
vt 0.16231200 0.15229040
vt 0.16231830 0.15917809
vt 0.14883859 0.15917809
vt 0.13535909 0.15917809
vt 0.03153598 0.57346952
vt 0.03026020 0.56478602
vt 0.03153598 0.56555247
vt 0.03153598 0.58138663
vt 0.03153598 0.58930367
vt 0.03027004 0.64797747
vt 0.02962476 0.56377703
vt 0.02647238 0.61683571
vt 0.02647238 0.55455220
vt 0.02772837 0.55865443
vt 0.02899104 0.56236470
vt 0.02773839 0.64797747
vt 0.03153598 0.71119988
vt 0.03153598 0.65025181
vt 0.03026020 0.74140292
vt 0.03153598 0.72630137
vt 0.03153598 0.74140292
vt 0.02772837 0.74140292
vt 0.02647238 0.67911929
vt 0.02899104 0.74140292
vt 0.02647238 0.74140292
vt 0.07152235 0.51776260
vt 0.08617287 0.52184087
vt 0.07015609 0.52044570
vt 0.08344036 0.52720708
vt 0.07288861 0.51507950
vt 0.09945714 0.52860242
vt 0.09809088 0.53128552
vt 0.09672462 0.53396851
vt 0.00664163 0.12995949
vt 0.00664163 0.12892631
vt 0.02869278 0.12892631
vt 0.00664163 0.13099261
vt 0.07279485 0.12995949
vt 0.07279485 0.13099261
vt 0.05074363 0.13305891
vt 0.02869278 0.13305891
vt 0.00664163 0.13202570
vt 0.00664163 0.13305891
vt 0.07279485 0.13202570
vt 0.05074363 0.12892631
vt 0.07279485 0.12892631
vt 0.07279485 0.13305891
vt 0.68118101 0.68296880
vt 0.71823192 0.69719052
vt 0.67930651 0.68664968
vt 0.68305552 0.67928791
vt 0.71260840 0.70823312
vt 0.67743200 0.69033051
vt 0.74778491 0.72613567
vt 0.75340831 0.71509308
vt 0.78858471 0.73299563
vt 0.78296131 0.74403822
vt 0.82376111 0.75089818
vt 0.82001209 0.75826001
vt 0.81813771 0.76194078
vt 0.82188660 0.75457913
vt 0.00160330 0.05281579
vt 0.00160330 0.05146867
vt 0.00931239 0.05146867
vt 0.00160330 0.05420845
vt 0.01702123 0.05288702
vt 0.01702123 0.05430501
vt 0.00160330 0.05564957
vt 0.01702123 0.05572324
vt 0.00931239 0.05714166
vt 0.00160330 0.05714166
vt 0.01702123 0.05714166
vt 0.01702123 0.05146867
vt 0.16717970 0.21560940
vt 0.16576821 0.25158671
vt 0.16576821 0.21560940
vt 0.16717970 0.28756389
vt 0.16859120 0.21560940
vt 0.17000259 0.28756389
vt 0.16859120 0.28756389
vt 0.16576821 0.28756389
vt 0.17141411 0.28756389
vt 0.17000259 0.21560940
vt 0.17141411 0.21560940
vt 0.17282560 0.21560940
vt 0.17423710 0.21560940
vt 0.17564860 0.28756389
vt 0.17423710 0.28756389
vt 0.17705999 0.25158671
vt 0.17564860 0.21560940
vt 0.17705999 0.21560940
vt 0.17282560 0.28756389
vt 0.17705999 0.28756389
vt 0.06796205 0.08193463
vt 0.06727635 0.08076286
vt 0.07003045 0.07954305
vt 0.07140183 0.08188658
vt 0.06864774 0.08310633
vt 0.07324171 0.07910442
vt 0.07369881 0.07988560
vt 0.07415592 0.08066678
vt 0.07278460 0.07832330
vt 0.41264459 0.61511737
vt 0.44109479 0.62224442
vt 0.40967080 0.62095737
vt 0.41561839 0.60927749
vt 0.44066560 0.64408648
vt 0.40669709 0.62679738
vt 0.46657109 0.63521123
vt 0.49204740 0.64817822
vt 0.47463390 0.66137570
vt 0.51752383 0.66114497
vt 0.51454997 0.66698498
vt 0.51157618 0.67282498
vt 0.50860238 0.67866492
vt 0.73443067 0.10445360
vt 0.74469727 0.09905040
vt 0.74618560 0.10074480
vt 0.75794029 0.09703600
vt 0.73152590 0.10320620
vt 0.75786871 0.09489458
vt 0.77104002 0.09073877
vt 0.76969510 0.09332716
vt 0.95977241 0.78540289
vt 0.93056601 0.80491978
vt 0.93107837 0.78540289
vt 0.96373320 0.78615820
vt 0.96738112 0.78855371
vt 0.96977723 0.79220051
vt 0.97053272 0.79616022
vt 0.87369043 0.78540289
vt 0.90238452 0.78540289
vt 0.85063273 0.80491978
vt 0.84499651 0.78540289
vt 0.81066620 0.80491978
vt 0.81630242 0.78540289
vt 0.84417659 0.80906898
vt 0.81712228 0.80906898
vt 0.89828533 0.80906898
vt 0.87123102 0.80906898
vt 0.93711591 0.81257612
vt 0.97053272 0.82493621
vt 0.94335222 0.81881070
vt 0.94055700 0.81537062
vt 0.94534922 0.82266432
vt 0.94686007 0.83058381
vt 0.97053272 0.85371208
vt 0.94650078 0.82666892
vt 0.93326122 0.81057972
vt 0.92925560 0.80942822
vt 0.92533958 0.80906898
vt 0.77069950 0.80491978
vt 0.75891441 0.78540289
vt 0.78760850 0.78540289
vt 0.73073280 0.80491978
vt 0.73022038 0.78540289
vt 0.69094580 0.79420280
vt 0.70152640 0.78540289
vt 0.79006791 0.80906898
vt 0.69756567 0.78615820
vt 0.69956851 0.78558248
vt 0.69563830 0.78715640
vt 0.69391781 0.78855371
vt 0.69252020 0.79027373
vt 0.69152170 0.79220051
vt 0.69076622 0.79616022
vt 0.73595917 0.80906898
vt 0.76301360 0.80906898
vt 0.73204333 0.80942822
vt 0.72803771 0.81057972
vt 0.72418302 0.81257612
vt 0.72074193 0.81537062
vt 0.69076622 0.82493621
vt 0.71794671 0.81881070
vt 0.71594971 0.82266432
vt 0.71479797 0.82666892
vt 0.71443868 0.83058381
vt 0.69076622 0.85371208
vt 0.94686007 0.85371208
vt 0.94686007 0.87684041
vt 0.97053272 0.88248801
vt 0.94650078 0.88075531
vt 0.94534922 0.88475978
vt 0.94335222 0.88861340
vt 0.94055700 0.89205360
vt 0.97053272 0.91126388
vt 0.93711591 0.89484811
vt 0.93056601 0.90250432
vt 0.93326122 0.89684451
vt 0.92533958 0.89835513
vt 0.92925560 0.89799589
vt 0.89828533 0.89835513
vt 0.85063273 0.90250432
vt 0.95977241 0.92202121
vt 0.96977723 0.91522360
vt 0.96738112 0.91887051
vt 0.96373320 0.92126590
vt 0.93107837 0.92202121
vt 0.90238452 0.92202121
vt 0.81712228 0.89835513
vt 0.84417659 0.89835513
vt 0.87123102 0.89835513
vt 0.81066620 0.90250432
vt 0.81630242 0.92202121
vt 0.84499651 0.92202121
vt 0.87369043 0.92202121
vt 0.73073280 0.90250432
vt 0.72803771 0.89684451
vt 0.73204333 0.89799589
vt 0.72418302 0.89484811
vt 0.69076622 0.91126388
vt 0.72074193 0.89205360
vt 0.77069950 0.90250432
vt 0.76301360 0.89835513
vt 0.79006791 0.89835513
vt 0.73595917 0.89835513
vt 0.78760850 0.92202121
vt 0.71443868 0.87684041
vt 0.69076622 0.88248801
vt 0.71479797 0.88075531
vt 0.71794671 0.88861340
vt 0.71594971 0.88475978
vt 0.70152640 0.92202121
vt 0.69094580 0.91322130
vt 0.75891441 0.92202121
vt 0.73022038 0.92202121
vt 0.69956851 0.92184162
vt 0.69756567 0.92126590
vt 0.69152170 0.91522360
vt 0.69563830 0.92026770
vt 0.69391781 0.91887051
vt 0.69252020 0.91715038
vt 0.07537174 0.42823669
vt 0.07837241 0.42893171
vt 0.07537174 0.42893171
vt 0.07537174 0.42927030
vt 0.07837241 0.42927030
vt 0.07537174 0.42993021
vt 0.07837241 0.42960301
vt 0.07837241 0.42993021
vt 0.07537174 0.43025190
vt 0.07837241 0.43087941
vt 0.07537174 0.43087941
vt 0.07837241 0.43025190
vt 0.07537174 0.42960301
vt 0.04889029 0.05275315
vt 0.04816257 0.04928874
vt 0.04889029 0.04928874
vt 0.04743522 0.05448526
vt 0.04743522 0.04928874
vt 0.04670763 0.04928874
vt 0.04889029 0.05621737
vt 0.04597997 0.04928874
vt 0.04452490 0.05448526
vt 0.04525262 0.04928874
vt 0.04452490 0.04928874
vt 0.04379755 0.04928874
vt 0.04306983 0.04928874
vt 0.04306983 0.05275315
vt 0.04816257 0.05968159
vt 0.04889029 0.05968159
vt 0.04743522 0.05968159
vt 0.04670763 0.05968159
vt 0.04597997 0.05968159
vt 0.04525262 0.05968159
vt 0.04379755 0.05968159
vt 0.04306983 0.05621737
vt 0.04452490 0.05968159
vt 0.04306983 0.05968159
vt 0.30262959 0.11540850
vt 0.30425200 0.12939140
vt 0.30343071 0.12979570
vt 0.30505320 0.14377850
vt 0.30180839 0.11581280
vt 0.30587441 0.14337420
vt 0.30749679 0.15735690
vt 0.30667561 0.15776120
vt 0.25909221 0.03940784
vt 0.25947890 0.03940784
vt 0.25947890 0.04146903
vt 0.25870541 0.03940784
vt 0.25909221 0.04353040
vt 0.25870541 0.04353040
vt 0.25831860 0.03940784
vt 0.25831860 0.04353040
vt 0.25793180 0.04146903
vt 0.25793180 0.03940784
vt 0.25793180 0.04353040
vt 0.25947890 0.04353040
vt 0.55362707 0.00901961
vt 0.68529570 0.00901961
vt 0.68529570 0.03892415
vt 0.55362707 0.09873372
vt 0.42195839 0.05387645
vt 0.42195839 0.00901961
vt 0.68529570 0.09873372
vt 0.65237862 0.09873372
vt 0.68529570 0.06882899
vt 0.61946142 0.09873372
vt 0.58654422 0.09873372
vt 0.52070987 0.09873372
vt 0.48779270 0.09873372
vt 0.45487550 0.09873372
vt 0.42195839 0.09873372
vt 0.63913119 0.76748449
vt 0.61145937 0.72977543
vt 0.63913119 0.72977543
vt 0.58378750 0.72977543
vt 0.52844381 0.72977543
vt 0.55611569 0.72977543
vt 0.41775641 0.75491482
vt 0.47310010 0.72977543
vt 0.50077188 0.72977543
vt 0.44542831 0.72977543
vt 0.52844381 0.80519360
vt 0.63913119 0.80519360
vt 0.41775641 0.72977543
vt 0.41775641 0.80519360
vt 0.41775641 0.78005421
vt 0.16231830 0.10407680
vt 0.16232380 0.10752060
vt 0.14897349 0.10407680
vt 0.16232750 0.11096440
vt 0.16232590 0.12473980
vt 0.14897349 0.12473970
vt 0.16232230 0.12129590
vt 0.16231839 0.11785210
vt 0.14897349 0.11785210
vt 0.16231830 0.13162670
vt 0.13535909 0.10407680
vt 0.13535909 0.11096440
vt 0.13535909 0.12473970
vt 0.13535909 0.13162740
vt 0.13535909 0.11785210
vt 0.14897349 0.13162740
vt 0.16231300 0.13851510
vt 0.14897349 0.13851510
vt 0.16230381 0.14195900
vt 0.14897349 0.15229040
vt 0.16231200 0.15229040
vt 0.16231810 0.15573430
vt 0.16229860 0.14540270
vt 0.14897349 0.14540270
vt 0.16231830 0.15917809
vt 0.13535909 0.13851510
vt 0.13535909 0.14540270
vt 0.13535909 0.15917809
vt 0.13535909 0.15229040
vt 0.55152953 0.55575258
vt 0.53708041 0.52736890
vt 0.55742079 0.51701301
vt 0.59702682 0.54450220
vt 0.56597871 0.58413649
vt 0.58739412 0.52557957
vt 0.57776129 0.50665712
vt 0.60665959 0.56342471
vt 0.49678031 0.02273315
vt 0.49307650 0.01134133
vt 0.59899408 0.06519287
vt 0.59708548 0.07373118
vt 0.70491171 0.11904440
vt 0.70115119 0.12188680
vt 0.69739068 0.12472920
vt 0.09165740 0.43124110
vt 0.08663707 0.42996559
vt 0.09048259 0.42645660
vt 0.08802509 0.42565531
vt 0.09294003 0.42725801
vt 0.09037476 0.43522421
vt 0.08711791 0.43690521
vt 0.08386105 0.43858629
vt 0.08524906 0.43427590
vt 0.38995200 0.54579580
vt 0.39389390 0.53803962
vt 0.40951470 0.54598391
vt 0.40368459 0.55277991
vt 0.42127621 0.55684608
vt 0.41741711 0.55976391
vt 0.42513540 0.55392832
vt 0.10784410 0.25158671
vt 0.10784410 0.21560940
vt 0.10925560 0.21560940
vt 0.11066710 0.21560940
vt 0.11207860 0.28756389
vt 0.11066710 0.28756389
vt 0.11207860 0.21560940
vt 0.11349010 0.28756389
vt 0.10925560 0.28756389
vt 0.10784410 0.28756389
vt 0.11490150 0.21560940
vt 0.11631300 0.28756389
vt 0.11490150 0.28756389
vt 0.11913600 0.25158671
vt 0.11772450 0.21560940
vt 0.11913600 0.21560940
vt 0.11631300 0.21560940
vt 0.11772450 0.28756389
vt 0.11913600 0.28756389
vt 0.86336172 0.55614311
vt 0.86336172 0.55465281
vt 0.87885451 0.55465281
vt 0.89478368 0.55614311
vt 0.86336172 0.55762541
vt 0.89616311 0.55762541
vt 0.86336172 0.55910021
vt 0.88198751 0.56056720
vt 0.86336172 0.56056720
vt 0.89827651 0.55910021
vt 0.90061331 0.56056720
vt 0.89434707 0.55465281
vt 0.88699001 0.62689137
vt 0.88489932 0.61938113
vt 0.88627470 0.61868072
vt 0.88352382 0.62008142
vt 0.88974082 0.62549061
vt 0.89183152 0.63300103
vt 0.89045608 0.63370132
vt 0.89320701 0.63230062
vt 0.26879841 0.02838796
vt 0.26879841 0.02779364
vt 0.27196550 0.02779364
vt 0.27513269 0.02898234
vt 0.26879841 0.02898234
vt 0.27513269 0.02957648
vt 0.26879841 0.02957648
vt 0.27196550 0.03017079
vt 0.26879841 0.03017079
vt 0.27513269 0.02838796
vt 0.27513269 0.03017079
vt 0.27513269 0.02779364
vt 0.35174820 0.00207204
vt 0.35130081 0.00048258
vt 0.35174820 0.00048258
vt 0.35130081 0.00286668
vt 0.35174820 0.00366151
vt 0.35085341 0.00048258
vt 0.35040599 0.00286668
vt 0.35040599 0.00048258
vt 0.34995851 0.00207204
vt 0.34995851 0.00048258
vt 0.35085341 0.00525099
vt 0.35130081 0.00525099
vt 0.35174820 0.00525099
vt 0.34995851 0.00366151
vt 0.35040599 0.00525099
vt 0.34995851 0.00525099
vt 0.32308680 0.24793600
vt 0.32140061 0.24737909
vt 0.32308680 0.24737909
vt 0.32308680 0.24821450
vt 0.32140061 0.24796490
vt 0.32140061 0.24825031
vt 0.32308680 0.24849281
vt 0.32140061 0.24853089
vt 0.32308680 0.24904990
vt 0.32140061 0.24880651
vt 0.32308680 0.24877140
vt 0.32140061 0.24960670
vt 0.32308680 0.24932830
vt 0.32308680 0.24960670
vt 0.32140061 0.24907769
vt 0.10460080 0.25436991
vt 0.10460080 0.25062111
vt 0.10903010 0.25117919
vt 0.08260673 0.25436991
vt 0.08810526 0.25062111
vt 0.07160967 0.25062111
vt 0.11355330 0.25296029
vt 0.11116990 0.25555730
vt 0.12184590 0.26035050
vt 0.11727740 0.25929931
vt 0.11791680 0.25603989
vt 0.12509550 0.26567349
vt 0.12153760 0.26505700
vt 0.06061244 0.25436991
vt 0.03861850 0.25436991
vt 0.05511409 0.25062111
vt 0.03861850 0.25062111
vt 0.03204917 0.25555730
vt 0.02966582 0.25296029
vt 0.03418916 0.25117919
vt 0.02530241 0.25603989
vt 0.02594178 0.25929931
vt 0.02137345 0.26035050
vt 0.02168178 0.26505700
vt 0.01812386 0.26567349
vt 0.12961911 0.28419471
vt 0.12329310 0.27149731
vt 0.12749860 0.27167439
vt 0.13043500 0.30621180
vt 0.12481020 0.28883740
vt 0.12632731 0.30617759
vt 0.12784450 0.32351771
vt 0.13114540 0.30788359
vt 0.13128071 0.32980910
vt 0.12784450 0.32980910
vt 0.12956260 0.32980910
vt 0.01992619 0.27149731
vt 0.01572072 0.27167439
vt 0.01840907 0.28883740
vt 0.01360023 0.28419471
vt 0.01278430 0.30621180
vt 0.01689195 0.30617759
vt 0.01365655 0.32980910
vt 0.01537472 0.32351771
vt 0.01537472 0.32980910
vt 0.01193869 0.32980910
vt 0.01207399 0.30788359
vt 0.88885587 0.90170699
vt 0.92629713 0.83891863
vt 0.89546531 0.89955813
vt 0.88224661 0.90385592
vt 0.93071997 0.80851930
vt 0.95712912 0.77827913
vt 0.97919351 0.71318263
vt 0.98796088 0.71763963
vt 0.00692749 0.02511793
vt 0.00560665 0.02564787
vt 0.00613934 0.02478814
vt 0.00771564 0.02544748
vt 0.00678891 0.02614253
vt 0.00850374 0.02577728
vt 0.00797111 0.02663737
vt 0.33253840 0.03679794
vt 0.33253840 0.03516072
vt 0.33345470 0.03516072
vt 0.33397391 0.03846693
vt 0.33417159 0.03516072
vt 0.33345121 0.03845518
vt 0.33253840 0.03843504
vt 0.33447760 0.03847801
vt 0.33560541 0.03516072
vt 0.33543220 0.03849518
vt 0.33488849 0.03516072
vt 0.33632231 0.03516072
vt 0.33632231 0.03683120
vt 0.33496350 0.03848785
vt 0.33632231 0.03850167
vt 0.63052052 0.25600171
vt 0.70115119 0.22484539
vt 0.70491171 0.22768781
vt 0.69739068 0.22200310
vt 0.63429987 0.26358891
vt 0.56365043 0.29000041
vt 0.56368822 0.29948989
vt 0.49678031 0.32399911
vt 0.49307650 0.33539090
vt 0.95977241 0.78540289
vt 0.93056601 0.80491978
vt 0.93107837 0.78540289
vt 0.96373320 0.78615820
vt 0.96738112 0.78855371
vt 0.96977723 0.79220051
vt 0.97053272 0.79616022
vt 0.87369043 0.78540289
vt 0.90238452 0.78540289
vt 0.85063273 0.80491978
vt 0.84499651 0.78540289
vt 0.92925560 0.80942822
vt 0.92533958 0.80906898
vt 0.89828533 0.80906898
vt 0.87123102 0.80906898
vt 0.81066620 0.80491978
vt 0.93711591 0.81257612
vt 0.94650078 0.82666892
vt 0.94534922 0.82266432
vt 0.97053272 0.82493621
vt 0.94335222 0.81881070
vt 0.94686007 0.83058381
vt 0.94686007 0.85371208
vt 0.97053272 0.85371208
vt 0.94686007 0.87684041
vt 0.94055700 0.81537062
vt 0.93326122 0.81057972
vt 0.84417659 0.80906898
vt 0.78760850 0.78540289
vt 0.81630242 0.78540289
vt 0.77069950 0.80491978
vt 0.75891441 0.78540289
vt 0.79006791 0.80906898
vt 0.76301360 0.80906898
vt 0.73073280 0.80491978
vt 0.81712228 0.80906898
vt 0.69756567 0.78615820
vt 0.70152640 0.78540289
vt 0.69391781 0.78855371
vt 0.73022038 0.78540289
vt 0.69152170 0.79220051
vt 0.69076622 0.79616022
vt 0.72418302 0.81257612
vt 0.73204333 0.80942822
vt 0.72803771 0.81057972
vt 0.73595917 0.80906898
vt 0.69076622 0.82493621
vt 0.72074193 0.81537062
vt 0.71794671 0.81881070
vt 0.71594971 0.82266432
vt 0.71479797 0.82666892
vt 0.69076622 0.85371208
vt 0.71443868 0.83058381
vt 0.71443868 0.85371208
vt 0.94650078 0.88075531
vt 0.97053272 0.88248801
vt 0.94534922 0.88475978
vt 0.94335222 0.88861340
vt 0.94055700 0.89205360
vt 0.93711591 0.89484811
vt 0.97053272 0.91126388
vt 0.93056601 0.90250432
vt 0.93326122 0.89684451
vt 0.92925560 0.89799589
vt 0.89828533 0.89835513
vt 0.92533958 0.89835513
vt 0.85063273 0.90250432
vt 0.96977723 0.91522360
vt 0.95977241 0.92202121
vt 0.96738112 0.91887051
vt 0.96373320 0.92126590
vt 0.93107837 0.92202121
vt 0.81712228 0.89835513
vt 0.84417659 0.89835513
vt 0.90238452 0.92202121
vt 0.87369043 0.92202121
vt 0.87123102 0.89835513
vt 0.81066620 0.90250432
vt 0.84499651 0.92202121
vt 0.81630242 0.92202121
vt 0.72418302 0.89484811
vt 0.69076622 0.91126388
vt 0.72074193 0.89205360
vt 0.69076622 0.88248801
vt 0.77069950 0.90250432
vt 0.76301360 0.89835513
vt 0.79006791 0.89835513
vt 0.73073280 0.90250432
vt 0.72803771 0.89684451
vt 0.73204333 0.89799589
vt 0.71443868 0.87684041
vt 0.71594971 0.88475978
vt 0.71794671 0.88861340
vt 0.71479797 0.88075531
vt 0.78760850 0.92202121
vt 0.73595917 0.89835513
vt 0.75891441 0.92202121
vt 0.73022038 0.92202121
vt 0.69152170 0.91522360
vt 0.70152640 0.92202121
vt 0.69391781 0.91887051
vt 0.69756567 0.92126590
vt 0.37279901 0.70911437
vt 0.37714010 0.72444588
vt 0.37279901 0.72444588
vt 0.36845800 0.70911437
vt 0.36845800 0.72444588
vt 0.37714010 0.73977751
vt 0.37279901 0.73977751
vt 0.36845800 0.73977751
vt 0.36411700 0.72444588
vt 0.36411700 0.73977751
vt 0.35977599 0.72444588
vt 0.35977599 0.73977751
vt 0.35543501 0.72444588
vt 0.35543501 0.73977751
vt 0.38148111 0.56687170
vt 0.37365720 0.56997371
vt 0.38148111 0.55579883
vt 0.37437761 0.57375091
vt 0.37753481 0.58153433
vt 0.38148111 0.57794440
vt 0.37861449 0.58185601
vt 0.37826109 0.58167291
vt 0.37681189 0.58167148
vt 0.37918630 0.58242780
vt 0.37893000 0.58211231
vt 0.37936941 0.58278131
vt 0.37950799 0.58350772
vt 0.37645981 0.58185279
vt 0.37279901 0.55579883
vt 0.36789390 0.56420988
vt 0.37137240 0.56649500
vt 0.36411700 0.55579883
vt 0.37570420 0.58277088
vt 0.37365720 0.57752812
vt 0.37588850 0.58241981
vt 0.37311411 0.58824933
vt 0.37137240 0.58100700
vt 0.36845800 0.58646202
vt 0.36789390 0.58329201
vt 0.37556159 0.58349442
vt 0.37614501 0.58210683
vt 0.37950799 0.59488869
vt 0.38148111 0.58901721
vt 0.38148111 0.60009003
vt 0.37950799 0.60626972
vt 0.38148111 0.61116278
vt 0.37950799 0.61765069
vt 0.38148111 0.62223560
vt 0.37950799 0.62903172
vt 0.38148111 0.63330841
vt 0.38148111 0.64438123
vt 0.37950799 0.64041281
vt 0.38148111 0.65545392
vt 0.37950799 0.65179378
vt 0.37511751 0.58570462
vt 0.37536681 0.58496118
vt 0.37476140 0.58642697
vt 0.37242121 0.58868158
vt 0.37374750 0.58771950
vt 0.37430161 0.58710587
vt 0.36522070 0.59251052
vt 0.35977599 0.58646202
vt 0.36225000 0.56366080
vt 0.36411700 0.56348938
vt 0.35543501 0.55579883
vt 0.36034009 0.56420988
vt 0.35850230 0.56516212
vt 0.36225000 0.58384120
vt 0.36411700 0.58401251
vt 0.36034009 0.58329201
vt 0.35850230 0.58233982
vt 0.35543501 0.58646202
vt 0.35686171 0.58100700
vt 0.35686171 0.56649500
vt 0.35457680 0.56997371
vt 0.35552889 0.56813568
vt 0.35402769 0.57188368
vt 0.34675291 0.56687170
vt 0.34675291 0.55579883
vt 0.35385641 0.57375091
vt 0.35552889 0.57936621
vt 0.35457680 0.57752812
vt 0.35109389 0.58646202
vt 0.35402769 0.57561821
vt 0.34675291 0.57794440
vt 0.35802031 0.59633940
vt 0.35081980 0.60016829
vt 0.34997040 0.60077649
vt 0.34960261 0.60117292
vt 0.34675291 0.58901721
vt 0.34675291 0.60009003
vt 0.34886429 0.60261750
vt 0.34872609 0.60365301
vt 0.34904170 0.60210657
vt 0.34928980 0.60162032
vt 0.34675291 0.61116278
vt 0.34872609 0.61513442
vt 0.34872609 0.62661588
vt 0.34675291 0.62223560
vt 0.34675291 0.63330841
vt 0.34675291 0.65545392
vt 0.34872609 0.64957869
vt 0.34872609 0.66106009
vt 0.34675291 0.64438123
vt 0.34872609 0.63809729
vt 0.34675291 0.66652668
vt 0.37950799 0.66317481
vt 0.37950799 0.67455578
vt 0.38148111 0.66652668
vt 0.38148111 0.67759949
vt 0.37950799 0.68593681
vt 0.38148111 0.68867230
vt 0.37950799 0.69731778
vt 0.38148111 0.69974512
vt 0.37919241 0.69886428
vt 0.38148111 0.71081787
vt 0.37936971 0.69835341
vt 0.37894431 0.69935060
vt 0.37863141 0.69979799
vt 0.37714010 0.70911437
vt 0.37741429 0.70080262
vt 0.37826359 0.70019442
vt 0.37021381 0.70463151
vt 0.36301339 0.70846027
vt 0.35581300 0.71228921
vt 0.35453901 0.71320158
vt 0.38148111 0.72189069
vt 0.38148111 0.73296350
vt 0.38148111 0.74403632
vt 0.38148111 0.75510901
vt 0.37571940 0.75510901
vt 0.36995769 0.75510901
vt 0.36419600 0.75510901
vt 0.35398731 0.71379620
vt 0.35351801 0.71446729
vt 0.35267249 0.71751642
vt 0.35287991 0.71596313
vt 0.35314581 0.71519673
vt 0.35843420 0.75510901
vt 0.35267249 0.74696892
vt 0.35267249 0.72994858
vt 0.35267249 0.72373247
vt 0.35253391 0.73067498
vt 0.35235080 0.73774892
vt 0.35209450 0.73134398
vt 0.35235080 0.73102838
vt 0.35209450 0.73743337
vt 0.35177910 0.73160028
vt 0.34961951 0.73717701
vt 0.34930399 0.73134398
vt 0.34961951 0.73160028
vt 0.34930399 0.73743337
vt 0.34904769 0.73102838
vt 0.34886459 0.73810238
vt 0.34886459 0.73067498
vt 0.34872609 0.68402290
vt 0.34675291 0.67759949
vt 0.34872609 0.67254150
vt 0.34872609 0.69550431
vt 0.34675291 0.68867230
vt 0.34675291 0.69974512
vt 0.34872609 0.71846718
vt 0.34675291 0.71081787
vt 0.34872609 0.70698577
vt 0.34872609 0.72994858
vt 0.34675291 0.72189069
vt 0.34675291 0.73296350
vt 0.35142559 0.73699391
vt 0.35142559 0.73178339
vt 0.35177910 0.73717701
vt 0.35069931 0.73685539
vt 0.35069931 0.73192197
vt 0.34997299 0.73178339
vt 0.35267249 0.73882872
vt 0.35267249 0.75510901
vt 0.35253391 0.73810238
vt 0.34997299 0.73699391
vt 0.34904769 0.73774892
vt 0.34675291 0.74403632
vt 0.34872609 0.73882872
vt 0.34872609 0.74696892
vt 0.34675291 0.75510901
vt 0.34872609 0.75510901
vt 0.33537149 0.06585365
vt 0.33406940 0.06180632
vt 0.33725849 0.06345391
vt 0.33787671 0.06950819
vt 0.33667359 0.06990092
vt 0.33907989 0.06911545
vt 0.08932709 0.44250190
vt 0.08876287 0.44049749
vt 0.08932709 0.44049749
vt 0.08876287 0.44350421
vt 0.08932709 0.44450641
vt 0.08819866 0.44049749
vt 0.08763444 0.44350421
vt 0.08763444 0.44049749
vt 0.08707022 0.44250190
vt 0.08707022 0.44049749
vt 0.08876287 0.44651079
vt 0.08932709 0.44651079
vt 0.08819866 0.44651079
vt 0.08763444 0.44651079
vt 0.08707022 0.44450641
vt 0.08707022 0.44651079
vt 0.00614351 0.46794900
vt 0.00056257 0.46236551
vt 0.00614351 0.46236551
vt 0.00335306 0.47353241
vt 0.00056257 0.46794900
vt 0.00056257 0.47353241
vt 0.00614351 0.47353241
vt 0.02835828 0.41219911
vt 0.02835828 0.39930311
vt 0.02946722 0.39930311
vt 0.03057605 0.39930311
vt 0.02946722 0.43799111
vt 0.02835828 0.43799111
vt 0.02835828 0.42509511
vt 0.03168505 0.41219911
vt 0.03168505 0.39930311
vt 0.03168505 0.42509511
vt 0.03168505 0.43799111
vt 0.03057605 0.43799111
vt 0.75972271 0.64153928
vt 0.71981478 0.64178699
vt 0.75768059 0.63735580
vt 0.79758853 0.63710803
vt 0.72185701 0.64597058
vt 0.68297011 0.64831012
vt 0.68194902 0.64621830
vt 0.68399107 0.65040189
vt 0.87195867 0.62545639
vt 0.83341217 0.62849307
vt 0.87127799 0.62406188
vt 0.87263942 0.62685090
vt 0.87332022 0.62824547
vt 0.79554641 0.63292438
vt 0.83545440 0.63267672
vt 0.63512248 0.56823277
vt 0.63195312 0.54114962
vt 0.63494527 0.53968900
vt 0.63811481 0.56677222
vt 0.63177592 0.51260579
vt 0.63077849 0.51309258
vt 0.62978113 0.51357961
vt 0.62878370 0.51406640
vt 0.64612693 0.64875209
vt 0.64445370 0.62093848
vt 0.64762312 0.64802182
vt 0.64463079 0.64948243
vt 0.64146137 0.62239921
vt 0.63829201 0.59531599
vt 0.64128423 0.59385538
vt 0.10925560 0.34951210
vt 0.10784410 0.38548940
vt 0.10784410 0.34951210
vt 0.10925560 0.42146659
vt 0.11066710 0.34951210
vt 0.11207860 0.42146659
vt 0.11066710 0.42146659
vt 0.10784410 0.42146659
vt 0.11349010 0.34951210
vt 0.11349010 0.42146659
vt 0.11490150 0.34951210
vt 0.11631300 0.34951210
vt 0.11772450 0.42146659
vt 0.11631300 0.42146659
vt 0.11913600 0.38548940
vt 0.11772450 0.34951210
vt 0.11913600 0.34951210
vt 0.11490150 0.42146659
vt 0.11913600 0.42146659
vt 0.02683866 0.07980966
vt 0.02572023 0.07743698
vt 0.02683866 0.07743698
vt 0.02460211 0.08099597
vt 0.02348381 0.07743698
vt 0.02460211 0.07743698
vt 0.02236557 0.07743698
vt 0.02012902 0.08099597
vt 0.02683866 0.08218228
vt 0.02124708 0.07743698
vt 0.01901072 0.07743698
vt 0.02012902 0.07743698
vt 0.01789242 0.08099597
vt 0.02236557 0.08455491
vt 0.01677399 0.07743698
vt 0.01789242 0.07743698
vt 0.01565587 0.07743698
vt 0.01565587 0.08099597
vt 0.01453757 0.07743698
vt 0.01341933 0.08099597
vt 0.01341933 0.07743698
vt 0.01118278 0.07743698
vt 0.01118278 0.08099597
vt 0.01006448 0.07743698
vt 0.01230084 0.07743698
vt 0.00894618 0.07743698
vt 0.00894618 0.07980966
vt 0.01901072 0.08455491
vt 0.02572023 0.08455491
vt 0.02683866 0.08455491
vt 0.02460211 0.08455491
vt 0.02348381 0.08455491
vt 0.02124708 0.08455491
vt 0.02012902 0.08455491
vt 0.01789242 0.08455491
vt 0.01677399 0.08455491
vt 0.01453757 0.08455491
vt 0.01565587 0.08455491
vt 0.01230084 0.08455491
vt 0.01006448 0.08455491
vt 0.00894618 0.08218228
vt 0.01341933 0.08455491
vt 0.01118278 0.08455491
vt 0.00894618 0.08455491
vt 0.06528979 0.40151370
vt 0.06607788 0.40151370
vt 0.06606435 0.42177480
vt 0.06450164 0.40151370
vt 0.06450164 0.42177480
vt 0.06605076 0.44203600
vt 0.06526941 0.46229720
vt 0.06603723 0.46229720
vt 0.06450164 0.46229720
vt 0.06450164 0.44203600
vt 0.11490150 0.42146659
vt 0.16029289 0.03771203
vt 0.12478190 0.34951210
vt 0.17141411 0.34951210
vt 0.08319514 0.02639842
vt 0.32511839 0.25479841
vt 0.02771496 0.01181000
vt 0.10521910 0.46979579
vt 0.38501990 0.19045870
vt 0.17141411 0.34951210
vt 0.15056410 0.05489671
vt 0.13688239 0.41384479
vt 0.12478190 0.34951210
vt 0.16488160 0.03771203
vt 0.34510440 0.16289219
vt 0.13306411 0.03771203
vt 0.44082081 0.76659709
vt 0.02771496 0.00111246
vt 0.16029289 0.02451276
vt 0.11349010 0.21560940
vt 0.11631300 0.28756389
vt 0.08319514 0.02262729
vt 0.17141411 0.21560940
vt 0.16488160 0.03959769
vt 0.10583530 0.02262729
vt 0.33023161 0.17791431
vt 0.33801281 0.18375030
vt 0.96137547 0.12096520
vt 0.31446490 0.13344000
vt 0.02771496 0.00111246
vt 0.16488160 0.03582656
vt 0.13306411 0.02262729
vt 0.06752604 0.42823669
vt 0.06752604 0.43087941
vt 0.28191429 0.04275012
vt 0.36128959 0.07202243
vt 0.13306411 0.02262729
vt 0.71443868 0.85371208
vt 0.07837241 0.42823669
vt 0.11349010 0.21560940
vt 0.11207860 0.34951210
vt 0.35457680 0.57752812
vt 0.35552889 0.57936621
vt 0.35552889 0.57936621
vt 0.35686171 0.56649500
vt 0.36411700 0.56348938
vt 0.36411700 0.58401251
vt 0.35385641 0.57375091
vt 0.35402769 0.57188368
vt 0.35385641 0.57375091
vt 0.36789390 0.58329201
vt 0.36411700 0.58401251
vt 0.36789390 0.58329201
vt 0.36411700 0.56348938
vt 0.36225000 0.56366080
vt 0.36225000 0.56366080
vt 0.35402769 0.57561821
vt 0.35457680 0.57752812
vt 0.35457680 0.57752812
vt 0.35552889 0.56813568
vt 0.35686171 0.56649500
vt 0.35552889 0.56813568
vt 0.35402769 0.57561821
vt 0.35385641 0.57375091
vt 0.35402769 0.57561821
vt 0.35850230 0.56516212
vt 0.35686171 0.56649500
vt 0.35686171 0.56649500
vt 0.36034009 0.56420988
vt 0.36225000 0.56366080
vt 0.36034009 0.56420988
vt 0.36034009 0.56420988
vt 0.35850230 0.56516212
vt 0.35850230 0.56516212
vt 0.37365720 0.57752812
vt 0.37137240 0.58100700
vt 0.37365720 0.57752812
vt 0.37137240 0.56649500
vt 0.37365720 0.56997371
vt 0.37137240 0.56649500
vt 0.36225000 0.58384120
vt 0.36411700 0.58401251
vt 0.36411700 0.58401251
vt 0.36789390 0.56420988
vt 0.37137240 0.56649500
vt 0.36789390 0.56420988
vt 0.36034009 0.58329201
vt 0.35850230 0.58233982
vt 0.36034009 0.58329201
vt 0.36034009 0.58329201
vt 0.36225000 0.58384120
vt 0.36225000 0.58384120
vt 0.35552889 0.56813568
vt 0.35457680 0.56997371
vt 0.35457680 0.56997371
vt 0.35686171 0.58100700
vt 0.35850230 0.58233982
vt 0.35850230 0.58233982
vt 0.36789390 0.58329201
vt 0.37137240 0.58100700
vt 0.37137240 0.58100700
vt 0.35457680 0.56997371
vt 0.35402769 0.57188368
vt 0.35402769 0.57188368
vt 0.36411700 0.56348938
vt 0.36789390 0.56420988
vt 0.36411700 0.56348938
vt 0.37365720 0.57752812
vt 0.37437761 0.57375091
vt 0.37437761 0.57375091
vt 0.35686171 0.58100700
vt 0.35552889 0.57936621
vt 0.35686171 0.58100700
vt 0.37437761 0.57375091
vt 0.37365720 0.56997371
vt 0.37365720 0.56997371
vt 0.35457680 0.57752812
vt 0.36225000 0.58384120
vt 0.36034009 0.58329201
vt 0.35850230 0.58233982
vt 0.35686171 0.58100700
vt 0.35552889 0.57936621
vt 0.35457680 0.57752812
vt 0.35402769 0.57561821
vt 0.35385641 0.57375091
vt 0.35402769 0.57188368
vt 0.35457680 0.56997371
vt 0.35552889 0.56813568
vt 0.35850230 0.56516212
vt 0.36034009 0.56420988
vt 0.36225000 0.56366080
vt 0.36789390 0.56420988
vt 0.37137240 0.56649500
vt 0.37365720 0.56997371
vt 0.37437761 0.57375091
vt 0.37365720 0.57752812
vt 0.37137240 0.58100700
vt 0.36789390 0.58329201
vt 0.35402769 0.57188368
vt 0.36411700 0.58401251
vt 0.36411700 0.56348938
vt 0.35402769 0.57561821
vt 0.35686171 0.56649500
vt 0.35385641 0.57375091
vt 0.35850230 0.56516212
vt 0.36225000 0.56366080
vt 0.36034009 0.56420988
vt 0.37137240 0.58100700
vt 0.37365720 0.56997371
vt 0.36225000 0.58384120
vt 0.37137240 0.56649500
vt 0.35850230 0.58233982
vt 0.36034009 0.58329201
vt 0.35552889 0.56813568
vt 0.35686171 0.58100700
vt 0.36789390 0.58329201
vt 0.35457680 0.56997371
vt 0.36789390 0.56420988
vt 0.37365720 0.57752812
vt 0.35552889 0.57936621
vt 0.37437761 0.57375091
vt 0.02683866 0.07980966
vt 0.02460211 0.08099597
vt 0.02572023 0.07743698
vt 0.02683866 0.07743698
vt 0.02683866 0.08218228
vt 0.02572023 0.08455491
vt 0.02683866 0.08455491
vt 0.02460211 0.08455491
vt 0.02348381 0.08455491
vt 0.02236557 0.08455491
vt 0.02012902 0.08099597
vt 0.02124708 0.08455491
vt 0.02124708 0.07743698
vt 0.02236557 0.07743698
vt 0.02012902 0.07743698
vt 0.01789242 0.08099597
vt 0.01901072 0.07743698
vt 0.01901072 0.08455491
vt 0.02012902 0.08455491
vt 0.01789242 0.08455491
vt 0.01677399 0.08455491
vt 0.01565587 0.08099597
vt 0.01565587 0.08455491
vt 0.01453757 0.08455491
vt 0.01341933 0.08099597
vt 0.01341933 0.08455491
vt 0.01230084 0.08455491
vt 0.01118278 0.08099597
vt 0.01118278 0.08455491
vt 0.01006448 0.08455491
vt 0.00894618 0.08218228
vt 0.00894618 0.08455491
vt 0.00894618 0.07980966
vt 0.01006448 0.07743698
vt 0.00894618 0.07743698
vt 0.01118278 0.07743698
vt 0.01230084 0.07743698
vt 0.01341933 0.07743698
vt 0.01453757 0.07743698
vt 0.01565587 0.07743698
vt 0.01677399 0.07743698
vt 0.01789242 0.07743698
vt 0.02348381 0.07743698
vt 0.02460211 0.07743698
vt 0.07140183 0.05518800
vt 0.06819063 0.05474931
vt 0.06864774 0.05396819
vt 0.06773352 0.05553036
vt 0.07003045 0.05753129
vt 0.06727635 0.05631154
vt 0.07369881 0.05718880
vt 0.07324171 0.05796992
vt 0.07278460 0.05875128
vt 0.07415592 0.05640769
vt 0.63512248 0.56823277
vt 0.63195312 0.54114962
vt 0.63494527 0.53968900
vt 0.63811481 0.56677222
vt 0.63829201 0.59531599
vt 0.64128423 0.59385538
vt 0.64146137 0.62239921
vt 0.64445370 0.62093848
vt 0.64612693 0.64875209
vt 0.64463079 0.64948243
vt 0.64762312 0.64802182
vt 0.63177592 0.51260579
vt 0.63077849 0.51309258
vt 0.62978113 0.51357961
vt 0.62878370 0.51406640
vt 0.06773352 0.08154404
vt 0.06727635 0.08076286
vt 0.07003045 0.07954305
vt 0.07140183 0.08188658
vt 0.06819063 0.08232522
vt 0.06864774 0.08310633
vt 0.07369881 0.07988560
vt 0.07415592 0.08066678
vt 0.07324171 0.07910442
vt 0.07278460 0.07832330
vt 0.02536743 0.05146867
vt 0.02022832 0.05217790
vt 0.02022832 0.05146867
vt 0.02022832 0.05288702
vt 0.02022832 0.05359596
vt 0.03564620 0.05350631
vt 0.03564620 0.05420845
vt 0.02022832 0.05430501
vt 0.03564620 0.05492281
vt 0.02022832 0.05501431
vt 0.03564620 0.05564957
vt 0.03050678 0.05714166
vt 0.03564620 0.05714166
vt 0.02536743 0.05714166
vt 0.02022832 0.05572324
vt 0.02022832 0.05714166
vt 0.03050678 0.05146867
vt 0.03564620 0.05281579
vt 0.03564620 0.05146867
vt 0.06888991 0.00366968
vt 0.06625324 0.00506830
vt 0.06757158 0.00087270
vt 0.06888991 0.00087270
vt 0.06888991 0.00646675
vt 0.06757158 0.00926399
vt 0.06888991 0.00926399
vt 0.06625324 0.00926399
vt 0.06493490 0.00926399
vt 0.06361657 0.00926399
vt 0.06097984 0.00506830
vt 0.06229799 0.00926399
vt 0.06097984 0.00926399
vt 0.05966132 0.00926399
vt 0.05834317 0.00506830
vt 0.05834317 0.00926399
vt 0.05702465 0.00926399
vt 0.05570650 0.00926399
vt 0.05570650 0.00506830
vt 0.05702465 0.00087270
vt 0.05570650 0.00087270
vt 0.05438810 0.00087270
vt 0.05306977 0.00506830
vt 0.05438810 0.00926399
vt 0.05306977 0.00926399
vt 0.05175149 0.00926399
vt 0.05043298 0.00506830
vt 0.05043298 0.00926399
vt 0.04911482 0.00926399
vt 0.04779630 0.00646675
vt 0.04779630 0.00926399
vt 0.04779630 0.00366968
vt 0.04911482 0.00087270
vt 0.04779630 0.00087270
vt 0.05043298 0.00087270
vt 0.05175149 0.00087270
vt 0.05306977 0.00087270
vt 0.05834317 0.00087270
vt 0.05966132 0.00087270
vt 0.06097984 0.00087270
vt 0.06229799 0.00087270
vt 0.06361657 0.00087270
vt 0.06493490 0.00087270
vt 0.06625324 0.00087270
vt 0.02868133 0.02134585
vt 0.02961593 0.02491170
vt 0.02820241 0.02134585
vt 0.02961593 0.02134585
vt 0.02820241 0.03204321
vt 0.02961593 0.02847743
vt 0.02868133 0.03204321
vt 0.02961593 0.03204321
vt 0.02771496 0.03204321
vt 0.02721947 0.02134585
vt 0.02771496 0.02134585
vt 0.02721947 0.03204321
vt 0.02671504 0.03204321
vt 0.02671504 0.02134585
vt 0.02568012 0.02491170
vt 0.02568012 0.02847743
vt 0.02568012 0.03204321
vt 0.02568012 0.02134585
vt 0.72185701 0.62849307
vt 0.68262970 0.62685090
vt 0.68331051 0.62545639
vt 0.68399107 0.62406188
vt 0.68194902 0.62824547
vt 0.75972271 0.63292438
vt 0.71981478 0.63267672
vt 0.79758853 0.63735580
vt 0.75768059 0.63710803
vt 0.79554641 0.64153928
vt 0.83545440 0.64178699
vt 0.83341217 0.64597058
vt 0.87332022 0.64621830
vt 0.87229908 0.64831012
vt 0.87127799 0.65040189
vt 0.00931239 0.05714166
vt 0.01702123 0.05714166
vt 0.01702123 0.05863338
vt 0.00160330 0.05855983
vt 0.00160330 0.05714166
vt 0.00160330 0.05997788
vt 0.01702123 0.06007444
vt 0.00160330 0.06139630
vt 0.01702123 0.06146728
vt 0.00931239 0.06281447
vt 0.00160330 0.06281447
vt 0.01702123 0.06281447
vt 0.00664163 0.12995949
vt 0.00664163 0.12892631
vt 0.02869278 0.12892631
vt 0.07279485 0.12995949
vt 0.00664163 0.13099261
vt 0.07279485 0.13099261
vt 0.05074363 0.12892631
vt 0.07279485 0.12892631
vt 0.07279485 0.13202570
vt 0.00664163 0.13202570
vt 0.05074363 0.13305891
vt 0.07279485 0.13305891
vt 0.02869278 0.13305891
vt 0.00664163 0.13305891
vt 0.10784410 0.25158671
vt 0.10784410 0.21560940
vt 0.10925560 0.21560940
vt 0.10925560 0.28756389
vt 0.10784410 0.28756389
vt 0.11066710 0.21560940
vt 0.11066710 0.28756389
vt 0.11207860 0.28756389
vt 0.11207860 0.21560940
vt 0.11349010 0.21560940
vt 0.11349010 0.28756389
vt 0.11490150 0.21560940
vt 0.11490150 0.28756389
vt 0.11631300 0.28756389
vt 0.11631300 0.21560940
vt 0.11772450 0.28756389
vt 0.11913600 0.25158671
vt 0.11913600 0.28756389
vt 0.11772450 0.21560940
vt 0.11913600 0.21560940
vt 0.64767611 0.12734219
vt 0.68529570 0.15724680
vt 0.61005652 0.12734219
vt 0.68529570 0.12734219
vt 0.55362707 0.21705620
vt 0.57243693 0.12734219
vt 0.68529570 0.18715160
vt 0.65237862 0.21705620
vt 0.61946142 0.21705620
vt 0.68529570 0.21705620
vt 0.58654422 0.21705620
vt 0.42195839 0.17219920
vt 0.52070987 0.21705620
vt 0.48779270 0.21705620
vt 0.45487550 0.21705620
vt 0.42195839 0.21705620
vt 0.53481728 0.12734219
vt 0.49719760 0.12734219
vt 0.45957801 0.12734219
vt 0.42195839 0.12734219
vt 0.16576821 0.39748171
vt 0.16576821 0.37349689
vt 0.16717970 0.38548940
vt 0.16717970 0.34951210
vt 0.16859120 0.34951210
vt 0.16717970 0.42146659
vt 0.17000259 0.38548940
vt 0.16859120 0.42146659
vt 0.17000259 0.42146659
vt 0.17141411 0.38548940
vt 0.17141411 0.42146659
vt 0.17000259 0.34951210
vt 0.17141411 0.34951210
vt 0.17282560 0.34951210
vt 0.17282560 0.42146659
vt 0.17282560 0.38548940
vt 0.17423710 0.42146659
vt 0.17423710 0.38548940
vt 0.17564860 0.38548940
vt 0.17564860 0.42146659
vt 0.17423710 0.34951210
vt 0.17564860 0.34951210
vt 0.17705999 0.37349689
vt 0.17705999 0.34951210
vt 0.17705999 0.39748171
vt 0.17705999 0.42146659
vt 0.16576821 0.42146659
vt 0.16576821 0.34951210
vt 0.58717918 0.32372859
vt 0.56505322 0.28026441
vt 0.59620059 0.26440650
vt 0.64209872 0.27752471
vt 0.65684938 0.30650079
vt 0.64045262 0.35133490
vt 0.60930520 0.36719280
vt 0.67160010 0.33547691
vt 0.62734801 0.24854849
vt 0.95886880 0.50752121
vt 0.96711099 0.51093280
vt 0.83064938 0.50752121
vt 0.96315938 0.50833899
vt 0.96970671 0.51488167
vt 0.69077379 0.51916927
vt 0.69159222 0.51488167
vt 0.69418788 0.51093280
vt 0.97052509 0.51916927
vt 0.70243013 0.50752121
vt 0.97052509 0.58177787
vt 0.69077379 0.58177787
vt 0.96970671 0.58606547
vt 0.83064938 0.59342599
vt 0.96711099 0.59001428
vt 0.95886880 0.59342599
vt 0.70243013 0.59342599
vt 0.69418788 0.59001428
vt 0.69159222 0.58606547
vt 0.69813949 0.59260821
vt 0.96315938 0.59260821
vt 0.69813949 0.50833899
vt 0.61982751 0.93097061
vt 0.59282732 0.98400950
vt 0.55481851 0.96465820
vt 0.54380977 0.89226800
vt 0.60881883 0.85858041
vt 0.64682770 0.87793171
vt 0.57081002 0.83922899
vt 0.51680970 0.94530678
vt 0.29652181 0.03401505
vt 0.29290891 0.04614931
vt 0.29446509 0.03798705
vt 0.29327890 0.04211419
vt 0.30620739 0.04614931
vt 0.29940060 0.03046965
vt 0.30294460 0.02758944
vt 0.30691451 0.02553164
vt 0.30682990 0.04288429
vt 0.30880409 0.03987741
vt 0.31104001 0.02434504
vt 0.31180960 0.03790211
vt 0.31507301 0.02397489
vt 0.31507301 0.03727936
vt 0.33889949 0.03727936
vt 0.36272591 0.02397489
vt 0.33889949 0.02397489
vt 0.36272591 0.03727936
vt 0.36598930 0.03790211
vt 0.36675900 0.02434504
vt 0.36899489 0.03987741
vt 0.37088439 0.02553164
vt 0.37096909 0.04288429
vt 0.37485430 0.02758944
vt 0.37159160 0.04614931
vt 0.37839830 0.03046965
vt 0.38127720 0.03401505
vt 0.38488999 0.04614931
vt 0.38333389 0.03798705
vt 0.38451999 0.04211419
vt 0.38488999 0.07054114
vt 0.37174991 0.05818665
vt 0.37159160 0.07054114
vt 0.37159160 0.09493297
vt 0.38488999 0.09493297
vt 0.37174991 0.12661061
vt 0.38488999 0.11932480
vt 0.38488999 0.14371660
vt 0.38488999 0.16810840
vt 0.37174991 0.16082260
vt 0.37174991 0.19503450
vt 0.38488999 0.19250020
vt 0.38488999 0.21689209
vt 0.38488999 0.24128389
vt 0.37174991 0.22924639
vt 0.37159160 0.24128389
vt 0.38127720 0.25341800
vt 0.38333389 0.24944620
vt 0.38451999 0.24531880
vt 0.37096909 0.24454869
vt 0.37485430 0.25984380
vt 0.37839830 0.25696361
vt 0.37159160 0.21689209
vt 0.37088439 0.26190141
vt 0.36899489 0.24755570
vt 0.36675900 0.26308811
vt 0.36598930 0.24953090
vt 0.36272591 0.25015369
vt 0.36272591 0.26345831
vt 0.33889949 0.26345831
vt 0.33889949 0.25015369
vt 0.31507301 0.26345831
vt 0.31180960 0.24953090
vt 0.31104001 0.26308811
vt 0.31507301 0.25015369
vt 0.30880409 0.24755570
vt 0.30691451 0.26190141
vt 0.30682990 0.24454869
vt 0.30620739 0.24128389
vt 0.30294460 0.25984380
vt 0.29290891 0.24128389
vt 0.30604911 0.22924639
vt 0.30620739 0.21689209
vt 0.29652181 0.25341800
vt 0.29940060 0.25696361
vt 0.30604911 0.19503450
vt 0.30620739 0.19250020
vt 0.30620739 0.16810840
vt 0.30620739 0.14371660
vt 0.30604911 0.16082260
vt 0.30604911 0.12661061
vt 0.29290891 0.14371660
vt 0.29290891 0.16810840
vt 0.29290891 0.19250020
vt 0.29290891 0.21689209
vt 0.29290891 0.11932480
vt 0.29290891 0.09493297
vt 0.30604911 0.05818665
vt 0.29290891 0.07054114
vt 0.30620739 0.09493297
vt 0.30620739 0.07054114
vt 0.30620739 0.11932480
vt 0.29327890 0.24531880
vt 0.29446509 0.24944620
vt 0.37159160 0.19250020
vt 0.37159160 0.16810840
vt 0.37159160 0.14371660
vt 0.37159160 0.11932480
vt 0.61946142 0.38958079
vt 0.65237862 0.38958079
vt 0.68529570 0.43443781
vt 0.68529570 0.38958079
vt 0.55362707 0.38958079
vt 0.58654422 0.38958079
vt 0.42195839 0.43443781
vt 0.53481728 0.47929481
vt 0.64767611 0.47929481
vt 0.61005652 0.47929481
vt 0.68529570 0.47929481
vt 0.57243693 0.47929481
vt 0.49719760 0.47929481
vt 0.45957801 0.47929481
vt 0.42195839 0.47929481
vt 0.52070987 0.38958079
vt 0.48779270 0.38958079
vt 0.45487550 0.38958079
vt 0.42195839 0.38958079
vt 0.96566057 0.78715640
vt 0.96738112 0.78855371
vt 0.95977241 0.78540289
vt 0.96373320 0.78615820
vt 0.96877873 0.79027373
vt 0.96977723 0.79220051
vt 0.97035313 0.79420280
vt 0.97053272 0.79616022
vt 0.93056601 0.80491978
vt 0.93711591 0.81257612
vt 0.90238452 0.78540289
vt 0.93107837 0.78540289
vt 0.85063273 0.80491978
vt 0.89828533 0.80906898
vt 0.92533958 0.80906898
vt 0.93326122 0.81057972
vt 0.92925560 0.80942822
vt 0.94055700 0.81537062
vt 0.97053272 0.82493621
vt 0.94335222 0.81881070
vt 0.94534922 0.82266432
vt 0.94650078 0.82666892
vt 0.94686007 0.83058381
vt 0.97053272 0.85371208
vt 0.94686007 0.85371208
vt 0.94686007 0.87684041
vt 0.97053272 0.88248801
vt 0.94650078 0.88075531
vt 0.94534922 0.88475978
vt 0.94335222 0.88861340
vt 0.94055700 0.89205360
vt 0.93711591 0.89484811
vt 0.97053272 0.91126388
vt 0.93056601 0.90250432
vt 0.97035313 0.91322130
vt 0.95977241 0.92202121
vt 0.96977723 0.91522360
vt 0.96877873 0.91715038
vt 0.96738112 0.91887051
vt 0.96566057 0.92026770
vt 0.96373320 0.92126590
vt 0.96173042 0.92184162
vt 0.93107837 0.92202121
vt 0.90238452 0.92202121
vt 0.87369043 0.92202121
vt 0.85063273 0.90250432
vt 0.87123102 0.89835513
vt 0.89828533 0.89835513
vt 0.84417659 0.89835513
vt 0.81712228 0.89835513
vt 0.84499651 0.92202121
vt 0.81630242 0.92202121
vt 0.81066620 0.90250432
vt 0.78760850 0.92202121
vt 0.77069950 0.90250432
vt 0.79006791 0.89835513
vt 0.75891441 0.92202121
vt 0.73073280 0.90250432
vt 0.73022038 0.92202121
vt 0.70152640 0.92202121
vt 0.69152170 0.91522360
vt 0.69094580 0.91322130
vt 0.69391781 0.91887051
vt 0.69252020 0.91715038
vt 0.69956851 0.92184162
vt 0.69756567 0.92126590
vt 0.70152640 0.92202121
vt 0.69756567 0.92126590
vt 0.69563830 0.92026770
vt 0.69076622 0.91126388
vt 0.72418302 0.89484811
vt 0.69076622 0.88248801
vt 0.72074193 0.89205360
vt 0.72803771 0.89684451
vt 0.73204333 0.89799589
vt 0.73595917 0.89835513
vt 0.76301360 0.89835513
vt 0.71794671 0.88861340
vt 0.71594971 0.88475978
vt 0.71479797 0.88075531
vt 0.71443868 0.87684041
vt 0.69076622 0.85371208
vt 0.71443868 0.85371208
vt 0.71443868 0.83058381
vt 0.69076622 0.82493621
vt 0.71479797 0.82666892
vt 0.72074193 0.81537062
vt 0.71794671 0.81881070
vt 0.69076622 0.79616022
vt 0.71594971 0.82266432
vt 0.69094580 0.79420280
vt 0.73073280 0.80491978
vt 0.72418302 0.81257612
vt 0.72803771 0.81057972
vt 0.73204333 0.80942822
vt 0.73595917 0.80906898
vt 0.76301360 0.80906898
vt 0.77069950 0.80491978
vt 0.79006791 0.80906898
vt 0.81066620 0.80491978
vt 0.81712228 0.80906898
vt 0.84417659 0.80906898
vt 0.84499651 0.78540289
vt 0.81630242 0.78540289
vt 0.78760850 0.78540289
vt 0.87369043 0.78540289
vt 0.75891441 0.78540289
vt 0.73022038 0.78540289
vt 0.70152640 0.78540289
vt 0.69152170 0.79220051
vt 0.69563830 0.78715640
vt 0.69756567 0.78615820
vt 0.69956851 0.78558248
vt 0.69391781 0.78855371
vt 0.69252020 0.79027373
vt 0.87123102 0.80906898
vt 0.92533958 0.89835513
vt 0.92925560 0.89799589
vt 0.93326122 0.89684451
vt 0.96173042 0.78558248
vt 0.26491380 0.49549261
vt 0.26602501 0.49412450
vt 0.26602501 0.50622553
vt 0.26491380 0.50485730
vt 0.26412001 0.49702531
vt 0.26412001 0.50332469
vt 0.26366219 0.50173199
vt 0.26366219 0.49861801
vt 0.26351941 0.50017500
vt 0.26739290 0.50733691
vt 0.26739290 0.49301299
vt 0.26892531 0.50813091
vt 0.26892531 0.49221900
vt 0.27051759 0.50858891
vt 0.27051759 0.49176109
vt 0.27207431 0.50873172
vt 0.27491361 0.50873172
vt 0.27207431 0.49161819
vt 0.27863431 0.49161819
vt 0.27771941 0.50910652
vt 0.28519419 0.49161819
vt 0.28042129 0.51025951
vt 0.28800011 0.49199301
vt 0.28270751 0.51210427
vt 0.28938431 0.49247351
vt 0.29070190 0.49314600
vt 0.29191419 0.49399391
vt 0.29463631 0.49729279
vt 0.29298821 0.49499080
vt 0.28435549 0.51440620
vt 0.30798560 0.52240449
vt 0.29770491 0.53951788
vt 0.32133499 0.54751623
vt 0.31105441 0.56462967
vt 0.33468440 0.57262802
vt 0.32440370 0.58974141
vt 0.34803379 0.59773970
vt 0.33775309 0.61485320
vt 0.36138311 0.62285137
vt 0.36303121 0.62515342
vt 0.35110250 0.63996488
vt 0.35275051 0.64226693
vt 0.35382459 0.64326370
vt 0.35503680 0.64411157
vt 0.35635439 0.64478421
vt 0.35773870 0.64526469
vt 0.36531749 0.62699819
vt 0.36054450 0.64563942
vt 0.36801940 0.62815118
vt 0.36710450 0.64563942
vt 0.37082511 0.62852591
vt 0.37366441 0.64563942
vt 0.37366441 0.62852591
vt 0.37522110 0.62866879
vt 0.37522110 0.64549661
vt 0.37681350 0.62912673
vt 0.37681350 0.64503860
vt 0.37834579 0.62992072
vt 0.37834579 0.64424461
vt 0.37971371 0.63103211
vt 0.37971371 0.64313322
vt 0.38082489 0.63240027
vt 0.38082489 0.64176500
vt 0.38161871 0.63393301
vt 0.38161871 0.64023232
vt 0.38207659 0.63552570
vt 0.38207659 0.63863969
vt 0.38221940 0.63708258
vt 0.17708990 0.63183802
vt 0.17708990 0.50215328
vt 0.18184820 0.50215328
vt 0.18660641 0.63183802
vt 0.18343429 0.76152271
vt 0.18026210 0.76152271
vt 0.17708990 0.76152271
vt 0.18660641 0.66425908
vt 0.18660641 0.69668031
vt 0.18660641 0.72910148
vt 0.18660641 0.76152271
vt 0.18660641 0.59941691
vt 0.18660641 0.56699568
vt 0.18660641 0.53457451
vt 0.18660641 0.50215328
vt 0.09828859 0.01508486
vt 0.10583530 0.01508486
vt 0.10583530 0.01697045
vt 0.09451520 0.01697045
vt 0.09074187 0.01508486
vt 0.08319514 0.01697045
vt 0.08319514 0.01508486
vt 0.08319514 0.01885592
vt 0.09451520 0.02074170
vt 0.08319514 0.02074170
vt 0.09451520 0.02262729
vt 0.08319514 0.02262729
vt 0.09451520 0.02451276
vt 0.08319514 0.02451276
vt 0.09451520 0.02639842
vt 0.08319514 0.02639842
vt 0.10583530 0.02639842
vt 0.08319514 0.02828413
vt 0.10583530 0.02828413
vt 0.09451520 0.02828413
vt 0.09074187 0.03016972
vt 0.08319514 0.03016972
vt 0.09828859 0.03016972
vt 0.10583530 0.03016972
vt 0.10583530 0.02451276
vt 0.10583530 0.02262729
vt 0.10583530 0.02074170
vt 0.10583530 0.01885592
vt 0.14519949 0.03016972
vt 0.15274620 0.03016972
vt 0.14897279 0.03205519
vt 0.16029289 0.03205519
vt 0.16029289 0.03394097
vt 0.13765280 0.03205519
vt 0.14897279 0.03582656
vt 0.13765280 0.03394097
vt 0.13765280 0.03016972
vt 0.13765280 0.03582656
vt 0.13765280 0.03771203
vt 0.14897279 0.03771203
vt 0.13765280 0.03959769
vt 0.16029289 0.03771203
vt 0.16029289 0.03959769
vt 0.16029289 0.03865498
vt 0.14897279 0.03959769
vt 0.14897279 0.04148340
vt 0.16029289 0.04148340
vt 0.14897279 0.04336899
vt 0.16029289 0.04336899
vt 0.15274620 0.04525446
vt 0.14519949 0.04525446
vt 0.13765280 0.04336899
vt 0.13765280 0.04148340
vt 0.13765280 0.04525446
vt 0.16029289 0.04525446
vt 0.16029289 0.03582656
vt 0.16029289 0.03016972
vt 0.02127844 0.22445691
vt 0.02794349 0.22106300
vt 0.04274237 0.25013870
vt 0.01461333 0.22785079
vt 0.03754591 0.28939620
vt 0.00794834 0.23124480
vt 0.06714391 0.34754771
vt 0.07234019 0.30829021
vt 0.05754125 0.27921450
vt 0.07714152 0.34245679
vt 0.08713907 0.33736590
vt 0.26632369 0.09439629
vt 0.26632369 0.06069278
vt 0.26962131 0.02698945
vt 0.26632369 0.02698945
vt 0.26632369 0.16180301
vt 0.26632369 0.12809961
vt 0.27291891 0.02698945
vt 0.27621660 0.02698945
vt 0.27621660 0.16180301
vt 0.27291891 0.29661629
vt 0.26962131 0.29661629
vt 0.27621660 0.29661629
vt 0.26632369 0.22920960
vt 0.26632369 0.19550630
vt 0.26632369 0.29661629
vt 0.26632369 0.26291299
vt 0.17997500 0.03016972
vt 0.18752161 0.03016972
vt 0.18752161 0.03205519
vt 0.17620170 0.03205519
vt 0.17242830 0.03016972
vt 0.16488160 0.03016972
vt 0.16488160 0.03205519
vt 0.16488160 0.03394097
vt 0.17620170 0.03582656
vt 0.16488160 0.03582656
vt 0.17620170 0.03771203
vt 0.16488160 0.03771203
vt 0.17620170 0.03959769
vt 0.18752161 0.03771203
vt 0.16488160 0.03959769
vt 0.16488160 0.04148340
vt 0.17620170 0.04148340
vt 0.18752161 0.03959769
vt 0.18752161 0.04148340
vt 0.18752161 0.04336899
vt 0.17620170 0.04336899
vt 0.16488160 0.04336899
vt 0.17242830 0.04525446
vt 0.16488160 0.04525446
vt 0.17997500 0.04525446
vt 0.18752161 0.04525446
vt 0.18752161 0.03582656
vt 0.18752161 0.03394097
vt 0.12174400 0.01508486
vt 0.13306411 0.01508486
vt 0.13306411 0.01697045
vt 0.11042400 0.01697045
vt 0.11042400 0.01508486
vt 0.11042400 0.01885592
vt 0.13306411 0.02074170
vt 0.11042400 0.02074170
vt 0.13306411 0.01885592
vt 0.11042400 0.02262729
vt 0.13306411 0.02262729
vt 0.13306411 0.02451270
vt 0.11042400 0.02451276
vt 0.13306411 0.02639842
vt 0.11042400 0.02639842
vt 0.13306411 0.02828413
vt 0.11042400 0.02828413
vt 0.12174400 0.03016972
vt 0.11042400 0.03016972
vt 0.13306411 0.03016972
vt 0.16232750 0.11096440
vt 0.13535909 0.11096440
vt 0.16232380 0.10752060
vt 0.16231839 0.11785210
vt 0.13535909 0.11785210
vt 0.13535909 0.10407680
vt 0.16231830 0.10407680
vt 0.16232230 0.12129590
vt 0.13535909 0.12473970
vt 0.16232590 0.12473980
vt 0.13535909 0.13162740
vt 0.16231830 0.13162670
vt 0.16231300 0.13851510
vt 0.13535909 0.13851510
vt 0.16230381 0.14195900
vt 0.13535909 0.14540270
vt 0.16229860 0.14540270
vt 0.13535909 0.15229040
vt 0.16231200 0.15229040
vt 0.16231810 0.15573430
vt 0.14883859 0.15917809
vt 0.16231830 0.15917809
vt 0.13535909 0.15917809
vt 0.42332900 0.91277289
vt 0.40192360 0.84358782
vt 0.41502309 0.84544992
vt 0.42838731 0.84734970
vt 0.44659191 0.90618938
vt 0.43748960 0.87676960
vt 0.44473451 0.98195809
vt 0.45569411 0.93560922
vt 0.45476541 0.97349358
vt 0.46479651 0.96502912
vt 0.22412629 0.55911511
vt 0.21347810 0.59353173
vt 0.20530009 0.55894691
vt 0.21209210 0.53699422
vt 0.21888410 0.51504147
vt 0.23477469 0.52469838
vt 0.22567610 0.49308890
vt 0.23554960 0.49168530
vt 0.24542300 0.49028179
vt 0.20606799 0.58727890
vt 0.19850810 0.58089960
vt 0.18954720 0.11785210
vt 0.16258790 0.11096440
vt 0.18955640 0.11096440
vt 0.18955269 0.10752060
vt 0.16258790 0.11785210
vt 0.18955110 0.12129590
vt 0.16258790 0.12473970
vt 0.18955471 0.12473980
vt 0.18954711 0.13162670
vt 0.16258790 0.13162740
vt 0.18954180 0.13851510
vt 0.16258790 0.13851510
vt 0.18953259 0.14195900
vt 0.16258790 0.14540270
vt 0.18952750 0.14540270
vt 0.16258790 0.15229040
vt 0.17606750 0.15917809
vt 0.18954700 0.15573430
vt 0.18954080 0.15229040
vt 0.16258790 0.15917809
vt 0.18954711 0.15917809
vt 0.16258790 0.10407680
vt 0.18954711 0.10407680
vt 0.25173059 0.02698945
vt 0.24280190 0.09889006
vt 0.24280190 0.06743359
vt 0.24280190 0.03597718
vt 0.25173059 0.16180301
vt 0.24280190 0.13034651
vt 0.24280190 0.19325940
vt 0.24280190 0.16180301
vt 0.24280190 0.22471580
vt 0.25173059 0.29661629
vt 0.24280190 0.25617230
vt 0.24280190 0.28762880
vt 0.10786070 0.10407680
vt 0.10786620 0.10752060
vt 0.09451586 0.10407680
vt 0.10786990 0.11096440
vt 0.08090150 0.11096440
vt 0.08090150 0.10407680
vt 0.09451586 0.11785210
vt 0.08090150 0.11785210
vt 0.10786470 0.12129590
vt 0.09451586 0.12473970
vt 0.08090150 0.12473970
vt 0.10786080 0.11785210
vt 0.08090150 0.13162740
vt 0.09451586 0.13162740
vt 0.09451586 0.13851510
vt 0.08090150 0.13851510
vt 0.09451586 0.14540270
vt 0.08090150 0.14540270
vt 0.10784620 0.14195900
vt 0.10784100 0.14540270
vt 0.09451586 0.15229040
vt 0.10785430 0.15229040
vt 0.10786050 0.15573430
vt 0.10786070 0.15917809
vt 0.08090150 0.15917809
vt 0.08090150 0.15229040
vt 0.10785540 0.13851510
vt 0.10786070 0.13162670
vt 0.10786830 0.12473980
vt 0.13508950 0.10407680
vt 0.13509500 0.10752060
vt 0.12174470 0.10407680
vt 0.10813030 0.10407680
vt 0.10813030 0.11096440
vt 0.13509861 0.11096440
vt 0.12174470 0.11785210
vt 0.13508961 0.11785210
vt 0.13509350 0.12129590
vt 0.12174470 0.12473970
vt 0.13509710 0.12473980
vt 0.13508950 0.13162670
vt 0.10813030 0.12473970
vt 0.12174470 0.13162740
vt 0.10813030 0.13162740
vt 0.12174470 0.13851510
vt 0.10813030 0.13851510
vt 0.12174470 0.14540270
vt 0.10813030 0.14540270
vt 0.12174470 0.15229040
vt 0.10813030 0.15229040
vt 0.13506980 0.14540270
vt 0.13508309 0.15229040
vt 0.13508929 0.15573430
vt 0.13508950 0.15917809
vt 0.10813030 0.15917809
vt 0.13507500 0.14195900
vt 0.13508420 0.13851510
vt 0.10813030 0.11785210
vt 0.22853149 0.02698945
vt 0.21960489 0.09889006
vt 0.21960489 0.06743359
vt 0.21960489 0.03597718
vt 0.22853149 0.16180301
vt 0.21960489 0.19325940
vt 0.21960489 0.16180301
vt 0.21960489 0.13034651
vt 0.21960489 0.22471580
vt 0.22853149 0.29661629
vt 0.21960489 0.25617230
vt 0.21960489 0.28762880
vt 0.03411149 0.70653772
vt 0.03411149 0.66613042
vt 0.05415689 0.66613042
vt 0.03411149 0.62572312
vt 0.05901920 0.61676651
vt 0.05415689 0.70653772
vt 0.07420247 0.66613042
vt 0.07329660 0.65402561
vt 0.07239073 0.64192080
vt 0.04564785 0.59161222
vt 0.04153293 0.58735579
vt 0.04389274 0.58919662
vt 0.03885960 0.58626598
vt 0.03619045 0.58592808
vt 0.03334659 0.58592808
vt 0.03178715 0.58578497
vt 0.03019237 0.58532631
vt 0.02865755 0.58453089
vt 0.01406615 0.61592740
vt 0.02728742 0.58341759
vt 0.01406615 0.58592808
vt 0.02617418 0.58204710
vt 0.01406615 0.55592871
vt 0.02492064 0.57579720
vt 0.02477759 0.57735682
vt 0.02537924 0.58051193
vt 0.02492064 0.57891637
vt 0.02537924 0.57420182
vt 0.02617418 0.57266653
vt 0.02728742 0.57129598
vt 0.02865755 0.57018280
vt 0.03411149 0.54490852
vt 0.03019237 0.56938738
vt 0.07420247 0.54490852
vt 0.05068486 0.56964231
vt 0.05985701 0.50450128
vt 0.02760314 0.50600582
vt 0.02376753 0.50799870
vt 0.02034080 0.51077741
vt 0.01406615 0.52592939
vt 0.03548884 0.50450128
vt 0.03158807 0.50486201
vt 0.03334659 0.56878561
vt 0.03991729 0.56878561
vt 0.03178715 0.56892872
vt 0.04648798 0.56878561
vt 0.04929852 0.56916088
vt 0.01756280 0.51420498
vt 0.01557040 0.51804179
vt 0.01442670 0.52202767
vt 0.05200487 0.57031590
vt 0.05321902 0.57116532
vt 0.05429488 0.57216382
vt 0.05594563 0.57446969
vt 0.07420247 0.58531582
vt 0.06931698 0.59962398
vt 0.08268827 0.62477827
vt 0.09424787 0.58531582
vt 0.09424787 0.54490852
vt 0.08422517 0.50450128
vt 0.10859330 0.50450128
vt 0.11429320 0.54490852
vt 0.11429320 0.58531582
vt 0.13433860 0.54490852
vt 0.13296150 0.50450128
vt 0.13433860 0.58531582
vt 0.15438400 0.55592871
vt 0.15438400 0.52592939
vt 0.13686199 0.50486201
vt 0.14810941 0.51077741
vt 0.14468279 0.50799870
vt 0.14084700 0.50600582
vt 0.15088750 0.51420498
vt 0.15287989 0.51804179
vt 0.15402339 0.52202767
vt 0.15438400 0.58592808
vt 0.15438400 0.61592740
vt 0.13433860 0.62572312
vt 0.15438400 0.64592671
vt 0.11429320 0.62572312
vt 0.13433860 0.66613042
vt 0.10943090 0.67508698
vt 0.15438400 0.67592603
vt 0.13666300 0.70606852
vt 0.13825791 0.70652717
vt 0.13510370 0.70592541
vt 0.13979270 0.70732248
vt 0.12674300 0.70439512
vt 0.12280230 0.70024133
vt 0.12944940 0.70555001
vt 0.13225970 0.70592541
vt 0.12445300 0.70254707
vt 0.09605962 0.64993262
vt 0.09424787 0.62572312
vt 0.14116290 0.70843577
vt 0.14227590 0.70980638
vt 0.15438400 0.70592541
vt 0.14307110 0.71134162
vt 0.14352970 0.71293700
vt 0.14367270 0.71449661
vt 0.14352970 0.71605629
vt 0.15438400 0.73592472
vt 0.14307110 0.71765172
vt 0.14227590 0.71918690
vt 0.14116290 0.72055751
vt 0.15438400 0.76592398
vt 0.13433860 0.74694490
vt 0.13979270 0.72167081
vt 0.13825791 0.72246611
vt 0.13666300 0.72292483
vt 0.13510370 0.72306788
vt 0.12853301 0.72306788
vt 0.12196220 0.72306788
vt 0.11929320 0.72272992
vt 0.11793800 0.72228301
vt 0.09424787 0.74694490
vt 0.11661980 0.72164011
vt 0.11538050 0.72080660
vt 0.11426000 0.71979940
vt 0.11329290 0.71864641
vt 0.11250470 0.71738380
vt 0.09424787 0.70653772
vt 0.09913337 0.69222951
vt 0.07420247 0.74694490
vt 0.07420247 0.70653772
vt 0.08576202 0.66707510
vt 0.05415689 0.74694490
vt 0.05985701 0.78735220
vt 0.03548884 0.78735220
vt 0.03411149 0.74694490
vt 0.01406615 0.73592472
vt 0.02408885 0.75643450
vt 0.02034080 0.78107601
vt 0.01406615 0.76592398
vt 0.02376753 0.78385478
vt 0.02760314 0.78584772
vt 0.03158807 0.78699148
vt 0.01756280 0.77764851
vt 0.01557040 0.77381158
vt 0.01442670 0.76982570
vt 0.01406615 0.70592541
vt 0.01406615 0.67592603
vt 0.01406615 0.64592671
vt 0.08422517 0.78735220
vt 0.10859330 0.78735220
vt 0.13296150 0.78735220
vt 0.13686199 0.78699148
vt 0.14084700 0.78584772
vt 0.14468279 0.78385478
vt 0.14810941 0.78107601
vt 0.15088750 0.77764851
vt 0.15287989 0.77381158
vt 0.15402339 0.76982570
vt 0.41561839 0.60927749
vt 0.44109479 0.62224442
vt 0.41264459 0.61511737
vt 0.40967080 0.62095737
vt 0.40669709 0.62679738
vt 0.44066560 0.64408648
vt 0.46657109 0.63521123
vt 0.47463390 0.66137570
vt 0.49204740 0.64817822
vt 0.51454997 0.66698498
vt 0.51157618 0.67282498
vt 0.50860238 0.67866492
vt 0.51752383 0.66114497
vt 0.16717970 0.28756389
vt 0.16576821 0.25158671
vt 0.16717970 0.21560940
vt 0.16576821 0.21560940
vt 0.16859120 0.21560940
vt 0.16859120 0.28756389
vt 0.17000259 0.21560940
vt 0.17000259 0.28756389
vt 0.17141411 0.28756389
vt 0.17141411 0.21560940
vt 0.17282560 0.28756389
vt 0.17282560 0.21560940
vt 0.17423710 0.21560940
vt 0.17423710 0.28756389
vt 0.17564860 0.28756389
vt 0.17564860 0.21560940
vt 0.17705999 0.25158671
vt 0.17705999 0.28756389
vt 0.17705999 0.21560940
vt 0.16576821 0.28756389
vt 0.10925560 0.42146659
vt 0.10784410 0.38548940
vt 0.10925560 0.34951210
vt 0.10784410 0.34951210
vt 0.11066710 0.34951210
vt 0.11066710 0.42146659
vt 0.11207860 0.42146659
vt 0.11207860 0.34951210
vt 0.11349010 0.34951210
vt 0.11349010 0.42146659
vt 0.11490150 0.34951210
vt 0.11490150 0.42146659
vt 0.11631300 0.34951210
vt 0.11631300 0.42146659
vt 0.11772450 0.34951210
vt 0.11772450 0.42146659
vt 0.11913600 0.38548940
vt 0.11913600 0.42146659
vt 0.11913600 0.34951210
vt 0.10784410 0.42146659
vt 0.58378750 0.72977543
vt 0.61145937 0.72977543
vt 0.63913119 0.75491482
vt 0.63913119 0.72977543
vt 0.52844381 0.72977543
vt 0.55611569 0.72977543
vt 0.41775641 0.75491482
vt 0.63913119 0.78005421
vt 0.47310010 0.72977543
vt 0.50077188 0.72977543
vt 0.41775641 0.72977543
vt 0.44542831 0.72977543
vt 0.41775641 0.78005421
vt 0.52844381 0.80519360
vt 0.41775641 0.80519360
vt 0.63913119 0.80519360
vt 0.00664163 0.19085270
vt 0.00664163 0.18981950
vt 0.07279485 0.18981950
vt 0.00664163 0.18878640
vt 0.02869278 0.18878640
vt 0.05074363 0.18878640
vt 0.07279485 0.18878640
vt 0.07279485 0.19085270
vt 0.00664163 0.19188580
vt 0.07279485 0.19188580
vt 0.02869278 0.19291881
vt 0.00664163 0.19291881
vt 0.05074363 0.19291881
vt 0.07279485 0.19291881
vt 0.55362707 0.09873372
vt 0.55362707 0.00901961
vt 0.68529570 0.03892415
vt 0.68529570 0.00901961
vt 0.42195839 0.05387645
vt 0.42195839 0.00901961
vt 0.52070987 0.09873372
vt 0.48779270 0.09873372
vt 0.45487550 0.09873372
vt 0.42195839 0.09873372
vt 0.68529570 0.06882899
vt 0.58654422 0.09873372
vt 0.61946142 0.09873372
vt 0.65237862 0.09873372
vt 0.68529570 0.09873372
vt 0.00664163 0.10726130
vt 0.00664163 0.10622820
vt 0.07279485 0.10622820
vt 0.07279485 0.10726130
vt 0.07279485 0.10829440
vt 0.00664163 0.10829440
vt 0.03971827 0.10932760
vt 0.07279485 0.10932760
vt 0.00664163 0.10932760
vt 0.03971827 0.10519510
vt 0.07279485 0.10519510
vt 0.00664163 0.10519510
vt 0.48332790 0.33821669
vt 0.46857730 0.36719280
vt 0.42103320 0.30650079
vt 0.43578380 0.27752471
vt 0.49807870 0.30924061
vt 0.48168191 0.26440650
vt 0.51282930 0.28026441
vt 0.45053449 0.24854849
vt 0.40628251 0.33547691
vt 0.55152953 0.55575258
vt 0.53708041 0.52736890
vt 0.55742079 0.51701301
vt 0.58739412 0.52557957
vt 0.59702682 0.54450220
vt 0.56597871 0.58413649
vt 0.57776129 0.50665712
vt 0.60665959 0.56342471
vt 0.00664163 0.15782329
vt 0.00664163 0.15679009
vt 0.02869278 0.15679009
vt 0.05074363 0.15679009
vt 0.07279485 0.15885641
vt 0.00664163 0.15885641
vt 0.07279485 0.15782329
vt 0.07279485 0.15679009
vt 0.07279485 0.15988950
vt 0.05074363 0.16092271
vt 0.02869278 0.16092271
vt 0.00664163 0.15988950
vt 0.07279485 0.16092271
vt 0.00664163 0.16092271
vt 0.00678891 0.02614253
vt 0.00560665 0.02564787
vt 0.00692749 0.02511793
vt 0.00771564 0.02544748
vt 0.00850374 0.02577728
vt 0.00797111 0.02663737
vt 0.00613934 0.02478814
vt 0.00639468 0.00521433
vt 0.00718290 0.00488454
vt 0.00732142 0.00590938
vt 0.00560665 0.00554407
vt 0.00613934 0.00640404
vt 0.00850374 0.00541472
vt 0.00797111 0.00455481
vt 0.02568012 0.00646120
vt 0.02568012 0.00111246
vt 0.02671504 0.00111246
vt 0.02671504 0.01181000
vt 0.02568012 0.01181000
vt 0.02771496 0.01181000
vt 0.02771496 0.00111246
vt 0.02868133 0.00111246
vt 0.02868133 0.01181000
vt 0.02961593 0.00646120
vt 0.02961593 0.01181000
vt 0.02961593 0.00111246
vt 0.10785800 0.13507091
f 1/1 2/2 3/3
f 1/1 4/4 5/5
f 5/5 2/2 1/1
f 1/1 6/6 7/7
f 1/1 8/8 9/9
f 9/9 6/6 1/1
f 7/7 4/4 1/1
f 1/1 10/10 11/11
f 1/1 12/12 13/13
f 13/13 10/10 1/1
f 14/14 15/15 16/16
f 14/14 17/17 18/18
f 18/18 15/15 14/14
f 16/16 12/12 14/14
f 11/11 8/8 1/1
f 19/19 20/20 21/21
f 22/22 14/14 1/1
f 23/23 22/22 21/21
f 24/24 25/25 26/26
f 20/20 19/19 27/27
f 27/27 25/25 28/28
f 25/25 24/24 28/28
f 14/14 29/29 30/30
f 29/29 14/14 31/31
f 17/17 14/14 30/30
f 23/23 14/14 22/22
f 28/28 20/20 27/27
f 23/23 21/21 20/20
f 28/28 24/24 32/32
f 1/1 14/14 12/12
f 33/33 34/34 35/35
f 34/34 36/36 35/35
f 37/37 38/38 39/39
f 36/36 40/40 41/41
f 40/40 39/39 41/41
f 38/38 37/37 42/42
f 43/43 35/35 44/44
f 44/44 35/35 36/36
f 45/45 41/41 38/38
f 39/39 38/38 41/41
f 38/38 46/46 45/45
f 44/44 41/41 47/47
f 44/44 36/36 41/41
f 48/48 38/38 42/42
f 49/49 50/50 48/48
f 42/42 49/49 48/48
f 49/49 51/51 50/50
f 52/52 53/53 54/54
f 52/52 55/55 53/53
f 51/51 55/55 56/56
f 57/57 52/52 54/54
f 58/58 56/56 59/59
f 51/51 56/56 50/50
f 50/50 46/46 48/48
f 52/52 59/59 56/56
f 52/52 60/60 61/61
f 60/60 52/52 57/57
f 52/52 56/56 55/55
f 62/62 63/63 64/64
f 65/65 66/66 62/62
f 63/63 62/62 66/66
f 67/67 68/68 65/65
f 66/66 65/65 68/68
f 65/65 69/69 67/67
f 70/70 71/71 72/72
f 73/73 74/74 71/71
f 70/70 72/72 75/75
f 72/72 76/76 75/75
f 74/74 72/72 71/71
f 77/77 78/78 79/79
f 80/80 81/81 77/77
f 78/78 77/77 81/81
f 82/82 83/83 80/80
f 83/83 84/84 85/85
f 86/86 87/87 83/83
f 84/84 83/83 87/87
f 83/83 85/85 80/80
f 82/82 80/80 77/77
f 88/88 89/89 90/90
f 89/89 88/88 91/91
f 89/89 91/91 92/92
f 82/82 89/89 92/92
f 82/82 93/93 83/83
f 94/94 95/95 83/83
f 95/95 96/96 83/83
f 93/93 94/94 83/83
f 89/89 82/82 77/77
f 97/97 98/98 99/99
f 100/100 97/97 99/99
f 100/100 101/101 102/102
f 103/103 102/102 104/104
f 102/102 101/101 104/104
f 105/105 97/97 100/100
f 106/106 105/105 107/107
f 107/107 105/105 100/100
f 108/108 109/109 102/102
f 102/102 109/109 110/110
f 100/100 110/110 107/107
f 100/100 102/102 110/110
f 108/108 111/111 112/112
f 112/112 113/113 114/114
f 108/108 115/115 116/116
f 112/112 117/117 115/115
f 113/113 118/118 114/114
f 119/119 120/120 121/121
f 121/121 118/118 119/119
f 122/122 118/118 123/123
f 121/121 123/123 118/118
f 123/123 124/124 122/122
f 117/117 118/118 122/122
f 125/125 126/126 127/127
f 128/128 125/125 127/127
f 129/129 130/130 131/131
f 132/132 129/129 131/131
f 127/127 130/130 128/128
f 133/133 125/125 128/128
f 134/134 133/133 135/135
f 135/135 133/133 128/128
f 136/136 137/137 129/129
f 128/128 137/137 135/135
f 136/136 138/138 139/139
f 128/128 129/129 137/137
f 138/138 140/140 141/141
f 142/142 141/141 140/140
f 141/141 139/139 138/138
f 142/142 143/143 144/144
f 145/145 146/146 147/147
f 147/147 143/143 145/145
f 148/148 141/141 144/144
f 148/148 143/143 149/149
f 149/149 143/143 150/150
f 147/147 150/150 143/143
f 150/150 151/151 149/149
f 152/152 153/153 154/154
f 152/152 155/155 156/156
f 155/155 152/152 154/154
f 154/154 157/157 155/155
f 157/157 158/158 155/155
f 159/159 157/157 154/154
f 160/160 161/161 162/162
f 160/160 163/163 161/161
f 160/160 164/164 165/165
f 160/160 166/166 164/164
f 165/165 163/163 160/160
f 160/160 167/167 166/166
f 168/168 160/160 162/162
f 169/169 160/160 168/168
f 160/160 170/170 171/171
f 167/167 160/160 171/171
f 160/160 169/169 172/172
f 173/173 174/174 175/175
f 176/176 177/177 178/178
f 173/173 179/179 176/176
f 180/180 181/181 182/182
f 182/182 181/181 183/183
f 182/182 177/177 180/180
f 184/184 185/185 186/186
f 174/174 184/184 187/187
f 180/180 188/188 181/181
f 174/174 185/185 184/184
f 189/189 190/190 191/191
f 192/192 190/190 193/193
f 189/189 193/193 190/190
f 194/194 191/191 195/195
f 191/191 196/196 197/197
f 191/191 194/194 196/196
f 189/189 191/191 197/197
f 190/190 192/192 198/198
f 199/199 200/200 201/201
f 201/201 202/202 199/199
f 203/203 200/200 199/199
f 204/204 190/190 205/205
f 198/198 205/205 190/190
f 190/190 206/206 203/203
f 204/204 206/206 190/190
f 199/199 190/190 203/203
f 207/207 208/208 209/209
f 210/210 207/207 211/211
f 209/209 211/211 207/207
f 212/212 213/213 207/207
f 214/214 215/215 213/213
f 213/213 215/215 207/207
f 210/210 212/212 207/207
f 216/216 217/217 218/218
f 217/217 216/216 219/219
f 220/220 219/219 216/216
f 221/221 217/217 219/219
f 222/222 223/223 221/221
f 223/223 224/224 225/225
f 224/224 223/223 222/222
f 219/219 222/222 221/221
f 226/226 220/220 227/227
f 226/226 228/228 219/219
f 222/222 228/228 229/229
f 224/224 222/222 230/230
f 229/229 230/230 222/222
f 230/230 229/229 231/231
f 220/220 226/226 219/219
f 232/232 233/233 234/234
f 234/234 233/233 235/235
f 236/236 234/234 237/237
f 238/238 236/236 239/239
f 233/233 232/232 240/240
f 232/232 234/234 238/238
f 238/238 234/234 236/236
f 241/241 242/242 243/243
f 244/244 245/245 246/246
f 244/244 247/247 248/248
f 243/243 245/245 249/249
f 249/249 250/250 241/241
f 243/243 249/249 241/241
f 251/251 252/252 253/253
f 254/254 255/255 256/256
f 255/255 252/252 257/257
f 255/255 254/254 258/258
f 247/247 251/251 253/253
f 254/254 259/259 258/258
f 260/260 261/261 262/262
f 263/263 264/264 260/260
f 261/261 260/260 264/264
f 265/265 266/266 263/263
f 266/266 267/267 268/268
f 269/269 270/270 266/266
f 267/267 266/266 270/270
f 266/266 268/268 263/263
f 265/265 263/263 260/260
f 271/271 272/272 273/273
f 272/272 271/271 274/274
f 272/272 274/274 275/275
f 265/265 272/272 275/275
f 265/265 276/276 266/266
f 277/277 278/278 266/266
f 278/278 279/279 266/266
f 276/276 277/277 266/266
f 272/272 265/265 260/260
f 280/280 281/281 282/282
f 280/280 283/283 281/281
f 284/284 285/285 286/286
f 287/287 288/288 285/285
f 286/286 283/283 284/284
f 285/285 284/284 287/287
f 280/280 284/284 283/283
f 289/289 288/288 287/287
f 287/287 290/290 291/291
f 289/289 287/287 291/291
f 287/287 284/284 292/292
f 293/293 294/294 295/295
f 296/296 293/293 297/297
f 294/294 293/293 296/296
f 298/298 299/299 300/300
f 301/301 302/302 299/299
f 303/303 304/304 305/305
f 306/306 307/307 308/308
f 308/308 304/304 303/303
f 305/305 302/302 301/301
f 309/309 310/310 311/311
f 312/312 313/313 314/314
f 314/314 310/310 309/309
f 315/315 316/316 317/317
f 318/318 319/319 320/320
f 320/320 316/316 315/315
f 317/317 313/313 312/312
f 311/311 307/307 306/306
f 299/299 321/321 301/301
f 301/301 321/321 322/322
f 301/301 303/303 305/305
f 306/306 309/309 311/311
f 303/303 306/306 308/308
f 314/314 309/309 312/312
f 323/323 324/324 325/325
f 325/325 326/326 323/323
f 326/326 325/325 318/318
f 315/315 318/318 320/320
f 326/326 318/318 327/327
f 319/319 318/318 325/325
f 317/317 312/312 315/315
f 298/298 321/321 299/299
f 328/328 329/329 330/330
f 331/331 332/332 329/329
f 330/330 329/329 332/332
f 328/328 330/330 333/333
f 334/334 328/328 335/335
f 328/328 334/334 336/336
f 336/336 337/337 329/329
f 328/328 336/336 329/329
f 338/338 339/339 340/340
f 341/341 342/342 343/343
f 338/338 340/340 342/342
f 341/341 344/344 338/338
f 345/345 346/346 343/343
f 342/342 341/341 338/338
f 346/346 341/341 343/343
f 346/346 347/347 348/348
f 349/349 350/350 351/351
f 352/352 348/348 350/350
f 352/352 346/346 348/348
f 350/350 349/349 352/352
f 352/352 349/349 353/353
f 351/351 354/354 349/349
f 345/345 347/347 346/346
f 355/355 356/356 357/357
f 358/358 359/359 360/360
f 358/358 361/361 362/362
f 362/362 363/363 364/364
f 355/355 357/357 359/359
f 365/365 363/363 361/361
f 361/361 363/363 362/362
f 366/366 359/359 357/357
f 367/367 368/368 369/369
f 370/370 371/371 372/372
f 370/370 373/373 374/374
f 372/372 375/375 369/369
f 375/375 376/376 367/367
f 369/369 375/375 367/367
f 377/377 378/378 379/379
f 380/380 381/381 382/382
f 377/377 383/383 384/384
f 381/381 380/380 383/383
f 373/373 379/379 378/378
f 380/380 385/385 383/383
f 386/386 387/387 388/388
f 389/389 390/390 391/391
f 389/389 392/392 393/393
f 393/393 394/394 395/395
f 386/386 388/388 390/390
f 396/396 394/394 392/392
f 392/392 394/394 393/393
f 397/397 390/390 388/388
f 398/398 399/399 400/400
f 401/401 400/400 399/399
f 400/400 402/402 403/403
f 401/401 402/402 400/400
f 404/404 405/405 406/406
f 407/407 404/404 406/406
f 408/408 405/405 404/404
f 409/409 410/410 407/407
f 406/406 409/409 407/407
f 411/411 410/410 409/409
f 412/412 413/413 414/414
f 415/415 412/412 414/414
f 404/404 416/416 408/408
f 417/417 408/408 416/416
f 416/416 415/415 417/417
f 414/414 417/417 415/415
f 418/418 419/419 420/420
f 421/421 422/422 418/418
f 422/422 419/419 418/418
f 421/421 423/423 424/424
f 422/422 421/421 425/425
f 424/424 425/425 421/421
f 426/426 410/410 427/427
f 411/411 427/427 410/410
f 428/428 426/426 427/427
f 429/429 430/430 419/419
f 420/420 419/419 430/430
f 426/426 428/428 429/429
f 430/430 429/429 428/428
f 431/431 432/432 433/433
f 434/434 433/433 432/432
f 435/435 432/432 431/431
f 431/431 433/433 436/436
f 437/437 438/438 436/436
f 438/438 431/431 436/436
f 437/437 439/439 438/438
f 440/440 435/435 441/441
f 441/441 435/435 431/431
f 439/439 442/442 438/438
f 438/438 442/442 443/443
f 431/431 443/443 441/441
f 431/431 438/438 443/443
f 439/439 444/444 445/445
f 445/445 446/446 447/447
f 439/439 448/448 449/449
f 445/445 450/450 448/448
f 451/451 447/447 446/446
f 451/451 452/452 453/453
f 453/453 454/454 451/451
f 455/455 454/454 456/456
f 453/453 456/456 454/454
f 456/456 457/457 455/455
f 450/450 454/454 455/455
f 458/458 459/459 460/460
f 458/458 461/461 462/462
f 462/462 463/463 464/464
f 464/464 465/465 466/466
f 458/458 460/460 467/467
f 468/468 465/465 463/463
f 463/463 465/465 464/464
f 469/469 467/467 460/460
f 470/470 471/471 472/472
f 470/470 473/473 474/474
f 473/473 470/470 472/472
f 472/472 475/475 473/473
f 475/475 476/476 473/473
f 477/477 475/475 472/472
f 478/478 479/479 480/480
f 481/481 478/478 480/480
f 481/481 482/482 483/483
f 484/484 485/485 483/483
f 483/483 482/482 484/484
f 486/486 478/478 481/481
f 487/487 486/486 488/488
f 488/488 486/486 481/481
f 485/485 489/489 483/483
f 483/483 489/489 490/490
f 481/481 490/490 488/488
f 481/481 483/483 490/490
f 491/491 492/492 493/493
f 491/491 494/494 495/495
f 491/491 496/496 485/485
f 495/495 497/497 491/491
f 498/498 495/495 494/494
f 498/498 499/499 500/500
f 500/500 501/501 498/498
f 502/502 501/501 503/503
f 500/500 503/503 501/501
f 503/503 504/504 502/502
f 502/502 495/495 501/501
f 505/505 506/506 507/507
f 508/508 509/509 506/506
f 506/506 510/510 508/508
f 510/510 511/511 508/508
f 505/505 510/510 506/506
f 512/512 513/513 514/514
f 513/513 512/512 515/515
f 516/516 515/515 512/512
f 517/517 513/513 515/515
f 518/518 519/519 517/517
f 519/519 520/520 521/521
f 520/520 519/519 518/518
f 515/515 518/518 517/517
f 522/522 516/516 523/523
f 522/522 524/524 515/515
f 518/518 515/515 524/524
f 520/520 518/518 525/525
f 526/526 525/525 518/518
f 525/525 526/526 527/527
f 526/526 518/518 524/524
f 516/516 522/522 515/515
f 528/528 529/529 530/530
f 530/530 529/529 531/531
f 532/532 530/530 533/533
f 528/528 532/532 534/534
f 528/528 535/535 529/529
f 532/532 528/528 530/530
f 536/536 537/537 538/538
f 539/539 536/536 540/540
f 536/536 541/541 542/542
f 543/543 536/536 542/542
f 544/544 543/543 545/545
f 542/542 546/546 547/547
f 543/543 547/547 548/548
f 549/549 543/543 548/548
f 550/550 551/551 552/552
f 553/553 554/554 550/550
f 546/546 553/553 555/555
f 556/556 546/546 555/555
f 548/548 556/556 557/557
f 549/549 557/557 558/558
f 550/550 559/559 560/560
f 561/561 550/550 560/560
f 555/555 561/561 562/562
f 556/556 562/562 563/563
f 564/564 556/556 563/563
f 558/558 564/564 565/565
f 566/566 559/559 567/567
f 568/568 560/560 566/566
f 562/562 568/568 569/569
f 570/570 562/562 569/569
f 571/571 563/563 570/570
f 565/565 571/571 572/572
f 573/573 566/566 567/567
f 574/574 569/569 575/575
f 571/571 574/574 576/576
f 572/572 576/576 577/577
f 578/578 575/575 579/579
f 576/576 578/578 580/580
f 581/581 576/576 580/580
f 582/582 583/583 584/584
f 578/578 582/582 585/585
f 580/580 585/585 586/586
f 587/587 580/580 586/586
f 585/585 588/588 589/589
f 590/590 585/585 589/589
f 591/591 589/589 588/588
f 592/592 589/589 591/591
f 593/593 594/594 595/595
f 593/593 595/595 596/596
f 593/593 597/597 594/594
f 598/598 599/599 600/600
f 598/598 601/601 602/602
f 603/603 602/602 601/601
f 603/603 594/594 597/597
f 537/537 604/604 605/605
f 605/605 538/538 537/537
f 538/538 605/605 606/606
f 607/607 604/604 537/537
f 608/608 609/609 595/595
f 596/596 595/595 609/609
f 606/606 608/608 595/595
f 610/610 606/606 595/595
f 538/538 606/606 610/610
f 541/541 538/538 610/610
f 598/598 600/600 601/601
f 551/551 601/601 611/611
f 601/601 551/551 612/612
f 594/594 601/601 613/613
f 551/551 611/611 614/614
f 603/603 601/601 594/594
f 552/552 614/614 615/615
f 559/559 615/615 616/616
f 551/551 614/614 552/552
f 617/617 541/541 610/610
f 618/618 541/541 619/619
f 617/617 619/619 541/541
f 620/620 612/612 554/554
f 551/551 554/554 612/612
f 621/621 618/618 620/620
f 554/554 621/621 620/620
f 546/546 541/541 618/618
f 612/612 613/613 601/601
f 618/618 621/621 546/546
f 622/622 623/623 624/624
f 625/625 624/624 539/539
f 623/623 622/622 626/626
f 623/623 627/627 607/607
f 626/626 628/628 623/623
f 627/627 623/623 628/628
f 607/607 537/537 623/623
f 623/623 539/539 624/624
f 629/629 630/630 625/625
f 631/631 632/632 633/633
f 631/631 629/629 634/634
f 634/634 539/539 635/635
f 539/539 636/636 635/635
f 631/631 634/634 632/632
f 635/635 637/637 634/634
f 637/637 632/632 634/634
f 638/638 633/633 632/632
f 629/629 539/539 634/634
f 629/629 625/625 539/539
f 544/544 639/639 540/540
f 636/636 540/540 639/639
f 544/544 640/640 639/639
f 539/539 540/540 636/636
f 558/558 641/641 549/549
f 558/558 642/642 643/643
f 549/549 644/644 545/545
f 544/544 645/645 646/646
f 647/647 640/640 544/544
f 632/632 647/647 638/638
f 646/646 638/638 647/647
f 544/544 646/646 647/647
f 645/645 545/545 644/644
f 642/642 565/565 648/648
f 649/649 559/559 616/616
f 567/567 649/649 650/650
f 651/651 573/573 567/567
f 650/650 651/651 567/567
f 651/651 650/650 652/652
f 653/653 651/651 654/654
f 655/655 651/651 652/652
f 655/655 654/654 651/651
f 655/655 652/652 656/656
f 653/653 573/573 651/651
f 657/657 566/566 573/573
f 658/658 568/568 657/657
f 566/566 657/657 568/568
f 573/573 653/653 657/657
f 583/583 659/659 660/660
f 659/659 575/575 661/661
f 661/661 575/575 658/658
f 662/662 663/663 583/583
f 569/569 568/568 658/658
f 655/655 663/663 662/662
f 664/664 665/665 666/666
f 667/667 652/652 664/664
f 667/667 656/656 652/652
f 664/664 652/652 665/665
f 663/663 656/656 668/668
f 583/583 669/669 670/670
f 669/669 583/583 671/671
f 663/663 655/655 656/656
f 583/583 670/670 672/672
f 583/583 660/660 662/662
f 584/584 583/583 673/673
f 672/672 673/673 583/583
f 663/663 671/671 583/583
f 674/674 584/584 675/675
f 673/673 675/675 584/584
f 588/588 674/674 676/676
f 584/584 674/674 582/582
f 583/583 579/579 659/659
f 671/671 663/663 668/668
f 588/588 676/676 677/677
f 658/658 575/575 569/569
f 572/572 678/678 679/679
f 572/572 648/648 565/565
f 680/680 681/681 590/590
f 681/681 586/586 590/590
f 681/681 587/587 586/586
f 579/579 575/575 659/659
f 682/682 678/678 577/577
f 587/587 683/683 581/581
f 587/587 684/684 685/685
f 684/684 587/587 681/681
f 682/682 581/581 683/683
f 581/581 682/682 577/577
f 588/588 677/677 591/591
f 686/686 591/591 677/677
f 687/687 591/591 686/686
f 680/680 590/590 688/688
f 591/591 687/687 689/689
f 591/591 690/690 691/691
f 690/690 591/591 689/689
f 686/686 692/692 687/687
f 691/691 592/592 591/591
f 693/693 694/694 695/695
f 693/693 688/688 590/590
f 693/693 695/695 688/688
f 696/696 592/592 697/697
f 691/691 697/697 592/592
f 698/698 696/696 699/699
f 697/697 699/699 696/696
f 694/694 696/696 698/698
f 693/693 592/592 696/696
f 588/588 582/582 674/674
f 700/700 701/701 702/702
f 703/703 700/700 704/704
f 704/704 705/705 703/703
f 702/702 704/704 700/700
f 706/706 707/707 702/702
f 708/708 704/704 707/707
f 707/707 704/704 702/702
f 709/709 706/706 702/702
f 710/710 711/711 712/712
f 713/713 712/712 714/714
f 715/715 716/716 710/710
f 713/713 717/717 712/712
f 710/710 718/718 715/715
f 712/712 718/718 710/710
f 712/712 717/717 719/719
f 712/712 719/719 718/718
f 715/715 720/720 721/721
f 715/715 722/722 723/723
f 715/715 721/721 722/722
f 715/715 718/718 720/720
f 724/724 725/725 726/726
f 727/727 724/724 726/726
f 725/725 728/728 729/729
f 724/724 728/728 725/725
f 730/730 731/731 732/732
f 730/730 733/733 734/734
f 735/735 736/736 737/737
f 737/737 736/736 738/738
f 734/734 735/735 737/737
f 732/732 739/739 730/730
f 740/740 739/739 741/741
f 742/742 736/736 735/735
f 742/742 735/735 743/743
f 740/740 730/730 739/739
f 744/744 745/745 746/746
f 747/747 746/746 748/748
f 749/749 748/748 750/750
f 751/751 750/750 752/752
f 753/753 752/752 754/754
f 746/746 755/755 756/756
f 748/748 756/756 757/757
f 750/750 757/757 758/758
f 752/752 758/758 759/759
f 754/754 759/759 760/760
f 756/756 761/761 762/762
f 757/757 762/762 763/763
f 758/758 763/763 764/764
f 759/759 764/764 765/765
f 760/760 765/765 766/766
f 762/762 767/767 768/768
f 763/763 768/768 769/769
f 764/764 769/769 770/770
f 765/765 770/770 771/771
f 766/766 771/771 772/772
f 768/768 773/773 774/774
f 769/769 774/774 775/775
f 770/770 775/775 776/776
f 771/771 776/776 777/777
f 772/772 777/777 778/778
f 779/779 780/780 781/781
f 782/782 780/780 779/779
f 783/783 784/784 779/779
f 782/782 785/785 780/780
f 785/785 744/744 786/786
f 787/787 747/747 788/788
f 787/787 744/744 747/747
f 784/784 782/782 779/779
f 785/785 782/782 744/744
f 745/745 782/782 784/784
f 745/745 784/784 789/789
f 790/790 755/755 789/789
f 789/789 755/755 745/745
f 749/749 788/788 747/747
f 791/791 751/751 792/792
f 793/793 794/794 795/795
f 753/753 793/793 792/792
f 796/796 797/797 793/793
f 795/795 796/796 793/793
f 798/798 795/795 794/794
f 799/799 751/751 791/791
f 751/751 753/753 792/792
f 800/800 753/753 754/754
f 793/793 753/753 794/794
f 800/800 794/794 753/753
f 800/800 760/760 801/801
f 760/760 766/766 801/801
f 800/800 754/754 760/760
f 749/749 799/799 788/788
f 790/790 761/761 755/755
f 802/802 767/767 761/761
f 790/790 802/802 761/761
f 803/803 767/767 802/802
f 804/804 773/773 803/803
f 803/803 773/773 767/767
f 774/774 805/805 775/775
f 774/774 806/806 807/807
f 773/773 804/804 808/808
f 773/773 809/809 810/810
f 810/810 811/811 773/773
f 812/812 773/773 811/811
f 773/773 812/812 806/806
f 773/773 808/808 809/809
f 813/813 775/775 805/805
f 814/814 766/766 772/772
f 777/777 815/815 816/816
f 817/817 814/814 772/772
f 818/818 819/819 778/778
f 817/817 778/778 819/819
f 817/817 772/772 778/778
f 777/777 820/820 778/778
f 801/801 766/766 814/814
f 820/820 821/821 778/778
f 818/818 778/778 822/822
f 778/778 823/823 824/824
f 824/824 822/822 778/778
f 823/823 778/778 821/821
f 813/813 815/815 776/776
f 813/813 776/776 775/775
f 825/825 826/826 827/827
f 828/828 829/829 830/830
f 826/826 828/828 827/827
f 831/831 832/832 833/833
f 834/834 835/835 832/832
f 833/833 832/832 835/835
f 830/830 836/836 833/833
f 826/826 825/825 837/837
f 838/838 826/826 839/839
f 839/839 840/840 841/841
f 839/839 841/841 838/838
f 836/836 842/842 833/833
f 833/833 842/842 831/831
f 831/831 842/842 843/843
f 828/828 826/826 838/838
f 844/844 845/845 846/846
f 847/847 848/848 849/849
f 849/849 846/846 847/847
f 850/850 849/849 848/848
f 851/851 844/844 852/852
f 853/853 854/854 846/846
f 849/849 853/853 846/846
f 855/855 849/849 856/856
f 857/857 856/856 849/849
f 850/850 857/857 849/849
f 858/858 851/851 859/859
f 860/860 859/859 851/851
f 851/851 861/861 860/860
f 851/851 862/862 861/861
f 846/846 845/845 847/847
f 845/845 844/844 863/863
f 851/851 864/864 865/865
f 851/851 858/858 864/864
f 865/865 863/863 851/851
f 863/863 844/844 851/851
f 866/866 867/867 868/868
f 869/869 870/870 871/871
f 872/872 873/873 874/874
f 869/869 875/875 872/872
f 874/874 876/876 877/877
f 877/877 878/878 879/879
f 880/880 878/878 881/881
f 882/882 881/881 883/883
f 884/884 885/885 886/886
f 887/887 888/888 889/889
f 884/884 890/890 887/887
f 891/891 883/883 885/885
f 866/866 870/870 867/867
f 888/888 890/890 892/892
f 887/887 890/890 888/888
f 893/893 870/870 866/866
f 894/894 895/895 896/896
f 897/897 898/898 899/899
f 897/897 900/900 898/898
f 899/899 895/895 897/897
f 900/900 897/897 901/901
f 894/894 897/897 895/895
f 902/902 897/897 894/894
f 903/903 900/900 901/901
f 904/904 905/905 901/901
f 903/903 901/901 905/905
f 906/906 904/904 901/901
f 897/897 907/907 901/901
f 906/906 908/908 909/909
f 910/910 911/911 912/912
f 912/912 913/913 914/914
f 911/911 910/910 908/908
f 915/915 916/916 917/917
f 918/918 914/914 913/913
f 918/918 916/916 915/915
f 919/919 917/917 920/920
f 917/917 916/916 920/920
f 911/911 908/908 906/906
f 906/906 909/909 904/904
f 901/901 921/921 906/906
f 922/922 902/902 923/923
f 922/922 924/924 897/897
f 924/924 925/925 897/897
f 907/907 926/926 901/901
f 926/926 927/927 901/901
f 906/906 921/921 928/928
f 906/906 928/928 929/929
f 911/911 906/906 929/929
f 911/911 930/930 913/913
f 929/929 931/931 911/911
f 913/913 932/932 916/916
f 933/933 934/934 916/916
f 920/920 916/916 934/934
f 918/918 913/913 916/916
f 912/912 911/911 913/913
f 913/913 930/930 935/935
f 916/916 936/936 933/933
f 934/934 933/933 937/937
f 916/916 932/932 936/936
f 922/922 897/897 902/902
f 938/938 939/939 940/940
f 941/941 942/942 938/938
f 943/943 944/944 945/945
f 946/946 947/947 948/948
f 949/949 950/950 951/951
f 952/952 946/946 950/950
f 945/945 948/948 947/947
f 950/950 949/949 952/952
f 953/953 954/954 955/955
f 956/956 957/957 958/958
f 959/959 960/960 957/957
f 961/961 958/958 962/962
f 963/963 964/964 965/965
f 963/963 962/962 966/966
f 953/953 960/960 954/954
f 964/964 963/963 966/966
f 964/964 966/966 967/967
f 968/968 960/960 953/953
f 969/969 970/970 971/971
f 969/969 972/972 970/970
f 969/969 973/973 974/974
f 975/975 976/976 977/977
f 977/977 973/973 975/975
f 974/974 972/972 969/969
f 978/978 969/969 979/979
f 975/975 969/969 978/978
f 975/975 980/980 981/981
f 975/975 981/981 976/976
f 975/975 978/978 982/982
f 969/969 975/975 973/973
f 983/983 984/984 985/985
f 984/984 986/986 987/987
f 985/985 984/984 987/987
f 983/983 985/985 988/988
f 989/989 990/990 991/991
f 989/989 983/983 992/992
f 988/988 992/992 983/983
f 991/991 983/983 989/989
f 993/993 994/994 995/995
f 996/996 997/997 993/993
f 994/994 997/997 998/998
f 998/998 999/999 994/994
f 993/993 997/997 994/994
f 1000/1000 1001/1001 1002/1002
f 1003/1003 1004/1004 1002/1002
f 1002/1002 1001/1001 1003/1003
f 1001/1001 1000/1000 1005/1005
f 1006/1006 1001/1001 1007/1007
f 1003/1003 1008/1008 1009/1009
f 1008/1008 1003/1003 1006/1006
f 1006/1006 1003/1003 1001/1001
f 1010/1010 1011/1011 1012/1012
f 1012/1012 1011/1011 1013/1013
f 1010/1010 1012/1012 1014/1014
f 1015/1015 1010/1010 1016/1016
f 1015/1015 1017/1017 1011/1011
f 1010/1010 1015/1015 1011/1011
f 1018/1018 1019/1019 1020/1020
f 1021/1021 1022/1022 1019/1019
f 1022/1022 1023/1023 1024/1024
f 1025/1025 1024/1024 1023/1023
f 1025/1025 1026/1026 1027/1027
f 1028/1028 1029/1029 1030/1030
f 1031/1031 1032/1032 1033/1033
f 1034/1034 1035/1035 1036/1036
f 1033/1033 1035/1035 1037/1037
f 1037/1037 1038/1038 1031/1031
f 1038/1038 1037/1037 1039/1039
f 1033/1033 1037/1037 1031/1031
f 1040/1040 1041/1041 1042/1042
f 1042/1042 1043/1043 1040/1040
f 1044/1044 1041/1041 1040/1040
f 1044/1044 1034/1034 1041/1041
f 1045/1045 1046/1046 1047/1047
f 1044/1044 1047/1047 1046/1046
f 1044/1044 1040/1040 1047/1047
f 1048/1048 1049/1049 1050/1050
f 1051/1051 1048/1048 1050/1050
f 1052/1052 1050/1050 1049/1049
f 1053/1053 1052/1052 1049/1049
f 1054/1054 1053/1053 1049/1049
f 1054/1054 1049/1049 1055/1055
f 1056/1056 1057/1057 1058/1058
f 1057/1057 1056/1056 1059/1059
f 1060/1060 1057/1057 1059/1059
f 1048/1048 1051/1051 1061/1061
f 1062/1062 1061/1061 1051/1051
f 1062/1062 1060/1060 1061/1061
f 1060/1060 1062/1062 1057/1057
f 1063/1063 1064/1064 1065/1065
f 1066/1066 1067/1067 1068/1068
f 1066/1066 1069/1069 1065/1065
f 1070/1070 1071/1071 1072/1072
f 1073/1073 1074/1074 1075/1075
f 1073/1073 1076/1076 1077/1077
f 1070/1070 1074/1074 1078/1078
f 1072/1072 1067/1067 1079/1079
f 1069/1069 1080/1080 1063/1063
f 1065/1065 1069/1069 1063/1063
f 1081/1081 1082/1082 1083/1083
f 1084/1084 1085/1085 1086/1086
f 1081/1081 1085/1085 1087/1087
f 1088/1088 1089/1089 1090/1090
f 1091/1091 1092/1092 1093/1093
f 1094/1094 1095/1095 1089/1089
f 1088/1088 1096/1096 1084/1084
f 1095/1095 1092/1092 1091/1091
f 1076/1076 1083/1083 1082/1082
f 1091/1091 1097/1097 1095/1095
f 1098/1098 1099/1099 1100/1100
f 1101/1101 1098/1098 1100/1100
f 1098/1098 1101/1101 1102/1102
f 1103/1103 1100/1100 1104/1104
f 1104/1104 1105/1105 1103/1103
f 1106/1106 1107/1107 1108/1108
f 1109/1109 1105/1105 1106/1106
f 1107/1107 1106/1106 1105/1105
f 1110/1110 1111/1111 1112/1112
f 1112/1112 1111/1111 1113/1113
f 1113/1113 1114/1114 1115/1115
f 1116/1116 1111/1111 1110/1110
f 1117/1117 1113/1113 1111/1111
f 1113/1113 1118/1118 1114/1114
f 1118/1118 1113/1113 1117/1117
f 1119/1119 1111/1111 1116/1116
f 1120/1120 1121/1121 1122/1122
f 1123/1123 1124/1124 1121/1121
f 1120/1120 1125/1125 1126/1126
f 1120/1120 1123/1123 1121/1121
f 1125/1125 1120/1120 1122/1122
f 1127/1127 1128/1128 1129/1129
f 1130/1130 1131/1131 1132/1132
f 1133/1133 1131/1131 1134/1134
f 1130/1130 1135/1135 1129/1129
f 1135/1135 1136/1136 1127/1127
f 1129/1129 1135/1135 1127/1127
f 1137/1137 1138/1138 1139/1139
f 1140/1140 1141/1141 1142/1142
f 1143/1143 1144/1144 1138/1138
f 1141/1141 1140/1140 1144/1144
f 1145/1145 1137/1137 1139/1139
f 1140/1140 1146/1146 1144/1144
f 1147/1147 1148/1148 1149/1149
f 1149/1149 1148/1148 1150/1150
f 1147/1147 1149/1149 1151/1151
f 1152/1152 1147/1147 1153/1153
f 1152/1152 1154/1154 1148/1148
f 1147/1147 1152/1152 1148/1148
f 1155/1155 1156/1156 1157/1157
f 1158/1158 1155/1155 1159/1159
f 1157/1157 1159/1159 1155/1155
f 1160/1160 1155/1155 1158/1158
f 1161/1161 1160/1160 1162/1162
f 1162/1162 1163/1163 1161/1161
f 1162/1162 1164/1164 1163/1163
f 1155/1155 1160/1160 1161/1161
f 1165/1165 1166/1166 1167/1167
f 1168/1168 1166/1166 1169/1169
f 1170/1170 1168/1168 1171/1171
f 1168/1168 1169/1169 1171/1171
f 1172/1172 1165/1165 1173/1173
f 1174/1174 1172/1172 1175/1175
f 1169/1169 1176/1176 1171/1171
f 1165/1165 1172/1172 1174/1174
f 1177/1177 1178/1178 1179/1179
f 1177/1177 1180/1180 1181/1181
f 1182/1182 1181/1181 1183/1183
f 1181/1181 1180/1180 1183/1183
f 1184/1184 1185/1185 1186/1186
f 1178/1178 1184/1184 1187/1187
f 1180/1180 1188/1188 1183/1183
f 1185/1185 1184/1184 1178/1178
f 1189/1189 1190/1190 1191/1191
f 1191/1191 1192/1192 1193/1193
f 1194/1194 1193/1193 1195/1195
f 1193/1193 1192/1192 1195/1195
f 1196/1196 1189/1189 1197/1197
f 1198/1198 1196/1196 1199/1199
f 1192/1192 1200/1200 1195/1195
f 1189/1189 1196/1196 1198/1198
f 1201/1201 1202/1202 1203/1203
f 1204/1204 1205/1205 1201/1201
f 1205/1205 1206/1206 1207/1207
f 1201/1201 1203/1203 1208/1208
f 1209/1209 1210/1210 1211/1211
f 1212/1212 1211/1211 1210/1210
f 1203/1203 1209/1209 1208/1208
f 1205/1205 1204/1204 1213/1213
f 1208/1208 1204/1204 1201/1201
f 1209/1209 1203/1203 1210/1210
f 1213/1213 1214/1214 1205/1205
f 1215/1215 1216/1216 1214/1214
f 1206/1206 1214/1214 1216/1216
f 1217/1217 1216/1216 1215/1215
f 1218/1218 1217/1217 1219/1219
f 1215/1215 1219/1219 1217/1217
f 1220/1220 1218/1218 1219/1219
f 1218/1218 1221/1221 1222/1222
f 1220/1220 1221/1221 1218/1218
f 1223/1223 1222/1222 1224/1224
f 1221/1221 1224/1224 1222/1222
f 1225/1225 1222/1222 1223/1223
f 1214/1214 1206/1206 1205/1205
f 1226/1226 1227/1227 1228/1228
f 1229/1229 1226/1226 1228/1228
f 1230/1230 1227/1227 1226/1226
f 1227/1227 1231/1231 1212/1212
f 1227/1227 1230/1230 1231/1231
f 1210/1210 1227/1227 1212/1212
f 1232/1232 1233/1233 1234/1234
f 1234/1234 1233/1233 1228/1228
f 1235/1235 1236/1236 1232/1232
f 1233/1233 1229/1229 1228/1228
f 1232/1232 1236/1236 1233/1233
f 1225/1225 1237/1237 1238/1238
f 1225/1225 1239/1239 1237/1237
f 1225/1225 1238/1238 1240/1240
f 1241/1241 1240/1240 1238/1238
f 1242/1242 1240/1240 1241/1241
f 1223/1223 1239/1239 1225/1225
f 1243/1243 1244/1244 1242/1242
f 1245/1245 1244/1244 1243/1243
f 1246/1246 1242/1242 1244/1244
f 1247/1247 1244/1244 1245/1245
f 1240/1240 1242/1242 1246/1246
f 1248/1248 1249/1249 1250/1250
f 1251/1251 1252/1252 1249/1249
f 1250/1250 1249/1249 1252/1252
f 1248/1248 1250/1250 1253/1253
f 1254/1254 1248/1248 1255/1255
f 1248/1248 1254/1254 1256/1256
f 1256/1256 1257/1257 1249/1249
f 1248/1248 1256/1256 1249/1249
f 1258/1258 1259/1259 1260/1260
f 1259/1259 1258/1258 1261/1261
f 1262/1262 1258/1258 1260/1260
f 1263/1263 1264/1264 1262/1262
f 1258/1258 1262/1262 1265/1265
f 1265/1265 1262/1262 1264/1264
f 1266/1266 1263/1263 1262/1262
f 1267/1267 1268/1268 1269/1269
f 1267/1267 1270/1270 1271/1271
f 1272/1272 1267/1267 1269/1269
f 1269/1269 1273/1273 1272/1272
f 1271/1271 1270/1270 1274/1274
f 1267/1267 1272/1272 1270/1270
f 1275/1275 1276/1276 1277/1277
f 1278/1278 1277/1277 1276/1276
f 1279/1279 1278/1278 1280/1280
f 1278/1278 1279/1279 1281/1281
f 1277/1277 1278/1278 1281/1281
f 1282/1282 1283/1283 1284/1284
f 1285/1285 1286/1286 1282/1282
f 1283/1283 1282/1282 1286/1286
f 1287/1287 1285/1285 1282/1282
f 1282/1282 1288/1288 1287/1287
f 1288/1288 1289/1289 1290/1290
f 1291/1291 1289/1289 1292/1292
f 1292/1292 1289/1289 1293/1293
f 1289/1289 1291/1291 1290/1290
f 1289/1289 1288/1288 1282/1282
f 1294/1294 1295/1295 1296/1296
f 1295/1295 1294/1294 1297/1297
f 1295/1295 1297/1297 1298/1298
f 1299/1299 1295/1295 1298/1298
f 1289/1289 1295/1295 1300/1300
f 1299/1299 1300/1300 1295/1295
f 1301/1301 1289/1289 1300/1300
f 1289/1289 1301/1301 1302/1302
f 1289/1289 1302/1302 1303/1303
f 1282/1282 1295/1295 1289/1289
f 1304/1304 1305/1305 1306/1306
f 1305/1305 1307/1307 1308/1308
f 1309/1309 1310/1310 1306/1306
f 1304/1304 1310/1310 1311/1311
f 1304/1304 1307/1307 1305/1305
f 1310/1310 1304/1304 1306/1306
f 1312/1312 1313/1313 1314/1314
f 1315/1315 1314/1314 1313/1313
f 1316/1316 1313/1313 1312/1312
f 1312/1312 1317/1317 1318/1318
f 1318/1318 1319/1319 1320/1320
f 1317/1317 1321/1321 1318/1318
f 1312/1312 1322/1322 1323/1323
f 1324/1324 1316/1316 1323/1323
f 1323/1323 1316/1316 1312/1312
f 1322/1322 1318/1318 1325/1325
f 1326/1326 1318/1318 1320/1320
f 1320/1320 1327/1327 1326/1326
f 1328/1328 1320/1320 1319/1319
f 1329/1329 1328/1328 1330/1330
f 1330/1330 1331/1331 1329/1329
f 1332/1332 1333/1333 1334/1334
f 1334/1334 1331/1331 1332/1332
f 1335/1335 1336/1336 1329/1329
f 1331/1331 1335/1335 1329/1329
f 1337/1337 1331/1331 1338/1338
f 1334/1334 1338/1338 1331/1331
f 1338/1338 1339/1339 1337/1337
f 1340/1340 1341/1341 1342/1342
f 1343/1343 1341/1341 1340/1340
f 1341/1341 1343/1343 1344/1344
f 1345/1345 1341/1341 1344/1344
f 1343/1343 1346/1346 1344/1344
f 1345/1345 1347/1347 1348/1348
f 1347/1347 1345/1345 1349/1349
f 1349/1349 1350/1350 1347/1347
f 1345/1345 1351/1351 1352/1352
f 1345/1345 1352/1352 1349/1349
f 1345/1345 1348/1348 1341/1341
f 1353/1353 1350/1350 1349/1349
f 1344/1344 1346/1346 1354/1354
f 1355/1355 1356/1356 1357/1357
f 1355/1355 1358/1358 1359/1359
f 1358/1358 1360/1360 1359/1359
f 1361/1361 1358/1358 1362/1362
f 1363/1363 1361/1361 1362/1362
f 1360/1360 1358/1358 1361/1361
f 1364/1364 1349/1349 1352/1352
f 1345/1345 1344/1344 1351/1351
f 1357/1357 1356/1356 1365/1365
f 1355/1355 1359/1359 1356/1356
f 1344/1344 1354/1354 1365/1365
f 1357/1357 1365/1365 1354/1354
f 1366/1366 1367/1367 1353/1353
f 1367/1367 1368/1368 1369/1369
f 1370/1370 1369/1369 1368/1368
f 1371/1371 1368/1368 1372/1372
f 1370/1370 1373/1373 1374/1374
f 1353/1353 1349/1349 1366/1366
f 1375/1375 1374/1374 1376/1376
f 1377/1377 1376/1376 1374/1374
f 1378/1378 1377/1377 1379/1379
f 1374/1374 1379/1379 1377/1377
f 1380/1380 1378/1378 1379/1379
f 1381/1381 1373/1373 1368/1368
f 1379/1379 1373/1373 1381/1381
f 1373/1373 1370/1370 1368/1368
f 1374/1374 1373/1373 1379/1379
f 1372/1372 1368/1368 1366/1366
f 1368/1368 1371/1371 1381/1381
f 1382/1382 1383/1383 1384/1384
f 1385/1385 1382/1382 1384/1384
f 1383/1383 1382/1382 1380/1380
f 1386/1386 1387/1387 1388/1388
f 1387/1387 1386/1386 1385/1385
f 1389/1389 1386/1386 1388/1388
f 1384/1384 1387/1387 1385/1385
f 1379/1379 1383/1383 1380/1380
f 1366/1366 1349/1349 1390/1390
f 1391/1391 1363/1363 1392/1392
f 1393/1393 1392/1392 1363/1363
f 1394/1394 1393/1393 1395/1395
f 1396/1396 1394/1394 1395/1395
f 1392/1392 1393/1393 1394/1394
f 1396/1396 1397/1397 1398/1398
f 1398/1398 1399/1399 1400/1400
f 1401/1401 1402/1402 1403/1403
f 1403/1403 1404/1404 1399/1399
f 1390/1390 1349/1349 1364/1364
f 1399/1399 1404/1404 1400/1400
f 1397/1397 1396/1396 1395/1395
f 1405/1405 1401/1401 1406/1406
f 1407/1407 1398/1398 1408/1408
f 1409/1409 1398/1398 1407/1407
f 1409/1409 1410/1410 1411/1411
f 1407/1407 1410/1410 1409/1409
f 1409/1409 1399/1399 1398/1398
f 1399/1399 1412/1412 1403/1403
f 1409/1409 1413/1413 1399/1399
f 1414/1414 1403/1403 1412/1412
f 1403/1403 1402/1402 1404/1404
f 1403/1403 1414/1414 1415/1415
f 1403/1403 1415/1415 1406/1406
f 1397/1397 1408/1408 1398/1398
f 1401/1401 1403/1403 1406/1406
f 1416/1416 1417/1417 1418/1418
f 1419/1419 1420/1420 1417/1417
f 1421/1421 1422/1422 1423/1423
f 1421/1421 1405/1405 1406/1406
f 1424/1424 1416/1416 1418/1418
f 1425/1425 1426/1426 1427/1427
f 1420/1420 1419/1419 1427/1427
f 1416/1416 1419/1419 1417/1417
f 1426/1426 1420/1420 1427/1427
f 1428/1428 1422/1422 1429/1429
f 1421/1421 1430/1430 1429/1429
f 1421/1421 1431/1431 1432/1432
f 1422/1422 1421/1421 1429/1429
f 1421/1421 1423/1423 1405/1405
f 1431/1431 1406/1406 1415/1415
f 1433/1433 1429/1429 1430/1430
f 1424/1424 1428/1428 1434/1434
f 1435/1435 1434/1434 1428/1428
f 1418/1418 1428/1428 1424/1424
f 1436/1436 1433/1433 1437/1437
f 1433/1433 1436/1436 1435/1435
f 1428/1428 1433/1433 1435/1435
f 1433/1433 1428/1428 1429/1429
f 1390/1390 1372/1372 1366/1366
f 1438/1438 1439/1439 1440/1440
f 1438/1438 1441/1441 1442/1442
f 1442/1442 1439/1439 1438/1438
f 1443/1443 1444/1444 1445/1445
f 1443/1443 1446/1446 1447/1447
f 1443/1443 1448/1448 1446/1446
f 1447/1447 1444/1444 1443/1443
f 1445/1445 1441/1441 1438/1438
f 1449/1449 1438/1438 1450/1450
f 1438/1438 1449/1449 1451/1451
f 1438/1438 1451/1451 1452/1452
f 1453/1453 1438/1438 1452/1452
f 1454/1454 1443/1443 1453/1453
f 1438/1438 1453/1453 1443/1443
f 1443/1443 1454/1454 1455/1455
f 1443/1443 1455/1455 1456/1456
f 1445/1445 1438/1438 1443/1443
f 1457/1457 1458/1458 1459/1459
f 1457/1457 1460/1460 1458/1458
f 1461/1461 1462/1462 1463/1463
f 1461/1461 1464/1464 1462/1462
f 1463/1463 1460/1460 1461/1461
f 1465/1465 1464/1464 1461/1461
f 1457/1457 1461/1461 1460/1460
f 1466/1466 1465/1465 1461/1461
f 1467/1467 1468/1468 1466/1466
f 1469/1469 1470/1470 1471/1471
f 1472/1472 1469/1469 1471/1471
f 1473/1473 1469/1469 1472/1472
f 1474/1474 1475/1475 1472/1472
f 1474/1474 1472/1472 1471/1471
f 1475/1475 1476/1476 1477/1477
f 1478/1478 1476/1476 1479/1479
f 1480/1480 1477/1477 1478/1478
f 1476/1476 1478/1478 1477/1477
f 1474/1474 1476/1476 1475/1475
f 1481/1481 1482/1482 1483/1483
f 1484/1484 1482/1482 1481/1481
f 1485/1485 1486/1486 1482/1482
f 1483/1483 1482/1482 1486/1486
f 1486/1486 1485/1485 1487/1487
f 1488/1488 1489/1489 1490/1490
f 1491/1491 1489/1489 1488/1488
f 1492/1492 1493/1493 1491/1491
f 1489/1489 1491/1491 1493/1493
f 1494/1494 1493/1493 1492/1492
f 1495/1495 1496/1496 1497/1497
f 1498/1498 1496/1496 1499/1499
f 1500/1500 1501/1501 1495/1495
f 1489/1489 1495/1495 1497/1497
f 1496/1496 1495/1495 1499/1499
f 1495/1495 1489/1489 1493/1493
f 1499/1499 1502/1502 1498/1498
f 1493/1493 1494/1494 1503/1503
f 1504/1504 1505/1505 1506/1506
f 1507/1507 1508/1508 1504/1504
f 1508/1508 1505/1505 1504/1504
f 1509/1509 1510/1510 1511/1511
f 1507/1507 1511/1511 1510/1510
f 1493/1493 1500/1500 1495/1495
f 1508/1508 1507/1507 1510/1510
f 1495/1495 1501/1501 1499/1499
f 1506/1506 1505/1505 1503/1503
f 1499/1499 1512/1512 1513/1513
f 1501/1501 1512/1512 1499/1499
f 1506/1506 1503/1503 1494/1494
f 1514/1514 1499/1499 1513/1513
f 1514/1514 1515/1515 1502/1502
f 1515/1515 1516/1516 1517/1517
f 1518/1518 1517/1517 1516/1516
f 1516/1516 1519/1519 1520/1520
f 1518/1518 1521/1521 1522/1522
f 1502/1502 1499/1499 1514/1514
f 1523/1523 1522/1522 1524/1524
f 1525/1525 1524/1524 1522/1522
f 1526/1526 1525/1525 1527/1527
f 1522/1522 1527/1527 1525/1525
f 1528/1528 1526/1526 1527/1527
f 1529/1529 1521/1521 1516/1516
f 1514/1514 1519/1519 1516/1516
f 1529/1529 1516/1516 1520/1520
f 1518/1518 1516/1516 1521/1521
f 1528/1528 1530/1530 1531/1531
f 1521/1521 1529/1529 1527/1527
f 1522/1522 1521/1521 1527/1527
f 1532/1532 1531/1531 1533/1533
f 1530/1530 1533/1533 1531/1531
f 1534/1534 1532/1532 1533/1533
f 1534/1534 1535/1535 1536/1536
f 1537/1537 1536/1536 1535/1535
f 1536/1536 1537/1537 1538/1538
f 1532/1532 1534/1534 1536/1536
f 1527/1527 1530/1530 1528/1528
f 1539/1539 1511/1511 1540/1540
f 1541/1541 1539/1539 1540/1540
f 1542/1542 1543/1543 1541/1541
f 1540/1540 1542/1542 1541/1541
f 1544/1544 1543/1543 1542/1542
f 1544/1544 1545/1545 1543/1543
f 1545/1545 1546/1546 1547/1547
f 1548/1548 1549/1549 1550/1550
f 1550/1550 1549/1549 1551/1551
f 1548/1548 1547/1547 1549/1549
f 1546/1546 1545/1545 1544/1544
f 1552/1552 1551/1551 1553/1553
f 1554/1554 1547/1547 1555/1555
f 1556/1556 1547/1547 1554/1554
f 1556/1556 1557/1557 1558/1558
f 1554/1554 1557/1557 1556/1556
f 1556/1556 1549/1549 1547/1547
f 1559/1559 1560/1560 1549/1549
f 1551/1551 1549/1549 1560/1560
f 1551/1551 1561/1561 1562/1562
f 1560/1560 1563/1563 1551/1551
f 1551/1551 1552/1552 1550/1550
f 1559/1559 1549/1549 1556/1556
f 1546/1546 1555/1555 1547/1547
f 1562/1562 1564/1564 1553/1553
f 1565/1565 1566/1566 1567/1567
f 1568/1568 1569/1569 1570/1570
f 1565/1565 1571/1571 1572/1572
f 1564/1564 1562/1562 1567/1567
f 1573/1573 1568/1568 1570/1570
f 1574/1574 1538/1538 1575/1575
f 1575/1575 1538/1538 1537/1537
f 1576/1576 1574/1574 1575/1575
f 1576/1576 1569/1569 1577/1577
f 1568/1568 1577/1577 1569/1569
f 1574/1574 1576/1576 1577/1577
f 1573/1573 1570/1570 1572/1572
f 1567/1567 1578/1578 1579/1579
f 1551/1551 1562/1562 1553/1553
f 1561/1561 1578/1578 1562/1562
f 1567/1567 1566/1566 1564/1564
f 1567/1567 1579/1579 1580/1580
f 1567/1567 1571/1571 1565/1565
f 1572/1572 1581/1581 1573/1573
f 1581/1581 1572/1572 1582/1582
f 1572/1572 1571/1571 1583/1583
f 1584/1584 1583/1583 1585/1585
f 1583/1583 1584/1584 1582/1582
f 1583/1583 1582/1582 1572/1572
f 1583/1583 1571/1571 1580/1580
f 1580/1580 1571/1571 1567/1567
f 1513/1513 1519/1519 1514/1514
f 1539/1539 1509/1509 1511/1511
f 1586/1586 1587/1587 1588/1588
f 1586/1586 1589/1589 1587/1587
f 1590/1590 1587/1587 1591/1591
f 1587/1587 1589/1589 1591/1591
f 1587/1587 1592/1592 1588/1588
f 1593/1593 1594/1594 1595/1595
f 1594/1594 1596/1596 1595/1595
f 1597/1597 1598/1598 1596/1596
f 1595/1595 1596/1596 1598/1598
f 1599/1599 1600/1600 1597/1597
f 1598/1598 1597/1597 1600/1600
f 1592/1592 1601/1601 1593/1593
f 1590/1590 1602/1602 1603/1603
f 1604/1604 1605/1605 1606/1606
f 1605/1605 1607/1607 1608/1608
f 1609/1609 1610/1610 1611/1611
f 1607/1607 1611/1611 1610/1610
f 1612/1612 1609/1609 1611/1611
f 1607/1607 1610/1610 1608/1608
f 1594/1594 1593/1593 1601/1601
f 1587/1587 1601/1601 1592/1592
f 1605/1605 1608/1608 1606/1606
f 1613/1613 1603/1603 1602/1602
f 1604/1604 1606/1606 1613/1613
f 1587/1587 1590/1590 1603/1603
f 1613/1613 1602/1602 1604/1604
f 1614/1614 1615/1615 1616/1616
f 1617/1617 1618/1618 1615/1615
f 1615/1615 1614/1614 1617/1617
f 1616/1616 1599/1599 1614/1614
f 1599/1599 1616/1616 1600/1600
f 1619/1619 1618/1618 1617/1617
f 1620/1620 1621/1621 1619/1619
f 1622/1622 1619/1619 1621/1621
f 1620/1620 1623/1623 1624/1624
f 1624/1624 1625/1625 1626/1626
f 1625/1625 1624/1624 1623/1623
f 1619/1619 1623/1623 1620/1620
f 1619/1619 1622/1622 1618/1618
f 1626/1626 1627/1627 1628/1628
f 1629/1629 1627/1627 1626/1626
f 1630/1630 1631/1631 1632/1632
f 1630/1630 1633/1633 1631/1631
f 1628/1628 1627/1627 1633/1633
f 1628/1628 1633/1633 1630/1630
f 1634/1634 1632/1632 1635/1635
f 1630/1630 1632/1632 1634/1634
f 1636/1636 1634/1634 1637/1637
f 1635/1635 1637/1637 1634/1634
f 1637/1637 1638/1638 1636/1636
f 1625/1625 1629/1629 1626/1626
f 1638/1638 1637/1637 1639/1639
f 1640/1640 1641/1641 1612/1612
f 1642/1642 1640/1640 1643/1643
f 1644/1644 1645/1645 1642/1642
f 1643/1643 1644/1644 1642/1642
f 1646/1646 1645/1645 1644/1644
f 1642/1642 1641/1641 1640/1640
f 1646/1646 1647/1647 1645/1645
f 1648/1648 1649/1649 1650/1650
f 1651/1651 1652/1652 1647/1647
f 1646/1646 1651/1651 1647/1647
f 1653/1653 1652/1652 1654/1654
f 1651/1651 1654/1654 1652/1652
f 1655/1655 1653/1653 1654/1654
f 1653/1653 1656/1656 1657/1657
f 1655/1655 1656/1656 1653/1653
f 1658/1658 1653/1653 1657/1657
f 1659/1659 1660/1660 1661/1661
f 1659/1659 1662/1662 1663/1663
f 1658/1658 1664/1664 1653/1653
f 1660/1660 1648/1648 1650/1650
f 1661/1661 1660/1660 1650/1650
f 1665/1665 1649/1649 1648/1648
f 1666/1666 1667/1667 1668/1668
f 1666/1666 1669/1669 1667/1667
f 1670/1670 1671/1671 1672/1672
f 1671/1671 1673/1673 1672/1672
f 1673/1673 1668/1668 1672/1672
f 1674/1674 1638/1638 1639/1639
f 1675/1675 1676/1676 1674/1674
f 1669/1669 1666/1666 1675/1675
f 1673/1673 1666/1666 1668/1668
f 1669/1669 1675/1675 1677/1677
f 1674/1674 1677/1677 1675/1675
f 1671/1671 1670/1670 1678/1678
f 1679/1679 1680/1680 1681/1681
f 1682/1682 1649/1649 1665/1665
f 1683/1683 1681/1681 1680/1680
f 1684/1684 1683/1683 1680/1680
f 1671/1671 1678/1678 1685/1685
f 1683/1683 1686/1686 1687/1687
f 1687/1687 1685/1685 1678/1678
f 1683/1683 1688/1688 1686/1686
f 1686/1686 1685/1685 1687/1687
f 1688/1688 1683/1683 1689/1689
f 1689/1689 1683/1683 1684/1684
f 1641/1641 1609/1609 1612/1612
f 1690/1690 1691/1691 1692/1692
f 1693/1693 1692/1692 1694/1694
f 1691/1691 1694/1694 1692/1692
f 1690/1690 1692/1692 1695/1695
f 1696/1696 1697/1697 1698/1698
f 1696/1696 1699/1699 1697/1697
f 1690/1690 1700/1700 1696/1696
f 1699/1699 1696/1696 1700/1700
f 1695/1695 1700/1700 1690/1690
f 1701/1701 1702/1702 1703/1703
f 1702/1702 1701/1701 1704/1704
f 1705/1705 1702/1702 1704/1704
f 1702/1702 1706/1706 1707/1707
f 1707/1707 1708/1708 1709/1709
f 1710/1710 1707/1707 1709/1709
f 1706/1706 1708/1708 1707/1707
f 1705/1705 1706/1706 1702/1702
f 1707/1707 1711/1711 1712/1712
f 1713/1713 1714/1714 1707/1707
f 1707/1707 1712/1712 1713/1713
f 1715/1715 1714/1714 1716/1716
f 1715/1715 1717/1717 1718/1718
f 1716/1716 1717/1717 1715/1715
f 1714/1714 1715/1715 1707/1707
f 1710/1710 1711/1711 1707/1707
f 1719/1719 1720/1720 1721/1721
f 1719/1719 1722/1722 1723/1723
f 1723/1723 1724/1724 1725/1725
f 1725/1725 1726/1726 1727/1727
f 1719/1719 1721/1721 1728/1728
f 1729/1729 1726/1726 1724/1724
f 1724/1724 1726/1726 1725/1725
f 1730/1730 1728/1728 1721/1721
f 1731/1731 1732/1732 1733/1733
f 1733/1733 1734/1734 1731/1731
f 1734/1734 1733/1733 1735/1735
f 1736/1736 1732/1732 1731/1731
f 1736/1736 1737/1737 1738/1738
f 1737/1737 1736/1736 1739/1739
f 1736/1736 1738/1738 1732/1732
f 1740/1740 1737/1737 1739/1739
f 1741/1741 1742/1742 1743/1743
f 1744/1744 1741/1741 1745/1745
f 1746/1746 1747/1747 1745/1745
f 1745/1745 1747/1747 1744/1744
f 1734/1734 1735/1735 1748/1748
f 1748/1748 1735/1735 1743/1743
f 1742/1742 1748/1748 1743/1743
f 1742/1742 1741/1741 1744/1744
f 1749/1749 1750/1750 1740/1740
f 1740/1740 1751/1751 1749/1749
f 1751/1751 1740/1740 1739/1739
f 1752/1752 1750/1750 1749/1749
f 1753/1753 1754/1754 1752/1752
f 1755/1755 1754/1754 1756/1756
f 1753/1753 1756/1756 1754/1754
f 1753/1753 1752/1752 1749/1749
f 1755/1755 1757/1757 1758/1758
f 1759/1759 1760/1760 1761/1761
f 1758/1758 1757/1757 1760/1760
f 1759/1759 1758/1758 1760/1760
f 1762/1762 1763/1763 1764/1764
f 1761/1761 1763/1763 1759/1759
f 1761/1761 1764/1764 1763/1763
f 1756/1756 1757/1757 1755/1755
f 1746/1746 1765/1765 1766/1766
f 1747/1747 1746/1746 1766/1766
f 1767/1767 1765/1765 1746/1746
f 1768/1768 1769/1769 1767/1767
f 1767/1767 1769/1769 1765/1765
f 1770/1770 1771/1771 1772/1772
f 1770/1770 1769/1769 1768/1768
f 1771/1771 1770/1770 1768/1768
f 1771/1771 1773/1773 1772/1772
f 1774/1774 1772/1772 1773/1773
f 1774/1774 1773/1773 1775/1775
f 1776/1776 1774/1774 1775/1775
f 1777/1777 1778/1778 1779/1779
f 1779/1779 1776/1776 1777/1777
f 1776/1776 1779/1779 1774/1774
f 1780/1780 1778/1778 1777/1777
f 1781/1781 1782/1782 1783/1783
f 1781/1781 1784/1784 1785/1785
f 1786/1786 1785/1785 1784/1784
f 1785/1785 1782/1782 1781/1781
f 1787/1787 1762/1762 1788/1788
f 1764/1764 1788/1788 1762/1762
f 1783/1783 1787/1787 1788/1788
f 1787/1787 1783/1783 1782/1782
f 1789/1789 1790/1790 1780/1780
f 1790/1790 1789/1789 1791/1791
f 1789/1789 1780/1780 1777/1777
f 1792/1792 1790/1790 1791/1791
f 1793/1793 1794/1794 1792/1792
f 1794/1794 1793/1793 1786/1786
f 1793/1793 1792/1792 1791/1791
f 1784/1784 1794/1794 1786/1786
f 1795/1795 1796/1796 1797/1797
f 1795/1795 1798/1798 1799/1799
f 1799/1799 1796/1796 1795/1795
f 1800/1800 1801/1801 1802/1802
f 1800/1800 1803/1803 1804/1804
f 1804/1804 1801/1801 1800/1800
f 1802/1802 1798/1798 1795/1795
f 1805/1805 1800/1800 1795/1795
f 1805/1805 1806/1806 1807/1807
f 1807/1807 1808/1808 1805/1805
f 1800/1800 1809/1809 1803/1803
f 1807/1807 1810/1810 1808/1808
f 1795/1795 1800/1800 1802/1802
f 1811/1811 1812/1812 1813/1813
f 1814/1814 1812/1812 1811/1811
f 1812/1812 1815/1815 1816/1816
f 1814/1814 1815/1815 1812/1812
f 1817/1817 1818/1818 1812/1812
f 1819/1819 1820/1820 1821/1821
f 1821/1821 1822/1822 1823/1823
f 1824/1824 1819/1819 1821/1821
f 1825/1825 1824/1824 1821/1821
f 1825/1825 1821/1821 1823/1823
f 1818/1818 1826/1826 1821/1821
f 1816/1816 1827/1827 1812/1812
f 1828/1828 1817/1817 1812/1812
f 1818/1818 1817/1817 1829/1829
f 1830/1830 1831/1831 1829/1829
f 1832/1832 1818/1818 1829/1829
f 1833/1833 1831/1831 1830/1830
f 1821/1821 1834/1834 1822/1822
f 1821/1821 1826/1826 1834/1834
f 1835/1835 1832/1832 1831/1831
f 1832/1832 1826/1826 1818/1818
f 1831/1831 1836/1836 1835/1835
f 1829/1829 1831/1831 1832/1832
f 1828/1828 1812/1812 1827/1827
f 1837/1837 1838/1838 1839/1839
f 1840/1840 1837/1837 1839/1839
f 1841/1841 1838/1838 1837/1837
f 1842/1842 1843/1843 1841/1841
f 1842/1842 1844/1844 1843/1843
f 1845/1845 1843/1843 1844/1844
f 1842/1842 1841/1841 1837/1837
f 1846/1846 1847/1847 1848/1848
f 1840/1840 1847/1847 1846/1846
f 1845/1845 1844/1844 1849/1849
f 1847/1847 1840/1840 1850/1850
f 1840/1840 1839/1839 1850/1850
f 1851/1851 1845/1845 1849/1849
f 1852/1852 1851/1851 1853/1853
f 1854/1854 1853/1853 1851/1851
f 1855/1855 1856/1856 1857/1857
f 1855/1855 1858/1858 1856/1856
f 1859/1859 1856/1856 1858/1858
f 1855/1855 1853/1853 1860/1860
f 1855/1855 1860/1860 1858/1858
f 1854/1854 1860/1860 1853/1853
f 1861/1861 1862/1862 1863/1863
f 1863/1863 1862/1862 1859/1859
f 1864/1864 1861/1861 1865/1865
f 1863/1863 1865/1865 1861/1861
f 1858/1858 1863/1863 1859/1859
f 1854/1854 1851/1851 1849/1849
f 1866/1866 1846/1846 1848/1848
f 1867/1867 1868/1868 1869/1869
f 1870/1870 1871/1871 1867/1867
f 1869/1869 1868/1868 1866/1866
f 1870/1870 1872/1872 1871/1871
f 1871/1871 1868/1868 1867/1867
f 1872/1872 1870/1870 1873/1873
f 1848/1848 1869/1869 1866/1866
f 1874/1874 1875/1875 1873/1873
f 1876/1876 1877/1877 1874/1874
f 1877/1877 1875/1875 1874/1874
f 1877/1877 1878/1878 1879/1879
f 1877/1877 1876/1876 1878/1878
f 1872/1872 1873/1873 1875/1875
f 1880/1880 1881/1881 1882/1882
f 1883/1883 1884/1884 1881/1881
f 1883/1883 1864/1864 1884/1884
f 1880/1880 1883/1883 1881/1881
f 1880/1880 1882/1882 1885/1885
f 1885/1885 1882/1882 1886/1886
f 1884/1884 1864/1864 1865/1865
f 1887/1887 1886/1886 1888/1888
f 1889/1889 1888/1888 1890/1890
f 1891/1891 1892/1892 1890/1890
f 1889/1889 1887/1887 1888/1888
f 1890/1890 1893/1893 1889/1889
f 1890/1890 1892/1892 1893/1893
f 1885/1885 1886/1886 1887/1887
f 1894/1894 1895/1895 1896/1896
f 1897/1897 1895/1895 1898/1898
f 1898/1898 1899/1899 1900/1900
f 1895/1895 1897/1897 1896/1896
f 1901/1901 1902/1902 1900/1900
f 1901/1901 1903/1903 1902/1902
f 1904/1904 1905/1905 1901/1901
f 1903/1903 1901/1901 1905/1905
f 1906/1906 1901/1901 1900/1900
f 1895/1895 1894/1894 1907/1907
f 1908/1908 1899/1899 1895/1895
f 1909/1909 1908/1908 1910/1910
f 1908/1908 1909/1909 1911/1911
f 1908/1908 1911/1911 1912/1912
f 1912/1912 1899/1899 1908/1908
f 1913/1913 1906/1906 1899/1899
f 1899/1899 1906/1906 1900/1900
f 1914/1914 1906/1906 1913/1913
f 1906/1906 1914/1914 1915/1915
f 1906/1906 1915/1915 1916/1916
f 1895/1895 1899/1899 1898/1898
f 1917/1917 1918/1918 1919/1919
f 1920/1920 1919/1919 1918/1918
f 1919/1919 1921/1921 1917/1917
f 1919/1919 1922/1922 1921/1921
f 1923/1923 1924/1924 1925/1925
f 1926/1926 1924/1924 1923/1923
f 1926/1926 1920/1920 1927/1927
f 1918/1918 1927/1927 1920/1920
f 1924/1924 1926/1926 1927/1927
f 1928/1928 1929/1929 1930/1930
f 1931/1931 1930/1930 1932/1932
f 1933/1933 1931/1931 1934/1934
f 1931/1931 1932/1932 1934/1934
f 1935/1935 1936/1936 1937/1937
f 1929/1929 1935/1935 1938/1938
f 1932/1932 1939/1939 1934/1934
f 1936/1936 1935/1935 1929/1929
f 1940/1940 1941/1941 1942/1942
f 1941/1941 1940/1940 1943/1943
f 1944/1944 1943/1943 1940/1940
f 1945/1945 1941/1941 1943/1943
f 1946/1946 1947/1947 1945/1945
f 1947/1947 1948/1948 1949/1949
f 1948/1948 1947/1947 1946/1946
f 1943/1943 1946/1946 1945/1945
f 1950/1950 1944/1944 1951/1951
f 1950/1950 1952/1952 1943/1943
f 1946/1946 1943/1943 1952/1952
f 1948/1948 1946/1946 1953/1953
f 1954/1954 1953/1953 1946/1946
f 1953/1953 1954/1954 1955/1955
f 1954/1954 1946/1946 1952/1952
f 1944/1944 1950/1950 1943/1943
f 1956/1956 1957/1957 1958/1958
f 1957/1957 1959/1959 1958/1958
f 1960/1960 1961/1961 1962/1962
f 1959/1959 1963/1963 1964/1964
f 1963/1963 1962/1962 1964/1964
f 1961/1961 1960/1960 1965/1965
f 1966/1966 1958/1958 1967/1967
f 1967/1967 1958/1958 1959/1959
f 1968/1968 1964/1964 1961/1961
f 1962/1962 1961/1961 1964/1964
f 1961/1961 1969/1969 1968/1968
f 1967/1967 1964/1964 1970/1970
f 1967/1967 1959/1959 1964/1964
f 1971/1971 1961/1961 1965/1965
f 1972/1972 1973/1973 1971/1971
f 1965/1965 1972/1972 1971/1971
f 1972/1972 1974/1974 1973/1973
f 1975/1975 1976/1976 1977/1977
f 1975/1975 1978/1978 1976/1976
f 1974/1974 1978/1978 1979/1979
f 1980/1980 1975/1975 1977/1977
f 1981/1981 1979/1979 1982/1982
f 1974/1974 1979/1979 1973/1973
f 1973/1973 1969/1969 1971/1971
f 1975/1975 1982/1982 1979/1979
f 1975/1975 1983/1983 1984/1984
f 1983/1983 1975/1975 1980/1980
f 1975/1975 1979/1979 1978/1978
f 1985/1985 1986/1986 1987/1987
f 1985/1985 1988/1988 1989/1989
f 1990/1990 1985/1985 1987/1987
f 1985/1985 1990/1990 1988/1988
f 1990/1990 1991/1991 1988/1988
f 1992/1992 1990/1990 1987/1987
f 1993/1993 1994/1994 1995/1995
f 1994/1994 1993/1993 1996/1996
f 1997/1997 1996/1996 1993/1993
f 1998/1998 1994/1994 1996/1996
f 1999/1999 2000/2000 1998/1998
f 2000/2000 2001/2001 2002/2002
f 2001/2001 2000/2000 1999/1999
f 1996/1996 1999/1999 1998/1998
f 2003/2003 1997/1997 2004/2004
f 2003/2003 2005/2005 1996/1996
f 1999/1999 1996/1996 2005/2005
f 2001/2001 1999/1999 2006/2006
f 2007/2007 2006/2006 1999/1999
f 2006/2006 2007/2007 2008/2008
f 2007/2007 1999/1999 2005/2005
f 1997/1997 2003/2003 1996/1996
f 2009/2009 2010/2010 2011/2011
f 2011/2011 2010/2010 2012/2012
f 2010/2010 2009/2009 2013/2013
f 2012/2012 2014/2014 2015/2015
f 2015/2015 2016/2016 2012/2012
f 2014/2014 2012/2012 2010/2010
f 2017/2017 2018/2018 2019/2019
f 2020/2020 2021/2021 2022/2022
f 2020/2020 2023/2023 2024/2024
f 2017/2017 2021/2021 2025/2025
f 2026/2026 2027/2027 2028/2028
f 2029/2029 2028/2028 2030/2030
f 2028/2028 2027/2027 2030/2030
f 2026/2026 2023/2023 2031/2031
f 2032/2032 2033/2033 2034/2034
f 2018/2018 2032/2032 2035/2035
f 2027/2027 2036/2036 2030/2030
f 2032/2032 2018/2018 2033/2033
f 2037/2037 2038/2038 2039/2039
f 2040/2040 2039/2039 2041/2041
f 2039/2039 2038/2038 2041/2041
f 2038/2038 2037/2037 2042/2042
f 2043/2043 2038/2038 2044/2044
f 2045/2045 2038/2038 2043/2043
f 2046/2046 2047/2047 2045/2045
f 2038/2038 2045/2045 2047/2047
f 2041/2041 2038/2038 2047/2047
f 2048/2048 2049/2049 2050/2050
f 2050/2050 2051/2051 2048/2048
f 2051/2051 2050/2050 2052/2052
f 2052/2052 2053/2053 2054/2054
f 2054/2054 2055/2055 2052/2052
f 2050/2050 2053/2053 2052/2052
f 2056/2056 2057/2057 2058/2058
f 2059/2059 2057/2057 2060/2060
f 2061/2061 2056/2056 2062/2062
f 2060/2060 2061/2061 2063/2063
f 2062/2062 2064/2064 2065/2065
f 2066/2066 2062/2062 2065/2065
f 2067/2067 2061/2061 2066/2066
f 2068/2068 2067/2067 2069/2069
f 2066/2066 2070/2070 2071/2071
f 2072/2072 2066/2066 2071/2071
f 2069/2069 2072/2072 2073/2073
f 2074/2074 2075/2075 2076/2076
f 2071/2071 2077/2077 2078/2078
f 2079/2079 2071/2071 2078/2078
f 2080/2080 2072/2072 2079/2079
f 2075/2075 2081/2081 2082/2082
f 2083/2083 2082/2082 2084/2084
f 2085/2085 2083/2083 2084/2084
f 2078/2078 2085/2085 2086/2086
f 2079/2079 2086/2086 2087/2087
f 2088/2088 2079/2079 2087/2087
f 2089/2089 2081/2081 2090/2090
f 2084/2084 2089/2089 2091/2091
f 2092/2092 2084/2084 2091/2091
f 2093/2093 2085/2085 2092/2092
f 2087/2087 2093/2093 2094/2094
f 2095/2095 2087/2087 2094/2094
f 2089/2089 2096/2096 2097/2097
f 2091/2091 2097/2097 2098/2098
f 2099/2099 2091/2091 2098/2098
f 2093/2093 2099/2099 2100/2100
f 2101/2101 2093/2093 2100/2100
f 2102/2102 2094/2094 2101/2101
f 2103/2103 2099/2099 2104/2104
f 2105/2105 2100/2100 2103/2103
f 2102/2102 2105/2105 2106/2106
f 2107/2107 2104/2104 2108/2108
f 2105/2105 2107/2107 2109/2109
f 2110/2110 2105/2105 2109/2109
f 2107/2107 2111/2111 2112/2112
f 2113/2113 2107/2107 2112/2112
f 2114/2114 2115/2115 2116/2116
f 2115/2115 2114/2114 2117/2117
f 2116/2116 2118/2118 2114/2114
f 2119/2119 2120/2120 2121/2121
f 2122/2122 2119/2119 2123/2123
f 2122/2122 2123/2123 2116/2116
f 2121/2121 2123/2123 2119/2119
f 2064/2064 2117/2117 2114/2114
f 2124/2124 2125/2125 2126/2126
f 2127/2127 2126/2126 2125/2125
f 2124/2124 2056/2056 2128/2128
f 2124/2124 2126/2126 2062/2062
f 2129/2129 2130/2130 2064/2064
f 2064/2064 2127/2127 2131/2131
f 2064/2064 2131/2131 2129/2129
f 2126/2126 2127/2127 2064/2064
f 2130/2130 2117/2117 2064/2064
f 2132/2132 2114/2114 2118/2118
f 2123/2123 2133/2133 2118/2118
f 2134/2134 2118/2118 2133/2133
f 2114/2114 2132/2132 2064/2064
f 2116/2116 2123/2123 2118/2118
f 2074/2074 2135/2135 2136/2136
f 2133/2133 2076/2076 2137/2137
f 2133/2133 2137/2137 2134/2134
f 2135/2135 2074/2074 2133/2133
f 2138/2138 2137/2137 2076/2076
f 2135/2135 2133/2133 2123/2123
f 2064/2064 2139/2139 2065/2065
f 2070/2070 2139/2139 2140/2140
f 2141/2141 2139/2139 2064/2064
f 2138/2138 2076/2076 2075/2075
f 2074/2074 2076/2076 2133/2133
f 2142/2142 2138/2138 2083/2083
f 2075/2075 2083/2083 2138/2138
f 2077/2077 2142/2142 2083/2083
f 2143/2143 2070/2070 2140/2140
f 2064/2064 2132/2132 2141/2141
f 2142/2142 2070/2070 2143/2143
f 2058/2058 2144/2144 2145/2145
f 2144/2144 2058/2058 2146/2146
f 2147/2147 2058/2058 2145/2145
f 2058/2058 2148/2148 2056/2056
f 2056/2056 2148/2148 2128/2128
f 2147/2147 2149/2149 2058/2058
f 2148/2148 2058/2058 2149/2149
f 2150/2150 2149/2149 2147/2147
f 2059/2059 2146/2146 2058/2058
f 2151/2151 2152/2152 2153/2153
f 2146/2146 2059/2059 2151/2151
f 2153/2153 2152/2152 2154/2154
f 2152/2152 2151/2151 2059/2059
f 2059/2059 2155/2155 2152/2152
f 2060/2060 2156/2156 2155/2155
f 2152/2152 2155/2155 2157/2157
f 2158/2158 2157/2157 2155/2155
f 2154/2154 2152/2152 2157/2157
f 2060/2060 2155/2155 2059/2059
f 2063/2063 2159/2159 2060/2060
f 2159/2159 2156/2156 2060/2060
f 2159/2159 2063/2063 2068/2068
f 2068/2068 2160/2160 2161/2161
f 2065/2065 2139/2139 2070/2070
f 2056/2056 2124/2124 2062/2062
f 2068/2068 2162/2162 2159/2159
f 2161/2161 2162/2162 2068/2068
f 2163/2163 2160/2160 2069/2069
f 2080/2080 2164/2164 2073/2073
f 2165/2165 2080/2080 2088/2088
f 2163/2163 2073/2073 2164/2164
f 2073/2073 2163/2163 2069/2069
f 2070/2070 2142/2142 2077/2077
f 2081/2081 2136/2136 2166/2166
f 2167/2167 2081/2081 2166/2166
f 2090/2090 2167/2167 2168/2168
f 2096/2096 2168/2168 2169/2169
f 2170/2170 2171/2171 2096/2096
f 2169/2169 2170/2170 2096/2096
f 2172/2172 2173/2173 2170/2170
f 2090/2090 2168/2168 2096/2096
f 2171/2171 2170/2170 2173/2173
f 2174/2174 2175/2175 2098/2098
f 2104/2104 2099/2099 2175/2175
f 2098/2098 2175/2175 2099/2099
f 2174/2174 2098/2098 2097/2097
f 2097/2097 2171/2171 2176/2176
f 2175/2175 2177/2177 2104/2104
f 2104/2104 2177/2177 2178/2178
f 2097/2097 2176/2176 2174/2174
f 2171/2171 2097/2097 2096/2096
f 2170/2170 2179/2179 2180/2180
f 2172/2172 2181/2181 2182/2182
f 2183/2183 2184/2184 2185/2185
f 2184/2184 2170/2170 2185/2185
f 2170/2170 2180/2180 2172/2172
f 2180/2180 2181/2181 2172/2172
f 2181/2181 2186/2186 2182/2182
f 2184/2184 2179/2179 2170/2170
f 2187/2187 2182/2182 2186/2186
f 2188/2188 2187/2187 2189/2189
f 2188/2188 2190/2190 2178/2178
f 2191/2191 2188/2188 2189/2189
f 2182/2182 2187/2187 2188/2188
f 2178/2178 2190/2190 2108/2108
f 2192/2192 2111/2111 2108/2108
f 2190/2190 2192/2192 2108/2108
f 2193/2193 2111/2111 2192/2192
f 2191/2191 2190/2190 2188/2188
f 2104/2104 2178/2178 2108/2108
f 2095/2095 2194/2194 2088/2088
f 2102/2102 2195/2195 2196/2196
f 2095/2095 2196/2196 2197/2197
f 2198/2198 2199/2199 2113/2113
f 2109/2109 2113/2113 2199/2199
f 2200/2200 2201/2201 2110/2110
f 2109/2109 2200/2200 2110/2110
f 2109/2109 2199/2199 2200/2200
f 2110/2110 2202/2202 2106/2106
f 2203/2203 2110/2110 2204/2204
f 2204/2204 2205/2205 2203/2203
f 2205/2205 2204/2204 2206/2206
f 2106/2106 2202/2202 2195/2195
f 2201/2201 2204/2204 2110/2110
f 2165/2165 2088/2088 2194/2194
f 2112/2112 2111/2111 2207/2207
f 2193/2193 2207/2207 2111/2111
f 2208/2208 2112/2112 2209/2209
f 2207/2207 2209/2209 2112/2112
f 2112/2112 2210/2210 2211/2211
f 2212/2212 2113/2113 2112/2112
f 2212/2212 2112/2112 2211/2211
f 2210/2210 2112/2112 2208/2208
f 2213/2213 2113/2113 2212/2212
f 2214/2214 2215/2215 2216/2216
f 2215/2215 2198/2198 2113/2113
f 2206/2206 2216/2216 2205/2205
f 2216/2216 2217/2217 2205/2205
f 2214/2214 2198/2198 2215/2215
f 2213/2213 2218/2218 2113/2113
f 2216/2216 2219/2219 2217/2217
f 2218/2218 2219/2219 2215/2215
f 2215/2215 2219/2219 2216/2216
f 2113/2113 2218/2218 2215/2215
f 2218/2218 2213/2213 2220/2220
f 2221/2221 2222/2222 2223/2223
f 2224/2224 2221/2221 2223/2223
f 2225/2225 2223/2223 2222/2222
f 2226/2226 2225/2225 2222/2222
f 2222/2222 2227/2227 2226/2226
f 2222/2222 2228/2228 2227/2227
f 2229/2229 2230/2230 2231/2231
f 2229/2229 2232/2232 2230/2230
f 2221/2221 2224/2224 2233/2233
f 2229/2229 2233/2233 2224/2224
f 2229/2229 2234/2234 2233/2233
f 2234/2234 2229/2229 2231/2231
f 2235/2235 2236/2236 2237/2237
f 2238/2238 2239/2239 2236/2236
f 2240/2240 2235/2235 2241/2241
f 2240/2240 2238/2238 2236/2236
f 2235/2235 2240/2240 2236/2236
f 2242/2242 2243/2243 2244/2244
f 2245/2245 2243/2243 2242/2242
f 2246/2246 2245/2245 2247/2247
f 2242/2242 2247/2247 2245/2245
f 2248/2248 2246/2246 2249/2249
f 2247/2247 2249/2249 2246/2246
f 2248/2248 2250/2250 2251/2251
f 2252/2252 2248/2248 2251/2251
f 2249/2249 2250/2250 2248/2248
f 2253/2253 2252/2252 2254/2254
f 2251/2251 2254/2254 2252/2252
f 2255/2255 2253/2253 2256/2256
f 2254/2254 2256/2256 2253/2253
f 2257/2257 2255/2255 2258/2258
f 2259/2259 2257/2257 2258/2258
f 2253/2253 2255/2255 2257/2257
f 2260/2260 2259/2259 2261/2261
f 2258/2258 2261/2261 2259/2259
f 2262/2262 2260/2260 2263/2263
f 2261/2261 2263/2263 2260/2260
f 2260/2260 2262/2262 2264/2264
f 2265/2265 2264/2264 2262/2262
f 2264/2264 2265/2265 2266/2266
f 2267/2267 2266/2266 2265/2265
f 2268/2268 2267/2267 2269/2269
f 2267/2267 2268/2268 2270/2270
f 2266/2266 2267/2267 2270/2270
f 2271/2271 2272/2272 2273/2273
f 2274/2274 2275/2275 2276/2276
f 2274/2274 2277/2277 2278/2278
f 2278/2278 2279/2279 2280/2280
f 2271/2271 2273/2273 2275/2275
f 2281/2281 2279/2279 2277/2277
f 2277/2277 2279/2279 2278/2278
f 2282/2282 2275/2275 2273/2273
f 2283/2283 2284/2284 2285/2285
f 2286/2286 2285/2285 2284/2284
f 2287/2287 2284/2284 2283/2283
f 2283/2283 2285/2285 2288/2288
f 2289/2289 2290/2290 2288/2288
f 2290/2290 2283/2283 2288/2288
f 2289/2289 2291/2291 2290/2290
f 2292/2292 2287/2287 2293/2293
f 2293/2293 2287/2287 2283/2283
f 2291/2291 2294/2294 2290/2290
f 2290/2290 2294/2294 2295/2295
f 2283/2283 2295/2295 2293/2293
f 2283/2283 2290/2290 2295/2295
f 2291/2291 2296/2296 2297/2297
f 2298/2298 2296/2296 2299/2299
f 2297/2297 2300/2300 2291/2291
f 2298/2298 2301/2301 2297/2297
f 2302/2302 2298/2298 2299/2299
f 2302/2302 2303/2303 2304/2304
f 2304/2304 2305/2305 2302/2302
f 2306/2306 2305/2305 2307/2307
f 2304/2304 2307/2307 2305/2305
f 2307/2307 2308/2308 2306/2306
f 2309/2309 2305/2305 2306/2306
f 2310/2310 2311/2311 2312/2312
f 2313/2313 2311/2311 2310/2310
f 2314/2314 2313/2313 2310/2310
f 2314/2314 2315/2315 2316/2316
f 2311/2311 2313/2313 2317/2317
f 2318/2318 2319/2319 2320/2320
f 2321/2321 2318/2318 2320/2320
f 2322/2322 2323/2323 2324/2324
f 2325/2325 2326/2326 2327/2327
f 2322/2322 2328/2328 2321/2321
f 2329/2329 2323/2323 2325/2325
f 2326/2326 2325/2325 2323/2323
f 2330/2330 2331/2331 2332/2332
f 2330/2330 2333/2333 2331/2331
f 2330/2330 2334/2334 2335/2335
f 2336/2336 2334/2334 2337/2337
f 2330/2330 2337/2337 2334/2334
f 2330/2330 2335/2335 2333/2333
f 2337/2337 2338/2338 2336/2336
f 2339/2339 2336/2336 2338/2338
f 2339/2339 2338/2338 2340/2340
f 2341/2341 2339/2339 2340/2340
f 2342/2342 2343/2343 2341/2341
f 2341/2341 2344/2344 2342/2342
f 2344/2344 2341/2341 2340/2340
f 2345/2345 2346/2346 2347/2347
f 2345/2345 2348/2348 2346/2346
f 2345/2345 2349/2349 2350/2350
f 2345/2345 2351/2351 2349/2349
f 2350/2350 2348/2348 2345/2345
f 2345/2345 2352/2352 2351/2351
f 2353/2353 2345/2345 2347/2347
f 2354/2354 2345/2345 2353/2353
f 2345/2345 2355/2355 2356/2356
f 2352/2352 2345/2345 2356/2356
f 2345/2345 2354/2354 2357/2357
f 2358/2358 2359/2359 2360/2360
f 2361/2361 2360/2360 2362/2362
f 2360/2360 2359/2359 2362/2362
f 2359/2359 2358/2358 2363/2363
f 2364/2364 2359/2359 2365/2365
f 2366/2366 2359/2359 2364/2364
f 2367/2367 2368/2368 2366/2366
f 2359/2359 2366/2366 2368/2368
f 2362/2362 2359/2359 2368/2368
f 2369/2369 2370/2370 2371/2371
f 2372/2372 2369/2369 2373/2373
f 2371/2371 2373/2373 2369/2369
f 2374/2374 2372/2372 2375/2375
f 2373/2373 2375/2375 2372/2372
f 2375/2375 2376/2376 2374/2374
f 2377/2377 2378/2378 2379/2379
f 2380/2380 2379/2379 2381/2381
f 2382/2382 2381/2381 2383/2383
f 2384/2384 2383/2383 2385/2385
f 2386/2386 2387/2387 2388/2388
f 2389/2389 2386/2386 2390/2390
f 2389/2389 2391/2391 2386/2386
f 2391/2391 2387/2387 2386/2386
f 2390/2390 2392/2392 2389/2389
f 2393/2393 2390/2390 2386/2386
f 2394/2394 2395/2395 2396/2396
f 2397/2397 2398/2398 2399/2399
f 2399/2399 2395/2395 2394/2394
f 2396/2396 2400/2400 2401/2401
f 2395/2395 2400/2400 2396/2396
f 2402/2402 2398/2398 2397/2397
f 2393/2393 2396/2396 2401/2401
f 2401/2401 2403/2403 2393/2393
f 2390/2390 2404/2404 2405/2405
f 2390/2390 2405/2405 2392/2392
f 2378/2378 2404/2404 2390/2390
f 2377/2377 2406/2406 2407/2407
f 2404/2404 2407/2407 2406/2406
f 2378/2378 2407/2407 2404/2404
f 2406/2406 2377/2377 2380/2380
f 2378/2378 2390/2390 2408/2408
f 2409/2409 2410/2410 2390/2390
f 2403/2403 2390/2390 2393/2393
f 2378/2378 2408/2408 2411/2411
f 2408/2408 2390/2390 2410/2410
f 2378/2378 2411/2411 2379/2379
f 2403/2403 2409/2409 2390/2390
f 2379/2379 2411/2411 2381/2381
f 2394/2394 2397/2397 2399/2399
f 2412/2412 2402/2402 2413/2413
f 2397/2397 2413/2413 2402/2402
f 2414/2414 2415/2415 2397/2397
f 2415/2415 2413/2413 2397/2397
f 2416/2416 2417/2417 2418/2418
f 2412/2412 2418/2418 2417/2417
f 2419/2419 2412/2412 2417/2417
f 2419/2419 2402/2402 2412/2412
f 2420/2420 2421/2421 2414/2414
f 2414/2414 2422/2422 2420/2420
f 2422/2422 2423/2423 2420/2420
f 2415/2415 2414/2414 2421/2421
f 2424/2424 2425/2425 2426/2426
f 2427/2427 2420/2420 2423/2423
f 2426/2426 2420/2420 2424/2424
f 2420/2420 2426/2426 2421/2421
f 2428/2428 2425/2425 2424/2424
f 2417/2417 2429/2429 2430/2430
f 2431/2431 2430/2430 2432/2432
f 2431/2431 2432/2432 2433/2433
f 2432/2432 2430/2430 2429/2429
f 2431/2431 2433/2433 2434/2434
f 2416/2416 2429/2429 2417/2417
f 2435/2435 2436/2436 2437/2437
f 2428/2428 2437/2437 2436/2436
f 2438/2438 2435/2435 2437/2437
f 2439/2439 2440/2440 2441/2441
f 2441/2441 2438/2438 2439/2439
f 2438/2438 2441/2441 2435/2435
f 2442/2442 2440/2440 2439/2439
f 2436/2436 2425/2425 2428/2428
f 2382/2382 2443/2443 2444/2444
f 2382/2382 2445/2445 2443/2443
f 2446/2446 2447/2447 2448/2448
f 2449/2449 2384/2384 2450/2450
f 2450/2450 2384/2384 2448/2448
f 2384/2384 2449/2449 2445/2445
f 2451/2451 2381/2381 2411/2411
f 2451/2451 2383/2383 2381/2381
f 2382/2382 2452/2452 2453/2453
f 2384/2384 2445/2445 2382/2382
f 2380/2380 2382/2382 2453/2453
f 2444/2444 2452/2452 2382/2382
f 2383/2383 2451/2451 2454/2454
f 2455/2455 2456/2456 2447/2447
f 2446/2446 2448/2448 2384/2384
f 2455/2455 2447/2447 2446/2446
f 2384/2384 2457/2457 2446/2446
f 2458/2458 2385/2385 2459/2459
f 2458/2458 2457/2457 2384/2384
f 2460/2460 2385/2385 2454/2454
f 2461/2461 2385/2385 2460/2460
f 2462/2462 2463/2463 2461/2461
f 2385/2385 2461/2461 2463/2463
f 2463/2463 2462/2462 2464/2464
f 2465/2465 2463/2463 2464/2464
f 2459/2459 2385/2385 2463/2463
f 2385/2385 2383/2383 2454/2454
f 2380/2380 2453/2453 2406/2406
f 2466/2466 2467/2467 2434/2434
f 2468/2468 2467/2467 2466/2466
f 2469/2469 2470/2470 2467/2467
f 2468/2468 2469/2469 2467/2467
f 2471/2471 2472/2472 2473/2473
f 2466/2466 2434/2434 2433/2433
f 2474/2474 2475/2475 2442/2442
f 2476/2476 2475/2475 2474/2474
f 2477/2477 2478/2478 2476/2476
f 2475/2475 2476/2476 2478/2478
f 2477/2477 2471/2471 2473/2473
f 2478/2478 2477/2477 2473/2473
f 2479/2479 2480/2480 2481/2481
f 2482/2482 2472/2472 2471/2471
f 2483/2483 2484/2484 2485/2485
f 2486/2486 2487/2487 2485/2485
f 2487/2487 2465/2465 2488/2488
f 2464/2464 2488/2488 2465/2465
f 2488/2488 2489/2489 2487/2487
f 2485/2485 2487/2487 2489/2489
f 2470/2470 2483/2483 2490/2490
f 2491/2491 2472/2472 2482/2482
f 2480/2480 2482/2482 2471/2471
f 2482/2482 2492/2492 2491/2491
f 2484/2484 2486/2486 2485/2485
f 2486/2486 2484/2484 2492/2492
f 2479/2479 2493/2493 2480/2480
f 2482/2482 2486/2486 2492/2492
f 2493/2493 2482/2482 2480/2480
f 2470/2470 2484/2484 2483/2483
f 2470/2470 2490/2490 2467/2467
f 2442/2442 2475/2475 2440/2440
f 2423/2423 2494/2494 2495/2495
f 2496/2496 2497/2497 2495/2495
f 2427/2427 2495/2495 2498/2498
f 2427/2427 2423/2423 2495/2495
f 2495/2495 2497/2497 2499/2499
f 2495/2495 2500/2500 2498/2498
f 2501/2501 2500/2500 2495/2495
f 2502/2502 2495/2495 2494/2494
f 2503/2503 2502/2502 2504/2504
f 2504/2504 2505/2505 2503/2503
f 2503/2503 2506/2506 2507/2507
f 2507/2507 2495/2495 2503/2503
f 2503/2503 2508/2508 2506/2506
f 2505/2505 2508/2508 2503/2503
f 2509/2509 2510/2510 2511/2511
f 2503/2503 2495/2495 2502/2502
f 2512/2512 2513/2513 2495/2495
f 2495/2495 2514/2514 2501/2501
f 2514/2514 2495/2495 2515/2515
f 2515/2515 2513/2513 2516/2516
f 2516/2516 2513/2513 2517/2517
f 2513/2513 2518/2518 2517/2517
f 2515/2515 2495/2495 2513/2513
f 2519/2519 2516/2516 2517/2517
f 2518/2518 2513/2513 2512/2512
f 2509/2509 2520/2520 2521/2521
f 2522/2522 2523/2523 2524/2524
f 2525/2525 2524/2524 2521/2521
f 2512/2512 2495/2495 2526/2526
f 2526/2526 2495/2495 2499/2499
f 2510/2510 2508/2508 2527/2527
f 2528/2528 2505/2505 2529/2529
f 2505/2505 2527/2527 2508/2508
f 2530/2530 2531/2531 2532/2532
f 2532/2532 2533/2533 2505/2505
f 2527/2527 2511/2511 2510/2510
f 2533/2533 2527/2527 2505/2505
f 2509/2509 2511/2511 2520/2520
f 2530/2530 2528/2528 2534/2534
f 2535/2535 2534/2534 2536/2536
f 2537/2537 2531/2531 2530/2530
f 2535/2535 2530/2530 2534/2534
f 2536/2536 2538/2538 2535/2535
f 2536/2536 2539/2539 2538/2538
f 2540/2540 2535/2535 2538/2538
f 2505/2505 2530/2530 2532/2532
f 2535/2535 2541/2541 2542/2542
f 2543/2543 2537/2537 2530/2530
f 2523/2523 2522/2522 2544/2544
f 2525/2525 2522/2522 2524/2524
f 2543/2543 2530/2530 2545/2545
f 2521/2521 2520/2520 2525/2525
f 2540/2540 2546/2546 2541/2541
f 2546/2546 2540/2540 2547/2547
f 2530/2530 2542/2542 2548/2548
f 2548/2548 2549/2549 2550/2550
f 2548/2548 2550/2550 2545/2545
f 2549/2549 2548/2548 2542/2542
f 2551/2551 2542/2542 2541/2541
f 2552/2552 2550/2550 2549/2549
f 2548/2548 2545/2545 2530/2530
f 2541/2541 2535/2535 2540/2540
f 2553/2553 2523/2523 2544/2544
f 2549/2549 2542/2542 2551/2551
f 2519/2519 2517/2517 2554/2554
f 2554/2554 2517/2517 2555/2555
f 2556/2556 2554/2554 2555/2555
f 2556/2556 2557/2557 2519/2519
f 2558/2558 2559/2559 2560/2560
f 2559/2559 2561/2561 2562/2562
f 2557/2557 2556/2556 2559/2559
f 2556/2556 2555/2555 2561/2561
f 2563/2563 2564/2564 2565/2565
f 2557/2557 2559/2559 2558/2558
f 2566/2566 2567/2567 2568/2568
f 2562/2562 2569/2569 2559/2559
f 2570/2570 2566/2566 2565/2565
f 2556/2556 2561/2561 2559/2559
f 2517/2517 2518/2518 2555/2555
f 2571/2571 2559/2559 2572/2572
f 2573/2573 2559/2559 2569/2569
f 2559/2559 2571/2571 2560/2560
f 2479/2479 2481/2481 2559/2559
f 2559/2559 2481/2481 2572/2572
f 2574/2574 2575/2575 2576/2576
f 2559/2559 2493/2493 2479/2479
f 2575/2575 2559/2559 2573/2573
f 2577/2577 2578/2578 2579/2579
f 2576/2576 2578/2578 2574/2574
f 2580/2580 2559/2559 2574/2574
f 2574/2574 2559/2559 2575/2575
f 2580/2580 2574/2574 2581/2581
f 2579/2579 2578/2578 2568/2568
f 2578/2578 2577/2577 2574/2574
f 2582/2582 2563/2563 2553/2553
f 2554/2554 2556/2556 2519/2519
f 2563/2563 2582/2582 2564/2564
f 2566/2566 2570/2570 2567/2567
f 2583/2583 2584/2584 2585/2585
f 2584/2584 2583/2583 2586/2586
f 2565/2565 2564/2564 2570/2570
f 2549/2549 2587/2587 2552/2552
f 2551/2551 2588/2588 2549/2549
f 2588/2588 2587/2587 2549/2549
f 2587/2587 2589/2589 2552/2552
f 2589/2589 2590/2590 2584/2584
f 2587/2587 2590/2590 2589/2589
f 2590/2590 2587/2587 2588/2588
f 2584/2584 2586/2586 2591/2591
f 2589/2589 2591/2591 2552/2552
f 2582/2582 2553/2553 2544/2544
f 2591/2591 2589/2589 2584/2584
f 2592/2592 2593/2593 2577/2577
f 2594/2594 2592/2592 2595/2595
f 2593/2593 2594/2594 2581/2581
f 2592/2592 2594/2594 2593/2593
f 2594/2594 2595/2595 2596/2596
f 2581/2581 2574/2574 2593/2593
f 2596/2596 2595/2595 2597/2597
f 2577/2577 2593/2593 2574/2574
f 2595/2595 2598/2598 2597/2597
f 2599/2599 2598/2598 2584/2584
f 2584/2584 2600/2600 2599/2599
f 2600/2600 2584/2584 2590/2590
f 2601/2601 2602/2602 2596/2596
f 2601/2601 2596/2596 2603/2603
f 2596/2596 2597/2597 2603/2603
f 2595/2595 2584/2584 2598/2598
f 2595/2595 2585/2585 2584/2584
f 2567/2567 2579/2579 2568/2568
f 2604/2604 2605/2605 2606/2606
f 2607/2607 2604/2604 2606/2606
f 2604/2604 2607/2607 2608/2608
f 2606/2606 2609/2609 2607/2607
f 2609/2609 2606/2606 2610/2610
f 2611/2611 2612/2612 2610/2610
f 2613/2613 2614/2614 2611/2611
f 2615/2615 2612/2612 2614/2614
f 2611/2611 2614/2614 2612/2612
f 2609/2609 2610/2610 2612/2612
f 2616/2616 2617/2617 2618/2618
f 2619/2619 2616/2616 2618/2618
f 2616/2616 2619/2619 2620/2620
f 2621/2621 2618/2618 2622/2622
f 2622/2622 2623/2623 2621/2621
f 2624/2624 2625/2625 2626/2626
f 2627/2627 2623/2623 2624/2624
f 2625/2625 2624/2624 2623/2623
f 2628/2628 2629/2629 2630/2630
f 2630/2630 2631/2631 2632/2632
f 2633/2633 2634/2634 2635/2635
f 2636/2636 2637/2637 2638/2638
f 2635/2635 2639/2639 2636/2636
f 2632/2632 2640/2640 2633/2633
f 2641/2641 2642/2642 2643/2643
f 2644/2644 2643/2643 2645/2645
f 2646/2646 2647/2647 2641/2641
f 2644/2644 2648/2648 2643/2643
f 2641/2641 2649/2649 2646/2646
f 2643/2643 2649/2649 2641/2641
f 2643/2643 2648/2648 2650/2650
f 2643/2643 2650/2650 2649/2649
f 2646/2646 2651/2651 2652/2652
f 2646/2646 2653/2653 2654/2654
f 2646/2646 2652/2652 2653/2653
f 2646/2646 2649/2649 2651/2651
f 2655/2655 2656/2656 2657/2657
f 2657/2657 2656/2656 2658/2658
f 2655/2655 2657/2657 2659/2659
f 2660/2660 2655/2655 2661/2661
f 2662/2662 2663/2663 2656/2656
f 2660/2660 2662/2662 2656/2656
f 2660/2660 2656/2656 2655/2655
f 2664/2664 2665/2665 2666/2666
f 2666/2666 2665/2665 2667/2667
f 2664/2664 2666/2666 2668/2668
f 2669/2669 2664/2664 2670/2670
f 2669/2669 2671/2671 2665/2665
f 2664/2664 2669/2669 2665/2665
f 2672/2672 2673/2673 2674/2674
f 2675/2675 2672/2672 2676/2676
f 2674/2674 2676/2676 2672/2672
f 2677/2677 2672/2672 2675/2675
f 2672/2672 2678/2678 2679/2679
f 2678/2678 2680/2680 2679/2679
f 2678/2678 2681/2681 2680/2680
f 2677/2677 2678/2678 2672/2672
f 2682/2682 2683/2683 2684/2684
f 2685/2685 2686/2686 2687/2687
f 2685/2685 2688/2688 2689/2689
f 2689/2689 2690/2690 2691/2691
f 2682/2682 2684/2684 2686/2686
f 2692/2692 2690/2690 2688/2688
f 2688/2688 2690/2690 2689/2689
f 2693/2693 2686/2686 2684/2684
f 2694/2694 2695/2695 2696/2696
f 2697/2697 2698/2698 2699/2699
f 2700/2700 2701/2701 2697/2697
f 2699/2699 2695/2695 2694/2694
f 2702/2702 2696/2696 2703/2703
f 2703/2703 2696/2696 2695/2695
f 2698/2698 2697/2697 2701/2701
f 2698/2698 2695/2695 2699/2699
f 2704/2704 2701/2701 2705/2705
f 2700/2700 2705/2705 2701/2701
f 2706/2706 2707/2707 2708/2708
f 2709/2709 2710/2710 2707/2707
f 2711/2711 2712/2712 2713/2713
f 2712/2712 2708/2708 2713/2713
f 2711/2711 2714/2714 2715/2715
f 2709/2709 2704/2704 2710/2710
f 2706/2706 2709/2709 2707/2707
f 2716/2716 2712/2712 2715/2715
f 2708/2708 2712/2712 2706/2706
f 2715/2715 2712/2712 2711/2711
f 2705/2705 2710/2710 2704/2704
f 2717/2717 2718/2718 2719/2719
f 2717/2717 2720/2720 2718/2718
f 2721/2721 2722/2722 2723/2723
f 2721/2721 2724/2724 2722/2722
f 2723/2723 2720/2720 2721/2721
f 2725/2725 2724/2724 2721/2721
f 2717/2717 2721/2721 2720/2720
f 2726/2726 2725/2725 2721/2721
f 2727/2727 2728/2728 2726/2726
f 2729/2729 2730/2730 2731/2731
f 2732/2732 2731/2731 2730/2730
f 2733/2733 2730/2730 2729/2729
f 2729/2729 2731/2731 2734/2734
f 2735/2735 2736/2736 2734/2734
f 2736/2736 2729/2729 2734/2734
f 2735/2735 2737/2737 2736/2736
f 2738/2738 2733/2733 2739/2739
f 2739/2739 2733/2733 2729/2729
f 2737/2737 2740/2740 2736/2736
f 2736/2736 2740/2740 2741/2741
f 2729/2729 2741/2741 2739/2739
f 2729/2729 2736/2736 2741/2741
f 2737/2737 2742/2742 2743/2743
f 2744/2744 2742/2742 2745/2745
f 2737/2737 2746/2746 2747/2747
f 2743/2743 2748/2748 2746/2746
f 2749/2749 2744/2744 2745/2745
f 2749/2749 2750/2750 2751/2751
f 2751/2751 2752/2752 2749/2749
f 2753/2753 2752/2752 2754/2754
f 2751/2751 2754/2754 2752/2752
f 2754/2754 2755/2755 2753/2753
f 2748/2748 2752/2752 2753/2753
f 2756/2756 2757/2757 2758/2758
f 2759/2759 2756/2756 2758/2758
f 2760/2760 2756/2756 2761/2761
f 2761/2761 2762/2762 2760/2760
f 2757/2757 2756/2756 2760/2760
f 2763/2763 2764/2764 2765/2765
f 2766/2766 2767/2767 2763/2763
f 2764/2764 2763/2763 2767/2767
f 2768/2768 2769/2769 2766/2766
f 2767/2767 2766/2766 2769/2769
f 2769/2769 2768/2768 2770/2770
f 2771/2771 2772/2772 2773/2773
f 2774/2774 2773/2773 2775/2775
f 2772/2772 2775/2775 2773/2773
f 2771/2771 2773/2773 2776/2776
f 2777/2777 2778/2778 2779/2779
f 2777/2777 2780/2780 2778/2778
f 2771/2771 2781/2781 2777/2777
f 2780/2780 2777/2777 2781/2781
f 2776/2776 2781/2781 2771/2771
f 2782/2782 2783/2783 2784/2784
f 2785/2785 2786/2786 2787/2787
f 2785/2785 2788/2788 2786/2786
f 2787/2787 2783/2783 2785/2785
f 2789/2789 2788/2788 2785/2785
f 2782/2782 2785/2785 2783/2783
f 2790/2790 2785/2785 2782/2782
f 2791/2791 2792/2792 2789/2789
f 2793/2793 2789/2789 2792/2792
f 2794/2794 2791/2791 2789/2789
f 2789/2789 2795/2795 2796/2796
f 2794/2794 2797/2797 2798/2798
f 2799/2799 2800/2800 2801/2801
f 2801/2801 2802/2802 2803/2803
f 2800/2800 2799/2799 2797/2797
f 2804/2804 2805/2805 2806/2806
f 2807/2807 2803/2803 2802/2802
f 2807/2807 2805/2805 2804/2804
f 2808/2808 2806/2806 2809/2809
f 2806/2806 2805/2805 2809/2809
f 2800/2800 2797/2797 2794/2794
f 2794/2794 2810/2810 2811/2811
f 2812/2812 2790/2790 2813/2813
f 2812/2812 2814/2814 2785/2785
f 2814/2814 2815/2815 2785/2785
f 2785/2785 2815/2815 2795/2795
f 2796/2796 2816/2816 2789/2789
f 2794/2794 2811/2811 2817/2817
f 2789/2789 2816/2816 2810/2810
f 2800/2800 2817/2817 2818/2818
f 2802/2802 2819/2819 2820/2820
f 2805/2805 2821/2821 2822/2822
f 2823/2823 2824/2824 2805/2805
f 2809/2809 2805/2805 2824/2824
f 2807/2807 2802/2802 2805/2805
f 2800/2800 2818/2818 2819/2819
f 2801/2801 2800/2800 2802/2802
f 2802/2802 2820/2820 2821/2821
f 2805/2805 2822/2822 2823/2823
f 2824/2824 2823/2823 2825/2825
f 2812/2812 2785/2785 2790/2790
f 2826/2826 2827/2827 2828/2828
f 2829/2829 2830/2830 2831/2831
f 2827/2827 2826/2826 2831/2831
f 2832/2832 2833/2833 2829/2829
f 2831/2831 2830/2830 2827/2827
f 2829/2829 2833/2833 2834/2834
f 2832/2832 2835/2835 2833/2833
f 2834/2834 2830/2830 2829/2829
f 2835/2835 2832/2832 2836/2836
f 2835/2835 2836/2836 2837/2837
f 2836/2836 2838/2838 2837/2837
f 2839/2839 2840/2840 2841/2841
f 2838/2838 2836/2836 2841/2841
f 2842/2842 2843/2843 2839/2839
f 2841/2841 2844/2844 2838/2838
f 2841/2841 2845/2845 2844/2844
f 2839/2839 2843/2843 2840/2840
f 2842/2842 2846/2846 2843/2843
f 2840/2840 2845/2845 2841/2841
f 2847/2847 2848/2848 2849/2849
f 2850/2850 2851/2851 2852/2852
f 2848/2848 2847/2847 2853/2853
f 2854/2854 2855/2855 2856/2856
f 2857/2857 2856/2856 2858/2858
f 2856/2856 2855/2855 2858/2858
f 2854/2854 2852/2852 2855/2855
f 2847/2847 2859/2859 2853/2853
f 2860/2860 2859/2859 2861/2861
f 2859/2859 2860/2860 2862/2862
f 2859/2859 2862/2862 2851/2851
f 2863/2863 2858/2858 2855/2855
f 2863/2863 2855/2855 2864/2864
f 2863/2863 2864/2864 2865/2865
f 2851/2851 2853/2853 2859/2859
f 2866/2866 2867/2867 2868/2868
f 2869/2869 2870/2870 2866/2866
f 2867/2867 2866/2866 2870/2870
f 2871/2871 2869/2869 2866/2866
f 2871/2871 2872/2872 2873/2873
f 2874/2874 2872/2872 2875/2875
f 2875/2875 2872/2872 2876/2876
f 2872/2872 2874/2874 2873/2873
f 2872/2872 2871/2871 2866/2866
f 2877/2877 2878/2878 2866/2866
f 2879/2879 2880/2880 2866/2866
f 2866/2866 2880/2880 2872/2872
f 2878/2878 2879/2879 2866/2866
f 2881/2881 2872/2872 2882/2882
f 2880/2880 2882/2882 2872/2872
f 2883/2883 2872/2872 2881/2881
f 2872/2872 2883/2883 2884/2884
f 2872/2872 2884/2884 2885/2885
f 2886/2886 2877/2877 2866/2866
f 2887/2887 2888/2888 2889/2889
f 2890/2890 2891/2891 2888/2888
f 2892/2892 2887/2887 2893/2893
f 2892/2892 2890/2890 2888/2888
f 2887/2887 2892/2892 2888/2888
f 2894/2894 2895/2895 2896/2896
f 2895/2895 2897/2897 2898/2898
f 2899/2899 2895/2895 2900/2900
f 2895/2895 2901/2901 2900/2900
f 2895/2895 2898/2898 2902/2902
f 2902/2902 2901/2901 2895/2895
f 2903/2903 2895/2895 2894/2894
f 2904/2904 2903/2903 2905/2905
f 2905/2905 2906/2906 2904/2904
f 2895/2895 2904/2904 2897/2897
f 2904/2904 2907/2907 2897/2897
f 2904/2904 2908/2908 2909/2909
f 2904/2904 2910/2910 2908/2908
f 2909/2909 2907/2907 2904/2904
f 2903/2903 2904/2904 2895/2895
f 2911/2911 2912/2912 2913/2913
f 2914/2914 2915/2915 2916/2916
f 2917/2917 2915/2915 2918/2918
f 2914/2914 2912/2912 2919/2919
f 2920/2920 2921/2921 2922/2922
f 2923/2923 2920/2920 2924/2924
f 2920/2920 2922/2922 2924/2924
f 2917/2917 2921/2921 2925/2925
f 2926/2926 2911/2911 2927/2927
f 2928/2928 2926/2926 2929/2929
f 2922/2922 2930/2930 2924/2924
f 2926/2926 2928/2928 2911/2911
f 2931/2931 2932/2932 2933/2933
f 2933/2933 2932/2932 2934/2934
f 2932/2932 2931/2931 2935/2935
f 2936/2936 2937/2937 2938/2938
f 2935/2935 2936/2936 2932/2932
f 2937/2937 2936/2936 2939/2939
f 2939/2939 2936/2936 2935/2935
f 2940/2940 2941/2941 2942/2942
f 2941/2941 2943/2943 2942/2942
f 2944/2944 2945/2945 2946/2946
f 2943/2943 2947/2947 2948/2948
f 2947/2947 2946/2946 2948/2948
f 2945/2945 2944/2944 2949/2949
f 2950/2950 2942/2942 2951/2951
f 2951/2951 2942/2942 2943/2943
f 2952/2952 2948/2948 2945/2945
f 2946/2946 2945/2945 2948/2948
f 2945/2945 2953/2953 2952/2952
f 2951/2951 2948/2948 2954/2954
f 2951/2951 2943/2943 2948/2948
f 2955/2955 2945/2945 2949/2949
f 2956/2956 2957/2957 2955/2955
f 2949/2949 2956/2956 2955/2955
f 2956/2956 2958/2958 2957/2957
f 2959/2959 2960/2960 2961/2961
f 2959/2959 2962/2962 2960/2960
f 2958/2958 2962/2962 2963/2963
f 2964/2964 2959/2959 2961/2961
f 2965/2965 2963/2963 2966/2966
f 2958/2958 2963/2963 2957/2957
f 2957/2957 2953/2953 2955/2955
f 2959/2959 2966/2966 2963/2963
f 2959/2959 2967/2967 2968/2968
f 2967/2967 2959/2959 2964/2964
f 2959/2959 2963/2963 2962/2962
f 2969/2969 2970/2970 2971/2971
f 2972/2972 2970/2970 2969/2969
f 2973/2973 2972/2972 2969/2969
f 2973/2973 2974/2974 2975/2975
f 2970/2970 2972/2972 2976/2976
f 2977/2977 2978/2978 2979/2979
f 2979/2979 2980/2980 2977/2977
f 2981/2981 2982/2982 2983/2983
f 2984/2984 2985/2985 2986/2986
f 2981/2981 2980/2980 2987/2987
f 2988/2988 2982/2982 2984/2984
f 2985/2985 2984/2984 2982/2982
f 2989/2989 2990/2990 2991/2991
f 2992/2992 2989/2989 2991/2991
f 2990/2990 2993/2993 2994/2994
f 2989/2989 2993/2993 2990/2990
f 2995/2995 2996/2996 2997/2997
f 2995/2995 2998/2998 2999/2999
f 2999/2999 2998/2998 3000/3000
f 2997/2997 2998/2998 2995/2995
f 3001/3001 3002/3002 2997/2997
f 3003/3003 2998/2998 3002/3002
f 3002/3002 2998/2998 2997/2997
f 3004/3004 3001/3001 2997/2997
f 3005/3005 3006/3006 3007/3007
f 3008/3008 3009/3009 3005/3005
f 3006/3006 3005/3005 3009/3009
f 3010/3010 3008/3008 3005/3005
f 3011/3011 3012/3012 3013/3013
f 3011/3011 3010/3010 3012/3012
f 3014/3014 3011/3011 3015/3015
f 3013/3013 3015/3015 3011/3011
f 3008/3008 3010/3010 3011/3011
f 3016/3016 3017/3017 3018/3018
f 3019/3019 3020/3020 3021/3021
f 3019/3019 3022/3022 3020/3020
f 3021/3021 3017/3017 3019/3019
f 3023/3023 3022/3022 3019/3019
f 3016/3016 3019/3019 3017/3017
f 3024/3024 3019/3019 3016/3016
f 3025/3025 3026/3026 3023/3023
f 3027/3027 3023/3023 3026/3026
f 3028/3028 3025/3025 3023/3023
f 3023/3023 3029/3029 3030/3030
f 3028/3028 3031/3031 3032/3032
f 3033/3033 3034/3034 3035/3035
f 3035/3035 3036/3036 3037/3037
f 3034/3034 3033/3033 3031/3031
f 3038/3038 3039/3039 3040/3040
f 3041/3041 3037/3037 3036/3036
f 3041/3041 3039/3039 3038/3038
f 3042/3042 3040/3040 3043/3043
f 3040/3040 3039/3039 3043/3043
f 3034/3034 3031/3031 3028/3028
f 3028/3028 3044/3044 3045/3045
f 3046/3046 3024/3024 3047/3047
f 3046/3046 3048/3048 3019/3019
f 3048/3048 3049/3049 3019/3019
f 3019/3019 3049/3049 3029/3029
f 3030/3030 3050/3050 3023/3023
f 3028/3028 3045/3045 3051/3051
f 3023/3023 3050/3050 3044/3044
f 3034/3034 3051/3051 3052/3052
f 3036/3036 3053/3053 3054/3054
f 3039/3039 3055/3055 3056/3056
f 3057/3057 3058/3058 3039/3039
f 3043/3043 3039/3039 3058/3058
f 3041/3041 3036/3036 3039/3039
f 3034/3034 3052/3052 3053/3053
f 3035/3035 3034/3034 3036/3036
f 3036/3036 3054/3054 3055/3055
f 3039/3039 3056/3056 3057/3057
f 3058/3058 3057/3057 3059/3059
f 3046/3046 3019/3019 3024/3024
f 3060/3060 3061/3061 3062/3062
f 3063/3063 3064/3064 3065/3065
f 3066/3066 3064/3064 3067/3067
f 3063/3063 3068/3068 3062/3062
f 3068/3068 3069/3069 3060/3060
f 3062/3062 3068/3068 3060/3060
f 3070/3070 3071/3071 3072/3072
f 3073/3073 3074/3074 3075/3075
f 3070/3070 3076/3076 3077/3077
f 3074/3074 3073/3073 3076/3076
f 3071/3071 3066/3066 3072/3072
f 3073/3073 3078/3078 3076/3076
f 3079/3079 3080/3080 3081/3081
f 3082/3082 3079/3079 3081/3081
f 3079/3079 3082/3082 3083/3083
f 3082/3082 3084/3084 3083/3083
f 3085/3085 3082/3082 3081/3081
f 3086/3086 3087/3087 3088/3088
f 3089/3089 3090/3090 3086/3086
f 3091/3091 3092/3092 3089/3089
f 3087/3087 3093/3093 3088/3088
f 3086/3086 3090/3090 3087/3087
f 3090/3090 3089/3089 3092/3092
f 3092/3092 3091/3091 3094/3094
f 3094/3094 3091/3091 3095/3095
f 3096/3096 3097/3097 3095/3095
f 3098/3098 3097/3097 3096/3096
f 3099/3099 3097/3097 3098/3098
f 3097/3097 3100/3100 3101/3101
f 3102/3102 3103/3103 3097/3097
f 3100/3100 3097/3097 3103/3103
f 3097/3097 3101/3101 3095/3095
f 3094/3094 3095/3095 3101/3101
f 3104/3104 3105/3105 3106/3106
f 3105/3105 3107/3107 3106/3106
f 3108/3108 3109/3109 3110/3110
f 3107/3107 3111/3111 3112/3112
f 3111/3111 3110/3110 3112/3112
f 3109/3109 3108/3108 3113/3113
f 3114/3114 3106/3106 3115/3115
f 3115/3115 3106/3106 3107/3107
f 3116/3116 3112/3112 3109/3109
f 3110/3110 3109/3109 3112/3112
f 3109/3109 3117/3117 3116/3116
f 3115/3115 3112/3112 3118/3118
f 3115/3115 3107/3107 3112/3112
f 3119/3119 3109/3109 3113/3113
f 3120/3120 3121/3121 3119/3119
f 3113/3113 3120/3120 3119/3119
f 3120/3120 3122/3122 3121/3121
f 3123/3123 3124/3124 3125/3125
f 3123/3123 3126/3126 3124/3124
f 3122/3122 3126/3126 3127/3127
f 3128/3128 3123/3123 3125/3125
f 3129/3129 3127/3127 3130/3130
f 3122/3122 3127/3127 3121/3121
f 3121/3121 3117/3117 3119/3119
f 3123/3123 3130/3130 3127/3127
f 3123/3123 3131/3131 3132/3132
f 3131/3131 3123/3123 3128/3128
f 3123/3123 3127/3127 3126/3126
f 3133/3133 3134/3134 3135/3135
f 3133/3133 3136/3136 3137/3137
f 3136/3136 3133/3133 3135/3135
f 3135/3135 3138/3138 3136/3136
f 3138/3138 3139/3139 3136/3136
f 3140/3140 3138/3138 3135/3135
f 3141/3141 3142/3142 3143/3143
f 3142/3142 3141/3141 3144/3144
f 3143/3143 3145/3145 3146/3146
f 3147/3147 3145/3145 3148/3148
f 3148/3148 3149/3149 3150/3150
f 3146/3146 3145/3145 3147/3147
f 3144/3144 3151/3151 3142/3142
f 3152/3152 3153/3153 3154/3154
f 3151/3151 3152/3152 3142/3142
f 3155/3155 3145/3145 3142/3142
f 3151/3151 3153/3153 3152/3152
f 3148/3148 3145/3145 3149/3149
f 3150/3150 3149/3149 3156/3156
f 3145/3145 3143/3143 3142/3142
f 3157/3157 3158/3158 3159/3159
f 3160/3160 3161/3161 3162/3162
f 3163/3163 3164/3164 3165/3165
f 3165/3165 3164/3164 3166/3166
f 3165/3165 3162/3162 3163/3163
f 3159/3159 3167/3167 3157/3157
f 3161/3161 3167/3167 3168/3168
f 3169/3169 3164/3164 3163/3163
f 3169/3169 3163/3163 3170/3170
f 3161/3161 3157/3157 3167/3167
f 3171/3171 3172/3172 3173/3173
f 3172/3172 3171/3171 3174/3174
f 3175/3175 3171/3171 3173/3173
f 3176/3176 3177/3177 3175/3175
f 3177/3177 3171/3171 3175/3175
f 3178/3178 3176/3176 3175/3175
f 3179/3179 3180/3180 3181/3181
f 3182/3182 3183/3183 3184/3184
f 3182/3182 3185/3185 3186/3186
f 3181/3181 3183/3183 3187/3187
f 3187/3187 3188/3188 3179/3179
f 3181/3181 3187/3187 3179/3179
f 3189/3189 3190/3190 3191/3191
f 3192/3192 3193/3193 3194/3194
f 3193/3193 3190/3190 3195/3195
f 3193/3193 3192/3192 3196/3196
f 3185/3185 3189/3189 3191/3191
f 3192/3192 3197/3197 3196/3196
f 3198/3198 3199/3199 3200/3200
f 3199/3199 3201/3201 3202/3202
f 3201/3201 3203/3203 3204/3204
f 3205/3205 3206/3206 3207/3207
f 3208/3208 3209/3209 3205/3205
f 3208/3208 3198/3198 3210/3210
f 3211/3211 3212/3212 3203/3203
f 3213/3213 3214/3214 3215/3215
f 3216/3216 3217/3217 3214/3214
f 3217/3217 3216/3216 3218/3218
f 3219/3219 3220/3220 3221/3221
f 3222/3222 3220/3220 3223/3223
f 3220/3220 3219/3219 3223/3223
f 3220/3220 3218/3218 3221/3221
f 3224/3224 3211/3211 3213/3213
f 3225/3225 3220/3220 3222/3222
f 3209/3209 3206/3206 3205/3205
f 3210/3210 3209/3209 3208/3208
f 3198/3198 3200/3200 3210/3210
f 3200/3200 3199/3199 3202/3202
f 3202/3202 3201/3201 3204/3204
f 3203/3203 3212/3212 3204/3204
f 3211/3211 3224/3224 3212/3212
f 3215/3215 3224/3224 3213/3213
f 3220/3220 3217/3217 3218/3218
f 3215/3215 3214/3214 3226/3226
f 3227/3227 3228/3228 3229/3229
f 3228/3228 3230/3230 3231/3231
f 3232/3232 3231/3231 3230/3230
f 3227/3227 3230/3230 3228/3228
f 3229/3229 3220/3220 3225/3225
f 3226/3226 3214/3214 3217/3217
f 3227/3227 3229/3229 3225/3225
f 3233/3233 3234/3234 3232/3232
f 3231/3231 3232/3232 3234/3234
f 3235/3235 3236/3236 3233/3233
f 3234/3234 3233/3233 3236/3236
f 3237/3237 3236/3236 3235/3235
f 3238/3238 3239/3239 3240/3240
f 3241/3241 3237/3237 3235/3235
f 3241/3241 3240/3240 3242/3242
f 3243/3243 3244/3244 3245/3245
f 3246/3246 3245/3245 3244/3244
f 3247/3247 3246/3246 3248/3248
f 3249/3249 3250/3250 3251/3251
f 3252/3252 3253/3253 3254/3254
f 3255/3255 3249/3249 3254/3254
f 3256/3256 3248/3248 3251/3251
f 3239/3239 3238/3238 3243/3243
f 3257/3257 3258/3258 3252/3252
f 3259/3259 3237/3237 3241/3241
f 3260/3260 3259/3259 3241/3241
f 3241/3241 3261/3261 3260/3260
f 3261/3261 3241/3241 3262/3262
f 3262/3262 3241/3241 3242/3242
f 3240/3240 3263/3263 3242/3242
f 3240/3240 3239/3239 3263/3263
f 3258/3258 3253/3253 3252/3252
f 3257/3257 3264/3264 3258/3258
f 3253/3253 3255/3255 3254/3254
f 3245/3245 3246/3246 3247/3247
f 3251/3251 3250/3250 3256/3256
f 3256/3256 3247/3247 3248/3248
f 3250/3250 3249/3249 3255/3255
f 3243/3243 3245/3245 3239/3239
f 3265/3265 3264/3264 3257/3257
f 3266/3266 3267/3267 3268/3268
f 3267/3267 3266/3266 3269/3269
f 3270/3270 3267/3267 3269/3269
f 3271/3271 3270/3270 3272/3272
f 3271/3271 3273/3273 3274/3274
f 3275/3275 3271/3271 3274/3274
f 3272/3272 3273/3273 3271/3271
f 3267/3267 3270/3270 3271/3271
f 3276/3276 3277/3277 3271/3271
f 3277/3277 3278/3278 3271/3271
f 3279/3279 3271/3271 3278/3278
f 3279/3279 3280/3280 3281/3281
f 3279/3279 3282/3282 3283/3283
f 3281/3281 3282/3282 3279/3279
f 3278/3278 3280/3280 3279/3279
f 3275/3275 3276/3276 3271/3271
f 3284/3284 3285/3285 3286/3286
f 3284/3284 3287/3287 3288/3288
f 3288/3288 3285/3285 3284/3284
f 3289/3289 3290/3290 3291/3291
f 3289/3289 3292/3292 3293/3293
f 3293/3293 3290/3290 3289/3289
f 3291/3291 3287/3287 3284/3284
f 3291/3291 3294/3294 3295/3295
f 3294/3294 3296/3296 3295/3295
f 3291/3291 3295/3295 3289/3289
f 3289/3289 3297/3297 3292/3292
f 3295/3295 3298/3298 3299/3299
f 3299/3299 3289/3289 3295/3295
f 3291/3291 3284/3284 3294/3294
f 3300/3300 3301/3301 3302/3302
f 3303/3303 3304/3304 3305/3305
f 3303/3303 3306/3306 3307/3307
f 3307/3307 3308/3308 3309/3309
f 3300/3300 3302/3302 3304/3304
f 3310/3310 3308/3308 3306/3306
f 3306/3306 3308/3308 3307/3307
f 3311/3311 3304/3304 3302/3302
f 3312/3312 3313/3313 3314/3314
f 3315/3315 3312/3312 3314/3314
f 3316/3316 3317/3317 3312/3312
f 3318/3318 3319/3319 3320/3320
f 3312/3312 3315/3315 3316/3316
f 3314/3314 3320/3320 3315/3315
f 3320/3320 3319/3319 3321/3321
f 3320/3320 3322/3322 3315/3315
f 3320/3320 3321/3321 3322/3322
f 3316/3316 3323/3323 3324/3324
f 3316/3316 3325/3325 3326/3326
f 3316/3316 3324/3324 3325/3325
f 3316/3316 3315/3315 3323/3323
f 3327/3327 3328/3328 3329/3329
f 3327/3327 3330/3330 3331/3331
f 3332/3332 3327/3327 3329/3329
f 3332/3332 3333/3333 3327/3327
f 3334/3334 3330/3330 3333/3333
f 3333/3333 3330/3330 3327/3327
f 3335/3335 3332/3332 3329/3329
f 3336/3336 3337/3337 3338/3338
f 3339/3339 3340/3340 3336/3336
f 3337/3337 3336/3336 3340/3340
f 3341/3341 3342/3342 3339/3339
f 3340/3340 3339/3339 3342/3342
f 3342/3342 3341/3341 3343/3343
f 3344/3344 3345/3345 3346/3346
f 3347/3347 3344/3344 3346/3346
f 3348/3348 3344/3344 3349/3349
f 3347/3347 3349/3349 3344/3344
f 3350/3350 3351/3351 3352/3352
f 3353/3353 3351/3351 3350/3350
f 3353/3353 3350/3350 3354/3354
f 3355/3355 3354/3354 3350/3350
f 3356/3356 3354/3354 3355/3355
f 3357/3357 3358/3358 3356/3356
f 3355/3355 3357/3357 3356/3356
f 3359/3359 3358/3358 3357/3357
f 3356/3356 3360/3360 3361/3361
f 3356/3356 3358/3358 3360/3360
f 3362/3362 3363/3363 3364/3364
f 3362/3362 3365/3365 3363/3363
f 3362/3362 3366/3366 3367/3367
f 3368/3368 3369/3369 3370/3370
f 3370/3370 3366/3366 3368/3368
f 3367/3367 3365/3365 3362/3362
f 3371/3371 3362/3362 3372/3372
f 3368/3368 3362/3362 3371/3371
f 3368/3368 3373/3373 3374/3374
f 3368/3368 3374/3374 3369/3369
f 3368/3368 3371/3371 3375/3375
f 3362/3362 3368/3368 3366/3366
f 3376/3376 3377/3377 3378/3378
f 3379/3379 3378/3378 3377/3377
f 3380/3380 3377/3377 3376/3376
f 3376/3376 3378/3378 3381/3381
f 3382/3382 3383/3383 3381/3381
f 3383/3383 3376/3376 3381/3381
f 3382/3382 3384/3384 3383/3383
f 3385/3385 3380/3380 3386/3386
f 3386/3386 3380/3380 3376/3376
f 3384/3384 3387/3387 3383/3383
f 3383/3383 3387/3387 3388/3388
f 3376/3376 3388/3388 3386/3386
f 3376/3376 3383/3383 3388/3388
f 3389/3389 3390/3390 3391/3391
f 3389/3389 3392/3392 3393/3393
f 3384/3384 3394/3394 3395/3395
f 3389/3389 3396/3396 3394/3394
f 3397/3397 3393/3393 3392/3392
f 3397/3397 3398/3398 3399/3399
f 3399/3399 3400/3400 3397/3397
f 3401/3401 3400/3400 3402/3402
f 3399/3399 3402/3402 3400/3400
f 3402/3402 3403/3403 3401/3401
f 3396/3396 3400/3400 3401/3401
f 3404/3404 3405/3405 3406/3406
f 3407/3407 3408/3408 3409/3409
f 3407/3407 3410/3410 3411/3411
f 3411/3411 3412/3412 3413/3413
f 3404/3404 3406/3406 3408/3408
f 3414/3414 3412/3412 3410/3410
f 3410/3410 3412/3412 3411/3411
f 3415/3415 3408/3408 3406/3406
f 3416/3416 3417/3417 3418/3418
f 3416/3416 3419/3419 3417/3417
f 3420/3420 3421/3421 3422/3422
f 3418/3418 3420/3420 3416/3416
f 3422/3422 3416/3416 3420/3420
f 3423/3423 3424/3424 3425/3425
f 3426/3426 3427/3427 3423/3423
f 3424/3424 3423/3423 3427/3427
f 3428/3428 3429/3429 3426/3426
f 3429/3429 3430/3430 3431/3431
f 3432/3432 3433/3433 3429/3429
f 3430/3430 3429/3429 3433/3433
f 3429/3429 3431/3431 3426/3426
f 3428/3428 3426/3426 3423/3423
f 3434/3434 3435/3435 3436/3436
f 3435/3435 3434/3434 3437/3437
f 3435/3435 3437/3437 3438/3438
f 3428/3428 3435/3435 3438/3438
f 3428/3428 3439/3439 3429/3429
f 3440/3440 3441/3441 3429/3429
f 3441/3441 3442/3442 3429/3429
f 3439/3439 3440/3440 3429/3429
f 3435/3435 3428/3428 3423/3423
f 3443/3443 3444/3444 3445/3445
f 3446/3446 3443/3443 3445/3445
f 3447/3447 3443/3443 3446/3446
f 3448/3448 3446/3446 3445/3445
f 3448/3448 3445/3445 3449/3449
f 3450/3450 3449/3449 3451/3451
f 3452/3452 3451/3451 3453/3453
f 3454/3454 3450/3450 3452/3452
f 3451/3451 3452/3452 3450/3450
f 3448/3448 3449/3449 3450/3450
f 3455/3455 3456/3456 3457/3457
f 3458/3458 3459/3459 3460/3460
f 3456/3456 3459/3459 3461/3461
f 3462/3462 3460/3460 3463/3463
f 3464/3464 3465/3465 3466/3466
f 3462/3462 3467/3467 3464/3464
f 3455/3455 3468/3468 3456/3456
f 3465/3465 3464/3464 3467/3467
f 3465/3465 3467/3467 3469/3469
f 3470/3470 3468/3468 3455/3455
f 3471/3471 3472/3472 3473/3473
f 3474/3474 3471/3471 3473/3473
f 3472/3472 3475/3475 3476/3476
f 3471/3471 3475/3475 3472/3472
f 3477/3477 3478/3478 3479/3479
f 3480/3480 3478/3478 3481/3481
f 3482/3482 3483/3483 3484/3484
f 3485/3485 3486/3486 3487/3487
f 3485/3485 3488/3488 3489/3489
f 3489/3489 3490/3490 3491/3491
f 3482/3482 3484/3484 3486/3486
f 3492/3492 3490/3490 3488/3488
f 3488/3488 3490/3490 3489/3489
f 3493/3493 3486/3486 3484/3484
f 3494/3494 3495/3495 3496/3496
f 3497/3497 3498/3498 3495/3495
f 3496/3496 3495/3495 3498/3498
f 3494/3494 3496/3496 3499/3499
f 3500/3500 3501/3501 3502/3502
f 3494/3494 3499/3499 3503/3503
f 3500/3500 3503/3503 3499/3499
f 3502/3502 3503/3503 3500/3500
f 3504/3504 3505/3505 3506/3506
f 3507/3507 3508/3508 3504/3504
f 3508/3508 3509/3509 3510/3510
f 3510/3510 3511/3511 3512/3512
f 3504/3504 3506/3506 3507/3507
f 3509/3509 3513/3513 3510/3510
f 3507/3507 3509/3509 3508/3508
f 3514/3514 3511/3511 3513/3513
f 3513/3513 3511/3511 3510/3510
f 3515/3515 3507/3507 3506/3506
f 3516/3516 3517/3517 3518/3518
f 3519/3519 3520/3520 3516/3516
f 3517/3517 3516/3516 3520/3520
f 3521/3521 3519/3519 3516/3516
f 3521/3521 3522/3522 3523/3523
f 3524/3524 3522/3522 3525/3525
f 3525/3525 3522/3522 3526/3526
f 3522/3522 3524/3524 3523/3523
f 3522/3522 3521/3521 3516/3516
f 3527/3527 3528/3528 3516/3516
f 3529/3529 3530/3530 3516/3516
f 3516/3516 3530/3530 3522/3522
f 3528/3528 3529/3529 3516/3516
f 3531/3531 3522/3522 3532/3532
f 3530/3530 3532/3532 3522/3522
f 3533/3533 3522/3522 3531/3531
f 3522/3522 3533/3533 3534/3534
f 3522/3522 3534/3534 3535/3535
f 3536/3536 3527/3527 3516/3516
f 3537/3537 3538/3538 3539/3539
f 3540/3540 3538/3538 3541/3541
f 3542/3542 3540/3540 3543/3543
f 3540/3540 3541/3541 3543/3543
f 3544/3544 3537/3537 3545/3545
f 3546/3546 3544/3544 3547/3547
f 3541/3541 3548/3548 3543/3543
f 3537/3537 3544/3544 3546/3546
f 3549/3549 3550/3550 3551/3551
f 3552/3552 3549/3549 3553/3553
f 3551/3551 3553/3553 3549/3549
f 3554/3554 3555/3555 3552/3552
f 3552/3552 3556/3556 3554/3554
f 3556/3556 3552/3552 3553/3553
f 3557/3557 3558/3558 3559/3559
f 3560/3560 3561/3561 3558/3558
f 3559/3559 3558/3558 3561/3561
f 3557/3557 3559/3559 3562/3562
f 3563/3563 3557/3557 3564/3564
f 3565/3565 3557/3557 3563/3563
f 3565/3565 3566/3566 3558/3558
f 3566/3566 3567/3567 3558/3558
f 3565/3565 3558/3558 3557/3557
f 3568/3568 3569/3569 3570/3570
f 3568/3568 3571/3571 3569/3569
f 3572/3572 3573/3573 3574/3574
f 3571/3571 3568/3568 3574/3574
f 3573/3573 3572/3572 3575/3575
f 3568/3568 3572/3572 3574/3574
f 3572/3572 3576/3576 3577/3577
f 3578/3578 3576/3576 3572/3572
f 3572/3572 3577/3577 3579/3579
f 3575/3575 3572/3572 3580/3580
f 3572/3572 3581/3581 3578/3578
f 3572/3572 3579/3579 3582/3582
f 3581/3581 3572/3572 3583/3583
f 3584/3584 3572/3572 3582/3582
f 3585/3585 3572/3572 3568/3568
f 3585/3585 3586/3586 3587/3587
f 3585/3585 3588/3588 3586/3586
f 3568/3568 3589/3589 3585/3585
f 3588/3588 3585/3585 3590/3590
f 3583/3583 3572/3572 3585/3585
f 3587/3587 3591/3591 3585/3585
f 3585/3585 3591/3591 3583/3583
f 3572/3572 3584/3584 3592/3592
f 3572/3572 3593/3593 3594/3594
f 3594/3594 3595/3595 3596/3596
f 3572/3572 3594/3594 3596/3596
f 3572/3572 3592/3592 3593/3593
f 3597/3597 3589/3589 3568/3568
f 3598/3598 3599/3599 3600/3600
f 3598/3598 3601/3601 3599/3599
f 3602/3602 3603/3603 3604/3604
f 3601/3601 3598/3598 3604/3604
f 3598/3598 3602/3602 3604/3604
f 3603/3603 3605/3605 3606/3606
f 3607/3607 3606/3606 3605/3605
f 3602/3602 3605/3605 3603/3603
f 3606/3606 3608/3608 3609/3609
f 3606/3606 3610/3610 3608/3608
f 3610/3610 3606/3606 3607/3607
f 3611/3611 3612/3612 3613/3613
f 3613/3613 3614/3614 3615/3615
f 3616/3616 3611/3611 3615/3615
f 3613/3613 3615/3615 3611/3611
f 3617/3617 3618/3618 3619/3619
f 3620/3620 3618/3618 3617/3617
f 3614/3614 3618/3618 3620/3620
f 3617/3617 3621/3621 3620/3620
f 3622/3622 3623/3623 3624/3624
f 3622/3622 3625/3625 3623/3623
f 3622/3622 3624/3624 3626/3626
f 3627/3627 3628/3628 3622/3622
f 3625/3625 3622/3622 3628/3628
f 3629/3629 3628/3628 3630/3630
f 3627/3627 3630/3630 3628/3628
f 3631/3631 3632/3632 3633/3633
f 3634/3634 3631/3631 3633/3633
f 3631/3631 3634/3634 3635/3635
f 3636/3636 3635/3635 3634/3634
f 3637/3637 3638/3638 3639/3639
f 3640/3640 3638/3638 3637/3637
f 3637/3637 3641/3641 3640/3640
f 3642/3642 3641/3641 3643/3643
f 3638/3638 3640/3640 3644/3644
f 3645/3645 3646/3646 3647/3647
f 3646/3646 3648/3648 3647/3647
f 3649/3649 3650/3650 3651/3651
f 3652/3652 3653/3653 3654/3654
f 3649/3649 3648/3648 3655/3655
f 3656/3656 3650/3650 3652/3652
f 3653/3653 3652/3652 3650/3650
f 3657/3657 3658/3658 3659/3659
f 3660/3660 3658/3658 3657/3657
f 3661/3661 3662/3662 3663/3663
f 3659/3659 3658/3658 3663/3663
f 3658/3658 3661/3661 3663/3663
f 3662/3662 3664/3664 3665/3665
f 3666/3666 3665/3665 3664/3664
f 3661/3661 3664/3664 3662/3662
f 3665/3665 3667/3667 3668/3668
f 3665/3665 3666/3666 3667/3667
f 3669/3669 3670/3670 3671/3671
f 3671/3671 3672/3672 3673/3673
f 3674/3674 3673/3673 3675/3675
f 3673/3673 3672/3672 3675/3675
f 3676/3676 3669/3669 3677/3677
f 3678/3678 3676/3676 3679/3679
f 3669/3669 3678/3678 3670/3670
f 3672/3672 3680/3680 3675/3675
f 3670/3670 3672/3672 3671/3671
f 3669/3669 3676/3676 3678/3678
f 3681/3681 3682/3682 3683/3683
f 3684/3684 3681/3681 3683/3683
f 3685/3685 3683/3683 3682/3682
f 3685/3685 3682/3682 3686/3686
f 3687/3687 3686/3686 3682/3682
f 3688/3688 3689/3689 3690/3690
f 3688/3688 3691/3691 3689/3689
f 3681/3681 3684/3684 3692/3692
f 3688/3688 3692/3692 3684/3684
f 3690/3690 3692/3692 3688/3688
f 3693/3693 3694/3694 3695/3695
f 3695/3695 3694/3694 3696/3696
f 3697/3697 3695/3695 3698/3698
f 3693/3693 3697/3697 3699/3699
f 3693/3693 3700/3700 3694/3694
f 3697/3697 3693/3693 3695/3695
f 3701/3701 3702/3702 3703/3703
f 3702/3702 3701/3701 3704/3704
f 3705/3705 3701/3701 3703/3703
f 3706/3706 3707/3707 3705/3705
f 3701/3701 3705/3705 3708/3708
f 3708/3708 3705/3705 3707/3707
f 3709/3709 3706/3706 3705/3705
f 3710/3710 3711/3711 3712/3712
f 3710/3710 3713/3713 3714/3714
f 3710/3710 3715/3715 3713/3713
f 3714/3714 3711/3711 3710/3710
f 3716/3716 3717/3717 3718/3718
f 3716/3716 3719/3719 3720/3720
f 3716/3716 3721/3721 3719/3719
f 3720/3720 3717/3717 3716/3716
f 3718/3718 3715/3715 3716/3716
f 3722/3722 3710/3710 3723/3723
f 3710/3710 3722/3722 3724/3724
f 3710/3710 3724/3724 3725/3725
f 3726/3726 3710/3710 3725/3725
f 3727/3727 3716/3716 3726/3726
f 3710/3710 3726/3726 3716/3716
f 3728/3728 3716/3716 3727/3727
f 3716/3716 3728/3728 3729/3729
f 3716/3716 3729/3729 3730/3730
f 3715/3715 3710/3710 3716/3716
f 3731/3731 3732/3732 3733/3733
f 3734/3734 3735/3735 3736/3736
f 3737/3737 3738/3738 3739/3739
f 3739/3739 3738/3738 3740/3740
f 3734/3734 3737/3737 3739/3739
f 3733/3733 3741/3741 3731/3731
f 3735/3735 3741/3741 3742/3742
f 3743/3743 3738/3738 3737/3737
f 3743/3743 3737/3737 3744/3744
f 3735/3735 3731/3731 3741/3741
f 3745/3745 3746/3746 3747/3747
f 3745/3745 3747/3747 3748/3748
f 3749/3749 3750/3750 3748/3748
f 3749/3749 3748/3748 3747/3747
f 3751/3751 3752/3752 3753/3753
f 3754/3754 3752/3752 3751/3751
f 3755/3755 3752/3752 3749/3749
f 3754/3754 3749/3749 3752/3752
f 3747/3747 3755/3755 3749/3749
f 3756/3756 3757/3757 3758/3758
f 3759/3759 3760/3760 3761/3761
f 3757/3757 3756/3756 3759/3759
f 3762/3762 3763/3763 3764/3764
f 3765/3765 3764/3764 3766/3766
f 3764/3764 3763/3763 3766/3766
f 3762/3762 3760/3760 3767/3767
f 3756/3756 3768/3768 3759/3759
f 3769/3769 3770/3770 3771/3771
f 3770/3770 3769/3769 3768/3768
f 3766/3766 3763/3763 3772/3772
f 3772/3772 3763/3763 3773/3773
f 3768/3768 3756/3756 3770/3770
f 3774/3774 3775/3775 3776/3776
f 3777/3777 3778/3778 3779/3779
f 3780/3780 3781/3781 3778/3778
f 3779/3779 3775/3775 3777/3777
f 3778/3778 3777/3777 3780/3780
f 3782/3782 3777/3777 3774/3774
f 3777/3777 3783/3783 3780/3780
f 3784/3784 3781/3781 3780/3780
f 3785/3785 3784/3784 3786/3786
f 3780/3780 3786/3786 3784/3784
f 3787/3787 3785/3785 3786/3786
f 3786/3786 3780/3780 3788/3788
f 3774/3774 3777/3777 3775/3775
f 3789/3789 3790/3790 3787/3787
f 3791/3791 3792/3792 3793/3793
f 3791/3791 3794/3794 3792/3792
f 3793/3793 3790/3790 3789/3789
f 3795/3795 3796/3796 3797/3797
f 3797/3797 3796/3796 3798/3798
f 3799/3799 3798/3798 3800/3800
f 3798/3798 3796/3796 3800/3800
f 3801/3801 3802/3802 3795/3795
f 3802/3802 3801/3801 3794/3794
f 3786/3786 3789/3789 3787/3787
f 3803/3803 3782/3782 3804/3804
f 3780/3780 3805/3805 3788/3788
f 3806/3806 3777/3777 3803/3803
f 3782/3782 3803/3803 3777/3777
f 3783/3783 3805/3805 3780/3780
f 3788/3788 3807/3807 3786/3786
f 3786/3786 3808/3808 3789/3789
f 3789/3789 3808/3808 3809/3809
f 3810/3810 3789/3789 3809/3809
f 3811/3811 3791/3791 3810/3810
f 3789/3789 3810/3810 3791/3791
f 3802/3802 3812/3812 3813/3813
f 3796/3796 3802/3802 3814/3814
f 3815/3815 3816/3816 3796/3796
f 3800/3800 3796/3796 3816/3816
f 3795/3795 3802/3802 3796/3796
f 3791/3791 3811/3811 3812/3812
f 3794/3794 3791/3791 3802/3802
f 3802/3802 3813/3813 3814/3814
f 3796/3796 3817/3817 3815/3815
f 3816/3816 3815/3815 3818/3818
f 3796/3796 3814/3814 3817/3817
f 3793/3793 3789/3789 3791/3791
f 3819/3819 3820/3820 3821/3821
f 3822/3822 3819/3819 3823/3823
f 3824/3824 3823/3823 3825/3825
f 3823/3823 3826/3826 3827/3827
f 3825/3825 3827/3827 3828/3828
f 3829/3829 3830/3830 3831/3831
f 3828/3828 3832/3832 3833/3833
f 3831/3831 3834/3834 3835/3835
f 3836/3836 3835/3835 3837/3837
f 3835/3835 3838/3838 3839/3839
f 3837/3837 3839/3839 3840/3840
f 3837/3837 3840/3840 3841/3841
f 3842/3842 3843/3843 3844/3844
f 3845/3845 3846/3846 3847/3847
f 3848/3848 3842/3842 3844/3844
f 3842/3842 3849/3849 3846/3846
f 3849/3849 3842/3842 3850/3850
f 3842/3842 3848/3848 3850/3850
f 3849/3849 3850/3850 3851/3851
f 3852/3852 3846/3846 3853/3853
f 3854/3854 3852/3852 3855/3855
f 3855/3855 3852/3852 3853/3853
f 3846/3846 3845/3845 3856/3856
f 3852/3852 3857/3857 3858/3858
f 3846/3846 3856/3856 3859/3859
f 3859/3859 3853/3853 3846/3846
f 3852/3852 3860/3860 3857/3857
f 3861/3861 3849/3849 3851/3851
f 3860/3860 3852/3852 3854/3854
f 3849/3849 3862/3862 3863/3863
f 3849/3849 3864/3864 3865/3865
f 3846/3846 3849/3849 3847/3847
f 3866/3866 3849/3849 3863/3863
f 3865/3865 3867/3867 3849/3849
f 3866/3866 3868/3868 3849/3849
f 3869/3869 3868/3868 3866/3866
f 3870/3870 3864/3864 3849/3849
f 3868/3868 3871/3871 3872/3872
f 3849/3849 3873/3873 3870/3870
f 3849/3849 3874/3874 3847/3847
f 3849/3849 3867/3867 3874/3874
f 3872/3872 3849/3849 3868/3868
f 3868/3868 3875/3875 3876/3876
f 3868/3868 3877/3877 3875/3875
f 3876/3876 3871/3871 3868/3868
f 3873/3873 3849/3849 3872/3872
f 3877/3877 3868/3868 3829/3829
f 3862/3862 3849/3849 3861/3861
f 3878/3878 3852/3852 3858/3858
f 3879/3879 3820/3820 3880/3880
f 3821/3821 3879/3879 3878/3878
f 3821/3821 3881/3881 3882/3882
f 3880/3880 3822/3822 3883/3883
f 3884/3884 3822/3822 3824/3824
f 3878/3878 3881/3881 3821/3821
f 3878/3878 3858/3858 3881/3881
f 3885/3885 3886/3886 3887/3887
f 3887/3887 3886/3886 3888/3888
f 3887/3887 3824/3824 3889/3889
f 3889/3889 3885/3885 3887/3887
f 3889/3889 3824/3824 3890/3890
f 3891/3891 3890/3890 3824/3824
f 3892/3892 3891/3891 3824/3824
f 3824/3824 3887/3887 3884/3884
f 3821/3821 3882/3882 3893/3893
f 3894/3894 3895/3895 3821/3821
f 3896/3896 3821/3821 3895/3895
f 3821/3821 3896/3896 3897/3897
f 3897/3897 3898/3898 3821/3821
f 3899/3899 3898/3898 3897/3897
f 3900/3900 3821/3821 3898/3898
f 3821/3821 3820/3820 3879/3879
f 3900/3900 3819/3819 3821/3821
f 3901/3901 3825/3825 3902/3902
f 3825/3825 3828/3828 3902/3902
f 3903/3903 3826/3826 3819/3819
f 3819/3819 3900/3900 3903/3903
f 3892/3892 3824/3824 3901/3901
f 3904/3904 3905/3905 3829/3829
f 3893/3893 3894/3894 3821/3821
f 3877/3877 3829/3829 3905/3905
f 3906/3906 3830/3830 3869/3869
f 3836/3836 3904/3904 3831/3831
f 3831/3831 3904/3904 3829/3829
f 3907/3907 3834/3834 3906/3906
f 3908/3908 3904/3904 3836/3836
f 3903/3903 3909/3909 3826/3826
f 3827/3827 3826/3826 3909/3909
f 3910/3910 3832/3832 3909/3909
f 3841/3841 3911/3911 3912/3912
f 3908/3908 3837/3837 3912/3912
f 3913/3913 3911/3911 3914/3914
f 3911/3911 3841/3841 3914/3914
f 3912/3912 3837/3837 3841/3841
f 3908/3908 3836/3836 3837/3837
f 3830/3830 3868/3868 3869/3869
f 3915/3915 3916/3916 3838/3838
f 3917/3917 3838/3838 3916/3916
f 3838/3838 3917/3917 3918/3918
f 3919/3919 3920/3920 3921/3921
f 3921/3921 3922/3922 3919/3919
f 3918/3918 3920/3920 3919/3919
f 3838/3838 3918/3918 3919/3919
f 3839/3839 3923/3923 3924/3924
f 3840/3840 3925/3925 3841/3841
f 3839/3839 3926/3926 3840/3840
f 3841/3841 3925/3925 3927/3927
f 3923/3923 3838/3838 3919/3919
f 3928/3928 3914/3914 3841/3841
f 3907/3907 3915/3915 3838/3838
f 3927/3927 3929/3929 3841/3841
f 3832/3832 3827/3827 3909/3909
f 3833/3833 3832/3832 3930/3930
f 3832/3832 3910/3910 3930/3930
f 3833/3833 3930/3930 3931/3931
f 3932/3932 3928/3928 3841/3841
f 3933/3933 3833/3833 3931/3931
f 3833/3833 3934/3934 3935/3935
f 3936/3936 3828/3828 3833/3833
f 3833/3833 3937/3937 3936/3936
f 3933/3933 3934/3934 3833/3833
f 3902/3902 3828/3828 3936/3936
f 3935/3935 3938/3938 3939/3939
f 3937/3937 3935/3935 3940/3940
f 3941/3941 3935/3935 3939/3939
f 3942/3942 3935/3935 3941/3941
f 3943/3943 3940/3940 3935/3935
f 3937/3937 3833/3833 3935/3935
f 3938/3938 3935/3935 3934/3934
f 3929/3929 3944/3944 3841/3841
f 3929/3929 3927/3927 3945/3945
f 3946/3946 3935/3935 3942/3942
f 3947/3947 3948/3948 3949/3949
f 3945/3945 3949/3949 3948/3948
f 3947/3947 3950/3950 3951/3951
f 3951/3951 3950/3950 3946/3946
f 3949/3949 3950/3950 3947/3947
f 3932/3932 3841/3841 3944/3944
f 3935/3935 3946/3946 3950/3950
f 3935/3935 3952/3952 3953/3953
f 3953/3953 3954/3954 3935/3935
f 3954/3954 3943/3943 3935/3935
f 3952/3952 3955/3955 3956/3956
f 3956/3956 3955/3955 3957/3957
f 3958/3958 3957/3957 3955/3955
f 3935/3935 3955/3955 3952/3952
f 3955/3955 3935/3935 3950/3950
f 3949/3949 3945/3945 3927/3927
f 3959/3959 3960/3960 3961/3961
f 3959/3959 3962/3962 3963/3963
f 3962/3962 3959/3959 3961/3961
f 3964/3964 3965/3965 3966/3966
f 3967/3967 3962/3962 3968/3968
f 3969/3969 3970/3970 3968/3968
f 3962/3962 3967/3967 3963/3963
f 3969/3969 3971/3971 3972/3972
f 3973/3973 3971/3971 3969/3969
f 3969/3969 3972/3972 3970/3970
f 3974/3974 3973/3973 3969/3969
f 3969/3969 3968/3968 3962/3962
f 3975/3975 3974/3974 3969/3969
f 3965/3965 3976/3976 3977/3977
f 3975/3975 3977/3977 3976/3976
f 3966/3966 3965/3965 3977/3977
f 3975/3975 3969/3969 3977/3977
f 3978/3978 3979/3979 3980/3980
f 3979/3979 3981/3981 3982/3982
f 3981/3981 3983/3983 3984/3984
f 3985/3985 3986/3986 3987/3987
f 3988/3988 3986/3986 3985/3985
f 3985/3985 3978/3978 3988/3988
f 3989/3989 3990/3990 3983/3983
f 3991/3991 3992/3992 3993/3993
f 3991/3991 3994/3994 3995/3995
f 3994/3994 3996/3996 3997/3997
f 3998/3998 3999/3999 4000/4000
f 3999/3999 3998/3998 4001/4001
f 3997/3997 3996/3996 4000/4000
f 4002/4002 3989/3989 3993/3993
f 4001/4001 4003/4003 3999/3999
f 3980/3980 3988/3988 3978/3978
f 3982/3982 3980/3980 3979/3979
f 3981/3981 3984/3984 3982/3982
f 3984/3984 3983/3983 3990/3990
f 3990/3990 3989/3989 4002/4002
f 3993/3993 3992/3992 4002/4002
f 3991/3991 3995/3995 3992/3992
f 3994/3994 3997/3997 4004/4004
f 4005/4005 3999/3999 4003/4003
f 3997/3997 4000/4000 3999/3999
f 4006/4006 4007/4007 4008/4008
f 4005/4005 4008/4008 4007/4007
f 4009/4009 4010/4010 4011/4011
f 4007/4007 4006/4006 4011/4011
f 4006/4006 4009/4009 4011/4011
f 4003/4003 4008/4008 4005/4005
f 3995/3995 3994/3994 4004/4004
f 4009/4009 4012/4012 4010/4010
f 4013/4013 4010/4010 4012/4012
f 4013/4013 4012/4012 4014/4014
f 4014/4014 4015/4015 4013/4013
f 4016/4016 4015/4015 4014/4014
f 4017/4017 4018/4018 4019/4019
f 4019/4019 4020/4020 4016/4016
f 4021/4021 4018/4018 4017/4017
f 4022/4022 4023/4023 4024/4024
f 4025/4025 4026/4026 4022/4022
f 4025/4025 4027/4027 4026/4026
f 4028/4028 4029/4029 4030/4030
f 4031/4031 4028/4028 4032/4032
f 4033/4033 4027/4027 4030/4030
f 4034/4034 4032/4032 4035/4035
f 4023/4023 4021/4021 4024/4024
f 4036/4036 4015/4015 4016/4016
f 4020/4020 4036/4036 4016/4016
f 4019/4019 4037/4037 4020/4020
f 4037/4037 4019/4019 4018/4018
f 4022/4022 4026/4026 4023/4023
f 4027/4027 4033/4033 4026/4026
f 4023/4023 4018/4018 4021/4021
f 4038/4038 4039/4039 4040/4040
f 4038/4038 4041/4041 4042/4042
f 4042/4042 4039/4039 4038/4038
f 4029/4029 4028/4028 4031/4031
f 4035/4035 4043/4043 4034/4034
f 4034/4034 4031/4031 4032/4032
f 4039/4039 4043/4043 4040/4040
f 4030/4030 4029/4029 4033/4033
f 4043/4043 4035/4035 4040/4040
f 4044/4044 4045/4045 4046/4046
f 4044/4044 4047/4047 4048/4048
f 4048/4048 4049/4049 4050/4050
f 4046/4046 4047/4047 4044/4044
f 4047/4047 4051/4051 4048/4048
f 4052/4052 4049/4049 4051/4051
f 4051/4051 4049/4049 4048/4048
f 4053/4053 4047/4047 4046/4046
f 4054/4054 4055/4055 4056/4056
f 4055/4055 4054/4054 4057/4057
f 4054/4054 4056/4056 4058/4058
f 4059/4059 4058/4058 4060/4060
f 4058/4058 4059/4059 4061/4061
f 4054/4054 4058/4058 4061/4061
f 4062/4062 4063/4063 4064/4064
f 4065/4065 4066/4066 4062/4062
f 4062/4062 4067/4067 4068/4068
f 4066/4066 4067/4067 4062/4062
f 4068/4068 4063/4063 4062/4062
f 4069/4069 4070/4070 4071/4071
f 4071/4071 4072/4072 4069/4069
f 4070/4070 4063/4063 4071/4071
f 4063/4063 4073/4073 4074/4074
f 4075/4075 4072/4072 4071/4071
f 4074/4074 4076/4076 4063/4063
f 4071/4071 4076/4076 4077/4077
f 4063/4063 4070/4070 4064/4064
f 4078/4078 4063/4063 4068/4068
f 4079/4079 4080/4080 4081/4081
f 4079/4079 4082/4082 4080/4080
f 4083/4083 4079/4079 4084/4084
f 4085/4085 4084/4084 4079/4079
f 4082/4082 4079/4079 4083/4083
f 4081/4081 4078/4078 4068/4068
f 4075/4075 4071/4071 4086/4086
f 4077/4077 4086/4086 4071/4071
f 4078/4078 4087/4087 4063/4063
f 4063/4063 4087/4087 4073/4073
f 4063/4063 4076/4076 4071/4071
f 4081/4081 4068/4068 4079/4079
f 4086/4086 4088/4088 4075/4075
f 4089/4089 4090/4090 4091/4091
f 4092/4092 4093/4093 4094/4094
f 4095/4095 4093/4093 4096/4096
f 4097/4097 4093/4093 4092/4092
f 4091/4091 4092/4092 4094/4094
f 4075/4075 4089/4089 4098/4098
f 4096/4096 4093/4093 4099/4099
f 4099/4099 4093/4093 4100/4100
f 4100/4100 4093/4093 4101/4101
f 4101/4101 4093/4093 4102/4102
f 4093/4093 4097/4097 4102/4102
f 4103/4103 4097/4097 4092/4092
f 4104/4104 4090/4090 4075/4075
f 4105/4105 4092/4092 4090/4090
f 4075/4075 4090/4090 4089/4089
f 4104/4104 4105/4105 4090/4090
f 4092/4092 4105/4105 4106/4106
f 4092/4092 4107/4107 4108/4108
f 4092/4092 4106/4106 4107/4107
f 4109/4109 4092/4092 4108/4108
f 4110/4110 4111/4111 4112/4112
f 4103/4103 4111/4111 4110/4110
f 4110/4110 4113/4113 4114/4114
f 4115/4115 4116/4116 4117/4117
f 4114/4114 4116/4116 4110/4110
f 4112/4112 4113/4113 4110/4110
f 4111/4111 4103/4103 4109/4109
f 4104/4104 4075/4075 4088/4088
f 4092/4092 4109/4109 4103/4103
f 4118/4118 4119/4119 4085/4085
f 4120/4120 4118/4118 4085/4085
f 4121/4121 4122/4122 4120/4120
f 4118/4118 4120/4120 4122/4122
f 4123/4123 4121/4121 4120/4120
f 4120/4120 4124/4124 4123/4123
f 4124/4124 4125/4125 4126/4126
f 4127/4127 4128/4128 4129/4129
f 4127/4127 4130/4130 4131/4131
f 4131/4131 4128/4128 4127/4127
f 4127/4127 4129/4129 4126/4126
f 4120/4120 4125/4125 4124/4124
f 4132/4132 4133/4133 4125/4125
f 4134/4134 4133/4133 4132/4132
f 4127/4127 4125/4125 4133/4133
f 4135/4135 4133/4133 4134/4134
f 4136/4136 4127/4127 4133/4133
f 4137/4137 4138/4138 4139/4139
f 4140/4140 4137/4137 4141/4141
f 4137/4137 4127/4127 4141/4141
f 4137/4137 4139/4139 4130/4130
f 4142/4142 4138/4138 4137/4137
f 4140/4140 4143/4143 4137/4137
f 4130/4130 4127/4127 4137/4137
f 4141/4141 4127/4127 4136/4136
f 4137/4137 4144/4144 4145/4145
f 4126/4126 4125/4125 4127/4127
f 4146/4146 4147/4147 4148/4148
f 4147/4147 4149/4149 4148/4148
f 4145/4145 4150/4150 4142/4142
f 4151/4151 4152/4152 4153/4153
f 4154/4154 4115/4115 4117/4117
f 4149/4149 4155/4155 4156/4156
f 4154/4154 4157/4157 4149/4149
f 4155/4155 4149/4149 4157/4157
f 4149/4149 4156/4156 4148/4148
f 4151/4151 4146/4146 4152/4152
f 4158/4158 4151/4151 4159/4159
f 4145/4145 4160/4160 4161/4161
f 4161/4161 4158/4158 4150/4150
f 4161/4161 4150/4150 4145/4145
f 4161/4161 4151/4151 4158/4158
f 4160/4160 4162/4162 4161/4161
f 4145/4145 4142/4142 4137/4137
f 4151/4151 4162/4162 4163/4163
f 4164/4164 4147/4147 4165/4165
f 4151/4151 4165/4165 4147/4147
f 4151/4151 4147/4147 4146/4146
f 4164/4164 4165/4165 4166/4166
f 4165/4165 4167/4167 4166/4166
f 4163/4163 4165/4165 4151/4151
f 4159/4159 4151/4151 4153/4153
f 4168/4168 4169/4169 4170/4170
f 4171/4171 4168/4168 4170/4170
f 4168/4168 4171/4171 4172/4172
f 4171/4171 4173/4173 4174/4174
f 4173/4173 4171/4171 4170/4170
f 4175/4175 4174/4174 4176/4176
f 4177/4177 4178/4178 4176/4176
f 4179/4179 4175/4175 4178/4178
f 4176/4176 4178/4178 4175/4175
f 4173/4173 4176/4176 4174/4174
f 4180/4180 4181/4181 4182/4182
f 4180/4180 4183/4183 4184/4184
f 4185/4185 4184/4184 4186/4186
f 4184/4184 4183/4183 4186/4186
f 4187/4187 4188/4188 4189/4189
f 4181/4181 4187/4187 4190/4190
f 4183/4183 4191/4191 4186/4186
f 4188/4188 4187/4187 4181/4181
f 4192/4192 4193/4193 4194/4194
f 4192/4192 4195/4195 4196/4196
f 4196/4196 4193/4193 4192/4192
f 4197/4197 4198/4198 4199/4199
f 4197/4197 4200/4200 4201/4201
f 4201/4201 4198/4198 4197/4197
f 4199/4199 4195/4195 4192/4192
f 4199/4199 4202/4202 4203/4203
f 4202/4202 4204/4204 4203/4203
f 4199/4199 4203/4203 4197/4197
f 4197/4197 4205/4205 4200/4200
f 4203/4203 4206/4206 4207/4207
f 4207/4207 4197/4197 4203/4203
f 4199/4199 4192/4192 4202/4202
f 4208/4208 4209/4209 4210/4210
f 4211/4211 4212/4212 4213/4213
f 4209/4209 4211/4211 4210/4210
f 4214/4214 4215/4215 4216/4216
f 4217/4217 4218/4218 4215/4215
f 4216/4216 4215/4215 4218/4218
f 4213/4213 4219/4219 4216/4216
f 4209/4209 4208/4208 4220/4220
f 4221/4221 4209/4209 4222/4222
f 4222/4222 4223/4223 4224/4224
f 4222/4222 4224/4224 4221/4221
f 4219/4219 4225/4225 4216/4216
f 4216/4216 4225/4225 4214/4214
f 4214/4214 4225/4225 4226/4226
f 4211/4211 4209/4209 4221/4221
f 4227/4227 4228/4228 4229/4229
f 4228/4228 4230/4230 4229/4229
f 4231/4231 4232/4232 4233/4233
f 4230/4230 4234/4234 4235/4235
f 4234/4234 4233/4233 4235/4235
f 4232/4232 4231/4231 4236/4236
f 4237/4237 4229/4229 4238/4238
f 4238/4238 4229/4229 4230/4230
f 4239/4239 4235/4235 4232/4232
f 4233/4233 4232/4232 4235/4235
f 4232/4232 4240/4240 4239/4239
f 4238/4238 4235/4235 4241/4241
f 4238/4238 4230/4230 4235/4235
f 4242/4242 4232/4232 4236/4236
f 4243/4243 4244/4244 4242/4242
f 4236/4236 4243/4243 4242/4242
f 4243/4243 4245/4245 4244/4244
f 4246/4246 4247/4247 4248/4248
f 4246/4246 4249/4249 4247/4247
f 4245/4245 4249/4249 4250/4250
f 4251/4251 4246/4246 4248/4248
f 4252/4252 4250/4250 4253/4253
f 4245/4245 4250/4250 4244/4244
f 4244/4244 4240/4240 4242/4242
f 4246/4246 4253/4253 4250/4250
f 4246/4246 4254/4254 4255/4255
f 4254/4254 4246/4246 4251/4251
f 4246/4246 4250/4250 4249/4249
f 4256/4256 4257/4257 4258/4258
f 4259/4259 4258/4258 4260/4260
f 4261/4261 4259/4259 4262/4262
f 4259/4259 4260/4260 4262/4262
f 4263/4263 4264/4264 4265/4265
f 4257/4257 4263/4263 4266/4266
f 4260/4260 4267/4267 4262/4262
f 4264/4264 4263/4263 4257/4257
f 4268/4268 4269/4269 4270/4270
f 4268/4268 4271/4271 4269/4269
f 4268/4268 4272/4272 4273/4273
f 4274/4274 4275/4275 4276/4276
f 4276/4276 4272/4272 4274/4274
f 4273/4273 4271/4271 4268/4268
f 4274/4274 4277/4277 4275/4275
f 4278/4278 4272/4272 4268/4268
f 4268/4268 4279/4279 4278/4278
f 4274/4274 4272/4272 4278/4278
f 4277/4277 4274/4274 4280/4280
f 4278/4278 4281/4281 4282/4282
f 4282/4282 4274/4274 4278/4278
f 4283/4283 4284/4284 4285/4285
f 4285/4285 4284/4284 4286/4286
f 4287/4287 4283/4283 4288/4288
f 4289/4289 4287/4287 4290/4290
f 4289/4289 4284/4284 4283/4283
f 4287/4287 4289/4289 4283/4283
f 4291/4291 4292/4292 4293/4293
f 4294/4294 4295/4295 4296/4296
f 4297/4297 4298/4298 4294/4294
f 4296/4296 4292/4292 4291/4291
f 4299/4299 4293/4293 4300/4300
f 4300/4300 4293/4293 4292/4292
f 4295/4295 4294/4294 4298/4298
f 4295/4295 4292/4292 4296/4296
f 4301/4301 4298/4298 4302/4302
f 4297/4297 4302/4302 4298/4298
f 4303/4303 4304/4304 4305/4305
f 4306/4306 4307/4307 4304/4304
f 4308/4308 4309/4309 4310/4310
f 4309/4309 4305/4305 4310/4310
f 4308/4308 4311/4311 4312/4312
f 4306/4306 4301/4301 4307/4307
f 4303/4303 4306/4306 4304/4304
f 4313/4313 4309/4309 4312/4312
f 4305/4305 4309/4309 4303/4303
f 4312/4312 4309/4309 4308/4308
f 4302/4302 4307/4307 4301/4301
f 4314/4314 4315/4315 4316/4316
f 4317/4317 4314/4314 4318/4318
f 4318/4318 4314/4314 4316/4316
f 4319/4319 4315/4315 4320/4320
f 4315/4315 4321/4321 4322/4322
f 4315/4315 4319/4319 4321/4321
f 4316/4316 4315/4315 4322/4322
f 4314/4314 4317/4317 4323/4323
f 4324/4324 4325/4325 4326/4326
f 4324/4324 4327/4327 4328/4328
f 4326/4326 4327/4327 4324/4324
f 4329/4329 4325/4325 4324/4324
f 4330/4330 4314/4314 4331/4331
f 4323/4323 4331/4331 4314/4314
f 4314/4314 4332/4332 4329/4329
f 4330/4330 4332/4332 4314/4314
f 4324/4324 4314/4314 4329/4329
f 4333/4333 4334/4334 4335/4335
f 4336/4336 4337/4337 4338/4338
f 4339/4339 4338/4338 4340/4340
f 4339/4339 4341/4341 4342/4342
f 4333/4333 4335/4335 4337/4337
f 4343/4343 4341/4341 4340/4340
f 4340/4340 4341/4341 4339/4339
f 4344/4344 4337/4337 4335/4335
f 4345/4345 4346/4346 4347/4347
f 4348/4348 4346/4346 4345/4345
f 4345/4345 4349/4349 4348/4348
f 4347/4347 4350/4350 4345/4345
f 4351/4351 4352/4352 4350/4350
f 4345/4345 4350/4350 4353/4353
f 4353/4353 4350/4350 4352/4352
f 4354/4354 4351/4351 4350/4350
f 4355/4355 4356/4356 4357/4357
f 4358/4358 4355/4355 4359/4359
f 4360/4360 4358/4358 4359/4359
f 4356/4356 4355/4355 4358/4358
f 4361/4361 4360/4360 4362/4362
f 4363/4363 4361/4361 4362/4362
f 4358/4358 4360/4360 4361/4361
f 4364/4364 4363/4363 4365/4365
f 4361/4361 4363/4363 4364/4364
f 4366/4366 4367/4367 4368/4368
f 4369/4369 4370/4370 4371/4371
f 4372/4372 4373/4373 4374/4374
f 4374/4374 4373/4373 4375/4375
f 4369/4369 4376/4376 4374/4374
f 4368/4368 4370/4370 4366/4366
f 4370/4370 4377/4377 4378/4378
f 4372/4372 4374/4374 4376/4376
f 4372/4372 4376/4376 4379/4379
f 4370/4370 4368/4368 4377/4377
f 4380/4380 4381/4381 4382/4382
f 4380/4380 4383/4383 4384/4384
f 4384/4384 4385/4385 4386/4386
f 4386/4386 4387/4387 4388/4388
f 4380/4380 4382/4382 4389/4389
f 4390/4390 4387/4387 4385/4385
f 4385/4385 4387/4387 4386/4386
f 4391/4391 4389/4389 4382/4382
f 4392/4392 4393/4393 4394/4394
f 4392/4392 4395/4395 4396/4396
f 4395/4395 4392/4392 4394/4394
f 4397/4397 4398/4398 4399/4399
f 4398/4398 4397/4397 4395/4395
f 4399/4399 4400/4400 4397/4397
f 4394/4394 4398/4398 4395/4395
f 4401/4401 4402/4402 4403/4403
f 4404/4404 4405/4405 4406/4406
f 4404/4404 4407/4407 4405/4405
f 4406/4406 4402/4402 4404/4404
f 4407/4407 4404/4404 4408/4408
f 4401/4401 4404/4404 4402/4402
f 4409/4409 4404/4404 4401/4401
f 4410/4410 4407/4407 4408/4408
f 4411/4411 4412/4412 4408/4408
f 4410/4410 4408/4408 4412/4412
f 4413/4413 4411/4411 4408/4408
f 4404/4404 4414/4414 4408/4408
f 4413/4413 4415/4415 4416/4416
f 4417/4417 4418/4418 4419/4419
f 4419/4419 4420/4420 4421/4421
f 4418/4418 4417/4417 4415/4415
f 4422/4422 4423/4423 4424/4424
f 4425/4425 4421/4421 4420/4420
f 4425/4425 4423/4423 4422/4422
f 4426/4426 4424/4424 4427/4427
f 4424/4424 4423/4423 4427/4427
f 4418/4418 4415/4415 4413/4413
f 4413/4413 4416/4416 4411/4411
f 4408/4408 4428/4428 4413/4413
f 4429/4429 4409/4409 4430/4430
f 4429/4429 4431/4431 4404/4404
f 4431/4431 4432/4432 4404/4404
f 4414/4414 4433/4433 4408/4408
f 4433/4433 4434/4434 4408/4408
f 4413/4413 4428/4428 4435/4435
f 4413/4413 4435/4435 4436/4436
f 4418/4418 4413/4413 4436/4436
f 4418/4418 4437/4437 4420/4420
f 4436/4436 4438/4438 4418/4418
f 4420/4420 4439/4439 4423/4423
f 4440/4440 4441/4441 4423/4423
f 4427/4427 4423/4423 4441/4441
f 4425/4425 4420/4420 4423/4423
f 4419/4419 4418/4418 4420/4420
f 4420/4420 4437/4437 4442/4442
f 4423/4423 4443/4443 4440/4440
f 4441/4441 4440/4440 4444/4444
f 4423/4423 4439/4439 4443/4443
f 4429/4429 4404/4404 4409/4409
f 4445/4445 4446/4446 4447/4447
f 4445/4445 4448/4448 4449/4449
f 4450/4450 4448/4448 4451/4451
f 4450/4450 4452/4452 4453/4453
f 4445/4445 4447/4447 4454/4454
f 4455/4455 4452/4452 4451/4451
f 4451/4451 4452/4452 4450/4450
f 4456/4456 4454/4454 4447/4447
f 4457/4457 4458/4458 4459/4459
f 4457/4457 4460/4460 4461/4461
f 4462/4462 4463/4463 4464/4464
f 4464/4464 4463/4463 4465/4465
f 4464/4464 4460/4460 4462/4462
f 4459/4459 4466/4466 4457/4457
f 4467/4467 4466/4466 4468/4468
f 4469/4469 4463/4463 4462/4462
f 4469/4469 4462/4462 4470/4470
f 4467/4467 4457/4457 4466/4466
f 4471/4471 4472/4472 4473/4473
f 4474/4474 4475/4475 4472/4472
f 4473/4473 4472/4472 4475/4475
f 4471/4471 4473/4473 4476/4476
f 4477/4477 4471/4471 4478/4478
f 4471/4471 4477/4477 4479/4479
f 4479/4479 4480/4480 4472/4472
f 4471/4471 4479/4479 4472/4472
f 4481/4481 4482/4482 4483/4483
f 4484/4484 4485/4485 4486/4486
f 4487/4487 4488/4488 4484/4484
f 4486/4486 4482/4482 4481/4481
f 4489/4489 4483/4483 4490/4490
f 4490/4490 4483/4483 4482/4482
f 4485/4485 4484/4484 4488/4488
f 4485/4485 4482/4482 4486/4486
f 4491/4491 4488/4488 4492/4492
f 4487/4487 4492/4492 4488/4488
f 4493/4493 4494/4494 4495/4495
f 4496/4496 4497/4497 4494/4494
f 4498/4498 4499/4499 4500/4500
f 4499/4499 4495/4495 4500/4500
f 4498/4498 4501/4501 4502/4502
f 4496/4496 4491/4491 4497/4497
f 4493/4493 4496/4496 4494/4494
f 4503/4503 4499/4499 4502/4502
f 4495/4495 4499/4499 4493/4493
f 4502/4502 4499/4499 4498/4498
f 4492/4492 4497/4497 4491/4491
f 4504/4504 4505/4505 4506/4506
f 4507/4507 4505/4505 4504/4504
f 4508/4508 4509/4509 4505/4505
f 4506/4506 4505/4505 4509/4509
f 4510/4510 4511/4511 4508/4508
f 4509/4509 4508/4508 4511/4511
f 4512/4512 4513/4513 4510/4510
f 4511/4511 4510/4510 4513/4513
f 4514/4514 4513/4513 4512/4512
f 4515/4515 4516/4516 4514/4514
f 4514/4514 4517/4517 4515/4515
f 4517/4517 4514/4514 4512/4512
f 4518/4518 4519/4519 4520/4520
f 4520/4520 4521/4521 4518/4518
f 4521/4521 4520/4520 4522/4522
f 4522/4522 4523/4523 4524/4524
f 4524/4524 4525/4525 4522/4522
f 4520/4520 4523/4523 4522/4522
f 4526/4526 4527/4527 4528/4528
f 4526/4526 4529/4529 4527/4527
f 4527/4527 4530/4530 4531/4531
f 4530/4530 4527/4527 4532/4532
f 4532/4532 4527/4527 4529/4529
f 4533/4533 4534/4534 4531/4531
f 4534/4534 4535/4535 4527/4527
f 4534/4534 4536/4536 4535/4535
f 4537/4537 4536/4536 4534/4534
f 4534/4534 4527/4527 4531/4531
f 4538/4538 4537/4537 4539/4539
f 4537/4537 4540/4540 4541/4541
f 4528/4528 4527/4527 4542/4542
f 4534/4534 4533/4533 4543/4543
f 4544/4544 4545/4545 4546/4546
f 4544/4544 4547/4547 4545/4545
f 4548/4548 4544/4544 4549/4549
f 4544/4544 4548/4548 4550/4550
f 4547/4547 4544/4544 4550/4550
f 4546/4546 4543/4543 4533/4533
f 4534/4534 4540/4540 4537/4537
f 4551/4551 4537/4537 4541/4541
f 4552/4552 4540/4540 4534/4534
f 4543/4543 4553/4553 4534/4534
f 4534/4534 4553/4553 4554/4554
f 4554/4554 4552/4552 4534/4534
f 4555/4555 4539/4539 4537/4537
f 4546/4546 4533/4533 4544/4544
f 4551/4551 4555/4555 4537/4537
f 4555/4555 4556/4556 4557/4557
f 4558/4558 4559/4559 4556/4556
f 4559/4559 4560/4560 4561/4561
f 4562/4562 4558/4558 4555/4555
f 4563/4563 4560/4560 4564/4564
f 4563/4563 4561/4561 4560/4560
f 4555/4555 4558/4558 4556/4556
f 4565/4565 4566/4566 4563/4563
f 4567/4567 4565/4565 4563/4563
f 4563/4563 4568/4568 4567/4567
f 4568/4568 4563/4563 4569/4569
f 4569/4569 4563/4563 4570/4570
f 4563/4563 4564/4564 4570/4570
f 4571/4571 4564/4564 4560/4560
f 4558/4558 4562/4562 4572/4572
f 4573/4573 4562/4562 4555/4555
f 4560/4560 4558/4558 4572/4572
f 4560/4560 4572/4572 4574/4574
f 4560/4560 4575/4575 4576/4576
f 4560/4560 4574/4574 4575/4575
f 4577/4577 4560/4560 4576/4576
f 4571/4571 4578/4578 4579/4579
f 4579/4579 4580/4580 4581/4581
f 4579/4579 4578/4578 4580/4580
f 4579/4579 4582/4582 4583/4583
f 4584/4584 4583/4583 4585/4585
f 4581/4581 4582/4582 4579/4579
f 4578/4578 4571/4571 4577/4577
f 4560/4560 4577/4577 4571/4571
f 4555/4555 4551/4551 4573/4573
f 4548/4548 4549/4549 4586/4586
f 4587/4587 4586/4586 4549/4549
f 4588/4588 4589/4589 4587/4587
f 4589/4589 4588/4588 4590/4590
f 4591/4591 4590/4590 4588/4588
f 4588/4588 4592/4592 4591/4591
f 4593/4593 4592/4592 4594/4594
f 4587/4587 4549/4549 4588/4588
f 4593/4593 4595/4595 4596/4596
f 4595/4595 4597/4597 4596/4596
f 4598/4598 4595/4595 4599/4599
f 4600/4600 4599/4599 4601/4601
f 4602/4602 4595/4595 4598/4598
f 4602/4602 4597/4597 4595/4595
f 4588/4588 4594/4594 4592/4592
f 4594/4594 4603/4603 4595/4595
f 4603/4603 4604/4604 4605/4605
f 4606/4606 4605/4605 4607/4607
f 4605/4605 4606/4606 4608/4608
f 4605/4605 4604/4604 4607/4607
f 4608/4608 4609/4609 4605/4605
f 4603/4603 4605/4605 4595/4595
f 4610/4610 4599/4599 4611/4611
f 4599/4599 4595/4595 4611/4611
f 4612/4612 4595/4595 4605/4605
f 4613/4613 4605/4605 4609/4609
f 4595/4595 4612/4612 4611/4611
f 4599/4599 4610/4610 4614/4614
f 4599/4599 4600/4600 4598/4598
f 4615/4615 4601/4601 4599/4599
f 4593/4593 4594/4594 4595/4595
f 4616/4616 4599/4599 4614/4614
f 4617/4617 4618/4618 4619/4619
f 4620/4620 4621/4621 4622/4622
f 4615/4615 4623/4623 4622/4622
f 4621/4621 4617/4617 4624/4624
f 4623/4623 4625/4625 4620/4620
f 4615/4615 4599/4599 4623/4623
f 4617/4617 4619/4619 4624/4624
f 4584/4584 4626/4626 4627/4627
f 4628/4628 4627/4627 4626/4626
f 4627/4627 4628/4628 4629/4629
f 4630/4630 4627/4627 4631/4631
f 4627/4627 4629/4629 4632/4632
f 4632/4632 4631/4631 4627/4627
f 4631/4631 4633/4633 4630/4630
f 4617/4617 4633/4633 4618/4618
f 4617/4617 4634/4634 4635/4635
f 4620/4620 4622/4622 4623/4623
f 4621/4621 4620/4620 4617/4617
f 4620/4620 4625/4625 4634/4634
f 4617/4617 4635/4635 4636/4636
f 4637/4637 4617/4617 4636/4636
f 4636/4636 4638/4638 4639/4639
f 4636/4636 4639/4639 4637/4637
f 4617/4617 4637/4637 4630/4630
f 4636/4636 4640/4640 4641/4641
f 4641/4641 4642/4642 4636/4636
f 4636/4636 4642/4642 4638/4638
f 4643/4643 4640/4640 4636/4636
f 4633/4633 4617/4617 4630/4630
f 4644/4644 4645/4645 4646/4646
f 4647/4647 4648/4648 4649/4649
f 4649/4649 4650/4650 4644/4644
f 4651/4651 4652/4652 4653/4653
f 4654/4654 4655/4655 4656/4656
f 4656/4656 4657/4657 4651/4651
f 4653/4653 4658/4658 4647/4647
f 4659/4659 4660/4660 4661/4661
f 4660/4660 4662/4662 4661/4661
f 4663/4663 4664/4664 4665/4665
f 4666/4666 4665/4665 4662/4662
f 4667/4667 4668/4668 4669/4669
f 4670/4670 4671/4671 4672/4672
f 4673/4673 4672/4672 4668/4668
f 4674/4674 4669/4669 4664/4664
f 4675/4675 4676/4676 4677/4677
f 4678/4678 4679/4679 4680/4680
f 4680/4680 4681/4681 4678/4678
f 4682/4682 4683/4683 4678/4678
f 4678/4678 4684/4684 4682/4682
f 4681/4681 4684/4684 4678/4678
f 4685/4685 4680/4680 4686/4686
f 4680/4680 4685/4685 4687/4687
f 4680/4680 4688/4688 4681/4681
f 4680/4680 4687/4687 4688/4688
f 4684/4684 4689/4689 4690/4690
f 4684/4684 4691/4691 4692/4692
f 4684/4684 4690/4690 4691/4691
f 4684/4684 4681/4681 4689/4689
f 4693/4693 4694/4694 4695/4695
f 4696/4696 4695/4695 4694/4694
f 4697/4697 4694/4694 4693/4693
f 4693/4693 4698/4698 4699/4699
f 4700/4700 4701/4701 4702/4702
f 4698/4698 4701/4701 4699/4699
f 4693/4693 4703/4703 4704/4704
f 4705/4705 4697/4697 4704/4704
f 4704/4704 4697/4697 4693/4693
f 4703/4703 4699/4699 4706/4706
f 4706/4706 4700/4700 4707/4707
f 4700/4700 4708/4708 4707/4707
f 4702/4702 4709/4709 4700/4700
f 4709/4709 4710/4710 4711/4711
f 4710/4710 4712/4712 4711/4711
f 4713/4713 4714/4714 4715/4715
f 4715/4715 4712/4712 4713/4713
f 4716/4716 4709/4709 4711/4711
f 4712/4712 4716/4716 4711/4711
f 4717/4717 4712/4712 4718/4718
f 4715/4715 4718/4718 4712/4712
f 4718/4718 4719/4719 4717/4717
f 4720/4720 4721/4721 4722/4722
f 4723/4723 4724/4724 4725/4725
f 4721/4721 4720/4720 4723/4723
f 4726/4726 4727/4727 4728/4728
f 4729/4729 4728/4728 4730/4730
f 4728/4728 4727/4727 4730/4730
f 4726/4726 4724/4724 4731/4731
f 4720/4720 4732/4732 4723/4723
f 4733/4733 4734/4734 4735/4735
f 4734/4734 4733/4733 4732/4732
f 4730/4730 4727/4727 4736/4736
f 4736/4736 4727/4727 4737/4737
f 4732/4732 4720/4720 4734/4734
f 4738/4738 4739/4739 4740/4740
f 4741/4741 4739/4739 4742/4742
f 4743/4743 4744/4744 4742/4742
f 4739/4739 4741/4741 4740/4740
f 4744/4744 4745/4745 4746/4746
f 4747/4747 4748/4748 4744/4744
f 4745/4745 4744/4744 4748/4748
f 4744/4744 4746/4746 4742/4742
f 4739/4739 4738/4738 4749/4749
f 4750/4750 4739/4739 4751/4751
f 4739/4739 4750/4750 4752/4752
f 4739/4739 4752/4752 4753/4753
f 4754/4754 4739/4739 4753/4753
f 4755/4755 4743/4743 4754/4754
f 4754/4754 4743/4743 4742/4742
f 4743/4743 4755/4755 4756/4756
f 4743/4743 4756/4756 4757/4757
f 4739/4739 4754/4754 4742/4742
f 4758/4758 4759/4759 4760/4760
f 4758/4758 4761/4761 4759/4759
f 4758/4758 4762/4762 4763/4763
f 4764/4764 4765/4765 4766/4766
f 4766/4766 4762/4762 4764/4764
f 4763/4763 4761/4761 4758/4758
f 4767/4767 4758/4758 4768/4768
f 4764/4764 4758/4758 4767/4767
f 4764/4764 4769/4769 4770/4770
f 4764/4764 4770/4770 4765/4765
f 4764/4764 4767/4767 4771/4771
f 4758/4758 4764/4764 4762/4762
f 4772/4772 4773/4773 4774/4774
f 4775/4775 4776/4776 4772/4772
f 4773/4773 4772/4772 4776/4776
f 4777/4777 4775/4775 4772/4772
f 4778/4778 4779/4779 4777/4777
f 4778/4778 4780/4780 4779/4779
f 4781/4781 4782/4782 4778/4778
f 4780/4780 4778/4778 4782/4782
f 4783/4783 4778/4778 4777/4777
f 4784/4784 4777/4777 4772/4772
f 4785/4785 4784/4784 4786/4786
f 4784/4784 4785/4785 4787/4787
f 4784/4784 4787/4787 4788/4788
f 4783/4783 4784/4784 4788/4788
f 4783/4783 4789/4789 4778/4778
f 4789/4789 4790/4790 4778/4778
f 4791/4791 4792/4792 4778/4778
f 4792/4792 4793/4793 4778/4778
f 4790/4790 4791/4791 4778/4778
f 4783/4783 4777/4777 4784/4784
f 4794/4794 4795/4795 4796/4796
f 4797/4797 4798/4798 4795/4795
f 4799/4799 4798/4798 4797/4797
f 4794/4794 4797/4797 4795/4795
f 4800/4800 4797/4797 4794/4794
f 4801/4801 4799/4799 4797/4797
f 4802/4802 4803/4803 4801/4801
f 4804/4804 4802/4802 4805/4805
f 4806/4806 4805/4805 4807/4807
f 4805/4805 4802/4802 4807/4807
f 4802/4802 4804/4804 4803/4803
f 4797/4797 4802/4802 4801/4801
f 4808/4808 4800/4800 4809/4809
f 4797/4797 4808/4808 4810/4810
f 4810/4810 4811/4811 4797/4797
f 4811/4811 4812/4812 4797/4797
f 4802/4802 4797/4797 4812/4812
f 4813/4813 4814/4814 4802/4802
f 4812/4812 4815/4815 4802/4802
f 4815/4815 4816/4816 4802/4802
f 4807/4807 4802/4802 4814/4814
f 4802/4802 4816/4816 4813/4813
f 4814/4814 4813/4813 4817/4817
f 4797/4797 4800/4800 4808/4808
f 4818/4818 4819/4819 4820/4820
f 4818/4818 4820/4820 4821/4821
f 4820/4820 4819/4819 4822/4822
f 4819/4819 4818/4818 4823/4823
f 4824/4824 4825/4825 4826/4826
f 4824/4824 4827/4827 4825/4825
f 4828/4828 4819/4819 4824/4824
f 4823/4823 4824/4824 4819/4819
f 4826/4826 4828/4828 4824/4824
f 4829/4829 4830/4830 4831/4831
f 4832/4832 4830/4830 4829/4829
f 4833/4833 4834/4834 4832/4832
f 4830/4830 4832/4832 4834/4834
f 4835/4835 4834/4834 4833/4833
f 4836/4836 4837/4837 4838/4838
f 4839/4839 4837/4837 4840/4840
f 4841/4841 4842/4842 4836/4836
f 4830/4830 4836/4836 4838/4838
f 4837/4837 4836/4836 4840/4840
f 4836/4836 4830/4830 4834/4834
f 4843/4843 4839/4839 4840/4840
f 4834/4834 4835/4835 4844/4844
f 4845/4845 4846/4846 4847/4847
f 4845/4845 4848/4848 4849/4849
f 4848/4848 4850/4850 4849/4849
f 4851/4851 4848/4848 4852/4852
f 4853/4853 4851/4851 4852/4852
f 4850/4850 4848/4848 4851/4851
f 4841/4841 4836/4836 4834/4834
f 4840/4840 4836/4836 4842/4842
f 4840/4840 4842/4842 4854/4854
f 4847/4847 4846/4846 4844/4844
f 4845/4845 4849/4849 4846/4846
f 4847/4847 4844/4844 4835/4835
f 4855/4855 4856/4856 4843/4843
f 4856/4856 4857/4857 4858/4858
f 4859/4859 4858/4858 4857/4857
f 4857/4857 4860/4860 4861/4861
f 4859/4859 4862/4862 4863/4863
f 4843/4843 4840/4840 4855/4855
f 4864/4864 4863/4863 4865/4865
f 4866/4866 4865/4865 4863/4863
f 4867/4867 4866/4866 4868/4868
f 4863/4863 4868/4868 4866/4866
f 4869/4869 4867/4867 4868/4868
f 4870/4870 4862/4862 4857/4857
f 4857/4857 4855/4855 4860/4860
f 4862/4862 4870/4870 4868/4868
f 4870/4870 4857/4857 4861/4861
f 4862/4862 4859/4859 4857/4857
f 4863/4863 4862/4862 4868/4868
f 4871/4871 4872/4872 4873/4873
f 4874/4874 4871/4871 4873/4873
f 4872/4872 4871/4871 4869/4869
f 4875/4875 4876/4876 4877/4877
f 4876/4876 4875/4875 4874/4874
f 4878/4878 4875/4875 4877/4877
f 4873/4873 4876/4876 4874/4874
f 4868/4868 4872/4872 4869/4869
f 4855/4855 4840/4840 4879/4879
f 4880/4880 4853/4853 4881/4881
f 4882/4882 4881/4881 4853/4853
f 4883/4883 4882/4882 4884/4884
f 4885/4885 4883/4883 4884/4884
f 4881/4881 4882/4882 4883/4883
f 4885/4885 4886/4886 4887/4887
f 4887/4887 4888/4888 4889/4889
f 4854/4854 4879/4879 4840/4840
f 4890/4890 4891/4891 4888/4888
f 4892/4892 4893/4893 4890/4890
f 4889/4889 4888/4888 4891/4891
f 4886/4886 4885/4885 4884/4884
f 4894/4894 4892/4892 4895/4895
f 4896/4896 4887/4887 4897/4897
f 4898/4898 4887/4887 4896/4896
f 4898/4898 4899/4899 4900/4900
f 4896/4896 4899/4899 4898/4898
f 4898/4898 4888/4888 4887/4887
f 4888/4888 4901/4901 4890/4890
f 4898/4898 4902/4902 4888/4888
f 4903/4903 4890/4890 4901/4901
f 4890/4890 4893/4893 4891/4891
f 4890/4890 4903/4903 4904/4904
f 4890/4890 4904/4904 4895/4895
f 4886/4886 4897/4897 4887/4887
f 4892/4892 4890/4890 4895/4895
f 4905/4905 4906/4906 4907/4907
f 4908/4908 4909/4909 4906/4906
f 4894/4894 4895/4895 4910/4910
f 4911/4911 4910/4910 4912/4912
f 4913/4913 4905/4905 4907/4907
f 4914/4914 4915/4915 4878/4878
f 4875/4875 4878/4878 4915/4915
f 4916/4916 4914/4914 4878/4878
f 4909/4909 4908/4908 4914/4914
f 4905/4905 4908/4908 4906/4906
f 4916/4916 4909/4909 4914/4914
f 4917/4917 4912/4912 4918/4918
f 4910/4910 4919/4919 4918/4918
f 4910/4910 4920/4920 4921/4921
f 4912/4912 4910/4910 4918/4918
f 4910/4910 4911/4911 4894/4894
f 4920/4920 4895/4895 4904/4904
f 4922/4922 4918/4918 4919/4919
f 4913/4913 4917/4917 4923/4923
f 4924/4924 4923/4923 4917/4917
f 4907/4907 4917/4917 4913/4913
f 4925/4925 4922/4922 4926/4926
f 4922/4922 4925/4925 4924/4924
f 4917/4917 4922/4922 4924/4924
f 4922/4922 4917/4917 4918/4918
f 4879/4879 4860/4860 4855/4855
f 4853/4853 4880/4880 4851/4851
f 4927/4927 4928/4928 4929/4929
f 4930/4930 4928/4928 4927/4927
f 4931/4931 4930/4930 4927/4927
f 4932/4932 4933/4933 4934/4934
f 4934/4934 4930/4930 4932/4932
f 4928/4928 4930/4930 4934/4934
f 4935/4935 4931/4931 4936/4936
f 4936/4936 4937/4937 4935/4935
f 4938/4938 4939/4939 4940/4940
f 4941/4941 4939/4939 4938/4938
f 4938/4938 4942/4942 4941/4941
f 4942/4942 4943/4943 4937/4937
f 4944/4944 4945/4945 4942/4942
f 4943/4943 4942/4942 4945/4945
f 4942/4942 4937/4937 4941/4941
f 4946/4946 4947/4947 4948/4948
f 4949/4949 4950/4950 4946/4946
f 4950/4950 4951/4951 4952/4952
f 4950/4950 4947/4947 4946/4946
f 4951/4951 4950/4950 4949/4949
f 4953/4953 4954/4954 4955/4955
f 4955/4955 4954/4954 4956/4956
f 4957/4957 4955/4955 4958/4958
f 4957/4957 4959/4959 4960/4960
f 4953/4953 4955/4955 4957/4957
f 4961/4961 4957/4957 4958/4958
f 4959/4959 4957/4957 4961/4961
f 4962/4962 4963/4963 4964/4964
f 4964/4964 4965/4965 4962/4962
f 4965/4965 4964/4964 4966/4966
f 4967/4967 4966/4966 4968/4968
f 4969/4969 4967/4967 4970/4970
f 4968/4968 4970/4970 4967/4967
f 4965/4965 4966/4966 4967/4967
f 4971/4971 4972/4972 4973/4973
f 4974/4974 4975/4975 4976/4976
f 4974/4974 4977/4977 4975/4975
f 4976/4976 4972/4972 4974/4974
f 4978/4978 4977/4977 4974/4974
f 4971/4971 4974/4974 4972/4972
f 4979/4979 4974/4974 4971/4971
f 4980/4980 4981/4981 4978/4978
f 4982/4982 4978/4978 4981/4981
f 4983/4983 4980/4980 4978/4978
f 4978/4978 4984/4984 4985/4985
f 4983/4983 4986/4986 4987/4987
f 4988/4988 4989/4989 4990/4990
f 4990/4990 4991/4991 4992/4992
f 4989/4989 4988/4988 4986/4986
f 4993/4993 4994/4994 4995/4995
f 4996/4996 4992/4992 4991/4991
f 4996/4996 4994/4994 4993/4993
f 4997/4997 4995/4995 4998/4998
f 4995/4995 4994/4994 4998/4998
f 4989/4989 4986/4986 4983/4983
f 4983/4983 4999/4999 5000/5000
f 5001/5001 4979/4979 5002/5002
f 5001/5001 5003/5003 4974/4974
f 5003/5003 5004/5004 4974/4974
f 4974/4974 5004/5004 4984/4984
f 4985/4985 5005/5005 4978/4978
f 4983/4983 5000/5000 5006/5006
f 4978/4978 5005/5005 4999/4999
f 4989/4989 5006/5006 5007/5007
f 4991/4991 5008/5008 5009/5009
f 4994/4994 5010/5010 5011/5011
f 5012/5012 5013/5013 4994/4994
f 4998/4998 4994/4994 5013/5013
f 4996/4996 4991/4991 4994/4994
f 4989/4989 5007/5007 5008/5008
f 4990/4990 4989/4989 4991/4991
f 4991/4991 5009/5009 5010/5010
f 4994/4994 5011/5011 5012/5012
f 5013/5013 5012/5012 5014/5014
f 5001/5001 4974/4974 4979/4979
f 5015/5015 5016/5016 5017/5017
f 5018/5018 5017/5017 5016/5016
f 5019/5019 5016/5016 5015/5015
f 5015/5015 5017/5017 5020/5020
f 5021/5021 5022/5022 5020/5020
f 5022/5022 5015/5015 5020/5020
f 5021/5021 5023/5023 5022/5022
f 5024/5024 5019/5019 5025/5025
f 5025/5025 5019/5019 5015/5015
f 5023/5023 5026/5026 5022/5022
f 5022/5022 5026/5026 5027/5027
f 5015/5015 5027/5027 5025/5025
f 5015/5015 5022/5022 5027/5027
f 5023/5023 5028/5028 5029/5029
f 5030/5030 5028/5028 5031/5031
f 5023/5023 5032/5032 5033/5033
f 5030/5030 5032/5032 5029/5029
f 5031/5031 5034/5034 5030/5030
f 5035/5035 5036/5036 5037/5037
f 5037/5037 5034/5034 5035/5035
f 5038/5038 5034/5034 5039/5039
f 5037/5037 5039/5039 5034/5034
f 5039/5039 5040/5040 5038/5038
f 5038/5038 5030/5030 5034/5034
f 5041/5041 5042/5042 5043/5043
f 5044/5044 5045/5045 5042/5042
f 5046/5046 5045/5045 5044/5044
f 5041/5041 5044/5044 5042/5042
f 5047/5047 5044/5044 5041/5041
f 5048/5048 5046/5046 5044/5044
f 5049/5049 5050/5050 5048/5048
f 5051/5051 5049/5049 5052/5052
f 5053/5053 5052/5052 5054/5054
f 5052/5052 5049/5049 5054/5054
f 5049/5049 5051/5051 5050/5050
f 5044/5044 5049/5049 5048/5048
f 5055/5055 5047/5047 5056/5056
f 5044/5044 5055/5055 5057/5057
f 5057/5057 5058/5058 5044/5044
f 5058/5058 5059/5059 5044/5044
f 5049/5049 5059/5059 5060/5060
f 5061/5061 5062/5062 5049/5049
f 5060/5060 5063/5063 5049/5049
f 5054/5054 5049/5049 5062/5062
f 5049/5049 5063/5063 5061/5061
f 5062/5062 5061/5061 5064/5064
f 5044/5044 5047/5047 5055/5055
f 5065/5065 5066/5066 5067/5067
f 5068/5068 5065/5065 5067/5067
f 5069/5069 5068/5068 5070/5070
f 5067/5067 5070/5070 5068/5068
f 5071/5071 5070/5070 5067/5067
f 5072/5072 5071/5071 5073/5073
f 5074/5074 5071/5071 5072/5072
f 5075/5075 5074/5074 5076/5076
f 5072/5072 5076/5076 5074/5074
f 5077/5077 5078/5078 5079/5079
f 5080/5080 5077/5077 5079/5079
f 5078/5078 5081/5081 5079/5079
f 5078/5078 5077/5077 5082/5082
f 5083/5083 5084/5084 5085/5085
f 5086/5086 5078/5078 5083/5083
f 5082/5082 5083/5083 5078/5078
f 5085/5085 5086/5086 5083/5083
f 5087/5087 5088/5088 5089/5089
f 5088/5088 5087/5087 5090/5090
f 5087/5087 5089/5089 5091/5091
f 5092/5092 5093/5093 5094/5094
f 5095/5095 5091/5091 5092/5092
f 5093/5093 5092/5092 5091/5091
f 5089/5089 5093/5093 5091/5091
f 5096/5096 5097/5097 5098/5098
f 5099/5099 5097/5097 5100/5100
f 5101/5101 5099/5099 5102/5102
f 5099/5099 5100/5100 5102/5102
f 5103/5103 5096/5096 5104/5104
f 5105/5105 5103/5103 5106/5106
f 5100/5100 5107/5107 5102/5102
f 5096/5096 5103/5103 5105/5105
f 5108/5108 5109/5109 5110/5110
f 5108/5108 5111/5111 5109/5109
f 5112/5112 5109/5109 5113/5113
f 5109/5109 5111/5111 5113/5113
f 5112/5112 5114/5114 5109/5109
f 5115/5115 5116/5116 5117/5117
f 5116/5116 5118/5118 5119/5119
f 5120/5120 5121/5121 5119/5119
f 5109/5109 5115/5115 5117/5117
f 5116/5116 5115/5115 5118/5118
f 5109/5109 5117/5117 5110/5110
f 5114/5114 5112/5112 5122/5122
f 5123/5123 5124/5124 5125/5125
f 5126/5126 5127/5127 5124/5124
f 5128/5128 5127/5127 5129/5129
f 5126/5126 5129/5129 5127/5127
f 5130/5130 5128/5128 5129/5129
f 5127/5127 5125/5125 5124/5124
f 5121/5121 5120/5120 5131/5131
f 5118/5118 5120/5120 5119/5119
f 5123/5123 5125/5125 5132/5132
f 5132/5132 5114/5114 5122/5122
f 5133/5133 5121/5121 5131/5131
f 5132/5132 5122/5122 5123/5123
f 5134/5134 5133/5133 5131/5131
f 5135/5135 5133/5133 5134/5134
f 5136/5136 5137/5137 5135/5135
f 5138/5138 5137/5137 5139/5139
f 5136/5136 5139/5139 5137/5137
f 5140/5140 5138/5138 5139/5139
f 5135/5135 5134/5134 5136/5136
f 5141/5141 5142/5142 5140/5140
f 5143/5143 5140/5140 5142/5142
f 5144/5144 5145/5145 5146/5146
f 5146/5146 5141/5141 5147/5147
f 5141/5141 5140/5140 5147/5147
f 5140/5140 5143/5143 5138/5138
f 5148/5148 5149/5149 5145/5145
f 5144/5144 5148/5148 5145/5145
f 5150/5150 5151/5151 5152/5152
f 5153/5153 5149/5149 5151/5151
f 5145/5145 5149/5149 5153/5153
f 5153/5153 5151/5151 5150/5150
f 5154/5154 5150/5150 5152/5152
f 5155/5155 5150/5150 5154/5154
f 5155/5155 5156/5156 5157/5157
f 5157/5157 5158/5158 5155/5155
f 5159/5159 5158/5158 5157/5157
f 5154/5154 5156/5156 5155/5155
f 5147/5147 5144/5144 5146/5146
f 5160/5160 5161/5161 5130/5130
f 5162/5162 5163/5163 5160/5160
f 5164/5164 5165/5165 5166/5166
f 5162/5162 5164/5164 5166/5166
f 5167/5167 5165/5165 5164/5164
f 5162/5162 5166/5166 5163/5163
f 5160/5160 5163/5163 5161/5161
f 5168/5168 5169/5169 5170/5170
f 5170/5170 5171/5171 5172/5172
f 5168/5168 5165/5165 5167/5167
f 5167/5167 5169/5169 5168/5168
f 5172/5172 5171/5171 5173/5173
f 5172/5172 5173/5173 5174/5174
f 5172/5172 5175/5175 5176/5176
f 5175/5175 5172/5172 5174/5174
f 5172/5172 5176/5176 5177/5177
f 5178/5178 5179/5179 5180/5180
f 5181/5181 5178/5178 5180/5180
f 5182/5182 5183/5183 5184/5184
f 5184/5184 5183/5183 5179/5179
f 5177/5177 5178/5178 5181/5181
f 5181/5181 5172/5172 5177/5177
f 5169/5169 5171/5171 5170/5170
f 5185/5185 5186/5186 5187/5187
f 5188/5188 5189/5189 5190/5190
f 5189/5189 5191/5191 5190/5190
f 5191/5191 5187/5187 5190/5190
f 5192/5192 5193/5193 5194/5194
f 5194/5194 5193/5193 5186/5186
f 5186/5186 5195/5195 5194/5194
f 5195/5195 5186/5186 5185/5185
f 5185/5185 5187/5187 5191/5191
f 5158/5158 5159/5159 5192/5192
f 5196/5196 5197/5197 5198/5198
f 5182/5182 5199/5199 5200/5200
f 5199/5199 5198/5198 5200/5200
f 5198/5198 5199/5199 5196/5196
f 5197/5197 5196/5196 5201/5201
f 5202/5202 5197/5197 5201/5201
f 5188/5188 5203/5203 5189/5189
f 5204/5204 5203/5203 5202/5202
f 5202/5202 5203/5203 5188/5188
f 5202/5202 5205/5205 5206/5206
f 5206/5206 5204/5204 5202/5202
f 5205/5205 5202/5202 5207/5207
f 5207/5207 5202/5202 5201/5201
f 5200/5200 5183/5183 5182/5182
f 5208/5208 5209/5209 5210/5210
f 5209/5209 5208/5208 5211/5211
f 5208/5208 5210/5210 5212/5212
f 5213/5213 5214/5214 5215/5215
f 5216/5216 5212/5212 5213/5213
f 5214/5214 5213/5213 5212/5212
f 5210/5210 5214/5214 5212/5212
f 5217/5217 5218/5218 5219/5219
f 5220/5220 5221/5221 5222/5222
f 5223/5223 5221/5221 5224/5224
f 5220/5220 5225/5225 5219/5219
f 5225/5225 5226/5226 5217/5217
f 5219/5219 5225/5225 5217/5217
f 5227/5227 5228/5228 5229/5229
f 5230/5230 5231/5231 5232/5232
f 5227/5227 5233/5233 5234/5234
f 5231/5231 5230/5230 5233/5233
f 5228/5228 5223/5223 5229/5229
f 5230/5230 5235/5235 5233/5233
f 5236/5236 5237/5237 5238/5238
f 5239/5239 5240/5240 5236/5236
f 5237/5237 5236/5236 5240/5240
f 5241/5241 5239/5239 5236/5236
f 5239/5239 5242/5242 5243/5243
f 5244/5244 5245/5245 5242/5242
f 5243/5243 5246/5246 5239/5239
f 5242/5242 5245/5245 5243/5243
f 5241/5241 5242/5242 5239/5239
f 5247/5247 5248/5248 5249/5249
f 5247/5247 5250/5250 5248/5248
f 5247/5247 5251/5251 5252/5252
f 5253/5253 5251/5251 5254/5254
f 5247/5247 5254/5254 5251/5251
f 5247/5247 5252/5252 5250/5250
f 5254/5254 5255/5255 5253/5253
f 5256/5256 5253/5253 5255/5255
f 5256/5256 5255/5255 5257/5257
f 5258/5258 5256/5256 5257/5257
f 5259/5259 5260/5260 5258/5258
f 5258/5258 5261/5261 5259/5259
f 5261/5261 5258/5258 5257/5257
f 5262/5262 5263/5263 5264/5264
f 5265/5265 5263/5263 5262/5262
f 5266/5266 5265/5265 5262/5262
f 5266/5266 5267/5267 5268/5268
f 5263/5263 5265/5265 5269/5269
f 5270/5270 5271/5271 5272/5272
f 5273/5273 5270/5270 5272/5272
f 5274/5274 5275/5275 5276/5276
f 5277/5277 5278/5278 5279/5279
f 5274/5274 5280/5280 5273/5273
f 5281/5281 5275/5275 5277/5277
f 5278/5278 5277/5277 5275/5275
f 5282/5282 5283/5283 5284/5284
f 5283/5283 5285/5285 5284/5284
f 5286/5286 5287/5287 5288/5288
f 5285/5285 5289/5289 5290/5290
f 5289/5289 5288/5288 5290/5290
f 5287/5287 5286/5286 5291/5291
f 5292/5292 5284/5284 5293/5293
f 5293/5293 5284/5284 5285/5285
f 5294/5294 5290/5290 5287/5287
f 5288/5288 5287/5287 5290/5290
f 5287/5287 5295/5295 5294/5294
f 5293/5293 5290/5290 5296/5296
f 5293/5293 5285/5285 5290/5290
f 5297/5297 5287/5287 5291/5291
f 5298/5298 5299/5299 5297/5297
f 5291/5291 5298/5298 5297/5297
f 5298/5298 5300/5300 5299/5299
f 5301/5301 5302/5302 5303/5303
f 5301/5301 5304/5304 5302/5302
f 5300/5300 5304/5304 5305/5305
f 5306/5306 5301/5301 5303/5303
f 5307/5307 5305/5305 5308/5308
f 5300/5300 5305/5305 5299/5299
f 5299/5299 5295/5295 5297/5297
f 5301/5301 5308/5308 5305/5305
f 5301/5301 5309/5309 5310/5310
f 5309/5309 5301/5301 5306/5306
f 5301/5301 5305/5305 5304/5304
f 5311/5311 5312/5312 5313/5313
f 5314/5314 5315/5315 5316/5316
f 5317/5317 5318/5318 5316/5316
f 5319/5319 5314/5314 5313/5313
f 5316/5316 5320/5320 5321/5321
f 5316/5316 5322/5322 5323/5323
f 5316/5316 5318/5318 5322/5322
f 5323/5323 5320/5320 5316/5316
f 5324/5324 5311/5311 5325/5325
f 5311/5311 5326/5326 5312/5312
f 5326/5326 5327/5327 5312/5312
f 5312/5312 5319/5319 5313/5313
f 5319/5319 5315/5315 5314/5314
f 5328/5328 5317/5317 5316/5316
f 5329/5329 5330/5330 5315/5315
f 5316/5316 5330/5330 5328/5328
f 5315/5315 5330/5330 5316/5316
f 5311/5311 5324/5324 5326/5326
f 5331/5331 5332/5332 5333/5333
f 5334/5334 5331/5331 5335/5335
f 5336/5336 5335/5335 5337/5337
f 5335/5335 5338/5338 5339/5339
f 5337/5337 5339/5339 5340/5340
f 5341/5341 5342/5342 5343/5343
f 5340/5340 5344/5344 5345/5345
f 5343/5343 5346/5346 5347/5347
f 5348/5348 5347/5347 5349/5349
f 5347/5347 5350/5350 5351/5351
f 5349/5349 5351/5351 5352/5352
f 5349/5349 5352/5352 5353/5353
f 5354/5354 5355/5355 5356/5356
f 5357/5357 5358/5358 5359/5359
f 5360/5360 5354/5354 5356/5356
f 5361/5361 5362/5362 5363/5363
f 5354/5354 5361/5361 5363/5363
f 5354/5354 5363/5363 5357/5357
f 5360/5360 5361/5361 5354/5354
f 5364/5364 5357/5357 5359/5359
f 5365/5365 5357/5357 5366/5366
f 5367/5367 5365/5365 5368/5368
f 5368/5368 5365/5365 5366/5366
f 5357/5357 5364/5364 5369/5369
f 5370/5370 5371/5371 5372/5372
f 5365/5365 5373/5373 5371/5371
f 5369/5369 5366/5366 5357/5357
f 5365/5365 5374/5374 5373/5373
f 5375/5375 5363/5363 5362/5362
f 5374/5374 5365/5365 5367/5367
f 5363/5363 5376/5376 5377/5377
f 5363/5363 5378/5378 5379/5379
f 5357/5357 5363/5363 5358/5358
f 5380/5380 5363/5363 5377/5377
f 5379/5379 5381/5381 5363/5363
f 5382/5382 5380/5380 5383/5383
f 5363/5363 5384/5384 5378/5378
f 5363/5363 5380/5380 5382/5382
f 5385/5385 5382/5382 5386/5386
f 5363/5363 5387/5387 5384/5384
f 5363/5363 5388/5388 5358/5358
f 5387/5387 5363/5363 5385/5385
f 5363/5363 5381/5381 5388/5388
f 5389/5389 5386/5386 5382/5382
f 5390/5390 5382/5382 5391/5391
f 5382/5382 5390/5390 5389/5389
f 5341/5341 5391/5391 5382/5382
f 5363/5363 5382/5382 5385/5385
f 5392/5392 5341/5341 5343/5343
f 5376/5376 5363/5363 5375/5375
f 5341/5341 5393/5393 5391/5391
f 5370/5370 5365/5365 5371/5371
f 5332/5332 5394/5394 5395/5395
f 5395/5395 5370/5370 5333/5333
f 5333/5333 5396/5396 5397/5397
f 5333/5333 5332/5332 5395/5395
f 5398/5398 5333/5333 5399/5399
f 5399/5399 5333/5333 5397/5397
f 5333/5333 5370/5370 5372/5372
f 5372/5372 5396/5396 5333/5333
f 5394/5394 5334/5334 5400/5400
f 5401/5401 5402/5402 5336/5336
f 5403/5403 5402/5402 5404/5404
f 5402/5402 5405/5405 5404/5404
f 5406/5406 5334/5334 5336/5336
f 5401/5401 5405/5405 5402/5402
f 5401/5401 5336/5336 5407/5407
f 5408/5408 5407/5407 5336/5336
f 5409/5409 5408/5408 5336/5336
f 5402/5402 5406/5406 5336/5336
f 5333/5333 5410/5410 5411/5411
f 5333/5333 5411/5411 5412/5412
f 5411/5411 5413/5413 5412/5412
f 5414/5414 5338/5338 5415/5415
f 5331/5331 5333/5333 5416/5416
f 5392/5392 5393/5393 5341/5341
f 5412/5412 5416/5416 5333/5333
f 5415/5415 5331/5331 5416/5416
f 5337/5337 5417/5417 5336/5336
f 5409/5409 5336/5336 5417/5417
f 5414/5414 5339/5339 5338/5338
f 5418/5418 5340/5340 5419/5419
f 5340/5340 5345/5345 5419/5419
f 5338/5338 5331/5331 5415/5415
f 5333/5333 5398/5398 5410/5410
f 5382/5382 5383/5383 5342/5342
f 5343/5343 5348/5348 5392/5392
f 5348/5348 5349/5349 5420/5420
f 5348/5348 5420/5420 5392/5392
f 5421/5421 5346/5346 5422/5422
f 5423/5423 5349/5349 5353/5353
f 5350/5350 5421/5421 5424/5424
f 5342/5342 5422/5422 5346/5346
f 5423/5423 5420/5420 5349/5349
f 5425/5425 5426/5426 5427/5427
f 5353/5353 5425/5425 5423/5423
f 5344/5344 5414/5414 5428/5428
f 5353/5353 5429/5429 5426/5426
f 5429/5429 5353/5353 5430/5430
f 5431/5431 5430/5430 5353/5353
f 5432/5432 5431/5431 5353/5353
f 5353/5353 5426/5426 5425/5425
f 5350/5350 5433/5433 5434/5434
f 5435/5435 5350/5350 5434/5434
f 5435/5435 5436/5436 5350/5350
f 5436/5436 5437/5437 5438/5438
f 5439/5439 5350/5350 5436/5436
f 5440/5440 5436/5436 5438/5438
f 5437/5437 5436/5436 5435/5435
f 5351/5351 5439/5439 5441/5441
f 5352/5352 5442/5442 5353/5353
f 5443/5443 5353/5353 5444/5444
f 5444/5444 5353/5353 5445/5445
f 5432/5432 5353/5353 5443/5443
f 5351/5351 5446/5446 5352/5352
f 5353/5353 5442/5442 5447/5447
f 5447/5447 5448/5448 5353/5353
f 5449/5449 5450/5450 5447/5447
f 5433/5433 5350/5350 5424/5424
f 5451/5451 5345/5345 5344/5344
f 5451/5451 5344/5344 5428/5428
f 5452/5452 5345/5345 5451/5451
f 5452/5452 5453/5453 5345/5345
f 5454/5454 5455/5455 5456/5456
f 5345/5345 5457/5457 5458/5458
f 5457/5457 5345/5345 5453/5453
f 5455/5455 5459/5459 5345/5345
f 5456/5456 5345/5345 5458/5458
f 5454/5454 5460/5460 5455/5455
f 5461/5461 5455/5455 5460/5460
f 5419/5419 5345/5345 5459/5459
f 5456/5456 5455/5455 5345/5345
f 5455/5455 5462/5462 5463/5463
f 5464/5464 5465/5465 5455/5455
f 5466/5466 5455/5455 5463/5463
f 5464/5464 5455/5455 5467/5467
f 5462/5462 5455/5455 5461/5461
f 5468/5468 5455/5455 5466/5466
f 5447/5447 5450/5450 5448/5448
f 5469/5469 5450/5450 5449/5449
f 5470/5470 5471/5471 5449/5449
f 5472/5472 5473/5473 5449/5449
f 5474/5474 5475/5475 5472/5472
f 5470/5470 5449/5449 5473/5473
f 5471/5471 5469/5469 5449/5449
f 5474/5474 5476/5476 5475/5475
f 5477/5477 5455/5455 5478/5478
f 5455/5455 5479/5479 5467/5467
f 5477/5477 5479/5479 5455/5455
f 5474/5474 5468/5468 5480/5480
f 5455/5455 5468/5468 5474/5474
f 5477/5477 5478/5478 5481/5481
f 5481/5481 5478/5478 5482/5482
f 5483/5483 5482/5482 5478/5478
f 5478/5478 5455/5455 5474/5474
f 5474/5474 5480/5480 5476/5476
f 5474/5474 5472/5472 5449/5449
f 5448/5448 5445/5445 5353/5353
f 5414/5414 5344/5344 5339/5339
f 5484/5484 5485/5485 5486/5486
f 5487/5487 5486/5486 5485/5485
f 5485/5485 5488/5488 5487/5487
f 5489/5489 5487/5487 5488/5488
f 5486/5486 5490/5490 5484/5484
f 5486/5486 5491/5491 5492/5492
f 5492/5492 5490/5490 5486/5486
f 5493/5493 5494/5494 5495/5495
f 5496/5496 5494/5494 5493/5493
f 5497/5497 5494/5494 5496/5496
f 5488/5488 5498/5498 5489/5489
f 5499/5499 5489/5489 5498/5498
f 5498/5498 5494/5494 5499/5499
f 5497/5497 5499/5499 5494/5494
f 5500/5500 5501/5501 5502/5502
f 5501/5501 5503/5503 5504/5504
f 5500/5500 5503/5503 5501/5501
f 5505/5505 5501/5501 5504/5504
f 5506/5506 5507/5507 5508/5508
f 5505/5505 5509/5509 5507/5507
f 5508/5508 5507/5507 5510/5510
f 5509/5509 5510/5510 5507/5507
f 5511/5511 5509/5509 5505/5505
f 5512/5512 5505/5505 5504/5504
f 5513/5513 5512/5512 5514/5514
f 5513/5513 5515/5515 5516/5516
f 5514/5514 5515/5515 5513/5513
f 5511/5511 5512/5512 5513/5513
f 5517/5517 5518/5518 5519/5519
f 5520/5520 5519/5519 5518/5518
f 5521/5521 5517/5517 5519/5519
f 5511/5511 5519/5519 5520/5520
f 5520/5520 5509/5509 5511/5511
f 5512/5512 5511/5511 5505/5505
f 5522/5522 5523/5523 5524/5524
f 5525/5525 5523/5523 5522/5522
f 5526/5526 5527/5527 5523/5523
f 5524/5524 5523/5523 5527/5527
f 5528/5528 5529/5529 5526/5526
f 5527/5527 5526/5526 5529/5529
f 5530/5530 5531/5531 5528/5528
f 5529/5529 5528/5528 5531/5531
f 5532/5532 5531/5531 5530/5530
f 5533/5533 5534/5534 5532/5532
f 5532/5532 5535/5535 5533/5533
f 5535/5535 5532/5532 5530/5530
f 5536/5536 5537/5537 5538/5538
f 5539/5539 5536/5536 5538/5538
f 5540/5540 5541/5541 5542/5542
f 5542/5542 5543/5543 5540/5540
f 5538/5538 5541/5541 5539/5539
f 5544/5544 5536/5536 5539/5539
f 5545/5545 5544/5544 5546/5546
f 5546/5546 5544/5544 5539/5539
f 5547/5547 5548/5548 5540/5540
f 5539/5539 5548/5548 5546/5546
f 5549/5549 5540/5540 5543/5543
f 5539/5539 5540/5540 5548/5548
f 5543/5543 5550/5550 5551/5551
f 5552/5552 5551/5551 5550/5550
f 5543/5543 5553/5553 5549/5549
f 5552/5552 5554/5554 5555/5555
f 5556/5556 5557/5557 5558/5558
f 5558/5558 5554/5554 5556/5556
f 5559/5559 5551/5551 5555/5555
f 5560/5560 5555/5555 5554/5554
f 5560/5560 5554/5554 5561/5561
f 5558/5558 5561/5561 5554/5554
f 5561/5561 5562/5562 5560/5560
f 5563/5563 5564/5564 5565/5565
f 5563/5563 5566/5566 5567/5567
f 5567/5567 5564/5564 5563/5563
f 5568/5568 5569/5569 5563/5563
f 5566/5566 5563/5563 5569/5569
f 5569/5569 5570/5570 5571/5571
f 5569/5569 5568/5568 5570/5570
f 5572/5572 5573/5573 5574/5574
f 5575/5575 5576/5576 5577/5577
f 5575/5575 5578/5578 5579/5579
f 5579/5579 5580/5580 5581/5581
f 5572/5572 5574/5574 5576/5576
f 5582/5582 5580/5580 5578/5578
f 5578/5578 5580/5580 5579/5579
f 5583/5583 5576/5576 5574/5574
f 5584/5584 5585/5585 5586/5586
f 5584/5584 5587/5587 5588/5588
f 5587/5587 5584/5584 5586/5586
f 5586/5586 5589/5589 5587/5587
f 5589/5589 5590/5590 5587/5587
f 5591/5591 5589/5589 5586/5586
f 5592/5592 5593/5593 5594/5594
f 5593/5593 5595/5595 5594/5594
f 5596/5596 5597/5597 5598/5598
f 5599/5599 5596/5596 5598/5598
f 5595/5595 5597/5597 5596/5596
f 5595/5595 5596/5596 5594/5594
f 5600/5600 5601/5601 5594/5594
f 5600/5600 5602/5602 5601/5601
f 5602/5602 5603/5603 5604/5604
f 5600/5600 5603/5603 5602/5602
f 5600/5600 5605/5605 5606/5606
f 5607/5607 5604/5604 5603/5603
f 5600/5600 5594/5594 5596/5596
f 5608/5608 5609/5609 5610/5610
f 5608/5608 5611/5611 5612/5612
f 5611/5611 5613/5613 5612/5612
f 5614/5614 5611/5611 5615/5615
f 5616/5616 5614/5614 5615/5615
f 5613/5613 5611/5611 5614/5614
f 5603/5603 5600/5600 5606/5606
f 5600/5600 5596/5596 5605/5605
f 5606/5606 5617/5617 5603/5603
f 5610/5610 5609/5609 5599/5599
f 5608/5608 5612/5612 5609/5609
f 5610/5610 5599/5599 5598/5598
f 5618/5618 5619/5619 5607/5607
f 5619/5619 5620/5620 5621/5621
f 5622/5622 5621/5621 5620/5620
f 5620/5620 5623/5623 5624/5624
f 5622/5622 5625/5625 5626/5626
f 5607/5607 5603/5603 5618/5618
f 5627/5627 5626/5626 5628/5628
f 5629/5629 5628/5628 5626/5626
f 5630/5630 5629/5629 5631/5631
f 5626/5626 5631/5631 5629/5629
f 5632/5632 5630/5630 5631/5631
f 5633/5633 5625/5625 5620/5620
f 5620/5620 5618/5618 5623/5623
f 5625/5625 5633/5633 5631/5631
f 5633/5633 5620/5620 5624/5624
f 5625/5625 5622/5622 5620/5620
f 5626/5626 5625/5625 5631/5631
f 5634/5634 5635/5635 5636/5636
f 5637/5637 5634/5634 5636/5636
f 5635/5635 5634/5634 5632/5632
f 5638/5638 5639/5639 5640/5640
f 5639/5639 5638/5638 5637/5637
f 5641/5641 5638/5638 5640/5640
f 5636/5636 5639/5639 5637/5637
f 5631/5631 5635/5635 5632/5632
f 5618/5618 5603/5603 5642/5642
f 5643/5643 5616/5616 5644/5644
f 5645/5645 5644/5644 5616/5616
f 5646/5646 5645/5645 5647/5647
f 5648/5648 5646/5646 5647/5647
f 5644/5644 5645/5645 5646/5646
f 5648/5648 5649/5649 5650/5650
f 5650/5650 5651/5651 5652/5652
f 5651/5651 5653/5653 5654/5654
f 5603/5603 5617/5617 5642/5642
f 5655/5655 5656/5656 5653/5653
f 5651/5651 5654/5654 5652/5652
f 5649/5649 5648/5648 5647/5647
f 5657/5657 5655/5655 5658/5658
f 5659/5659 5650/5650 5660/5660
f 5661/5661 5650/5650 5659/5659
f 5661/5661 5662/5662 5663/5663
f 5659/5659 5662/5662 5661/5661
f 5661/5661 5651/5651 5650/5650
f 5651/5651 5664/5664 5653/5653
f 5661/5661 5665/5665 5651/5651
f 5666/5666 5653/5653 5664/5664
f 5653/5653 5656/5656 5654/5654
f 5653/5653 5666/5666 5667/5667
f 5658/5658 5667/5667 5668/5668
f 5649/5649 5660/5660 5650/5650
f 5655/5655 5653/5653 5658/5658
f 5669/5669 5670/5670 5671/5671
f 5672/5672 5673/5673 5670/5670
f 5674/5674 5675/5675 5676/5676
f 5674/5674 5657/5657 5658/5658
f 5677/5677 5669/5669 5671/5671
f 5678/5678 5679/5679 5641/5641
f 5638/5638 5641/5641 5679/5679
f 5680/5680 5678/5678 5641/5641
f 5673/5673 5672/5672 5678/5678
f 5669/5669 5672/5672 5670/5670
f 5680/5680 5673/5673 5678/5678
f 5681/5681 5675/5675 5682/5682
f 5674/5674 5683/5683 5682/5682
f 5674/5674 5668/5668 5684/5684
f 5675/5675 5674/5674 5682/5682
f 5674/5674 5676/5676 5657/5657
f 5685/5685 5682/5682 5683/5683
f 5677/5677 5681/5681 5686/5686
f 5687/5687 5686/5686 5681/5681
f 5671/5671 5681/5681 5677/5677
f 5688/5688 5685/5685 5689/5689
f 5685/5685 5688/5688 5687/5687
f 5681/5681 5685/5685 5687/5687
f 5685/5685 5681/5681 5682/5682
f 5642/5642 5623/5623 5618/5618
f 5690/5690 5691/5691 5692/5692
f 5693/5693 5694/5694 5690/5690
f 5694/5694 5695/5695 5696/5696
f 5696/5696 5697/5697 5698/5698
f 5690/5690 5692/5692 5693/5693
f 5693/5693 5695/5695 5694/5694
f 5695/5695 5699/5699 5696/5696
f 5700/5700 5697/5697 5699/5699
f 5699/5699 5697/5697 5696/5696
f 5701/5701 5693/5693 5692/5692
f 5702/5702 5703/5703 5704/5704
f 5705/5705 5702/5702 5704/5704
f 5706/5706 5707/5707 5708/5708
f 5709/5709 5706/5706 5708/5708
f 5704/5704 5707/5707 5705/5705
f 5710/5710 5702/5702 5705/5705
f 5711/5711 5710/5710 5712/5712
f 5712/5712 5710/5710 5705/5705
f 5713/5713 5714/5714 5706/5706
f 5705/5705 5714/5714 5712/5712
f 5713/5713 5715/5715 5716/5716
f 5705/5705 5706/5706 5714/5714
f 5717/5717 5709/5709 5718/5718
f 5718/5718 5719/5719 5717/5717
f 5717/5717 5716/5716 5715/5715
f 5720/5720 5719/5719 5721/5721
f 5720/5720 5722/5722 5723/5723
f 5723/5723 5724/5724 5720/5720
f 5725/5725 5717/5717 5719/5719
f 5726/5726 5719/5719 5724/5724
f 5726/5726 5724/5724 5727/5727
f 5723/5723 5727/5727 5724/5724
f 5727/5727 5728/5728 5726/5726
f 5729/5729 5730/5730 5731/5731
f 5732/5732 5729/5729 5731/5731
f 5729/5729 5732/5732 5733/5733
f 5734/5734 5733/5733 5732/5732
f 5735/5735 5736/5736 5737/5737
f 5738/5738 5735/5735 5737/5737
f 5735/5735 5738/5738 5739/5739
f 5740/5740 5737/5737 5741/5741
f 5741/5741 5742/5742 5740/5740
f 5743/5743 5744/5744 5745/5745
f 5746/5746 5742/5742 5743/5743
f 5744/5744 5743/5743 5742/5742
f 5747/5747 5748/5748 5749/5749
f 5747/5747 5750/5750 5751/5751
f 5752/5752 5747/5747 5749/5749
f 5747/5747 5752/5752 5750/5750
f 5752/5752 5753/5753 5750/5750
f 5754/5754 5752/5752 5749/5749
f 5755/5755 5756/5756 5757/5757
f 5756/5756 5758/5758 5759/5759
f 5755/5755 5758/5758 5756/5756
f 5760/5760 5756/5756 5759/5759
f 5761/5761 5762/5762 5763/5763
f 5760/5760 5764/5764 5762/5762
f 5763/5763 5762/5762 5765/5765
f 5764/5764 5765/5765 5762/5762
f 5766/5766 5764/5764 5760/5760
f 5766/5766 5760/5760 5759/5759
f 5767/5767 5768/5768 5769/5769
f 5767/5767 5770/5770 5771/5771
f 5769/5769 5770/5770 5767/5767
f 5766/5766 5768/5768 5767/5767
f 5772/5772 5773/5773 5774/5774
f 5775/5775 5774/5774 5773/5773
f 5776/5776 5772/5772 5774/5774
f 5766/5766 5774/5774 5775/5775
f 5775/5775 5764/5764 5766/5766
f 5768/5768 5766/5766 5759/5759
f 5777/5777 5778/5778 5779/5779
f 5780/5780 5781/5781 5782/5782
f 5780/5780 5779/5779 5781/5781
f 5783/5783 5784/5784 5785/5785
f 5786/5786 5783/5783 5787/5787
f 5783/5783 5785/5785 5787/5787
f 5783/5783 5782/5782 5784/5784
f 5780/5780 5788/5788 5789/5789
f 5789/5789 5788/5788 5790/5790
f 5780/5780 5789/5789 5777/5777
f 5782/5782 5783/5783 5780/5780
f 5779/5779 5780/5780 5777/5777
f 5783/5783 5791/5791 5792/5792
f 5783/5783 5793/5793 5791/5791
f 5794/5794 5793/5793 5783/5783
f 5788/5788 5780/5780 5792/5792
f 5783/5783 5792/5792 5780/5780
f 5795/5795 5796/5796 5787/5787
f 5787/5787 5796/5796 5797/5797
f 5787/5787 5798/5798 5799/5799
f 5787/5787 5797/5797 5798/5798
f 5783/5783 5786/5786 5800/5800
f 5783/5783 5801/5801 5802/5802
f 5783/5783 5802/5802 5803/5803
f 5783/5783 5800/5800 5801/5801
f 5787/5787 5799/5799 5786/5786
f 5783/5783 5804/5804 5805/5805
f 5783/5783 5806/5806 5794/5794
f 5783/5783 5805/5805 5806/5806
f 5793/5793 5807/5807 5808/5808
f 5793/5793 5809/5809 5810/5810
f 5793/5793 5810/5810 5811/5811
f 5793/5793 5808/5808 5809/5809
f 5793/5793 5794/5794 5807/5807
f 5783/5783 5803/5803 5804/5804
f 5812/5812 5813/5813 5814/5814
f 5815/5815 5816/5816 5812/5812
f 5813/5813 5812/5812 5816/5816
f 5817/5817 5815/5815 5812/5812
f 5817/5817 5818/5818 5819/5819
f 5820/5820 5818/5818 5821/5821
f 5821/5821 5818/5818 5822/5822
f 5818/5818 5820/5820 5819/5819
f 5823/5823 5817/5817 5812/5812
f 5824/5824 5823/5823 5825/5825
f 5823/5823 5824/5824 5826/5826
f 5823/5823 5826/5826 5827/5827
f 5817/5817 5827/5827 5818/5818
f 5828/5828 5818/5818 5829/5829
f 5827/5827 5829/5829 5818/5818
f 5818/5818 5828/5828 5830/5830
f 5818/5818 5830/5830 5831/5831
f 5823/5823 5827/5827 5817/5817
f 5832/5832 5833/5833 5834/5834
f 5832/5832 5835/5835 5836/5836
f 5835/5835 5832/5832 5834/5834
f 5835/5835 5837/5837 5836/5836
f 5837/5837 5838/5838 5836/5836
f 5839/5839 5835/5835 5834/5834
f 5840/5840 5841/5841 5842/5842
f 5843/5843 5842/5842 5844/5844
f 5845/5845 5844/5844 5846/5846
f 5847/5847 5846/5846 5848/5848
f 5849/5849 5848/5848 5850/5850
f 5851/5851 5850/5850 5852/5852
f 5852/5852 5853/5853 5854/5854
f 5855/5855 5856/5856 5857/5857
f 5858/5858 5856/5856 5855/5855
f 5859/5859 5860/5860 5855/5855
f 5860/5860 5858/5858 5855/5855
f 5861/5861 5862/5862 5859/5859
f 5861/5861 5859/5859 5855/5855
f 5863/5863 5864/5864 5861/5861
f 5865/5865 5866/5866 5867/5867
f 5868/5868 5863/5863 5866/5866
f 5863/5863 5868/5868 5869/5869
f 5867/5867 5870/5870 5865/5865
f 5865/5865 5868/5868 5866/5866
f 5870/5870 5867/5867 5871/5871
f 5864/5864 5862/5862 5861/5861
f 5863/5863 5869/5869 5872/5872
f 5873/5873 5874/5874 5875/5875
f 5876/5876 5875/5875 5874/5874
f 5877/5877 5878/5878 5879/5879
f 5873/5873 5877/5877 5879/5879
f 5877/5877 5873/5873 5875/5875
f 5876/5876 5862/5862 5875/5875
f 5880/5880 5881/5881 5864/5864
f 5882/5882 5883/5883 5864/5864
f 5864/5864 5872/5872 5882/5882
f 5864/5864 5884/5884 5875/5875
f 5864/5864 5885/5885 5884/5884
f 5864/5864 5881/5881 5886/5886
f 5886/5886 5885/5885 5864/5864
f 5887/5887 5883/5883 5888/5888
f 5875/5875 5862/5862 5864/5864
f 5864/5864 5863/5863 5872/5872
f 5889/5889 5890/5890 5891/5891
f 5867/5867 5891/5891 5892/5892
f 5893/5893 5890/5890 5889/5889
f 5892/5892 5894/5894 5871/5871
f 5871/5871 5867/5867 5892/5892
f 5893/5893 5895/5895 5890/5890
f 5895/5895 5893/5893 5896/5896
f 5891/5891 5867/5867 5889/5889
f 5897/5897 5898/5898 5899/5899
f 5893/5893 5898/5898 5900/5900
f 5901/5901 5897/5897 5902/5902
f 5899/5899 5902/5902 5897/5897
f 5900/5900 5903/5903 5896/5896
f 5896/5896 5893/5893 5900/5900
f 5902/5902 5904/5904 5901/5901
f 5905/5905 5904/5904 5906/5906
f 5898/5898 5893/5893 5899/5899
f 5894/5894 5907/5907 5908/5908
f 5871/5871 5894/5894 5908/5908
f 5909/5909 5910/5910 5911/5911
f 5911/5911 5907/5907 5909/5909
f 5907/5907 5911/5911 5908/5908
f 5909/5909 5912/5912 5910/5910
f 5913/5913 5914/5914 5915/5915
f 5915/5915 5914/5914 5916/5916
f 5915/5915 5916/5916 5903/5903
f 5917/5917 5918/5918 5913/5913
f 5913/5913 5918/5918 5914/5914
f 5919/5919 5920/5920 5921/5921
f 5922/5922 5921/5921 5905/5905
f 5916/5916 5896/5896 5903/5903
f 5902/5902 5923/5923 5904/5904
f 5880/5880 5864/5864 5887/5887
f 5883/5883 5887/5887 5864/5864
f 5924/5924 5887/5887 5888/5888
f 5924/5924 5880/5880 5887/5887
f 5925/5925 5926/5926 5924/5924
f 5926/5926 5925/5925 5927/5927
f 5925/5925 5924/5924 5888/5888
f 5927/5927 5928/5928 5926/5926
f 5929/5929 5930/5930 5931/5931
f 5931/5931 5912/5912 5929/5929
f 5932/5932 5933/5933 5930/5930
f 5934/5934 5928/5928 5927/5927
f 5935/5935 5936/5936 5937/5937
f 5933/5933 5938/5938 5936/5936
f 5910/5910 5912/5912 5931/5931
f 5939/5939 5928/5928 5934/5934
f 5940/5940 5941/5941 5942/5942
f 5942/5942 5943/5943 5940/5940
f 5944/5944 5945/5945 5941/5941
f 5945/5945 5944/5944 5946/5946
f 5940/5940 5944/5944 5941/5941
f 5947/5947 5943/5943 5928/5928
f 5944/5944 5940/5940 5948/5948
f 5949/5949 5950/5950 5951/5951
f 5940/5940 5952/5952 5948/5948
f 5953/5953 5948/5948 5952/5952
f 5948/5948 5953/5953 5950/5950
f 5951/5951 5950/5950 5953/5953
f 5935/5935 5949/5949 5951/5951
f 5947/5947 5940/5940 5943/5943
f 5947/5947 5928/5928 5939/5939
f 5929/5929 5932/5932 5930/5930
f 5954/5954 5955/5955 5956/5956
f 5936/5936 5938/5938 5937/5937
f 5957/5957 5958/5958 5959/5959
f 5959/5959 5955/5955 5960/5960
f 5933/5933 5932/5932 5938/5938
f 5956/5956 5961/5961 5954/5954
f 5917/5917 5913/5913 5961/5961
f 5955/5955 5954/5954 5960/5960
f 5960/5960 5957/5957 5959/5959
f 5962/5962 5963/5963 5964/5964
f 5965/5965 5958/5958 5957/5957
f 5962/5962 5966/5966 5967/5967
f 5956/5956 5917/5917 5961/5961
f 5968/5968 5958/5958 5965/5965
f 5968/5968 5969/5969 5970/5970
f 5950/5950 5971/5971 5972/5972
f 5970/5970 5969/5969 5972/5972
f 5971/5971 5970/5970 5972/5972
f 5971/5971 5950/5950 5973/5973
f 5974/5974 5968/5968 5965/5965
f 5949/5949 5973/5973 5950/5950
f 5969/5969 5974/5974 5975/5975
f 5976/5976 5977/5977 5978/5978
f 5979/5979 5969/5969 5980/5980
f 5975/5975 5980/5980 5969/5969
f 5978/5978 5977/5977 5979/5979
f 5980/5980 5978/5978 5979/5979
f 5981/5981 5976/5976 5982/5982
f 5968/5968 5974/5974 5969/5969
f 5982/5982 5983/5983 5984/5984
f 5935/5935 5937/5937 5949/5949
f 5920/5920 5985/5985 5986/5986
f 5987/5987 5988/5988 5989/5989
f 5902/5902 5988/5988 5923/5923
f 5990/5990 5991/5991 5987/5987
f 5923/5923 5906/5906 5904/5904
f 5991/5991 5992/5992 5993/5993
f 5989/5989 5990/5990 5987/5987
f 5905/5905 5906/5906 5922/5922
f 5992/5992 5990/5990 5994/5994
f 5995/5995 5994/5994 5990/5990
f 5990/5990 5996/5996 5995/5995
f 5997/5997 5998/5998 5999/5999
f 5999/5999 5998/5998 5993/5993
f 6000/6000 5999/5999 5993/5993
f 5993/5993 5992/5992 6000/6000
f 6001/6001 6002/6002 5840/5840
f 5990/5990 5992/5992 5991/5991
f 6003/6003 5985/5985 6004/6004
f 5966/5966 5985/5985 6003/6003
f 5985/5985 5966/5966 5986/5986
f 6005/6005 5967/5967 5966/5966
f 6006/6006 6007/6007 6008/6008
f 5967/5967 6005/6005 5963/5963
f 6005/6005 5966/5966 6003/6003
f 5919/5919 5922/5922 6004/6004
f 6009/6009 5997/5997 5999/5999
f 6007/6007 6010/6010 6008/6008
f 6010/6010 6011/6011 6008/6008
f 6011/6011 6010/6010 6009/6009
f 6009/6009 5999/5999 6011/6011
f 5919/5919 5921/5921 5922/5922
f 5995/5995 5996/5996 6012/6012
f 5988/5988 5902/5902 5989/5989
f 6013/6013 6012/6012 6014/6014
f 5996/5996 6014/6014 6012/6012
f 6015/6015 6013/6013 6014/6014
f 6014/6014 6016/6016 6015/6015
f 6017/6017 6018/6018 6002/6002
f 6019/6019 6017/6017 6016/6016
f 6019/6019 6016/6016 6014/6014
f 6019/6019 5841/5841 6018/6018
f 6020/6020 6021/6021 6022/6022
f 6022/6022 6023/6023 6020/6020
f 6020/6020 6024/6024 6025/6025
f 5841/5841 6020/6020 6025/6025
f 6024/6024 6020/6020 6023/6023
f 6019/6019 6018/6018 6017/6017
f 6025/6025 6026/6026 5841/5841
f 6018/6018 5840/5840 6002/6002
f 5843/5843 6001/6001 5840/5840
f 5843/5843 5845/5845 6001/6001
f 6027/6027 5845/5845 5847/5847
f 5849/5849 6027/6027 5847/5847
f 6027/6027 6001/6001 5845/5845
f 6028/6028 5842/5842 5841/5841
f 6029/6029 5844/5844 6028/6028
f 5842/5842 6028/6028 5844/5844
f 6028/6028 5841/5841 6026/6026
f 5846/5846 6029/6029 5848/5848
f 6029/6029 5846/5846 5844/5844
f 6029/6029 5853/5853 5848/5848
f 6027/6027 5849/5849 6030/6030
f 5964/5964 5963/5963 6031/6031
f 6032/6032 5963/5963 6005/6005
f 5984/5984 6031/6031 6032/6032
f 6031/6031 5984/5984 5983/5983
f 5984/5984 5981/5981 5982/5982
f 5977/5977 6033/6033 6034/6034
f 5981/5981 6033/6033 5976/5976
f 5976/5976 6033/6033 5977/5977
f 6035/6035 6036/6036 6037/6037
f 6036/6036 6035/6035 6006/6006
f 6030/6030 5849/5849 5851/5851
f 6038/6038 6039/6039 6036/6036
f 6008/6008 6036/6036 6006/6006
f 6039/6039 6037/6037 6036/6036
f 6030/6030 5851/5851 6040/6040
f 6031/6031 5963/5963 6032/6032
f 5977/5977 6034/6034 6041/6041
f 6042/6042 6039/6039 6043/6043
f 6043/6043 6039/6039 6038/6038
f 6044/6044 6042/6042 6043/6043
f 5977/5977 6041/6041 6044/6044
f 6045/6045 6044/6044 6046/6046
f 6044/6044 6043/6043 6046/6046
f 6047/6047 6045/6045 6046/6046
f 6042/6042 6044/6044 6041/6041
f 6048/6048 6049/6049 6040/6040
f 6048/6048 6050/6050 6049/6049
f 6051/6051 6045/6045 6052/6052
f 6053/6053 6050/6050 6051/6051
f 6048/6048 6051/6051 6050/6050
f 6051/6051 6052/6052 6053/6053
f 6048/6048 6040/6040 5851/5851
f 6047/6047 6052/6052 6045/6045
f 5852/5852 6048/6048 5851/5851
f 5983/5983 5964/5964 6031/6031
f 5848/5848 5853/5853 5850/5850
f 6029/6029 6054/6054 5853/5853
f 6054/6054 6055/6055 5853/5853
f 5852/5852 6056/6056 6057/6057
f 5854/5854 6055/6055 6058/6058
f 5854/5854 5853/5853 6055/6055
f 6059/6059 5854/5854 6058/6058
f 5854/5854 6059/6059 6060/6060
f 5854/5854 6061/6061 6062/6062
f 5854/5854 6060/6060 6061/6061
f 6063/6063 6064/6064 6065/6065
f 6066/6066 6063/6063 6067/6067
f 6065/6065 6068/6068 6062/6062
f 6068/6068 5854/5854 6062/6062
f 6069/6069 6070/6070 6067/6067
f 6071/6071 6067/6067 6070/6070
f 6066/6066 6072/6072 6063/6063
f 6073/6073 6074/6074 6075/6075
f 6068/6068 6056/6056 5854/5854
f 6064/6064 6076/6076 6075/6075
f 6068/6068 6065/6065 6064/6064
f 6072/6072 6077/6077 6063/6063
f 6077/6077 6064/6064 6063/6063
f 6077/6077 6076/6076 6064/6064
f 6078/6078 6073/6073 6075/6075
f 6079/6079 6078/6078 6075/6075
f 6075/6075 6076/6076 6079/6079
f 6071/6071 6066/6066 6067/6067
f 5985/5985 5919/5919 6004/6004
f 6080/6080 6081/6081 6082/6082
f 6083/6083 6080/6080 6082/6082
f 6080/6080 6083/6083 6084/6084
f 6082/6082 6085/6085 6083/6083
f 6085/6085 6082/6082 6086/6086
f 6087/6087 6088/6088 6086/6086
f 6089/6089 6090/6090 6087/6087
f 6091/6091 6088/6088 6090/6090
f 6087/6087 6090/6090 6088/6088
f 6085/6085 6086/6086 6088/6088
f 6092/6092 6093/6093 6094/6094
f 6095/6095 6096/6096 6097/6097
f 6098/6098 6097/6097 6099/6099
f 6098/6098 6100/6100 6101/6101
f 6092/6092 6094/6094 6096/6096
f 6102/6102 6100/6100 6099/6099
f 6099/6099 6100/6100 6098/6098
f 6103/6103 6096/6096 6094/6094
f 6104/6104 6105/6105 6106/6106
f 6107/6107 6108/6108 6105/6105
f 6104/6104 6109/6109 6110/6110
f 6104/6104 6107/6107 6105/6105
f 6109/6109 6104/6104 6106/6106
f 6111/6111 6112/6112 6113/6113
f 6114/6114 6111/6111 6113/6113
f 6115/6115 6116/6116 6114/6114
f 6111/6111 6114/6114 6116/6116
f 6117/6117 6118/6118 6119/6119
f 6120/6120 6119/6119 6121/6121
f 6122/6122 6123/6123 6117/6117
f 6120/6120 6124/6124 6119/6119
f 6119/6119 6122/6122 6117/6117
f 6125/6125 6122/6122 6119/6119
f 6119/6119 6124/6124 6126/6126
f 6119/6119 6126/6126 6125/6125
f 6122/6122 6127/6127 6128/6128
f 6122/6122 6129/6129 6130/6130
f 6122/6122 6128/6128 6129/6129
f 6122/6122 6125/6125 6127/6127
f 6131/6131 6132/6132 6133/6133
f 6131/6131 6134/6134 6135/6135
f 6136/6136 6131/6131 6133/6133
f 6133/6133 6137/6137 6136/6136
f 6134/6134 6138/6138 6135/6135
f 6136/6136 6134/6134 6131/6131
f 6139/6139 6140/6140 6141/6141
f 6142/6142 6143/6143 6144/6144
f 6140/6140 6139/6139 6142/6142
f 6145/6145 6143/6143 6146/6146
f 6147/6147 6148/6148 6149/6149
f 6150/6150 6151/6151 6149/6149
f 6152/6152 6153/6153 6151/6151
f 6149/6149 6151/6151 6153/6153
f 6147/6147 6146/6146 6154/6154
f 6142/6142 6139/6139 6155/6155
f 6156/6156 6157/6157 6158/6158
f 6157/6157 6156/6156 6155/6155
f 6150/6150 6149/6149 6148/6148
f 6150/6150 6148/6148 6159/6159
f 6150/6150 6159/6159 6160/6160
f 6139/6139 6157/6157 6155/6155
f 6161/6161 6162/6162 6163/6163
f 6164/6164 6161/6161 6163/6163
f 6165/6165 6161/6161 6164/6164
f 6166/6166 6164/6164 6163/6163
f 6166/6166 6163/6163 6167/6167
f 6168/6168 6167/6167 6169/6169
f 6170/6170 6169/6169 6171/6171
f 6172/6172 6168/6168 6170/6170
f 6169/6169 6170/6170 6168/6168
f 6166/6166 6167/6167 6168/6168
f 6173/6173 6174/6174 6175/6175
f 6174/6174 6173/6173 6176/6176
f 6177/6177 6176/6176 6173/6173
f 6178/6178 6174/6174 6176/6176
f 6179/6179 6180/6180 6178/6178
f 6180/6180 6181/6181 6182/6182
f 6181/6181 6180/6180 6179/6179
f 6179/6179 6183/6183 6184/6184
f 6185/6185 6177/6177 6186/6186
f 6185/6185 6183/6183 6176/6176
f 6178/6178 6176/6176 6179/6179
f 6181/6181 6179/6179 6187/6187
f 6184/6184 6187/6187 6179/6179
f 6187/6187 6184/6184 6188/6188
f 6177/6177 6185/6185 6176/6176
f 6189/6189 6190/6190 6191/6191
f 6190/6190 6189/6189 6192/6192
f 6193/6193 6192/6192 6189/6189
f 6194/6194 6190/6190 6192/6192
f 6195/6195 6196/6196 6194/6194
f 6196/6196 6197/6197 6198/6198
f 6197/6197 6196/6196 6195/6195
f 6192/6192 6195/6195 6194/6194
f 6199/6199 6193/6193 6200/6200
f 6199/6199 6201/6201 6192/6192
f 6195/6195 6201/6201 6202/6202
f 6197/6197 6195/6195 6203/6203
f 6202/6202 6203/6203 6195/6195
f 6203/6203 6202/6202 6204/6204
f 6193/6193 6199/6199 6192/6192
f 6205/6205 6206/6206 6207/6207
f 6206/6206 6208/6208 6209/6209
f 6205/6205 6208/6208 6206/6206
f 6210/6210 6211/6211 6212/6212
f 6213/6213 6214/6214 6215/6215
f 6213/6213 6216/6216 6217/6217
f 6212/6212 6214/6214 6218/6218
f 6218/6218 6219/6219 6210/6210
f 6212/6212 6218/6218 6210/6210
f 6220/6220 6221/6221 6222/6222
f 6223/6223 6224/6224 6225/6225
f 6224/6224 6221/6221 6226/6226
f 6224/6224 6223/6223 6227/6227
f 6216/6216 6220/6220 6222/6222
f 6223/6223 6228/6228 6227/6227
f 6229/6229 6230/6230 6231/6231
f 6231/6231 6230/6230 6232/6232
f 6229/6229 6231/6231 6233/6233
f 6234/6234 6229/6229 6235/6235
f 6234/6234 6236/6236 6230/6230
f 6229/6229 6234/6234 6230/6230
f 6237/6237 6238/6238 6239/6239
f 6240/6240 6241/6241 6237/6237
f 6238/6238 6237/6237 6241/6241
f 6242/6242 6241/6241 6240/6240
f 6243/6243 6244/6244 6245/6245
f 6241/6241 6245/6245 6244/6244
f 6245/6245 6241/6241 6246/6246
f 6247/6247 6246/6246 6241/6241
f 6247/6247 6241/6241 6242/6242
f 6247/6247 6248/6248 6249/6249
f 6250/6250 6251/6251 6248/6248
f 6252/6252 6253/6253 6254/6254
f 6251/6251 6250/6250 6253/6253
f 6253/6253 6252/6252 6251/6251
f 6255/6255 6256/6256 6251/6251
f 6249/6249 6251/6251 6256/6256
f 6257/6257 6255/6255 6258/6258
f 6251/6251 6258/6258 6255/6255
f 6251/6251 6249/6249 6248/6248
f 6259/6259 6260/6260 6261/6261
f 6262/6262 6263/6263 6264/6264
f 6265/6265 6266/6266 6262/6262
f 6264/6264 6260/6260 6259/6259
f 6267/6267 6261/6261 6268/6268
f 6268/6268 6261/6261 6260/6260
f 6263/6263 6262/6262 6266/6266
f 6263/6263 6260/6260 6264/6264
f 6269/6269 6266/6266 6270/6270
f 6265/6265 6270/6270 6266/6266
f 6271/6271 6272/6272 6273/6273
f 6274/6274 6275/6275 6272/6272
f 6276/6276 6277/6277 6278/6278
f 6277/6277 6273/6273 6278/6278
f 6276/6276 6279/6279 6280/6280
f 6274/6274 6269/6269 6275/6275
f 6271/6271 6274/6274 6272/6272
f 6281/6281 6277/6277 6280/6280
f 6273/6273 6277/6277 6271/6271
f 6280/6280 6277/6277 6276/6276
f 6270/6270 6275/6275 6269/6269
f 6282/6282 6283/6283 6284/6284
f 6285/6285 6286/6286 6282/6282
f 6283/6283 6282/6282 6286/6286
f 6287/6287 6285/6285 6282/6282
f 6288/6288 6289/6289 6287/6287
f 6288/6288 6290/6290 6289/6289
f 6291/6291 6292/6292 6288/6288
f 6290/6290 6288/6288 6292/6292
f 6288/6288 6287/6287 6282/6282
f 6293/6293 6288/6288 6282/6282
f 6294/6294 6293/6293 6295/6295
f 6296/6296 6293/6293 6294/6294
f 6293/6293 6296/6296 6297/6297
f 6293/6293 6297/6297 6298/6298
f 6299/6299 6293/6293 6298/6298
f 6300/6300 6299/6299 6301/6301
f 6298/6298 6301/6301 6299/6299
f 6302/6302 6299/6299 6300/6300
f 6299/6299 6302/6302 6303/6303
f 6299/6299 6303/6303 6304/6304
f 6305/6305 6306/6306 6307/6307
f 6305/6305 6308/6308 6306/6306
f 6309/6309 6310/6310 6311/6311
f 6309/6309 6312/6312 6310/6310
f 6311/6311 6308/6308 6309/6309
f 6313/6313 6312/6312 6309/6309
f 6305/6305 6309/6309 6308/6308
f 6314/6314 6313/6313 6309/6309
f 6315/6315 6316/6316 6314/6314
f 6317/6317 6318/6318 6319/6319
f 6320/6320 6317/6317 6319/6319
f 6320/6320 6321/6321 6322/6322
f 6322/6322 6321/6321 6323/6323
f 6319/6319 6324/6324 6320/6320
f 6325/6325 6324/6324 6326/6326
f 6321/6321 6324/6324 6325/6325
f 6327/6327 6321/6321 6328/6328
f 6325/6325 6328/6328 6321/6321
f 6320/6320 6324/6324 6321/6321
f 6329/6329 6330/6330 6331/6331
f 6332/6332 6329/6329 6333/6333
f 6334/6334 6333/6333 6335/6335
f 6333/6333 6336/6336 6337/6337
f 6335/6335 6337/6337 6338/6338
f 6339/6339 6340/6340 6341/6341
f 6338/6338 6342/6342 6343/6343
f 6341/6341 6344/6344 6345/6345
f 6346/6346 6345/6345 6347/6347
f 6345/6345 6348/6348 6349/6349
f 6347/6347 6349/6349 6350/6350
f 6347/6347 6350/6350 6351/6351
f 6352/6352 6353/6353 6354/6354
f 6355/6355 6356/6356 6357/6357
f 6358/6358 6352/6352 6354/6354
f 6359/6359 6360/6360 6361/6361
f 6352/6352 6359/6359 6361/6361
f 6352/6352 6361/6361 6355/6355
f 6358/6358 6359/6359 6352/6352
f 6362/6362 6355/6355 6357/6357
f 6363/6363 6355/6355 6364/6364
f 6365/6365 6363/6363 6366/6366
f 6366/6366 6363/6363 6364/6364
f 6355/6355 6362/6362 6367/6367
f 6368/6368 6369/6369 6370/6370
f 6363/6363 6371/6371 6369/6369
f 6367/6367 6364/6364 6355/6355
f 6363/6363 6372/6372 6371/6371
f 6373/6373 6361/6361 6360/6360
f 6372/6372 6363/6363 6365/6365
f 6356/6356 6355/6355 6361/6361
f 6374/6374 6361/6361 6375/6375
f 6361/6361 6376/6376 6377/6377
f 6376/6376 6361/6361 6378/6378
f 6377/6377 6379/6379 6361/6361
f 6380/6380 6361/6361 6381/6381
f 6361/6361 6380/6380 6378/6378
f 6361/6361 6382/6382 6383/6383
f 6384/6384 6383/6383 6385/6385
f 6383/6383 6382/6382 6386/6386
f 6381/6381 6361/6361 6384/6384
f 6361/6361 6379/6379 6356/6356
f 6387/6387 6385/6385 6383/6383
f 6388/6388 6383/6383 6389/6389
f 6383/6383 6388/6388 6387/6387
f 6339/6339 6389/6389 6383/6383
f 6361/6361 6383/6383 6384/6384
f 6339/6339 6390/6390 6389/6389
f 6391/6391 6339/6339 6341/6341
f 6375/6375 6361/6361 6373/6373
f 6331/6331 6370/6370 6392/6392
f 6368/6368 6363/6363 6369/6369
f 6330/6330 6393/6393 6394/6394
f 6394/6394 6368/6368 6331/6331
f 6331/6331 6395/6395 6396/6396
f 6393/6393 6332/6332 6397/6397
f 6330/6330 6394/6394 6331/6331
f 6398/6398 6332/6332 6334/6334
f 6331/6331 6396/6396 6399/6399
f 6331/6331 6368/6368 6370/6370
f 6392/6392 6395/6395 6331/6331
f 6400/6400 6401/6401 6402/6402
f 6402/6402 6401/6401 6403/6403
f 6402/6402 6334/6334 6404/6404
f 6404/6404 6400/6400 6402/6402
f 6404/6404 6334/6334 6405/6405
f 6406/6406 6405/6405 6334/6334
f 6407/6407 6406/6406 6334/6334
f 6334/6334 6402/6402 6398/6398
f 6331/6331 6408/6408 6409/6409
f 6331/6331 6409/6409 6410/6410
f 6409/6409 6411/6411 6410/6410
f 6412/6412 6336/6336 6413/6413
f 6331/6331 6414/6414 6329/6329
f 6391/6391 6390/6390 6339/6339
f 6414/6414 6331/6331 6410/6410
f 6413/6413 6329/6329 6414/6414
f 6335/6335 6415/6415 6334/6334
f 6407/6407 6334/6334 6415/6415
f 6412/6412 6337/6337 6336/6336
f 6416/6416 6338/6338 6417/6417
f 6338/6338 6343/6343 6417/6417
f 6336/6336 6329/6329 6413/6413
f 6331/6331 6399/6399 6408/6408
f 6418/6418 6340/6340 6386/6386
f 6341/6341 6346/6346 6391/6391
f 6391/6391 6346/6346 6419/6419
f 6420/6420 6344/6344 6418/6418
f 6421/6421 6347/6347 6351/6351
f 6348/6348 6420/6420 6422/6422
f 6419/6419 6346/6346 6347/6347
f 6419/6419 6347/6347 6421/6421
f 6342/6342 6412/6412 6423/6423
f 6424/6424 6425/6425 6426/6426
f 6427/6427 6424/6424 6351/6351
f 6351/6351 6428/6428 6427/6427
f 6351/6351 6426/6426 6421/6421
f 6351/6351 6424/6424 6426/6426
f 6340/6340 6383/6383 6386/6386
f 6348/6348 6429/6429 6430/6430
f 6431/6431 6348/6348 6430/6430
f 6431/6431 6432/6432 6348/6348
f 6432/6432 6433/6433 6434/6434
f 6435/6435 6348/6348 6432/6432
f 6436/6436 6432/6432 6434/6434
f 6433/6433 6432/6432 6431/6431
f 6349/6349 6435/6435 6437/6437
f 6350/6350 6438/6438 6351/6351
f 6439/6439 6351/6351 6440/6440
f 6440/6440 6351/6351 6441/6441
f 6428/6428 6351/6351 6439/6439
f 6349/6349 6442/6442 6350/6350
f 6351/6351 6438/6438 6443/6443
f 6443/6443 6444/6444 6351/6351
f 6445/6445 6446/6446 6443/6443
f 6429/6429 6348/6348 6422/6422
f 6447/6447 6343/6343 6342/6342
f 6447/6447 6342/6342 6423/6423
f 6448/6448 6343/6343 6447/6447
f 6448/6448 6449/6449 6343/6343
f 6450/6450 6451/6451 6452/6452
f 6343/6343 6453/6453 6454/6454
f 6453/6453 6343/6343 6449/6449
f 6451/6451 6455/6455 6343/6343
f 6452/6452 6343/6343 6454/6454
f 6450/6450 6456/6456 6451/6451
f 6457/6457 6451/6451 6456/6456
f 6417/6417 6343/6343 6455/6455
f 6452/6452 6451/6451 6343/6343
f 6451/6451 6458/6458 6459/6459
f 6460/6460 6461/6461 6451/6451
f 6462/6462 6451/6451 6459/6459
f 6460/6460 6451/6451 6463/6463
f 6458/6458 6451/6451 6457/6457
f 6464/6464 6451/6451 6462/6462
f 6443/6443 6446/6446 6444/6444
f 6465/6465 6446/6446 6445/6445
f 6466/6466 6467/6467 6445/6445
f 6468/6468 6469/6469 6445/6445
f 6470/6470 6471/6471 6468/6468
f 6466/6466 6445/6445 6469/6469
f 6467/6467 6465/6465 6445/6445
f 6470/6470 6472/6472 6471/6471
f 6473/6473 6451/6451 6474/6474
f 6451/6451 6475/6475 6463/6463
f 6473/6473 6475/6475 6451/6451
f 6470/6470 6464/6464 6476/6476
f 6451/6451 6464/6464 6470/6470
f 6473/6473 6474/6474 6477/6477
f 6477/6477 6474/6474 6478/6478
f 6479/6479 6478/6478 6474/6474
f 6474/6474 6451/6451 6470/6470
f 6470/6470 6476/6476 6472/6472
f 6470/6470 6468/6468 6445/6445
f 6444/6444 6441/6441 6351/6351
f 6412/6412 6342/6342 6337/6337
f 6480/6480 6481/6481 6482/6482
f 6481/6481 6480/6480 6483/6483
f 6484/6484 6483/6483 6480/6480
f 6485/6485 6481/6481 6483/6483
f 6486/6486 6487/6487 6485/6485
f 6487/6487 6488/6488 6489/6489
f 6488/6488 6487/6487 6486/6486
f 6483/6483 6486/6486 6485/6485
f 6490/6490 6484/6484 6491/6491
f 6490/6490 6492/6492 6483/6483
f 6486/6486 6483/6483 6492/6492
f 6488/6488 6486/6486 6493/6493
f 6494/6494 6493/6493 6486/6486
f 6493/6493 6494/6494 6495/6495
f 6494/6494 6486/6486 6492/6492
f 6484/6484 6490/6490 6483/6483
f 6496/6496 6497/6497 6498/6498
f 6499/6499 6496/6496 6500/6500
f 6498/6498 6500/6500 6496/6496
f 6501/6501 6500/6500 6498/6498
f 6502/6502 6501/6501 6503/6503
f 6504/6504 6505/6505 6502/6502
f 6501/6501 6502/6502 6505/6505
f 6506/6506 6507/6507 6508/6508
f 6507/6507 6509/6509 6508/6508
f 6510/6510 6511/6511 6512/6512
f 6509/6509 6513/6513 6514/6514
f 6513/6513 6512/6512 6514/6514
f 6511/6511 6510/6510 6515/6515
f 6516/6516 6508/6508 6517/6517
f 6517/6517 6508/6508 6509/6509
f 6518/6518 6514/6514 6511/6511
f 6512/6512 6511/6511 6514/6514
f 6511/6511 6519/6519 6518/6518
f 6517/6517 6514/6514 6520/6520
f 6517/6517 6509/6509 6514/6514
f 6521/6521 6511/6511 6515/6515
f 6522/6522 6523/6523 6521/6521
f 6515/6515 6522/6522 6521/6521
f 6522/6522 6524/6524 6523/6523
f 6525/6525 6526/6526 6527/6527
f 6525/6525 6528/6528 6526/6526
f 6524/6524 6528/6528 6529/6529
f 6530/6530 6525/6525 6527/6527
f 6531/6531 6529/6529 6532/6532
f 6524/6524 6529/6529 6523/6523
f 6523/6523 6519/6519 6521/6521
f 6525/6525 6532/6532 6529/6529
f 6525/6525 6533/6533 6534/6534
f 6533/6533 6525/6525 6530/6530
f 6525/6525 6529/6529 6528/6528
f 6535/6535 6536/6536 6537/6537
f 6538/6538 6537/6537 6536/6536
f 6539/6539 6540/6540 6541/6541
f 6542/6542 6541/6541 6540/6540
f 6543/6543 6544/6544 6542/6542
f 6541/6541 6542/6542 6544/6544
f 6544/6544 6543/6543 6545/6545
f 6546/6546 6544/6544 6545/6545
f 6547/6547 6539/6539 6541/6541
f 6548/6548 6549/6549 6550/6550
f 6551/6551 6552/6552 6549/6549
f 6539/6539 6547/6547 6553/6553
f 6554/6554 6553/6553 6547/6547
f 6554/6554 6555/6555 6553/6553
f 6556/6556 6557/6557 6558/6558
f 6556/6556 6559/6559 6557/6557
f 6556/6556 6560/6560 6561/6561
f 6556/6556 6562/6562 6563/6563
f 6556/6556 6561/6561 6562/6562
f 6563/6563 6559/6559 6556/6556
f 6564/6564 6546/6546 6565/6565
f 6545/6545 6565/6565 6546/6546
f 6566/6566 6546/6546 6564/6564
f 6556/6556 6558/6558 6566/6566
f 6566/6566 6567/6567 6568/6568
f 6567/6567 6569/6569 6568/6568
f 6566/6566 6564/6564 6567/6567
f 6546/6546 6566/6566 6558/6558
f 6548/6548 6570/6570 6571/6571
f 6549/6549 6571/6571 6551/6551
f 6572/6572 6570/6570 6548/6548
f 6573/6573 6574/6574 6575/6575
f 6573/6573 6570/6570 6572/6572
f 6574/6574 6573/6573 6572/6572
f 6548/6548 6571/6571 6549/6549
f 6576/6576 6575/6575 6574/6574
f 6577/6577 6574/6574 6572/6572
f 6578/6578 6576/6576 6574/6574
f 6579/6579 6580/6580 6581/6581
f 6581/6581 6578/6578 6579/6579
f 6578/6578 6581/6581 6576/6576
f 6582/6582 6580/6580 6579/6579
f 6583/6583 6584/6584 6585/6585
f 6584/6584 6586/6586 6587/6587
f 6585/6585 6584/6584 6588/6588
f 6587/6587 6588/6588 6584/6584
f 6586/6586 6584/6584 6568/6568
f 6583/6583 6585/6585 6589/6589
f 6569/6569 6586/6586 6568/6568
f 6590/6590 6591/6591 6592/6592
f 6592/6592 6582/6582 6590/6590
f 6579/6579 6590/6590 6582/6582
f 6593/6593 6591/6591 6590/6590
f 6594/6594 6593/6593 6589/6589
f 6583/6583 6589/6589 6593/6593
f 6583/6583 6593/6593 6595/6595
f 6593/6593 6594/6594 6591/6591
f 6596/6596 6597/6597 6598/6598
f 6596/6596 6599/6599 6597/6597
f 6600/6600 6597/6597 6601/6601
f 6597/6597 6599/6599 6601/6601
f 6600/6600 6602/6602 6597/6597
f 6603/6603 6604/6604 6605/6605
f 6606/6606 6607/6607 6604/6604
f 6604/6604 6603/6603 6606/6606
f 6605/6605 6597/6597 6603/6603
f 6597/6597 6605/6605 6598/6598
f 6608/6608 6607/6607 6606/6606
f 6602/6602 6600/6600 6609/6609
f 6610/6610 6611/6611 6612/6612
f 6610/6610 6613/6613 6614/6614
f 6615/6615 6616/6616 6617/6617
f 6618/6618 6619/6619 6615/6615
f 6614/6614 6613/6613 6617/6617
f 6616/6616 6615/6615 6619/6619
f 6620/6620 6602/6602 6609/6609
f 6610/6610 6614/6614 6611/6611
f 6617/6617 6616/6616 6614/6614
f 6611/6611 6620/6620 6612/6612
f 6620/6620 6609/6609 6612/6612
f 6621/6621 6607/6607 6608/6608
f 6622/6622 6623/6623 6621/6621
f 6624/6624 6625/6625 6623/6623
f 6626/6626 6627/6627 6625/6625
f 6622/6622 6624/6624 6623/6623
f 6627/6627 6628/6628 6629/6629
f 6622/6622 6621/6621 6608/6608
f 6630/6630 6631/6631 6632/6632
f 6632/6632 6633/6633 6630/6630
f 6634/6634 6633/6633 6632/6632
f 6635/6635 6636/6636 6634/6634
f 6629/6629 6632/6632 6631/6631
f 6624/6624 6626/6626 6625/6625
f 6629/6629 6628/6628 6632/6632
f 6626/6626 6628/6628 6627/6627
f 6637/6637 6638/6638 6639/6639
f 6636/6636 6638/6638 6637/6637
f 6635/6635 6638/6638 6636/6636
f 6637/6637 6639/6639 6640/6640
f 6641/6641 6640/6640 6639/6639
f 6642/6642 6640/6640 6641/6641
f 6642/6642 6643/6643 6644/6644
f 6645/6645 6644/6644 6643/6643
f 6632/6632 6635/6635 6634/6634
f 6646/6646 6618/6618 6647/6647
f 6648/6648 6646/6646 6647/6647
f 6649/6649 6650/6650 6648/6648
f 6647/6647 6649/6649 6648/6648
f 6651/6651 6650/6650 6649/6649
f 6651/6651 6652/6652 6650/6650
f 6652/6652 6653/6653 6654/6654
f 6655/6655 6656/6656 6657/6657
f 6656/6656 6658/6658 6659/6659
f 6660/6660 6657/6657 6654/6654
f 6651/6651 6653/6653 6652/6652
f 6657/6657 6660/6660 6661/6661
f 6657/6657 6661/6661 6662/6662
f 6657/6657 6663/6663 6655/6655
f 6663/6663 6657/6657 6662/6662
f 6664/6664 6665/6665 6666/6666
f 6658/6658 6664/6664 6659/6659
f 6664/6664 6658/6658 6667/6667
f 6666/6666 6668/6668 6669/6669
f 6654/6654 6653/6653 6660/6660
f 6670/6670 6671/6671 6645/6645
f 6672/6672 6673/6673 6674/6674
f 6673/6673 6675/6675 6674/6674
f 6675/6675 6676/6676 6674/6674
f 6677/6677 6678/6678 6670/6670
f 6679/6679 6677/6677 6680/6680
f 6680/6680 6677/6677 6676/6676
f 6680/6680 6676/6676 6675/6675
f 6681/6681 6682/6682 6683/6683
f 6684/6684 6685/6685 6682/6682
f 6683/6683 6668/6668 6681/6681
f 6682/6682 6681/6681 6684/6684
f 6668/6668 6683/6683 6669/6669
f 6686/6686 6685/6685 6684/6684
f 6687/6687 6685/6685 6688/6688
f 6687/6687 6673/6673 6672/6672
f 6689/6689 6685/6685 6690/6690
f 6685/6685 6689/6689 6688/6688
f 6690/6690 6685/6685 6686/6686
f 6685/6685 6687/6687 6672/6672
f 6618/6618 6646/6646 6619/6619
f 6691/6691 6692/6692 6693/6693
f 6694/6694 6695/6695 6696/6696
f 6692/6692 6691/6691 6697/6697
f 6694/6694 6698/6698 6699/6699
f 6700/6700 6701/6701 6702/6702
f 6703/6703 6704/6704 6702/6702
f 6705/6705 6706/6706 6704/6704
f 6702/6702 6704/6704 6706/6706
f 6700/6700 6698/6698 6707/6707
f 6697/6697 6691/6691 6708/6708
f 6709/6709 6708/6708 6710/6710
f 6708/6708 6709/6709 6695/6695
f 6703/6703 6702/6702 6701/6701
f 6703/6703 6701/6701 6711/6711
f 6703/6703 6711/6711 6712/6712
f 6697/6697 6708/6708 6695/6695
f 6713/6713 6714/6714 6715/6715
f 6716/6716 6717/6717 6713/6713
f 6714/6714 6713/6713 6717/6717
f 6718/6718 6716/6716 6713/6713
f 6718/6718 6719/6719 6720/6720
f 6720/6720 6719/6719 6721/6721
f 6722/6722 6719/6719 6723/6723
f 6723/6723 6719/6719 6724/6724
f 6719/6719 6722/6722 6721/6721
f 6713/6713 6725/6725 6718/6718
f 6726/6726 6727/6727 6728/6728
f 6727/6727 6726/6726 6729/6729
f 6727/6727 6729/6729 6730/6730
f 6725/6725 6727/6727 6730/6730
f 6731/6731 6719/6719 6725/6725
f 6725/6725 6719/6719 6718/6718
f 6732/6732 6719/6719 6731/6731
f 6719/6719 6732/6732 6733/6733
f 6719/6719 6733/6733 6734/6734
f 6727/6727 6725/6725 6713/6713
f 6735/6735 6736/6736 6737/6737
f 6738/6738 6739/6739 6740/6740
f 6738/6738 6741/6741 6742/6742
f 6742/6742 6743/6743 6744/6744
f 6735/6735 6737/6737 6739/6739
f 6745/6745 6743/6743 6741/6741
f 6741/6741 6743/6743 6742/6742
f 6746/6746 6739/6739 6737/6737
f 6747/6747 6748/6748 6749/6749
f 6750/6750 6751/6751 6752/6752
f 6751/6751 6753/6753 6754/6754
f 6755/6755 6756/6756 6757/6757
f 6753/6753 6757/6757 6754/6754
f 6752/6752 6748/6748 6750/6750
f 6750/6750 6753/6753 6751/6751
f 6753/6753 6755/6755 6757/6757
f 6758/6758 6759/6759 6760/6760
f 6760/6760 6755/6755 6758/6758
f 6760/6760 6756/6756 6755/6755
f 6747/6747 6750/6750 6748/6748
f 6761/6761 6762/6762 6763/6763
f 6761/6761 6764/6764 6765/6765
f 6765/6765 6762/6762 6761/6761
f 6766/6766 6767/6767 6768/6768
f 6766/6766 6769/6769 6770/6770
f 6766/6766 6771/6771 6769/6769
f 6770/6770 6767/6767 6766/6766
f 6768/6768 6764/6764 6761/6761
f 6772/6772 6761/6761 6773/6773
f 6761/6761 6772/6772 6774/6774
f 6761/6761 6774/6774 6775/6775
f 6776/6776 6761/6761 6775/6775
f 6777/6777 6766/6766 6776/6776
f 6761/6761 6776/6776 6766/6766
f 6766/6766 6777/6777 6778/6778
f 6766/6766 6778/6778 6779/6779
f 6768/6768 6761/6761 6766/6766
f 6780/6780 6781/6781 6782/6782
f 6783/6783 6784/6784 6785/6785
f 6786/6786 6782/6782 6784/6784
f 6787/6787 6788/6788 6789/6789
f 6790/6790 6791/6791 6792/6792
f 6791/6791 6793/6793 6787/6787
f 6785/6785 6788/6788 6783/6783
f 6786/6786 6794/6794 6780/6780
f 6782/6782 6786/6786 6780/6780
f 6784/6784 6783/6783 6786/6786
f 6795/6795 6792/6792 6796/6796
f 6797/6797 6795/6795 6796/6796
f 6798/6798 6799/6799 6797/6797
f 6800/6800 6801/6801 6802/6802
f 6802/6802 6803/6803 6798/6798
f 6804/6804 6805/6805 6806/6806
f 6807/6807 6808/6808 6809/6809
f 6810/6810 6811/6811 6805/6805
f 6806/6806 6800/6800 6804/6804
f 6811/6811 6808/6808 6807/6807
f 6802/6802 6801/6801 6803/6803
f 6803/6803 6812/6812 6799/6799
f 6798/6798 6803/6803 6799/6799
f 6801/6801 6806/6806 6813/6813
f 6806/6806 6801/6801 6800/6800
f 6811/6811 6807/6807 6814/6814
f 6815/6815 6816/6816 6817/6817
f 6818/6818 6819/6819 6820/6820
f 6821/6821 6819/6819 6822/6822
f 6818/6818 6823/6823 6817/6817
f 6823/6823 6824/6824 6815/6815
f 6817/6817 6823/6823 6815/6815
f 6825/6825 6826/6826 6827/6827
f 6828/6828 6829/6829 6830/6830
f 6831/6831 6832/6832 6826/6826
f 6829/6829 6828/6828 6832/6832
f 6833/6833 6825/6825 6827/6827
f 6828/6828 6834/6834 6832/6832
f 6835/6835 6836/6836 6837/6837
f 6838/6838 6839/6839 6836/6836
f 6840/6840 6839/6839 6838/6838
f 6835/6835 6838/6838 6836/6836
f 6841/6841 6838/6838 6835/6835
f 6842/6842 6840/6840 6838/6838
f 6843/6843 6844/6844 6842/6842
f 6845/6845 6843/6843 6846/6846
f 6847/6847 6846/6846 6848/6848
f 6846/6846 6843/6843 6848/6848
f 6843/6843 6845/6845 6844/6844
f 6838/6838 6843/6843 6842/6842
f 6849/6849 6841/6841 6850/6850
f 6838/6838 6849/6849 6851/6851
f 6851/6851 6852/6852 6838/6838
f 6852/6852 6853/6853 6838/6838
f 6843/6843 6853/6853 6854/6854
f 6855/6855 6856/6856 6843/6843
f 6854/6854 6857/6857 6843/6843
f 6848/6848 6843/6843 6856/6856
f 6843/6843 6857/6857 6855/6855
f 6856/6856 6855/6855 6858/6858
f 6838/6838 6841/6841 6849/6849
f 6859/6859 6860/6860 6861/6861
f 6859/6859 6862/6862 6863/6863
f 6862/6862 6859/6859 6861/6861
f 6861/6861 6864/6864 6862/6862
f 6864/6864 6865/6865 6862/6862
f 6866/6866 6864/6864 6861/6861
f 6867/6867 6868/6868 6869/6869
f 6869/6869 6868/6868 6870/6870
f 6867/6867 6869/6869 6871/6871
f 6871/6871 6872/6872 6867/6867
f 6868/6868 6867/6867 6873/6873
f 6874/6874 6867/6867 6872/6872
f 6872/6872 6871/6871 6875/6875
f 6876/6876 6877/6877 6878/6878
f 6879/6879 6877/6877 6876/6876
f 6880/6880 6879/6879 6876/6876
f 6880/6880 6881/6881 6882/6882
f 6877/6877 6879/6879 6883/6883
f 6884/6884 6885/6885 6886/6886
f 6886/6886 6887/6887 6884/6884
f 6888/6888 6889/6889 6890/6890
f 6891/6891 6892/6892 6893/6893
f 6888/6888 6887/6887 6894/6894
f 6895/6895 6889/6889 6891/6891
f 6892/6892 6891/6891 6889/6889
f 6896/6896 6897/6897 6898/6898
f 6896/6896 6899/6899 6900/6900
f 6901/6901 6899/6899 6902/6902
f 6901/6901 6903/6903 6904/6904
f 6896/6896 6898/6898 6905/6905
f 6906/6906 6903/6903 6902/6902
f 6902/6902 6903/6903 6901/6901
f 6907/6907 6905/6905 6898/6898
f 6908/6908 6909/6909 6910/6910
f 6911/6911 6908/6908 6910/6910
f 6912/6912 6913/6913 6914/6914
f 6915/6915 6912/6912 6914/6914
f 6910/6910 6913/6913 6911/6911
f 6916/6916 6908/6908 6911/6911
f 6917/6917 6916/6916 6918/6918
f 6918/6918 6916/6916 6911/6911
f 6919/6919 6920/6920 6912/6912
f 6911/6911 6920/6920 6918/6918
f 6921/6921 6912/6912 6922/6922
f 6911/6911 6912/6912 6920/6920
f 6923/6923 6915/6915 6924/6924
f 6925/6925 6923/6923 6924/6924
f 6922/6922 6926/6926 6921/6921
f 6925/6925 6927/6927 6928/6928
f 6929/6929 6930/6930 6931/6931
f 6931/6931 6927/6927 6929/6929
f 6926/6926 6928/6928 6932/6932
f 6933/6933 6928/6928 6927/6927
f 6933/6933 6927/6927 6934/6934
f 6931/6931 6934/6934 6927/6927
f 6934/6934 6935/6935 6933/6933
f 6936/6936 6937/6937 6938/6938
f 6938/6938 6939/6939 6936/6936
f 6939/6939 6940/6940 6941/6941
f 6940/6940 6939/6939 6938/6938
f 6938/6938 6942/6942 6940/6940
f 6943/6943 6940/6940 6944/6944
f 6942/6942 6944/6944 6940/6940
f 6945/6945 6942/6942 6938/6938
f 6946/6946 6947/6947 6948/6948
f 6949/6949 6950/6950 6951/6951
f 6949/6949 6952/6952 6953/6953
f 6953/6953 6954/6954 6955/6955
f 6946/6946 6948/6948 6950/6950
f 6956/6956 6954/6954 6952/6952
f 6952/6952 6954/6954 6953/6953
f 6957/6957 6950/6950 6948/6948
f 6958/6958 6959/6959 6960/6960
f 6960/6960 6961/6961 6962/6962
f 6960/6960 6959/6959 6961/6961
f 6958/6958 6960/6960 6963/6963
f 6964/6964 6958/6958 6965/6965
f 6966/6966 6958/6958 6964/6964
f 6964/6964 6967/6967 6966/6966
f 6964/6964 6968/6968 6967/6967
f 6959/6959 6958/6958 6966/6966
f 6969/6969 6970/6970 6971/6971
f 6972/6972 6971/6971 6973/6973
f 6972/6972 6974/6974 6969/6969
f 6975/6975 6976/6976 6973/6973
f 6971/6971 6972/6972 6969/6969
f 6977/6977 6972/6972 6973/6973
f 6973/6973 6976/6976 6978/6978
f 6973/6973 6979/6979 6980/6980
f 6973/6973 6978/6978 6979/6979
f 6972/6972 6977/6977 6981/6981
f 6972/6972 6982/6982 6983/6983
f 6972/6972 6981/6981 6982/6982
f 6973/6973 6980/6980 6977/6977
f 6984/6984 6985/6985 6986/6986
f 6986/6986 6987/6987 6984/6984
f 6988/6988 6989/6989 6984/6984
f 6984/6984 6990/6990 6988/6988
f 6987/6987 6990/6990 6984/6984
f 6991/6991 6986/6986 6992/6992
f 6986/6986 6991/6991 6993/6993
f 6986/6986 6994/6994 6987/6987
f 6986/6986 6993/6993 6994/6994
f 6990/6990 6995/6995 6996/6996
f 6990/6990 6997/6997 6998/6998
f 6990/6990 6996/6996 6997/6997
f 6990/6990 6987/6987 6995/6995
f 6999/6999 7000/7000 7001/7001
f 7002/7002 7003/7003 7000/7000
f 7004/7004 7001/7001 7005/7005
f 7006/7006 7004/7004 7007/7007
f 6999/6999 7002/7002 7000/7000
f 7006/7006 6999/6999 7001/7001
f 7006/7006 7001/7001 7004/7004
f 7008/7008 7009/7009 7010/7010
f 7011/7011 7012/7012 7013/7013
f 7011/7011 7013/7013 7008/7008
f 7008/7008 7013/7013 7009/7009
f 7013/7013 7012/7012 7014/7014
f 7015/7015 7012/7012 7016/7016
f 7017/7017 7015/7015 7016/7016
f 7014/7014 7012/7012 7015/7015
f 7016/7016 7018/7018 7017/7017
f 7016/7016 7019/7019 7018/7018
f 7019/7019 7016/7016 7020/7020
f 7021/7021 7022/7022 7023/7023
f 7024/7024 7021/7021 7023/7023
f 7025/7025 7022/7022 7021/7021
f 7026/7026 7021/7021 7024/7024
f 7026/7026 7024/7024 7027/7027
f 7028/7028 7029/7029 7030/7030
f 7028/7028 7031/7031 7029/7029
f 7032/7032 7031/7031 7027/7027
f 7028/7028 7027/7027 7031/7031
f 7024/7024 7032/7032 7027/7027
f 7028/7028 7030/7030 7033/7033
f 7034/7034 7035/7035 7020/7020
f 7019/7019 7020/7020 7035/7035
f 7036/7036 7037/7037 7034/7034
f 7038/7038 7037/7037 7039/7039
f 7037/7037 7036/7036 7039/7039
f 7040/7040 7038/7038 7039/7039
f 7020/7020 7036/7036 7034/7034
f 7039/7039 7041/7041 7042/7042
f 7043/7043 7044/7044 7045/7045
f 7046/7046 7038/7038 7040/7040
f 7036/7036 7041/7041 7039/7039
f 7040/7040 7044/7044 7046/7046
f 7047/7047 7048/7048 7049/7049
f 7048/7048 7050/7050 7049/7049
f 7050/7050 7033/7033 7051/7051
f 7049/7049 7050/7050 7051/7051
f 7028/7028 7033/7033 7050/7050
f 7052/7052 7053/7053 7043/7043
f 7044/7044 7053/7053 7046/7046
f 7054/7054 7053/7053 7052/7052
f 7055/7055 7056/7056 7054/7054
f 7056/7056 7055/7055 7048/7048
f 7055/7055 7054/7054 7052/7052
f 7047/7047 7056/7056 7048/7048
f 7053/7053 7044/7044 7043/7043
f 7057/7057 7058/7058 7059/7059
f 7057/7057 7060/7060 7058/7058
f 7057/7057 7061/7061 7062/7062
f 7063/7063 7061/7061 7064/7064
f 7057/7057 7064/7064 7061/7061
f 7057/7057 7062/7062 7060/7060
f 7063/7063 7065/7065 7066/7066
f 7067/7067 7066/7066 7065/7065
f 7064/7064 7065/7065 7063/7063
f 7066/7066 7068/7068 7069/7069
f 7066/7066 7070/7070 7068/7068
f 7070/7070 7066/7066 7067/7067
f 7071/7071 7072/7072 7073/7073
f 7071/7071 7074/7074 7075/7075
f 7076/7076 7074/7074 7077/7077
f 7076/7076 7078/7078 7079/7079
f 7071/7071 7073/7073 7080/7080
f 7081/7081 7078/7078 7077/7077
f 7077/7077 7078/7078 7076/7076
f 7082/7082 7080/7080 7073/7073
f 7083/7083 7084/7084 7085/7085
f 7086/7086 7084/7084 7087/7087
f 7088/7088 7089/7089 7090/7090
f 7091/7091 7092/7092 7093/7093
f 7094/7094 7089/7089 7092/7092
f 7088/7088 7087/7087 7095/7095
f 7096/7096 7097/7097 7098/7098
f 7099/7099 7100/7100 7101/7101
f 7099/7099 7102/7102 7100/7100
f 7101/7101 7097/7097 7099/7099
f 7102/7102 7099/7099 7103/7103
f 7096/7096 7099/7099 7097/7097
f 7104/7104 7099/7099 7096/7096
f 7105/7105 7102/7102 7103/7103
f 7106/7106 7107/7107 7103/7103
f 7105/7105 7103/7103 7107/7107
f 7108/7108 7106/7106 7103/7103
f 7099/7099 7109/7109 7103/7103
f 7108/7108 7110/7110 7111/7111
f 7112/7112 7113/7113 7114/7114
f 7114/7114 7115/7115 7116/7116
f 7113/7113 7112/7112 7110/7110
f 7117/7117 7118/7118 7119/7119
f 7120/7120 7116/7116 7115/7115
f 7120/7120 7118/7118 7117/7117
f 7121/7121 7119/7119 7122/7122
f 7119/7119 7118/7118 7122/7122
f 7113/7113 7110/7110 7108/7108
f 7108/7108 7111/7111 7106/7106
f 7103/7103 7123/7123 7108/7108
f 7124/7124 7104/7104 7125/7125
f 7124/7124 7126/7126 7099/7099
f 7126/7126 7127/7127 7099/7099
f 7109/7109 7128/7128 7103/7103
f 7128/7128 7129/7129 7103/7103
f 7108/7108 7123/7123 7130/7130
f 7108/7108 7130/7130 7131/7131
f 7113/7113 7108/7108 7131/7131
f 7113/7113 7132/7132 7115/7115
f 7131/7131 7133/7133 7113/7113
f 7115/7115 7134/7134 7118/7118
f 7135/7135 7136/7136 7118/7118
f 7122/7122 7118/7118 7136/7136
f 7120/7120 7115/7115 7118/7118
f 7114/7114 7113/7113 7115/7115
f 7115/7115 7132/7132 7137/7137
f 7118/7118 7138/7138 7135/7135
f 7136/7136 7135/7135 7139/7139
f 7118/7118 7134/7134 7138/7138
f 7124/7124 7099/7099 7104/7104
f 7140/7140 7141/7141 7142/7142
f 7140/7140 7143/7143 7144/7144
f 7145/7145 7144/7144 7146/7146
f 7144/7144 7143/7143 7146/7146
f 7147/7147 7148/7148 7149/7149
f 7141/7141 7147/7147 7150/7150
f 7143/7143 7151/7151 7146/7146
f 7148/7148 7147/7147 7141/7141
f 7152/7152 7153/7153 7154/7154
f 7154/7154 7155/7155 7156/7156
f 7157/7157 7152/7152 7156/7156
f 7154/7154 7156/7156 7152/7152
f 7158/7158 7159/7159 7160/7160
f 7161/7161 7159/7159 7158/7158
f 7155/7155 7159/7159 7161/7161
f 7158/7158 7162/7162 7161/7161
f 7163/7163 7164/7164 7165/7165
f 7166/7166 7163/7163 7167/7167
f 7165/7165 7167/7167 7163/7163
f 7168/7168 7167/7167 7165/7165
f 7169/7169 7168/7168 7170/7170
f 7171/7171 7172/7172 7169/7169
f 7168/7168 7169/7169 7172/7172
f 7173/7173 7174/7174 7175/7175
f 7174/7174 7176/7176 7175/7175
f 7177/7177 7178/7178 7179/7179
f 7176/7176 7180/7180 7181/7181
f 7180/7180 7179/7179 7181/7181
f 7178/7178 7177/7177 7182/7182
f 7183/7183 7175/7175 7184/7184
f 7184/7184 7175/7175 7176/7176
f 7185/7185 7181/7181 7178/7178
f 7179/7179 7178/7178 7181/7181
f 7178/7178 7186/7186 7185/7185
f 7184/7184 7181/7181 7187/7187
f 7184/7184 7176/7176 7181/7181
f 7188/7188 7178/7178 7182/7182
f 7189/7189 7190/7190 7188/7188
f 7182/7182 7189/7189 7188/7188
f 7189/7189 7191/7191 7190/7190
f 7192/7192 7193/7193 7194/7194
f 7192/7192 7195/7195 7193/7193
f 7191/7191 7195/7195 7196/7196
f 7197/7197 7192/7192 7194/7194
f 7198/7198 7196/7196 7199/7199
f 7191/7191 7196/7196 7190/7190
f 7190/7190 7186/7186 7188/7188
f 7192/7192 7199/7199 7196/7196
f 7192/7192 7200/7200 7201/7201
f 7200/7200 7192/7192 7197/7197
f 7192/7192 7196/7196 7195/7195
f 7202/7202 7203/7203 7204/7204
f 7202/7202 7205/7205 7206/7206
f 7207/7207 7202/7202 7204/7204
f 7207/7207 7208/7208 7209/7209
f 7210/7210 7205/7205 7207/7207
f 7207/7207 7205/7205 7202/7202
f 7208/7208 7207/7207 7204/7204
f 7211/7211 7212/7212 7213/7213
f 7214/7214 7212/7212 7211/7211
f 7211/7211 7215/7215 7214/7214
f 7216/7216 7215/7215 7217/7217
f 7212/7212 7214/7214 7218/7218
f 7219/7219 7216/7216 7220/7220
f 7221/7221 7219/7219 7220/7220
f 7222/7222 7223/7223 7224/7224
f 7225/7225 7222/7222 7226/7226
f 7221/7221 7223/7223 7227/7227
f 7228/7228 7229/7229 7225/7225
f 7222/7222 7225/7225 7229/7229
f 7230/7230 7231/7231 7232/7232
f 7233/7233 7230/7230 7232/7232
f 7230/7230 7233/7233 7234/7234
f 7235/7235 7234/7234 7233/7233
f 7236/7236 7237/7237 7238/7238
f 7239/7239 7236/7236 7238/7238
f 7240/7240 7238/7238 7237/7237
f 7240/7240 7237/7237 7241/7241
f 7242/7242 7241/7241 7237/7237
f 7243/7243 7244/7244 7245/7245
f 7243/7243 7246/7246 7244/7244
f 7236/7236 7239/7239 7247/7247
f 7243/7243 7247/7247 7239/7239
f 7245/7245 7247/7247 7243/7243
f 7248/7248 7249/7249 7250/7250
f 7251/7251 7250/7250 7249/7249
f 7250/7250 7252/7252 7253/7253
f 7251/7251 7252/7252 7250/7250
f 7254/7254 7255/7255 7256/7256
f 7257/7257 7254/7254 7258/7258
f 7256/7256 7258/7258 7254/7254
f 7254/7254 7259/7259 7260/7260
f 7261/7261 7260/7260 7262/7262
f 7259/7259 7262/7262 7260/7260
f 7257/7257 7259/7259 7254/7254
f 7263/7263 7264/7264 7265/7265
f 7266/7266 7265/7265 7267/7267
f 7268/7268 7263/7263 7266/7266
f 7265/7265 7266/7266 7263/7263
f 7266/7266 7267/7267 7269/7269
f 7270/7270 7269/7269 7271/7271
f 7272/7272 7271/7271 7273/7273
f 7274/7274 7270/7270 7272/7272
f 7271/7271 7272/7272 7270/7270
f 7266/7266 7269/7269 7270/7270
f 7275/7275 7276/7276 7277/7277
f 7277/7277 7276/7276 7278/7278
f 7279/7279 7275/7275 7280/7280
f 7281/7281 7282/7282 7275/7275
f 7278/7278 7276/7276 7283/7283
f 7276/7276 7275/7275 7282/7282
f 7281/7281 7275/7275 7279/7279
f 7284/7284 7285/7285 7286/7286
f 7287/7287 7288/7288 7289/7289
f 7285/7285 7288/7288 7290/7290
f 7287/7287 7291/7291 7292/7292
f 7293/7293 7291/7291 7294/7294
f 7295/7295 7296/7296 7297/7297
f 7295/7295 7298/7298 7299/7299
f 7293/7293 7296/7296 7300/7300
f 7301/7301 7285/7285 7284/7284
f 7295/7295 7297/7297 7298/7298
f 7298/7298 7297/7297 7302/7302
f 7303/7303 7301/7301 7284/7284
f 7304/7304 7305/7305 7306/7306
f 7307/7307 7308/7308 7309/7309
f 7310/7310 7311/7311 7312/7312
f 7310/7310 7313/7313 7314/7314
f 7313/7313 7310/7310 7312/7312
f 7314/7314 7315/7315 7316/7316
f 7315/7315 7317/7317 7316/7316
f 7313/7313 7315/7315 7314/7314
f 7318/7318 7319/7319 7320/7320
f 7320/7320 7321/7321 7318/7318
f 7321/7321 7320/7320 7322/7322
f 7323/7323 7322/7322 7324/7324
f 7325/7325 7326/7326 7323/7323
f 7322/7322 7323/7323 7326/7326
f 7321/7321 7322/7322 7326/7326
f 7327/7327 7328/7328 7329/7329
f 7330/7330 7327/7327 7329/7329
f 7331/7331 7329/7329 7328/7328
f 7331/7331 7328/7328 7332/7332
f 7333/7333 7332/7332 7328/7328
f 7334/7334 7335/7335 7336/7336
f 7337/7337 7335/7335 7334/7334
f 7327/7327 7330/7330 7338/7338
f 7335/7335 7338/7338 7330/7330
f 7337/7337 7338/7338 7335/7335
f 7339/7339 7340/7340 7341/7341
f 7342/7342 7343/7343 7340/7340
f 7340/7340 7339/7339 7342/7342
f 7342/7342 7344/7344 7343/7343
f 7345/7345 7346/7346 7347/7347
f 7348/7348 7341/7341 7345/7345
f 7340/7340 7345/7345 7341/7341
f 7347/7347 7348/7348 7345/7345
f 7343/7343 7344/7344 7349/7349
f 7350/7350 7351/7351 7352/7352
f 7353/7353 7354/7354 7355/7355
f 7351/7351 7350/7350 7355/7355
f 7356/7356 7357/7357 7353/7353
f 7358/7358 7343/7343 7359/7359
f 7349/7349 7359/7359 7343/7343
f 7358/7358 7359/7359 7352/7352
f 7351/7351 7358/7358 7352/7352
f 7354/7354 7351/7351 7355/7355
f 7354/7354 7353/7353 7357/7357
f 7360/7360 7361/7361 7362/7362
f 7360/7360 7363/7363 7364/7364
f 7365/7365 7363/7363 7366/7366
f 7365/7365 7367/7367 7368/7368
f 7360/7360 7362/7362 7369/7369
f 7370/7370 7367/7367 7366/7366
f 7366/7366 7367/7367 7365/7365
f 7371/7371 7369/7369 7362/7362
f 7372/7372 7373/7373 7374/7374
f 7372/7372 7375/7375 7376/7376
f 7375/7375 7372/7372 7374/7374
f 7376/7376 7377/7377 7378/7378
f 7377/7377 7379/7379 7378/7378
f 7375/7375 7377/7377 7376/7376
f 7380/7380 7381/7381 7382/7382
f 7383/7383 7384/7384 7380/7380
f 7381/7381 7380/7380 7384/7384
f 7385/7385 7383/7383 7380/7380
f 7386/7386 7387/7387 7385/7385
f 7388/7388 7389/7389 7386/7386
f 7387/7387 7386/7386 7389/7389
f 7390/7390 7386/7386 7385/7385
f 7390/7390 7385/7385 7380/7380
f 7391/7391 7392/7392 7380/7380
f 7393/7393 7390/7390 7380/7380
f 7386/7386 7390/7390 7394/7394
f 7392/7392 7393/7393 7380/7380
f 7395/7395 7394/7394 7396/7396
f 7390/7390 7396/7396 7394/7394
f 7394/7394 7395/7395 7397/7397
f 7394/7394 7397/7397 7398/7398
f 7399/7399 7391/7391 7380/7380
f 7400/7400 7401/7401 7402/7402
f 7403/7403 7400/7400 7402/7402
f 7403/7403 7404/7404 7405/7405
f 7403/7403 7406/7406 7400/7400
f 7404/7404 7403/7403 7402/7402
f 7407/7407 7408/7408 7409/7409
f 7410/7410 7411/7411 7407/7407
f 7411/7411 7412/7412 7408/7408
f 7407/7407 7411/7411 7408/7408
f 7411/7411 7410/7410 7413/7413
f 7413/7413 7410/7410 7414/7414
f 7415/7415 7416/7416 7414/7414
f 7416/7416 7415/7415 7417/7417
f 7417/7417 7418/7418 7419/7419
f 7420/7420 7416/7416 7417/7417
f 7420/7420 7419/7419 7421/7421
f 7420/7420 7417/7417 7419/7419
f 7413/7413 7414/7414 7416/7416
f 7422/7422 7423/7423 7424/7424
f 7423/7423 7425/7425 7426/7426
f 7425/7425 7427/7427 7428/7428
f 7429/7429 7430/7430 7431/7431
f 7432/7432 7433/7433 7429/7429
f 7432/7432 7422/7422 7434/7434
f 7435/7435 7436/7436 7427/7427
f 7437/7437 7438/7438 7439/7439
f 7440/7440 7441/7441 7438/7438
f 7441/7441 7440/7440 7442/7442
f 7443/7443 7444/7444 7445/7445
f 7446/7446 7444/7444 7447/7447
f 7444/7444 7443/7443 7447/7447
f 7444/7444 7442/7442 7445/7445
f 7448/7448 7435/7435 7437/7437
f 7449/7449 7444/7444 7446/7446
f 7433/7433 7430/7430 7429/7429
f 7434/7434 7433/7433 7432/7432
f 7422/7422 7424/7424 7434/7434
f 7424/7424 7423/7423 7426/7426
f 7428/7428 7426/7426 7425/7425
f 7427/7427 7436/7436 7428/7428
f 7435/7435 7448/7448 7436/7436
f 7437/7437 7439/7439 7448/7448
f 7450/7450 7439/7439 7438/7438
f 7451/7451 7444/7444 7449/7449
f 7441/7441 7442/7442 7444/7444
f 7452/7452 7453/7453 7454/7454
f 7451/7451 7454/7454 7453/7453
f 7455/7455 7456/7456 7457/7457
f 7453/7453 7452/7452 7457/7457
f 7452/7452 7455/7455 7457/7457
f 7450/7450 7438/7438 7441/7441
f 7454/7454 7451/7451 7449/7449
f 7455/7455 7458/7458 7456/7456
f 7459/7459 7456/7456 7458/7458
f 7459/7459 7458/7458 7460/7460
f 7460/7460 7461/7461 7459/7459
f 7462/7462 7461/7461 7460/7460
f 7463/7463 7464/7464 7465/7465
f 7465/7465 7466/7466 7462/7462
f 7467/7467 7464/7464 7463/7463
f 7468/7468 7469/7469 7470/7470
f 7471/7471 7472/7472 7468/7468
f 7471/7471 7473/7473 7472/7472
f 7474/7474 7475/7475 7476/7476
f 7477/7477 7478/7478 7479/7479
f 7480/7480 7474/7474 7479/7479
f 7481/7481 7473/7473 7476/7476
f 7469/7469 7467/7467 7470/7470
f 7477/7477 7482/7482 7483/7483
f 7484/7484 7461/7461 7462/7462
f 7485/7485 7484/7484 7462/7462
f 7462/7462 7466/7466 7485/7485
f 7466/7466 7465/7465 7486/7486
f 7486/7486 7465/7465 7487/7487
f 7487/7487 7465/7465 7464/7464
f 7469/7469 7468/7468 7472/7472
f 7464/7464 7467/7467 7469/7469
f 7488/7488 7489/7489 7490/7490
f 7482/7482 7489/7489 7483/7483
f 7490/7490 7491/7491 7488/7488
f 7481/7481 7476/7476 7475/7475
f 7479/7479 7478/7478 7480/7480
f 7480/7480 7475/7475 7474/7474
f 7478/7478 7477/7477 7483/7483
f 7473/7473 7481/7481 7472/7472
f 7482/7482 7490/7490 7489/7489
f 7492/7492 7493/7493 7494/7494
f 7492/7492 7495/7495 7496/7496
f 7497/7497 7492/7492 7494/7494
f 7497/7497 7498/7498 7492/7492
f 7499/7499 7495/7495 7498/7498
f 7498/7498 7495/7495 7492/7492
f 7500/7500 7497/7497 7494/7494
f 7501/7501 7502/7502 7503/7503
f 7501/7501 7504/7504 7502/7502
f 7505/7505 7506/7506 7507/7507
f 7505/7505 7508/7508 7506/7506
f 7507/7507 7504/7504 7505/7505
f 7509/7509 7508/7508 7505/7505
f 7501/7501 7505/7505 7504/7504
f 7510/7510 7509/7509 7505/7505
f 7511/7511 7512/7512 7510/7510
f 7513/7513 7514/7514 7515/7515
f 7514/7514 7516/7516 7517/7517
f 7513/7513 7516/7516 7514/7514
f 7518/7518 7514/7514 7517/7517
f 7519/7519 7520/7520 7521/7521
f 7518/7518 7522/7522 7520/7520
f 7521/7521 7520/7520 7523/7523
f 7522/7522 7523/7523 7520/7520
f 7524/7524 7522/7522 7518/7518
f 7524/7524 7518/7518 7517/7517
f 7525/7525 7526/7526 7527/7527
f 7525/7525 7528/7528 7529/7529
f 7527/7527 7528/7528 7525/7525
f 7524/7524 7526/7526 7525/7525
f 7530/7530 7531/7531 7532/7532
f 7533/7533 7532/7532 7531/7531
f 7534/7534 7530/7530 7532/7532
f 7524/7524 7532/7532 7533/7533
f 7533/7533 7522/7522 7524/7524
f 7526/7526 7524/7524 7517/7517
f 7535/7535 7536/7536 7537/7537
f 7538/7538 7535/7535 7537/7537
f 7539/7539 7540/7540 7538/7538
f 7540/7540 7535/7535 7538/7538
f 7541/7541 7539/7539 7538/7538
f 7542/7542 7543/7543 7544/7544
f 7545/7545 7543/7543 7542/7542
f 7543/7543 7546/7546 7547/7547
f 7547/7547 7548/7548 7549/7549
f 7545/7545 7546/7546 7543/7543
f 7546/7546 7550/7550 7551/7551
f 7547/7547 7546/7546 7548/7548
f 7552/7552 7548/7548 7553/7553
f 7546/7546 7553/7553 7548/7548
f 7554/7554 7548/7548 7552/7552
f 7550/7550 7546/7546 7545/7545
f 7554/7554 7555/7555 7556/7556
f 7554/7554 7557/7557 7555/7555
f 7558/7558 7554/7554 7559/7559
f 7556/7556 7559/7559 7554/7554
f 7560/7560 7554/7554 7558/7558
f 7552/7552 7557/7557 7554/7554
f 7561/7561 7562/7562 7563/7563
f 7564/7564 7562/7562 7561/7561
f 7560/7560 7563/7563 7562/7562
f 7565/7565 7562/7562 7564/7564
f 7565/7565 7566/7566 7562/7562
f 7567/7567 7560/7560 7562/7562
f 7558/7558 7563/7563 7560/7560
f 7568/7568 7569/7569 7570/7570
f 7560/7560 7569/7569 7568/7568
f 7571/7571 7568/7568 7570/7570
f 7572/7572 7573/7573 7570/7570
f 7573/7573 7574/7574 7570/7570
f 7572/7572 7570/7570 7575/7575
f 7567/7567 7569/7569 7560/7560
f 7576/7576 7577/7577 7575/7575
f 7578/7578 7577/7577 7576/7576
f 7579/7579 7575/7575 7580/7580
f 7577/7577 7580/7580 7575/7575
f 7572/7572 7575/7575 7579/7579
f 7571/7571 7574/7574 7581/7581
f 7571/7571 7581/7581 7582/7582
f 7571/7571 7582/7582 7583/7583
f 7584/7584 7583/7583 7582/7582
f 7585/7585 7583/7583 7584/7584
f 7570/7570 7574/7574 7571/7571
f 7586/7586 7587/7587 7588/7588
f 7589/7589 7588/7588 7587/7587
f 7590/7590 7585/7585 7588/7588
f 7588/7588 7591/7591 7590/7590
f 7588/7588 7589/7589 7591/7591
f 7584/7584 7588/7588 7585/7585
f 7592/7592 7593/7593 7594/7594
f 7595/7595 7593/7593 7592/7592
f 7593/7593 7595/7595 7596/7596
f 7597/7597 7596/7596 7595/7595
f 7597/7597 7595/7595 7598/7598
f 7599/7599 7600/7600 7601/7601
f 7601/7601 7602/7602 7599/7599
f 7599/7599 7603/7603 7598/7598
f 7599/7599 7602/7602 7603/7603
f 7604/7604 7600/7600 7599/7599
f 7595/7595 7599/7599 7598/7598
f 7605/7605 7606/7606 7607/7607
f 7608/7608 7605/7605 7607/7607
f 7608/7608 7607/7607 7609/7609
f 7610/7610 7609/7609 7607/7607
f 7610/7610 7607/7607 7611/7611
f 7601/7601 7612/7612 7613/7613
f 7602/7602 7601/7601 7613/7613
f 7614/7614 7612/7612 7601/7601
f 7614/7614 7611/7611 7615/7615
f 7607/7607 7615/7615 7611/7611
f 7615/7615 7616/7616 7614/7614
f 7612/7612 7614/7614 7616/7616
f 7617/7617 7604/7604 7618/7618
f 7619/7619 7620/7620 7621/7621
f 7622/7622 7623/7623 7620/7620
f 7624/7624 7625/7625 7626/7626
f 7620/7620 7623/7623 7624/7624
f 7623/7623 7625/7625 7624/7624
f 7627/7627 7620/7620 7619/7619
f 7628/7628 7629/7629 7627/7627
f 7630/7630 7629/7629 7628/7628
f 7622/7622 7631/7631 7623/7623
f 7622/7622 7620/7620 7629/7629
f 7629/7629 7620/7620 7627/7627
f 7632/7632 7633/7633 7634/7634
f 7635/7635 7633/7633 7632/7632
f 7634/7634 7633/7633 7636/7636
f 7633/7633 7617/7617 7618/7618
f 7600/7600 7604/7604 7617/7617
f 7637/7637 7633/7633 7635/7635
f 7625/7625 7638/7638 7639/7639
f 7625/7625 7640/7640 7638/7638
f 7641/7641 7617/7617 7637/7637
f 7633/7633 7637/7637 7617/7617
f 7617/7617 7641/7641 7625/7625
f 7640/7640 7625/7625 7641/7641
f 7625/7625 7639/7639 7626/7626
f 7642/7642 7643/7643 7644/7644
f 7645/7645 7646/7646 7647/7647
f 7645/7645 7648/7648 7649/7649
f 7644/7644 7646/7646 7650/7650
f 7650/7650 7651/7651 7642/7642
f 7644/7644 7650/7650 7642/7642
f 7652/7652 7653/7653 7654/7654
f 7655/7655 7656/7656 7657/7657
f 7656/7656 7653/7653 7658/7658
f 7656/7656 7655/7655 7659/7659
f 7648/7648 7652/7652 7654/7654
f 7655/7655 7660/7660 7659/7659
f 7661/7661 7662/7662 7663/7663
f 7664/7664 7665/7665 7666/7666
f 7662/7662 7667/7667 7664/7664
f 7668/7668 7665/7665 7669/7669
f 7670/7670 7671/7671 7672/7672
f 7668/7668 7673/7673 7670/7670
f 7661/7661 7674/7674 7662/7662
f 7671/7671 7670/7670 7673/7673
f 7671/7671 7673/7673 7675/7675
f 7676/7676 7674/7674 7661/7661
f 7677/7677 7678/7678 7679/7679
f 7679/7679 7680/7680 7681/7681
f 7682/7682 7681/7681 7683/7683
f 7681/7681 7680/7680 7683/7683
f 7684/7684 7677/7677 7685/7685
f 7686/7686 7684/7684 7687/7687
f 7677/7677 7686/7686 7678/7678
f 7680/7680 7688/7688 7683/7683
f 7678/7678 7680/7680 7679/7679
f 7677/7677 7684/7684 7686/7686
f 7689/7689 7690/7690 7691/7691
f 7689/7689 7692/7692 7693/7693
f 7694/7694 7692/7692 7695/7695
f 7694/7694 7696/7696 7697/7697
f 7689/7689 7691/7691 7698/7698
f 7699/7699 7696/7696 7695/7695
f 7695/7695 7696/7696 7694/7694
f 7700/7700 7698/7698 7691/7691
f 7701/7701 7702/7702 7703/7703
f 7702/7702 7704/7704 7703/7703
f 7705/7705 7706/7706 7707/7707
f 7703/7703 7704/7704 7708/7708
f 7707/7707 7706/7706 7708/7708
f 7705/7705 7707/7707 7709/7709
f 7703/7703 7708/7708 7706/7706
f 7710/7710 7711/7711 7712/7712
f 7713/7713 7714/7714 7711/7711
f 7711/7711 7710/7710 7713/7713
f 7714/7714 7713/7713 7715/7715
f 7703/7703 7710/7710 7712/7712
f 7703/7703 7712/7712 7701/7701
f 7716/7716 7714/7714 7715/7715
f 7717/7717 7718/7718 7719/7719
f 7718/7718 7720/7720 7721/7721
f 7722/7722 7723/7723 7724/7724
f 7724/7724 7725/7725 7722/7722
f 7725/7725 7724/7724 7726/7726
f 7727/7727 7720/7720 7723/7723
f 7727/7727 7723/7723 7722/7722
f 7728/7728 7705/7705 7709/7709
f 7729/7729 7728/7728 7709/7709
f 7720/7720 7727/7727 7721/7721
f 7718/7718 7730/7730 7719/7719
f 7718/7718 7721/7721 7730/7730
f 7719/7719 7729/7729 7717/7717
f 7729/7729 7709/7709 7717/7717
f 7731/7731 7732/7732 7716/7716
f 7733/7733 7734/7734 7732/7732
f 7733/7733 7735/7735 7734/7734
f 7736/7736 7737/7737 7735/7735
f 7735/7735 7737/7737 7734/7734
f 7731/7731 7733/7733 7732/7732
f 7731/7731 7716/7716 7715/7715
f 7738/7738 7739/7739 7740/7740
f 7740/7740 7741/7741 7738/7738
f 7742/7742 7741/7741 7743/7743
f 7744/7744 7740/7740 7739/7739
f 7742/7742 7745/7745 7746/7746
f 7736/7736 7740/7740 7744/7744
f 7736/7736 7744/7744 7737/7737
f 7745/7745 7747/7747 7746/7746
f 7743/7743 7745/7745 7742/7742
f 7746/7746 7748/7748 7749/7749
f 7750/7750 7751/7751 7752/7752
f 7749/7749 7748/7748 7751/7751
f 7747/7747 7748/7748 7746/7746
f 7749/7749 7751/7751 7750/7750
f 7753/7753 7750/7750 7752/7752
f 7754/7754 7750/7750 7753/7753
f 7754/7754 7755/7755 7756/7756
f 7756/7756 7757/7757 7754/7754
f 7758/7758 7757/7757 7756/7756
f 7753/7753 7755/7755 7754/7754
f 7740/7740 7743/7743 7741/7741
f 7759/7759 7726/7726 7760/7760
f 7761/7761 7759/7759 7760/7760
f 7762/7762 7763/7763 7764/7764
f 7763/7763 7761/7761 7760/7760
f 7765/7765 7764/7764 7766/7766
f 7764/7764 7763/7763 7760/7760
f 7764/7764 7765/7765 7762/7762
f 7766/7766 7767/7767 7765/7765
f 7768/7768 7769/7769 7770/7770
f 7771/7771 7772/7772 7770/7770
f 7769/7769 7768/7768 7767/7767
f 7767/7767 7766/7766 7769/7769
f 7772/7772 7771/7771 7773/7773
f 7769/7769 7771/7771 7770/7770
f 7774/7774 7772/7772 7773/7773
f 7775/7775 7776/7776 7774/7774
f 7776/7776 7777/7777 7774/7774
f 7773/7773 7775/7775 7774/7774
f 7778/7778 7774/7774 7777/7777
f 7779/7779 7780/7780 7781/7781
f 7782/7782 7783/7783 7780/7780
f 7781/7781 7778/7778 7779/7779
f 7783/7783 7782/7782 7784/7784
f 7780/7780 7779/7779 7782/7782
f 7778/7778 7781/7781 7774/7774
f 7785/7785 7783/7783 7784/7784
f 7786/7786 7785/7785 7784/7784
f 7787/7787 7788/7788 7789/7789
f 7790/7790 7791/7791 7788/7788
f 7792/7792 7793/7793 7794/7794
f 7795/7795 7796/7796 7794/7794
f 7795/7795 7794/7794 7793/7793
f 7787/7787 7789/7789 7796/7796
f 7797/7797 7758/7758 7798/7798
f 7799/7799 7797/7797 7798/7798
f 7757/7757 7758/7758 7797/7797
f 7790/7790 7799/7799 7791/7791
f 7799/7799 7798/7798 7791/7791
f 7788/7788 7787/7787 7790/7790
f 7787/7787 7796/7796 7795/7795
f 7793/7793 7792/7792 7800/7800
f 7801/7801 7802/7802 7803/7803
f 7802/7802 7804/7804 7803/7803
f 7805/7805 7806/7806 7807/7807
f 7804/7804 7807/7807 7803/7803
f 7786/7786 7802/7802 7801/7801
f 7786/7786 7801/7801 7785/7785
f 7804/7804 7805/7805 7807/7807
f 7800/7800 7808/7808 7793/7793
f 7809/7809 7808/7808 7810/7810
f 7810/7810 7808/7808 7800/7800
f 7811/7811 7809/7809 7806/7806
f 7809/7809 7810/7810 7806/7806
f 7806/7806 7812/7812 7811/7811
f 7812/7812 7806/7806 7805/7805
f 7726/7726 7759/7759 7725/7725
f 7813/7813 7814/7814 7815/7815
f 7816/7816 7815/7815 7817/7817
f 7818/7818 7819/7819 7820/7820
f 7821/7821 7822/7822 7823/7823
f 7823/7823 7820/7820 7821/7821
f 7824/7824 7817/7817 7819/7819
f 7825/7825 7822/7822 7821/7821
f 7826/7826 7827/7827 7828/7828
f 7829/7829 7827/7827 7826/7826
f 7826/7826 7830/7830 7829/7829
f 7827/7827 7829/7829 7831/7831
f 7832/7832 7833/7833 7834/7834
f 7834/7834 7835/7835 7832/7832
f 7836/7836 7837/7837 7838/7838
f 7839/7839 7840/7840 7835/7835
f 7837/7837 7840/7840 7838/7838
f 7841/7841 7842/7842 7843/7843
f 7843/7843 7842/7842 7844/7844
f 7842/7842 7841/7841 7845/7845
f 7844/7844 7846/7846 7847/7847
f 7846/7846 7848/7848 7847/7847
f 7842/7842 7846/7846 7844/7844
f 7849/7849 7850/7850 7851/7851
f 7852/7852 7849/7849 7851/7851
f 7852/7852 7853/7853 7854/7854
f 7854/7854 7853/7853 7855/7855
f 7851/7851 7853/7853 7852/7852
f 7856/7856 7857/7857 7851/7851
f 7851/7851 7857/7857 7853/7853
f 7858/7858 7853/7853 7859/7859
f 7857/7857 7859/7859 7853/7853
f 7860/7860 7856/7856 7851/7851
f 7861/7861 7862/7862 7863/7863
f 7864/7864 7861/7861 7865/7865
f 7866/7866 7864/7864 7865/7865
f 7862/7862 7861/7861 7864/7864
f 7867/7867 7866/7866 7868/7868
f 7865/7865 7868/7868 7866/7866
f 7869/7869 7867/7867 7868/7868
f 7867/7867 7870/7870 7871/7871
f 7867/7867 7869/7869 7870/7870
f 7872/7872 7873/7873 7874/7874
f 7873/7873 7872/7872 7875/7875
f 7876/7876 7872/7872 7874/7874
f 7877/7877 7878/7878 7872/7872
f 7875/7875 7872/7872 7878/7878
f 7878/7878 7879/7879 7880/7880
f 7878/7878 7877/7877 7879/7879
f 7881/7881 7882/7882 7883/7883
f 7884/7884 7881/7881 7885/7885
f 7885/7885 7886/7886 7884/7884
f 7883/7883 7885/7885 7881/7881
f 7887/7887 7888/7888 7883/7883
f 7889/7889 7885/7885 7888/7888
f 7888/7888 7885/7885 7883/7883
f 7890/7890 7887/7887 7883/7883
f 7891/7891 7892/7892 7893/7893
f 7892/7892 7894/7894 7895/7895
f 7896/7896 7897/7897 7898/7898
f 7899/7899 7900/7900 7896/7896
f 7899/7899 7891/7891 7901/7901
f 7902/7902 7903/7903 7894/7894
f 7904/7904 7905/7905 7906/7906
f 7905/7905 7907/7907 7906/7906
f 7908/7908 7909/7909 7910/7910
f 7909/7909 7908/7908 7911/7911
f 7909/7909 7907/7907 7910/7910
f 7904/7904 7912/7912 7902/7902
f 7909/7909 7911/7911 7913/7913
f 7914/7914 7915/7915 7916/7916
f 7917/7917 7914/7914 7916/7916
f 7917/7917 7916/7916 7898/7898
f 7917/7917 7898/7898 7897/7897
f 7896/7896 7900/7900 7897/7897
f 7899/7899 7901/7901 7900/7900
f 7901/7901 7891/7891 7893/7893
f 7893/7893 7892/7892 7895/7895
f 7894/7894 7903/7903 7895/7895
f 7918/7918 7912/7912 7904/7904
f 7909/7909 7919/7919 7920/7920
f 7909/7909 7906/7906 7907/7907
f 7903/7903 7902/7902 7912/7912
f 7918/7918 7904/7904 7906/7906
f 7921/7921 7909/7909 7913/7913
f 7920/7920 7919/7919 7922/7922
f 7923/7923 7920/7920 7922/7922
f 7924/7924 7925/7925 7923/7923
f 7926/7926 7925/7925 7927/7927
f 7924/7924 7927/7927 7925/7925
f 7924/7924 7923/7923 7922/7922
f 7921/7921 7919/7919 7909/7909
f 7927/7927 7928/7928 7926/7926
f 7929/7929 7926/7926 7928/7928
f 7929/7929 7928/7928 7930/7930
f 7930/7930 7931/7931 7929/7929
f 7932/7932 7931/7931 7930/7930
f 7933/7933 7934/7934 7935/7935
f 7933/7933 7936/7936 7934/7934
f 7936/7936 7937/7937 7932/7932
f 7931/7931 7932/7932 7938/7938
f 7938/7938 7932/7932 7939/7939
f 7939/7939 7932/7932 7937/7937
f 7933/7933 7940/7940 7936/7936
f 7933/7933 7935/7935 7941/7941
f 7940/7940 7937/7937 7936/7936
f 7942/7942 7941/7941 7943/7943
f 7942/7942 7943/7943 7944/7944
f 7944/7944 7945/7945 7946/7946
f 7946/7946 7942/7942 7944/7944
f 7945/7945 7947/7947 7946/7946
f 7945/7945 7948/7948 7947/7947
f 7949/7949 7943/7943 7941/7941
f 7949/7949 7941/7941 7935/7935
f 7950/7950 7951/7951 7952/7952
f 7953/7953 7950/7950 7952/7952
f 7950/7950 7953/7953 7954/7954
f 7955/7955 7952/7952 7956/7956
f 7956/7956 7957/7957 7955/7955
f 7958/7958 7959/7959 7960/7960
f 7961/7961 7957/7957 7958/7958
f 7959/7959 7958/7958 7957/7957
f 7962/7962 7963/7963 7964/7964
f 7964/7964 7965/7965 7966/7966
f 7967/7967 7968/7968 7966/7966
f 7966/7966 7965/7965 7967/7967
f 7969/7969 7962/7962 7970/7970
f 7971/7971 7969/7969 7972/7972
f 7962/7962 7971/7971 7963/7963
f 7963/7963 7965/7965 7964/7964
f 7965/7965 7973/7973 7967/7967
f 7962/7962 7969/7969 7971/7971
f 7974/7974 7975/7975 7976/7976
f 7977/7977 7978/7978 7979/7979
f 7975/7975 7974/7974 7980/7980
f 7977/7977 7981/7981 7982/7982
f 7983/7983 7984/7984 7985/7985
f 7984/7984 7986/7986 7985/7985
f 7987/7987 7988/7988 7986/7986
f 7985/7985 7986/7986 7988/7988
f 7983/7983 7981/7981 7989/7989
f 7980/7980 7974/7974 7990/7990
f 7991/7991 7990/7990 7992/7992
f 7990/7990 7991/7991 7978/7978
f 7993/7993 7986/7986 7984/7984
f 7993/7993 7984/7984 7994/7994
f 7993/7993 7994/7994 7995/7995
f 7980/7980 7990/7990 7978/7978
f 7996/7996 7997/7997 7998/7998
f 7996/7996 7998/7998 7999/7999
f 7996/7996 8000/8000 7997/7997
f 7999/7999 8001/8001 7996/7996
f 8002/8002 8001/8001 8003/8003
f 7999/7999 8003/8003 8001/8001
f 8004/8004 8005/8005 8002/8002
f 8006/8006 8007/8007 8004/8004
f 8004/8004 8007/8007 8005/8005
f 8006/8006 8008/8008 8009/8009
f 8009/8009 8007/8007 8006/8006
f 8008/8008 8006/8006 8010/8010
f 8001/8001 8002/8002 8005/8005
f 8011/8011 8012/8012 8013/8013
f 8014/8014 8015/8015 8012/8012
f 8011/8011 8014/8014 8012/8012
f 8013/8013 8016/8016 8011/8011
f 8016/8016 8017/8017 8018/8018
f 8017/8017 8016/8016 8013/8013
f 8019/8019 8020/8020 8021/8021
f 8022/8022 8023/8023 8024/8024
f 8023/8023 8022/8022 8019/8019
f 8018/8018 8017/8017 8025/8025
f 8025/8025 8017/8017 8021/8021
f 8020/8020 8025/8025 8021/8021
f 8020/8020 8019/8019 8022/8022
f 8022/8022 8024/8024 8026/8026
f 8027/8027 8028/8028 8010/8010
f 8008/8008 8010/8010 8028/8028
f 8029/8029 8027/8027 8010/8010
f 8030/8030 8031/8031 8029/8029
f 8030/8030 8032/8032 8031/8031
f 8033/8033 8031/8031 8032/8032
f 8030/8030 8029/8029 8010/8010
f 8034/8034 8035/8035 8032/8032
f 8033/8033 8032/8032 8035/8035
f 8036/8036 8035/8035 8034/8034
f 8037/8037 8036/8036 8034/8034
f 8038/8038 8036/8036 8037/8037
f 8039/8039 8038/8038 8040/8040
f 8038/8038 8037/8037 8040/8040
f 8041/8041 8039/8039 8040/8040
f 8042/8042 8043/8043 8044/8044
f 8043/8043 8045/8045 8044/8044
f 8024/8024 8046/8046 8026/8026
f 8047/8047 8026/8026 8046/8046
f 8026/8026 8047/8047 8045/8045
f 8044/8044 8045/8045 8047/8047
f 8043/8043 8042/8042 8048/8048
f 8049/8049 8039/8039 8041/8041
f 8050/8050 8049/8049 8051/8051
f 8049/8049 8041/8041 8051/8051
f 8052/8052 8050/8050 8051/8051
f 8053/8053 8050/8050 8052/8052
f 8054/8054 8043/8043 8048/8048
f 8053/8053 8052/8052 8054/8054
f 8053/8053 8054/8054 8048/8048
f 8055/8055 8056/8056 8057/8057
f 8058/8058 8059/8059 8056/8056
f 8056/8056 8060/8060 8058/8058
f 8060/8060 8061/8061 8058/8058
f 8055/8055 8060/8060 8056/8056
f 8062/8062 8063/8063 8064/8064
f 8064/8064 8065/8065 8066/8066
f 8067/8067 8068/8068 8069/8069
f 8070/8070 8067/8067 8071/8071
f 8072/8072 8071/8071 8073/8073
f 8071/8071 8074/8074 8075/8075
f 8073/8073 8075/8075 8076/8076
f 8077/8077 8078/8078 8079/8079
f 8076/8076 8080/8080 8081/8081
f 8079/8079 8082/8082 8083/8083
f 8084/8084 8083/8083 8085/8085
f 8083/8083 8086/8086 8087/8087
f 8085/8085 8087/8087 8088/8088
f 8085/8085 8088/8088 8089/8089
f 8090/8090 8091/8091 8092/8092
f 8093/8093 8094/8094 8095/8095
f 8096/8096 8090/8090 8092/8092
f 8097/8097 8098/8098 8099/8099
f 8090/8090 8097/8097 8099/8099
f 8090/8090 8099/8099 8093/8093
f 8096/8096 8097/8097 8090/8090
f 8100/8100 8093/8093 8095/8095
f 8101/8101 8093/8093 8102/8102
f 8103/8103 8101/8101 8104/8104
f 8104/8104 8101/8101 8102/8102
f 8093/8093 8100/8100 8105/8105
f 8106/8106 8107/8107 8108/8108
f 8101/8101 8109/8109 8107/8107
f 8105/8105 8102/8102 8093/8093
f 8101/8101 8110/8110 8109/8109
f 8111/8111 8099/8099 8098/8098
f 8110/8110 8101/8101 8103/8103
f 8099/8099 8112/8112 8113/8113
f 8099/8099 8114/8114 8115/8115
f 8093/8093 8099/8099 8094/8094
f 8116/8116 8099/8099 8113/8113
f 8115/8115 8117/8117 8099/8099
f 8118/8118 8116/8116 8119/8119
f 8099/8099 8120/8120 8114/8114
f 8118/8118 8099/8099 8116/8116
f 8121/8121 8118/8118 8122/8122
f 8099/8099 8121/8121 8120/8120
f 8099/8099 8117/8117 8123/8123
f 8099/8099 8123/8123 8094/8094
f 8121/8121 8099/8099 8118/8118
f 8124/8124 8118/8118 8125/8125
f 8118/8118 8124/8124 8122/8122
f 8118/8118 8077/8077 8125/8125
f 8077/8077 8126/8126 8125/8125
f 8127/8127 8077/8077 8079/8079
f 8112/8112 8099/8099 8111/8111
f 8069/8069 8108/8108 8128/8128
f 8106/8106 8101/8101 8107/8107
f 8068/8068 8129/8129 8130/8130
f 8130/8130 8106/8106 8069/8069
f 8069/8069 8131/8131 8132/8132
f 8129/8129 8070/8070 8133/8133
f 8068/8068 8130/8130 8069/8069
f 8134/8134 8070/8070 8072/8072
f 8069/8069 8132/8132 8135/8135
f 8069/8069 8106/8106 8108/8108
f 8128/8128 8131/8131 8069/8069
f 8136/8136 8137/8137 8138/8138
f 8138/8138 8137/8137 8139/8139
f 8138/8138 8072/8072 8140/8140
f 8140/8140 8136/8136 8138/8138
f 8140/8140 8072/8072 8141/8141
f 8142/8142 8141/8141 8072/8072
f 8143/8143 8142/8142 8072/8072
f 8072/8072 8138/8138 8134/8134
f 8069/8069 8144/8144 8145/8145
f 8069/8069 8145/8145 8146/8146
f 8145/8145 8147/8147 8146/8146
f 8148/8148 8074/8074 8149/8149
f 8067/8067 8069/8069 8150/8150
f 8127/8127 8126/8126 8077/8077
f 8146/8146 8150/8150 8069/8069
f 8149/8149 8067/8067 8150/8150
f 8073/8073 8151/8151 8072/8072
f 8143/8143 8072/8072 8151/8151
f 8148/8148 8075/8075 8074/8074
f 8152/8152 8076/8076 8153/8153
f 8076/8076 8081/8081 8153/8153
f 8074/8074 8067/8067 8149/8149
f 8069/8069 8135/8135 8144/8144
f 8118/8118 8119/8119 8078/8078
f 8079/8079 8084/8084 8127/8127
f 8154/8154 8127/8127 8084/8084
f 8155/8155 8082/8082 8156/8156
f 8157/8157 8154/8154 8085/8085
f 8085/8085 8154/8154 8084/8084
f 8089/8089 8158/8158 8157/8157
f 8085/8085 8089/8089 8157/8157
f 8156/8156 8082/8082 8078/8078
f 8156/8156 8078/8078 8119/8119
f 8158/8158 8159/8159 8160/8160
f 8159/8159 8158/8158 8161/8161
f 8089/8089 8162/8162 8161/8161
f 8162/8162 8089/8089 8163/8163
f 8164/8164 8163/8163 8089/8089
f 8165/8165 8164/8164 8089/8089
f 8158/8158 8089/8089 8161/8161
f 8080/8080 8148/8148 8166/8166
f 8155/8155 8167/8167 8086/8086
f 8168/8168 8086/8086 8167/8167
f 8086/8086 8168/8168 8169/8169
f 8170/8170 8171/8171 8172/8172
f 8170/8170 8173/8173 8174/8174
f 8172/8172 8173/8173 8170/8170
f 8086/8086 8169/8169 8171/8171
f 8170/8170 8086/8086 8171/8171
f 8087/8087 8175/8175 8088/8088
f 8176/8176 8177/8177 8089/8089
f 8088/8088 8178/8178 8089/8089
f 8165/8165 8089/8089 8177/8177
f 8087/8087 8179/8179 8180/8180
f 8089/8089 8178/8178 8181/8181
f 8179/8179 8086/8086 8170/8170
f 8181/8181 8182/8182 8089/8089
f 8183/8183 8081/8081 8080/8080
f 8183/8183 8080/8080 8166/8166
f 8184/8184 8081/8081 8183/8183
f 8185/8185 8081/8081 8184/8184
f 8186/8186 8176/8176 8089/8089
f 8187/8187 8188/8188 8189/8189
f 8186/8186 8089/8089 8182/8182
f 8190/8190 8189/8189 8081/8081
f 8189/8189 8191/8191 8081/8081
f 8153/8153 8081/8081 8191/8191
f 8081/8081 8185/8185 8190/8190
f 8189/8189 8192/8192 8193/8193
f 8189/8189 8190/8190 8192/8192
f 8189/8189 8194/8194 8195/8195
f 8196/8196 8197/8197 8189/8189
f 8187/8187 8189/8189 8195/8195
f 8196/8196 8189/8189 8198/8198
f 8194/8194 8189/8189 8193/8193
f 8199/8199 8200/8200 8201/8201
f 8202/8202 8200/8200 8199/8199
f 8203/8203 8204/8204 8199/8199
f 8202/8202 8199/8199 8204/8204
f 8199/8199 8205/8205 8203/8203
f 8205/8205 8206/8206 8207/8207
f 8208/8208 8207/8207 8206/8206
f 8201/8201 8182/8182 8181/8181
f 8205/8205 8199/8199 8206/8206
f 8209/8209 8189/8189 8210/8210
f 8189/8189 8211/8211 8198/8198
f 8209/8209 8211/8211 8189/8189
f 8206/8206 8188/8188 8212/8212
f 8189/8189 8188/8188 8206/8206
f 8209/8209 8210/8210 8213/8213
f 8213/8213 8210/8210 8214/8214
f 8215/8215 8214/8214 8210/8210
f 8210/8210 8189/8189 8206/8206
f 8206/8206 8212/8212 8208/8208
f 8199/8199 8201/8201 8181/8181
f 8148/8148 8080/8080 8075/8075
f 8216/8216 8217/8217 8218/8218
f 8219/8219 8220/8220 8221/8221
f 8219/8219 8222/8222 8220/8220
f 8223/8223 8224/8224 8225/8225
f 8216/8216 8225/8225 8226/8226
f 8217/8217 8216/8216 8226/8226
f 8219/8219 8218/8218 8222/8222
f 8227/8227 8216/8216 8219/8219
f 8228/8228 8219/8219 8229/8229
f 8227/8227 8219/8219 8230/8230
f 8216/8216 8223/8223 8225/8225
f 8223/8223 8231/8231 8232/8232
f 8216/8216 8227/8227 8231/8231
f 8218/8218 8219/8219 8216/8216
f 8219/8219 8221/8221 8229/8229
f 8233/8233 8234/8234 8235/8235
f 8236/8236 8235/8235 8237/8237
f 8238/8238 8236/8236 8239/8239
f 8236/8236 8237/8237 8239/8239
f 8240/8240 8241/8241 8242/8242
f 8234/8234 8240/8240 8243/8243
f 8237/8237 8244/8244 8239/8239
f 8241/8241 8240/8240 8234/8234
f 8245/8245 8246/8246 8247/8247
f 8248/8248 8249/8249 8250/8250
f 8248/8248 8251/8251 8252/8252
f 8247/8247 8249/8249 8253/8253
f 8253/8253 8254/8254 8245/8245
f 8247/8247 8253/8253 8245/8245
f 8255/8255 8256/8256 8257/8257
f 8258/8258 8259/8259 8260/8260
f 8259/8259 8256/8256 8261/8261
f 8259/8259 8258/8258 8262/8262
f 8251/8251 8255/8255 8257/8257
f 8258/8258 8263/8263 8262/8262
f 8264/8264 8265/8265 8266/8266
f 8264/8264 8267/8267 8268/8268
f 8268/8268 8265/8265 8264/8264
f 8269/8269 8270/8270 8271/8271
f 8269/8269 8272/8272 8273/8273
f 8273/8273 8270/8270 8269/8269
f 8271/8271 8267/8267 8264/8264
f 8274/8274 8269/8269 8264/8264
f 8274/8274 8275/8275 8276/8276
f 8276/8276 8277/8277 8274/8274
f 8269/8269 8278/8278 8272/8272
f 8276/8276 8279/8279 8277/8277
f 8264/8264 8269/8269 8271/8271
f 8280/8280 8281/8281 8282/8282
f 8280/8280 8283/8283 8284/8284
f 8283/8283 8280/8280 8282/8282
f 8282/8282 8285/8285 8286/8286
f 8284/8284 8283/8283 8287/8287
f 8282/8282 8286/8286 8283/8283
f 8288/8288 8289/8289 8290/8290
f 8289/8289 8291/8291 8290/8290
f 8292/8292 8293/8293 8294/8294
f 8291/8291 8295/8295 8296/8296
f 8295/8295 8294/8294 8296/8296
f 8293/8293 8292/8292 8297/8297
f 8298/8298 8290/8290 8299/8299
f 8299/8299 8290/8290 8291/8291
f 8300/8300 8296/8296 8293/8293
f 8294/8294 8293/8293 8296/8296
f 8293/8293 8301/8301 8300/8300
f 8299/8299 8296/8296 8302/8302
f 8299/8299 8291/8291 8296/8296
f 8303/8303 8293/8293 8297/8297
f 8304/8304 8305/8305 8303/8303
f 8297/8297 8304/8304 8303/8303
f 8304/8304 8306/8306 8305/8305
f 8307/8307 8308/8308 8309/8309
f 8307/8307 8310/8310 8308/8308
f 8306/8306 8310/8310 8311/8311
f 8312/8312 8307/8307 8309/8309
f 8313/8313 8311/8311 8314/8314
f 8306/8306 8311/8311 8305/8305
f 8305/8305 8301/8301 8303/8303
f 8307/8307 8314/8314 8311/8311
f 8307/8307 8315/8315 8316/8316
f 8315/8315 8307/8307 8312/8312
f 8307/8307 8311/8311 8310/8310
f 8317/8317 8318/8318 8319/8319
f 8319/8319 8318/8318 8320/8320
f 8317/8317 8319/8319 8321/8321
f 8322/8322 8317/8317 8323/8323
f 8322/8322 8324/8324 8318/8318
f 8317/8317 8322/8322 8318/8318
f 8325/8325 8326/8326 8327/8327
f 8327/8327 8328/8328 8325/8325
f 8328/8328 8329/8329 8330/8330
f 8329/8329 8328/8328 8327/8327
f 8331/8331 8332/8332 8333/8333
f 8334/8334 8332/8332 8331/8331
f 8335/8335 8332/8332 8329/8329
f 8334/8334 8329/8329 8332/8332
f 8327/8327 8335/8335 8329/8329
f 8336/8336 8337/8337 8338/8338
f 8339/8339 8336/8336 8338/8338
f 8340/8340 8341/8341 8342/8342
f 8342/8342 8339/8339 8340/8340
f 8338/8338 8340/8340 8339/8339
f 8343/8343 8344/8344 8345/8345
f 8346/8346 8347/8347 8345/8345
f 8345/8345 8344/8344 8346/8346
f 8344/8344 8343/8343 8348/8348
f 8349/8349 8344/8344 8350/8350
f 8351/8351 8352/8352 8346/8346
f 8349/8349 8351/8351 8346/8346
f 8349/8349 8346/8346 8344/8344
f 8353/8353 8354/8354 8355/8355
f 8354/8354 8356/8356 8355/8355
f 8357/8357 8358/8358 8359/8359
f 8356/8356 8360/8360 8361/8361
f 8360/8360 8359/8359 8361/8361
f 8358/8358 8357/8357 8362/8362
f 8363/8363 8355/8355 8364/8364
f 8364/8364 8355/8355 8356/8356
f 8365/8365 8361/8361 8358/8358
f 8359/8359 8358/8358 8361/8361
f 8358/8358 8366/8366 8365/8365
f 8364/8364 8361/8361 8367/8367
f 8364/8364 8356/8356 8361/8361
f 8368/8368 8358/8358 8362/8362
f 8369/8369 8370/8370 8368/8368
f 8362/8362 8369/8369 8368/8368
f 8369/8369 8371/8371 8370/8370
f 8372/8372 8373/8373 8374/8374
f 8372/8372 8375/8375 8373/8373
f 8371/8371 8375/8375 8376/8376
f 8377/8377 8372/8372 8374/8374
f 8378/8378 8376/8376 8379/8379
f 8371/8371 8376/8376 8370/8370
f 8370/8370 8366/8366 8368/8368
f 8372/8372 8379/8379 8376/8376
f 8372/8372 8380/8380 8381/8381
f 8380/8380 8372/8372 8377/8377
f 8372/8372 8376/8376 8375/8375
f 8382/8382 8383/8383 8384/8384
f 8385/8385 8386/8386 8387/8387
f 8388/8388 8389/8389 8385/8385
f 8387/8387 8383/8383 8382/8382
f 8390/8390 8384/8384 8391/8391
f 8391/8391 8384/8384 8383/8383
f 8386/8386 8385/8385 8389/8389
f 8386/8386 8383/8383 8387/8387
f 8392/8392 8389/8389 8393/8393
f 8388/8388 8393/8393 8389/8389
f 8394/8394 8395/8395 8396/8396
f 8397/8397 8398/8398 8395/8395
f 8399/8399 8400/8400 8401/8401
f 8400/8400 8396/8396 8401/8401
f 8399/8399 8402/8402 8403/8403
f 8397/8397 8392/8392 8398/8398
f 8394/8394 8397/8397 8395/8395
f 8404/8404 8400/8400 8403/8403
f 8396/8396 8400/8400 8394/8394
f 8403/8403 8400/8400 8399/8399
f 8393/8393 8398/8398 8392/8392
f 8405/8405 8406/8406 8407/8407
f 8406/8406 8405/8405 8408/8408
f 8406/8406 8408/8408 8409/8409
f 8410/8410 8411/8411 8406/8406
f 8412/8412 8413/8413 8414/8414
f 8415/8415 8416/8416 8414/8414
f 8415/8415 8411/8411 8410/8410
f 8412/8412 8414/8414 8416/8416
f 8409/8409 8410/8410 8406/8406
f 8417/8417 8410/8410 8418/8418
f 8409/8409 8418/8418 8410/8410
f 8419/8419 8410/8410 8417/8417
f 8420/8420 8419/8419 8417/8417
f 8421/8421 8419/8419 8420/8420
f 8422/8422 8423/8423 8416/8416
f 8419/8419 8424/8424 8410/8410
f 8415/8415 8410/8410 8416/8416
f 8412/8412 8416/8416 8423/8423
f 8416/8416 8424/8424 8422/8422
f 8423/8423 8422/8422 8425/8425
f 8424/8424 8416/8416 8410/8410
f 8426/8426 8427/8427 8428/8428
f 8428/8428 8427/8427 8429/8429
f 8427/8427 8426/8426 8430/8430
f 8429/8429 8431/8431 8432/8432
f 8432/8432 8433/8433 8429/8429
f 8431/8431 8429/8429 8427/8427
f 8434/8434 8435/8435 8436/8436
f 8437/8437 8438/8438 8439/8439
f 8440/8440 8441/8441 8442/8442
f 8442/8442 8441/8441 8443/8443
f 8437/8437 8444/8444 8442/8442
f 8436/8436 8438/8438 8434/8434
f 8438/8438 8445/8445 8446/8446
f 8440/8440 8442/8442 8444/8444
f 8440/8440 8444/8444 8447/8447
f 8438/8438 8436/8436 8445/8445
f 8448/8448 8449/8449 8450/8450
f 8451/8451 8449/8449 8448/8448
f 8449/8449 8452/8452 8453/8453
f 8454/8454 8452/8452 8455/8455
f 8449/8449 8455/8455 8452/8452
f 8449/8449 8453/8453 8450/8450
f 8454/8454 8456/8456 8457/8457
f 8458/8458 8457/8457 8456/8456
f 8455/8455 8456/8456 8454/8454
f 8457/8457 8459/8459 8460/8460
f 8457/8457 8461/8461 8459/8459
f 8461/8461 8457/8457 8458/8458
f 8462/8462 8463/8463 8464/8464
f 8465/8465 8466/8466 8467/8467
f 8468/8468 8467/8467 8469/8469
f 8468/8468 8470/8470 8471/8471
f 8462/8462 8464/8464 8466/8466
f 8472/8472 8470/8470 8469/8469
f 8469/8469 8470/8470 8468/8468
f 8473/8473 8466/8466 8464/8464
f 8474/8474 8475/8475 8476/8476
f 8477/8477 8475/8475 8474/8474
f 8478/8478 8477/8477 8474/8474
f 8478/8478 8479/8479 8480/8480
f 8475/8475 8477/8477 8481/8481
f 8482/8482 8483/8483 8484/8484
f 8485/8485 8482/8482 8484/8484
f 8486/8486 8487/8487 8488/8488
f 8489/8489 8490/8490 8491/8491
f 8486/8486 8492/8492 8485/8485
f 8493/8493 8487/8487 8489/8489
f 8490/8490 8489/8489 8487/8487
f 8494/8494 8495/8495 8496/8496
f 8494/8494 8497/8497 8498/8498
f 8497/8497 8494/8494 8496/8496
f 8499/8499 8500/8500 8496/8496
f 8501/8501 8497/8497 8500/8500
f 8500/8500 8497/8497 8496/8496
f 8502/8502 8499/8499 8496/8496
f 8503/8503 8504/8504 8505/8505
f 8506/8506 8504/8504 8503/8503
f 8507/8507 8508/8508 8504/8504
f 8505/8505 8504/8504 8508/8508
f 8509/8509 8507/8507 8504/8504
f 8510/8510 8511/8511 8509/8509
f 8512/8512 8513/8513 8510/8510
f 8514/8514 8515/8515 8511/8511
f 8511/8511 8513/8513 8514/8514
f 8513/8513 8511/8511 8510/8510
f 8507/8507 8509/8509 8511/8511
f 8516/8516 8517/8517 8518/8518
f 8519/8519 8518/8518 8517/8517
f 8517/8517 8516/8516 8520/8520
f 8521/8521 8522/8522 8523/8523
f 8517/8517 8521/8521 8519/8519
f 8523/8523 8519/8519 8521/8521
f 8524/8524 8525/8525 8526/8526
f 8527/8527 8528/8528 8524/8524
f 8524/8524 8529/8529 8530/8530
f 8528/8528 8529/8529 8524/8524
f 8530/8530 8525/8525 8524/8524
f 8531/8531 8532/8532 8533/8533
f 8533/8533 8534/8534 8531/8531
f 8534/8534 8535/8535 8536/8536
f 8537/8537 8538/8538 8533/8533
f 8538/8538 8535/8535 8533/8533
f 8533/8533 8539/8539 8540/8540
f 8525/8525 8533/8533 8532/8532
f 8525/8525 8532/8532 8526/8526
f 8525/8525 8530/8530 8541/8541
f 8542/8542 8543/8543 8544/8544
f 8542/8542 8545/8545 8543/8543
f 8546/8546 8542/8542 8547/8547
f 8542/8542 8546/8546 8548/8548
f 8545/8545 8542/8542 8548/8548
f 8544/8544 8541/8541 8530/8530
f 8533/8533 8540/8540 8537/8537
f 8525/8525 8539/8539 8533/8533
f 8541/8541 8549/8549 8525/8525
f 8525/8525 8550/8550 8551/8551
f 8525/8525 8549/8549 8550/8550
f 8539/8539 8525/8525 8551/8551
f 8544/8544 8530/8530 8542/8542
f 8552/8552 8553/8553 8554/8554
f 8553/8553 8555/8555 8556/8556
f 8557/8557 8558/8558 8555/8555
f 8559/8559 8552/8552 8535/8535
f 8558/8558 8560/8560 8561/8561
f 8555/8555 8558/8558 8556/8556
f 8535/8535 8554/8554 8536/8536
f 8560/8560 8558/8558 8562/8562
f 8562/8562 8558/8558 8563/8563
f 8563/8563 8558/8558 8564/8564
f 8564/8564 8558/8558 8565/8565
f 8558/8558 8557/8557 8565/8565
f 8566/8566 8557/8557 8555/8555
f 8567/8567 8555/8555 8568/8568
f 8568/8568 8555/8555 8552/8552
f 8569/8569 8555/8555 8567/8567
f 8555/8555 8570/8570 8571/8571
f 8555/8555 8569/8569 8570/8570
f 8568/8568 8552/8552 8559/8559
f 8571/8571 8572/8572 8566/8566
f 8573/8573 8574/8574 8575/8575
f 8573/8573 8572/8572 8574/8574
f 8573/8573 8576/8576 8577/8577
f 8577/8577 8578/8578 8573/8573
f 8575/8575 8576/8576 8573/8573
f 8572/8572 8573/8573 8566/8566
f 8559/8559 8535/8535 8538/8538
f 8555/8555 8571/8571 8566/8566
f 8547/8547 8579/8579 8546/8546
f 8580/8580 8547/8547 8581/8581
f 8581/8581 8582/8582 8580/8580
f 8583/8583 8581/8581 8584/8584
f 8585/8585 8584/8584 8581/8581
f 8582/8582 8581/8581 8583/8583
f 8585/8585 8586/8586 8587/8587
f 8587/8587 8588/8588 8589/8589
f 8588/8588 8590/8590 8591/8591
f 8592/8592 8588/8588 8593/8593
f 8592/8592 8590/8590 8588/8588
f 8591/8591 8589/8589 8588/8588
f 8581/8581 8586/8586 8585/8585
f 8586/8586 8594/8594 8588/8588
f 8587/8587 8586/8586 8588/8588
f 8595/8595 8594/8594 8586/8586
f 8594/8594 8596/8596 8597/8597
f 8594/8594 8598/8598 8588/8588
f 8596/8596 8594/8594 8595/8595
f 8599/8599 8588/8588 8598/8598
f 8600/8600 8601/8601 8593/8593
f 8601/8601 8602/8602 8593/8593
f 8593/8593 8603/8603 8600/8600
f 8593/8593 8602/8602 8592/8592
f 8604/8604 8593/8593 8605/8605
f 8593/8593 8606/8606 8605/8605
f 8593/8593 8599/8599 8606/8606
f 8607/8607 8608/8608 8609/8609
f 8610/8610 8611/8611 8612/8612
f 8613/8613 8614/8614 8615/8615
f 8614/8614 8607/8607 8616/8616
f 8603/8603 8617/8617 8613/8613
f 8607/8607 8609/8609 8616/8616
f 8578/8578 8618/8618 8619/8619
f 8620/8620 8619/8619 8618/8618
f 8619/8619 8621/8621 8612/8612
f 8621/8621 8619/8619 8622/8622
f 8620/8620 8622/8622 8619/8619
f 8611/8611 8619/8619 8612/8612
f 8607/8607 8610/8610 8608/8608
f 8603/8603 8615/8615 8600/8600
f 8623/8623 8624/8624 8607/8607
f 8607/8607 8625/8625 8626/8626
f 8627/8627 8628/8628 8623/8623
f 8614/8614 8613/8613 8607/8607
f 8613/8613 8617/8617 8625/8625
f 8607/8607 8626/8626 8623/8623
f 8613/8613 8615/8615 8603/8603
f 8624/8624 8623/8623 8629/8629
f 8607/8607 8624/8624 8611/8611
f 8623/8623 8630/8630 8631/8631
f 8631/8631 8632/8632 8623/8623
f 8623/8623 8632/8632 8629/8629
f 8623/8623 8628/8628 8630/8630
f 8610/8610 8607/8607 8611/8611
f 8633/8633 8634/8634 8635/8635
f 8636/8636 8634/8634 8637/8637
f 8638/8638 8639/8639 8640/8640
f 8641/8641 8642/8642 8643/8643
f 8638/8638 8644/8644 8641/8641
f 8636/8636 8639/8639 8645/8645
f 8646/8646 8647/8647 8648/8648
f 8649/8649 8650/8650 8647/8647
f 8651/8651 8650/8650 8649/8649
f 8646/8646 8649/8649 8647/8647
f 8652/8652 8649/8649 8646/8646
f 8653/8653 8651/8651 8649/8649
f 8654/8654 8655/8655 8653/8653
f 8656/8656 8654/8654 8657/8657
f 8658/8658 8657/8657 8659/8659
f 8657/8657 8654/8654 8659/8659
f 8654/8654 8656/8656 8655/8655
f 8649/8649 8654/8654 8653/8653
f 8660/8660 8652/8652 8661/8661
f 8649/8649 8660/8660 8662/8662
f 8662/8662 8663/8663 8649/8649
f 8663/8663 8664/8664 8649/8649
f 8654/8654 8664/8664 8665/8665
f 8666/8666 8667/8667 8654/8654
f 8665/8665 8668/8668 8654/8654
f 8659/8659 8654/8654 8667/8667
f 8654/8654 8668/8668 8666/8666
f 8667/8667 8666/8666 8669/8669
f 8649/8649 8652/8652 8660/8660
f 8670/8670 8671/8671 8672/8672
f 8673/8673 8672/8672 8671/8671
f 8672/8672 8674/8674 8670/8670
f 8675/8675 8676/8676 8677/8677
f 8671/8671 8675/8675 8673/8673
f 8677/8677 8673/8673 8675/8675
f 8678/8678 8679/8679 8680/8680
f 8681/8681 8682/8682 8683/8683
f 8684/8684 8683/8683 8685/8685
f 8684/8684 8686/8686 8687/8687
f 8678/8678 8680/8680 8682/8682
f 8688/8688 8686/8686 8685/8685
f 8685/8685 8686/8686 8684/8684
f 8689/8689 8682/8682 8680/8680
f 8690/8690 8691/8691 8692/8692
f 8693/8693 8690/8690 8692/8692
f 8694/8694 8695/8695 8690/8690
f 8696/8696 8697/8697 8698/8698
f 8690/8690 8693/8693 8694/8694
f 8692/8692 8698/8698 8693/8693
f 8698/8698 8697/8697 8699/8699
f 8698/8698 8700/8700 8693/8693
f 8698/8698 8699/8699 8700/8700
f 8694/8694 8701/8701 8702/8702
f 8694/8694 8703/8703 8704/8704
f 8694/8694 8702/8702 8703/8703
f 8694/8694 8693/8693 8701/8701
f 8705/8705 8706/8706 8707/8707
f 8705/8705 8708/8708 8706/8706
f 8705/8705 8709/8709 8710/8710
f 8711/8711 8712/8712 8713/8713
f 8713/8713 8709/8709 8711/8711
f 8710/8710 8708/8708 8705/8705
f 8711/8711 8714/8714 8712/8712
f 8715/8715 8709/8709 8705/8705
f 8705/8705 8716/8716 8715/8715
f 8711/8711 8709/8709 8715/8715
f 8714/8714 8711/8711 8717/8717
f 8715/8715 8718/8718 8719/8719
f 8719/8719 8711/8711 8715/8715
f 8720/8720 8721/8721 8722/8722
f 8721/8721 8723/8723 8722/8722
f 8724/8724 8725/8725 8726/8726
f 8723/8723 8727/8727 8728/8728
f 8727/8727 8726/8726 8728/8728
f 8725/8725 8724/8724 8729/8729
f 8730/8730 8722/8722 8731/8731
f 8731/8731 8722/8722 8723/8723
f 8732/8732 8728/8728 8725/8725
f 8726/8726 8725/8725 8728/8728
f 8725/8725 8733/8733 8732/8732
f 8731/8731 8728/8728 8734/8734
f 8731/8731 8723/8723 8728/8728
f 8735/8735 8725/8725 8729/8729
f 8736/8736 8737/8737 8735/8735
f 8729/8729 8736/8736 8735/8735
f 8736/8736 8738/8738 8737/8737
f 8739/8739 8740/8740 8741/8741
f 8739/8739 8742/8742 8740/8740
f 8738/8738 8742/8742 8743/8743
f 8744/8744 8739/8739 8741/8741
f 8745/8745 8743/8743 8746/8746
f 8738/8738 8743/8743 8737/8737
f 8737/8737 8733/8733 8735/8735
f 8739/8739 8746/8746 8743/8743
f 8739/8739 8747/8747 8748/8748
f 8747/8747 8739/8739 8744/8744
f 8739/8739 8743/8743 8742/8742
f 8749/8749 8750/8750 8751/8751
f 8749/8749 8752/8752 8753/8753
f 8754/8754 8749/8749 8751/8751
f 8751/8751 8755/8755 8754/8754
f 8752/8752 8756/8756 8753/8753
f 8754/8754 8752/8752 8749/8749
f 8757/8757 8758/8758 8759/8759
f 8760/8760 8757/8757 8759/8759
f 8760/8760 8761/8761 8762/8762
f 8762/8762 8763/8763 8760/8760
f 8759/8759 8761/8761 8760/8760
f 8764/8764 8765/8765 8766/8766
f 8766/8766 8765/8765 8767/8767
f 8764/8764 8766/8766 8768/8768
f 8769/8769 8770/8770 8765/8765
f 8771/8771 8772/8772 8770/8770
f 8770/8770 8772/8772 8765/8765
f 8764/8764 8769/8769 8765/8765
f 8773/8773 8774/8774 8775/8775
f 8776/8776 8773/8773 8775/8775
f 8775/8775 8777/8777 8776/8776
f 8777/8777 8778/8778 8776/8776
f 8779/8779 8777/8777 8775/8775
f 8780/8780 8781/8781 8782/8782
f 8783/8783 8784/8784 8785/8785
f 8786/8786 8787/8787 8784/8784
f 8783/8783 8788/8788 8782/8782
f 8788/8788 8789/8789 8780/8780
f 8782/8782 8788/8788 8780/8780
f 8790/8790 8791/8791 8792/8792
f 8793/8793 8794/8794 8795/8795
f 8796/8796 8797/8797 8791/8791
f 8794/8794 8793/8793 8797/8797
f 8787/8787 8790/8790 8792/8792
f 8793/8793 8798/8798 8797/8797
f 8799/8799 8800/8800 8801/8801
f 8802/8802 8803/8803 8799/8799
f 8803/8803 8804/8804 8805/8805
f 8805/8805 8806/8806 8807/8807
f 8799/8799 8801/8801 8802/8802
f 8804/8804 8808/8808 8805/8805
f 8802/8802 8804/8804 8803/8803
f 8809/8809 8806/8806 8808/8808
f 8808/8808 8806/8806 8805/8805
f 8810/8810 8802/8802 8801/8801
f 8811/8811 8812/8812 8813/8813
f 8812/8812 8811/8811 8814/8814
f 8815/8815 8811/8811 8813/8813
f 8816/8816 8817/8817 8815/8815
f 8817/8817 8811/8811 8815/8815
f 8818/8818 8816/8816 8815/8815
f 8819/8819 8820/8820 8821/8821
f 8819/8819 8822/8822 8823/8823
f 8823/8823 8824/8824 8825/8825
f 8825/8825 8826/8826 8827/8827
f 8819/8819 8821/8821 8828/8828
f 8829/8829 8826/8826 8824/8824
f 8824/8824 8826/8826 8825/8825
f 8830/8830 8828/8828 8821/8821
f 8831/8831 8832/8832 8833/8833
f 8832/8832 8831/8831 8834/8834
f 8835/8835 8834/8834 8831/8831
f 8836/8836 8832/8832 8834/8834
f 8837/8837 8838/8838 8836/8836
f 8838/8838 8839/8839 8840/8840
f 8839/8839 8838/8838 8837/8837
f 8834/8834 8841/8841 8837/8837
f 8842/8842 8835/8835 8843/8843
f 8836/8836 8834/8834 8837/8837
f 8839/8839 8837/8837 8844/8844
f 8845/8845 8844/8844 8837/8837
f 8844/8844 8845/8845 8846/8846
f 8845/8845 8837/8837 8841/8841
f 8835/8835 8842/8842 8834/8834
f 8847/8847 8848/8848 8849/8849
f 8850/8850 8851/8851 8847/8847
f 8852/8852 8853/8853 8854/8854
f 8855/8855 8856/8856 8857/8857
f 8858/8858 8859/8859 8860/8860
f 8861/8861 8855/8855 8859/8859
f 8854/8854 8857/8857 8856/8856
f 8859/8859 8858/8858 8861/8861
f 8862/8862 8863/8863 8864/8864
f 8865/8865 8866/8866 8862/8862
f 8866/8866 8863/8863 8862/8862
f 8867/8867 8866/8866 8865/8865
f 8868/8868 8869/8869 8864/8864
f 8870/8870 8871/8871 8872/8872
f 8873/8873 8874/8874 8870/8870
f 8874/8874 8871/8871 8870/8870
f 8869/8869 8862/8862 8864/8864
f 8872/8872 8871/8871 8869/8869
f 8872/8872 8869/8869 8868/8868
f 8875/8875 8876/8876 8877/8877
f 8876/8876 8878/8878 8877/8877
f 8879/8879 8880/8880 8881/8881
f 8878/8878 8876/8876 8881/8881
f 8876/8876 8879/8879 8881/8881
f 8875/8875 8877/8877 8867/8867
f 8882/8882 8879/8879 8883/8883
f 8882/8882 8883/8883 8884/8884
f 8885/8885 8884/8884 8883/8883
f 8886/8886 8884/8884 8885/8885
f 8880/8880 8879/8879 8882/8882
f 8875/8875 8867/8867 8865/8865
f 8887/8887 8888/8888 8889/8889
f 8887/8887 8890/8890 8891/8891
f 8890/8890 8892/8892 8891/8891
f 8873/8873 8889/8889 8888/8888
f 8891/8891 8888/8888 8887/8887
f 8893/8893 8892/8892 8894/8894
f 8895/8895 8893/8893 8894/8894
f 8896/8896 8893/8893 8897/8897
f 8895/8895 8897/8897 8893/8893
f 8890/8890 8894/8894 8892/8892
f 8898/8898 8899/8899 8886/8886
f 8898/8898 8886/8886 8885/8885
f 8900/8900 8901/8901 8898/8898
f 8899/8899 8898/8898 8901/8901
f 8900/8900 8902/8902 8901/8901
f 8903/8903 8902/8902 8900/8900
f 8904/8904 8905/8905 8906/8906
f 8907/8907 8905/8905 8904/8904
f 8903/8903 8908/8908 8902/8902
f 8907/8907 8908/8908 8905/8905
f 8905/8905 8908/8908 8903/8903
f 8888/8888 8874/8874 8873/8873
f 8909/8909 8910/8910 8911/8911
f 8910/8910 8909/8909 8912/8912
f 8913/8913 8910/8910 8912/8912
f 8914/8914 8915/8915 8916/8916
f 8910/8910 8913/8913 8914/8914
f 8915/8915 8914/8914 8913/8913
f 8917/8917 8918/8918 8919/8919
f 8920/8920 8921/8921 8917/8917
f 8921/8921 8922/8922 8923/8923
f 8921/8921 8918/8918 8917/8917
f 8922/8922 8921/8921 8920/8920
f 8924/8924 8925/8925 8926/8926
f 8927/8927 8926/8926 8928/8928
f 8929/8929 8930/8930 8924/8924
f 8926/8926 8929/8929 8924/8924
f 8929/8929 8926/8926 8927/8927
f 8927/8927 8928/8928 8931/8931
f 8932/8932 8933/8933 8934/8934
f 8932/8932 8935/8935 8936/8936
f 8936/8936 8933/8933 8932/8932
f 8937/8937 8931/8931 8934/8934
f 8934/8934 8933/8933 8937/8937
f 8936/8936 8938/8938 8933/8933
f 8928/8928 8934/8934 8931/8931
f 8939/8939 8940/8940 8941/8941
f 8940/8940 8939/8939 8942/8942
f 8939/8939 8941/8941 8943/8943
f 8944/8944 8943/8943 8945/8945
f 8944/8944 8945/8945 8946/8946
f 8947/8947 8946/8946 8945/8945
f 8939/8939 8943/8943 8944/8944
f 8948/8948 8949/8949 8950/8950
f 8951/8951 8952/8952 8948/8948
f 8948/8948 8953/8953 8954/8954
f 8952/8952 8953/8953 8948/8948
f 8954/8954 8949/8949 8948/8948
f 8955/8955 8956/8956 8957/8957
f 8957/8957 8958/8958 8955/8955
f 8956/8956 8949/8949 8957/8957
f 8949/8949 8959/8959 8960/8960
f 8949/8949 8960/8960 8961/8961
f 8962/8962 8957/8957 8961/8961
f 8949/8949 8956/8956 8950/8950
f 8963/8963 8958/8958 8957/8957
f 8964/8964 8949/8949 8954/8954
f 8965/8965 8966/8966 8967/8967
f 8968/8968 8967/8967 8966/8966
f 8969/8969 8965/8965 8967/8967
f 8970/8970 8969/8969 8971/8971
f 8967/8967 8971/8971 8969/8969
f 8972/8972 8970/8970 8971/8971
f 8957/8957 8949/8949 8961/8961
f 8967/8967 8968/8968 8973/8973
f 8964/8964 8974/8974 8949/8949
f 8973/8973 8964/8964 8954/8954
f 8974/8974 8959/8959 8949/8949
f 8957/8957 8962/8962 8975/8975
f 8973/8973 8954/8954 8967/8967
f 8963/8963 8976/8976 8977/8977
f 8978/8978 8979/8979 8976/8976
f 8980/8980 8978/8978 8963/8963
f 8981/8981 8982/8982 8978/8978
f 8976/8976 8963/8963 8978/8978
f 8957/8957 8975/8975 8983/8983
f 8982/8982 8979/8979 8978/8978
f 8984/8984 8985/8985 8986/8986
f 8987/8987 8982/8982 8985/8985
f 8986/8986 8985/8985 8988/8988
f 8989/8989 8985/8985 8982/8982
f 8989/8989 8988/8988 8985/8985
f 8989/8989 8982/8982 8990/8990
f 8983/8983 8963/8963 8957/8957
f 8978/8978 8980/8980 8981/8981
f 8983/8983 8980/8980 8963/8963
f 8982/8982 8991/8991 8992/8992
f 8982/8982 8993/8993 8991/8991
f 8982/8982 8981/8981 8993/8993
f 8994/8994 8995/8995 8996/8996
f 8989/8989 8995/8995 8994/8994
f 8994/8994 8997/8997 8998/8998
f 8999/8999 9000/9000 9001/9001
f 8998/8998 9000/9000 8994/8994
f 8996/8996 8997/8997 8994/8994
f 8995/8995 8989/8989 8990/8990
f 8992/8992 8990/8990 8982/8982
f 9002/9002 8972/8972 9003/9003
f 8971/8971 9003/9003 8972/8972
f 9004/9004 9002/9002 9003/9003
f 9003/9003 9005/9005 9004/9004
f 9003/9003 9006/9006 9005/9005
f 9007/9007 9006/9006 9008/9008
f 9007/9007 9009/9009 9010/9010
f 9009/9009 9011/9011 9010/9010
f 9009/9009 9012/9012 9013/9013
f 9012/9012 9009/9009 9014/9014
f 9013/9013 9011/9011 9009/9009
f 9003/9003 9008/9008 9006/9006
f 9015/9015 9016/9016 9008/9008
f 9017/9017 9016/9016 9015/9015
f 9009/9009 9008/9008 9016/9016
f 9018/9018 9016/9016 9017/9017
f 9019/9019 9009/9009 9016/9016
f 9014/9014 9020/9020 9021/9021
f 9014/9014 9022/9022 9023/9023
f 9014/9014 9021/9021 9024/9024
f 9014/9014 9024/9024 9012/9012
f 9025/9025 9020/9020 9014/9014
f 9023/9023 9026/9026 9014/9014
f 9014/9014 9009/9009 9022/9022
f 9022/9022 9009/9009 9019/9019
f 9027/9027 9014/9014 9026/9026
f 9007/9007 9008/9008 9009/9009
f 9028/9028 9029/9029 9030/9030
f 9029/9029 9031/9031 9030/9030
f 9032/9032 9033/9033 9034/9034
f 9035/9035 9036/9036 9037/9037
f 9038/9038 8999/8999 9001/9001
f 9031/9031 9039/9039 9040/9040
f 9038/9038 9041/9041 9031/9031
f 9039/9039 9031/9031 9041/9041
f 9031/9031 9040/9040 9030/9030
f 9035/9035 9028/9028 9036/9036
f 9033/9033 9032/9032 9035/9035
f 9025/9025 9042/9042 9032/9032
f 9034/9034 9025/9025 9032/9032
f 9035/9035 9043/9043 9033/9033
f 9032/9032 9042/9042 9044/9044
f 9035/9035 9044/9044 9045/9045
f 9046/9046 9029/9029 9047/9047
f 9035/9035 9047/9047 9029/9029
f 9035/9035 9029/9029 9028/9028
f 9046/9046 9047/9047 9048/9048
f 9047/9047 9049/9049 9048/9048
f 9045/9045 9047/9047 9035/9035
f 9043/9043 9035/9035 9037/9037
f 9034/9034 9020/9020 9025/9025
f 9050/9050 9051/9051 9052/9052
f 9053/9053 9052/9052 9054/9054
f 9052/9052 9055/9055 9056/9056
f 9054/9054 9056/9056 9057/9057
f 9058/9058 9057/9057 9059/9059
f 9060/9060 9059/9059 9061/9061
f 9062/9062 9061/9061 9063/9063
f 9064/9064 9065/9065 9066/9066
f 9067/9067 9064/9064 9068/9068
f 9069/9069 9070/9070 9064/9064
f 9064/9064 9071/9071 9068/9068
f 9067/9067 9068/9068 9072/9072
f 9069/9069 9073/9073 9074/9074
f 9069/9069 9075/9075 9073/9073
f 9064/9064 9070/9070 9071/9071
f 9069/9069 9074/9074 9070/9070
f 9075/9075 9069/9069 9076/9076
f 9077/9077 9067/9067 9072/9072
f 9066/9066 9065/9065 9078/9078
f 9079/9079 9078/9078 9080/9080
f 9065/9065 9080/9080 9078/9078
f 9081/9081 9078/9078 9079/9079
f 9065/9065 9064/9064 9067/9067
f 9067/9067 9082/9082 9083/9083
f 9084/9084 9082/9082 9067/9067
f 9083/9083 9085/9085 9086/9086
f 9086/9086 9087/9087 9088/9088
f 9083/9083 9082/9082 9089/9089
f 9090/9090 9084/9084 9067/9067
f 9067/9067 9077/9077 9090/9090
f 9091/9091 9092/9092 9093/9093
f 9092/9092 9091/9091 9076/9076
f 9093/9093 9094/9094 9091/9091
f 9094/9094 9093/9093 9095/9095
f 9069/9069 9092/9092 9076/9076
f 9096/9096 9095/9095 9097/9097
f 9098/9098 9096/9096 9097/9097
f 9099/9099 9100/9100 9101/9101
f 9098/9098 9097/9097 9099/9099
f 9102/9102 9103/9103 9100/9100
f 9094/9094 9095/9095 9096/9096
f 9104/9104 9089/9089 9105/9105
f 9106/9106 9089/9089 9104/9104
f 9086/9086 9107/9107 9087/9087
f 9108/9108 9083/9083 9109/9109
f 9109/9109 9083/9083 9106/9106
f 9106/9106 9083/9083 9089/9089
f 9098/9098 9099/9099 9101/9101
f 9103/9103 9101/9101 9100/9100
f 9085/9085 9107/9107 9086/9086
f 9085/9085 9083/9083 9108/9108
f 9110/9110 9087/9087 9107/9107
f 9110/9110 9111/9111 9087/9087
f 9112/9112 9081/9081 9113/9113
f 9113/9113 9081/9081 9079/9079
f 9114/9114 9081/9081 9115/9115
f 9081/9081 9112/9112 9115/9115
f 9115/9115 9116/9116 9114/9114
f 9117/9117 9118/9118 9111/9111
f 9111/9111 9119/9119 9117/9117
f 9111/9111 9120/9120 9119/9119
f 9121/9121 9122/9122 9120/9120
f 9118/9118 9087/9087 9111/9111
f 9123/9123 9114/9114 9116/9116
f 9124/9124 9114/9114 9125/9125
f 9125/9125 9114/9114 9123/9123
f 9126/9126 9114/9114 9124/9124
f 9127/9127 9128/9128 9126/9126
f 9114/9114 9126/9126 9128/9128
f 9129/9129 9127/9127 9126/9126
f 9121/9121 9130/9130 9122/9122
f 9131/9131 9132/9132 9133/9133
f 9132/9132 9134/9134 9129/9129
f 9129/9129 9133/9133 9132/9132
f 9127/9127 9129/9129 9134/9134
f 9121/9121 9131/9131 9130/9130
f 9111/9111 9135/9135 9121/9121
f 9111/9111 9121/9121 9120/9120
f 9132/9132 9121/9121 9136/9136
f 9135/9135 9136/9136 9121/9121
f 9137/9137 9132/9132 9136/9136
f 9131/9131 9121/9121 9132/9132
f 9110/9110 9135/9135 9111/9111
f 9138/9138 9139/9139 9137/9137
f 9139/9139 9132/9132 9137/9137
f 9140/9140 9141/9141 9142/9142
f 9143/9143 9140/9140 9144/9144
f 9144/9144 9139/9139 9138/9138
f 9141/9141 9140/9140 9143/9143
f 9140/9140 9139/9139 9144/9144
f 9145/9145 9142/9142 9146/9146
f 9147/9147 9148/9148 9146/9146
f 9145/9145 9140/9140 9142/9142
f 9146/9146 9148/9148 9145/9145
f 9148/9148 9147/9147 9149/9149
f 9150/9150 9151/9151 9152/9152
f 9153/9153 9154/9154 9151/9151
f 9154/9154 9153/9153 9149/9149
f 9151/9151 9150/9150 9153/9153
f 9150/9150 9152/9152 9155/9155
f 9147/9147 9154/9154 9149/9149
f 9134/9134 9132/9132 9139/9139
f 9087/9087 9118/9118 9088/9088
f 9156/9156 9103/9103 9102/9102
f 9157/9157 9158/9158 9159/9159
f 9158/9158 9157/9157 9156/9156
f 9159/9159 9160/9160 9157/9157
f 9160/9160 9159/9159 9161/9161
f 9102/9102 9158/9158 9156/9156
f 9162/9162 9161/9161 9163/9163
f 9164/9164 9163/9163 9165/9165
f 9163/9163 9166/9166 9162/9162
f 9163/9163 9164/9164 9166/9166
f 9164/9164 9165/9165 9167/9167
f 9160/9160 9161/9161 9162/9162
f 9168/9168 9167/9167 9165/9165
f 9169/9169 9170/9170 9171/9171
f 9050/9050 9172/9172 9170/9170
f 9171/9171 9168/9168 9169/9169
f 9050/9050 9053/9053 9172/9172
f 9173/9173 9053/9053 9058/9058
f 9172/9172 9053/9053 9173/9173
f 9174/9174 9173/9173 9060/9060
f 9062/9062 9175/9175 9174/9174
f 9169/9169 9050/9050 9170/9170
f 9168/9168 9165/9165 9169/9169
f 9176/9176 9169/9169 9165/9165
f 9051/9051 9176/9176 9177/9177
f 9177/9177 9055/9055 9051/9051
f 9055/9055 9177/9177 9178/9178
f 9054/9054 9058/9058 9053/9053
f 9055/9055 9179/9179 9180/9180
f 9055/9055 9180/9180 9056/9056
f 9057/9057 9056/9056 9181/9181
f 9180/9180 9181/9181 9056/9056
f 9182/9182 9057/9057 9181/9181
f 9179/9179 9055/9055 9178/9178
f 9174/9174 9060/9060 9062/9062
f 9060/9060 9173/9173 9058/9058
f 9183/9183 9062/9062 9184/9184
f 9185/9185 9186/9186 9187/9187
f 9185/9185 9187/9187 9184/9184
f 9183/9183 9175/9175 9062/9062
f 9061/9061 9182/9182 9188/9188
f 9188/9188 9063/9063 9061/9061
f 9189/9189 9063/9063 9188/9188
f 9184/9184 9062/9062 9185/9185
f 9063/9063 9190/9190 9062/9062
f 9190/9190 9191/9191 9062/9062
f 9192/9192 9190/9190 9063/9063
f 9191/9191 9185/9185 9062/9062
f 9193/9193 9194/9194 9195/9195
f 9196/9196 9197/9197 9194/9194
f 9198/9198 9199/9199 9200/9200
f 9201/9201 9202/9202 9199/9199
f 9195/9195 9192/9192 9193/9193
f 9203/9203 9204/9204 9202/9202
f 9205/9205 9206/9206 9207/9207
f 9208/9208 9209/9209 9205/9205
f 9207/9207 9206/9206 9155/9155
f 9205/9205 9209/9209 9206/9206
f 9209/9209 9208/9208 9210/9210
f 9207/9207 9155/9155 9152/9152
f 9211/9211 9212/9212 9213/9213
f 9214/9214 9215/9215 9211/9211
f 9213/9213 9212/9212 9210/9210
f 9211/9211 9215/9215 9212/9212
f 9216/9216 9215/9215 9214/9214
f 9208/9208 9213/9213 9210/9210
f 9216/9216 9214/9214 9204/9204
f 9217/9217 9218/9218 9219/9219
f 9219/9219 9218/9218 9197/9197
f 9220/9220 9221/9221 9217/9217
f 9218/9218 9217/9217 9221/9221
f 9222/9222 9221/9221 9220/9220
f 9223/9223 9063/9063 9189/9189
f 9224/9224 9189/9189 9188/9188
f 9196/9196 9219/9219 9197/9197
f 9193/9193 9196/9196 9194/9194
f 9225/9225 9193/9193 9192/9192
f 9063/9063 9225/9225 9192/9192
f 9200/9200 9226/9226 9198/9198
f 9220/9220 9226/9226 9222/9222
f 9199/9199 9198/9198 9201/9201
f 9227/9227 9203/9203 9202/9202
f 9227/9227 9202/9202 9201/9201
f 9216/9216 9204/9204 9203/9203
f 9222/9222 9226/9226 9200/9200
f 9228/9228 9229/9229 9230/9230
f 9216/9216 9229/9229 9228/9228
f 9228/9228 9230/9230 9231/9231
f 9232/9232 9231/9231 9230/9230
f 9203/9203 9229/9229 9216/9216
f 9223/9223 9225/9225 9063/9063
f 9233/9233 9234/9234 9235/9235
f 9236/9236 9233/9233 9235/9235
f 9233/9233 9236/9236 9237/9237
f 9235/9235 9238/9238 9236/9236
f 9239/9239 9240/9240 9241/9241
f 9240/9240 9239/9239 9242/9242
f 9243/9243 9242/9242 9239/9239
f 9244/9244 9240/9240 9242/9242
f 9245/9245 9246/9246 9244/9244
f 9246/9246 9247/9247 9248/9248
f 9247/9247 9246/9246 9245/9245
f 9242/9242 9245/9245 9244/9244
f 9249/9249 9243/9243 9250/9250
f 9249/9249 9251/9251 9242/9242
f 9245/9245 9251/9251 9252/9252
f 9247/9247 9245/9245 9253/9253
f 9252/9252 9253/9253 9245/9245
f 9253/9253 9252/9252 9254/9254
f 9243/9243 9249/9249 9242/9242
f 9255/9255 9256/9256 9257/9257
f 9255/9255 9258/9258 9259/9259
f 9258/9258 9260/9260 9259/9259
f 9261/9261 9258/9258 9255/9255
f 9262/9262 9263/9263 9264/9264
f 9265/9265 9266/9266 9262/9262
f 9267/9267 9268/9268 9266/9266
f 9262/9262 9266/9266 9268/9268
f 9265/9265 9262/9262 9264/9264
f 9269/9269 9265/9265 9270/9270
f 9271/9271 9265/9265 9269/9269
f 9272/9272 9273/9273 9271/9271
f 9271/9271 9273/9273 9266/9266
f 9265/9265 9271/9271 9266/9266
f 9274/9274 9275/9275 9276/9276
f 9277/9277 9274/9274 9276/9276
f 9278/9278 9275/9275 9274/9274
f 9278/9278 9279/9279 9280/9280
f 9279/9279 9278/9278 9281/9281
f 9278/9278 9280/9280 9275/9275
f 9282/9282 9283/9283 9284/9284
f 9285/9285 9283/9283 9282/9282
f 9286/9286 9283/9283 9285/9285
f 9276/9276 9287/9287 9277/9277
f 9288/9288 9277/9277 9287/9287
f 9287/9287 9283/9283 9288/9288
f 9286/9286 9288/9288 9283/9283
f 9289/9289 9290/9290 9291/9291
f 9292/9292 9289/9289 9291/9291
f 9293/9293 9291/9291 9290/9290
f 9294/9294 9293/9293 9290/9290
f 9290/9290 9295/9295 9294/9294
f 9290/9290 9296/9296 9295/9295
f 9297/9297 9298/9298 9299/9299
f 9298/9298 9297/9297 9300/9300
f 9301/9301 9298/9298 9300/9300
f 9289/9289 9292/9292 9302/9302
f 9303/9303 9302/9302 9292/9292
f 9303/9303 9301/9301 9302/9302
f 9301/9301 9303/9303 9298/9298
f 9304/9304 9305/9305 9306/9306
f 9307/9307 9305/9305 9304/9304
f 9308/9308 9307/9307 9304/9304
f 9308/9308 9309/9309 9310/9310
f 9305/9305 9307/9307 9311/9311
f 9309/9309 9312/9312 9313/9313
f 9314/9314 9313/9313 9312/9312
f 9315/9315 9316/9316 9317/9317
f 9318/9318 9319/9319 9320/9320
f 9315/9315 9321/9321 9314/9314
f 9322/9322 9316/9316 9318/9318
f 9319/9319 9318/9318 9316/9316
f 9323/9323 9324/9324 9325/9325
f 9326/9326 9327/9327 9328/9328
f 9326/9326 9329/9329 9327/9327
f 9328/9328 9324/9324 9326/9326
f 9329/9329 9326/9326 9330/9330
f 9323/9323 9326/9326 9324/9324
f 9331/9331 9326/9326 9323/9323
f 9332/9332 9329/9329 9330/9330
f 9333/9333 9334/9334 9330/9330
f 9332/9332 9330/9330 9334/9334
f 9335/9335 9333/9333 9330/9330
f 9326/9326 9336/9336 9330/9330
f 9335/9335 9337/9337 9338/9338
f 9339/9339 9340/9340 9341/9341
f 9341/9341 9342/9342 9343/9343
f 9340/9340 9339/9339 9337/9337
f 9344/9344 9345/9345 9346/9346
f 9347/9347 9343/9343 9342/9342
f 9347/9347 9345/9345 9344/9344
f 9348/9348 9346/9346 9349/9349
f 9346/9346 9345/9345 9349/9349
f 9340/9340 9337/9337 9335/9335
f 9335/9335 9338/9338 9333/9333
f 9330/9330 9350/9350 9335/9335
f 9351/9351 9331/9331 9352/9352
f 9351/9351 9353/9353 9326/9326
f 9353/9353 9354/9354 9326/9326
f 9336/9336 9355/9355 9330/9330
f 9355/9355 9356/9356 9330/9330
f 9335/9335 9350/9350 9357/9357
f 9335/9335 9357/9357 9358/9358
f 9340/9340 9335/9335 9358/9358
f 9340/9340 9359/9359 9342/9342
f 9358/9358 9360/9360 9340/9340
f 9342/9342 9361/9361 9345/9345
f 9362/9362 9363/9363 9345/9345
f 9349/9349 9345/9345 9363/9363
f 9347/9347 9342/9342 9345/9345
f 9341/9341 9340/9340 9342/9342
f 9342/9342 9359/9359 9364/9364
f 9345/9345 9365/9365 9362/9362
f 9363/9363 9362/9362 9366/9366
f 9345/9345 9361/9361 9365/9365
f 9351/9351 9326/9326 9331/9331
f 9367/9367 9368/9368 9369/9369
f 9370/9370 9367/9367 9371/9371
f 9369/9369 9371/9371 9367/9367
f 9371/9371 9369/9369 9372/9372
f 9373/9373 9372/9372 9374/9374
f 9375/9375 9376/9376 9373/9373
f 9372/9372 9373/9373 9376/9376
f 9371/9371 9372/9372 9376/9376
f 45/45 47/47 41/41
f 38/38 48/48 46/46
f 58/58 50/50 56/56
f 50/50 58/58 46/46
f 52/52 61/61 59/59
f 100/100 99/99 101/101
f 103/103 108/108 102/102
f 108/108 116/116 109/109
f 108/108 103/103 111/111
f 112/112 111/111 113/113
f 108/108 112/112 115/115
f 112/112 114/114 117/117
f 113/113 119/119 118/118
f 117/117 114/114 118/118
f 129/129 128/128 130/130
f 132/132 138/138 129/129
f 136/136 129/129 138/138
f 138/138 132/132 140/140
f 142/142 144/144 141/141
f 141/141 9377/9377 139/139
f 142/142 145/145 143/143
f 148/148 9377/9377 141/141
f 148/148 144/144 143/143
f 173/173 185/185 174/174
f 176/176 179/179 177/177
f 173/173 175/175 179/179
f 182/182 178/178 177/177
f 222/222 219/219 228/228
f 244/244 248/248 245/245
f 244/244 9378/9378 247/247
f 243/243 246/246 245/245
f 251/251 257/257 252/252
f 255/255 258/258 252/252
f 247/247 9378/9378 251/251
f 358/358 355/355 359/359
f 358/358 360/360 361/361
f 370/370 374/374 371/371
f 370/370 9379/9379 373/373
f 372/372 371/371 375/375
f 377/377 384/384 378/378
f 377/377 381/381 383/383
f 373/373 9379/9379 379/379
f 389/389 386/386 390/390
f 389/389 391/391 392/392
f 437/437 9380/9380 439/439
f 439/439 449/449 442/442
f 439/439 9380/9380 444/444
f 445/445 444/444 446/446
f 439/439 445/445 448/448
f 445/445 447/447 450/450
f 451/451 454/454 447/447
f 450/450 447/447 454/454
f 458/458 467/467 461/461
f 462/462 461/461 463/463
f 481/481 480/480 482/482
f 484/484 492/492 485/485
f 485/485 496/496 489/489
f 491/491 485/485 492/492
f 491/491 493/493 494/494
f 491/491 497/497 496/496
f 495/495 9381/9381 497/497
f 498/498 501/501 495/495
f 502/502 9381/9381 495/495
f 536/536 623/623 537/537
f 539/539 623/623 536/536
f 536/536 538/538 541/541
f 543/543 540/540 536/536
f 544/544 540/540 543/543
f 542/542 541/541 546/546
f 543/543 542/542 547/547
f 549/549 545/545 543/543
f 550/550 554/554 551/551
f 553/553 621/621 554/554
f 546/546 621/621 553/553
f 556/556 547/547 546/546
f 548/548 547/547 556/556
f 549/549 548/548 557/557
f 550/550 552/552 559/559
f 561/561 553/553 550/550
f 555/555 553/553 561/561
f 556/556 555/555 562/562
f 564/564 557/557 556/556
f 558/558 557/557 564/564
f 566/566 560/560 559/559
f 568/568 561/561 560/560
f 562/562 561/561 568/568
f 570/570 563/563 562/562
f 571/571 564/564 563/563
f 565/565 564/564 571/571
f 574/574 570/570 569/569
f 571/571 570/570 574/574
f 572/572 571/571 576/576
f 578/578 574/574 575/575
f 576/576 574/574 578/578
f 581/581 577/577 576/576
f 582/582 579/579 583/583
f 578/578 579/579 582/582
f 580/580 578/578 585/585
f 587/587 581/581 580/580
f 585/585 582/582 588/588
f 590/590 586/586 585/585
f 592/592 590/590 589/589
f 559/559 552/552 615/615
f 558/558 643/643 641/641
f 558/558 565/565 642/642
f 549/549 641/641 644/644
f 544/544 545/545 645/645
f 649/649 567/567 559/559
f 572/572 577/577 678/678
f 572/572 679/679 648/648
f 587/587 685/685 683/683
f 693/693 696/696 694/694
f 693/693 590/590 592/592
f 730/730 740/740 733/733
f 734/734 733/733 735/735
f 744/744 782/782 745/745
f 747/747 744/744 746/746
f 749/749 747/747 748/748
f 751/751 749/749 750/750
f 753/753 751/751 752/752
f 746/746 745/745 755/755
f 748/748 746/746 756/756
f 750/750 748/748 757/757
f 752/752 750/750 758/758
f 754/754 752/752 759/759
f 756/756 755/755 761/761
f 757/757 756/756 762/762
f 758/758 757/757 763/763
f 759/759 758/758 764/764
f 760/760 759/759 765/765
f 762/762 761/761 767/767
f 763/763 762/762 768/768
f 764/764 763/763 769/769
f 765/765 764/764 770/770
f 766/766 765/765 771/771
f 768/768 767/767 773/773
f 769/769 768/768 774/774
f 770/770 769/769 775/775
f 771/771 770/770 776/776
f 772/772 771/771 777/777
f 787/787 786/786 744/744
f 799/799 749/749 751/751
f 774/774 807/807 805/805
f 774/774 773/773 806/806
f 777/777 776/776 815/815
f 777/777 816/816 820/820
f 828/828 838/838 829/829
f 830/830 829/829 836/836
f 869/869 867/867 870/870
f 872/872 875/875 873/873
f 869/869 871/871 875/875
f 874/874 873/873 876/876
f 877/877 876/876 878/878
f 880/880 879/879 878/878
f 882/882 880/880 881/881
f 884/884 891/891 885/885
f 884/884 886/886 890/890
f 891/891 882/882 883/883
f 897/897 925/925 907/907
f 901/901 927/927 921/921
f 911/911 931/931 930/930
f 913/913 935/935 932/932
f 938/938 942/942 939/939
f 941/941 943/943 942/942
f 943/943 941/941 944/944
f 946/946 952/952 947/947
f 945/945 944/944 948/948
f 956/956 959/959 957/957
f 959/959 954/954 960/960
f 961/961 956/956 958/958
f 963/963 961/961 962/962
f 1018/1018 1021/1021 1019/1019
f 1021/1021 9382/9382 1022/1022
f 1022/1022 9382/9382 1023/1023
f 1025/1025 1027/1027 1024/1024
f 1025/1025 1029/1029 1026/1026
f 1028/1028 1026/1026 1029/1029
f 1034/1034 9383/9383 1035/1035
f 1033/1033 1036/1036 1035/1035
f 1044/1044 9383/9383 1034/1034
f 1066/1066 1079/1079 1067/1067
f 1066/1066 1068/1068 1069/1069
f 1070/1070 1078/1078 1071/1071
f 1073/1073 1077/1077 1074/1074
f 1073/1073 9384/9384 1076/1076
f 1070/1070 1075/1075 1074/1074
f 1072/1072 1071/1071 1067/1067
f 1081/1081 1087/1087 1082/1082
f 1084/1084 1096/1096 1085/1085
f 1081/1081 1086/1086 1085/1085
f 1088/1088 1094/1094 1089/1089
f 1094/1094 1092/1092 1095/1095
f 1088/1088 1090/1090 1096/1096
f 1076/1076 9384/9384 1083/1083
f 1103/1103 1101/1101 1100/1100
f 1104/1104 1107/1107 1105/1105
f 1130/1130 1134/1134 1131/1131
f 1133/1133 1145/1145 1131/1131
f 1130/1130 1132/1132 1135/1135
f 1137/1137 1143/1143 1138/1138
f 1143/1143 1141/1141 1144/1144
f 1145/1145 1133/1133 1137/1137
f 1165/1165 1174/1174 1166/1166
f 1168/1168 1167/1167 1166/1166
f 1177/1177 1185/1185 1178/1178
f 1177/1177 1179/1179 1180/1180
f 1189/1189 1198/1198 1190/1190
f 1191/1191 1190/1190 1192/1192
f 1312/1312 1314/1314 1317/1317
f 1318/1318 1321/1321 1319/1319
f 1312/1312 1318/1318 1322/1322
f 1326/1326 1325/1325 1318/1318
f 1320/1320 1336/1336 1327/1327
f 1328/1328 1336/1336 1320/1320
f 1329/1329 1336/1336 1328/1328
f 1330/1330 1332/1332 1331/1331
f 1335/1335 1327/1327 1336/1336
f 1331/1331 1337/1337 1335/1335
f 1363/1363 1391/1391 1361/1361
f 1367/1367 1366/1366 1368/1368
f 1389/1389 1425/1425 1386/1386
f 1399/1399 1413/1413 1412/1412
f 1425/1425 1389/1389 1426/1426
f 1421/1421 1432/1432 1430/1430
f 1421/1421 1406/1406 1431/1431
f 1466/1466 1468/1468 1465/1465
f 1515/1515 1514/1514 1516/1516
f 1551/1551 1563/1563 1561/1561
f 1567/1567 1562/1562 1578/1578
f 1659/1659 1663/1663 1660/1660
f 1659/1659 1664/1664 1662/1662
f 1658/1658 1662/1662 1664/1664
f 1674/1674 1676/1676 1638/1638
f 1679/1679 1682/1682 1680/1680
f 1682/1682 1679/1679 1649/1649
f 1719/1719 1728/1728 1722/1722
f 1723/1723 1722/1722 1724/1724
f 1805/1805 1808/1808 1800/1800
f 1928/1928 1936/1936 1929/1929
f 1931/1931 1928/1928 1930/1930
f 1968/1968 1970/1970 1964/1964
f 1961/1961 1971/1971 1969/1969
f 1981/1981 1973/1973 1979/1979
f 1973/1973 1981/1981 1969/1969
f 1975/1975 1984/1984 1982/1982
f 2017/2017 2033/2033 2018/2018
f 2020/2020 2025/2025 2021/2021
f 2020/2020 2022/2022 2023/2023
f 2017/2017 2019/2019 2021/2021
f 2026/2026 2031/2031 2027/2027
f 2026/2026 2024/2024 2023/2023
f 2059/2059 2058/2058 2057/2057
f 2061/2061 2057/2057 2056/2056
f 2060/2060 2057/2057 2061/2061
f 2062/2062 2126/2126 2064/2064
f 2066/2066 2061/2061 2062/2062
f 2067/2067 2063/2063 2061/2061
f 2068/2068 2063/2063 2067/2067
f 2066/2066 2065/2065 2070/2070
f 2072/2072 2067/2067 2066/2066
f 2069/2069 2067/2067 2072/2072
f 2071/2071 2070/2070 2077/2077
f 2079/2079 2072/2072 2071/2071
f 2080/2080 2073/2073 2072/2072
f 2075/2075 2074/2074 2081/2081
f 2083/2083 2075/2075 2082/2082
f 2085/2085 2077/2077 2083/2083
f 2078/2078 2077/2077 2085/2085
f 2079/2079 2078/2078 2086/2086
f 2088/2088 2080/2080 2079/2079
f 2089/2089 2082/2082 2081/2081
f 2084/2084 2082/2082 2089/2089
f 2092/2092 2085/2085 2084/2084
f 2093/2093 2086/2086 2085/2085
f 2087/2087 2086/2086 2093/2093
f 2095/2095 2088/2088 2087/2087
f 2089/2089 2090/2090 2096/2096
f 2091/2091 2089/2089 2097/2097
f 2099/2099 2092/2092 2091/2091
f 2093/2093 2092/2092 2099/2099
f 2101/2101 2094/2094 2093/2093
f 2102/2102 2095/2095 2094/2094
f 2103/2103 2100/2100 2099/2099
f 2105/2105 2101/2101 2100/2100
f 2102/2102 2101/2101 2105/2105
f 2107/2107 2103/2103 2104/2104
f 2105/2105 2103/2103 2107/2107
f 2110/2110 2106/2106 2105/2105
f 2107/2107 2108/2108 2111/2111
f 2113/2113 2109/2109 2107/2107
f 2068/2068 2069/2069 2160/2160
f 2080/2080 9385/9385 2164/2164
f 2165/2165 9385/9385 2080/2080
f 2081/2081 2074/2074 2136/2136
f 2167/2167 2090/2090 2081/2081
f 2095/2095 2197/2197 2194/2194
f 2102/2102 2106/2106 2195/2195
f 2095/2095 2102/2102 2196/2196
f 2110/2110 2203/2203 2202/2202
f 2274/2274 2271/2271 2275/2275
f 2274/2274 2276/2276 2277/2277
f 2289/2289 9386/9386 2291/2291
f 2291/2291 2300/2300 2294/2294
f 2291/2291 9386/9386 2296/2296
f 2298/2298 2297/2297 2296/2296
f 2297/2297 2301/2301 2300/2300
f 2298/2298 2309/2309 2301/2301
f 2302/2302 2305/2305 2298/2298
f 2309/2309 2298/2298 2305/2305
f 2314/2314 2316/2316 2313/2313
f 2314/2314 2319/2319 2315/2315
f 2318/2318 2315/2315 2319/2319
f 2321/2321 2328/2328 2318/2318
f 2322/2322 2326/2326 2323/2323
f 2322/2322 2324/2324 2328/2328
f 2377/2377 2407/2407 2378/2378
f 2380/2380 2377/2377 2379/2379
f 2382/2382 2380/2380 2381/2381
f 2384/2384 2382/2382 2383/2383
f 2458/2458 2384/2384 2385/2385
f 2423/2423 2422/2422 2494/2494
f 2504/2504 2529/2529 2505/2505
f 2528/2528 2530/2530 2505/2505
f 2530/2530 2535/2535 2542/2542
f 2559/2559 9387/9387 2493/2493
f 2580/2580 9387/9387 2559/2559
f 2621/2621 2619/2619 2618/2618
f 2622/2622 2625/2625 2623/2623
f 2628/2628 9388/9388 2629/2629
f 2630/2630 2629/2629 2631/2631
f 2633/2633 2640/2640 2634/2634
f 2636/2636 2639/2639 2637/2637
f 2635/2635 2634/2634 2639/2639
f 2632/2632 2631/2631 2640/2640
f 2685/2685 2682/2682 2686/2686
f 2685/2685 2687/2687 2688/2688
f 2726/2726 2728/2728 2725/2725
f 2735/2735 9389/9389 2737/2737
f 2737/2737 2747/2747 2740/2740
f 2737/2737 9389/9389 2742/2742
f 2744/2744 2743/2743 2742/2742
f 2737/2737 2743/2743 2746/2746
f 2743/2743 2744/2744 2748/2748
f 2749/2749 2752/2752 2744/2744
f 2748/2748 2744/2744 2752/2752
f 2789/2789 2793/2793 2788/2788
f 2794/2794 2798/2798 2791/2791
f 2789/2789 2785/2785 2795/2795
f 2794/2794 2789/2789 2810/2810
f 2800/2800 2794/2794 2817/2817
f 2802/2802 2800/2800 2819/2819
f 2805/2805 2802/2802 2821/2821
f 2850/2850 2853/2853 2851/2851
f 2854/2854 2850/2850 2852/2852
f 2911/2911 2928/2928 2912/2912
f 2914/2914 2919/2919 2915/2915
f 2917/2917 2916/2916 2915/2915
f 2914/2914 2913/2913 2912/2912
f 2920/2920 2925/2925 2921/2921
f 2917/2917 2918/2918 2921/2921
f 2952/2952 2954/2954 2948/2948
f 2945/2945 2955/2955 2953/2953
f 2965/2965 2957/2957 2963/2963
f 2957/2957 2965/2965 2953/2953
f 2959/2959 2968/2968 2966/2966
f 2973/2973 2975/2975 2972/2972
f 2973/2973 2978/2978 2974/2974
f 2977/2977 2974/2974 2978/2978
f 2979/2979 2987/2987 2980/2980
f 2981/2981 2985/2985 2982/2982
f 2981/2981 2983/2983 2980/2980
f 3023/3023 3027/3027 3022/3022
f 3028/3028 3032/3032 3025/3025
f 3023/3023 3019/3019 3029/3029
f 3028/3028 3023/3023 3044/3044
f 3034/3034 3028/3028 3051/3051
f 3036/3036 3034/3034 3053/3053
f 3039/3039 3036/3036 3055/3055
f 3063/3063 3067/3067 3064/3064
f 3066/3066 9390/9390 3064/3064
f 3063/3063 3065/3065 3068/3068
f 3070/3070 3077/3077 3071/3071
f 3070/3070 3074/3074 3076/3076
f 3071/3071 9390/9390 3066/3066
f 3116/3116 3118/3118 3112/3112
f 3109/3109 3119/3119 3117/3117
f 3129/3129 3121/3121 3127/3127
f 3121/3121 3129/3129 3117/3117
f 3123/3123 3132/3132 3130/3130
f 3155/3155 9391/9391 3145/3145
f 3160/3160 3157/3157 3161/3161
f 3165/3165 3160/3160 3162/3162
f 3182/3182 3186/3186 3183/3183
f 3182/3182 9392/9392 3185/3185
f 3181/3181 3184/3184 3183/3183
f 3189/3189 3195/3195 3190/3190
f 3193/3193 3196/3196 3190/3190
f 3185/3185 9392/9392 3189/3189
f 3303/3303 3300/3300 3304/3304
f 3303/3303 3305/3305 3306/3306
f 3382/3382 3390/3390 3384/3384
f 3384/3384 3395/3395 3387/3387
f 3389/3389 3384/3384 3390/3390
f 3389/3389 3391/3391 3392/3392
f 3384/3384 3389/3389 3394/3394
f 3389/3389 3393/3393 3396/3396
f 3397/3397 3400/3400 3393/3393
f 3396/3396 3393/3393 3400/3400
f 3407/3407 3404/3404 3408/3408
f 3407/3407 3409/3409 3410/3410
f 3458/3458 3461/3461 3459/3459
f 3456/3456 3468/3468 3459/3459
f 3462/3462 3458/3458 3460/3460
f 3462/3462 3463/3463 3467/3467
f 3477/3477 9393/9393 3478/3478
f 3480/3480 3479/3479 3478/3478
f 3485/3485 3482/3482 3486/3486
f 3485/3485 3487/3487 3488/3488
f 3537/3537 3546/3546 3538/3538
f 3540/3540 3539/3539 3538/3538
f 3613/3613 9394/9394 3614/3614
f 3614/3614 9394/9394 3618/3618
f 3637/3637 3643/3643 3641/3641
f 3642/3642 3645/3645 3641/3641
f 3645/3645 3642/3642 3646/3646
f 3646/3646 3655/3655 3648/3648
f 3649/3649 3653/3653 3650/3650
f 3649/3649 3651/3651 3648/3648
f 3734/3734 3731/3731 3735/3735
f 3734/3734 3736/3736 3737/3737
f 3759/3759 3768/3768 3760/3760
f 3762/3762 3767/3767 3763/3763
f 3762/3762 3761/3761 3760/3760
f 3777/3777 3806/3806 3783/3783
f 3786/3786 3807/3807 3808/3808
f 3802/3802 3791/3791 3812/3812
f 3822/3822 3820/3820 3819/3819
f 3824/3824 3822/3822 3823/3823
f 3823/3823 3819/3819 3826/3826
f 3825/3825 3823/3823 3827/3827
f 3829/3829 3868/3868 3830/3830
f 3828/3828 3827/3827 3832/3832
f 3831/3831 3830/3830 3834/3834
f 3836/3836 3831/3831 3835/3835
f 3835/3835 3834/3834 3838/3838
f 3837/3837 3835/3835 3839/3839
f 3880/3880 3820/3820 3822/3822
f 3884/3884 3883/3883 3822/3822
f 3901/3901 3824/3824 3825/3825
f 3906/3906 3834/3834 3830/3830
f 3907/3907 3838/3838 3834/3834
f 3839/3839 3838/3838 3923/3923
f 3840/3840 3926/3926 3925/3925
f 3839/3839 3924/3924 3926/3926
f 4075/4075 4098/4098 4072/4072
f 4085/4085 4119/4119 4084/4084
f 4091/4091 4090/4090 4092/4092
f 4115/4115 4110/4110 4116/4116
f 4137/4137 4143/4143 4144/4144
f 4154/4154 4149/4149 4115/4115
f 4145/4145 4144/4144 4160/4160
f 4151/4151 4161/4161 4162/4162
f 4180/4180 4188/4188 4181/4181
f 4180/4180 4182/4182 4183/4183
f 4211/4211 4221/4221 4212/4212
f 4213/4213 4212/4212 4219/4219
f 4239/4239 4241/4241 4235/4235
f 4232/4232 4242/4242 4240/4240
f 4252/4252 4244/4244 4250/4250
f 4244/4244 4252/4252 4240/4240
f 4246/4246 4255/4255 4253/4253
f 4256/4256 4264/4264 4257/4257
f 4259/4259 4256/4256 4258/4258
f 4336/4336 4333/4333 4337/4337
f 4339/4339 4336/4336 4338/4338
f 4369/4369 4366/4366 4370/4370
f 4369/4369 4371/4371 4376/4376
f 4380/4380 4389/4389 4383/4383
f 4384/4384 4383/4383 4385/4385
f 4404/4404 4432/4432 4414/4414
f 4408/4408 4434/4434 4428/4428
f 4418/4418 4438/4438 4437/4437
f 4420/4420 4442/4442 4439/4439
f 4445/4445 4454/4454 4448/4448
f 4450/4450 4449/4449 4448/4448
f 4457/4457 4467/4467 4460/4460
f 4464/4464 4461/4461 4460/4460
f 4537/4537 4538/4538 4536/4536
f 4555/4555 4557/4557 4539/4539
f 4559/4559 4558/4558 4560/4560
f 4584/4584 4579/4579 4583/4583
f 4616/4616 4623/4623 4599/4599
f 4623/4623 4616/4616 4625/4625
f 4584/4584 4585/4585 4626/4626
f 4617/4617 4620/4620 4634/4634
f 4644/4644 4650/4650 4645/4645
f 4647/4647 4658/4658 4648/4648
f 4649/4649 4648/4648 4650/4650
f 4651/4651 4657/4657 4652/4652
f 4654/4654 4659/4659 4655/4655
f 4656/4656 4655/4655 4657/4657
f 4653/4653 4652/4652 4658/4658
f 4659/4659 4654/4654 4660/4660
f 4660/4660 4666/4666 4662/4662
f 4663/4663 4674/4674 4664/4664
f 4666/4666 4663/4663 4665/4665
f 4667/4667 4673/4673 4668/4668
f 4670/4670 4676/4676 4671/4671
f 4673/4673 4670/4670 4672/4672
f 4674/4674 4667/4667 4669/4669
f 4675/4675 4671/4671 4676/4676
f 4693/4693 4695/4695 4698/4698
f 4700/4700 4699/4699 4701/4701
f 4693/4693 4699/4699 4703/4703
f 4706/4706 4699/4699 4700/4700
f 4700/4700 4709/4709 4708/4708
f 4702/4702 9395/9395 4709/4709
f 4709/4709 9395/9395 4710/4710
f 4710/4710 4713/4713 4712/4712
f 4716/4716 4708/4708 4709/4709
f 4712/4712 4717/4717 4716/4716
f 4723/4723 4732/4732 4724/4724
f 4726/4726 4731/4731 4727/4727
f 4726/4726 4725/4725 4724/4724
f 4856/4856 4855/4855 4857/4857
f 4888/4888 4902/4902 4901/4901
f 4910/4910 4921/4921 4919/4919
f 4910/4910 4895/4895 4920/4920
f 4935/4935 4930/4930 4931/4931
f 4936/4936 4941/4941 4937/4937
f 4978/4978 4982/4982 4977/4977
f 4983/4983 4987/4987 4980/4980
f 4978/4978 4974/4974 4984/4984
f 4983/4983 4978/4978 4999/4999
f 4989/4989 4983/4983 5006/5006
f 4991/4991 4989/4989 5008/5008
f 4994/4994 4991/4991 5010/5010
f 5021/5021 9396/9396 5023/5023
f 5023/5023 5033/5033 5026/5026
f 5023/5023 9396/9396 5028/5028
f 5030/5030 5029/5029 5028/5028
f 5023/5023 5029/5029 5032/5032
f 5030/5030 9397/9397 5032/5032
f 5031/5031 5035/5035 5034/5034
f 5038/5038 9397/9397 5030/5030
f 5049/5049 5044/5044 5059/5059
f 5071/5071 5074/5074 5070/5070
f 5096/5096 5105/5105 5097/5097
f 5099/5099 5098/5098 5097/5097
f 5130/5130 5161/5161 5128/5128
f 5178/5178 5184/5184 5179/5179
f 5192/5192 5159/5159 5193/5193
f 5220/5220 5224/5224 5221/5221
f 5223/5223 9398/9398 5221/5221
f 5220/5220 5222/5222 5225/5225
f 5227/5227 5234/5234 5228/5228
f 5227/5227 5231/5231 5233/5233
f 5228/5228 9398/9398 5223/5223
f 5266/5266 5268/5268 5265/5265
f 5266/5266 5271/5271 5267/5267
f 5270/5270 5267/5267 5271/5271
f 5273/5273 5280/5280 5270/5270
f 5274/5274 5278/5278 5275/5275
f 5274/5274 5276/5276 5280/5280
f 5294/5294 5296/5296 5290/5290
f 5287/5287 5297/5297 5295/5295
f 5307/5307 5299/5299 5305/5305
f 5299/5299 5307/5307 5295/5295
f 5301/5301 5310/5310 5308/5308
f 5334/5334 5332/5332 5331/5331
f 5336/5336 5334/5334 5335/5335
f 5335/5335 5331/5331 5338/5338
f 5337/5337 5335/5335 5339/5339
f 5341/5341 5382/5382 5342/5342
f 5340/5340 5339/5339 5344/5344
f 5343/5343 5342/5342 5346/5346
f 5348/5348 5343/5343 5347/5347
f 5347/5347 5346/5346 5350/5350
f 5349/5349 5347/5347 5351/5351
f 5394/5394 5332/5332 5334/5334
f 5406/5406 5400/5400 5334/5334
f 5337/5337 5418/5418 5417/5417
f 5418/5418 5337/5337 5340/5340
f 5421/5421 5350/5350 5346/5346
f 5342/5342 5383/5383 5422/5422
f 5351/5351 5350/5350 5439/5439
f 5352/5352 5446/5446 5442/5442
f 5351/5351 5441/5441 5446/5446
f 5455/5455 5465/5465 5459/5459
f 5540/5540 5539/5539 5541/5541
f 5542/5542 9399/9399 5543/5543
f 5549/5549 5547/5547 5540/5540
f 5543/5543 9399/9399 5550/5550
f 5552/5552 5555/5555 5551/5551
f 5543/5543 5551/5551 5553/5553
f 5552/5552 5556/5556 5554/5554
f 5559/5559 5553/5553 5551/5551
f 5560/5560 5559/5559 5555/5555
f 5575/5575 5572/5572 5576/5576
f 5575/5575 5577/5577 5578/5578
f 5616/5616 5643/5643 5614/5614
f 5619/5619 5618/5618 5620/5620
f 5651/5651 5665/5665 5664/5664
f 5658/5658 5653/5653 5667/5667
f 5674/5674 5684/5684 5683/5683
f 5674/5674 5658/5658 5668/5668
f 5706/5706 5705/5705 5707/5707
f 5709/5709 5715/5715 5706/5706
f 5713/5713 5706/5706 5715/5715
f 5717/5717 5715/5715 5709/5709
f 5718/5718 5721/5721 5719/5719
f 5717/5717 9400/9400 5716/5716
f 5720/5720 5724/5724 5719/5719
f 5725/5725 9400/9400 5717/5717
f 5726/5726 5725/5725 5719/5719
f 5740/5740 5738/5738 5737/5737
f 5741/5741 5744/5744 5742/5742
f 5840/5840 6018/6018 5841/5841
f 5843/5843 5840/5840 5842/5842
f 5845/5845 5843/5843 5844/5844
f 5847/5847 5845/5845 5846/5846
f 5849/5849 5847/5847 5848/5848
f 5851/5851 5849/5849 5850/5850
f 5852/5852 5850/5850 5853/5853
f 5962/5962 5967/5967 5963/5963
f 5962/5962 5986/5986 5966/5966
f 5920/5920 5919/5919 5985/5985
f 6019/6019 6020/6020 5841/5841
f 5852/5852 6057/6057 6048/6048
f 5852/5852 5854/5854 6056/6056
f 6095/6095 6092/6092 6096/6096
f 6098/6098 6095/6095 6097/6097
f 6142/6142 6155/6155 6143/6143
f 6145/6145 6144/6144 6143/6143
f 6147/6147 6154/6154 6148/6148
f 6147/6147 6145/6145 6146/6146
f 6179/6179 6176/6176 6183/6183
f 6195/6195 6192/6192 6201/6201
f 6213/6213 6217/6217 6214/6214
f 6213/6213 9401/9401 6216/6216
f 6212/6212 6215/6215 6214/6214
f 6220/6220 6226/6226 6221/6221
f 6224/6224 6227/6227 6221/6221
f 6216/6216 9401/9401 6220/6220
f 6247/6247 6242/6242 6248/6248
f 6293/6293 6299/6299 6288/6288
f 6314/6314 6316/6316 6313/6313
f 6332/6332 6330/6330 6329/6329
f 6334/6334 6332/6332 6333/6333
f 6333/6333 6329/6329 6336/6336
f 6335/6335 6333/6333 6337/6337
f 6339/6339 6383/6383 6340/6340
f 6338/6338 6337/6337 6342/6342
f 6341/6341 6340/6340 6344/6344
f 6346/6346 6341/6341 6345/6345
f 6345/6345 6344/6344 6348/6348
f 6347/6347 6345/6345 6349/6349
f 6361/6361 6374/6374 6382/6382
f 6393/6393 6330/6330 6332/6332
f 6398/6398 6397/6397 6332/6332
f 6335/6335 6416/6416 6415/6415
f 6416/6416 6335/6335 6338/6338
f 6418/6418 6344/6344 6340/6340
f 6420/6420 6348/6348 6344/6344
f 6349/6349 6348/6348 6435/6435
f 6350/6350 6442/6442 6438/6438
f 6349/6349 6437/6437 6442/6442
f 6451/6451 6461/6461 6455/6455
f 6501/6501 6505/6505 6500/6500
f 6518/6518 6520/6520 6514/6514
f 6511/6511 6521/6521 6519/6519
f 6531/6531 6523/6523 6529/6529
f 6523/6523 6531/6531 6519/6519
f 6525/6525 6534/6534 6532/6532
f 6535/6535 9402/9402 6536/6536
f 6538/6538 9403/9403 6537/6537
f 6642/6642 6641/6641 6643/6643
f 6645/6645 6671/6671 6644/6644
f 6655/6655 9404/9404 6656/6656
f 6656/6656 9404/9404 6658/6658
f 6664/6664 6667/6667 6665/6665
f 6666/6666 6665/6665 6668/6668
f 6670/6670 6678/6678 6671/6671
f 6677/6677 6679/6679 6678/6678
f 6694/6694 6697/6697 6695/6695
f 6694/6694 6696/6696 6698/6698
f 6700/6700 6707/6707 6701/6701
f 6700/6700 6699/6699 6698/6698
f 6738/6738 6735/6735 6739/6739
f 6738/6738 6740/6740 6741/6741
f 6787/6787 6793/6793 6788/6788
f 6791/6791 6790/6790 6793/6793
f 6785/6785 6789/6789 6788/6788
f 6795/6795 6790/6790 6792/6792
f 6797/6797 6799/6799 6795/6795
f 6804/6804 6810/6810 6805/6805
f 6810/6810 6808/6808 6811/6811
f 6818/6818 6822/6822 6819/6819
f 6821/6821 6833/6833 6819/6819
f 6818/6818 6820/6820 6823/6823
f 6825/6825 6831/6831 6826/6826
f 6831/6831 6829/6829 6832/6832
f 6833/6833 6821/6821 6825/6825
f 6843/6843 6838/6838 6853/6853
f 6880/6880 6882/6882 6879/6879
f 6880/6880 6885/6885 6881/6881
f 6884/6884 6881/6881 6885/6885
f 6886/6886 6894/6894 6887/6887
f 6888/6888 6892/6892 6889/6889
f 6888/6888 6890/6890 6887/6887
f 6896/6896 6905/6905 6899/6899
f 6901/6901 6900/6900 6899/6899
f 6912/6912 6911/6911 6913/6913
f 6915/6915 6922/6922 6912/6912
f 6921/6921 6919/6919 6912/6912
f 6923/6923 6922/6922 6915/6915
f 6925/6925 6928/6928 6923/6923
f 6922/6922 6923/6923 6926/6926
f 6925/6925 6929/6929 6927/6927
f 6926/6926 6923/6923 6928/6928
f 6933/6933 6932/6932 6928/6928
f 6949/6949 6946/6946 6950/6950
f 6949/6949 6951/6951 6952/6952
f 7071/7071 7080/7080 7074/7074
f 7076/7076 7075/7075 7074/7074
f 7083/7083 9405/9405 7084/7084
f 7086/7086 7085/7085 7084/7084
f 7088/7088 7095/7095 7089/7089
f 7091/7091 7094/7094 7092/7092
f 7094/7094 7090/7090 7089/7089
f 7088/7088 7086/7086 7087/7087
f 7099/7099 7127/7127 7109/7109
f 7103/7103 7129/7129 7123/7123
f 7113/7113 7133/7133 7132/7132
f 7115/7115 7137/7137 7134/7134
f 7140/7140 7148/7148 7141/7141
f 7140/7140 7142/7142 7143/7143
f 7154/7154 9406/9406 7155/7155
f 7155/7155 9406/9406 7159/7159
f 7168/7168 7172/7172 7167/7167
f 7185/7185 7187/7187 7181/7181
f 7178/7178 7188/7188 7186/7186
f 7198/7198 7190/7190 7196/7196
f 7190/7190 7198/7198 7186/7186
f 7192/7192 7201/7201 7199/7199
f 7211/7211 7217/7217 7215/7215
f 7216/7216 9407/9407 7215/7215
f 7219/7219 9407/9407 7216/7216
f 7221/7221 7227/7227 7219/7219
f 7222/7222 7229/7229 7223/7223
f 7221/7221 7224/7224 7223/7223
f 7287/7287 7290/7290 7288/7288
f 7285/7285 7301/7301 7288/7288
f 7287/7287 7289/7289 7291/7291
f 7293/7293 7292/7292 7291/7291
f 7295/7295 7300/7300 7296/7296
f 7293/7293 7294/7294 7296/7296
f 7304/7304 7307/7307 7305/7305
f 7307/7307 7304/7304 7308/7308
f 7360/7360 7369/7369 7363/7363
f 7365/7365 7364/7364 7363/7363
f 7510/7510 7512/7512 7509/7509
f 7645/7645 7649/7649 7646/7646
f 7645/7645 9408/9408 7648/7648
f 7644/7644 7647/7647 7646/7646
f 7652/7652 7658/7658 7653/7653
f 7656/7656 7659/7659 7653/7653
f 7648/7648 9408/9408 7652/7652
f 7664/7664 7667/7667 7665/7665
f 7662/7662 7674/7674 7667/7667
f 7668/7668 7666/7666 7665/7665
f 7668/7668 7669/7669 7673/7673
f 7689/7689 7698/7698 7692/7692
f 7694/7694 7693/7693 7692/7692
f 7813/7813 9409/9409 7814/7814
f 7816/7816 7813/7813 7815/7815
f 7818/7818 7824/7824 7819/7819
f 7823/7823 7818/7818 7820/7820
f 7824/7824 7816/7816 7817/7817
f 7825/7825 9410/9410 7822/7822
f 7826/7826 7833/7833 7830/7830
f 7832/7832 7830/7830 7833/7833
f 7834/7834 7839/7839 7835/7835
f 7836/7836 9411/9411 7837/7837
f 7839/7839 7838/7838 7840/7840
f 7955/7955 7953/7953 7952/7952
f 7956/7956 7959/7959 7957/7957
f 7977/7977 7980/7980 7978/7978
f 7977/7977 7979/7979 7981/7981
f 7983/7983 7989/7989 7984/7984
f 7983/7983 7982/7982 7981/7981
f 8062/8062 9412/9412 8063/8063
f 8064/8064 8063/8063 8065/8065
f 8070/8070 8068/8068 8067/8067
f 8072/8072 8070/8070 8071/8071
f 8071/8071 8067/8067 8074/8074
f 8073/8073 8071/8071 8075/8075
f 8077/8077 8118/8118 8078/8078
f 8076/8076 8075/8075 8080/8080
f 8079/8079 8078/8078 8082/8082
f 8084/8084 8079/8079 8083/8083
f 8083/8083 8082/8082 8086/8086
f 8085/8085 8083/8083 8087/8087
f 8129/8129 8068/8068 8070/8070
f 8134/8134 8133/8133 8070/8070
f 8073/8073 8152/8152 8151/8151
f 8152/8152 8073/8073 8076/8076
f 8155/8155 8086/8086 8082/8082
f 8087/8087 8180/8180 8175/8175
f 8088/8088 8175/8175 8178/8178
f 8087/8087 8086/8086 8179/8179
f 8189/8189 8197/8197 8191/8191
f 8228/8228 8230/8230 8219/8219
f 8223/8223 8216/8216 8231/8231
f 8233/8233 8241/8241 8234/8234
f 8236/8236 8233/8233 8235/8235
f 8248/8248 8252/8252 8249/8249
f 8248/8248 9413/9413 8251/8251
f 8247/8247 8250/8250 8249/8249
f 8255/8255 8261/8261 8256/8256
f 8259/8259 8262/8262 8256/8256
f 8251/8251 9413/9413 8255/8255
f 8274/8274 8277/8277 8269/8269
f 8300/8300 8302/8302 8296/8296
f 8293/8293 8303/8303 8301/8301
f 8313/8313 8305/8305 8311/8311
f 8305/8305 8313/8313 8301/8301
f 8307/8307 8316/8316 8314/8314
f 8365/8365 8367/8367 8361/8361
f 8358/8358 8368/8368 8366/8366
f 8378/8378 8370/8370 8376/8376
f 8370/8370 8378/8378 8366/8366
f 8372/8372 8381/8381 8379/8379
f 8437/8437 8434/8434 8438/8438
f 8437/8437 8439/8439 8444/8444
f 8465/8465 8462/8462 8466/8466
f 8468/8468 8465/8465 8467/8467
f 8478/8478 8480/8480 8477/8477
f 8478/8478 8483/8483 8479/8479
f 8482/8482 8479/8479 8483/8483
f 8485/8485 8492/8492 8482/8482
f 8486/8486 8490/8490 8487/8487
f 8486/8486 8488/8488 8492/8492
f 8534/8534 8533/8533 8535/8535
f 8553/8553 8552/8552 8555/8555
f 8535/8535 8552/8552 8554/8554
f 8577/8577 9414/9414 8578/8578
f 8580/8580 8579/8579 8547/8547
f 8604/8604 8603/8603 8593/8593
f 8593/8593 8588/8588 8599/8599
f 8603/8603 8604/8604 8617/8617
f 8578/8578 9414/9414 8618/8618
f 8607/8607 8613/8613 8625/8625
f 8633/8633 9415/9415 8634/8634
f 8636/8636 8635/8635 8634/8634
f 8638/8638 8645/8645 8639/8639
f 8641/8641 8644/8644 8642/8642
f 8638/8638 8640/8640 8644/8644
f 8636/8636 8637/8637 8639/8639
f 8654/8654 8649/8649 8664/8664
f 8681/8681 8678/8678 8682/8682
f 8684/8684 8681/8681 8683/8683
f 8732/8732 8734/8734 8728/8728
f 8725/8725 8735/8735 8733/8733
f 8745/8745 8737/8737 8743/8743
f 8737/8737 8745/8745 8733/8733
f 8739/8739 8748/8748 8746/8746
f 8783/8783 8786/8786 8784/8784
f 8786/8786 9416/9416 8787/8787
f 8783/8783 8785/8785 8788/8788
f 8790/8790 8796/8796 8791/8791
f 8796/8796 8794/8794 8797/8797
f 8787/8787 9416/9416 8790/8790
f 8819/8819 8828/8828 8822/8822
f 8823/8823 8822/8822 8824/8824
f 8834/8834 8842/8842 8841/8841
f 8847/8847 8851/8851 8848/8848
f 8850/8850 8852/8852 8851/8851
f 8852/8852 8850/8850 8853/8853
f 8855/8855 8861/8861 8856/8856
f 8854/8854 8853/8853 8857/8857
f 8963/8963 8977/8977 8958/8958
f 8982/8982 8987/8987 8979/8979
f 8999/8999 8994/8994 9000/9000
f 9027/9027 9025/9025 9014/9014
f 9038/9038 9031/9031 8999/8999
f 9025/9025 9027/9027 9042/9042
f 9035/9035 9032/9032 9044/9044
f 9050/9050 9169/9169 9051/9051
f 9053/9053 9050/9050 9052/9052
f 9052/9052 9051/9051 9055/9055
f 9054/9054 9052/9052 9056/9056
f 9058/9058 9054/9054 9057/9057
f 9060/9060 9058/9058 9059/9059
f 9062/9062 9060/9060 9061/9061
f 9176/9176 9051/9051 9169/9169
f 9182/9182 9059/9059 9057/9057
f 9061/9061 9059/9059 9182/9182
f 9245/9245 9242/9242 9251/9251
f 9255/9255 9259/9259 9256/9256
f 9308/9308 9310/9310 9307/9307
f 9308/9308 9417/9417 9309/9309
f 9309/9309 9417/9417 9312/9312
f 9314/9314 9321/9321 9313/9313
f 9315/9315 9319/9319 9316/9316
f 9315/9315 9317/9317 9321/9321
f 9326/9326 9354/9354 9336/9336
f 9330/9330 9356/9356 9350/9350
f 9340/9340 9360/9360 9359/9359
f 9342/9342 9364/9364 9361/9361
f 9418/9418 9419/9419 9420/9420
f 9421/9421 9422/9422 9423/9423
f 9424/9424 9425/9425 9426/9426
f 9427/9427 9428/9428 9429/9429
f 9430/9430 9431/9431 9432/9432
f 9433/9433 9434/9434 9435/9435
f 9436/9436 9437/9437 9438/9438
f 9439/9439 9440/9440 9441/9441
f 9442/9442 9443/9443 9444/9444
f 9445/9445 9446/9446 9447/9447
f 9448/9448 9449/9449 9450/9450
f 9451/9451 9452/9452 9453/9453
f 9454/9454 9455/9455 9456/9456
f 9457/9457 9458/9458 9459/9459
f 9460/9460 9461/9461 9462/9462
f 9463/9463 9464/9464 9465/9465
f 9466/9466 9467/9467 9468/9468
f 9469/9469 9470/9470 9471/9471
f 9472/9472 9473/9473 9474/9474
f 9475/9475 9476/9476 9477/9477
f 9478/9478 9479/9479 9480/9480
f 9481/9481 9482/9482 9483/9483
f 9484/9484 9485/9485 9486/9486
f 9487/9487 9488/9488 9489/9489
f 9490/9490 9491/9491 9492/9492
f 9418/9418 9493/9493 9419/9419
f 9423/9423 9494/9494 9495/9495
f 9495/9495 9496/9496 9497/9497
f 9497/9497 9498/9498 9499/9499
f 9499/9499 9500/9500 9501/9501
f 9501/9501 9502/9502 9421/9421
f 9502/9502 9503/9503 9504/9504
f 9421/9421 9502/9502 9504/9504
f 9421/9421 9505/9505 9506/9506
f 9506/9506 9507/9507 9422/9422
f 9422/9422 9508/9508 9509/9509
f 9509/9509 9510/9510 9511/9511
f 9511/9511 9512/9512 9513/9513
f 9513/9513 9514/9514 9511/9511
f 9514/9514 9423/9423 9511/9511
f 9423/9423 9495/9495 9497/9497
f 9497/9497 9499/9499 9423/9423
f 9499/9499 9501/9501 9423/9423
f 9421/9421 9506/9506 9422/9422
f 9422/9422 9509/9509 9423/9423
f 9509/9509 9511/9511 9423/9423
f 9501/9501 9421/9421 9423/9423
f 9424/9424 9515/9515 9425/9425
f 9427/9427 9516/9516 9428/9428
f 9430/9430 9517/9517 9431/9431
f 9433/9433 9518/9518 9434/9434
f 9436/9436 9519/9519 9437/9437
f 9439/9439 9520/9520 9440/9440
f 9442/9442 9521/9521 9443/9443
f 9445/9445 9522/9522 9446/9446
f 9448/9448 9523/9523 9449/9449
f 9451/9451 9524/9524 9452/9452
f 9454/9454 9525/9525 9455/9455
f 9457/9457 9526/9526 9458/9458
f 9460/9460 9527/9527 9461/9461
f 9463/9463 9528/9528 9464/9464
f 9466/9466 9529/9529 9467/9467
f 9469/9469 9530/9530 9470/9470
f 9472/9472 9531/9531 9473/9473
f 9475/9475 9532/9532 9476/9476
f 9478/9478 9533/9533 9479/9479
f 9481/9481 9534/9534 9482/9482
f 9484/9484 9535/9535 9485/9485
f 9487/9487 9536/9536 9488/9488
f 9490/9490 9537/9537 9491/9491
f 9538/9538 9539/9539 9540/9540
f 9538/9538 9540/9540 9541/9541
f 9542/9542 9539/9539 9538/9538
f 9543/9543 9539/9539 9542/9542
f 9543/9543 9542/9542 9544/9544
f 9543/9543 9545/9545 9539/9539
f 9545/9545 9546/9546 9539/9539
f 9539/9539 9546/9546 9547/9547
f 9548/9548 9547/9547 9549/9549
f 9548/9548 9539/9539 9547/9547
f 9548/9548 9550/9550 9551/9551
f 9548/9548 9551/9551 9539/9539
f 9550/9550 9548/9548 9552/9552
f 9553/9553 9554/9554 9548/9548
f 9554/9554 9552/9552 9548/9548
f 9553/9553 9548/9548 9555/9555
f 9549/9549 9556/9556 9548/9548
f 9548/9548 9556/9556 9555/9555
f 9553/9553 9555/9555 9557/9557
f 9553/9553 9557/9557 9558/9558
f 9559/9559 9553/9553 9558/9558
f 9559/9559 9558/9558 9560/9560
f 9559/9559 9560/9560 9561/9561
f 9562/9562 9559/9559 9561/9561
f 9562/9562 9561/9561 9563/9563
f 9562/9562 9563/9563 9564/9564
f 9565/9565 9562/9562 9564/9564
f 9565/9565 9564/9564 9566/9566
f 9565/9565 9566/9566 9567/9567
f 9568/9568 9567/9567 9569/9569
f 9567/9567 9568/9568 9565/9565
f 9570/9570 9565/9565 9568/9568
f 9571/9571 9565/9565 9570/9570
f 9572/9572 9571/9571 9570/9570
f 9573/9573 9565/9565 9571/9571
f 9574/9574 9565/9565 9573/9573
f 9574/9574 9562/9562 9565/9565
f 9574/9574 9575/9575 9562/9562
f 9576/9576 9562/9562 9575/9575
f 9577/9577 9559/9559 9576/9576
f 9576/9576 9559/9559 9562/9562
f 9559/9559 9577/9577 9578/9578
f 9559/9559 9578/9578 9553/9553
f 9553/9553 9578/9578 9579/9579
f 9553/9553 9579/9579 9554/9554
f 9539/9539 9551/9551 9580/9580
f 9539/9539 9580/9580 9581/9581
f 9581/9581 9540/9540 9539/9539
f 9582/9582 9583/9583 9584/9584
f 9583/9583 9582/9582 9585/9585
f 9585/9585 9582/9582 9586/9586
f 9586/9586 9587/9587 9585/9585
f 9588/9588 9586/9586 9582/9582
f 9589/9589 9586/9586 9588/9588
f 9586/9586 9589/9589 9590/9590
f 9588/9588 9582/9582 9591/9591
f 9592/9592 9593/9593 9594/9594
f 9595/9595 9592/9592 9594/9594
f 9592/9592 9595/9595 9596/9596
f 9597/9597 9596/9596 9595/9595
f 9597/9597 9598/9598 9596/9596
f 9598/9598 9597/9597 9599/9599
f 9599/9599 9600/9600 9601/9601
f 9600/9600 9599/9599 9602/9602
f 9598/9598 9599/9599 9601/9601
f 9603/9603 9594/9594 9593/9593
f 9604/9604 9603/9603 9593/9593
f 9605/9605 9604/9604 9593/9593
f 9605/9605 9593/9593 9606/9606
f 9607/9607 9608/9608 9609/9609
f 9609/9609 9610/9610 9607/9607
f 9607/9607 9610/9610 9611/9611
f 9611/9611 9610/9610 9612/9612
f 9613/9613 9610/9610 9609/9609
f 9614/9614 9610/9610 9613/9613
f 9615/9615 9613/9613 9609/9609
f 9616/9616 9615/9615 9609/9609
f 9617/9617 9618/9618 9619/9619
f 9618/9618 9617/9617 9620/9620
f 9617/9617 9621/9621 9620/9620
f 9621/9621 9622/9622 9623/9623
f 9621/9621 9617/9617 9622/9622
f 9621/9621 9623/9623 9624/9624
f 9624/9624 9623/9623 9625/9625
f 9624/9624 9625/9625 9626/9626
f 9625/9625 9627/9627 9626/9626
f 9628/9628 9627/9627 9629/9629
f 9626/9626 9627/9627 9628/9628
f 9628/9628 9630/9630 9626/9626
f 9626/9626 9630/9630 9631/9631
f 9632/9632 9631/9631 9630/9630
f 9622/9622 9617/9617 9633/9633
f 9633/9633 9634/9634 9622/9622
f 9633/9633 9635/9635 9634/9634
f 9636/9636 9637/9637 9638/9638
f 9636/9636 9638/9638 9639/9639
f 9640/9640 9637/9637 9636/9636
f 9641/9641 9637/9637 9640/9640
f 9641/9641 9640/9640 9642/9642
f 9641/9641 9643/9643 9637/9637
f 9643/9643 9644/9644 9637/9637
f 9637/9637 9644/9644 9645/9645
f 9637/9637 9645/9645 9646/9646
f 9645/9645 9647/9647 9646/9646
f 9647/9647 9648/9648 9646/9646
f 9646/9646 9648/9648 9649/9649
f 9646/9646 9649/9649 9650/9650
f 9650/9650 9649/9649 9651/9651
f 9650/9650 9651/9651 9652/9652
f 9652/9652 9653/9653 9654/9654
f 9654/9654 9650/9650 9652/9652
f 9654/9654 9655/9655 9650/9650
f 9654/9654 9656/9656 9655/9655
f 9656/9656 9654/9654 9657/9657
f 9657/9657 9654/9654 9658/9658
f 9654/9654 9659/9659 9658/9658
f 9654/9654 9653/9653 9659/9659
f 9658/9658 9659/9659 9660/9660
f 9658/9658 9660/9660 9661/9661
f 9662/9662 9661/9661 9663/9663
f 9658/9658 9661/9661 9662/9662
f 9662/9662 9663/9663 9664/9664
f 9664/9664 9665/9665 9662/9662
f 9665/9665 9664/9664 9666/9666
f 9667/9667 9662/9662 9665/9665
f 9668/9668 9662/9662 9667/9667
f 9669/9669 9668/9668 9667/9667
f 9670/9670 9662/9662 9668/9668
f 9671/9671 9662/9662 9670/9670
f 9671/9671 9658/9658 9662/9662
f 9671/9671 9672/9672 9658/9658
f 9657/9657 9658/9658 9672/9672
f 9650/9650 9655/9655 9673/9673
f 9650/9650 9673/9673 9674/9674
f 9650/9650 9674/9674 9646/9646
f 9674/9674 9675/9675 9646/9646
f 9676/9676 9646/9646 9675/9675
f 9676/9676 9677/9677 9646/9646
f 9677/9677 9637/9637 9646/9646
f 9637/9637 9677/9677 9678/9678
f 9637/9637 9678/9678 9679/9679
f 9679/9679 9638/9638 9637/9637
f 9680/9680 9681/9681 9682/9682
f 9681/9681 9680/9680 9683/9683
f 9681/9681 9684/9684 9682/9682
f 9684/9684 9681/9681 9685/9685
f 9685/9685 9686/9686 9684/9684
f 9686/9686 9685/9685 9687/9687
f 9682/9682 9684/9684 9688/9688
f 9689/9689 9690/9690 9688/9688
f 9682/9682 9688/9688 9690/9690
f 9689/9689 9688/9688 9691/9691
f 9689/9689 9691/9691 9692/9692
f 9693/9693 9692/9692 9694/9694
f 9689/9689 9692/9692 9693/9693
f 9694/9694 9692/9692 9695/9695
f 9695/9695 9692/9692 9696/9696
f 9697/9697 9693/9693 9694/9694
f 9698/9698 9699/9699 9700/9700
f 9698/9698 9700/9700 9701/9701
f 9698/9698 9702/9702 9699/9699
f 9698/9698 9703/9703 9704/9704
f 9698/9698 9704/9704 9702/9702
f 9703/9703 9705/9705 9706/9706
f 9706/9706 9704/9704 9703/9703
f 9707/9707 9706/9706 9705/9705
f 9707/9707 9705/9705 9708/9708
f 9709/9709 9707/9707 9708/9708
f 9710/9710 9709/9709 9708/9708
f 9709/9709 9710/9710 9711/9711
f 9711/9711 9712/9712 9709/9709
f 9713/9713 9714/9714 9715/9715
f 9716/9716 9713/9713 9715/9715
f 9713/9713 9716/9716 9717/9717
f 9718/9718 9716/9716 9715/9715
f 9719/9719 9720/9720 9718/9718
f 9718/9718 9715/9715 9719/9719
f 9719/9719 9721/9721 9720/9720
f 9721/9721 9722/9722 9720/9720
f 9723/9723 9720/9720 9722/9722
f 9722/9722 9721/9721 9724/9724
f 9725/9725 9726/9726 9727/9727
f 9727/9727 9728/9728 9725/9725
f 9729/9729 9725/9725 9728/9728
f 9729/9729 9728/9728 9730/9730
f 9728/9728 9727/9727 9731/9731
f 9728/9728 9731/9731 9732/9732
f 9729/9729 9730/9730 9733/9733
f 9729/9729 9733/9733 9734/9734
f 9735/9735 9734/9734 9733/9733
f 9735/9735 9733/9733 9736/9736
f 9735/9735 9737/9737 9734/9734
f 9734/9734 9737/9737 9738/9738
f 9739/9739 9740/9740 9741/9741
f 9741/9741 9742/9742 9739/9739
f 9742/9742 9743/9743 9739/9739
f 9744/9744 9745/9745 9742/9742
f 9744/9744 9742/9742 9741/9741
f 9744/9744 9746/9746 9745/9745
f 9744/9744 9747/9747 9746/9746
f 9748/9748 9746/9746 9747/9747
f 9748/9748 9749/9749 9746/9746
f 9749/9749 9748/9748 9750/9750
f 9749/9749 9750/9750 9751/9751
f 9750/9750 9752/9752 9751/9751
f 9750/9750 9753/9753 9752/9752
f 9753/9753 9754/9754 9752/9752
f 9755/9755 9756/9756 9754/9754
f 9757/9757 9755/9755 9754/9754
f 9753/9753 9757/9757 9754/9754
f 9755/9755 9757/9757 9758/9758
f 9759/9759 9760/9760 9761/9761
f 9760/9760 9759/9759 9762/9762
f 9763/9763 9764/9764 9760/9760
f 9764/9764 9761/9761 9760/9760
f 9765/9765 9763/9763 9760/9760
f 9765/9765 9766/9766 9767/9767
f 9766/9766 9765/9765 9768/9768
f 9765/9765 9767/9767 9769/9769
f 9763/9763 9765/9765 9769/9769
f 9763/9763 9770/9770 9764/9764
f 9763/9763 9771/9771 9770/9770
f 9771/9771 9772/9772 9770/9770
f 9772/9772 9773/9773 9770/9770
f 9773/9773 9774/9774 9770/9770
f 9770/9770 9775/9775 9764/9764
f 9776/9776 9770/9770 9777/9777
f 9770/9770 9776/9776 9775/9775
f 9778/9778 9777/9777 9770/9770
f 9779/9779 9780/9780 9781/9781
f 9781/9781 9780/9780 9782/9782
f 9781/9781 9782/9782 9783/9783
f 9784/9784 9779/9779 9781/9781
f 9785/9785 9781/9781 9783/9783
f 9781/9781 9785/9785 9786/9786
f 9781/9781 9786/9786 9784/9784
f 9785/9785 9787/9787 9786/9786
f 9788/9788 9787/9787 9785/9785
f 9788/9788 9789/9789 9787/9787
f 9790/9790 9788/9788 9785/9785
f 9788/9788 9791/9791 9792/9792
f 9790/9790 9791/9791 9788/9788
f 9788/9788 9793/9793 9789/9789
f 9788/9788 9794/9794 9793/9793
f 9788/9788 9792/9792 9794/9794
f 9790/9790 9785/9785 9783/9783
f 9794/9794 9795/9795 9793/9793
f 9794/9794 9796/9796 9795/9795
f 9795/9795 9796/9796 9797/9797
f 9795/9795 9797/9797 9798/9798
f 9794/9794 9799/9799 9796/9796
f 9800/9800 9796/9796 9799/9799
f 9800/9800 9797/9797 9796/9796
f 9801/9801 9797/9797 9800/9800
f 9800/9800 9802/9802 9801/9801
f 9801/9801 9803/9803 9797/9797
f 9803/9803 9804/9804 9798/9798
f 9798/9798 9797/9797 9803/9803
f 9794/9794 9792/9792 9799/9799
f 9805/9805 9779/9779 9784/9784
f 9806/9806 9782/9782 9780/9780
f 9807/9807 9808/9808 9809/9809
f 9810/9810 9807/9807 9809/9809
f 9811/9811 9812/9812 9807/9807
f 9807/9807 9812/9812 9813/9813
f 9810/9810 9811/9811 9807/9807
f 9814/9814 9812/9812 9811/9811
f 9815/9815 9810/9810 9809/9809
f 9816/9816 9817/9817 9818/9818
f 9817/9817 9816/9816 9819/9819
f 9820/9820 9818/9818 9817/9817
f 9821/9821 9822/9822 9818/9818
f 9823/9823 9818/9818 9822/9822
f 9821/9821 9818/9818 9824/9824
f 9824/9824 9818/9818 9820/9820
f 9818/9818 9823/9823 9825/9825
f 9821/9821 9824/9824 9826/9826
f 9821/9821 9826/9826 9827/9827
f 9828/9828 9829/9829 9826/9826
f 9829/9829 9827/9827 9826/9826
f 9829/9829 9828/9828 9830/9830
f 9830/9830 9831/9831 9829/9829
f 9829/9829 9832/9832 9833/9833
f 9833/9833 9834/9834 9829/9829
f 9827/9827 9829/9829 9834/9834
f 9835/9835 9833/9833 9832/9832
f 9831/9831 9830/9830 9836/9836
f 9837/9837 9825/9825 9823/9823
f 9838/9838 9839/9839 9840/9840
f 9838/9838 9840/9840 9841/9841
f 9842/9842 9838/9838 9841/9841
f 9838/9838 9842/9842 9843/9843
f 9842/9842 9841/9841 9844/9844
f 9841/9841 9840/9840 9845/9845
f 9846/9846 9847/9847 9848/9848
f 9848/9848 9847/9847 9849/9849
f 9847/9847 9846/9846 9850/9850
f 9846/9846 9851/9851 9850/9850
f 9850/9850 9851/9851 9852/9852
f 9853/9853 9854/9854 9852/9852
f 9850/9850 9852/9852 9854/9854
f 9853/9853 9855/9855 9854/9854
f 9856/9856 9857/9857 9855/9855
f 9856/9856 9855/9855 9853/9853
f 9858/9858 9859/9859 9857/9857
f 9856/9856 9858/9858 9857/9857
f 9859/9859 9858/9858 9860/9860
f 9861/9861 9860/9860 9862/9862
f 9860/9860 9858/9858 9862/9862
f 9861/9861 9863/9863 9860/9860
f 9863/9863 9861/9861 9864/9864
f 9864/9864 9865/9865 9866/9866
f 9865/9865 9864/9864 9861/9861
f 9866/9866 9865/9865 9867/9867
f 9868/9868 9866/9866 9867/9867
f 9868/9868 9869/9869 9870/9870
f 9869/9869 9868/9868 9867/9867
f 9869/9869 9871/9871 9870/9870
f 9872/9872 9870/9870 9871/9871
f 9873/9873 9870/9870 9872/9872
f 9872/9872 9874/9874 9873/9873
f 9873/9873 9874/9874 9875/9875
f 9873/9873 9876/9876 9877/9877
f 9873/9873 9877/9877 9870/9870
f 9870/9870 9877/9877 9878/9878
f 9877/9877 9879/9879 9878/9878
f 9877/9877 9880/9880 9881/9881
f 9881/9881 9879/9879 9877/9877
f 9877/9877 9876/9876 9880/9880
f 9882/9882 9881/9881 9880/9880
f 9881/9881 9882/9882 9883/9883
f 9884/9884 9885/9885 9883/9883
f 9881/9881 9883/9883 9885/9885
f 9886/9886 9885/9885 9884/9884
f 9886/9886 9884/9884 9887/9887
f 9886/9886 9887/9887 9888/9888
f 9889/9889 9890/9890 9888/9888
f 9886/9886 9888/9888 9890/9890
f 9889/9889 9891/9891 9890/9890
f 9891/9891 9889/9889 9892/9892
f 9889/9889 9893/9893 9892/9892
f 9893/9893 9889/9889 9894/9894
f 9895/9895 9891/9891 9896/9896
f 9896/9896 9891/9891 9897/9897
f 9891/9891 9898/9898 9890/9890
f 9892/9892 9897/9897 9891/9891
f 9896/9896 9899/9899 9895/9895
f 9899/9899 9900/9900 9895/9895
f 9899/9899 9901/9901 9900/9900
f 9901/9901 9902/9902 9900/9900
f 9903/9903 9902/9902 9904/9904
f 9902/9902 9901/9901 9904/9904
f 9905/9905 9903/9903 9904/9904
f 9905/9905 9906/9906 9903/9903
f 9906/9906 9905/9905 9907/9907
f 9908/9908 9907/9907 9909/9909
f 9907/9907 9908/9908 9910/9910
f 9906/9906 9907/9907 9910/9910
f 9911/9911 9908/9908 9909/9909
f 9909/9909 9912/9912 9911/9911
f 9912/9912 9913/9913 9911/9911
f 9914/9914 9913/9913 9915/9915
f 9913/9913 9912/9912 9915/9915
f 9916/9916 9917/9917 9914/9914
f 9914/9914 9917/9917 9918/9918
f 9916/9916 9914/9914 9919/9919
f 9920/9920 9919/9919 9914/9914
f 9915/9915 9920/9920 9914/9914
f 9918/9918 9917/9917 9921/9921
f 9921/9921 9922/9922 9918/9918
f 9922/9922 9921/9921 9923/9923
f 9924/9924 9923/9923 9925/9925
f 9923/9923 9921/9921 9925/9925
f 9925/9925 9926/9926 9924/9924
f 9927/9927 9926/9926 9925/9925
f 9925/9925 9928/9928 9927/9927
f 9928/9928 9925/9925 9921/9921
f 9928/9928 9921/9921 9929/9929
f 9930/9930 9929/9929 9921/9921
f 9917/9917 9930/9930 9921/9921
f 9930/9930 9917/9917 9916/9916
f 9927/9927 9931/9931 9926/9926
f 9926/9926 9931/9931 9932/9932
f 9932/9932 9933/9933 9926/9926
f 9933/9933 9932/9932 9934/9934
f 9933/9933 9934/9934 9847/9847
f 9933/9933 9847/9847 9850/9850
f 9933/9933 9935/9935 9926/9926
f 9933/9933 9850/9850 9936/9936
f 9933/9933 9936/9936 9935/9935
f 9937/9937 9926/9926 9935/9935
f 9924/9924 9926/9926 9937/9937
f 9938/9938 9916/9916 9939/9939
f 9919/9919 9939/9939 9916/9916
f 9898/9898 9886/9886 9890/9890
f 9886/9886 9898/9898 9940/9940
f 9886/9886 9940/9940 9941/9941
f 9886/9886 9941/9941 9885/9885
f 9941/9941 9942/9942 9885/9885
f 9942/9942 9881/9881 9885/9885
f 9942/9942 9943/9943 9881/9881
f 9881/9881 9943/9943 9879/9879
f 9944/9944 9945/9945 9946/9946
f 9946/9946 9945/9945 9947/9947
f 9948/9948 9949/9949 9946/9946
f 9946/9946 9949/9949 9944/9944
f 9948/9948 9946/9946 9950/9950
f 9946/9946 9951/9951 9950/9950
f 9946/9946 9952/9952 9953/9953
f 9952/9952 9946/9946 9954/9954
f 9946/9946 9953/9953 9955/9955
f 9951/9951 9946/9946 9955/9955
f 9956/9956 9950/9950 9951/9951
f 9950/9950 9956/9956 9957/9957
f 9950/9950 9957/9957 9958/9958
f 9950/9950 9959/9959 9948/9948
f 9960/9960 9959/9959 9950/9950
f 9950/9950 9961/9961 9960/9960
f 9950/9950 9962/9962 9961/9961
f 9963/9963 9964/9964 9965/9965
f 9963/9963 9965/9965 9966/9966
f 9967/9967 9965/9965 9964/9964
f 9968/9968 9965/9965 9967/9967
f 9965/9965 9968/9968 9969/9969
f 9970/9970 9971/9971 9969/9969
f 9971/9971 9965/9965 9969/9969
f 9971/9971 9970/9970 9972/9972
f 9971/9971 9973/9973 9974/9974
f 9971/9971 9974/9974 9965/9965
f 9975/9975 9973/9973 9971/9971
f 9971/9971 9976/9976 9975/9975
f 9977/9977 9976/9976 9971/9971
f 9972/9972 9978/9978 9971/9971
f 9979/9979 9977/9977 9971/9971
f 9971/9971 9978/9978 9979/9979
f 9980/9980 9972/9972 9970/9970
f 9980/9980 9970/9970 9981/9981
f 9981/9981 9982/9982 9980/9980
f 9981/9981 9983/9983 9982/9982
f 9983/9983 9981/9981 9984/9984
f 9981/9981 9985/9985 9984/9984
f 9985/9985 9981/9981 9986/9986
f 9985/9985 9986/9986 9987/9987
f 9988/9988 9987/9987 9986/9986
f 9988/9988 9986/9986 9989/9989
f 9989/9989 9990/9990 9988/9988
f 9990/9990 9989/9989 9991/9991
f 9992/9992 9991/9991 9989/9989
f 9989/9989 9993/9993 9992/9992
f 9994/9994 9993/9993 9995/9995
f 9989/9989 9995/9995 9993/9993
f 9994/9994 9995/9995 9996/9996
f 9995/9995 9997/9997 9996/9996
f 9997/9997 9998/9998 9996/9996
f 9997/9997 9999/9999 9998/9998
f 9998/9998 9999/9999 10000/10000
f 9998/9998 10001/10001 10002/10002
f 10001/10001 9998/9998 10000/10000
f 10002/10002 10003/10003 9998/9998
f 10004/10004 9998/9998 10003/10003
f 10005/10005 9996/9996 9998/9998
f 9996/9996 10005/10005 10006/10006
f 10007/10007 10008/10008 10006/10006
f 10008/10008 9996/9996 10006/10006
f 10008/10008 10009/10009 10010/10010
f 10010/10010 9996/9996 10008/10008
f 10009/10009 10008/10008 10011/10011
f 10012/10012 10011/10011 10008/10008
f 10008/10008 10007/10007 10013/10013
f 10014/10014 10008/10008 10013/10013
f 10012/10012 10008/10008 10015/10015
f 10014/10014 10015/10015 10008/10008
f 10015/10015 10014/10014 10016/10016
f 10017/10017 10018/10018 10015/10015
f 10012/10012 10015/10015 10018/10018
f 10015/10015 10016/10016 10017/10017
f 10017/10017 10016/10016 10019/10019
f 10020/10020 10017/10017 10019/10019
f 10020/10020 10019/10019 10021/10021
f 10020/10020 10021/10021 10022/10022
f 10022/10022 10023/10023 10024/10024
f 10024/10024 10020/10020 10022/10022
f 10022/10022 10025/10025 10026/10026
f 10022/10022 10026/10026 10023/10023
f 10027/10027 10028/10028 10029/10029
f 10022/10022 10030/10030 10031/10031
f 10031/10031 10025/10025 10022/10022
f 10020/10020 10024/10024 10032/10032
f 10033/10033 10020/10020 10032/10032
f 10032/10032 10034/10034 10035/10035
f 10035/10035 10033/10033 10032/10032
f 10020/10020 10033/10033 10036/10036
f 10020/10020 10036/10036 10037/10037
f 10020/10020 10037/10037 10038/10038
f 10039/10039 10020/10020 10038/10038
f 10039/10039 10017/10017 10020/10020
f 10017/10017 10039/10039 10018/10018
f 10040/10040 10035/10035 10034/10034
f 10034/10034 10041/10041 10040/10040
f 10034/10034 10042/10042 10041/10041
f 10042/10042 10034/10034 10043/10043
f 10044/10044 10045/10045 10043/10043
f 10044/10044 10043/10043 10034/10034
f 10044/10044 10046/10046 10045/10045
f 10047/10047 10048/10048 10046/10046
f 10044/10044 10047/10047 10046/10046
f 10047/10047 10049/10049 10050/10050
f 10051/10051 10049/10049 10047/10047
f 10047/10047 10050/10050 10052/10052
f 10052/10052 10048/10048 10047/10047
f 10051/10051 10053/10053 10054/10054
f 10054/10054 10055/10055 10051/10051
f 10049/10049 10051/10051 10055/10055
f 10055/10055 10054/10054 10056/10056
f 10054/10054 10057/10057 10056/10056
f 10054/10054 10058/10058 10057/10057
f 10054/10054 10059/10059 10058/10058
f 10054/10054 10060/10060 10059/10059
f 10060/10060 10061/10061 10059/10059
f 10061/10061 10060/10060 10062/10062
f 10063/10063 10061/10061 10062/10062
f 10064/10064 10062/10062 9975/9975
f 10062/10062 10065/10065 9975/9975
f 10062/10062 10064/10064 10063/10063
f 10062/10062 10066/10066 10065/10065
f 10062/10062 10067/10067 10066/10066
f 10062/10062 10060/10060 10067/10067
f 10068/10068 9975/9975 10065/10065
f 9975/9975 10068/10068 9973/9973
f 10060/10060 10069/10069 10067/10067
f 10069/10069 10060/10060 10054/10054
f 10069/10069 10054/10054 10070/10070
f 10071/10071 10070/10070 10054/10054
f 10071/10071 10054/10054 10053/10053
f 10071/10071 10053/10053 10072/10072
f 10073/10073 10074/10074 10071/10071
f 10074/10074 10075/10075 10071/10071
f 10071/10071 10076/10076 10073/10073
f 10076/10076 10071/10071 10077/10077
f 10077/10077 10071/10071 10072/10072
f 10064/10064 9975/9975 10078/10078
f 9975/9975 9976/9976 10078/10078
f 10079/10079 9996/9996 10010/10010
f 10079/10079 10080/10080 9996/9996
f 9996/9996 10080/10080 10081/10081
f 9994/9994 9996/9996 10081/10081
f 9966/9966 9965/9965 10082/10082
f 10083/10083 10084/10084 10085/10085
f 10083/10083 10085/10085 10086/10086
f 10087/10087 10083/10083 10086/10086
f 10086/10086 10088/10088 10087/10087
f 10088/10088 10089/10089 10090/10090
f 10087/10087 10088/10088 10090/10090
f 10090/10090 10089/10089 10091/10091
f 10085/10085 10084/10084 10092/10092
f 10092/10092 10093/10093 10094/10094
f 10084/10084 10093/10093 10092/10092
f 10093/10093 10095/10095 10094/10094
f 10095/10095 10096/10096 10094/10094
f 10097/10097 10096/10096 10095/10095
f 10097/10097 10098/10098 10096/10096
f 10099/10099 10098/10098 10100/10100
f 10098/10098 10097/10097 10100/10100
f 10100/10100 10101/10101 10099/10099
f 10099/10099 10101/10101 10102/10102
f 10103/10103 10104/10104 10101/10101
f 10102/10102 10101/10101 10104/10104
f 10104/10104 10103/10103 10105/10105
f 10106/10106 10104/10104 10105/10105
f 10106/10106 10105/10105 10107/10107
f 10106/10106 10108/10108 10109/10109
f 10108/10108 10106/10106 10107/10107
f 10110/10110 10106/10106 10111/10111
f 10111/10111 10106/10106 10109/10109
f 10112/10112 10106/10106 10110/10110
f 10113/10113 10112/10112 10110/10110
f 10113/10113 10114/10114 10112/10112
f 10113/10113 10115/10115 10114/10114
f 10114/10114 10115/10115 10116/10116
f 10117/10117 10116/10116 10115/10115
f 10116/10116 10117/10117 10118/10118
f 10118/10118 10119/10119 10120/10120
f 10119/10119 10118/10118 10117/10117
f 10121/10121 10120/10120 10119/10119
f 10122/10122 10123/10123 10121/10121
f 10123/10123 10120/10120 10121/10121
f 10124/10124 10123/10123 10122/10122
f 10125/10125 10124/10124 10122/10122
f 10122/10122 10126/10126 10125/10125
f 10126/10126 10122/10122 10127/10127
f 10127/10127 10122/10122 10128/10128
f 10129/10129 10130/10130 10128/10128
f 10122/10122 10129/10129 10128/10128
f 10131/10131 10132/10132 10129/10129
f 10129/10129 10132/10132 10130/10130
f 10132/10132 10131/10131 10133/10133
f 10133/10133 10134/10134 10132/10132
f 10133/10133 10135/10135 10134/10134
f 10136/10136 10134/10134 10135/10135
f 10134/10134 10136/10136 10137/10137
f 10137/10137 10136/10136 10138/10138
f 10139/10139 10137/10137 10138/10138
f 10139/10139 10138/10138 10140/10140
f 10140/10140 10141/10141 10139/10139
f 10142/10142 10141/10141 10140/10140
f 10141/10141 10142/10142 10143/10143
f 10143/10143 10142/10142 10144/10144
f 10145/10145 10143/10143 10144/10144
f 10146/10146 10145/10145 10144/10144
f 10147/10147 10145/10145 10146/10146
f 10148/10148 10149/10149 10147/10147
f 10148/10148 10147/10147 10146/10146
f 10150/10150 10149/10149 10148/10148
f 10151/10151 10152/10152 10153/10153
f 10153/10153 10154/10154 10151/10151
f 10154/10154 10155/10155 10151/10151
f 10151/10151 10155/10155 10156/10156
f 10156/10156 10157/10157 10151/10151
f 10155/10155 10154/10154 10158/10158
f 10155/10155 10158/10158 10159/10159
f 10155/10155 10159/10159 10160/10160
f 10155/10155 10160/10160 10161/10161
f 10153/10153 10162/10162 10154/10154
f 10153/10153 10163/10163 10162/10162
f 10153/10153 10164/10164 10163/10163
f 10164/10164 10153/10153 10165/10165
f 10166/10166 10167/10167 10168/10168
f 10169/10169 10166/10166 10168/10168
f 10170/10170 10166/10166 10169/10169
f 10171/10171 10170/10170 10169/10169
f 10172/10172 10170/10170 10171/10171
f 10169/10169 10173/10173 10171/10171
f 10169/10169 10174/10174 10173/10173
f 10174/10174 10175/10175 10173/10173
f 10176/10176 10175/10175 10174/10174
f 10176/10176 10177/10177 10175/10175
f 10178/10178 10177/10177 10176/10176
f 10178/10178 10179/10179 10177/10177
f 10180/10180 10181/10181 10179/10179
f 10180/10180 10179/10179 10178/10178
f 10178/10178 10182/10182 10180/10180
f 10183/10183 10181/10181 10180/10180
f 10184/10184 10180/10180 10182/10182
f 10184/10184 10185/10185 10180/10180
f 10183/10183 10180/10180 10185/10185
f 10186/10186 10187/10187 10183/10183
f 10183/10183 10185/10185 10186/10186
f 10188/10188 10186/10186 10185/10185
f 10184/10184 10189/10189 10188/10188
f 10188/10188 10185/10185 10184/10184
f 10178/10178 10190/10190 10182/10182
f 10178/10178 10191/10191 10190/10190
f 10178/10178 10176/10176 10191/10191
f 10192/10192 10191/10191 10176/10176
f 10174/10174 10193/10193 10192/10192
f 10192/10192 10176/10176 10174/10174
f 10169/10169 10168/10168 10193/10193
f 10169/10169 10193/10193 10174/10174
f 10194/10194 10195/10195 10196/10196
f 10196/10196 10195/10195 10197/10197
f 10196/10196 10197/10197 10198/10198
f 10199/10199 10194/10194 10196/10196
f 10196/10196 10200/10200 10201/10201
f 10196/10196 10198/10198 10200/10200
f 10196/10196 10201/10201 10199/10199
f 10202/10202 10194/10194 10199/10199
f 10201/10201 10200/10200 10203/10203
f 10204/10204 10203/10203 10200/10200
f 10204/10204 10200/10200 10205/10205
f 10205/10205 10206/10206 10204/10204
f 10200/10200 10207/10207 10205/10205
f 10208/10208 10207/10207 10209/10209
f 10208/10208 10210/10210 10205/10205
f 10205/10205 10210/10210 10206/10206
f 10211/10211 10210/10210 10208/10208
f 10211/10211 10208/10208 10212/10212
f 10212/10212 10213/10213 10211/10211
f 10212/10212 10214/10214 10213/10213
f 10215/10215 10216/10216 10213/10213
f 10215/10215 10213/10213 10214/10214
f 10213/10213 10217/10217 10218/10218
f 10213/10213 10218/10218 10211/10211
f 10217/10217 10213/10213 10216/10216
f 10216/10216 10219/10219 10217/10217
f 10218/10218 10210/10210 10211/10211
f 10218/10218 10206/10206 10210/10210
f 10214/10214 10220/10220 10215/10215
f 10200/10200 10221/10221 10207/10207
f 10198/10198 10221/10221 10200/10200
f 10222/10222 10197/10197 10195/10195
f 10223/10223 10224/10224 10225/10225
f 10223/10223 10225/10225 10226/10226
f 10227/10227 10226/10226 10225/10225
f 10227/10227 10228/10228 10226/10226
f 10229/10229 10227/10227 10230/10230
f 10225/10225 10231/10231 10227/10227
f 10231/10231 10230/10230 10227/10227
f 10232/10232 10230/10230 10233/10233
f 10229/10229 10230/10230 10232/10232
f 10234/10234 10235/10235 10236/10236
f 10236/10236 10235/10235 10237/10237
f 10238/10238 10239/10239 10236/10236
f 10236/10236 10239/10239 10234/10234
f 10238/10238 10236/10236 10240/10240
f 10240/10240 10241/10241 10242/10242
f 10238/10238 10240/10240 10242/10242
f 10243/10243 10244/10244 10242/10242
f 10238/10238 10242/10242 10244/10244
f 10242/10242 10245/10245 10243/10243
f 10246/10246 10247/10247 10244/10244
f 10244/10244 10247/10247 10238/10238
f 10244/10244 10248/10248 10249/10249
f 10244/10244 10249/10249 10246/10246
f 10250/10250 10251/10251 10252/10252
f 10253/10253 10250/10250 10252/10252
f 10254/10254 10250/10250 10253/10253
f 10255/10255 10254/10254 10256/10256
f 10256/10256 10254/10254 10253/10253
f 10253/10253 10257/10257 10256/10256
f 10253/10253 10258/10258 10257/10257
f 10259/10259 10257/10257 10258/10258
f 10259/10259 10258/10258 10260/10260
f 10259/10259 10260/10260 10261/10261
f 10262/10262 10260/10260 10263/10263
f 10263/10263 10260/10260 10258/10258
f 10262/10262 10261/10261 10260/10260
f 10262/10262 10264/10264 10261/10261
f 10265/10265 10264/10264 10262/10262
f 10265/10265 10262/10262 10266/10266
f 10262/10262 10263/10263 10267/10267
f 10267/10267 10266/10266 10262/10262
f 10267/10267 10268/10268 10266/10266
f 10269/10269 10266/10266 10268/10268
f 10269/10269 10270/10270 10266/10266
f 10271/10271 10266/10266 10270/10270
f 10271/10271 10265/10265 10266/10266
f 10272/10272 10273/10273 10271/10271
f 10271/10271 10270/10270 10272/10272
f 10274/10274 10272/10272 10270/10270
f 10274/10274 10270/10270 10269/10269
f 10269/10269 10275/10275 10274/10274
f 10263/10263 10258/10258 10276/10276
f 10258/10258 10277/10277 10276/10276
f 10252/10252 10277/10277 10253/10253
f 10258/10258 10253/10253 10277/10277
f 10278/10278 10279/10279 10280/10280
f 10280/10280 10281/10281 10278/10278
f 10281/10281 10282/10282 10278/10278
f 10280/10280 10283/10283 10281/10281
f 10284/10284 10285/10285 10283/10283
f 10280/10280 10286/10286 10283/10283
f 10284/10284 10283/10283 10286/10286
f 10284/10284 10287/10287 10285/10285
f 10284/10284 10288/10288 10287/10287
f 10287/10287 10288/10288 10289/10289
f 10287/10287 10289/10289 10290/10290
f 10289/10289 10291/10291 10292/10292
f 10289/10289 10292/10292 10290/10290
f 10293/10293 10294/10294 10292/10292
f 10293/10293 10292/10292 10291/10291
f 10295/10295 10296/10296 10294/10294
f 10293/10293 10295/10295 10294/10294
f 10295/10295 10293/10293 10297/10297
f 10298/10298 10299/10299 10300/10300
f 10301/10301 10299/10299 10298/10298
f 10302/10302 10299/10299 10301/10301
f 10303/10303 10300/10300 10299/10299
f 10304/10304 10300/10300 10303/10303
f 10302/10302 10305/10305 10306/10306
f 10305/10305 10302/10302 10301/10301
f 10307/10307 10306/10306 10305/10305
f 10308/10308 10306/10306 10309/10309
f 10307/10307 10309/10309 10306/10306
f 10309/10309 10310/10310 10308/10308
f 10311/10311 10308/10308 10310/10310
f 10311/10311 10310/10310 10312/10312
f 10313/10313 10311/10311 10312/10312
f 10313/10313 10312/10312 10314/10314
f 10314/10314 10315/10315 10313/10313
f 10315/10315 10314/10314 10316/10316
f 10317/10317 10315/10315 10316/10316
f 10318/10318 10315/10315 10317/10317
f 10317/10317 10319/10319 10318/10318
f 10320/10320 10315/10315 10318/10318
f 10321/10321 10322/10322 10323/10323
f 10323/10323 10324/10324 10321/10321
f 10325/10325 10321/10321 10326/10326
f 10326/10326 10321/10321 10324/10324
f 10321/10321 10325/10325 10327/10327
f 10328/10328 10329/10329 10327/10327
f 10327/10327 10325/10325 10328/10328
f 10328/10328 10330/10330 10329/10329
f 10331/10331 10332/10332 10333/10333
f 10331/10331 10333/10333 10334/10334
f 10334/10334 10335/10335 10331/10331
f 10331/10331 10335/10335 10336/10336
f 10336/10336 10337/10337 10338/10338
f 10336/10336 10338/10338 10339/10339
f 10337/10337 10336/10336 10335/10335
f 10332/10332 10340/10340 10333/10333
f 10341/10341 10333/10333 10340/10340
f 10342/10342 10343/10343 10344/10344
f 10344/10344 10343/10343 10345/10345
f 10346/10346 10343/10343 10342/10342
f 10347/10347 10346/10346 10342/10342
f 10346/10346 10347/10347 10348/10348
f 10349/10349 10348/10348 10347/10347
f 10349/10349 10350/10350 10348/10348
f 10351/10351 10348/10348 10350/10350
f 10350/10350 10352/10352 10351/10351
f 10353/10353 10352/10352 10354/10354
f 10353/10353 10351/10351 10352/10352
f 10355/10355 10353/10353 10354/10354
f 10356/10356 10357/10357 10355/10355
f 10355/10355 10354/10354 10356/10356
f 10358/10358 10357/10357 10359/10359
f 10359/10359 10357/10357 10360/10360
f 10357/10357 10356/10356 10360/10360
f 10361/10361 10357/10357 10358/10358
f 10359/10359 10362/10362 10358/10358
f 10363/10363 10345/10345 10343/10343
f 10364/10364 10345/10345 10363/10363
f 10365/10365 10366/10366 10367/10367
f 10365/10365 10367/10367 10368/10368
f 10365/10365 10369/10369 10366/10366
f 10370/10370 10366/10366 10369/10369
f 10369/10369 10371/10371 10372/10372
f 10369/10369 10372/10372 10370/10370
f 10373/10373 10371/10371 10369/10369
f 10374/10374 10373/10373 10369/10369
f 10374/10374 10375/10375 10373/10373
f 10376/10376 10375/10375 10374/10374
f 10377/10377 10378/10378 10379/10379
f 10378/10378 10380/10380 10379/10379
f 10381/10381 10379/10379 10380/10380
f 10382/10382 10379/10379 10381/10381
f 10381/10381 10380/10380 10383/10383
f 10381/10381 10383/10383 10384/10384
f 10385/10385 10386/10386 10383/10383
f 10387/10387 10383/10383 10386/10386
f 10388/10388 10385/10385 10383/10383
f 10380/10380 10388/10388 10383/10383
f 10387/10387 10384/10384 10383/10383
f 10386/10386 10389/10389 10387/10387
f 10386/10386 10390/10390 10389/10389
f 10391/10391 10389/10389 10390/10390
f 10391/10391 10392/10392 10389/10389
f 10392/10392 10391/10391 10393/10393
f 10392/10392 10393/10393 10394/10394
f 10395/10395 10393/10393 10391/10391
f 10395/10395 10396/10396 10393/10393
f 10397/10397 10393/10393 10396/10396
f 10397/10397 10394/10394 10393/10393
f 10397/10397 10396/10396 10398/10398
f 10397/10397 10398/10398 10399/10399
f 10400/10400 10397/10397 10399/10399
f 10401/10401 10397/10397 10400/10400
f 10397/10397 10402/10402 10394/10394
f 10397/10397 10401/10401 10402/10402
f 10403/10403 10395/10395 10391/10391
f 10404/10404 10403/10403 10390/10390
f 10403/10403 10391/10391 10390/10390
f 10390/10390 10386/10386 10404/10404
f 10386/10386 10405/10405 10404/10404
f 10405/10405 10386/10386 10385/10385
f 10406/10406 10407/10407 10408/10408
f 10409/10409 10408/10408 10410/10410
f 10410/10410 10408/10408 10411/10411
f 10407/10407 10411/10411 10408/10408
f 10410/10410 10411/10411 10412/10412
f 10411/10411 10413/10413 10412/10412
f 10413/10413 10414/10414 10412/10412
f 10414/10414 10415/10415 10412/10412
f 10416/10416 10415/10415 10414/10414
f 10415/10415 10416/10416 10417/10417
f 10418/10418 10412/10412 10415/10415
f 10419/10419 10415/10415 10417/10417
f 10415/10415 10420/10420 10418/10418
f 10415/10415 10419/10419 10420/10420
f 10421/10421 10420/10420 10419/10419
f 10421/10421 10422/10422 10420/10420
f 10422/10422 10421/10421 10423/10423
f 10422/10422 10423/10423 10424/10424
f 10425/10425 10426/10426 10424/10424
f 10425/10425 10424/10424 10423/10423
f 10425/10425 10427/10427 10428/10428
f 10425/10425 10428/10428 10429/10429
f 10430/10430 10425/10425 10429/10429
f 10425/10425 10423/10423 10427/10427
f 10425/10425 10431/10431 10426/10426
f 10431/10431 10425/10425 10430/10430
f 10432/10432 10427/10427 10423/10423
f 10432/10432 10423/10423 10421/10421
f 10433/10433 10432/10432 10421/10421
f 10417/10417 10433/10433 10419/10419
f 10433/10433 10421/10421 10419/10419
f 10418/10418 10434/10434 10412/10412
f 10410/10410 10412/10412 10434/10434
f 10435/10435 10436/10436 10437/10437
f 10435/10435 10437/10437 10438/10438
f 10435/10435 10439/10439 10436/10436
f 10439/10439 10440/10440 10441/10441
f 10439/10439 10441/10441 10442/10442
f 10442/10442 10436/10436 10439/10439
f 10443/10443 10440/10440 10439/10439
f 10444/10444 10443/10443 10439/10439
f 10444/10444 10445/10445 10443/10443
f 10446/10446 10445/10445 10444/10444
f 10447/10447 10448/10448 10449/10449
f 10449/10449 10448/10448 10450/10450
f 10450/10450 10451/10451 10449/10449
f 10452/10452 10449/10449 10453/10453
f 10447/10447 10449/10449 10452/10452
f 10449/10449 10454/10454 10453/10453
f 10455/10455 10449/10449 10451/10451
f 10451/10451 10450/10450 10456/10456
f 10457/10457 10458/10458 10456/10456
f 10450/10450 10457/10457 10456/10456
f 10450/10450 10459/10459 10457/10457
f 10450/10450 10460/10460 10459/10459
f 10450/10450 10461/10461 10460/10460
f 10450/10450 10462/10462 10461/10461
f 10463/10463 10462/10462 10450/10450
f 10450/10450 10464/10464 10463/10463
f 10450/10450 10465/10465 10464/10464
f 10465/10465 10466/10466 10464/10464
f 10465/10465 10467/10467 10466/10466
f 10467/10467 10468/10468 10466/10466
f 10467/10467 10469/10469 10470/10470
f 10471/10471 10467/10467 10470/10470
f 10472/10472 10467/10467 10473/10473
f 10473/10473 10467/10467 10471/10471
f 10467/10467 10472/10472 10468/10468
f 10474/10474 10470/10470 10469/10469
f 10469/10469 10475/10475 10474/10474
f 10475/10475 10469/10469 10476/10476
f 10469/10469 10477/10477 10476/10476
f 10478/10478 10479/10479 10477/10477
f 10477/10477 10469/10469 10478/10478
f 10478/10478 10480/10480 10481/10481
f 10478/10478 10482/10482 10480/10480
f 10483/10483 10478/10478 10484/10484
f 10485/10485 10484/10484 10478/10478
f 10486/10486 10478/10478 10469/10469
f 10486/10486 10485/10485 10478/10478
f 10478/10478 10487/10487 10482/10482
f 10487/10487 10478/10478 10488/10488
f 10489/10489 10478/10478 10490/10490
f 10478/10478 10489/10489 10491/10491
f 10491/10491 10479/10479 10478/10478
f 10478/10478 10492/10492 10490/10490
f 10492/10492 10478/10478 10493/10493
f 10493/10493 10478/10478 10481/10481
f 10488/10488 10478/10478 10483/10483
f 10494/10494 10485/10485 10486/10486
f 10494/10494 10486/10486 10495/10495
f 10486/10486 10496/10496 10495/10495
f 10481/10481 10480/10480 10497/10497
f 10498/10498 10497/10497 10480/10480
f 10480/10480 10499/10499 10498/10498
f 10499/10499 10480/10480 10500/10500
f 10501/10501 10500/10500 10480/10480
f 10501/10501 10502/10502 10500/10500
f 10503/10503 10501/10501 10504/10504
f 10501/10501 10505/10505 10504/10504
f 10503/10503 10502/10502 10501/10501
f 10501/10501 10480/10480 10505/10505
f 10505/10505 10480/10480 10506/10506
f 10507/10507 10508/10508 10505/10505
f 10507/10507 10505/10505 10506/10506
f 10504/10504 10505/10505 10508/10508
f 10480/10480 10482/10482 10506/10506
f 10509/10509 10508/10508 10510/10510
f 10504/10504 10508/10508 10509/10509
f 10511/10511 10508/10508 10507/10507
f 10511/10511 10510/10510 10508/10508
f 10509/10509 10510/10510 10512/10512
f 10512/10512 10510/10510 10513/10513
f 10513/10513 10510/10510 10514/10514
f 10510/10510 10511/10511 10515/10515
f 10516/10516 10514/10514 10510/10510
f 10516/10516 10510/10510 10517/10517
f 10518/10518 10510/10510 10515/10515
f 10510/10510 10518/10518 10517/10517
f 10519/10519 10514/10514 10516/10516
f 10514/10514 10519/10519 10520/10520
f 10521/10521 10514/10514 10520/10520
f 10512/10512 10513/10513 10522/10522
f 10512/10512 10522/10522 10523/10523
f 10512/10512 10523/10523 10524/10524
f 10524/10524 10523/10523 10525/10525
f 10526/10526 10512/10512 10524/10524
f 10526/10526 10524/10524 10527/10527
f 10524/10524 10525/10525 10527/10527
f 10528/10528 10526/10526 10527/10527
f 10527/10527 10525/10525 10529/10529
f 10530/10530 10527/10527 10531/10531
f 10532/10532 10527/10527 10530/10530
f 10533/10533 10531/10531 10527/10527
f 10527/10527 10534/10534 10535/10535
f 10536/10536 10534/10534 10527/10527
f 10537/10537 10527/10527 10532/10532
f 10529/10529 10533/10533 10527/10527
f 10527/10527 10535/10535 10528/10528
f 10527/10527 10537/10537 10536/10536
f 10534/10534 10538/10538 10535/10535
f 10539/10539 10526/10526 10528/10528
f 10503/10503 10540/10540 10539/10539
f 10539/10539 10540/10540 10526/10526
f 10540/10540 10504/10504 10509/10509
f 10540/10540 10509/10509 10526/10526
f 10504/10504 10540/10540 10503/10503
f 10529/10529 10541/10541 10533/10533
f 10542/10542 10541/10541 10543/10543
f 10543/10543 10541/10541 10529/10529
f 10544/10544 10542/10542 10543/10543
f 10545/10545 10544/10544 10543/10543
f 10545/10545 10543/10543 10546/10546
f 10547/10547 10546/10546 10543/10543
f 10548/10548 10547/10547 10543/10543
f 10548/10548 10549/10549 10547/10547
f 10548/10548 10550/10550 10549/10549
f 10548/10548 10551/10551 10550/10550
f 10552/10552 10553/10553 10548/10548
f 10548/10548 10554/10554 10551/10551
f 10553/10553 10554/10554 10548/10548
f 10554/10554 10553/10553 10555/10555
f 10555/10555 10553/10553 10556/10556
f 10553/10553 10557/10557 10556/10556
f 10557/10557 10553/10553 10558/10558
f 10558/10558 10553/10553 10559/10559
f 10560/10560 10559/10559 10553/10553
f 10560/10560 10553/10553 10561/10561
f 10561/10561 10553/10553 10562/10562
f 10561/10561 10562/10562 10563/10563
f 10562/10562 10564/10564 10563/10563
f 10564/10564 10562/10562 10565/10565
f 10566/10566 10565/10565 10562/10562
f 10566/10566 10562/10562 10567/10567
f 10567/10567 10562/10562 10568/10568
f 10567/10567 10568/10568 10569/10569
f 10570/10570 10571/10571 10568/10568
f 10570/10570 10568/10568 10562/10562
f 10572/10572 10568/10568 10571/10571
f 10568/10568 10572/10572 10569/10569
f 10573/10573 10452/10452 10571/10571
f 10573/10573 10571/10571 10570/10570
f 10452/10452 10453/10453 10571/10571
f 10572/10572 10571/10571 10453/10453
f 10574/10574 10573/10573 10570/10570
f 10573/10573 10574/10574 10575/10575
f 10573/10573 10575/10575 10576/10576
f 10576/10576 10452/10452 10573/10573
f 10576/10576 10447/10447 10452/10452
f 10577/10577 10447/10447 10576/10576
f 10578/10578 10577/10577 10576/10576
f 10578/10578 10579/10579 10580/10580
f 10579/10579 10576/10576 10581/10581
f 10582/10582 10581/10581 10576/10576
f 10583/10583 10582/10582 10576/10576
f 10583/10583 10576/10576 10575/10575
f 10579/10579 10584/10584 10580/10580
f 10584/10584 10585/10585 10580/10580
f 10580/10580 10585/10585 10586/10586
f 10577/10577 10587/10587 10447/10447
f 10588/10588 10447/10447 10587/10587
f 10448/10448 10588/10588 10589/10589
f 10588/10588 10448/10448 10447/10447
f 10589/10589 10465/10465 10450/10450
f 10448/10448 10589/10589 10450/10450
f 10574/10574 10570/10570 10590/10590
f 10590/10590 10562/10562 10591/10591
f 10570/10570 10562/10562 10590/10590
f 10553/10553 10591/10591 10562/10562
f 10553/10553 10592/10592 10591/10591
f 10593/10593 10592/10592 10553/10553
f 10593/10593 10553/10553 10594/10594
f 10553/10553 10595/10595 10594/10594
f 10596/10596 10595/10595 10553/10553
f 10596/10596 10552/10552 10597/10597
f 10596/10596 10553/10553 10552/10552
f 10597/10597 10552/10552 10598/10598
f 10599/10599 10598/10598 10552/10552
f 10572/10572 10454/10454 10455/10455
f 10526/10526 10509/10509 10512/10512
f 10600/10600 10601/10601 10602/10602
f 10602/10602 10601/10601 10603/10603
f 10603/10603 10601/10601 10604/10604
f 10605/10605 10604/10604 10601/10601
f 10605/10605 10606/10606 10607/10607
f 10606/10606 10605/10605 10601/10601
f 10608/10608 10607/10607 10606/10606
f 10609/10609 10607/10607 10608/10608
f 10607/10607 10609/10609 10610/10610
f 10610/10610 10611/10611 10607/10607
f 10612/10612 10609/10609 10608/10608
f 10613/10613 10614/10614 10615/10615
f 10615/10615 10614/10614 10616/10616
f 10617/10617 10613/10613 10615/10615
f 10617/10617 10618/10618 10613/10613
f 10617/10617 10619/10619 10620/10620
f 10617/10617 10620/10620 10618/10618
f 10621/10621 10620/10620 10619/10619
f 10621/10621 10619/10619 10622/10622
f 10622/10622 10623/10623 10621/10621
f 10622/10622 10624/10624 10623/10623
f 10625/10625 10623/10623 10624/10624
f 10625/10625 10626/10626 10623/10623
f 10625/10625 10627/10627 10626/10626
f 10625/10625 10628/10628 10627/10627
f 10628/10628 10629/10629 10627/10627
f 10630/10630 10627/10627 10629/10629
f 10629/10629 10628/10628 10631/10631
f 10614/10614 10613/10613 10632/10632
f 10633/10633 10634/10634 10635/10635
f 10635/10635 10634/10634 10636/10636
f 10637/10637 10633/10633 10635/10635
f 10637/10637 10638/10638 10633/10633
f 10637/10637 10639/10639 10638/10638
f 10637/10637 10640/10640 10639/10639
f 10639/10639 10640/10640 10641/10641
f 10639/10639 10641/10641 10642/10642
f 10643/10643 10642/10642 10641/10641
f 10643/10643 10644/10644 10642/10642
f 10645/10645 10644/10644 10643/10643
f 10645/10645 10646/10646 10644/10644
f 10645/10645 10647/10647 10648/10648
f 10645/10645 10648/10648 10646/10646
f 10647/10647 10649/10649 10648/10648
f 10650/10650 10648/10648 10649/10649
f 10649/10649 10647/10647 10651/10651
f 10634/10634 10633/10633 10652/10652
f 10653/10653 10654/10654 10655/10655
f 10655/10655 10654/10654 10656/10656
f 10657/10657 10658/10658 10655/10655
f 10655/10655 10658/10658 10653/10653
f 10655/10655 10659/10659 10657/10657
f 10660/10660 10659/10659 10655/10655
f 10661/10661 10662/10662 10659/10659
f 10659/10659 10662/10662 10657/10657
f 10659/10659 10663/10663 10664/10664
f 10659/10659 10664/10664 10661/10661
f 10660/10660 10665/10665 10659/10659
f 10666/10666 10665/10665 10660/10660
f 10666/10666 10667/10667 10665/10665
f 10660/10660 10668/10668 10666/10666
f 10669/10669 10670/10670 10671/10671
f 10670/10670 10672/10672 10673/10673
f 10673/10673 10674/10674 10670/10670
f 10671/10671 10670/10670 10674/10674
f 10671/10671 10674/10674 10675/10675
f 10669/10669 10671/10671 10676/10676
f 10677/10677 10669/10669 10676/10676
f 10677/10677 10676/10676 10678/10678
f 10678/10678 10679/10679 10677/10677
f 10677/10677 10679/10679 10680/10680
f 10681/10681 10679/10679 10678/10678
f 10681/10681 10678/10678 10682/10682
f 10683/10683 10684/10684 10685/10685
f 10684/10684 10686/10686 10685/10685
f 10684/10684 10683/10683 10687/10687
f 10687/10687 10688/10688 10684/10684
f 10687/10687 10683/10683 10689/10689
f 10687/10687 10689/10689 10690/10690
f 10687/10687 10690/10690 10691/10691
f 10687/10687 10691/10691 10692/10692
f 10685/10685 10693/10693 10683/10683
f 10693/10693 10694/10694 10683/10683
f 10693/10693 10695/10695 10694/10694
f 10693/10693 10696/10696 10695/10695
f 10697/10697 10696/10696 10693/10693
f 10698/10698 10699/10699 10700/10700
f 10698/10698 10700/10700 10701/10701
f 10698/10698 10701/10701 10702/10702
f 10698/10698 10702/10702 10703/10703
f 10703/10703 10702/10702 10704/10704
f 10702/10702 10705/10705 10704/10704
f 10706/10706 10703/10703 10704/10704
f 10699/10699 10707/10707 10700/10700
f 10700/10700 10707/10707 10708/10708
f 10707/10707 10699/10699 10709/10709
f 10710/10710 10711/10711 10712/10712
f 10710/10710 10712/10712 10713/10713
f 10714/10714 10710/10710 10713/10713
f 10714/10714 10715/10715 10716/10716
f 10714/10714 10713/10713 10715/10715
f 10715/10715 10713/10713 10717/10717
f 10711/10711 10718/10718 10712/10712
f 10719/10719 10720/10720 10721/10721
f 10722/10722 10719/10719 10721/10721
f 10722/10722 10723/10723 10719/10719
f 10719/10719 10723/10723 10724/10724
f 10721/10721 10725/10725 10722/10722
f 10723/10723 10726/10726 10724/10724
f 10727/10727 10728/10728 10729/10729
f 10729/10729 10730/10730 10727/10727
f 10727/10727 10731/10731 10732/10732
f 10727/10727 10733/10733 10731/10731
f 10733/10733 10727/10727 10730/10730
f 10733/10733 10730/10730 10734/10734
f 10732/10732 10731/10731 10735/10735
f 10736/10736 10737/10737 10735/10735
f 10735/10735 10737/10737 10738/10738
f 10732/10732 10735/10735 10738/10738
f 10736/10736 10735/10735 10739/10739
f 10738/10738 10737/10737 10740/10740
f 10741/10741 10742/10742 10743/10743
f 10741/10741 10743/10743 10744/10744
f 10745/10745 10741/10741 10744/10744
f 10741/10741 10745/10745 10746/10746
f 10742/10742 10747/10747 10743/10743
f 10748/10748 10749/10749 10750/10750
f 10748/10748 10750/10750 10751/10751
f 10750/10750 10752/10752 10751/10751
f 10753/10753 10750/10750 10749/10749
f 10754/10754 10753/10753 10749/10749
f 10755/10755 10756/10756 10757/10757
f 10757/10757 10758/10758 10755/10755
f 10759/10759 10755/10755 10758/10758
f 10757/10757 10760/10760 10758/10758
f 10757/10757 10761/10761 10760/10760
f 10760/10760 10761/10761 10762/10762
f 10760/10760 10762/10762 10763/10763
f 10764/10764 10765/10765 10763/10763
f 10763/10763 10762/10762 10764/10764
f 10764/10764 10762/10762 10766/10766
f 10208/10208 10205/10205 10207/10207
f 10404/10404 10767/10767 10403/10403
f 10449/10449 10455/10455 10454/10454
f 10578/10578 10580/10580 10577/10577
f 10578/10578 10576/10576 10579/10579
f 10572/10572 10453/10453 10454/10454

