# https://github.com/mikedh/trimesh
mtllib material.mtl
usemtl material_0
v 0.03050190 -0.01608935 0.15755457
v 0.02775194 -0.01608935 0.15480460
v 0.03050190 -0.01608935 0.15205464
v 0.03304254 -0.01608935 0.15585697
v 0.03155427 -0.01608935 0.15226397
v 0.02796126 -0.01608935 0.15375224
v 0.03050190 -0.02073298 0.15755457
v 0.02775194 -0.02073298 0.15480460
v 0.03050190 -0.02073298 0.15205464
v 0.03304254 -0.01608935 0.15585697
v 0.03319903 -0.02073298 0.15534109
v 0.03319903 -0.01608935 0.15534109
v 0.02897410 -0.01608935 0.15251809
v 0.02855738 -0.02073298 0.15286008
v 0.02855738 -0.01608935 0.15286008
v 0.03278841 -0.01608935 0.15633240
v 0.03304254 -0.02073298 0.15585697
v 0.03304254 -0.01608935 0.15585697
v 0.02944953 -0.01608935 0.15226397
v 0.02897410 -0.02073298 0.15251809
v 0.02897410 -0.01608935 0.15251809
v 0.02996541 -0.01608935 0.15750173
v 0.03050190 -0.02073298 0.15755457
v 0.03050190 -0.01608935 0.15755457
v 0.03244642 -0.01608935 0.15674912
v 0.03278841 -0.02073298 0.15633240
v 0.03278841 -0.01608935 0.15633240
v 0.02996541 -0.01608935 0.15210748
v 0.02944953 -0.02073298 0.15226397
v 0.02944953 -0.01608935 0.15226397
v 0.02944953 -0.01608935 0.15734524
v 0.02996541 -0.02073298 0.15750173
v 0.02996541 -0.01608935 0.15750173
v 0.03202970 -0.01608935 0.15709111
v 0.03244642 -0.02073298 0.15674912
v 0.03244642 -0.01608935 0.15674912
v 0.03050190 -0.01608935 0.15205464
v 0.02996541 -0.02073298 0.15210748
v 0.02996541 -0.01608935 0.15210748
v 0.02897410 -0.01608935 0.15709111
v 0.02944953 -0.02073298 0.15734524
v 0.02944953 -0.01608935 0.15734524
v 0.03155427 -0.01608935 0.15734524
v 0.03202970 -0.02073298 0.15709111
v 0.03202970 -0.01608935 0.15709111
v 0.03103839 -0.01608935 0.15210748
v 0.03050190 -0.02073298 0.15205464
v 0.03050190 -0.01608935 0.15205464
v 0.02855738 -0.01608935 0.15674912
v 0.02897410 -0.02073298 0.15709111
v 0.02897410 -0.01608935 0.15709111
v 0.03103839 -0.01608935 0.15750173
v 0.03155427 -0.02073298 0.15734524
v 0.03155427 -0.01608935 0.15734524
v 0.03155427 -0.01608935 0.15226397
v 0.03103839 -0.02073298 0.15210748
v 0.03103839 -0.01608935 0.15210748
v 0.02821539 -0.01608935 0.15633240
v 0.02855738 -0.02073298 0.15674912
v 0.02855738 -0.01608935 0.15674912
v 0.03050190 -0.01608935 0.15755457
v 0.03103839 -0.02073298 0.15750173
v 0.03103839 -0.01608935 0.15750173
v 0.03202970 -0.01608935 0.15251809
v 0.03155427 -0.02073298 0.15226397
v 0.03155427 -0.01608935 0.15226397
v 0.02796126 -0.01608935 0.15585697
v 0.02821539 -0.02073298 0.15633240
v 0.02821539 -0.01608935 0.15633240
v 0.03244642 -0.01608935 0.15286008
v 0.03202970 -0.02073298 0.15251809
v 0.03202970 -0.01608935 0.15251809
v 0.02780477 -0.01608935 0.15534109
v 0.02796126 -0.02073298 0.15585697
v 0.02796126 -0.01608935 0.15585697
v 0.03278841 -0.01608935 0.15327680
v 0.03244642 -0.02073298 0.15286008
v 0.03244642 -0.01608935 0.15286008
v 0.02775194 -0.01608935 0.15480460
v 0.02780477 -0.02073298 0.15534109
v 0.02780477 -0.01608935 0.15534109
v 0.03304254 -0.01608935 0.15375224
v 0.03278841 -0.02073298 0.15327680
v 0.03278841 -0.01608935 0.15327680
v 0.02780477 -0.01608935 0.15426811
v 0.02775194 -0.02073298 0.15480460
v 0.02775194 -0.01608935 0.15480460
v 0.03319903 -0.01608935 0.15426811
v 0.03304254 -0.02073298 0.15375224
v 0.03304254 -0.01608935 0.15375224
v 0.02796126 -0.01608935 0.15375224
v 0.02780477 -0.02073298 0.15426811
v 0.02780477 -0.01608935 0.15426811
v 0.03325187 -0.01608935 0.15480460
v 0.03319903 -0.02073298 0.15426811
v 0.03319903 -0.01608935 0.15426811
v 0.02821539 -0.01608935 0.15327680
v 0.02796126 -0.02073298 0.15375224
v 0.02796126 -0.01608935 0.15375224
v 0.03319903 -0.01608935 0.15534109
v 0.03325187 -0.02073298 0.15480460
v 0.03325187 -0.01608935 0.15480460
v 0.02855738 -0.01608935 0.15286008
v 0.02821539 -0.02073298 0.15327680
v 0.02821539 -0.01608935 0.15327680
v 0.02996541 -0.01608935 0.15750173
v 0.02855738 -0.01608935 0.15674912
v 0.02944953 -0.01608935 0.15734524
v 0.02897410 -0.01608935 0.15709111
v 0.02821539 -0.01608935 0.15633240
v 0.02796126 -0.01608935 0.15585697
v 0.02780477 -0.01608935 0.15534109
v 0.02780477 -0.01608935 0.15426811
v 0.02855738 -0.01608935 0.15286008
v 0.02796126 -0.01608935 0.15375224
v 0.02821539 -0.01608935 0.15327680
v 0.02897410 -0.01608935 0.15251809
v 0.02944953 -0.01608935 0.15226397
v 0.02996541 -0.01608935 0.15210748
v 0.03103839 -0.01608935 0.15210748
v 0.03155427 -0.01608935 0.15226397
v 0.03202970 -0.01608935 0.15251809
v 0.03244642 -0.01608935 0.15286008
v 0.03278841 -0.01608935 0.15327680
v 0.03304254 -0.01608935 0.15375224
v 0.03319903 -0.01608935 0.15426811
v 0.03325187 -0.01608935 0.15480460
v 0.03319903 -0.01608935 0.15534109
v 0.03304254 -0.01608935 0.15585697
v 0.03278841 -0.01608935 0.15633240
v 0.03244642 -0.01608935 0.15674912
v 0.03202970 -0.01608935 0.15709111
v 0.03155427 -0.01608935 0.15734524
v 0.03103839 -0.01608935 0.15750173
v 0.02944953 -0.01608935 0.15734524
v 0.02996541 -0.01608935 0.15750173
v 0.03155427 -0.01608935 0.15734524
v 0.03050190 -0.01608935 0.15755457
v 0.03103839 -0.01608935 0.15750173
v 0.03202970 -0.01608935 0.15709111
v 0.03244642 -0.01608935 0.15674912
v 0.03278841 -0.01608935 0.15633240
v 0.03319903 -0.01608935 0.15534109
v 0.03325187 -0.01608935 0.15480460
v 0.03319903 -0.01608935 0.15426811
v 0.03304254 -0.01608935 0.15375224
v 0.03278841 -0.01608935 0.15327680
v 0.03244642 -0.01608935 0.15286008
v 0.03202970 -0.01608935 0.15251809
v 0.03103839 -0.01608935 0.15210748
v 0.03050190 -0.01608935 0.15205464
v 0.02996541 -0.01608935 0.15210748
v 0.02944953 -0.01608935 0.15226397
v 0.02897410 -0.01608935 0.15251809
v 0.02855738 -0.01608935 0.15286008
v 0.02821539 -0.01608935 0.15327680
v 0.02780477 -0.01608935 0.15426811
v 0.02775194 -0.01608935 0.15480460
v 0.02780477 -0.01608935 0.15534109
v 0.02796126 -0.01608935 0.15585697
v 0.02821539 -0.01608935 0.15633240
v 0.02855738 -0.01608935 0.15674912
v 0.02897410 -0.01608935 0.15709111
v 0.02996541 -0.02073298 0.15750173
v 0.02855738 -0.02073298 0.15674912
v 0.02944953 -0.02073298 0.15734524
v 0.02897410 -0.02073298 0.15709111
v 0.02821539 -0.02073298 0.15633240
v 0.02796126 -0.02073298 0.15585697
v 0.02780477 -0.02073298 0.15534109
v 0.02780477 -0.02073298 0.15426811
v 0.02855738 -0.02073298 0.15286008
v 0.02796126 -0.02073298 0.15375224
v 0.02821539 -0.02073298 0.15327680
v 0.02897410 -0.02073298 0.15251809
v 0.02944953 -0.02073298 0.15226397
v 0.02996541 -0.02073298 0.15210748
v 0.03103839 -0.02073298 0.15210748
v 0.03155427 -0.02073298 0.15226397
v 0.03202970 -0.02073298 0.15251809
v 0.03244642 -0.02073298 0.15286008
v 0.03278841 -0.02073298 0.15327680
v 0.03304254 -0.02073298 0.15375224
v 0.03319903 -0.02073298 0.15426811
v 0.03325187 -0.02073298 0.15480460
v 0.03319903 -0.02073298 0.15534109
v 0.03304254 -0.02073298 0.15585697
v 0.03278841 -0.02073298 0.15633240
v 0.03244642 -0.02073298 0.15674912
v 0.03202970 -0.02073298 0.15709111
v 0.03155427 -0.02073298 0.15734524
v 0.03103839 -0.02073298 0.15750173
v 0.03304254 -0.02073298 0.15585697
v 0.02897410 -0.02073298 0.15251809
v 0.03278841 -0.02073298 0.15633240
v 0.02944953 -0.02073298 0.15226397
v 0.02996541 -0.02073298 0.15750173
v 0.03244642 -0.02073298 0.15674912
v 0.02996541 -0.02073298 0.15210748
v 0.02944953 -0.02073298 0.15734524
v 0.03202970 -0.02073298 0.15709111
v 0.03050190 -0.02073298 0.15205464
v 0.02897410 -0.02073298 0.15709111
v 0.03155427 -0.02073298 0.15734524
v 0.03103839 -0.02073298 0.15210748
v 0.02855738 -0.02073298 0.15674912
v 0.03103839 -0.02073298 0.15750173
v 0.03155427 -0.02073298 0.15226397
v 0.02821539 -0.02073298 0.15633240
v 0.03050190 -0.02073298 0.15755457
v 0.03202970 -0.02073298 0.15251809
v 0.02796126 -0.02073298 0.15585697
v 0.03244642 -0.02073298 0.15286008
v 0.02780477 -0.02073298 0.15534109
v 0.03278841 -0.02073298 0.15327680
v 0.02775194 -0.02073298 0.15480460
v 0.03304254 -0.02073298 0.15375224
v 0.02780477 -0.02073298 0.15426811
v 0.03319903 -0.02073298 0.15426811
v 0.02796126 -0.02073298 0.15375224
v 0.03325187 -0.02073298 0.15480460
v 0.02821539 -0.02073298 0.15327680
v 0.03319903 -0.02073298 0.15534109
v 0.02855738 -0.02073298 0.15286008
v 0.01402776 -0.01608934 0.13009766
v 0.01127780 -0.01608934 0.12734769
v 0.01402776 -0.01608934 0.12459773
v 0.01656840 -0.01608934 0.12840006
v 0.01508013 -0.01608934 0.12480706
v 0.01148712 -0.01608934 0.12629533
v 0.01402776 -0.02073297 0.13009766
v 0.01127780 -0.02073297 0.12734769
v 0.01402776 -0.02073297 0.12459773
v 0.01656840 -0.01608934 0.12840006
v 0.01672489 -0.02073297 0.12788418
v 0.01672489 -0.01608934 0.12788418
v 0.01249996 -0.01608934 0.12506118
v 0.01208324 -0.02073297 0.12540317
v 0.01208324 -0.01608934 0.12540317
v 0.01631427 -0.01608934 0.12887549
v 0.01656840 -0.02073297 0.12840006
v 0.01656840 -0.01608934 0.12840006
v 0.01297539 -0.01608934 0.12480706
v 0.01249996 -0.02073297 0.12506118
v 0.01249996 -0.01608934 0.12506118
v 0.01349127 -0.01608934 0.13004482
v 0.01402776 -0.02073297 0.13009766
v 0.01402776 -0.01608934 0.13009766
v 0.01597228 -0.01608934 0.12929221
v 0.01631427 -0.02073297 0.12887549
v 0.01631427 -0.01608934 0.12887549
v 0.01349127 -0.01608934 0.12465057
v 0.01297539 -0.02073297 0.12480706
v 0.01297539 -0.01608934 0.12480706
v 0.01297539 -0.01608934 0.12988833
v 0.01349127 -0.02073297 0.13004482
v 0.01349127 -0.01608934 0.13004482
v 0.01555556 -0.01608934 0.12963421
v 0.01597228 -0.02073297 0.12929221
v 0.01597228 -0.01608934 0.12929221
v 0.01402776 -0.01608934 0.12459773
v 0.01349127 -0.02073297 0.12465057
v 0.01349127 -0.01608934 0.12465057
v 0.01249996 -0.01608934 0.12963421
v 0.01297539 -0.02073297 0.12988833
v 0.01297539 -0.01608934 0.12988833
v 0.01508013 -0.01608934 0.12988833
v 0.01555556 -0.02073297 0.12963420
v 0.01555556 -0.01608934 0.12963421
v 0.01456425 -0.01608934 0.12465057
v 0.01402776 -0.02073297 0.12459773
v 0.01402776 -0.01608934 0.12459773
v 0.01208324 -0.01608934 0.12929221
v 0.01249996 -0.02073297 0.12963420
v 0.01249996 -0.01608934 0.12963421
v 0.01456425 -0.01608934 0.13004482
v 0.01508013 -0.02073297 0.12988833
v 0.01508013 -0.01608934 0.12988833
v 0.01508013 -0.01608934 0.12480706
v 0.01456425 -0.02073297 0.12465057
v 0.01456425 -0.01608934 0.12465057
v 0.01174125 -0.01608934 0.12887549
v 0.01208324 -0.02073297 0.12929221
v 0.01208324 -0.01608934 0.12929221
v 0.01402776 -0.01608934 0.13009766
v 0.01456425 -0.02073297 0.13004482
v 0.01456425 -0.01608934 0.13004482
v 0.01555556 -0.01608934 0.12506118
v 0.01508013 -0.02073297 0.12480706
v 0.01508013 -0.01608934 0.12480706
v 0.01148712 -0.01608934 0.12840006
v 0.01174125 -0.02073297 0.12887549
v 0.01174125 -0.01608934 0.12887549
v 0.01597228 -0.01608934 0.12540317
v 0.01555556 -0.02073297 0.12506118
v 0.01555556 -0.01608934 0.12506118
v 0.01133064 -0.01608934 0.12788418
v 0.01148712 -0.02073297 0.12840006
v 0.01148712 -0.01608934 0.12840006
v 0.01631427 -0.01608934 0.12581989
v 0.01597228 -0.02073297 0.12540317
v 0.01597228 -0.01608934 0.12540317
v 0.01127780 -0.01608934 0.12734769
v 0.01133064 -0.02073297 0.12788418
v 0.01133064 -0.01608934 0.12788418
v 0.01656840 -0.01608934 0.12629533
v 0.01631427 -0.02073297 0.12581989
v 0.01631427 -0.01608934 0.12581989
v 0.01133064 -0.01608934 0.12681120
v 0.01127780 -0.02073297 0.12734769
v 0.01127780 -0.01608934 0.12734769
v 0.01672489 -0.01608934 0.12681120
v 0.01656840 -0.02073297 0.12629533
v 0.01656840 -0.01608934 0.12629533
v 0.01148712 -0.01608934 0.12629533
v 0.01133064 -0.02073297 0.12681120
v 0.01133064 -0.01608934 0.12681120
v 0.01677773 -0.01608934 0.12734769
v 0.01672489 -0.02073297 0.12681120
v 0.01672489 -0.01608934 0.12681120
v 0.01174125 -0.01608934 0.12581989
v 0.01148712 -0.02073297 0.12629533
v 0.01148712 -0.01608934 0.12629533
v 0.01672489 -0.01608934 0.12788418
v 0.01677773 -0.02073297 0.12734769
v 0.01677773 -0.01608934 0.12734769
v 0.01208324 -0.01608934 0.12540317
v 0.01174125 -0.02073297 0.12581989
v 0.01174125 -0.01608934 0.12581989
v 0.01349127 -0.01608934 0.13004482
v 0.01208324 -0.01608934 0.12929221
v 0.01297539 -0.01608934 0.12988833
v 0.01249996 -0.01608934 0.12963421
v 0.01174125 -0.01608934 0.12887549
v 0.01148712 -0.01608934 0.12840006
v 0.01133064 -0.01608934 0.12788418
v 0.01133064 -0.01608934 0.12681120
v 0.01208324 -0.01608934 0.12540317
v 0.01148712 -0.01608934 0.12629533
v 0.01174125 -0.01608934 0.12581989
v 0.01249996 -0.01608934 0.12506118
v 0.01297539 -0.01608934 0.12480706
v 0.01349127 -0.01608934 0.12465057
v 0.01456425 -0.01608934 0.12465057
v 0.01508013 -0.01608934 0.12480706
v 0.01555556 -0.01608934 0.12506118
v 0.01597228 -0.01608934 0.12540317
v 0.01631427 -0.01608934 0.12581989
v 0.01656840 -0.01608934 0.12629533
v 0.01672489 -0.01608934 0.12681120
v 0.01677773 -0.01608934 0.12734769
v 0.01672489 -0.01608934 0.12788418
v 0.01656840 -0.01608934 0.12840006
v 0.01631427 -0.01608934 0.12887549
v 0.01597228 -0.01608934 0.12929221
v 0.01555556 -0.01608934 0.12963421
v 0.01508013 -0.01608934 0.12988833
v 0.01456425 -0.01608934 0.13004482
v 0.01297539 -0.01608934 0.12988833
v 0.01349127 -0.01608934 0.13004482
v 0.01508013 -0.01608934 0.12988833
v 0.01402776 -0.01608934 0.13009766
v 0.01456425 -0.01608934 0.13004482
v 0.01555556 -0.01608934 0.12963421
v 0.01597228 -0.01608934 0.12929221
v 0.01631427 -0.01608934 0.12887549
v 0.01672489 -0.01608934 0.12788418
v 0.01677773 -0.01608934 0.12734769
v 0.01672489 -0.01608934 0.12681120
v 0.01656840 -0.01608934 0.12629533
v 0.01631427 -0.01608934 0.12581989
v 0.01597228 -0.01608934 0.12540317
v 0.01555556 -0.01608934 0.12506118
v 0.01456425 -0.01608934 0.12465057
v 0.01402776 -0.01608934 0.12459773
v 0.01349127 -0.01608934 0.12465057
v 0.01297539 -0.01608934 0.12480706
v 0.01249996 -0.01608934 0.12506118
v 0.01208324 -0.01608934 0.12540317
v 0.01174125 -0.01608934 0.12581989
v 0.01133064 -0.01608934 0.12681120
v 0.01127780 -0.01608934 0.12734769
v 0.01133064 -0.01608934 0.12788418
v 0.01148712 -0.01608934 0.12840006
v 0.01174125 -0.01608934 0.12887549
v 0.01208324 -0.01608934 0.12929221
v 0.01249996 -0.01608934 0.12963421
v 0.01349127 -0.02073297 0.13004482
v 0.01208324 -0.02073297 0.12929221
v 0.01297539 -0.02073297 0.12988833
v 0.01249996 -0.02073297 0.12963420
v 0.01174125 -0.02073297 0.12887549
v 0.01148712 -0.02073297 0.12840006
v 0.01133064 -0.02073297 0.12788418
v 0.01133064 -0.02073297 0.12681120
v 0.01208324 -0.02073297 0.12540317
v 0.01148712 -0.02073297 0.12629533
v 0.01174125 -0.02073297 0.12581989
v 0.01249996 -0.02073297 0.12506118
v 0.01297539 -0.02073297 0.12480706
v 0.01349127 -0.02073297 0.12465057
v 0.01456425 -0.02073297 0.12465057
v 0.01508013 -0.02073297 0.12480706
v 0.01555556 -0.02073297 0.12506118
v 0.01597228 -0.02073297 0.12540317
v 0.01631427 -0.02073297 0.12581989
v 0.01656840 -0.02073297 0.12629533
v 0.01672489 -0.02073297 0.12681120
v 0.01677773 -0.02073297 0.12734769
v 0.01672489 -0.02073297 0.12788418
v 0.01656840 -0.02073297 0.12840006
v 0.01631427 -0.02073297 0.12887549
v 0.01597228 -0.02073297 0.12929221
v 0.01555556 -0.02073297 0.12963420
v 0.01508013 -0.02073297 0.12988833
v 0.01456425 -0.02073297 0.13004482
v 0.01656840 -0.02073297 0.12840006
v 0.01249996 -0.02073297 0.12506118
v 0.01631427 -0.02073297 0.12887549
v 0.01297539 -0.02073297 0.12480706
v 0.01349127 -0.02073297 0.13004482
v 0.01597228 -0.02073297 0.12929221
v 0.01349127 -0.02073297 0.12465057
v 0.01297539 -0.02073297 0.12988833
v 0.01555556 -0.02073297 0.12963420
v 0.01402776 -0.02073297 0.12459773
v 0.01249996 -0.02073297 0.12963420
v 0.01508013 -0.02073297 0.12988833
v 0.01456425 -0.02073297 0.12465057
v 0.01208324 -0.02073297 0.12929221
v 0.01456425 -0.02073297 0.13004482
v 0.01508013 -0.02073297 0.12480706
v 0.01174125 -0.02073297 0.12887549
v 0.01402776 -0.02073297 0.13009766
v 0.01555556 -0.02073297 0.12506118
v 0.01148712 -0.02073297 0.12840006
v 0.01597228 -0.02073297 0.12540317
v 0.01133064 -0.02073297 0.12788418
v 0.01631427 -0.02073297 0.12581989
v 0.01127780 -0.02073297 0.12734769
v 0.01656840 -0.02073297 0.12629533
v 0.01133064 -0.02073297 0.12681120
v 0.01672489 -0.02073297 0.12681120
v 0.01148712 -0.02073297 0.12629533
v 0.01677773 -0.02073297 0.12734769
v 0.01174125 -0.02073297 0.12581989
v 0.01672489 -0.02073297 0.12788418
v 0.01208324 -0.02073297 0.12540317
v 0.01402776 -0.01608934 0.13009766
v 0.01127780 -0.01608934 0.12734769
v 0.01402776 -0.01608934 0.12459773
v 0.01656840 -0.01608934 0.12840006
v 0.01508013 -0.01608934 0.12480706
v 0.01148712 -0.01608934 0.12629533
v 0.01402776 -0.02073297 0.13009766
v 0.01127780 -0.02073297 0.12734769
v 0.01402776 -0.02073297 0.12459773
v 0.01656840 -0.01608934 0.12840006
v 0.01672489 -0.02073297 0.12788418
v 0.01672489 -0.01608934 0.12788418
v 0.01249996 -0.01608934 0.12506118
v 0.01208324 -0.02073297 0.12540317
v 0.01208324 -0.01608934 0.12540317
v 0.01631427 -0.01608934 0.12887549
v 0.01656840 -0.02073297 0.12840006
v 0.01656840 -0.01608934 0.12840006
v 0.01297539 -0.01608934 0.12480706
v 0.01249996 -0.02073297 0.12506118
v 0.01249996 -0.01608934 0.12506118
v 0.01349127 -0.01608934 0.13004482
v 0.01402776 -0.02073297 0.13009766
v 0.01402776 -0.01608934 0.13009766
v 0.01597228 -0.01608934 0.12929221
v 0.01631427 -0.02073297 0.12887549
v 0.01631427 -0.01608934 0.12887549
v 0.01349127 -0.01608934 0.12465057
v 0.01297539 -0.02073297 0.12480706
v 0.01297539 -0.01608934 0.12480706
v 0.01297539 -0.01608934 0.12988833
v 0.01349127 -0.02073297 0.13004482
v 0.01349127 -0.01608934 0.13004482
v 0.01555556 -0.01608934 0.12963421
v 0.01597228 -0.02073297 0.12929221
v 0.01597228 -0.01608934 0.12929221
v 0.01402776 -0.01608934 0.12459773
v 0.01349127 -0.02073297 0.12465057
v 0.01349127 -0.01608934 0.12465057
v 0.01249996 -0.01608934 0.12963421
v 0.01297539 -0.02073297 0.12988833
v 0.01297539 -0.01608934 0.12988833
v 0.01508013 -0.01608934 0.12988833
v 0.01555556 -0.02073297 0.12963420
v 0.01555556 -0.01608934 0.12963421
v 0.01456425 -0.01608934 0.12465057
v 0.01402776 -0.02073297 0.12459773
v 0.01402776 -0.01608934 0.12459773
v 0.01208324 -0.01608934 0.12929221
v 0.01249996 -0.02073297 0.12963420
v 0.01249996 -0.01608934 0.12963421
v 0.01456425 -0.01608934 0.13004482
v 0.01508013 -0.02073297 0.12988833
v 0.01508013 -0.01608934 0.12988833
v 0.01508013 -0.01608934 0.12480706
v 0.01456425 -0.02073297 0.12465057
v 0.01456425 -0.01608934 0.12465057
v 0.01174125 -0.01608934 0.12887549
v 0.01208324 -0.02073297 0.12929221
v 0.01208324 -0.01608934 0.12929221
v 0.01402776 -0.01608934 0.13009766
v 0.01456425 -0.02073297 0.13004482
v 0.01456425 -0.01608934 0.13004482
v 0.01555556 -0.01608934 0.12506118
v 0.01508013 -0.02073297 0.12480706
v 0.01508013 -0.01608934 0.12480706
v 0.01148712 -0.01608934 0.12840006
v 0.01174125 -0.02073297 0.12887549
v 0.01174125 -0.01608934 0.12887549
v 0.01597228 -0.01608934 0.12540317
v 0.01555556 -0.02073297 0.12506118
v 0.01555556 -0.01608934 0.12506118
v 0.01133064 -0.01608934 0.12788418
v 0.01148712 -0.02073297 0.12840006
v 0.01148712 -0.01608934 0.12840006
v 0.01631427 -0.01608934 0.12581989
v 0.01597228 -0.02073297 0.12540317
v 0.01597228 -0.01608934 0.12540317
v 0.01127780 -0.01608934 0.12734769
v 0.01133064 -0.02073297 0.12788418
v 0.01133064 -0.01608934 0.12788418
v 0.01656840 -0.01608934 0.12629533
v 0.01631427 -0.02073297 0.12581989
v 0.01631427 -0.01608934 0.12581989
v 0.01133064 -0.01608934 0.12681120
v 0.01127780 -0.02073297 0.12734769
v 0.01127780 -0.01608934 0.12734769
v 0.01672489 -0.01608934 0.12681120
v 0.01656840 -0.02073297 0.12629533
v 0.01656840 -0.01608934 0.12629533
v 0.01148712 -0.01608934 0.12629533
v 0.01133064 -0.02073297 0.12681120
v 0.01133064 -0.01608934 0.12681120
v 0.01677773 -0.01608934 0.12734769
v 0.01672489 -0.02073297 0.12681120
v 0.01672489 -0.01608934 0.12681120
v 0.01174125 -0.01608934 0.12581989
v 0.01148712 -0.02073297 0.12629533
v 0.01148712 -0.01608934 0.12629533
v 0.01672489 -0.01608934 0.12788418
v 0.01677773 -0.02073297 0.12734769
v 0.01677773 -0.01608934 0.12734769
v 0.01208324 -0.01608934 0.12540317
v 0.01174125 -0.02073297 0.12581989
v 0.01174125 -0.01608934 0.12581989
v 0.01349127 -0.01608934 0.13004482
v 0.01208324 -0.01608934 0.12929221
v 0.01297539 -0.01608934 0.12988833
v 0.01249996 -0.01608934 0.12963421
v 0.01174125 -0.01608934 0.12887549
v 0.01148712 -0.01608934 0.12840006
v 0.01133064 -0.01608934 0.12788418
v 0.01133064 -0.01608934 0.12681120
v 0.01208324 -0.01608934 0.12540317
v 0.01148712 -0.01608934 0.12629533
v 0.01174125 -0.01608934 0.12581989
v 0.01249996 -0.01608934 0.12506118
v 0.01297539 -0.01608934 0.12480706
v 0.01349127 -0.01608934 0.12465057
v 0.01456425 -0.01608934 0.12465057
v 0.01508013 -0.01608934 0.12480706
v 0.01555556 -0.01608934 0.12506118
v 0.01597228 -0.01608934 0.12540317
v 0.01631427 -0.01608934 0.12581989
v 0.01656840 -0.01608934 0.12629533
v 0.01672489 -0.01608934 0.12681120
v 0.01677773 -0.01608934 0.12734769
v 0.01672489 -0.01608934 0.12788418
v 0.01656840 -0.01608934 0.12840006
v 0.01631427 -0.01608934 0.12887549
v 0.01597228 -0.01608934 0.12929221
v 0.01555556 -0.01608934 0.12963421
v 0.01508013 -0.01608934 0.12988833
v 0.01456425 -0.01608934 0.13004482
v 0.01297539 -0.01608934 0.12988833
v 0.01349127 -0.01608934 0.13004482
v 0.01508013 -0.01608934 0.12988833
v 0.01402776 -0.01608934 0.13009766
v 0.01456425 -0.01608934 0.13004482
v 0.01555556 -0.01608934 0.12963421
v 0.01597228 -0.01608934 0.12929221
v 0.01631427 -0.01608934 0.12887549
v 0.01672489 -0.01608934 0.12788418
v 0.01677773 -0.01608934 0.12734769
v 0.01672489 -0.01608934 0.12681120
v 0.01656840 -0.01608934 0.12629533
v 0.01631427 -0.01608934 0.12581989
v 0.01597228 -0.01608934 0.12540317
v 0.01555556 -0.01608934 0.12506118
v 0.01456425 -0.01608934 0.12465057
v 0.01402776 -0.01608934 0.12459773
v 0.01349127 -0.01608934 0.12465057
v 0.01297539 -0.01608934 0.12480706
v 0.01249996 -0.01608934 0.12506118
v 0.01208324 -0.01608934 0.12540317
v 0.01174125 -0.01608934 0.12581989
v 0.01133064 -0.01608934 0.12681120
v 0.01127780 -0.01608934 0.12734769
v 0.01133064 -0.01608934 0.12788418
v 0.01148712 -0.01608934 0.12840006
v 0.01174125 -0.01608934 0.12887549
v 0.01208324 -0.01608934 0.12929221
v 0.01249996 -0.01608934 0.12963421
v 0.01349127 -0.02073297 0.13004482
v 0.01208324 -0.02073297 0.12929221
v 0.01297539 -0.02073297 0.12988833
v 0.01249996 -0.02073297 0.12963420
v 0.01174125 -0.02073297 0.12887549
v 0.01148712 -0.02073297 0.12840006
v 0.01133064 -0.02073297 0.12788418
v 0.01133064 -0.02073297 0.12681120
v 0.01208324 -0.02073297 0.12540317
v 0.01148712 -0.02073297 0.12629533
v 0.01174125 -0.02073297 0.12581989
v 0.01249996 -0.02073297 0.12506118
v 0.01297539 -0.02073297 0.12480706
v 0.01349127 -0.02073297 0.12465057
v 0.01456425 -0.02073297 0.12465057
v 0.01508013 -0.02073297 0.12480706
v 0.01555556 -0.02073297 0.12506118
v 0.01597228 -0.02073297 0.12540317
v 0.01631427 -0.02073297 0.12581989
v 0.01656840 -0.02073297 0.12629533
v 0.01672489 -0.02073297 0.12681120
v 0.01677773 -0.02073297 0.12734769
v 0.01672489 -0.02073297 0.12788418
v 0.01656840 -0.02073297 0.12840006
v 0.01631427 -0.02073297 0.12887549
v 0.01597228 -0.02073297 0.12929221
v 0.01555556 -0.02073297 0.12963420
v 0.01508013 -0.02073297 0.12988833
v 0.01456425 -0.02073297 0.13004482
v 0.01656840 -0.02073297 0.12840006
v 0.01249996 -0.02073297 0.12506118
v 0.01631427 -0.02073297 0.12887549
v 0.01297539 -0.02073297 0.12480706
v 0.01349127 -0.02073297 0.13004482
v 0.01597228 -0.02073297 0.12929221
v 0.01349127 -0.02073297 0.12465057
v 0.01297539 -0.02073297 0.12988833
v 0.01555556 -0.02073297 0.12963420
v 0.01402776 -0.02073297 0.12459773
v 0.01249996 -0.02073297 0.12963420
v 0.01508013 -0.02073297 0.12988833
v 0.01456425 -0.02073297 0.12465057
v 0.01208324 -0.02073297 0.12929221
v 0.01456425 -0.02073297 0.13004482
v 0.01508013 -0.02073297 0.12480706
v 0.01174125 -0.02073297 0.12887549
v 0.01402776 -0.02073297 0.13009766
v 0.01555556 -0.02073297 0.12506118
v 0.01148712 -0.02073297 0.12840006
v 0.01597228 -0.02073297 0.12540317
v 0.01133064 -0.02073297 0.12788418
v 0.01631427 -0.02073297 0.12581989
v 0.01127780 -0.02073297 0.12734769
v 0.01656840 -0.02073297 0.12629533
v 0.01133064 -0.02073297 0.12681120
v 0.01672489 -0.02073297 0.12681120
v 0.01148712 -0.02073297 0.12629533
v 0.01677773 -0.02073297 0.12734769
v 0.01174125 -0.02073297 0.12581989
v 0.01672489 -0.02073297 0.12788418
v 0.01208324 -0.02073297 0.12540317
v 0.04605349 -0.01608934 0.12956387
v 0.04330353 -0.01608934 0.12681390
v 0.04605349 -0.01608934 0.12406394
v 0.04859413 -0.01608934 0.12786627
v 0.04710586 -0.01608934 0.12427327
v 0.04351285 -0.01608934 0.12576154
v 0.04605349 -0.02073297 0.12956387
v 0.04330353 -0.02073297 0.12681390
v 0.04605349 -0.02073297 0.12406394
v 0.04859413 -0.01608934 0.12786627
v 0.04875062 -0.02073297 0.12735040
v 0.04875062 -0.01608934 0.12735040
v 0.04452569 -0.01608934 0.12452739
v 0.04410897 -0.02073297 0.12486938
v 0.04410897 -0.01608934 0.12486938
v 0.04834000 -0.01608934 0.12834170
v 0.04859413 -0.02073297 0.12786627
v 0.04859413 -0.01608934 0.12786627
v 0.04500113 -0.01608934 0.12427327
v 0.04452569 -0.02073297 0.12452739
v 0.04452569 -0.01608934 0.12452739
v 0.04551700 -0.01608934 0.12951103
v 0.04605349 -0.02073297 0.12956387
v 0.04605349 -0.01608934 0.12956387
v 0.04799801 -0.01608934 0.12875842
v 0.04834000 -0.02073297 0.12834170
v 0.04834000 -0.01608934 0.12834170
v 0.04551700 -0.01608934 0.12411678
v 0.04500113 -0.02073297 0.12427327
v 0.04500113 -0.01608934 0.12427327
v 0.04500113 -0.01608934 0.12935454
v 0.04551700 -0.02073297 0.12951103
v 0.04551700 -0.01608934 0.12951103
v 0.04758129 -0.01608934 0.12910042
v 0.04799801 -0.02073297 0.12875842
v 0.04799801 -0.01608934 0.12875842
v 0.04605349 -0.01608934 0.12406394
v 0.04551700 -0.02073297 0.12411678
v 0.04551700 -0.01608934 0.12411678
v 0.04452569 -0.01608934 0.12910042
v 0.04500113 -0.02073297 0.12935454
v 0.04500113 -0.01608934 0.12935454
v 0.04710586 -0.01608934 0.12935454
v 0.04758129 -0.02073297 0.12910042
v 0.04758129 -0.01608934 0.12910042
v 0.04658998 -0.01608934 0.12411678
v 0.04605349 -0.02073297 0.12406394
v 0.04605349 -0.01608934 0.12406394
v 0.04410897 -0.01608934 0.12875842
v 0.04452569 -0.02073297 0.12910042
v 0.04452569 -0.01608934 0.12910042
v 0.04658998 -0.01608934 0.12951103
v 0.04710586 -0.02073297 0.12935454
v 0.04710586 -0.01608934 0.12935454
v 0.04710586 -0.01608934 0.12427327
v 0.04658998 -0.02073297 0.12411678
v 0.04658998 -0.01608934 0.12411678
v 0.04376698 -0.01608934 0.12834170
v 0.04410897 -0.02073297 0.12875842
v 0.04410897 -0.01608934 0.12875842
v 0.04605349 -0.01608934 0.12956387
v 0.04658998 -0.02073297 0.12951103
v 0.04658998 -0.01608934 0.12951103
v 0.04758129 -0.01608934 0.12452739
v 0.04710586 -0.02073297 0.12427327
v 0.04710586 -0.01608934 0.12427327
v 0.04351286 -0.01608934 0.12786627
v 0.04376698 -0.02073297 0.12834170
v 0.04376698 -0.01608934 0.12834170
v 0.04799801 -0.01608934 0.12486938
v 0.04758129 -0.02073297 0.12452739
v 0.04758129 -0.01608934 0.12452739
v 0.04335637 -0.01608934 0.12735039
v 0.04351286 -0.02073297 0.12786627
v 0.04351286 -0.01608934 0.12786627
v 0.04834000 -0.01608934 0.12528610
v 0.04799801 -0.02073297 0.12486938
v 0.04799801 -0.01608934 0.12486938
v 0.04330353 -0.01608934 0.12681390
v 0.04335637 -0.02073297 0.12735039
v 0.04335637 -0.01608934 0.12735039
v 0.04859413 -0.01608934 0.12576154
v 0.04834000 -0.02073297 0.12528610
v 0.04834000 -0.01608934 0.12528610
v 0.04335637 -0.01608934 0.12627741
v 0.04330353 -0.02073297 0.12681390
v 0.04330353 -0.01608934 0.12681390
v 0.04875062 -0.01608934 0.12627741
v 0.04859413 -0.02073297 0.12576154
v 0.04859413 -0.01608934 0.12576154
v 0.04351285 -0.01608934 0.12576154
v 0.04335637 -0.02073297 0.12627741
v 0.04335637 -0.01608934 0.12627741
v 0.04880346 -0.01608934 0.12681390
v 0.04875062 -0.02073297 0.12627741
v 0.04875062 -0.01608934 0.12627741
v 0.04376698 -0.01608934 0.12528610
v 0.04351285 -0.02073297 0.12576154
v 0.04351285 -0.01608934 0.12576154
v 0.04875062 -0.01608934 0.12735040
v 0.04880346 -0.02073297 0.12681390
v 0.04880346 -0.01608934 0.12681390
v 0.04410897 -0.01608934 0.12486938
v 0.04376698 -0.02073297 0.12528610
v 0.04376698 -0.01608934 0.12528610
v 0.04551700 -0.01608934 0.12951103
v 0.04410897 -0.01608934 0.12875842
v 0.04500113 -0.01608934 0.12935454
v 0.04452569 -0.01608934 0.12910042
v 0.04376698 -0.01608934 0.12834170
v 0.04351286 -0.01608934 0.12786627
v 0.04335637 -0.01608934 0.12735039
v 0.04335637 -0.01608934 0.12627741
v 0.04410897 -0.01608934 0.12486938
v 0.04351285 -0.01608934 0.12576154
v 0.04376698 -0.01608934 0.12528610
v 0.04452569 -0.01608934 0.12452739
v 0.04500113 -0.01608934 0.12427327
v 0.04551700 -0.01608934 0.12411678
v 0.04658998 -0.01608934 0.12411678
v 0.04710586 -0.01608934 0.12427327
v 0.04758129 -0.01608934 0.12452739
v 0.04799801 -0.01608934 0.12486938
v 0.04834000 -0.01608934 0.12528610
v 0.04859413 -0.01608934 0.12576154
v 0.04875062 -0.01608934 0.12627741
v 0.04880346 -0.01608934 0.12681390
v 0.04875062 -0.01608934 0.12735040
v 0.04859413 -0.01608934 0.12786627
v 0.04834000 -0.01608934 0.12834170
v 0.04799801 -0.01608934 0.12875842
v 0.04758129 -0.01608934 0.12910042
v 0.04710586 -0.01608934 0.12935454
v 0.04658998 -0.01608934 0.12951103
v 0.04500113 -0.01608934 0.12935454
v 0.04551700 -0.01608934 0.12951103
v 0.04710586 -0.01608934 0.12935454
v 0.04605349 -0.01608934 0.12956387
v 0.04658998 -0.01608934 0.12951103
v 0.04758129 -0.01608934 0.12910042
v 0.04799801 -0.01608934 0.12875842
v 0.04834000 -0.01608934 0.12834170
v 0.04875062 -0.01608934 0.12735040
v 0.04880346 -0.01608934 0.12681390
v 0.04875062 -0.01608934 0.12627741
v 0.04859413 -0.01608934 0.12576154
v 0.04834000 -0.01608934 0.12528610
v 0.04799801 -0.01608934 0.12486938
v 0.04758129 -0.01608934 0.12452739
v 0.04658998 -0.01608934 0.12411678
v 0.04605349 -0.01608934 0.12406394
v 0.04551700 -0.01608934 0.12411678
v 0.04500113 -0.01608934 0.12427327
v 0.04452569 -0.01608934 0.12452739
v 0.04410897 -0.01608934 0.12486938
v 0.04376698 -0.01608934 0.12528610
v 0.04335637 -0.01608934 0.12627741
v 0.04330353 -0.01608934 0.12681390
v 0.04335637 -0.01608934 0.12735039
v 0.04351286 -0.01608934 0.12786627
v 0.04376698 -0.01608934 0.12834170
v 0.04410897 -0.01608934 0.12875842
v 0.04452569 -0.01608934 0.12910042
v 0.04551700 -0.02073297 0.12951103
v 0.04410897 -0.02073297 0.12875842
v 0.04500113 -0.02073297 0.12935454
v 0.04452569 -0.02073297 0.12910042
v 0.04376698 -0.02073297 0.12834170
v 0.04351286 -0.02073297 0.12786627
v 0.04335637 -0.02073297 0.12735039
v 0.04335637 -0.02073297 0.12627741
v 0.04410897 -0.02073297 0.12486938
v 0.04351285 -0.02073297 0.12576154
v 0.04376698 -0.02073297 0.12528610
v 0.04452569 -0.02073297 0.12452739
v 0.04500113 -0.02073297 0.12427327
v 0.04551700 -0.02073297 0.12411678
v 0.04658998 -0.02073297 0.12411678
v 0.04710586 -0.02073297 0.12427327
v 0.04758129 -0.02073297 0.12452739
v 0.04799801 -0.02073297 0.12486938
v 0.04834000 -0.02073297 0.12528610
v 0.04859413 -0.02073297 0.12576154
v 0.04875062 -0.02073297 0.12627741
v 0.04880346 -0.02073297 0.12681390
v 0.04875062 -0.02073297 0.12735040
v 0.04859413 -0.02073297 0.12786627
v 0.04834000 -0.02073297 0.12834170
v 0.04799801 -0.02073297 0.12875842
v 0.04758129 -0.02073297 0.12910042
v 0.04710586 -0.02073297 0.12935454
v 0.04658998 -0.02073297 0.12951103
v 0.04859413 -0.02073297 0.12786627
v 0.04452569 -0.02073297 0.12452739
v 0.04834000 -0.02073297 0.12834170
v 0.04500113 -0.02073297 0.12427327
v 0.04551700 -0.02073297 0.12951103
v 0.04799801 -0.02073297 0.12875842
v 0.04551700 -0.02073297 0.12411678
v 0.04500113 -0.02073297 0.12935454
v 0.04758129 -0.02073297 0.12910042
v 0.04605349 -0.02073297 0.12406394
v 0.04452569 -0.02073297 0.12910042
v 0.04710586 -0.02073297 0.12935454
v 0.04658998 -0.02073297 0.12411678
v 0.04410897 -0.02073297 0.12875842
v 0.04658998 -0.02073297 0.12951103
v 0.04710586 -0.02073297 0.12427327
v 0.04376698 -0.02073297 0.12834170
v 0.04605349 -0.02073297 0.12956387
v 0.04758129 -0.02073297 0.12452739
v 0.04351286 -0.02073297 0.12786627
v 0.04799801 -0.02073297 0.12486938
v 0.04335637 -0.02073297 0.12735039
v 0.04834000 -0.02073297 0.12528610
v 0.04330353 -0.02073297 0.12681390
v 0.04859413 -0.02073297 0.12576154
v 0.04335637 -0.02073297 0.12627741
v 0.04875062 -0.02073297 0.12627741
v 0.04351285 -0.02073297 0.12576154
v 0.04880346 -0.02073297 0.12681390
v 0.04376698 -0.02073297 0.12528610
v 0.04875062 -0.02073297 0.12735040
v 0.04410897 -0.02073297 0.12486938
v 0.03050190 0.02051669 0.15755457
v 0.02775194 0.02051669 0.15480460
v 0.03050190 0.02051669 0.15205464
v 0.03304254 0.02051669 0.15585697
v 0.03155427 0.02051669 0.15226397
v 0.02796126 0.02051669 0.15375224
v 0.03050190 0.01587306 0.15755457
v 0.02775194 0.01587306 0.15480460
v 0.03050190 0.01587306 0.15205464
v 0.03304254 0.02051669 0.15585697
v 0.03319903 0.01587306 0.15534109
v 0.03319903 0.02051669 0.15534109
v 0.02897410 0.02051669 0.15251809
v 0.02855738 0.01587306 0.15286008
v 0.02855738 0.02051669 0.15286008
v 0.03278841 0.02051669 0.15633240
v 0.03304254 0.01587306 0.15585697
v 0.03304254 0.02051669 0.15585697
v 0.02944953 0.02051669 0.15226397
v 0.02897410 0.01587306 0.15251809
v 0.02897410 0.02051669 0.15251809
v 0.02996541 0.02051669 0.15750173
v 0.03050190 0.01587306 0.15755457
v 0.03050190 0.02051669 0.15755457
v 0.03244642 0.02051669 0.15674912
v 0.03278841 0.01587306 0.15633240
v 0.03278841 0.02051669 0.15633240
v 0.02996541 0.02051669 0.15210748
v 0.02944953 0.01587306 0.15226397
v 0.02944953 0.02051669 0.15226397
v 0.02944953 0.02051669 0.15734524
v 0.02996541 0.01587306 0.15750173
v 0.02996541 0.02051669 0.15750173
v 0.03202970 0.02051669 0.15709111
v 0.03244642 0.01587306 0.15674912
v 0.03244642 0.02051669 0.15674912
v 0.03050190 0.02051669 0.15205464
v 0.02996541 0.01587306 0.15210748
v 0.02996541 0.02051669 0.15210748
v 0.02897410 0.02051669 0.15709111
v 0.02944953 0.01587306 0.15734524
v 0.02944953 0.02051669 0.15734524
v 0.03155427 0.02051669 0.15734524
v 0.03202970 0.01587306 0.15709111
v 0.03202970 0.02051669 0.15709111
v 0.03103839 0.02051669 0.15210748
v 0.03050190 0.01587306 0.15205464
v 0.03050190 0.02051669 0.15205464
v 0.02855738 0.02051669 0.15674912
v 0.02897410 0.01587306 0.15709111
v 0.02897410 0.02051669 0.15709111
v 0.03103839 0.02051669 0.15750173
v 0.03155427 0.01587306 0.15734524
v 0.03155427 0.02051669 0.15734524
v 0.03155427 0.02051669 0.15226397
v 0.03103839 0.01587306 0.15210748
v 0.03103839 0.02051669 0.15210748
v 0.02821539 0.02051669 0.15633240
v 0.02855738 0.01587306 0.15674912
v 0.02855738 0.02051669 0.15674912
v 0.03050190 0.02051669 0.15755457
v 0.03103839 0.01587306 0.15750173
v 0.03103839 0.02051669 0.15750173
v 0.03202970 0.02051669 0.15251809
v 0.03155427 0.01587306 0.15226397
v 0.03155427 0.02051669 0.15226397
v 0.02796126 0.02051669 0.15585697
v 0.02821539 0.01587306 0.15633240
v 0.02821539 0.02051669 0.15633240
v 0.03244642 0.02051669 0.15286008
v 0.03202970 0.01587306 0.15251809
v 0.03202970 0.02051669 0.15251809
v 0.02780477 0.02051669 0.15534109
v 0.02796126 0.01587306 0.15585697
v 0.02796126 0.02051669 0.15585697
v 0.03278841 0.02051669 0.15327680
v 0.03244642 0.01587306 0.15286008
v 0.03244642 0.02051669 0.15286008
v 0.02775194 0.02051669 0.15480460
v 0.02780477 0.01587306 0.15534109
v 0.02780477 0.02051669 0.15534109
v 0.03304254 0.02051669 0.15375224
v 0.03278841 0.01587306 0.15327680
v 0.03278841 0.02051669 0.15327680
v 0.02780477 0.02051669 0.15426811
v 0.02775194 0.01587306 0.15480460
v 0.02775194 0.02051669 0.15480460
v 0.03319903 0.02051669 0.15426811
v 0.03304254 0.01587306 0.15375224
v 0.03304254 0.02051669 0.15375224
v 0.02796126 0.02051669 0.15375224
v 0.02780477 0.01587306 0.15426811
v 0.02780477 0.02051669 0.15426811
v 0.03325187 0.02051669 0.15480460
v 0.03319903 0.01587306 0.15426811
v 0.03319903 0.02051669 0.15426811
v 0.02821539 0.02051669 0.15327680
v 0.02796126 0.01587306 0.15375224
v 0.02796126 0.02051669 0.15375224
v 0.03319903 0.02051669 0.15534109
v 0.03325187 0.01587306 0.15480460
v 0.03325187 0.02051669 0.15480460
v 0.02855738 0.02051669 0.15286008
v 0.02821539 0.01587306 0.15327680
v 0.02821539 0.02051669 0.15327680
v 0.02996541 0.02051669 0.15750173
v 0.02855738 0.02051669 0.15674912
v 0.02944953 0.02051669 0.15734524
v 0.02897410 0.02051669 0.15709111
v 0.02821539 0.02051669 0.15633240
v 0.02796126 0.02051669 0.15585697
v 0.02780477 0.02051669 0.15534109
v 0.02780477 0.02051669 0.15426811
v 0.02855738 0.02051669 0.15286008
v 0.02796126 0.02051669 0.15375224
v 0.02821539 0.02051669 0.15327680
v 0.02897410 0.02051669 0.15251809
v 0.02944953 0.02051669 0.15226397
v 0.02996541 0.02051669 0.15210748
v 0.03103839 0.02051669 0.15210748
v 0.03155427 0.02051669 0.15226397
v 0.03202970 0.02051669 0.15251809
v 0.03244642 0.02051669 0.15286008
v 0.03278841 0.02051669 0.15327680
v 0.03304254 0.02051669 0.15375224
v 0.03319903 0.02051669 0.15426811
v 0.03325187 0.02051669 0.15480460
v 0.03319903 0.02051669 0.15534109
v 0.03304254 0.02051669 0.15585697
v 0.03278841 0.02051669 0.15633240
v 0.03244642 0.02051669 0.15674912
v 0.03202970 0.02051669 0.15709111
v 0.03155427 0.02051669 0.15734524
v 0.03103839 0.02051669 0.15750173
v 0.02944953 0.02051669 0.15734524
v 0.02996541 0.02051669 0.15750173
v 0.03155427 0.02051669 0.15734524
v 0.03050190 0.02051669 0.15755457
v 0.03103839 0.02051669 0.15750173
v 0.03202970 0.02051669 0.15709111
v 0.03244642 0.02051669 0.15674912
v 0.03278841 0.02051669 0.15633240
v 0.03319903 0.02051669 0.15534109
v 0.03325187 0.02051669 0.15480460
v 0.03319903 0.02051669 0.15426811
v 0.03304254 0.02051669 0.15375224
v 0.03278841 0.02051669 0.15327680
v 0.03244642 0.02051669 0.15286008
v 0.03202970 0.02051669 0.15251809
v 0.03103839 0.02051669 0.15210748
v 0.03050190 0.02051669 0.15205464
v 0.02996541 0.02051669 0.15210748
v 0.02944953 0.02051669 0.15226397
v 0.02897410 0.02051669 0.15251809
v 0.02855738 0.02051669 0.15286008
v 0.02821539 0.02051669 0.15327680
v 0.02780477 0.02051669 0.15426811
v 0.02775194 0.02051669 0.15480460
v 0.02780477 0.02051669 0.15534109
v 0.02796126 0.02051669 0.15585697
v 0.02821539 0.02051669 0.15633240
v 0.02855738 0.02051669 0.15674912
v 0.02897410 0.02051669 0.15709111
v 0.02996541 0.01587306 0.15750173
v 0.02855738 0.01587306 0.15674912
v 0.02944953 0.01587306 0.15734524
v 0.02897410 0.01587306 0.15709111
v 0.02821539 0.01587306 0.15633240
v 0.02796126 0.01587306 0.15585697
v 0.02780477 0.01587306 0.15534109
v 0.02780477 0.01587306 0.15426811
v 0.02855738 0.01587306 0.15286008
v 0.02796126 0.01587306 0.15375224
v 0.02821539 0.01587306 0.15327680
v 0.02897410 0.01587306 0.15251809
v 0.02944953 0.01587306 0.15226397
v 0.02996541 0.01587306 0.15210748
v 0.03103839 0.01587306 0.15210748
v 0.03155427 0.01587306 0.15226397
v 0.03202970 0.01587306 0.15251809
v 0.03244642 0.01587306 0.15286008
v 0.03278841 0.01587306 0.15327680
v 0.03304254 0.01587306 0.15375224
v 0.03319903 0.01587306 0.15426811
v 0.03325187 0.01587306 0.15480460
v 0.03319903 0.01587306 0.15534109
v 0.03304254 0.01587306 0.15585697
v 0.03278841 0.01587306 0.15633240
v 0.03244642 0.01587306 0.15674912
v 0.03202970 0.01587306 0.15709111
v 0.03155427 0.01587306 0.15734524
v 0.03103839 0.01587306 0.15750173
v 0.03304254 0.01587306 0.15585697
v 0.02897410 0.01587306 0.15251809
v 0.03278841 0.01587306 0.15633240
v 0.02944953 0.01587306 0.15226397
v 0.02996541 0.01587306 0.15750173
v 0.03244642 0.01587306 0.15674912
v 0.02996541 0.01587306 0.15210748
v 0.02944953 0.01587306 0.15734524
v 0.03202970 0.01587306 0.15709111
v 0.03050190 0.01587306 0.15205464
v 0.02897410 0.01587306 0.15709111
v 0.03155427 0.01587306 0.15734524
v 0.03103839 0.01587306 0.15210748
v 0.02855738 0.01587306 0.15674912
v 0.03103839 0.01587306 0.15750173
v 0.03155427 0.01587306 0.15226397
v 0.02821539 0.01587306 0.15633240
v 0.03050190 0.01587306 0.15755457
v 0.03202970 0.01587306 0.15251809
v 0.02796126 0.01587306 0.15585697
v 0.03244642 0.01587306 0.15286008
v 0.02780477 0.01587306 0.15534109
v 0.03278841 0.01587306 0.15327680
v 0.02775194 0.01587306 0.15480460
v 0.03304254 0.01587306 0.15375224
v 0.02780477 0.01587306 0.15426811
v 0.03319903 0.01587306 0.15426811
v 0.02796126 0.01587306 0.15375224
v 0.03325187 0.01587306 0.15480460
v 0.02821539 0.01587306 0.15327680
v 0.03319903 0.01587306 0.15534109
v 0.02855738 0.01587306 0.15286008
v 0.01402776 0.02051670 0.13009766
v 0.01127780 0.02051670 0.12734769
v 0.01402776 0.02051670 0.12459773
v 0.01656840 0.02051670 0.12840006
v 0.01508013 0.02051670 0.12480706
v 0.01148712 0.02051670 0.12629533
v 0.01402776 0.01587307 0.13009766
v 0.01127780 0.01587307 0.12734769
v 0.01402776 0.01587307 0.12459773
v 0.01656840 0.02051670 0.12840006
v 0.01672489 0.01587307 0.12788418
v 0.01672489 0.02051670 0.12788418
v 0.01249996 0.02051670 0.12506118
v 0.01208324 0.01587307 0.12540317
v 0.01208324 0.02051670 0.12540317
v 0.01631427 0.02051670 0.12887549
v 0.01656840 0.01587307 0.12840006
v 0.01656840 0.02051670 0.12840006
v 0.01297539 0.02051670 0.12480706
v 0.01249996 0.01587307 0.12506118
v 0.01249996 0.02051670 0.12506118
v 0.01349127 0.02051670 0.13004482
v 0.01402776 0.01587307 0.13009766
v 0.01402776 0.02051670 0.13009766
v 0.01597228 0.02051670 0.12929221
v 0.01631427 0.01587307 0.12887549
v 0.01631427 0.02051670 0.12887549
v 0.01349127 0.02051670 0.12465057
v 0.01297539 0.01587307 0.12480706
v 0.01297539 0.02051670 0.12480706
v 0.01297539 0.02051670 0.12988833
v 0.01349127 0.01587307 0.13004482
v 0.01349127 0.02051670 0.13004482
v 0.01555556 0.02051670 0.12963421
v 0.01597228 0.01587307 0.12929221
v 0.01597228 0.02051670 0.12929221
v 0.01402776 0.02051670 0.12459773
v 0.01349127 0.01587307 0.12465057
v 0.01349127 0.02051670 0.12465057
v 0.01249996 0.02051670 0.12963421
v 0.01297539 0.01587307 0.12988833
v 0.01297539 0.02051670 0.12988833
v 0.01508013 0.02051670 0.12988833
v 0.01555556 0.01587307 0.12963420
v 0.01555556 0.02051670 0.12963421
v 0.01456425 0.02051670 0.12465057
v 0.01402776 0.01587307 0.12459773
v 0.01402776 0.02051670 0.12459773
v 0.01208324 0.02051670 0.12929221
v 0.01249996 0.01587307 0.12963420
v 0.01249996 0.02051670 0.12963421
v 0.01456425 0.02051670 0.13004482
v 0.01508013 0.01587307 0.12988833
v 0.01508013 0.02051670 0.12988833
v 0.01508013 0.02051670 0.12480706
v 0.01456425 0.01587307 0.12465057
v 0.01456425 0.02051670 0.12465057
v 0.01174125 0.02051670 0.12887549
v 0.01208324 0.01587307 0.12929221
v 0.01208324 0.02051670 0.12929221
v 0.01402776 0.02051670 0.13009766
v 0.01456425 0.01587307 0.13004482
v 0.01456425 0.02051670 0.13004482
v 0.01555556 0.02051670 0.12506118
v 0.01508013 0.01587307 0.12480706
v 0.01508013 0.02051670 0.12480706
v 0.01148712 0.02051670 0.12840006
v 0.01174125 0.01587307 0.12887549
v 0.01174125 0.02051670 0.12887549
v 0.01597228 0.02051670 0.12540317
v 0.01555556 0.01587307 0.12506118
v 0.01555556 0.02051670 0.12506118
v 0.01133064 0.02051670 0.12788418
v 0.01148712 0.01587307 0.12840006
v 0.01148712 0.02051670 0.12840006
v 0.01631427 0.02051670 0.12581989
v 0.01597228 0.01587307 0.12540317
v 0.01597228 0.02051670 0.12540317
v 0.01127780 0.02051670 0.12734769
v 0.01133064 0.01587307 0.12788418
v 0.01133064 0.02051670 0.12788418
v 0.01656840 0.02051670 0.12629533
v 0.01631427 0.01587307 0.12581989
v 0.01631427 0.02051670 0.12581989
v 0.01133064 0.02051670 0.12681120
v 0.01127780 0.01587307 0.12734769
v 0.01127780 0.02051670 0.12734769
v 0.01672489 0.02051670 0.12681120
v 0.01656840 0.01587307 0.12629533
v 0.01656840 0.02051670 0.12629533
v 0.01148712 0.02051670 0.12629533
v 0.01133064 0.01587307 0.12681120
v 0.01133064 0.02051670 0.12681120
v 0.01677773 0.02051670 0.12734769
v 0.01672489 0.01587307 0.12681120
v 0.01672489 0.02051670 0.12681120
v 0.01174125 0.02051670 0.12581989
v 0.01148712 0.01587307 0.12629533
v 0.01148712 0.02051670 0.12629533
v 0.01672489 0.02051670 0.12788418
v 0.01677773 0.01587307 0.12734769
v 0.01677773 0.02051670 0.12734769
v 0.01208324 0.02051670 0.12540317
v 0.01174125 0.01587307 0.12581989
v 0.01174125 0.02051670 0.12581989
v 0.01349127 0.02051670 0.13004482
v 0.01208324 0.02051670 0.12929221
v 0.01297539 0.02051670 0.12988833
v 0.01249996 0.02051670 0.12963421
v 0.01174125 0.02051670 0.12887549
v 0.01148712 0.02051670 0.12840006
v 0.01133064 0.02051670 0.12788418
v 0.01133064 0.02051670 0.12681120
v 0.01208324 0.02051670 0.12540317
v 0.01148712 0.02051670 0.12629533
v 0.01174125 0.02051670 0.12581989
v 0.01249996 0.02051670 0.12506118
v 0.01297539 0.02051670 0.12480706
v 0.01349127 0.02051670 0.12465057
v 0.01456425 0.02051670 0.12465057
v 0.01508013 0.02051670 0.12480706
v 0.01555556 0.02051670 0.12506118
v 0.01597228 0.02051670 0.12540317
v 0.01631427 0.02051670 0.12581989
v 0.01656840 0.02051670 0.12629533
v 0.01672489 0.02051670 0.12681120
v 0.01677773 0.02051670 0.12734769
v 0.01672489 0.02051670 0.12788418
v 0.01656840 0.02051670 0.12840006
v 0.01631427 0.02051670 0.12887549
v 0.01597228 0.02051670 0.12929221
v 0.01555556 0.02051670 0.12963421
v 0.01508013 0.02051670 0.12988833
v 0.01456425 0.02051670 0.13004482
v 0.01297539 0.02051670 0.12988833
v 0.01349127 0.02051670 0.13004482
v 0.01508013 0.02051670 0.12988833
v 0.01402776 0.02051670 0.13009766
v 0.01456425 0.02051670 0.13004482
v 0.01555556 0.02051670 0.12963421
v 0.01597228 0.02051670 0.12929221
v 0.01631427 0.02051670 0.12887549
v 0.01672489 0.02051670 0.12788418
v 0.01677773 0.02051670 0.12734769
v 0.01672489 0.02051670 0.12681120
v 0.01656840 0.02051670 0.12629533
v 0.01631427 0.02051670 0.12581989
v 0.01597228 0.02051670 0.12540317
v 0.01555556 0.02051670 0.12506118
v 0.01456425 0.02051670 0.12465057
v 0.01402776 0.02051670 0.12459773
v 0.01349127 0.02051670 0.12465057
v 0.01297539 0.02051670 0.12480706
v 0.01249996 0.02051670 0.12506118
v 0.01208324 0.02051670 0.12540317
v 0.01174125 0.02051670 0.12581989
v 0.01133064 0.02051670 0.12681120
v 0.01127780 0.02051670 0.12734769
v 0.01133064 0.02051670 0.12788418
v 0.01148712 0.02051670 0.12840006
v 0.01174125 0.02051670 0.12887549
v 0.01208324 0.02051670 0.12929221
v 0.01249996 0.02051670 0.12963421
v 0.01349127 0.01587307 0.13004482
v 0.01208324 0.01587307 0.12929221
v 0.01297539 0.01587307 0.12988833
v 0.01249996 0.01587307 0.12963420
v 0.01174125 0.01587307 0.12887549
v 0.01148712 0.01587307 0.12840006
v 0.01133064 0.01587307 0.12788418
v 0.01133064 0.01587307 0.12681120
v 0.01208324 0.01587307 0.12540317
v 0.01148712 0.01587307 0.12629533
v 0.01174125 0.01587307 0.12581989
v 0.01249996 0.01587307 0.12506118
v 0.01297539 0.01587307 0.12480706
v 0.01349127 0.01587307 0.12465057
v 0.01456425 0.01587307 0.12465057
v 0.01508013 0.01587307 0.12480706
v 0.01555556 0.01587307 0.12506118
v 0.01597228 0.01587307 0.12540317
v 0.01631427 0.01587307 0.12581989
v 0.01656840 0.01587307 0.12629533
v 0.01672489 0.01587307 0.12681120
v 0.01677773 0.01587307 0.12734769
v 0.01672489 0.01587307 0.12788418
v 0.01656840 0.01587307 0.12840006
v 0.01631427 0.01587307 0.12887549
v 0.01597228 0.01587307 0.12929221
v 0.01555556 0.01587307 0.12963420
v 0.01508013 0.01587307 0.12988833
v 0.01456425 0.01587307 0.13004482
v 0.01656840 0.01587307 0.12840006
v 0.01249996 0.01587307 0.12506118
v 0.01631427 0.01587307 0.12887549
v 0.01297539 0.01587307 0.12480706
v 0.01349127 0.01587307 0.13004482
v 0.01597228 0.01587307 0.12929221
v 0.01349127 0.01587307 0.12465057
v 0.01297539 0.01587307 0.12988833
v 0.01555556 0.01587307 0.12963420
v 0.01402776 0.01587307 0.12459773
v 0.01249996 0.01587307 0.12963420
v 0.01508013 0.01587307 0.12988833
v 0.01456425 0.01587307 0.12465057
v 0.01208324 0.01587307 0.12929221
v 0.01456425 0.01587307 0.13004482
v 0.01508013 0.01587307 0.12480706
v 0.01174125 0.01587307 0.12887549
v 0.01402776 0.01587307 0.13009766
v 0.01555556 0.01587307 0.12506118
v 0.01148712 0.01587307 0.12840006
v 0.01597228 0.01587307 0.12540317
v 0.01133064 0.01587307 0.12788418
v 0.01631427 0.01587307 0.12581989
v 0.01127780 0.01587307 0.12734769
v 0.01656840 0.01587307 0.12629533
v 0.01133064 0.01587307 0.12681120
v 0.01672489 0.01587307 0.12681120
v 0.01148712 0.01587307 0.12629533
v 0.01677773 0.01587307 0.12734769
v 0.01174125 0.01587307 0.12581989
v 0.01672489 0.01587307 0.12788418
v 0.01208324 0.01587307 0.12540317
v 0.04605349 0.02051670 0.12956387
v 0.04330353 0.02051670 0.12681390
v 0.04605349 0.02051670 0.12406394
v 0.04859413 0.02051670 0.12786627
v 0.04710586 0.02051670 0.12427327
v 0.04351285 0.02051670 0.12576154
v 0.04605349 0.01587307 0.12956387
v 0.04330353 0.01587307 0.12681390
v 0.04605349 0.01587307 0.12406394
v 0.04859413 0.02051670 0.12786627
v 0.04875062 0.01587307 0.12735040
v 0.04875062 0.02051670 0.12735040
v 0.04452569 0.02051670 0.12452739
v 0.04410897 0.01587307 0.12486938
v 0.04410897 0.02051670 0.12486938
v 0.04834000 0.02051670 0.12834170
v 0.04859413 0.01587307 0.12786627
v 0.04859413 0.02051670 0.12786627
v 0.04500113 0.02051670 0.12427327
v 0.04452569 0.01587307 0.12452739
v 0.04452569 0.02051670 0.12452739
v 0.04551700 0.02051670 0.12951103
v 0.04605349 0.01587307 0.12956387
v 0.04605349 0.02051670 0.12956387
v 0.04799801 0.02051670 0.12875842
v 0.04834000 0.01587307 0.12834170
v 0.04834000 0.02051670 0.12834170
v 0.04551700 0.02051670 0.12411678
v 0.04500113 0.01587307 0.12427327
v 0.04500113 0.02051670 0.12427327
v 0.04500113 0.02051670 0.12935454
v 0.04551700 0.01587307 0.12951103
v 0.04551700 0.02051670 0.12951103
v 0.04758129 0.02051670 0.12910042
v 0.04799801 0.01587307 0.12875842
v 0.04799801 0.02051670 0.12875842
v 0.04605349 0.02051670 0.12406394
v 0.04551700 0.01587307 0.12411678
v 0.04551700 0.02051670 0.12411678
v 0.04452569 0.02051670 0.12910042
v 0.04500113 0.01587307 0.12935454
v 0.04500113 0.02051670 0.12935454
v 0.04710586 0.02051670 0.12935454
v 0.04758129 0.01587307 0.12910042
v 0.04758129 0.02051670 0.12910042
v 0.04658998 0.02051670 0.12411678
v 0.04605349 0.01587307 0.12406394
v 0.04605349 0.02051670 0.12406394
v 0.04410897 0.02051670 0.12875842
v 0.04452569 0.01587307 0.12910042
v 0.04452569 0.02051670 0.12910042
v 0.04658998 0.02051670 0.12951103
v 0.04710586 0.01587307 0.12935454
v 0.04710586 0.02051670 0.12935454
v 0.04710586 0.02051670 0.12427327
v 0.04658998 0.01587307 0.12411678
v 0.04658998 0.02051670 0.12411678
v 0.04376698 0.02051670 0.12834170
v 0.04410897 0.01587307 0.12875842
v 0.04410897 0.02051670 0.12875842
v 0.04605349 0.02051670 0.12956387
v 0.04658998 0.01587307 0.12951103
v 0.04658998 0.02051670 0.12951103
v 0.04758129 0.02051670 0.12452739
v 0.04710586 0.01587307 0.12427327
v 0.04710586 0.02051670 0.12427327
v 0.04351286 0.02051670 0.12786627
v 0.04376698 0.01587307 0.12834170
v 0.04376698 0.02051670 0.12834170
v 0.04799801 0.02051670 0.12486938
v 0.04758129 0.01587307 0.12452739
v 0.04758129 0.02051670 0.12452739
v 0.04335637 0.02051670 0.12735039
v 0.04351286 0.01587307 0.12786627
v 0.04351286 0.02051670 0.12786627
v 0.04834000 0.02051670 0.12528610
v 0.04799801 0.01587307 0.12486938
v 0.04799801 0.02051670 0.12486938
v 0.04330353 0.02051670 0.12681390
v 0.04335637 0.01587307 0.12735039
v 0.04335637 0.02051670 0.12735039
v 0.04859413 0.02051670 0.12576154
v 0.04834000 0.01587307 0.12528610
v 0.04834000 0.02051670 0.12528610
v 0.04335637 0.02051670 0.12627741
v 0.04330353 0.01587307 0.12681390
v 0.04330353 0.02051670 0.12681390
v 0.04875062 0.02051670 0.12627741
v 0.04859413 0.01587307 0.12576154
v 0.04859413 0.02051670 0.12576154
v 0.04351285 0.02051670 0.12576154
v 0.04335637 0.01587307 0.12627741
v 0.04335637 0.02051670 0.12627741
v 0.04880346 0.02051670 0.12681390
v 0.04875062 0.01587307 0.12627741
v 0.04875062 0.02051670 0.12627741
v 0.04376698 0.02051670 0.12528610
v 0.04351285 0.01587307 0.12576154
v 0.04351285 0.02051670 0.12576154
v 0.04875062 0.02051670 0.12735040
v 0.04880346 0.01587307 0.12681390
v 0.04880346 0.02051670 0.12681390
v 0.04410897 0.02051670 0.12486938
v 0.04376698 0.01587307 0.12528610
v 0.04376698 0.02051670 0.12528610
v 0.04551700 0.02051670 0.12951103
v 0.04410897 0.02051670 0.12875842
v 0.04500113 0.02051670 0.12935454
v 0.04452569 0.02051670 0.12910042
v 0.04376698 0.02051670 0.12834170
v 0.04351286 0.02051670 0.12786627
v 0.04335637 0.02051670 0.12735039
v 0.04335637 0.02051670 0.12627741
v 0.04410897 0.02051670 0.12486938
v 0.04351285 0.02051670 0.12576154
v 0.04376698 0.02051670 0.12528610
v 0.04452569 0.02051670 0.12452739
v 0.04500113 0.02051670 0.12427327
v 0.04551700 0.02051670 0.12411678
v 0.04658998 0.02051670 0.12411678
v 0.04710586 0.02051670 0.12427327
v 0.04758129 0.02051670 0.12452739
v 0.04799801 0.02051670 0.12486938
v 0.04834000 0.02051670 0.12528610
v 0.04859413 0.02051670 0.12576154
v 0.04875062 0.02051670 0.12627741
v 0.04880346 0.02051670 0.12681390
v 0.04875062 0.02051670 0.12735040
v 0.04859413 0.02051670 0.12786627
v 0.04834000 0.02051670 0.12834170
v 0.04799801 0.02051670 0.12875842
v 0.04758129 0.02051670 0.12910042
v 0.04710586 0.02051670 0.12935454
v 0.04658998 0.02051670 0.12951103
v 0.04500113 0.02051670 0.12935454
v 0.04551700 0.02051670 0.12951103
v 0.04710586 0.02051670 0.12935454
v 0.04605349 0.02051670 0.12956387
v 0.04658998 0.02051670 0.12951103
v 0.04758129 0.02051670 0.12910042
v 0.04799801 0.02051670 0.12875842
v 0.04834000 0.02051670 0.12834170
v 0.04875062 0.02051670 0.12735040
v 0.04880346 0.02051670 0.12681390
v 0.04875062 0.02051670 0.12627741
v 0.04859413 0.02051670 0.12576154
v 0.04834000 0.02051670 0.12528610
v 0.04799801 0.02051670 0.12486938
v 0.04758129 0.02051670 0.12452739
v 0.04658998 0.02051670 0.12411678
v 0.04605349 0.02051670 0.12406394
v 0.04551700 0.02051670 0.12411678
v 0.04500113 0.02051670 0.12427327
v 0.04452569 0.02051670 0.12452739
v 0.04410897 0.02051670 0.12486938
v 0.04376698 0.02051670 0.12528610
v 0.04335637 0.02051670 0.12627741
v 0.04330353 0.02051670 0.12681390
v 0.04335637 0.02051670 0.12735039
v 0.04351286 0.02051670 0.12786627
v 0.04376698 0.02051670 0.12834170
v 0.04410897 0.02051670 0.12875842
v 0.04452569 0.02051670 0.12910042
v 0.04551700 0.01587307 0.12951103
v 0.04410897 0.01587307 0.12875842
v 0.04500113 0.01587307 0.12935454
v 0.04452569 0.01587307 0.12910042
v 0.04376698 0.01587307 0.12834170
v 0.04351286 0.01587307 0.12786627
v 0.04335637 0.01587307 0.12735039
v 0.04335637 0.01587307 0.12627741
v 0.04410897 0.01587307 0.12486938
v 0.04351285 0.01587307 0.12576154
v 0.04376698 0.01587307 0.12528610
v 0.04452569 0.01587307 0.12452739
v 0.04500113 0.01587307 0.12427327
v 0.04551700 0.01587307 0.12411678
v 0.04658998 0.01587307 0.12411678
v 0.04710586 0.01587307 0.12427327
v 0.04758129 0.01587307 0.12452739
v 0.04799801 0.01587307 0.12486938
v 0.04834000 0.01587307 0.12528610
v 0.04859413 0.01587307 0.12576154
v 0.04875062 0.01587307 0.12627741
v 0.04880346 0.01587307 0.12681390
v 0.04875062 0.01587307 0.12735040
v 0.04859413 0.01587307 0.12786627
v 0.04834000 0.01587307 0.12834170
v 0.04799801 0.01587307 0.12875842
v 0.04758129 0.01587307 0.12910042
v 0.04710586 0.01587307 0.12935454
v 0.04658998 0.01587307 0.12951103
v 0.04859413 0.01587307 0.12786627
v 0.04452569 0.01587307 0.12452739
v 0.04834000 0.01587307 0.12834170
v 0.04500113 0.01587307 0.12427327
v 0.04551700 0.01587307 0.12951103
v 0.04799801 0.01587307 0.12875842
v 0.04551700 0.01587307 0.12411678
v 0.04500113 0.01587307 0.12935454
v 0.04758129 0.01587307 0.12910042
v 0.04605349 0.01587307 0.12406394
v 0.04452569 0.01587307 0.12910042
v 0.04710586 0.01587307 0.12935454
v 0.04658998 0.01587307 0.12411678
v 0.04410897 0.01587307 0.12875842
v 0.04658998 0.01587307 0.12951103
v 0.04710586 0.01587307 0.12427327
v 0.04376698 0.01587307 0.12834170
v 0.04605349 0.01587307 0.12956387
v 0.04758129 0.01587307 0.12452739
v 0.04351286 0.01587307 0.12786627
v 0.04799801 0.01587307 0.12486938
v 0.04335637 0.01587307 0.12735039
v 0.04834000 0.01587307 0.12528610
v 0.04330353 0.01587307 0.12681390
v 0.04859413 0.01587307 0.12576154
v 0.04335637 0.01587307 0.12627741
v 0.04875062 0.01587307 0.12627741
v 0.04351285 0.01587307 0.12576154
v 0.04880346 0.01587307 0.12681390
v 0.04376698 0.01587307 0.12528610
v 0.04875062 0.01587307 0.12735040
v 0.04410897 0.01587307 0.12486938
vt 0.00000000 0.00000000
vt 0.00000000 0.00000000
vt 0.00000000 0.00000000
vt 0.00000000 0.00000000
vt 0.00000000 0.00000000
vt 0.00000000 0.00000000
vt 0.00000000 0.00000000
vt 0.00000000 0.00000000
vt 0.00000000 0.00000000
vt 0.00000000 0.00000000
vt 0.00000000 0.00000000
vt 0.00000000 0.00000000
vt 0.00000000 0.00000000
vt 0.00000000 0.00000000
vt 0.00000000 0.00000000
vt 0.00000000 0.00000000
vt 0.00000000 0.00000000
vt 0.00000000 0.00000000
vt 0.00000000 0.00000000
vt 0.00000000 0.00000000
vt 0.00000000 0.00000000
vt 0.00000000 0.00000000
vt 0.00000000 0.00000000
vt 0.00000000 0.00000000
vt 0.00000000 0.00000000
vt 0.00000000 0.00000000
vt 0.00000000 0.00000000
vt 0.00000000 0.00000000
vt 0.00000000 0.00000000
vt 0.00000000 0.00000000
vt 0.00000000 0.00000000
vt 0.00000000 0.00000000
vt 0.00000000 0.00000000
vt 0.00000000 0.00000000
vt 0.00000000 0.00000000
vt 0.00000000 0.00000000
vt 0.00000000 0.00000000
vt 0.00000000 0.00000000
vt 0.00000000 0.00000000
vt 0.00000000 0.00000000
vt 0.00000000 0.00000000
vt 0.00000000 0.00000000
vt 0.00000000 0.00000000
vt 0.00000000 0.00000000
vt 0.00000000 0.00000000
vt 0.00000000 0.00000000
vt 0.00000000 0.00000000
vt 0.00000000 0.00000000
vt 0.00000000 0.00000000
vt 0.00000000 0.00000000
vt 0.00000000 0.00000000
vt 0.00000000 0.00000000
vt 0.00000000 0.00000000
vt 0.00000000 0.00000000
vt 0.00000000 0.00000000
vt 0.00000000 0.00000000
vt 0.00000000 0.00000000
vt 0.00000000 0.00000000
vt 0.00000000 0.00000000
vt 0.00000000 0.00000000
vt 0.00000000 0.00000000
vt 0.00000000 0.00000000
vt 0.00000000 0.00000000
vt 0.00000000 0.00000000
vt 0.00000000 0.00000000
vt 0.00000000 0.00000000
vt 0.00000000 0.00000000
vt 0.00000000 0.00000000
vt 0.00000000 0.00000000
vt 0.00000000 0.00000000
vt 0.00000000 0.00000000
vt 0.00000000 0.00000000
vt 0.00000000 0.00000000
vt 0.00000000 0.00000000
vt 0.00000000 0.00000000
vt 0.00000000 0.00000000
vt 0.00000000 0.00000000
vt 0.00000000 0.00000000
vt 0.00000000 0.00000000
vt 0.00000000 0.00000000
vt 0.00000000 0.00000000
vt 0.00000000 0.00000000
vt 0.00000000 0.00000000
vt 0.00000000 0.00000000
vt 0.00000000 0.00000000
vt 0.00000000 0.00000000
vt 0.00000000 0.00000000
vt 0.00000000 0.00000000
vt 0.00000000 0.00000000
vt 0.00000000 0.00000000
vt 0.00000000 0.00000000
vt 0.00000000 0.00000000
vt 0.00000000 0.00000000
vt 0.00000000 0.00000000
vt 0.00000000 0.00000000
vt 0.00000000 0.00000000
vt 0.00000000 0.00000000
vt 0.00000000 0.00000000
vt 0.00000000 0.00000000
vt 0.00000000 0.00000000
vt 0.00000000 0.00000000
vt 0.00000000 0.00000000
vt 0.00000000 0.00000000
vt 0.00000000 0.00000000
vt 0.00000000 0.00000000
vt 0.00000000 0.00000000
vt 0.00000000 0.00000000
vt 0.00000000 0.00000000
vt 0.00000000 0.00000000
vt 0.00000000 0.00000000
vt 0.00000000 0.00000000
vt 0.00000000 0.00000000
vt 0.00000000 0.00000000
vt 0.00000000 0.00000000
vt 0.00000000 0.00000000
vt 0.00000000 0.00000000
vt 0.00000000 0.00000000
vt 0.00000000 0.00000000
vt 0.00000000 0.00000000
vt 0.00000000 0.00000000
vt 0.00000000 0.00000000
vt 0.00000000 0.00000000
vt 0.00000000 0.00000000
vt 0.00000000 0.00000000
vt 0.00000000 0.00000000
vt 0.00000000 0.00000000
vt 0.00000000 0.00000000
vt 0.00000000 0.00000000
vt 0.00000000 0.00000000
vt 0.00000000 0.00000000
vt 0.00000000 0.00000000
vt 0.00000000 0.00000000
vt 0.00000000 0.00000000
vt 0.00000000 0.00000000
vt 0.00000000 0.00000000
vt 0.00000000 0.00000000
vt 0.00000000 0.00000000
vt 0.00000000 0.00000000
vt 0.00000000 0.00000000
vt 0.00000000 0.00000000
vt 0.00000000 0.00000000
vt 0.00000000 0.00000000
vt 0.00000000 0.00000000
vt 0.00000000 0.00000000
vt 0.00000000 0.00000000
vt 0.00000000 0.00000000
vt 0.00000000 0.00000000
vt 0.00000000 0.00000000
vt 0.00000000 0.00000000
vt 0.00000000 0.00000000
vt 0.00000000 0.00000000
vt 0.00000000 0.00000000
vt 0.00000000 0.00000000
vt 0.00000000 0.00000000
vt 0.00000000 0.00000000
vt 0.00000000 0.00000000
vt 0.00000000 0.00000000
vt 0.00000000 0.00000000
vt 0.00000000 0.00000000
vt 0.00000000 0.00000000
vt 0.00000000 0.00000000
vt 0.00000000 0.00000000
vt 0.00000000 0.00000000
vt 0.00000000 0.00000000
vt 0.00000000 0.00000000
vt 0.00000000 0.00000000
vt 0.00000000 0.00000000
vt 0.00000000 0.00000000
vt 0.00000000 0.00000000
vt 0.00000000 0.00000000
vt 0.00000000 0.00000000
vt 0.00000000 0.00000000
vt 0.00000000 0.00000000
vt 0.00000000 0.00000000
vt 0.00000000 0.00000000
vt 0.00000000 0.00000000
vt 0.00000000 0.00000000
vt 0.00000000 0.00000000
vt 0.00000000 0.00000000
vt 0.00000000 0.00000000
vt 0.00000000 0.00000000
vt 0.00000000 0.00000000
vt 0.00000000 0.00000000
vt 0.00000000 0.00000000
vt 0.00000000 0.00000000
vt 0.00000000 0.00000000
vt 0.00000000 0.00000000
vt 0.00000000 0.00000000
vt 0.00000000 0.00000000
vt 0.00000000 0.00000000
vt 0.00000000 0.00000000
vt 0.00000000 0.00000000
vt 0.00000000 0.00000000
vt 0.00000000 0.00000000
vt 0.00000000 0.00000000
vt 0.00000000 0.00000000
vt 0.00000000 0.00000000
vt 0.00000000 0.00000000
vt 0.00000000 0.00000000
vt 0.00000000 0.00000000
vt 0.00000000 0.00000000
vt 0.00000000 0.00000000
vt 0.00000000 0.00000000
vt 0.00000000 0.00000000
vt 0.00000000 0.00000000
vt 0.00000000 0.00000000
vt 0.00000000 0.00000000
vt 0.00000000 0.00000000
vt 0.00000000 0.00000000
vt 0.00000000 0.00000000
vt 0.00000000 0.00000000
vt 0.00000000 0.00000000
vt 0.00000000 0.00000000
vt 0.00000000 0.00000000
vt 0.00000000 0.00000000
vt 0.00000000 0.00000000
vt 0.00000000 0.00000000
vt 0.00000000 0.00000000
vt 0.00000000 0.00000000
vt 0.00000000 0.00000000
vt 0.00000000 0.00000000
vt 0.00000000 0.00000000
vt 0.00000000 0.00000000
vt 0.00000000 0.00000000
vt 0.00000000 0.00000000
vt 0.00000000 0.00000000
vt 0.00000000 0.00000000
vt 0.00000000 0.00000000
vt 0.00000000 0.00000000
vt 0.00000000 0.00000000
vt 0.00000000 0.00000000
vt 0.00000000 0.00000000
vt 0.00000000 0.00000000
vt 0.00000000 0.00000000
vt 0.00000000 0.00000000
vt 0.00000000 0.00000000
vt 0.00000000 0.00000000
vt 0.00000000 0.00000000
vt 0.00000000 0.00000000
vt 0.00000000 0.00000000
vt 0.00000000 0.00000000
vt 0.00000000 0.00000000
vt 0.00000000 0.00000000
vt 0.00000000 0.00000000
vt 0.00000000 0.00000000
vt 0.00000000 0.00000000
vt 0.00000000 0.00000000
vt 0.00000000 0.00000000
vt 0.00000000 0.00000000
vt 0.00000000 0.00000000
vt 0.00000000 0.00000000
vt 0.00000000 0.00000000
vt 0.00000000 0.00000000
vt 0.00000000 0.00000000
vt 0.00000000 0.00000000
vt 0.00000000 0.00000000
vt 0.00000000 0.00000000
vt 0.00000000 0.00000000
vt 0.00000000 0.00000000
vt 0.00000000 0.00000000
vt 0.00000000 0.00000000
vt 0.00000000 0.00000000
vt 0.00000000 0.00000000
vt 0.00000000 0.00000000
vt 0.00000000 0.00000000
vt 0.00000000 0.00000000
vt 0.00000000 0.00000000
vt 0.00000000 0.00000000
vt 0.00000000 0.00000000
vt 0.00000000 0.00000000
vt 0.00000000 0.00000000
vt 0.00000000 0.00000000
vt 0.00000000 0.00000000
vt 0.00000000 0.00000000
vt 0.00000000 0.00000000
vt 0.00000000 0.00000000
vt 0.00000000 0.00000000
vt 0.00000000 0.00000000
vt 0.00000000 0.00000000
vt 0.00000000 0.00000000
vt 0.00000000 0.00000000
vt 0.00000000 0.00000000
vt 0.00000000 0.00000000
vt 0.00000000 0.00000000
vt 0.00000000 0.00000000
vt 0.00000000 0.00000000
vt 0.00000000 0.00000000
vt 0.00000000 0.00000000
vt 0.00000000 0.00000000
vt 0.00000000 0.00000000
vt 0.00000000 0.00000000
vt 0.00000000 0.00000000
vt 0.00000000 0.00000000
vt 0.00000000 0.00000000
vt 0.00000000 0.00000000
vt 0.00000000 0.00000000
vt 0.00000000 0.00000000
vt 0.00000000 0.00000000
vt 0.00000000 0.00000000
vt 0.00000000 0.00000000
vt 0.00000000 0.00000000
vt 0.00000000 0.00000000
vt 0.00000000 0.00000000
vt 0.00000000 0.00000000
vt 0.00000000 0.00000000
vt 0.00000000 0.00000000
vt 0.00000000 0.00000000
vt 0.00000000 0.00000000
vt 0.00000000 0.00000000
vt 0.00000000 0.00000000
vt 0.00000000 0.00000000
vt 0.00000000 0.00000000
vt 0.00000000 0.00000000
vt 0.00000000 0.00000000
vt 0.00000000 0.00000000
vt 0.00000000 0.00000000
vt 0.00000000 0.00000000
vt 0.00000000 0.00000000
vt 0.00000000 0.00000000
vt 0.00000000 0.00000000
vt 0.00000000 0.00000000
vt 0.00000000 0.00000000
vt 0.00000000 0.00000000
vt 0.00000000 0.00000000
vt 0.00000000 0.00000000
vt 0.00000000 0.00000000
vt 0.00000000 0.00000000
vt 0.00000000 0.00000000
vt 0.00000000 0.00000000
vt 0.00000000 0.00000000
vt 0.00000000 0.00000000
vt 0.00000000 0.00000000
vt 0.00000000 0.00000000
vt 0.00000000 0.00000000
vt 0.00000000 0.00000000
vt 0.00000000 0.00000000
vt 0.00000000 0.00000000
vt 0.00000000 0.00000000
vt 0.00000000 0.00000000
vt 0.00000000 0.00000000
vt 0.00000000 0.00000000
vt 0.00000000 0.00000000
vt 0.00000000 0.00000000
vt 0.00000000 0.00000000
vt 0.00000000 0.00000000
vt 0.00000000 0.00000000
vt 0.00000000 0.00000000
vt 0.00000000 0.00000000
vt 0.00000000 0.00000000
vt 0.00000000 0.00000000
vt 0.00000000 0.00000000
vt 0.00000000 0.00000000
vt 0.00000000 0.00000000
vt 0.00000000 0.00000000
vt 0.00000000 0.00000000
vt 0.00000000 0.00000000
vt 0.00000000 0.00000000
vt 0.00000000 0.00000000
vt 0.00000000 0.00000000
vt 0.00000000 0.00000000
vt 0.00000000 0.00000000
vt 0.00000000 0.00000000
vt 0.00000000 0.00000000
vt 0.00000000 0.00000000
vt 0.00000000 0.00000000
vt 0.00000000 0.00000000
vt 0.00000000 0.00000000
vt 0.00000000 0.00000000
vt 0.00000000 0.00000000
vt 0.00000000 0.00000000
vt 0.00000000 0.00000000
vt 0.00000000 0.00000000
vt 0.00000000 0.00000000
vt 0.00000000 0.00000000
vt 0.00000000 0.00000000
vt 0.00000000 0.00000000
vt 0.00000000 0.00000000
vt 0.00000000 0.00000000
vt 0.00000000 0.00000000
vt 0.00000000 0.00000000
vt 0.00000000 0.00000000
vt 0.00000000 0.00000000
vt 0.00000000 0.00000000
vt 0.00000000 0.00000000
vt 0.00000000 0.00000000
vt 0.00000000 0.00000000
vt 0.00000000 0.00000000
vt 0.00000000 0.00000000
vt 0.00000000 0.00000000
vt 0.00000000 0.00000000
vt 0.00000000 0.00000000
vt 0.00000000 0.00000000
vt 0.00000000 0.00000000
vt 0.00000000 0.00000000
vt 0.00000000 0.00000000
vt 0.00000000 0.00000000
vt 0.00000000 0.00000000
vt 0.00000000 0.00000000
vt 0.00000000 0.00000000
vt 0.00000000 0.00000000
vt 0.00000000 0.00000000
vt 0.00000000 0.00000000
vt 0.00000000 0.00000000
vt 0.00000000 0.00000000
vt 0.00000000 0.00000000
vt 0.00000000 0.00000000
vt 0.00000000 0.00000000
vt 0.00000000 0.00000000
vt 0.00000000 0.00000000
vt 0.00000000 0.00000000
vt 0.00000000 0.00000000
vt 0.00000000 0.00000000
vt 0.00000000 0.00000000
vt 0.00000000 0.00000000
vt 0.00000000 0.00000000
vt 0.00000000 0.00000000
vt 0.00000000 0.00000000
vt 0.00000000 0.00000000
vt 0.00000000 0.00000000
vt 0.00000000 0.00000000
vt 0.00000000 0.00000000
vt 0.00000000 0.00000000
vt 0.00000000 0.00000000
vt 0.00000000 0.00000000
vt 0.00000000 0.00000000
vt 0.00000000 0.00000000
vt 0.00000000 0.00000000
vt 0.00000000 0.00000000
vt 0.00000000 0.00000000
vt 0.00000000 0.00000000
vt 0.00000000 0.00000000
vt 0.00000000 0.00000000
vt 0.00000000 0.00000000
vt 0.00000000 0.00000000
vt 0.00000000 0.00000000
vt 0.00000000 0.00000000
vt 0.00000000 0.00000000
vt 0.00000000 0.00000000
vt 0.00000000 0.00000000
vt 0.00000000 0.00000000
vt 0.00000000 0.00000000
vt 0.00000000 0.00000000
vt 0.00000000 0.00000000
vt 0.00000000 0.00000000
vt 0.00000000 0.00000000
vt 0.00000000 0.00000000
vt 0.00000000 0.00000000
vt 0.00000000 0.00000000
vt 0.00000000 0.00000000
vt 0.00000000 0.00000000
vt 0.00000000 0.00000000
vt 0.00000000 0.00000000
vt 0.00000000 0.00000000
vt 0.00000000 0.00000000
vt 0.00000000 0.00000000
vt 0.00000000 0.00000000
vt 0.00000000 0.00000000
vt 0.00000000 0.00000000
vt 0.00000000 0.00000000
vt 0.00000000 0.00000000
vt 0.00000000 0.00000000
vt 0.00000000 0.00000000
vt 0.00000000 0.00000000
vt 0.00000000 0.00000000
vt 0.00000000 0.00000000
vt 0.00000000 0.00000000
vt 0.00000000 0.00000000
vt 0.00000000 0.00000000
vt 0.00000000 0.00000000
vt 0.00000000 0.00000000
vt 0.00000000 0.00000000
vt 0.00000000 0.00000000
vt 0.00000000 0.00000000
vt 0.00000000 0.00000000
vt 0.00000000 0.00000000
vt 0.00000000 0.00000000
vt 0.00000000 0.00000000
vt 0.00000000 0.00000000
vt 0.00000000 0.00000000
vt 0.00000000 0.00000000
vt 0.00000000 0.00000000
vt 0.00000000 0.00000000
vt 0.00000000 0.00000000
vt 0.00000000 0.00000000
vt 0.00000000 0.00000000
vt 0.00000000 0.00000000
vt 0.00000000 0.00000000
vt 0.00000000 0.00000000
vt 0.00000000 0.00000000
vt 0.00000000 0.00000000
vt 0.00000000 0.00000000
vt 0.00000000 0.00000000
vt 0.00000000 0.00000000
vt 0.00000000 0.00000000
vt 0.00000000 0.00000000
vt 0.00000000 0.00000000
vt 0.00000000 0.00000000
vt 0.00000000 0.00000000
vt 0.00000000 0.00000000
vt 0.00000000 0.00000000
vt 0.00000000 0.00000000
vt 0.00000000 0.00000000
vt 0.00000000 0.00000000
vt 0.00000000 0.00000000
vt 0.00000000 0.00000000
vt 0.00000000 0.00000000
vt 0.00000000 0.00000000
vt 0.00000000 0.00000000
vt 0.00000000 0.00000000
vt 0.00000000 0.00000000
vt 0.00000000 0.00000000
vt 0.00000000 0.00000000
vt 0.00000000 0.00000000
vt 0.00000000 0.00000000
vt 0.00000000 0.00000000
vt 0.00000000 0.00000000
vt 0.00000000 0.00000000
vt 0.00000000 0.00000000
vt 0.00000000 0.00000000
vt 0.00000000 0.00000000
vt 0.00000000 0.00000000
vt 0.00000000 0.00000000
vt 0.00000000 0.00000000
vt 0.00000000 0.00000000
vt 0.00000000 0.00000000
vt 0.00000000 0.00000000
vt 0.00000000 0.00000000
vt 0.00000000 0.00000000
vt 0.00000000 0.00000000
vt 0.00000000 0.00000000
vt 0.00000000 0.00000000
vt 0.00000000 0.00000000
vt 0.00000000 0.00000000
vt 0.00000000 0.00000000
vt 0.00000000 0.00000000
vt 0.00000000 0.00000000
vt 0.00000000 0.00000000
vt 0.00000000 0.00000000
vt 0.00000000 0.00000000
vt 0.00000000 0.00000000
vt 0.00000000 0.00000000
vt 0.00000000 0.00000000
vt 0.00000000 0.00000000
vt 0.00000000 0.00000000
vt 0.00000000 0.00000000
vt 0.00000000 0.00000000
vt 0.00000000 0.00000000
vt 0.00000000 0.00000000
vt 0.00000000 0.00000000
vt 0.00000000 0.00000000
vt 0.00000000 0.00000000
vt 0.00000000 0.00000000
vt 0.00000000 0.00000000
vt 0.00000000 0.00000000
vt 0.00000000 0.00000000
vt 0.00000000 0.00000000
vt 0.00000000 0.00000000
vt 0.00000000 0.00000000
vt 0.00000000 0.00000000
vt 0.00000000 0.00000000
vt 0.00000000 0.00000000
vt 0.00000000 0.00000000
vt 0.00000000 0.00000000
vt 0.00000000 0.00000000
vt 0.00000000 0.00000000
vt 0.00000000 0.00000000
vt 0.00000000 0.00000000
vt 0.00000000 0.00000000
vt 0.00000000 0.00000000
vt 0.00000000 0.00000000
vt 0.00000000 0.00000000
vt 0.00000000 0.00000000
vt 0.00000000 0.00000000
vt 0.00000000 0.00000000
vt 0.00000000 0.00000000
vt 0.00000000 0.00000000
vt 0.00000000 0.00000000
vt 0.00000000 0.00000000
vt 0.00000000 0.00000000
vt 0.00000000 0.00000000
vt 0.00000000 0.00000000
vt 0.00000000 0.00000000
vt 0.00000000 0.00000000
vt 0.00000000 0.00000000
vt 0.00000000 0.00000000
vt 0.00000000 0.00000000
vt 0.00000000 0.00000000
vt 0.00000000 0.00000000
vt 0.00000000 0.00000000
vt 0.00000000 0.00000000
vt 0.00000000 0.00000000
vt 0.00000000 0.00000000
vt 0.00000000 0.00000000
vt 0.00000000 0.00000000
vt 0.00000000 0.00000000
vt 0.00000000 0.00000000
vt 0.00000000 0.00000000
vt 0.00000000 0.00000000
vt 0.00000000 0.00000000
vt 0.00000000 0.00000000
vt 0.00000000 0.00000000
vt 0.00000000 0.00000000
vt 0.00000000 0.00000000
vt 0.00000000 0.00000000
vt 0.00000000 0.00000000
vt 0.00000000 0.00000000
vt 0.00000000 0.00000000
vt 0.00000000 0.00000000
vt 0.00000000 0.00000000
vt 0.00000000 0.00000000
vt 0.00000000 0.00000000
vt 0.00000000 0.00000000
vt 0.00000000 0.00000000
vt 0.00000000 0.00000000
vt 0.00000000 0.00000000
vt 0.00000000 0.00000000
vt 0.00000000 0.00000000
vt 0.00000000 0.00000000
vt 0.00000000 0.00000000
vt 0.00000000 0.00000000
vt 0.00000000 0.00000000
vt 0.00000000 0.00000000
vt 0.00000000 0.00000000
vt 0.00000000 0.00000000
vt 0.00000000 0.00000000
vt 0.00000000 0.00000000
vt 0.00000000 0.00000000
vt 0.00000000 0.00000000
vt 0.00000000 0.00000000
vt 0.00000000 0.00000000
vt 0.00000000 0.00000000
vt 0.00000000 0.00000000
vt 0.00000000 0.00000000
vt 0.00000000 0.00000000
vt 0.00000000 0.00000000
vt 0.00000000 0.00000000
vt 0.00000000 0.00000000
vt 0.00000000 0.00000000
vt 0.00000000 0.00000000
vt 0.00000000 0.00000000
vt 0.00000000 0.00000000
vt 0.00000000 0.00000000
vt 0.00000000 0.00000000
vt 0.00000000 0.00000000
vt 0.00000000 0.00000000
vt 0.00000000 0.00000000
vt 0.00000000 0.00000000
vt 0.00000000 0.00000000
vt 0.00000000 0.00000000
vt 0.00000000 0.00000000
vt 0.00000000 0.00000000
vt 0.00000000 0.00000000
vt 0.00000000 0.00000000
vt 0.00000000 0.00000000
vt 0.00000000 0.00000000
vt 0.00000000 0.00000000
vt 0.00000000 0.00000000
vt 0.00000000 0.00000000
vt 0.00000000 0.00000000
vt 0.00000000 0.00000000
vt 0.00000000 0.00000000
vt 0.00000000 0.00000000
vt 0.00000000 0.00000000
vt 0.00000000 0.00000000
vt 0.00000000 0.00000000
vt 0.00000000 0.00000000
vt 0.00000000 0.00000000
vt 0.00000000 0.00000000
vt 0.00000000 0.00000000
vt 0.00000000 0.00000000
vt 0.00000000 0.00000000
vt 0.00000000 0.00000000
vt 0.00000000 0.00000000
vt 0.00000000 0.00000000
vt 0.00000000 0.00000000
vt 0.00000000 0.00000000
vt 0.00000000 0.00000000
vt 0.00000000 0.00000000
vt 0.00000000 0.00000000
vt 0.00000000 0.00000000
vt 0.00000000 0.00000000
vt 0.00000000 0.00000000
vt 0.00000000 0.00000000
vt 0.00000000 0.00000000
vt 0.00000000 0.00000000
vt 0.00000000 0.00000000
vt 0.00000000 0.00000000
vt 0.00000000 0.00000000
vt 0.00000000 0.00000000
vt 0.00000000 0.00000000
vt 0.00000000 0.00000000
vt 0.00000000 0.00000000
vt 0.00000000 0.00000000
vt 0.00000000 0.00000000
vt 0.00000000 0.00000000
vt 0.00000000 0.00000000
vt 0.00000000 0.00000000
vt 0.00000000 0.00000000
vt 0.00000000 0.00000000
vt 0.00000000 0.00000000
vt 0.00000000 0.00000000
vt 0.00000000 0.00000000
vt 0.00000000 0.00000000
vt 0.00000000 0.00000000
vt 0.00000000 0.00000000
vt 0.00000000 0.00000000
vt 0.00000000 0.00000000
vt 0.00000000 0.00000000
vt 0.00000000 0.00000000
vt 0.00000000 0.00000000
vt 0.00000000 0.00000000
vt 0.00000000 0.00000000
vt 0.00000000 0.00000000
vt 0.00000000 0.00000000
vt 0.00000000 0.00000000
vt 0.00000000 0.00000000
vt 0.00000000 0.00000000
vt 0.00000000 0.00000000
vt 0.00000000 0.00000000
vt 0.00000000 0.00000000
vt 0.00000000 0.00000000
vt 0.00000000 0.00000000
vt 0.00000000 0.00000000
vt 0.00000000 0.00000000
vt 0.00000000 0.00000000
vt 0.00000000 0.00000000
vt 0.00000000 0.00000000
vt 0.00000000 0.00000000
vt 0.00000000 0.00000000
vt 0.00000000 0.00000000
vt 0.00000000 0.00000000
vt 0.00000000 0.00000000
vt 0.00000000 0.00000000
vt 0.00000000 0.00000000
vt 0.00000000 0.00000000
vt 0.00000000 0.00000000
vt 0.00000000 0.00000000
vt 0.00000000 0.00000000
vt 0.00000000 0.00000000
vt 0.00000000 0.00000000
vt 0.00000000 0.00000000
vt 0.00000000 0.00000000
vt 0.00000000 0.00000000
vt 0.00000000 0.00000000
vt 0.00000000 0.00000000
vt 0.00000000 0.00000000
vt 0.00000000 0.00000000
vt 0.00000000 0.00000000
vt 0.00000000 0.00000000
vt 0.00000000 0.00000000
vt 0.00000000 0.00000000
vt 0.00000000 0.00000000
vt 0.00000000 0.00000000
vt 0.00000000 0.00000000
vt 0.00000000 0.00000000
vt 0.00000000 0.00000000
vt 0.00000000 0.00000000
vt 0.00000000 0.00000000
vt 0.00000000 0.00000000
vt 0.00000000 0.00000000
vt 0.00000000 0.00000000
vt 0.00000000 0.00000000
vt 0.00000000 0.00000000
vt 0.00000000 0.00000000
vt 0.00000000 0.00000000
vt 0.00000000 0.00000000
vt 0.00000000 0.00000000
vt 0.00000000 0.00000000
vt 0.00000000 0.00000000
vt 0.00000000 0.00000000
vt 0.00000000 0.00000000
vt 0.00000000 0.00000000
vt 0.00000000 0.00000000
vt 0.00000000 0.00000000
vt 0.00000000 0.00000000
vt 0.00000000 0.00000000
vt 0.00000000 0.00000000
vt 0.00000000 0.00000000
vt 0.00000000 0.00000000
vt 0.00000000 0.00000000
vt 0.00000000 0.00000000
vt 0.00000000 0.00000000
vt 0.00000000 0.00000000
vt 0.00000000 0.00000000
vt 0.00000000 0.00000000
vt 0.00000000 0.00000000
vt 0.00000000 0.00000000
vt 0.00000000 0.00000000
vt 0.00000000 0.00000000
vt 0.00000000 0.00000000
vt 0.00000000 0.00000000
vt 0.00000000 0.00000000
vt 0.00000000 0.00000000
vt 0.00000000 0.00000000
vt 0.00000000 0.00000000
vt 0.00000000 0.00000000
vt 0.00000000 0.00000000
vt 0.00000000 0.00000000
vt 0.00000000 0.00000000
vt 0.00000000 0.00000000
vt 0.00000000 0.00000000
vt 0.00000000 0.00000000
vt 0.00000000 0.00000000
vt 0.00000000 0.00000000
vt 0.00000000 0.00000000
vt 0.00000000 0.00000000
vt 0.00000000 0.00000000
vt 0.00000000 0.00000000
vt 0.00000000 0.00000000
vt 0.00000000 0.00000000
vt 0.00000000 0.00000000
vt 0.00000000 0.00000000
vt 0.00000000 0.00000000
vt 0.00000000 0.00000000
vt 0.00000000 0.00000000
vt 0.00000000 0.00000000
vt 0.00000000 0.00000000
vt 0.00000000 0.00000000
vt 0.00000000 0.00000000
vt 0.00000000 0.00000000
vt 0.00000000 0.00000000
vt 0.00000000 0.00000000
vt 0.00000000 0.00000000
vt 0.00000000 0.00000000
vt 0.00000000 0.00000000
vt 0.00000000 0.00000000
vt 0.00000000 0.00000000
vt 0.00000000 0.00000000
vt 0.00000000 0.00000000
vt 0.00000000 0.00000000
vt 0.00000000 0.00000000
vt 0.00000000 0.00000000
vt 0.00000000 0.00000000
vt 0.00000000 0.00000000
vt 0.00000000 0.00000000
vt 0.00000000 0.00000000
vt 0.00000000 0.00000000
vt 0.00000000 0.00000000
vt 0.00000000 0.00000000
vt 0.00000000 0.00000000
vt 0.00000000 0.00000000
vt 0.00000000 0.00000000
vt 0.00000000 0.00000000
vt 0.00000000 0.00000000
vt 0.00000000 0.00000000
vt 0.00000000 0.00000000
vt 0.00000000 0.00000000
vt 0.00000000 0.00000000
vt 0.00000000 0.00000000
vt 0.00000000 0.00000000
vt 0.00000000 0.00000000
vt 0.00000000 0.00000000
vt 0.00000000 0.00000000
vt 0.00000000 0.00000000
vt 0.00000000 0.00000000
vt 0.00000000 0.00000000
vt 0.00000000 0.00000000
vt 0.00000000 0.00000000
vt 0.00000000 0.00000000
vt 0.00000000 0.00000000
vt 0.00000000 0.00000000
vt 0.00000000 0.00000000
vt 0.00000000 0.00000000
vt 0.00000000 0.00000000
vt 0.00000000 0.00000000
vt 0.00000000 0.00000000
vt 0.00000000 0.00000000
vt 0.00000000 0.00000000
vt 0.00000000 0.00000000
vt 0.00000000 0.00000000
vt 0.00000000 0.00000000
vt 0.00000000 0.00000000
vt 0.00000000 0.00000000
vt 0.00000000 0.00000000
vt 0.00000000 0.00000000
vt 0.00000000 0.00000000
vt 0.00000000 0.00000000
vt 0.00000000 0.00000000
vt 0.00000000 0.00000000
vt 0.00000000 0.00000000
vt 0.00000000 0.00000000
vt 0.00000000 0.00000000
vt 0.00000000 0.00000000
vt 0.00000000 0.00000000
vt 0.00000000 0.00000000
vt 0.00000000 0.00000000
vt 0.00000000 0.00000000
vt 0.00000000 0.00000000
vt 0.00000000 0.00000000
vt 0.00000000 0.00000000
vt 0.00000000 0.00000000
vt 0.00000000 0.00000000
vt 0.00000000 0.00000000
vt 0.00000000 0.00000000
vt 0.00000000 0.00000000
vt 0.00000000 0.00000000
vt 0.00000000 0.00000000
vt 0.00000000 0.00000000
vt 0.00000000 0.00000000
vt 0.00000000 0.00000000
vt 0.00000000 0.00000000
vt 0.00000000 0.00000000
vt 0.00000000 0.00000000
vt 0.00000000 0.00000000
vt 0.00000000 0.00000000
vt 0.00000000 0.00000000
vt 0.00000000 0.00000000
vt 0.00000000 0.00000000
vt 0.00000000 0.00000000
vt 0.00000000 0.00000000
vt 0.00000000 0.00000000
vt 0.00000000 0.00000000
vt 0.00000000 0.00000000
vt 0.00000000 0.00000000
vt 0.00000000 0.00000000
vt 0.00000000 0.00000000
vt 0.00000000 0.00000000
vt 0.00000000 0.00000000
vt 0.00000000 0.00000000
vt 0.00000000 0.00000000
vt 0.00000000 0.00000000
vt 0.00000000 0.00000000
vt 0.00000000 0.00000000
vt 0.00000000 0.00000000
vt 0.00000000 0.00000000
vt 0.00000000 0.00000000
vt 0.00000000 0.00000000
vt 0.00000000 0.00000000
vt 0.00000000 0.00000000
vt 0.00000000 0.00000000
vt 0.00000000 0.00000000
vt 0.00000000 0.00000000
vt 0.00000000 0.00000000
vt 0.00000000 0.00000000
vt 0.00000000 0.00000000
vt 0.00000000 0.00000000
vt 0.00000000 0.00000000
vt 0.00000000 0.00000000
vt 0.00000000 0.00000000
vt 0.00000000 0.00000000
vt 0.00000000 0.00000000
vt 0.00000000 0.00000000
vt 0.00000000 0.00000000
vt 0.00000000 0.00000000
vt 0.00000000 0.00000000
vt 0.00000000 0.00000000
vt 0.00000000 0.00000000
vt 0.00000000 0.00000000
vt 0.00000000 0.00000000
vt 0.00000000 0.00000000
vt 0.00000000 0.00000000
vt 0.00000000 0.00000000
vt 0.00000000 0.00000000
vt 0.00000000 0.00000000
vt 0.00000000 0.00000000
vt 0.00000000 0.00000000
vt 0.00000000 0.00000000
vt 0.00000000 0.00000000
vt 0.00000000 0.00000000
vt 0.00000000 0.00000000
vt 0.00000000 0.00000000
vt 0.00000000 0.00000000
vt 0.00000000 0.00000000
vt 0.00000000 0.00000000
vt 0.00000000 0.00000000
vt 0.00000000 0.00000000
vt 0.00000000 0.00000000
vt 0.00000000 0.00000000
vt 0.00000000 0.00000000
vt 0.00000000 0.00000000
vt 0.00000000 0.00000000
vt 0.00000000 0.00000000
vt 0.00000000 0.00000000
vt 0.00000000 0.00000000
vt 0.00000000 0.00000000
vt 0.00000000 0.00000000
vt 0.00000000 0.00000000
vt 0.00000000 0.00000000
vt 0.00000000 0.00000000
vt 0.00000000 0.00000000
vt 0.00000000 0.00000000
vt 0.00000000 0.00000000
vt 0.00000000 0.00000000
vt 0.00000000 0.00000000
vt 0.00000000 0.00000000
vt 0.00000000 0.00000000
vt 0.00000000 0.00000000
vt 0.00000000 0.00000000
vt 0.00000000 0.00000000
vt 0.00000000 0.00000000
vt 0.00000000 0.00000000
vt 0.00000000 0.00000000
vt 0.00000000 0.00000000
vt 0.00000000 0.00000000
vt 0.00000000 0.00000000
vt 0.00000000 0.00000000
vt 0.00000000 0.00000000
vt 0.00000000 0.00000000
vt 0.00000000 0.00000000
vt 0.00000000 0.00000000
vt 0.00000000 0.00000000
vt 0.00000000 0.00000000
vt 0.00000000 0.00000000
vt 0.00000000 0.00000000
vt 0.00000000 0.00000000
vt 0.00000000 0.00000000
vt 0.00000000 0.00000000
vt 0.00000000 0.00000000
vt 0.00000000 0.00000000
vt 0.00000000 0.00000000
vt 0.00000000 0.00000000
vt 0.00000000 0.00000000
vt 0.00000000 0.00000000
vt 0.00000000 0.00000000
vt 0.00000000 0.00000000
vt 0.00000000 0.00000000
vt 0.00000000 0.00000000
vt 0.00000000 0.00000000
vt 0.00000000 0.00000000
vt 0.00000000 0.00000000
vt 0.00000000 0.00000000
vt 0.00000000 0.00000000
vt 0.00000000 0.00000000
vt 0.00000000 0.00000000
vt 0.00000000 0.00000000
vt 0.00000000 0.00000000
vt 0.00000000 0.00000000
vt 0.00000000 0.00000000
vt 0.00000000 0.00000000
vt 0.00000000 0.00000000
vt 0.00000000 0.00000000
vt 0.00000000 0.00000000
vt 0.00000000 0.00000000
vt 0.00000000 0.00000000
vt 0.00000000 0.00000000
vt 0.00000000 0.00000000
vt 0.00000000 0.00000000
vt 0.00000000 0.00000000
vt 0.00000000 0.00000000
vt 0.00000000 0.00000000
vt 0.00000000 0.00000000
vt 0.00000000 0.00000000
vt 0.00000000 0.00000000
vt 0.00000000 0.00000000
vt 0.00000000 0.00000000
vt 0.00000000 0.00000000
vt 0.00000000 0.00000000
vt 0.00000000 0.00000000
vt 0.00000000 0.00000000
vt 0.00000000 0.00000000
vt 0.00000000 0.00000000
vt 0.00000000 0.00000000
vt 0.00000000 0.00000000
vt 0.00000000 0.00000000
vt 0.00000000 0.00000000
vt 0.00000000 0.00000000
vt 0.00000000 0.00000000
vt 0.00000000 0.00000000
vt 0.00000000 0.00000000
vt 0.00000000 0.00000000
vt 0.00000000 0.00000000
vt 0.00000000 0.00000000
vt 0.00000000 0.00000000
vt 0.00000000 0.00000000
vt 0.00000000 0.00000000
vt 0.00000000 0.00000000
vt 0.00000000 0.00000000
vt 0.00000000 0.00000000
vt 0.00000000 0.00000000
vt 0.00000000 0.00000000
vt 0.00000000 0.00000000
vt 0.00000000 0.00000000
vt 0.00000000 0.00000000
vt 0.00000000 0.00000000
vt 0.00000000 0.00000000
vt 0.00000000 0.00000000
vt 0.00000000 0.00000000
vt 0.00000000 0.00000000
vt 0.00000000 0.00000000
vt 0.00000000 0.00000000
vt 0.00000000 0.00000000
vt 0.00000000 0.00000000
vt 0.00000000 0.00000000
vt 0.00000000 0.00000000
vt 0.00000000 0.00000000
vt 0.00000000 0.00000000
vt 0.00000000 0.00000000
vt 0.00000000 0.00000000
vt 0.00000000 0.00000000
vt 0.00000000 0.00000000
vt 0.00000000 0.00000000
vt 0.00000000 0.00000000
vt 0.00000000 0.00000000
vt 0.00000000 0.00000000
vt 0.00000000 0.00000000
vt 0.00000000 0.00000000
vt 0.00000000 0.00000000
vt 0.00000000 0.00000000
vt 0.00000000 0.00000000
vt 0.00000000 0.00000000
vt 0.00000000 0.00000000
vt 0.00000000 0.00000000
vt 0.00000000 0.00000000
vt 0.00000000 0.00000000
vt 0.00000000 0.00000000
vt 0.00000000 0.00000000
vt 0.00000000 0.00000000
vt 0.00000000 0.00000000
vt 0.00000000 0.00000000
vt 0.00000000 0.00000000
vt 0.00000000 0.00000000
vt 0.00000000 0.00000000
vt 0.00000000 0.00000000
vt 0.00000000 0.00000000
vt 0.00000000 0.00000000
vt 0.00000000 0.00000000
vt 0.00000000 0.00000000
vt 0.00000000 0.00000000
vt 0.00000000 0.00000000
vt 0.00000000 0.00000000
vt 0.00000000 0.00000000
vt 0.00000000 0.00000000
vt 0.00000000 0.00000000
vt 0.00000000 0.00000000
vt 0.00000000 0.00000000
vt 0.00000000 0.00000000
vt 0.00000000 0.00000000
vt 0.00000000 0.00000000
vt 0.00000000 0.00000000
vt 0.00000000 0.00000000
vt 0.00000000 0.00000000
vt 0.00000000 0.00000000
vt 0.00000000 0.00000000
vt 0.00000000 0.00000000
vt 0.00000000 0.00000000
vt 0.00000000 0.00000000
vt 0.00000000 0.00000000
vt 0.00000000 0.00000000
vt 0.00000000 0.00000000
vt 0.00000000 0.00000000
vt 0.00000000 0.00000000
vt 0.00000000 0.00000000
vt 0.00000000 0.00000000
vt 0.00000000 0.00000000
vt 0.00000000 0.00000000
vt 0.00000000 0.00000000
vt 0.00000000 0.00000000
vt 0.00000000 0.00000000
vt 0.00000000 0.00000000
vt 0.00000000 0.00000000
vt 0.00000000 0.00000000
vt 0.00000000 0.00000000
vt 0.00000000 0.00000000
vt 0.00000000 0.00000000
vt 0.00000000 0.00000000
vt 0.00000000 0.00000000
vt 0.00000000 0.00000000
vt 0.00000000 0.00000000
vt 0.00000000 0.00000000
vt 0.00000000 0.00000000
vt 0.00000000 0.00000000
vt 0.00000000 0.00000000
vt 0.00000000 0.00000000
vt 0.00000000 0.00000000
vt 0.00000000 0.00000000
vt 0.00000000 0.00000000
vt 0.00000000 0.00000000
vt 0.00000000 0.00000000
vt 0.00000000 0.00000000
vt 0.00000000 0.00000000
vt 0.00000000 0.00000000
vt 0.00000000 0.00000000
vt 0.00000000 0.00000000
vt 0.00000000 0.00000000
vt 0.00000000 0.00000000
vt 0.00000000 0.00000000
vt 0.00000000 0.00000000
vt 0.00000000 0.00000000
vt 0.00000000 0.00000000
vt 0.00000000 0.00000000
vt 0.00000000 0.00000000
vt 0.00000000 0.00000000
vt 0.00000000 0.00000000
vt 0.00000000 0.00000000
vt 0.00000000 0.00000000
vt 0.00000000 0.00000000
vt 0.00000000 0.00000000
vt 0.00000000 0.00000000
vt 0.00000000 0.00000000
vt 0.00000000 0.00000000
vt 0.00000000 0.00000000
vt 0.00000000 0.00000000
vt 0.00000000 0.00000000
vt 0.00000000 0.00000000
vt 0.00000000 0.00000000
vt 0.00000000 0.00000000
vt 0.00000000 0.00000000
vt 0.00000000 0.00000000
vt 0.00000000 0.00000000
vt 0.00000000 0.00000000
vt 0.00000000 0.00000000
vt 0.00000000 0.00000000
vt 0.00000000 0.00000000
vt 0.00000000 0.00000000
vt 0.00000000 0.00000000
vt 0.00000000 0.00000000
vt 0.00000000 0.00000000
vt 0.00000000 0.00000000
vt 0.00000000 0.00000000
vt 0.00000000 0.00000000
vt 0.00000000 0.00000000
vt 0.00000000 0.00000000
vt 0.00000000 0.00000000
vt 0.00000000 0.00000000
vt 0.00000000 0.00000000
vt 0.00000000 0.00000000
vt 0.00000000 0.00000000
vt 0.00000000 0.00000000
vt 0.00000000 0.00000000
vt 0.00000000 0.00000000
vt 0.00000000 0.00000000
vt 0.00000000 0.00000000
vt 0.00000000 0.00000000
vt 0.00000000 0.00000000
vt 0.00000000 0.00000000
vt 0.00000000 0.00000000
vt 0.00000000 0.00000000
vt 0.00000000 0.00000000
vt 0.00000000 0.00000000
vt 0.00000000 0.00000000
vt 0.00000000 0.00000000
vt 0.00000000 0.00000000
vt 0.00000000 0.00000000
vt 0.00000000 0.00000000
vt 0.00000000 0.00000000
vt 0.00000000 0.00000000
vt 0.00000000 0.00000000
vt 0.00000000 0.00000000
vt 0.00000000 0.00000000
vt 0.00000000 0.00000000
vt 0.00000000 0.00000000
vt 0.00000000 0.00000000
vt 0.00000000 0.00000000
vt 0.00000000 0.00000000
vt 0.00000000 0.00000000
vt 0.00000000 0.00000000
vt 0.00000000 0.00000000
vt 0.00000000 0.00000000
vt 0.00000000 0.00000000
vt 0.00000000 0.00000000
vt 0.00000000 0.00000000
vt 0.00000000 0.00000000
vt 0.00000000 0.00000000
vt 0.00000000 0.00000000
vt 0.00000000 0.00000000
vt 0.00000000 0.00000000
vt 0.00000000 0.00000000
vt 0.00000000 0.00000000
vt 0.00000000 0.00000000
vt 0.00000000 0.00000000
vt 0.00000000 0.00000000
vt 0.00000000 0.00000000
vt 0.00000000 0.00000000
vt 0.00000000 0.00000000
vt 0.00000000 0.00000000
vt 0.00000000 0.00000000
vt 0.00000000 0.00000000
vt 0.00000000 0.00000000
vt 0.00000000 0.00000000
vt 0.00000000 0.00000000
vt 0.00000000 0.00000000
vt 0.00000000 0.00000000
vt 0.00000000 0.00000000
vt 0.00000000 0.00000000
vt 0.00000000 0.00000000
vt 0.00000000 0.00000000
vt 0.00000000 0.00000000
vt 0.00000000 0.00000000
vt 0.00000000 0.00000000
vt 0.00000000 0.00000000
vt 0.00000000 0.00000000
vt 0.00000000 0.00000000
vt 0.00000000 0.00000000
vt 0.00000000 0.00000000
vt 0.00000000 0.00000000
vt 0.00000000 0.00000000
vt 0.00000000 0.00000000
vt 0.00000000 0.00000000
vt 0.00000000 0.00000000
vt 0.00000000 0.00000000
vt 0.00000000 0.00000000
vt 0.00000000 0.00000000
vt 0.00000000 0.00000000
vt 0.00000000 0.00000000
vt 0.00000000 0.00000000
vt 0.00000000 0.00000000
vt 0.00000000 0.00000000
vt 0.00000000 0.00000000
vt 0.00000000 0.00000000
vt 0.00000000 0.00000000
vt 0.00000000 0.00000000
vt 0.00000000 0.00000000
vt 0.00000000 0.00000000
vt 0.00000000 0.00000000
vt 0.00000000 0.00000000
vt 0.00000000 0.00000000
vt 0.00000000 0.00000000
vt 0.00000000 0.00000000
vt 0.00000000 0.00000000
vt 0.00000000 0.00000000
vt 0.00000000 0.00000000
vt 0.00000000 0.00000000
vt 0.00000000 0.00000000
vt 0.00000000 0.00000000
vt 0.00000000 0.00000000
vt 0.00000000 0.00000000
vt 0.00000000 0.00000000
vt 0.00000000 0.00000000
vt 0.00000000 0.00000000
vt 0.00000000 0.00000000
vt 0.00000000 0.00000000
vt 0.00000000 0.00000000
vt 0.00000000 0.00000000
vt 0.00000000 0.00000000
vt 0.00000000 0.00000000
vt 0.00000000 0.00000000
vt 0.00000000 0.00000000
vt 0.00000000 0.00000000
vt 0.00000000 0.00000000
vt 0.00000000 0.00000000
vt 0.00000000 0.00000000
vt 0.00000000 0.00000000
vt 0.00000000 0.00000000
vt 0.00000000 0.00000000
vt 0.00000000 0.00000000
vt 0.00000000 0.00000000
vt 0.00000000 0.00000000
vt 0.00000000 0.00000000
vt 0.00000000 0.00000000
vt 0.00000000 0.00000000
vt 0.00000000 0.00000000
vt 0.00000000 0.00000000
vt 0.00000000 0.00000000
vt 0.00000000 0.00000000
vt 0.00000000 0.00000000
vt 0.00000000 0.00000000
vt 0.00000000 0.00000000
vt 0.00000000 0.00000000
vt 0.00000000 0.00000000
vt 0.00000000 0.00000000
vt 0.00000000 0.00000000
vt 0.00000000 0.00000000
vt 0.00000000 0.00000000
vt 0.00000000 0.00000000
vt 0.00000000 0.00000000
vt 0.00000000 0.00000000
vt 0.00000000 0.00000000
vt 0.00000000 0.00000000
vt 0.00000000 0.00000000
vt 0.00000000 0.00000000
vt 0.00000000 0.00000000
vt 0.00000000 0.00000000
vt 0.00000000 0.00000000
vt 0.00000000 0.00000000
vt 0.00000000 0.00000000
vt 0.00000000 0.00000000
vt 0.00000000 0.00000000
vt 0.00000000 0.00000000
vt 0.00000000 0.00000000
vt 0.00000000 0.00000000
vt 0.00000000 0.00000000
vt 0.00000000 0.00000000
vt 0.00000000 0.00000000
vt 0.00000000 0.00000000
vt 0.00000000 0.00000000
vt 0.00000000 0.00000000
vt 0.00000000 0.00000000
vt 0.00000000 0.00000000
vt 0.00000000 0.00000000
vt 0.00000000 0.00000000
vt 0.00000000 0.00000000
vt 0.00000000 0.00000000
vt 0.00000000 0.00000000
vt 0.00000000 0.00000000
vt 0.00000000 0.00000000
vt 0.00000000 0.00000000
vt 0.00000000 0.00000000
vt 0.00000000 0.00000000
vt 0.00000000 0.00000000
vt 0.00000000 0.00000000
vt 0.00000000 0.00000000
vt 0.00000000 0.00000000
vt 0.00000000 0.00000000
vt 0.00000000 0.00000000
vt 0.00000000 0.00000000
vt 0.00000000 0.00000000
vt 0.00000000 0.00000000
vt 0.00000000 0.00000000
vt 0.00000000 0.00000000
vt 0.00000000 0.00000000
vt 0.00000000 0.00000000
vt 0.00000000 0.00000000
vt 0.00000000 0.00000000
vt 0.00000000 0.00000000
vt 0.00000000 0.00000000
vt 0.00000000 0.00000000
vt 0.00000000 0.00000000
vt 0.00000000 0.00000000
vt 0.00000000 0.00000000
vt 0.00000000 0.00000000
vt 0.00000000 0.00000000
vt 0.00000000 0.00000000
vt 0.00000000 0.00000000
vt 0.00000000 0.00000000
vt 0.00000000 0.00000000
vt 0.00000000 0.00000000
vt 0.00000000 0.00000000
vt 0.00000000 0.00000000
vt 0.00000000 0.00000000
vt 0.00000000 0.00000000
vt 0.00000000 0.00000000
vt 0.00000000 0.00000000
vt 0.00000000 0.00000000
vt 0.00000000 0.00000000
vt 0.00000000 0.00000000
vt 0.00000000 0.00000000
vt 0.00000000 0.00000000
vt 0.00000000 0.00000000
vt 0.00000000 0.00000000
vt 0.00000000 0.00000000
vt 0.00000000 0.00000000
vt 0.00000000 0.00000000
vt 0.00000000 0.00000000
vt 0.00000000 0.00000000
vt 0.00000000 0.00000000
vt 0.00000000 0.00000000
vt 0.00000000 0.00000000
vt 0.00000000 0.00000000
vt 0.00000000 0.00000000
vt 0.00000000 0.00000000
vt 0.00000000 0.00000000
vt 0.00000000 0.00000000
vt 0.00000000 0.00000000
vt 0.00000000 0.00000000
vt 0.00000000 0.00000000
vt 0.00000000 0.00000000
vt 0.00000000 0.00000000
vt 0.00000000 0.00000000
vt 0.00000000 0.00000000
vt 0.00000000 0.00000000
vt 0.00000000 0.00000000
vt 0.00000000 0.00000000
vt 0.00000000 0.00000000
vt 0.00000000 0.00000000
vt 0.00000000 0.00000000
vt 0.00000000 0.00000000
vt 0.00000000 0.00000000
vt 0.00000000 0.00000000
vt 0.00000000 0.00000000
vt 0.00000000 0.00000000
vt 0.00000000 0.00000000
vt 0.00000000 0.00000000
vt 0.00000000 0.00000000
vt 0.00000000 0.00000000
vt 0.00000000 0.00000000
vt 0.00000000 0.00000000
vt 0.00000000 0.00000000
vt 0.00000000 0.00000000
vt 0.00000000 0.00000000
vt 0.00000000 0.00000000
vt 0.00000000 0.00000000
vt 0.00000000 0.00000000
vt 0.00000000 0.00000000
vt 0.00000000 0.00000000
vt 0.00000000 0.00000000
vt 0.00000000 0.00000000
vt 0.00000000 0.00000000
vt 0.00000000 0.00000000
vt 0.00000000 0.00000000
vt 0.00000000 0.00000000
vt 0.00000000 0.00000000
vt 0.00000000 0.00000000
vt 0.00000000 0.00000000
vt 0.00000000 0.00000000
vt 0.00000000 0.00000000
vt 0.00000000 0.00000000
vt 0.00000000 0.00000000
vt 0.00000000 0.00000000
vt 0.00000000 0.00000000
vt 0.00000000 0.00000000
vt 0.00000000 0.00000000
vt 0.00000000 0.00000000
vt 0.00000000 0.00000000
vt 0.00000000 0.00000000
vt 0.00000000 0.00000000
vt 0.00000000 0.00000000
vt 0.00000000 0.00000000
vt 0.00000000 0.00000000
vt 0.00000000 0.00000000
vt 0.00000000 0.00000000
vt 0.00000000 0.00000000
vt 0.00000000 0.00000000
vt 0.00000000 0.00000000
vt 0.00000000 0.00000000
vt 0.00000000 0.00000000
vt 0.00000000 0.00000000
vt 0.00000000 0.00000000
vt 0.00000000 0.00000000
vt 0.00000000 0.00000000
vt 0.00000000 0.00000000
vt 0.00000000 0.00000000
vt 0.00000000 0.00000000
vt 0.00000000 0.00000000
vt 0.00000000 0.00000000
vt 0.00000000 0.00000000
vt 0.00000000 0.00000000
vt 0.00000000 0.00000000
vt 0.00000000 0.00000000
vt 0.00000000 0.00000000
vt 0.00000000 0.00000000
vt 0.00000000 0.00000000
vt 0.00000000 0.00000000
vt 0.00000000 0.00000000
vt 0.00000000 0.00000000
vt 0.00000000 0.00000000
vt 0.00000000 0.00000000
vt 0.00000000 0.00000000
vt 0.00000000 0.00000000
vt 0.00000000 0.00000000
vt 0.00000000 0.00000000
vt 0.00000000 0.00000000
vt 0.00000000 0.00000000
vt 0.00000000 0.00000000
vt 0.00000000 0.00000000
vt 0.00000000 0.00000000
vt 0.00000000 0.00000000
vt 0.00000000 0.00000000
vt 0.00000000 0.00000000
vt 0.00000000 0.00000000
vt 0.00000000 0.00000000
vt 0.00000000 0.00000000
vt 0.00000000 0.00000000
vt 0.00000000 0.00000000
vt 0.00000000 0.00000000
vt 0.00000000 0.00000000
vt 0.00000000 0.00000000
vt 0.00000000 0.00000000
vt 0.00000000 0.00000000
vt 0.00000000 0.00000000
vt 0.00000000 0.00000000
vt 0.00000000 0.00000000
vt 0.00000000 0.00000000
vt 0.00000000 0.00000000
vt 0.00000000 0.00000000
vt 0.00000000 0.00000000
vt 0.00000000 0.00000000
vt 0.00000000 0.00000000
vt 0.00000000 0.00000000
vt 0.00000000 0.00000000
vt 0.00000000 0.00000000
vt 0.00000000 0.00000000
vt 0.00000000 0.00000000
vt 0.00000000 0.00000000
vt 0.00000000 0.00000000
vt 0.00000000 0.00000000
vt 0.00000000 0.00000000
vt 0.00000000 0.00000000
vt 0.00000000 0.00000000
f 1/1 2/2 3/3
f 4/4 5/5 6/6
f 7/7 8/8 9/9
f 10/10 11/11 12/12
f 13/13 14/14 15/15
f 16/16 17/17 18/18
f 19/19 20/20 21/21
f 22/22 23/23 24/24
f 25/25 26/26 27/27
f 28/28 29/29 30/30
f 31/31 32/32 33/33
f 34/34 35/35 36/36
f 37/37 38/38 39/39
f 40/40 41/41 42/42
f 43/43 44/44 45/45
f 46/46 47/47 48/48
f 49/49 50/50 51/51
f 52/52 53/53 54/54
f 55/55 56/56 57/57
f 58/58 59/59 60/60
f 61/61 62/62 63/63
f 64/64 65/65 66/66
f 67/67 68/68 69/69
f 70/70 71/71 72/72
f 73/73 74/74 75/75
f 76/76 77/77 78/78
f 79/79 80/80 81/81
f 82/82 83/83 84/84
f 85/85 86/86 87/87
f 88/88 89/89 90/90
f 91/91 92/92 93/93
f 94/94 95/95 96/96
f 97/97 98/98 99/99
f 100/100 101/101 102/102
f 103/103 104/104 105/105
f 1/1 106/106 107/107
f 106/106 108/108 107/107
f 108/108 109/109 107/107
f 107/107 110/110 111/111
f 111/111 112/112 107/107
f 112/112 2/2 107/107
f 2/2 113/113 114/114
f 113/113 115/115 114/114
f 115/115 116/116 114/114
f 114/114 117/117 118/118
f 118/118 119/119 3/3
f 3/3 120/120 121/121
f 121/121 122/122 123/123
f 123/123 124/124 125/125
f 125/125 126/126 123/123
f 126/126 127/127 123/123
f 127/127 128/128 129/129
f 129/129 130/130 127/127
f 130/130 131/131 127/127
f 131/131 132/132 133/133
f 133/133 134/134 131/131
f 134/134 1/1 131/131
f 114/114 118/118 2/2
f 118/118 3/3 2/2
f 3/3 121/121 127/127
f 121/121 123/123 127/127
f 1/1 107/107 2/2
f 127/127 131/131 3/3
f 131/131 1/1 3/3
f 135/135 136/136 137/137
f 136/136 138/138 137/137
f 138/138 139/139 137/137
f 137/137 140/140 141/141
f 141/141 142/142 137/137
f 142/142 4/4 137/137
f 4/4 143/143 144/144
f 144/144 145/145 146/146
f 146/146 147/147 148/148
f 148/148 149/149 5/5
f 5/5 150/150 151/151
f 151/151 152/152 153/153
f 153/153 154/154 155/155
f 155/155 156/156 6/6
f 6/6 157/157 158/158
f 158/158 159/159 160/160
f 160/160 161/161 162/162
f 162/162 163/163 135/135
f 4/4 144/144 5/5
f 144/144 146/146 5/5
f 146/146 148/148 5/5
f 5/5 151/151 153/153
f 153/153 155/155 5/5
f 155/155 6/6 5/5
f 6/6 158/158 135/135
f 158/158 160/160 135/135
f 160/160 162/162 135/135
f 135/135 137/137 4/4
f 135/135 4/4 6/6
f 7/7 164/164 165/165
f 164/164 166/166 165/165
f 166/166 167/167 165/165
f 165/165 168/168 169/169
f 169/169 170/170 165/165
f 170/170 8/8 165/165
f 8/8 171/171 172/172
f 171/171 173/173 172/172
f 173/173 174/174 172/172
f 172/172 175/175 176/176
f 176/176 177/177 9/9
f 9/9 178/178 179/179
f 179/179 180/180 181/181
f 181/181 182/182 183/183
f 183/183 184/184 181/181
f 184/184 185/185 181/181
f 185/185 186/186 187/187
f 187/187 188/188 185/185
f 188/188 189/189 185/185
f 189/189 190/190 191/191
f 191/191 192/192 189/189
f 192/192 7/7 189/189
f 172/172 176/176 8/8
f 176/176 9/9 8/8
f 9/9 179/179 185/185
f 179/179 181/181 185/185
f 7/7 165/165 8/8
f 185/185 189/189 9/9
f 189/189 7/7 9/9
f 10/10 193/193 11/11
f 13/13 194/194 14/14
f 16/16 195/195 17/17
f 19/19 196/196 20/20
f 22/22 197/197 23/23
f 25/25 198/198 26/26
f 28/28 199/199 29/29
f 31/31 200/200 32/32
f 34/34 201/201 35/35
f 37/37 202/202 38/38
f 40/40 203/203 41/41
f 43/43 204/204 44/44
f 46/46 205/205 47/47
f 49/49 206/206 50/50
f 52/52 207/207 53/53
f 55/55 208/208 56/56
f 58/58 209/209 59/59
f 61/61 210/210 62/62
f 64/64 211/211 65/65
f 67/67 212/212 68/68
f 70/70 213/213 71/71
f 73/73 214/214 74/74
f 76/76 215/215 77/77
f 79/79 216/216 80/80
f 82/82 217/217 83/83
f 85/85 218/218 86/86
f 88/88 219/219 89/89
f 91/91 220/220 92/92
f 94/94 221/221 95/95
f 97/97 222/222 98/98
f 100/100 223/223 101/101
f 103/103 224/224 104/104
f 225/225 226/226 227/227
f 228/228 229/229 230/230
f 231/231 232/232 233/233
f 234/234 235/235 236/236
f 237/237 238/238 239/239
f 240/240 241/241 242/242
f 243/243 244/244 245/245
f 246/246 247/247 248/248
f 249/249 250/250 251/251
f 252/252 253/253 254/254
f 255/255 256/256 257/257
f 258/258 259/259 260/260
f 261/261 262/262 263/263
f 264/264 265/265 266/266
f 267/267 268/268 269/269
f 270/270 271/271 272/272
f 273/273 274/274 275/275
f 276/276 277/277 278/278
f 279/279 280/280 281/281
f 282/282 283/283 284/284
f 285/285 286/286 287/287
f 288/288 289/289 290/290
f 291/291 292/292 293/293
f 294/294 295/295 296/296
f 297/297 298/298 299/299
f 300/300 301/301 302/302
f 303/303 304/304 305/305
f 306/306 307/307 308/308
f 309/309 310/310 311/311
f 312/312 313/313 314/314
f 315/315 316/316 317/317
f 318/318 319/319 320/320
f 321/321 322/322 323/323
f 324/324 325/325 326/326
f 327/327 328/328 329/329
f 225/225 330/330 331/331
f 330/330 332/332 331/331
f 332/332 333/333 331/331
f 331/331 334/334 335/335
f 335/335 336/336 331/331
f 336/336 226/226 331/331
f 226/226 337/337 338/338
f 337/337 339/339 338/338
f 339/339 340/340 338/338
f 338/338 341/341 342/342
f 342/342 343/343 227/227
f 227/227 344/344 345/345
f 345/345 346/346 347/347
f 347/347 348/348 349/349
f 349/349 350/350 347/347
f 350/350 351/351 347/347
f 351/351 352/352 353/353
f 353/353 354/354 351/351
f 354/354 355/355 351/351
f 355/355 356/356 357/357
f 357/357 358/358 355/355
f 358/358 225/225 355/355
f 338/338 342/342 226/226
f 342/342 227/227 226/226
f 227/227 345/345 351/351
f 345/345 347/347 351/351
f 225/225 331/331 226/226
f 351/351 355/355 227/227
f 355/355 225/225 227/227
f 359/359 360/360 361/361
f 360/360 362/362 361/361
f 362/362 363/363 361/361
f 361/361 364/364 365/365
f 365/365 366/366 361/361
f 366/366 228/228 361/361
f 228/228 367/367 368/368
f 368/368 369/369 370/370
f 370/370 371/371 372/372
f 372/372 373/373 229/229
f 229/229 374/374 375/375
f 375/375 376/376 377/377
f 377/377 378/378 379/379
f 379/379 380/380 230/230
f 230/230 381/381 382/382
f 382/382 383/383 384/384
f 384/384 385/385 386/386
f 386/386 387/387 359/359
f 228/228 368/368 229/229
f 368/368 370/370 229/229
f 370/370 372/372 229/229
f 229/229 375/375 377/377
f 377/377 379/379 229/229
f 379/379 230/230 229/229
f 230/230 382/382 359/359
f 382/382 384/384 359/359
f 384/384 386/386 359/359
f 359/359 361/361 228/228
f 359/359 228/228 230/230
f 231/231 388/388 389/389
f 388/388 390/390 389/389
f 390/390 391/391 389/389
f 389/389 392/392 393/393
f 393/393 394/394 389/389
f 394/394 232/232 389/389
f 232/232 395/395 396/396
f 395/395 397/397 396/396
f 397/397 398/398 396/396
f 396/396 399/399 400/400
f 400/400 401/401 233/233
f 233/233 402/402 403/403
f 403/403 404/404 405/405
f 405/405 406/406 407/407
f 407/407 408/408 405/405
f 408/408 409/409 405/405
f 409/409 410/410 411/411
f 411/411 412/412 409/409
f 412/412 413/413 409/409
f 413/413 414/414 415/415
f 415/415 416/416 413/413
f 416/416 231/231 413/413
f 396/396 400/400 232/232
f 400/400 233/233 232/232
f 233/233 403/403 409/409
f 403/403 405/405 409/409
f 231/231 389/389 232/232
f 409/409 413/413 233/233
f 413/413 231/231 233/233
f 234/234 417/417 235/235
f 237/237 418/418 238/238
f 240/240 419/419 241/241
f 243/243 420/420 244/244
f 246/246 421/421 247/247
f 249/249 422/422 250/250
f 252/252 423/423 253/253
f 255/255 424/424 256/256
f 258/258 425/425 259/259
f 261/261 426/426 262/262
f 264/264 427/427 265/265
f 267/267 428/428 268/268
f 270/270 429/429 271/271
f 273/273 430/430 274/274
f 276/276 431/431 277/277
f 279/279 432/432 280/280
f 282/282 433/433 283/283
f 285/285 434/434 286/286
f 288/288 435/435 289/289
f 291/291 436/436 292/292
f 294/294 437/437 295/295
f 297/297 438/438 298/298
f 300/300 439/439 301/301
f 303/303 440/440 304/304
f 306/306 441/441 307/307
f 309/309 442/442 310/310
f 312/312 443/443 313/313
f 315/315 444/444 316/316
f 318/318 445/445 319/319
f 321/321 446/446 322/322
f 324/324 447/447 325/325
f 327/327 448/448 328/328
f 449/449 450/450 451/451
f 452/452 453/453 454/454
f 455/455 456/456 457/457
f 458/458 459/459 460/460
f 461/461 462/462 463/463
f 464/464 465/465 466/466
f 467/467 468/468 469/469
f 470/470 471/471 472/472
f 473/473 474/474 475/475
f 476/476 477/477 478/478
f 479/479 480/480 481/481
f 482/482 483/483 484/484
f 485/485 486/486 487/487
f 488/488 489/489 490/490
f 491/491 492/492 493/493
f 494/494 495/495 496/496
f 497/497 498/498 499/499
f 500/500 501/501 502/502
f 503/503 504/504 505/505
f 506/506 507/507 508/508
f 509/509 510/510 511/511
f 512/512 513/513 514/514
f 515/515 516/516 517/517
f 518/518 519/519 520/520
f 521/521 522/522 523/523
f 524/524 525/525 526/526
f 527/527 528/528 529/529
f 530/530 531/531 532/532
f 533/533 534/534 535/535
f 536/536 537/537 538/538
f 539/539 540/540 541/541
f 542/542 543/543 544/544
f 545/545 546/546 547/547
f 548/548 549/549 550/550
f 551/551 552/552 553/553
f 449/449 554/554 555/555
f 554/554 556/556 555/555
f 556/556 557/557 555/555
f 555/555 558/558 559/559
f 559/559 560/560 555/555
f 560/560 450/450 555/555
f 450/450 561/561 562/562
f 561/561 563/563 562/562
f 563/563 564/564 562/562
f 562/562 565/565 566/566
f 566/566 567/567 451/451
f 451/451 568/568 569/569
f 569/569 570/570 571/571
f 571/571 572/572 573/573
f 573/573 574/574 571/571
f 574/574 575/575 571/571
f 575/575 576/576 577/577
f 577/577 578/578 575/575
f 578/578 579/579 575/575
f 579/579 580/580 581/581
f 581/581 582/582 579/579
f 582/582 449/449 579/579
f 562/562 566/566 450/450
f 566/566 451/451 450/450
f 451/451 569/569 575/575
f 569/569 571/571 575/575
f 449/449 555/555 450/450
f 575/575 579/579 451/451
f 579/579 449/449 451/451
f 583/583 584/584 585/585
f 584/584 586/586 585/585
f 586/586 587/587 585/585
f 585/585 588/588 589/589
f 589/589 590/590 585/585
f 590/590 452/452 585/585
f 452/452 591/591 592/592
f 592/592 593/593 594/594
f 594/594 595/595 596/596
f 596/596 597/597 453/453
f 453/453 598/598 599/599
f 599/599 600/600 601/601
f 601/601 602/602 603/603
f 603/603 604/604 454/454
f 454/454 605/605 606/606
f 606/606 607/607 608/608
f 608/608 609/609 610/610
f 610/610 611/611 583/583
f 452/452 592/592 453/453
f 592/592 594/594 453/453
f 594/594 596/596 453/453
f 453/453 599/599 601/601
f 601/601 603/603 453/453
f 603/603 454/454 453/453
f 454/454 606/606 583/583
f 606/606 608/608 583/583
f 608/608 610/610 583/583
f 583/583 585/585 452/452
f 583/583 452/452 454/454
f 455/455 612/612 613/613
f 612/612 614/614 613/613
f 614/614 615/615 613/613
f 613/613 616/616 617/617
f 617/617 618/618 613/613
f 618/618 456/456 613/613
f 456/456 619/619 620/620
f 619/619 621/621 620/620
f 621/621 622/622 620/620
f 620/620 623/623 624/624
f 624/624 625/625 457/457
f 457/457 626/626 627/627
f 627/627 628/628 629/629
f 629/629 630/630 631/631
f 631/631 632/632 629/629
f 632/632 633/633 629/629
f 633/633 634/634 635/635
f 635/635 636/636 633/633
f 636/636 637/637 633/633
f 637/637 638/638 639/639
f 639/639 640/640 637/637
f 640/640 455/455 637/637
f 620/620 624/624 456/456
f 624/624 457/457 456/456
f 457/457 627/627 633/633
f 627/627 629/629 633/633
f 455/455 613/613 456/456
f 633/633 637/637 457/457
f 637/637 455/455 457/457
f 458/458 641/641 459/459
f 461/461 642/642 462/462
f 464/464 643/643 465/465
f 467/467 644/644 468/468
f 470/470 645/645 471/471
f 473/473 646/646 474/474
f 476/476 647/647 477/477
f 479/479 648/648 480/480
f 482/482 649/649 483/483
f 485/485 650/650 486/486
f 488/488 651/651 489/489
f 491/491 652/652 492/492
f 494/494 653/653 495/495
f 497/497 654/654 498/498
f 500/500 655/655 501/501
f 503/503 656/656 504/504
f 506/506 657/657 507/507
f 509/509 658/658 510/510
f 512/512 659/659 513/513
f 515/515 660/660 516/516
f 518/518 661/661 519/519
f 521/521 662/662 522/522
f 524/524 663/663 525/525
f 527/527 664/664 528/528
f 530/530 665/665 531/531
f 533/533 666/666 534/534
f 536/536 667/667 537/537
f 539/539 668/668 540/540
f 542/542 669/669 543/543
f 545/545 670/670 546/546
f 548/548 671/671 549/549
f 551/551 672/672 552/552
f 673/673 674/674 675/675
f 676/676 677/677 678/678
f 679/679 680/680 681/681
f 682/682 683/683 684/684
f 685/685 686/686 687/687
f 688/688 689/689 690/690
f 691/691 692/692 693/693
f 694/694 695/695 696/696
f 697/697 698/698 699/699
f 700/700 701/701 702/702
f 703/703 704/704 705/705
f 706/706 707/707 708/708
f 709/709 710/710 711/711
f 712/712 713/713 714/714
f 715/715 716/716 717/717
f 718/718 719/719 720/720
f 721/721 722/722 723/723
f 724/724 725/725 726/726
f 727/727 728/728 729/729
f 730/730 731/731 732/732
f 733/733 734/734 735/735
f 736/736 737/737 738/738
f 739/739 740/740 741/741
f 742/742 743/743 744/744
f 745/745 746/746 747/747
f 748/748 749/749 750/750
f 751/751 752/752 753/753
f 754/754 755/755 756/756
f 757/757 758/758 759/759
f 760/760 761/761 762/762
f 763/763 764/764 765/765
f 766/766 767/767 768/768
f 769/769 770/770 771/771
f 772/772 773/773 774/774
f 775/775 776/776 777/777
f 673/673 778/778 779/779
f 778/778 780/780 779/779
f 780/780 781/781 779/779
f 779/779 782/782 783/783
f 783/783 784/784 779/779
f 784/784 674/674 779/779
f 674/674 785/785 786/786
f 785/785 787/787 786/786
f 787/787 788/788 786/786
f 786/786 789/789 790/790
f 790/790 791/791 675/675
f 675/675 792/792 793/793
f 793/793 794/794 795/795
f 795/795 796/796 797/797
f 797/797 798/798 795/795
f 798/798 799/799 795/795
f 799/799 800/800 801/801
f 801/801 802/802 799/799
f 802/802 803/803 799/799
f 803/803 804/804 805/805
f 805/805 806/806 803/803
f 806/806 673/673 803/803
f 786/786 790/790 674/674
f 790/790 675/675 674/674
f 675/675 793/793 799/799
f 793/793 795/795 799/799
f 673/673 779/779 674/674
f 799/799 803/803 675/675
f 803/803 673/673 675/675
f 807/807 808/808 809/809
f 808/808 810/810 809/809
f 810/810 811/811 809/809
f 809/809 812/812 813/813
f 813/813 814/814 809/809
f 814/814 676/676 809/809
f 676/676 815/815 816/816
f 816/816 817/817 818/818
f 818/818 819/819 820/820
f 820/820 821/821 677/677
f 677/677 822/822 823/823
f 823/823 824/824 825/825
f 825/825 826/826 827/827
f 827/827 828/828 678/678
f 678/678 829/829 830/830
f 830/830 831/831 832/832
f 832/832 833/833 834/834
f 834/834 835/835 807/807
f 676/676 816/816 677/677
f 816/816 818/818 677/677
f 818/818 820/820 677/677
f 677/677 823/823 825/825
f 825/825 827/827 677/677
f 827/827 678/678 677/677
f 678/678 830/830 807/807
f 830/830 832/832 807/807
f 832/832 834/834 807/807
f 807/807 809/809 676/676
f 807/807 676/676 678/678
f 679/679 836/836 837/837
f 836/836 838/838 837/837
f 838/838 839/839 837/837
f 837/837 840/840 841/841
f 841/841 842/842 837/837
f 842/842 680/680 837/837
f 680/680 843/843 844/844
f 843/843 845/845 844/844
f 845/845 846/846 844/844
f 844/844 847/847 848/848
f 848/848 849/849 681/681
f 681/681 850/850 851/851
f 851/851 852/852 853/853
f 853/853 854/854 855/855
f 855/855 856/856 853/853
f 856/856 857/857 853/853
f 857/857 858/858 859/859
f 859/859 860/860 857/857
f 860/860 861/861 857/857
f 861/861 862/862 863/863
f 863/863 864/864 861/861
f 864/864 679/679 861/861
f 844/844 848/848 680/680
f 848/848 681/681 680/680
f 681/681 851/851 857/857
f 851/851 853/853 857/857
f 679/679 837/837 680/680
f 857/857 861/861 681/681
f 861/861 679/679 681/681
f 682/682 865/865 683/683
f 685/685 866/866 686/686
f 688/688 867/867 689/689
f 691/691 868/868 692/692
f 694/694 869/869 695/695
f 697/697 870/870 698/698
f 700/700 871/871 701/701
f 703/703 872/872 704/704
f 706/706 873/873 707/707
f 709/709 874/874 710/710
f 712/712 875/875 713/713
f 715/715 876/876 716/716
f 718/718 877/877 719/719
f 721/721 878/878 722/722
f 724/724 879/879 725/725
f 727/727 880/880 728/728
f 730/730 881/881 731/731
f 733/733 882/882 734/734
f 736/736 883/883 737/737
f 739/739 884/884 740/740
f 742/742 885/885 743/743
f 745/745 886/886 746/746
f 748/748 887/887 749/749
f 751/751 888/888 752/752
f 754/754 889/889 755/755
f 757/757 890/890 758/758
f 760/760 891/891 761/761
f 763/763 892/892 764/764
f 766/766 893/893 767/767
f 769/769 894/894 770/770
f 772/772 895/895 773/773
f 775/775 896/896 776/776
f 897/897 898/898 899/899
f 900/900 901/901 902/902
f 903/903 904/904 905/905
f 906/906 907/907 908/908
f 909/909 910/910 911/911
f 912/912 913/913 914/914
f 915/915 916/916 917/917
f 918/918 919/919 920/920
f 921/921 922/922 923/923
f 924/924 925/925 926/926
f 927/927 928/928 929/929
f 930/930 931/931 932/932
f 933/933 934/934 935/935
f 936/936 937/937 938/938
f 939/939 940/940 941/941
f 942/942 943/943 944/944
f 945/945 946/946 947/947
f 948/948 949/949 950/950
f 951/951 952/952 953/953
f 954/954 955/955 956/956
f 957/957 958/958 959/959
f 960/960 961/961 962/962
f 963/963 964/964 965/965
f 966/966 967/967 968/968
f 969/969 970/970 971/971
f 972/972 973/973 974/974
f 975/975 976/976 977/977
f 978/978 979/979 980/980
f 981/981 982/982 983/983
f 984/984 985/985 986/986
f 987/987 988/988 989/989
f 990/990 991/991 992/992
f 993/993 994/994 995/995
f 996/996 997/997 998/998
f 999/999 1000/1000 1001/1001
f 897/897 1002/1002 1003/1003
f 1002/1002 1004/1004 1003/1003
f 1004/1004 1005/1005 1003/1003
f 1003/1003 1006/1006 1007/1007
f 1007/1007 1008/1008 1003/1003
f 1008/1008 898/898 1003/1003
f 898/898 1009/1009 1010/1010
f 1009/1009 1011/1011 1010/1010
f 1011/1011 1012/1012 1010/1010
f 1010/1010 1013/1013 1014/1014
f 1014/1014 1015/1015 899/899
f 899/899 1016/1016 1017/1017
f 1017/1017 1018/1018 1019/1019
f 1019/1019 1020/1020 1021/1021
f 1021/1021 1022/1022 1019/1019
f 1022/1022 1023/1023 1019/1019
f 1023/1023 1024/1024 1025/1025
f 1025/1025 1026/1026 1023/1023
f 1026/1026 1027/1027 1023/1023
f 1027/1027 1028/1028 1029/1029
f 1029/1029 1030/1030 1027/1027
f 1030/1030 897/897 1027/1027
f 1010/1010 1014/1014 898/898
f 1014/1014 899/899 898/898
f 899/899 1017/1017 1023/1023
f 1017/1017 1019/1019 1023/1023
f 897/897 1003/1003 898/898
f 1023/1023 1027/1027 899/899
f 1027/1027 897/897 899/899
f 1031/1031 1032/1032 1033/1033
f 1032/1032 1034/1034 1033/1033
f 1034/1034 1035/1035 1033/1033
f 1033/1033 1036/1036 1037/1037
f 1037/1037 1038/1038 1033/1033
f 1038/1038 900/900 1033/1033
f 900/900 1039/1039 1040/1040
f 1040/1040 1041/1041 1042/1042
f 1042/1042 1043/1043 1044/1044
f 1044/1044 1045/1045 901/901
f 901/901 1046/1046 1047/1047
f 1047/1047 1048/1048 1049/1049
f 1049/1049 1050/1050 1051/1051
f 1051/1051 1052/1052 902/902
f 902/902 1053/1053 1054/1054
f 1054/1054 1055/1055 1056/1056
f 1056/1056 1057/1057 1058/1058
f 1058/1058 1059/1059 1031/1031
f 900/900 1040/1040 901/901
f 1040/1040 1042/1042 901/901
f 1042/1042 1044/1044 901/901
f 901/901 1047/1047 1049/1049
f 1049/1049 1051/1051 901/901
f 1051/1051 902/902 901/901
f 902/902 1054/1054 1031/1031
f 1054/1054 1056/1056 1031/1031
f 1056/1056 1058/1058 1031/1031
f 1031/1031 1033/1033 900/900
f 1031/1031 900/900 902/902
f 903/903 1060/1060 1061/1061
f 1060/1060 1062/1062 1061/1061
f 1062/1062 1063/1063 1061/1061
f 1061/1061 1064/1064 1065/1065
f 1065/1065 1066/1066 1061/1061
f 1066/1066 904/904 1061/1061
f 904/904 1067/1067 1068/1068
f 1067/1067 1069/1069 1068/1068
f 1069/1069 1070/1070 1068/1068
f 1068/1068 1071/1071 1072/1072
f 1072/1072 1073/1073 905/905
f 905/905 1074/1074 1075/1075
f 1075/1075 1076/1076 1077/1077
f 1077/1077 1078/1078 1079/1079
f 1079/1079 1080/1080 1077/1077
f 1080/1080 1081/1081 1077/1077
f 1081/1081 1082/1082 1083/1083
f 1083/1083 1084/1084 1081/1081
f 1084/1084 1085/1085 1081/1081
f 1085/1085 1086/1086 1087/1087
f 1087/1087 1088/1088 1085/1085
f 1088/1088 903/903 1085/1085
f 1068/1068 1072/1072 904/904
f 1072/1072 905/905 904/904
f 905/905 1075/1075 1081/1081
f 1075/1075 1077/1077 1081/1081
f 903/903 1061/1061 904/904
f 1081/1081 1085/1085 905/905
f 1085/1085 903/903 905/905
f 906/906 1089/1089 907/907
f 909/909 1090/1090 910/910
f 912/912 1091/1091 913/913
f 915/915 1092/1092 916/916
f 918/918 1093/1093 919/919
f 921/921 1094/1094 922/922
f 924/924 1095/1095 925/925
f 927/927 1096/1096 928/928
f 930/930 1097/1097 931/931
f 933/933 1098/1098 934/934
f 936/936 1099/1099 937/937
f 939/939 1100/1100 940/940
f 942/942 1101/1101 943/943
f 945/945 1102/1102 946/946
f 948/948 1103/1103 949/949
f 951/951 1104/1104 952/952
f 954/954 1105/1105 955/955
f 957/957 1106/1106 958/958
f 960/960 1107/1107 961/961
f 963/963 1108/1108 964/964
f 966/966 1109/1109 967/967
f 969/969 1110/1110 970/970
f 972/972 1111/1111 973/973
f 975/975 1112/1112 976/976
f 978/978 1113/1113 979/979
f 981/981 1114/1114 982/982
f 984/984 1115/1115 985/985
f 987/987 1116/1116 988/988
f 990/990 1117/1117 991/991
f 993/993 1118/1118 994/994
f 996/996 1119/1119 997/997
f 999/999 1120/1120 1000/1000
f 1121/1121 1122/1122 1123/1123
f 1124/1124 1125/1125 1126/1126
f 1127/1127 1128/1128 1129/1129
f 1130/1130 1131/1131 1132/1132
f 1133/1133 1134/1134 1135/1135
f 1136/1136 1137/1137 1138/1138
f 1139/1139 1140/1140 1141/1141
f 1142/1142 1143/1143 1144/1144
f 1145/1145 1146/1146 1147/1147
f 1148/1148 1149/1149 1150/1150
f 1151/1151 1152/1152 1153/1153
f 1154/1154 1155/1155 1156/1156
f 1157/1157 1158/1158 1159/1159
f 1160/1160 1161/1161 1162/1162
f 1163/1163 1164/1164 1165/1165
f 1166/1166 1167/1167 1168/1168
f 1169/1169 1170/1170 1171/1171
f 1172/1172 1173/1173 1174/1174
f 1175/1175 1176/1176 1177/1177
f 1178/1178 1179/1179 1180/1180
f 1181/1181 1182/1182 1183/1183
f 1184/1184 1185/1185 1186/1186
f 1187/1187 1188/1188 1189/1189
f 1190/1190 1191/1191 1192/1192
f 1193/1193 1194/1194 1195/1195
f 1196/1196 1197/1197 1198/1198
f 1199/1199 1200/1200 1201/1201
f 1202/1202 1203/1203 1204/1204
f 1205/1205 1206/1206 1207/1207
f 1208/1208 1209/1209 1210/1210
f 1211/1211 1212/1212 1213/1213
f 1214/1214 1215/1215 1216/1216
f 1217/1217 1218/1218 1219/1219
f 1220/1220 1221/1221 1222/1222
f 1223/1223 1224/1224 1225/1225
f 1121/1121 1226/1226 1227/1227
f 1226/1226 1228/1228 1227/1227
f 1228/1228 1229/1229 1227/1227
f 1227/1227 1230/1230 1231/1231
f 1231/1231 1232/1232 1227/1227
f 1232/1232 1122/1122 1227/1227
f 1122/1122 1233/1233 1234/1234
f 1233/1233 1235/1235 1234/1234
f 1235/1235 1236/1236 1234/1234
f 1234/1234 1237/1237 1238/1238
f 1238/1238 1239/1239 1123/1123
f 1123/1123 1240/1240 1241/1241
f 1241/1241 1242/1242 1243/1243
f 1243/1243 1244/1244 1245/1245
f 1245/1245 1246/1246 1243/1243
f 1246/1246 1247/1247 1243/1243
f 1247/1247 1248/1248 1249/1249
f 1249/1249 1250/1250 1247/1247
f 1250/1250 1251/1251 1247/1247
f 1251/1251 1252/1252 1253/1253
f 1253/1253 1254/1254 1251/1251
f 1254/1254 1121/1121 1251/1251
f 1234/1234 1238/1238 1122/1122
f 1238/1238 1123/1123 1122/1122
f 1123/1123 1241/1241 1247/1247
f 1241/1241 1243/1243 1247/1247
f 1121/1121 1227/1227 1122/1122
f 1247/1247 1251/1251 1123/1123
f 1251/1251 1121/1121 1123/1123
f 1255/1255 1256/1256 1257/1257
f 1256/1256 1258/1258 1257/1257
f 1258/1258 1259/1259 1257/1257
f 1257/1257 1260/1260 1261/1261
f 1261/1261 1262/1262 1257/1257
f 1262/1262 1124/1124 1257/1257
f 1124/1124 1263/1263 1264/1264
f 1264/1264 1265/1265 1266/1266
f 1266/1266 1267/1267 1268/1268
f 1268/1268 1269/1269 1125/1125
f 1125/1125 1270/1270 1271/1271
f 1271/1271 1272/1272 1273/1273
f 1273/1273 1274/1274 1275/1275
f 1275/1275 1276/1276 1126/1126
f 1126/1126 1277/1277 1278/1278
f 1278/1278 1279/1279 1280/1280
f 1280/1280 1281/1281 1282/1282
f 1282/1282 1283/1283 1255/1255
f 1124/1124 1264/1264 1125/1125
f 1264/1264 1266/1266 1125/1125
f 1266/1266 1268/1268 1125/1125
f 1125/1125 1271/1271 1273/1273
f 1273/1273 1275/1275 1125/1125
f 1275/1275 1126/1126 1125/1125
f 1126/1126 1278/1278 1255/1255
f 1278/1278 1280/1280 1255/1255
f 1280/1280 1282/1282 1255/1255
f 1255/1255 1257/1257 1124/1124
f 1255/1255 1124/1124 1126/1126
f 1127/1127 1284/1284 1285/1285
f 1284/1284 1286/1286 1285/1285
f 1286/1286 1287/1287 1285/1285
f 1285/1285 1288/1288 1289/1289
f 1289/1289 1290/1290 1285/1285
f 1290/1290 1128/1128 1285/1285
f 1128/1128 1291/1291 1292/1292
f 1291/1291 1293/1293 1292/1292
f 1293/1293 1294/1294 1292/1292
f 1292/1292 1295/1295 1296/1296
f 1296/1296 1297/1297 1129/1129
f 1129/1129 1298/1298 1299/1299
f 1299/1299 1300/1300 1301/1301
f 1301/1301 1302/1302 1303/1303
f 1303/1303 1304/1304 1301/1301
f 1304/1304 1305/1305 1301/1301
f 1305/1305 1306/1306 1307/1307
f 1307/1307 1308/1308 1305/1305
f 1308/1308 1309/1309 1305/1305
f 1309/1309 1310/1310 1311/1311
f 1311/1311 1312/1312 1309/1309
f 1312/1312 1127/1127 1309/1309
f 1292/1292 1296/1296 1128/1128
f 1296/1296 1129/1129 1128/1128
f 1129/1129 1299/1299 1305/1305
f 1299/1299 1301/1301 1305/1305
f 1127/1127 1285/1285 1128/1128
f 1305/1305 1309/1309 1129/1129
f 1309/1309 1127/1127 1129/1129
f 1130/1130 1313/1313 1131/1131
f 1133/1133 1314/1314 1134/1134
f 1136/1136 1315/1315 1137/1137
f 1139/1139 1316/1316 1140/1140
f 1142/1142 1317/1317 1143/1143
f 1145/1145 1318/1318 1146/1146
f 1148/1148 1319/1319 1149/1149
f 1151/1151 1320/1320 1152/1152
f 1154/1154 1321/1321 1155/1155
f 1157/1157 1322/1322 1158/1158
f 1160/1160 1323/1323 1161/1161
f 1163/1163 1324/1324 1164/1164
f 1166/1166 1325/1325 1167/1167
f 1169/1169 1326/1326 1170/1170
f 1172/1172 1327/1327 1173/1173
f 1175/1175 1328/1328 1176/1176
f 1178/1178 1329/1329 1179/1179
f 1181/1181 1330/1330 1182/1182
f 1184/1184 1331/1331 1185/1185
f 1187/1187 1332/1332 1188/1188
f 1190/1190 1333/1333 1191/1191
f 1193/1193 1334/1334 1194/1194
f 1196/1196 1335/1335 1197/1197
f 1199/1199 1336/1336 1200/1200
f 1202/1202 1337/1337 1203/1203
f 1205/1205 1338/1338 1206/1206
f 1208/1208 1339/1339 1209/1209
f 1211/1211 1340/1340 1212/1212
f 1214/1214 1341/1341 1215/1215
f 1217/1217 1342/1342 1218/1218
f 1220/1220 1343/1343 1221/1221
f 1223/1223 1344/1344 1224/1224
f 1345/1345 1346/1346 1347/1347
f 1348/1348 1349/1349 1350/1350
f 1351/1351 1352/1352 1353/1353
f 1354/1354 1355/1355 1356/1356
f 1357/1357 1358/1358 1359/1359
f 1360/1360 1361/1361 1362/1362
f 1363/1363 1364/1364 1365/1365
f 1366/1366 1367/1367 1368/1368
f 1369/1369 1370/1370 1371/1371
f 1372/1372 1373/1373 1374/1374
f 1375/1375 1376/1376 1377/1377
f 1378/1378 1379/1379 1380/1380
f 1381/1381 1382/1382 1383/1383
f 1384/1384 1385/1385 1386/1386
f 1387/1387 1388/1388 1389/1389
f 1390/1390 1391/1391 1392/1392
f 1393/1393 1394/1394 1395/1395
f 1396/1396 1397/1397 1398/1398
f 1399/1399 1400/1400 1401/1401
f 1402/1402 1403/1403 1404/1404
f 1405/1405 1406/1406 1407/1407
f 1408/1408 1409/1409 1410/1410
f 1411/1411 1412/1412 1413/1413
f 1414/1414 1415/1415 1416/1416
f 1417/1417 1418/1418 1419/1419
f 1420/1420 1421/1421 1422/1422
f 1423/1423 1424/1424 1425/1425
f 1426/1426 1427/1427 1428/1428
f 1429/1429 1430/1430 1431/1431
f 1432/1432 1433/1433 1434/1434
f 1435/1435 1436/1436 1437/1437
f 1438/1438 1439/1439 1440/1440
f 1441/1441 1442/1442 1443/1443
f 1444/1444 1445/1445 1446/1446
f 1447/1447 1448/1448 1449/1449
f 1345/1345 1450/1450 1451/1451
f 1450/1450 1452/1452 1451/1451
f 1452/1452 1453/1453 1451/1451
f 1451/1451 1454/1454 1455/1455
f 1455/1455 1456/1456 1451/1451
f 1456/1456 1346/1346 1451/1451
f 1346/1346 1457/1457 1458/1458
f 1457/1457 1459/1459 1458/1458
f 1459/1459 1460/1460 1458/1458
f 1458/1458 1461/1461 1462/1462
f 1462/1462 1463/1463 1347/1347
f 1347/1347 1464/1464 1465/1465
f 1465/1465 1466/1466 1467/1467
f 1467/1467 1468/1468 1469/1469
f 1469/1469 1470/1470 1467/1467
f 1470/1470 1471/1471 1467/1467
f 1471/1471 1472/1472 1473/1473
f 1473/1473 1474/1474 1471/1471
f 1474/1474 1475/1475 1471/1471
f 1475/1475 1476/1476 1477/1477
f 1477/1477 1478/1478 1475/1475
f 1478/1478 1345/1345 1475/1475
f 1458/1458 1462/1462 1346/1346
f 1462/1462 1347/1347 1346/1346
f 1347/1347 1465/1465 1471/1471
f 1465/1465 1467/1467 1471/1471
f 1345/1345 1451/1451 1346/1346
f 1471/1471 1475/1475 1347/1347
f 1475/1475 1345/1345 1347/1347
f 1479/1479 1480/1480 1481/1481
f 1480/1480 1482/1482 1481/1481
f 1482/1482 1483/1483 1481/1481
f 1481/1481 1484/1484 1485/1485
f 1485/1485 1486/1486 1481/1481
f 1486/1486 1348/1348 1481/1481
f 1348/1348 1487/1487 1488/1488
f 1488/1488 1489/1489 1490/1490
f 1490/1490 1491/1491 1492/1492
f 1492/1492 1493/1493 1349/1349
f 1349/1349 1494/1494 1495/1495
f 1495/1495 1496/1496 1497/1497
f 1497/1497 1498/1498 1499/1499
f 1499/1499 1500/1500 1350/1350
f 1350/1350 1501/1501 1502/1502
f 1502/1502 1503/1503 1504/1504
f 1504/1504 1505/1505 1506/1506
f 1506/1506 1507/1507 1479/1479
f 1348/1348 1488/1488 1349/1349
f 1488/1488 1490/1490 1349/1349
f 1490/1490 1492/1492 1349/1349
f 1349/1349 1495/1495 1497/1497
f 1497/1497 1499/1499 1349/1349
f 1499/1499 1350/1350 1349/1349
f 1350/1350 1502/1502 1479/1479
f 1502/1502 1504/1504 1479/1479
f 1504/1504 1506/1506 1479/1479
f 1479/1479 1481/1481 1348/1348
f 1479/1479 1348/1348 1350/1350
f 1351/1351 1508/1508 1509/1509
f 1508/1508 1510/1510 1509/1509
f 1510/1510 1511/1511 1509/1509
f 1509/1509 1512/1512 1513/1513
f 1513/1513 1514/1514 1509/1509
f 1514/1514 1352/1352 1509/1509
f 1352/1352 1515/1515 1516/1516
f 1515/1515 1517/1517 1516/1516
f 1517/1517 1518/1518 1516/1516
f 1516/1516 1519/1519 1520/1520
f 1520/1520 1521/1521 1353/1353
f 1353/1353 1522/1522 1523/1523
f 1523/1523 1524/1524 1525/1525
f 1525/1525 1526/1526 1527/1527
f 1527/1527 1528/1528 1525/1525
f 1528/1528 1529/1529 1525/1525
f 1529/1529 1530/1530 1531/1531
f 1531/1531 1532/1532 1529/1529
f 1532/1532 1533/1533 1529/1529
f 1533/1533 1534/1534 1535/1535
f 1535/1535 1536/1536 1533/1533
f 1536/1536 1351/1351 1533/1533
f 1516/1516 1520/1520 1352/1352
f 1520/1520 1353/1353 1352/1352
f 1353/1353 1523/1523 1529/1529
f 1523/1523 1525/1525 1529/1529
f 1351/1351 1509/1509 1352/1352
f 1529/1529 1533/1533 1353/1353
f 1533/1533 1351/1351 1353/1353
f 1354/1354 1537/1537 1355/1355
f 1357/1357 1538/1538 1358/1358
f 1360/1360 1539/1539 1361/1361
f 1363/1363 1540/1540 1364/1364
f 1366/1366 1541/1541 1367/1367
f 1369/1369 1542/1542 1370/1370
f 1372/1372 1543/1543 1373/1373
f 1375/1375 1544/1544 1376/1376
f 1378/1378 1545/1545 1379/1379
f 1381/1381 1546/1546 1382/1382
f 1384/1384 1547/1547 1385/1385
f 1387/1387 1548/1548 1388/1388
f 1390/1390 1549/1549 1391/1391
f 1393/1393 1550/1550 1394/1394
f 1396/1396 1551/1551 1397/1397
f 1399/1399 1552/1552 1400/1400
f 1402/1402 1553/1553 1403/1403
f 1405/1405 1554/1554 1406/1406
f 1408/1408 1555/1555 1409/1409
f 1411/1411 1556/1556 1412/1412
f 1414/1414 1557/1557 1415/1415
f 1417/1417 1558/1558 1418/1418
f 1420/1420 1559/1559 1421/1421
f 1423/1423 1560/1560 1424/1424
f 1426/1426 1561/1561 1427/1427
f 1429/1429 1562/1562 1430/1430
f 1432/1432 1563/1563 1433/1433
f 1435/1435 1564/1564 1436/1436
f 1438/1438 1565/1565 1439/1439
f 1441/1441 1566/1566 1442/1442
f 1444/1444 1567/1567 1445/1445
f 1447/1447 1568/1568 1448/1448

