# https://github.com/mikedh/trimesh
mtllib material.mtl
usemtl material_0
v 0.07355879 0.03990118 -0.12590285
v 0.07344293 0.03929383 -0.12285288
v 0.07355878 0.03990118 -0.12285288
v 0.07307550 0.03873447 -0.12285288
v 0.07251616 0.03836705 -0.12895281
v 0.07251614 0.03836705 -0.12285288
v 0.07307552 0.03873447 -0.12895281
v 0.07190882 0.03825120 -0.12895281
v 0.07190880 0.03825120 -0.12285289
v 0.07130147 0.03836705 -0.12895282
v 0.07130145 0.03836705 -0.12285289
v 0.07074208 0.03873447 -0.12285289
v 0.07037469 0.03929383 -0.12895282
v 0.07037467 0.03929383 -0.12285289
v 0.07025882 0.03990118 -0.12590286
v 0.07025881 0.03990118 -0.12285289
v 0.07074210 0.03873447 -0.12895282
v 0.07344295 0.03929383 -0.12895281
v 0.07025883 0.03990118 -0.12895282
v 0.07355880 0.03990118 -0.12895281
v 0.07190880 0.03990118 -0.12186149
v 0.07344293 0.03929383 -0.12285288
v 0.07307550 0.03873447 -0.12285288
v 0.07190880 0.03990118 -0.12186149
v 0.07251614 0.03836705 -0.12285288
v 0.07190880 0.03825120 -0.12285289
v 0.07190880 0.03990118 -0.12186149
v 0.07130145 0.03836705 -0.12285289
v 0.07190880 0.03990118 -0.12186149
v 0.07190880 0.03990118 -0.12186149
v 0.07074208 0.03873447 -0.12285289
v 0.07037467 0.03929383 -0.12285289
v 0.07108380 0.03990118 -0.12235718
v 0.07190880 0.03990118 -0.12186149
v 0.07273380 0.03990118 -0.12235718
v 0.07355878 0.03990118 -0.12285288
v 0.07025881 0.03990118 -0.12285289
v 0.07190880 0.03990118 -0.12186149
v 0.07344294 -0.04070510 -0.12285288
v 0.07307553 -0.04126446 -0.12895281
v 0.07307551 -0.04126446 -0.12285288
v 0.07251616 -0.04163187 -0.12285289
v 0.07190883 -0.04174773 -0.12895282
v 0.07190881 -0.04174773 -0.12285289
v 0.07130148 -0.04163187 -0.12895282
v 0.07130146 -0.04163188 -0.12285289
v 0.07251618 -0.04163187 -0.12895281
v 0.07074210 -0.04126446 -0.12285289
v 0.07037470 -0.04070510 -0.12895282
v 0.07037468 -0.04070510 -0.12285289
v 0.07025883 -0.04009775 -0.12285289
v 0.07025884 -0.04009775 -0.12590286
v 0.07074212 -0.04126446 -0.12895282
v 0.07355880 -0.04009775 -0.12590285
v 0.07355879 -0.04009775 -0.12285288
v 0.07344296 -0.04070510 -0.12895281
v 0.07355881 -0.04009775 -0.12895281
v 0.07025885 -0.04009775 -0.12895282
v 0.07190881 -0.04009775 -0.12186149
v 0.07307551 -0.04126446 -0.12285288
v 0.07251616 -0.04163187 -0.12285289
v 0.07190881 -0.04009775 -0.12186149
v 0.07344294 -0.04070510 -0.12285288
v 0.07190881 -0.04009775 -0.12186149
v 0.07190881 -0.04174773 -0.12285289
v 0.07190881 -0.04009775 -0.12186149
v 0.07130146 -0.04163188 -0.12285289
v 0.07074210 -0.04126446 -0.12285289
v 0.07190881 -0.04009775 -0.12186149
v 0.07037468 -0.04070510 -0.12285289
v 0.07080883 -0.04009775 -0.12252243
v 0.07135881 -0.04009775 -0.12219195
v 0.07190881 -0.04009775 -0.12186149
v 0.07300879 -0.04009775 -0.12252242
v 0.07190881 -0.04009775 -0.12186149
v 0.07245879 -0.04009775 -0.12219195
v 0.07355879 -0.04009775 -0.12285288
v 0.07025883 -0.04009775 -0.12285289
v -0.00644015 0.07190074 -0.12590311
v -0.00655601 0.07129339 -0.12285314
v -0.00644016 0.07190074 -0.12285314
v -0.00692343 0.07073404 -0.12285314
v -0.00748277 0.07036661 -0.12895307
v -0.00748279 0.07036661 -0.12285314
v -0.00692341 0.07073404 -0.12895307
v -0.00809012 0.07025076 -0.12895307
v -0.00809014 0.07025076 -0.12285314
v -0.00869747 0.07036661 -0.12895307
v -0.00869749 0.07036661 -0.12285314
v -0.00925685 0.07073404 -0.12285315
v -0.00962425 0.07129338 -0.12895308
v -0.00962427 0.07129338 -0.12285315
v -0.00974010 0.07190074 -0.12590312
v -0.00974011 0.07190074 -0.12285315
v -0.00925683 0.07073404 -0.12895307
v -0.00655599 0.07129339 -0.12895307
v -0.00644014 0.07190074 -0.12895307
v -0.00974009 0.07190074 -0.12895308
v -0.00750678 0.07131739 -0.12235744
v -0.00809014 0.07190074 -0.12186175
v -0.00732308 0.07159706 -0.12235744
v -0.00778646 0.07113368 -0.12235744
v -0.00809014 0.07190074 -0.12186175
v -0.00809014 0.07107576 -0.12235744
v -0.00809014 0.07190074 -0.12186175
v -0.00839382 0.07113368 -0.12235744
v -0.00809014 0.07190074 -0.12186175
v -0.00867350 0.07131739 -0.12235744
v -0.00809014 0.07190074 -0.12186175
v -0.00885721 0.07159706 -0.12235744
v -0.00809014 0.07190074 -0.12186175
v -0.00754015 0.07190074 -0.12219220
v -0.00692343 0.07073404 -0.12285314
v -0.00748279 0.07036661 -0.12285314
v -0.00699015 0.07190074 -0.12252267
v -0.00809014 0.07190074 -0.12186175
v -0.00864013 0.07190074 -0.12219220
v -0.00869749 0.07036661 -0.12285314
v -0.00925685 0.07073404 -0.12285315
v -0.00809014 0.07025076 -0.12285314
v -0.00655601 0.07129339 -0.12285314
v -0.00644016 0.07190074 -0.12285314
v -0.00962427 0.07129338 -0.12285315
v -0.00919013 0.07190074 -0.12252268
v -0.00974011 0.07190074 -0.12285315
v -0.00644012 -0.07209733 -0.12590311
v -0.00655598 -0.07270468 -0.12285314
v -0.00644013 -0.07209733 -0.12285314
v -0.00692340 -0.07326405 -0.12285314
v -0.00748274 -0.07363147 -0.12895307
v -0.00748276 -0.07363147 -0.12285314
v -0.00692338 -0.07326405 -0.12895307
v -0.00809009 -0.07374731 -0.12895307
v -0.00809011 -0.07374731 -0.12285315
v -0.00869744 -0.07363147 -0.12895308
v -0.00869746 -0.07363147 -0.12285315
v -0.00925682 -0.07326405 -0.12285315
v -0.00962422 -0.07270468 -0.12895308
v -0.00962424 -0.07270468 -0.12285315
v -0.00974008 -0.07209733 -0.12590312
v -0.00974009 -0.07209733 -0.12285315
v -0.00925680 -0.07326405 -0.12895308
v -0.00655596 -0.07270468 -0.12895307
v -0.00644011 -0.07209733 -0.12895307
v -0.00809012 -0.07209733 -0.12186175
v -0.00692340 -0.07326405 -0.12285314
v -0.00748276 -0.07363147 -0.12285314
v -0.00809012 -0.07209733 -0.12186175
v -0.00655598 -0.07270468 -0.12285314
v -0.00809012 -0.07209733 -0.12186175
v -0.00809011 -0.07374731 -0.12285315
v -0.00809012 -0.07209733 -0.12186175
v -0.00869746 -0.07363147 -0.12285315
v -0.00809012 -0.07209733 -0.12186175
v -0.00925682 -0.07326405 -0.12285315
v -0.00962424 -0.07270468 -0.12285315
v -0.00809012 -0.07209733 -0.12186175
v -0.00809012 -0.07209733 -0.12186175
v -0.00726512 -0.07209733 -0.12235744
v -0.00891510 -0.07209733 -0.12235745
v -0.00974009 -0.07209733 -0.12285315
v -0.00644013 -0.07209733 -0.12285314
v -0.07765497 -0.05846146 -0.09042043
v -0.07858927 -0.05883371 -0.09031339
v -0.07765497 -0.05883371 -0.09031339
v -0.07765497 -0.05919194 -0.09012780
v -0.07858927 -0.05951172 -0.08986804
v -0.07765497 -0.05951172 -0.08986803
v -0.07858927 -0.05919194 -0.09012780
v -0.07765497 -0.05977150 -0.08954825
v -0.07858927 -0.05995709 -0.08919003
v -0.07765498 -0.05995709 -0.08919002
v -0.07765498 -0.06006412 -0.08881776
v -0.07858928 -0.06009751 -0.08845385
v -0.07765498 -0.06009751 -0.08845384
v -0.07858928 -0.06006412 -0.08808993
v -0.07765498 -0.06006412 -0.08808993
v -0.07858928 -0.06006412 -0.08881776
v -0.07858927 -0.05977150 -0.08954825
v -0.07765498 -0.05995709 -0.08771766
v -0.07858928 -0.05977150 -0.08735944
v -0.07765498 -0.05977150 -0.08735944
v -0.07765498 -0.05951172 -0.08703964
v -0.07858928 -0.05919194 -0.08677987
v -0.07765498 -0.05919194 -0.08677987
v -0.07858928 -0.05951172 -0.08703964
v -0.07765498 -0.05883371 -0.08659430
v -0.07858928 -0.05846146 -0.08648726
v -0.07765498 -0.05846146 -0.08648726
v -0.07765499 -0.05809753 -0.08645387
v -0.07812214 -0.05809753 -0.08645387
v -0.07858928 -0.05883371 -0.08659430
v -0.07858928 -0.05995709 -0.08771767
v -0.07812213 -0.05809753 -0.09045382
v -0.07765497 -0.05809753 -0.09045382
v -0.07858927 -0.05846146 -0.09042043
v -0.07858927 -0.05809753 -0.09045382
v -0.07858928 -0.05809753 -0.08645387
v -0.07717213 -0.05809753 -0.08995382
v -0.07668931 -0.05846562 -0.08938361
v -0.07668931 -0.05809753 -0.08945383
v -0.07668931 -0.05880463 -0.08916094
v -0.07765497 -0.05919194 -0.09012780
v -0.07765497 -0.05951172 -0.08986803
v -0.07765497 -0.05846146 -0.09042043
v -0.07765497 -0.05809753 -0.09045382
v -0.07765497 -0.05883371 -0.09031339
v -0.07668931 -0.05902731 -0.08882193
v -0.07765497 -0.05977150 -0.08954825
v -0.07765498 -0.05995709 -0.08919002
v -0.07668932 -0.05909752 -0.08845384
v -0.07765498 -0.06006412 -0.08881776
v -0.07765498 -0.06009751 -0.08845384
v -0.07765498 -0.06006412 -0.08808993
v -0.07668932 -0.05902731 -0.08808575
v -0.07765498 -0.05846146 -0.08648726
v -0.07717214 -0.05809753 -0.08695386
v -0.07668932 -0.05846562 -0.08752405
v -0.07668932 -0.05809753 -0.08745385
v -0.07668932 -0.05880463 -0.08774674
v -0.07765498 -0.05919194 -0.08677987
v -0.07765498 -0.05977150 -0.08735944
v -0.07765498 -0.05951172 -0.08703964
v -0.07765498 -0.05883371 -0.08659430
v -0.07765499 -0.05809753 -0.08645387
v -0.07765498 -0.05995709 -0.08771766
v -0.07638931 -0.05809753 -0.08945383
v -0.07608931 -0.05846562 -0.08938361
v -0.07608931 -0.05809753 -0.08945383
v -0.07608931 -0.05880463 -0.08916094
v -0.07668931 -0.05902731 -0.08882193
v -0.07608931 -0.05902731 -0.08882192
v -0.07668931 -0.05880463 -0.08916094
v -0.07668932 -0.05909752 -0.08845384
v -0.07608931 -0.05909752 -0.08845384
v -0.07668932 -0.05902731 -0.08808575
v -0.07608931 -0.05902731 -0.08808574
v -0.07608931 -0.05880463 -0.08774674
v -0.07668932 -0.05846562 -0.08752405
v -0.07608931 -0.05846562 -0.08752405
v -0.07638932 -0.05809753 -0.08745385
v -0.07608931 -0.05809753 -0.08745385
v -0.07668932 -0.05880463 -0.08774674
v -0.07668931 -0.05846562 -0.08938361
v -0.07668932 -0.05809753 -0.08745385
v -0.07668931 -0.05809753 -0.08945383
v -0.07765491 -0.03366108 -0.11081856
v -0.07858921 -0.03403333 -0.11071154
v -0.07765491 -0.03403333 -0.11071154
v -0.07765491 -0.03439157 -0.11052595
v -0.07858921 -0.03471136 -0.11026619
v -0.07765491 -0.03471136 -0.11026617
v -0.07858921 -0.03439157 -0.11052595
v -0.07765491 -0.03497113 -0.10994638
v -0.07858921 -0.03515671 -0.10958817
v -0.07765491 -0.03515671 -0.10958817
v -0.07765492 -0.03526375 -0.10921591
v -0.07858922 -0.03529713 -0.10885199
v -0.07765492 -0.03529713 -0.10885199
v -0.07858922 -0.03526375 -0.10848806
v -0.07765492 -0.03526375 -0.10848806
v -0.07858921 -0.03526375 -0.10921591
v -0.07858921 -0.03497113 -0.10994638
v -0.07765492 -0.03515671 -0.10811581
v -0.07858922 -0.03497113 -0.10775759
v -0.07765492 -0.03497113 -0.10775758
v -0.07765492 -0.03471136 -0.10743779
v -0.07858922 -0.03439157 -0.10717802
v -0.07765492 -0.03439157 -0.10717802
v -0.07858922 -0.03471136 -0.10743780
v -0.07765492 -0.03403333 -0.10699243
v -0.07858922 -0.03366108 -0.10688541
v -0.07765492 -0.03366108 -0.10688540
v -0.07765492 -0.03329716 -0.10685202
v -0.07812208 -0.03329716 -0.10685202
v -0.07858922 -0.03403333 -0.10699243
v -0.07858922 -0.03515671 -0.10811581
v -0.07812207 -0.03329716 -0.11085196
v -0.07765491 -0.03329716 -0.11085196
v -0.07858921 -0.03366108 -0.11081857
v -0.07858921 -0.03329716 -0.11085197
v -0.07858922 -0.03329716 -0.10685202
v -0.07717207 -0.03329716 -0.11035197
v -0.07668925 -0.03366525 -0.10978175
v -0.07668925 -0.03329716 -0.10985197
v -0.07765491 -0.03439157 -0.11052595
v -0.07668925 -0.03400425 -0.10955909
v -0.07765491 -0.03366108 -0.11081856
v -0.07765491 -0.03329716 -0.11085196
v -0.07765491 -0.03403333 -0.11071154
v -0.07765491 -0.03497113 -0.10994638
v -0.07668925 -0.03422693 -0.10922007
v -0.07765492 -0.03526375 -0.10921591
v -0.07668925 -0.03429714 -0.10885199
v -0.07765492 -0.03526375 -0.10848806
v -0.07668926 -0.03422693 -0.10848389
v -0.07765492 -0.03366108 -0.10688540
v -0.07717208 -0.03329716 -0.10735201
v -0.07668926 -0.03366525 -0.10792221
v -0.07668926 -0.03329716 -0.10785200
v -0.07668926 -0.03400425 -0.10814489
v -0.07765492 -0.03439157 -0.10717802
v -0.07765492 -0.03497113 -0.10775758
v -0.07765491 -0.03471136 -0.11026617
v -0.07765492 -0.03529713 -0.10885199
v -0.07765491 -0.03515671 -0.10958817
v -0.07765492 -0.03471136 -0.10743779
v -0.07765492 -0.03403333 -0.10699243
v -0.07765492 -0.03329716 -0.10685202
v -0.07765492 -0.03515671 -0.10811581
v -0.07638925 -0.03329716 -0.10985197
v -0.07608925 -0.03366525 -0.10978175
v -0.07608925 -0.03329716 -0.10985197
v -0.07608925 -0.03400425 -0.10955908
v -0.07668925 -0.03422693 -0.10922007
v -0.07608925 -0.03422693 -0.10922007
v -0.07668925 -0.03400425 -0.10955909
v -0.07668925 -0.03429714 -0.10885199
v -0.07608925 -0.03429714 -0.10885199
v -0.07668926 -0.03422693 -0.10848389
v -0.07608925 -0.03422693 -0.10848389
v -0.07608925 -0.03400425 -0.10814489
v -0.07668926 -0.03366525 -0.10792221
v -0.07608925 -0.03366525 -0.10792220
v -0.07638926 -0.03329716 -0.10785200
v -0.07608925 -0.03329716 -0.10785200
v -0.07668926 -0.03400425 -0.10814489
v -0.07668925 -0.03366525 -0.10978175
v -0.07668926 -0.03329716 -0.10785200
v -0.07668925 -0.03329716 -0.10985197
v -0.07765498 -0.02526190 -0.09042043
v -0.07858928 -0.02563416 -0.09031339
v -0.07765498 -0.02563416 -0.09031339
v -0.07765498 -0.02599239 -0.09012780
v -0.07858928 -0.02631218 -0.08986804
v -0.07765498 -0.02631218 -0.08986803
v -0.07858928 -0.02599239 -0.09012780
v -0.07765498 -0.02657194 -0.08954825
v -0.07858928 -0.02675753 -0.08919003
v -0.07765498 -0.02675753 -0.08919002
v -0.07765498 -0.02686457 -0.08881776
v -0.07858928 -0.02689795 -0.08845385
v -0.07765498 -0.02689795 -0.08845384
v -0.07858928 -0.02686457 -0.08808993
v -0.07765499 -0.02686457 -0.08808993
v -0.07858928 -0.02686457 -0.08881776
v -0.07858928 -0.02657194 -0.08954825
v -0.07765499 -0.02675753 -0.08771766
v -0.07858929 -0.02657194 -0.08735944
v -0.07765499 -0.02657194 -0.08735944
v -0.07765499 -0.02631218 -0.08703964
v -0.07858929 -0.02599239 -0.08677987
v -0.07765499 -0.02599239 -0.08677987
v -0.07858929 -0.02631218 -0.08703964
v -0.07765499 -0.02563416 -0.08659430
v -0.07858929 -0.02526190 -0.08648726
v -0.07765499 -0.02526190 -0.08648726
v -0.07765499 -0.02489798 -0.08645387
v -0.07812215 -0.02489798 -0.08645387
v -0.07858929 -0.02563416 -0.08659430
v -0.07858928 -0.02675753 -0.08771766
v -0.07812213 -0.02489798 -0.09045382
v -0.07765498 -0.02489798 -0.09045382
v -0.07858928 -0.02526190 -0.09042043
v -0.07858928 -0.02489798 -0.09045382
v -0.07858929 -0.02489798 -0.08645387
v -0.07701121 -0.02489798 -0.08978715
v -0.07668932 -0.02526607 -0.08938361
v -0.07668932 -0.02489798 -0.08945383
v -0.07668932 -0.02560508 -0.08916094
v -0.07765498 -0.02599239 -0.09012780
v -0.07765498 -0.02631218 -0.08986803
v -0.07765498 -0.02526190 -0.09042043
v -0.07733308 -0.02489798 -0.09012048
v -0.07765498 -0.02489798 -0.09045382
v -0.07668932 -0.02582775 -0.08882192
v -0.07765498 -0.02657194 -0.08954825
v -0.07765498 -0.02675753 -0.08919002
v -0.07668932 -0.02589796 -0.08845384
v -0.07765498 -0.02686457 -0.08881776
v -0.07765498 -0.02689795 -0.08845384
v -0.07668932 -0.02560508 -0.08774674
v -0.07765499 -0.02599239 -0.08677987
v -0.07668933 -0.02526607 -0.08752405
v -0.07765499 -0.02686457 -0.08808993
v -0.07668932 -0.02582775 -0.08808575
v -0.07701122 -0.02489798 -0.08712052
v -0.07668933 -0.02489798 -0.08745385
v -0.07765499 -0.02526190 -0.08648726
v -0.07733309 -0.02489798 -0.08678719
v -0.07765499 -0.02657194 -0.08735944
v -0.07765498 -0.02563416 -0.09031339
v -0.07765499 -0.02675753 -0.08771766
v -0.07765499 -0.02631218 -0.08703964
v -0.07765499 -0.02563416 -0.08659430
v -0.07765499 -0.02489798 -0.08645387
v -0.07638932 -0.02489798 -0.08945383
v -0.07608931 -0.02526607 -0.08938360
v -0.07608931 -0.02489798 -0.08945382
v -0.07608931 -0.02560508 -0.08916094
v -0.07668932 -0.02582775 -0.08882192
v -0.07608932 -0.02582775 -0.08882192
v -0.07668932 -0.02560508 -0.08916094
v -0.07668932 -0.02589796 -0.08845384
v -0.07608932 -0.02589796 -0.08845384
v -0.07668932 -0.02582775 -0.08808575
v -0.07608932 -0.02582775 -0.08808574
v -0.07608932 -0.02560508 -0.08774674
v -0.07668933 -0.02526607 -0.08752405
v -0.07608932 -0.02526607 -0.08752405
v -0.07638933 -0.02489798 -0.08745385
v -0.07608932 -0.02489798 -0.08745385
v -0.07668932 -0.02560508 -0.08774674
v -0.07668932 -0.02526607 -0.08938361
v -0.07668933 -0.02489798 -0.08745385
v -0.07668932 -0.02489798 -0.08945383
v -0.02825211 0.07144062 -0.12045325
v -0.02797378 0.07101686 -0.11595331
v -0.02797377 0.07101686 -0.12045325
v -0.02755001 0.07073851 -0.12045325
v -0.02708990 0.07065075 -0.11595331
v -0.02708989 0.07065075 -0.12045325
v -0.02662979 0.07073851 -0.11595331
v -0.02662977 0.07073851 -0.12045324
v -0.02755003 0.07073851 -0.11595331
v -0.02620602 0.07101686 -0.12045324
v -0.02592769 0.07144062 -0.11595330
v -0.02592767 0.07144062 -0.12045324
v -0.02583990 0.07190073 -0.12045324
v -0.02583991 0.07190073 -0.11820327
v -0.02620603 0.07101686 -0.11595330
v -0.02833988 0.07190073 -0.11820328
v -0.02833987 0.07190073 -0.12045325
v -0.02825213 0.07144062 -0.11595331
v -0.02833989 0.07190073 -0.11595331
v -0.02583992 0.07190073 -0.11595330
v -0.02708988 0.07190073 -0.12120431
v -0.02825211 0.07144062 -0.12045325
v -0.02797377 0.07101686 -0.12045325
v -0.02708988 0.07190073 -0.12120431
v -0.02755001 0.07073851 -0.12045325
v -0.02708989 0.07065075 -0.12045325
v -0.02708988 0.07190073 -0.12120431
v -0.02662977 0.07073851 -0.12045324
v -0.02708988 0.07190073 -0.12120431
v -0.02708988 0.07190073 -0.12120431
v -0.02620602 0.07101686 -0.12045324
v -0.02592767 0.07144062 -0.12045324
v -0.02646489 0.07190073 -0.12082877
v -0.02708988 0.07190073 -0.12120431
v -0.02771488 0.07190073 -0.12082877
v -0.02833987 0.07190073 -0.12045325
v -0.02583990 0.07190073 -0.12045324
v -0.02708988 0.07190073 -0.12120431
v -0.04733972 0.07190073 -0.08870374
v -0.04725194 0.07144062 -0.09195370
v -0.04733971 0.07190073 -0.09195370
v -0.04697359 0.07101685 -0.09195369
v -0.04654986 0.07073851 -0.08545378
v -0.04654984 0.07073851 -0.09195369
v -0.04697361 0.07101685 -0.08545378
v -0.04608975 0.07065075 -0.08545378
v -0.04608972 0.07065075 -0.09195369
v -0.04562963 0.07073851 -0.08545378
v -0.04562961 0.07073851 -0.09195369
v -0.04520586 0.07101685 -0.09195369
v -0.04492752 0.07144062 -0.08545378
v -0.04492750 0.07144062 -0.09195369
v -0.04483975 0.07190073 -0.08870373
v -0.04483974 0.07190073 -0.09195369
v -0.04520588 0.07101685 -0.08545378
v -0.04725196 0.07144061 -0.08545378
v -0.04483976 0.07190073 -0.08545377
v -0.04733973 0.07190073 -0.08545378
v -0.04608972 0.07190073 -0.09270475
v -0.04725194 0.07144062 -0.09195370
v -0.04697359 0.07101685 -0.09195369
v -0.04608972 0.07190073 -0.09270475
v -0.04654984 0.07073851 -0.09195369
v -0.04608972 0.07065075 -0.09195369
v -0.04608972 0.07190073 -0.09270475
v -0.04562961 0.07073851 -0.09195369
v -0.04608972 0.07190073 -0.09270475
v -0.04608972 0.07190073 -0.09270475
v -0.04520586 0.07101685 -0.09195369
v -0.04492750 0.07144062 -0.09195369
v -0.04546473 0.07190073 -0.09232921
v -0.04608972 0.07190073 -0.09270475
v -0.04671471 0.07190073 -0.09232922
v -0.04733971 0.07190073 -0.09195370
v -0.04483974 0.07190073 -0.09195369
v -0.04608972 0.07190073 -0.09270475
v 0.06615876 0.06740081 -0.08795338
v 0.06624653 0.06694070 -0.09045335
v 0.06615877 0.06740081 -0.09045335
v 0.06652487 0.06651694 -0.09045335
v 0.06694861 0.06623859 -0.08545341
v 0.06694863 0.06623859 -0.09045335
v 0.06652486 0.06651694 -0.08545342
v 0.06740873 0.06615083 -0.08545341
v 0.06740875 0.06615083 -0.09045335
v 0.06786885 0.06623859 -0.08545341
v 0.06786886 0.06623859 -0.09045334
v 0.06829262 0.06651694 -0.09045334
v 0.06857095 0.06694070 -0.08545341
v 0.06857097 0.06694070 -0.09045334
v 0.06865872 0.06740081 -0.08795338
v 0.06865873 0.06740081 -0.09045334
v 0.06829260 0.06651694 -0.08545341
v 0.06624651 0.06694070 -0.08545342
v 0.06865872 0.06740081 -0.08545341
v 0.06615875 0.06740081 -0.08545342
v 0.06696681 0.06695888 -0.09082887
v 0.06740875 0.06740081 -0.09120441
v 0.06682763 0.06717076 -0.09082887
v 0.06717868 0.06681971 -0.09082887
v 0.06740875 0.06740081 -0.09120441
v 0.06740875 0.06677582 -0.09082887
v 0.06740875 0.06740081 -0.09120441
v 0.06763880 0.06681971 -0.09082887
v 0.06740875 0.06740081 -0.09120441
v 0.06785069 0.06695888 -0.09082887
v 0.06740875 0.06740081 -0.09120441
v 0.06798987 0.06717076 -0.09082887
v 0.06740875 0.06740081 -0.09120441
v 0.06699209 0.06740081 -0.09095406
v 0.06624653 0.06694070 -0.09045335
v 0.06652487 0.06651694 -0.09045335
v 0.06694863 0.06623859 -0.09045335
v 0.06657542 0.06740081 -0.09070370
v 0.06782540 0.06740081 -0.09095406
v 0.06740875 0.06740081 -0.09120441
v 0.06786886 0.06623859 -0.09045334
v 0.06829262 0.06651694 -0.09045334
v 0.06740875 0.06615083 -0.09045335
v 0.06615877 0.06740081 -0.09045335
v 0.06857097 0.06694070 -0.09045334
v 0.06824207 0.06740081 -0.09070369
v 0.06865873 0.06740081 -0.09045334
v 0.06624655 -0.06805749 -0.09045335
v 0.06652488 -0.06848126 -0.08545342
v 0.06652490 -0.06848126 -0.09045335
v 0.06694865 -0.06875960 -0.09045335
v 0.06740876 -0.06884736 -0.08545342
v 0.06740877 -0.06884736 -0.09045335
v 0.06786887 -0.06875960 -0.08545342
v 0.06786889 -0.06875960 -0.09045335
v 0.06694863 -0.06875960 -0.08545342
v 0.06829264 -0.06848126 -0.09045335
v 0.06857097 -0.06805749 -0.08545341
v 0.06857099 -0.06805749 -0.09045335
v 0.06865876 -0.06759738 -0.09045335
v 0.06865875 -0.06759738 -0.08795338
v 0.06829263 -0.06848126 -0.08545341
v 0.06615878 -0.06759738 -0.08795339
v 0.06615879 -0.06759738 -0.09045335
v 0.06624653 -0.06805749 -0.08545342
v 0.06615877 -0.06759738 -0.08545342
v 0.06865874 -0.06759738 -0.08545341
v 0.06696683 -0.06803932 -0.09082888
v 0.06740878 -0.06759738 -0.09120441
v 0.06682765 -0.06782745 -0.09082888
v 0.06717871 -0.06817850 -0.09082888
v 0.06740878 -0.06759738 -0.09120441
v 0.06740877 -0.06822237 -0.09082887
v 0.06740878 -0.06759738 -0.09120441
v 0.06763883 -0.06817850 -0.09082887
v 0.06740878 -0.06759738 -0.09120441
v 0.06785071 -0.06803932 -0.09082887
v 0.06740878 -0.06759738 -0.09120441
v 0.06798989 -0.06782745 -0.09082887
v 0.06740878 -0.06759738 -0.09120441
v 0.06699211 -0.06759738 -0.09095406
v 0.06624655 -0.06805749 -0.09045335
v 0.06652490 -0.06848126 -0.09045335
v 0.06694865 -0.06875960 -0.09045335
v 0.06657544 -0.06759738 -0.09070370
v 0.06782543 -0.06759738 -0.09095406
v 0.06740878 -0.06759738 -0.09120441
v 0.06740877 -0.06884736 -0.09045335
v 0.06786889 -0.06875960 -0.09045335
v 0.06829264 -0.06848126 -0.09045335
v 0.06615879 -0.06759738 -0.09045335
v 0.06857099 -0.06805749 -0.09045335
v 0.06824209 -0.06759738 -0.09070369
v 0.06865876 -0.06759738 -0.09045335
v -0.06875163 -0.06805752 -0.09045379
v -0.06847330 -0.06848128 -0.08545385
v -0.06847329 -0.06848128 -0.09045379
v -0.06804954 -0.06875963 -0.09045379
v -0.06758943 -0.06884739 -0.08545385
v -0.06758942 -0.06884739 -0.09045378
v -0.06712933 -0.06875963 -0.08545385
v -0.06712931 -0.06875963 -0.09045378
v -0.06804955 -0.06875963 -0.08545385
v -0.06670555 -0.06848128 -0.09045378
v -0.06642722 -0.06805752 -0.08545385
v -0.06642720 -0.06805752 -0.09045378
v -0.06633943 -0.06759740 -0.09045378
v -0.06633944 -0.06759740 -0.08795381
v -0.06670556 -0.06848128 -0.08545385
v -0.06883941 -0.06759740 -0.08795382
v -0.06883940 -0.06759740 -0.09045379
v -0.06875165 -0.06805752 -0.08545386
v -0.06883942 -0.06759740 -0.08545386
v -0.06758941 -0.06759740 -0.09120484
v -0.06847329 -0.06848128 -0.09045379
v -0.06804954 -0.06875963 -0.09045379
v -0.06758941 -0.06759740 -0.09120484
v -0.06875163 -0.06805752 -0.09045379
v -0.06758941 -0.06759740 -0.09120484
v -0.06758942 -0.06884739 -0.09045378
v -0.06758941 -0.06759740 -0.09120484
v -0.06712931 -0.06875963 -0.09045378
v -0.06670555 -0.06848128 -0.09045378
v -0.06758941 -0.06759740 -0.09120484
v -0.06642720 -0.06805752 -0.09045378
v -0.06675610 -0.06759740 -0.09070413
v -0.06717277 -0.06759740 -0.09095450
v -0.06758941 -0.06759740 -0.09120484
v -0.06842276 -0.06759740 -0.09070413
v -0.06758941 -0.06759740 -0.09120484
v -0.06800608 -0.06759740 -0.09095450
v -0.06883940 -0.06759740 -0.09045379
v -0.06633943 -0.06759740 -0.09045378
v 0.06857107 0.06694070 -0.12345290
v 0.06829274 0.06651694 -0.12895282
v 0.06829272 0.06651694 -0.12345290
v 0.06786897 0.06623859 -0.12345290
v 0.06740887 0.06615083 -0.12895283
v 0.06740886 0.06615083 -0.12345290
v 0.06694875 0.06623859 -0.12895283
v 0.06694873 0.06623859 -0.12345290
v 0.06786899 0.06623859 -0.12895283
v 0.06652498 0.06651694 -0.12345290
v 0.06624665 0.06694070 -0.12895283
v 0.06624663 0.06694070 -0.12345291
v 0.06615887 0.06740081 -0.12345291
v 0.06615888 0.06740081 -0.12620287
v 0.06652500 0.06651694 -0.12895283
v 0.06865885 0.06740081 -0.12620286
v 0.06865884 0.06740081 -0.12345290
v 0.06857109 0.06694070 -0.12895282
v 0.06865886 0.06740081 -0.12895282
v 0.06615889 0.06740081 -0.12895283
v 0.06740885 0.06740081 -0.12270183
v 0.06829272 0.06651694 -0.12345290
v 0.06786897 0.06623859 -0.12345290
v 0.06740885 0.06740081 -0.12270183
v 0.06857107 0.06694070 -0.12345290
v 0.06740885 0.06740081 -0.12270183
v 0.06740886 0.06615083 -0.12345290
v 0.06740885 0.06740081 -0.12270183
v 0.06694873 0.06623859 -0.12345290
v 0.06652498 0.06651694 -0.12345290
v 0.06740885 0.06740081 -0.12270183
v 0.06624663 0.06694070 -0.12345291
v 0.06657552 0.06740081 -0.12320254
v 0.06699219 0.06740081 -0.12295219
v 0.06740885 0.06740081 -0.12270183
v 0.06740885 0.06740081 -0.12270183
v 0.06782551 0.06740081 -0.12295219
v 0.06824217 0.06740081 -0.12320253
v 0.06865884 0.06740081 -0.12345290
v 0.06615887 0.06740081 -0.12345291
v -0.06642712 0.06694067 -0.12345333
v -0.06670545 0.06651692 -0.12895326
v -0.06670546 0.06651692 -0.12345333
v -0.06712923 0.06623856 -0.12345334
v -0.06758932 0.06615080 -0.12895326
v -0.06758933 0.06615080 -0.12345334
v -0.06804944 0.06623856 -0.12895326
v -0.06804946 0.06623856 -0.12345334
v -0.06712921 0.06623856 -0.12895326
v -0.06847320 0.06651692 -0.12345334
v -0.06875153 0.06694067 -0.12895327
v -0.06875155 0.06694067 -0.12345334
v -0.06883932 0.06740079 -0.12345334
v -0.06883931 0.06740079 -0.12620330
v -0.06847318 0.06651692 -0.12895327
v -0.06633934 0.06740079 -0.12620330
v -0.06633935 0.06740079 -0.12345333
v -0.06642710 0.06694067 -0.12895326
v -0.06633933 0.06740079 -0.12895326
v -0.06714740 0.06695885 -0.12307781
v -0.06758934 0.06740079 -0.12270227
v -0.06700823 0.06717074 -0.12307781
v -0.06735929 0.06681969 -0.12307781
v -0.06758934 0.06740079 -0.12270227
v -0.06758933 0.06677580 -0.12307781
v -0.06758934 0.06740079 -0.12270227
v -0.06781939 0.06681969 -0.12307781
v -0.06758934 0.06740079 -0.12270227
v -0.06803127 0.06695885 -0.12307781
v -0.06758934 0.06740079 -0.12270227
v -0.06817045 0.06717074 -0.12307781
v -0.06758934 0.06740079 -0.12270227
v -0.06717269 0.06740079 -0.12295262
v -0.06642712 0.06694067 -0.12345333
v -0.06670546 0.06651692 -0.12345333
v -0.06712923 0.06623856 -0.12345334
v -0.06675602 0.06740079 -0.12320297
v -0.06800600 0.06740079 -0.12295263
v -0.06758934 0.06740079 -0.12270227
v -0.06758933 0.06615080 -0.12345334
v -0.06804946 0.06623856 -0.12345334
v -0.06847320 0.06651692 -0.12345334
v -0.06633935 0.06740079 -0.12345333
v -0.06875155 0.06694067 -0.12345334
v -0.06842267 0.06740079 -0.12320297
v -0.06633932 -0.06759740 -0.12620330
v -0.06642709 -0.06805752 -0.12345334
v -0.06633933 -0.06759740 -0.12345334
v -0.06670544 -0.06848128 -0.12345334
v -0.06712918 -0.06875963 -0.12895326
v -0.06712920 -0.06875963 -0.12345334
v -0.06670542 -0.06848128 -0.12895326
v -0.06758929 -0.06884739 -0.12895327
v -0.06758931 -0.06884739 -0.12345334
v -0.06804941 -0.06875963 -0.12895327
v -0.06804943 -0.06875963 -0.12345334
v -0.06847318 -0.06848128 -0.12345334
v -0.06875151 -0.06805752 -0.12895327
v -0.06875153 -0.06805752 -0.12345334
v -0.06883928 -0.06759740 -0.12620331
v -0.06883929 -0.06759740 -0.12345334
v -0.06847316 -0.06848128 -0.12895327
v -0.06642708 -0.06805752 -0.12895326
v -0.06883928 -0.06759740 -0.12895327
v -0.06633931 -0.06759740 -0.12895326
v -0.06714738 -0.06803934 -0.12307781
v -0.06758931 -0.06759740 -0.12270227
v -0.06700821 -0.06782747 -0.12307781
v -0.06735927 -0.06817853 -0.12307781
v -0.06758931 -0.06759740 -0.12270227
v -0.06758931 -0.06822239 -0.12307781
v -0.06758931 -0.06759740 -0.12270227
v -0.06781936 -0.06817853 -0.12307782
v -0.06758931 -0.06759740 -0.12270227
v -0.06803125 -0.06803934 -0.12307782
v -0.06758931 -0.06759740 -0.12270227
v -0.06817043 -0.06782747 -0.12307782
v -0.06758931 -0.06759740 -0.12270227
v -0.06717267 -0.06759740 -0.12295263
v -0.06642709 -0.06805752 -0.12345334
v -0.06670544 -0.06848128 -0.12345334
v -0.06712920 -0.06875963 -0.12345334
v -0.06675599 -0.06759740 -0.12320297
v -0.06758931 -0.06759740 -0.12270227
v -0.06800598 -0.06759740 -0.12295263
v -0.06758931 -0.06884739 -0.12345334
v -0.06804943 -0.06875963 -0.12345334
v -0.06847318 -0.06848128 -0.12345334
v -0.06633933 -0.06759740 -0.12345334
v -0.06875153 -0.06805752 -0.12345334
v -0.06842265 -0.06759740 -0.12320298
v -0.06883929 -0.06759740 -0.12345334
v 0.06857110 -0.06805749 -0.12345290
v 0.06829277 -0.06848125 -0.12895283
v 0.06829275 -0.06848125 -0.12345290
v 0.06786899 -0.06875960 -0.12345290
v 0.06740890 -0.06884736 -0.12895283
v 0.06740888 -0.06884736 -0.12345290
v 0.06694878 -0.06875960 -0.12895283
v 0.06694876 -0.06875960 -0.12345291
v 0.06786901 -0.06875960 -0.12895283
v 0.06652500 -0.06848126 -0.12345291
v 0.06624667 -0.06805749 -0.12895283
v 0.06624666 -0.06805749 -0.12345291
v 0.06615890 -0.06759738 -0.12345291
v 0.06615891 -0.06759738 -0.12620287
v 0.06652502 -0.06848125 -0.12895283
v 0.06865887 -0.06759738 -0.12620286
v 0.06865886 -0.06759738 -0.12345290
v 0.06857111 -0.06805749 -0.12895283
v 0.06865888 -0.06759738 -0.12895283
v 0.06615891 -0.06759738 -0.12895283
v 0.06785081 -0.06803932 -0.12307738
v 0.06740888 -0.06759738 -0.12270184
v 0.06798999 -0.06782745 -0.12307738
v 0.06763893 -0.06817850 -0.12307738
v 0.06740888 -0.06759738 -0.12270184
v 0.06740888 -0.06822237 -0.12307738
v 0.06740888 -0.06759738 -0.12270184
v 0.06717881 -0.06817850 -0.12307738
v 0.06740888 -0.06759738 -0.12270184
v 0.06696694 -0.06803932 -0.12307738
v 0.06740888 -0.06759738 -0.12270184
v 0.06682776 -0.06782745 -0.12307738
v 0.06740888 -0.06759738 -0.12270184
v 0.06740888 -0.06759738 -0.12270184
v 0.06782553 -0.06759738 -0.12295219
v 0.06857110 -0.06805749 -0.12345290
v 0.06829275 -0.06848125 -0.12345290
v 0.06786899 -0.06875960 -0.12345290
v 0.06824220 -0.06759738 -0.12320254
v 0.06740888 -0.06759738 -0.12270184
v 0.06699221 -0.06759738 -0.12295219
v 0.06740888 -0.06884736 -0.12345290
v 0.06694876 -0.06875960 -0.12345291
v 0.06652500 -0.06848126 -0.12345291
v 0.06865886 -0.06759738 -0.12345290
v 0.06624666 -0.06805749 -0.12345291
v 0.06657555 -0.06759738 -0.12320254
v 0.06615890 -0.06759738 -0.12345291
v 0.07065877 0.03990118 -0.10820310
v 0.07074654 0.03944107 -0.11045307
v 0.07065878 0.03990118 -0.11045307
v 0.07102488 0.03901730 -0.11045307
v 0.07144862 0.03873896 -0.10595312
v 0.07144864 0.03873896 -0.11045306
v 0.07102487 0.03901730 -0.10595313
v 0.07190874 0.03865120 -0.10595312
v 0.07190876 0.03865120 -0.11045306
v 0.07236886 0.03873896 -0.10595312
v 0.07236887 0.03873896 -0.11045306
v 0.07279263 0.03901730 -0.11045306
v 0.07307096 0.03944107 -0.10595312
v 0.07307097 0.03944107 -0.11045306
v 0.07315873 0.03990118 -0.10820309
v 0.07315874 0.03990118 -0.11045306
v 0.07279261 0.03901730 -0.10595312
v 0.07074652 0.03944107 -0.10595313
v 0.07315873 0.03990118 -0.10595312
v 0.07065876 0.03990118 -0.10595313
v 0.07146682 0.03945923 -0.11082859
v 0.07190876 0.03990118 -0.11120412
v 0.07132764 0.03967112 -0.11082859
v 0.07167869 0.03932007 -0.11082859
v 0.07190876 0.03990118 -0.11120412
v 0.07190876 0.03927619 -0.11082859
v 0.07190876 0.03990118 -0.11120412
v 0.07213881 0.03932007 -0.11082859
v 0.07190876 0.03990118 -0.11120412
v 0.07235069 0.03945923 -0.11082859
v 0.07190876 0.03990118 -0.11120412
v 0.07248988 0.03967112 -0.11082859
v 0.07190876 0.03990118 -0.11120412
v 0.07190876 0.03990118 -0.11120412
v 0.07149209 0.03990118 -0.11095377
v 0.07074654 0.03944107 -0.11045307
v 0.07102488 0.03901730 -0.11045307
v 0.07144864 0.03873896 -0.11045306
v 0.07107543 0.03990118 -0.11070341
v 0.07232541 0.03990118 -0.11095377
v 0.07190876 0.03990118 -0.11120412
v 0.07236887 0.03873896 -0.11045306
v 0.07279263 0.03901730 -0.11045306
v 0.07190876 0.03865120 -0.11045306
v 0.07307097 0.03944107 -0.11045306
v 0.07274208 0.03990118 -0.11070341
v 0.07315874 0.03990118 -0.11045306
v 0.07065878 -0.04009775 -0.10820310
v 0.07074655 -0.04055786 -0.11045307
v 0.07065879 -0.04009775 -0.11045307
v 0.07102490 -0.04098162 -0.11045307
v 0.07144864 -0.04125997 -0.10595313
v 0.07144865 -0.04125997 -0.11045307
v 0.07102488 -0.04098162 -0.10595313
v 0.07190876 -0.04134773 -0.10595313
v 0.07190877 -0.04134773 -0.11045306
v 0.07236887 -0.04125997 -0.10595312
v 0.07236889 -0.04125997 -0.11045306
v 0.07279264 -0.04098162 -0.11045306
v 0.07307097 -0.04055786 -0.10595312
v 0.07307099 -0.04055786 -0.11045306
v 0.07315875 -0.04009775 -0.10820309
v 0.07315876 -0.04009775 -0.11045306
v 0.07279263 -0.04098162 -0.10595312
v 0.07074653 -0.04055786 -0.10595313
v 0.07315874 -0.04009775 -0.10595312
v 0.07065877 -0.04009775 -0.10595313
v 0.07190878 -0.04009775 -0.11120412
v 0.07102490 -0.04098162 -0.11045307
v 0.07144865 -0.04125997 -0.11045307
v 0.07190878 -0.04009775 -0.11120412
v 0.07074655 -0.04055786 -0.11045307
v 0.07190878 -0.04009775 -0.11120412
v 0.07190877 -0.04134773 -0.11045306
v 0.07190878 -0.04009775 -0.11120412
v 0.07236889 -0.04125997 -0.11045306
v 0.07190878 -0.04009775 -0.11120412
v 0.07279264 -0.04098162 -0.11045306
v 0.07307099 -0.04055786 -0.11045306
v 0.07190878 -0.04009775 -0.11120412
v 0.07190878 -0.04009775 -0.11120412
v 0.07128378 -0.04009775 -0.11082860
v 0.07253377 -0.04009775 -0.11082859
v 0.07315876 -0.04009775 -0.11045306
v 0.07065879 -0.04009775 -0.11045307
v -0.00934018 0.07190074 -0.10370341
v -0.00925241 0.07144062 -0.10645338
v -0.00934017 0.07190074 -0.10645338
v -0.00897407 0.07101686 -0.10645338
v -0.00855032 0.07073851 -0.10095345
v -0.00855030 0.07073851 -0.10645338
v -0.00897409 0.07101686 -0.10095345
v -0.00809021 0.07065075 -0.10095345
v -0.00809019 0.07065075 -0.10645337
v -0.00763010 0.07073851 -0.10095345
v -0.00763008 0.07073851 -0.10645337
v -0.00720632 0.07101686 -0.10645337
v -0.00692799 0.07144062 -0.10095344
v -0.00692797 0.07144062 -0.10645337
v -0.00684022 0.07190074 -0.10370341
v -0.00684021 0.07190074 -0.10645337
v -0.00720634 0.07101686 -0.10095344
v -0.00925243 0.07144062 -0.10095345
v -0.00684023 0.07190074 -0.10095344
v -0.00934019 0.07190074 -0.10095345
v -0.00853213 0.07145880 -0.10682890
v -0.00809019 0.07190074 -0.10720443
v -0.00867130 0.07167068 -0.10682890
v -0.00832024 0.07131962 -0.10682890
v -0.00809019 0.07190074 -0.10720443
v -0.00809019 0.07127575 -0.10682890
v -0.00809019 0.07190074 -0.10720443
v -0.00786013 0.07131962 -0.10682890
v -0.00809019 0.07190074 -0.10720443
v -0.00764825 0.07145880 -0.10682890
v -0.00809019 0.07190074 -0.10720443
v -0.00750908 0.07167068 -0.10682890
v -0.00809019 0.07190074 -0.10720443
v -0.00809019 0.07190074 -0.10720443
v -0.00850685 0.07190074 -0.10695409
v -0.00897407 0.07101686 -0.10645338
v -0.00855030 0.07073851 -0.10645338
v -0.00892351 0.07190074 -0.10670372
v -0.00809019 0.07190074 -0.10720443
v -0.00767353 0.07190074 -0.10695408
v -0.00809019 0.07065075 -0.10645337
v -0.00763008 0.07073851 -0.10645337
v -0.00720632 0.07101686 -0.10645337
v -0.00925241 0.07144062 -0.10645338
v -0.00934017 0.07190074 -0.10645338
v -0.00692797 0.07144062 -0.10645337
v -0.00725687 0.07190074 -0.10670372
v -0.00684021 0.07190074 -0.10645337
v 0.03565922 0.07190074 -0.10370327
v 0.03574699 0.07144063 -0.10645323
v 0.03565923 0.07190075 -0.10645323
v 0.03602533 0.07101687 -0.10645323
v 0.03644907 0.07073852 -0.10095330
v 0.03644909 0.07073852 -0.10645323
v 0.03602532 0.07101687 -0.10095331
v 0.03690919 0.07065076 -0.10095330
v 0.03690921 0.07065076 -0.10645323
v 0.03736931 0.07073852 -0.10095330
v 0.03736932 0.07073852 -0.10645323
v 0.03779308 0.07101687 -0.10645323
v 0.03807141 0.07144063 -0.10095330
v 0.03807143 0.07144063 -0.10645322
v 0.03815918 0.07190075 -0.10370326
v 0.03815919 0.07190075 -0.10645322
v 0.03779306 0.07101687 -0.10095330
v 0.03574697 0.07144063 -0.10095331
v 0.03815917 0.07190075 -0.10095330
v 0.03565921 0.07190074 -0.10095331
v 0.03690921 0.07190075 -0.10720429
v 0.03602533 0.07101687 -0.10645323
v 0.03644909 0.07073852 -0.10645323
v 0.03690921 0.07190075 -0.10720429
v 0.03574699 0.07144063 -0.10645323
v 0.03690921 0.07190075 -0.10720429
v 0.03690921 0.07065076 -0.10645323
v 0.03690921 0.07190075 -0.10720429
v 0.03736932 0.07073852 -0.10645323
v 0.03690921 0.07190075 -0.10720429
v 0.03779308 0.07101687 -0.10645323
v 0.03807143 0.07144063 -0.10645322
v 0.03690921 0.07190075 -0.10720429
v 0.03690921 0.07190075 -0.10720429
v 0.03628422 0.07190075 -0.10682876
v 0.03753420 0.07190075 -0.10682876
v 0.03815919 0.07190075 -0.10645322
v 0.03565923 0.07190075 -0.10645323
v -0.00934016 -0.07209733 -0.10370342
v -0.00925239 -0.07255745 -0.10645338
v -0.00934015 -0.07209733 -0.10645338
v -0.00897404 -0.07298121 -0.10645338
v -0.00855030 -0.07325956 -0.10095345
v -0.00855028 -0.07325956 -0.10645338
v -0.00897406 -0.07298121 -0.10095345
v -0.00809018 -0.07334732 -0.10095345
v -0.00809017 -0.07334732 -0.10645338
v -0.00763007 -0.07325956 -0.10095345
v -0.00763005 -0.07325956 -0.10645338
v -0.00720629 -0.07298121 -0.10645337
v -0.00692796 -0.07255745 -0.10095345
v -0.00692795 -0.07255745 -0.10645337
v -0.00684019 -0.07209733 -0.10370341
v -0.00684018 -0.07209733 -0.10645337
v -0.00720631 -0.07298121 -0.10095345
v -0.00925240 -0.07255745 -0.10095346
v -0.00934017 -0.07209733 -0.10095346
v -0.00684020 -0.07209733 -0.10095345
v -0.00809016 -0.07209733 -0.10720444
v -0.00897404 -0.07298121 -0.10645338
v -0.00855028 -0.07325956 -0.10645338
v -0.00809016 -0.07209733 -0.10720444
v -0.00925239 -0.07255745 -0.10645338
v -0.00809016 -0.07209733 -0.10720444
v -0.00809017 -0.07334732 -0.10645338
v -0.00809016 -0.07209733 -0.10720444
v -0.00763005 -0.07325956 -0.10645338
v -0.00720629 -0.07298121 -0.10645337
v -0.00809016 -0.07209733 -0.10720444
v -0.00692795 -0.07255745 -0.10645337
v -0.00725684 -0.07209733 -0.10670372
v -0.00767350 -0.07209733 -0.10695409
v -0.00809016 -0.07209733 -0.10720444
v -0.00892349 -0.07209733 -0.10670373
v -0.00809016 -0.07209733 -0.10720444
v -0.00850682 -0.07209733 -0.10695409
v -0.00934015 -0.07209733 -0.10645338
v -0.00684018 -0.07209733 -0.10645337
v 0.03565924 -0.07209732 -0.10370327
v 0.03574701 -0.07255744 -0.10645324
v 0.03565925 -0.07209732 -0.10645324
v 0.03602536 -0.07298120 -0.10645324
v 0.03644909 -0.07325955 -0.10095331
v 0.03644911 -0.07325955 -0.10645323
v 0.03602534 -0.07298120 -0.10095331
v 0.03690922 -0.07334731 -0.10095331
v 0.03690923 -0.07334731 -0.10645323
v 0.03736933 -0.07325955 -0.10095330
v 0.03736935 -0.07325955 -0.10645323
v 0.03779310 -0.07298120 -0.10645323
v 0.03807143 -0.07255744 -0.10095330
v 0.03807145 -0.07255744 -0.10645323
v 0.03815921 -0.07209732 -0.10370327
v 0.03815922 -0.07209732 -0.10645323
v 0.03779309 -0.07298120 -0.10095330
v 0.03574699 -0.07255744 -0.10095331
v 0.03815920 -0.07209732 -0.10095330
v 0.03565923 -0.07209732 -0.10095331
v 0.03690924 -0.07209732 -0.10720429
v 0.03602536 -0.07298120 -0.10645324
v 0.03644911 -0.07325955 -0.10645323
v 0.03690924 -0.07209732 -0.10720429
v 0.03574701 -0.07255744 -0.10645324
v 0.03690924 -0.07209732 -0.10720429
v 0.03690923 -0.07334731 -0.10645323
v 0.03690924 -0.07209732 -0.10720429
v 0.03736935 -0.07325955 -0.10645323
v 0.03690924 -0.07209732 -0.10720429
v 0.03779310 -0.07298120 -0.10645323
v 0.03807145 -0.07255744 -0.10645323
v 0.03690924 -0.07209732 -0.10720429
v 0.03690924 -0.07209732 -0.10720429
v 0.03628424 -0.07209732 -0.10682876
v 0.03753423 -0.07209732 -0.10682876
v 0.03815922 -0.07209732 -0.10645323
v 0.03565925 -0.07209732 -0.10645324
v -0.06947167 0.06387142 -0.12445333
v -0.06947165 0.06387142 -0.12895327
v -0.06748842 0.06340211 -0.12895326
v -0.06758934 0.06340084 -0.11995338
v -0.06947168 0.06387142 -0.11995339
v -0.06611698 0.06368168 -0.11995338
v -0.06553136 0.06397086 -0.12895326
v -0.06410857 0.06543003 -0.12895325
v -0.06476095 0.06457240 -0.11995337
v -0.06358938 0.06740079 -0.12445331
v -0.06358937 0.06740079 -0.12895325
v -0.06387024 0.06592843 -0.11995337
v -0.06358940 0.06740079 -0.11995337
v -0.06405993 -0.06947974 -0.12895325
v -0.06358942 -0.06759740 -0.10720355
v -0.06406000 -0.06947974 -0.10720355
v -0.06358949 -0.06759740 -0.08545384
v -0.06406007 -0.06947974 -0.08545384
v 0.06440894 -0.07159733 -0.12895284
v 0.06387946 -0.06947972 -0.10720314
v 0.06387953 -0.06947972 -0.12895284
v 0.06387939 -0.06947972 -0.08545343
v 0.06440887 -0.07159733 -0.10720313
v 0.06440880 -0.07159733 -0.08545343
v 0.06409295 0.07305717 -0.12895284
v 0.06309077 0.07458269 -0.08545343
v 0.06309091 0.07458269 -0.12895284
v 0.06156523 0.07558475 -0.08545343
v 0.06156537 0.07558475 -0.12895285
v 0.05990897 0.07590070 -0.12895285
v 0.05990893 0.07590070 -0.11445305
v 0.06440884 0.07140076 -0.10720313
v 0.06440891 0.07140076 -0.12895284
v 0.06409281 0.07305717 -0.08545342
v 0.06440877 0.07140076 -0.08545342
v 0.05990888 0.07590070 -0.09995324
v 0.05990883 0.07590070 -0.08545344
v -0.07608923 0.01969632 -0.11866724
v -0.07858920 0.02063156 -0.11724341
v -0.07608923 0.02063156 -0.11724340
v -0.07608923 0.02205539 -0.11630815
v -0.07858920 0.02360137 -0.11601327
v -0.07608924 0.02360137 -0.11601327
v -0.07858920 0.02514735 -0.11630816
v -0.07608924 0.02514735 -0.11630815
v -0.07858920 0.02205539 -0.11630816
v -0.07608923 0.02657118 -0.11724340
v -0.07858919 0.02750643 -0.11866725
v -0.07608923 0.02750643 -0.11866724
v -0.07608922 0.02780132 -0.12021321
v -0.07733921 0.02780132 -0.12021321
v -0.07858920 0.02657118 -0.11724341
v -0.07733921 0.01940143 -0.12021321
v -0.07608922 0.01940143 -0.12021321
v -0.07858919 0.01969631 -0.11866725
v -0.07858919 0.01940143 -0.12021322
v -0.07858919 0.02780132 -0.12021322
v -0.07608923 0.03911285 -0.11866724
v -0.07858920 0.04004810 -0.11724341
v -0.07608924 0.04004810 -0.11724340
v -0.07608924 0.04147193 -0.11630815
v -0.07858921 0.04301791 -0.11601327
v -0.07608924 0.04301791 -0.11601326
v -0.07858921 0.04456388 -0.11630816
v -0.07608924 0.04456388 -0.11630815
v -0.07858920 0.04147193 -0.11630816
v -0.07608924 0.04598772 -0.11724340
v -0.07858920 0.04692297 -0.11866725
v -0.07608923 0.04692297 -0.11866724
v -0.07608923 0.04721786 -0.12021321
v -0.07733921 0.04721786 -0.12021321
v -0.07858920 0.04598772 -0.11724341
v -0.07733921 0.03881797 -0.12021321
v -0.07608923 0.03881797 -0.12021321
v -0.07858920 0.03911285 -0.11866725
v -0.07858919 0.03881797 -0.12021322
v -0.07858919 0.04721786 -0.12021322
v -0.03508977 0.07590068 -0.12245324
v -0.03808971 0.07590068 -0.12895317
v -0.03508975 0.07590068 -0.12895316
v -0.03808976 0.07590068 -0.11445336
v -0.03508980 0.07590068 -0.11595333
v -0.03348982 0.07590068 -0.11595333
v -0.03188984 0.07590068 -0.11595332
v -0.03028986 0.07590068 -0.11595332
v -0.02868988 0.07590068 -0.11595331
v -0.01609005 0.07590068 -0.11495328
v -0.01909001 0.07590068 -0.11595328
v -0.01908999 0.07590068 -0.12245319
v -0.01908997 0.07590068 -0.12895311
v -0.01609001 0.07590068 -0.12895310
v -0.02548993 0.07590068 -0.11595330
v -0.02388994 0.07590068 -0.11595330
v -0.02228997 0.07590068 -0.11595329
v -0.02068999 0.07590068 -0.11595329
v -0.01609010 0.07590068 -0.10095347
v -0.02708990 0.07590068 -0.11595331
v -0.03808981 0.07590068 -0.09995356
v -0.01359015 0.07590068 -0.09632853
v -0.02720111 0.07590068 -0.08545372
v -0.03808985 0.07590068 -0.08545375
v -0.01631238 0.07590068 -0.08545368
v -0.01449012 0.07590068 -0.10095347
v -0.01289014 0.07590068 -0.10095346
v -0.01129016 0.07590068 -0.10095346
v -0.00969019 0.07590068 -0.10095345
v -0.00809021 0.07590068 -0.10095345
v -0.00489025 0.07590068 -0.10095344
v -0.00649023 0.07590068 -0.10095344
v 0.01090952 0.07590069 -0.09632845
v -0.00542363 0.07590068 -0.08545365
v -0.00329028 0.07590068 -0.10095343
v -0.00169029 0.07590068 -0.10095343
v 0.01090959 0.07590069 -0.11807816
v -0.00009023 0.07590069 -0.12895304
v 0.00957631 0.07590069 -0.12895301
v 0.01924285 0.07590069 -0.12895298
v 0.02890939 0.07590069 -0.12895295
v 0.02890930 0.07590069 -0.10095333
v 0.02890934 0.07590069 -0.11495314
v -0.00009032 0.07590068 -0.10095342
v -0.00009027 0.07590069 -0.11495323
v 0.05240907 0.07590069 -0.12895288
v 0.04490913 0.07590069 -0.11495309
v 0.04490917 0.07590069 -0.12895290
v 0.05990897 0.07590070 -0.12895285
v 0.05990893 0.07590070 -0.11445305
v 0.03540920 0.07590069 -0.09632837
v 0.03050928 0.07590069 -0.10095332
v 0.04490908 0.07590069 -0.10095328
v 0.05990888 0.07590070 -0.09995324
v 0.03210926 0.07590069 -0.10095332
v 0.03370923 0.07590069 -0.10095331
v 0.03530921 0.07590069 -0.10095331
v 0.03690919 0.07590069 -0.10095330
v 0.01635386 0.07590069 -0.08545358
v 0.00546512 0.07590069 -0.08545361
v 0.03813135 0.07590069 -0.08545351
v 0.02724260 0.07590069 -0.08545354
v 0.03850916 0.07590069 -0.10095330
v 0.04010915 0.07590069 -0.10095329
v 0.04170913 0.07590069 -0.10095329
v 0.04330911 0.07590069 -0.10095328
v 0.04902009 0.07590069 -0.08545347
v 0.05990883 0.07590070 -0.08545344
v -0.06408945 0.07590067 -0.10270360
v -0.05408964 0.07590068 -0.08545380
v -0.06408950 0.07590067 -0.08545384
v -0.06408939 0.07590067 -0.11995337
v -0.06208942 0.07590067 -0.11995337
v -0.06008945 0.07590067 -0.11995336
v -0.06008943 0.07590067 -0.12445330
v -0.05408950 0.07590068 -0.12895322
v -0.06008942 0.07590068 -0.12895324
v -0.05408957 0.07590068 -0.10720351
v 0.07590874 -0.04809764 -0.11745296
v 0.07590878 -0.05409756 -0.12895280
v 0.07590878 -0.06009748 -0.12895280
v 0.07590871 -0.06009748 -0.10720310
v 0.07590878 -0.04809764 -0.12895280
v 0.07590871 -0.04809764 -0.10595311
v 0.07590864 -0.04918854 -0.08545339
v 0.07590871 -0.04649766 -0.10595311
v 0.07590871 -0.04489768 -0.10595311
v 0.07590864 -0.03827959 -0.08545339
v 0.07590870 -0.04169772 -0.10595311
v 0.07590871 -0.04329770 -0.10595311
v 0.07590870 -0.03849777 -0.10595311
v 0.07590870 -0.04009775 -0.10595311
v 0.07590864 -0.06009748 -0.08545339
v 0.07590874 -0.03209785 -0.11745296
v 0.07590869 0.03190129 -0.10595311
v 0.07590873 0.03190129 -0.11745296
v 0.07590878 -0.02143134 -0.12895280
v 0.07590878 -0.03209785 -0.12895280
v 0.07590877 -0.01076481 -0.12895280
v 0.07590877 0.01056824 -0.12895280
v 0.07590877 -0.00009829 -0.12895280
v 0.07590877 0.02123476 -0.12895280
v 0.07590877 0.03190129 -0.12895280
v 0.07590873 0.04790107 -0.11745296
v 0.07590876 0.05990091 -0.12895280
v 0.07590876 0.05390099 -0.12895280
v 0.07590869 0.05990091 -0.10720309
v 0.07590869 0.04790107 -0.10595311
v 0.07590876 0.04790107 -0.12895280
v 0.07590870 -0.03529781 -0.10595311
v 0.07590870 -0.03689779 -0.10595311
v 0.07590870 -0.03369783 -0.10595311
v 0.07590870 -0.03209785 -0.10595311
v 0.07590864 -0.02737065 -0.08545339
v 0.07590863 -0.01646170 -0.08545339
v 0.07590863 -0.00555276 -0.08545339
v 0.07590863 0.00535619 -0.08545339
v 0.07590863 0.01626513 -0.08545339
v 0.07590863 0.02717407 -0.08545339
v 0.07590862 0.03808301 -0.08545339
v 0.07590869 0.03350127 -0.10595311
v 0.07590869 0.03510125 -0.10595311
v 0.07590869 0.03830120 -0.10595311
v 0.07590869 0.03670122 -0.10595311
v 0.07590869 0.04150116 -0.10595311
v 0.07590869 0.03990118 -0.10595311
v 0.07590862 0.04899197 -0.08545339
v 0.07590869 0.04470112 -0.10595311
v 0.07590869 0.04310114 -0.10595311
v 0.07590869 0.04630110 -0.10595311
v 0.07590862 0.05990091 -0.08545339
v -0.07608929 -0.02194418 -0.09632873
v -0.07608929 -0.01240583 -0.09632873
v -0.07608931 -0.01240583 -0.09089130
v -0.07608931 -0.00286751 -0.09089130
v -0.07608929 -0.00286751 -0.09632873
v -0.07608931 0.00667083 -0.09089130
v -0.07608930 0.00667083 -0.09632873
v -0.07608932 0.01620916 -0.09089130
v -0.07608930 0.01620916 -0.09632873
v -0.07608932 0.02574749 -0.09089130
v -0.07608930 0.02574749 -0.09632873
v -0.07608932 0.03528583 -0.09089130
v -0.07608930 0.03528583 -0.09632873
v -0.07608932 0.04482416 -0.09089130
v -0.07608930 0.04482416 -0.09632873
v -0.07608932 0.05436250 -0.09089130
v -0.07608931 0.05436250 -0.09632873
v -0.07608928 -0.01240583 -0.10176616
v -0.07608928 -0.00286751 -0.10176616
v -0.07608928 0.00667083 -0.10176616
v -0.07608928 0.01620916 -0.10176616
v -0.07608928 0.02574749 -0.10176616
v -0.07608928 0.03528583 -0.10176616
v -0.07608929 0.04482416 -0.10176616
v -0.07608929 0.05436250 -0.10176616
v -0.07608926 -0.01240583 -0.10720358
v -0.07608926 -0.00286751 -0.10720358
v -0.07608926 0.00667083 -0.10720358
v -0.07608926 0.01620916 -0.10720358
v -0.07608926 0.02574749 -0.10720358
v -0.07608927 0.03528583 -0.10720358
v -0.07608927 0.04482416 -0.10720358
v -0.07608927 0.05436250 -0.10720358
v -0.07608924 -0.01240583 -0.11264101
v -0.07608926 -0.02194418 -0.10720359
v -0.07608924 -0.00286751 -0.11264101
v -0.07608924 0.00667083 -0.11264101
v -0.07608925 0.01620916 -0.11264101
v -0.07608925 0.02574749 -0.11264101
v -0.07608925 0.03528583 -0.11264101
v -0.07608925 0.04482416 -0.11264101
v -0.07608925 0.05436250 -0.11264101
v -0.07608931 -0.05880463 -0.08774674
v -0.07608932 -0.06009751 -0.08545388
v -0.07608931 -0.05902731 -0.08808574
v -0.07608931 -0.05909752 -0.08845384
v -0.07608930 -0.06009751 -0.09166808
v -0.07608931 -0.05902731 -0.08882192
v -0.07608931 -0.05846562 -0.08752405
v -0.07608931 -0.05809753 -0.08745385
v -0.07608931 -0.05772945 -0.08752405
v -0.07608932 -0.05320871 -0.08545388
v -0.07608930 -0.05868157 -0.09158890
v -0.07608930 -0.05885107 -0.09170023
v -0.07608930 -0.05896242 -0.09186974
v -0.07608930 -0.05899752 -0.09205380
v -0.07608928 -0.06009751 -0.09788228
v -0.07608931 -0.05846562 -0.08938361
v -0.07608931 -0.05880463 -0.08916094
v -0.07608931 -0.05809753 -0.08945383
v -0.07608930 -0.05849753 -0.09155381
v -0.07608931 -0.05772945 -0.08938361
v -0.07608931 -0.05716775 -0.08808574
v -0.07608931 -0.05739043 -0.08774674
v -0.07608931 -0.05709755 -0.08845384
v -0.07608930 -0.05055917 -0.09089131
v -0.07608932 -0.04631992 -0.08545388
v -0.07608932 -0.03943111 -0.08545388
v -0.07608932 -0.02582775 -0.08808574
v -0.07608932 -0.03254231 -0.08545388
v -0.07608932 -0.02589796 -0.08845384
v -0.07608931 -0.03148250 -0.09089131
v -0.07608931 -0.05739043 -0.08916094
v -0.07608931 -0.05716775 -0.08882192
v -0.07608930 -0.05169762 -0.09155381
v -0.07608930 -0.04489771 -0.09155381
v -0.07608930 -0.03809780 -0.09155381
v -0.07608931 -0.03129789 -0.09155381
v -0.07608932 -0.02582775 -0.08882192
v -0.07608931 -0.02449798 -0.09155381
v -0.07608926 -0.06009750 -0.10409648
v -0.07608928 -0.05899752 -0.09820371
v -0.07608926 -0.05896242 -0.10453767
v -0.07608926 -0.05899752 -0.10435362
v -0.07608926 -0.05885107 -0.10470717
v -0.07608924 -0.06009750 -0.11031069
v -0.07608926 -0.05849753 -0.10485361
v -0.07608926 -0.05868157 -0.10481852
v -0.07608926 -0.04489771 -0.10485361
v -0.07608926 -0.05169762 -0.10485361
v -0.07608925 -0.05055917 -0.10720359
v -0.07608923 -0.05055917 -0.11264101
v -0.07608923 -0.05409759 -0.11295351
v -0.07608924 -0.04102084 -0.11264101
v -0.07608926 -0.03809780 -0.10485361
v -0.07608925 -0.03422693 -0.10922007
v -0.07608925 -0.03429714 -0.10885199
v -0.07608925 -0.03422693 -0.10848389
v -0.07608925 -0.03400425 -0.10955908
v -0.07608925 -0.03400425 -0.10814489
v -0.07608923 -0.04951360 -0.11298862
v -0.07608925 -0.03148250 -0.10720359
v -0.07608925 -0.03329716 -0.10785200
v -0.07608925 -0.03292907 -0.10792220
v -0.07608925 -0.03366525 -0.10792220
v -0.07608926 -0.02449798 -0.10485361
v -0.07608926 -0.03129789 -0.10485361
v -0.07608925 -0.03259006 -0.10814489
v -0.07608925 -0.03236738 -0.10848389
v -0.07608925 -0.03229717 -0.10885199
v -0.07608925 -0.03329716 -0.10985197
v -0.07608925 -0.03366525 -0.10978175
v -0.07608924 -0.03148250 -0.11264101
v -0.07608925 -0.03236738 -0.10922007
v -0.07608925 -0.03259006 -0.10955908
v -0.07608925 -0.03292907 -0.10978175
v -0.07608924 -0.03648187 -0.11298862
v -0.07608924 -0.03629782 -0.11295351
v -0.07608924 -0.02194418 -0.11264101
v -0.07608932 -0.02489798 -0.08745385
v -0.07608933 -0.02565353 -0.08545388
v -0.07608932 -0.02526607 -0.08752405
v -0.07608932 -0.02560508 -0.08774674
v -0.07608932 -0.02452989 -0.08752405
v -0.07608932 -0.02419089 -0.08774674
v -0.07608933 -0.01876473 -0.08545388
v -0.07608932 -0.02396821 -0.08808574
v -0.07608931 -0.02560508 -0.08916094
v -0.07608931 -0.02194418 -0.09089130
v -0.07608931 -0.02489798 -0.08945382
v -0.07608931 -0.02526607 -0.08938360
v -0.07608932 -0.02389799 -0.08845384
v -0.07608932 -0.02396821 -0.08882192
v -0.07608931 -0.02419089 -0.08916094
v -0.07608931 -0.02452989 -0.08938360
v -0.07608933 -0.01187593 -0.08545388
v -0.07608933 0.00190166 -0.08545388
v -0.07608933 -0.00498714 -0.08545388
v -0.07608933 0.00879046 -0.08545388
v -0.07608933 0.01567925 -0.08545388
v -0.07608933 0.02256805 -0.08545388
v -0.07608934 0.02945684 -0.08545388
v -0.07608934 0.03634564 -0.08545388
v -0.07608934 0.04323444 -0.08545388
v -0.07608934 0.05012324 -0.08545388
v -0.07608934 0.05701204 -0.08545388
v -0.07608932 0.06390083 -0.09235377
v -0.07608934 0.06390083 -0.08545388
v -0.07608931 -0.02414444 -0.09170023
v -0.07608931 -0.02431394 -0.09158890
v -0.07608931 -0.02403310 -0.09186974
v -0.07608931 -0.02399799 -0.09205380
v -0.07608929 -0.02399799 -0.09820371
v -0.07608926 -0.02403310 -0.10453767
v -0.07608926 -0.02414444 -0.10470717
v -0.07608926 -0.02431394 -0.10481852
v -0.07608927 -0.02399799 -0.10435362
v -0.07608930 0.06390083 -0.09925369
v -0.07608928 0.06390083 -0.10615359
v -0.07608923 -0.00559824 -0.11480347
v -0.07608924 0.00798563 -0.11483859
v -0.07608924 0.00110167 -0.11480347
v -0.07608924 0.00780158 -0.11480347
v -0.07608925 0.06390083 -0.11305349
v -0.07608923 0.02657118 -0.11724340
v -0.07608924 0.04147193 -0.11630815
v -0.07608923 0.02205539 -0.11630815
v -0.07608923 -0.01265170 -0.11494993
v -0.07608924 -0.02449798 -0.11295351
v -0.07608924 -0.03039790 -0.11295351
v -0.07608923 -0.05868157 -0.11298862
v -0.07608923 -0.05849753 -0.11295351
v -0.07608923 -0.05896242 -0.11326945
v -0.07608923 -0.05885107 -0.11309995
v -0.07608923 -0.04969764 -0.11295351
v -0.07608923 -0.04934409 -0.11309995
v -0.07608923 -0.04923276 -0.11326945
v -0.07608923 -0.05899752 -0.11345350
v -0.07608920 -0.06009750 -0.12273909
v -0.07608921 -0.05899752 -0.11885342
v -0.07608922 -0.06009750 -0.11652489
v -0.07608923 -0.04919765 -0.11345350
v -0.07608921 -0.04919765 -0.11885342
v -0.07608923 -0.03679782 -0.11345350
v -0.07608922 -0.03679782 -0.11885342
v -0.07608920 -0.04102084 -0.12351587
v -0.07608923 -0.03676272 -0.11326945
v -0.07608923 -0.03665138 -0.11309995
v -0.07608924 -0.02431394 -0.11298862
v -0.07608924 -0.02414444 -0.11309994
v -0.07608924 -0.02403310 -0.11326945
v -0.07608924 -0.02399799 -0.11345350
v -0.07608923 -0.01279814 -0.11530347
v -0.07608922 -0.02399799 -0.11885342
v -0.07608922 -0.01279814 -0.11965342
v -0.07608923 -0.01276303 -0.11511943
v -0.07608923 -0.01229815 -0.11480347
v -0.07608923 -0.01248219 -0.11483859
v -0.07608920 -0.02399799 -0.12425335
v -0.07608919 -0.05896242 -0.12443739
v -0.07608920 -0.05899752 -0.12425336
v -0.07608919 -0.05885107 -0.12460690
v -0.07608918 -0.06009750 -0.12895329
v -0.07608920 -0.04923276 -0.12443739
v -0.07608920 -0.04919765 -0.12425336
v -0.07608920 -0.03676272 -0.12443739
v -0.07608920 -0.03679782 -0.12425336
v -0.07608920 -0.04934409 -0.12460690
v -0.07608918 -0.04598004 -0.12895329
v -0.07608919 -0.05849753 -0.12475335
v -0.07608919 -0.05868156 -0.12471824
v -0.07608918 -0.05303878 -0.12895329
v -0.07608920 -0.04951360 -0.12471824
v -0.07608920 -0.04969764 -0.12475335
v -0.07608918 -0.03892132 -0.12895329
v -0.07608919 -0.05409758 -0.12475335
v -0.07608920 -0.03665138 -0.12460690
v -0.07608919 -0.01774513 -0.12895329
v -0.07608920 -0.01265170 -0.12435690
v -0.07608920 -0.02403310 -0.12443739
v -0.07608920 -0.01276303 -0.12418740
v -0.07608920 -0.01279814 -0.12400336
v -0.07608920 -0.01248219 -0.12446824
v -0.07608920 -0.02414444 -0.12460690
v -0.07608920 -0.03648187 -0.12471824
v -0.07608920 -0.03629782 -0.12475335
v -0.07608918 -0.03186259 -0.12895329
v -0.07608920 -0.03039790 -0.12475335
v -0.07608920 -0.02431394 -0.12471824
v -0.07608919 -0.02480387 -0.12895329
v -0.07608920 -0.02449798 -0.12475335
v -0.07608919 -0.01068641 -0.12895329
v -0.07608924 0.00815514 -0.11494992
v -0.07608924 0.00826647 -0.11511943
v -0.07608924 0.00830158 -0.11530347
v -0.07608922 0.00830158 -0.11965342
v -0.07608924 0.02360137 -0.11601327
v -0.07608924 0.02514735 -0.11630815
v -0.07608921 0.01620916 -0.12351586
v -0.07608923 0.01969632 -0.11866724
v -0.07608923 0.02063156 -0.11724340
v -0.07608922 0.01940143 -0.12021321
v -0.07608922 0.01969632 -0.12175919
v -0.07608923 0.02750643 -0.11866724
v -0.07608922 0.02750643 -0.12175919
v -0.07608921 0.03528583 -0.12351586
v -0.07608922 0.02780132 -0.12021321
v -0.07608924 0.04456388 -0.11630815
v -0.07608924 0.04301791 -0.11601326
v -0.07608923 0.03911285 -0.11866724
v -0.07608924 0.04004810 -0.11724340
v -0.07608923 0.05990089 -0.11995341
v -0.07608924 0.04598772 -0.11724340
v -0.07608923 0.04692297 -0.11866724
v -0.07608923 0.03881797 -0.12021321
v -0.07608923 0.06190086 -0.11995341
v -0.07608922 0.05436250 -0.12351586
v -0.07608923 0.06390083 -0.11995341
v -0.07608923 0.04721786 -0.12021321
v -0.07608922 0.04692297 -0.12175919
v -0.07608921 0.00830158 -0.12400336
v -0.07608921 0.00826647 -0.12418739
v -0.07608919 0.01048978 -0.12895329
v -0.07608921 0.00815514 -0.12435690
v -0.07608921 0.02205539 -0.12411826
v -0.07608921 0.02063156 -0.12318302
v -0.07608919 0.01754852 -0.12895329
v -0.07608919 0.02460724 -0.12895329
v -0.07608921 0.02360137 -0.12441314
v -0.07608921 0.00798563 -0.12446824
v -0.07608920 -0.00559824 -0.12450335
v -0.07608919 -0.00362768 -0.12895329
v -0.07608920 -0.01229815 -0.12450335
v -0.07608920 0.00110167 -0.12450335
v -0.07608919 0.00343105 -0.12895329
v -0.07608921 0.00780158 -0.12450335
v -0.07608922 0.03911285 -0.12175919
v -0.07608921 0.02657118 -0.12318302
v -0.07608920 0.03872470 -0.12895329
v -0.07608921 0.04147193 -0.12411826
v -0.07608920 0.03166597 -0.12895329
v -0.07608922 0.04004810 -0.12318302
v -0.07608922 0.04598772 -0.12318302
v -0.07608920 0.05284215 -0.12895329
v -0.07608921 0.02514735 -0.12411826
v -0.07608921 0.04301791 -0.12441314
v -0.07608920 0.04578343 -0.12895329
v -0.07608921 0.04456388 -0.12411826
v -0.07608922 0.05990089 -0.12445335
v -0.07608920 0.05990089 -0.12895329
v 0.04490916 -0.07609727 -0.11495309
v 0.05990900 -0.07609727 -0.12895286
v 0.05240910 -0.07609727 -0.12895288
v 0.04490920 -0.07609727 -0.12895290
v 0.04490911 -0.07609727 -0.10095328
v 0.05990893 -0.07609727 -0.10720315
v 0.05990886 -0.07609727 -0.08545344
v 0.02890937 -0.07609727 -0.11495314
v 0.02890942 -0.07609727 -0.12895296
v 0.01924288 -0.07609727 -0.12895299
v 0.00957634 -0.07609727 -0.12895302
v -0.00009024 -0.07609728 -0.11495324
v 0.03809096 -0.07609727 -0.08545351
v 0.04330913 -0.07609727 -0.10095329
v 0.04170915 -0.07609727 -0.10095329
v 0.04010918 -0.07609727 -0.10095330
v -0.00009029 -0.07609728 -0.10095343
v 0.02890932 -0.07609727 -0.10095333
v 0.04899992 -0.07609727 -0.08545348
v 0.03850919 -0.07609727 -0.10095330
v 0.03690922 -0.07609727 -0.10095331
v 0.03530924 -0.07609727 -0.10095331
v 0.03370926 -0.07609727 -0.10095332
v 0.03210928 -0.07609727 -0.10095332
v 0.02718202 -0.07609727 -0.08545355
v 0.03050930 -0.07609727 -0.10095333
v 0.01627308 -0.07609727 -0.08545358
v 0.00536414 -0.07609728 -0.08545362
v -0.00009020 -0.07609728 -0.12895305
v -0.00554481 -0.07609728 -0.08545365
v -0.00169027 -0.07609728 -0.10095343
v -0.00329025 -0.07609728 -0.10095344
v -0.00489022 -0.07609728 -0.10095344
v -0.01609003 -0.07609728 -0.11495329
v -0.01608998 -0.07609728 -0.12895310
v -0.02708983 -0.07609728 -0.12895314
v -0.03808969 -0.07609728 -0.12895317
v -0.06008946 -0.07609729 -0.10720353
v -0.04908954 -0.07609728 -0.12895321
v -0.06008939 -0.07609729 -0.12895324
v -0.01609007 -0.07609728 -0.10095348
v -0.00649020 -0.07609728 -0.10095345
v -0.00809018 -0.07609728 -0.10095345
v -0.00969016 -0.07609728 -0.10095346
v -0.01129014 -0.07609728 -0.10095346
v -0.01645376 -0.07609728 -0.08545369
v -0.01289011 -0.07609728 -0.10095347
v -0.01449009 -0.07609728 -0.10095347
v -0.02736270 -0.07609728 -0.08545372
v -0.03827164 -0.07609728 -0.08545376
v -0.04918059 -0.07609729 -0.08545379
v -0.06008953 -0.07609729 -0.08545383
v -0.06627294 0.07570034 -0.11995338
v -0.06850660 0.07505815 -0.08545385
v -0.06850649 0.07505815 -0.11995339
v -0.07065583 0.07394465 -0.11995339
v -0.07257468 0.07238600 -0.08545386
v -0.07257457 0.07238600 -0.11995340
v -0.07413332 0.07046727 -0.08545387
v -0.07413321 0.07046727 -0.11995340
v -0.07065594 0.07394465 -0.08545386
v -0.07524671 0.06831790 -0.11995341
v -0.07524682 0.06831790 -0.08545387
v -0.07588890 0.06608437 -0.11995341
v -0.07608923 0.06390083 -0.11995341
v -0.07608925 0.06390083 -0.11305349
v -0.07608928 0.06390083 -0.10615359
v -0.06408945 0.07590067 -0.10270360
v -0.06408939 0.07590067 -0.11995337
v -0.06408950 0.07590067 -0.08545384
v -0.07608930 0.06390083 -0.09925369
v -0.07608932 0.06390083 -0.09235377
v -0.07608934 0.06390083 -0.08545388
v -0.07733922 -0.02449798 -0.11295351
v -0.07608924 -0.02449798 -0.11295351
v -0.07608924 -0.03039790 -0.11295351
v -0.07858920 -0.03039790 -0.11295352
v -0.07858920 -0.02449798 -0.11295352
v -0.07733922 -0.03629782 -0.11295351
v -0.07858920 -0.03629782 -0.11295352
v -0.07608924 -0.03629782 -0.11295351
v -0.07733918 -0.03629782 -0.12475335
v -0.07608920 -0.03629782 -0.12475335
v -0.07608920 -0.03039790 -0.12475335
v -0.07858916 -0.03039790 -0.12475336
v -0.07858916 -0.03629782 -0.12475336
v -0.07733918 -0.02449798 -0.12475335
v -0.07858917 -0.02449798 -0.12475336
v -0.07608920 -0.02449798 -0.12475335
v -0.07733922 -0.04969764 -0.11295351
v -0.07608923 -0.04969764 -0.11295351
v -0.07608923 -0.05409759 -0.11295351
v -0.07858920 -0.05409759 -0.11295352
v -0.07858920 -0.04969764 -0.11295352
v -0.07733921 -0.05849753 -0.11295351
v -0.07858920 -0.05849753 -0.11295352
v -0.07608923 -0.05849753 -0.11295351
v -0.07608921 -0.05899752 -0.11885342
v -0.07608920 -0.05899752 -0.12425336
v -0.07733918 -0.05899752 -0.12425336
v -0.07733921 -0.05899752 -0.11345351
v -0.07608923 -0.05899752 -0.11345350
v -0.07858918 -0.05899752 -0.11885343
v -0.07858920 -0.05899752 -0.11345351
v -0.07858916 -0.05899752 -0.12425336
v -0.07733918 -0.05849753 -0.12475335
v -0.07608919 -0.05849753 -0.12475335
v -0.07608919 -0.05409758 -0.12475335
v -0.07858916 -0.05409759 -0.12475336
v -0.07858916 -0.05849753 -0.12475336
v -0.07733918 -0.04969764 -0.12475335
v -0.07858916 -0.04969764 -0.12475336
v -0.07608920 -0.04969764 -0.12475335
v -0.07858919 -0.02399799 -0.11885343
v -0.07858917 -0.02399799 -0.12425336
v -0.07733918 -0.02399799 -0.12425336
v -0.07733922 -0.02399799 -0.11345351
v -0.07858920 -0.02399799 -0.11345351
v -0.07608922 -0.02399799 -0.11885342
v -0.07608924 -0.02399799 -0.11345350
v -0.07608920 -0.02399799 -0.12425335
v -0.07733919 -0.01229815 -0.12450336
v -0.07608920 -0.01229815 -0.12450335
v -0.07608920 -0.00559824 -0.12450335
v -0.07858917 -0.01229815 -0.12450336
v -0.07858917 -0.00559824 -0.12450336
v -0.07733919 0.00780158 -0.12450335
v -0.07608920 0.00110167 -0.12450335
v -0.07608921 0.00780158 -0.12450335
v -0.07858917 0.00780158 -0.12450336
v -0.07858917 0.00110167 -0.12450336
v -0.07858919 0.00830158 -0.11965342
v -0.07858917 0.00830158 -0.12400337
v -0.07733919 0.00830158 -0.12400336
v -0.07733922 0.00830158 -0.11530347
v -0.07858920 0.00830158 -0.11530347
v -0.07608922 0.00830158 -0.11965342
v -0.07608924 0.00830158 -0.11530347
v -0.07608921 0.00830158 -0.12400336
v -0.07733922 0.00780158 -0.11480348
v -0.07608924 0.00780158 -0.11480347
v -0.07608924 0.00110167 -0.11480347
v -0.07858920 0.00780158 -0.11480348
v -0.07858920 0.00110167 -0.11480348
v -0.07733922 -0.01229815 -0.11480348
v -0.07608923 -0.00559824 -0.11480347
v -0.07608923 -0.01229815 -0.11480347
v -0.07858920 -0.01229815 -0.11480348
v -0.07858920 -0.00559824 -0.11480348
v -0.07608922 -0.01279814 -0.11965342
v -0.07608920 -0.01279814 -0.12400336
v -0.07733919 -0.01279814 -0.12400336
v -0.07733922 -0.01279814 -0.11530347
v -0.07608923 -0.01279814 -0.11530347
v -0.07858918 -0.01279814 -0.11965343
v -0.07858920 -0.01279814 -0.11530347
v -0.07858917 -0.01279814 -0.12400337
v -0.07733921 0.04721786 -0.12021321
v -0.07608922 0.04692297 -0.12175919
v -0.07608923 0.04721786 -0.12021321
v -0.07608922 0.04598772 -0.12318302
v -0.07858918 0.04456388 -0.12411826
v -0.07608921 0.04456388 -0.12411826
v -0.07858918 0.04598772 -0.12318303
v -0.07858918 0.04301791 -0.12441315
v -0.07608921 0.04301791 -0.12441314
v -0.07858918 0.04147193 -0.12411826
v -0.07608921 0.04147193 -0.12411826
v -0.07608922 0.04004810 -0.12318302
v -0.07858919 0.03911285 -0.12175920
v -0.07608922 0.03911285 -0.12175919
v -0.07733921 0.03881797 -0.12021321
v -0.07608923 0.03881797 -0.12021321
v -0.07858918 0.04004810 -0.12318303
v -0.07858919 0.04692297 -0.12175920
v -0.07858919 0.03881797 -0.12021322
v -0.07858919 0.04721786 -0.12021322
v -0.07733921 0.02780132 -0.12021321
v -0.07608922 0.02750643 -0.12175919
v -0.07608922 0.02780132 -0.12021321
v -0.07608921 0.02657118 -0.12318302
v -0.07858918 0.02514735 -0.12411826
v -0.07608921 0.02514735 -0.12411826
v -0.07858918 0.02657118 -0.12318303
v -0.07858918 0.02360137 -0.12441315
v -0.07608921 0.02360137 -0.12441314
v -0.07858918 0.02205539 -0.12411826
v -0.07608921 0.02205539 -0.12411826
v -0.07608921 0.02063156 -0.12318302
v -0.07858918 0.01969631 -0.12175920
v -0.07608922 0.01969632 -0.12175919
v -0.07733921 0.01940143 -0.12021321
v -0.07608922 0.01940143 -0.12021321
v -0.07858918 0.02063156 -0.12318303
v -0.07858918 0.02750643 -0.12175920
v -0.07858919 0.01940143 -0.12021322
v -0.07858919 0.02780132 -0.12021322
v -0.07608928 -0.05899752 -0.09820371
v -0.07608926 -0.05899752 -0.10435362
v -0.07733924 -0.05899752 -0.10435362
v -0.07733928 -0.05899752 -0.09205380
v -0.07608930 -0.05899752 -0.09205380
v -0.07858925 -0.05899752 -0.09820372
v -0.07858927 -0.05899752 -0.09205381
v -0.07858923 -0.05899752 -0.10435363
v -0.07733929 -0.02449798 -0.09155381
v -0.07608931 -0.02449798 -0.09155381
v -0.07608931 -0.03129789 -0.09155381
v -0.07608930 -0.03809780 -0.09155381
v -0.07858927 -0.03129789 -0.09155381
v -0.07858927 -0.02449798 -0.09155381
v -0.07858927 -0.03809780 -0.09155381
v -0.07858927 -0.04489771 -0.09155381
v -0.07608930 -0.04489771 -0.09155381
v -0.07733928 -0.05849753 -0.09155381
v -0.07608930 -0.05169762 -0.09155381
v -0.07608930 -0.05849753 -0.09155381
v -0.07858927 -0.05169762 -0.09155381
v -0.07858927 -0.05849753 -0.09155381
v -0.07858925 -0.02399799 -0.09820371
v -0.07858923 -0.02399799 -0.10435363
v -0.07733925 -0.02399799 -0.10435362
v -0.07733929 -0.02399799 -0.09205380
v -0.07858927 -0.02399799 -0.09205381
v -0.07608929 -0.02399799 -0.09820371
v -0.07608931 -0.02399799 -0.09205380
v -0.07608927 -0.02399799 -0.10435362
v -0.07733924 -0.05849753 -0.10485362
v -0.07608926 -0.05849753 -0.10485361
v -0.07608926 -0.05169762 -0.10485361
v -0.07608926 -0.04489771 -0.10485361
v -0.07858923 -0.05169762 -0.10485362
v -0.07858922 -0.05849753 -0.10485362
v -0.07858923 -0.04489771 -0.10485362
v -0.07733925 -0.02449798 -0.10485361
v -0.07608926 -0.03809780 -0.10485361
v -0.07608926 -0.03129789 -0.10485361
v -0.07608926 -0.02449798 -0.10485361
v -0.07858923 -0.03129789 -0.10485362
v -0.07858923 -0.03809780 -0.10485362
v -0.07858923 -0.02449798 -0.10485362
v -0.07608922 -0.03679782 -0.11885342
v -0.07608920 -0.03679782 -0.12425336
v -0.07733918 -0.03679782 -0.12425336
v -0.07733922 -0.03679782 -0.11345351
v -0.07608923 -0.03679782 -0.11345350
v -0.07858918 -0.03679782 -0.11885343
v -0.07858920 -0.03679782 -0.11345351
v -0.07858917 -0.03679782 -0.12425336
v -0.07858918 -0.04919765 -0.11885343
v -0.07858916 -0.04919765 -0.12425336
v -0.07733918 -0.04919765 -0.12425336
v -0.07733921 -0.04919765 -0.11345351
v -0.07858920 -0.04919765 -0.11345351
v -0.07608921 -0.04919765 -0.11885342
v -0.07608923 -0.04919765 -0.11345350
v -0.07608920 -0.04919765 -0.12425336
v 0.06387943 0.06928313 -0.10720313
v 0.06440891 0.07140076 -0.12895284
v 0.06387950 0.06928313 -0.12895284
v 0.06440884 0.07140076 -0.10720313
v 0.06387936 0.06928313 -0.08545342
v 0.06440877 0.07140076 -0.08545342
v 0.07590869 0.05990091 -0.10720309
v 0.07559280 0.06155731 -0.12895280
v 0.07590876 0.05990091 -0.12895280
v 0.07532453 0.06211802 -0.08545339
v 0.07459075 0.06308285 -0.12895280
v 0.07306522 0.06408491 -0.12895281
v 0.07152221 0.06439942 -0.08545340
v 0.07140882 0.06440085 -0.12895281
v 0.06929112 0.06387144 -0.10720311
v 0.06929119 0.06387144 -0.12895282
v 0.07372387 0.06375957 -0.08545339
v 0.07590862 0.05990091 -0.08545339
v 0.06929105 0.06387144 -0.08545341
v 0.06387943 0.06928313 -0.10720313
v 0.06387950 0.06928313 -0.12895284
v 0.06347314 0.06811469 -0.12895284
v 0.06385151 0.06557193 -0.12895284
v 0.06345235 0.06681209 -0.08545343
v 0.06345249 0.06681209 -0.12895284
v 0.06385137 0.06557193 -0.08545342
v 0.06458048 0.06457242 -0.12895284
v 0.06458034 0.06457242 -0.08545342
v 0.06347300 0.06811469 -0.08545343
v 0.06387936 0.06928313 -0.08545342
v 0.06682014 0.06344442 -0.12895283
v 0.06557986 0.06384345 -0.08545342
v 0.06558000 0.06384345 -0.12895283
v 0.06929112 0.06387144 -0.10720311
v 0.06812273 0.06346508 -0.12895283
v 0.06929119 0.06387144 -0.12895282
v 0.06812259 0.06346508 -0.08545341
v 0.06929105 0.06387144 -0.08545341
v 0.07152237 -0.06459600 -0.12895282
v 0.06929121 -0.06406801 -0.12895282
v 0.06929114 -0.06406801 -0.10720312
v 0.07306510 -0.06428147 -0.08545340
v 0.07372404 -0.06395614 -0.12895281
v 0.07532469 -0.06231460 -0.12895281
v 0.07459064 -0.06327942 -0.08545339
v 0.07559268 -0.06175388 -0.08545339
v 0.07590871 -0.06009748 -0.10720310
v 0.07590878 -0.06009748 -0.12895280
v 0.07140870 -0.06459742 -0.08545340
v 0.07590864 -0.06009748 -0.08545339
v 0.06929107 -0.06406802 -0.08545341
v 0.06929114 -0.06406801 -0.10720312
v 0.06929121 -0.06406801 -0.12895282
v 0.06812275 -0.06366165 -0.12895283
v 0.06682017 -0.06364099 -0.12895283
v 0.06593639 -0.06387827 -0.08545342
v 0.06740876 -0.06359743 -0.08545342
v 0.06929107 -0.06406802 -0.08545341
v 0.06458036 -0.06476900 -0.08545343
v 0.06558002 -0.06404003 -0.12895284
v 0.06458050 -0.06476899 -0.12895284
v 0.06385153 -0.06576852 -0.12895284
v 0.06368965 -0.06612503 -0.08545343
v 0.06340881 -0.06759738 -0.08545343
v 0.06345251 -0.06700866 -0.12895284
v 0.06347316 -0.06831126 -0.12895284
v 0.06387946 -0.06947972 -0.10720314
v 0.06387939 -0.06947972 -0.08545343
v 0.06387953 -0.06947972 -0.12895284
v 0.06156540 -0.07578132 -0.12895285
v 0.06309080 -0.07477928 -0.08545343
v 0.06309094 -0.07477927 -0.12895284
v 0.06409284 -0.07325374 -0.08545343
v 0.06409298 -0.07325374 -0.12895284
v 0.06440894 -0.07159733 -0.12895284
v 0.06440887 -0.07159733 -0.10720313
v 0.05990893 -0.07609727 -0.10720315
v 0.05990900 -0.07609727 -0.12895286
v 0.06156526 -0.07578132 -0.08545344
v 0.05990886 -0.07609727 -0.08545344
v 0.06440880 -0.07159733 -0.08545343
v -0.06458933 -0.07159735 -0.12895326
v -0.06405993 -0.06947974 -0.12895325
v -0.06406000 -0.06947974 -0.10720355
v -0.06427353 -0.07325376 -0.08545384
v -0.06427339 -0.07325376 -0.12895326
v -0.06327147 -0.07477930 -0.08545384
v -0.06327133 -0.07477930 -0.12895325
v -0.06174580 -0.07578134 -0.12895325
v -0.06008946 -0.07609729 -0.10720353
v -0.06008939 -0.07609729 -0.12895324
v -0.06174594 -0.07578134 -0.08545383
v -0.06458947 -0.07159735 -0.08545384
v -0.06008953 -0.07609729 -0.08545383
v -0.06406007 -0.06947974 -0.08545384
v -0.06358942 -0.06759740 -0.10720355
v -0.06358935 -0.06759740 -0.12895325
v -0.06387019 -0.06612505 -0.12895325
v -0.06410869 -0.06562664 -0.08545384
v -0.06476090 -0.06476902 -0.12895326
v -0.06358949 -0.06759740 -0.08545384
v -0.06553148 -0.06416748 -0.08545385
v -0.06611693 -0.06387829 -0.12895326
v -0.06748854 -0.06359873 -0.08545385
v -0.06947170 -0.06406804 -0.10720356
v -0.06758929 -0.06359746 -0.12895327
v -0.06947163 -0.06406804 -0.12895327
v -0.06947177 -0.06406804 -0.08545386
v -0.07550510 -0.06231463 -0.12895329
v -0.07608918 -0.06009750 -0.12895329
v -0.07608920 -0.06009750 -0.12273909
v -0.07608922 -0.06009750 -0.11652489
v -0.07608924 -0.06009750 -0.11031069
v -0.07477131 -0.06327944 -0.08545387
v -0.07390444 -0.06395617 -0.12895329
v -0.06947163 -0.06406804 -0.12895327
v -0.07170277 -0.06459602 -0.12895328
v -0.06947170 -0.06406804 -0.10720356
v -0.07158938 -0.06459744 -0.08545386
v -0.07324580 -0.06428150 -0.08545387
v -0.07577338 -0.06175390 -0.08545388
v -0.07608926 -0.06009750 -0.10409648
v -0.07608928 -0.06009751 -0.09788228
v -0.07608930 -0.06009751 -0.09166808
v -0.07608932 -0.06009751 -0.08545388
v -0.06947177 -0.06406804 -0.08545386
v -0.05037040 0.07337309 -0.12895321
v -0.05126125 0.07472912 -0.08545380
v -0.05126111 0.07472912 -0.12895321
v -0.05261728 0.07561984 -0.08545380
v -0.05261714 0.07561984 -0.12895321
v -0.05408950 0.07590068 -0.12895322
v -0.05408957 0.07590068 -0.10720351
v -0.05008962 0.07190073 -0.10720350
v -0.05008955 0.07190073 -0.12895321
v -0.05037054 0.07337309 -0.08545379
v -0.05008969 0.07190073 -0.08545379
v -0.05408964 0.07590068 -0.08545380
v -0.03956207 0.07561984 -0.12895317
v -0.03808971 0.07590068 -0.12895317
v -0.03808976 0.07590068 -0.11445336
v -0.04091825 0.07472912 -0.08545376
v -0.04091811 0.07472912 -0.12895318
v -0.04180896 0.07337309 -0.08545377
v -0.04180882 0.07337309 -0.12895318
v -0.04208973 0.07190073 -0.10720347
v -0.04208966 0.07190073 -0.12895318
v -0.03808981 0.07590068 -0.09995356
v -0.03956222 0.07561984 -0.08545376
v -0.03808985 0.07590068 -0.08545375
v -0.04208980 0.07190073 -0.08545377
v -0.05008962 0.07190073 -0.10720350
v -0.05008955 0.07190073 -0.12895321
v -0.04980871 0.07042837 -0.12895321
v -0.04756197 0.06818163 -0.12895320
v -0.04891814 0.06907234 -0.08545379
v -0.04891800 0.06907234 -0.12895320
v -0.04756211 0.06818163 -0.08545378
v -0.04608960 0.06790078 -0.12895319
v -0.04608974 0.06790078 -0.08545378
v -0.04980885 0.07042837 -0.08545379
v -0.05008969 0.07190073 -0.08545379
v -0.04326121 0.06907234 -0.12895318
v -0.04461738 0.06818163 -0.08545377
v -0.04461724 0.06818163 -0.12895319
v -0.04208973 0.07190073 -0.10720347
v -0.04237050 0.07042837 -0.12895318
v -0.04208966 0.07190073 -0.12895318
v -0.04237064 0.07042837 -0.08545377
v -0.04208980 0.07190073 -0.08545377
v -0.07170279 0.06439940 -0.12895328
v -0.07324571 0.06408488 -0.11995340
v -0.07390446 0.06375955 -0.12895328
v -0.07550512 0.06211800 -0.12895329
v -0.07477122 0.06308282 -0.11995341
v -0.07577329 0.06155729 -0.11995341
v -0.07608920 0.05990089 -0.12895329
v -0.07608922 0.05990089 -0.12445335
v -0.06947167 0.06387142 -0.12445333
v -0.06947165 0.06387142 -0.12895327
v -0.07158929 0.06440083 -0.11995340
v -0.06947168 0.06387142 -0.11995339
v -0.07608923 0.05990089 -0.11995341
v -0.06230653 0.07531658 -0.12895325
v -0.06008942 0.07590068 -0.12895324
v -0.06008943 0.07590067 -0.12445330
v -0.06327138 0.07458267 -0.11995337
v -0.06394808 0.07371594 -0.12895325
v -0.06458793 0.07151427 -0.12895325
v -0.06427344 0.07305715 -0.11995337
v -0.06458939 0.07140073 -0.11995337
v -0.06405997 0.06928311 -0.12445331
v -0.06405995 0.06928311 -0.12895325
v -0.06174585 0.07558473 -0.11995336
v -0.06405998 0.06928311 -0.11995337
v -0.06008945 0.07590067 -0.11995336
v -0.06358937 0.06740079 -0.12895325
v -0.06405997 0.06928311 -0.12445331
v -0.06358938 0.06740079 -0.12445331
v -0.06405998 0.06928311 -0.11995337
v -0.06358940 0.06740079 -0.11995337
v 0.06618344 0.07619201 -0.13095280
v 0.06663832 0.07865024 -0.13095280
v 0.06943026 0.07784750 -0.13095279
v 0.06390893 0.07890066 -0.13095281
v 0.06390893 0.07640069 -0.13095281
v 0.07211697 0.07645562 -0.13095278
v 0.06965003 0.07500426 -0.13095279
v 0.07074895 0.07436316 -0.13095279
v 0.07451538 0.07450732 -0.13095278
v 0.07178755 0.07360515 -0.13095279
v 0.06851005 0.07552306 -0.13095280
v 0.03190935 0.07890065 -0.13095291
v 0.04790914 0.07640069 -0.13095286
v 0.03190935 0.07640068 -0.13095291
v 0.01590957 0.07890065 -0.13095297
v -0.00009022 0.07640068 -0.13095302
v -0.00009022 0.07890065 -0.13095302
v 0.01590957 0.07640068 -0.13095297
v -0.01609000 0.07640068 -0.13095307
v 0.07785557 0.06942221 -0.13095277
v 0.07865831 0.06663027 -0.13095276
v 0.07553112 0.06850198 -0.13095277
v 0.07646369 0.07210890 -0.13095277
v 0.07501233 0.06964196 -0.13095278
v 0.07890873 0.06390086 -0.13095276
v 0.07620008 0.06617537 -0.13095277
v 0.07890873 0.04790108 -0.13095276
v 0.07640877 0.03190129 -0.13095277
v 0.07640876 0.04790107 -0.13095277
v 0.07890873 0.03190129 -0.13095276
v 0.07640877 0.01590150 -0.13095277
v 0.07640876 0.06390086 -0.13095277
v 0.07437123 0.07074089 -0.13095278
v 0.07361320 0.07177948 -0.13095278
v 0.07274763 0.07273957 -0.13095278
v -0.03208979 0.07890064 -0.13095312
v -0.03208979 0.07640067 -0.13095312
v -0.06408936 0.07890063 -0.13095322
v -0.04808957 0.07640067 -0.13095317
v -0.06408936 0.07640067 -0.13095322
v -0.04808957 0.07890064 -0.13095317
v -0.06636387 0.07619199 -0.13095323
v -0.06681877 0.07865022 -0.13095323
v -0.06961072 0.07784748 -0.13095324
v -0.06869048 0.07552304 -0.13095324
v -0.06983046 0.07500424 -0.13095324
v -0.07229740 0.07645560 -0.13095325
v -0.07092938 0.07436313 -0.13095325
v -0.07196798 0.07360513 -0.13095325
v -0.07292808 0.07273954 -0.13095325
v -0.07469581 0.07450729 -0.13095326
v -0.07379365 0.07177946 -0.13095326
v -0.07664412 0.07210888 -0.13095326
v -0.07455167 0.07074086 -0.13095326
v -0.07803600 0.06942218 -0.13095327
v -0.07519276 0.06964194 -0.13095326
v -0.07571156 0.06850195 -0.13095326
v -0.07883875 0.06663024 -0.13095327
v -0.07638051 0.06617535 -0.13095326
v -0.07658919 0.06390083 -0.13095326
v -0.07658919 0.04790105 -0.13095327
v -0.07908915 0.03830118 -0.13095327
v -0.07908915 0.05110101 -0.13095327
v -0.07658918 0.01590148 -0.13095327
v -0.07908915 0.02550135 -0.13095327
v -0.07658918 0.03190126 -0.13095327
v -0.07908915 0.06390083 -0.13095327
v -0.07908915 0.01270152 -0.13095327
v -0.07658918 -0.00009831 -0.13095327
v -0.07908914 -0.00009831 -0.13095327
v -0.07908914 -0.01289814 -0.13095327
v -0.07658917 -0.01609809 -0.13095327
v 0.07890874 0.01590150 -0.13095276
v 0.07640877 -0.00009829 -0.13095277
v 0.07890874 -0.00009829 -0.13095277
v 0.07640877 -0.01609807 -0.13095277
v 0.07890874 -0.01609807 -0.13095277
v 0.07640878 -0.03209785 -0.13095277
v 0.07890875 -0.04809764 -0.13095277
v 0.07640878 -0.06409742 -0.13095277
v 0.07640878 -0.04809764 -0.13095277
v 0.07785560 -0.06961878 -0.13095277
v 0.07553115 -0.06869855 -0.13095278
v 0.07865833 -0.06682683 -0.13095277
v 0.07890875 -0.06409742 -0.13095277
v 0.07890874 -0.03209785 -0.13095277
v 0.07646372 -0.07230547 -0.13095277
v 0.07501236 -0.06983853 -0.13095278
v 0.07620010 -0.06637194 -0.13095278
v 0.07437125 -0.07093747 -0.13095278
v 0.07361323 -0.07197605 -0.13095278
v 0.07451541 -0.07470389 -0.13095278
v 0.07178758 -0.07380172 -0.13095279
v 0.07274765 -0.07293614 -0.13095279
v 0.07211700 -0.07665219 -0.13095279
v 0.07074898 -0.07455973 -0.13095279
v 0.06943029 -0.07804407 -0.13095280
v 0.06965006 -0.07520084 -0.13095280
v 0.06618347 -0.07638858 -0.13095281
v 0.06851007 -0.07571963 -0.13095280
v 0.06663835 -0.07884681 -0.13095281
v 0.03190938 -0.07909723 -0.13095292
v 0.01590960 -0.07659727 -0.13095297
v 0.03190938 -0.07659726 -0.13095292
v 0.04790917 -0.07659726 -0.13095287
v 0.04790917 -0.07909723 -0.13095287
v 0.06390895 -0.07909722 -0.13095282
v 0.06390895 -0.07659726 -0.13095282
v 0.01590960 -0.07909723 -0.13095297
v -0.00009019 -0.07659727 -0.13095302
v -0.07658917 -0.04809767 -0.13095327
v -0.07908914 -0.03849780 -0.13095328
v -0.07658917 -0.03209788 -0.13095327
v -0.07908914 -0.02569798 -0.13095328
v -0.07469579 -0.07470392 -0.13095326
v -0.07664410 -0.07230549 -0.13095327
v -0.07379362 -0.07197608 -0.13095326
v -0.07519274 -0.06983856 -0.13095326
v -0.07455164 -0.07093749 -0.13095326
v -0.07803598 -0.06961881 -0.13095327
v -0.07571154 -0.06869858 -0.13095327
v -0.07638049 -0.06637197 -0.13095327
v -0.07883872 -0.06682686 -0.13095328
v -0.07658917 -0.06409745 -0.13095327
v -0.07908913 -0.06409745 -0.13095328
v -0.07908913 -0.05129762 -0.13095328
v -0.07292805 -0.07293617 -0.13095326
v -0.04808955 -0.07659728 -0.13095318
v -0.03208976 -0.07909724 -0.13095312
v -0.04808955 -0.07909724 -0.13095318
v -0.06408933 -0.07659728 -0.13095323
v -0.06408933 -0.07909725 -0.13095323
v -0.03208976 -0.07659728 -0.13095312
v -0.01608997 -0.07909724 -0.13095307
v -0.01608997 -0.07659727 -0.13095307
v -0.00009019 -0.07909724 -0.13095302
v -0.06983043 -0.07520086 -0.13095325
v -0.07229737 -0.07665221 -0.13095325
v -0.07092936 -0.07455976 -0.13095325
v -0.07196796 -0.07380174 -0.13095325
v -0.06961069 -0.07804409 -0.13095325
v -0.06869045 -0.07571965 -0.13095324
v -0.06636384 -0.07638860 -0.13095324
v -0.06681874 -0.07884683 -0.13095324
v 0.06850991 -0.07571963 -0.08095347
v 0.06618330 -0.07638858 -0.08095348
v 0.06943013 -0.07804407 -0.08095347
v 0.06390879 -0.07659726 -0.08095349
v 0.06663819 -0.07884681 -0.08095348
v 0.07211683 -0.07665219 -0.08095346
v 0.07274749 -0.07293614 -0.08095346
v 0.07074882 -0.07455973 -0.08095347
v 0.07437109 -0.07093747 -0.08095345
v 0.07451525 -0.07470390 -0.08095345
v 0.04790901 -0.07659726 -0.08095354
v 0.04790901 -0.07909723 -0.08095354
v 0.06390879 -0.07909723 -0.08095349
v 0.01590943 -0.07659727 -0.08095364
v 0.01590944 -0.07909723 -0.08095364
v 0.03190922 -0.07909723 -0.08095359
v 0.03190922 -0.07659727 -0.08095359
v -0.00009035 -0.07659727 -0.08095370
v 0.07865817 -0.06682683 -0.08095344
v 0.07619994 -0.06637195 -0.08095345
v 0.07785543 -0.06961878 -0.08095344
v 0.07553099 -0.06869855 -0.08095345
v 0.07646355 -0.07230547 -0.08095345
v 0.07890859 -0.06409742 -0.08095344
v 0.07640862 -0.06409742 -0.08095345
v 0.07640862 -0.04809764 -0.08095345
v 0.07890859 -0.04809764 -0.08095344
v 0.07640861 -0.01609807 -0.08095345
v 0.07890858 -0.03209785 -0.08095344
v 0.07890858 -0.01609807 -0.08095344
v 0.07640862 -0.03209785 -0.08095345
v 0.07640861 -0.00009829 -0.08095345
v 0.07890858 -0.00009829 -0.08095344
v 0.07640861 0.01590150 -0.08095345
v -0.01609014 -0.07659727 -0.08095375
v -0.01609014 -0.07909724 -0.08095375
v -0.00009035 -0.07909724 -0.08095370
v -0.04808971 -0.07659728 -0.08095385
v -0.04808971 -0.07909725 -0.08095385
v -0.03208992 -0.07909724 -0.08095380
v -0.03208992 -0.07659728 -0.08095380
v -0.06408949 -0.07659728 -0.08095390
v -0.06681890 -0.07884683 -0.08095391
v -0.06636401 -0.07638861 -0.08095391
v -0.06961085 -0.07804409 -0.08095392
v -0.06869061 -0.07571965 -0.08095392
v -0.07229754 -0.07665221 -0.08095393
v -0.06408949 -0.07909725 -0.08095390
v -0.07092952 -0.07455976 -0.08095392
v -0.07469595 -0.07470392 -0.08095394
v -0.07292821 -0.07293617 -0.08095393
v -0.07664426 -0.07230549 -0.08095394
v -0.07803614 -0.06961881 -0.08095395
v -0.07455180 -0.07093749 -0.08095393
v -0.07571170 -0.06869858 -0.08095394
v -0.07908929 -0.06409745 -0.08095395
v -0.07638065 -0.06637197 -0.08095394
v -0.07658933 -0.06409745 -0.08095394
v -0.07658933 -0.04809767 -0.08095394
v -0.07908930 -0.03849780 -0.08095395
v -0.07908930 -0.05129762 -0.08095395
v -0.07883888 -0.06682686 -0.08095395
v -0.07908930 -0.02569798 -0.08095395
v -0.07658933 -0.03209788 -0.08095394
v -0.07658934 -0.01609810 -0.08095394
v -0.07908930 -0.01289814 -0.08095395
v -0.07658934 -0.00009831 -0.08095394
v 0.07640860 0.03190129 -0.08095345
v 0.07890857 0.01590150 -0.08095344
v 0.07890857 0.03190129 -0.08095344
v 0.07890857 0.04790107 -0.08095344
v 0.07640860 0.04790107 -0.08095345
v 0.07865815 0.06663027 -0.08095344
v 0.07619991 0.06617537 -0.08095345
v 0.07890857 0.06390086 -0.08095344
v 0.07553096 0.06850198 -0.08095345
v 0.07785541 0.06942221 -0.08095344
v 0.07640860 0.06390086 -0.08095344
v 0.07646353 0.07210890 -0.08095344
v 0.07437107 0.07074089 -0.08095345
v 0.07274747 0.07273957 -0.08095346
v 0.07211681 0.07645562 -0.08095346
v 0.07074879 0.07436316 -0.08095346
v 0.07451522 0.07450731 -0.08095345
v 0.06943010 0.07784750 -0.08095347
v 0.06618328 0.07619201 -0.08095348
v 0.06850988 0.07552306 -0.08095347
v 0.06663816 0.07865024 -0.08095348
v 0.06390876 0.07640069 -0.08095348
v 0.06390876 0.07890066 -0.08095348
v 0.04790898 0.07890065 -0.08095354
v 0.03190919 0.07640068 -0.08095359
v 0.04790898 0.07640069 -0.08095354
v 0.01590941 0.07640068 -0.08095364
v -0.00009038 0.07890064 -0.08095369
v -0.00009038 0.07640068 -0.08095369
v 0.01590941 0.07890065 -0.08095364
v -0.01609016 0.07640067 -0.08095374
v -0.07908931 0.01270152 -0.08095395
v -0.07908930 -0.00009831 -0.08095395
v -0.07658935 0.04790105 -0.08095394
v -0.07908931 0.03830118 -0.08095395
v -0.07658934 0.03190126 -0.08095394
v -0.07658934 0.01590148 -0.08095394
v -0.07908931 0.02550135 -0.08095395
v -0.07664428 0.07210887 -0.08095394
v -0.07803616 0.06942218 -0.08095394
v -0.07571172 0.06850195 -0.08095394
v -0.07883891 0.06663024 -0.08095395
v -0.07658935 0.06390083 -0.08095394
v -0.07638067 0.06617535 -0.08095394
v -0.07908931 0.05110100 -0.08095395
v -0.07908932 0.06390083 -0.08095395
v -0.07455183 0.07074086 -0.08095393
v -0.04808973 0.07890064 -0.08095385
v -0.04808973 0.07640067 -0.08095385
v -0.03208995 0.07640067 -0.08095379
v -0.06408952 0.07890063 -0.08095390
v -0.06408952 0.07640067 -0.08095390
v -0.03208995 0.07890064 -0.08095379
v -0.06636403 0.07619199 -0.08095390
v -0.07229756 0.07645560 -0.08095392
v -0.07469597 0.07450729 -0.08095393
v -0.07292824 0.07273954 -0.08095393
v -0.07092955 0.07436313 -0.08095392
v -0.06869064 0.07552304 -0.08095391
v -0.06681893 0.07865022 -0.08095391
v -0.06961088 0.07784748 -0.08095392
v -0.04808955 -0.07909724 -0.13095318
v -0.06408941 -0.07909725 -0.10595356
v -0.06408933 -0.07909725 -0.13095323
v -0.03208976 -0.07909724 -0.13095312
v -0.01608997 -0.07909724 -0.13095307
v -0.00009019 -0.07909724 -0.13095302
v -0.00009035 -0.07909724 -0.08095370
v -0.04808971 -0.07909725 -0.08095385
v -0.06408949 -0.07909725 -0.08095390
v -0.01609014 -0.07909724 -0.08095375
v -0.03208992 -0.07909724 -0.08095380
v 0.06390887 -0.07909723 -0.10595315
v 0.01590960 -0.07909723 -0.13095297
v 0.03190938 -0.07909723 -0.13095292
v 0.04790917 -0.07909723 -0.13095287
v 0.06390895 -0.07909722 -0.13095282
v 0.03190922 -0.07909723 -0.08095359
v 0.01590944 -0.07909723 -0.08095364
v 0.06390879 -0.07909723 -0.08095349
v 0.04790901 -0.07909723 -0.08095354
v -0.07908914 -0.05709754 -0.12795332
v -0.07908913 -0.05129762 -0.13095328
v -0.07908913 -0.06409745 -0.13095328
v -0.07908915 -0.04443104 -0.12795332
v -0.07908914 -0.03849780 -0.13095328
v -0.07908915 -0.03176455 -0.12795332
v -0.07908914 -0.05800735 -0.12786984
v -0.07908914 -0.02569798 -0.13095328
v -0.07908915 -0.01909805 -0.12795332
v -0.07908914 -0.01289814 -0.13095327
v -0.07908915 -0.00643156 -0.12795331
v -0.07908914 -0.00009831 -0.13095327
v -0.07908917 -0.06409745 -0.11845344
v -0.07908916 -0.06209748 -0.12295338
v -0.07908916 -0.06201401 -0.12386319
v -0.07908920 -0.06209748 -0.11162021
v -0.07908915 -0.06174642 -0.12479383
v -0.07908914 -0.05893800 -0.12760226
v -0.07908915 -0.05983356 -0.12713831
v -0.07908915 -0.06128247 -0.12568940
v -0.07908915 -0.06063304 -0.12648888
v -0.07908915 0.01270152 -0.13095327
v -0.07908915 0.00623494 -0.12795331
v -0.07908916 0.01890144 -0.12795331
v -0.07908915 0.02550135 -0.13095327
v -0.07908916 0.03156793 -0.12795331
v -0.07908915 0.05110101 -0.13095327
v -0.07908916 0.04423442 -0.12795331
v -0.07908916 0.05690093 -0.12795331
v -0.07908915 0.06390083 -0.13095327
v -0.07908915 0.03830118 -0.13095327
v -0.07908916 0.05781072 -0.12786983
v -0.07908917 0.05963693 -0.12713830
v -0.07908917 0.06043641 -0.12648887
v -0.07908916 0.05874137 -0.12760226
v -0.07908918 0.06181738 -0.12386319
v -0.07908920 0.06390083 -0.11845344
v -0.07908917 0.06108584 -0.12568939
v -0.07908917 0.06154981 -0.12479383
v -0.07908922 0.06190086 -0.11162021
v -0.07908924 0.06390083 -0.10595361
v -0.07908918 0.06190086 -0.12295338
v -0.07908921 -0.06409745 -0.10595361
v -0.07908923 -0.06209748 -0.10028702
v -0.07908927 -0.06209748 -0.08895384
v -0.07908925 -0.06409745 -0.09345378
v -0.07908927 -0.06201401 -0.08804403
v -0.07908929 -0.06409745 -0.08095395
v -0.07908927 -0.06174642 -0.08711340
v -0.07908928 -0.06063304 -0.08541835
v -0.07908928 -0.06128247 -0.08621783
v -0.07908928 -0.05893800 -0.08430497
v -0.07908928 -0.05983356 -0.08476892
v -0.07908928 -0.05800735 -0.08403737
v -0.07908929 -0.04443104 -0.08395391
v -0.07908930 -0.05129762 -0.08095395
v -0.07908930 -0.03849780 -0.08095395
v -0.07908929 -0.05709755 -0.08395391
v -0.07908929 -0.03176456 -0.08395391
v -0.07908930 -0.02569798 -0.08095395
v -0.07908929 -0.01909806 -0.08395391
v -0.07908930 -0.01289814 -0.08095395
v -0.07908929 -0.00643156 -0.08395391
v -0.07908930 -0.00009831 -0.08095395
v -0.07908930 0.00623494 -0.08395391
v -0.07908932 0.06390083 -0.08095395
v -0.07908930 0.06154980 -0.08711339
v -0.07908930 0.06108584 -0.08621783
v -0.07908930 0.05963693 -0.08476891
v -0.07908930 0.05874137 -0.08430496
v -0.07908930 0.06043641 -0.08541835
v -0.07908928 0.06390083 -0.09345378
v -0.07908925 0.06190086 -0.10028701
v -0.07908929 0.06190086 -0.08895384
v -0.07908929 0.06181738 -0.08804403
v -0.07908931 0.01270152 -0.08095395
v -0.07908930 0.01890143 -0.08395391
v -0.07908931 0.02550135 -0.08095395
v -0.07908930 0.03156793 -0.08395391
v -0.07908931 0.03830118 -0.08095395
v -0.07908930 0.04423442 -0.08395391
v -0.07908931 0.05110100 -0.08095395
v -0.07908931 0.05690093 -0.08395391
v -0.07908931 0.05781072 -0.08403736
v 0.06390884 0.07890066 -0.10595315
v 0.06390893 0.07890066 -0.13095281
v 0.04790914 0.07890065 -0.13095286
v 0.03190935 0.07890065 -0.13095291
v 0.01590957 0.07890065 -0.13095297
v -0.00009022 0.07890065 -0.13095302
v 0.04790898 0.07890065 -0.08095354
v 0.06390876 0.07890066 -0.08095348
v 0.03190919 0.07890065 -0.08095359
v 0.01590941 0.07890065 -0.08095364
v -0.00009038 0.07890064 -0.08095369
v -0.06408944 0.07890063 -0.10595356
v -0.01609000 0.07890064 -0.13095307
v -0.03208979 0.07890064 -0.13095312
v -0.04808957 0.07890064 -0.13095317
v -0.06408936 0.07890063 -0.13095322
v -0.01609016 0.07890064 -0.08095374
v -0.04808973 0.07890064 -0.08095385
v -0.03208995 0.07890064 -0.08095379
v -0.06408952 0.07890063 -0.08095390
v 0.07890859 -0.04809764 -0.08095344
v 0.07890867 -0.06409742 -0.10595310
v 0.07890858 -0.03209785 -0.08095344
v 0.07890858 -0.01609807 -0.08095344
v 0.07890858 -0.00009829 -0.08095344
v 0.07890865 0.06390086 -0.10595310
v 0.07890857 0.03190129 -0.08095344
v 0.07890857 0.01590150 -0.08095344
v 0.07890857 0.06390086 -0.08095344
v 0.07890857 0.04790107 -0.08095344
v 0.07890859 -0.06409742 -0.08095344
v 0.07890875 -0.04809764 -0.13095277
v 0.07890875 -0.06409742 -0.13095277
v 0.07890874 -0.03209785 -0.13095277
v 0.07890874 -0.01609807 -0.13095277
v 0.07890874 -0.00009829 -0.13095277
v 0.07890874 0.01590150 -0.13095276
v 0.07890873 0.03190129 -0.13095276
v 0.07890873 0.04790108 -0.13095276
v 0.07890873 0.06390086 -0.13095276
v 0.07890865 0.06390086 -0.10595310
v 0.07890873 0.06390086 -0.13095276
v 0.07865831 0.06663027 -0.13095276
v 0.07646369 0.07210890 -0.13095277
v 0.07785541 0.06942221 -0.08095344
v 0.07785557 0.06942221 -0.13095277
v 0.07451538 0.07450732 -0.13095278
v 0.07646353 0.07210890 -0.08095344
v 0.07865815 0.06663027 -0.08095344
v 0.07890857 0.06390086 -0.08095344
v 0.06943026 0.07784750 -0.13095279
v 0.07211681 0.07645562 -0.08095346
v 0.07211697 0.07645562 -0.13095278
v 0.06390884 0.07890066 -0.10595315
v 0.06663832 0.07865024 -0.13095280
v 0.06390893 0.07890066 -0.13095281
v 0.06943010 0.07784750 -0.08095347
v 0.06663816 0.07865024 -0.08095348
v 0.07451522 0.07450731 -0.08095345
v 0.06390876 0.07890066 -0.08095348
v -0.06408944 0.07890063 -0.10595356
v -0.06408936 0.07890063 -0.13095322
v -0.06681877 0.07865022 -0.13095323
v -0.07229740 0.07645560 -0.13095325
v -0.06961088 0.07784748 -0.08095392
v -0.06961072 0.07784748 -0.13095324
v -0.07469581 0.07450729 -0.13095326
v -0.07229756 0.07645560 -0.08095392
v -0.06681893 0.07865022 -0.08095391
v -0.06408952 0.07890063 -0.08095390
v -0.07664412 0.07210888 -0.13095326
v -0.07469597 0.07450729 -0.08095393
v -0.07803600 0.06942218 -0.13095327
v -0.07664428 0.07210887 -0.08095394
v -0.07908920 0.06390083 -0.11845344
v -0.07883875 0.06663024 -0.13095327
v -0.07908915 0.06390083 -0.13095327
v -0.07803616 0.06942218 -0.08095394
v -0.07908924 0.06390083 -0.10595361
v -0.07883891 0.06663024 -0.08095395
v -0.07908928 0.06390083 -0.09345378
v -0.07908932 0.06390083 -0.08095395
v -0.07883872 -0.06682686 -0.13095328
v -0.07908917 -0.06409745 -0.11845344
v -0.07908913 -0.06409745 -0.13095328
v -0.07908921 -0.06409745 -0.10595361
v -0.07803614 -0.06961881 -0.08095395
v -0.07803598 -0.06961881 -0.13095327
v -0.07664426 -0.07230549 -0.08095394
v -0.07664410 -0.07230549 -0.13095327
v -0.07883888 -0.06682686 -0.08095395
v -0.07908925 -0.06409745 -0.09345378
v -0.07908929 -0.06409745 -0.08095395
v -0.07469579 -0.07470392 -0.13095326
v -0.07469595 -0.07470392 -0.08095394
v -0.07229737 -0.07665221 -0.13095325
v -0.06681874 -0.07884683 -0.13095324
v -0.06961085 -0.07804409 -0.08095392
v -0.06961069 -0.07804409 -0.13095325
v -0.06408941 -0.07909725 -0.10595356
v -0.06408933 -0.07909725 -0.13095323
v -0.07229754 -0.07665221 -0.08095393
v -0.06408949 -0.07909725 -0.08095390
v -0.06681890 -0.07884683 -0.08095391
v 0.06390887 -0.07909723 -0.10595315
v 0.06390895 -0.07909722 -0.13095282
v 0.06663835 -0.07884681 -0.13095281
v 0.07211700 -0.07665219 -0.13095279
v 0.06943013 -0.07804407 -0.08095347
v 0.06943029 -0.07804407 -0.13095280
v 0.07451541 -0.07470389 -0.13095278
v 0.07211683 -0.07665219 -0.08095346
v 0.06663819 -0.07884681 -0.08095348
v 0.06390879 -0.07909723 -0.08095349
v 0.07785560 -0.06961878 -0.13095277
v 0.07646355 -0.07230547 -0.08095345
v 0.07646372 -0.07230547 -0.13095277
v 0.07890867 -0.06409742 -0.10595310
v 0.07865833 -0.06682683 -0.13095277
v 0.07890875 -0.06409742 -0.13095277
v 0.07785543 -0.06961878 -0.08095344
v 0.07865817 -0.06682683 -0.08095344
v 0.07451525 -0.07470390 -0.08095345
v 0.07890859 -0.06409742 -0.08095344
v -0.01237091 0.07337310 -0.12895308
v -0.01209006 0.07190074 -0.12895308
v -0.01209011 0.07190074 -0.11495327
v -0.01326172 0.07472913 -0.10095346
v -0.01326163 0.07472913 -0.12895309
v -0.01461775 0.07561985 -0.10095347
v -0.01461766 0.07561985 -0.12895309
v -0.01609005 0.07590068 -0.11495328
v -0.01609001 0.07590068 -0.12895310
v -0.01237100 0.07337310 -0.10095346
v -0.01609010 0.07590068 -0.10095347
v -0.01209015 0.07190074 -0.10095346
v -0.00156258 0.07561985 -0.12895305
v -0.00291870 0.07472913 -0.10095343
v -0.00291861 0.07472913 -0.12895305
v -0.00380942 0.07337310 -0.10095343
v -0.00380933 0.07337310 -0.12895306
v -0.00409017 0.07190074 -0.12895306
v -0.00409022 0.07190074 -0.11495325
v -0.00009027 0.07590069 -0.11495323
v -0.00009023 0.07590069 -0.12895304
v -0.00156268 0.07561985 -0.10095343
v -0.00009032 0.07590068 -0.10095342
v -0.00409026 0.07190074 -0.10095343
v -0.01180921 0.07042838 -0.12895308
v -0.01209011 0.07190074 -0.11495327
v -0.01209006 0.07190074 -0.12895308
v -0.01180930 0.07042837 -0.10095346
v -0.01091851 0.06907235 -0.12895308
v -0.00956248 0.06818164 -0.12895308
v -0.01091860 0.06907234 -0.10095346
v -0.01209015 0.07190074 -0.10095346
v -0.00956257 0.06818164 -0.10095345
v -0.00809012 0.06790079 -0.12895307
v -0.00809021 0.06790079 -0.10095345
v -0.00661776 0.06818164 -0.12895307
v -0.00661785 0.06818164 -0.10095344
v -0.00437110 0.07042838 -0.10095344
v -0.00526173 0.06907235 -0.12895306
v -0.00437101 0.07042838 -0.12895306
v -0.00409022 0.07190074 -0.11495325
v -0.00409017 0.07190074 -0.12895306
v -0.00409026 0.07190074 -0.10095343
v -0.00923305 0.06904364 -0.10095345
v -0.00694737 0.07018648 -0.10095344
v -0.00923305 0.07018648 -0.10095345
v -0.00694737 0.07361500 -0.10095344
v -0.00466168 0.07475784 -0.10095344
v -0.00694737 0.07475784 -0.10095344
v -0.00923306 0.07361500 -0.10095345
v -0.00923306 0.07475784 -0.10095345
v -0.01151873 0.07361500 -0.10095346
v -0.01151873 0.07475784 -0.10095346
v -0.00526182 0.06907235 -0.10095344
v -0.00694737 0.06904364 -0.10095344
v -0.00661785 0.06818164 -0.10095344
v -0.00437110 0.07042838 -0.10095344
v -0.00809021 0.06790079 -0.10095345
v -0.00720634 0.07101686 -0.10095344
v -0.00763010 0.07073851 -0.10095345
v -0.00809021 0.07065075 -0.10095345
v -0.00380942 0.07337310 -0.10095343
v -0.00466168 0.07361500 -0.10095344
v -0.00409026 0.07190074 -0.10095343
v -0.00466168 0.07132932 -0.10095344
v -0.00684023 0.07190074 -0.10095344
v -0.00692799 0.07236085 -0.10095344
v -0.00692799 0.07144062 -0.10095344
v -0.00720634 0.07278461 -0.10095344
v -0.00956257 0.06818164 -0.10095345
v -0.00855032 0.07073851 -0.10095345
v -0.01091860 0.06907234 -0.10095346
v -0.01180930 0.07042837 -0.10095346
v -0.00897409 0.07101686 -0.10095345
v -0.01151873 0.07132932 -0.10095346
v -0.00925243 0.07144062 -0.10095345
v -0.00934019 0.07190074 -0.10095345
v -0.00925243 0.07236085 -0.10095345
v -0.01209015 0.07190074 -0.10095346
v -0.00897409 0.07278461 -0.10095345
v -0.00291870 0.07472913 -0.10095343
v -0.00809021 0.07315072 -0.10095345
v -0.00763010 0.07306295 -0.10095345
v -0.00649023 0.07590068 -0.10095344
v -0.00329028 0.07590068 -0.10095343
v -0.00169029 0.07590068 -0.10095343
v -0.00156268 0.07561985 -0.10095343
v -0.00009032 0.07590068 -0.10095342
v -0.00489025 0.07590068 -0.10095344
v -0.00809021 0.07590068 -0.10095345
v -0.00969019 0.07590068 -0.10095345
v -0.00855032 0.07306295 -0.10095345
v -0.01326172 0.07472913 -0.10095346
v -0.01237100 0.07337310 -0.10095346
v -0.01289014 0.07590068 -0.10095346
v -0.01129016 0.07590068 -0.10095346
v -0.01449012 0.07590068 -0.10095347
v -0.01461775 0.07561985 -0.10095347
v -0.01609010 0.07590068 -0.10095347
v -0.00694734 -0.07495444 -0.10095345
v -0.00466166 -0.07381160 -0.10095344
v -0.00694734 -0.07381160 -0.10095345
v -0.00923303 -0.07495444 -0.10095346
v -0.00923303 -0.07381160 -0.10095346
v -0.01151870 -0.07495444 -0.10095346
v -0.01151870 -0.07381160 -0.10095346
v -0.00923303 -0.07038308 -0.10095346
v -0.00694734 -0.06924023 -0.10095345
v -0.00923303 -0.06924023 -0.10095346
v -0.00169027 -0.07609728 -0.10095343
v -0.00009029 -0.07609728 -0.10095343
v -0.00156265 -0.07581644 -0.10095343
v -0.00329025 -0.07609728 -0.10095344
v -0.00466166 -0.07495444 -0.10095344
v -0.00489022 -0.07609728 -0.10095344
v -0.00649020 -0.07609728 -0.10095345
v -0.00809018 -0.07609728 -0.10095345
v -0.00291868 -0.07492572 -0.10095343
v -0.00380939 -0.07356969 -0.10095344
v -0.00720631 -0.07298121 -0.10095345
v -0.00763007 -0.07325956 -0.10095345
v -0.00409024 -0.07209733 -0.10095344
v -0.00809018 -0.07334732 -0.10095345
v -0.00969016 -0.07609728 -0.10095346
v -0.01129014 -0.07609728 -0.10095346
v -0.01289011 -0.07609728 -0.10095347
v -0.01461772 -0.07581645 -0.10095347
v -0.01449009 -0.07609728 -0.10095347
v -0.01609007 -0.07609728 -0.10095348
v -0.01326169 -0.07492573 -0.10095347
v -0.00855030 -0.07325956 -0.10095345
v -0.00897406 -0.07298121 -0.10095345
v -0.01237097 -0.07356969 -0.10095347
v -0.01151870 -0.07152592 -0.10095346
v -0.00925240 -0.07255745 -0.10095346
v -0.00934017 -0.07209733 -0.10095346
v -0.00466166 -0.07152592 -0.10095344
v -0.00684020 -0.07209733 -0.10095345
v -0.00692796 -0.07255745 -0.10095345
v -0.00437108 -0.07062498 -0.10095344
v -0.00692796 -0.07163722 -0.10095345
v -0.00720631 -0.07121346 -0.10095345
v -0.00526180 -0.06926895 -0.10095344
v -0.00694734 -0.07038308 -0.10095345
v -0.00661783 -0.06837823 -0.10095345
v -0.00809018 -0.07084735 -0.10095345
v -0.00763007 -0.07093512 -0.10095345
v -0.00809018 -0.06809739 -0.10095345
v -0.01209013 -0.07209733 -0.10095346
v -0.00925240 -0.07163722 -0.10095346
v -0.00897406 -0.07121346 -0.10095345
v -0.01180928 -0.07062499 -0.10095346
v -0.00855030 -0.07093512 -0.10095345
v -0.01091857 -0.06926895 -0.10095346
v -0.00956254 -0.06837824 -0.10095346
v -0.00380930 -0.07356969 -0.12895306
v -0.00409015 -0.07209733 -0.12895306
v -0.00409019 -0.07209733 -0.11495325
v -0.00291868 -0.07492572 -0.10095343
v -0.00291859 -0.07492572 -0.12895306
v -0.00156265 -0.07581644 -0.10095343
v -0.00156256 -0.07581644 -0.12895305
v -0.00009024 -0.07609728 -0.11495324
v -0.00009020 -0.07609728 -0.12895305
v -0.00380939 -0.07356969 -0.10095344
v -0.00009029 -0.07609728 -0.10095343
v -0.00409024 -0.07209733 -0.10095344
v -0.00437099 -0.07062498 -0.12895306
v -0.00409019 -0.07209733 -0.11495325
v -0.00409015 -0.07209733 -0.12895306
v -0.00437108 -0.07062498 -0.10095344
v -0.00526170 -0.06926895 -0.12895307
v -0.00661774 -0.06837823 -0.12895307
v -0.00526180 -0.06926895 -0.10095344
v -0.00409024 -0.07209733 -0.10095344
v -0.00661783 -0.06837823 -0.10095345
v -0.00809009 -0.06809738 -0.12895307
v -0.00809018 -0.06809739 -0.10095345
v -0.00956245 -0.06837823 -0.12895308
v -0.01180919 -0.07062499 -0.12895309
v -0.01091857 -0.06926895 -0.10095346
v -0.01091848 -0.06926895 -0.12895308
v -0.01209008 -0.07209733 -0.11495328
v -0.01209004 -0.07209733 -0.12895309
v -0.00956254 -0.06837824 -0.10095346
v -0.01209013 -0.07209733 -0.10095346
v -0.01180928 -0.07062499 -0.10095346
v -0.01461763 -0.07581644 -0.12895310
v -0.01608998 -0.07609728 -0.12895310
v -0.01609003 -0.07609728 -0.11495329
v -0.01326169 -0.07492573 -0.10095347
v -0.01326160 -0.07492572 -0.12895309
v -0.01237097 -0.07356969 -0.10095347
v -0.01237088 -0.07356969 -0.12895309
v -0.01209008 -0.07209733 -0.11495328
v -0.01209004 -0.07209733 -0.12895309
v -0.01461772 -0.07581645 -0.10095347
v -0.01209013 -0.07209733 -0.10095346
v -0.01609007 -0.07609728 -0.10095348
v 0.03262849 0.07337311 -0.12895294
v 0.03290934 0.07190075 -0.12895294
v 0.03290929 0.07190074 -0.11495313
v 0.03173769 0.07472914 -0.10095332
v 0.03173778 0.07472914 -0.12895294
v 0.03038166 0.07561986 -0.10095332
v 0.03038175 0.07561986 -0.12895295
v 0.02890934 0.07590069 -0.11495314
v 0.02890939 0.07590069 -0.12895295
v 0.03262840 0.07337311 -0.10095332
v 0.02890930 0.07590069 -0.10095333
v 0.03290925 0.07190074 -0.10095332
v 0.04343680 0.07561986 -0.12895290
v 0.04490917 0.07590069 -0.12895290
v 0.04490913 0.07590069 -0.11495309
v 0.04208069 0.07472914 -0.10095329
v 0.04208078 0.07472914 -0.12895291
v 0.04118998 0.07337311 -0.10095329
v 0.04119007 0.07337311 -0.12895291
v 0.04090918 0.07190075 -0.11495310
v 0.04090923 0.07190075 -0.12895291
v 0.04343671 0.07561986 -0.10095328
v 0.04090914 0.07190075 -0.10095329
v 0.04490908 0.07590069 -0.10095328
v 0.03290929 0.07190074 -0.11495313
v 0.03290934 0.07190075 -0.12895294
v 0.03319017 0.07042838 -0.12895294
v 0.03543692 0.06818165 -0.12895293
v 0.03408080 0.06907235 -0.10095331
v 0.03408089 0.06907235 -0.12895293
v 0.03690928 0.06790080 -0.12895293
v 0.03543683 0.06818165 -0.10095331
v 0.03319008 0.07042838 -0.10095331
v 0.03290925 0.07190074 -0.10095332
v 0.03973767 0.06907235 -0.12895292
v 0.03838155 0.06818165 -0.10095330
v 0.03838164 0.06818165 -0.12895292
v 0.04090918 0.07190075 -0.11495310
v 0.04062838 0.07042838 -0.12895291
v 0.04090923 0.07190075 -0.12895291
v 0.04062829 0.07042838 -0.10095329
v 0.03690919 0.06790080 -0.10095330
v 0.04090914 0.07190075 -0.10095329
v 0.03576634 0.06904364 -0.10095331
v 0.03805204 0.07018649 -0.10095330
v 0.03576634 0.07018649 -0.10095331
v 0.03805204 0.07361501 -0.10095330
v 0.04033771 0.07475785 -0.10095329
v 0.03805204 0.07475785 -0.10095330
v 0.03576633 0.07361501 -0.10095331
v 0.03576633 0.07475785 -0.10095331
v 0.03348066 0.07361501 -0.10095331
v 0.03348066 0.07475785 -0.10095331
v 0.03973758 0.06907235 -0.10095329
v 0.03805204 0.06904364 -0.10095330
v 0.03838155 0.06818165 -0.10095330
v 0.04062829 0.07042838 -0.10095329
v 0.03736931 0.07073852 -0.10095330
v 0.03690919 0.07065076 -0.10095330
v 0.03779306 0.07101687 -0.10095330
v 0.03690919 0.06790080 -0.10095330
v 0.04118998 0.07337311 -0.10095329
v 0.04033772 0.07361501 -0.10095329
v 0.04090914 0.07190075 -0.10095329
v 0.04033772 0.07132933 -0.10095329
v 0.03815917 0.07190075 -0.10095330
v 0.03807141 0.07236086 -0.10095330
v 0.03807141 0.07144063 -0.10095330
v 0.03779306 0.07278461 -0.10095330
v 0.03644907 0.07073852 -0.10095330
v 0.03543683 0.06818165 -0.10095331
v 0.03408080 0.06907235 -0.10095331
v 0.03319008 0.07042838 -0.10095331
v 0.03602532 0.07101687 -0.10095331
v 0.03348066 0.07132933 -0.10095331
v 0.03574697 0.07144063 -0.10095331
v 0.03565921 0.07190074 -0.10095331
v 0.03574697 0.07236086 -0.10095331
v 0.03290925 0.07190074 -0.10095332
v 0.03602532 0.07278461 -0.10095331
v 0.04208069 0.07472914 -0.10095329
v 0.03690919 0.07315073 -0.10095330
v 0.03736931 0.07306296 -0.10095330
v 0.03850916 0.07590069 -0.10095330
v 0.04170913 0.07590069 -0.10095329
v 0.04330911 0.07590069 -0.10095328
v 0.04343671 0.07561986 -0.10095328
v 0.04490908 0.07590069 -0.10095328
v 0.04010915 0.07590069 -0.10095329
v 0.03690919 0.07590069 -0.10095330
v 0.03644907 0.07306296 -0.10095330
v 0.03173769 0.07472914 -0.10095332
v 0.03262840 0.07337311 -0.10095332
v 0.03530921 0.07590069 -0.10095331
v 0.03210926 0.07590069 -0.10095332
v 0.03370923 0.07590069 -0.10095331
v 0.03050928 0.07590069 -0.10095332
v 0.03038166 0.07561986 -0.10095332
v 0.02890930 0.07590069 -0.10095333
v 0.03805206 -0.07495443 -0.10095330
v 0.04033774 -0.07381159 -0.10095330
v 0.03805206 -0.07381159 -0.10095330
v 0.03576636 -0.07495443 -0.10095331
v 0.03576636 -0.07381159 -0.10095331
v 0.03348068 -0.07495443 -0.10095332
v 0.03348068 -0.07381159 -0.10095332
v 0.03576636 -0.07038307 -0.10095331
v 0.03805206 -0.06924022 -0.10095330
v 0.03576636 -0.06924022 -0.10095331
v 0.04330913 -0.07609727 -0.10095329
v 0.04490911 -0.07609727 -0.10095328
v 0.04343674 -0.07581644 -0.10095329
v 0.04208072 -0.07492572 -0.10095329
v 0.04170915 -0.07609727 -0.10095329
v 0.04033774 -0.07495443 -0.10095330
v 0.04010918 -0.07609727 -0.10095330
v 0.03850919 -0.07609727 -0.10095330
v 0.04119000 -0.07356969 -0.10095329
v 0.03779309 -0.07298120 -0.10095330
v 0.03736933 -0.07325955 -0.10095330
v 0.03690922 -0.07334731 -0.10095331
v 0.03690922 -0.07609727 -0.10095331
v 0.04090916 -0.07209732 -0.10095329
v 0.03530924 -0.07609727 -0.10095331
v 0.03370926 -0.07609727 -0.10095332
v 0.03210928 -0.07609727 -0.10095332
v 0.03038168 -0.07581644 -0.10095333
v 0.03050930 -0.07609727 -0.10095333
v 0.02890932 -0.07609727 -0.10095333
v 0.03173772 -0.07492572 -0.10095332
v 0.03602534 -0.07298120 -0.10095331
v 0.03262843 -0.07356969 -0.10095332
v 0.03348068 -0.07152591 -0.10095332
v 0.03574699 -0.07255744 -0.10095331
v 0.03565923 -0.07209732 -0.10095331
v 0.03644909 -0.07325955 -0.10095331
v 0.04033774 -0.07152591 -0.10095330
v 0.03815920 -0.07209732 -0.10095330
v 0.03807143 -0.07255744 -0.10095330
v 0.04062832 -0.07062498 -0.10095329
v 0.03807143 -0.07163722 -0.10095330
v 0.03779309 -0.07121346 -0.10095330
v 0.03973761 -0.06926894 -0.10095330
v 0.03805206 -0.07038307 -0.10095330
v 0.03838158 -0.06837823 -0.10095330
v 0.03690922 -0.07084734 -0.10095331
v 0.03736933 -0.07093511 -0.10095330
v 0.03690922 -0.06809738 -0.10095331
v 0.03574699 -0.07163722 -0.10095331
v 0.03602534 -0.07121346 -0.10095331
v 0.03319011 -0.07062498 -0.10095332
v 0.03290927 -0.07209732 -0.10095332
v 0.03644909 -0.07093511 -0.10095331
v 0.03408082 -0.06926894 -0.10095332
v 0.03543685 -0.06837823 -0.10095331
v 0.04119009 -0.07356968 -0.12895292
v 0.04090925 -0.07209732 -0.12895292
v 0.04090921 -0.07209732 -0.11495310
v 0.04208072 -0.07492572 -0.10095329
v 0.04208081 -0.07492571 -0.12895291
v 0.04343674 -0.07581644 -0.10095329
v 0.04343683 -0.07581643 -0.12895291
v 0.04490916 -0.07609727 -0.11495309
v 0.04490920 -0.07609727 -0.12895290
v 0.04119000 -0.07356969 -0.10095329
v 0.04490911 -0.07609727 -0.10095328
v 0.04090916 -0.07209732 -0.10095329
v 0.04062841 -0.07062498 -0.12895292
v 0.04090921 -0.07209732 -0.11495310
v 0.04090925 -0.07209732 -0.12895292
v 0.04062832 -0.07062498 -0.10095329
v 0.03973770 -0.06926894 -0.12895292
v 0.03838167 -0.06837823 -0.12895292
v 0.03973761 -0.06926894 -0.10095330
v 0.04090916 -0.07209732 -0.10095329
v 0.03838158 -0.06837823 -0.10095330
v 0.03690931 -0.06809738 -0.12895293
v 0.03690922 -0.06809738 -0.10095331
v 0.03543694 -0.06837823 -0.12895293
v 0.03319020 -0.07062498 -0.12895294
v 0.03408082 -0.06926894 -0.10095332
v 0.03408091 -0.06926894 -0.12895294
v 0.03290932 -0.07209732 -0.11495313
v 0.03290936 -0.07209732 -0.12895294
v 0.03543685 -0.06837823 -0.10095331
v 0.03290927 -0.07209732 -0.10095332
v 0.03319011 -0.07062498 -0.10095332
v 0.03038178 -0.07581644 -0.12895295
v 0.02890942 -0.07609727 -0.12895296
v 0.02890937 -0.07609727 -0.11495314
v 0.03173772 -0.07492572 -0.10095332
v 0.03173781 -0.07492572 -0.12895295
v 0.03262843 -0.07356969 -0.10095332
v 0.03262852 -0.07356969 -0.12895294
v 0.03290932 -0.07209732 -0.11495313
v 0.03290936 -0.07209732 -0.12895294
v 0.03038168 -0.07581644 -0.10095333
v 0.03290927 -0.07209732 -0.10095332
v 0.02890932 -0.07609727 -0.10095333
v 0.07362300 0.03647266 -0.10595312
v 0.07476584 0.03875834 -0.10595311
v 0.07362300 0.03875834 -0.10595312
v 0.07476584 0.04104401 -0.10595311
v 0.07362300 0.04104401 -0.10595312
v 0.06905164 0.03875833 -0.10595313
v 0.07019448 0.04104401 -0.10595313
v 0.06905164 0.04104401 -0.10595313
v 0.07476584 0.04332970 -0.10595311
v 0.07362300 0.04332970 -0.10595312
v 0.07562784 0.03337364 -0.10595311
v 0.07590869 0.03190129 -0.10595311
v 0.07590869 0.03350127 -0.10595311
v 0.07590869 0.03510125 -0.10595311
v 0.07473713 0.03472967 -0.10595311
v 0.07476584 0.03647266 -0.10595311
v 0.07338109 0.03562039 -0.10595312
v 0.07590869 0.03670122 -0.10595311
v 0.07590869 0.03830120 -0.10595311
v 0.07279261 0.03901730 -0.10595312
v 0.07315873 0.03990118 -0.10595312
v 0.07307096 0.03944107 -0.10595312
v 0.07236886 0.03873896 -0.10595312
v 0.07190874 0.03865120 -0.10595312
v 0.07133731 0.03647266 -0.10595313
v 0.07590869 0.03990118 -0.10595311
v 0.07190874 0.03590123 -0.10595312
v 0.07144862 0.03873896 -0.10595312
v 0.07102487 0.03901730 -0.10595313
v 0.07043638 0.03618207 -0.10595313
v 0.07019448 0.03875834 -0.10595313
v 0.06908035 0.03707279 -0.10595313
v 0.06818963 0.03842882 -0.10595314
v 0.07074652 0.03944107 -0.10595313
v 0.07065876 0.03990118 -0.10595313
v 0.06790880 0.03990118 -0.10595314
v 0.07590869 0.04150116 -0.10595311
v 0.07307096 0.04036130 -0.10595312
v 0.07279261 0.04078505 -0.10595312
v 0.07590869 0.04310114 -0.10595311
v 0.07590869 0.04470112 -0.10595311
v 0.07562784 0.04642871 -0.10595311
v 0.07590869 0.04630110 -0.10595311
v 0.07590869 0.04790107 -0.10595311
v 0.07473713 0.04507268 -0.10595311
v 0.07338109 0.04418197 -0.10595312
v 0.07190874 0.04390113 -0.10595312
v 0.07043638 0.04362028 -0.10595313
v 0.07102487 0.04078505 -0.10595313
v 0.07074652 0.04036130 -0.10595313
v 0.06908035 0.04272957 -0.10595313
v 0.06818963 0.04137354 -0.10595314
v 0.07144862 0.04106340 -0.10595312
v 0.07133731 0.04332970 -0.10595313
v 0.07236886 0.04106340 -0.10595312
v 0.07190874 0.04115116 -0.10595312
v 0.07043646 0.04362028 -0.12895282
v 0.07190878 0.04390113 -0.11745297
v 0.07190882 0.04390113 -0.12895281
v 0.07043638 0.04362028 -0.10595313
v 0.06908043 0.04272957 -0.12895282
v 0.06818971 0.04137354 -0.12895283
v 0.06908035 0.04272957 -0.10595313
v 0.07190874 0.04390113 -0.10595312
v 0.06818963 0.04137354 -0.10595314
v 0.06790887 0.03990118 -0.12895283
v 0.06790880 0.03990118 -0.10595314
v 0.06818971 0.03842882 -0.12895283
v 0.07043646 0.03618207 -0.12895282
v 0.06908035 0.03707279 -0.10595313
v 0.06908043 0.03707279 -0.12895282
v 0.07190878 0.03590123 -0.11745297
v 0.07190882 0.03590123 -0.12895281
v 0.06818963 0.03842882 -0.10595314
v 0.07190874 0.03590123 -0.10595312
v 0.07043638 0.03618207 -0.10595313
v 0.07562792 0.03337364 -0.12895280
v 0.07590877 0.03190129 -0.12895280
v 0.07590873 0.03190129 -0.11745296
v 0.07473713 0.03472967 -0.10595311
v 0.07473720 0.03472967 -0.12895280
v 0.07338109 0.03562039 -0.10595312
v 0.07338117 0.03562039 -0.12895281
v 0.07190878 0.03590123 -0.11745297
v 0.07190882 0.03590123 -0.12895281
v 0.07562784 0.03337364 -0.10595311
v 0.07190874 0.03590123 -0.10595312
v 0.07590869 0.03190129 -0.10595311
v 0.07338116 0.04418197 -0.12895281
v 0.07190882 0.04390113 -0.12895281
v 0.07190878 0.04390113 -0.11745297
v 0.07473713 0.04507268 -0.10595311
v 0.07473720 0.04507268 -0.12895280
v 0.07562784 0.04642871 -0.10595311
v 0.07562791 0.04642871 -0.12895280
v 0.07590873 0.04790107 -0.11745296
v 0.07590876 0.04790107 -0.12895280
v 0.07338109 0.04418197 -0.10595312
v 0.07590869 0.04790107 -0.10595311
v 0.07190874 0.04390113 -0.10595312
v 0.07562793 -0.04662528 -0.12895280
v 0.07590878 -0.04809764 -0.12895280
v 0.07590874 -0.04809764 -0.11745296
v 0.07473714 -0.04526925 -0.10595312
v 0.07473722 -0.04526925 -0.12895281
v 0.07338111 -0.04437854 -0.10595312
v 0.07338118 -0.04437854 -0.12895281
v 0.07190880 -0.04409769 -0.11745297
v 0.07190883 -0.04409769 -0.12895282
v 0.07562786 -0.04662528 -0.10595311
v 0.07190876 -0.04409769 -0.10595313
v 0.07590871 -0.04809764 -0.10595311
v 0.07043647 -0.03637865 -0.12895282
v 0.07190879 -0.03609780 -0.11745297
v 0.07190883 -0.03609780 -0.12895282
v 0.07043640 -0.03637865 -0.10595313
v 0.06908044 -0.03726935 -0.12895282
v 0.06818972 -0.03862539 -0.12895283
v 0.06908037 -0.03726936 -0.10595313
v 0.07190876 -0.03609780 -0.10595313
v 0.06818965 -0.03862539 -0.10595314
v 0.06790889 -0.04009775 -0.12895283
v 0.06790881 -0.04009775 -0.10595314
v 0.06818972 -0.04157011 -0.12895283
v 0.07043647 -0.04381685 -0.12895282
v 0.06908037 -0.04292614 -0.10595313
v 0.06908044 -0.04292614 -0.12895282
v 0.07190880 -0.04409769 -0.11745297
v 0.07190883 -0.04409769 -0.12895282
v 0.06818965 -0.04157011 -0.10595314
v 0.07190876 -0.04409769 -0.10595313
v 0.07043640 -0.04381685 -0.10595313
v 0.07338118 -0.03581695 -0.12895281
v 0.07473714 -0.03492625 -0.10595312
v 0.07473722 -0.03492625 -0.12895281
v 0.07562785 -0.03357022 -0.10595311
v 0.07562793 -0.03357021 -0.12895280
v 0.07590878 -0.03209785 -0.12895280
v 0.07590874 -0.03209785 -0.11745296
v 0.07190879 -0.03609780 -0.11745297
v 0.07190883 -0.03609780 -0.12895282
v 0.07338110 -0.03581695 -0.10595312
v 0.07190876 -0.03609780 -0.10595313
v 0.07590870 -0.03209785 -0.10595311
v 0.07362302 -0.04352627 -0.10595312
v 0.07476585 -0.04124059 -0.10595312
v 0.07362301 -0.04124059 -0.10595312
v 0.07476585 -0.03895491 -0.10595312
v 0.07362301 -0.03895491 -0.10595312
v 0.06905166 -0.04124059 -0.10595313
v 0.07019449 -0.03895491 -0.10595313
v 0.06905166 -0.03895491 -0.10595313
v 0.07476585 -0.03666922 -0.10595312
v 0.07362301 -0.03666922 -0.10595312
v 0.07562786 -0.04662528 -0.10595311
v 0.07590871 -0.04809764 -0.10595311
v 0.07590871 -0.04649766 -0.10595311
v 0.07590871 -0.04489768 -0.10595311
v 0.07473714 -0.04526925 -0.10595312
v 0.07476585 -0.04352627 -0.10595312
v 0.07338111 -0.04437854 -0.10595312
v 0.07590871 -0.04329770 -0.10595311
v 0.07590870 -0.04169772 -0.10595311
v 0.07590870 -0.04009775 -0.10595311
v 0.07279263 -0.04098162 -0.10595312
v 0.07315874 -0.04009775 -0.10595312
v 0.07236887 -0.04125997 -0.10595312
v 0.07190876 -0.04134773 -0.10595313
v 0.07133732 -0.04352627 -0.10595313
v 0.07307097 -0.04055786 -0.10595312
v 0.07190876 -0.04409769 -0.10595313
v 0.07144864 -0.04125997 -0.10595313
v 0.07102488 -0.04098162 -0.10595313
v 0.07043640 -0.04381685 -0.10595313
v 0.07019449 -0.04124059 -0.10595313
v 0.06908037 -0.04292614 -0.10595313
v 0.06818965 -0.04157011 -0.10595314
v 0.07074653 -0.04055786 -0.10595313
v 0.06790881 -0.04009775 -0.10595314
v 0.07065877 -0.04009775 -0.10595313
v 0.07590870 -0.03849777 -0.10595311
v 0.07590870 -0.03689779 -0.10595311
v 0.07279263 -0.03921388 -0.10595312
v 0.07307097 -0.03963764 -0.10595312
v 0.07590870 -0.03529781 -0.10595311
v 0.07562785 -0.03357022 -0.10595311
v 0.07590870 -0.03369783 -0.10595311
v 0.07590870 -0.03209785 -0.10595311
v 0.07236887 -0.03893553 -0.10595312
v 0.07473714 -0.03492625 -0.10595312
v 0.07338110 -0.03581695 -0.10595312
v 0.07190876 -0.03609780 -0.10595313
v 0.07043640 -0.03637865 -0.10595313
v 0.07102488 -0.03921388 -0.10595313
v 0.07074653 -0.03963764 -0.10595313
v 0.06908037 -0.03726936 -0.10595313
v 0.06818965 -0.03862539 -0.10595314
v 0.07144864 -0.03893553 -0.10595313
v 0.07133732 -0.03666922 -0.10595313
v 0.07190876 -0.03884776 -0.10595313
v 0.06618343 0.07619201 -0.12895283
v 0.06851004 0.07552306 -0.12895282
v 0.06409295 0.07305717 -0.12895284
v 0.06440891 0.07140076 -0.12895284
v 0.07178754 0.07360515 -0.12895281
v 0.06786899 0.06856303 -0.12895283
v 0.07074895 0.07436316 -0.12895282
v 0.06965002 0.07500426 -0.12895282
v 0.07274762 0.07273957 -0.12895281
v 0.06829274 0.06828468 -0.12895282
v 0.05324239 0.07640069 -0.12895287
v 0.05990897 0.07590070 -0.12895285
v 0.05240907 0.07590069 -0.12895288
v 0.06156537 0.07558475 -0.12895285
v 0.06390892 0.07640069 -0.12895284
v 0.06309091 0.07458269 -0.12895284
v 0.04490917 0.07590069 -0.12895290
v 0.07361320 0.07177948 -0.12895281
v 0.07501233 0.06964196 -0.12895280
v 0.06857109 0.06786093 -0.12895282
v 0.07437122 0.07074089 -0.12895280
v 0.06740887 0.06865079 -0.12895283
v 0.06865886 0.06740081 -0.12895282
v 0.07553112 0.06850198 -0.12895280
v 0.07140882 0.06440085 -0.12895281
v 0.06652500 0.06828468 -0.12895283
v 0.06387950 0.06928313 -0.12895284
v 0.06694875 0.06856303 -0.12895283
v 0.06624665 0.06786093 -0.12895283
v 0.06615889 0.06740081 -0.12895283
v 0.06347314 0.06811469 -0.12895284
v 0.04257587 0.07640069 -0.12895291
v 0.04208078 0.07472914 -0.12895291
v 0.03190935 0.07640068 -0.12895294
v 0.02890939 0.07590069 -0.12895295
v 0.02124282 0.07640068 -0.12895298
v 0.03173778 0.07472914 -0.12895294
v 0.03038175 0.07561986 -0.12895295
v 0.01924285 0.07590069 -0.12895298
v 0.04343680 0.07561986 -0.12895290
v -0.00009023 0.07590069 -0.12895304
v -0.00009023 0.07640068 -0.12895304
v 0.00957631 0.07590069 -0.12895301
v 0.01057629 0.07640068 -0.12895301
v -0.00156258 0.07561985 -0.12895305
v -0.01075675 0.07640068 -0.12895308
v -0.00291861 0.07472913 -0.12895305
v 0.03290934 0.07190075 -0.12895294
v 0.04119007 0.07337311 -0.12895291
v 0.04090923 0.07190075 -0.12895291
v 0.03262849 0.07337311 -0.12895294
v 0.03408089 0.06907235 -0.12895293
v 0.03973767 0.06907235 -0.12895292
v 0.03838164 0.06818165 -0.12895292
v 0.03690928 0.06790080 -0.12895293
v 0.04062838 0.07042838 -0.12895291
v -0.00655599 0.07250809 -0.12895307
v -0.00380933 0.07337310 -0.12895306
v -0.00409017 0.07190074 -0.12895306
v 0.03319017 0.07042838 -0.12895294
v 0.03543692 0.06818165 -0.12895293
v -0.00692341 0.07306746 -0.12895307
v 0.07640875 0.06390086 -0.12895280
v 0.07459075 0.06308285 -0.12895280
v 0.07620007 0.06617537 -0.12895280
v 0.07640876 0.05323433 -0.12895280
v 0.07590876 0.05990091 -0.12895280
v 0.07559280 0.06155731 -0.12895280
v 0.07590876 0.05390099 -0.12895280
v 0.07590876 0.04790107 -0.12895280
v 0.07640876 0.04256781 -0.12895280
v 0.07562791 0.04642871 -0.12895280
v 0.07306522 0.06408491 -0.12895281
v 0.07251616 0.04143531 -0.12895281
v 0.07190882 0.04390113 -0.12895281
v 0.07338116 0.04418197 -0.12895281
v 0.07473720 0.04507268 -0.12895280
v 0.06857109 0.06694070 -0.12895282
v 0.07344295 0.04050852 -0.12895281
v 0.07355880 0.03990118 -0.12895281
v 0.07344295 0.03929383 -0.12895281
v 0.07307552 0.04106789 -0.12895281
v 0.07473720 0.03472967 -0.12895280
v 0.07307552 0.03873447 -0.12895281
v 0.07562792 0.03337364 -0.12895280
v 0.07640876 0.03190129 -0.12895280
v 0.07338117 0.03562039 -0.12895281
v 0.07190882 0.04155116 -0.12895281
v 0.07251616 0.03836705 -0.12895281
v 0.07190882 0.03590123 -0.12895281
v 0.07190882 0.03825120 -0.12895281
v 0.07043646 0.04362028 -0.12895282
v 0.07043646 0.03618207 -0.12895282
v 0.06829274 0.06651694 -0.12895282
v 0.06929119 0.06387144 -0.12895282
v 0.06786899 0.06623859 -0.12895283
v 0.06812273 0.06346508 -0.12895283
v 0.06740887 0.06615083 -0.12895283
v 0.06694875 0.06623859 -0.12895283
v 0.06682014 0.06344442 -0.12895283
v 0.06558000 0.06384345 -0.12895283
v 0.06345249 0.06681209 -0.12895284
v 0.06624665 0.06694070 -0.12895283
v 0.06385151 0.06557193 -0.12895284
v 0.06458048 0.06457242 -0.12895284
v 0.06652500 0.06651694 -0.12895283
v 0.07074210 0.04106789 -0.12895282
v 0.07130147 0.04143531 -0.12895282
v 0.06908043 0.04272957 -0.12895282
v 0.07130147 0.03836705 -0.12895282
v 0.06908043 0.03707279 -0.12895282
v 0.07074210 0.03873447 -0.12895282
v 0.07037469 0.04050852 -0.12895282
v 0.06818971 0.04137354 -0.12895283
v 0.07025883 0.03990118 -0.12895282
v 0.06790887 0.03990118 -0.12895283
v 0.06818971 0.03842882 -0.12895283
v 0.07037469 0.03929383 -0.12895282
v -0.01461766 0.07561985 -0.12895309
v -0.01326163 0.07472913 -0.12895309
v -0.01237091 0.07337310 -0.12895308
v -0.01609001 0.07590068 -0.12895310
v -0.00748277 0.07343487 -0.12895307
v -0.00809012 0.07355072 -0.12895307
v -0.00925683 0.07306745 -0.12895307
v -0.00869747 0.07343487 -0.12895307
v -0.01908997 0.07590068 -0.12895311
v -0.02142328 0.07640068 -0.12895311
v -0.02056234 0.07561985 -0.12895311
v -0.03208979 0.07640067 -0.12895315
v -0.02191836 0.07472913 -0.12895312
v -0.02308991 0.07190074 -0.12895312
v -0.03137065 0.07337310 -0.12895315
v -0.02280908 0.07337310 -0.12895312
v -0.00437101 0.07042838 -0.12895306
v -0.00655599 0.07129339 -0.12895307
v -0.00644014 0.07190074 -0.12895307
v -0.00962425 0.07129338 -0.12895308
v -0.00925683 0.07073404 -0.12895307
v -0.01091851 0.06907235 -0.12895308
v -0.00692341 0.07073404 -0.12895307
v -0.00526173 0.06907235 -0.12895306
v -0.03108981 0.07190073 -0.12895314
v -0.03080897 0.07042837 -0.12895314
v -0.00962425 0.07250809 -0.12895308
v -0.01209006 0.07190074 -0.12895308
v -0.01180921 0.07042838 -0.12895308
v -0.00974009 0.07190074 -0.12895308
v -0.03808971 0.07590068 -0.12895317
v -0.04275632 0.07640067 -0.12895318
v -0.03361739 0.07561985 -0.12895315
v -0.03508975 0.07590068 -0.12895316
v -0.05126111 0.07472912 -0.12895321
v -0.05261714 0.07561984 -0.12895321
v -0.03956207 0.07561984 -0.12895317
v -0.04091811 0.07472912 -0.12895318
v -0.03226136 0.07472913 -0.12895315
v -0.05342285 0.07640067 -0.12895322
v -0.06394808 0.07371594 -0.12895325
v -0.06636388 0.07619199 -0.12895326
v -0.06408936 0.07640067 -0.12895325
v -0.06008942 0.07590068 -0.12895324
v -0.05408950 0.07590068 -0.12895322
v -0.06230653 0.07531658 -0.12895325
v -0.06458793 0.07151427 -0.12895325
v -0.06869048 0.07552304 -0.12895327
v -0.04180882 0.07337309 -0.12895318
v -0.05037040 0.07337309 -0.12895321
v -0.05008955 0.07190073 -0.12895321
v -0.04208966 0.07190073 -0.12895318
v -0.04980871 0.07042837 -0.12895321
v -0.06983047 0.07500424 -0.12895327
v -0.06804944 0.06856300 -0.12895326
v -0.07092939 0.07436313 -0.12895327
v -0.07196799 0.07360513 -0.12895328
v -0.06847319 0.06828466 -0.12895327
v -0.07379366 0.07177946 -0.12895328
v -0.07292808 0.07273954 -0.12895328
v -0.06875153 0.06786090 -0.12895327
v -0.07455167 0.07074086 -0.12895328
v -0.06758932 0.06865077 -0.12895326
v -0.00748277 0.07036661 -0.12895307
v -0.00869747 0.07036661 -0.12895307
v -0.00956248 0.06818164 -0.12895308
v -0.00809012 0.07025076 -0.12895307
v -0.00661776 0.06818164 -0.12895307
v -0.04237050 0.07042837 -0.12895318
v -0.04326121 0.06907234 -0.12895318
v -0.04756197 0.06818163 -0.12895320
v -0.04891800 0.06907234 -0.12895320
v -0.02337076 0.07042837 -0.12895312
v -0.02856223 0.06818164 -0.12895314
v -0.02426147 0.06907234 -0.12895312
v -0.06405995 0.06928311 -0.12895325
v -0.06670545 0.06828466 -0.12895326
v -0.02991825 0.06907234 -0.12895314
v -0.02561750 0.06818164 -0.12895313
v -0.02708986 0.06790079 -0.12895313
v -0.00809012 0.06790079 -0.12895307
v -0.04608960 0.06790078 -0.12895319
v -0.06358937 0.06740079 -0.12895325
v -0.06642710 0.06786090 -0.12895326
v -0.04461724 0.06818163 -0.12895319
v -0.06642710 0.06694067 -0.12895326
v -0.06633933 0.06740079 -0.12895326
v -0.06553136 0.06397086 -0.12895326
v -0.06670545 0.06651692 -0.12895326
v -0.06410857 0.06543003 -0.12895325
v -0.06712921 0.06856300 -0.12895326
v -0.06712921 0.06623856 -0.12895326
v -0.07519277 0.06964194 -0.12895329
v -0.07170279 0.06439940 -0.12895328
v -0.07571157 0.06850195 -0.12895329
v -0.06883930 0.06740079 -0.12895327
v -0.06875153 0.06694067 -0.12895327
v -0.06847318 0.06651692 -0.12895327
v -0.06947165 0.06387142 -0.12895327
v -0.06758932 0.06615080 -0.12895326
v -0.06748842 0.06340211 -0.12895326
v -0.06804944 0.06623856 -0.12895326
v -0.07638052 0.06617535 -0.12895329
v -0.07658919 0.06390083 -0.12895329
v -0.07390446 0.06375955 -0.12895328
v -0.07550512 0.06211800 -0.12895329
v -0.07608920 0.05990089 -0.12895329
v -0.07658919 0.05323430 -0.12895329
v -0.07608920 0.05284215 -0.12895329
v -0.07608920 0.04578343 -0.12895329
v -0.07658919 0.04256778 -0.12895329
v -0.07658919 0.03190126 -0.12895329
v -0.07608920 0.03872470 -0.12895329
v -0.07608920 0.03166597 -0.12895329
v 0.07640876 0.02123476 -0.12895280
v 0.07590877 0.03190129 -0.12895280
v 0.07640876 0.01056824 -0.12895280
v 0.07590877 0.02123476 -0.12895280
v 0.07640877 -0.01076481 -0.12895280
v 0.07590877 -0.00009829 -0.12895280
v 0.07640876 -0.00009829 -0.12895280
v 0.07640877 -0.03209785 -0.12895280
v 0.07590878 -0.02143134 -0.12895280
v 0.07640877 -0.02143134 -0.12895280
v 0.07590877 -0.01076481 -0.12895280
v 0.07590877 0.01056824 -0.12895280
v 0.07590878 -0.03209785 -0.12895280
v 0.07562793 -0.03357021 -0.12895280
v 0.07640877 -0.04276438 -0.12895280
v 0.07473722 -0.03492625 -0.12895281
v 0.07640877 -0.05343089 -0.12895280
v 0.07590878 -0.04809764 -0.12895280
v 0.07562793 -0.04662528 -0.12895280
v 0.07590878 -0.06009748 -0.12895280
v 0.07640878 -0.06409742 -0.12895280
v 0.07590878 -0.05409756 -0.12895280
v 0.07532469 -0.06231460 -0.12895281
v 0.07344296 -0.03949040 -0.12895281
v 0.07355881 -0.04009775 -0.12895281
v 0.07473722 -0.04526925 -0.12895281
v 0.07338118 -0.04437854 -0.12895281
v 0.07372404 -0.06395614 -0.12895281
v 0.07344296 -0.04070510 -0.12895281
v 0.07307553 -0.03893103 -0.12895281
v 0.07190883 -0.03844777 -0.12895282
v 0.07190883 -0.03609780 -0.12895282
v 0.07251618 -0.03856362 -0.12895281
v 0.07338118 -0.03581695 -0.12895281
v 0.07043647 -0.03637865 -0.12895282
v 0.07130148 -0.03856362 -0.12895282
v 0.06818972 -0.03862539 -0.12895283
v 0.06908044 -0.03726935 -0.12895282
v 0.07037470 -0.03949041 -0.12895282
v 0.07025885 -0.04009775 -0.12895282
v 0.06790889 -0.04009775 -0.12895283
v 0.06818972 -0.04157011 -0.12895283
v 0.07074211 -0.03893103 -0.12895282
v 0.07251618 -0.04163187 -0.12895281
v 0.07307553 -0.04126446 -0.12895281
v 0.07190883 -0.04174773 -0.12895282
v 0.07190883 -0.04409769 -0.12895282
v 0.07043647 -0.04381685 -0.12895282
v 0.07074212 -0.04126446 -0.12895282
v 0.07130148 -0.04163187 -0.12895282
v 0.07037470 -0.04070510 -0.12895282
v 0.06908044 -0.04292614 -0.12895282
v 0.06740890 -0.06634740 -0.12895283
v 0.06682017 -0.06364099 -0.12895283
v 0.06812275 -0.06366165 -0.12895283
v 0.06694877 -0.06643516 -0.12895283
v 0.06558002 -0.06404003 -0.12895284
v 0.06929121 -0.06406801 -0.12895282
v 0.06786901 -0.06643516 -0.12895283
v 0.07620009 -0.06637194 -0.12895280
v 0.06829277 -0.06671351 -0.12895283
v 0.07152237 -0.06459600 -0.12895282
v 0.07501235 -0.06983854 -0.12895281
v 0.06865888 -0.06759738 -0.12895283
v 0.06857111 -0.06713727 -0.12895283
v 0.06857111 -0.06805749 -0.12895283
v 0.07553114 -0.06869855 -0.12895280
v 0.06652502 -0.06671351 -0.12895283
v 0.06458050 -0.06476899 -0.12895284
v 0.06385153 -0.06576852 -0.12895284
v 0.06615891 -0.06759738 -0.12895283
v 0.06345251 -0.06700866 -0.12895284
v 0.06624667 -0.06713727 -0.12895283
v 0.06624667 -0.06805749 -0.12895283
v 0.06347316 -0.06831126 -0.12895284
v 0.07437125 -0.07093747 -0.12895281
v 0.07361322 -0.07197605 -0.12895281
v 0.07274765 -0.07293614 -0.12895281
v 0.06829277 -0.06848125 -0.12895283
v 0.07178757 -0.07380172 -0.12895282
v 0.07074897 -0.07455973 -0.12895282
v 0.06786901 -0.06875960 -0.12895283
v 0.06694878 -0.06875960 -0.12895283
v 0.06440894 -0.07159733 -0.12895284
v 0.06652502 -0.06848125 -0.12895283
v 0.06740890 -0.06884736 -0.12895283
v 0.06965005 -0.07520084 -0.12895282
v 0.06851007 -0.07571963 -0.12895283
v 0.06387953 -0.06947972 -0.12895284
v 0.06618346 -0.07638858 -0.12895284
v 0.06409298 -0.07325374 -0.12895284
v 0.03838167 -0.06837823 -0.12895292
v 0.04062841 -0.07062498 -0.12895292
v 0.04090925 -0.07209732 -0.12895292
v 0.03543694 -0.06837823 -0.12895293
v 0.03690931 -0.06809738 -0.12895293
v 0.03973770 -0.06926894 -0.12895292
v 0.03408091 -0.06926894 -0.12895294
v 0.03319020 -0.07062498 -0.12895294
v 0.03290936 -0.07209732 -0.12895294
v 0.04119009 -0.07356968 -0.12895292
v 0.06309094 -0.07477927 -0.12895284
v 0.06390895 -0.07659726 -0.12895284
v 0.06156540 -0.07578132 -0.12895285
v 0.05324242 -0.07659726 -0.12895288
v 0.05990900 -0.07609727 -0.12895286
v 0.04490920 -0.07609727 -0.12895290
v 0.04257589 -0.07659726 -0.12895291
v 0.03190938 -0.07659726 -0.12895295
v 0.03262852 -0.07356969 -0.12895294
v 0.03173781 -0.07492572 -0.12895295
v 0.04208081 -0.07492571 -0.12895291
v 0.04343683 -0.07581643 -0.12895291
v 0.03038178 -0.07581644 -0.12895295
v -0.06611693 -0.06387829 -0.12895326
v -0.06476090 -0.06476902 -0.12895326
v -0.06712919 -0.06643519 -0.12895326
v -0.06387019 -0.06612505 -0.12895325
v -0.06642708 -0.06713729 -0.12895326
v -0.06633931 -0.06759740 -0.12895326
v -0.06642708 -0.06805752 -0.12895326
v -0.06358935 -0.06759740 -0.12895325
v -0.06670542 -0.06671353 -0.12895326
v -0.06804942 -0.06643519 -0.12895327
v -0.06947163 -0.06406804 -0.12895327
v -0.06758929 -0.06359746 -0.12895327
v -0.06758929 -0.06634742 -0.12895327
v -0.07170277 -0.06459602 -0.12895328
v -0.06847316 -0.06671353 -0.12895327
v -0.06875151 -0.06713729 -0.12895327
v -0.00809009 -0.06809738 -0.12895307
v -0.00869744 -0.07056320 -0.12895308
v -0.00956245 -0.06837823 -0.12895308
v -0.06405993 -0.06947974 -0.12895325
v -0.00661774 -0.06837823 -0.12895307
v -0.00748274 -0.07056320 -0.12895307
v -0.00526170 -0.06926895 -0.12895307
v -0.00925680 -0.07093063 -0.12895308
v -0.01091848 -0.06926895 -0.12895308
v -0.06670542 -0.06848128 -0.12895326
v -0.06883928 -0.06759740 -0.12895327
v -0.07519274 -0.06983856 -0.12895329
v -0.06712918 -0.06875963 -0.12895326
v -0.06458933 -0.07159735 -0.12895326
v -0.06758929 -0.06884739 -0.12895327
v -0.06847316 -0.06848128 -0.12895327
v -0.07379363 -0.07197608 -0.12895329
v -0.06875151 -0.06805752 -0.12895327
v -0.07196796 -0.07380174 -0.12895328
v -0.06804941 -0.06875963 -0.12895327
v -0.06983044 -0.07520086 -0.12895327
v -0.07608919 0.02460724 -0.12895329
v -0.07658919 0.02123474 -0.12895329
v -0.07608919 0.01754852 -0.12895329
v -0.07608919 0.00343105 -0.12895329
v -0.07658919 0.01056821 -0.12895329
v -0.07608919 0.01048978 -0.12895329
v -0.07658918 -0.01076484 -0.12895329
v -0.07608919 -0.00362768 -0.12895329
v -0.07608919 -0.01068641 -0.12895329
v -0.07658918 -0.00009831 -0.12895329
v -0.07608919 -0.01774513 -0.12895329
v -0.07658918 -0.02143136 -0.12895329
v -0.07608919 -0.02480387 -0.12895329
v -0.07658918 -0.03209788 -0.12895329
v -0.07608918 -0.03186259 -0.12895329
v -0.07608918 -0.03892132 -0.12895329
v -0.07638050 -0.06637197 -0.12895329
v -0.07390444 -0.06395617 -0.12895329
v -0.07550510 -0.06231463 -0.12895329
v -0.07658917 -0.06409745 -0.12895329
v -0.07571154 -0.06869858 -0.12895329
v -0.07658917 -0.05343092 -0.12895329
v -0.07608918 -0.04598004 -0.12895329
v -0.07608918 -0.05303878 -0.12895329
v -0.07658918 -0.04276441 -0.12895329
v -0.07608918 -0.06009750 -0.12895329
v -0.00692338 -0.07093063 -0.12895307
v -0.00809009 -0.07044737 -0.12895307
v -0.00655596 -0.07148999 -0.12895307
v -0.00409015 -0.07209733 -0.12895306
v -0.00644011 -0.07209733 -0.12895307
v -0.00655596 -0.07270468 -0.12895307
v -0.00380930 -0.07356969 -0.12895306
v -0.00437099 -0.07062498 -0.12895306
v -0.00962422 -0.07148999 -0.12895308
v -0.01237088 -0.07356969 -0.12895309
v -0.00962422 -0.07270468 -0.12895308
v -0.00925680 -0.07326405 -0.12895308
v -0.01209004 -0.07209733 -0.12895309
v -0.00974007 -0.07209733 -0.12895308
v -0.01180919 -0.07062499 -0.12895309
v 0.02890942 -0.07609727 -0.12895296
v 0.02124285 -0.07659727 -0.12895298
v 0.01924288 -0.07609727 -0.12895299
v 0.01057632 -0.07659727 -0.12895301
v 0.00957634 -0.07609727 -0.12895302
v -0.00009020 -0.07659727 -0.12895305
v -0.00009020 -0.07609728 -0.12895305
v -0.00291859 -0.07492572 -0.12895306
v -0.00748274 -0.07363147 -0.12895307
v -0.00692338 -0.07326405 -0.12895307
v -0.00156256 -0.07581644 -0.12895305
v -0.01075672 -0.07659727 -0.12895308
v -0.00809009 -0.07374731 -0.12895307
v -0.00869744 -0.07363147 -0.12895308
v -0.04275630 -0.07659728 -0.12895319
v -0.04908954 -0.07609728 -0.12895321
v -0.03808969 -0.07609728 -0.12895317
v -0.01326160 -0.07492572 -0.12895309
v -0.06427339 -0.07325376 -0.12895326
v -0.06869046 -0.07571965 -0.12895327
v -0.06636385 -0.07638860 -0.12895326
v -0.06327133 -0.07477930 -0.12895325
v -0.07455165 -0.07093749 -0.12895329
v -0.07292806 -0.07293617 -0.12895328
v -0.07092936 -0.07455976 -0.12895328
v -0.01608998 -0.07609728 -0.12895310
v -0.02142325 -0.07659727 -0.12895312
v -0.02708983 -0.07609728 -0.12895314
v -0.03208977 -0.07659728 -0.12895315
v -0.06008939 -0.07609729 -0.12895324
v -0.05342282 -0.07659728 -0.12895322
v -0.01461763 -0.07581644 -0.12895310
v -0.06174580 -0.07578134 -0.12895325
v -0.06408934 -0.07659728 -0.12895325
v 0.03690924 -0.07209732 -0.10720429
v 0.03807145 -0.07163722 -0.10645323
v 0.03779310 -0.07121346 -0.10645323
v 0.03690924 -0.07209732 -0.10720429
v 0.03736935 -0.07093511 -0.10645323
v 0.03690923 -0.07084734 -0.10645323
v 0.03690924 -0.07209732 -0.10720429
v 0.03644911 -0.07093511 -0.10645323
v 0.03690924 -0.07209732 -0.10720429
v 0.03690924 -0.07209732 -0.10720429
v 0.03602536 -0.07121346 -0.10645324
v 0.03574701 -0.07163722 -0.10645324
v 0.03628424 -0.07209732 -0.10682876
v 0.03690924 -0.07209732 -0.10720429
v 0.03753423 -0.07209732 -0.10682876
v 0.03815922 -0.07209732 -0.10645323
v 0.03565925 -0.07209732 -0.10645324
v 0.03690924 -0.07209732 -0.10720429
v 0.03815921 -0.07209732 -0.10370327
v 0.03807145 -0.07163722 -0.10645323
v 0.03815922 -0.07209732 -0.10645323
v 0.03779310 -0.07121346 -0.10645323
v 0.03736933 -0.07093511 -0.10095330
v 0.03736935 -0.07093511 -0.10645323
v 0.03779309 -0.07121346 -0.10095330
v 0.03690922 -0.07084734 -0.10095331
v 0.03690923 -0.07084734 -0.10645323
v 0.03644909 -0.07093511 -0.10095331
v 0.03644911 -0.07093511 -0.10645323
v 0.03602536 -0.07121346 -0.10645324
v 0.03574699 -0.07163722 -0.10095331
v 0.03574701 -0.07163722 -0.10645324
v 0.03565924 -0.07209732 -0.10370327
v 0.03565925 -0.07209732 -0.10645324
v 0.03602534 -0.07121346 -0.10095331
v 0.03807143 -0.07163722 -0.10095330
v 0.03565923 -0.07209732 -0.10095331
v 0.03815920 -0.07209732 -0.10095330
v -0.00764823 -0.07165540 -0.10682890
v -0.00809016 -0.07209733 -0.10720444
v -0.00750905 -0.07186729 -0.10682890
v -0.00786011 -0.07151623 -0.10682891
v -0.00809016 -0.07209733 -0.10720444
v -0.00809016 -0.07147234 -0.10682891
v -0.00809016 -0.07209733 -0.10720444
v -0.00832022 -0.07151623 -0.10682891
v -0.00809016 -0.07209733 -0.10720444
v -0.00853210 -0.07165540 -0.10682891
v -0.00809016 -0.07209733 -0.10720444
v -0.00867127 -0.07186729 -0.10682891
v -0.00809016 -0.07209733 -0.10720444
v -0.00809016 -0.07209733 -0.10720444
v -0.00767350 -0.07209733 -0.10695409
v -0.00692795 -0.07163722 -0.10645337
v -0.00720629 -0.07121346 -0.10645337
v -0.00763005 -0.07093512 -0.10645338
v -0.00725684 -0.07209733 -0.10670372
v -0.00850682 -0.07209733 -0.10695409
v -0.00809016 -0.07209733 -0.10720444
v -0.00855028 -0.07093512 -0.10645338
v -0.00897404 -0.07121346 -0.10645338
v -0.00809017 -0.07084735 -0.10645338
v -0.00684018 -0.07209733 -0.10645337
v -0.00925239 -0.07163722 -0.10645338
v -0.00892349 -0.07209733 -0.10670373
v -0.00692795 -0.07163722 -0.10645337
v -0.00720631 -0.07121346 -0.10095345
v -0.00720629 -0.07121346 -0.10645337
v -0.00763005 -0.07093512 -0.10645338
v -0.00809018 -0.07084735 -0.10095345
v -0.00809017 -0.07084735 -0.10645338
v -0.00855030 -0.07093512 -0.10095345
v -0.00855028 -0.07093512 -0.10645338
v -0.00763007 -0.07093512 -0.10095345
v -0.00897404 -0.07121346 -0.10645338
v -0.00925240 -0.07163722 -0.10095346
v -0.00925239 -0.07163722 -0.10645338
v -0.00934015 -0.07209733 -0.10645338
v -0.00934016 -0.07209733 -0.10370342
v -0.00897406 -0.07121346 -0.10095345
v -0.00684019 -0.07209733 -0.10370341
v -0.00684018 -0.07209733 -0.10645337
v -0.00692796 -0.07163722 -0.10095345
v -0.00684020 -0.07209733 -0.10095345
v -0.00934017 -0.07209733 -0.10095346
v 0.03690921 0.07190075 -0.10720429
v 0.03779308 0.07278461 -0.10645323
v 0.03736932 0.07306296 -0.10645323
v 0.03690921 0.07190075 -0.10720429
v 0.03807143 0.07236086 -0.10645322
v 0.03690921 0.07190075 -0.10720429
v 0.03690921 0.07315073 -0.10645323
v 0.03690921 0.07190075 -0.10720429
v 0.03644909 0.07306296 -0.10645323
v 0.03690921 0.07190075 -0.10720429
v 0.03602533 0.07278461 -0.10645323
v 0.03574699 0.07236086 -0.10645323
v 0.03690921 0.07190075 -0.10720429
v 0.03690921 0.07190075 -0.10720429
v 0.03753420 0.07190075 -0.10682876
v 0.03628422 0.07190075 -0.10682876
v 0.03565923 0.07190075 -0.10645323
v 0.03815919 0.07190075 -0.10645322
v 0.03807143 0.07236086 -0.10645322
v 0.03779306 0.07278461 -0.10095330
v 0.03779308 0.07278461 -0.10645323
v 0.03736932 0.07306296 -0.10645323
v 0.03690919 0.07315073 -0.10095330
v 0.03690921 0.07315073 -0.10645323
v 0.03644907 0.07306296 -0.10095330
v 0.03644909 0.07306296 -0.10645323
v 0.03736931 0.07306296 -0.10095330
v 0.03602533 0.07278461 -0.10645323
v 0.03574697 0.07236086 -0.10095331
v 0.03574699 0.07236086 -0.10645323
v 0.03565923 0.07190075 -0.10645323
v 0.03565922 0.07190074 -0.10370327
v 0.03602532 0.07278461 -0.10095331
v 0.03815918 0.07190075 -0.10370326
v 0.03815919 0.07190075 -0.10645322
v 0.03807141 0.07236086 -0.10095330
v 0.03815917 0.07190075 -0.10095330
v 0.03565921 0.07190074 -0.10095331
v -0.00809019 0.07190074 -0.10720443
v -0.00720632 0.07278461 -0.10645337
v -0.00763008 0.07306295 -0.10645337
v -0.00809019 0.07190074 -0.10720443
v -0.00692797 0.07236085 -0.10645337
v -0.00809019 0.07190074 -0.10720443
v -0.00809019 0.07315072 -0.10645337
v -0.00809019 0.07190074 -0.10720443
v -0.00855031 0.07306295 -0.10645337
v -0.00897407 0.07278461 -0.10645338
v -0.00809019 0.07190074 -0.10720443
v -0.00925241 0.07236085 -0.10645338
v -0.00892351 0.07190074 -0.10670372
v -0.00850685 0.07190074 -0.10695409
v -0.00809019 0.07190074 -0.10720443
v -0.00725687 0.07190074 -0.10670372
v -0.00809019 0.07190074 -0.10720443
v -0.00767353 0.07190074 -0.10695408
v -0.00684021 0.07190074 -0.10645337
v -0.00934017 0.07190074 -0.10645338
v -0.00692797 0.07236085 -0.10645337
v -0.00720634 0.07278461 -0.10095344
v -0.00720632 0.07278461 -0.10645337
v -0.00763008 0.07306295 -0.10645337
v -0.00809021 0.07315072 -0.10095345
v -0.00809019 0.07315072 -0.10645337
v -0.00855032 0.07306295 -0.10095345
v -0.00855031 0.07306295 -0.10645337
v -0.00763010 0.07306295 -0.10095345
v -0.00897407 0.07278461 -0.10645338
v -0.00925243 0.07236085 -0.10095345
v -0.00925241 0.07236085 -0.10645338
v -0.00934017 0.07190074 -0.10645338
v -0.00934018 0.07190074 -0.10370341
v -0.00897409 0.07278461 -0.10095345
v -0.00684022 0.07190074 -0.10370341
v -0.00684021 0.07190074 -0.10645337
v -0.00692799 0.07236085 -0.10095344
v -0.00684023 0.07190074 -0.10095344
v -0.00934019 0.07190074 -0.10095345
v 0.07190878 -0.04009775 -0.11120412
v 0.07279264 -0.03921388 -0.11045306
v 0.07236889 -0.03893553 -0.11045306
v 0.07190878 -0.04009775 -0.11120412
v 0.07307099 -0.03963764 -0.11045306
v 0.07190878 -0.04009775 -0.11120412
v 0.07190877 -0.03884776 -0.11045306
v 0.07190878 -0.04009775 -0.11120412
v 0.07144865 -0.03893553 -0.11045307
v 0.07190878 -0.04009775 -0.11120412
v 0.07102490 -0.03921388 -0.11045307
v 0.07074655 -0.03963764 -0.11045307
v 0.07190878 -0.04009775 -0.11120412
v 0.07190878 -0.04009775 -0.11120412
v 0.07253377 -0.04009775 -0.11082859
v 0.07128378 -0.04009775 -0.11082860
v 0.07065879 -0.04009775 -0.11045307
v 0.07315876 -0.04009775 -0.11045306
v 0.07315875 -0.04009775 -0.10820309
v 0.07307099 -0.03963764 -0.11045306
v 0.07315876 -0.04009775 -0.11045306
v 0.07279264 -0.03921388 -0.11045306
v 0.07236887 -0.03893553 -0.10595312
v 0.07236889 -0.03893553 -0.11045306
v 0.07279263 -0.03921388 -0.10595312
v 0.07190876 -0.03884776 -0.10595313
v 0.07190877 -0.03884776 -0.11045306
v 0.07144864 -0.03893553 -0.10595313
v 0.07144865 -0.03893553 -0.11045307
v 0.07102490 -0.03921388 -0.11045307
v 0.07074653 -0.03963764 -0.10595313
v 0.07074655 -0.03963764 -0.11045307
v 0.07065878 -0.04009775 -0.10820310
v 0.07065879 -0.04009775 -0.11045307
v 0.07102488 -0.03921388 -0.10595313
v 0.07307097 -0.03963764 -0.10595312
v 0.07065877 -0.04009775 -0.10595313
v 0.07315874 -0.04009775 -0.10595312
v 0.07235069 0.04034312 -0.11082859
v 0.07190876 0.03990118 -0.11120412
v 0.07248988 0.04013124 -0.11082859
v 0.07213881 0.04048228 -0.11082859
v 0.07190876 0.03990118 -0.11120412
v 0.07190876 0.04052617 -0.11082859
v 0.07190876 0.03990118 -0.11120412
v 0.07167869 0.04048228 -0.11082859
v 0.07190876 0.03990118 -0.11120412
v 0.07146682 0.04034311 -0.11082859
v 0.07190876 0.03990118 -0.11120412
v 0.07132764 0.04013124 -0.11082859
v 0.07190876 0.03990118 -0.11120412
v 0.07232541 0.03990118 -0.11095377
v 0.07307097 0.04036130 -0.11045306
v 0.07279263 0.04078505 -0.11045306
v 0.07236887 0.04106340 -0.11045306
v 0.07274208 0.03990118 -0.11070341
v 0.07190876 0.03990118 -0.11120412
v 0.07149209 0.03990118 -0.11095377
v 0.07190876 0.04115116 -0.11045306
v 0.07144864 0.04106340 -0.11045306
v 0.07102488 0.04078505 -0.11045307
v 0.07315874 0.03990118 -0.11045306
v 0.07074654 0.04036130 -0.11045307
v 0.07107543 0.03990118 -0.11070341
v 0.07065878 0.03990118 -0.11045307
v 0.07315873 0.03990118 -0.10820309
v 0.07307097 0.04036130 -0.11045306
v 0.07315874 0.03990118 -0.11045306
v 0.07279263 0.04078505 -0.11045306
v 0.07236886 0.04106340 -0.10595312
v 0.07236887 0.04106340 -0.11045306
v 0.07279261 0.04078505 -0.10595312
v 0.07190874 0.04115116 -0.10595312
v 0.07190876 0.04115116 -0.11045306
v 0.07144862 0.04106340 -0.10595312
v 0.07144864 0.04106340 -0.11045306
v 0.07102488 0.04078505 -0.11045307
v 0.07074652 0.04036130 -0.10595313
v 0.07074654 0.04036130 -0.11045307
v 0.07065877 0.03990118 -0.10820310
v 0.07065878 0.03990118 -0.11045307
v 0.07102487 0.04078505 -0.10595313
v 0.07307096 0.04036130 -0.10595312
v 0.07065876 0.03990118 -0.10595313
v 0.07315873 0.03990118 -0.10595312
v 0.06696694 -0.06715544 -0.12307738
v 0.06740888 -0.06759738 -0.12270184
v 0.06682776 -0.06736733 -0.12307738
v 0.06717881 -0.06701628 -0.12307738
v 0.06740888 -0.06759738 -0.12270184
v 0.06740888 -0.06697239 -0.12307738
v 0.06740888 -0.06759738 -0.12270184
v 0.06763893 -0.06701628 -0.12307738
v 0.06740888 -0.06759738 -0.12270184
v 0.06785081 -0.06715544 -0.12307738
v 0.06740888 -0.06759738 -0.12270184
v 0.06798999 -0.06736733 -0.12307738
v 0.06740888 -0.06759738 -0.12270184
v 0.06699221 -0.06759738 -0.12295219
v 0.06624666 -0.06713727 -0.12345291
v 0.06652500 -0.06671351 -0.12345291
v 0.06694876 -0.06643516 -0.12345291
v 0.06657555 -0.06759738 -0.12320254
v 0.06740888 -0.06759738 -0.12270184
v 0.06782553 -0.06759738 -0.12295219
v 0.06786899 -0.06643516 -0.12345290
v 0.06829275 -0.06671351 -0.12345290
v 0.06740888 -0.06634740 -0.12345290
v 0.06615890 -0.06759738 -0.12345291
v 0.06857110 -0.06713727 -0.12345290
v 0.06824220 -0.06759738 -0.12320254
v 0.06865886 -0.06759738 -0.12345290
v 0.06615891 -0.06759738 -0.12620287
v 0.06624666 -0.06713727 -0.12345291
v 0.06615890 -0.06759738 -0.12345291
v 0.06652500 -0.06671351 -0.12345291
v 0.06694877 -0.06643516 -0.12895283
v 0.06694876 -0.06643516 -0.12345291
v 0.06652502 -0.06671351 -0.12895283
v 0.06740890 -0.06634740 -0.12895283
v 0.06740888 -0.06634740 -0.12345290
v 0.06786901 -0.06643516 -0.12895283
v 0.06786899 -0.06643516 -0.12345290
v 0.06829275 -0.06671351 -0.12345290
v 0.06857111 -0.06713727 -0.12895283
v 0.06857110 -0.06713727 -0.12345290
v 0.06865887 -0.06759738 -0.12620286
v 0.06865886 -0.06759738 -0.12345290
v 0.06829277 -0.06671351 -0.12895283
v 0.06624667 -0.06713727 -0.12895283
v 0.06865888 -0.06759738 -0.12895283
v 0.06615891 -0.06759738 -0.12895283
v -0.06803125 -0.06715547 -0.12307782
v -0.06758931 -0.06759740 -0.12270227
v -0.06817043 -0.06736736 -0.12307782
v -0.06781937 -0.06701630 -0.12307782
v -0.06758931 -0.06759740 -0.12270227
v -0.06758931 -0.06697241 -0.12307781
v -0.06758931 -0.06759740 -0.12270227
v -0.06735927 -0.06701630 -0.12307781
v -0.06758931 -0.06759740 -0.12270227
v -0.06714738 -0.06715547 -0.12307781
v -0.06758931 -0.06759740 -0.12270227
v -0.06700821 -0.06736736 -0.12307781
v -0.06758931 -0.06759740 -0.12270227
v -0.06758931 -0.06759740 -0.12270227
v -0.06800598 -0.06759740 -0.12295263
v -0.06875153 -0.06713730 -0.12345334
v -0.06847318 -0.06671353 -0.12345334
v -0.06804943 -0.06643519 -0.12345334
v -0.06842265 -0.06759740 -0.12320298
v -0.06758931 -0.06759740 -0.12270227
v -0.06717267 -0.06759740 -0.12295263
v -0.06712920 -0.06643519 -0.12345334
v -0.06670544 -0.06671353 -0.12345334
v -0.06758931 -0.06634742 -0.12345334
v -0.06883929 -0.06759740 -0.12345334
v -0.06642709 -0.06713729 -0.12345334
v -0.06675599 -0.06759740 -0.12320297
v -0.06633933 -0.06759740 -0.12345334
v -0.06883928 -0.06759740 -0.12620331
v -0.06875153 -0.06713730 -0.12345334
v -0.06883929 -0.06759740 -0.12345334
v -0.06847318 -0.06671353 -0.12345334
v -0.06804942 -0.06643519 -0.12895327
v -0.06804943 -0.06643519 -0.12345334
v -0.06847316 -0.06671353 -0.12895327
v -0.06758929 -0.06634742 -0.12895327
v -0.06758931 -0.06634742 -0.12345334
v -0.06712919 -0.06643519 -0.12895326
v -0.06712920 -0.06643519 -0.12345334
v -0.06670544 -0.06671353 -0.12345334
v -0.06642708 -0.06713729 -0.12895326
v -0.06642709 -0.06713729 -0.12345334
v -0.06633932 -0.06759740 -0.12620330
v -0.06633933 -0.06759740 -0.12345334
v -0.06670542 -0.06671353 -0.12895326
v -0.06875151 -0.06713729 -0.12895327
v -0.06633931 -0.06759740 -0.12895326
v -0.06883928 -0.06759740 -0.12895327
v -0.06803127 0.06784272 -0.12307781
v -0.06758934 0.06740079 -0.12270227
v -0.06817045 0.06763084 -0.12307781
v -0.06781939 0.06798190 -0.12307781
v -0.06758934 0.06740079 -0.12270227
v -0.06758934 0.06802578 -0.12307781
v -0.06758934 0.06740079 -0.12270227
v -0.06735929 0.06798190 -0.12307781
v -0.06758934 0.06740079 -0.12270227
v -0.06714740 0.06784272 -0.12307781
v -0.06758934 0.06740079 -0.12270227
v -0.06700823 0.06763084 -0.12307781
v -0.06758934 0.06740079 -0.12270227
v -0.06758934 0.06740079 -0.12270227
v -0.06800600 0.06740079 -0.12295263
v -0.06875155 0.06786090 -0.12345334
v -0.06847320 0.06828466 -0.12345334
v -0.06804946 0.06856300 -0.12345334
v -0.06842267 0.06740079 -0.12320297
v -0.06758934 0.06740079 -0.12270227
v -0.06717269 0.06740079 -0.12295262
v -0.06712923 0.06856300 -0.12345333
v -0.06670547 0.06828466 -0.12345333
v -0.06758933 0.06865077 -0.12345334
v -0.06883932 0.06740079 -0.12345334
v -0.06642712 0.06786090 -0.12345333
v -0.06675602 0.06740079 -0.12320297
v -0.06633935 0.06740079 -0.12345333
v -0.06875155 0.06786090 -0.12345334
v -0.06847319 0.06828466 -0.12895327
v -0.06847320 0.06828466 -0.12345334
v -0.06804946 0.06856300 -0.12345334
v -0.06758932 0.06865077 -0.12895326
v -0.06758933 0.06865077 -0.12345334
v -0.06712921 0.06856300 -0.12895326
v -0.06712923 0.06856300 -0.12345333
v -0.06804944 0.06856300 -0.12895326
v -0.06670547 0.06828466 -0.12345333
v -0.06642710 0.06786090 -0.12895326
v -0.06642712 0.06786090 -0.12345333
v -0.06633935 0.06740079 -0.12345333
v -0.06633934 0.06740079 -0.12620330
v -0.06670545 0.06828466 -0.12895326
v -0.06883931 0.06740079 -0.12620330
v -0.06883932 0.06740079 -0.12345334
v -0.06875153 0.06786090 -0.12895327
v -0.06883930 0.06740079 -0.12895327
v -0.06633933 0.06740079 -0.12895326
v 0.06696691 0.06784275 -0.12307738
v 0.06740885 0.06740081 -0.12270183
v 0.06682773 0.06763086 -0.12307738
v 0.06717879 0.06798193 -0.12307738
v 0.06740885 0.06740081 -0.12270183
v 0.06740885 0.06802580 -0.12307738
v 0.06740885 0.06740081 -0.12270183
v 0.06763891 0.06798193 -0.12307738
v 0.06740885 0.06740081 -0.12270183
v 0.06785079 0.06784275 -0.12307737
v 0.06740885 0.06740081 -0.12270183
v 0.06798997 0.06763087 -0.12307737
v 0.06740885 0.06740081 -0.12270183
v 0.06699219 0.06740081 -0.12295219
v 0.06624663 0.06786093 -0.12345291
v 0.06652498 0.06828468 -0.12345290
v 0.06694873 0.06856303 -0.12345290
v 0.06657552 0.06740081 -0.12320254
v 0.06782551 0.06740081 -0.12295219
v 0.06740885 0.06740081 -0.12270183
v 0.06786897 0.06856303 -0.12345290
v 0.06829272 0.06828468 -0.12345290
v 0.06740886 0.06865079 -0.12345290
v 0.06615887 0.06740081 -0.12345291
v 0.06857107 0.06786093 -0.12345290
v 0.06824217 0.06740081 -0.12320253
v 0.06865884 0.06740081 -0.12345290
v 0.06615888 0.06740081 -0.12620287
v 0.06624663 0.06786093 -0.12345291
v 0.06615887 0.06740081 -0.12345291
v 0.06652498 0.06828468 -0.12345290
v 0.06694875 0.06856303 -0.12895283
v 0.06694873 0.06856303 -0.12345290
v 0.06652500 0.06828468 -0.12895283
v 0.06740887 0.06865079 -0.12895283
v 0.06740886 0.06865079 -0.12345290
v 0.06786899 0.06856303 -0.12895283
v 0.06786897 0.06856303 -0.12345290
v 0.06829272 0.06828468 -0.12345290
v 0.06857109 0.06786093 -0.12895282
v 0.06857107 0.06786093 -0.12345290
v 0.06865885 0.06740081 -0.12620286
v 0.06865884 0.06740081 -0.12345290
v 0.06829274 0.06828468 -0.12895282
v 0.06624665 0.06786093 -0.12895283
v 0.06865886 0.06740081 -0.12895282
v 0.06615889 0.06740081 -0.12895283
v -0.07208928 0.06790078 -0.11995340
v -0.06808934 0.06790078 -0.11995339
v -0.06808934 0.07190073 -0.11995339
v -0.06947168 0.06387142 -0.11995339
v -0.06758934 0.06340084 -0.11995338
v -0.06611698 0.06368168 -0.11995338
v -0.06387024 0.06592843 -0.11995337
v -0.06358940 0.06740079 -0.11995337
v -0.06476095 0.06457240 -0.11995337
v -0.06405998 0.06928311 -0.11995337
v -0.07158929 0.06440083 -0.11995340
v -0.07608923 0.06190086 -0.11995341
v -0.07577329 0.06155729 -0.11995341
v -0.07477122 0.06308282 -0.11995341
v -0.07608923 0.05990089 -0.11995341
v -0.07608923 0.06390083 -0.11995341
v -0.07588890 0.06608437 -0.11995341
v -0.07324571 0.06408488 -0.11995340
v -0.06427344 0.07305715 -0.11995337
v -0.06458939 0.07140073 -0.11995337
v -0.06327138 0.07458267 -0.11995337
v -0.06408939 0.07590067 -0.11995337
v -0.06208942 0.07590067 -0.11995337
v -0.06174585 0.07558473 -0.11995336
v -0.06008945 0.07590067 -0.11995336
v -0.06627294 0.07570034 -0.11995338
v -0.07257457 0.07238600 -0.11995340
v -0.07413321 0.07046727 -0.11995340
v -0.07524671 0.06831790 -0.11995341
v -0.06850649 0.07505815 -0.11995339
v -0.07065583 0.07394465 -0.11995339
v 0.07074883 -0.07455973 -0.08545341
v 0.06740876 -0.06884736 -0.08545342
v 0.06850993 -0.07571963 -0.08545341
v 0.06786887 -0.06875960 -0.08545342
v 0.07274751 -0.07293614 -0.08545340
v 0.06309080 -0.07477928 -0.08545343
v 0.06618332 -0.07638858 -0.08545342
v 0.06409284 -0.07325374 -0.08545343
v 0.06694863 -0.06875960 -0.08545342
v 0.06440880 -0.07159733 -0.08545343
v 0.06857097 -0.06805749 -0.08545341
v 0.07437111 -0.07093747 -0.08545339
v 0.06829263 -0.06848126 -0.08545341
v 0.06865874 -0.06759738 -0.08545341
v 0.07553100 -0.06869855 -0.08545339
v 0.07140870 -0.06459742 -0.08545340
v 0.06387939 -0.06947972 -0.08545343
v 0.06652488 -0.06848126 -0.08545342
v 0.06624653 -0.06805749 -0.08545342
v 0.06340881 -0.06759738 -0.08545343
v 0.05990886 -0.07609727 -0.08545344
v 0.05324228 -0.07659726 -0.08545346
v 0.06390881 -0.07659726 -0.08545343
v 0.03809096 -0.07609727 -0.08545351
v 0.03190923 -0.07659727 -0.08545353
v 0.04257575 -0.07659726 -0.08545350
v 0.04899992 -0.07609727 -0.08545348
v 0.06156526 -0.07578132 -0.08545344
v 0.02718202 -0.07609727 -0.08545355
v 0.02124271 -0.07659727 -0.08545357
v 0.01057618 -0.07659727 -0.08545360
v 0.00536414 -0.07609728 -0.08545362
v -0.00009034 -0.07659727 -0.08545363
v 0.01627308 -0.07609727 -0.08545358
v -0.00554481 -0.07609728 -0.08545365
v -0.01075686 -0.07659727 -0.08545367
v 0.07619995 -0.06637195 -0.08545339
v 0.07640864 -0.06409742 -0.08545339
v 0.07459064 -0.06327942 -0.08545339
v 0.07640863 -0.05343090 -0.08545339
v 0.07590864 -0.06009748 -0.08545339
v 0.07640863 -0.04276438 -0.08545339
v 0.07590864 -0.04918854 -0.08545339
v 0.07559268 -0.06175388 -0.08545339
v 0.07590864 -0.03827959 -0.08545339
v 0.07640863 -0.03209785 -0.08545339
v 0.07640863 -0.02143134 -0.08545339
v 0.07590864 -0.02737065 -0.08545339
v 0.07590863 -0.00555276 -0.08545339
v 0.07640863 -0.01076481 -0.08545339
v 0.07640862 -0.00009829 -0.08545339
v 0.07590863 -0.01646170 -0.08545339
v 0.07590863 0.00535619 -0.08545339
v 0.07640862 0.01056823 -0.08545339
v 0.06829263 -0.06671351 -0.08545341
v 0.06857097 -0.06713727 -0.08545341
v 0.06786887 -0.06643516 -0.08545342
v 0.06929107 -0.06406802 -0.08545341
v 0.06615877 -0.06759738 -0.08545342
v 0.06368965 -0.06612503 -0.08545343
v 0.06624653 -0.06713727 -0.08545342
v 0.06652488 -0.06671351 -0.08545342
v 0.06593639 -0.06387827 -0.08545342
v 0.06694863 -0.06643516 -0.08545342
v 0.07306510 -0.06428147 -0.08545340
v 0.06740876 -0.06359743 -0.08545342
v 0.06740876 -0.06634740 -0.08545342
v 0.06458036 -0.06476900 -0.08545343
v -0.01645376 -0.07609728 -0.08545369
v -0.02142339 -0.07659727 -0.08545370
v -0.02736270 -0.07609728 -0.08545372
v -0.03208991 -0.07659728 -0.08545374
v -0.03827164 -0.07609728 -0.08545376
v -0.04275644 -0.07659728 -0.08545377
v -0.05342296 -0.07659728 -0.08545381
v -0.06008953 -0.07609729 -0.08545383
v -0.06408948 -0.07659728 -0.08545384
v -0.04918059 -0.07609729 -0.08545379
v -0.06174594 -0.07578134 -0.08545383
v -0.06636399 -0.07638861 -0.08545385
v -0.06327147 -0.07477930 -0.08545384
v -0.06642722 -0.06805752 -0.08545385
v -0.06406007 -0.06947974 -0.08545384
v -0.06358949 -0.06759740 -0.08545384
v -0.06427353 -0.07325376 -0.08545384
v -0.06869060 -0.07571965 -0.08545386
v -0.06458947 -0.07159735 -0.08545384
v -0.06758943 -0.06884739 -0.08545385
v -0.06712933 -0.06875963 -0.08545385
v -0.06804955 -0.06875963 -0.08545385
v -0.07092950 -0.07455976 -0.08545386
v -0.07292820 -0.07293617 -0.08545387
v -0.07455179 -0.07093749 -0.08545387
v -0.06875165 -0.06805752 -0.08545386
v -0.06847330 -0.06848128 -0.08545385
v -0.06670556 -0.06848128 -0.08545385
v -0.06633945 -0.06759740 -0.08545385
v -0.06883942 -0.06759740 -0.08545386
v -0.07571168 -0.06869858 -0.08545388
v -0.07158938 -0.06459744 -0.08545386
v -0.06642722 -0.06713730 -0.08545385
v -0.06410869 -0.06562664 -0.08545384
v -0.06670556 -0.06671353 -0.08545385
v -0.06553148 -0.06416748 -0.08545385
v -0.06712933 -0.06643519 -0.08545385
v -0.06758943 -0.06634742 -0.08545385
v -0.06748854 -0.06359873 -0.08545385
v -0.06804956 -0.06643519 -0.08545385
v -0.06875165 -0.06713730 -0.08545386
v -0.06847330 -0.06671353 -0.08545385
v -0.06947177 -0.06406804 -0.08545386
v -0.07324580 -0.06428150 -0.08545387
v -0.07658931 -0.06409745 -0.08545388
v -0.07477131 -0.06327944 -0.08545387
v -0.07577338 -0.06175390 -0.08545388
v -0.07658933 0.01056821 -0.08545388
v -0.07658932 -0.00009831 -0.08545388
v -0.07608933 0.00190166 -0.08545388
v -0.07638064 -0.06637197 -0.08545388
v -0.07658931 -0.05343092 -0.08545388
v -0.07608932 -0.06009751 -0.08545388
v -0.07608932 -0.05320871 -0.08545388
v -0.07608932 -0.04631992 -0.08545388
v -0.07608932 -0.03943111 -0.08545388
v -0.07658932 -0.04276441 -0.08545388
v -0.07658932 -0.03209788 -0.08545388
v -0.07608933 -0.01876473 -0.08545388
v -0.07658932 -0.02143136 -0.08545388
v -0.07608933 -0.02565353 -0.08545388
v -0.07658932 -0.01076484 -0.08545388
v -0.07608933 -0.01187593 -0.08545388
v -0.07608933 -0.00498714 -0.08545388
v -0.07608932 -0.03254231 -0.08545388
v -0.07608933 0.00879046 -0.08545388
v 0.07590863 0.01626513 -0.08545339
v 0.07640862 0.02123476 -0.08545339
v 0.07640862 0.03190129 -0.08545339
v 0.07590862 0.03808301 -0.08545339
v 0.07590863 0.02717407 -0.08545339
v 0.07590862 0.04899197 -0.08545339
v 0.07640862 0.04256781 -0.08545338
v 0.07640862 0.05323433 -0.08545338
v 0.07640861 0.06390086 -0.08545338
v 0.07590862 0.05990091 -0.08545339
v 0.07532453 0.06211802 -0.08545339
v 0.07619993 0.06617537 -0.08545338
v 0.07372387 0.06375957 -0.08545339
v 0.07152221 0.06439942 -0.08545340
v 0.06829260 0.06651694 -0.08545341
v 0.06929105 0.06387144 -0.08545341
v 0.07553098 0.06850198 -0.08545339
v 0.06865872 0.06740081 -0.08545341
v 0.06740873 0.06615083 -0.08545341
v 0.06682000 0.06344442 -0.08545342
v 0.06812259 0.06346508 -0.08545341
v 0.06786885 0.06623859 -0.08545341
v 0.06694861 0.06623859 -0.08545341
v 0.06557986 0.06384345 -0.08545342
v 0.06652486 0.06651694 -0.08545342
v 0.06458034 0.06457242 -0.08545342
v 0.06385137 0.06557193 -0.08545342
v 0.07437108 0.07074089 -0.08545339
v 0.06857095 0.06786093 -0.08545341
v 0.06857095 0.06694070 -0.08545341
v 0.06624651 0.06694070 -0.08545342
v 0.06345235 0.06681209 -0.08545343
v 0.06347300 0.06811469 -0.08545343
v 0.06615875 0.06740081 -0.08545342
v 0.06624651 0.06786093 -0.08545342
v 0.07274748 0.07273957 -0.08545340
v 0.06786885 0.06856303 -0.08545341
v 0.06829260 0.06828468 -0.08545341
v 0.07074881 0.07436316 -0.08545340
v 0.06740873 0.06865079 -0.08545341
v 0.06440877 0.07140076 -0.08545342
v 0.06694861 0.06856303 -0.08545341
v 0.06387936 0.06928313 -0.08545342
v 0.06652486 0.06828468 -0.08545342
v 0.06850990 0.07552306 -0.08545341
v 0.06409281 0.07305717 -0.08545342
v 0.06309077 0.07458269 -0.08545343
v 0.06618329 0.07619201 -0.08545342
v 0.06390878 0.07640069 -0.08545342
v 0.06156523 0.07558475 -0.08545343
v 0.05990883 0.07590070 -0.08545344
v 0.03813135 0.07590069 -0.08545351
v 0.04902009 0.07590069 -0.08545347
v 0.04257573 0.07640069 -0.08545349
v 0.03190921 0.07640068 -0.08545353
v 0.02724260 0.07590069 -0.08545354
v 0.01635386 0.07590069 -0.08545358
v 0.01057615 0.07640068 -0.08545360
v 0.00546512 0.07590069 -0.08545361
v 0.02124268 0.07640068 -0.08545356
v 0.05324225 0.07640069 -0.08545346
v -0.01075689 0.07640068 -0.08545366
v -0.01631238 0.07590068 -0.08545368
v -0.00542363 0.07590068 -0.08545365
v -0.00009037 0.07640068 -0.08545363
v -0.02142342 0.07640067 -0.08545370
v -0.04461738 0.06818163 -0.08545377
v -0.04562963 0.07073851 -0.08545378
v -0.04608974 0.06790078 -0.08545378
v -0.04654986 0.07073851 -0.08545378
v -0.04756211 0.06818163 -0.08545378
v -0.04326135 0.06907234 -0.08545377
v -0.04891814 0.06907234 -0.08545379
v -0.07413332 0.07046727 -0.08545387
v -0.07292822 0.07273954 -0.08545387
v -0.07455181 0.07074086 -0.08545387
v -0.04980885 0.07042837 -0.08545379
v -0.04725196 0.07144061 -0.08545378
v -0.04237064 0.07042837 -0.08545377
v -0.04520588 0.07101685 -0.08545378
v -0.04608975 0.07065075 -0.08545378
v -0.04492752 0.07144062 -0.08545378
v -0.04697361 0.07101685 -0.08545378
v -0.05008969 0.07190073 -0.08545379
v -0.04208980 0.07190073 -0.08545377
v -0.07524682 0.06831790 -0.08545387
v -0.07608933 0.02256805 -0.08545388
v -0.07658933 0.02123473 -0.08545388
v -0.07608933 0.01567925 -0.08545388
v -0.07608934 0.02945684 -0.08545388
v -0.07608934 0.03634564 -0.08545388
v -0.07658933 0.03190126 -0.08545388
v -0.07658933 0.04256778 -0.08545388
v -0.07608934 0.04323444 -0.08545388
v -0.07658934 0.06390083 -0.08545388
v -0.07608934 0.05701204 -0.08545388
v -0.07608934 0.06390083 -0.08545388
v -0.07638066 0.06617535 -0.08545388
v -0.07571171 0.06850195 -0.08545387
v -0.07608934 0.05012324 -0.08545388
v -0.07658933 0.05323430 -0.08545388
v -0.04483976 0.07190073 -0.08545377
v -0.04492752 0.07236085 -0.08545378
v -0.04180896 0.07337309 -0.08545377
v -0.04520588 0.07278460 -0.08545378
v -0.04562963 0.07306295 -0.08545378
v -0.04275646 0.07640067 -0.08545377
v -0.04654986 0.07306295 -0.08545378
v -0.04608975 0.07315071 -0.08545378
v -0.05037054 0.07337309 -0.08545379
v -0.04697361 0.07278460 -0.08545378
v -0.02720111 0.07590068 -0.08545372
v -0.03808985 0.07590068 -0.08545375
v -0.03208993 0.07640067 -0.08545373
v -0.04091825 0.07472912 -0.08545376
v -0.03956222 0.07561984 -0.08545376
v -0.05126125 0.07472912 -0.08545380
v -0.04733973 0.07190073 -0.08545378
v -0.04725196 0.07236084 -0.08545378
v -0.07257468 0.07238600 -0.08545386
v -0.07092953 0.07436313 -0.08545386
v -0.07065594 0.07394465 -0.08545386
v -0.06869062 0.07552304 -0.08545385
v -0.05261728 0.07561984 -0.08545380
v -0.06408950 0.07640067 -0.08545384
v -0.05408964 0.07590068 -0.08545380
v -0.05342299 0.07640067 -0.08545380
v -0.06850660 0.07505815 -0.08545385
v -0.06636402 0.07619199 -0.08545384
v -0.06408950 0.07590067 -0.08545384
v -0.06714748 -0.06715547 -0.09082931
v -0.06758941 -0.06759740 -0.09120484
v -0.06700831 -0.06736736 -0.09082931
v -0.06735937 -0.06701630 -0.09082931
v -0.06758941 -0.06759740 -0.09120484
v -0.06758942 -0.06697241 -0.09082931
v -0.06758941 -0.06759740 -0.09120484
v -0.06781947 -0.06701630 -0.09082931
v -0.06758941 -0.06759740 -0.09120484
v -0.06803135 -0.06715547 -0.09082931
v -0.06758941 -0.06759740 -0.09120484
v -0.06817053 -0.06736736 -0.09082931
v -0.06758941 -0.06759740 -0.09120484
v -0.06758941 -0.06759740 -0.09120484
v -0.06717277 -0.06759740 -0.09095450
v -0.06642720 -0.06713730 -0.09045378
v -0.06670555 -0.06671353 -0.09045378
v -0.06712931 -0.06643519 -0.09045378
v -0.06675610 -0.06759740 -0.09070413
v -0.06800608 -0.06759740 -0.09095450
v -0.06758941 -0.06759740 -0.09120484
v -0.06758942 -0.06634742 -0.09045378
v -0.06804954 -0.06643519 -0.09045379
v -0.06847329 -0.06671353 -0.09045379
v -0.06633943 -0.06759740 -0.09045378
v -0.06875163 -0.06713730 -0.09045379
v -0.06842276 -0.06759740 -0.09070413
v -0.06883940 -0.06759740 -0.09045379
v -0.06633944 -0.06759740 -0.08795381
v -0.06642720 -0.06713730 -0.09045378
v -0.06633943 -0.06759740 -0.09045378
v -0.06670555 -0.06671353 -0.09045378
v -0.06712933 -0.06643519 -0.08545385
v -0.06712931 -0.06643519 -0.09045378
v -0.06670556 -0.06671353 -0.08545385
v -0.06758943 -0.06634742 -0.08545385
v -0.06758942 -0.06634742 -0.09045378
v -0.06804956 -0.06643519 -0.08545385
v -0.06804954 -0.06643519 -0.09045379
v -0.06847329 -0.06671353 -0.09045379
v -0.06875165 -0.06713730 -0.08545386
v -0.06875163 -0.06713730 -0.09045379
v -0.06883941 -0.06759740 -0.08795382
v -0.06883940 -0.06759740 -0.09045379
v -0.06847330 -0.06671353 -0.08545385
v -0.06642722 -0.06713730 -0.08545385
v -0.06633945 -0.06759740 -0.08545385
v 0.06785071 -0.06715544 -0.09082887
v 0.06740878 -0.06759738 -0.09120441
v 0.06798989 -0.06736733 -0.09082887
v 0.06763883 -0.06701628 -0.09082887
v 0.06740878 -0.06759738 -0.09120441
v 0.06740877 -0.06697239 -0.09082887
v 0.06740878 -0.06759738 -0.09120441
v 0.06717871 -0.06701628 -0.09082888
v 0.06740878 -0.06759738 -0.09120441
v 0.06696683 -0.06715545 -0.09082888
v 0.06740878 -0.06759738 -0.09120441
v 0.06682765 -0.06736733 -0.09082888
v 0.06740878 -0.06759738 -0.09120441
v 0.06740878 -0.06759738 -0.09120441
v 0.06782543 -0.06759738 -0.09095406
v 0.06857099 -0.06713727 -0.09045335
v 0.06829264 -0.06671351 -0.09045335
v 0.06786889 -0.06643516 -0.09045335
v 0.06824209 -0.06759738 -0.09070369
v 0.06740878 -0.06759738 -0.09120441
v 0.06699211 -0.06759738 -0.09095406
v 0.06694865 -0.06643516 -0.09045335
v 0.06652490 -0.06671351 -0.09045335
v 0.06740877 -0.06634740 -0.09045335
v 0.06865876 -0.06759738 -0.09045335
v 0.06624655 -0.06713727 -0.09045335
v 0.06657544 -0.06759738 -0.09070370
v 0.06615879 -0.06759738 -0.09045335
v 0.06857099 -0.06713727 -0.09045335
v 0.06829263 -0.06671351 -0.08545341
v 0.06829264 -0.06671351 -0.09045335
v 0.06786889 -0.06643516 -0.09045335
v 0.06740876 -0.06634740 -0.08545342
v 0.06740877 -0.06634740 -0.09045335
v 0.06694863 -0.06643516 -0.08545342
v 0.06694865 -0.06643516 -0.09045335
v 0.06786887 -0.06643516 -0.08545342
v 0.06652490 -0.06671351 -0.09045335
v 0.06624653 -0.06713727 -0.08545342
v 0.06624655 -0.06713727 -0.09045335
v 0.06615879 -0.06759738 -0.09045335
v 0.06615878 -0.06759738 -0.08795339
v 0.06652488 -0.06671351 -0.08545342
v 0.06865875 -0.06759738 -0.08795338
v 0.06865876 -0.06759738 -0.09045335
v 0.06857097 -0.06713727 -0.08545341
v 0.06865874 -0.06759738 -0.08545341
v 0.06615877 -0.06759738 -0.08545342
v 0.06740875 0.06740081 -0.09120441
v 0.06829262 0.06828468 -0.09045334
v 0.06786886 0.06856303 -0.09045334
v 0.06740875 0.06740081 -0.09120441
v 0.06857097 0.06786093 -0.09045334
v 0.06740875 0.06740081 -0.09120441
v 0.06740875 0.06865079 -0.09045335
v 0.06740875 0.06740081 -0.09120441
v 0.06694863 0.06856303 -0.09045335
v 0.06652487 0.06828468 -0.09045335
v 0.06740875 0.06740081 -0.09120441
v 0.06624653 0.06786093 -0.09045335
v 0.06657542 0.06740081 -0.09070370
v 0.06699209 0.06740081 -0.09095406
v 0.06740875 0.06740081 -0.09120441
v 0.06740875 0.06740081 -0.09120441
v 0.06782540 0.06740081 -0.09095406
v 0.06824207 0.06740081 -0.09070369
v 0.06865873 0.06740081 -0.09045334
v 0.06615877 0.06740081 -0.09045335
v 0.06865872 0.06740081 -0.08795338
v 0.06857097 0.06786093 -0.09045334
v 0.06865873 0.06740081 -0.09045334
v 0.06829262 0.06828468 -0.09045334
v 0.06786885 0.06856303 -0.08545341
v 0.06786886 0.06856303 -0.09045334
v 0.06829260 0.06828468 -0.08545341
v 0.06740873 0.06865079 -0.08545341
v 0.06740875 0.06865079 -0.09045335
v 0.06694861 0.06856303 -0.08545341
v 0.06694863 0.06856303 -0.09045335
v 0.06652487 0.06828468 -0.09045335
v 0.06624651 0.06786093 -0.08545342
v 0.06624653 0.06786093 -0.09045335
v 0.06615876 0.06740081 -0.08795338
v 0.06615877 0.06740081 -0.09045335
v 0.06652486 0.06828468 -0.08545342
v 0.06857095 0.06786093 -0.08545341
v 0.06615875 0.06740081 -0.08545342
v 0.06865872 0.06740081 -0.08545341
v -0.04608972 0.07190073 -0.09270475
v -0.04492750 0.07236085 -0.09195369
v -0.04520586 0.07278460 -0.09195369
v -0.04608972 0.07190073 -0.09270475
v -0.04562961 0.07306295 -0.09195369
v -0.04608972 0.07315071 -0.09195369
v -0.04608972 0.07190073 -0.09270475
v -0.04654984 0.07306295 -0.09195369
v -0.04608972 0.07190073 -0.09270475
v -0.04608972 0.07190073 -0.09270475
v -0.04697359 0.07278460 -0.09195369
v -0.04725194 0.07236085 -0.09195370
v -0.04671471 0.07190073 -0.09232922
v -0.04608972 0.07190073 -0.09270475
v -0.04546473 0.07190073 -0.09232921
v -0.04483974 0.07190073 -0.09195369
v -0.04733971 0.07190073 -0.09195370
v -0.04608972 0.07190073 -0.09270475
v -0.04483975 0.07190073 -0.08870373
v -0.04492750 0.07236085 -0.09195369
v -0.04483974 0.07190073 -0.09195369
v -0.04520586 0.07278460 -0.09195369
v -0.04562963 0.07306295 -0.08545378
v -0.04562961 0.07306295 -0.09195369
v -0.04520588 0.07278460 -0.08545378
v -0.04608975 0.07315071 -0.08545378
v -0.04608972 0.07315071 -0.09195369
v -0.04654986 0.07306295 -0.08545378
v -0.04654984 0.07306295 -0.09195369
v -0.04697359 0.07278460 -0.09195369
v -0.04725196 0.07236084 -0.08545378
v -0.04725194 0.07236085 -0.09195370
v -0.04733972 0.07190073 -0.08870374
v -0.04733971 0.07190073 -0.09195370
v -0.04697361 0.07278460 -0.08545378
v -0.04492752 0.07236085 -0.08545378
v -0.04733973 0.07190073 -0.08545378
v -0.04483976 0.07190073 -0.08545377
v -0.02280912 0.07337310 -0.11595329
v -0.02191836 0.07472913 -0.12895312
v -0.02191840 0.07472913 -0.11595329
v -0.02056234 0.07561985 -0.12895311
v -0.02056238 0.07561985 -0.11595329
v -0.01909001 0.07590068 -0.11595328
v -0.01908999 0.07590068 -0.12245319
v -0.02308993 0.07190074 -0.12245321
v -0.02308996 0.07190073 -0.11595329
v -0.02280908 0.07337310 -0.12895312
v -0.02308991 0.07190074 -0.12895312
v -0.01908997 0.07590068 -0.12895311
v -0.03361743 0.07561985 -0.11595333
v -0.03508980 0.07590068 -0.11595333
v -0.03508977 0.07590068 -0.12245324
v -0.03226136 0.07472913 -0.12895315
v -0.03226140 0.07472913 -0.11595332
v -0.03137065 0.07337310 -0.12895315
v -0.03137069 0.07337310 -0.11595332
v -0.03108983 0.07190073 -0.12245323
v -0.03108985 0.07190073 -0.11595332
v -0.03361739 0.07561985 -0.12895315
v -0.03108981 0.07190073 -0.12895314
v -0.03508975 0.07590068 -0.12895316
v -0.02337080 0.07042837 -0.11595329
v -0.02308993 0.07190074 -0.12245321
v -0.02308996 0.07190073 -0.11595329
v -0.02337076 0.07042837 -0.12895312
v -0.02426151 0.06907234 -0.11595330
v -0.02561754 0.06818164 -0.11595330
v -0.02426147 0.06907234 -0.12895312
v -0.02308991 0.07190074 -0.12895312
v -0.02561750 0.06818164 -0.12895313
v -0.02708990 0.06790079 -0.11595331
v -0.02708986 0.06790079 -0.12895313
v -0.02856227 0.06818164 -0.11595331
v -0.03080897 0.07042837 -0.12895314
v -0.02991829 0.06907234 -0.11595332
v -0.03080901 0.07042837 -0.11595332
v -0.03108983 0.07190073 -0.12245323
v -0.03108985 0.07190073 -0.11595332
v -0.02991825 0.06907234 -0.12895314
v -0.03108981 0.07190073 -0.12895314
v -0.02823275 0.06904363 -0.11595331
v -0.02594706 0.07018648 -0.11595330
v -0.02823275 0.07018648 -0.11595331
v -0.02594706 0.07361500 -0.11595330
v -0.02366138 0.07475784 -0.11595330
v -0.02594706 0.07475784 -0.11595330
v -0.02823275 0.07361500 -0.11595331
v -0.02823275 0.07475784 -0.11595331
v -0.03051844 0.07361500 -0.11595332
v -0.03051844 0.07475783 -0.11595332
v -0.02426151 0.06907234 -0.11595330
v -0.02594706 0.06904363 -0.11595330
v -0.02561754 0.06818164 -0.11595330
v -0.02337080 0.07042837 -0.11595329
v -0.02708990 0.06790079 -0.11595331
v -0.02620603 0.07101686 -0.11595330
v -0.02662979 0.07073851 -0.11595331
v -0.02708990 0.07065075 -0.11595331
v -0.02280912 0.07337310 -0.11595329
v -0.02366138 0.07361500 -0.11595330
v -0.02308996 0.07190073 -0.11595329
v -0.02366138 0.07132932 -0.11595330
v -0.02583992 0.07190073 -0.11595330
v -0.02592769 0.07236085 -0.11595330
v -0.02592769 0.07144062 -0.11595330
v -0.02620603 0.07278460 -0.11595330
v -0.02856227 0.06818164 -0.11595331
v -0.02755003 0.07073851 -0.11595331
v -0.02991829 0.06907234 -0.11595332
v -0.03080901 0.07042837 -0.11595332
v -0.02797378 0.07101686 -0.11595331
v -0.03051844 0.07132931 -0.11595332
v -0.02825213 0.07144062 -0.11595331
v -0.02833989 0.07190073 -0.11595331
v -0.02825213 0.07236085 -0.11595331
v -0.03108985 0.07190073 -0.11595332
v -0.02797378 0.07278460 -0.11595331
v -0.02191840 0.07472913 -0.11595329
v -0.02708990 0.07315072 -0.11595331
v -0.02662979 0.07306295 -0.11595331
v -0.02228997 0.07590068 -0.11595329
v -0.02068999 0.07590068 -0.11595329
v -0.02056238 0.07561985 -0.11595329
v -0.01909001 0.07590068 -0.11595328
v -0.02548993 0.07590068 -0.11595330
v -0.02388994 0.07590068 -0.11595330
v -0.02708990 0.07590068 -0.11595331
v -0.02755003 0.07306295 -0.11595331
v -0.03226140 0.07472913 -0.11595332
v -0.03137069 0.07337310 -0.11595332
v -0.03188984 0.07590068 -0.11595332
v -0.02868988 0.07590068 -0.11595331
v -0.03028986 0.07590068 -0.11595332
v -0.03348982 0.07590068 -0.11595333
v -0.03361743 0.07561985 -0.11595333
v -0.03508980 0.07590068 -0.11595333
v -0.02708988 0.07190073 -0.12120431
v -0.02620602 0.07278460 -0.12045324
v -0.02662977 0.07306295 -0.12045324
v -0.02708988 0.07190073 -0.12120431
v -0.02592767 0.07236085 -0.12045324
v -0.02708988 0.07190073 -0.12120431
v -0.02708989 0.07315072 -0.12045325
v -0.02708988 0.07190073 -0.12120431
v -0.02755001 0.07306295 -0.12045325
v -0.02708988 0.07190073 -0.12120431
v -0.02797377 0.07278460 -0.12045325
v -0.02825211 0.07236085 -0.12045325
v -0.02708988 0.07190073 -0.12120431
v -0.02708988 0.07190073 -0.12120431
v -0.02646489 0.07190073 -0.12082877
v -0.02771488 0.07190073 -0.12082877
v -0.02833987 0.07190073 -0.12045325
v -0.02583990 0.07190073 -0.12045324
v -0.02592767 0.07236085 -0.12045324
v -0.02620603 0.07278460 -0.11595330
v -0.02620602 0.07278460 -0.12045324
v -0.02662977 0.07306295 -0.12045324
v -0.02708990 0.07315072 -0.11595331
v -0.02708989 0.07315072 -0.12045325
v -0.02755003 0.07306295 -0.11595331
v -0.02755001 0.07306295 -0.12045325
v -0.02662979 0.07306295 -0.11595331
v -0.02797377 0.07278460 -0.12045325
v -0.02825213 0.07236085 -0.11595331
v -0.02825211 0.07236085 -0.12045325
v -0.02833987 0.07190073 -0.12045325
v -0.02833988 0.07190073 -0.11820328
v -0.02797378 0.07278460 -0.11595331
v -0.02583991 0.07190073 -0.11820327
v -0.02583990 0.07190073 -0.12045324
v -0.02592769 0.07236085 -0.11595330
v -0.02583992 0.07190073 -0.11595330
v -0.02833989 0.07190073 -0.11595331
v -0.07858923 -0.01440581 -0.10595361
v -0.07858921 -0.01440581 -0.11145354
v -0.07858921 -0.02394415 -0.11145354
v -0.07858921 -0.00486748 -0.11145354
v -0.07858923 -0.00486748 -0.10595361
v -0.07858921 0.00467086 -0.11145354
v -0.07858923 0.00467086 -0.10595361
v -0.07858922 0.01420919 -0.11145353
v -0.07858923 0.01420919 -0.10595361
v -0.07858922 0.02374752 -0.11145353
v -0.07858924 0.02374752 -0.10595361
v -0.07858922 0.03328585 -0.11145353
v -0.07858924 0.03328585 -0.10595361
v -0.07858922 0.04282418 -0.11145353
v -0.07858924 0.04282418 -0.10595361
v -0.07858922 0.05236253 -0.11145353
v -0.07858924 0.05236253 -0.10595361
v -0.07858925 -0.01440581 -0.10045368
v -0.07858925 -0.00486748 -0.10045368
v -0.07858925 0.00467086 -0.10045368
v -0.07858925 0.01420919 -0.10045368
v -0.07858925 0.02374752 -0.10045368
v -0.07858925 0.03328585 -0.10045368
v -0.07858926 0.04282418 -0.10045368
v -0.07858926 0.05236253 -0.10045368
v -0.07858926 -0.01440581 -0.09495376
v -0.07858927 -0.00486748 -0.09495376
v -0.07858927 0.00467086 -0.09495376
v -0.07858927 0.01420919 -0.09495376
v -0.07858927 0.02374752 -0.09495376
v -0.07858927 0.03328585 -0.09495376
v -0.07858927 0.04282418 -0.09495376
v -0.07858928 0.05236253 -0.09495376
v -0.07858928 -0.01440581 -0.08945383
v -0.07858928 -0.00486748 -0.08945383
v -0.07858928 0.00467086 -0.08945383
v -0.07858929 0.01420919 -0.08945383
v -0.07858929 0.02374752 -0.08945383
v -0.07858929 0.03328585 -0.08945383
v -0.07858929 0.04282418 -0.08945383
v -0.07858929 0.05236253 -0.08945383
v -0.07858915 -0.05983356 -0.12713831
v -0.07858916 -0.05849753 -0.12475336
v -0.07858915 -0.05893800 -0.12760226
v -0.07858915 -0.06063304 -0.12648887
v -0.07858916 -0.05868157 -0.12471825
v -0.07858916 -0.06128247 -0.12568939
v -0.07858915 -0.04997264 -0.12795331
v -0.07858916 -0.05409759 -0.12475336
v -0.07858916 -0.04969764 -0.12475336
v -0.07858915 -0.05709754 -0.12795331
v -0.07858915 -0.05800735 -0.12786983
v -0.07858916 -0.05885107 -0.12460691
v -0.07858916 -0.06174642 -0.12479383
v -0.07858916 -0.05899752 -0.12425336
v -0.07858916 -0.05896242 -0.12443740
v -0.07858918 -0.05899752 -0.11885343
v -0.07858917 -0.06209748 -0.12295338
v -0.07858919 -0.06209748 -0.11615347
v -0.07858916 -0.06201401 -0.12386319
v -0.07858916 -0.04951360 -0.12471825
v -0.07858916 -0.04934409 -0.12460691
v -0.07858915 -0.04284774 -0.12795331
v -0.07858916 -0.04923276 -0.12443740
v -0.07858916 -0.03648187 -0.12471825
v -0.07858915 -0.03572283 -0.12795331
v -0.07858916 -0.03629782 -0.12475336
v -0.07858916 -0.03039790 -0.12475336
v -0.07858916 -0.03665138 -0.12460691
v -0.07858915 -0.02859793 -0.12795331
v -0.07858917 -0.02449798 -0.12475336
v -0.07858916 -0.02147302 -0.12795331
v -0.07858917 -0.01265170 -0.12435691
v -0.07858916 -0.01434812 -0.12795331
v -0.07858917 -0.02431394 -0.12471825
v -0.07858917 -0.02414444 -0.12460691
v -0.07858916 -0.03676272 -0.12443740
v -0.07858917 -0.04302081 -0.12245339
v -0.07858917 -0.03679782 -0.12425336
v -0.07858916 -0.04919765 -0.12425336
v -0.07858918 -0.04919765 -0.11885343
v -0.07858918 -0.01440581 -0.12245339
v -0.07858917 -0.02403310 -0.12443740
v -0.07858917 -0.02399799 -0.12425336
v -0.07858917 -0.01276303 -0.12418740
v -0.07858918 -0.01279814 -0.11965343
v -0.07858917 -0.01279814 -0.12400337
v -0.07858919 -0.02399799 -0.11885343
v -0.07858920 -0.02399799 -0.11345351
v -0.07858918 -0.03679782 -0.11885343
v -0.07858920 -0.05896242 -0.11326946
v -0.07858920 -0.05899752 -0.11345351
v -0.07858921 -0.06209748 -0.10935356
v -0.07858920 -0.05885107 -0.11309995
v -0.07858920 -0.04923276 -0.11326946
v -0.07858921 -0.04302081 -0.11145354
v -0.07858920 -0.04919765 -0.11345351
v -0.07858920 -0.03676272 -0.11326946
v -0.07858920 -0.03679782 -0.11345351
v -0.07858920 -0.05255915 -0.11145354
v -0.07858920 -0.05849753 -0.11295352
v -0.07858920 -0.04969764 -0.11295352
v -0.07858920 -0.05409759 -0.11295352
v -0.07858920 -0.04951360 -0.11298863
v -0.07858920 -0.05868157 -0.11298863
v -0.07858920 -0.03648187 -0.11298863
v -0.07858920 -0.03665138 -0.11309995
v -0.07858920 -0.04934409 -0.11309995
v -0.07858921 -0.03348247 -0.11145354
v -0.07858921 -0.03497113 -0.10994638
v -0.07858921 -0.03471136 -0.11026619
v -0.07858921 -0.03515671 -0.10958817
v -0.07858920 -0.02449798 -0.11295352
v -0.07858920 -0.03039790 -0.11295352
v -0.07858921 -0.03256097 -0.11071154
v -0.07858921 -0.03220275 -0.11052595
v -0.07858921 -0.03366108 -0.11081857
v -0.07858921 -0.03329716 -0.11085197
v -0.07858920 -0.02431394 -0.11298863
v -0.07858920 -0.02403310 -0.11326946
v -0.07858920 -0.02414444 -0.11309995
v -0.07858923 -0.02394415 -0.10595361
v -0.07858920 -0.01279814 -0.11530347
v -0.07858921 -0.03293324 -0.11081857
v -0.07858920 -0.03629782 -0.11295352
v -0.07858921 -0.03403333 -0.11071154
v -0.07858921 -0.03439157 -0.11052595
v -0.07858921 -0.03188296 -0.11026619
v -0.07858921 -0.03162319 -0.10994638
v -0.07858921 -0.03143761 -0.10958817
v -0.07858922 -0.05255915 -0.10595361
v -0.07858920 -0.01276303 -0.11511944
v -0.07858916 -0.00009831 -0.12795331
v -0.07858917 -0.00559824 -0.12450336
v -0.07858917 0.00110167 -0.12450336
v -0.07858916 -0.00722322 -0.12795331
v -0.07858917 -0.01229815 -0.12450336
v -0.07858917 -0.01248219 -0.12446825
v -0.07858916 0.00702659 -0.12795331
v -0.07858917 0.00798563 -0.12446825
v -0.07858916 0.01415150 -0.12795331
v -0.07858918 0.02205539 -0.12411826
v -0.07858916 0.02127640 -0.12795331
v -0.07858917 0.00780158 -0.12450336
v -0.07858917 0.00826647 -0.12418740
v -0.07858917 0.00815514 -0.12435691
v -0.07858918 0.01420919 -0.12245339
v -0.07858918 0.02360137 -0.12441315
v -0.07858917 0.02840131 -0.12795331
v -0.07858918 0.02063156 -0.12318303
v -0.07858919 0.00830158 -0.11965342
v -0.07858917 0.00830158 -0.12400337
v -0.07858918 0.02514735 -0.12411826
v -0.07858917 0.03552621 -0.12795331
v -0.07858918 0.04147193 -0.12411826
v -0.07858917 0.04265112 -0.12795331
v -0.07858917 0.04977602 -0.12795331
v -0.07858919 0.05236253 -0.12245339
v -0.07858917 0.05690093 -0.12795331
v -0.07858918 0.06043641 -0.12648887
v -0.07858918 0.04456388 -0.12411826
v -0.07858917 0.05874137 -0.12760226
v -0.07858917 0.05781072 -0.12786983
v -0.07858917 0.05963693 -0.12713830
v -0.07858918 0.06108584 -0.12568939
v -0.07858918 0.03328585 -0.12245339
v -0.07858918 0.04301791 -0.12441315
v -0.07858918 0.04004810 -0.12318303
v -0.07858918 0.02657118 -0.12318303
v -0.07858918 0.02750643 -0.12175920
v -0.07858918 0.06181738 -0.12386319
v -0.07858918 0.06154981 -0.12479382
v -0.07858918 0.04598772 -0.12318303
v -0.07858919 0.06190086 -0.12295338
v -0.07858919 0.04692297 -0.12175920
v -0.07858921 0.06190086 -0.11615347
v -0.07858919 0.03911285 -0.12175920
v -0.07858918 0.01969631 -0.12175920
v -0.07858919 0.01969631 -0.11866725
v -0.07858920 0.02063156 -0.11724341
v -0.07858920 0.00830158 -0.11530347
v -0.07858919 0.01940143 -0.12021322
v -0.07858920 0.02205539 -0.11630816
v -0.07858920 0.00826647 -0.11511944
v -0.07858920 -0.01248219 -0.11483860
v -0.07858920 -0.01265170 -0.11494993
v -0.07858920 -0.01229815 -0.11480348
v -0.07858920 -0.00559824 -0.11480348
v -0.07858920 0.00110167 -0.11480348
v -0.07858920 0.00815514 -0.11494993
v -0.07858920 0.00798563 -0.11483860
v -0.07858920 0.00780158 -0.11480348
v -0.07858919 0.02780132 -0.12021322
v -0.07858919 0.02750643 -0.11866725
v -0.07858920 0.03911285 -0.11866725
v -0.07858919 0.03881797 -0.12021322
v -0.07858920 0.02657118 -0.11724341
v -0.07858919 0.04721786 -0.12021322
v -0.07858920 0.04692297 -0.11866725
v -0.07858920 0.04598772 -0.11724341
v -0.07858920 0.04004810 -0.11724341
v -0.07858920 0.04147193 -0.11630816
v -0.07858920 0.02514735 -0.11630816
v -0.07858920 0.02360137 -0.11601327
v -0.07858921 0.04456388 -0.11630816
v -0.07858921 0.04301791 -0.11601327
v -0.07858923 0.06190086 -0.10935356
v -0.07858921 -0.03133057 -0.10921591
v -0.07858922 -0.05849753 -0.10485362
v -0.07858922 -0.05868157 -0.10481853
v -0.07858922 -0.05885107 -0.10470718
v -0.07858923 -0.05896242 -0.10453768
v -0.07858923 -0.06209748 -0.10255365
v -0.07858923 -0.05899752 -0.10435363
v -0.07858923 -0.05169762 -0.10485362
v -0.07858923 -0.04489771 -0.10485362
v -0.07858922 -0.03497113 -0.10775759
v -0.07858923 -0.03348247 -0.10595361
v -0.07858923 -0.03809780 -0.10485362
v -0.07858925 -0.05899752 -0.09820372
v -0.07858927 -0.05896242 -0.09186975
v -0.07858927 -0.05899752 -0.09205381
v -0.07858927 -0.06209748 -0.08895384
v -0.07858927 -0.05919194 -0.09012780
v -0.07858927 -0.05885107 -0.09170024
v -0.07858925 -0.06209748 -0.09575375
v -0.07858927 -0.05868157 -0.09158890
v -0.07858927 -0.05846146 -0.09042043
v -0.07858927 -0.05849753 -0.09155381
v -0.07858927 -0.05809753 -0.09045382
v -0.07858927 -0.04489771 -0.09155381
v -0.07858929 -0.04997264 -0.08395391
v -0.07858929 -0.04284774 -0.08395391
v -0.07858927 -0.05169762 -0.09155381
v -0.07858927 -0.05736135 -0.09031339
v -0.07858927 -0.03809780 -0.09155381
v -0.07858930 -0.03572283 -0.08395391
v -0.07858927 -0.05883371 -0.09031339
v -0.07858921 -0.03526375 -0.10921591
v -0.07858922 -0.03529713 -0.10885199
v -0.07858922 -0.03526375 -0.10848806
v -0.07858922 -0.03515671 -0.10811581
v -0.07858922 -0.03143761 -0.10811581
v -0.07858922 -0.03162319 -0.10775759
v -0.07858922 -0.03133057 -0.10848806
v -0.07858922 -0.03129719 -0.10885199
v -0.07858922 -0.03471136 -0.10743780
v -0.07858922 -0.03366108 -0.10688541
v -0.07858922 -0.03403333 -0.10699243
v -0.07858922 -0.03439157 -0.10717802
v -0.07858922 -0.03220275 -0.10717802
v -0.07858922 -0.03256097 -0.10699243
v -0.07858922 -0.03293324 -0.10688541
v -0.07858922 -0.03329716 -0.10685202
v -0.07858923 -0.03129789 -0.10485362
v -0.07858923 -0.02449798 -0.10485362
v -0.07858922 -0.03188296 -0.10743780
v -0.07858927 -0.05773362 -0.09042043
v -0.07858928 -0.06006412 -0.08881776
v -0.07858927 -0.05995709 -0.08919003
v -0.07858927 -0.05977150 -0.08954825
v -0.07858928 -0.06009751 -0.08845385
v -0.07858928 -0.06201401 -0.08804403
v -0.07858928 -0.06006412 -0.08808993
v -0.07858927 -0.05951172 -0.08986804
v -0.07858928 -0.05995709 -0.08771767
v -0.07858928 -0.06174642 -0.08711340
v -0.07858928 -0.06128247 -0.08621783
v -0.07858928 -0.05951172 -0.08703964
v -0.07858928 -0.05977150 -0.08735944
v -0.07858929 -0.06063304 -0.08541835
v -0.07858928 -0.05883371 -0.08659430
v -0.07858928 -0.05919194 -0.08677987
v -0.07858929 -0.05983356 -0.08476892
v -0.07858928 -0.05846146 -0.08648726
v -0.07858929 -0.05893800 -0.08430496
v -0.07858928 -0.05809753 -0.08645387
v -0.07858927 -0.05642357 -0.08954825
v -0.07858928 -0.05623799 -0.08919003
v -0.07858927 -0.05668333 -0.08986804
v -0.07858927 -0.05700313 -0.09012780
v -0.07858928 -0.05609756 -0.08845385
v -0.07858928 -0.05613095 -0.08808993
v -0.07858928 -0.05613095 -0.08881776
v -0.07858928 -0.05623799 -0.08771767
v -0.07858928 -0.05642357 -0.08735944
v -0.07858928 -0.05773362 -0.08648726
v -0.07858929 -0.05709755 -0.08395391
v -0.07858928 -0.05736135 -0.08659430
v -0.07858929 -0.05800735 -0.08403737
v -0.07858928 -0.05700313 -0.08677987
v -0.07858928 -0.05668333 -0.08703964
v -0.07858927 -0.03129789 -0.09155381
v -0.07858923 -0.02431394 -0.10481852
v -0.07858923 -0.02414444 -0.10470718
v -0.07858923 -0.02403310 -0.10453767
v -0.07858923 -0.02399799 -0.10435363
v -0.07858927 -0.02414444 -0.09170024
v -0.07858928 -0.02380357 -0.09012780
v -0.07858927 -0.02403310 -0.09186975
v -0.07858927 -0.02449798 -0.09155381
v -0.07858928 -0.02563416 -0.09031339
v -0.07858928 -0.02599239 -0.09012780
v -0.07858928 -0.02631218 -0.08986804
v -0.07858928 -0.02657194 -0.08954825
v -0.07858928 -0.02675753 -0.08919003
v -0.07858928 -0.02453406 -0.09042043
v -0.07858927 -0.02431394 -0.09158890
v -0.07858928 -0.02526190 -0.09042043
v -0.07858928 -0.02489798 -0.09045382
v -0.07858928 -0.02416180 -0.09031339
v -0.07858925 -0.02399799 -0.09820371
v -0.07858925 0.06190086 -0.10255364
v -0.07858927 0.06190086 -0.09575375
v -0.07858930 0.06190086 -0.08895384
v -0.07858928 -0.02348379 -0.08986804
v -0.07858928 -0.02322401 -0.08954825
v -0.07858928 -0.02303843 -0.08919003
v -0.07858927 -0.02399799 -0.09205381
v -0.07858930 -0.00009831 -0.08395391
v -0.07858930 0.00702659 -0.08395391
v -0.07858930 0.01415150 -0.08395391
v -0.07858931 0.02840131 -0.08395390
v -0.07858931 0.03552621 -0.08395390
v -0.07858931 0.04265112 -0.08395390
v -0.07858931 0.02127640 -0.08395391
v -0.07858930 -0.00722322 -0.08395391
v -0.07858928 -0.02686457 -0.08881776
v -0.07858928 -0.02686457 -0.08808993
v -0.07858928 -0.02689795 -0.08845385
v -0.07858928 -0.02675753 -0.08771766
v -0.07858928 -0.02293139 -0.08881776
v -0.07858928 -0.02289800 -0.08845385
v -0.07858930 -0.01434812 -0.08395391
v -0.07858929 -0.02303843 -0.08771766
v -0.07858929 -0.02322401 -0.08735944
v -0.07858930 -0.02859793 -0.08395391
v -0.07858929 -0.02631218 -0.08703964
v -0.07858929 -0.02657194 -0.08735944
v -0.07858929 -0.02563416 -0.08659430
v -0.07858929 -0.02599239 -0.08677987
v -0.07858929 -0.02526190 -0.08648726
v -0.07858929 -0.02416180 -0.08659430
v -0.07858930 -0.02147302 -0.08395391
v -0.07858929 -0.02380357 -0.08677987
v -0.07858929 -0.02348379 -0.08703964
v -0.07858929 -0.02489798 -0.08645387
v -0.07858929 -0.02453406 -0.08648726
v -0.07858928 -0.02293139 -0.08808993
v -0.07858931 0.06043641 -0.08541834
v -0.07858931 0.05690093 -0.08395390
v -0.07858931 0.05963693 -0.08476891
v -0.07858931 0.05781072 -0.08403736
v -0.07858931 0.05874137 -0.08430496
v -0.07858930 0.06181738 -0.08804403
v -0.07858930 0.06154980 -0.08711339
v -0.07858931 0.06108584 -0.08621782
v -0.07858931 0.04977602 -0.08395390
v -0.07858915 -0.05709754 -0.12795331
v -0.07908914 -0.05800735 -0.12786984
v -0.07858915 -0.05800735 -0.12786983
v -0.07858915 -0.05893800 -0.12760226
v -0.07908915 -0.05983356 -0.12713831
v -0.07858915 -0.05983356 -0.12713831
v -0.07908914 -0.05893800 -0.12760226
v -0.07858915 -0.06063304 -0.12648887
v -0.07908915 -0.06128247 -0.12568940
v -0.07858916 -0.06128247 -0.12568939
v -0.07858916 -0.06174642 -0.12479383
v -0.07908916 -0.06201401 -0.12386319
v -0.07858916 -0.06201401 -0.12386319
v -0.07908916 -0.06209748 -0.12295338
v -0.07858917 -0.06209748 -0.12295338
v -0.07908915 -0.06174642 -0.12479383
v -0.07908915 -0.06063304 -0.12648888
v -0.07908914 -0.05709754 -0.12795332
v -0.07858915 -0.05709754 -0.12795331
v -0.07858915 -0.04997264 -0.12795331
v -0.07908915 -0.04443104 -0.12795332
v -0.07858915 -0.04284774 -0.12795331
v -0.07908915 -0.03176455 -0.12795332
v -0.07858915 -0.03572283 -0.12795331
v -0.07858915 -0.02859793 -0.12795331
v -0.07908915 -0.01909805 -0.12795332
v -0.07908915 -0.00643156 -0.12795331
v -0.07858916 -0.01434812 -0.12795331
v -0.07858916 -0.00722322 -0.12795331
v -0.07858916 -0.00009831 -0.12795331
v -0.07858916 -0.02147302 -0.12795331
v -0.07908915 0.00623494 -0.12795331
v -0.07858916 0.00702659 -0.12795331
v -0.07858916 0.01415150 -0.12795331
v -0.07858917 0.02840131 -0.12795331
v -0.07908916 0.01890144 -0.12795331
v -0.07858916 0.02127640 -0.12795331
v -0.07908916 0.04423442 -0.12795331
v -0.07858917 0.03552621 -0.12795331
v -0.07858917 0.04265112 -0.12795331
v -0.07908916 0.03156793 -0.12795331
v -0.07908916 0.05690093 -0.12795331
v -0.07858917 0.04977602 -0.12795331
v -0.07858917 0.05690093 -0.12795331
v -0.07858919 0.06190086 -0.12295338
v -0.07908918 0.06181738 -0.12386319
v -0.07858918 0.06181738 -0.12386319
v -0.07858918 0.06154981 -0.12479382
v -0.07908917 0.06108584 -0.12568939
v -0.07858918 0.06108584 -0.12568939
v -0.07908917 0.06154981 -0.12479383
v -0.07858918 0.06043641 -0.12648887
v -0.07908917 0.05963693 -0.12713830
v -0.07858917 0.05963693 -0.12713830
v -0.07858917 0.05874137 -0.12760226
v -0.07908916 0.05781072 -0.12786983
v -0.07858917 0.05781072 -0.12786983
v -0.07908916 0.05690093 -0.12795331
v -0.07858917 0.05690093 -0.12795331
v -0.07908916 0.05874137 -0.12760226
v -0.07908917 0.06043641 -0.12648887
v -0.07908918 0.06190086 -0.12295338
v -0.07858921 0.06190086 -0.11615347
v -0.07908922 0.06190086 -0.11162021
v -0.07908925 0.06190086 -0.10028701
v -0.07858923 0.06190086 -0.10935356
v -0.07858925 0.06190086 -0.10255364
v -0.07908929 0.06190086 -0.08895384
v -0.07858927 0.06190086 -0.09575375
v -0.07858930 0.06190086 -0.08895384
v -0.07858931 0.05690093 -0.08395390
v -0.07908931 0.05781072 -0.08403736
v -0.07858931 0.05781072 -0.08403736
v -0.07858931 0.05874137 -0.08430496
v -0.07908930 0.05963693 -0.08476891
v -0.07858931 0.05963693 -0.08476891
v -0.07908930 0.05874137 -0.08430496
v -0.07858931 0.06043641 -0.08541834
v -0.07908930 0.06108584 -0.08621783
v -0.07858931 0.06108584 -0.08621782
v -0.07858930 0.06154980 -0.08711339
v -0.07908929 0.06181738 -0.08804403
v -0.07858930 0.06181738 -0.08804403
v -0.07908929 0.06190086 -0.08895384
v -0.07858930 0.06190086 -0.08895384
v -0.07908930 0.06154980 -0.08711339
v -0.07908930 0.06043641 -0.08541835
v -0.07908931 0.05690093 -0.08395391
v -0.07858931 0.05690093 -0.08395390
v -0.07858931 0.04977602 -0.08395390
v -0.07908930 0.04423442 -0.08395391
v -0.07858931 0.04265112 -0.08395390
v -0.07908930 0.03156793 -0.08395391
v -0.07858931 0.03552621 -0.08395390
v -0.07858931 0.02840131 -0.08395390
v -0.07908930 0.01890143 -0.08395391
v -0.07908930 0.00623494 -0.08395391
v -0.07858930 0.01415150 -0.08395391
v -0.07858930 0.00702659 -0.08395391
v -0.07858930 -0.00009831 -0.08395391
v -0.07858931 0.02127640 -0.08395391
v -0.07908929 -0.00643156 -0.08395391
v -0.07858930 -0.00722322 -0.08395391
v -0.07858930 -0.01434812 -0.08395391
v -0.07858930 -0.02859793 -0.08395391
v -0.07908929 -0.01909806 -0.08395391
v -0.07858930 -0.02147302 -0.08395391
v -0.07908929 -0.04443104 -0.08395391
v -0.07858930 -0.03572283 -0.08395391
v -0.07858929 -0.04284774 -0.08395391
v -0.07908929 -0.03176456 -0.08395391
v -0.07908929 -0.05709755 -0.08395391
v -0.07858929 -0.04997264 -0.08395391
v -0.07858929 -0.05709755 -0.08395391
v -0.07858927 -0.06209748 -0.08895384
v -0.07908927 -0.06201401 -0.08804403
v -0.07858928 -0.06201401 -0.08804403
v -0.07858928 -0.06174642 -0.08711340
v -0.07908928 -0.06128247 -0.08621783
v -0.07858928 -0.06128247 -0.08621783
v -0.07908927 -0.06174642 -0.08711340
v -0.07858929 -0.06063304 -0.08541835
v -0.07908928 -0.05983356 -0.08476892
v -0.07858929 -0.05983356 -0.08476892
v -0.07858929 -0.05893800 -0.08430496
v -0.07908928 -0.05800735 -0.08403737
v -0.07858929 -0.05800735 -0.08403737
v -0.07908929 -0.05709755 -0.08395391
v -0.07858929 -0.05709755 -0.08395391
v -0.07908928 -0.05893800 -0.08430497
v -0.07908928 -0.06063304 -0.08541835
v -0.07908916 -0.06209748 -0.12295338
v -0.07858919 -0.06209748 -0.11615347
v -0.07858917 -0.06209748 -0.12295338
v -0.07858921 -0.06209748 -0.10935356
v -0.07908923 -0.06209748 -0.10028702
v -0.07858923 -0.06209748 -0.10255365
v -0.07858925 -0.06209748 -0.09575375
v -0.07908920 -0.06209748 -0.11162021
v -0.07858927 -0.06209748 -0.08895384
v -0.07908927 -0.06209748 -0.08895384
v -0.07608932 -0.02452989 -0.08752405
v -0.07668932 -0.02419089 -0.08774674
v -0.07608932 -0.02419089 -0.08774674
v -0.07608932 -0.02396821 -0.08808574
v -0.07668932 -0.02389799 -0.08845384
v -0.07608932 -0.02389799 -0.08845384
v -0.07668932 -0.02396821 -0.08882192
v -0.07608932 -0.02396821 -0.08882192
v -0.07668932 -0.02396821 -0.08808575
v -0.07608931 -0.02419089 -0.08916094
v -0.07668932 -0.02452989 -0.08938361
v -0.07608931 -0.02452989 -0.08938360
v -0.07608931 -0.02489798 -0.08945382
v -0.07638932 -0.02489798 -0.08945383
v -0.07668932 -0.02419089 -0.08916094
v -0.07638933 -0.02489798 -0.08745385
v -0.07608932 -0.02489798 -0.08745385
v -0.07668933 -0.02452989 -0.08752405
v -0.07668933 -0.02489798 -0.08745385
v -0.07668932 -0.02489798 -0.08945383
v -0.07701122 -0.02489798 -0.08712052
v -0.07668933 -0.02452989 -0.08752405
v -0.07668933 -0.02489798 -0.08745385
v -0.07717214 -0.02350332 -0.08790171
v -0.07668932 -0.02396821 -0.08808575
v -0.07668932 -0.02419089 -0.08774674
v -0.07717215 -0.02434584 -0.08705918
v -0.07733309 -0.02489798 -0.08678719
v -0.07765499 -0.02348379 -0.08703964
v -0.07765499 -0.02322401 -0.08735944
v -0.07765499 -0.02293139 -0.08808993
v -0.07717214 -0.02339800 -0.08845384
v -0.07668932 -0.02389799 -0.08845384
v -0.07765498 -0.02293139 -0.08881776
v -0.07717214 -0.02350332 -0.08900597
v -0.07668932 -0.02396821 -0.08882192
v -0.07668932 -0.02452989 -0.08938361
v -0.07717214 -0.02383733 -0.08951448
v -0.07717214 -0.02434584 -0.08984850
v -0.07668932 -0.02419089 -0.08916094
v -0.07765498 -0.02322401 -0.08954825
v -0.07668932 -0.02489798 -0.08945383
v -0.07701121 -0.02489798 -0.08978715
v -0.07733308 -0.02489798 -0.09012048
v -0.07765498 -0.02380357 -0.09012780
v -0.07765499 -0.02453406 -0.08648726
v -0.07765499 -0.02416180 -0.08659430
v -0.07765499 -0.02380357 -0.08677987
v -0.07765499 -0.02303843 -0.08771766
v -0.07765498 -0.02289800 -0.08845384
v -0.07765498 -0.02348379 -0.08986803
v -0.07765498 -0.02303843 -0.08919002
v -0.07765498 -0.02416180 -0.09031339
v -0.07765498 -0.02453406 -0.09042043
v -0.07765498 -0.02489798 -0.09045382
v -0.07765499 -0.02489798 -0.08645387
v -0.07812215 -0.02489798 -0.08645387
v -0.07765499 -0.02453406 -0.08648726
v -0.07765499 -0.02489798 -0.08645387
v -0.07765499 -0.02416180 -0.08659430
v -0.07858929 -0.02380357 -0.08677987
v -0.07765499 -0.02380357 -0.08677987
v -0.07858929 -0.02416180 -0.08659430
v -0.07765499 -0.02348379 -0.08703964
v -0.07858929 -0.02322401 -0.08735944
v -0.07765499 -0.02322401 -0.08735944
v -0.07858929 -0.02348379 -0.08703964
v -0.07858929 -0.02303843 -0.08771766
v -0.07765499 -0.02303843 -0.08771766
v -0.07858928 -0.02293139 -0.08808993
v -0.07765499 -0.02293139 -0.08808993
v -0.07858928 -0.02289800 -0.08845385
v -0.07765498 -0.02289800 -0.08845384
v -0.07858928 -0.02293139 -0.08881776
v -0.07765498 -0.02293139 -0.08881776
v -0.07765498 -0.02303843 -0.08919002
v -0.07858928 -0.02322401 -0.08954825
v -0.07765498 -0.02322401 -0.08954825
v -0.07858928 -0.02303843 -0.08919003
v -0.07765498 -0.02348379 -0.08986803
v -0.07858928 -0.02380357 -0.09012780
v -0.07765498 -0.02380357 -0.09012780
v -0.07765498 -0.02416180 -0.09031339
v -0.07858928 -0.02453406 -0.09042043
v -0.07765498 -0.02453406 -0.09042043
v -0.07812213 -0.02489798 -0.09045382
v -0.07765498 -0.02489798 -0.09045382
v -0.07858928 -0.02416180 -0.09031339
v -0.07858928 -0.02348379 -0.08986804
v -0.07858929 -0.02453406 -0.08648726
v -0.07858928 -0.02489798 -0.09045382
v -0.07858929 -0.02489798 -0.08645387
v -0.07608925 -0.03292907 -0.10792220
v -0.07668926 -0.03259006 -0.10814489
v -0.07608925 -0.03259006 -0.10814489
v -0.07608925 -0.03236738 -0.10848389
v -0.07668926 -0.03229717 -0.10885199
v -0.07608925 -0.03229717 -0.10885199
v -0.07668925 -0.03236738 -0.10922007
v -0.07608925 -0.03236738 -0.10922007
v -0.07668926 -0.03236739 -0.10848389
v -0.07608925 -0.03259006 -0.10955908
v -0.07668925 -0.03292907 -0.10978175
v -0.07608925 -0.03292907 -0.10978175
v -0.07608925 -0.03329716 -0.10985197
v -0.07638925 -0.03329716 -0.10985197
v -0.07668925 -0.03259006 -0.10955909
v -0.07638926 -0.03329716 -0.10785200
v -0.07608925 -0.03329716 -0.10785200
v -0.07668926 -0.03292907 -0.10792221
v -0.07668926 -0.03329716 -0.10785200
v -0.07668925 -0.03329716 -0.10985197
v -0.07717208 -0.03329716 -0.10735201
v -0.07668926 -0.03292907 -0.10792221
v -0.07668926 -0.03329716 -0.10785200
v -0.07668926 -0.03259006 -0.10814489
v -0.07765492 -0.03220275 -0.10717802
v -0.07765492 -0.03188296 -0.10743779
v -0.07765492 -0.03293324 -0.10688540
v -0.07765492 -0.03329716 -0.10685202
v -0.07765492 -0.03256097 -0.10699243
v -0.07668926 -0.03236739 -0.10848389
v -0.07765492 -0.03162319 -0.10775758
v -0.07765492 -0.03143761 -0.10811581
v -0.07668926 -0.03229717 -0.10885199
v -0.07765492 -0.03133057 -0.10848806
v -0.07765492 -0.03129719 -0.10885199
v -0.07765492 -0.03133057 -0.10921591
v -0.07668925 -0.03236738 -0.10922007
v -0.07765491 -0.03293324 -0.11081856
v -0.07717207 -0.03329716 -0.11035197
v -0.07668925 -0.03292907 -0.10978175
v -0.07668925 -0.03329716 -0.10985197
v -0.07668925 -0.03259006 -0.10955909
v -0.07765491 -0.03220275 -0.11052595
v -0.07765491 -0.03162319 -0.10994638
v -0.07765491 -0.03188296 -0.11026619
v -0.07765491 -0.03256097 -0.11071154
v -0.07765491 -0.03329716 -0.11085196
v -0.07765492 -0.03143761 -0.10958817
v -0.07812208 -0.03329716 -0.10685202
v -0.07765492 -0.03293324 -0.10688540
v -0.07765492 -0.03329716 -0.10685202
v -0.07765492 -0.03256097 -0.10699243
v -0.07858922 -0.03220275 -0.10717802
v -0.07765492 -0.03220275 -0.10717802
v -0.07858922 -0.03256097 -0.10699243
v -0.07765492 -0.03188296 -0.10743779
v -0.07858922 -0.03162319 -0.10775759
v -0.07765492 -0.03162319 -0.10775758
v -0.07858922 -0.03188296 -0.10743780
v -0.07858922 -0.03143761 -0.10811581
v -0.07765492 -0.03143761 -0.10811581
v -0.07858922 -0.03133057 -0.10848806
v -0.07765492 -0.03133057 -0.10848806
v -0.07858922 -0.03129719 -0.10885199
v -0.07765492 -0.03129719 -0.10885199
v -0.07858921 -0.03133057 -0.10921591
v -0.07765492 -0.03133057 -0.10921591
v -0.07765492 -0.03143761 -0.10958817
v -0.07858921 -0.03162319 -0.10994638
v -0.07765491 -0.03162319 -0.10994638
v -0.07858921 -0.03143761 -0.10958817
v -0.07765491 -0.03188296 -0.11026619
v -0.07858921 -0.03220275 -0.11052595
v -0.07765491 -0.03220275 -0.11052595
v -0.07765491 -0.03256097 -0.11071154
v -0.07858921 -0.03293324 -0.11081857
v -0.07765491 -0.03293324 -0.11081856
v -0.07812207 -0.03329716 -0.11085196
v -0.07765491 -0.03329716 -0.11085196
v -0.07858921 -0.03256097 -0.11071154
v -0.07858921 -0.03188296 -0.11026619
v -0.07858922 -0.03293324 -0.10688541
v -0.07858921 -0.03329716 -0.11085197
v -0.07858922 -0.03329716 -0.10685202
v -0.07608931 -0.05772945 -0.08752405
v -0.07668932 -0.05739043 -0.08774674
v -0.07608931 -0.05739043 -0.08774674
v -0.07608931 -0.05716775 -0.08808574
v -0.07668932 -0.05709755 -0.08845384
v -0.07608931 -0.05709755 -0.08845384
v -0.07668932 -0.05716775 -0.08882193
v -0.07608931 -0.05716775 -0.08882192
v -0.07668932 -0.05716775 -0.08808575
v -0.07608931 -0.05739043 -0.08916094
v -0.07668931 -0.05772945 -0.08938361
v -0.07608931 -0.05772945 -0.08938361
v -0.07608931 -0.05809753 -0.08945383
v -0.07638931 -0.05809753 -0.08945383
v -0.07668931 -0.05739043 -0.08916094
v -0.07638932 -0.05809753 -0.08745385
v -0.07608931 -0.05809753 -0.08745385
v -0.07668932 -0.05772945 -0.08752405
v -0.07668932 -0.05809753 -0.08745385
v -0.07668931 -0.05809753 -0.08945383
v -0.07717214 -0.05809753 -0.08695386
v -0.07668932 -0.05772945 -0.08752405
v -0.07668932 -0.05809753 -0.08745385
v -0.07668932 -0.05739043 -0.08774674
v -0.07765498 -0.05700313 -0.08677987
v -0.07765498 -0.05668333 -0.08703964
v -0.07765499 -0.05773362 -0.08648726
v -0.07765499 -0.05809753 -0.08645387
v -0.07765498 -0.05736135 -0.08659430
v -0.07668932 -0.05716775 -0.08808575
v -0.07765498 -0.05642357 -0.08735944
v -0.07765498 -0.05623799 -0.08771766
v -0.07668932 -0.05709755 -0.08845384
v -0.07765498 -0.05613095 -0.08808993
v -0.07765498 -0.05609756 -0.08845384
v -0.07765498 -0.05613095 -0.08881776
v -0.07668932 -0.05716775 -0.08882193
v -0.07765497 -0.05773362 -0.09042043
v -0.07717213 -0.05809753 -0.08995382
v -0.07668931 -0.05772945 -0.08938361
v -0.07668931 -0.05809753 -0.08945383
v -0.07668931 -0.05739043 -0.08916094
v -0.07765497 -0.05700313 -0.09012780
v -0.07765498 -0.05642357 -0.08954825
v -0.07765497 -0.05668333 -0.08986803
v -0.07765497 -0.05736135 -0.09031339
v -0.07765497 -0.05809753 -0.09045382
v -0.07765498 -0.05623799 -0.08919002
v -0.07812214 -0.05809753 -0.08645387
v -0.07765499 -0.05773362 -0.08648726
v -0.07765499 -0.05809753 -0.08645387
v -0.07765498 -0.05736135 -0.08659430
v -0.07858928 -0.05700313 -0.08677987
v -0.07765498 -0.05700313 -0.08677987
v -0.07858928 -0.05736135 -0.08659430
v -0.07765498 -0.05668333 -0.08703964
v -0.07858928 -0.05642357 -0.08735944
v -0.07765498 -0.05642357 -0.08735944
v -0.07858928 -0.05668333 -0.08703964
v -0.07858928 -0.05623799 -0.08771767
v -0.07765498 -0.05623799 -0.08771766
v -0.07858928 -0.05613095 -0.08808993
v -0.07765498 -0.05613095 -0.08808993
v -0.07858928 -0.05609756 -0.08845385
v -0.07765498 -0.05609756 -0.08845384
v -0.07858928 -0.05613095 -0.08881776
v -0.07765498 -0.05613095 -0.08881776
v -0.07765498 -0.05623799 -0.08919002
v -0.07858927 -0.05642357 -0.08954825
v -0.07765498 -0.05642357 -0.08954825
v -0.07858928 -0.05623799 -0.08919003
v -0.07765497 -0.05668333 -0.08986803
v -0.07858927 -0.05700313 -0.09012780
v -0.07765497 -0.05700313 -0.09012780
v -0.07765497 -0.05736135 -0.09031339
v -0.07858927 -0.05773362 -0.09042043
v -0.07765497 -0.05773362 -0.09042043
v -0.07812213 -0.05809753 -0.09045382
v -0.07765497 -0.05809753 -0.09045382
v -0.07858927 -0.05736135 -0.09031339
v -0.07858927 -0.05668333 -0.08986804
v -0.07858928 -0.05773362 -0.08648726
v -0.07858927 -0.05809753 -0.09045382
v -0.07858928 -0.05809753 -0.08645387
v -0.00809012 -0.07209733 -0.12186175
v -0.00962424 -0.07148999 -0.12285315
v -0.00925682 -0.07093063 -0.12285315
v -0.00809012 -0.07209733 -0.12186175
v -0.00869746 -0.07056320 -0.12285315
v -0.00809011 -0.07044737 -0.12285315
v -0.00809012 -0.07209733 -0.12186175
v -0.00748276 -0.07056320 -0.12285314
v -0.00809012 -0.07209733 -0.12186175
v -0.00809012 -0.07209733 -0.12186175
v -0.00692340 -0.07093063 -0.12285314
v -0.00655598 -0.07148999 -0.12285314
v -0.00726512 -0.07209733 -0.12235744
v -0.00809012 -0.07209733 -0.12186175
v -0.00891510 -0.07209733 -0.12235745
v -0.00974009 -0.07209733 -0.12285315
v -0.00644013 -0.07209733 -0.12285314
v -0.00809012 -0.07209733 -0.12186175
v -0.00962424 -0.07148999 -0.12285315
v -0.00925680 -0.07093063 -0.12895308
v -0.00925682 -0.07093063 -0.12285315
v -0.00869746 -0.07056320 -0.12285315
v -0.00809009 -0.07044737 -0.12895307
v -0.00809011 -0.07044737 -0.12285315
v -0.00748274 -0.07056320 -0.12895307
v -0.00748276 -0.07056320 -0.12285314
v -0.00869744 -0.07056320 -0.12895308
v -0.00692340 -0.07093063 -0.12285314
v -0.00655596 -0.07148999 -0.12895307
v -0.00655598 -0.07148999 -0.12285314
v -0.00644013 -0.07209733 -0.12285314
v -0.00644012 -0.07209733 -0.12590311
v -0.00692338 -0.07093063 -0.12895307
v -0.00974008 -0.07209733 -0.12590312
v -0.00974009 -0.07209733 -0.12285315
v -0.00962422 -0.07148999 -0.12895308
v -0.00974007 -0.07209733 -0.12895308
v -0.00644011 -0.07209733 -0.12895307
v -0.00809014 0.07190074 -0.12186175
v -0.00925685 0.07306745 -0.12285315
v -0.00869749 0.07343487 -0.12285314
v -0.00809014 0.07190074 -0.12186175
v -0.00962427 0.07250809 -0.12285315
v -0.00809014 0.07190074 -0.12186175
v -0.00809014 0.07355072 -0.12285314
v -0.00809014 0.07190074 -0.12186175
v -0.00748279 0.07343487 -0.12285314
v -0.00692343 0.07306746 -0.12285314
v -0.00809014 0.07190074 -0.12186175
v -0.00655601 0.07250809 -0.12285314
v -0.00699015 0.07190074 -0.12252267
v -0.00754015 0.07190074 -0.12219220
v -0.00809014 0.07190074 -0.12186175
v -0.00919013 0.07190074 -0.12252268
v -0.00809014 0.07190074 -0.12186175
v -0.00864013 0.07190074 -0.12219220
v -0.00974011 0.07190074 -0.12285315
v -0.00644016 0.07190074 -0.12285314
v -0.00962427 0.07250809 -0.12285315
v -0.00925683 0.07306745 -0.12895307
v -0.00925685 0.07306745 -0.12285315
v -0.00869749 0.07343487 -0.12285314
v -0.00809012 0.07355072 -0.12895307
v -0.00809014 0.07355072 -0.12285314
v -0.00748277 0.07343487 -0.12895307
v -0.00748279 0.07343487 -0.12285314
v -0.00869747 0.07343487 -0.12895307
v -0.00692343 0.07306746 -0.12285314
v -0.00655599 0.07250809 -0.12895307
v -0.00655601 0.07250809 -0.12285314
v -0.00644016 0.07190074 -0.12285314
v -0.00644015 0.07190074 -0.12590311
v -0.00692341 0.07306746 -0.12895307
v -0.00974010 0.07190074 -0.12590312
v -0.00974011 0.07190074 -0.12285315
v -0.00962425 0.07250809 -0.12895308
v -0.00974009 0.07190074 -0.12895308
v 0.07132545 -0.03951440 -0.12235719
v 0.07190881 -0.04009775 -0.12186149
v 0.07114173 -0.03979407 -0.12235719
v 0.07160513 -0.03933068 -0.12235719
v 0.07190881 -0.04009775 -0.12186149
v 0.07190881 -0.03927276 -0.12235718
v 0.07190881 -0.04009775 -0.12186149
v 0.07221248 -0.03933068 -0.12235718
v 0.07190881 -0.04009775 -0.12186149
v 0.07249216 -0.03951440 -0.12235718
v 0.07190881 -0.04009775 -0.12186149
v 0.07267588 -0.03979407 -0.12235718
v 0.07190881 -0.04009775 -0.12186149
v 0.07135881 -0.04009775 -0.12219195
v 0.07037468 -0.03949041 -0.12285289
v 0.07074210 -0.03893103 -0.12285289
v 0.07130146 -0.03856362 -0.12285289
v 0.07080883 -0.04009775 -0.12252243
v 0.07190881 -0.04009775 -0.12186149
v 0.07245879 -0.04009775 -0.12219195
v 0.07190881 -0.03844777 -0.12285289
v 0.07251616 -0.03856362 -0.12285289
v 0.07307551 -0.03893103 -0.12285288
v 0.07025883 -0.04009775 -0.12285289
v 0.07344294 -0.03949040 -0.12285288
v 0.07300879 -0.04009775 -0.12252242
v 0.07355879 -0.04009775 -0.12285288
v 0.07025884 -0.04009775 -0.12590286
v 0.07037468 -0.03949041 -0.12285289
v 0.07025883 -0.04009775 -0.12285289
v 0.07074210 -0.03893103 -0.12285289
v 0.07130148 -0.03856362 -0.12895282
v 0.07130146 -0.03856362 -0.12285289
v 0.07074211 -0.03893103 -0.12895282
v 0.07190883 -0.03844777 -0.12895282
v 0.07190881 -0.03844777 -0.12285289
v 0.07251618 -0.03856362 -0.12895281
v 0.07251616 -0.03856362 -0.12285289
v 0.07307551 -0.03893103 -0.12285288
v 0.07344296 -0.03949040 -0.12895281
v 0.07344294 -0.03949040 -0.12285288
v 0.07355880 -0.04009775 -0.12590285
v 0.07355879 -0.04009775 -0.12285288
v 0.07307553 -0.03893103 -0.12895281
v 0.07037470 -0.03949041 -0.12895282
v 0.07355881 -0.04009775 -0.12895281
v 0.07025885 -0.04009775 -0.12895282
v 0.07190880 0.03990118 -0.12186149
v 0.07074208 0.04106789 -0.12285289
v 0.07130145 0.04143531 -0.12285289
v 0.07190880 0.03990118 -0.12186149
v 0.07037467 0.04050852 -0.12285289
v 0.07190880 0.03990118 -0.12186149
v 0.07190880 0.04155116 -0.12285289
v 0.07190880 0.03990118 -0.12186149
v 0.07251614 0.04143531 -0.12285288
v 0.07190880 0.03990118 -0.12186149
v 0.07307550 0.04106789 -0.12285288
v 0.07344293 0.04050852 -0.12285288
v 0.07190880 0.03990118 -0.12186149
v 0.07190880 0.03990118 -0.12186149
v 0.07108380 0.03990118 -0.12235718
v 0.07273380 0.03990118 -0.12235718
v 0.07355878 0.03990118 -0.12285288
v 0.07025881 0.03990118 -0.12285289
v 0.07025882 0.03990118 -0.12590286
v 0.07037467 0.04050852 -0.12285289
v 0.07025881 0.03990118 -0.12285289
v 0.07074208 0.04106789 -0.12285289
v 0.07130147 0.04143531 -0.12895282
v 0.07130145 0.04143531 -0.12285289
v 0.07074210 0.04106789 -0.12895282
v 0.07190882 0.04155116 -0.12895281
v 0.07190880 0.04155116 -0.12285289
v 0.07251616 0.04143531 -0.12895281
v 0.07251614 0.04143531 -0.12285288
v 0.07307550 0.04106789 -0.12285288
v 0.07344295 0.04050852 -0.12895281
v 0.07344293 0.04050852 -0.12285288
v 0.07355879 0.03990118 -0.12590285
v 0.07355878 0.03990118 -0.12285288
v 0.07307552 0.04106789 -0.12895281
v 0.07037469 0.04050852 -0.12895282
v 0.07355880 0.03990118 -0.12895281
v 0.07025883 0.03990118 -0.12895282
v -0.07608920 -0.04923276 -0.12443739
v -0.07608920 -0.04919765 -0.12425336
v -0.07733918 -0.04919765 -0.12425336
v -0.07858916 -0.04934409 -0.12460691
v -0.07608920 -0.04934409 -0.12460690
v -0.07858916 -0.04951360 -0.12471825
v -0.07608920 -0.04951360 -0.12471824
v -0.07733918 -0.04969764 -0.12475335
v -0.07608920 -0.04969764 -0.12475335
v -0.07858916 -0.04923276 -0.12443740
v -0.07858916 -0.04969764 -0.12475336
v -0.07858916 -0.04919765 -0.12425336
v -0.07608923 -0.04951360 -0.11298862
v -0.07608923 -0.04969764 -0.11295351
v -0.07733922 -0.04969764 -0.11295351
v -0.07858920 -0.04934409 -0.11309995
v -0.07608923 -0.04934409 -0.11309995
v -0.07858920 -0.04923276 -0.11326946
v -0.07608923 -0.04923276 -0.11326945
v -0.07733921 -0.04919765 -0.11345351
v -0.07608923 -0.04919765 -0.11345350
v -0.07858920 -0.04951360 -0.11298863
v -0.07858920 -0.04919765 -0.11345351
v -0.07858920 -0.04969764 -0.11295352
v -0.07858920 -0.05868157 -0.11298863
v -0.07858920 -0.05849753 -0.11295352
v -0.07733921 -0.05849753 -0.11295351
v -0.07608923 -0.05885107 -0.11309995
v -0.07858920 -0.05885107 -0.11309995
v -0.07608923 -0.05896242 -0.11326945
v -0.07858920 -0.05896242 -0.11326946
v -0.07733921 -0.05899752 -0.11345351
v -0.07858920 -0.05899752 -0.11345351
v -0.07608923 -0.05868157 -0.11298862
v -0.07608923 -0.05899752 -0.11345350
v -0.07608923 -0.05849753 -0.11295351
v -0.07858916 -0.05896242 -0.12443740
v -0.07608919 -0.05885107 -0.12460690
v -0.07858916 -0.05885107 -0.12460691
v -0.07608919 -0.05868156 -0.12471824
v -0.07858916 -0.05868157 -0.12471825
v -0.07858916 -0.05849753 -0.12475336
v -0.07733918 -0.05849753 -0.12475335
v -0.07733918 -0.05899752 -0.12425336
v -0.07858916 -0.05899752 -0.12425336
v -0.07608919 -0.05896242 -0.12443739
v -0.07608920 -0.05899752 -0.12425336
v -0.07608919 -0.05849753 -0.12475335
v -0.07608920 -0.03648187 -0.12471824
v -0.07858916 -0.03665138 -0.12460691
v -0.07608920 -0.03665138 -0.12460690
v -0.07858916 -0.03676272 -0.12443740
v -0.07608920 -0.03676272 -0.12443739
v -0.07608920 -0.03679782 -0.12425336
v -0.07733918 -0.03679782 -0.12425336
v -0.07733918 -0.03629782 -0.12475335
v -0.07608920 -0.03629782 -0.12475335
v -0.07858916 -0.03648187 -0.12471825
v -0.07858916 -0.03629782 -0.12475336
v -0.07608923 -0.03676272 -0.11326945
v -0.07608923 -0.03679782 -0.11345350
v -0.07733922 -0.03679782 -0.11345351
v -0.07858920 -0.03665138 -0.11309995
v -0.07608923 -0.03665138 -0.11309995
v -0.07858920 -0.03648187 -0.11298863
v -0.07608924 -0.03648187 -0.11298862
v -0.07733922 -0.03629782 -0.11295351
v -0.07608924 -0.03629782 -0.11295351
v -0.07858920 -0.03676272 -0.11326946
v -0.07858920 -0.03629782 -0.11295352
v -0.07858920 -0.03679782 -0.11345351
v -0.07858920 -0.02403310 -0.11326946
v -0.07858920 -0.02399799 -0.11345351
v -0.07733922 -0.02399799 -0.11345351
v -0.07608924 -0.02414444 -0.11309994
v -0.07858920 -0.02414444 -0.11309995
v -0.07608924 -0.02431394 -0.11298862
v -0.07858920 -0.02431394 -0.11298863
v -0.07733922 -0.02449798 -0.11295351
v -0.07858920 -0.02449798 -0.11295352
v -0.07608924 -0.02403310 -0.11326945
v -0.07608924 -0.02449798 -0.11295351
v -0.07608924 -0.02399799 -0.11345350
v -0.07858917 -0.02431394 -0.12471825
v -0.07858917 -0.02449798 -0.12475336
v -0.07733918 -0.02449798 -0.12475335
v -0.07608920 -0.02414444 -0.12460690
v -0.07858917 -0.02414444 -0.12460691
v -0.07608920 -0.02403310 -0.12443739
v -0.07858917 -0.02403310 -0.12443740
v -0.07733918 -0.02399799 -0.12425336
v -0.07858917 -0.02399799 -0.12425336
v -0.07608920 -0.02431394 -0.12471824
v -0.07608920 -0.02399799 -0.12425335
v -0.07608920 -0.02449798 -0.12475335
v -0.07858917 -0.01276303 -0.12418740
v -0.07858917 -0.01279814 -0.12400337
v -0.07733919 -0.01279814 -0.12400336
v -0.07608920 -0.01265170 -0.12435690
v -0.07858917 -0.01265170 -0.12435691
v -0.07608920 -0.01248219 -0.12446824
v -0.07858917 -0.01248219 -0.12446825
v -0.07733919 -0.01229815 -0.12450336
v -0.07858917 -0.01229815 -0.12450336
v -0.07608920 -0.01276303 -0.12418740
v -0.07608920 -0.01229815 -0.12450335
v -0.07608920 -0.01279814 -0.12400336
v -0.07858917 0.00798563 -0.12446825
v -0.07608921 0.00815514 -0.12435690
v -0.07858917 0.00815514 -0.12435691
v -0.07608921 0.00826647 -0.12418739
v -0.07858917 0.00826647 -0.12418740
v -0.07858917 0.00830158 -0.12400337
v -0.07733919 0.00830158 -0.12400336
v -0.07733919 0.00780158 -0.12450335
v -0.07858917 0.00780158 -0.12450336
v -0.07608921 0.00798563 -0.12446824
v -0.07608921 0.00780158 -0.12450335
v -0.07608921 0.00830158 -0.12400336
v -0.07858920 0.00826647 -0.11511944
v -0.07858920 0.00830158 -0.11530347
v -0.07733922 0.00830158 -0.11530347
v -0.07608924 0.00815514 -0.11494992
v -0.07858920 0.00815514 -0.11494993
v -0.07608924 0.00798563 -0.11483859
v -0.07858920 0.00798563 -0.11483860
v -0.07733922 0.00780158 -0.11480348
v -0.07858920 0.00780158 -0.11480348
v -0.07608924 0.00826647 -0.11511943
v -0.07608924 0.00780158 -0.11480347
v -0.07608924 0.00830158 -0.11530347
v -0.07858920 -0.01248219 -0.11483860
v -0.07858920 -0.01229815 -0.11480348
v -0.07733922 -0.01229815 -0.11480348
v -0.07608923 -0.01265170 -0.11494993
v -0.07858920 -0.01265170 -0.11494993
v -0.07608923 -0.01276303 -0.11511943
v -0.07858920 -0.01276303 -0.11511944
v -0.07733922 -0.01279814 -0.11530347
v -0.07858920 -0.01279814 -0.11530347
v -0.07608923 -0.01248219 -0.11483859
v -0.07608923 -0.01279814 -0.11530347
v -0.07608923 -0.01229815 -0.11480347
v -0.07858927 -0.05868157 -0.09158890
v -0.07858927 -0.05849753 -0.09155381
v -0.07733928 -0.05849753 -0.09155381
v -0.07608930 -0.05885107 -0.09170023
v -0.07858927 -0.05885107 -0.09170024
v -0.07608930 -0.05896242 -0.09186974
v -0.07858927 -0.05896242 -0.09186975
v -0.07733928 -0.05899752 -0.09205380
v -0.07858927 -0.05899752 -0.09205381
v -0.07608930 -0.05868157 -0.09158890
v -0.07608930 -0.05899752 -0.09205380
v -0.07608930 -0.05849753 -0.09155381
v -0.07858923 -0.05896242 -0.10453768
v -0.07858923 -0.05899752 -0.10435363
v -0.07733924 -0.05899752 -0.10435362
v -0.07608926 -0.05885107 -0.10470717
v -0.07858922 -0.05885107 -0.10470718
v -0.07608926 -0.05868157 -0.10481852
v -0.07858922 -0.05868157 -0.10481853
v -0.07733924 -0.05849753 -0.10485362
v -0.07858922 -0.05849753 -0.10485362
v -0.07608926 -0.05896242 -0.10453767
v -0.07608926 -0.05849753 -0.10485361
v -0.07608926 -0.05899752 -0.10435362
v -0.07858923 -0.02431394 -0.10481852
v -0.07858923 -0.02449798 -0.10485362
v -0.07733925 -0.02449798 -0.10485361
v -0.07608926 -0.02414444 -0.10470717
v -0.07858923 -0.02414444 -0.10470718
v -0.07608926 -0.02403310 -0.10453767
v -0.07858923 -0.02403310 -0.10453767
v -0.07733925 -0.02399799 -0.10435362
v -0.07858923 -0.02399799 -0.10435363
v -0.07608926 -0.02431394 -0.10481852
v -0.07608927 -0.02399799 -0.10435362
v -0.07608926 -0.02449798 -0.10485361
v -0.07858927 -0.02403310 -0.09186975
v -0.07858927 -0.02399799 -0.09205381
v -0.07733929 -0.02399799 -0.09205380
v -0.07608931 -0.02414444 -0.09170023
v -0.07858927 -0.02414444 -0.09170024
v -0.07608931 -0.02431394 -0.09158890
v -0.07858927 -0.02431394 -0.09158890
v -0.07733929 -0.02449798 -0.09155381
v -0.07858927 -0.02449798 -0.09155381
v -0.07608931 -0.02403310 -0.09186974
v -0.07608931 -0.02449798 -0.09155381
v -0.07608931 -0.02399799 -0.09205380
v -0.06408951 0.07640067 -0.08320387
v -0.06636402 0.07619199 -0.08545384
v -0.06408950 0.07640067 -0.08545384
v -0.06869062 0.07552304 -0.08545385
v -0.07092955 0.07436313 -0.08095392
v -0.07092953 0.07436313 -0.08545386
v -0.06869064 0.07552304 -0.08095391
v -0.07292824 0.07273954 -0.08095393
v -0.07292822 0.07273954 -0.08545387
v -0.07455183 0.07074086 -0.08095393
v -0.07455181 0.07074086 -0.08545387
v -0.07571171 0.06850195 -0.08545387
v -0.07638067 0.06617535 -0.08095394
v -0.07638066 0.06617535 -0.08545388
v -0.07658934 0.06390083 -0.08320391
v -0.07658934 0.06390083 -0.08545388
v -0.07571172 0.06850195 -0.08095394
v -0.06636403 0.07619199 -0.08095390
v -0.07658935 0.06390083 -0.08095394
v -0.06408952 0.07640067 -0.08095390
v -0.06408951 0.07640067 -0.08320387
v -0.06408950 0.07640067 -0.08545384
v -0.05342299 0.07640067 -0.08545380
v -0.04275646 0.07640067 -0.08545377
v -0.03208993 0.07640067 -0.08545373
v -0.02142342 0.07640067 -0.08545370
v -0.01075689 0.07640068 -0.08545366
v -0.06408952 0.07640067 -0.08095390
v -0.04808973 0.07640067 -0.08095385
v -0.03208995 0.07640067 -0.08095379
v -0.01609016 0.07640067 -0.08095374
v -0.00009038 0.07640068 -0.08095369
v -0.00009037 0.07640068 -0.08545363
v 0.06390877 0.07640069 -0.08320345
v 0.01057615 0.07640068 -0.08545360
v 0.02124268 0.07640068 -0.08545356
v 0.03190921 0.07640068 -0.08545353
v 0.04257573 0.07640069 -0.08545349
v 0.05324225 0.07640069 -0.08545346
v 0.06390878 0.07640069 -0.08545342
v 0.01590941 0.07640068 -0.08095364
v 0.03190919 0.07640068 -0.08095359
v 0.06390876 0.07640069 -0.08095348
v 0.04790898 0.07640069 -0.08095354
v 0.07619993 0.06617537 -0.08545338
v 0.07553096 0.06850198 -0.08095345
v 0.07553098 0.06850198 -0.08545339
v 0.07437108 0.07074089 -0.08545339
v 0.07274747 0.07273957 -0.08095346
v 0.07274748 0.07273957 -0.08545340
v 0.07074879 0.07436316 -0.08095346
v 0.07074881 0.07436316 -0.08545340
v 0.07437107 0.07074089 -0.08095345
v 0.06850990 0.07552306 -0.08545341
v 0.06618328 0.07619201 -0.08095348
v 0.06618329 0.07619201 -0.08545342
v 0.06390878 0.07640069 -0.08545342
v 0.06390877 0.07640069 -0.08320345
v 0.06850988 0.07552306 -0.08095347
v 0.07640861 0.06390086 -0.08320341
v 0.07640861 0.06390086 -0.08545338
v 0.07619991 0.06617537 -0.08095345
v 0.07640860 0.06390086 -0.08095344
v 0.06390876 0.07640069 -0.08095348
v 0.07640863 -0.06409742 -0.08320342
v 0.07640863 -0.05343090 -0.08545339
v 0.07640864 -0.06409742 -0.08545339
v 0.07640863 -0.04276438 -0.08545339
v 0.07640863 -0.02143134 -0.08545339
v 0.07640863 -0.03209785 -0.08545339
v 0.07640863 -0.01076481 -0.08545339
v 0.07640861 0.06390086 -0.08320341
v 0.07640862 0.01056823 -0.08545339
v 0.07640862 -0.00009829 -0.08545339
v 0.07640862 0.02123476 -0.08545339
v 0.07640862 0.04256781 -0.08545338
v 0.07640862 0.03190129 -0.08545339
v 0.07640862 0.05323433 -0.08545338
v 0.07640862 -0.04809764 -0.08095345
v 0.07640862 -0.06409742 -0.08095345
v 0.07640862 -0.03209785 -0.08095345
v 0.07640861 -0.01609807 -0.08095345
v 0.07640861 -0.00009829 -0.08095345
v 0.07640861 0.06390086 -0.08545338
v 0.07640861 0.01590150 -0.08095345
v 0.07640860 0.03190129 -0.08095345
v 0.07640860 0.04790107 -0.08095345
v 0.07640860 0.06390086 -0.08095344
v 0.06618332 -0.07638858 -0.08545342
v 0.06850991 -0.07571963 -0.08095347
v 0.06850993 -0.07571963 -0.08545341
v 0.07074883 -0.07455973 -0.08545341
v 0.07274749 -0.07293614 -0.08095346
v 0.07274751 -0.07293614 -0.08545340
v 0.07437109 -0.07093747 -0.08095345
v 0.07437111 -0.07093747 -0.08545339
v 0.07074882 -0.07455973 -0.08095347
v 0.07553100 -0.06869855 -0.08545339
v 0.07619994 -0.06637195 -0.08095345
v 0.07619995 -0.06637195 -0.08545339
v 0.07640864 -0.06409742 -0.08545339
v 0.07640863 -0.06409742 -0.08320342
v 0.07553099 -0.06869855 -0.08095345
v 0.06390880 -0.07659726 -0.08320346
v 0.06390881 -0.07659726 -0.08545343
v 0.06618330 -0.07638858 -0.08095348
v 0.06390879 -0.07659726 -0.08095349
v 0.07640862 -0.06409742 -0.08095345
v 0.06390880 -0.07659726 -0.08320346
v 0.06390881 -0.07659726 -0.08545343
v 0.05324228 -0.07659726 -0.08545346
v 0.04257575 -0.07659726 -0.08545350
v 0.03190923 -0.07659727 -0.08545353
v 0.02124271 -0.07659727 -0.08545357
v 0.01057618 -0.07659727 -0.08545360
v 0.06390879 -0.07659726 -0.08095349
v 0.04790901 -0.07659726 -0.08095354
v 0.03190922 -0.07659727 -0.08095359
v 0.01590943 -0.07659727 -0.08095364
v -0.00009035 -0.07659727 -0.08095370
v -0.00009034 -0.07659727 -0.08545363
v -0.06408949 -0.07659728 -0.08320387
v -0.01075686 -0.07659727 -0.08545367
v -0.02142339 -0.07659727 -0.08545370
v -0.03208991 -0.07659728 -0.08545374
v -0.04275644 -0.07659728 -0.08545377
v -0.05342296 -0.07659728 -0.08545381
v -0.06408948 -0.07659728 -0.08545384
v -0.01609014 -0.07659727 -0.08095375
v -0.03208992 -0.07659728 -0.08095380
v -0.06408949 -0.07659728 -0.08095390
v -0.04808971 -0.07659728 -0.08095385
v -0.07658932 -0.06409745 -0.08320391
v -0.07638064 -0.06637197 -0.08545388
v -0.07658931 -0.06409745 -0.08545388
v -0.07571168 -0.06869858 -0.08545388
v -0.07455180 -0.07093749 -0.08095393
v -0.07455179 -0.07093749 -0.08545387
v -0.07571170 -0.06869858 -0.08095394
v -0.07292821 -0.07293617 -0.08095393
v -0.07292820 -0.07293617 -0.08545387
v -0.07092952 -0.07455976 -0.08095392
v -0.07092950 -0.07455976 -0.08545386
v -0.06869060 -0.07571965 -0.08545386
v -0.06636401 -0.07638861 -0.08095391
v -0.06636399 -0.07638861 -0.08545385
v -0.06408949 -0.07659728 -0.08320387
v -0.06408948 -0.07659728 -0.08545384
v -0.06869061 -0.07571965 -0.08095392
v -0.07638065 -0.06637197 -0.08095394
v -0.06408949 -0.07659728 -0.08095390
v -0.07658933 -0.06409745 -0.08095394
v -0.07658932 -0.06409745 -0.08320391
v -0.07658933 -0.04809767 -0.08095394
v -0.07658933 -0.06409745 -0.08095394
v -0.07658933 -0.03209788 -0.08095394
v -0.07658934 -0.00009831 -0.08095394
v -0.07658934 -0.01609810 -0.08095394
v -0.07658932 -0.00009831 -0.08545388
v -0.07658934 0.06390083 -0.08320391
v -0.07658934 0.01590148 -0.08095394
v -0.07658934 0.03190126 -0.08095394
v -0.07658935 0.06390083 -0.08095394
v -0.07658935 0.04790105 -0.08095394
v -0.07658931 -0.05343092 -0.08545388
v -0.07658931 -0.06409745 -0.08545388
v -0.07658932 -0.04276441 -0.08545388
v -0.07658932 -0.03209788 -0.08545388
v -0.07658932 -0.02143136 -0.08545388
v -0.07658932 -0.01076484 -0.08545388
v -0.07658933 0.01056821 -0.08545388
v -0.07658933 0.02123473 -0.08545388
v -0.07658933 0.03190126 -0.08545388
v -0.07658933 0.04256778 -0.08545388
v -0.07658933 0.05323430 -0.08545388
v -0.07658934 0.06390083 -0.08545388
v -0.07658917 -0.06409745 -0.13095327
v -0.07658917 -0.05343092 -0.12895329
v -0.07658917 -0.06409745 -0.12895329
v -0.07658917 -0.03209788 -0.13095327
v -0.07658918 -0.03209788 -0.12895329
v -0.07658918 -0.04276441 -0.12895329
v -0.07658918 -0.02143136 -0.12895329
v -0.07658917 -0.04809767 -0.13095327
v -0.07658918 -0.00009831 -0.13095327
v -0.07658918 -0.00009831 -0.12895329
v -0.07658918 -0.01076484 -0.12895329
v -0.07658919 0.01056821 -0.12895329
v -0.07658918 0.01590148 -0.13095327
v -0.07658919 0.02123474 -0.12895329
v -0.07658918 0.03190126 -0.13095327
v -0.07658919 0.03190126 -0.12895329
v -0.07658919 0.04256778 -0.12895329
v -0.07658919 0.04790105 -0.13095327
v -0.07658917 -0.01609809 -0.13095327
v -0.07658919 0.06390083 -0.13095326
v -0.07658919 0.06390083 -0.12895329
v -0.07658919 0.05323430 -0.12895329
v -0.07658919 0.06390083 -0.12895329
v -0.07638051 0.06617535 -0.13095326
v -0.07638052 0.06617535 -0.12895329
v -0.07571156 0.06850195 -0.13095326
v -0.07571157 0.06850195 -0.12895329
v -0.07519277 0.06964194 -0.12895329
v -0.07455167 0.07074086 -0.13095326
v -0.07455167 0.07074086 -0.12895328
v -0.07379365 0.07177946 -0.13095326
v -0.07379366 0.07177946 -0.12895328
v -0.07519276 0.06964194 -0.13095326
v -0.07292808 0.07273954 -0.12895328
v -0.07196798 0.07360513 -0.13095325
v -0.07196799 0.07360513 -0.12895328
v -0.07092938 0.07436313 -0.13095325
v -0.07092939 0.07436313 -0.12895327
v -0.06983047 0.07500424 -0.12895327
v -0.06869048 0.07552304 -0.13095324
v -0.06869048 0.07552304 -0.12895327
v -0.06636388 0.07619199 -0.12895326
v -0.06408936 0.07640067 -0.13095322
v -0.06408936 0.07640067 -0.12895325
v -0.06636387 0.07619199 -0.13095323
v -0.06983046 0.07500424 -0.13095324
v -0.07292808 0.07273954 -0.13095325
v -0.06408936 0.07640067 -0.13095322
v -0.05342285 0.07640067 -0.12895322
v -0.06408936 0.07640067 -0.12895325
v -0.04808957 0.07640067 -0.13095317
v -0.03208979 0.07640067 -0.13095312
v -0.04275632 0.07640067 -0.12895318
v -0.02142328 0.07640068 -0.12895311
v -0.03208979 0.07640067 -0.12895315
v -0.01609000 0.07640068 -0.13095307
v -0.01075675 0.07640068 -0.12895308
v -0.00009022 0.07640068 -0.13095302
v -0.00009023 0.07640068 -0.12895304
v 0.01057629 0.07640068 -0.12895301
v 0.03190935 0.07640068 -0.13095291
v 0.04257587 0.07640069 -0.12895291
v 0.03190935 0.07640068 -0.12895294
v 0.06390893 0.07640069 -0.13095281
v 0.05324239 0.07640069 -0.12895287
v 0.04790914 0.07640069 -0.13095286
v 0.02124282 0.07640068 -0.12895298
v 0.01590957 0.07640068 -0.13095297
v 0.06390892 0.07640069 -0.12895284
v 0.06618344 0.07619201 -0.13095280
v 0.06618343 0.07619201 -0.12895283
v 0.06851005 0.07552306 -0.13095280
v 0.06851004 0.07552306 -0.12895282
v 0.06965002 0.07500426 -0.12895282
v 0.07074895 0.07436316 -0.13095279
v 0.07074895 0.07436316 -0.12895282
v 0.07178755 0.07360515 -0.13095279
v 0.07178754 0.07360515 -0.12895281
v 0.06965003 0.07500426 -0.13095279
v 0.07274762 0.07273957 -0.12895281
v 0.07361320 0.07177948 -0.13095278
v 0.07361320 0.07177948 -0.12895281
v 0.07437123 0.07074089 -0.13095278
v 0.07437122 0.07074089 -0.12895280
v 0.07501233 0.06964196 -0.12895280
v 0.07553112 0.06850198 -0.13095277
v 0.07553112 0.06850198 -0.12895280
v 0.07620007 0.06617537 -0.12895280
v 0.07640876 0.06390086 -0.13095277
v 0.07640875 0.06390086 -0.12895280
v 0.07620008 0.06617537 -0.13095277
v 0.07501233 0.06964196 -0.13095278
v 0.07274763 0.07273957 -0.13095278
v 0.07640878 -0.06409742 -0.13095277
v 0.07640877 -0.05343089 -0.12895280
v 0.07640878 -0.04809764 -0.13095277
v 0.07640878 -0.03209785 -0.13095277
v 0.07640877 -0.04276438 -0.12895280
v 0.07640877 -0.03209785 -0.12895280
v 0.07640877 -0.02143134 -0.12895280
v 0.07640877 -0.01609807 -0.13095277
v 0.07640877 -0.00009829 -0.13095277
v 0.07640877 -0.01076481 -0.12895280
v 0.07640876 -0.00009829 -0.12895280
v 0.07640876 0.01056824 -0.12895280
v 0.07640877 0.01590150 -0.13095277
v 0.07640877 0.03190129 -0.13095277
v 0.07640876 0.04256781 -0.12895280
v 0.07640876 0.04790107 -0.13095277
v 0.07640876 0.06390086 -0.13095277
v 0.07640876 0.05323433 -0.12895280
v 0.07640875 0.06390086 -0.12895280
v 0.07640876 0.02123476 -0.12895280
v 0.07640876 0.03190129 -0.12895280
v 0.07640878 -0.06409742 -0.12895280
v 0.07620010 -0.06637194 -0.13095278
v 0.07620009 -0.06637194 -0.12895280
v 0.07553115 -0.06869855 -0.13095278
v 0.07553114 -0.06869855 -0.12895280
v 0.07501235 -0.06983854 -0.12895281
v 0.07437125 -0.07093747 -0.13095278
v 0.07437125 -0.07093747 -0.12895281
v 0.07361323 -0.07197605 -0.13095278
v 0.07361322 -0.07197605 -0.12895281
v 0.07501236 -0.06983853 -0.13095278
v 0.07274765 -0.07293614 -0.12895281
v 0.07178758 -0.07380172 -0.13095279
v 0.07178757 -0.07380172 -0.12895282
v 0.07074898 -0.07455973 -0.13095279
v 0.07074897 -0.07455973 -0.12895282
v 0.06965005 -0.07520084 -0.12895282
v 0.06851007 -0.07571963 -0.13095280
v 0.06851007 -0.07571963 -0.12895283
v 0.06618346 -0.07638858 -0.12895284
v 0.06390895 -0.07659726 -0.13095282
v 0.06390895 -0.07659726 -0.12895284
v 0.06618347 -0.07638858 -0.13095281
v 0.06965006 -0.07520084 -0.13095280
v 0.07274765 -0.07293614 -0.13095279
v 0.06390895 -0.07659726 -0.13095282
v 0.05324242 -0.07659726 -0.12895288
v 0.06390895 -0.07659726 -0.12895284
v 0.03190938 -0.07659726 -0.13095292
v 0.02124285 -0.07659727 -0.12895298
v 0.03190938 -0.07659726 -0.12895295
v -0.00009019 -0.07659727 -0.13095302
v 0.01057632 -0.07659727 -0.12895301
v 0.01590960 -0.07659727 -0.13095297
v 0.04257589 -0.07659726 -0.12895291
v 0.04790917 -0.07659726 -0.13095287
v -0.01075672 -0.07659727 -0.12895308
v -0.00009020 -0.07659727 -0.12895305
v -0.01608997 -0.07659727 -0.13095307
v -0.03208976 -0.07659728 -0.13095312
v -0.02142325 -0.07659727 -0.12895312
v -0.04275630 -0.07659728 -0.12895319
v -0.03208977 -0.07659728 -0.12895315
v -0.06408933 -0.07659728 -0.13095323
v -0.05342282 -0.07659728 -0.12895322
v -0.04808955 -0.07659728 -0.13095318
v -0.06408934 -0.07659728 -0.12895325
v -0.06636384 -0.07638860 -0.13095324
v -0.06636385 -0.07638860 -0.12895326
v -0.06869045 -0.07571965 -0.13095324
v -0.06869046 -0.07571965 -0.12895327
v -0.06983044 -0.07520086 -0.12895327
v -0.07092936 -0.07455976 -0.13095325
v -0.07092936 -0.07455976 -0.12895328
v -0.07196796 -0.07380174 -0.13095325
v -0.07196796 -0.07380174 -0.12895328
v -0.06983043 -0.07520086 -0.13095325
v -0.07292806 -0.07293617 -0.12895328
v -0.07379362 -0.07197608 -0.13095326
v -0.07379363 -0.07197608 -0.12895329
v -0.07455164 -0.07093749 -0.13095326
v -0.07455165 -0.07093749 -0.12895329
v -0.07519274 -0.06983856 -0.12895329
v -0.07571154 -0.06869858 -0.13095327
v -0.07571154 -0.06869858 -0.12895329
v -0.07638050 -0.06637197 -0.12895329
v -0.07658917 -0.06409745 -0.13095327
v -0.07658917 -0.06409745 -0.12895329
v -0.07638049 -0.06637197 -0.13095327
v -0.07519274 -0.06983856 -0.13095326
v -0.07292805 -0.07293617 -0.13095326
v -0.00974007 -0.07209733 -0.12895308
v -0.06633945 -0.06759740 -0.08545385
v -0.06883930 0.06740079 -0.12895327
v -0.06883932 0.06740079 -0.12345334
v 0.07065878 0.03990118 -0.11045307
v -0.06358935 -0.06759740 -0.12895325
v 0.06682000 0.06344442 -0.08545342
v -0.04326135 0.06907234 -0.08545377
v -0.06405995 0.06928311 -0.12895325
v 0.04790914 0.07890065 -0.13095286
v -0.01609000 0.07890064 -0.13095307
v 0.03190919 0.07890065 -0.08095359
v -0.01609016 0.07890064 -0.08095374
v -0.00526182 0.06907235 -0.10095344
v 0.03973758 0.06907235 -0.10095329
v 0.05240910 -0.07609727 -0.12895288
v -0.00934015 -0.07209733 -0.10645338
v -0.06883942 -0.06759740 -0.08545386
v -0.02856223 0.06818164 -0.12895314
v -0.07908914 -0.05709754 -0.12795332
v -0.07908918 0.06190086 -0.12295338
v -0.07858919 0.06190086 -0.12295338
v -0.07908931 0.05690093 -0.08395391
v -0.07908927 -0.06209748 -0.08895384
v -0.00644014 0.07190074 -0.12895307
v -0.07858917 -0.03679782 -0.12425336
v -0.07658919 0.06390083 -0.13095326
v 0.06390892 0.07640069 -0.12895284
v 0.06390893 0.07640069 -0.13095281
v 0.07640878 -0.06409742 -0.12895280
v 0.07640878 -0.06409742 -0.13095277
v -0.06408934 -0.07659728 -0.12895325
v -0.06408933 -0.07659728 -0.13095323
v -0.07640637 0.06251448 -0.08415623
v -0.07640637 -0.06344230 -0.12863988
v -0.07640638 -0.06344230 -0.08415624
v -0.07640637 0.06251448 -0.08415623
v -0.07640636 0.06251448 -0.12863989
v -0.07640636 0.06251448 -0.12863989
v -0.07640638 -0.06344230 -0.08415624
v -0.07640637 0.06251448 -0.08415623
v -0.07640637 -0.06344230 -0.12863988
v -0.07640638 -0.06344230 -0.08415624
v -0.07640637 -0.06344230 -0.12863988
v -0.07640638 -0.06344230 -0.08415624
v -0.07774077 0.06251448 -0.08415624
v -0.07640637 0.06251448 -0.08415623
v -0.07774076 -0.06344230 -0.12863988
v -0.07774077 0.06251448 -0.08415624
v -0.07774078 -0.06344230 -0.08415623
v -0.07640636 0.06251448 -0.12863989
v -0.07774077 0.06251448 -0.08415624
v -0.07774076 0.06251448 -0.12863988
v -0.07640637 -0.06344230 -0.12863988
v -0.07774078 -0.06344230 -0.08415623
v -0.07640638 -0.06344230 -0.08415624
v -0.07774076 -0.06344230 -0.12863988
v -0.07858928 -0.02526190 -0.09042043
v -0.07858928 -0.02489798 -0.09045382
v -0.07858929 -0.02322401 -0.08735944
v -0.07858929 -0.02348379 -0.08703964
v -0.07858929 -0.02348379 -0.08703964
v -0.07858928 -0.02686457 -0.08808993
v -0.07858928 -0.02689795 -0.08845385
v -0.07858929 -0.02489798 -0.08645387
v -0.07858929 -0.02526190 -0.08648726
v -0.07858928 -0.02289800 -0.08845385
v -0.07858929 -0.02416180 -0.08659430
v -0.07858928 -0.02675753 -0.08771766
v -0.07858929 -0.02380357 -0.08677987
v -0.07858929 -0.02453406 -0.08648726
v -0.07858929 -0.02631218 -0.08703964
v -0.07858929 -0.02657194 -0.08735944
v -0.07858928 -0.02631218 -0.08986804
v -0.07858928 -0.02599239 -0.09012780
v -0.07858928 -0.02563416 -0.09031339
v -0.07858929 -0.02489798 -0.08645387
v -0.07858929 -0.02599239 -0.08677987
v -0.07858928 -0.02380357 -0.09012780
v -0.07858928 -0.02526190 -0.09042043
v -0.07858928 -0.02686457 -0.08881776
v -0.07858928 -0.02675753 -0.08919003
v -0.07858928 -0.02293139 -0.08881776
v -0.07858928 -0.02657194 -0.08954825
v -0.07858929 -0.02563416 -0.08659430
v -0.07858928 -0.02293139 -0.08808993
v -0.07858929 -0.02526190 -0.08648726
v -0.07858928 -0.02348379 -0.08986804
v -0.07858928 -0.02322401 -0.08954825
v -0.07858929 -0.02303843 -0.08771766
v -0.07858928 -0.02303843 -0.08919003
v -0.07858928 -0.02416180 -0.09031339
v -0.07858928 -0.02489798 -0.09045382
v -0.07858928 -0.02453406 -0.09042043
v -0.07858929 -0.02303843 -0.08771766
v -0.07858928 -0.02416180 -0.09031339
v -0.07858928 -0.02303843 -0.08919003
v -0.07858928 -0.02453406 -0.09042043
v -0.07858929 -0.02322401 -0.08735944
v -0.07858928 -0.02289800 -0.08845385
v -0.07858928 -0.02348379 -0.08986804
v -0.07858928 -0.02416180 -0.09031339
v -0.07858929 -0.02380357 -0.08677987
v -0.07858928 -0.02293139 -0.08881776
v -0.07858928 -0.02293139 -0.08808993
v -0.07858928 -0.02380357 -0.09012780
v -0.07858929 -0.02303843 -0.08771766
v -0.07858929 -0.02416180 -0.08659430
v -0.07858929 -0.02453406 -0.08648726
v -0.07858928 -0.02322401 -0.08954825
v -0.07858928 -0.02289800 -0.08845385
v -0.07858929 -0.02489798 -0.08645387
v -0.07858928 -0.02689795 -0.08845385
v -0.07858929 -0.02563416 -0.08659430
v -0.07597460 -0.02599239 -0.08677986
v -0.07858929 -0.02599239 -0.08677987
v -0.07597460 -0.02563416 -0.08659429
v -0.07597460 -0.02303843 -0.08771766
v -0.07597459 -0.02416180 -0.09031338
v -0.07858928 -0.02303843 -0.08919003
v -0.07597459 -0.02322401 -0.08954824
v -0.07597459 -0.02303843 -0.08919002
v -0.07858929 -0.02526190 -0.08648726
v -0.07597460 -0.02563416 -0.08659429
v -0.07858929 -0.02563416 -0.08659430
v -0.07858928 -0.02599239 -0.09012780
v -0.07597459 -0.02563416 -0.09031338
v -0.07858928 -0.02563416 -0.09031339
v -0.07858928 -0.02689795 -0.08845385
v -0.07597459 -0.02686457 -0.08881775
v -0.07858928 -0.02686457 -0.08881776
v -0.07858928 -0.02489798 -0.09045382
v -0.07597459 -0.02453406 -0.09042042
v -0.07858928 -0.02563416 -0.09031339
v -0.07597459 -0.02526190 -0.09042042
v -0.07858928 -0.02526190 -0.09042043
v -0.07858928 -0.02657194 -0.08954825
v -0.07597459 -0.02631218 -0.08986803
v -0.07858928 -0.02631218 -0.08986804
v -0.07858929 -0.02322401 -0.08735944
v -0.07597460 -0.02303843 -0.08771766
v -0.07597460 -0.02322401 -0.08735943
v -0.07858928 -0.02686457 -0.08881776
v -0.07597459 -0.02675753 -0.08919002
v -0.07858928 -0.02675753 -0.08919003
v -0.07858928 -0.02289800 -0.08845385
v -0.07597459 -0.02293139 -0.08881775
v -0.07597460 -0.02289800 -0.08845384
v -0.07858929 -0.02453406 -0.08648726
v -0.07597460 -0.02489798 -0.08645386
v -0.07858929 -0.02489798 -0.08645387
v -0.07858928 -0.02348379 -0.08986804
v -0.07597459 -0.02380357 -0.09012779
v -0.07597459 -0.02348379 -0.08986803
v -0.07858928 -0.02686457 -0.08808993
v -0.07597459 -0.02689795 -0.08845384
v -0.07858928 -0.02689795 -0.08845385
v -0.07858928 -0.02526190 -0.09042043
v -0.07597459 -0.02489798 -0.09045381
v -0.07858928 -0.02489798 -0.09045382
v -0.07858928 -0.02416180 -0.09031339
v -0.07597459 -0.02453406 -0.09042042
v -0.07597459 -0.02416180 -0.09031338
v -0.07858928 -0.02675753 -0.08771766
v -0.07597460 -0.02686457 -0.08808992
v -0.07858928 -0.02686457 -0.08808993
v -0.07858929 -0.02489798 -0.08645387
v -0.07597460 -0.02526190 -0.08648725
v -0.07858929 -0.02526190 -0.08648726
v -0.07858929 -0.02380357 -0.08677987
v -0.07597460 -0.02348379 -0.08703964
v -0.07597460 -0.02380357 -0.08677986
v -0.07858928 -0.02675753 -0.08919003
v -0.07597459 -0.02657194 -0.08954824
v -0.07858928 -0.02657194 -0.08954825
v -0.07858928 -0.02293139 -0.08881776
v -0.07597459 -0.02303843 -0.08919002
v -0.07597459 -0.02293139 -0.08881775
v -0.07858929 -0.02631218 -0.08703964
v -0.07597460 -0.02657194 -0.08735943
v -0.07858929 -0.02657194 -0.08735944
v -0.07858928 -0.02293139 -0.08808993
v -0.07597460 -0.02289800 -0.08845384
v -0.07597460 -0.02293139 -0.08808992
v -0.07858929 -0.02599239 -0.08677987
v -0.07597460 -0.02631218 -0.08703964
v -0.07858929 -0.02631218 -0.08703964
v -0.07858928 -0.02380357 -0.09012780
v -0.07597459 -0.02416180 -0.09031338
v -0.07597459 -0.02380357 -0.09012779
v -0.07858929 -0.02303843 -0.08771766
v -0.07597460 -0.02293139 -0.08808992
v -0.07597460 -0.02303843 -0.08771766
v -0.07858928 -0.02631218 -0.08986804
v -0.07597459 -0.02599239 -0.09012779
v -0.07858928 -0.02599239 -0.09012780
v -0.07858929 -0.02416180 -0.08659430
v -0.07597460 -0.02380357 -0.08677986
v -0.07597460 -0.02416180 -0.08659429
v -0.07858929 -0.02657194 -0.08735944
v -0.07597460 -0.02675753 -0.08771766
v -0.07858928 -0.02675753 -0.08771766
v -0.07858929 -0.02453406 -0.08648726
v -0.07597460 -0.02416180 -0.08659429
v -0.07597460 -0.02453406 -0.08648725
v -0.07858928 -0.02322401 -0.08954825
v -0.07597459 -0.02348379 -0.08986803
v -0.07597459 -0.02322401 -0.08954824
v -0.07858929 -0.02348379 -0.08703964
v -0.07597460 -0.02322401 -0.08735943
v -0.07597460 -0.02348379 -0.08703964
v -0.07858928 -0.05623799 -0.08919003
v -0.07858927 -0.05736135 -0.09031339
v -0.07858928 -0.05668333 -0.08703964
v -0.07858928 -0.05951172 -0.08703964
v -0.07858927 -0.05951172 -0.08986804
v -0.07858928 -0.05623799 -0.08771767
v -0.07596151 -0.05642357 -0.08735943
v -0.07858928 -0.05642357 -0.08735944
v -0.07858928 -0.05609756 -0.08845385
v -0.07858928 -0.05613095 -0.08808993
v -0.07858928 -0.05642357 -0.08735944
v -0.07858928 -0.05668333 -0.08703964
v -0.07858928 -0.05883371 -0.08659430
v -0.07858928 -0.05919194 -0.08677987
v -0.07858928 -0.06006412 -0.08881776
v -0.07858927 -0.05995709 -0.08919003
v -0.07858928 -0.05846146 -0.08648726
v -0.07858928 -0.06009751 -0.08845385
v -0.07858927 -0.05951172 -0.08986804
v -0.07858927 -0.05919194 -0.09012780
v -0.07858927 -0.05736135 -0.09031339
v -0.07858927 -0.05700313 -0.09012780
v -0.07858928 -0.05700313 -0.08677987
v -0.07858927 -0.05977150 -0.08954825
v -0.07858927 -0.05668333 -0.08986804
v -0.07858927 -0.05642357 -0.08954825
v -0.07858928 -0.05951172 -0.08703964
v -0.07858928 -0.05977150 -0.08735944
v -0.07858927 -0.05809753 -0.09045382
v -0.07858927 -0.05773362 -0.09042043
v -0.07858928 -0.05623799 -0.08919003
v -0.07858927 -0.05846146 -0.09042043
v -0.07858927 -0.05883371 -0.09031339
v -0.07858928 -0.05809753 -0.08645387
v -0.07858928 -0.05995709 -0.08771767
v -0.07858928 -0.06006412 -0.08808993
v -0.07858928 -0.05736135 -0.08659430
v -0.07858928 -0.05623799 -0.08771767
v -0.07858928 -0.05773362 -0.08648726
v -0.07858928 -0.05613095 -0.08881776
v -0.07596150 -0.05623799 -0.08919002
v -0.07596150 -0.05736135 -0.09031338
v -0.07596150 -0.05883371 -0.09031338
v -0.07858928 -0.05736135 -0.08659430
v -0.07596151 -0.05773362 -0.08648725
v -0.07858928 -0.05773362 -0.08648726
v -0.07858927 -0.05846146 -0.09042043
v -0.07596150 -0.05883371 -0.09031338
v -0.07596150 -0.05846146 -0.09042042
v -0.07858928 -0.06009751 -0.08845385
v -0.07596151 -0.06006412 -0.08808992
v -0.07596150 -0.06009751 -0.08845384
v -0.07858927 -0.05977150 -0.08954825
v -0.07596150 -0.05995709 -0.08919002
v -0.07596150 -0.05977150 -0.08954824
v -0.07858928 -0.05613095 -0.08808993
v -0.07596151 -0.05623799 -0.08771766
v -0.07858928 -0.05623799 -0.08771767
v -0.07858928 -0.05773362 -0.08648726
v -0.07596151 -0.05809753 -0.08645387
v -0.07858928 -0.05809753 -0.08645387
v -0.07858928 -0.05995709 -0.08771767
v -0.07596151 -0.05977150 -0.08735943
v -0.07596151 -0.05995709 -0.08771766
v -0.07858928 -0.05623799 -0.08919003
v -0.07596150 -0.05613095 -0.08881775
v -0.07858928 -0.05613095 -0.08881776
v -0.07858928 -0.05613095 -0.08881776
v -0.07596151 -0.05609756 -0.08845384
v -0.07858928 -0.05609756 -0.08845385
v -0.07858928 -0.05609756 -0.08845385
v -0.07596151 -0.05613095 -0.08808992
v -0.07858928 -0.05613095 -0.08808993
v -0.07858928 -0.05642357 -0.08735944
v -0.07596151 -0.05668333 -0.08703964
v -0.07858928 -0.05668333 -0.08703964
v -0.07858928 -0.05919194 -0.08677987
v -0.07596151 -0.05883371 -0.08659429
v -0.07596151 -0.05919194 -0.08677986
v -0.07858927 -0.05995709 -0.08919003
v -0.07596150 -0.06006412 -0.08881775
v -0.07596150 -0.05995709 -0.08919002
v -0.07858928 -0.05883371 -0.08659430
v -0.07596151 -0.05846146 -0.08648725
v -0.07596151 -0.05883371 -0.08659429
v -0.07858928 -0.06006412 -0.08881776
v -0.07596150 -0.06009751 -0.08845384
v -0.07596150 -0.06006412 -0.08881775
v -0.07858927 -0.05919194 -0.09012780
v -0.07596150 -0.05951172 -0.08986803
v -0.07596150 -0.05919194 -0.09012780
v -0.07858927 -0.05736135 -0.09031339
v -0.07596150 -0.05700313 -0.09012780
v -0.07858927 -0.05700313 -0.09012780
v -0.07858928 -0.05668333 -0.08703964
v -0.07596151 -0.05700313 -0.08677986
v -0.07858928 -0.05700313 -0.08677987
v -0.07858927 -0.05951172 -0.08986804
v -0.07596150 -0.05977150 -0.08954824
v -0.07596150 -0.05951172 -0.08986803
v -0.07858927 -0.05668333 -0.08986804
v -0.07596150 -0.05642357 -0.08954824
v -0.07858927 -0.05642357 -0.08954825
v -0.07858927 -0.05700313 -0.09012780
v -0.07596150 -0.05668333 -0.08986803
v -0.07858927 -0.05668333 -0.08986804
v -0.07858928 -0.05977150 -0.08735944
v -0.07596151 -0.05951172 -0.08703964
v -0.07596151 -0.05977150 -0.08735943
v -0.07858927 -0.05809753 -0.09045382
v -0.07596150 -0.05773362 -0.09042042
v -0.07858927 -0.05773362 -0.09042043
v -0.07858927 -0.05642357 -0.08954825
v -0.07596150 -0.05623799 -0.08919002
v -0.07858928 -0.05623799 -0.08919003
v -0.07858928 -0.05951172 -0.08703964
v -0.07596151 -0.05919194 -0.08677986
v -0.07596151 -0.05951172 -0.08703964
v -0.07858927 -0.05809753 -0.09045382
v -0.07596150 -0.05846146 -0.09042042
v -0.07596150 -0.05809753 -0.09045381
v -0.07858927 -0.05773362 -0.09042043
v -0.07596150 -0.05736135 -0.09031338
v -0.07858927 -0.05736135 -0.09031339
v -0.07858927 -0.05883371 -0.09031339
v -0.07596150 -0.05919194 -0.09012780
v -0.07596150 -0.05883371 -0.09031338
v -0.07858928 -0.05809753 -0.08645387
v -0.07596151 -0.05846146 -0.08648725
v -0.07858928 -0.05846146 -0.08648726
v -0.07858928 -0.06006412 -0.08808993
v -0.07596151 -0.05995709 -0.08771766
v -0.07596151 -0.06006412 -0.08808992
v -0.07858928 -0.05700313 -0.08677987
v -0.07596151 -0.05736135 -0.08659429
v -0.07858928 -0.05736135 -0.08659430
v -0.07858922 -0.03129719 -0.10885199
v -0.07858921 -0.03329716 -0.11085197
v -0.07858922 -0.03515671 -0.10811581
v -0.07858921 -0.03403333 -0.11071154
v -0.07858921 -0.03143761 -0.10958817
v -0.07858921 -0.03526375 -0.10921591
v -0.07597642 -0.03515671 -0.10958816
v -0.07858921 -0.03515671 -0.10958817
v -0.07858922 -0.03497113 -0.10775759
v -0.07858922 -0.03515671 -0.10811581
v -0.07858921 -0.03143761 -0.10958817
v -0.07858921 -0.03133057 -0.10921591
v -0.07858922 -0.03529713 -0.10885199
v -0.07858921 -0.03526375 -0.10921591
v -0.07858922 -0.03471136 -0.10743780
v -0.07858921 -0.03366108 -0.11081857
v -0.07858921 -0.03329716 -0.11085197
v -0.07858922 -0.03162319 -0.10775759
v -0.07858922 -0.03188296 -0.10743780
v -0.07858922 -0.03403333 -0.10699243
v -0.07858922 -0.03439157 -0.10717802
v -0.07858922 -0.03329716 -0.10685202
v -0.07858922 -0.03366108 -0.10688541
v -0.07858921 -0.03439157 -0.11052595
v -0.07858921 -0.03403333 -0.11071154
v -0.07858921 -0.03162319 -0.10994638
v -0.07858922 -0.03220275 -0.10717802
v -0.07858922 -0.03256097 -0.10699243
v -0.07858921 -0.03256097 -0.11071154
v -0.07858921 -0.03220275 -0.11052595
v -0.07858922 -0.03293324 -0.10688541
v -0.07858921 -0.03293324 -0.11081857
v -0.07858922 -0.03133057 -0.10848806
v -0.07858922 -0.03143761 -0.10811581
v -0.07858922 -0.03129719 -0.10885199
v -0.07858921 -0.03515671 -0.10958817
v -0.07858921 -0.03497113 -0.10994638
v -0.07858921 -0.03471136 -0.11026619
v -0.07858922 -0.03526375 -0.10848806
v -0.07858921 -0.03188296 -0.11026619
v -0.07597643 -0.03129719 -0.10885198
v -0.07597642 -0.03329716 -0.11085195
v -0.07597643 -0.03529713 -0.10885198
v -0.07858922 -0.03129719 -0.10885199
v -0.07597643 -0.03133057 -0.10921590
v -0.07597643 -0.03129719 -0.10885198
v -0.07858922 -0.03526375 -0.10848806
v -0.07597643 -0.03529713 -0.10885198
v -0.07858922 -0.03529713 -0.10885199
v -0.07858921 -0.03256097 -0.11071154
v -0.07597642 -0.03293324 -0.11081855
v -0.07597642 -0.03256097 -0.11071153
v -0.07858921 -0.03162319 -0.10994638
v -0.07597642 -0.03188296 -0.11026618
v -0.07597642 -0.03162319 -0.10994637
v -0.07858921 -0.03188296 -0.11026619
v -0.07597642 -0.03220275 -0.11052594
v -0.07597642 -0.03188296 -0.11026618
v -0.07858922 -0.03515671 -0.10811581
v -0.07597643 -0.03526375 -0.10848805
v -0.07858922 -0.03526375 -0.10848806
v -0.07858922 -0.03366108 -0.10688541
v -0.07597643 -0.03403333 -0.10699242
v -0.07858922 -0.03403333 -0.10699243
v -0.07858922 -0.03220275 -0.10717802
v -0.07597643 -0.03188296 -0.10743779
v -0.07597643 -0.03220275 -0.10717801
v -0.07858921 -0.03403333 -0.11071154
v -0.07597642 -0.03366108 -0.11081855
v -0.07858921 -0.03366108 -0.11081857
v -0.07858922 -0.03162319 -0.10775759
v -0.07597643 -0.03143761 -0.10811580
v -0.07597643 -0.03162319 -0.10775758
v -0.07858921 -0.03471136 -0.11026619
v -0.07597642 -0.03439157 -0.11052594
v -0.07858921 -0.03439157 -0.11052595
v -0.07858922 -0.03497113 -0.10775759
v -0.07597643 -0.03515671 -0.10811580
v -0.07858922 -0.03515671 -0.10811581
v -0.07858921 -0.03133057 -0.10921591
v -0.07597643 -0.03143761 -0.10958816
v -0.07597643 -0.03133057 -0.10921590
v -0.07858922 -0.03529713 -0.10885199
v -0.07597643 -0.03526375 -0.10921590
v -0.07858921 -0.03526375 -0.10921591
v -0.07858922 -0.03471136 -0.10743780
v -0.07597643 -0.03497113 -0.10775758
v -0.07858922 -0.03497113 -0.10775759
v -0.07858921 -0.03366108 -0.11081857
v -0.07597642 -0.03329716 -0.11085195
v -0.07858921 -0.03329716 -0.11085197
v -0.07858922 -0.03188296 -0.10743780
v -0.07597643 -0.03162319 -0.10775758
v -0.07597643 -0.03188296 -0.10743779
v -0.07858922 -0.03403333 -0.10699243
v -0.07597643 -0.03439157 -0.10717801
v -0.07858922 -0.03439157 -0.10717802
v -0.07858922 -0.03329716 -0.10685202
v -0.07597643 -0.03366108 -0.10688540
v -0.07858922 -0.03366108 -0.10688541
v -0.07858922 -0.03439157 -0.10717802
v -0.07597643 -0.03471136 -0.10743779
v -0.07858922 -0.03471136 -0.10743780
v -0.07858921 -0.03439157 -0.11052595
v -0.07597642 -0.03403333 -0.11071153
v -0.07858921 -0.03403333 -0.11071154
v -0.07858921 -0.03143761 -0.10958817
v -0.07597642 -0.03162319 -0.10994637
v -0.07597643 -0.03143761 -0.10958816
v -0.07858922 -0.03256097 -0.10699243
v -0.07597643 -0.03220275 -0.10717801
v -0.07597643 -0.03256097 -0.10699242
v -0.07858921 -0.03220275 -0.11052595
v -0.07597642 -0.03256097 -0.11071153
v -0.07597642 -0.03220275 -0.11052594
v -0.07858922 -0.03293324 -0.10688541
v -0.07597643 -0.03256097 -0.10699242
v -0.07597643 -0.03293324 -0.10688540
v -0.07858921 -0.03293324 -0.11081857
v -0.07597642 -0.03329716 -0.11085195
v -0.07597642 -0.03293324 -0.11081855
v -0.07858922 -0.03143761 -0.10811581
v -0.07597643 -0.03133057 -0.10848805
v -0.07597643 -0.03143761 -0.10811580
v -0.07858922 -0.03133057 -0.10848806
v -0.07597643 -0.03129719 -0.10885198
v -0.07597643 -0.03133057 -0.10848805
v -0.07858921 -0.03515671 -0.10958817
v -0.07597642 -0.03497113 -0.10994637
v -0.07858921 -0.03497113 -0.10994638
v -0.07858922 -0.03329716 -0.10685202
v -0.07597643 -0.03293324 -0.10688540
v -0.07597643 -0.03329716 -0.10685201
v -0.07858921 -0.03497113 -0.10994638
v -0.07597642 -0.03471136 -0.11026618
v -0.07858921 -0.03471136 -0.11026619
v -0.07571810 0.04004810 -0.11724340
v -0.07571810 0.04598772 -0.11724340
v -0.07571808 0.04598772 -0.12318302
v -0.07858919 0.04692297 -0.12175920
v -0.07571809 0.04721786 -0.12021321
v -0.07858919 0.04721786 -0.12021322
v -0.07858918 0.04598772 -0.12318303
v -0.07571809 0.04692297 -0.12175919
v -0.07858919 0.04692297 -0.12175920
v -0.07858918 0.04147193 -0.12411826
v -0.07571808 0.04301791 -0.12441314
v -0.07858918 0.04301791 -0.12441315
v -0.07858921 0.04456388 -0.11630816
v -0.07571811 0.04301791 -0.11601326
v -0.07858921 0.04301791 -0.11601327
v -0.07858918 0.04004810 -0.12318303
v -0.07571808 0.04147193 -0.12411825
v -0.07858918 0.04147193 -0.12411826
v -0.07858919 0.04721786 -0.12021322
v -0.07571810 0.04692297 -0.11866724
v -0.07858920 0.04692297 -0.11866725
v -0.07858919 0.03911285 -0.12175920
v -0.07571808 0.04004810 -0.12318302
v -0.07858918 0.04004810 -0.12318303
v -0.07858921 0.04301791 -0.11601327
v -0.07571810 0.04147193 -0.11630815
v -0.07858920 0.04147193 -0.11630816
v -0.07858918 0.04301791 -0.12441315
v -0.07571808 0.04456388 -0.12411825
v -0.07858918 0.04456388 -0.12411826
v -0.07858920 0.04598772 -0.11724341
v -0.07571810 0.04456388 -0.11630815
v -0.07858921 0.04456388 -0.11630816
v -0.07858920 0.03911285 -0.11866725
v -0.07571809 0.03881797 -0.12021321
v -0.07858919 0.03881797 -0.12021322
v -0.07858918 0.04456388 -0.12411826
v -0.07571808 0.04598772 -0.12318302
v -0.07858918 0.04598772 -0.12318303
v -0.07858920 0.04004810 -0.11724341
v -0.07571810 0.03911285 -0.11866724
v -0.07858920 0.03911285 -0.11866725
v -0.07858919 0.03881797 -0.12021322
v -0.07571809 0.03911285 -0.12175919
v -0.07858919 0.03911285 -0.12175920
v -0.07858920 0.04692297 -0.11866725
v -0.07571810 0.04598772 -0.11724340
v -0.07858920 0.04598772 -0.11724341
v -0.07858920 0.04147193 -0.11630816
v -0.07571810 0.04004810 -0.11724340
v -0.07858920 0.04004810 -0.11724341
v -0.07552381 0.02360137 -0.11601327
v -0.07552381 0.02657118 -0.11724341
v -0.07552379 0.02063156 -0.12318303
v -0.07858918 0.02063156 -0.12318303
v -0.07552379 0.01969632 -0.12175920
v -0.07552379 0.02063156 -0.12318303
v -0.07858918 0.02657118 -0.12318303
v -0.07552380 0.02750643 -0.12175920
v -0.07858918 0.02750643 -0.12175920
v -0.07858920 0.02205539 -0.11630816
v -0.07552381 0.02360137 -0.11601327
v -0.07552381 0.02205539 -0.11630816
v -0.07858918 0.02514735 -0.12411826
v -0.07552379 0.02657118 -0.12318303
v -0.07858918 0.02657118 -0.12318303
v -0.07858919 0.01969631 -0.11866725
v -0.07552381 0.02063156 -0.11724341
v -0.07552380 0.01969632 -0.11866725
v -0.07858919 0.02750643 -0.11866725
v -0.07552381 0.02657118 -0.11724341
v -0.07858920 0.02657118 -0.11724341
v -0.07858920 0.02514735 -0.11630816
v -0.07552381 0.02360137 -0.11601327
v -0.07858920 0.02360137 -0.11601327
v -0.07858918 0.02750643 -0.12175920
v -0.07552380 0.02780132 -0.12021322
v -0.07858919 0.02780132 -0.12021322
v -0.07858919 0.01940143 -0.12021322
v -0.07552380 0.01969632 -0.11866725
v -0.07552380 0.01940143 -0.12021322
v -0.07858918 0.02360137 -0.12441315
v -0.07552379 0.02205539 -0.12411826
v -0.07552379 0.02360137 -0.12441315
v -0.07858918 0.02360137 -0.12441315
v -0.07552379 0.02514735 -0.12411826
v -0.07858918 0.02514735 -0.12411826
v -0.07858918 0.02205539 -0.12411826
v -0.07552379 0.02063156 -0.12318303
v -0.07552379 0.02205539 -0.12411826
v -0.07858919 0.02780132 -0.12021322
v -0.07552381 0.02750643 -0.11866725
v -0.07858919 0.02750643 -0.11866725
v -0.07858920 0.02063156 -0.11724341
v -0.07552381 0.02205539 -0.11630816
v -0.07552381 0.02063156 -0.11724341
v -0.07858918 0.01969631 -0.12175920
v -0.07552380 0.01940143 -0.12021322
v -0.07552379 0.01969632 -0.12175920
v -0.07858920 0.02657118 -0.11724341
v -0.07552381 0.02514735 -0.11630816
v -0.07858920 0.02514735 -0.11630816
v -0.07859426 0.04002425 -0.12319336
v -0.07859426 0.04299409 -0.12442351
v -0.07859427 0.04719410 -0.12022351
v -0.07859427 0.03911380 -0.12183077
v -0.07859426 0.04138683 -0.11634322
v -0.07859426 0.04687438 -0.11861624
v -0.07640636 0.06251448 -0.12863989
v -0.07774078 -0.06344230 -0.08415623
v -0.07774076 0.06251448 -0.12863988
v -0.07640637 0.06251448 -0.08415623
v -0.07774076 -0.06344230 -0.12863988
v -0.07774076 0.06251448 -0.12863988
v -0.07858929 -0.02489798 -0.08645387
v -0.07858929 -0.02453406 -0.08648726
v -0.07858929 -0.02416180 -0.08659430
v -0.07858929 -0.02380357 -0.08677987
v -0.07858929 -0.02348379 -0.08703964
v -0.07858929 -0.02322401 -0.08735944
v -0.07858928 -0.02293139 -0.08808993
v -0.07858928 -0.02289800 -0.08845385
v -0.07858928 -0.02293139 -0.08881776
v -0.07858928 -0.02303843 -0.08919003
v -0.07858928 -0.02322401 -0.08954825
v -0.07858928 -0.02348379 -0.08986804
v -0.07858928 -0.02380357 -0.09012780
v -0.07858928 -0.02453406 -0.09042043
v -0.07858928 -0.02489798 -0.09045382
v -0.07858928 -0.02489798 -0.09045382
v -0.07858928 -0.02686457 -0.08881776
v -0.07858928 -0.02675753 -0.08919003
v -0.07858928 -0.02657194 -0.08954825
v -0.07858928 -0.02631218 -0.08986804
v -0.07858928 -0.02563416 -0.09031339
v -0.07858928 -0.02599239 -0.09012780
v -0.07858928 -0.02526190 -0.09042043
v -0.07858928 -0.02489798 -0.09045382
v -0.07858928 -0.02453406 -0.09042043
v -0.07858928 -0.02416180 -0.09031339
v -0.07858928 -0.02380357 -0.09012780
v -0.07858928 -0.02348379 -0.08986804
v -0.07858928 -0.02322401 -0.08954825
v -0.07858928 -0.02303843 -0.08919003
v -0.07858928 -0.02293139 -0.08881776
v -0.07858928 -0.02293139 -0.08808993
v -0.07858929 -0.02303843 -0.08771766
v -0.07858929 -0.02322401 -0.08735944
v -0.07858929 -0.02348379 -0.08703964
v -0.07858929 -0.02380357 -0.08677987
v -0.07858929 -0.02416180 -0.08659430
v -0.07858929 -0.02453406 -0.08648726
v -0.07858929 -0.02526190 -0.08648726
v -0.07858929 -0.02563416 -0.08659430
v -0.07858929 -0.02599239 -0.08677987
v -0.07858929 -0.02631218 -0.08703964
v -0.07858929 -0.02657194 -0.08735944
v -0.07858928 -0.02675753 -0.08771766
v -0.07858928 -0.02686457 -0.08808993
v -0.07597460 -0.02563416 -0.08659429
v -0.07597459 -0.02675753 -0.08919002
v -0.07597459 -0.02686457 -0.08881775
v -0.07597459 -0.02689795 -0.08845384
v -0.07597460 -0.02686457 -0.08808992
v -0.07597460 -0.02675753 -0.08771766
v -0.07597460 -0.02657194 -0.08735943
v -0.07597460 -0.02631218 -0.08703964
v -0.07597460 -0.02599239 -0.08677986
v -0.07597460 -0.02526190 -0.08648725
v -0.07597460 -0.02489798 -0.08645386
v -0.07597460 -0.02453406 -0.08648725
v -0.07597460 -0.02416180 -0.08659429
v -0.07597460 -0.02380357 -0.08677986
v -0.07597460 -0.02348379 -0.08703964
v -0.07597460 -0.02322401 -0.08735943
v -0.07597460 -0.02293139 -0.08808992
v -0.07597460 -0.02289800 -0.08845384
v -0.07597459 -0.02293139 -0.08881775
v -0.07597459 -0.02303843 -0.08919002
v -0.07597459 -0.02322401 -0.08954824
v -0.07597459 -0.02348379 -0.08986803
v -0.07597459 -0.02380357 -0.09012779
v -0.07597459 -0.02453406 -0.09042042
v -0.07597459 -0.02563416 -0.09031338
v -0.07597459 -0.02489798 -0.09045381
v -0.07597459 -0.02526190 -0.09042042
v -0.07597459 -0.02599239 -0.09012779
v -0.07597459 -0.02657194 -0.08954824
v -0.07597459 -0.02631218 -0.08986803
v -0.07858928 -0.02322401 -0.08954825
v -0.07597460 -0.02526190 -0.08648725
v -0.07597459 -0.02599239 -0.09012779
v -0.07597459 -0.02689795 -0.08845384
v -0.07597459 -0.02489798 -0.09045381
v -0.07597459 -0.02563416 -0.09031338
v -0.07597459 -0.02657194 -0.08954824
v -0.07858929 -0.02303843 -0.08771766
v -0.07597459 -0.02686457 -0.08881775
v -0.07858928 -0.02293139 -0.08881776
v -0.07597460 -0.02453406 -0.08648725
v -0.07858928 -0.02380357 -0.09012780
v -0.07597460 -0.02686457 -0.08808992
v -0.07597459 -0.02526190 -0.09042042
v -0.07858928 -0.02453406 -0.09042043
v -0.07597460 -0.02675753 -0.08771766
v -0.07597460 -0.02489798 -0.08645386
v -0.07858929 -0.02348379 -0.08703964
v -0.07597459 -0.02675753 -0.08919002
v -0.07858928 -0.02303843 -0.08919003
v -0.07597460 -0.02631218 -0.08703964
v -0.07858928 -0.02289800 -0.08845385
v -0.07597460 -0.02599239 -0.08677986
v -0.07858928 -0.02416180 -0.09031339
v -0.07858928 -0.02293139 -0.08808993
v -0.07597459 -0.02631218 -0.08986803
v -0.07858929 -0.02380357 -0.08677987
v -0.07597460 -0.02657194 -0.08735943
v -0.07858929 -0.02416180 -0.08659430
v -0.07858928 -0.02348379 -0.08986804
v -0.07858929 -0.02322401 -0.08735944
v -0.07858928 -0.05809753 -0.08645387
v -0.07858928 -0.05773362 -0.08648726
v -0.07858928 -0.05736135 -0.08659430
v -0.07858928 -0.05700313 -0.08677987
v -0.07858928 -0.05668333 -0.08703964
v -0.07858928 -0.05642357 -0.08735944
v -0.07858928 -0.05623799 -0.08771767
v -0.07858928 -0.05613095 -0.08808993
v -0.07858928 -0.05609756 -0.08845385
v -0.07858928 -0.05613095 -0.08881776
v -0.07858927 -0.05642357 -0.08954825
v -0.07858927 -0.05700313 -0.09012780
v -0.07858927 -0.05668333 -0.08986804
v -0.07858927 -0.05773362 -0.09042043
v -0.07858927 -0.05809753 -0.09045382
v -0.07858927 -0.05919194 -0.09012780
v -0.07858927 -0.05736135 -0.09031339
v -0.07858927 -0.05883371 -0.09031339
v -0.07858927 -0.05846146 -0.09042043
v -0.07858927 -0.05809753 -0.09045382
v -0.07858927 -0.05773362 -0.09042043
v -0.07858927 -0.05700313 -0.09012780
v -0.07858927 -0.05668333 -0.08986804
v -0.07858927 -0.05642357 -0.08954825
v -0.07858928 -0.05623799 -0.08919003
v -0.07858928 -0.05613095 -0.08881776
v -0.07858928 -0.05609756 -0.08845385
v -0.07858928 -0.05613095 -0.08808993
v -0.07858928 -0.05623799 -0.08771767
v -0.07858928 -0.05642357 -0.08735944
v -0.07858928 -0.05700313 -0.08677987
v -0.07858928 -0.05736135 -0.08659430
v -0.07858928 -0.05773362 -0.08648726
v -0.07858928 -0.05809753 -0.08645387
v -0.07858928 -0.05846146 -0.08648726
v -0.07858928 -0.05883371 -0.08659430
v -0.07858928 -0.05919194 -0.08677987
v -0.07858928 -0.05977150 -0.08735944
v -0.07858928 -0.06009751 -0.08845385
v -0.07858928 -0.05995709 -0.08771767
v -0.07858928 -0.06006412 -0.08808993
v -0.07858928 -0.06006412 -0.08881776
v -0.07858927 -0.05995709 -0.08919003
v -0.07858927 -0.05977150 -0.08954825
v -0.07596151 -0.05623799 -0.08771766
v -0.07596150 -0.05919194 -0.09012780
v -0.07596150 -0.05951172 -0.08986803
v -0.07596150 -0.05977150 -0.08954824
v -0.07596150 -0.05995709 -0.08919002
v -0.07596150 -0.06006412 -0.08881775
v -0.07596151 -0.05995709 -0.08771766
v -0.07596150 -0.06009751 -0.08845384
v -0.07596151 -0.06006412 -0.08808992
v -0.07596151 -0.05977150 -0.08735943
v -0.07596151 -0.05883371 -0.08659429
v -0.07596151 -0.05951172 -0.08703964
v -0.07596151 -0.05919194 -0.08677986
v -0.07596151 -0.05846146 -0.08648725
v -0.07596151 -0.05809753 -0.08645387
v -0.07596151 -0.05773362 -0.08648725
v -0.07596151 -0.05736135 -0.08659429
v -0.07596151 -0.05700313 -0.08677986
v -0.07596151 -0.05668333 -0.08703964
v -0.07596151 -0.05642357 -0.08735943
v -0.07596151 -0.05623799 -0.08771766
v -0.07596151 -0.05613095 -0.08808992
v -0.07596151 -0.05609756 -0.08845384
v -0.07596150 -0.05613095 -0.08881775
v -0.07596150 -0.05642357 -0.08954824
v -0.07596150 -0.05668333 -0.08986803
v -0.07596150 -0.05700313 -0.09012780
v -0.07596150 -0.05773362 -0.09042042
v -0.07596150 -0.05809753 -0.09045381
v -0.07596150 -0.05846146 -0.09042042
v -0.07596151 -0.05736135 -0.08659429
v -0.07858927 -0.05883371 -0.09031339
v -0.07858928 -0.06006412 -0.08808993
v -0.07858927 -0.05995709 -0.08919003
v -0.07596151 -0.05613095 -0.08808992
v -0.07596151 -0.05773362 -0.08648725
v -0.07858928 -0.05977150 -0.08735944
v -0.07596150 -0.05623799 -0.08919002
v -0.07596150 -0.05613095 -0.08881775
v -0.07596151 -0.05609756 -0.08845384
v -0.07596151 -0.05642357 -0.08735943
v -0.07858928 -0.05883371 -0.08659430
v -0.07858928 -0.06006412 -0.08881776
v -0.07858928 -0.05846146 -0.08648726
v -0.07858928 -0.06009751 -0.08845385
v -0.07858927 -0.05951172 -0.08986804
v -0.07596150 -0.05736135 -0.09031338
v -0.07596151 -0.05668333 -0.08703964
v -0.07858927 -0.05977150 -0.08954825
v -0.07596150 -0.05668333 -0.08986803
v -0.07596150 -0.05700313 -0.09012780
v -0.07858928 -0.05951172 -0.08703964
v -0.07596150 -0.05809753 -0.09045381
v -0.07596150 -0.05642357 -0.08954824
v -0.07858928 -0.05919194 -0.08677987
v -0.07858927 -0.05846146 -0.09042043
v -0.07596150 -0.05773362 -0.09042042
v -0.07858927 -0.05919194 -0.09012780
v -0.07596151 -0.05809753 -0.08645387
v -0.07858928 -0.05995709 -0.08771767
v -0.07596151 -0.05700313 -0.08677986
v -0.07858922 -0.03329716 -0.10685202
v -0.07858922 -0.03293324 -0.10688541
v -0.07858922 -0.03188296 -0.10743780
v -0.07858922 -0.03256097 -0.10699243
v -0.07858922 -0.03220275 -0.10717802
v -0.07858922 -0.03162319 -0.10775759
v -0.07858922 -0.03143761 -0.10811581
v -0.07858922 -0.03133057 -0.10848806
v -0.07858921 -0.03133057 -0.10921591
v -0.07858921 -0.03143761 -0.10958817
v -0.07858921 -0.03162319 -0.10994638
v -0.07858921 -0.03188296 -0.11026619
v -0.07858921 -0.03220275 -0.11052595
v -0.07858921 -0.03293324 -0.11081857
v -0.07858921 -0.03256097 -0.11071154
v -0.07858922 -0.03526375 -0.10848806
v -0.07858922 -0.03529713 -0.10885199
v -0.07858921 -0.03526375 -0.10921591
v -0.07858921 -0.03515671 -0.10958817
v -0.07858921 -0.03497113 -0.10994638
v -0.07858921 -0.03439157 -0.11052595
v -0.07858921 -0.03471136 -0.11026619
v -0.07858921 -0.03366108 -0.11081857
v -0.07858921 -0.03293324 -0.11081857
v -0.07858921 -0.03329716 -0.11085197
v -0.07858921 -0.03256097 -0.11071154
v -0.07858921 -0.03220275 -0.11052595
v -0.07858921 -0.03188296 -0.11026619
v -0.07858921 -0.03162319 -0.10994638
v -0.07858921 -0.03133057 -0.10921591
v -0.07858922 -0.03129719 -0.10885199
v -0.07858922 -0.03133057 -0.10848806
v -0.07858922 -0.03143761 -0.10811581
v -0.07858922 -0.03162319 -0.10775759
v -0.07858922 -0.03188296 -0.10743780
v -0.07858922 -0.03220275 -0.10717802
v -0.07858922 -0.03256097 -0.10699243
v -0.07858922 -0.03293324 -0.10688541
v -0.07858922 -0.03329716 -0.10685202
v -0.07858922 -0.03366108 -0.10688541
v -0.07858922 -0.03403333 -0.10699243
v -0.07858922 -0.03439157 -0.10717802
v -0.07858922 -0.03471136 -0.10743780
v -0.07858922 -0.03497113 -0.10775759
v -0.07597643 -0.03526375 -0.10921590
v -0.07597643 -0.03526375 -0.10848805
v -0.07597643 -0.03515671 -0.10811580
v -0.07597643 -0.03497113 -0.10775758
v -0.07597643 -0.03471136 -0.10743779
v -0.07597643 -0.03439157 -0.10717801
v -0.07597643 -0.03403333 -0.10699242
v -0.07597643 -0.03366108 -0.10688540
v -0.07597643 -0.03329716 -0.10685201
v -0.07597643 -0.03293324 -0.10688540
v -0.07597643 -0.03188296 -0.10743779
v -0.07597643 -0.03256097 -0.10699242
v -0.07597643 -0.03220275 -0.10717801
v -0.07597643 -0.03162319 -0.10775758
v -0.07597643 -0.03143761 -0.10811580
v -0.07597643 -0.03133057 -0.10848805
v -0.07597643 -0.03133057 -0.10921590
v -0.07597643 -0.03143761 -0.10958816
v -0.07597642 -0.03162319 -0.10994637
v -0.07597642 -0.03188296 -0.11026618
v -0.07597642 -0.03220275 -0.11052594
v -0.07597642 -0.03293324 -0.11081855
v -0.07597642 -0.03256097 -0.11071153
v -0.07597642 -0.03366108 -0.11081855
v -0.07597642 -0.03403333 -0.11071153
v -0.07597642 -0.03439157 -0.11052594
v -0.07597642 -0.03515671 -0.10958816
v -0.07597642 -0.03471136 -0.11026618
v -0.07597642 -0.03497113 -0.10994637
v -0.07597643 -0.03526375 -0.10921590
v -0.07858921 -0.03133057 -0.10921591
v -0.07597643 -0.03526375 -0.10848805
v -0.07858921 -0.03293324 -0.11081857
v -0.07858921 -0.03188296 -0.11026619
v -0.07858921 -0.03220275 -0.11052595
v -0.07597643 -0.03515671 -0.10811580
v -0.07597643 -0.03366108 -0.10688540
v -0.07858922 -0.03188296 -0.10743780
v -0.07597642 -0.03403333 -0.11071153
v -0.07858922 -0.03143761 -0.10811581
v -0.07597642 -0.03471136 -0.11026618
v -0.07597643 -0.03497113 -0.10775758
v -0.07858921 -0.03143761 -0.10958817
v -0.07597643 -0.03529713 -0.10885198
v -0.07597643 -0.03471136 -0.10743779
v -0.07597642 -0.03366108 -0.11081855
v -0.07858922 -0.03162319 -0.10775759
v -0.07597643 -0.03403333 -0.10699242
v -0.07597643 -0.03329716 -0.10685201
v -0.07597643 -0.03439157 -0.10717801
v -0.07597642 -0.03439157 -0.11052594
v -0.07858921 -0.03162319 -0.10994638
v -0.07858922 -0.03220275 -0.10717802
v -0.07858921 -0.03256097 -0.11071154
v -0.07858922 -0.03256097 -0.10699243
v -0.07858921 -0.03329716 -0.11085197
v -0.07858922 -0.03133057 -0.10848806
v -0.07858922 -0.03129719 -0.10885199
v -0.07597642 -0.03515671 -0.10958816
v -0.07858922 -0.03293324 -0.10688541
v -0.07597642 -0.03497113 -0.10994637
v -0.07571808 0.04456388 -0.12411825
v -0.07571808 0.04301791 -0.12441314
v -0.07571808 0.04147193 -0.12411825
v -0.07571808 0.04004810 -0.12318302
v -0.07571809 0.03911285 -0.12175919
v -0.07571809 0.03881797 -0.12021321
v -0.07571810 0.03911285 -0.11866724
v -0.07571810 0.04147193 -0.11630815
v -0.07571811 0.04301791 -0.11601326
v -0.07571810 0.04456388 -0.11630815
v -0.07571810 0.04692297 -0.11866724
v -0.07571809 0.04721786 -0.12021321
v -0.07571809 0.04692297 -0.12175919
v -0.07571809 0.04692297 -0.12175919
v -0.07571808 0.04598772 -0.12318302
v -0.07571808 0.04147193 -0.12411825
v -0.07571810 0.04456388 -0.11630815
v -0.07571808 0.04004810 -0.12318302
v -0.07571809 0.04721786 -0.12021321
v -0.07571809 0.03911285 -0.12175919
v -0.07571811 0.04301791 -0.11601326
v -0.07571808 0.04301791 -0.12441314
v -0.07571810 0.04598772 -0.11724340
v -0.07571810 0.03911285 -0.11866724
v -0.07571808 0.04456388 -0.12411825
v -0.07571810 0.04004810 -0.11724340
v -0.07571809 0.03881797 -0.12021321
v -0.07571810 0.04692297 -0.11866724
v -0.07571810 0.04147193 -0.11630815
v -0.07552381 0.02750643 -0.11866725
v -0.07552379 0.02657118 -0.12318303
v -0.07552380 0.02780132 -0.12021322
v -0.07552380 0.02750643 -0.12175920
v -0.07552379 0.02514735 -0.12411826
v -0.07552379 0.02360137 -0.12441315
v -0.07552379 0.02205539 -0.12411826
v -0.07552379 0.01969632 -0.12175920
v -0.07552380 0.01940143 -0.12021322
v -0.07552380 0.01969632 -0.11866725
v -0.07552381 0.02063156 -0.11724341
v -0.07552381 0.02205539 -0.11630816
v -0.07552381 0.02514735 -0.11630816
v -0.07858918 0.01969631 -0.12175920
v -0.07552379 0.02657118 -0.12318303
v -0.07858920 0.02360137 -0.11601327
v -0.07552379 0.02514735 -0.12411826
v -0.07858920 0.02063156 -0.11724341
v -0.07552381 0.02750643 -0.11866725
v -0.07552381 0.02514735 -0.11630816
v -0.07552380 0.02750643 -0.12175920
v -0.07858919 0.01969631 -0.11866725
v -0.07858918 0.02205539 -0.12411826
v -0.07552379 0.02360137 -0.12441315
v -0.07858918 0.02063156 -0.12318303
v -0.07552380 0.02780132 -0.12021322
v -0.07858920 0.02205539 -0.11630816
v -0.07858919 0.01940143 -0.12021322
v -0.07552381 0.02657118 -0.11724341
v -0.07859425 0.04711339 -0.11940413
v -0.07859426 0.04687438 -0.11861624
v -0.07859426 0.04648627 -0.11789012
v -0.07859426 0.04596394 -0.11725366
v -0.07859426 0.04532749 -0.11673133
v -0.07859426 0.04460136 -0.11634322
v -0.07859426 0.04381347 -0.11610421
v -0.07859426 0.04299409 -0.11602350
v -0.07859426 0.04217471 -0.11610421
v -0.07859426 0.04138683 -0.11634322
v -0.07859426 0.04066069 -0.11673133
v -0.07859426 0.04002425 -0.11725366
v -0.07859426 0.03950192 -0.11789012
v -0.07859426 0.03911380 -0.11861624
v -0.07859427 0.03887480 -0.11940413
v -0.07859427 0.03879410 -0.12022351
v -0.07859426 0.03887480 -0.12104289
v -0.07859427 0.03911380 -0.12183077
v -0.07859427 0.03950192 -0.12255690
v -0.07859426 0.04066069 -0.12371568
v -0.07859426 0.04138683 -0.12410380
v -0.07859426 0.04217471 -0.12434281
v -0.07859426 0.04381347 -0.12434281
v -0.07859426 0.04460136 -0.12410380
v -0.07859426 0.04532749 -0.12371568
v -0.07859426 0.04596394 -0.12319336
v -0.07859427 0.04648627 -0.12255690
v -0.07859427 0.04687438 -0.12183077
v -0.07859426 0.04711339 -0.12104289
v -0.07859425 0.04711339 -0.11940413
v -0.07859427 0.04719410 -0.12022351
v -0.07859426 0.04711339 -0.12104289
v -0.07859427 0.04687438 -0.12183077
v -0.07859427 0.04648627 -0.12255690
v -0.07859426 0.04596394 -0.12319336
v -0.07859426 0.04532749 -0.12371568
v -0.07859426 0.04460136 -0.12410380
v -0.07859426 0.04381347 -0.12434281
v -0.07859426 0.04138683 -0.12410380
v -0.07859426 0.04299409 -0.12442351
v -0.07859426 0.04217471 -0.12434281
v -0.07859426 0.04066069 -0.12371568
v -0.07859426 0.04002425 -0.12319336
v -0.07859427 0.03950192 -0.12255690
v -0.07859426 0.03887480 -0.12104289
v -0.07859427 0.03879410 -0.12022351
v -0.07859427 0.03887480 -0.11940413
v -0.07859426 0.03911380 -0.11861624
v -0.07859426 0.03950192 -0.11789012
v -0.07859426 0.04002425 -0.11725366
v -0.07859426 0.04066069 -0.11673133
v -0.07859426 0.04217471 -0.11610421
v -0.07859426 0.04299409 -0.11602350
v -0.07859426 0.04381347 -0.11610421
v -0.07859426 0.04460136 -0.11634322
v -0.07859426 0.04532749 -0.11673133
v -0.07859426 0.04596394 -0.11725366
v -0.07859426 0.04648627 -0.11789012
vt 0.97855473 0.50622702
vt 0.97699898 0.49394649
vt 0.97855473 0.49394649
vt 0.97544318 0.49394649
vt 0.97388750 0.51850742
vt 0.97388750 0.49394649
vt 0.97544318 0.51850742
vt 0.97233170 0.51850742
vt 0.97233170 0.49394649
vt 0.97077590 0.51850742
vt 0.97077590 0.49394649
vt 0.96922010 0.49394649
vt 0.96766442 0.51850742
vt 0.96766442 0.49394649
vt 0.96610862 0.50622702
vt 0.96610862 0.49394649
vt 0.96922010 0.51850742
vt 0.97699898 0.51850742
vt 0.96610862 0.51850742
vt 0.97855473 0.51850742
vt 0.64832652 0.02367836
vt 0.64917332 0.02827709
vt 0.64832652 0.02827709
vt 0.64663267 0.02367836
vt 0.64747959 0.02827709
vt 0.64663267 0.02827709
vt 0.64578593 0.02367836
vt 0.64578593 0.02827709
vt 0.64747959 0.02367836
vt 0.64409220 0.02367836
vt 0.64493901 0.02827709
vt 0.64409220 0.02827709
vt 0.64324528 0.02597779
vt 0.64493901 0.02367836
vt 0.65002018 0.02597779
vt 0.65002018 0.02827709
vt 0.64324528 0.02827709
vt 0.64917332 0.02367836
vt 0.63800907 0.02683591
vt 0.63696182 0.04336863
vt 0.63696182 0.02683591
vt 0.63591462 0.02683591
vt 0.63486743 0.04336863
vt 0.63486743 0.02683591
vt 0.63382012 0.04336863
vt 0.63382012 0.02683591
vt 0.63591462 0.04336863
vt 0.63277292 0.02683591
vt 0.63172573 0.04336863
vt 0.63172573 0.02683591
vt 0.63067842 0.02683591
vt 0.63067842 0.03510224
vt 0.63277292 0.04336863
vt 0.63905632 0.03510224
vt 0.63905632 0.02683591
vt 0.63800907 0.04336863
vt 0.63905632 0.04336863
vt 0.63067842 0.04336863
vt 0.64747959 0.02874279
vt 0.64832652 0.03334170
vt 0.64747959 0.03334170
vt 0.64832652 0.02874279
vt 0.64917332 0.03334170
vt 0.64663267 0.02874279
vt 0.64663267 0.03334170
vt 0.64493901 0.02874279
vt 0.64578593 0.03334170
vt 0.64493901 0.03334170
vt 0.64409220 0.02874279
vt 0.64409220 0.03334170
vt 0.64324528 0.03180873
vt 0.64324528 0.03027576
vt 0.64578593 0.02874279
vt 0.65002018 0.03180873
vt 0.64917332 0.02874279
vt 0.65002018 0.03027576
vt 0.65002018 0.03334170
vt 0.64324528 0.03334170
vt 0.89446437 0.76596642
vt 0.89298689 0.75430369
vt 0.89446437 0.75430369
vt 0.89150941 0.75430369
vt 0.89003187 0.77762902
vt 0.89003187 0.75430369
vt 0.89150941 0.77762902
vt 0.88855451 0.77762902
vt 0.88855451 0.75430369
vt 0.88707691 0.77762902
vt 0.88707691 0.75430369
vt 0.88559937 0.75430369
vt 0.88412201 0.77762902
vt 0.88412201 0.75430369
vt 0.88264441 0.76596642
vt 0.88264441 0.75430369
vt 0.88559937 0.77762902
vt 0.89298689 0.77762902
vt 0.89446437 0.77762902
vt 0.88264441 0.77762902
vt 0.83303678 0.85254151
vt 0.83154118 0.85199058
vt 0.83303678 0.85199058
vt 0.83303678 0.85309237
vt 0.83154118 0.85254151
vt 0.83303678 0.85364318
vt 0.83154118 0.85309237
vt 0.83303678 0.85419410
vt 0.83154118 0.85364318
vt 0.83303678 0.85474491
vt 0.83154118 0.85419410
vt 0.83303678 0.85529572
vt 0.83154118 0.85474491
vt 0.83253831 0.85143977
vt 0.83453262 0.85254151
vt 0.83453262 0.85309237
vt 0.83353537 0.85143977
vt 0.83154118 0.85529572
vt 0.83253831 0.85584658
vt 0.83453262 0.85419410
vt 0.83453262 0.85474491
vt 0.83453262 0.85364318
vt 0.83453262 0.85199058
vt 0.83453262 0.85143977
vt 0.83453262 0.85529572
vt 0.83353537 0.85584658
vt 0.83453262 0.85584658
vt 0.62230051 0.03510224
vt 0.62125331 0.02683591
vt 0.62230051 0.02683591
vt 0.62020612 0.02683591
vt 0.61915880 0.04336863
vt 0.61915880 0.02683591
vt 0.62020612 0.04336863
vt 0.61811161 0.04336863
vt 0.61811161 0.02683591
vt 0.61706442 0.04336863
vt 0.61706442 0.02683591
vt 0.61601710 0.02683591
vt 0.61496991 0.04336863
vt 0.61496991 0.02683591
vt 0.61392272 0.03510224
vt 0.61392272 0.02683591
vt 0.61601710 0.04336863
vt 0.62125331 0.04336863
vt 0.62230051 0.04336863
vt 0.93786877 0.42756701
vt 0.93880957 0.43267611
vt 0.93786877 0.43267611
vt 0.93880957 0.42756701
vt 0.93975037 0.43267611
vt 0.93692797 0.42756701
vt 0.93692797 0.43267611
vt 0.93598711 0.42756701
vt 0.93598711 0.43267611
vt 0.93410552 0.42756701
vt 0.93504632 0.43267611
vt 0.93410552 0.43267611
vt 0.93504632 0.42756701
vt 0.93975037 0.42756701
vt 0.94069117 0.43012160
vt 0.93316472 0.43012160
vt 0.93316472 0.43267611
vt 0.94069117 0.43267611
vt 0.92230958 0.44997859
vt 0.92177051 0.45212570
vt 0.92177051 0.44997859
vt 0.92123139 0.44997859
vt 0.92069232 0.45212570
vt 0.92069232 0.44997859
vt 0.92123139 0.45212570
vt 0.92015320 0.44997859
vt 0.91961402 0.45212570
vt 0.91961402 0.44997859
vt 0.91907489 0.44997859
vt 0.91853583 0.45212570
vt 0.91853583 0.44997859
vt 0.91799670 0.45212570
vt 0.91799670 0.44997859
vt 0.91907489 0.45212570
vt 0.92015320 0.45212570
vt 0.91745758 0.44997859
vt 0.91691852 0.45212570
vt 0.91691852 0.44997859
vt 0.91637927 0.44997859
vt 0.91584021 0.45212570
vt 0.91584021 0.44997859
vt 0.91637927 0.45212570
vt 0.91530108 0.44997859
vt 0.91476202 0.45212570
vt 0.91476202 0.44997859
vt 0.91422278 0.44997859
vt 0.91422278 0.45105210
vt 0.91530108 0.45212570
vt 0.91745758 0.45212570
vt 0.92284882 0.45105210
vt 0.92284882 0.44997859
vt 0.92230958 0.45212570
vt 0.92284882 0.45212570
vt 0.91422278 0.45212570
vt 0.98365003 0.44901210
vt 0.98183161 0.44754049
vt 0.98365003 0.44754049
vt 0.98001319 0.44754049
vt 0.98092240 0.45048380
vt 0.98001319 0.45048380
vt 0.98274082 0.45048380
vt 0.98365003 0.45048380
vt 0.98183161 0.45048380
vt 0.97819477 0.44754049
vt 0.97910398 0.45048380
vt 0.97819477 0.45048380
vt 0.97637641 0.44754049
vt 0.97728562 0.45048380
vt 0.97637641 0.45048380
vt 0.97546721 0.45048380
vt 0.97455788 0.44754049
vt 0.97001201 0.45048380
vt 0.96910268 0.44901210
vt 0.97092122 0.44754049
vt 0.96910268 0.44754049
vt 0.97273952 0.44754049
vt 0.97183031 0.45048380
vt 0.97364873 0.45048380
vt 0.97273952 0.45048380
vt 0.97092122 0.45048380
vt 0.96910268 0.45048380
vt 0.97455788 0.45048380
vt 0.58217931 0.00259054
vt 0.58135211 0.00323820
vt 0.58135211 0.00259054
vt 0.58135211 0.00388575
vt 0.58300650 0.00453341
vt 0.58135211 0.00453341
vt 0.58300650 0.00388575
vt 0.58300650 0.00518107
vt 0.58135211 0.00518107
vt 0.58300650 0.00582874
vt 0.58135211 0.00582874
vt 0.58135211 0.00647640
vt 0.58300650 0.00712395
vt 0.58135211 0.00712395
vt 0.58217931 0.00777161
vt 0.58135211 0.00777161
vt 0.58300650 0.00647640
vt 0.58300650 0.00323820
vt 0.58300650 0.00777161
vt 0.58300650 0.00259054
vt 0.92230958 0.44481459
vt 0.92177051 0.44696170
vt 0.92177051 0.44481459
vt 0.92123139 0.44481459
vt 0.92069232 0.44696170
vt 0.92069232 0.44481459
vt 0.92123139 0.44696170
vt 0.92015320 0.44481459
vt 0.91961402 0.44696170
vt 0.91961402 0.44481459
vt 0.91907489 0.44481459
vt 0.91853583 0.44696170
vt 0.91853583 0.44481459
vt 0.91799670 0.44696170
vt 0.91799670 0.44481459
vt 0.91907489 0.44696170
vt 0.92015320 0.44696170
vt 0.91745758 0.44481459
vt 0.91691852 0.44696170
vt 0.91691852 0.44481459
vt 0.91637927 0.44481459
vt 0.91584021 0.44696170
vt 0.91584021 0.44481459
vt 0.91637927 0.44696170
vt 0.91530108 0.44481459
vt 0.91476202 0.44696170
vt 0.91476202 0.44481459
vt 0.91422278 0.44481459
vt 0.91422278 0.44588810
vt 0.91530108 0.44696170
vt 0.91745758 0.44696170
vt 0.92284882 0.44588810
vt 0.92284882 0.44481459
vt 0.92230958 0.44696170
vt 0.92284882 0.44696170
vt 0.91422278 0.44696170
vt 0.98365003 0.46197000
vt 0.98183161 0.46049839
vt 0.98365003 0.46049839
vt 0.98092240 0.46344170
vt 0.98001319 0.46049839
vt 0.98274082 0.46344170
vt 0.98365003 0.46344170
vt 0.98183161 0.46344170
vt 0.97910398 0.46344170
vt 0.97819477 0.46049839
vt 0.97728562 0.46344170
vt 0.97637641 0.46049839
vt 0.97546721 0.46344170
vt 0.97455788 0.46049839
vt 0.97001201 0.46344170
vt 0.96910268 0.46197000
vt 0.97092122 0.46049839
vt 0.96910268 0.46049839
vt 0.97273952 0.46049839
vt 0.97183031 0.46344170
vt 0.97364873 0.46344170
vt 0.98001319 0.46344170
vt 0.97637641 0.46344170
vt 0.97819477 0.46344170
vt 0.97273952 0.46344170
vt 0.97092122 0.46344170
vt 0.96910268 0.46344170
vt 0.97455788 0.46344170
vt 0.57819551 0.00259054
vt 0.57736832 0.00323820
vt 0.57736832 0.00259054
vt 0.57736832 0.00388575
vt 0.57902271 0.00453341
vt 0.57736832 0.00453341
vt 0.57902271 0.00388575
vt 0.57902271 0.00518107
vt 0.57736832 0.00518107
vt 0.57902271 0.00582874
vt 0.57736832 0.00582874
vt 0.57736832 0.00647640
vt 0.57902271 0.00712395
vt 0.57736832 0.00712395
vt 0.57819551 0.00777161
vt 0.57736832 0.00777161
vt 0.57902271 0.00647640
vt 0.57902271 0.00323820
vt 0.57902271 0.00777161
vt 0.57902271 0.00259054
vt 0.81716549 0.53110051
vt 0.81640792 0.53411770
vt 0.81640792 0.53110051
vt 0.81565028 0.53110051
vt 0.81489271 0.53411770
vt 0.81489271 0.53110051
vt 0.81565028 0.53411770
vt 0.81413507 0.53110051
vt 0.81337738 0.53411770
vt 0.81337738 0.53110051
vt 0.81261992 0.53110051
vt 0.81186217 0.53411770
vt 0.81186217 0.53110051
vt 0.81110471 0.53411770
vt 0.81110471 0.53110051
vt 0.81261992 0.53411770
vt 0.81413507 0.53411770
vt 0.81034702 0.53110051
vt 0.80958939 0.53411770
vt 0.80958939 0.53110051
vt 0.80883181 0.53110051
vt 0.80807418 0.53411770
vt 0.80807418 0.53110051
vt 0.80883181 0.53411770
vt 0.80731660 0.53110051
vt 0.80655903 0.53411770
vt 0.80655903 0.53110051
vt 0.80580127 0.53110051
vt 0.80580127 0.53260911
vt 0.80731660 0.53411770
vt 0.81034702 0.53411770
vt 0.81792313 0.53260911
vt 0.81792313 0.53110051
vt 0.81716549 0.53411770
vt 0.81792313 0.53411770
vt 0.80580127 0.53411770
vt 0.98365003 0.46795851
vt 0.98183161 0.46697739
vt 0.98365003 0.46697739
vt 0.98001319 0.46697739
vt 0.98092240 0.46992061
vt 0.98001319 0.46992061
vt 0.98274082 0.46992061
vt 0.98365003 0.46893960
vt 0.98365003 0.46992061
vt 0.97819477 0.46697739
vt 0.97910398 0.46992061
vt 0.97819477 0.46992061
vt 0.97637641 0.46697739
vt 0.97728562 0.46992061
vt 0.97637641 0.46992061
vt 0.97273952 0.46697739
vt 0.97183031 0.46992061
vt 0.97092122 0.46697739
vt 0.97546721 0.46992061
vt 0.97455788 0.46697739
vt 0.96910268 0.46795851
vt 0.96910268 0.46697739
vt 0.97001201 0.46992061
vt 0.96910268 0.46893960
vt 0.97364873 0.46992061
vt 0.98183161 0.46992061
vt 0.97455788 0.46992061
vt 0.97273952 0.46992061
vt 0.97092122 0.46992061
vt 0.96910268 0.46992061
vt 0.80883181 0.51994061
vt 0.80807418 0.51897287
vt 0.80883181 0.51897287
vt 0.80731660 0.51897287
vt 0.80655903 0.52090818
vt 0.80655903 0.51897287
vt 0.80731660 0.52090818
vt 0.80580127 0.52090818
vt 0.80580127 0.51897287
vt 0.80504382 0.52090818
vt 0.80504382 0.51897287
vt 0.80428612 0.51897287
vt 0.80352861 0.52090818
vt 0.80352861 0.51897287
vt 0.80277091 0.51994061
vt 0.80277091 0.51897287
vt 0.80428612 0.52090818
vt 0.80807418 0.52090818
vt 0.80277091 0.52090818
vt 0.80883181 0.52090818
vt 0.97433072 0.47226459
vt 0.97319412 0.48973390
vt 0.97319412 0.47226459
vt 0.97205770 0.47226459
vt 0.97092122 0.48973390
vt 0.97092122 0.47226459
vt 0.96978462 0.48973390
vt 0.96978462 0.47226459
vt 0.97205770 0.48973390
vt 0.96864808 0.47226459
vt 0.96751159 0.48973390
vt 0.96751159 0.47226459
vt 0.96637511 0.47226459
vt 0.96637511 0.48099920
vt 0.96864808 0.48973390
vt 0.97546721 0.48099920
vt 0.97546721 0.47226459
vt 0.97433072 0.48973390
vt 0.97546721 0.48973390
vt 0.96637511 0.48973390
vt 0.86809081 0.71169078
vt 0.86854690 0.71416682
vt 0.86809081 0.71416682
vt 0.86717862 0.71169078
vt 0.86763471 0.71416682
vt 0.86717862 0.71416682
vt 0.86672252 0.71169078
vt 0.86672252 0.71416682
vt 0.86763471 0.71169078
vt 0.86581028 0.71169078
vt 0.86626643 0.71416682
vt 0.86581028 0.71416682
vt 0.86535418 0.71292877
vt 0.86626643 0.71169078
vt 0.86900288 0.71292877
vt 0.86900288 0.71416682
vt 0.86535418 0.71416682
vt 0.86854690 0.71169078
vt 0.77789801 0.52125251
vt 0.76092190 0.52278137
vt 0.76092190 0.52125251
vt 0.76092190 0.52431041
vt 0.79487407 0.52583939
vt 0.76092190 0.52583939
vt 0.79487407 0.52431041
vt 0.79487407 0.52736843
vt 0.76092190 0.52736843
vt 0.79487407 0.52889740
vt 0.76092190 0.52889740
vt 0.76092190 0.53042632
vt 0.79487407 0.53195530
vt 0.76092190 0.53195530
vt 0.77789801 0.53348428
vt 0.76092190 0.53348428
vt 0.79487407 0.53042632
vt 0.79487407 0.52278137
vt 0.79487407 0.53348428
vt 0.79487407 0.52125251
vt 0.86809081 0.69318759
vt 0.86854690 0.69566357
vt 0.86809081 0.69566357
vt 0.86717862 0.69318759
vt 0.86763471 0.69566357
vt 0.86717862 0.69566357
vt 0.86672252 0.69318759
vt 0.86672252 0.69566357
vt 0.86763471 0.69318759
vt 0.86581028 0.69318759
vt 0.86626643 0.69566357
vt 0.86581028 0.69566357
vt 0.86535418 0.69442558
vt 0.86626643 0.69318759
vt 0.86900288 0.69442558
vt 0.86900288 0.69566357
vt 0.86535418 0.69566357
vt 0.86854690 0.69318759
vt 0.95048100 0.92320877
vt 0.95001823 0.91925663
vt 0.95048100 0.91925663
vt 0.94955552 0.91925663
vt 0.94909263 0.92716092
vt 0.94909263 0.91925663
vt 0.94955552 0.92716092
vt 0.94862992 0.92716092
vt 0.94862992 0.91925663
vt 0.94816709 0.92716092
vt 0.94816709 0.91925663
vt 0.94770432 0.91925663
vt 0.94724149 0.92716092
vt 0.94724149 0.91925663
vt 0.94677871 0.92320877
vt 0.94677871 0.91925663
vt 0.94770432 0.92716092
vt 0.95001823 0.92716092
vt 0.94677871 0.92716092
vt 0.95048100 0.92716092
vt 0.86079317 0.73143202
vt 0.86124933 0.73019397
vt 0.86124933 0.73143202
vt 0.86033708 0.73143202
vt 0.86079317 0.73019397
vt 0.85988098 0.73143202
vt 0.86033708 0.73019397
vt 0.85942483 0.73143202
vt 0.85988098 0.73019397
vt 0.85896868 0.73143202
vt 0.85942483 0.73019397
vt 0.85851258 0.73143202
vt 0.85896868 0.73019397
vt 0.86170542 0.73101932
vt 0.86124933 0.73267001
vt 0.86079317 0.73267001
vt 0.86033708 0.73267001
vt 0.86170542 0.73184460
vt 0.85805660 0.73101932
vt 0.85851258 0.73019397
vt 0.85942483 0.73267001
vt 0.85896868 0.73267001
vt 0.85988098 0.73267001
vt 0.86170542 0.73267001
vt 0.85851258 0.73267001
vt 0.85805660 0.73184460
vt 0.85805660 0.73267001
vt 0.71249348 0.07243096
vt 0.72563368 0.07320028
vt 0.71249348 0.07320028
vt 0.71249348 0.07396960
vt 0.72563368 0.07473897
vt 0.71249348 0.07473897
vt 0.72563368 0.07550829
vt 0.71249348 0.07550829
vt 0.72563368 0.07396960
vt 0.71249348 0.07627767
vt 0.72563368 0.07704699
vt 0.71249348 0.07704699
vt 0.71249348 0.07781636
vt 0.71906358 0.07781636
vt 0.72563368 0.07627767
vt 0.71906358 0.07166159
vt 0.71249348 0.07166159
vt 0.72563368 0.07243096
vt 0.72563368 0.07166159
vt 0.72563368 0.07781636
vt 0.91372120 0.51158500
vt 0.91433740 0.50991231
vt 0.91433740 0.51158500
vt 0.91310489 0.51158500
vt 0.91372120 0.50991231
vt 0.91248858 0.51158500
vt 0.91310489 0.50991231
vt 0.91187239 0.51158500
vt 0.91248858 0.50991231
vt 0.91125607 0.51158500
vt 0.91187239 0.50991231
vt 0.91063982 0.51158500
vt 0.91125607 0.50991231
vt 0.91495371 0.51102751
vt 0.91433740 0.51325780
vt 0.91372120 0.51325780
vt 0.91310489 0.51325780
vt 0.91495371 0.51214260
vt 0.91002363 0.51102751
vt 0.91063982 0.50991231
vt 0.91248858 0.51325780
vt 0.91187239 0.51325780
vt 0.91125607 0.51325780
vt 0.91495371 0.51325780
vt 0.91063982 0.51325780
vt 0.91002363 0.51214260
vt 0.91002363 0.51325780
vt 0.94261360 0.83772087
vt 0.94215077 0.84562522
vt 0.94215077 0.83772087
vt 0.94168812 0.83772087
vt 0.94122517 0.84562522
vt 0.94122517 0.83772087
vt 0.94076252 0.84562522
vt 0.94076252 0.83772087
vt 0.94168812 0.84562522
vt 0.94029969 0.83772087
vt 0.93983692 0.84562522
vt 0.93983692 0.83772087
vt 0.93937409 0.83772087
vt 0.93937409 0.84167308
vt 0.94029969 0.84562522
vt 0.94307637 0.84167308
vt 0.94307637 0.83772087
vt 0.94261360 0.84562522
vt 0.94307637 0.84562522
vt 0.88271523 0.49885631
vt 0.88333142 0.50220168
vt 0.88271523 0.50220168
vt 0.88333142 0.49885631
vt 0.88394767 0.50220168
vt 0.88209891 0.49885631
vt 0.88209891 0.50220168
vt 0.88086641 0.49885631
vt 0.88148260 0.50220168
vt 0.88086641 0.50220168
vt 0.88025010 0.49885631
vt 0.88025010 0.50220168
vt 0.87963390 0.50108647
vt 0.87963390 0.49997139
vt 0.88148260 0.49885631
vt 0.88456392 0.50108647
vt 0.88394767 0.49885631
vt 0.88456392 0.49997139
vt 0.88456392 0.50220168
vt 0.87963390 0.50220168
vt 0.84147030 0.50602829
vt 0.85926330 0.50697529
vt 0.84147030 0.50697529
vt 0.84147030 0.50792229
vt 0.85926330 0.50886929
vt 0.84147030 0.50886929
vt 0.85926330 0.50981641
vt 0.84147030 0.50981641
vt 0.85926330 0.50792229
vt 0.84147030 0.51076341
vt 0.85926330 0.51171041
vt 0.84147030 0.51171041
vt 0.84147030 0.51265740
vt 0.85036677 0.51265740
vt 0.85926330 0.51076341
vt 0.85036677 0.50508118
vt 0.84147030 0.50508118
vt 0.85926330 0.50602829
vt 0.85926330 0.50508118
vt 0.85926330 0.51265740
vt 0.86033708 0.74869722
vt 0.86079317 0.75117308
vt 0.86033708 0.75117308
vt 0.86079317 0.74869722
vt 0.86124933 0.75117308
vt 0.85988098 0.74869722
vt 0.85988098 0.75117308
vt 0.85896868 0.74869722
vt 0.85942483 0.75117308
vt 0.85896868 0.75117308
vt 0.85851258 0.74869722
vt 0.85851258 0.75117308
vt 0.85805660 0.75034791
vt 0.85805660 0.74952251
vt 0.85942483 0.74869722
vt 0.86124933 0.74869722
vt 0.86170542 0.74952251
vt 0.86170542 0.75034791
vt 0.86170542 0.75117308
vt 0.85805660 0.75117308
vt 0.96928912 0.69457859
vt 0.96855038 0.70845860
vt 0.96855038 0.69457859
vt 0.96781170 0.69457859
vt 0.96707290 0.70845860
vt 0.96707290 0.69457859
vt 0.96633422 0.70845860
vt 0.96633422 0.69457859
vt 0.96781170 0.70845860
vt 0.96559542 0.69457859
vt 0.96485662 0.70845860
vt 0.96485662 0.69457859
vt 0.96411788 0.69457859
vt 0.96411788 0.70151860
vt 0.96559542 0.70845860
vt 0.97002792 0.70151860
vt 0.97002792 0.69457859
vt 0.96928912 0.70845860
vt 0.97002792 0.70845860
vt 0.92899168 0.47093511
vt 0.92996079 0.46830481
vt 0.92996079 0.47093511
vt 0.92802262 0.47093511
vt 0.92899168 0.46830481
vt 0.92705357 0.47093511
vt 0.92802262 0.46830481
vt 0.92608452 0.47093511
vt 0.92705357 0.46830481
vt 0.92511541 0.47093511
vt 0.92608452 0.46830481
vt 0.92414641 0.47093511
vt 0.92511541 0.46830481
vt 0.93092978 0.47005829
vt 0.92996079 0.47356549
vt 0.92899168 0.47356549
vt 0.92802262 0.47356549
vt 0.93092978 0.47181189
vt 0.92317730 0.47005829
vt 0.92414641 0.46830481
vt 0.92705357 0.47356549
vt 0.92608452 0.47356549
vt 0.92511541 0.47356549
vt 0.93092978 0.47356549
vt 0.92414641 0.47356549
vt 0.92317730 0.47181189
vt 0.97002792 0.74736851
vt 0.96928912 0.74042851
vt 0.97002792 0.74042851
vt 0.96855038 0.74042851
vt 0.96781170 0.75430840
vt 0.96781170 0.74042851
vt 0.96855038 0.75430840
vt 0.96707290 0.75430840
vt 0.96707290 0.74042851
vt 0.96633422 0.75430840
vt 0.96633422 0.74042851
vt 0.96559542 0.74042851
vt 0.96485662 0.75430840
vt 0.96485662 0.74042851
vt 0.96411788 0.74736851
vt 0.96411788 0.74042851
vt 0.96559542 0.75430840
vt 0.96928912 0.75430840
vt 0.96411788 0.75430840
vt 0.97002792 0.75430840
vt 0.91395330 0.46610391
vt 0.91462719 0.46427479
vt 0.91462719 0.46610391
vt 0.91327941 0.46610391
vt 0.91395330 0.46427479
vt 0.91260552 0.46610391
vt 0.91327941 0.46427479
vt 0.91193157 0.46610391
vt 0.91260552 0.46427479
vt 0.91125768 0.46610391
vt 0.91193157 0.46427479
vt 0.91058379 0.46610391
vt 0.91125768 0.46427479
vt 0.91530108 0.46549419
vt 0.91462719 0.46793309
vt 0.91395330 0.46793309
vt 0.91327941 0.46793309
vt 0.91530108 0.46671361
vt 0.91058379 0.46427479
vt 0.90990990 0.46549419
vt 0.91260552 0.46793309
vt 0.91193157 0.46793309
vt 0.91125768 0.46793309
vt 0.91530108 0.46793309
vt 0.91058379 0.46793309
vt 0.90990990 0.46671361
vt 0.90990990 0.46793309
vt 0.83277649 0.92177999
vt 0.83236468 0.92951638
vt 0.83236468 0.92177999
vt 0.83195293 0.92177999
vt 0.83154118 0.92951638
vt 0.83154118 0.92177999
vt 0.83112937 0.92951638
vt 0.83112937 0.92177999
vt 0.83195293 0.92951638
vt 0.83071762 0.92177999
vt 0.83030587 0.92951638
vt 0.83030587 0.92177999
vt 0.82989413 0.92177999
vt 0.82989413 0.92564821
vt 0.83071762 0.92951638
vt 0.83318818 0.92564821
vt 0.83318818 0.92177999
vt 0.83277649 0.92951638
vt 0.83318818 0.92951638
vt 0.82989413 0.92951638
vt 0.91372120 0.50789970
vt 0.91433740 0.50622702
vt 0.91433740 0.50789970
vt 0.91310489 0.50789970
vt 0.91372120 0.50622702
vt 0.91248858 0.50789970
vt 0.91310489 0.50622702
vt 0.91187239 0.50789970
vt 0.91248858 0.50622702
vt 0.91125607 0.50789970
vt 0.91187239 0.50622702
vt 0.91063982 0.50789970
vt 0.91125607 0.50622702
vt 0.91495371 0.50622702
vt 0.91495371 0.50734210
vt 0.91433740 0.50957239
vt 0.91372120 0.50957239
vt 0.91310489 0.50957239
vt 0.91495371 0.50845730
vt 0.91063982 0.50622702
vt 0.91002363 0.50734210
vt 0.91248858 0.50957239
vt 0.91187239 0.50957239
vt 0.91125607 0.50957239
vt 0.91495371 0.50957239
vt 0.91063982 0.50957239
vt 0.91002363 0.50845730
vt 0.91002363 0.50957239
vt 0.70407772 0.08460861
vt 0.69816488 0.08537799
vt 0.69816488 0.08460861
vt 0.69816488 0.08614730
vt 0.70999062 0.08691668
vt 0.69816488 0.08691668
vt 0.70999062 0.08614730
vt 0.70999062 0.08768600
vt 0.69816488 0.08768600
vt 0.70999062 0.08845531
vt 0.69816488 0.08845531
vt 0.69816488 0.08922469
vt 0.70999062 0.08999401
vt 0.69816488 0.08999401
vt 0.70407772 0.09076339
vt 0.69816488 0.09076339
vt 0.70999062 0.08922469
vt 0.70999062 0.08537799
vt 0.70999062 0.09076339
vt 0.70999062 0.08460861
vt 0.88333142 0.49315831
vt 0.88394767 0.49148551
vt 0.88394767 0.49315831
vt 0.88271523 0.49315831
vt 0.88333142 0.49148551
vt 0.88209891 0.49315831
vt 0.88271523 0.49148551
vt 0.88148260 0.49315831
vt 0.88209891 0.49148551
vt 0.88086641 0.49315831
vt 0.88148260 0.49148551
vt 0.88025010 0.49315831
vt 0.88086641 0.49148551
vt 0.88456392 0.49148551
vt 0.88456392 0.49260071
vt 0.88394767 0.49483100
vt 0.88333142 0.49483100
vt 0.88271523 0.49483100
vt 0.88456392 0.49371579
vt 0.87963390 0.49260071
vt 0.88025010 0.49148551
vt 0.88148260 0.49483100
vt 0.88086641 0.49483100
vt 0.88209891 0.49483100
vt 0.88025010 0.49483100
vt 0.87963390 0.49371579
vt 0.87963390 0.49483100
vt 0.86535418 0.77036411
vt 0.85927552 0.77115488
vt 0.85927552 0.77036411
vt 0.85927552 0.77194589
vt 0.87143278 0.77273679
vt 0.85927552 0.77273679
vt 0.87143278 0.77194589
vt 0.87143278 0.77352768
vt 0.85927552 0.77352768
vt 0.87143278 0.77431858
vt 0.85927552 0.77431858
vt 0.85927552 0.77510953
vt 0.87143278 0.77590042
vt 0.85927552 0.77590042
vt 0.86535418 0.77669138
vt 0.85927552 0.77669138
vt 0.87143278 0.77510953
vt 0.87143278 0.77115488
vt 0.87143278 0.77669138
vt 0.87143278 0.77036411
vt 0.86763471 0.73019397
vt 0.86809081 0.73267001
vt 0.86763471 0.73267001
vt 0.86809081 0.73019397
vt 0.86854690 0.73267001
vt 0.86717862 0.73019397
vt 0.86717862 0.73267001
vt 0.86672252 0.73019397
vt 0.86672252 0.73267001
vt 0.86581028 0.73019397
vt 0.86626643 0.73267001
vt 0.86581028 0.73267001
vt 0.86626643 0.73019397
vt 0.86854690 0.73019397
vt 0.86900288 0.73143202
vt 0.86535418 0.73143202
vt 0.86535418 0.73267001
vt 0.86900288 0.73267001
vt 0.94120240 0.43604419
vt 0.93450671 0.43675700
vt 0.93450671 0.43604419
vt 0.93450671 0.43746969
vt 0.94789809 0.43818241
vt 0.93450671 0.43818241
vt 0.94789809 0.43746969
vt 0.94789809 0.43889520
vt 0.93450671 0.43889520
vt 0.94789809 0.43960789
vt 0.93450671 0.43960789
vt 0.93450671 0.44032070
vt 0.94789809 0.44103339
vt 0.93450671 0.44103339
vt 0.94120240 0.44174621
vt 0.93450671 0.44174621
vt 0.94789809 0.44032070
vt 0.94789809 0.43675700
vt 0.94789809 0.44174621
vt 0.94789809 0.43604419
vt 0.86079317 0.69442558
vt 0.86124933 0.69318759
vt 0.86124933 0.69442558
vt 0.86033708 0.69442558
vt 0.86079317 0.69318759
vt 0.85988098 0.69442558
vt 0.86033708 0.69318759
vt 0.85942483 0.69442558
vt 0.85988098 0.69318759
vt 0.85896868 0.69442558
vt 0.85942483 0.69318759
vt 0.85851258 0.69442558
vt 0.85896868 0.69318759
vt 0.86170542 0.69318759
vt 0.86170542 0.69401288
vt 0.86079317 0.69566357
vt 0.86033708 0.69566357
vt 0.86170542 0.69483823
vt 0.85851258 0.69318759
vt 0.85805660 0.69401288
vt 0.85988098 0.69566357
vt 0.85942483 0.69566357
vt 0.85896868 0.69566357
vt 0.86124933 0.69566357
vt 0.86170542 0.69566357
vt 0.85851258 0.69566357
vt 0.85805660 0.69483823
vt 0.85805660 0.69566357
vt 0.94638801 0.70151860
vt 0.94564921 0.69457859
vt 0.94638801 0.69457859
vt 0.94491041 0.69457859
vt 0.94417173 0.70845860
vt 0.94417173 0.69457859
vt 0.94491041 0.70845860
vt 0.94343293 0.70845860
vt 0.94343293 0.69457859
vt 0.94269419 0.70845860
vt 0.94269419 0.69457859
vt 0.94195551 0.69457859
vt 0.94121671 0.70845860
vt 0.94121671 0.69457859
vt 0.94047791 0.70151860
vt 0.94047791 0.69457859
vt 0.94195551 0.70845860
vt 0.94564921 0.70845860
vt 0.94047791 0.70845860
vt 0.94638801 0.70845860
vt 0.91310489 0.50254160
vt 0.91372120 0.50588697
vt 0.91310489 0.50588697
vt 0.91372120 0.50254160
vt 0.91433740 0.50588697
vt 0.91248858 0.50254160
vt 0.91248858 0.50588697
vt 0.91187239 0.50254160
vt 0.91187239 0.50588697
vt 0.91063982 0.50254160
vt 0.91125607 0.50588697
vt 0.91063982 0.50588697
vt 0.91125607 0.50254160
vt 0.91433740 0.50254160
vt 0.91495371 0.50421441
vt 0.91002363 0.50421441
vt 0.91002363 0.50588697
vt 0.91495371 0.50588697
vt 0.83977652 0.92564821
vt 0.83936483 0.92177999
vt 0.83977652 0.92177999
vt 0.83895302 0.92177999
vt 0.83854121 0.92951638
vt 0.83854121 0.92177999
vt 0.83895302 0.92951638
vt 0.83812952 0.92951638
vt 0.83812952 0.92177999
vt 0.83771771 0.92951638
vt 0.83771771 0.92177999
vt 0.83730590 0.92177999
vt 0.83689421 0.92951638
vt 0.83689421 0.92177999
vt 0.83648241 0.92564821
vt 0.83648241 0.92177999
vt 0.83730590 0.92951638
vt 0.83936483 0.92951638
vt 0.83977652 0.92951638
vt 0.83648241 0.92951638
vt 0.88271523 0.50254160
vt 0.88333142 0.50588697
vt 0.88271523 0.50588697
vt 0.88333142 0.50254160
vt 0.88394767 0.50588697
vt 0.88209891 0.50254160
vt 0.88209891 0.50588697
vt 0.88086641 0.50254160
vt 0.88148260 0.50588697
vt 0.88086641 0.50588697
vt 0.88025010 0.50254160
vt 0.88025010 0.50588697
vt 0.87963390 0.50477189
vt 0.87963390 0.50365680
vt 0.88148260 0.50254160
vt 0.88456392 0.50477189
vt 0.88394767 0.50254160
vt 0.88456392 0.50365680
vt 0.88456392 0.50588697
vt 0.87963390 0.50588697
vt 0.95820791 0.70151860
vt 0.95746922 0.69457859
vt 0.95820791 0.69457859
vt 0.95673043 0.69457859
vt 0.95599169 0.70845860
vt 0.95599169 0.69457859
vt 0.95673043 0.70845860
vt 0.95525289 0.70845860
vt 0.95525289 0.69457859
vt 0.95451421 0.70845860
vt 0.95451421 0.69457859
vt 0.95377541 0.69457859
vt 0.95303673 0.70845860
vt 0.95303673 0.69457859
vt 0.95229793 0.70151860
vt 0.95229793 0.69457859
vt 0.95377541 0.70845860
vt 0.95746922 0.70845860
vt 0.95229793 0.70845860
vt 0.95820791 0.70845860
vt 0.88271523 0.51359761
vt 0.88333142 0.51694310
vt 0.88271523 0.51694310
vt 0.88333142 0.51359761
vt 0.88394767 0.51694310
vt 0.88209891 0.51359761
vt 0.88209891 0.51694310
vt 0.88148260 0.51359761
vt 0.88148260 0.51694310
vt 0.88025010 0.51359761
vt 0.88086641 0.51694310
vt 0.88025010 0.51694310
vt 0.88086641 0.51359761
vt 0.88394767 0.51359761
vt 0.88456392 0.51527041
vt 0.87963390 0.51527041
vt 0.87963390 0.51694310
vt 0.88456392 0.51694310
vt 0.71191162 0.04604405
vt 0.72435248 0.04604405
vt 0.72435248 0.04833918
vt 0.69947058 0.04821890
vt 0.69947058 0.04604405
vt 0.69947058 0.04991585
vt 0.72435248 0.05060434
vt 0.72435248 0.05272704
vt 0.69947058 0.05161315
vt 0.71191162 0.05500710
vt 0.72435248 0.05500710
vt 0.69947058 0.05330997
vt 0.69947058 0.05500710
vt 0.97521108 0.52893341
vt 0.93176800 0.52930957
vt 0.93176800 0.52893341
vt 0.88832492 0.52930957
vt 0.88832492 0.52893341
vt 0.87469310 0.69996917
vt 0.87436610 0.73386812
vt 0.87436610 0.69996917
vt 0.87436610 0.76776707
vt 0.87469310 0.73386812
vt 0.87469310 0.76776707
vt 0.80049402 0.85315561
vt 0.79975277 0.91436338
vt 0.79975277 0.85315561
vt 0.79901159 0.91436338
vt 0.79901159 0.85315561
vt 0.79827040 0.85315561
vt 0.79827040 0.87355822
vt 0.80123508 0.88375938
vt 0.80123508 0.85315561
vt 0.80049402 0.91436338
vt 0.80123508 0.91436338
vt 0.79827040 0.89396077
vt 0.79827040 0.91436338
vt 0.90823227 0.81013298
vt 0.90536892 0.81740791
vt 0.90536892 0.81013298
vt 0.90250552 0.81013298
vt 0.89964199 0.81740791
vt 0.89964199 0.81013298
vt 0.89677852 0.81740791
vt 0.89677852 0.81013298
vt 0.90250552 0.81740791
vt 0.89391512 0.81013298
vt 0.89105171 0.81740791
vt 0.89105171 0.81013298
vt 0.88818830 0.81013298
vt 0.88818830 0.81377041
vt 0.89391512 0.81740791
vt 0.91109568 0.81377041
vt 0.91109568 0.81013298
vt 0.90823227 0.81740791
vt 0.91109568 0.81740791
vt 0.88818830 0.81740791
vt 0.97702801 0.88490868
vt 0.97547311 0.88885927
vt 0.97547311 0.88490868
vt 0.97391808 0.88490868
vt 0.97236311 0.88885927
vt 0.97236311 0.88490868
vt 0.97080821 0.88885927
vt 0.97080821 0.88490868
vt 0.97391808 0.88885927
vt 0.96925318 0.88490868
vt 0.96769822 0.88885927
vt 0.96769822 0.88490868
vt 0.96614331 0.88490868
vt 0.96614331 0.88688397
vt 0.96925318 0.88885927
vt 0.97858298 0.88688397
vt 0.97858298 0.88490868
vt 0.97702801 0.88885927
vt 0.97858298 0.88885927
vt 0.96614331 0.88885927
vt 0.55124021 0.32594550
vt 0.54512471 0.31269571
vt 0.55124021 0.31269571
vt 0.54512471 0.34225300
vt 0.55124021 0.33919540
vt 0.55450177 0.33919540
vt 0.55776328 0.33919540
vt 0.56102490 0.33919540
vt 0.56428647 0.33919540
vt 0.58997148 0.34123379
vt 0.58385599 0.33919540
vt 0.58385599 0.32594550
vt 0.58385599 0.31269571
vt 0.58997148 0.31269571
vt 0.57080972 0.33919540
vt 0.57407129 0.33919540
vt 0.57733291 0.33919540
vt 0.58059442 0.33919540
vt 0.58997148 0.36977190
vt 0.56754810 0.33919540
vt 0.54512471 0.37181041
vt 0.59506768 0.37919971
vt 0.56732160 0.40136769
vt 0.54512471 0.40136769
vt 0.58951849 0.40136769
vt 0.59323311 0.36977190
vt 0.59649467 0.36977190
vt 0.59975630 0.36977190
vt 0.60301781 0.36977190
vt 0.60627937 0.36977190
vt 0.61280262 0.36977190
vt 0.60954100 0.36977190
vt 0.64501071 0.37919971
vt 0.61171538 0.40136769
vt 0.61606407 0.36977190
vt 0.61932582 0.36977190
vt 0.64501071 0.33486369
vt 0.62258732 0.31269571
vt 0.64229268 0.31269571
vt 0.66199809 0.31269571
vt 0.68170351 0.31269571
vt 0.68170351 0.36977190
vt 0.68170351 0.34123379
vt 0.62258732 0.36977190
vt 0.62258732 0.34123379
vt 0.72960812 0.31269571
vt 0.71431941 0.34123379
vt 0.71431941 0.31269571
vt 0.74489671 0.31269571
vt 0.74489671 0.34225300
vt 0.69495368 0.37919971
vt 0.68496507 0.36977190
vt 0.71431941 0.36977190
vt 0.74489671 0.37181041
vt 0.68822670 0.36977190
vt 0.69148833 0.36977190
vt 0.69474989 0.36977190
vt 0.69801152 0.36977190
vt 0.65610921 0.40136769
vt 0.63391232 0.40136769
vt 0.70050287 0.40136769
vt 0.67830610 0.40136769
vt 0.70127302 0.36977190
vt 0.70453459 0.36977190
vt 0.70779622 0.36977190
vt 0.71105778 0.36977190
vt 0.72269982 0.40136769
vt 0.74489671 0.40136769
vt 0.57516247 0.83739722
vt 0.53522021 0.86054862
vt 0.53522021 0.83739722
vt 0.61510468 0.83739722
vt 0.61510468 0.84202749
vt 0.61510468 0.84665781
vt 0.62552440 0.84665781
vt 0.63594413 0.86054862
vt 0.63594413 0.84665781
vt 0.58558208 0.86054862
vt 0.95983487 0.02555817
vt 0.96950948 0.00701571
vt 0.97918397 0.00701571
vt 0.97918397 0.04208511
vt 0.95983487 0.00701571
vt 0.95983487 0.04410058
vt 0.96159393 0.07715445
vt 0.95725501 0.04410058
vt 0.95467508 0.04410058
vt 0.94400382 0.07715445
vt 0.94951540 0.04410058
vt 0.95209521 0.04410058
vt 0.94435561 0.04410058
vt 0.94693542 0.04410058
vt 0.97918397 0.07715445
vt 0.93403602 0.02555817
vt 0.83084041 0.04410058
vt 0.83084041 0.02555817
vt 0.91683668 0.00701571
vt 0.93403602 0.00701571
vt 0.89963752 0.00701571
vt 0.86523890 0.00701571
vt 0.88243818 0.00701571
vt 0.84803969 0.00701571
vt 0.83084041 0.00701571
vt 0.80504149 0.02555817
vt 0.78569227 0.00701571
vt 0.79536688 0.00701571
vt 0.78569227 0.04208511
vt 0.80504149 0.04410058
vt 0.80504149 0.00701571
vt 0.93919581 0.04410058
vt 0.94177562 0.04410058
vt 0.93661588 0.04410058
vt 0.93403602 0.04410058
vt 0.92641360 0.07715445
vt 0.90882337 0.07715445
vt 0.89123333 0.07715445
vt 0.87364310 0.07715445
vt 0.85605288 0.07715445
vt 0.83846283 0.07715445
vt 0.82087272 0.07715445
vt 0.82826048 0.04410058
vt 0.82568061 0.04410058
vt 0.82052082 0.04410058
vt 0.82310081 0.04410058
vt 0.81536102 0.04410058
vt 0.81794101 0.04410058
vt 0.80328250 0.07715445
vt 0.81020129 0.04410058
vt 0.81278121 0.04410058
vt 0.80762142 0.04410058
vt 0.78569227 0.07715445
vt 0.91964817 0.23229501
vt 0.90476418 0.23229501
vt 0.90476418 0.22381060
vt 0.88988018 0.22381060
vt 0.88988018 0.23229501
vt 0.87499619 0.22381060
vt 0.87499619 0.23229501
vt 0.86011219 0.22381060
vt 0.86011219 0.23229501
vt 0.84522820 0.22381060
vt 0.84522820 0.23229501
vt 0.83034432 0.22381060
vt 0.83034432 0.23229501
vt 0.81546032 0.22381060
vt 0.81546032 0.23229501
vt 0.80057633 0.22381060
vt 0.80057633 0.23229501
vt 0.90476418 0.24077959
vt 0.88988018 0.24077959
vt 0.87499619 0.24077959
vt 0.86011219 0.24077959
vt 0.84522820 0.24077959
vt 0.83034432 0.24077959
vt 0.81546032 0.24077959
vt 0.80057633 0.24077959
vt 0.90476418 0.24926411
vt 0.88988018 0.24926411
vt 0.87499619 0.24926411
vt 0.86011219 0.24926411
vt 0.84522820 0.24926411
vt 0.83034432 0.24926411
vt 0.81546032 0.24926411
vt 0.80057633 0.24926411
vt 0.90476418 0.25774869
vt 0.91964817 0.24926411
vt 0.88988018 0.25774869
vt 0.87499619 0.25774869
vt 0.86011219 0.25774869
vt 0.84522820 0.25774869
vt 0.83034432 0.25774869
vt 0.81546032 0.25774869
vt 0.80057633 0.25774869
vt 0.97716671 0.21890379
vt 0.97918409 0.21532600
vt 0.97751421 0.21943280
vt 0.97762370 0.22000711
vt 0.97918409 0.22502260
vt 0.97751421 0.22058150
vt 0.97663772 0.21855640
vt 0.97606331 0.21844681
vt 0.97548890 0.21855640
vt 0.96843457 0.21532600
vt 0.97697461 0.22489910
vt 0.97723907 0.22507280
vt 0.97741288 0.22533730
vt 0.97746772 0.22562450
vt 0.97918409 0.23471920
vt 0.97663772 0.22145800
vt 0.97716671 0.22111049
vt 0.97606331 0.22156750
vt 0.97668737 0.22484431
vt 0.97548890 0.22145800
vt 0.97461241 0.21943280
vt 0.97495991 0.21890379
vt 0.97450292 0.22000711
vt 0.96430010 0.22381060
vt 0.95768499 0.21532600
vt 0.94693547 0.21532600
vt 0.92570817 0.21943280
vt 0.93618590 0.21532600
vt 0.92581779 0.22000711
vt 0.93453223 0.22381060
vt 0.97495991 0.22111049
vt 0.97461241 0.22058150
vt 0.96607661 0.22484431
vt 0.95546567 0.22484431
vt 0.94485492 0.22484431
vt 0.93424398 0.22484431
vt 0.92570817 0.22058150
vt 0.92363322 0.22484431
vt 0.97918409 0.24441580
vt 0.97746772 0.23522080
vt 0.97741288 0.24510430
vt 0.97746772 0.24481700
vt 0.97723907 0.24536870
vt 0.97918409 0.25411239
vt 0.97668737 0.24559730
vt 0.97697461 0.24554250
vt 0.95546567 0.24559730
vt 0.96607661 0.24559730
vt 0.96430010 0.24926411
vt 0.96430010 0.25774869
vt 0.96982157 0.25823629
vt 0.94941610 0.25774869
vt 0.94485492 0.24559730
vt 0.93881458 0.25241071
vt 0.93892419 0.25183630
vt 0.93881458 0.25126189
vt 0.93846720 0.25293970
vt 0.93846720 0.25073290
vt 0.96266848 0.25829110
vt 0.93453223 0.24926411
vt 0.93736380 0.25027591
vt 0.93678939 0.25038549
vt 0.93793821 0.25038549
vt 0.92363322 0.24559730
vt 0.93424398 0.24559730
vt 0.93626040 0.25073290
vt 0.93591291 0.25126189
vt 0.93580341 0.25183630
vt 0.93736380 0.25339660
vt 0.93793821 0.25328711
vt 0.93453223 0.25774869
vt 0.93591291 0.25241071
vt 0.93626040 0.25293970
vt 0.93678939 0.25328711
vt 0.94233340 0.25829110
vt 0.94204623 0.25823629
vt 0.91964817 0.25774869
vt 0.92425740 0.21844681
vt 0.92543638 0.21532600
vt 0.92483181 0.21855640
vt 0.92536068 0.21890379
vt 0.92368299 0.21855640
vt 0.92315400 0.21890379
vt 0.91468680 0.21532600
vt 0.92280650 0.21943280
vt 0.92536068 0.22111049
vt 0.91964817 0.22381060
vt 0.92425740 0.22156750
vt 0.92483181 0.22145800
vt 0.92269701 0.22000711
vt 0.92280650 0.22058150
vt 0.92315400 0.22111049
vt 0.92368299 0.22145800
vt 0.90393728 0.21532600
vt 0.88243818 0.21532600
vt 0.89318782 0.21532600
vt 0.87168872 0.21532600
vt 0.86093909 0.21532600
vt 0.85018963 0.21532600
vt 0.83943999 0.21532600
vt 0.82869053 0.21532600
vt 0.81794089 0.21532600
vt 0.80719137 0.21532600
vt 0.79644191 0.21532600
vt 0.78569227 0.22609261
vt 0.78569227 0.21532600
vt 0.92308152 0.22507280
vt 0.92334610 0.22489910
vt 0.92290783 0.22533730
vt 0.92285299 0.22562450
vt 0.92285299 0.23522080
vt 0.92290783 0.24510430
vt 0.92308152 0.24536870
vt 0.92334610 0.24554250
vt 0.92285299 0.24481700
vt 0.78569227 0.23685920
vt 0.78569227 0.24762569
vt 0.89414132 0.26112300
vt 0.87294447 0.26117769
vt 0.88368660 0.26112300
vt 0.87323171 0.26112300
vt 0.78569227 0.25839230
vt 0.84394288 0.26493019
vt 0.82069123 0.26347080
vt 0.85098952 0.26347080
vt 0.90514779 0.26135150
vt 0.92363322 0.25823629
vt 0.93283969 0.25823629
vt 0.97697461 0.25829110
vt 0.97668737 0.25823629
vt 0.97741288 0.25872931
vt 0.97723907 0.25846481
vt 0.96295577 0.25823629
vt 0.96240407 0.25846481
vt 0.96223032 0.25872931
vt 0.97746772 0.25901651
vt 0.97918409 0.27350560
vt 0.97746772 0.26744249
vt 0.97918409 0.26380900
vt 0.96217561 0.25901651
vt 0.96217561 0.26744249
vt 0.94282639 0.25901651
vt 0.94282639 0.26744249
vt 0.94941610 0.27471769
vt 0.94277161 0.25872931
vt 0.94259793 0.25846481
vt 0.92334610 0.25829110
vt 0.92308152 0.25846481
vt 0.92290783 0.25872931
vt 0.92285299 0.25901651
vt 0.90537632 0.26190311
vt 0.92285299 0.26744249
vt 0.90537632 0.26869079
vt 0.90532148 0.26161590
vt 0.90459609 0.26112300
vt 0.90488333 0.26117769
vt 0.92285299 0.27586851
vt 0.97741288 0.27615571
vt 0.97746772 0.27586851
vt 0.97723907 0.27642009
vt 0.97918409 0.28320220
vt 0.96223032 0.27615571
vt 0.96217561 0.27586851
vt 0.94277161 0.27615571
vt 0.94282639 0.27586851
vt 0.96240407 0.27642009
vt 0.95715469 0.28320220
vt 0.97668737 0.27664870
vt 0.97697461 0.27659389
vt 0.96816939 0.28320220
vt 0.96266848 0.27659389
vt 0.96295577 0.27664870
vt 0.94613987 0.28320220
vt 0.96982157 0.27664870
vt 0.94259793 0.27642009
vt 0.91309577 0.28320220
vt 0.90514779 0.27603009
vt 0.92290783 0.27615571
vt 0.90532148 0.27576551
vt 0.90537632 0.27547839
vt 0.90488333 0.27620381
vt 0.92308152 0.27642009
vt 0.94233340 0.27659389
vt 0.94204623 0.27664870
vt 0.93512517 0.28320220
vt 0.93283969 0.27664870
vt 0.92334610 0.27659389
vt 0.92411047 0.28320220
vt 0.92363322 0.27664870
vt 0.90208107 0.28320220
vt 0.87268001 0.26135150
vt 0.87250632 0.26161590
vt 0.87245148 0.26190311
vt 0.87245148 0.26869079
vt 0.84857720 0.26301071
vt 0.84616470 0.26347080
vt 0.86011219 0.27471769
vt 0.85467070 0.26715189
vt 0.85321140 0.26493019
vt 0.85513091 0.26956430
vt 0.85467070 0.27197659
vt 0.84248352 0.26715189
vt 0.84248352 0.27197659
vt 0.83034432 0.27471769
vt 0.84202337 0.26956430
vt 0.81586641 0.26347080
vt 0.81827879 0.26301071
vt 0.82437241 0.26715189
vt 0.82291299 0.26493019
vt 0.79193401 0.26915881
vt 0.81364459 0.26493019
vt 0.81218523 0.26715189
vt 0.82483262 0.26956430
vt 0.78881311 0.26915881
vt 0.80057633 0.27471769
vt 0.78569227 0.26915881
vt 0.81172502 0.26956430
vt 0.81218523 0.27197659
vt 0.87245148 0.27547839
vt 0.87250632 0.27576551
vt 0.86903697 0.28320220
vt 0.87268001 0.27603009
vt 0.85098952 0.27565771
vt 0.85321140 0.27419829
vt 0.85802221 0.28320220
vt 0.84700751 0.28320220
vt 0.84857720 0.27611780
vt 0.87294447 0.27620381
vt 0.89414132 0.27625850
vt 0.89106637 0.28320220
vt 0.90459609 0.27625850
vt 0.88368660 0.27625850
vt 0.88005167 0.28320220
vt 0.87323171 0.27625850
vt 0.82437241 0.27197659
vt 0.84394288 0.27419829
vt 0.82497811 0.28320220
vt 0.82069123 0.27565771
vt 0.83599281 0.28320220
vt 0.82291299 0.27419829
vt 0.81364459 0.27419829
vt 0.80294871 0.28320220
vt 0.84616470 0.27565771
vt 0.81827879 0.27611780
vt 0.81396341 0.28320220
vt 0.81586641 0.27565771
vt 0.79193401 0.27618051
vt 0.79193401 0.28320220
vt 0.80987883 0.13385740
vt 0.78569227 0.11128410
vt 0.79778558 0.11128410
vt 0.80987883 0.11128410
vt 0.80987883 0.15643080
vt 0.78569227 0.14635339
vt 0.78569227 0.18142280
vt 0.83567768 0.13385740
vt 0.83567768 0.11128410
vt 0.85126448 0.11128410
vt 0.86685127 0.11128410
vt 0.88243818 0.13385740
vt 0.82087272 0.18142280
vt 0.81245869 0.15643080
vt 0.81503862 0.15643080
vt 0.81761843 0.15643080
vt 0.88243818 0.15643080
vt 0.83567768 0.15643080
vt 0.80328250 0.18142280
vt 0.82019842 0.15643080
vt 0.82277822 0.15643080
vt 0.82535821 0.15643080
vt 0.82793802 0.15643080
vt 0.83051789 0.15643080
vt 0.83846283 0.18142280
vt 0.83309782 0.15643080
vt 0.85605288 0.18142280
vt 0.87364310 0.18142280
vt 0.88243818 0.11128410
vt 0.89123333 0.18142280
vt 0.88501811 0.15643080
vt 0.88759798 0.15643080
vt 0.89017791 0.15643080
vt 0.90823710 0.13385740
vt 0.90823710 0.11128410
vt 0.92597377 0.11128410
vt 0.94371063 0.11128410
vt 0.97918397 0.14635339
vt 0.96144730 0.11128410
vt 0.97918397 0.11128410
vt 0.90823710 0.15643080
vt 0.89275777 0.15643080
vt 0.89533770 0.15643080
vt 0.89791751 0.15643080
vt 0.90049738 0.15643080
vt 0.90882337 0.18142280
vt 0.90307730 0.15643080
vt 0.90565717 0.15643080
vt 0.92641360 0.18142280
vt 0.94400382 0.18142280
vt 0.96159393 0.18142280
vt 0.97918397 0.18142280
vt 0.74653870 0.70284188
vt 0.79908812 0.70391458
vt 0.74653870 0.70391458
vt 0.74653870 0.70498729
vt 0.79908812 0.70605999
vt 0.74653870 0.70605999
vt 0.79908812 0.70713270
vt 0.74653870 0.70713270
vt 0.79908812 0.70498729
vt 0.74653870 0.70820540
vt 0.79908812 0.70820540
vt 0.74653870 0.70927811
vt 0.74653870 0.71035081
vt 0.75704861 0.71035081
vt 0.76755852 0.71035081
vt 0.77281338 0.70176917
vt 0.74653870 0.70176917
vt 0.79908812 0.70176917
vt 0.77806842 0.71035081
vt 0.78857821 0.71035081
vt 0.79908812 0.71035081
vt 0.59753340 0.00320184
vt 0.60091972 0.00320184
vt 0.60091972 0.01919502
vt 0.59414721 0.01919502
vt 0.59414721 0.00320184
vt 0.59753340 0.03518807
vt 0.59414721 0.03518807
vt 0.60091972 0.03518807
vt 0.60566688 0.00320184
vt 0.60905319 0.00320184
vt 0.60905319 0.01919502
vt 0.60228068 0.01919502
vt 0.60228068 0.00320184
vt 0.60566688 0.03518807
vt 0.60228068 0.03518807
vt 0.60905319 0.03518807
vt 0.90939552 0.42526361
vt 0.91189033 0.42526361
vt 0.91189033 0.43405050
vt 0.90690058 0.43405050
vt 0.90690058 0.42526361
vt 0.90939552 0.44283739
vt 0.90690058 0.44283739
vt 0.91189033 0.44283739
vt 0.97236311 0.93118900
vt 0.98272771 0.93118900
vt 0.98272771 0.93358672
vt 0.96199858 0.93358672
vt 0.96199858 0.93118900
vt 0.97236311 0.93598437
vt 0.96199858 0.93598437
vt 0.98272771 0.93598437
vt 0.91424102 0.47023869
vt 0.91698283 0.47023869
vt 0.91698283 0.47989520
vt 0.91149932 0.47989520
vt 0.91149932 0.47023869
vt 0.91424102 0.48955160
vt 0.91149932 0.48955160
vt 0.91698283 0.48955160
vt 0.97236311 0.90809131
vt 0.98272771 0.90809131
vt 0.98272771 0.91048902
vt 0.96199858 0.91048902
vt 0.96199858 0.90809131
vt 0.97236311 0.91288668
vt 0.96199858 0.91288668
vt 0.98272771 0.91288668
vt 0.74479723 0.49085391
vt 0.74772429 0.49085391
vt 0.74772429 0.50655401
vt 0.74187022 0.49085391
vt 0.74187022 0.50655401
vt 0.74479723 0.53795427
vt 0.74772429 0.52225423
vt 0.74772429 0.53795427
vt 0.74187022 0.53795427
vt 0.74187022 0.52225423
vt 0.89927661 0.47989520
vt 0.89927661 0.47023869
vt 0.90204978 0.47023869
vt 0.90204978 0.48955160
vt 0.89927661 0.48955160
vt 0.90482312 0.47989520
vt 0.90482312 0.48955160
vt 0.90482312 0.47023869
vt 0.64760321 0.04379469
vt 0.64760321 0.04108804
vt 0.66212088 0.04108804
vt 0.64760321 0.04650110
vt 0.66212088 0.04650110
vt 0.69115639 0.04379469
vt 0.67663872 0.04108804
vt 0.69115639 0.04108804
vt 0.69115639 0.04650110
vt 0.67663872 0.04650110
vt 0.88014102 0.43405050
vt 0.88014102 0.42526361
vt 0.88266450 0.42526361
vt 0.88266450 0.44283739
vt 0.88014102 0.44283739
vt 0.88518810 0.43405050
vt 0.88518810 0.44283739
vt 0.88518810 0.42526361
vt 0.55246609 0.95905453
vt 0.55018932 0.95616227
vt 0.55246609 0.95616227
vt 0.54791260 0.95616227
vt 0.54563582 0.96194673
vt 0.54563582 0.95616227
vt 0.54791260 0.96194673
vt 0.54335910 0.96194673
vt 0.54335910 0.95616227
vt 0.54108232 0.96194673
vt 0.54108232 0.95616227
vt 0.53880560 0.95616227
vt 0.53652883 0.96194673
vt 0.53652883 0.95616227
vt 0.53425211 0.95905453
vt 0.53425211 0.95616227
vt 0.53880560 0.96194673
vt 0.55018932 0.96194673
vt 0.53425211 0.96194673
vt 0.55246609 0.96194673
vt 0.91109568 0.83730948
vt 0.90823227 0.83367211
vt 0.91109568 0.83367211
vt 0.90536892 0.83367211
vt 0.90250552 0.84094697
vt 0.90250552 0.83367211
vt 0.90536892 0.84094697
vt 0.89964199 0.84094697
vt 0.89964199 0.83367211
vt 0.89677852 0.84094697
vt 0.89677852 0.83367211
vt 0.89391512 0.83367211
vt 0.89105171 0.84094697
vt 0.89105171 0.83367211
vt 0.88818830 0.83730948
vt 0.88818830 0.83367211
vt 0.89391512 0.84094697
vt 0.90823227 0.84094697
vt 0.88818830 0.84094697
vt 0.91109568 0.84094697
vt 0.82362401 0.53523558
vt 0.84352380 0.53523558
vt 0.84352380 0.53927767
vt 0.80372429 0.53927767
vt 0.80372429 0.53523558
vt 0.82362401 0.54331982
vt 0.80372429 0.54331982
vt 0.84352380 0.54331982
vt 0.84353429 0.85181868
vt 0.84529179 0.85181868
vt 0.84529179 0.86138678
vt 0.84529179 0.87095481
vt 0.84177679 0.86138678
vt 0.84177679 0.85181868
vt 0.84177679 0.87095481
vt 0.84177679 0.88052273
vt 0.84529179 0.88052273
vt 0.84353429 0.89965868
vt 0.84529179 0.89009082
vt 0.84529179 0.89965868
vt 0.84177679 0.89009082
vt 0.84177679 0.89965868
vt 0.94091469 0.50622702
vt 0.94091469 0.49394450
vt 0.94340962 0.49394450
vt 0.94340962 0.51850951
vt 0.94091469 0.51850951
vt 0.94590437 0.50622702
vt 0.94590437 0.51850951
vt 0.94590437 0.49394450
vt 0.88642722 0.52396452
vt 0.88642722 0.52146971
vt 0.90000927 0.52146971
vt 0.91359133 0.52146971
vt 0.90000927 0.52645940
vt 0.88642722 0.52645940
vt 0.91359133 0.52645940
vt 0.95433748 0.52396452
vt 0.92717338 0.52146971
vt 0.94075543 0.52146971
vt 0.95433748 0.52146971
vt 0.94075543 0.52645940
vt 0.92717338 0.52645940
vt 0.95433748 0.52645940
vt 0.97236311 0.97738421
vt 0.98272771 0.97738421
vt 0.98272771 0.97978193
vt 0.96199858 0.97978193
vt 0.96199858 0.97738421
vt 0.97236311 0.98217970
vt 0.96199858 0.98217970
vt 0.98272771 0.98217970
vt 0.97236311 0.95428658
vt 0.98272771 0.95428658
vt 0.98272771 0.95668429
vt 0.96199858 0.95668429
vt 0.96199858 0.95428658
vt 0.97236311 0.95908201
vt 0.96199858 0.95908201
vt 0.98272771 0.95908201
vt 0.93176800 0.42046860
vt 0.88832492 0.42088771
vt 0.88832492 0.42046860
vt 0.93176800 0.42088771
vt 0.97521108 0.42046860
vt 0.97521108 0.42088771
vt 0.84944743 0.73386812
vt 0.84837121 0.69996917
vt 0.84944743 0.69996917
vt 0.84800142 0.76776707
vt 0.84729511 0.69996917
vt 0.84621900 0.69996917
vt 0.84521919 0.76776707
vt 0.84514278 0.69996917
vt 0.84376371 0.73386812
vt 0.84376371 0.69996917
vt 0.84665543 0.76776707
vt 0.84944743 0.76776707
vt 0.84376371 0.76776707
vt 0.58558208 0.87467831
vt 0.63594413 0.87467831
vt 0.63594413 0.87606877
vt 0.63594413 0.87911892
vt 0.53522021 0.87764537
vt 0.63594413 0.87764537
vt 0.53522021 0.87911892
vt 0.63594413 0.88044763
vt 0.53522021 0.88044763
vt 0.53522021 0.87606877
vt 0.53522021 0.87467831
vt 0.63594413 0.88324982
vt 0.53522021 0.88177627
vt 0.63594413 0.88177627
vt 0.58558208 0.88621682
vt 0.63594413 0.88482630
vt 0.63594413 0.88621682
vt 0.53522021 0.88482630
vt 0.53522021 0.88621682
vt 0.85723448 0.85315561
vt 0.85854858 0.85315561
vt 0.85854858 0.88375938
vt 0.85633200 0.91436338
vt 0.85593802 0.85315561
vt 0.85472280 0.85315561
vt 0.85536051 0.91436338
vt 0.85438889 0.91436338
vt 0.85341728 0.88375938
vt 0.85341728 0.85315561
vt 0.85730362 0.91436338
vt 0.85341728 0.91436338
vt 0.85854858 0.91436338
vt 0.80403340 0.54909450
vt 0.85632402 0.54909450
vt 0.85632402 0.55053830
vt 0.85632402 0.55217522
vt 0.75174290 0.55325919
vt 0.75174290 0.55143380
vt 0.75174290 0.54909450
vt 0.75174290 0.55508471
vt 0.85632402 0.55370498
vt 0.85632402 0.55508471
vt 0.85632402 0.55646431
vt 0.75174290 0.55691010
vt 0.75174290 0.55873549
vt 0.85632402 0.55799413
vt 0.85632402 0.55963111
vt 0.80403340 0.56107479
vt 0.75174290 0.56107479
vt 0.85632402 0.56107479
vt 0.74943489 0.85315561
vt 0.74869370 0.91436338
vt 0.74869370 0.85315561
vt 0.74795252 0.91436338
vt 0.74795252 0.85315561
vt 0.74721128 0.85315561
vt 0.74721128 0.88375938
vt 0.75017607 0.88375938
vt 0.75017607 0.85315561
vt 0.74943489 0.91436338
vt 0.75017607 0.91436338
vt 0.74721128 0.91436338
vt 0.86896211 0.85315561
vt 0.87020707 0.85315561
vt 0.87020707 0.88375938
vt 0.86799061 0.91436338
vt 0.86799061 0.85315561
vt 0.86701900 0.91436338
vt 0.86701900 0.85315561
vt 0.86604750 0.85315561
vt 0.86507589 0.88375938
vt 0.86507589 0.85315561
vt 0.86604750 0.91436338
vt 0.86896211 0.91436338
vt 0.86507589 0.91436338
vt 0.87020707 0.91436338
vt 0.93176800 0.54146558
vt 0.97521108 0.54146558
vt 0.97521108 0.54269153
vt 0.88832492 0.54311281
vt 0.97521108 0.54391742
vt 0.88832492 0.54146558
vt 0.88832492 0.54464608
vt 0.97521108 0.54514331
vt 0.88832492 0.54628217
vt 0.93176800 0.54794019
vt 0.97521108 0.54636919
vt 0.97521108 0.54794019
vt 0.88832492 0.54794019
vt 0.88832492 0.56415898
vt 0.88832492 0.56230593
vt 0.90073723 0.56230593
vt 0.91314948 0.56230593
vt 0.92556190 0.56230593
vt 0.97521108 0.56506407
vt 0.88832492 0.56588387
vt 0.88832492 0.56958979
vt 0.88832492 0.56772453
vt 0.93176800 0.56958979
vt 0.97521108 0.56782240
vt 0.97521108 0.56644332
vt 0.97521108 0.56368500
vt 0.93797421 0.56230593
vt 0.95038652 0.56230593
vt 0.96279877 0.56230593
vt 0.97521108 0.56230593
vt 0.97521108 0.56958979
vt 0.81091797 0.69996917
vt 0.81018829 0.76776707
vt 0.81018829 0.69996917
vt 0.80945849 0.76776707
vt 0.80945849 0.69996917
vt 0.80872881 0.69996917
vt 0.80872881 0.73386812
vt 0.81164777 0.73386812
vt 0.81164777 0.69996917
vt 0.81091797 0.76776707
vt 0.81164777 0.76776707
vt 0.80872881 0.76776707
vt 0.53522021 0.94087660
vt 0.53522021 0.93979228
vt 0.56879491 0.93979228
vt 0.63594413 0.94196069
vt 0.53522021 0.94196069
vt 0.63594413 0.94304490
vt 0.53522021 0.94304490
vt 0.58558208 0.94412911
vt 0.53522021 0.94412911
vt 0.60236949 0.93979228
vt 0.63594413 0.94087660
vt 0.63594413 0.93979228
vt 0.63594413 0.94412911
vt 0.58558208 0.97398001
vt 0.63594413 0.97398001
vt 0.63594413 0.97614831
vt 0.63594413 0.98048502
vt 0.53522021 0.97831661
vt 0.63594413 0.97831661
vt 0.53522021 0.98048502
vt 0.63594413 0.98265332
vt 0.53522021 0.98265332
vt 0.53522021 0.97614831
vt 0.53522021 0.97398001
vt 0.63594413 0.98698997
vt 0.53522021 0.98482162
vt 0.63594413 0.98482162
vt 0.58558208 0.99132657
vt 0.63594413 0.98915827
vt 0.63594413 0.99132657
vt 0.53522021 0.98915827
vt 0.53522021 0.99132657
vt 0.69117677 0.07265985
vt 0.68985271 0.09123486
vt 0.68927461 0.07265985
vt 0.68749177 0.07265985
vt 0.68842733 0.09123486
vt 0.68700200 0.09123486
vt 0.68557668 0.07265985
vt 0.68557668 0.08194738
vt 0.69310451 0.08194738
vt 0.69310451 0.07265985
vt 0.69127792 0.09123486
vt 0.69310451 0.09123486
vt 0.68557668 0.09123486
vt 0.68936282 0.04898118
vt 0.69127792 0.04898118
vt 0.69127792 0.05826896
vt 0.68842733 0.06755644
vt 0.68758011 0.04898118
vt 0.68567789 0.04898118
vt 0.68700200 0.06755644
vt 0.68557668 0.06755644
vt 0.68375021 0.05826896
vt 0.68375021 0.04898118
vt 0.68985271 0.06755644
vt 0.68375021 0.06755644
vt 0.69127792 0.06755644
vt 0.88218939 0.44657499
vt 0.88259882 0.45645091
vt 0.88218939 0.45645091
vt 0.88259882 0.46632701
vt 0.88218939 0.46632701
vt 0.48376009 0.52590269
vt 0.48439661 0.52246261
vt 0.48830369 0.52358598
vt 0.48057711 0.52211207
vt 0.48057711 0.52561063
vt 0.49206349 0.52553380
vt 0.48861131 0.52756482
vt 0.49014911 0.52846199
vt 0.49541989 0.52826029
vt 0.49160251 0.52952278
vt 0.48701599 0.52683878
vt 0.43579641 0.52211207
vt 0.45818669 0.52561063
vt 0.43579641 0.52561063
vt 0.41340601 0.52211207
vt 0.39101571 0.52561063
vt 0.39101571 0.52211207
vt 0.41340601 0.52561063
vt 0.36862531 0.52561063
vt 0.50009418 0.53537643
vt 0.50121760 0.53928351
vt 0.49684140 0.53666431
vt 0.49814641 0.53161669
vt 0.49611530 0.53506893
vt 0.50156802 0.54310310
vt 0.49777749 0.53992021
vt 0.50156802 0.56549352
vt 0.49806949 0.58788377
vt 0.49806949 0.56549352
vt 0.50156802 0.58788377
vt 0.49806949 0.61027420
vt 0.49806949 0.54310310
vt 0.49521819 0.53353113
vt 0.49415740 0.53207773
vt 0.49294609 0.53073412
vt 0.34623489 0.52211207
vt 0.34623489 0.52561063
vt 0.30145419 0.52211207
vt 0.32384461 0.52561063
vt 0.30145419 0.52561063
vt 0.32384461 0.52211207
vt 0.29827121 0.52590269
vt 0.29763460 0.52246261
vt 0.29372749 0.52358598
vt 0.29501531 0.52683878
vt 0.29341999 0.52756482
vt 0.28996781 0.52553380
vt 0.29188219 0.52846199
vt 0.29042879 0.52952278
vt 0.28908521 0.53073412
vt 0.28661141 0.52826029
vt 0.28787389 0.53207773
vt 0.28388491 0.53161669
vt 0.28681311 0.53353113
vt 0.28193709 0.53537643
vt 0.28591591 0.53506893
vt 0.28518990 0.53666431
vt 0.28081369 0.53928351
vt 0.28425381 0.53992021
vt 0.28396180 0.54310310
vt 0.28396180 0.56549352
vt 0.28046319 0.57892770
vt 0.28046319 0.56101543
vt 0.28396180 0.61027420
vt 0.28046319 0.59684002
vt 0.28396180 0.58788377
vt 0.28046319 0.54310310
vt 0.28046319 0.61475229
vt 0.28396180 0.63266462
vt 0.28046319 0.63266462
vt 0.28046319 0.65057677
vt 0.28396180 0.65505493
vt 0.50156802 0.61027420
vt 0.49806949 0.63266462
vt 0.50156802 0.63266462
vt 0.49806949 0.65505493
vt 0.50156802 0.65505493
vt 0.49806949 0.67744529
vt 0.50156802 0.69983572
vt 0.49806949 0.72222602
vt 0.49806949 0.69983572
vt 0.50009418 0.72995257
vt 0.49684140 0.72866488
vt 0.50121760 0.72604561
vt 0.50156802 0.72222602
vt 0.50156802 0.67744529
vt 0.49814641 0.73371238
vt 0.49611530 0.73026019
vt 0.49777749 0.72540897
vt 0.49521819 0.73179811
vt 0.49415740 0.73325151
vt 0.49541989 0.73706877
vt 0.49160251 0.73580629
vt 0.49294609 0.73459500
vt 0.49206349 0.73979533
vt 0.49014911 0.73686707
vt 0.48830369 0.74174321
vt 0.48861131 0.73776430
vt 0.48376009 0.73942637
vt 0.48701599 0.73849028
vt 0.48439661 0.74286652
vt 0.43579641 0.74321687
vt 0.41340601 0.73971838
vt 0.43579641 0.73971838
vt 0.45818669 0.73971838
vt 0.45818669 0.74321687
vt 0.48057711 0.74321687
vt 0.48057711 0.73971838
vt 0.41340601 0.74321687
vt 0.39101571 0.73971838
vt 0.28396180 0.69983572
vt 0.28046319 0.68640143
vt 0.28396180 0.67744529
vt 0.28046319 0.66848910
vt 0.28661141 0.73706877
vt 0.28388491 0.73371238
vt 0.28787389 0.73325151
vt 0.28591591 0.73026019
vt 0.28681311 0.73179811
vt 0.28193709 0.72995257
vt 0.28518990 0.72866488
vt 0.28425381 0.72540897
vt 0.28081369 0.72604561
vt 0.28396180 0.72222602
vt 0.28046319 0.72222602
vt 0.28046319 0.70431370
vt 0.28908521 0.73459500
vt 0.32384461 0.73971838
vt 0.34623489 0.74321687
vt 0.32384461 0.74321687
vt 0.30145419 0.73971838
vt 0.30145419 0.74321687
vt 0.34623489 0.73971838
vt 0.36862531 0.74321687
vt 0.36862531 0.73971838
vt 0.39101571 0.74321687
vt 0.29341999 0.73776430
vt 0.28996781 0.73979533
vt 0.29188219 0.73686707
vt 0.29042879 0.73580629
vt 0.29372749 0.74174321
vt 0.29501531 0.73849028
vt 0.29827121 0.73942637
vt 0.29763460 0.74286652
vt 0.48701599 0.02683866
vt 0.48376009 0.02590245
vt 0.48830369 0.02358591
vt 0.48057711 0.02561062
vt 0.48439661 0.02246230
vt 0.49206349 0.02553373
vt 0.49294609 0.03073406
vt 0.49014911 0.02846199
vt 0.49521819 0.03353101
vt 0.49541989 0.02826023
vt 0.45818669 0.02561062
vt 0.45818669 0.02211213
vt 0.48057711 0.02211213
vt 0.41340601 0.02561062
vt 0.41340601 0.02211213
vt 0.43579641 0.02211213
vt 0.43579641 0.02561062
vt 0.39101571 0.02561062
vt 0.50121760 0.03928351
vt 0.49777749 0.03992009
vt 0.50009418 0.03537631
vt 0.49684140 0.03666394
vt 0.49814641 0.03161638
vt 0.50156802 0.04310292
vt 0.49806949 0.04310292
vt 0.49806949 0.06549346
vt 0.50156802 0.06549346
vt 0.49806949 0.11027410
vt 0.50156802 0.08788383
vt 0.50156802 0.11027410
vt 0.49806949 0.08788383
vt 0.49806949 0.13266450
vt 0.50156802 0.13266450
vt 0.49806949 0.15505490
vt 0.36862531 0.02561062
vt 0.36862531 0.02211213
vt 0.39101571 0.02211213
vt 0.32384461 0.02561062
vt 0.32384461 0.02211213
vt 0.34623489 0.02211213
vt 0.34623489 0.02561062
vt 0.30145419 0.02561062
vt 0.29763460 0.02246230
vt 0.29827121 0.02590245
vt 0.29372749 0.02358591
vt 0.29501531 0.02683866
vt 0.28996781 0.02553373
vt 0.30145419 0.02211213
vt 0.29188219 0.02846199
vt 0.28661141 0.02826023
vt 0.28908521 0.03073406
vt 0.28388491 0.03161638
vt 0.28193709 0.03537631
vt 0.28681311 0.03353101
vt 0.28518990 0.03666394
vt 0.28046319 0.04310292
vt 0.28425381 0.03992009
vt 0.28396180 0.04310292
vt 0.28396180 0.06549346
vt 0.28046319 0.07892769
vt 0.28046319 0.06101512
vt 0.28081369 0.03928351
vt 0.28046319 0.09683996
vt 0.28396180 0.08788383
vt 0.28396180 0.11027410
vt 0.28046319 0.11475220
vt 0.28396180 0.13266450
vt 0.49806949 0.17744520
vt 0.50156802 0.15505490
vt 0.50156802 0.17744520
vt 0.50156802 0.19983549
vt 0.49806949 0.19983549
vt 0.50121760 0.22604559
vt 0.49777749 0.22540890
vt 0.50156802 0.22222599
vt 0.49684140 0.22866480
vt 0.50009418 0.22995260
vt 0.49806949 0.22222599
vt 0.49814641 0.23371240
vt 0.49521819 0.23179790
vt 0.49294609 0.23459500
vt 0.49206349 0.23979530
vt 0.49014911 0.23686710
vt 0.49541989 0.23706880
vt 0.48830369 0.24174310
vt 0.48376009 0.23942640
vt 0.48701599 0.23849019
vt 0.48439661 0.24286650
vt 0.48057711 0.23971841
vt 0.48057711 0.24321690
vt 0.45818669 0.24321690
vt 0.43579641 0.23971841
vt 0.45818669 0.23971841
vt 0.41340601 0.23971841
vt 0.39101571 0.24321690
vt 0.39101571 0.23971841
vt 0.41340601 0.24321690
vt 0.36862531 0.23971841
vt 0.28046319 0.15057680
vt 0.28046319 0.13266450
vt 0.28396180 0.19983549
vt 0.28046319 0.18640140
vt 0.28396180 0.17744520
vt 0.28396180 0.15505490
vt 0.28046319 0.16848899
vt 0.28388491 0.23371240
vt 0.28193709 0.22995260
vt 0.28518990 0.22866480
vt 0.28081369 0.22604559
vt 0.28396180 0.22222599
vt 0.28425381 0.22540890
vt 0.28046319 0.20431361
vt 0.28046319 0.22222599
vt 0.28681311 0.23179790
vt 0.32384461 0.24321690
vt 0.32384461 0.23971841
vt 0.34623489 0.23971841
vt 0.30145419 0.24321690
vt 0.30145419 0.23971841
vt 0.34623489 0.24321690
vt 0.29827121 0.23942640
vt 0.28996781 0.23979530
vt 0.28661141 0.23706880
vt 0.28908521 0.23459500
vt 0.29188219 0.23686710
vt 0.29501531 0.23849019
vt 0.29763460 0.24286650
vt 0.29372749 0.24174310
vt 0.56539708 0.70313293
vt 0.54303581 0.73807162
vt 0.54303581 0.70313293
vt 0.58775842 0.70313293
vt 0.61011982 0.70313293
vt 0.63248098 0.70313293
vt 0.63248098 0.77301031
vt 0.56539708 0.77301031
vt 0.54303581 0.77301031
vt 0.61011982 0.77301031
vt 0.58775842 0.77301031
vt 0.72192627 0.73807162
vt 0.65484238 0.70313293
vt 0.67720371 0.70313293
vt 0.69956499 0.70313293
vt 0.72192627 0.70313293
vt 0.67720371 0.77301031
vt 0.65484238 0.77301031
vt 0.72192627 0.77301031
vt 0.69956499 0.77301031
vt 0.71214330 0.42945370
vt 0.70403731 0.42526099
vt 0.72192627 0.42526099
vt 0.69444060 0.42945370
vt 0.68614823 0.42526099
vt 0.67673790 0.42945370
vt 0.71341479 0.42957029
vt 0.66825920 0.42526099
vt 0.65903521 0.42945370
vt 0.65037012 0.42526099
vt 0.64133251 0.42945370
vt 0.63248098 0.42526099
vt 0.72192627 0.44273040
vt 0.71913117 0.43644139
vt 0.71901453 0.43516991
vt 0.71913117 0.45228031
vt 0.71864063 0.43386930
vt 0.71471548 0.42994431
vt 0.71596712 0.43059269
vt 0.71799213 0.43261769
vt 0.71708453 0.43150041
vt 0.61459202 0.42526099
vt 0.62362969 0.42945370
vt 0.60592699 0.42945370
vt 0.59670287 0.42526099
vt 0.58822429 0.42945370
vt 0.56092483 0.42526099
vt 0.57052159 0.42945370
vt 0.55281878 0.42945370
vt 0.54303581 0.42526099
vt 0.57881391 0.42526099
vt 0.55154741 0.42957029
vt 0.54899502 0.43059269
vt 0.54787773 0.43150041
vt 0.55024672 0.42994431
vt 0.54594761 0.43516991
vt 0.54303581 0.44273040
vt 0.54697001 0.43261769
vt 0.54632157 0.43386930
vt 0.54583102 0.45228031
vt 0.54303581 0.46019980
vt 0.54583102 0.43644139
vt 0.72192627 0.46019980
vt 0.71913117 0.46811920
vt 0.71913117 0.48395810
vt 0.72192627 0.47766909
vt 0.71901453 0.48522961
vt 0.72192627 0.49513850
vt 0.71864063 0.48653030
vt 0.71708453 0.48889920
vt 0.71799213 0.48778179
vt 0.71471548 0.49045521
vt 0.71596712 0.48980680
vt 0.71341479 0.49082920
vt 0.69444060 0.49094579
vt 0.70403731 0.49513850
vt 0.68614823 0.49513850
vt 0.71214330 0.49094579
vt 0.67673790 0.49094579
vt 0.66825920 0.49513850
vt 0.65903521 0.49094579
vt 0.65037012 0.49513850
vt 0.64133251 0.49094579
vt 0.63248098 0.49513850
vt 0.62362969 0.49094579
vt 0.54303581 0.49513850
vt 0.54632157 0.48653030
vt 0.54697001 0.48778179
vt 0.54899502 0.48980680
vt 0.55024672 0.49045521
vt 0.54787773 0.48889920
vt 0.54303581 0.47766909
vt 0.54583102 0.46811920
vt 0.54583102 0.48395810
vt 0.54594761 0.48522961
vt 0.61459202 0.49513850
vt 0.60592699 0.49094579
vt 0.59670287 0.49513850
vt 0.58822429 0.49094579
vt 0.57881391 0.49513850
vt 0.57052159 0.49094579
vt 0.56092483 0.49513850
vt 0.55281878 0.49094579
vt 0.55154741 0.49082920
vt 0.76272142 0.62358367
vt 0.76272142 0.58171481
vt 0.78951818 0.58171481
vt 0.81631488 0.58171481
vt 0.84311181 0.58171481
vt 0.86990851 0.58171481
vt 0.78951818 0.66545272
vt 0.76272142 0.66545272
vt 0.81631488 0.66545272
vt 0.84311181 0.66545272
vt 0.86990851 0.66545272
vt 0.97709572 0.62358367
vt 0.89670533 0.58171481
vt 0.92350221 0.58171481
vt 0.95029891 0.58171481
vt 0.97709572 0.58171481
vt 0.89670533 0.66545272
vt 0.95029891 0.66545272
vt 0.92350221 0.66545272
vt 0.97709572 0.66545272
vt 0.69956499 0.56419700
vt 0.72192627 0.59913558
vt 0.67720371 0.56419700
vt 0.65484238 0.56419700
vt 0.63248098 0.56419700
vt 0.54303581 0.59913558
vt 0.58775842 0.56419700
vt 0.61011982 0.56419700
vt 0.54303581 0.56419700
vt 0.56539708 0.56419700
vt 0.72192627 0.56419700
vt 0.69956499 0.63407439
vt 0.72192627 0.63407439
vt 0.67720371 0.63407439
vt 0.65484238 0.63407439
vt 0.63248098 0.63407439
vt 0.61011982 0.63407439
vt 0.58775842 0.63407439
vt 0.56539708 0.63407439
vt 0.54303581 0.63407439
vt 0.58936161 0.27214870
vt 0.64287329 0.27214870
vt 0.64287329 0.27403700
vt 0.64287329 0.27781361
vt 0.53584993 0.27592531
vt 0.64287329 0.27592531
vt 0.64287329 0.27970180
vt 0.53584993 0.27781361
vt 0.53584993 0.27403700
vt 0.53584993 0.27214870
vt 0.64287329 0.28347841
vt 0.53584993 0.28159010
vt 0.64287329 0.28159010
vt 0.58936161 0.28725490
vt 0.64287329 0.28536671
vt 0.64287329 0.28725490
vt 0.53584993 0.28347841
vt 0.53584993 0.28536671
vt 0.53584993 0.27970180
vt 0.53584993 0.28725490
vt 0.80972552 0.43437219
vt 0.86675948 0.43437219
vt 0.86675948 0.43638480
vt 0.86675948 0.44040990
vt 0.75269151 0.43839741
vt 0.86675948 0.43839741
vt 0.86675948 0.44242251
vt 0.75269151 0.44040990
vt 0.75269151 0.43638480
vt 0.75269151 0.43437219
vt 0.86675948 0.44443509
vt 0.75269151 0.44242251
vt 0.86675948 0.44644761
vt 0.75269151 0.44443509
vt 0.83824247 0.45047280
vt 0.86675948 0.44846019
vt 0.86675948 0.45047280
vt 0.75269151 0.44644761
vt 0.80972552 0.45047280
vt 0.75269151 0.44846019
vt 0.78120852 0.45047280
vt 0.75269151 0.45047280
vt 0.75473839 0.12487890
vt 0.72939962 0.12309060
vt 0.75473839 0.12309060
vt 0.70406079 0.12309060
vt 0.65338320 0.12666720
vt 0.75473839 0.12666720
vt 0.65338320 0.12845550
vt 0.75473839 0.12845550
vt 0.65338320 0.12487890
vt 0.67872202 0.12309060
vt 0.65338320 0.12309060
vt 0.75473839 0.13024370
vt 0.65338320 0.13024370
vt 0.75473839 0.13203201
vt 0.75473839 0.13560860
vt 0.65338320 0.13382021
vt 0.75473839 0.13382021
vt 0.70406079 0.13739680
vt 0.75473839 0.13739680
vt 0.65338320 0.13203201
vt 0.65338320 0.13739680
vt 0.65338320 0.13560860
vt 0.70406079 0.17067420
vt 0.75473839 0.17067420
vt 0.75473839 0.17246249
vt 0.75473839 0.17603900
vt 0.65338320 0.17425080
vt 0.75473839 0.17425080
vt 0.75473839 0.17782719
vt 0.65338320 0.17603900
vt 0.65338320 0.17246249
vt 0.65338320 0.17067420
vt 0.75473839 0.18140391
vt 0.65338320 0.17961560
vt 0.75473839 0.17961560
vt 0.70406079 0.18498041
vt 0.75473839 0.18319210
vt 0.75473839 0.18498041
vt 0.65338320 0.18140391
vt 0.65338320 0.18319210
vt 0.65338320 0.17782719
vt 0.65338320 0.18498041
vt 0.60386223 0.12215070
vt 0.60482270 0.12215070
vt 0.60482270 0.15087099
vt 0.60290158 0.17959140
vt 0.60290158 0.12215070
vt 0.60194111 0.17959140
vt 0.60194111 0.12215070
vt 0.60098052 0.15087099
vt 0.60098052 0.12215070
vt 0.60386223 0.17959140
vt 0.60098052 0.17959140
vt 0.60482270 0.17959140
vt 0.88055372 0.85967231
vt 0.91873032 0.86031067
vt 0.88055372 0.86031067
vt 0.91873032 0.86094910
vt 0.88055372 0.86094910
vt 0.88055372 0.86158752
vt 0.89964199 0.86158752
vt 0.89964199 0.85903388
vt 0.88055372 0.85903388
vt 0.91873032 0.85967231
vt 0.91873032 0.85903388
vt 0.91873032 0.86158752
vt 0.81375277 0.85097450
vt 0.81243521 0.87067312
vt 0.81243521 0.85097450
vt 0.81375277 0.89037162
vt 0.81507051 0.85097450
vt 0.81638807 0.85097450
vt 0.81507051 0.89037162
vt 0.81243521 0.89037162
vt 0.81638807 0.89037162
vt 0.81770581 0.85097450
vt 0.81770581 0.89037162
vt 0.81902349 0.85097450
vt 0.81902349 0.89037162
vt 0.82165879 0.89037162
vt 0.82034111 0.85097450
vt 0.82165879 0.85097450
vt 0.82297641 0.87067312
vt 0.82297641 0.85097450
vt 0.82297641 0.89037162
vt 0.53041440 0.08732742
vt 0.53351212 0.08113121
vt 0.53351212 0.08732742
vt 0.54280531 0.08113121
vt 0.54590303 0.07493507
vt 0.54590303 0.08113121
vt 0.54280531 0.08732742
vt 0.54590303 0.08732742
vt 0.54280531 0.09352362
vt 0.54590303 0.09352362
vt 0.53049231 0.07656192
vt 0.53041440 0.08113121
vt 0.52807802 0.08023798
vt 0.53416783 0.07414734
vt 0.52731669 0.08422935
vt 0.53576291 0.08183330
vt 0.53500837 0.08298206
vt 0.53477061 0.08422935
vt 0.54214960 0.07262468
vt 0.54280531 0.07493507
vt 0.53815871 0.07338601
vt 0.53660983 0.07493507
vt 0.53815871 0.08084082
vt 0.53940582 0.08107870
vt 0.53691161 0.08107870
vt 0.54055452 0.08183330
vt 0.52807802 0.08822071
vt 0.53500837 0.08547663
vt 0.53049231 0.09189677
vt 0.53416783 0.09431135
vt 0.53576291 0.08662539
vt 0.53660983 0.09352362
vt 0.53691161 0.08737999
vt 0.53815871 0.08761787
vt 0.53940582 0.08737999
vt 0.53815871 0.09507268
vt 0.54055452 0.08662539
vt 0.54582512 0.07021003
vt 0.54154682 0.08422935
vt 0.54130888 0.08298206
vt 0.54900068 0.07989203
vt 0.54900068 0.07121735
vt 0.54900068 0.06687998
vt 0.54823941 0.06653404
vt 0.54900068 0.06254267
vt 0.54900068 0.07555466
vt 0.54900068 0.08422935
vt 0.54900068 0.08856666
vt 0.54130888 0.08547663
vt 0.54582512 0.09824860
vt 0.54214960 0.09583401
vt 0.54900068 0.09724134
vt 0.54900068 0.09290403
vt 0.54900068 0.10157870
vt 0.54823941 0.10192470
vt 0.54900068 0.10591600
vt 0.55644172 0.08113121
vt 0.55953938 0.07493507
vt 0.55953938 0.08113121
vt 0.55644172 0.08732742
vt 0.55953938 0.08732742
vt 0.55644172 0.09352362
vt 0.55953938 0.09352362
vt 0.56883252 0.08732742
vt 0.57193023 0.08113121
vt 0.57193023 0.08732742
vt 0.55334401 0.06687998
vt 0.55334401 0.06254267
vt 0.55410522 0.06653404
vt 0.55334401 0.07121735
vt 0.55644172 0.07493507
vt 0.55334401 0.07555466
vt 0.55334401 0.07989203
vt 0.55334401 0.08422935
vt 0.55651951 0.07021003
vt 0.56019509 0.07262468
vt 0.56179023 0.08183330
vt 0.56103569 0.08298206
vt 0.56418598 0.07338601
vt 0.56079781 0.08422935
vt 0.55334401 0.08856666
vt 0.55334401 0.09290403
vt 0.55334401 0.09724134
vt 0.55410522 0.10192470
vt 0.55334401 0.10157870
vt 0.55334401 0.10591600
vt 0.55651951 0.09824860
vt 0.56103569 0.08547663
vt 0.56179023 0.08662539
vt 0.56019509 0.09583401
vt 0.56573480 0.09352362
vt 0.56293881 0.08737999
vt 0.56418598 0.08761787
vt 0.56573480 0.07493507
vt 0.56418598 0.08084082
vt 0.56293881 0.08107870
vt 0.56817681 0.07414734
vt 0.56543308 0.08107870
vt 0.56658173 0.08183330
vt 0.57185239 0.07656192
vt 0.56883252 0.08113121
vt 0.57426667 0.08023798
vt 0.56757408 0.08422935
vt 0.56733620 0.08298206
vt 0.57502800 0.08422935
vt 0.56418598 0.09507268
vt 0.56543308 0.08737999
vt 0.56658173 0.08662539
vt 0.56817681 0.09431135
vt 0.56733620 0.08547663
vt 0.57185239 0.09189677
vt 0.57426667 0.08822071
vt 0.70263928 0.00851506
vt 0.70263928 0.00756895
vt 0.73092782 0.00756895
vt 0.75921631 0.00946116
vt 0.70263928 0.00946116
vt 0.75921631 0.01040709
vt 0.70263928 0.01040709
vt 0.73092782 0.01135343
vt 0.70263928 0.01135343
vt 0.75921631 0.00851506
vt 0.75921631 0.01135343
vt 0.75921631 0.00756895
vt 0.75972909 0.85097450
vt 0.75841141 0.87067312
vt 0.75841141 0.85097450
vt 0.75972909 0.89037162
vt 0.76104671 0.85097450
vt 0.76236439 0.85097450
vt 0.76104671 0.89037162
vt 0.75841141 0.89037162
vt 0.76236439 0.89037162
vt 0.76368201 0.85097450
vt 0.76368201 0.89037162
vt 0.76499969 0.85097450
vt 0.76763499 0.85097450
vt 0.76631731 0.89037162
vt 0.76631731 0.85097450
vt 0.76895273 0.87067312
vt 0.76895273 0.85097450
vt 0.76499969 0.89037162
vt 0.76895273 0.89037162
vt 0.76763499 0.89037162
vt 0.70263928 0.02544564
vt 0.70263928 0.02449971
vt 0.73092782 0.02449971
vt 0.75921631 0.02639192
vt 0.70263928 0.02639192
vt 0.75921631 0.02733784
vt 0.70263928 0.02733784
vt 0.73092782 0.02828419
vt 0.70263928 0.02828419
vt 0.75921631 0.02544564
vt 0.75921631 0.02828419
vt 0.75921631 0.02449971
vt 0.58849311 0.12215070
vt 0.58945370 0.12215070
vt 0.58945370 0.15087099
vt 0.58753258 0.17959140
vt 0.58753258 0.12215070
vt 0.58657199 0.17959140
vt 0.58657199 0.12215070
vt 0.58561152 0.15087099
vt 0.58561152 0.12215070
vt 0.58849311 0.17959140
vt 0.58561152 0.17959140
vt 0.58945370 0.17959140
vt 0.94134218 0.78807938
vt 0.94134218 0.78744102
vt 0.96043050 0.78744102
vt 0.97951877 0.78871781
vt 0.94134218 0.78871781
vt 0.97951877 0.78935617
vt 0.94134218 0.78935617
vt 0.96043050 0.78999460
vt 0.94134218 0.78999460
vt 0.97951877 0.78807938
vt 0.97951877 0.78999460
vt 0.97951877 0.78744102
vt 0.77281338 0.81015849
vt 0.79908782 0.81015849
vt 0.79908782 0.81191599
vt 0.79908782 0.81543100
vt 0.74653912 0.81367350
vt 0.79908782 0.81367350
vt 0.79908782 0.81718850
vt 0.74653912 0.81543100
vt 0.74653912 0.81191599
vt 0.74653912 0.81015849
vt 0.79908782 0.82070363
vt 0.74653912 0.81894600
vt 0.79908782 0.81894600
vt 0.77281338 0.82421857
vt 0.79908782 0.82246113
vt 0.79908782 0.82421857
vt 0.74653912 0.82246113
vt 0.74653912 0.81718850
vt 0.74653912 0.82421857
vt 0.53041440 0.02912533
vt 0.53351212 0.02292913
vt 0.53351212 0.02912533
vt 0.54280531 0.02292913
vt 0.54590303 0.01673293
vt 0.54590303 0.02292913
vt 0.54280531 0.02912533
vt 0.54590303 0.02912533
vt 0.54280531 0.03532153
vt 0.54590303 0.03532153
vt 0.53049231 0.01835978
vt 0.53041440 0.02292913
vt 0.52807802 0.02203565
vt 0.53416783 0.01594525
vt 0.53500837 0.02477991
vt 0.53477061 0.02602726
vt 0.53576291 0.02363121
vt 0.52731669 0.02602726
vt 0.54214960 0.01442235
vt 0.54280531 0.01673293
vt 0.53815871 0.01518368
vt 0.53660983 0.01673293
vt 0.53815871 0.02263844
vt 0.53940582 0.02287662
vt 0.53691161 0.02287662
vt 0.54055452 0.02363121
vt 0.53500837 0.02727437
vt 0.52807802 0.03001838
vt 0.53049231 0.03369462
vt 0.53416783 0.03610903
vt 0.53576291 0.02842319
vt 0.53660983 0.03532153
vt 0.53691161 0.02917790
vt 0.53815871 0.02941578
vt 0.53940582 0.02917790
vt 0.53815871 0.03687036
vt 0.54055452 0.02842319
vt 0.54582512 0.01200795
vt 0.54154682 0.02602726
vt 0.54130888 0.02477991
vt 0.54900068 0.02168989
vt 0.54900068 0.01301521
vt 0.54900068 0.00867790
vt 0.54823941 0.00833195
vt 0.54900068 0.00434059
vt 0.54900068 0.01735258
vt 0.54900068 0.02602726
vt 0.54130888 0.02727437
vt 0.54582512 0.04004651
vt 0.54214960 0.03763175
vt 0.54900068 0.03036457
vt 0.54900068 0.03903925
vt 0.54900068 0.03470194
vt 0.54900068 0.04337656
vt 0.54823941 0.04372251
vt 0.54900068 0.04771369
vt 0.55600762 0.16956630
vt 0.56257331 0.17284881
vt 0.55600762 0.17284881
vt 0.54944181 0.16956630
vt 0.54944181 0.17284881
vt 0.54287612 0.16956630
vt 0.54287612 0.17284881
vt 0.54944181 0.18269619
vt 0.55600762 0.18597870
vt 0.54944181 0.18597870
vt 0.57110882 0.16628391
vt 0.57570487 0.16628391
vt 0.57147551 0.16709051
vt 0.56758022 0.16964880
vt 0.56651282 0.16628391
vt 0.56257331 0.16956630
vt 0.56191683 0.16628391
vt 0.55732071 0.16628391
vt 0.56502151 0.17354360
vt 0.55526370 0.17523390
vt 0.55404639 0.17443439
vt 0.55272472 0.17418221
vt 0.55272472 0.16628391
vt 0.56421483 0.17777251
vt 0.54812872 0.16628391
vt 0.54353261 0.16628391
vt 0.53893661 0.16628391
vt 0.53397399 0.16709051
vt 0.53434062 0.16628391
vt 0.52974451 0.16628391
vt 0.53786927 0.16964880
vt 0.55018568 0.17523390
vt 0.54042792 0.17354360
vt 0.54287612 0.17941371
vt 0.54938620 0.17645100
vt 0.54913408 0.17777251
vt 0.55140299 0.17443439
vt 0.56257331 0.17941371
vt 0.55631542 0.17777251
vt 0.55606318 0.17645100
vt 0.56340802 0.18200140
vt 0.55606318 0.17909400
vt 0.55526370 0.18031120
vt 0.56084943 0.18589620
vt 0.55600762 0.18269619
vt 0.55695421 0.18845449
vt 0.55272472 0.18136270
vt 0.55404639 0.18111061
vt 0.55272472 0.18926109
vt 0.54938620 0.17909400
vt 0.55018568 0.18031120
vt 0.54204142 0.18200140
vt 0.54123461 0.17777251
vt 0.55140299 0.18111061
vt 0.54460001 0.18589620
vt 0.54849517 0.18845449
vt 0.61923122 0.12215070
vt 0.62019181 0.12215070
vt 0.62019181 0.15087099
vt 0.61827058 0.17959140
vt 0.61827058 0.12215070
vt 0.61731011 0.17959140
vt 0.61731011 0.12215070
vt 0.61634952 0.15087099
vt 0.61634952 0.12215070
vt 0.61923122 0.17959140
vt 0.61634952 0.17959140
vt 0.62019181 0.17959140
vt 0.79908782 0.76801127
vt 0.77281338 0.76625383
vt 0.79908782 0.76625383
vt 0.74653912 0.76801127
vt 0.79908782 0.76976877
vt 0.79908782 0.77152628
vt 0.74653912 0.76976877
vt 0.74653912 0.76625383
vt 0.74653912 0.77152628
vt 0.79908782 0.77328378
vt 0.74653912 0.77328378
vt 0.79908782 0.77504140
vt 0.79908782 0.77855641
vt 0.74653912 0.77679890
vt 0.79908782 0.77679890
vt 0.77281338 0.78031391
vt 0.79908782 0.78031391
vt 0.74653912 0.77504140
vt 0.74653912 0.78031391
vt 0.74653912 0.77855641
vt 0.63844252 0.12215070
vt 0.63940299 0.12215070
vt 0.63940299 0.15087099
vt 0.63748193 0.17959140
vt 0.63748193 0.12215070
vt 0.63652128 0.17959140
vt 0.63652128 0.12215070
vt 0.63556081 0.15087099
vt 0.63556081 0.12215070
vt 0.63844252 0.17959140
vt 0.63556081 0.17959140
vt 0.63940299 0.17959140
vt 0.59795922 0.06073951
vt 0.60564637 0.05689638
vt 0.60564637 0.06073951
vt 0.61333370 0.05689638
vt 0.61333370 0.06073951
vt 0.60564637 0.07611227
vt 0.61333370 0.07226914
vt 0.61333370 0.07611227
vt 0.62102091 0.05689638
vt 0.62102091 0.06073951
vt 0.58753651 0.05399787
vt 0.58258468 0.05305320
vt 0.58796573 0.05305320
vt 0.59334677 0.05305320
vt 0.59209722 0.05699294
vt 0.59795922 0.05689638
vt 0.59509277 0.06155318
vt 0.59872788 0.05305320
vt 0.60410893 0.05305320
vt 0.60651737 0.06353217
vt 0.60948998 0.06230098
vt 0.60794252 0.06259614
vt 0.60558122 0.06495720
vt 0.60528612 0.06650441
vt 0.59795922 0.06842601
vt 0.60948998 0.05305320
vt 0.59603733 0.06650441
vt 0.60558122 0.06805169
vt 0.60651737 0.06947672
vt 0.59698188 0.07145565
vt 0.60564637 0.07226914
vt 0.59997761 0.07601571
vt 0.60453820 0.07901102
vt 0.60794252 0.07041275
vt 0.60948998 0.07070785
vt 0.60948998 0.07995539
vt 0.61487108 0.05305320
vt 0.61103737 0.06259614
vt 0.61246258 0.06353217
vt 0.62025207 0.05305320
vt 0.62563318 0.05305320
vt 0.63144350 0.05399787
vt 0.63101423 0.05305320
vt 0.63639528 0.05305320
vt 0.62688291 0.05699294
vt 0.62388718 0.06155318
vt 0.62294263 0.06650441
vt 0.62199807 0.07145565
vt 0.61246258 0.06947672
vt 0.61103737 0.07041275
vt 0.61900252 0.07601571
vt 0.61444187 0.07901102
vt 0.61339879 0.06805169
vt 0.62102091 0.06842601
vt 0.61339879 0.06495720
vt 0.61369401 0.06650441
vt 0.82478350 0.69677401
vt 0.82332402 0.71469682
vt 0.82332402 0.69677401
vt 0.82478350 0.73261970
vt 0.82624298 0.69677401
vt 0.82770252 0.69677401
vt 0.82624298 0.73261970
vt 0.82332402 0.73261970
vt 0.82770252 0.73261970
vt 0.82916212 0.69677401
vt 0.82916212 0.73261970
vt 0.83062160 0.69677401
vt 0.83354062 0.69677401
vt 0.83208108 0.73261970
vt 0.83208108 0.69677401
vt 0.83500010 0.71469682
vt 0.83500010 0.69677401
vt 0.83062160 0.73261970
vt 0.83500010 0.73261970
vt 0.83354062 0.73261970
vt 0.52974367 0.12482560
vt 0.52974367 0.12388990
vt 0.55272472 0.12388990
vt 0.57570583 0.12576130
vt 0.52974367 0.12576130
vt 0.57570583 0.12669700
vt 0.52974367 0.12669700
vt 0.55272472 0.12763271
vt 0.52974367 0.12763271
vt 0.57570583 0.12482560
vt 0.57570583 0.12763271
vt 0.57570583 0.12388990
vt 0.52974367 0.19914711
vt 0.52974367 0.19821140
vt 0.55272472 0.19821140
vt 0.57570583 0.20008279
vt 0.52974367 0.20008279
vt 0.57570583 0.20101860
vt 0.52974367 0.20101860
vt 0.55272472 0.20195431
vt 0.52974367 0.20195431
vt 0.57570583 0.19914711
vt 0.57570583 0.20195431
vt 0.57570583 0.19821140
vt 0.88055402 0.70018238
vt 0.88055402 0.69940519
vt 0.89964199 0.69940519
vt 0.91873002 0.70095962
vt 0.88055402 0.70095962
vt 0.91873002 0.70173681
vt 0.88055402 0.70173681
vt 0.89964199 0.70251399
vt 0.88055402 0.70251399
vt 0.91873002 0.70018238
vt 0.91873002 0.70251399
vt 0.91873002 0.69940519
vt 0.78081161 0.85027093
vt 0.77949393 0.86645162
vt 0.77949393 0.85027093
vt 0.78081161 0.88263232
vt 0.78212923 0.85027093
vt 0.78344691 0.85027093
vt 0.78212923 0.88263232
vt 0.77949393 0.88263232
vt 0.78344691 0.88263232
vt 0.78476453 0.85027093
vt 0.78476453 0.88263232
vt 0.78608221 0.85027093
vt 0.78871751 0.85027093
vt 0.78739983 0.88263232
vt 0.78739983 0.85027093
vt 0.79003513 0.86645162
vt 0.79003513 0.85027093
vt 0.78608221 0.88263232
vt 0.79003513 0.88263232
vt 0.78871751 0.88263232
vt 0.52974367 0.14487199
vt 0.57570583 0.14580770
vt 0.52974367 0.14580770
vt 0.57570583 0.14674340
vt 0.52974367 0.14674340
vt 0.52974367 0.14767919
vt 0.55272472 0.14767919
vt 0.55272472 0.14393631
vt 0.52974367 0.14393631
vt 0.57570583 0.14487199
vt 0.57570583 0.14393631
vt 0.57570583 0.14767919
vt 0.59795922 0.09376221
vt 0.60564637 0.08991909
vt 0.60564637 0.09376221
vt 0.61333370 0.08991909
vt 0.61333370 0.09376221
vt 0.60564637 0.10913470
vt 0.61333370 0.10529160
vt 0.61333370 0.10913470
vt 0.62102091 0.08991909
vt 0.62102091 0.09376221
vt 0.58753651 0.08702033
vt 0.58258468 0.08607596
vt 0.58796573 0.08607596
vt 0.59334677 0.08607596
vt 0.59209722 0.09001564
vt 0.59795922 0.08991909
vt 0.59509277 0.09457570
vt 0.59872788 0.08607596
vt 0.60410893 0.08607596
vt 0.60948998 0.08607596
vt 0.60651737 0.09655463
vt 0.60948998 0.09532350
vt 0.60558122 0.09797966
vt 0.60528612 0.09952688
vt 0.59795922 0.10144850
vt 0.60794252 0.09561860
vt 0.59603733 0.09952688
vt 0.60558122 0.10107420
vt 0.60651737 0.10249920
vt 0.59698188 0.10447810
vt 0.60564637 0.10529160
vt 0.59997761 0.10903820
vt 0.60453820 0.11203340
vt 0.60794252 0.10343520
vt 0.60948998 0.11297790
vt 0.60948998 0.10373030
vt 0.61487108 0.08607596
vt 0.62025207 0.08607596
vt 0.61246258 0.09655463
vt 0.61103737 0.09561860
vt 0.62563318 0.08607596
vt 0.63144350 0.08702033
vt 0.63101423 0.08607596
vt 0.63639528 0.08607596
vt 0.61339879 0.09797966
vt 0.62688291 0.09001564
vt 0.62388718 0.09457570
vt 0.62294263 0.09952688
vt 0.62199807 0.10447810
vt 0.61246258 0.10249920
vt 0.61103737 0.10343520
vt 0.61900252 0.10903820
vt 0.61444187 0.11203340
vt 0.61339879 0.10107420
vt 0.62102091 0.10144850
vt 0.61369401 0.09952688
vt 0.22117069 0.52170062
vt 0.22442600 0.52263647
vt 0.21824589 0.52608681
vt 0.21868791 0.52840430
vt 0.22901180 0.52531999
vt 0.22352910 0.53237468
vt 0.22755870 0.52425951
vt 0.22602110 0.52336240
vt 0.23035520 0.52653110
vt 0.22412200 0.53276420
vt 0.20306420 0.52140862
vt 0.21239170 0.52210808
vt 0.20189820 0.52210808
vt 0.21470940 0.52255023
vt 0.21798830 0.52140862
vt 0.21684380 0.52395231
vt 0.19140460 0.52210808
vt 0.23156621 0.52787441
vt 0.23352380 0.53086507
vt 0.22451150 0.53335708
vt 0.23262671 0.52932757
vt 0.22288530 0.53225201
vt 0.22463430 0.53400087
vt 0.23424970 0.53246021
vt 0.22848190 0.53819829
vt 0.22164860 0.53276420
vt 0.21794720 0.53136718
vt 0.22224160 0.53237468
vt 0.22125921 0.53335708
vt 0.22113641 0.53400087
vt 0.21737860 0.53300208
vt 0.18813990 0.52140862
vt 0.18744721 0.52374738
vt 0.17321570 0.52140862
vt 0.16901830 0.52210808
vt 0.15829150 0.52140862
vt 0.17297570 0.52374738
vt 0.17107829 0.52250111
vt 0.15549310 0.52210808
vt 0.18934450 0.52250111
vt 0.12844311 0.52210808
vt 0.12844311 0.52140862
vt 0.14196810 0.52210808
vt 0.14336731 0.52140862
vt 0.12638301 0.52250111
vt 0.11351890 0.52140862
vt 0.12448570 0.52374738
vt 0.17461491 0.52770472
vt 0.18620101 0.52564472
vt 0.18580800 0.52770472
vt 0.17422190 0.52564472
vt 0.17625400 0.53166211
vt 0.18416880 0.53166211
vt 0.18227150 0.53290838
vt 0.18021140 0.53330129
vt 0.18541510 0.52976477
vt 0.11939650 0.52685487
vt 0.12323950 0.52564472
vt 0.12284660 0.52770472
vt 0.17500781 0.52976477
vt 0.17815140 0.53290838
vt 0.11888240 0.52607232
vt 0.23547760 0.53889787
vt 0.23293389 0.54004240
vt 0.23518570 0.53571552
vt 0.23547760 0.55382210
vt 0.23477811 0.54449451
vt 0.23433600 0.54217690
vt 0.23477811 0.55288941
vt 0.23477811 0.56128418
vt 0.23547760 0.56874633
vt 0.23438510 0.56334430
vt 0.23079941 0.53864038
vt 0.23003130 0.57033092
vt 0.22918150 0.56688082
vt 0.23124160 0.56648791
vt 0.23313890 0.56524158
vt 0.22451150 0.53464472
vt 0.23132800 0.57162762
vt 0.23149011 0.57247740
vt 0.23132800 0.57332712
vt 0.23081391 0.57084501
vt 0.23313890 0.57971323
vt 0.23081391 0.57410979
vt 0.23438510 0.58161050
vt 0.23547760 0.58367050
vt 0.23124160 0.57846689
vt 0.22918150 0.57016879
vt 0.23003130 0.57462388
vt 0.22918150 0.57807392
vt 0.22918150 0.57478601
vt 0.22712140 0.56727368
vt 0.22712140 0.57768101
vt 0.22412200 0.53523761
vt 0.22551900 0.53893912
vt 0.22352910 0.53562701
vt 0.22388420 0.53950763
vt 0.22288530 0.53574979
vt 0.22224160 0.53562701
vt 0.22206160 0.53953648
vt 0.22032639 0.53897822
vt 0.21734969 0.53482461
vt 0.22125921 0.53464472
vt 0.21790799 0.53655982
vt 0.21892799 0.53795832
vt 0.22164860 0.53523761
vt 0.22754911 0.57084501
vt 0.22833170 0.57033092
vt 0.22522409 0.56852001
vt 0.22833170 0.57462388
vt 0.22522409 0.57643467
vt 0.22754911 0.57410979
vt 0.22703500 0.57162762
vt 0.22397789 0.57041728
vt 0.22687291 0.57247740
vt 0.22358491 0.57247740
vt 0.22397789 0.57453752
vt 0.22703500 0.57332712
vt 0.10811690 0.52250111
vt 0.11001420 0.52374738
vt 0.11126040 0.52564472
vt 0.10605680 0.52210808
vt 0.11809970 0.52555817
vt 0.11725000 0.52539623
vt 0.11561750 0.52607232
vt 0.11640020 0.52555817
vt 0.10185930 0.52210808
vt 0.09859472 0.52140862
vt 0.09979927 0.52250111
vt 0.08367049 0.52140862
vt 0.09790199 0.52374738
vt 0.09626281 0.52770472
vt 0.08467668 0.52564472
vt 0.09665572 0.52564472
vt 0.12245360 0.52976477
vt 0.11939650 0.52855450
vt 0.11955850 0.52770472
vt 0.11510340 0.52855450
vt 0.11561750 0.52933723
vt 0.11329260 0.53166211
vt 0.11888240 0.52933723
vt 0.12120730 0.53166211
vt 0.08506965 0.52770472
vt 0.08546257 0.52976477
vt 0.11510340 0.52685487
vt 0.11165340 0.52770472
vt 0.11204630 0.52976477
vt 0.11494140 0.52770472
vt 0.07527559 0.52210808
vt 0.06874626 0.52140862
vt 0.08153313 0.52250111
vt 0.07947307 0.52210808
vt 0.05684643 0.52374738
vt 0.05494940 0.52250111
vt 0.07321554 0.52250111
vt 0.07131826 0.52374738
vt 0.08343046 0.52374738
vt 0.05382210 0.52140862
vt 0.03909552 0.52516502
vt 0.03571546 0.52170062
vt 0.03889787 0.52140862
vt 0.04449445 0.52210808
vt 0.05288904 0.52210808
vt 0.04139208 0.52292538
vt 0.03820008 0.52824551
vt 0.03246015 0.52263647
vt 0.07007199 0.52564472
vt 0.05809295 0.52564472
vt 0.05848580 0.52770472
vt 0.06967902 0.52770472
vt 0.05887866 0.52976477
vt 0.03086513 0.52336240
vt 0.03335708 0.53237468
vt 0.02932757 0.52425951
vt 0.02787441 0.52531999
vt 0.03276395 0.53276420
vt 0.02531999 0.52787441
vt 0.02653104 0.52653110
vt 0.03237468 0.53335708
vt 0.02425915 0.52932757
vt 0.03400087 0.53225201
vt 0.11809970 0.52985132
vt 0.11640020 0.52985132
vt 0.11518990 0.53290838
vt 0.11725000 0.53001332
vt 0.11931000 0.53290838
vt 0.06928610 0.52976477
vt 0.06803983 0.53166211
vt 0.06202214 0.53290838
vt 0.06012511 0.53166211
vt 0.09586983 0.52976477
vt 0.08860611 0.53290838
vt 0.09462362 0.53166211
vt 0.03893882 0.53136718
vt 0.03523755 0.53276420
vt 0.08670884 0.53166211
vt 0.09272629 0.53290838
vt 0.09066623 0.53330129
vt 0.11725000 0.53330129
vt 0.06408244 0.53330129
vt 0.03959745 0.53400087
vt 0.03562676 0.53335708
vt 0.06614255 0.53290838
vt 0.03562676 0.53464472
vt 0.03574979 0.53400087
vt 0.03688025 0.53880000
vt 0.03523755 0.53523761
vt 0.03887099 0.53675830
vt 0.03464460 0.53237468
vt 0.03464460 0.53562701
vt 0.02336215 0.53086507
vt 0.02824527 0.53820032
vt 0.02263653 0.53246021
vt 0.03225195 0.53400087
vt 0.03237468 0.53464472
vt 0.03276395 0.53523761
vt 0.03136718 0.53893912
vt 0.03400087 0.53574979
vt 0.03414183 0.53959572
vt 0.03335708 0.53562701
vt 0.02170056 0.53571552
vt 0.02140831 0.53889787
vt 0.02516496 0.53909558
vt 0.02292513 0.54139239
vt 0.02210789 0.54449451
vt 0.02140831 0.55382210
vt 0.02210789 0.55437082
vt 0.02210789 0.56424707
vt 0.02140831 0.56874633
vt 0.02140831 0.58367050
vt 0.02210789 0.57412338
vt 0.02210789 0.58399969
vt 0.23547760 0.59859473
vt 0.23477811 0.58367050
vt 0.23547760 0.61351889
vt 0.23477811 0.59859473
vt 0.23547760 0.64336741
vt 0.23477811 0.62844312
vt 0.23547760 0.62844312
vt 0.23547760 0.67321581
vt 0.23477811 0.65829152
vt 0.23547760 0.65829152
vt 0.23477811 0.64336741
vt 0.23477811 0.61351889
vt 0.23477811 0.67321581
vt 0.23438510 0.67527580
vt 0.23547760 0.68813998
vt 0.23313890 0.67717308
vt 0.23547760 0.70306420
vt 0.23477811 0.69560212
vt 0.23438510 0.69354200
vt 0.23477811 0.71239179
vt 0.23547760 0.71798837
vt 0.23477811 0.70399690
vt 0.23396081 0.71549392
vt 0.23132800 0.68355912
vt 0.23149011 0.68440890
vt 0.23313890 0.69164473
vt 0.23124160 0.69039840
vt 0.23172130 0.71779072
vt 0.23132800 0.68525869
vt 0.23081391 0.68277651
vt 0.22918150 0.68210030
vt 0.22918150 0.67881233
vt 0.23003130 0.68226242
vt 0.23124160 0.67841941
vt 0.22712140 0.67920518
vt 0.22833170 0.68226242
vt 0.22397789 0.68234891
vt 0.22522409 0.68045151
vt 0.22703500 0.68355912
vt 0.22687291 0.68440890
vt 0.22358491 0.68440890
vt 0.22397789 0.68646902
vt 0.22754911 0.68277651
vt 0.23003130 0.68655539
vt 0.23081391 0.68604130
vt 0.22918150 0.68671751
vt 0.22918150 0.69000548
vt 0.22712140 0.68961263
vt 0.22754911 0.68604130
vt 0.22833170 0.68655539
vt 0.22703500 0.68525869
vt 0.22522409 0.68836629
vt 0.22288530 0.72113651
vt 0.22206160 0.71734983
vt 0.22388420 0.71737868
vt 0.22224160 0.72125918
vt 0.22032639 0.71790802
vt 0.22551900 0.71794730
vt 0.22352910 0.72125918
vt 0.23518570 0.72117078
vt 0.22412200 0.72164869
vt 0.22864071 0.71868593
vt 0.23352380 0.72602111
vt 0.22463430 0.72288537
vt 0.22451150 0.72224158
vt 0.22451150 0.72352922
vt 0.23424970 0.72442609
vt 0.22164860 0.72164869
vt 0.21892799 0.71892798
vt 0.21790799 0.72032648
vt 0.22113641 0.72288537
vt 0.21734969 0.72206157
vt 0.22125921 0.72224158
vt 0.22125921 0.72352922
vt 0.21737860 0.72388422
vt 0.23262671 0.72755867
vt 0.23156621 0.72901177
vt 0.23035520 0.73035520
vt 0.22412200 0.72412211
vt 0.22901180 0.73156631
vt 0.22755870 0.73262691
vt 0.22352910 0.72451150
vt 0.22224160 0.72451150
vt 0.21868791 0.72848201
vt 0.22164860 0.72412211
vt 0.22288530 0.72463429
vt 0.22602110 0.73352391
vt 0.22442600 0.73424971
vt 0.21794720 0.72551912
vt 0.22117069 0.73518568
vt 0.21824589 0.73079950
vt 0.18227150 0.72397792
vt 0.18541510 0.72712147
vt 0.18580800 0.72918153
vt 0.17815140 0.72397792
vt 0.18021140 0.72358501
vt 0.18416880 0.72522408
vt 0.17625400 0.72522408
vt 0.17500781 0.72712147
vt 0.17461491 0.72918153
vt 0.18620101 0.73124158
vt 0.21684380 0.73293400
vt 0.21798830 0.73547769
vt 0.21470940 0.73433602
vt 0.20306420 0.73547769
vt 0.21239170 0.73477811
vt 0.19140460 0.73477811
vt 0.18813990 0.73547769
vt 0.17321570 0.73547769
vt 0.17422190 0.73124158
vt 0.17297570 0.73313892
vt 0.18744721 0.73313892
vt 0.18934450 0.73438507
vt 0.17107829 0.73438507
vt 0.03606081 0.71768183
vt 0.03795820 0.71892798
vt 0.03464460 0.72125918
vt 0.03920423 0.72082531
vt 0.03562676 0.72224158
vt 0.03574979 0.72288537
vt 0.03562676 0.72352922
vt 0.03959745 0.72288537
vt 0.03523755 0.72164869
vt 0.03335708 0.72125918
vt 0.03136718 0.71794730
vt 0.03400087 0.71728879
vt 0.03400087 0.72113651
vt 0.02824527 0.71868593
vt 0.03276395 0.72164869
vt 0.03237468 0.72224158
vt 0.11725000 0.72358501
vt 0.11640020 0.72703511
vt 0.11518990 0.72397792
vt 0.03893882 0.72551912
vt 0.11931000 0.72397792
vt 0.11809970 0.72703511
vt 0.12120730 0.72522408
vt 0.11561750 0.72754908
vt 0.11329260 0.72522408
vt 0.03523755 0.72412211
vt 0.03225195 0.72288537
vt 0.02336215 0.72602111
vt 0.03464460 0.72451150
vt 0.03819829 0.72848201
vt 0.03400087 0.72463429
vt 0.03276395 0.72412211
vt 0.02531999 0.72901177
vt 0.03237468 0.72352922
vt 0.02787441 0.73156631
vt 0.03335708 0.72451150
vt 0.03086513 0.73352391
vt 0.02210789 0.59387612
vt 0.02140831 0.59859473
vt 0.02210789 0.60375237
vt 0.02210789 0.62350500
vt 0.02140831 0.61351889
vt 0.02210789 0.61362869
vt 0.02140831 0.64336741
vt 0.02210789 0.63338131
vt 0.02210789 0.64325762
vt 0.02140831 0.62844312
vt 0.02210789 0.65313393
vt 0.02140831 0.65829152
vt 0.02210789 0.66301018
vt 0.02140831 0.67321581
vt 0.02210789 0.67288661
vt 0.02210789 0.68276292
vt 0.02170056 0.72117078
vt 0.02516496 0.71779072
vt 0.02292513 0.71549392
vt 0.02140831 0.71798837
vt 0.02263653 0.72442609
vt 0.02140831 0.70306420
vt 0.02210789 0.69263917
vt 0.02210789 0.70251548
vt 0.02140831 0.68813998
vt 0.02210789 0.71239179
vt 0.11888240 0.72754908
vt 0.11725000 0.72687292
vt 0.11939650 0.72833180
vt 0.12284660 0.72918153
vt 0.11955850 0.72918153
vt 0.11939650 0.73003131
vt 0.12323950 0.73124158
vt 0.12245360 0.72712147
vt 0.11510340 0.72833180
vt 0.11126040 0.73124158
vt 0.11510340 0.73003131
vt 0.11561750 0.73081392
vt 0.11165340 0.72918153
vt 0.11494140 0.72918153
vt 0.11204630 0.72712147
vt 0.16901830 0.73477811
vt 0.15829150 0.73547769
vt 0.15549310 0.73477811
vt 0.14336731 0.73547769
vt 0.14196810 0.73477811
vt 0.12844311 0.73547769
vt 0.12844311 0.73477811
vt 0.12448570 0.73313892
vt 0.11809970 0.73132801
vt 0.11888240 0.73081392
vt 0.12638301 0.73438507
vt 0.11351890 0.73547769
vt 0.11725000 0.73149008
vt 0.11640020 0.73132801
vt 0.06874626 0.73547769
vt 0.05988502 0.73477811
vt 0.07527559 0.73477811
vt 0.11001420 0.73313892
vt 0.03864032 0.73079950
vt 0.03246015 0.73424971
vt 0.03571546 0.73518568
vt 0.04004240 0.73293400
vt 0.02425915 0.72755867
vt 0.02653104 0.73035520
vt 0.02932757 0.73262691
vt 0.10605680 0.73477811
vt 0.09859472 0.73547769
vt 0.09066623 0.73477811
vt 0.08367049 0.73547769
vt 0.04449445 0.73477811
vt 0.05382210 0.73547769
vt 0.10811690 0.73438507
vt 0.04217684 0.73433602
vt 0.03889787 0.73547769
vt 0.91865128 0.49148551
vt 0.91926748 0.49483100
vt 0.91865128 0.49483100
vt 0.91741872 0.49148551
vt 0.91803497 0.49483100
vt 0.91741872 0.49483100
vt 0.91680253 0.49148551
vt 0.91680253 0.49483100
vt 0.91803497 0.49148551
vt 0.91557002 0.49148551
vt 0.91618621 0.49483100
vt 0.91557002 0.49483100
vt 0.91495371 0.49315831
vt 0.91618621 0.49148551
vt 0.91988379 0.49315831
vt 0.91988379 0.49483100
vt 0.91495371 0.49483100
vt 0.91926748 0.49148551
vt 0.98184788 0.70151860
vt 0.98110920 0.69457859
vt 0.98184788 0.69457859
vt 0.98037040 0.69457859
vt 0.97963172 0.70845860
vt 0.97963172 0.69457859
vt 0.98037040 0.70845860
vt 0.97889292 0.70845860
vt 0.97889292 0.69457859
vt 0.97815412 0.70845860
vt 0.97815412 0.69457859
vt 0.97741538 0.69457859
vt 0.97667670 0.70845860
vt 0.97667670 0.69457859
vt 0.97593790 0.70151860
vt 0.97593790 0.69457859
vt 0.97741538 0.70845860
vt 0.98110920 0.70845860
vt 0.97593790 0.70845860
vt 0.98184788 0.70845860
vt 0.93674427 0.48252550
vt 0.93771333 0.47989520
vt 0.93771333 0.48252550
vt 0.93577522 0.48252550
vt 0.93674427 0.47989520
vt 0.93480611 0.48252550
vt 0.93577522 0.47989520
vt 0.93383712 0.48252550
vt 0.93480611 0.47989520
vt 0.93286800 0.48252550
vt 0.93383712 0.47989520
vt 0.93189889 0.48252550
vt 0.93286800 0.47989520
vt 0.93868238 0.47989520
vt 0.93868238 0.48164880
vt 0.93771333 0.48515591
vt 0.93674427 0.48515591
vt 0.93577522 0.48515591
vt 0.93868238 0.48340231
vt 0.93092978 0.48164880
vt 0.93189889 0.47989520
vt 0.93383712 0.48515591
vt 0.93286800 0.48515591
vt 0.93480611 0.48515591
vt 0.93868238 0.48515591
vt 0.93189889 0.48515591
vt 0.93092978 0.48340231
vt 0.95746922 0.74042851
vt 0.95673043 0.75430840
vt 0.95673043 0.74042851
vt 0.95599169 0.74042851
vt 0.95525289 0.75430840
vt 0.95525289 0.74042851
vt 0.95451421 0.75430840
vt 0.95451421 0.74042851
vt 0.95599169 0.75430840
vt 0.95377541 0.74042851
vt 0.95303673 0.75430840
vt 0.95303673 0.74042851
vt 0.95229793 0.74042851
vt 0.95229793 0.74736851
vt 0.95377541 0.75430840
vt 0.95820791 0.74736851
vt 0.95820791 0.74042851
vt 0.95746922 0.75430840
vt 0.95820791 0.75430840
vt 0.95229793 0.75430840
vt 0.91803497 0.49517089
vt 0.91865128 0.49851629
vt 0.91803497 0.49851629
vt 0.91865128 0.49517089
vt 0.91926748 0.49851629
vt 0.91741872 0.49517089
vt 0.91741872 0.49851629
vt 0.91680253 0.49517089
vt 0.91680253 0.49851629
vt 0.91557002 0.49517089
vt 0.91618621 0.49851629
vt 0.91557002 0.49851629
vt 0.91618621 0.49517089
vt 0.91926748 0.49517089
vt 0.91988379 0.49684361
vt 0.91495371 0.49684361
vt 0.91495371 0.49851629
vt 0.91988379 0.49851629
vt 0.98110920 0.74042851
vt 0.98037040 0.75430840
vt 0.98037040 0.74042851
vt 0.97963172 0.74042851
vt 0.97889292 0.75430840
vt 0.97889292 0.74042851
vt 0.97815412 0.75430840
vt 0.97815412 0.74042851
vt 0.97963172 0.75430840
vt 0.97741538 0.74042851
vt 0.97667670 0.75430840
vt 0.97667670 0.74042851
vt 0.97593790 0.74042851
vt 0.97593790 0.74736851
vt 0.97741538 0.75430840
vt 0.98184788 0.74736851
vt 0.98184788 0.74042851
vt 0.98110920 0.75430840
vt 0.98184788 0.75430840
vt 0.97593790 0.75430840
vt 0.86398578 0.71169078
vt 0.86444187 0.71416682
vt 0.86398578 0.71416682
vt 0.86444187 0.71169078
vt 0.86489809 0.71416682
vt 0.86352980 0.71169078
vt 0.86352980 0.71416682
vt 0.86261761 0.71169078
vt 0.86307371 0.71416682
vt 0.86261761 0.71416682
vt 0.86216152 0.71169078
vt 0.86216152 0.71416682
vt 0.86170542 0.71334141
vt 0.86170542 0.71251613
vt 0.86307371 0.71169078
vt 0.86535418 0.71334141
vt 0.86489809 0.71169078
vt 0.86535418 0.71251613
vt 0.86535418 0.71416682
vt 0.86170542 0.71416682
vt 0.84147030 0.49087611
vt 0.85926330 0.49182311
vt 0.84147030 0.49182311
vt 0.84147030 0.49277011
vt 0.85926330 0.49371710
vt 0.84147030 0.49371710
vt 0.85926330 0.49466410
vt 0.84147030 0.49466410
vt 0.85926330 0.49277011
vt 0.84147030 0.49561110
vt 0.85926330 0.49655810
vt 0.84147030 0.49655810
vt 0.84147030 0.49750510
vt 0.85036677 0.49750510
vt 0.85926330 0.49561110
vt 0.85036677 0.48992899
vt 0.84147030 0.48992899
vt 0.85926330 0.49087611
vt 0.85926330 0.48992899
vt 0.85926330 0.49750510
vt 0.87128347 0.74869722
vt 0.87173963 0.75117308
vt 0.87128347 0.75117308
vt 0.87173963 0.74869722
vt 0.87219572 0.75117308
vt 0.87082738 0.74869722
vt 0.87082738 0.75117308
vt 0.87037128 0.74869722
vt 0.87037128 0.75117308
vt 0.86945897 0.74869722
vt 0.86991513 0.75117308
vt 0.86945897 0.75117308
vt 0.86991513 0.74869722
vt 0.87219572 0.74869722
vt 0.87265182 0.74993521
vt 0.86900288 0.74993521
vt 0.86900288 0.75117308
vt 0.87265182 0.75117308
vt 0.70407772 0.07166159
vt 0.69816488 0.07243096
vt 0.69816488 0.07166159
vt 0.69816488 0.07320028
vt 0.70999062 0.07396960
vt 0.69816488 0.07396960
vt 0.70999062 0.07320028
vt 0.70999062 0.07473897
vt 0.69816488 0.07473897
vt 0.70999062 0.07550829
vt 0.69816488 0.07550829
vt 0.69816488 0.07627767
vt 0.70999062 0.07704699
vt 0.69816488 0.07704699
vt 0.70407772 0.07781636
vt 0.69816488 0.07781636
vt 0.70999062 0.07627767
vt 0.70999062 0.07243096
vt 0.70999062 0.07781636
vt 0.70999062 0.07166159
vt 0.88826150 0.49684361
vt 0.88887781 0.49517089
vt 0.88887781 0.49684361
vt 0.88764530 0.49684361
vt 0.88826150 0.49517089
vt 0.88702899 0.49684361
vt 0.88764530 0.49517089
vt 0.88641268 0.49684361
vt 0.88702899 0.49517089
vt 0.88579649 0.49684361
vt 0.88641268 0.49517089
vt 0.88518018 0.49684361
vt 0.88579649 0.49517089
vt 0.88949412 0.49628600
vt 0.88887781 0.49851629
vt 0.88826150 0.49851629
vt 0.88764530 0.49851629
vt 0.88949412 0.49740121
vt 0.88518018 0.49517089
vt 0.88456392 0.49628600
vt 0.88702899 0.49851629
vt 0.88641268 0.49851629
vt 0.88579649 0.49851629
vt 0.88949412 0.49851629
vt 0.88518018 0.49851629
vt 0.88456392 0.49740121
vt 0.88456392 0.49851629
vt 0.99455261 0.48099920
vt 0.99341607 0.47226459
vt 0.99455261 0.47226459
vt 0.99227959 0.47226459
vt 0.99114311 0.48973390
vt 0.99114311 0.47226459
vt 0.99227959 0.48973390
vt 0.99000663 0.48973390
vt 0.99000663 0.47226459
vt 0.98887008 0.48973390
vt 0.98887008 0.47226459
vt 0.98773360 0.47226459
vt 0.98659712 0.48973390
vt 0.98659712 0.47226459
vt 0.98546058 0.48099920
vt 0.98546058 0.47226459
vt 0.98773360 0.48973390
vt 0.99341607 0.48973390
vt 0.98546058 0.48973390
vt 0.99455261 0.48973390
vt 0.88826150 0.50789970
vt 0.88887781 0.50622702
vt 0.88887781 0.50789970
vt 0.88764530 0.50789970
vt 0.88826150 0.50622702
vt 0.88702899 0.50789970
vt 0.88764530 0.50622702
vt 0.88641268 0.50789970
vt 0.88702899 0.50622702
vt 0.88579649 0.50789970
vt 0.88641268 0.50622702
vt 0.88518018 0.50789970
vt 0.88579649 0.50622702
vt 0.88949412 0.50734210
vt 0.88887781 0.50957239
vt 0.88826150 0.50957239
vt 0.88764530 0.50957239
vt 0.88949412 0.50845730
vt 0.88518018 0.50622702
vt 0.88456392 0.50734210
vt 0.88641268 0.50957239
vt 0.88579649 0.50957239
vt 0.88702899 0.50957239
vt 0.88949412 0.50957239
vt 0.88518018 0.50957239
vt 0.88456392 0.50845730
vt 0.88456392 0.50957239
vt 0.94638801 0.74736851
vt 0.94564921 0.74042851
vt 0.94638801 0.74042851
vt 0.94491041 0.74042851
vt 0.94417173 0.75430840
vt 0.94417173 0.74042851
vt 0.94491041 0.75430840
vt 0.94343293 0.75430840
vt 0.94343293 0.74042851
vt 0.94269419 0.75430840
vt 0.94269419 0.74042851
vt 0.94195551 0.74042851
vt 0.94121671 0.75430840
vt 0.94121671 0.74042851
vt 0.94047791 0.74736851
vt 0.94047791 0.74042851
vt 0.94195551 0.75430840
vt 0.94564921 0.75430840
vt 0.94047791 0.75430840
vt 0.94638801 0.75430840
vt 0.93674427 0.47673029
vt 0.93771333 0.47409990
vt 0.93771333 0.47673029
vt 0.93577522 0.47673029
vt 0.93674427 0.47409990
vt 0.93480611 0.47673029
vt 0.93577522 0.47409990
vt 0.93383712 0.47673029
vt 0.93480611 0.47409990
vt 0.93286800 0.47673029
vt 0.93383712 0.47409990
vt 0.93189889 0.47673029
vt 0.93286800 0.47409990
vt 0.93868238 0.47409990
vt 0.93868238 0.47585350
vt 0.93771333 0.47936070
vt 0.93674427 0.47936070
vt 0.93577522 0.47936070
vt 0.93868238 0.47760710
vt 0.93189889 0.47409990
vt 0.93092978 0.47585350
vt 0.93383712 0.47936070
vt 0.93286800 0.47936070
vt 0.93480611 0.47936070
vt 0.93868238 0.47936070
vt 0.93189889 0.47936070
vt 0.93092978 0.47760710
vt 0.93092978 0.47936070
vt 0.81042010 0.48992899
vt 0.80152363 0.49087611
vt 0.80152363 0.48992899
vt 0.80152363 0.49182311
vt 0.81931663 0.49277011
vt 0.80152363 0.49277011
vt 0.81931663 0.49182311
vt 0.81931663 0.49371710
vt 0.80152363 0.49371710
vt 0.81931663 0.49466410
vt 0.80152363 0.49466410
vt 0.80152363 0.49561110
vt 0.81931663 0.49655810
vt 0.80152363 0.49655810
vt 0.81042010 0.49750510
vt 0.80152363 0.49750510
vt 0.81931663 0.49561110
vt 0.81931663 0.49087611
vt 0.81931663 0.49750510
vt 0.81931663 0.48992899
vt 0.91934448 0.46207389
vt 0.92001837 0.46024469
vt 0.92001837 0.46207389
vt 0.91867059 0.46207389
vt 0.91934448 0.46024469
vt 0.91799670 0.46207389
vt 0.91867059 0.46024469
vt 0.91732281 0.46207389
vt 0.91799670 0.46024469
vt 0.91664892 0.46207389
vt 0.91732281 0.46024469
vt 0.91597497 0.46207389
vt 0.91664892 0.46024469
vt 0.92069232 0.46024469
vt 0.92069232 0.46146420
vt 0.92001837 0.46390310
vt 0.91934448 0.46390310
vt 0.91867059 0.46390310
vt 0.92069232 0.46268359
vt 0.91597497 0.46024469
vt 0.91530108 0.46146420
vt 0.91732281 0.46390310
vt 0.91664892 0.46390310
vt 0.91799670 0.46390310
vt 0.92069232 0.46390310
vt 0.91597497 0.46390310
vt 0.91530108 0.46268359
vt 0.91530108 0.46390310
vt 0.89093941 0.47024000
vt 0.88991159 0.48955029
vt 0.88991159 0.47024000
vt 0.88888383 0.47024000
vt 0.88785601 0.48955029
vt 0.88785601 0.47024000
vt 0.88682830 0.48955029
vt 0.88682830 0.47024000
vt 0.88888383 0.48955029
vt 0.88580048 0.47024000
vt 0.88477272 0.48955029
vt 0.88477272 0.47024000
vt 0.88374501 0.47024000
vt 0.88374501 0.47989520
vt 0.88580048 0.48955029
vt 0.89196712 0.47989520
vt 0.89196712 0.47024000
vt 0.89093941 0.48955029
vt 0.89196712 0.48955029
vt 0.88374501 0.48955029
vt 0.91865128 0.51527041
vt 0.91926748 0.51359761
vt 0.91926748 0.51527041
vt 0.91803497 0.51527041
vt 0.91865128 0.51359761
vt 0.91741872 0.51527041
vt 0.91803497 0.51359761
vt 0.91680253 0.51527041
vt 0.91741872 0.51359761
vt 0.91618621 0.51527041
vt 0.91680253 0.51359761
vt 0.91557002 0.51527041
vt 0.91618621 0.51359761
vt 0.91988379 0.51471281
vt 0.91926748 0.51694310
vt 0.91865128 0.51694310
vt 0.91803497 0.51694310
vt 0.91988379 0.51582801
vt 0.91495371 0.51471281
vt 0.91557002 0.51359761
vt 0.91680253 0.51694310
vt 0.91618621 0.51694310
vt 0.91741872 0.51694310
vt 0.91988379 0.51694310
vt 0.91557002 0.51694310
vt 0.91495371 0.51582801
vt 0.91495371 0.51694310
vt 0.81042010 0.50508118
vt 0.80152363 0.50602829
vt 0.80152363 0.50508118
vt 0.80152363 0.50697529
vt 0.81931663 0.50792229
vt 0.80152363 0.50792229
vt 0.81931663 0.50697529
vt 0.81931663 0.50886929
vt 0.80152363 0.50886929
vt 0.81931663 0.50981641
vt 0.80152363 0.50981641
vt 0.80152363 0.51076341
vt 0.81931663 0.51171041
vt 0.80152363 0.51171041
vt 0.81042010 0.51265740
vt 0.80152363 0.51265740
vt 0.81931663 0.51076341
vt 0.81931663 0.50602829
vt 0.81931663 0.51265740
vt 0.81931663 0.50508118
vt 0.54664242 0.92144960
vt 0.54664242 0.91249353
vt 0.55559850 0.91249353
vt 0.53762043 0.91558862
vt 0.53656667 0.91137397
vt 0.53719562 0.90807730
vt 0.54222620 0.90304673
vt 0.54552293 0.90241790
vt 0.53918988 0.90504110
vt 0.54973751 0.90347159
vt 0.53880578 0.92033011
vt 0.53320831 0.93040568
vt 0.53243887 0.92969829
vt 0.53585470 0.92745471
vt 0.52873021 0.93040568
vt 0.53768629 0.93040568
vt 0.54257530 0.92995721
vt 0.53809828 0.92403889
vt 0.55818772 0.90394950
vt 0.55447900 0.90465701
vt 0.56160349 0.90170592
vt 0.56455457 0.90353751
vt 0.56455457 0.89905941
vt 0.56384712 0.89829010
vt 0.56455457 0.89458132
vt 0.56410599 0.90842652
vt 0.55668497 0.92253619
vt 0.55238891 0.92602611
vt 0.54757643 0.92851931
vt 0.56266809 0.91342747
vt 0.56017500 0.91824001
vt 0.22755870 0.02425915
vt 0.22288530 0.03225195
vt 0.22442600 0.02263653
vt 0.22352910 0.03237468
vt 0.23035520 0.02653104
vt 0.21684380 0.02395224
vt 0.22117069 0.02170056
vt 0.21824589 0.02608644
vt 0.22224160 0.03237468
vt 0.21868791 0.02840429
vt 0.22451150 0.03335708
vt 0.23262671 0.02932757
vt 0.22412200 0.03276395
vt 0.22463430 0.03400087
vt 0.23424970 0.03246015
vt 0.22848190 0.03819829
vt 0.21794720 0.03136718
vt 0.22164860 0.03276395
vt 0.22125921 0.03335708
vt 0.21728870 0.03400087
vt 0.21239170 0.02210789
vt 0.20306420 0.02140831
vt 0.21798830 0.02140831
vt 0.18186501 0.02210789
vt 0.17321570 0.02140831
vt 0.18813990 0.02140831
vt 0.19712840 0.02210789
vt 0.21470940 0.02255022
vt 0.16660149 0.02210789
vt 0.15829150 0.02140831
vt 0.14336731 0.02140831
vt 0.13607480 0.02210789
vt 0.12844311 0.02140831
vt 0.15133820 0.02210789
vt 0.12081140 0.02210789
vt 0.11351890 0.02140831
vt 0.23518570 0.03571546
vt 0.23547760 0.03889787
vt 0.23293389 0.04004240
vt 0.23547760 0.05382210
vt 0.23477811 0.04449445
vt 0.23547760 0.06874626
vt 0.23477811 0.05975759
vt 0.23433600 0.04217684
vt 0.23477811 0.07502120
vt 0.23547760 0.08367049
vt 0.23547760 0.09859472
vt 0.23477811 0.09028464
vt 0.23477811 0.12081140
vt 0.23547760 0.11351890
vt 0.23547760 0.12844311
vt 0.23477811 0.10554800
vt 0.23477811 0.13607480
vt 0.23547760 0.14336731
vt 0.22412200 0.03523755
vt 0.22451150 0.03464466
vt 0.22352910 0.03562676
vt 0.22551900 0.03893882
vt 0.22113641 0.03400087
vt 0.21768171 0.03606081
vt 0.22125921 0.03464466
vt 0.22164860 0.03523755
vt 0.22082530 0.03920423
vt 0.22224160 0.03562676
vt 0.23079941 0.03864032
vt 0.22288530 0.03959745
vt 0.22288530 0.03574979
vt 0.21892799 0.03795826
vt 0.10554800 0.02210789
vt 0.09859472 0.02140831
vt 0.09028464 0.02210789
vt 0.08367049 0.02140831
vt 0.07502126 0.02210789
vt 0.06874626 0.02140831
vt 0.05382210 0.02140831
vt 0.04449445 0.02210789
vt 0.03889787 0.02140831
vt 0.05975759 0.02210789
vt 0.04217684 0.02255022
vt 0.03571546 0.02170056
vt 0.04004240 0.02395224
vt 0.03562676 0.03335708
vt 0.03893882 0.03136718
vt 0.03959745 0.03400087
vt 0.03864032 0.02608644
vt 0.03246015 0.02263653
vt 0.03819829 0.02840429
vt 0.03400087 0.03225195
vt 0.03464460 0.03237468
vt 0.03335708 0.03237468
vt 0.02932757 0.02425915
vt 0.02653104 0.02653104
vt 0.02425915 0.02932757
vt 0.03237468 0.03335708
vt 0.03276395 0.03276395
vt 0.03523755 0.03276395
vt 0.03574979 0.03400087
vt 0.03225195 0.03400087
vt 0.02263653 0.03246015
vt 0.02840429 0.03819829
vt 0.03562676 0.03464466
vt 0.03887099 0.03675830
vt 0.03523755 0.03523755
vt 0.03688025 0.03879988
vt 0.03464460 0.03562676
vt 0.03400087 0.03574979
vt 0.03414183 0.03959566
vt 0.03335708 0.03562676
vt 0.03237468 0.03464466
vt 0.03276395 0.03523755
vt 0.03136718 0.03893882
vt 0.02608644 0.03864032
vt 0.02140831 0.03889787
vt 0.02395224 0.04004240
vt 0.02255022 0.04217684
vt 0.02140831 0.14336731
vt 0.02140831 0.12844311
vt 0.02210789 0.13124140
vt 0.02170056 0.03571546
vt 0.02140831 0.05382210
vt 0.02210789 0.04449445
vt 0.02210789 0.05413275
vt 0.02210789 0.06377154
vt 0.02210789 0.07341009
vt 0.02140831 0.06874626
vt 0.02140831 0.08367049
vt 0.02210789 0.10232570
vt 0.02140831 0.09859472
vt 0.02210789 0.09268718
vt 0.02140831 0.11351890
vt 0.02210789 0.11196430
vt 0.02210789 0.12160280
vt 0.02210789 0.08304864
vt 0.02210789 0.14087990
vt 0.23477811 0.15133820
vt 0.23547760 0.15829150
vt 0.23547760 0.17321570
vt 0.23477811 0.18186501
vt 0.23477811 0.16660149
vt 0.23477811 0.19712840
vt 0.23547760 0.18813990
vt 0.23547760 0.20306420
vt 0.23547760 0.21798830
vt 0.23477811 0.21239170
vt 0.23396081 0.21549390
vt 0.23518570 0.22117069
vt 0.23172130 0.21779069
vt 0.22864071 0.21868590
vt 0.22412200 0.22164860
vt 0.22551900 0.21794720
vt 0.23424970 0.22442600
vt 0.22463430 0.22288530
vt 0.22288530 0.22113641
vt 0.22206160 0.21734969
vt 0.22388420 0.21737860
vt 0.22352910 0.22125921
vt 0.22224160 0.22125921
vt 0.22032639 0.21790799
vt 0.22164860 0.22164860
vt 0.21892799 0.21892799
vt 0.21790799 0.22032639
vt 0.23262671 0.22755870
vt 0.22451150 0.22352910
vt 0.22451150 0.22224160
vt 0.22125921 0.22224160
vt 0.21734969 0.22206160
vt 0.21737860 0.22388420
vt 0.22113641 0.22288530
vt 0.22125921 0.22352910
vt 0.23035520 0.23035520
vt 0.22352910 0.22451150
vt 0.22412200 0.22412200
vt 0.22755870 0.23262671
vt 0.22288530 0.22463430
vt 0.21868791 0.22848190
vt 0.22224160 0.22451150
vt 0.21794720 0.22551900
vt 0.22164860 0.22412200
vt 0.22442600 0.23424970
vt 0.21824589 0.23079941
vt 0.21684380 0.23293389
vt 0.22117069 0.23518559
vt 0.21798830 0.23547760
vt 0.21470940 0.23433600
vt 0.21239170 0.23477811
vt 0.18192150 0.23477811
vt 0.19715659 0.23477811
vt 0.18813990 0.23547760
vt 0.17321570 0.23547760
vt 0.16668640 0.23477811
vt 0.15145120 0.23477811
vt 0.14336731 0.23547760
vt 0.13621610 0.23477811
vt 0.15829150 0.23547760
vt 0.20306420 0.23547760
vt 0.11351890 0.23547760
vt 0.10574590 0.23477811
vt 0.12098100 0.23477811
vt 0.12844311 0.23547760
vt 0.09859472 0.23547760
vt 0.06614255 0.22397789
vt 0.06472623 0.22755530
vt 0.06408244 0.22358491
vt 0.06343871 0.22755530
vt 0.06202214 0.22397789
vt 0.06803983 0.22522409
vt 0.06012511 0.22522409
vt 0.02484494 0.22717580
vt 0.02653104 0.23035520
vt 0.02425915 0.22755870
vt 0.05887866 0.22712140
vt 0.06245625 0.22853769
vt 0.06928610 0.22712140
vt 0.06531918 0.22794481
vt 0.06408244 0.22743259
vt 0.06570863 0.22853769
vt 0.06284582 0.22794481
vt 0.05848580 0.22918150
vt 0.06967902 0.22918150
vt 0.02328670 0.22416849
vt 0.02210789 0.16015700
vt 0.02140831 0.15829150
vt 0.02210789 0.15051851
vt 0.02210789 0.16979560
vt 0.02210789 0.17943411
vt 0.02140831 0.17321570
vt 0.02140831 0.18813990
vt 0.02210789 0.18907270
vt 0.02140831 0.21798830
vt 0.02210789 0.20834979
vt 0.02210789 0.21798830
vt 0.02170056 0.22117069
vt 0.02263653 0.22442600
vt 0.02210789 0.19871120
vt 0.02140831 0.20306420
vt 0.06583142 0.22918150
vt 0.06570863 0.22982530
vt 0.07007199 0.23124149
vt 0.06531918 0.23041821
vt 0.06472623 0.23080760
vt 0.06874626 0.23547760
vt 0.06343871 0.23080760
vt 0.06408244 0.23093040
vt 0.05809295 0.23124149
vt 0.06284582 0.23041821
vt 0.09051072 0.23477811
vt 0.07527559 0.23477811
vt 0.08367049 0.23547760
vt 0.07131826 0.23313890
vt 0.07321554 0.23438510
vt 0.05684643 0.23313890
vt 0.06233352 0.22918150
vt 0.06245625 0.22982530
vt 0.02702564 0.22986050
vt 0.02932757 0.23262671
vt 0.02971035 0.23204120
vt 0.03246015 0.23424970
vt 0.05494940 0.23438510
vt 0.03889787 0.23547760
vt 0.05288904 0.23477811
vt 0.05382210 0.23547760
vt 0.03271764 0.23359931
vt 0.03571546 0.23518559
vt 0.03889787 0.23477811
vt 0.88826150 0.51158500
vt 0.88887781 0.50991231
vt 0.88887781 0.51158500
vt 0.88764530 0.51158500
vt 0.88826150 0.50991231
vt 0.88702899 0.51158500
vt 0.88764530 0.50991231
vt 0.88641268 0.51158500
vt 0.88702899 0.50991231
vt 0.88579649 0.51158500
vt 0.88641268 0.50991231
vt 0.88518018 0.51158500
vt 0.88579649 0.50991231
vt 0.88949412 0.50991231
vt 0.88949412 0.51102751
vt 0.88887781 0.51325780
vt 0.88826150 0.51325780
vt 0.88764530 0.51325780
vt 0.88949412 0.51214260
vt 0.88456392 0.51102751
vt 0.88518018 0.50991231
vt 0.88702899 0.51325780
vt 0.88641268 0.51325780
vt 0.88579649 0.51325780
vt 0.88949412 0.51325780
vt 0.88518018 0.51325780
vt 0.88456392 0.51214260
vt 0.88456392 0.51325780
vt 0.95048100 0.84167308
vt 0.95001823 0.83772087
vt 0.95048100 0.83772087
vt 0.94955552 0.83772087
vt 0.94909263 0.84562522
vt 0.94909263 0.83772087
vt 0.94955552 0.84562522
vt 0.94862992 0.84562522
vt 0.94862992 0.83772087
vt 0.94816709 0.84562522
vt 0.94816709 0.83772087
vt 0.94770432 0.83772087
vt 0.94724149 0.84562522
vt 0.94724149 0.83772087
vt 0.94677871 0.84167308
vt 0.94677871 0.83772087
vt 0.94770432 0.84562522
vt 0.95001823 0.84562522
vt 0.95048100 0.84562522
vt 0.88826150 0.51895571
vt 0.88887781 0.51728302
vt 0.88887781 0.51895571
vt 0.88764530 0.51895571
vt 0.88826150 0.51728302
vt 0.88702899 0.51895571
vt 0.88764530 0.51728302
vt 0.88641268 0.51895571
vt 0.88702899 0.51728302
vt 0.88579649 0.51895571
vt 0.88641268 0.51728302
vt 0.88518018 0.51895571
vt 0.88579649 0.51728302
vt 0.88949412 0.51728302
vt 0.88949412 0.51839811
vt 0.88887781 0.52062851
vt 0.88826150 0.52062851
vt 0.88764530 0.52062851
vt 0.88949412 0.51951331
vt 0.88518018 0.51728302
vt 0.88456392 0.51839811
vt 0.88641268 0.52062851
vt 0.88579649 0.52062851
vt 0.88702899 0.52062851
vt 0.88949412 0.52062851
vt 0.88518018 0.52062851
vt 0.88456392 0.51951331
vt 0.88456392 0.52062851
vt 0.71249348 0.08537799
vt 0.72563368 0.08614730
vt 0.71249348 0.08614730
vt 0.71249348 0.08691668
vt 0.72563368 0.08768600
vt 0.71249348 0.08768600
vt 0.72563368 0.08845531
vt 0.71249348 0.08845531
vt 0.72563368 0.08691668
vt 0.71249348 0.08922469
vt 0.72563368 0.08999401
vt 0.71249348 0.08999401
vt 0.71249348 0.09076339
vt 0.71906358 0.09076339
vt 0.72563368 0.08922469
vt 0.71906358 0.08460861
vt 0.71249348 0.08460861
vt 0.72563368 0.08537799
vt 0.72563368 0.08460861
vt 0.72563368 0.09076339
vt 0.91803497 0.51728302
vt 0.91865128 0.52062851
vt 0.91803497 0.52062851
vt 0.91865128 0.51728302
vt 0.91926748 0.52062851
vt 0.91741872 0.51728302
vt 0.91741872 0.52062851
vt 0.91618621 0.51728302
vt 0.91680253 0.52062851
vt 0.91618621 0.52062851
vt 0.91557002 0.51728302
vt 0.91557002 0.52062851
vt 0.91495371 0.51951331
vt 0.91495371 0.51839811
vt 0.91680253 0.51728302
vt 0.91926748 0.51728302
vt 0.91988379 0.51839811
vt 0.91988379 0.51951331
vt 0.91988379 0.52062851
vt 0.91495371 0.52062851
vt 0.94307637 0.92320877
vt 0.94261360 0.91925663
vt 0.94307637 0.91925663
vt 0.94215077 0.91925663
vt 0.94168812 0.92716092
vt 0.94168812 0.91925663
vt 0.94215077 0.92716092
vt 0.94122517 0.92716092
vt 0.94122517 0.91925663
vt 0.94076252 0.92716092
vt 0.94076252 0.91925663
vt 0.94029969 0.91925663
vt 0.93983692 0.92716092
vt 0.93983692 0.91925663
vt 0.93937409 0.92320877
vt 0.93937409 0.91925663
vt 0.94029969 0.92716092
vt 0.94261360 0.92716092
vt 0.93937409 0.92716092
vt 0.94307637 0.92716092
vt 0.91865128 0.49885631
vt 0.91926748 0.50220168
vt 0.91865128 0.50220168
vt 0.91741872 0.49885631
vt 0.91803497 0.50220168
vt 0.91741872 0.50220168
vt 0.91680253 0.49885631
vt 0.91680253 0.50220168
vt 0.91803497 0.49885631
vt 0.91557002 0.49885631
vt 0.91618621 0.50220168
vt 0.91557002 0.50220168
vt 0.91495371 0.50052899
vt 0.91618621 0.49885631
vt 0.91988379 0.50052899
vt 0.91988379 0.50220168
vt 0.91495371 0.50220168
vt 0.91926748 0.49885631
vt 0.77789801 0.49225691
vt 0.76092190 0.49378589
vt 0.76092190 0.49225691
vt 0.76092190 0.49531490
vt 0.79487407 0.49684390
vt 0.76092190 0.49684390
vt 0.79487407 0.49531490
vt 0.79487407 0.49837291
vt 0.76092190 0.49837291
vt 0.79487407 0.49990180
vt 0.76092190 0.49990180
vt 0.76092190 0.50143081
vt 0.79487407 0.50295979
vt 0.76092190 0.50295979
vt 0.77789801 0.50448883
vt 0.76092190 0.50448883
vt 0.79487407 0.50143081
vt 0.79487407 0.49378589
vt 0.79487407 0.50448883
vt 0.79487407 0.49225691
vt 0.73556751 0.04485070
vt 0.73433661 0.07902395
vt 0.73433661 0.04485070
vt 0.73310560 0.07902395
vt 0.73310560 0.04485070
vt 0.73187470 0.04485070
vt 0.73187470 0.06193745
vt 0.73679852 0.06193745
vt 0.73679852 0.04485070
vt 0.73556751 0.07902395
vt 0.73679852 0.07902395
vt 0.73187470 0.07902395
vt 0.76018649 0.04485070
vt 0.76141751 0.04485070
vt 0.76141751 0.06193745
vt 0.75895548 0.07902395
vt 0.75895548 0.04485070
vt 0.75772458 0.07902395
vt 0.75772458 0.04485070
vt 0.75649363 0.06193745
vt 0.75649363 0.04485070
vt 0.76018649 0.07902395
vt 0.75649363 0.07902395
vt 0.76141751 0.07902395
vt 0.65291059 0.04980719
vt 0.65097749 0.06322336
vt 0.65097749 0.04980719
vt 0.65291059 0.07663959
vt 0.65484363 0.04980719
vt 0.65677673 0.04980719
vt 0.65484363 0.07663959
vt 0.65097749 0.07663959
vt 0.65677673 0.07663959
vt 0.65870982 0.04980719
vt 0.65870982 0.07663959
vt 0.66064280 0.04980719
vt 0.66450888 0.07663959
vt 0.66257590 0.04980719
vt 0.66450888 0.04980719
vt 0.66644198 0.06322336
vt 0.66644198 0.04980719
vt 0.66257590 0.07663959
vt 0.66644198 0.07663959
vt 0.55644172 0.02912533
vt 0.55953938 0.02292913
vt 0.55953938 0.02912533
vt 0.56883252 0.02292913
vt 0.57193023 0.01673293
vt 0.57193023 0.02292913
vt 0.56883252 0.02912533
vt 0.57193023 0.02912533
vt 0.56883252 0.03532153
vt 0.57193023 0.03532153
vt 0.55651951 0.01835978
vt 0.55644172 0.02292913
vt 0.55410522 0.02203565
vt 0.56019509 0.01594525
vt 0.55334401 0.02602726
vt 0.56179023 0.02363121
vt 0.56103569 0.02477991
vt 0.56079781 0.02602726
vt 0.56817681 0.01442235
vt 0.56883252 0.01673293
vt 0.56418598 0.01518368
vt 0.56263709 0.01673293
vt 0.56418598 0.02263844
vt 0.56543308 0.02287662
vt 0.56293881 0.02287662
vt 0.56658173 0.02363121
vt 0.55410522 0.03001838
vt 0.56103569 0.02727437
vt 0.55651951 0.03369462
vt 0.56019509 0.03610903
vt 0.56179023 0.02842319
vt 0.56263709 0.03532153
vt 0.56293881 0.02917790
vt 0.56418598 0.02941578
vt 0.56543308 0.02917790
vt 0.56418598 0.03687036
vt 0.56658173 0.02842319
vt 0.57185239 0.01200795
vt 0.56757408 0.02602726
vt 0.56733620 0.02477991
vt 0.57502800 0.01301521
vt 0.57502800 0.00867790
vt 0.57426667 0.00833195
vt 0.57502800 0.00434059
vt 0.57502800 0.02168989
vt 0.57502800 0.01735258
vt 0.57502800 0.02602726
vt 0.56733620 0.02727437
vt 0.57185239 0.04004651
vt 0.56817681 0.03763175
vt 0.57502800 0.03903925
vt 0.57502800 0.03036457
vt 0.57502800 0.03470194
vt 0.57502800 0.04337656
vt 0.57426667 0.04372251
vt 0.57502800 0.04771369
vt 0.93577522 0.48569039
vt 0.93674427 0.49095109
vt 0.93577522 0.49095109
vt 0.93674427 0.48569039
vt 0.93771333 0.49095109
vt 0.93480611 0.48569039
vt 0.93480611 0.49095109
vt 0.93383712 0.48569039
vt 0.93383712 0.49095109
vt 0.93189889 0.48569039
vt 0.93286800 0.49095109
vt 0.93189889 0.49095109
vt 0.93286800 0.48569039
vt 0.93771333 0.48569039
vt 0.93868238 0.48832071
vt 0.93092978 0.48832071
vt 0.93092978 0.49095109
vt 0.93868238 0.49095109
vt 0.90359098 0.44654489
vt 0.90232718 0.46597061
vt 0.90232718 0.44654489
vt 0.90106350 0.44654489
vt 0.89979970 0.46597061
vt 0.89979970 0.44654489
vt 0.89853591 0.46597061
vt 0.89853591 0.44654489
vt 0.90106350 0.46597061
vt 0.89727211 0.44654489
vt 0.89600831 0.46597061
vt 0.89600831 0.44654489
vt 0.89474452 0.44654489
vt 0.89474452 0.45625779
vt 0.89727211 0.46597061
vt 0.90485477 0.45625779
vt 0.90485477 0.44654489
vt 0.90359098 0.46597061
vt 0.90485477 0.46597061
vt 0.89474452 0.46597061
vt 0.90476418 0.35400060
vt 0.90476418 0.34541851
vt 0.91964817 0.34541851
vt 0.88988018 0.34541851
vt 0.88988018 0.35400060
vt 0.87499619 0.34541851
vt 0.87499619 0.35400060
vt 0.86011219 0.34541851
vt 0.86011219 0.35400060
vt 0.84522820 0.34541851
vt 0.84522820 0.35400060
vt 0.83034432 0.34541851
vt 0.83034432 0.35400060
vt 0.81546032 0.34541851
vt 0.81546032 0.35400060
vt 0.80057633 0.34541851
vt 0.80057633 0.35400060
vt 0.90476418 0.36258259
vt 0.88988018 0.36258259
vt 0.87499619 0.36258259
vt 0.86011219 0.36258259
vt 0.84522820 0.36258259
vt 0.83034432 0.36258259
vt 0.81546032 0.36258259
vt 0.80057633 0.36258259
vt 0.90476418 0.37116459
vt 0.88988018 0.37116459
vt 0.87499619 0.37116459
vt 0.86011219 0.37116459
vt 0.84522820 0.37116459
vt 0.83034432 0.37116459
vt 0.81546032 0.37116459
vt 0.80057633 0.37116459
vt 0.90476418 0.37974671
vt 0.88988018 0.37974671
vt 0.87499619 0.37974671
vt 0.86011219 0.37974671
vt 0.84522820 0.37974671
vt 0.83034432 0.37974671
vt 0.81546032 0.37974671
vt 0.80057633 0.37974671
vt 0.97565138 0.32094410
vt 0.97356659 0.32466561
vt 0.97425389 0.32022011
vt 0.97689891 0.32195750
vt 0.97385383 0.32472029
vt 0.97791231 0.32320499
vt 0.96026403 0.31967241
vt 0.96670067 0.32466561
vt 0.95983487 0.32466561
vt 0.97138202 0.31967241
vt 0.97280169 0.31980261
vt 0.97411829 0.32489410
vt 0.97863632 0.32460240
vt 0.97434682 0.32544571
vt 0.97429198 0.32515851
vt 0.97434682 0.33387169
vt 0.97918409 0.32747421
vt 0.97918409 0.33808479
vt 0.97905391 0.32605460
vt 0.95954770 0.32472029
vt 0.95928317 0.32489410
vt 0.94914597 0.31967241
vt 0.95910949 0.32515851
vt 0.93921250 0.32472029
vt 0.93802810 0.31967241
vt 0.93892533 0.32466561
vt 0.92971891 0.32466561
vt 0.93947703 0.32489410
vt 0.92691010 0.31967241
vt 0.92051238 0.32466561
vt 0.91579211 0.31967241
vt 0.90202701 0.32528421
vt 0.90467411 0.31967241
vt 0.92022520 0.32472029
vt 0.91996068 0.32489410
vt 0.93965077 0.32515851
vt 0.94941610 0.32825440
vt 0.93970561 0.32544571
vt 0.95905471 0.32544571
vt 0.95905471 0.33387169
vt 0.90476418 0.32825440
vt 0.91978687 0.32515851
vt 0.91973221 0.32544571
vt 0.90220070 0.32554871
vt 0.90225548 0.33262339
vt 0.90225548 0.32583579
vt 0.91973221 0.33387169
vt 0.91973221 0.34229770
vt 0.93970561 0.33387169
vt 0.97429198 0.34258500
vt 0.97434682 0.34229770
vt 0.97918409 0.34869531
vt 0.97411829 0.34284940
vt 0.95910949 0.34258500
vt 0.94941610 0.34541851
vt 0.95905471 0.34229770
vt 0.93965077 0.34258500
vt 0.93970561 0.34229770
vt 0.96430010 0.34541851
vt 0.97356659 0.34307799
vt 0.95983487 0.34307799
vt 0.96670067 0.34307799
vt 0.95954770 0.34302321
vt 0.97385383 0.34302321
vt 0.93921250 0.34302321
vt 0.93947703 0.34284940
vt 0.95928317 0.34284940
vt 0.93453223 0.34541851
vt 0.93685508 0.34777021
vt 0.93644971 0.34727129
vt 0.93714470 0.34832919
vt 0.92051238 0.34307799
vt 0.92971891 0.34307799
vt 0.93309420 0.34657630
vt 0.93253517 0.34686589
vt 0.93481082 0.34640929
vt 0.93424302 0.34635720
vt 0.92022520 0.34302321
vt 0.91978687 0.34258500
vt 0.91996068 0.34284940
vt 0.91964817 0.35400060
vt 0.90225548 0.33941111
vt 0.93367511 0.34640929
vt 0.93892533 0.34307799
vt 0.93539172 0.34657630
vt 0.93595070 0.34686589
vt 0.93203622 0.34727129
vt 0.93163091 0.34777021
vt 0.93134117 0.34832919
vt 0.96430010 0.35400060
vt 0.90220070 0.33969831
vt 0.88243818 0.31967241
vt 0.89102048 0.32505569
vt 0.88056570 0.32505569
vt 0.89355618 0.31967241
vt 0.90147531 0.32505569
vt 0.90176249 0.32511041
vt 0.87132019 0.31967241
vt 0.86982369 0.32511041
vt 0.86020231 0.31967241
vt 0.84786868 0.32565650
vt 0.84908432 0.31967241
vt 0.87011093 0.32505569
vt 0.86938542 0.32554871
vt 0.86955923 0.32528421
vt 0.86011219 0.32825440
vt 0.84545630 0.32519639
vt 0.83796632 0.31967241
vt 0.85009050 0.32711589
vt 0.86933070 0.33262339
vt 0.86933070 0.32583579
vt 0.84304392 0.32565650
vt 0.82684833 0.31967241
vt 0.81757033 0.32565650
vt 0.81573027 0.31967241
vt 0.80461228 0.31967241
vt 0.80057633 0.32825440
vt 0.79349440 0.31967241
vt 0.78797752 0.32195750
vt 0.81274557 0.32565650
vt 0.79062247 0.32022011
vt 0.79207468 0.31980261
vt 0.78922498 0.32094410
vt 0.78696412 0.32320499
vt 0.83034432 0.32825440
vt 0.81515801 0.32519639
vt 0.81979221 0.32711589
vt 0.84082210 0.32711589
vt 0.83936268 0.32933760
vt 0.78582251 0.32605460
vt 0.78624010 0.32460240
vt 0.81052381 0.32711589
vt 0.78569227 0.32747421
vt 0.80906433 0.32933760
vt 0.78569227 0.33808479
vt 0.82125157 0.32933760
vt 0.85154992 0.32933760
vt 0.85154992 0.33416229
vt 0.85009050 0.33638400
vt 0.86933070 0.33941111
vt 0.85201001 0.33175001
vt 0.84786868 0.33784339
vt 0.86938542 0.33969831
vt 0.90176249 0.34013650
vt 0.90202701 0.33996269
vt 0.90147531 0.34019130
vt 0.89102048 0.34019130
vt 0.88056570 0.34019130
vt 0.86955923 0.33996269
vt 0.86982369 0.34013650
vt 0.87011093 0.34019130
vt 0.83890247 0.33175001
vt 0.83936268 0.33416229
vt 0.82125157 0.33416229
vt 0.82171172 0.33175001
vt 0.84082210 0.33638400
vt 0.80860418 0.33175001
vt 0.80906433 0.33416229
vt 0.81052381 0.33638400
vt 0.81979221 0.33638400
vt 0.81757033 0.33784339
vt 0.84304392 0.33784339
vt 0.84545630 0.33830351
vt 0.81274557 0.33784339
vt 0.81515801 0.33830351
vt 0.78569227 0.34869531
vt 0.93117422 0.34891009
vt 0.97356659 0.35571700
vt 0.97385383 0.35577169
vt 0.97411829 0.35594550
vt 0.97429198 0.35620990
vt 0.97918409 0.35930580
vt 0.97434682 0.35649720
vt 0.96295577 0.35571700
vt 0.95234489 0.35571700
vt 0.93685508 0.35118559
vt 0.93453223 0.35400060
vt 0.94173408 0.35571700
vt 0.97434682 0.36609349
vt 0.97429198 0.37597689
vt 0.97434682 0.37568980
vt 0.97918409 0.38052690
vt 0.97465020 0.37869501
vt 0.97411829 0.37624139
vt 0.97918409 0.36991629
vt 0.97385383 0.37641510
vt 0.97351032 0.37823841
vt 0.97356659 0.37646991
vt 0.97294241 0.37818640
vt 0.95234489 0.37646991
vt 0.96026403 0.38832870
vt 0.94914597 0.38832870
vt 0.96295577 0.37646991
vt 0.97179371 0.37840551
vt 0.94173408 0.37646991
vt 0.93802810 0.38832870
vt 0.97409117 0.37840551
vt 0.93731171 0.34891009
vt 0.93736380 0.34947801
vt 0.93731171 0.35004580
vt 0.93714470 0.35062671
vt 0.93134117 0.35062671
vt 0.93163091 0.35118559
vt 0.93117422 0.35004580
vt 0.93112212 0.34947801
vt 0.93644971 0.35168460
vt 0.93481082 0.35254660
vt 0.93539172 0.35237959
vt 0.93595070 0.35209000
vt 0.93253517 0.35209000
vt 0.93309420 0.35237959
vt 0.93367511 0.35254660
vt 0.93424302 0.35259870
vt 0.93112320 0.35571700
vt 0.92051238 0.35571700
vt 0.93203622 0.35168460
vt 0.97237462 0.37823841
vt 0.97601122 0.38073921
vt 0.97584420 0.38015831
vt 0.97555453 0.37959930
vt 0.97606331 0.38130710
vt 0.97905391 0.38194650
vt 0.97601122 0.38187489
vt 0.97514921 0.37910041
vt 0.97584420 0.38245580
vt 0.97863632 0.38339871
vt 0.97791231 0.38479620
vt 0.97514921 0.38351381
vt 0.97555453 0.38301471
vt 0.97689891 0.38604361
vt 0.97409117 0.38420871
vt 0.97465020 0.38391909
vt 0.97565138 0.38705701
vt 0.97351032 0.38437569
vt 0.97425389 0.38778099
vt 0.97294241 0.38442779
vt 0.97033030 0.37959930
vt 0.97004068 0.38015831
vt 0.97073573 0.37910041
vt 0.97123468 0.37869501
vt 0.96982157 0.38130710
vt 0.96987373 0.38187489
vt 0.96987373 0.38073921
vt 0.97004068 0.38245580
vt 0.97033030 0.38301471
vt 0.97237462 0.38437569
vt 0.97138202 0.38832870
vt 0.97179371 0.38420871
vt 0.97280169 0.38819849
vt 0.97123468 0.38391909
vt 0.97073573 0.38351381
vt 0.93112320 0.37646991
vt 0.92022520 0.35577169
vt 0.91996068 0.35594550
vt 0.91978687 0.35620990
vt 0.91973221 0.35649720
vt 0.91996068 0.37624139
vt 0.91942883 0.37869501
vt 0.91978687 0.37597689
vt 0.92051238 0.37646991
vt 0.92228532 0.37840551
vt 0.92284429 0.37869501
vt 0.92334330 0.37910041
vt 0.92374867 0.37959930
vt 0.92403829 0.38015831
vt 0.92056870 0.37823841
vt 0.92022520 0.37641510
vt 0.92170441 0.37823841
vt 0.92113662 0.37818640
vt 0.91998780 0.37840551
vt 0.91973221 0.36609349
vt 0.78569227 0.35930580
vt 0.78569227 0.36991629
vt 0.78569227 0.38052690
vt 0.91892982 0.37910041
vt 0.91852450 0.37959930
vt 0.91823483 0.38015831
vt 0.91973221 0.37568980
vt 0.88243818 0.38832870
vt 0.87132019 0.38832870
vt 0.86020231 0.38832870
vt 0.83796632 0.38832870
vt 0.82684833 0.38832870
vt 0.81573027 0.38832870
vt 0.84908432 0.38832870
vt 0.89355618 0.38832870
vt 0.92420530 0.38073921
vt 0.92420530 0.38187489
vt 0.92425740 0.38130710
vt 0.92403829 0.38245580
vt 0.91806781 0.38073921
vt 0.91801572 0.38130710
vt 0.90467411 0.38832870
vt 0.91823483 0.38245580
vt 0.91852450 0.38301471
vt 0.92691010 0.38832870
vt 0.92334330 0.38351381
vt 0.92374867 0.38301471
vt 0.92228532 0.38420871
vt 0.92284429 0.38391909
vt 0.92170441 0.38437569
vt 0.91998780 0.38420871
vt 0.91579211 0.38832870
vt 0.91942883 0.38391909
vt 0.91892982 0.38351381
vt 0.92113662 0.38442779
vt 0.92056870 0.38437569
vt 0.91806781 0.38187489
vt 0.78797752 0.38604361
vt 0.79349440 0.38832870
vt 0.78922498 0.38705701
vt 0.79207468 0.38819849
vt 0.79062247 0.38778099
vt 0.78582251 0.38194650
vt 0.78624010 0.38339871
vt 0.78696412 0.38479620
vt 0.80461228 0.38832870
vt 0.86900288 0.81678551
vt 0.86854690 0.81756181
vt 0.86854690 0.81678551
vt 0.86809081 0.81678551
vt 0.86763471 0.81756181
vt 0.86763471 0.81678551
vt 0.86809081 0.81756181
vt 0.86717862 0.81678551
vt 0.86672252 0.81756181
vt 0.86672252 0.81678551
vt 0.86626643 0.81678551
vt 0.86581028 0.81756181
vt 0.86581028 0.81678551
vt 0.86535418 0.81756181
vt 0.86535418 0.81678551
vt 0.86626643 0.81756181
vt 0.86717862 0.81756181
vt 0.54303598 0.95479310
vt 0.54303598 0.95453191
vt 0.55421662 0.95453191
vt 0.56291270 0.95479310
vt 0.56539720 0.95453191
vt 0.58278942 0.95479310
vt 0.57657790 0.95453191
vt 0.58775848 0.95453191
vt 0.60266602 0.95479310
vt 0.62254268 0.95479310
vt 0.61011982 0.95453191
vt 0.62130040 0.95453191
vt 0.63248098 0.95453191
vt 0.59893912 0.95453191
vt 0.64241940 0.95479310
vt 0.64366168 0.95453191
vt 0.65484232 0.95453191
vt 0.67720360 0.95453191
vt 0.66229612 0.95479310
vt 0.66602302 0.95453191
vt 0.70204949 0.95479310
vt 0.68838418 0.95453191
vt 0.69956487 0.95453191
vt 0.68217278 0.95479310
vt 0.72192621 0.95479310
vt 0.71074551 0.95453191
vt 0.72192621 0.95453191
vt 0.86535418 0.82312971
vt 0.86489809 0.82390589
vt 0.86489809 0.82312971
vt 0.86444187 0.82312971
vt 0.86398578 0.82390589
vt 0.86398578 0.82312971
vt 0.86444187 0.82390589
vt 0.86352980 0.82312971
vt 0.86307371 0.82390589
vt 0.86307371 0.82312971
vt 0.86261761 0.82312971
vt 0.86216152 0.82390589
vt 0.86216152 0.82312971
vt 0.86170542 0.82390589
vt 0.86170542 0.82312971
vt 0.86261761 0.82390589
vt 0.86352980 0.82390589
vt 0.61174607 0.96441931
vt 0.59600103 0.96480471
vt 0.58550417 0.96441931
vt 0.55926228 0.96441931
vt 0.58025581 0.96480471
vt 0.56451070 0.96480471
vt 0.53302038 0.96441931
vt 0.54876548 0.96480471
vt 0.53302038 0.96480471
vt 0.65864289 0.03802502
vt 0.65800130 0.03911674
vt 0.65800130 0.03802502
vt 0.65735972 0.03802502
vt 0.65671819 0.03911674
vt 0.65671819 0.03802502
vt 0.65735972 0.03911674
vt 0.65607661 0.03802502
vt 0.65543503 0.03911674
vt 0.65543503 0.03802502
vt 0.65479350 0.03802502
vt 0.65415192 0.03911674
vt 0.65415192 0.03802502
vt 0.65351027 0.03911674
vt 0.65351027 0.03802502
vt 0.65479350 0.03911674
vt 0.65607661 0.03911674
vt 0.54303598 0.95340377
vt 0.54303598 0.95314258
vt 0.55421662 0.95314258
vt 0.56291270 0.95340377
vt 0.56539720 0.95314258
vt 0.58278942 0.95340377
vt 0.57657790 0.95314258
vt 0.58775848 0.95314258
vt 0.60266602 0.95340377
vt 0.62254268 0.95340377
vt 0.61011982 0.95314258
vt 0.62130040 0.95314258
vt 0.63248098 0.95314258
vt 0.59893912 0.95314258
vt 0.64241940 0.95340377
vt 0.64366168 0.95314258
vt 0.65484232 0.95314258
vt 0.67720360 0.95314258
vt 0.66229612 0.95340377
vt 0.66602302 0.95314258
vt 0.70204949 0.95340377
vt 0.68838418 0.95314258
vt 0.69956487 0.95314258
vt 0.68217278 0.95340377
vt 0.72192621 0.95340377
vt 0.71074551 0.95314258
vt 0.72192621 0.95314258
vt 0.65351027 0.03934025
vt 0.65286881 0.04043233
vt 0.65286881 0.03934025
vt 0.65222722 0.03934025
vt 0.65158558 0.04043233
vt 0.65158558 0.03934025
vt 0.65222722 0.04043233
vt 0.65094411 0.03934025
vt 0.65030253 0.04043233
vt 0.65030253 0.03934025
vt 0.64966100 0.03934025
vt 0.64901942 0.04043233
vt 0.64901942 0.03934025
vt 0.64837778 0.04043233
vt 0.64837778 0.03934025
vt 0.64966100 0.04043233
vt 0.65094411 0.04043233
vt 0.61174607 0.96341532
vt 0.59600103 0.96302992
vt 0.61174607 0.96302992
vt 0.58025581 0.96302992
vt 0.55926228 0.96341532
vt 0.56451070 0.96302992
vt 0.54876548 0.96302992
vt 0.58550417 0.96341532
vt 0.53302038 0.96302992
vt 0.53302038 0.96341532
vt 0.58334398 0.00323820
vt 0.58499843 0.00388575
vt 0.58334398 0.00388575
vt 0.58334398 0.00453341
vt 0.58499843 0.00518107
vt 0.58334398 0.00518107
vt 0.58499843 0.00582874
vt 0.58334398 0.00582874
vt 0.58499843 0.00453341
vt 0.58334398 0.00647640
vt 0.58499843 0.00712395
vt 0.58334398 0.00712395
vt 0.58334398 0.00777161
vt 0.58417118 0.00777161
vt 0.58499843 0.00647640
vt 0.58417118 0.00259054
vt 0.58334398 0.00259054
vt 0.58499843 0.00323820
vt 0.58499843 0.00259054
vt 0.58499843 0.00777161
vt 0.86900288 0.83136302
vt 0.86809081 0.83087081
vt 0.86900288 0.83087081
vt 0.86626643 0.83160907
vt 0.86626643 0.83087081
vt 0.86717862 0.83087081
vt 0.86809081 0.83160907
vt 0.86900288 0.83185512
vt 0.86717862 0.83234727
vt 0.86672252 0.83234727
vt 0.86581028 0.83234727
vt 0.86535418 0.83160907
vt 0.86535418 0.83087081
vt 0.86489809 0.83234727
vt 0.86444187 0.83160907
vt 0.86444187 0.83087081
vt 0.86261761 0.83087081
vt 0.86352980 0.83160907
vt 0.86261761 0.83160907
vt 0.86352980 0.83087081
vt 0.86398578 0.83234727
vt 0.86170542 0.83087081
vt 0.86170542 0.83136302
vt 0.86170542 0.83185512
vt 0.86307371 0.83234727
vt 0.86854690 0.83234727
vt 0.86809081 0.83234727
vt 0.86763471 0.83234727
vt 0.86626643 0.83234727
vt 0.86535418 0.83234727
vt 0.86352980 0.83234727
vt 0.86444187 0.83234727
vt 0.86261761 0.83234727
vt 0.86216152 0.83234727
vt 0.86170542 0.83234727
vt 0.86900288 0.83234727
vt 0.92284882 0.44847009
vt 0.92230958 0.44739661
vt 0.92284882 0.44739661
vt 0.92177051 0.44739661
vt 0.92123139 0.44954371
vt 0.92123139 0.44739661
vt 0.92177051 0.44954371
vt 0.92069232 0.44739661
vt 0.92015320 0.44954371
vt 0.92015320 0.44739661
vt 0.92069232 0.44954371
vt 0.91961402 0.44954371
vt 0.91961402 0.44739661
vt 0.91907489 0.44954371
vt 0.91907489 0.44739661
vt 0.91853583 0.44954371
vt 0.91853583 0.44739661
vt 0.91799670 0.44954371
vt 0.91799670 0.44739661
vt 0.91745758 0.44739661
vt 0.91691852 0.44954371
vt 0.91691852 0.44739661
vt 0.91745758 0.44954371
vt 0.91637927 0.44739661
vt 0.91584021 0.44954371
vt 0.91584021 0.44739661
vt 0.91530108 0.44739661
vt 0.91476202 0.44954371
vt 0.91476202 0.44739661
vt 0.91422278 0.44847009
vt 0.91422278 0.44739661
vt 0.91530108 0.44954371
vt 0.91637927 0.44954371
vt 0.92230958 0.44954371
vt 0.91422278 0.44954371
vt 0.92284882 0.44954371
vt 0.80807418 0.51664281
vt 0.80731660 0.51857811
vt 0.80731660 0.51664281
vt 0.80655903 0.51664281
vt 0.80580127 0.51857811
vt 0.80580127 0.51664281
vt 0.80504382 0.51857811
vt 0.80504382 0.51664281
vt 0.80655903 0.51857811
vt 0.80428612 0.51664281
vt 0.80352861 0.51857811
vt 0.80352861 0.51664281
vt 0.80277091 0.51664281
vt 0.80277091 0.51761049
vt 0.80428612 0.51857811
vt 0.80883181 0.51761049
vt 0.80883181 0.51664281
vt 0.80807418 0.51857811
vt 0.80883181 0.51857811
vt 0.80277091 0.51857811
vt 0.94684941 0.42627260
vt 0.94570887 0.42534971
vt 0.94684941 0.42534971
vt 0.94456857 0.42534971
vt 0.94513881 0.42719549
vt 0.94456857 0.42719549
vt 0.94627923 0.42719549
vt 0.94684941 0.42719549
vt 0.94570887 0.42719549
vt 0.94342822 0.42534971
vt 0.94399840 0.42719549
vt 0.94342822 0.42719549
vt 0.94228780 0.42534971
vt 0.94285798 0.42719549
vt 0.94228780 0.42719549
vt 0.94171762 0.42719549
vt 0.94114739 0.42534971
vt 0.93829638 0.42719549
vt 0.93772620 0.42627260
vt 0.93886662 0.42534971
vt 0.93772620 0.42534971
vt 0.94000697 0.42534971
vt 0.93943679 0.42719549
vt 0.94057721 0.42719549
vt 0.94000697 0.42719549
vt 0.93886662 0.42719549
vt 0.93772620 0.42719549
vt 0.94114739 0.42719549
vt 0.81792313 0.52898067
vt 0.81716549 0.52747208
vt 0.81792313 0.52747208
vt 0.81640792 0.52747208
vt 0.81565028 0.53048933
vt 0.81565028 0.52747208
vt 0.81640792 0.53048933
vt 0.81489271 0.52747208
vt 0.81413507 0.53048933
vt 0.81413507 0.52747208
vt 0.81489271 0.53048933
vt 0.81337738 0.53048933
vt 0.81337738 0.52747208
vt 0.81261992 0.53048933
vt 0.81261992 0.52747208
vt 0.81186217 0.53048933
vt 0.81186217 0.52747208
vt 0.81110471 0.53048933
vt 0.81110471 0.52747208
vt 0.81034702 0.52747208
vt 0.80958939 0.53048933
vt 0.80958939 0.52747208
vt 0.81034702 0.53048933
vt 0.80883181 0.52747208
vt 0.80807418 0.53048933
vt 0.80807418 0.52747208
vt 0.80731660 0.52747208
vt 0.80655903 0.53048933
vt 0.80655903 0.52747208
vt 0.80580127 0.52898067
vt 0.80580127 0.52747208
vt 0.80731660 0.53048933
vt 0.80883181 0.53048933
vt 0.81716549 0.53048933
vt 0.80580127 0.53048933
vt 0.81792313 0.53048933
vt 0.57936031 0.00323820
vt 0.58101457 0.00388575
vt 0.57936031 0.00388575
vt 0.57936031 0.00453341
vt 0.58101457 0.00518107
vt 0.57936031 0.00518107
vt 0.58101457 0.00582874
vt 0.57936031 0.00582874
vt 0.58101457 0.00453341
vt 0.57936031 0.00647640
vt 0.58101457 0.00712395
vt 0.57936031 0.00712395
vt 0.57936031 0.00777161
vt 0.58018738 0.00777161
vt 0.58101457 0.00647640
vt 0.58018738 0.00259054
vt 0.57936031 0.00259054
vt 0.58101457 0.00323820
vt 0.58101457 0.00259054
vt 0.58101457 0.00777161
vt 0.98365003 0.45549110
vt 0.98183161 0.45401940
vt 0.98365003 0.45401940
vt 0.98001319 0.45401940
vt 0.98092240 0.45696270
vt 0.98001319 0.45696270
vt 0.98274082 0.45696270
vt 0.98365003 0.45696270
vt 0.98183161 0.45696270
vt 0.97819477 0.45401940
vt 0.97910398 0.45696270
vt 0.97819477 0.45696270
vt 0.97637641 0.45401940
vt 0.97728562 0.45696270
vt 0.97637641 0.45696270
vt 0.97546721 0.45696270
vt 0.97455788 0.45401940
vt 0.97001201 0.45696270
vt 0.96910268 0.45549110
vt 0.97092122 0.45401940
vt 0.96910268 0.45401940
vt 0.97273952 0.45401940
vt 0.97183031 0.45696270
vt 0.97364873 0.45696270
vt 0.97273952 0.45696270
vt 0.97092122 0.45696270
vt 0.96910268 0.45696270
vt 0.97455788 0.45696270
vt 0.92284882 0.45363411
vt 0.92230958 0.45256060
vt 0.92284882 0.45256060
vt 0.92177051 0.45256060
vt 0.92123139 0.45470759
vt 0.92123139 0.45256060
vt 0.92177051 0.45470759
vt 0.92069232 0.45256060
vt 0.92015320 0.45470759
vt 0.92015320 0.45256060
vt 0.92069232 0.45470759
vt 0.91961402 0.45470759
vt 0.91961402 0.45256060
vt 0.91907489 0.45470759
vt 0.91907489 0.45256060
vt 0.91853583 0.45470759
vt 0.91853583 0.45256060
vt 0.91799670 0.45470759
vt 0.91799670 0.45256060
vt 0.91745758 0.45256060
vt 0.91691852 0.45470759
vt 0.91691852 0.45256060
vt 0.91745758 0.45470759
vt 0.91637927 0.45256060
vt 0.91584021 0.45470759
vt 0.91584021 0.45256060
vt 0.91530108 0.45256060
vt 0.91476202 0.45470759
vt 0.91476202 0.45256060
vt 0.91422278 0.45363411
vt 0.91422278 0.45256060
vt 0.91530108 0.45470759
vt 0.91637927 0.45470759
vt 0.92230958 0.45470759
vt 0.91422278 0.45470759
vt 0.92284882 0.45470759
vt 0.82824701 0.84813482
vt 0.83123839 0.84758389
vt 0.83123839 0.84813482
vt 0.82824701 0.84923643
vt 0.83123839 0.84868562
vt 0.83123839 0.84923643
vt 0.82824701 0.84978729
vt 0.83123839 0.84978729
vt 0.82824701 0.84868562
vt 0.82824701 0.85088903
vt 0.83123839 0.85033822
vt 0.83123839 0.85088903
vt 0.82974273 0.85143977
vt 0.82824701 0.85033822
vt 0.82974273 0.84703308
vt 0.83123839 0.84703308
vt 0.83123839 0.85143977
vt 0.82824701 0.84758389
vt 0.96200007 0.84349293
vt 0.98272622 0.84480572
vt 0.96200007 0.84480572
vt 0.96200007 0.84611863
vt 0.98272622 0.84743142
vt 0.96200007 0.84743142
vt 0.98272622 0.84874427
vt 0.96200007 0.84874427
vt 0.98272622 0.84611863
vt 0.96200007 0.85005713
vt 0.98272622 0.85136998
vt 0.96200007 0.85136998
vt 0.96200007 0.85268289
vt 0.97236311 0.85268289
vt 0.98272622 0.85005713
vt 0.97236311 0.84218001
vt 0.96200007 0.84218001
vt 0.98272622 0.84349293
vt 0.98272622 0.84218001
vt 0.98272622 0.85268289
vt 0.83483529 0.84868562
vt 0.83782673 0.84813482
vt 0.83782673 0.84868562
vt 0.83483529 0.84813482
vt 0.83782673 0.84758389
vt 0.83483529 0.84923643
vt 0.83782673 0.84923643
vt 0.83483529 0.85033822
vt 0.83782673 0.84978729
vt 0.83782673 0.85033822
vt 0.83483529 0.85088903
vt 0.83782673 0.85088903
vt 0.83682960 0.85143977
vt 0.83583242 0.85143977
vt 0.83483529 0.84978729
vt 0.83682960 0.84703308
vt 0.83483529 0.84758389
vt 0.83583242 0.84703308
vt 0.83782673 0.84703308
vt 0.83782673 0.85143977
vt 0.91662687 0.75430369
vt 0.91514939 0.77762902
vt 0.91514939 0.75430369
vt 0.91367191 0.75430369
vt 0.91219437 0.77762902
vt 0.91219437 0.75430369
vt 0.91071689 0.77762902
vt 0.91071689 0.75430369
vt 0.91367191 0.77762902
vt 0.90923941 0.75430369
vt 0.90776187 0.77762902
vt 0.90776187 0.75430369
vt 0.90628439 0.75430369
vt 0.90628439 0.76596642
vt 0.90923941 0.77762902
vt 0.91810441 0.76596642
vt 0.91810441 0.75430369
vt 0.91662687 0.77762902
vt 0.91810441 0.77762902
vt 0.83962512 0.84813482
vt 0.83812952 0.84758389
vt 0.83962512 0.84758389
vt 0.83962512 0.84868562
vt 0.83812952 0.84813482
vt 0.83962512 0.84923643
vt 0.83812952 0.84868562
vt 0.83962512 0.84978729
vt 0.83812952 0.84923643
vt 0.83962512 0.85033822
vt 0.83812952 0.84978729
vt 0.83962512 0.85088903
vt 0.83812952 0.85033822
vt 0.83912659 0.84703308
vt 0.84112078 0.84758389
vt 0.84112078 0.84813482
vt 0.84112078 0.84868562
vt 0.84012371 0.84703308
vt 0.83812952 0.85088903
vt 0.83912659 0.85143977
vt 0.84112078 0.84923643
vt 0.84112078 0.84978729
vt 0.84112078 0.85033822
vt 0.84112078 0.84703308
vt 0.84112078 0.85088903
vt 0.84012371 0.85143977
vt 0.84112078 0.85143977
vt 0.62230051 0.00992286
vt 0.62125331 0.00165641
vt 0.62230051 0.00165641
vt 0.62020612 0.00165641
vt 0.61915880 0.01818925
vt 0.61915880 0.00165641
vt 0.62020612 0.01818925
vt 0.61811161 0.01818925
vt 0.61811161 0.00165641
vt 0.61706442 0.01818925
vt 0.61706442 0.00165641
vt 0.61601710 0.00165641
vt 0.61496991 0.01818925
vt 0.61496991 0.00165641
vt 0.61392272 0.00992286
vt 0.61392272 0.00165641
vt 0.61601710 0.01818925
vt 0.62125331 0.01818925
vt 0.61392272 0.01818925
vt 0.62230051 0.01818925
vt 0.92147398 0.45492509
vt 0.92236358 0.45975581
vt 0.92147398 0.45975581
vt 0.92236358 0.45492509
vt 0.92325312 0.45975581
vt 0.92058438 0.45492509
vt 0.92058438 0.45975581
vt 0.91969490 0.45492509
vt 0.91969490 0.45975581
vt 0.91791582 0.45492509
vt 0.91880542 0.45975581
vt 0.91791582 0.45975581
vt 0.91880542 0.45492509
vt 0.92325312 0.45492509
vt 0.92414272 0.45734039
vt 0.91702628 0.45734039
vt 0.91702628 0.45975581
vt 0.92414272 0.45975581
vt 0.63905632 0.00992286
vt 0.63800907 0.00165641
vt 0.63905632 0.00165641
vt 0.63696182 0.00165641
vt 0.63591462 0.01818925
vt 0.63591462 0.00165641
vt 0.63696182 0.01818925
vt 0.63486743 0.01818925
vt 0.63486743 0.00165641
vt 0.63382012 0.01818925
vt 0.63382012 0.00165641
vt 0.63277292 0.00165641
vt 0.63172573 0.01818925
vt 0.63172573 0.00165641
vt 0.63067842 0.00992286
vt 0.63067842 0.00165641
vt 0.63277292 0.01818925
vt 0.63800907 0.01818925
vt 0.63067842 0.01818925
vt 0.63905632 0.01818925
vt 0.80055279 0.52281022
vt 0.80055279 0.52262092
vt 0.80459487 0.52262092
vt 0.80863702 0.52299970
vt 0.80055279 0.52299970
vt 0.80863702 0.52318913
vt 0.80055279 0.52318913
vt 0.80459487 0.52337837
vt 0.80055279 0.52337837
vt 0.80863702 0.52281022
vt 0.80863702 0.52337837
vt 0.80863702 0.52262092
vt 0.58601362 0.04485768
vt 0.58601362 0.04469901
vt 0.58939987 0.04469901
vt 0.59278607 0.04501610
vt 0.58601362 0.04501610
vt 0.59278607 0.04517477
vt 0.58601362 0.04517477
vt 0.58939987 0.04533368
vt 0.58601362 0.04533368
vt 0.59278607 0.04485768
vt 0.59278607 0.04533368
vt 0.59278607 0.04469901
vt 0.58601362 0.02597296
vt 0.58601362 0.02581429
vt 0.58939987 0.02581429
vt 0.59278607 0.02613157
vt 0.58601362 0.02613157
vt 0.59278607 0.02629005
vt 0.58601362 0.02629005
vt 0.58939987 0.02644896
vt 0.58601362 0.02644896
vt 0.59278607 0.02597296
vt 0.59278607 0.02644896
vt 0.59278607 0.02581429
vt 0.58601362 0.03919744
vt 0.59278607 0.03935611
vt 0.58601362 0.03935611
vt 0.59278607 0.03951478
vt 0.58601362 0.03951478
vt 0.58601362 0.03967326
vt 0.58939987 0.03967326
vt 0.58939987 0.03903853
vt 0.58601362 0.03903853
vt 0.59278607 0.03919744
vt 0.59278607 0.03903853
vt 0.59278607 0.03967326
vt 0.57788008 0.02597296
vt 0.58465260 0.02613157
vt 0.57788008 0.02613157
vt 0.58465260 0.02629005
vt 0.57788008 0.02629005
vt 0.57788008 0.02644896
vt 0.58126640 0.02644896
vt 0.58126640 0.02581429
vt 0.57788008 0.02581429
vt 0.58465260 0.02597296
vt 0.58465260 0.02581429
vt 0.58586150 0.00775200
vt 0.58586150 0.00759012
vt 0.58931690 0.00759012
vt 0.59277231 0.00791401
vt 0.58586150 0.00791401
vt 0.59277231 0.00807589
vt 0.58586150 0.00807589
vt 0.58931690 0.00823778
vt 0.58586150 0.00823778
vt 0.59277231 0.00775200
vt 0.59277231 0.00823778
vt 0.59277231 0.00759012
vt 0.58586150 0.01404672
vt 0.58586150 0.01388508
vt 0.58931690 0.01388508
vt 0.59277231 0.01420891
vt 0.58586150 0.01420891
vt 0.59277231 0.01437062
vt 0.58586150 0.01437062
vt 0.58931690 0.01453274
vt 0.58586150 0.01453274
vt 0.59277231 0.01404672
vt 0.59277231 0.01453274
vt 0.59277231 0.01388508
vt 0.58586150 0.01969403
vt 0.58586150 0.01953232
vt 0.58931690 0.01953232
vt 0.59277231 0.01985615
vt 0.58586150 0.01985615
vt 0.59277231 0.02001810
vt 0.58586150 0.02001810
vt 0.58931690 0.02017974
vt 0.58586150 0.02017974
vt 0.59277231 0.01969403
vt 0.59277231 0.02017974
vt 0.59277231 0.01953232
vt 0.57788008 0.03919744
vt 0.57788008 0.03903853
vt 0.58126640 0.03903853
vt 0.58465260 0.03935611
vt 0.57788008 0.03935611
vt 0.58465260 0.03951478
vt 0.57788008 0.03951478
vt 0.58126640 0.03967326
vt 0.57788008 0.03967326
vt 0.58465260 0.03919744
vt 0.58465260 0.03967326
vt 0.58465260 0.03903853
vt 0.58586150 0.00080955
vt 0.59277231 0.00097146
vt 0.58586150 0.00097146
vt 0.59277231 0.00113326
vt 0.58586150 0.00113326
vt 0.58586150 0.00129515
vt 0.58931690 0.00129515
vt 0.58931690 0.00064764
vt 0.58586150 0.00064764
vt 0.59277231 0.00080955
vt 0.59277231 0.00064764
vt 0.59277231 0.00129515
vt 0.80055279 0.52584070
vt 0.80055279 0.52565128
vt 0.80459487 0.52565128
vt 0.80863702 0.52603012
vt 0.80055279 0.52603012
vt 0.80863702 0.52621949
vt 0.80055279 0.52621949
vt 0.80459487 0.52640891
vt 0.80055279 0.52640891
vt 0.80863702 0.52584070
vt 0.80863702 0.52640891
vt 0.80863702 0.52565128
vt 0.57788008 0.03226763
vt 0.57788008 0.03210920
vt 0.58126640 0.03210920
vt 0.58465260 0.03242629
vt 0.57788008 0.03242629
vt 0.58465260 0.03258520
vt 0.57788008 0.03258520
vt 0.58126640 0.03274387
vt 0.57788008 0.03274387
vt 0.58465260 0.03226763
vt 0.58465260 0.03274387
vt 0.58465260 0.03210920
vt 0.64379561 0.03444874
vt 0.64379561 0.03432041
vt 0.64653391 0.03432041
vt 0.64927232 0.03457707
vt 0.64379561 0.03457707
vt 0.64927232 0.03470540
vt 0.64379561 0.03470540
vt 0.64653391 0.03483361
vt 0.64379561 0.03483361
vt 0.64927232 0.03444874
vt 0.64927232 0.03483361
vt 0.64927232 0.03432041
vt 0.64379561 0.03701502
vt 0.64379561 0.03688669
vt 0.64653391 0.03688669
vt 0.64927232 0.03714329
vt 0.64379561 0.03714329
vt 0.64927232 0.03727144
vt 0.64379561 0.03727144
vt 0.64653391 0.03739970
vt 0.64379561 0.03739970
vt 0.64927232 0.03701502
vt 0.64927232 0.03739970
vt 0.64927232 0.03688669
vt 0.58601362 0.03226763
vt 0.58601362 0.03210920
vt 0.58939987 0.03210920
vt 0.59278607 0.03242629
vt 0.58601362 0.03242629
vt 0.59278607 0.03258520
vt 0.58601362 0.03258520
vt 0.58939987 0.03274387
vt 0.58601362 0.03274387
vt 0.59278607 0.03226763
vt 0.59278607 0.03274387
vt 0.59278607 0.03210920
vt 0.57788008 0.04549235
vt 0.57788008 0.04533368
vt 0.58126640 0.04533368
vt 0.58465260 0.04565083
vt 0.57788008 0.04565083
vt 0.58465260 0.04580950
vt 0.57788008 0.04580950
vt 0.58126640 0.04596841
vt 0.57788008 0.04596841
vt 0.58465260 0.04549235
vt 0.58465260 0.04596841
vt 0.58465260 0.04533368
vt 0.68184412 0.00591952
vt 0.68023580 0.00098879
vt 0.68184412 0.00098879
vt 0.67862749 0.00098879
vt 0.67701918 0.01085031
vt 0.67701918 0.00098879
vt 0.67862749 0.01085031
vt 0.67541093 0.01085031
vt 0.67541093 0.00098879
vt 0.67380261 0.01085031
vt 0.67380261 0.00098879
vt 0.67219442 0.00098879
vt 0.67058611 0.01085031
vt 0.67058611 0.00098879
vt 0.66897780 0.00591952
vt 0.66897780 0.00098879
vt 0.67219442 0.01085031
vt 0.68023580 0.01085031
vt 0.66897780 0.01085031
vt 0.68184412 0.01085031
vt 0.98860222 0.71120042
vt 0.99176681 0.71120042
vt 0.99176681 0.72620970
vt 0.99176681 0.74121892
vt 0.99176681 0.75622821
vt 0.99176681 0.77123737
vt 0.99176681 0.78624672
vt 0.98543751 0.71120042
vt 0.98543751 0.73371428
vt 0.98543751 0.75622821
vt 0.98543751 0.77874207
vt 0.98543751 0.80125600
vt 0.99176681 0.80125600
vt 0.98860222 0.89131171
vt 0.99176681 0.81626529
vt 0.99176681 0.83127451
vt 0.99176681 0.84628379
vt 0.99176681 0.86129308
vt 0.99176681 0.87630242
vt 0.99176681 0.89131171
vt 0.98543751 0.82376993
vt 0.98543751 0.84628379
vt 0.98543751 0.89131171
vt 0.98543751 0.86879772
vt 0.89821029 0.95850992
vt 0.89677852 0.96728891
vt 0.89677852 0.95850992
vt 0.89534682 0.95850992
vt 0.89391512 0.96728891
vt 0.89391512 0.95850992
vt 0.89248341 0.96728891
vt 0.89248341 0.95850992
vt 0.89534682 0.96728891
vt 0.89105171 0.95850992
vt 0.88962001 0.96728891
vt 0.88962001 0.95850992
vt 0.88818830 0.95850992
vt 0.88818830 0.96289933
vt 0.89105171 0.96728891
vt 0.89964199 0.96289933
vt 0.89964199 0.95850992
vt 0.89821029 0.96728891
vt 0.89964199 0.96728891
vt 0.88818830 0.96728891
vt 0.74489719 0.22247180
vt 0.72824937 0.21896170
vt 0.74489719 0.21896170
vt 0.71160167 0.21896170
vt 0.67830622 0.21896170
vt 0.69495398 0.21896170
vt 0.66165853 0.21896170
vt 0.54512417 0.22247180
vt 0.62836301 0.21896170
vt 0.64501071 0.21896170
vt 0.61171520 0.21896170
vt 0.57841980 0.21896170
vt 0.59506750 0.21896170
vt 0.56177199 0.21896170
vt 0.71992558 0.22598200
vt 0.74489719 0.22598200
vt 0.69495398 0.22598200
vt 0.66998231 0.22598200
vt 0.64501071 0.22598200
vt 0.54512417 0.21896170
vt 0.62003911 0.22598200
vt 0.59506750 0.22598200
vt 0.57009578 0.22598200
vt 0.54512417 0.22598200
vt 0.90966398 0.91613948
vt 0.90823227 0.92491841
vt 0.90823227 0.91613948
vt 0.90680063 0.91613948
vt 0.90536892 0.92491841
vt 0.90536892 0.91613948
vt 0.90393722 0.92491841
vt 0.90393722 0.91613948
vt 0.90680063 0.92491841
vt 0.90250552 0.91613948
vt 0.90107369 0.92491841
vt 0.90107369 0.91613948
vt 0.89964199 0.91613948
vt 0.89964199 0.92052901
vt 0.90250552 0.92491841
vt 0.91109568 0.92052901
vt 0.91109568 0.91613948
vt 0.90966398 0.92491841
vt 0.91109568 0.92491841
vt 0.89964199 0.92491841
vt 0.54512417 0.23431110
vt 0.54512417 0.23080090
vt 0.56177199 0.23080090
vt 0.57841980 0.23080090
vt 0.59506750 0.23080090
vt 0.61171520 0.23080090
vt 0.62836301 0.23080090
vt 0.54512417 0.23782121
vt 0.57009578 0.23782121
vt 0.59506750 0.23782121
vt 0.62003911 0.23782121
vt 0.64501071 0.23782121
vt 0.64501071 0.23080090
vt 0.74489719 0.23431110
vt 0.66165853 0.23080090
vt 0.67830622 0.23080090
vt 0.69495398 0.23080090
vt 0.71160167 0.23080090
vt 0.72824937 0.23080090
vt 0.74489719 0.23080090
vt 0.66998231 0.23782121
vt 0.69495398 0.23782121
vt 0.74489719 0.23782121
vt 0.71992558 0.23782121
vt 0.66897780 0.01775854
vt 0.66736948 0.01282799
vt 0.66897780 0.01282799
vt 0.66576117 0.01282799
vt 0.66415292 0.02268958
vt 0.66415292 0.01282799
vt 0.66576117 0.02268958
vt 0.66254473 0.02268958
vt 0.66254473 0.01282799
vt 0.66093642 0.02268958
vt 0.66093642 0.01282799
vt 0.65932810 0.01282799
vt 0.65771979 0.02268958
vt 0.65771979 0.01282799
vt 0.65611148 0.01775854
vt 0.65611148 0.01282799
vt 0.65932810 0.02268958
vt 0.66736948 0.02268958
vt 0.65611148 0.02268958
vt 0.66897780 0.02268958
vt 0.99620068 0.71120042
vt 0.99303597 0.73371428
vt 0.99303597 0.71120042
vt 0.99303597 0.75622821
vt 0.99303597 0.80125600
vt 0.99303597 0.77874207
vt 0.99936539 0.80125600
vt 0.99620068 0.89131171
vt 0.99303597 0.82376993
vt 0.99303597 0.84628379
vt 0.99303597 0.89131171
vt 0.99303597 0.86879772
vt 0.99936539 0.72620970
vt 0.99936539 0.71120042
vt 0.99936539 0.74121892
vt 0.99936539 0.75622821
vt 0.99936539 0.77123737
vt 0.99936539 0.78624672
vt 0.99936539 0.81626529
vt 0.99936539 0.83127451
vt 0.99936539 0.84628379
vt 0.99936539 0.86129308
vt 0.99936539 0.87630242
vt 0.99936539 0.89131171
vt 0.93048590 0.71120042
vt 0.92767441 0.72620970
vt 0.92767441 0.71120042
vt 0.93048590 0.75622821
vt 0.92767441 0.75622821
vt 0.92767441 0.74121892
vt 0.92767441 0.77123737
vt 0.93048590 0.73371428
vt 0.93048590 0.80125600
vt 0.92767441 0.80125600
vt 0.92767441 0.78624672
vt 0.92767441 0.81626529
vt 0.93048590 0.82376993
vt 0.92767441 0.83127451
vt 0.93048590 0.84628379
vt 0.92767441 0.84628379
vt 0.92767441 0.86129308
vt 0.93048590 0.86879772
vt 0.93048590 0.77874207
vt 0.93048590 0.89131171
vt 0.92767441 0.89131171
vt 0.92767441 0.87630242
vt 0.95644557 0.85549051
vt 0.95960552 0.85665059
vt 0.95644557 0.85665059
vt 0.95960552 0.85781068
vt 0.95644557 0.85781068
vt 0.95644557 0.85839081
vt 0.95960552 0.85897082
vt 0.95644557 0.85897082
vt 0.95960552 0.85955089
vt 0.95644557 0.85955089
vt 0.95960552 0.85839081
vt 0.95644557 0.86013103
vt 0.95960552 0.86071098
vt 0.95644557 0.86071098
vt 0.95960552 0.86129111
vt 0.95644557 0.86129111
vt 0.95644557 0.86187112
vt 0.95960552 0.86245120
vt 0.95644557 0.86245120
vt 0.95644557 0.86361128
vt 0.95960552 0.86477143
vt 0.95644557 0.86477143
vt 0.95960552 0.86361128
vt 0.95960552 0.86187112
vt 0.95960552 0.86013103
vt 0.92710871 0.71120042
vt 0.92429721 0.72620970
vt 0.92429721 0.71120042
vt 0.92710871 0.73371428
vt 0.92710871 0.75622821
vt 0.92429721 0.74121892
vt 0.92429721 0.77123737
vt 0.92429721 0.75622821
vt 0.92710871 0.77874207
vt 0.92429721 0.78624672
vt 0.92710871 0.80125600
vt 0.92429721 0.80125600
vt 0.92429721 0.81626529
vt 0.92710871 0.84628379
vt 0.92429721 0.86129308
vt 0.92429721 0.84628379
vt 0.92710871 0.89131171
vt 0.92429721 0.87630242
vt 0.92710871 0.86879772
vt 0.92429721 0.83127451
vt 0.92710871 0.82376993
vt 0.94265169 0.45595300
vt 0.94651800 0.45737249
vt 0.94265169 0.45737249
vt 0.94651800 0.45879200
vt 0.94265169 0.45879200
vt 0.94265169 0.45950180
vt 0.94651800 0.46021149
vt 0.94265169 0.46021149
vt 0.94651800 0.46092120
vt 0.94265169 0.46092120
vt 0.94651800 0.45950180
vt 0.94265169 0.46163100
vt 0.94651800 0.46234071
vt 0.94265169 0.46234071
vt 0.94651800 0.46305051
vt 0.94265169 0.46305051
vt 0.94265169 0.46376020
vt 0.94651800 0.46447000
vt 0.94265169 0.46447000
vt 0.94265169 0.46588951
vt 0.94651800 0.46730891
vt 0.94265169 0.46730891
vt 0.94651800 0.46588951
vt 0.94651800 0.46376020
vt 0.94651800 0.46163100
vt 0.93105149 0.71120042
vt 0.93386298 0.72620970
vt 0.93105149 0.73371428
vt 0.93105149 0.75622821
vt 0.93386298 0.74121892
vt 0.93386298 0.75622821
vt 0.93386298 0.77123737
vt 0.93105149 0.77874207
vt 0.93105149 0.80125600
vt 0.93386298 0.78624672
vt 0.93386298 0.80125600
vt 0.93386298 0.81626529
vt 0.93105149 0.82376993
vt 0.93105149 0.84628379
vt 0.93386298 0.86129308
vt 0.93105149 0.86879772
vt 0.93105149 0.89131171
vt 0.93386298 0.87630242
vt 0.93386298 0.89131171
vt 0.93386298 0.83127451
vt 0.93386298 0.84628379
vt 0.95265013 0.85549051
vt 0.95580989 0.85665059
vt 0.95265013 0.85665059
vt 0.95580989 0.85781068
vt 0.95265013 0.85781068
vt 0.95265013 0.85839081
vt 0.95580989 0.85897082
vt 0.95265013 0.85897082
vt 0.95580989 0.85955089
vt 0.95265013 0.85955089
vt 0.95580989 0.85839081
vt 0.95265013 0.86013103
vt 0.95580989 0.86071098
vt 0.95265013 0.86071098
vt 0.95580989 0.86129111
vt 0.95265013 0.86129111
vt 0.95265013 0.86187112
vt 0.95580989 0.86245120
vt 0.95265013 0.86245120
vt 0.95265013 0.86361128
vt 0.95580989 0.86477143
vt 0.95265013 0.86477143
vt 0.95580989 0.86361128
vt 0.95580989 0.86187112
vt 0.95580989 0.86013103
vt 0.93724012 0.71120042
vt 0.93442857 0.72620970
vt 0.93442857 0.71120042
vt 0.93724012 0.75622821
vt 0.93442857 0.77123737
vt 0.93442857 0.75622821
vt 0.93724012 0.80125600
vt 0.93442857 0.78624672
vt 0.93724012 0.77874207
vt 0.93442857 0.74121892
vt 0.93724012 0.73371428
vt 0.93442857 0.81626529
vt 0.93442857 0.80125600
vt 0.93724012 0.82376993
vt 0.93724012 0.84628379
vt 0.93442857 0.83127451
vt 0.93442857 0.86129308
vt 0.93442857 0.84628379
vt 0.93724012 0.89131171
vt 0.93442857 0.87630242
vt 0.93724012 0.86879772
vt 0.95243478 0.45595300
vt 0.95630121 0.45737249
vt 0.95243478 0.45737249
vt 0.95630121 0.45879200
vt 0.95243478 0.45879200
vt 0.95243478 0.45950180
vt 0.95630121 0.46021149
vt 0.95243478 0.46021149
vt 0.95630121 0.46092120
vt 0.95243478 0.46092120
vt 0.95630121 0.45950180
vt 0.95243478 0.46163100
vt 0.95630121 0.46234071
vt 0.95243478 0.46234071
vt 0.95630121 0.46305051
vt 0.95243478 0.46305051
vt 0.95243478 0.46376020
vt 0.95630121 0.46447000
vt 0.95243478 0.46447000
vt 0.95243478 0.46588951
vt 0.95630121 0.46730891
vt 0.95243478 0.46730891
vt 0.95630121 0.46588951
vt 0.95630121 0.46376020
vt 0.95630121 0.46163100
vt 0.61392272 0.04336863
vt 0.93937409 0.84562522
vt 0.96411788 0.70845860
vt 0.92317730 0.47356549
vt 0.88456392 0.49483100
vt 0.97521108 0.52930957
vt 0.53522021 0.88324982
vt 0.53522021 0.98698997
vt 0.88259882 0.44657499
vt 0.45818669 0.52211207
vt 0.36862531 0.52211207
vt 0.43579641 0.24321690
vt 0.36862531 0.24321690
vt 0.82034111 0.89037162
vt 0.74653912 0.82070363
vt 0.20189820 0.73477811
vt 0.93092978 0.48515591
vt 0.94677871 0.84562522
vt 0.66064280 0.07663959
vt 0.86900288 0.81756181
vt 0.86535418 0.82390589
vt 0.61174607 0.96480471
vt 0.65864289 0.03911674
vt 0.65351027 0.04043233
vt 0.90628439 0.77762902
vt 0.58465260 0.02644896
vt 0.95960552 0.85549051
vt 0.92429721 0.89131171
vt 0.94651800 0.45595300
vt 0.93386298 0.71120042
vt 0.95580989 0.85549051
vt 0.93442857 0.89131171
vt 0.95630121 0.45595300
vt 0.00000000 0.00000000
vt 0.00000000 0.00000000
vt 0.00000000 0.00000000
vt 0.00000000 0.00000000
vt 0.00000000 0.00000000
vt 0.00000000 0.00000000
vt 0.00000000 0.00000000
vt 0.00000000 0.00000000
vt 0.00000000 0.00000000
vt 0.00000000 0.00000000
vt 0.00000000 0.00000000
vt 0.00000000 0.00000000
vt 0.00000000 0.00000000
vt 0.00000000 0.00000000
vt 0.00000000 0.00000000
vt 0.00000000 0.00000000
vt 0.00000000 0.00000000
vt 0.00000000 0.00000000
vt 0.00000000 0.00000000
vt 0.00000000 0.00000000
vt 0.00000000 0.00000000
vt 0.00000000 0.00000000
vt 0.00000000 0.00000000
vt 0.00000000 0.00000000
vt 0.00000000 0.00000000
vt 0.00000000 0.00000000
vt 0.92015320 0.44954371
vt 0.92069232 0.44954371
vt 0.92069232 0.44954371
vt 0.92420530 0.38187489
vt 0.92425740 0.38130710
vt 0.00000000 0.00000000
vt 0.00000000 0.00000000
vt 0.91853583 0.44954371
vt 0.92177051 0.44954371
vt 0.92403829 0.38245580
vt 0.92123139 0.44954371
vt 0.92230958 0.44954371
vt 0.92334330 0.38351381
vt 0.92374867 0.38301471
vt 0.92334330 0.37910041
vt 0.92284429 0.37869501
vt 0.92228532 0.37840551
vt 0.92284882 0.44954371
vt 0.92284429 0.38391909
vt 0.91584021 0.44954371
vt 0.92170441 0.37823841
vt 0.92420530 0.38073921
vt 0.92403829 0.38015831
vt 0.91799670 0.44954371
vt 0.92374867 0.37959930
vt 0.92228532 0.38420871
vt 0.91907489 0.44954371
vt 0.92170441 0.38437569
vt 0.91637927 0.44954371
vt 0.91691852 0.44954371
vt 0.91961402 0.44954371
vt 0.91745758 0.44954371
vt 0.91530108 0.44954371
vt 0.91422278 0.44954371
vt 0.91476202 0.44954371
vt 0.91961402 0.44954371
vt 0.91530108 0.44954371
vt 0.91745758 0.44954371
vt 0.91476202 0.44954371
vt 0.92015320 0.44954371
vt 0.91853583 0.44954371
vt 0.91637927 0.44954371
vt 0.91530108 0.44954371
vt 0.92123139 0.44954371
vt 0.91799670 0.44954371
vt 0.91907489 0.44954371
vt 0.91584021 0.44954371
vt 0.91961402 0.44954371
vt 0.92177051 0.44954371
vt 0.92230958 0.44954371
vt 0.91691852 0.44954371
vt 0.91853583 0.44954371
vt 0.92284882 0.44954371
vt 0.92425740 0.38130710
vt 0.92228532 0.38420871
vt 0.92284429 0.38391909
vt 0.92284429 0.38391909
vt 0.92228532 0.38420871
vt 0.91961402 0.44954371
vt 0.91530108 0.44954371
vt 0.91745758 0.44954371
vt 0.91691852 0.44954371
vt 0.91745758 0.44954371
vt 0.92170441 0.38437569
vt 0.92228532 0.38420871
vt 0.92228532 0.38420871
vt 0.92284429 0.37869501
vt 0.92228532 0.37840551
vt 0.92228532 0.37840551
vt 0.92425740 0.38130710
vt 0.92420530 0.38073921
vt 0.92420530 0.38073921
vt 0.91422278 0.44954371
vt 0.91476202 0.44954371
vt 0.92228532 0.37840551
vt 0.92170441 0.37823841
vt 0.92170441 0.37823841
vt 0.92374867 0.37959930
vt 0.92334330 0.37910041
vt 0.92334330 0.37910041
vt 0.92015320 0.44954371
vt 0.91961402 0.44954371
vt 0.92015320 0.44954371
vt 0.92420530 0.38073921
vt 0.92403829 0.38015831
vt 0.92403829 0.38015831
vt 0.91853583 0.44954371
vt 0.91799670 0.44954371
vt 0.91853583 0.44954371
vt 0.92230958 0.44954371
vt 0.92284882 0.44954371
vt 0.92284882 0.44954371
vt 0.91637927 0.44954371
vt 0.91584021 0.44954371
vt 0.91637927 0.44954371
vt 0.92420530 0.38187489
vt 0.92425740 0.38130710
vt 0.92425740 0.38130710
vt 0.92170441 0.37823841
vt 0.91422278 0.44954371
vt 0.91422278 0.44954371
vt 0.91530108 0.44954371
vt 0.91476202 0.44954371
vt 0.91530108 0.44954371
vt 0.92403829 0.38245580
vt 0.92420530 0.38187489
vt 0.92420530 0.38187489
vt 0.92284882 0.44954371
vt 0.92170441 0.38437569
vt 0.92170441 0.38437569
vt 0.92123139 0.44954371
vt 0.92069232 0.44954371
vt 0.92123139 0.44954371
vt 0.92403829 0.38015831
vt 0.92374867 0.37959930
vt 0.92374867 0.37959930
vt 0.91799670 0.44954371
vt 0.91745758 0.44954371
vt 0.91799670 0.44954371
vt 0.92334330 0.38351381
vt 0.92374867 0.38301471
vt 0.92374867 0.38301471
vt 0.91907489 0.44954371
vt 0.91853583 0.44954371
vt 0.91907489 0.44954371
vt 0.92284429 0.38391909
vt 0.92334330 0.38351381
vt 0.92334330 0.38351381
vt 0.91584021 0.44954371
vt 0.91530108 0.44954371
vt 0.91584021 0.44954371
vt 0.91961402 0.44954371
vt 0.91907489 0.44954371
vt 0.91961402 0.44954371
vt 0.92334330 0.37910041
vt 0.92284429 0.37869501
vt 0.92284429 0.37869501
vt 0.92177051 0.44954371
vt 0.92123139 0.44954371
vt 0.92177051 0.44954371
vt 0.92374867 0.38301471
vt 0.92403829 0.38245580
vt 0.92403829 0.38245580
vt 0.92230958 0.44954371
vt 0.92177051 0.44954371
vt 0.92230958 0.44954371
vt 0.91691852 0.44954371
vt 0.91637927 0.44954371
vt 0.91691852 0.44954371
vt 0.92069232 0.44954371
vt 0.92015320 0.44954371
vt 0.92069232 0.44954371
vt 0.91745758 0.45470759
vt 0.91530108 0.45470759
vt 0.92069232 0.45470759
vt 0.97514921 0.38351381
vt 0.97514921 0.37910041
vt 0.91961402 0.45470759
vt 0.92015320 0.45470759
vt 0.92015320 0.45470759
vt 0.91853583 0.45470759
vt 0.91907489 0.45470759
vt 0.92015320 0.45470759
vt 0.92069232 0.45470759
vt 0.97409117 0.38420871
vt 0.97465020 0.38391909
vt 0.97601122 0.38073921
vt 0.97584420 0.38015831
vt 0.97351032 0.38437569
vt 0.97606331 0.38130710
vt 0.97514921 0.37910041
vt 0.97465020 0.37869501
vt 0.91530108 0.45470759
vt 0.91584021 0.45470759
vt 0.92123139 0.45470759
vt 0.97555453 0.37959930
vt 0.91637927 0.45470759
vt 0.91691852 0.45470759
vt 0.97514921 0.38351381
vt 0.97555453 0.38301471
vt 0.91422278 0.45470759
vt 0.91476202 0.45470759
vt 0.91745758 0.45470759
vt 0.97351032 0.37823841
vt 0.97409117 0.37840551
vt 0.92284882 0.45470759
vt 0.97584420 0.38245580
vt 0.97601122 0.38187489
vt 0.92177051 0.45470759
vt 0.91961402 0.45470759
vt 0.92230958 0.45470759
vt 0.91799670 0.45470759
vt 0.91745758 0.45470759
vt 0.91530108 0.45470759
vt 0.97409117 0.37840551
vt 0.92177051 0.45470759
vt 0.92230958 0.45470759
vt 0.92230958 0.45470759
vt 0.97351032 0.37823841
vt 0.97409117 0.37840551
vt 0.97351032 0.37823841
vt 0.97606331 0.38130710
vt 0.97601122 0.38187489
vt 0.97606331 0.38130710
vt 0.97555453 0.37959930
vt 0.97584420 0.38015831
vt 0.97555453 0.37959930
vt 0.91907489 0.45470759
vt 0.91961402 0.45470759
vt 0.91961402 0.45470759
vt 0.92230958 0.45470759
vt 0.92284882 0.45470759
vt 0.92284882 0.45470759
vt 0.97584420 0.38245580
vt 0.97555453 0.38301471
vt 0.97584420 0.38245580
vt 0.91745758 0.45470759
vt 0.91799670 0.45470759
vt 0.91799670 0.45470759
vt 0.91799670 0.45470759
vt 0.91853583 0.45470759
vt 0.91853583 0.45470759
vt 0.91853583 0.45470759
vt 0.91907489 0.45470759
vt 0.91907489 0.45470759
vt 0.92015320 0.45470759
vt 0.92069232 0.45470759
vt 0.92069232 0.45470759
vt 0.97465020 0.38391909
vt 0.97409117 0.38420871
vt 0.97465020 0.38391909
vt 0.97584420 0.38015831
vt 0.97601122 0.38073921
vt 0.97584420 0.38015831
vt 0.97409117 0.38420871
vt 0.97351032 0.38437569
vt 0.97409117 0.38420871
vt 0.97601122 0.38073921
vt 0.97606331 0.38130710
vt 0.97601122 0.38073921
vt 0.97465020 0.37869501
vt 0.97514921 0.37910041
vt 0.97465020 0.37869501
vt 0.91530108 0.45470759
vt 0.91584021 0.45470759
vt 0.91584021 0.45470759
vt 0.92069232 0.45470759
vt 0.92123139 0.45470759
vt 0.92123139 0.45470759
vt 0.97514921 0.37910041
vt 0.97555453 0.37959930
vt 0.97514921 0.37910041
vt 0.91637927 0.45470759
vt 0.91691852 0.45470759
vt 0.91691852 0.45470759
vt 0.91584021 0.45470759
vt 0.91637927 0.45470759
vt 0.91637927 0.45470759
vt 0.97555453 0.38301471
vt 0.97514921 0.38351381
vt 0.97555453 0.38301471
vt 0.91422278 0.45470759
vt 0.91476202 0.45470759
vt 0.91476202 0.45470759
vt 0.91691852 0.45470759
vt 0.91745758 0.45470759
vt 0.91745758 0.45470759
vt 0.97514921 0.38351381
vt 0.97465020 0.38391909
vt 0.97514921 0.38351381
vt 0.91422278 0.45470759
vt 0.97351032 0.37823841
vt 0.91422278 0.45470759
vt 0.91476202 0.45470759
vt 0.91530108 0.45470759
vt 0.91530108 0.45470759
vt 0.97409117 0.37840551
vt 0.97465020 0.37869501
vt 0.97409117 0.37840551
vt 0.92284882 0.45470759
vt 0.97351032 0.38437569
vt 0.97351032 0.38437569
vt 0.97601122 0.38187489
vt 0.97584420 0.38245580
vt 0.97601122 0.38187489
vt 0.92123139 0.45470759
vt 0.92177051 0.45470759
vt 0.92177051 0.45470759
vt 0.81186217 0.53048933
vt 0.80580127 0.53048933
vt 0.93714470 0.35062671
vt 0.93539172 0.34657630
vt 0.81034702 0.53048933
vt 0.93731171 0.34891009
vt 0.93714470 0.34832919
vt 0.93714470 0.34832919
vt 0.93685508 0.35118559
vt 0.93714470 0.35062671
vt 0.81034702 0.53048933
vt 0.81110471 0.53048933
vt 0.93736380 0.34947801
vt 0.93731171 0.34891009
vt 0.93644971 0.35168460
vt 0.93481082 0.34640929
vt 0.80580127 0.53048933
vt 0.81413507 0.53048933
vt 0.81489271 0.53048933
vt 0.93539172 0.35237959
vt 0.93595070 0.35209000
vt 0.81792313 0.53048933
vt 0.93481082 0.35254660
vt 0.93595070 0.34686589
vt 0.93539172 0.34657630
vt 0.80958939 0.53048933
vt 0.81565028 0.53048933
vt 0.81640792 0.53048933
vt 0.80731660 0.53048933
vt 0.80807418 0.53048933
vt 0.81716549 0.53048933
vt 0.80655903 0.53048933
vt 0.81261992 0.53048933
vt 0.81337738 0.53048933
vt 0.81186217 0.53048933
vt 0.93714470 0.34832919
vt 0.93685508 0.34777021
vt 0.93644971 0.34727129
vt 0.93731171 0.35004580
vt 0.80883181 0.53048933
vt 0.81186217 0.53048933
vt 0.80580127 0.53048933
vt 0.93736380 0.34947801
vt 0.81186217 0.53048933
vt 0.81110471 0.53048933
vt 0.81186217 0.53048933
vt 0.93731171 0.35004580
vt 0.93736380 0.34947801
vt 0.93736380 0.34947801
vt 0.80731660 0.53048933
vt 0.80655903 0.53048933
vt 0.80731660 0.53048933
vt 0.80958939 0.53048933
vt 0.80883181 0.53048933
vt 0.80958939 0.53048933
vt 0.80883181 0.53048933
vt 0.80807418 0.53048933
vt 0.80883181 0.53048933
vt 0.93714470 0.35062671
vt 0.93731171 0.35004580
vt 0.93731171 0.35004580
vt 0.93481082 0.35254660
vt 0.93539172 0.35237959
vt 0.93539172 0.35237959
vt 0.81565028 0.53048933
vt 0.81489271 0.53048933
vt 0.81565028 0.53048933
vt 0.93539172 0.34657630
vt 0.93481082 0.34640929
vt 0.93481082 0.34640929
vt 0.81413507 0.53048933
vt 0.81337738 0.53048933
vt 0.81413507 0.53048933
vt 0.93644971 0.34727129
vt 0.93595070 0.34686589
vt 0.93595070 0.34686589
vt 0.93685508 0.35118559
vt 0.93714470 0.35062671
vt 0.93714470 0.35062671
vt 0.81110471 0.53048933
vt 0.81034702 0.53048933
vt 0.81110471 0.53048933
vt 0.93736380 0.34947801
vt 0.93731171 0.34891009
vt 0.93731171 0.34891009
vt 0.93644971 0.35168460
vt 0.93685508 0.35118559
vt 0.93685508 0.35118559
vt 0.93481082 0.34640929
vt 0.80580127 0.53048933
vt 0.80580127 0.53048933
vt 0.81489271 0.53048933
vt 0.81413507 0.53048933
vt 0.81489271 0.53048933
vt 0.93539172 0.35237959
vt 0.93595070 0.35209000
vt 0.93595070 0.35209000
vt 0.81792313 0.53048933
vt 0.93481082 0.35254660
vt 0.93481082 0.35254660
vt 0.93595070 0.35209000
vt 0.93644971 0.35168460
vt 0.93644971 0.35168460
vt 0.93595070 0.34686589
vt 0.93539172 0.34657630
vt 0.93539172 0.34657630
vt 0.81034702 0.53048933
vt 0.80958939 0.53048933
vt 0.81034702 0.53048933
vt 0.81640792 0.53048933
vt 0.81565028 0.53048933
vt 0.81640792 0.53048933
vt 0.80807418 0.53048933
vt 0.80731660 0.53048933
vt 0.80807418 0.53048933
vt 0.81716549 0.53048933
vt 0.81640792 0.53048933
vt 0.81716549 0.53048933
vt 0.80655903 0.53048933
vt 0.80580127 0.53048933
vt 0.80655903 0.53048933
vt 0.81337738 0.53048933
vt 0.81261992 0.53048933
vt 0.81337738 0.53048933
vt 0.81261992 0.53048933
vt 0.81186217 0.53048933
vt 0.81261992 0.53048933
vt 0.93714470 0.34832919
vt 0.93685508 0.34777021
vt 0.93685508 0.34777021
vt 0.81792313 0.53048933
vt 0.81716549 0.53048933
vt 0.81792313 0.53048933
vt 0.93685508 0.34777021
vt 0.93644971 0.34727129
vt 0.93644971 0.34727129
vt 0.81979221 0.33638400
vt 0.81052381 0.33638400
vt 0.81052381 0.32711589
vt 0.80906433 0.32933760
vt 0.80860418 0.33175001
vt 0.80860418 0.33175001
vt 0.81052381 0.32711589
vt 0.80906433 0.32933760
vt 0.80906433 0.32933760
vt 0.81757033 0.32565650
vt 0.81515801 0.32519639
vt 0.81515801 0.32519639
vt 0.81274557 0.33784339
vt 0.81515801 0.33830351
vt 0.81515801 0.33830351
vt 0.81979221 0.32711589
vt 0.81757033 0.32565650
vt 0.81757033 0.32565650
vt 0.80860418 0.33175001
vt 0.80906433 0.33416229
vt 0.80906433 0.33416229
vt 0.82125157 0.32933760
vt 0.81979221 0.32711589
vt 0.81979221 0.32711589
vt 0.81515801 0.33830351
vt 0.81757033 0.33784339
vt 0.81757033 0.33784339
vt 0.81515801 0.32519639
vt 0.81274557 0.32565650
vt 0.81274557 0.32565650
vt 0.81052381 0.33638400
vt 0.81274557 0.33784339
vt 0.81274557 0.33784339
vt 0.82125157 0.33416229
vt 0.82171172 0.33175001
vt 0.82171172 0.33175001
vt 0.81274557 0.32565650
vt 0.81052381 0.32711589
vt 0.81052381 0.32711589
vt 0.81979221 0.33638400
vt 0.82125157 0.33416229
vt 0.82125157 0.33416229
vt 0.82171172 0.33175001
vt 0.82125157 0.32933760
vt 0.82125157 0.32933760
vt 0.80906433 0.33416229
vt 0.81052381 0.33638400
vt 0.81052381 0.33638400
vt 0.81757033 0.33784339
vt 0.81979221 0.33638400
vt 0.81979221 0.33638400
vt 0.84545630 0.33830351
vt 0.84082210 0.33638400
vt 0.85009050 0.32711589
vt 0.85009050 0.32711589
vt 0.85154992 0.32933760
vt 0.85009050 0.32711589
vt 0.84082210 0.32711589
vt 0.83936268 0.32933760
vt 0.83936268 0.32933760
vt 0.84786868 0.33784339
vt 0.84545630 0.33830351
vt 0.84786868 0.33784339
vt 0.84304392 0.32565650
vt 0.84082210 0.32711589
vt 0.84082210 0.32711589
vt 0.85154992 0.33416229
vt 0.85009050 0.33638400
vt 0.85154992 0.33416229
vt 0.83936268 0.33416229
vt 0.84082210 0.33638400
vt 0.84082210 0.33638400
vt 0.84304392 0.33784339
vt 0.84545630 0.33830351
vt 0.84545630 0.33830351
vt 0.83936268 0.32933760
vt 0.83890247 0.33175001
vt 0.83890247 0.33175001
vt 0.85201001 0.33175001
vt 0.85154992 0.33416229
vt 0.85201001 0.33175001
vt 0.84545630 0.32519639
vt 0.84786868 0.32565650
vt 0.84545630 0.32519639
vt 0.84545630 0.32519639
vt 0.84304392 0.32565650
vt 0.84304392 0.32565650
vt 0.84786868 0.32565650
vt 0.85009050 0.32711589
vt 0.84786868 0.32565650
vt 0.83890247 0.33175001
vt 0.83936268 0.33416229
vt 0.83936268 0.33416229
vt 0.85009050 0.33638400
vt 0.84786868 0.33784339
vt 0.85009050 0.33638400
vt 0.85154992 0.32933760
vt 0.85201001 0.33175001
vt 0.85154992 0.32933760
vt 0.84082210 0.33638400
vt 0.84304392 0.33784339
vt 0.84304392 0.33784339
vt 0.00000000 0.00000000
vt 0.00000000 0.00000000
vt 0.00000000 0.00000000
vt 0.00000000 0.00000000
vt 0.00000000 0.00000000
vt 0.00000000 0.00000000
vt 0.00000000 0.00000000
vt 0.00000000 0.00000000
vt 0.00000000 0.00000000
vt 0.00000000 0.00000000
vt 0.00000000 0.00000000
vt 0.00000000 0.00000000
vt 0.92284882 0.44954371
vt 0.92230958 0.44954371
vt 0.92177051 0.44954371
vt 0.92123139 0.44954371
vt 0.92069232 0.44954371
vt 0.92015320 0.44954371
vt 0.91907489 0.44954371
vt 0.91853583 0.44954371
vt 0.91799670 0.44954371
vt 0.91745758 0.44954371
vt 0.91691852 0.44954371
vt 0.91637927 0.44954371
vt 0.91584021 0.44954371
vt 0.91476202 0.44954371
vt 0.91422278 0.44954371
vt 0.91422278 0.44954371
vt 0.92420530 0.38073921
vt 0.92403829 0.38015831
vt 0.92374867 0.37959930
vt 0.92334330 0.37910041
vt 0.92228532 0.37840551
vt 0.92284429 0.37869501
vt 0.92170441 0.37823841
vt 0.91422278 0.44954371
vt 0.91476202 0.44954371
vt 0.91530108 0.44954371
vt 0.91584021 0.44954371
vt 0.91637927 0.44954371
vt 0.91691852 0.44954371
vt 0.91745758 0.44954371
vt 0.91799670 0.44954371
vt 0.91907489 0.44954371
vt 0.91961402 0.44954371
vt 0.92015320 0.44954371
vt 0.92069232 0.44954371
vt 0.92123139 0.44954371
vt 0.92177051 0.44954371
vt 0.92230958 0.44954371
vt 0.92170441 0.38437569
vt 0.92228532 0.38420871
vt 0.92284429 0.38391909
vt 0.92334330 0.38351381
vt 0.92374867 0.38301471
vt 0.92403829 0.38245580
vt 0.92420530 0.38187489
vt 0.92228532 0.38420871
vt 0.92403829 0.38015831
vt 0.92420530 0.38073921
vt 0.92425740 0.38130710
vt 0.92420530 0.38187489
vt 0.92403829 0.38245580
vt 0.92374867 0.38301471
vt 0.92334330 0.38351381
vt 0.92284429 0.38391909
vt 0.92170441 0.38437569
vt 0.92284882 0.44954371
vt 0.92230958 0.44954371
vt 0.92177051 0.44954371
vt 0.92123139 0.44954371
vt 0.92069232 0.44954371
vt 0.92015320 0.44954371
vt 0.91907489 0.44954371
vt 0.91853583 0.44954371
vt 0.91799670 0.44954371
vt 0.91745758 0.44954371
vt 0.91691852 0.44954371
vt 0.91637927 0.44954371
vt 0.91584021 0.44954371
vt 0.91476202 0.44954371
vt 0.92228532 0.37840551
vt 0.91422278 0.44954371
vt 0.92170441 0.37823841
vt 0.92284429 0.37869501
vt 0.92374867 0.37959930
vt 0.92334330 0.37910041
vt 0.91691852 0.44954371
vt 0.92170441 0.38437569
vt 0.92284429 0.37869501
vt 0.92425740 0.38130710
vt 0.91422278 0.44954371
vt 0.92228532 0.37840551
vt 0.92374867 0.37959930
vt 0.91961402 0.44954371
vt 0.92420530 0.38073921
vt 0.91799670 0.44954371
vt 0.92230958 0.44954371
vt 0.91584021 0.44954371
vt 0.92420530 0.38187489
vt 0.92170441 0.37823841
vt 0.91476202 0.44954371
vt 0.92403829 0.38245580
vt 0.92284882 0.44954371
vt 0.92069232 0.44954371
vt 0.92403829 0.38015831
vt 0.91745758 0.44954371
vt 0.92334330 0.38351381
vt 0.91853583 0.44954371
vt 0.92284429 0.38391909
vt 0.91530108 0.44954371
vt 0.91907489 0.44954371
vt 0.92334330 0.37910041
vt 0.92123139 0.44954371
vt 0.92374867 0.38301471
vt 0.92177051 0.44954371
vt 0.91637927 0.44954371
vt 0.92015320 0.44954371
vt 0.92284882 0.45470759
vt 0.92230958 0.45470759
vt 0.92177051 0.45470759
vt 0.92123139 0.45470759
vt 0.92069232 0.45470759
vt 0.92015320 0.45470759
vt 0.91961402 0.45470759
vt 0.91907489 0.45470759
vt 0.91853583 0.45470759
vt 0.91799670 0.45470759
vt 0.91691852 0.45470759
vt 0.91584021 0.45470759
vt 0.91637927 0.45470759
vt 0.91476202 0.45470759
vt 0.91422278 0.45470759
vt 0.97465020 0.37869501
vt 0.91530108 0.45470759
vt 0.97409117 0.37840551
vt 0.97351032 0.37823841
vt 0.91422278 0.45470759
vt 0.91476202 0.45470759
vt 0.91584021 0.45470759
vt 0.91637927 0.45470759
vt 0.91691852 0.45470759
vt 0.91745758 0.45470759
vt 0.91799670 0.45470759
vt 0.91853583 0.45470759
vt 0.91907489 0.45470759
vt 0.91961402 0.45470759
vt 0.92015320 0.45470759
vt 0.92123139 0.45470759
vt 0.92177051 0.45470759
vt 0.92230958 0.45470759
vt 0.92284882 0.45470759
vt 0.97351032 0.38437569
vt 0.97409117 0.38420871
vt 0.97465020 0.38391909
vt 0.97555453 0.38301471
vt 0.97606331 0.38130710
vt 0.97584420 0.38245580
vt 0.97601122 0.38187489
vt 0.97601122 0.38073921
vt 0.97584420 0.38015831
vt 0.97555453 0.37959930
vt 0.91961402 0.45470759
vt 0.97465020 0.37869501
vt 0.97514921 0.37910041
vt 0.97555453 0.37959930
vt 0.97584420 0.38015831
vt 0.97601122 0.38073921
vt 0.97584420 0.38245580
vt 0.97606331 0.38130710
vt 0.97601122 0.38187489
vt 0.97555453 0.38301471
vt 0.97409117 0.38420871
vt 0.97514921 0.38351381
vt 0.97465020 0.38391909
vt 0.97351032 0.38437569
vt 0.92284882 0.45470759
vt 0.92230958 0.45470759
vt 0.92177051 0.45470759
vt 0.92123139 0.45470759
vt 0.92069232 0.45470759
vt 0.92015320 0.45470759
vt 0.91961402 0.45470759
vt 0.91907489 0.45470759
vt 0.91853583 0.45470759
vt 0.91799670 0.45470759
vt 0.91691852 0.45470759
vt 0.91637927 0.45470759
vt 0.91584021 0.45470759
vt 0.91476202 0.45470759
vt 0.91422278 0.45470759
vt 0.97351032 0.37823841
vt 0.92177051 0.45470759
vt 0.97409117 0.37840551
vt 0.97601122 0.38187489
vt 0.97584420 0.38015831
vt 0.91907489 0.45470759
vt 0.92230958 0.45470759
vt 0.97555453 0.38301471
vt 0.91745758 0.45470759
vt 0.91799670 0.45470759
vt 0.91853583 0.45470759
vt 0.92015320 0.45470759
vt 0.97409117 0.38420871
vt 0.97601122 0.38073921
vt 0.97351032 0.38437569
vt 0.97606331 0.38130710
vt 0.97514921 0.37910041
vt 0.91530108 0.45470759
vt 0.92069232 0.45470759
vt 0.97555453 0.37959930
vt 0.91637927 0.45470759
vt 0.91584021 0.45470759
vt 0.97514921 0.38351381
vt 0.91422278 0.45470759
vt 0.91691852 0.45470759
vt 0.97465020 0.38391909
vt 0.97351032 0.37823841
vt 0.91476202 0.45470759
vt 0.97465020 0.37869501
vt 0.92284882 0.45470759
vt 0.97584420 0.38245580
vt 0.92123139 0.45470759
vt 0.81792313 0.53048933
vt 0.81716549 0.53048933
vt 0.81489271 0.53048933
vt 0.81640792 0.53048933
vt 0.81565028 0.53048933
vt 0.81413507 0.53048933
vt 0.81337738 0.53048933
vt 0.81261992 0.53048933
vt 0.81110471 0.53048933
vt 0.81034702 0.53048933
vt 0.80958939 0.53048933
vt 0.80883181 0.53048933
vt 0.80807418 0.53048933
vt 0.80655903 0.53048933
vt 0.80731660 0.53048933
vt 0.93731171 0.35004580
vt 0.93736380 0.34947801
vt 0.93731171 0.34891009
vt 0.93714470 0.34832919
vt 0.93685508 0.34777021
vt 0.93595070 0.34686589
vt 0.93644971 0.34727129
vt 0.93481082 0.34640929
vt 0.80655903 0.53048933
vt 0.80580127 0.53048933
vt 0.80731660 0.53048933
vt 0.80807418 0.53048933
vt 0.80883181 0.53048933
vt 0.80958939 0.53048933
vt 0.81110471 0.53048933
vt 0.81186217 0.53048933
vt 0.81261992 0.53048933
vt 0.81337738 0.53048933
vt 0.81413507 0.53048933
vt 0.81489271 0.53048933
vt 0.81565028 0.53048933
vt 0.81640792 0.53048933
vt 0.81716549 0.53048933
vt 0.81792313 0.53048933
vt 0.93481082 0.35254660
vt 0.93539172 0.35237959
vt 0.93595070 0.35209000
vt 0.93644971 0.35168460
vt 0.93685508 0.35118559
vt 0.93731171 0.34891009
vt 0.93731171 0.35004580
vt 0.93714470 0.35062671
vt 0.93685508 0.35118559
vt 0.93644971 0.35168460
vt 0.93595070 0.35209000
vt 0.93539172 0.35237959
vt 0.93481082 0.35254660
vt 0.81792313 0.53048933
vt 0.81716549 0.53048933
vt 0.81489271 0.53048933
vt 0.81640792 0.53048933
vt 0.81565028 0.53048933
vt 0.81413507 0.53048933
vt 0.81337738 0.53048933
vt 0.81261992 0.53048933
vt 0.81110471 0.53048933
vt 0.81034702 0.53048933
vt 0.80958939 0.53048933
vt 0.80883181 0.53048933
vt 0.80807418 0.53048933
vt 0.80655903 0.53048933
vt 0.80731660 0.53048933
vt 0.93481082 0.34640929
vt 0.93539172 0.34657630
vt 0.93595070 0.34686589
vt 0.93714470 0.34832919
vt 0.93644971 0.34727129
vt 0.93685508 0.34777021
vt 0.93731171 0.34891009
vt 0.81110471 0.53048933
vt 0.93731171 0.35004580
vt 0.80655903 0.53048933
vt 0.80883181 0.53048933
vt 0.80807418 0.53048933
vt 0.93714470 0.35062671
vt 0.93481082 0.35254660
vt 0.81489271 0.53048933
vt 0.93539172 0.34657630
vt 0.81337738 0.53048933
vt 0.93644971 0.34727129
vt 0.93685508 0.35118559
vt 0.81034702 0.53048933
vt 0.93736380 0.34947801
vt 0.93644971 0.35168460
vt 0.93481082 0.34640929
vt 0.81413507 0.53048933
vt 0.93539172 0.35237959
vt 0.81792313 0.53048933
vt 0.93595070 0.35209000
vt 0.93595070 0.34686589
vt 0.80958939 0.53048933
vt 0.81565028 0.53048933
vt 0.80731660 0.53048933
vt 0.81640792 0.53048933
vt 0.80580127 0.53048933
vt 0.81261992 0.53048933
vt 0.81186217 0.53048933
vt 0.93714470 0.34832919
vt 0.81716549 0.53048933
vt 0.93685508 0.34777021
vt 0.81274557 0.32565650
vt 0.81515801 0.32519639
vt 0.81757033 0.32565650
vt 0.81979221 0.32711589
vt 0.82125157 0.32933760
vt 0.82171172 0.33175001
vt 0.82125157 0.33416229
vt 0.81757033 0.33784339
vt 0.81515801 0.33830351
vt 0.81274557 0.33784339
vt 0.80906433 0.33416229
vt 0.80860418 0.33175001
vt 0.80906433 0.32933760
vt 0.80906433 0.32933760
vt 0.81052381 0.32711589
vt 0.81757033 0.32565650
vt 0.81274557 0.33784339
vt 0.81979221 0.32711589
vt 0.80860418 0.33175001
vt 0.82125157 0.32933760
vt 0.81515801 0.33830351
vt 0.81515801 0.32519639
vt 0.81052381 0.33638400
vt 0.82125157 0.33416229
vt 0.81274557 0.32565650
vt 0.81979221 0.33638400
vt 0.82171172 0.33175001
vt 0.80906433 0.33416229
vt 0.81757033 0.33784339
vt 0.83936268 0.33416229
vt 0.84082210 0.32711589
vt 0.83890247 0.33175001
vt 0.83936268 0.32933760
vt 0.84304392 0.32565650
vt 0.84545630 0.32519639
vt 0.84786868 0.32565650
vt 0.85154992 0.32933760
vt 0.85201001 0.33175001
vt 0.85154992 0.33416229
vt 0.85009050 0.33638400
vt 0.84786868 0.33784339
vt 0.84304392 0.33784339
vt 0.85154992 0.32933760
vt 0.84082210 0.32711589
vt 0.84545630 0.33830351
vt 0.84304392 0.32565650
vt 0.85009050 0.33638400
vt 0.83936268 0.33416229
vt 0.84304392 0.33784339
vt 0.83936268 0.32933760
vt 0.85154992 0.33416229
vt 0.84786868 0.32565650
vt 0.84545630 0.32519639
vt 0.85009050 0.32711589
vt 0.83890247 0.33175001
vt 0.84786868 0.33784339
vt 0.85201001 0.33175001
vt 0.84082210 0.33638400
vt 0.00000000 0.00000000
vt 0.00000000 0.00000000
vt 0.00000000 0.00000000
vt 0.00000000 0.00000000
vt 0.00000000 0.00000000
vt 0.00000000 0.00000000
vt 0.00000000 0.00000000
vt 0.00000000 0.00000000
vt 0.00000000 0.00000000
vt 0.00000000 0.00000000
vt 0.00000000 0.00000000
vt 0.00000000 0.00000000
vt 0.00000000 0.00000000
vt 0.00000000 0.00000000
vt 0.00000000 0.00000000
vt 0.00000000 0.00000000
vt 0.00000000 0.00000000
vt 0.00000000 0.00000000
vt 0.00000000 0.00000000
vt 0.00000000 0.00000000
vt 0.00000000 0.00000000
vt 0.00000000 0.00000000
vt 0.00000000 0.00000000
vt 0.00000000 0.00000000
vt 0.00000000 0.00000000
vt 0.00000000 0.00000000
vt 0.00000000 0.00000000
vt 0.00000000 0.00000000
vt 0.00000000 0.00000000
vt 0.00000000 0.00000000
vt 0.00000000 0.00000000
vt 0.00000000 0.00000000
vt 0.00000000 0.00000000
vt 0.00000000 0.00000000
vt 0.00000000 0.00000000
vt 0.00000000 0.00000000
vt 0.00000000 0.00000000
vt 0.00000000 0.00000000
vt 0.00000000 0.00000000
vt 0.00000000 0.00000000
vt 0.00000000 0.00000000
vt 0.00000000 0.00000000
vt 0.00000000 0.00000000
vt 0.00000000 0.00000000
vt 0.00000000 0.00000000
vt 0.00000000 0.00000000
vt 0.00000000 0.00000000
vt 0.00000000 0.00000000
vt 0.00000000 0.00000000
vt 0.00000000 0.00000000
vt 0.00000000 0.00000000
vt 0.00000000 0.00000000
vt 0.00000000 0.00000000
vt 0.00000000 0.00000000
vt 0.00000000 0.00000000
vt 0.00000000 0.00000000
vt 0.00000000 0.00000000
vt 0.00000000 0.00000000
f 1/1 2/2 3/3
f 4/4 5/5 6/6
f 2/2 7/7 4/4
f 6/6 8/8 9/9
f 9/9 10/10 11/11
f 12/12 13/13 14/14
f 14/14 15/15 16/16
f 11/11 17/17 12/12
f 18/18 2/2 1/1
f 14/14 13/13 15/15
f 15/15 13/13 19/19
f 20/20 18/18 1/1
f 21/21 22/22 23/23
f 24/24 25/25 26/26
f 27/27 26/26 28/28
f 29/29 23/23 25/25
f 30/30 31/31 32/32
f 30/30 32/32 33/33
f 34/34 28/28 31/31
f 22/22 35/35 36/36
f 32/32 37/37 33/33
f 35/35 22/22 38/38
f 39/39 40/40 41/41
f 42/42 43/43 44/44
f 44/44 45/45 46/46
f 41/41 47/47 42/42
f 48/48 49/49 50/50
f 51/51 50/50 52/52
f 50/50 49/49 52/52
f 46/46 53/53 48/48
f 54/54 39/39 55/55
f 56/56 54/54 57/57
f 49/49 58/58 52/52
f 54/54 56/56 39/39
f 59/59 60/60 61/61
f 62/62 63/63 60/60
f 64/64 61/61 65/65
f 66/66 67/67 68/68
f 69/69 68/68 70/70
f 69/69 71/71 72/72
f 73/73 65/65 67/67
f 74/74 75/75 76/76
f 63/63 74/74 77/77
f 69/69 70/70 71/71
f 71/71 70/70 78/78
f 74/74 63/63 75/75
f 79/79 80/80 81/81
f 82/82 83/83 84/84
f 80/80 85/85 82/82
f 84/84 86/86 87/87
f 87/87 88/88 89/89
f 90/90 91/91 92/92
f 92/92 93/93 94/94
f 89/89 95/95 90/90
f 96/96 79/79 97/97
f 92/92 91/91 93/93
f 93/93 91/91 98/98
f 99/99 100/100 101/101
f 102/102 103/103 99/99
f 104/104 105/105 102/102
f 106/106 107/107 104/104
f 108/108 109/109 106/106
f 110/110 111/111 108/108
f 101/101 100/100 112/112
f 101/101 113/113 99/99
f 102/102 113/113 114/114
f 101/101 112/112 115/115
f 116/116 110/110 117/117
f 104/104 118/118 106/106
f 106/106 119/119 108/108
f 104/104 114/114 120/120
f 121/121 115/115 122/122
f 123/123 124/124 110/110
f 119/119 110/110 108/108
f 117/117 110/110 124/124
f 124/124 123/123 125/125
f 101/101 115/115 121/121
f 126/126 127/127 128/128
f 129/129 130/130 131/131
f 127/127 132/132 129/129
f 131/131 133/133 134/134
f 134/134 135/135 136/136
f 137/137 138/138 139/139
f 139/139 140/140 141/141
f 136/136 142/142 137/137
f 143/143 127/127 126/126
f 138/138 140/140 139/139
f 144/144 143/143 126/126
f 145/145 146/146 147/147
f 148/148 149/149 146/146
f 150/150 147/147 151/151
f 152/152 151/151 153/153
f 154/154 155/155 156/156
f 157/157 153/153 155/155
f 149/149 158/158 159/159
f 154/154 156/156 160/160
f 160/160 156/156 161/161
f 162/162 149/149 159/159
f 163/163 164/164 165/165
f 166/166 167/167 168/168
f 165/165 169/169 166/166
f 170/170 171/171 172/172
f 173/173 174/174 175/175
f 175/175 176/176 177/177
f 172/172 178/178 173/173
f 168/168 179/179 170/170
f 180/180 181/181 182/182
f 183/183 184/184 185/185
f 182/182 186/186 183/183
f 187/187 188/188 189/189
f 190/190 189/189 191/191
f 189/189 188/188 191/191
f 185/185 192/192 187/187
f 177/177 193/193 180/180
f 194/194 163/163 195/195
f 196/196 194/194 197/197
f 188/188 198/198 191/191
f 163/163 194/194 196/196
f 199/199 200/200 201/201
f 202/202 203/203 204/204
f 205/205 199/199 206/206
f 205/205 207/207 200/200
f 199/199 205/205 200/200
f 208/208 209/209 210/210
f 211/211 212/212 213/213
f 211/211 214/214 215/215
f 216/216 217/217 218/218
f 218/218 217/217 219/219
f 220/220 221/221 218/218
f 215/215 222/222 220/220
f 207/207 203/203 200/200
f 202/202 204/204 209/209
f 208/208 210/210 212/212
f 220/220 222/222 223/223
f 218/218 221/221 224/224
f 217/217 216/216 225/225
f 218/218 224/224 216/216
f 215/215 214/214 226/226
f 227/227 228/228 229/229
f 230/230 231/231 232/232
f 228/228 233/233 230/230
f 232/232 234/234 235/235
f 235/235 236/236 237/237
f 238/238 239/239 240/240
f 240/240 241/241 242/242
f 237/237 243/243 238/238
f 244/244 228/228 227/227
f 240/240 239/239 241/241
f 241/241 239/239 245/245
f 246/246 244/244 227/227
f 247/247 248/248 249/249
f 250/250 251/251 252/252
f 249/249 253/253 250/250
f 254/254 255/255 256/256
f 257/257 258/258 259/259
f 259/259 260/260 261/261
f 256/256 262/262 257/257
f 252/252 263/263 254/254
f 264/264 265/265 266/266
f 267/267 268/268 269/269
f 266/266 270/270 267/267
f 271/271 272/272 273/273
f 274/274 273/273 275/275
f 273/273 272/272 275/275
f 269/269 276/276 271/271
f 261/261 277/277 264/264
f 278/278 247/247 279/279
f 280/280 278/278 281/281
f 272/272 282/282 275/275
f 247/247 278/278 280/280
f 283/283 284/284 285/285
f 284/284 286/286 287/287
f 288/288 283/283 289/289
f 288/288 290/290 284/284
f 283/283 288/288 284/284
f 287/287 291/291 292/292
f 292/292 293/293 294/294
f 294/294 295/295 296/296
f 297/297 298/298 299/299
f 299/299 298/298 300/300
f 301/301 302/302 299/299
f 296/296 303/303 301/301
f 287/287 286/286 304/304
f 294/294 293/293 305/305
f 292/292 291/291 306/306
f 301/301 303/303 307/307
f 299/299 302/302 308/308
f 298/298 297/297 309/309
f 299/299 308/308 297/297
f 296/296 295/295 310/310
f 311/311 312/312 313/313
f 314/314 315/315 316/316
f 312/312 317/317 314/314
f 316/316 318/318 319/319
f 319/319 320/320 321/321
f 322/322 323/323 324/324
f 324/324 325/325 326/326
f 321/321 327/327 322/322
f 328/328 312/312 311/311
f 324/324 323/323 325/325
f 325/325 323/323 329/329
f 330/330 328/328 311/311
f 331/331 332/332 333/333
f 334/334 335/335 336/336
f 333/333 337/337 334/334
f 338/338 339/339 340/340
f 341/341 342/342 343/343
f 343/343 344/344 345/345
f 340/340 346/346 341/341
f 336/336 347/347 338/338
f 348/348 349/349 350/350
f 351/351 352/352 353/353
f 350/350 354/354 351/351
f 355/355 356/356 357/357
f 358/358 357/357 359/359
f 357/357 356/356 359/359
f 353/353 360/360 355/355
f 345/345 361/361 348/348
f 362/362 331/331 363/363
f 364/364 362/362 365/365
f 356/356 366/366 359/359
f 331/331 362/362 364/364
f 367/367 368/368 369/369
f 370/370 371/371 372/372
f 373/373 367/367 374/374
f 374/374 375/375 373/373
f 368/368 367/367 373/373
f 376/376 377/377 378/378
f 379/379 380/380 381/381
f 382/382 383/383 384/384
f 379/379 385/385 386/386
f 387/387 388/388 384/384
f 387/387 389/389 390/390
f 384/384 389/389 387/387
f 386/386 391/391 382/382
f 373/373 392/392 368/368
f 368/368 392/392 371/371
f 376/376 378/378 380/380
f 370/370 372/372 377/377
f 386/386 385/385 393/393
f 382/382 391/391 394/394
f 384/384 383/383 395/395
f 390/390 389/389 396/396
f 384/384 395/395 389/389
f 397/397 398/398 399/399
f 400/400 401/401 402/402
f 398/398 403/403 400/400
f 402/402 404/404 405/405
f 405/405 406/406 407/407
f 408/408 409/409 410/410
f 410/410 411/411 412/412
f 407/407 413/413 408/408
f 414/414 398/398 397/397
f 410/410 409/409 411/411
f 411/411 409/409 415/415
f 416/416 414/414 397/397
f 417/417 418/418 419/419
f 420/420 421/421 422/422
f 422/422 423/423 424/424
f 419/419 425/425 420/420
f 426/426 427/427 428/428
f 429/429 428/428 430/430
f 428/428 427/427 430/430
f 424/424 431/431 426/426
f 432/432 417/417 433/433
f 434/434 432/432 435/435
f 427/427 436/436 430/430
f 432/432 434/434 417/417
f 437/437 438/438 439/439
f 440/440 441/441 442/442
f 443/443 442/442 444/444
f 445/445 439/439 441/441
f 446/446 447/447 448/448
f 446/446 448/448 449/449
f 450/450 444/444 447/447
f 438/438 451/451 452/452
f 448/448 453/453 449/449
f 451/451 438/438 454/454
f 455/455 456/456 457/457
f 458/458 459/459 460/460
f 456/456 461/461 458/458
f 460/460 462/462 463/463
f 463/463 464/464 465/465
f 466/466 467/467 468/468
f 468/468 469/469 470/470
f 465/465 471/471 466/466
f 472/472 456/456 455/455
f 468/468 467/467 469/469
f 469/469 467/467 473/473
f 474/474 472/472 455/455
f 475/475 476/476 477/477
f 478/478 479/479 480/480
f 481/481 480/480 482/482
f 483/483 477/477 479/479
f 484/484 485/485 486/486
f 484/484 486/486 487/487
f 488/488 482/482 485/485
f 476/476 489/489 490/490
f 486/486 491/491 487/487
f 489/489 476/476 492/492
f 493/493 494/494 495/495
f 496/496 497/497 498/498
f 494/494 499/499 496/496
f 498/498 500/500 501/501
f 501/501 502/502 503/503
f 504/504 505/505 506/506
f 506/506 507/507 508/508
f 503/503 509/509 504/504
f 510/510 494/494 493/493
f 506/506 505/505 507/507
f 507/507 505/505 511/511
f 512/512 510/510 493/493
f 513/513 514/514 515/515
f 516/516 517/517 513/513
f 518/518 519/519 516/516
f 520/520 521/521 518/518
f 522/522 523/523 520/520
f 524/524 525/525 522/522
f 515/515 514/514 526/526
f 513/513 527/527 528/528
f 516/516 528/528 529/529
f 515/515 526/526 530/530
f 531/531 532/532 524/524
f 518/518 533/533 520/520
f 520/520 534/534 522/522
f 516/516 535/535 518/518
f 527/527 530/530 536/536
f 537/537 538/538 524/524
f 537/537 522/522 534/534
f 531/531 524/524 538/538
f 538/538 537/537 539/539
f 515/515 530/530 527/527
f 540/540 541/541 542/542
f 543/543 544/544 545/545
f 545/545 546/546 547/547
f 542/542 548/548 543/543
f 549/549 550/550 551/551
f 552/552 551/551 553/553
f 551/551 550/550 553/553
f 547/547 554/554 549/549
f 555/555 540/540 556/556
f 557/557 555/555 558/558
f 550/550 559/559 553/553
f 555/555 557/557 540/540
f 560/560 561/561 562/562
f 563/563 564/564 560/560
f 565/565 566/566 563/563
f 567/567 568/568 565/565
f 569/569 570/570 567/567
f 571/571 572/572 569/569
f 562/562 561/561 573/573
f 560/560 574/574 575/575
f 560/560 576/576 563/563
f 562/562 573/573 577/577
f 578/578 579/579 571/571
f 567/567 580/580 581/581
f 569/569 581/581 582/582
f 563/563 580/580 565/565
f 574/574 577/577 583/583
f 584/584 585/585 571/571
f 584/584 569/569 582/582
f 578/578 571/571 585/585
f 585/585 584/584 586/586
f 562/562 577/577 574/574
f 587/587 588/588 589/589
f 590/590 591/591 592/592
f 592/592 593/593 594/594
f 589/589 595/595 590/590
f 596/596 597/597 598/598
f 599/599 598/598 600/600
f 597/597 600/600 598/598
f 594/594 601/601 596/596
f 602/602 587/587 603/603
f 604/604 602/602 605/605
f 602/602 604/604 587/587
f 606/606 607/607 608/608
f 609/609 610/610 607/607
f 611/611 608/608 612/612
f 613/613 614/614 615/615
f 616/616 615/615 617/617
f 616/616 618/618 619/619
f 620/620 612/612 614/614
f 621/621 622/622 623/623
f 610/610 621/621 624/624
f 616/616 617/617 618/618
f 618/618 617/617 625/625
f 621/621 610/610 622/622
f 626/626 627/627 628/628
f 629/629 630/630 631/631
f 631/631 632/632 633/633
f 628/628 634/634 629/629
f 635/635 636/636 637/637
f 638/638 637/637 639/639
f 637/637 636/636 639/639
f 633/633 640/640 635/635
f 641/641 626/626 642/642
f 643/643 641/641 644/644
f 636/636 645/645 639/639
f 641/641 643/643 626/626
f 646/646 647/647 648/648
f 649/649 650/650 647/647
f 651/651 648/648 652/652
f 653/653 654/654 655/655
f 656/656 655/655 657/657
f 656/656 658/658 659/659
f 660/660 652/652 654/654
f 650/650 661/661 662/662
f 650/650 663/663 664/664
f 656/656 657/657 658/658
f 658/658 657/657 665/665
f 663/663 650/650 662/662
f 666/666 667/667 668/668
f 669/669 670/670 671/671
f 671/671 672/672 673/673
f 668/668 674/674 669/669
f 675/675 676/676 677/677
f 678/678 677/677 679/679
f 676/676 679/679 677/677
f 673/673 680/680 675/675
f 681/681 666/666 682/682
f 683/683 681/681 684/684
f 681/681 683/683 666/666
f 685/685 686/686 687/687
f 688/688 689/689 685/685
f 690/690 691/691 688/688
f 692/692 693/693 690/690
f 694/694 695/695 692/692
f 696/696 697/697 694/694
f 687/687 686/686 698/698
f 685/685 699/699 700/700
f 688/688 700/700 701/701
f 687/687 698/698 702/702
f 703/703 704/704 696/696
f 692/692 705/705 706/706
f 692/692 707/707 694/694
f 690/690 701/701 705/705
f 699/699 702/702 708/708
f 709/709 710/710 696/696
f 694/694 709/709 696/696
f 703/703 696/696 710/710
f 687/687 702/702 699/699
f 711/711 712/712 713/713
f 714/714 715/715 716/716
f 712/712 717/717 714/714
f 716/716 718/718 719/719
f 719/719 720/720 721/721
f 722/722 723/723 724/724
f 724/724 725/725 726/726
f 721/721 727/727 722/722
f 728/728 712/712 711/711
f 724/724 723/723 725/725
f 725/725 723/723 729/729
f 730/730 728/728 711/711
f 731/731 732/732 733/733
f 734/734 735/735 731/731
f 736/736 737/737 734/734
f 738/738 739/739 736/736
f 740/740 741/741 738/738
f 742/742 743/743 740/740
f 733/733 732/732 744/744
f 731/731 745/745 746/746
f 731/731 747/747 734/734
f 733/733 744/744 748/748
f 749/749 742/742 750/750
f 738/738 751/751 752/752
f 740/740 752/752 753/753
f 734/734 751/751 736/736
f 745/745 748/748 754/754
f 755/755 756/756 742/742
f 755/755 740/740 753/753
f 750/750 742/742 756/756
f 756/756 755/755 757/757
f 733/733 748/748 745/745
f 758/758 759/759 760/760
f 761/761 762/762 763/763
f 763/763 764/764 765/765
f 760/760 766/766 761/761
f 767/767 768/768 769/769
f 770/770 769/769 771/771
f 769/769 768/768 771/771
f 765/765 772/772 767/767
f 773/773 758/758 774/774
f 775/775 773/773 776/776
f 768/768 777/777 771/771
f 773/773 775/775 758/758
f 778/778 779/779 780/780
f 781/781 782/782 778/778
f 783/783 784/784 781/781
f 785/785 786/786 783/783
f 787/787 788/788 785/785
f 789/789 790/790 787/787
f 791/791 792/792 780/780
f 778/778 793/793 794/794
f 778/778 795/795 781/781
f 780/780 792/792 796/796
f 797/797 789/789 798/798
f 785/785 799/799 800/800
f 787/787 800/800 801/801
f 781/781 799/799 783/783
f 793/793 796/796 802/802
f 803/803 804/804 789/789
f 803/803 787/787 801/801
f 798/798 789/789 804/804
f 804/804 803/803 805/805
f 780/780 796/796 793/793
f 806/806 807/807 808/808
f 809/809 810/810 811/811
f 807/807 812/812 809/809
f 811/811 813/813 814/814
f 814/814 815/815 816/816
f 817/817 818/818 819/819
f 819/819 820/820 821/821
f 816/816 822/822 817/817
f 823/823 807/807 806/806
f 819/819 818/818 820/820
f 820/820 818/818 824/824
f 825/825 823/823 806/806
f 826/826 827/827 828/828
f 829/829 830/830 826/826
f 831/831 832/832 829/829
f 833/833 834/834 831/831
f 835/835 836/836 833/833
f 837/837 838/838 835/835
f 839/839 840/840 828/828
f 826/826 841/841 842/842
f 829/829 842/842 843/843
f 828/828 840/840 844/844
f 845/845 846/846 837/837
f 831/831 847/847 833/833
f 833/833 848/848 835/835
f 829/829 849/849 831/831
f 844/844 841/841 828/828
f 850/850 851/851 837/837
f 850/850 835/835 848/848
f 845/845 837/837 851/851
f 851/851 850/850 852/852
f 853/853 854/854 855/855
f 856/856 857/857 858/858
f 854/854 859/859 856/856
f 858/858 860/860 861/861
f 861/861 862/862 863/863
f 864/864 865/865 866/866
f 866/866 867/867 868/868
f 863/863 869/869 864/864
f 870/870 854/854 853/853
f 866/866 865/865 867/867
f 867/867 865/865 871/871
f 872/872 870/870 853/853
f 873/873 874/874 875/875
f 876/876 877/877 874/874
f 878/878 875/875 879/879
f 880/880 879/879 881/881
f 882/882 883/883 884/884
f 885/885 881/881 883/883
f 877/877 886/886 887/887
f 882/882 884/884 888/888
f 888/888 884/884 889/889
f 890/890 877/877 887/887
f 891/891 892/892 893/893
f 894/894 895/895 896/896
f 892/892 897/897 894/894
f 896/896 898/898 899/899
f 899/899 900/900 901/901
f 902/902 903/903 904/904
f 904/904 905/905 906/906
f 901/901 907/907 902/902
f 908/908 892/892 891/891
f 904/904 903/903 905/905
f 905/905 903/903 909/909
f 910/910 908/908 891/891
f 911/911 912/912 913/913
f 914/914 915/915 911/911
f 916/916 917/917 914/914
f 918/918 919/919 916/916
f 920/920 921/921 918/918
f 922/922 923/923 920/920
f 924/924 925/925 913/913
f 913/913 926/926 911/911
f 911/911 927/927 914/914
f 913/913 925/925 928/928
f 929/929 922/922 930/930
f 918/918 931/931 932/932
f 920/920 932/932 933/933
f 914/914 931/931 916/916
f 934/934 928/928 935/935
f 936/936 937/937 922/922
f 936/936 920/920 933/933
f 930/930 922/922 937/937
f 937/937 936/936 938/938
f 913/913 928/928 934/934
f 939/939 940/940 941/941
f 942/942 943/943 944/944
f 940/940 945/945 942/942
f 944/944 946/946 947/947
f 947/947 948/948 949/949
f 950/950 951/951 952/952
f 952/952 953/953 954/954
f 949/949 955/955 950/950
f 956/956 940/940 939/939
f 952/952 951/951 953/953
f 953/953 951/951 957/957
f 958/958 956/956 939/939
f 959/959 960/960 961/961
f 962/962 963/963 960/960
f 964/964 961/961 965/965
f 966/966 965/965 967/967
f 968/968 969/969 970/970
f 971/971 967/967 969/969
f 963/963 972/972 973/973
f 968/968 970/970 974/974
f 974/974 970/970 975/975
f 976/976 963/963 973/973
f 977/977 978/978 979/979
f 980/980 981/981 982/982
f 978/978 983/983 980/980
f 982/982 984/984 985/985
f 985/985 986/986 987/987
f 988/988 989/989 990/990
f 990/990 991/991 992/992
f 987/987 993/993 988/988
f 994/994 977/977 995/995
f 990/990 989/989 991/991
f 991/991 989/989 996/996
f 997/997 998/998 999/999
f 1000/1000 1001/1001 998/998
f 1002/1002 999/999 1003/1003
f 1004/1004 1005/1005 1006/1006
f 1007/1007 1006/1006 1008/1008
f 1007/1007 1009/1009 1010/1010
f 1011/1011 1003/1003 1005/1005
f 1012/1012 1013/1013 1014/1014
f 1001/1001 1012/1012 1015/1015
f 1009/1009 1008/1008 1016/1016
f 1012/1012 1001/1001 1013/1013
f 1017/1017 1018/1018 1019/1019
f 1020/1020 1021/1021 1022/1022
f 1018/1018 1023/1023 1020/1020
f 1022/1022 1024/1024 1025/1025
f 1025/1025 1026/1026 1027/1027
f 1028/1028 1029/1029 1030/1030
f 1030/1030 1031/1031 1032/1032
f 1027/1027 1033/1033 1028/1028
f 1034/1034 1018/1018 1017/1017
f 1030/1030 1029/1029 1031/1031
f 1031/1031 1029/1029 1035/1035
f 1036/1036 1034/1034 1017/1017
f 1037/1037 1038/1038 1039/1039
f 1040/1040 1041/1041 1038/1038
f 1042/1042 1039/1039 1043/1043
f 1044/1044 1043/1043 1045/1045
f 1046/1046 1047/1047 1048/1048
f 1049/1049 1045/1045 1047/1047
f 1041/1041 1050/1050 1051/1051
f 1046/1046 1048/1048 1052/1052
f 1052/1052 1048/1048 1053/1053
f 1054/1054 1041/1041 1051/1051
f 1055/1055 1056/1056 1057/1057
f 1058/1058 1055/1055 1057/1057
f 1055/1055 1058/1058 1059/1059
f 1060/1060 1057/1057 1061/1061
f 1062/1062 1063/1063 1061/1061
f 1064/1064 1062/1062 1065/1065
f 1066/1066 1064/1064 1067/1067
f 1066/1066 1062/1062 1064/1064
f 1060/1060 1061/1061 1063/1063
f 1068/1068 1069/1069 1070/1070
f 1070/1070 1071/1071 1072/1072
f 1073/1073 1074/1074 1075/1075
f 1076/1076 1077/1077 1078/1078
f 1079/1079 1080/1080 1081/1081
f 1081/1081 1082/1082 1083/1083
f 1084/1084 1083/1083 1085/1085
f 1082/1082 1085/1085 1083/1083
f 1086/1086 1079/1079 1087/1087
f 1088/1088 1086/1086 1089/1089
f 1090/1090 1082/1082 1091/1091
f 1088/1088 1079/1079 1086/1086
f 1092/1092 1093/1093 1094/1094
f 1095/1095 1096/1096 1097/1097
f 1097/1097 1098/1098 1099/1099
f 1094/1094 1100/1100 1095/1095
f 1101/1101 1102/1102 1103/1103
f 1104/1104 1103/1103 1105/1105
f 1103/1103 1102/1102 1105/1105
f 1099/1099 1106/1106 1101/1101
f 1107/1107 1092/1092 1108/1108
f 1109/1109 1107/1107 1110/1110
f 1102/1102 1111/1111 1105/1105
f 1107/1107 1109/1109 1092/1092
f 1112/1112 1113/1113 1114/1114
f 1115/1115 1116/1116 1117/1117
f 1117/1117 1118/1118 1119/1119
f 1114/1114 1120/1120 1115/1115
f 1121/1121 1122/1122 1123/1123
f 1124/1124 1123/1123 1125/1125
f 1123/1123 1122/1122 1125/1125
f 1119/1119 1126/1126 1121/1121
f 1127/1127 1112/1112 1128/1128
f 1129/1129 1127/1127 1130/1130
f 1122/1122 1131/1131 1125/1125
f 1127/1127 1129/1129 1112/1112
f 1132/1132 1133/1133 1134/1134
f 1135/1135 1132/1132 1136/1136
f 1135/1135 1137/1137 1138/1138
f 1135/1135 1139/1139 1140/1140
f 1135/1135 1138/1138 1139/1139
f 1135/1135 1136/1136 1137/1137
f 1141/1141 1142/1142 1143/1143
f 1144/1144 1145/1145 1143/1143
f 1141/1141 1146/1146 1147/1147
f 1141/1141 1148/1148 1149/1149
f 1141/1141 1149/1149 1142/1142
f 1141/1141 1147/1147 1148/1148
f 1141/1141 1143/1143 1145/1145
f 1150/1150 1151/1151 1146/1146
f 1135/1135 1140/1140 1151/1151
f 1135/1135 1151/1151 1150/1150
f 1141/1141 1150/1150 1146/1146
f 1152/1152 1150/1150 1153/1153
f 1152/1152 1135/1135 1150/1150
f 1154/1154 1155/1155 1152/1152
f 1152/1152 1153/1153 1154/1154
f 1156/1156 1154/1154 1153/1153
f 1153/1153 1150/1150 1157/1157
f 1153/1153 1158/1158 1159/1159
f 1153/1153 1160/1160 1161/1161
f 1153/1153 1159/1159 1160/1160
f 1162/1162 1153/1153 1163/1163
f 1161/1161 1163/1163 1153/1153
f 1164/1164 1165/1165 1153/1153
f 1162/1162 1166/1166 1153/1153
f 1166/1166 1167/1167 1153/1153
f 1156/1156 1153/1153 1165/1165
f 1157/1157 1158/1158 1153/1153
f 1168/1168 1169/1169 1170/1170
f 1168/1168 1171/1171 1172/1172
f 1168/1168 1170/1170 1171/1171
f 1173/1173 1168/1168 1174/1174
f 1175/1175 1168/1168 1164/1164
f 1168/1168 1176/1176 1169/1169
f 1164/1164 1167/1167 1175/1175
f 1174/1174 1168/1168 1172/1172
f 1177/1177 1178/1178 1179/1179
f 1180/1180 1181/1181 1177/1177
f 1182/1182 1173/1173 1183/1183
f 1177/1177 1181/1181 1178/1178
f 1184/1184 1181/1181 1185/1185
f 1182/1182 1183/1183 1186/1186
f 1182/1182 1164/1164 1173/1173
f 1187/1187 1182/1182 1186/1186
f 1188/1188 1182/1182 1187/1187
f 1189/1189 1182/1182 1188/1188
f 1190/1190 1191/1191 1164/1164
f 1192/1192 1193/1193 1182/1182
f 1164/1164 1193/1193 1190/1190
f 1164/1164 1182/1182 1193/1193
f 1182/1182 1189/1189 1194/1194
f 1195/1195 1196/1196 1182/1182
f 1184/1184 1182/1182 1197/1197
f 1196/1196 1197/1197 1182/1182
f 1182/1182 1198/1198 1192/1192
f 1182/1182 1184/1184 1185/1185
f 1199/1199 1198/1198 1185/1185
f 1185/1185 1198/1198 1182/1182
f 1194/1194 1195/1195 1182/1182
f 1167/1167 1164/1164 1153/1153
f 1200/1200 1201/1201 1202/1202
f 1203/1203 1204/1204 1200/1200
f 1200/1200 1204/1204 1205/1205
f 1205/1205 1206/1206 1207/1207
f 1208/1208 1207/1207 1206/1206
f 1207/1207 1209/1209 1205/1205
f 1205/1205 1209/1209 1200/1200
f 1210/1210 1211/1211 1212/1212
f 1213/1213 1210/1210 1212/1212
f 1211/1211 1210/1210 1214/1214
f 1215/1215 1210/1210 1213/1213
f 1216/1216 1217/1217 1215/1215
f 1216/1216 1218/1218 1217/1217
f 1219/1219 1220/1220 1221/1221
f 1219/1219 1222/1222 1223/1223
f 1223/1223 1220/1220 1219/1219
f 1221/1221 1218/1218 1216/1216
f 1215/1215 1213/1213 1224/1224
f 1225/1225 1226/1226 1227/1227
f 1228/1228 1229/1229 1225/1225
f 1230/1230 1228/1228 1225/1225
f 1227/1227 1231/1231 1232/1232
f 1227/1227 1233/1233 1231/1231
f 1230/1230 1225/1225 1232/1232
f 1233/1233 1227/1227 1234/1234
f 1235/1235 1236/1236 1237/1237
f 1236/1236 1235/1235 1238/1238
f 1235/1235 1239/1239 1238/1238
f 1235/1235 1237/1237 1240/1240
f 1227/1227 1232/1232 1225/1225
f 1221/1221 1216/1216 1219/1219
f 1224/1224 1216/1216 1215/1215
f 1219/1219 1241/1241 1242/1242
f 1241/1241 1219/1219 1243/1243
f 1243/1243 1219/1219 1244/1244
f 1222/1222 1219/1219 1242/1242
f 1244/1244 1219/1219 1245/1245
f 1244/1244 1245/1245 1246/1246
f 1244/1244 1247/1247 1248/1248
f 1249/1249 1226/1226 1248/1248
f 1226/1226 1244/1244 1248/1248
f 1244/1244 1246/1246 1247/1247
f 1250/1250 1226/1226 1249/1249
f 1251/1251 1252/1252 1226/1226
f 1251/1251 1253/1253 1252/1252
f 1251/1251 1254/1254 1255/1255
f 1251/1251 1256/1256 1257/1257
f 1257/1257 1254/1254 1251/1251
f 1255/1255 1253/1253 1251/1251
f 1258/1258 1259/1259 1260/1260
f 1256/1256 1251/1251 1260/1260
f 1251/1251 1258/1258 1260/1260
f 1258/1258 1239/1239 1261/1261
f 1239/1239 1258/1258 1262/1262
f 1258/1258 1261/1261 1259/1259
f 1238/1238 1239/1239 1262/1262
f 1251/1251 1226/1226 1250/1250
f 1263/1263 1264/1264 1265/1265
f 1266/1266 1264/1264 1267/1267
f 1268/1268 1267/1267 1269/1269
f 1270/1270 1269/1269 1271/1271
f 1272/1272 1271/1271 1273/1273
f 1274/1274 1273/1273 1275/1275
f 1276/1276 1275/1275 1277/1277
f 1278/1278 1277/1277 1279/1279
f 1267/1267 1280/1280 1281/1281
f 1269/1269 1281/1281 1282/1282
f 1271/1271 1282/1282 1283/1283
f 1273/1273 1283/1283 1284/1284
f 1275/1275 1284/1284 1285/1285
f 1277/1277 1285/1285 1286/1286
f 1279/1279 1286/1286 1287/1287
f 1281/1281 1288/1288 1289/1289
f 1282/1282 1289/1289 1290/1290
f 1283/1283 1290/1290 1291/1291
f 1284/1284 1291/1291 1292/1292
f 1285/1285 1292/1292 1293/1293
f 1286/1286 1293/1293 1294/1294
f 1287/1287 1294/1294 1295/1295
f 1296/1296 1288/1288 1297/1297
f 1289/1289 1296/1296 1298/1298
f 1290/1290 1298/1298 1299/1299
f 1291/1291 1299/1299 1300/1300
f 1292/1292 1300/1300 1301/1301
f 1293/1293 1301/1301 1302/1302
f 1294/1294 1302/1302 1303/1303
f 1295/1295 1303/1303 1304/1304
f 1305/1305 1306/1306 1307/1307
f 1308/1308 1307/1307 1306/1306
f 1308/1308 1309/1309 1310/1310
f 1309/1309 1308/1308 1306/1306
f 1306/1306 1311/1311 1312/1312
f 1305/1305 1311/1311 1306/1306
f 1306/1306 1312/1312 1313/1313
f 1314/1314 1306/1306 1313/1313
f 1315/1315 1309/1309 1316/1316
f 1317/1317 1316/1316 1309/1309
f 1309/1309 1318/1318 1317/1317
f 1319/1319 1318/1318 1309/1309
f 1320/1320 1321/1321 1309/1309
f 1322/1322 1320/1320 1323/1323
f 1315/1315 1323/1323 1320/1320
f 1320/1320 1309/1309 1315/1315
f 1310/1310 1309/1309 1321/1321
f 1323/1323 1324/1324 1322/1322
f 1325/1325 1314/1314 1326/1326
f 1313/1313 1326/1326 1314/1314
f 1314/1314 1325/1325 1327/1327
f 1328/1328 1329/1329 1314/1314
f 1330/1330 1329/1329 1328/1328
f 1331/1331 1332/1332 1333/1333
f 1332/1332 1334/1334 1333/1333
f 1330/1330 1328/1328 1334/1334
f 1314/1314 1327/1327 1328/1328
f 1335/1335 1328/1328 1336/1336
f 1335/1335 1324/1324 1337/1337
f 1323/1323 1337/1337 1324/1324
f 1337/1337 1328/1328 1335/1335
f 1338/1338 1339/1339 1328/1328
f 1334/1334 1332/1332 1330/1330
f 1339/1339 1334/1334 1328/1328
f 1334/1334 1339/1339 1340/1340
f 1338/1338 1328/1328 1337/1337
f 1341/1341 1333/1333 1334/1334
f 1327/1327 1336/1336 1328/1328
f 1342/1342 1334/1334 1340/1340
f 1343/1343 1344/1344 1319/1319
f 1345/1345 1346/1346 1343/1343
f 1343/1343 1347/1347 1345/1345
f 1348/1348 1349/1349 1350/1350
f 1350/1350 1347/1347 1343/1343
f 1350/1350 1343/1343 1348/1348
f 1351/1351 1352/1352 1353/1353
f 1353/1353 1352/1352 1349/1349
f 1354/1354 1353/1353 1355/1355
f 1348/1348 1355/1355 1353/1353
f 1353/1353 1349/1349 1348/1348
f 1356/1356 1353/1353 1354/1354
f 1357/1357 1351/1351 1353/1353
f 1358/1358 1359/1359 1356/1356
f 1353/1353 1356/1356 1360/1360
f 1361/1361 1358/1358 1356/1356
f 1360/1360 1356/1356 1359/1359
f 1353/1353 1360/1360 1362/1362
f 1356/1356 1354/1354 1363/1363
f 1364/1364 1365/1365 1366/1366
f 1364/1364 1357/1357 1353/1353
f 1353/1353 1367/1367 1364/1364
f 1368/1368 1364/1364 1297/1297
f 1357/1357 1364/1364 1369/1369
f 1364/1364 1370/1370 1371/1371
f 1364/1364 1366/1366 1370/1370
f 1372/1372 1364/1364 1371/1371
f 1367/1367 1365/1365 1364/1364
f 1373/1373 1374/1374 1375/1375
f 1361/1361 1356/1356 1374/1374
f 1376/1376 1297/1297 1372/1372
f 1375/1375 1377/1377 1378/1378
f 1373/1373 1375/1375 1378/1378
f 1376/1376 1377/1377 1375/1375
f 1364/1364 1372/1372 1297/1297
f 1374/1374 1356/1356 1375/1375
f 1367/1367 1353/1353 1362/1362
f 1379/1379 1380/1380 1356/1356
f 1376/1376 1375/1375 1381/1381
f 1382/1382 1383/1383 1384/1384
f 1385/1385 1384/1384 1383/1383
f 1332/1332 1385/1385 1383/1383
f 1385/1385 1332/1332 1331/1331
f 1383/1383 1382/1382 1386/1386
f 1386/1386 1387/1387 1388/1388
f 1388/1388 1383/1383 1386/1386
f 1387/1387 1389/1389 1388/1388
f 1390/1390 1341/1341 1334/1334
f 1391/1391 1392/1392 1334/1334
f 1390/1390 1334/1334 1393/1393
f 1391/1391 1394/1394 1395/1395
f 1391/1391 1396/1396 1397/1397
f 1391/1391 1397/1397 1392/1392
f 1395/1395 1396/1396 1391/1391
f 1388/1388 1389/1389 1394/1394
f 1392/1392 1393/1393 1334/1334
f 1388/1388 1394/1394 1391/1391
f 1388/1388 1265/1265 1398/1398
f 1266/1266 1399/1399 1400/1400
f 1400/1400 1265/1265 1266/1266
f 1401/1401 1270/1270 1402/1402
f 1403/1403 1272/1272 1404/1404
f 1403/1403 1270/1270 1272/1272
f 1401/1401 1399/1399 1268/1268
f 1266/1266 1268/1268 1399/1399
f 1405/1405 1404/1404 1274/1274
f 1406/1406 1274/1274 1276/1276
f 1407/1407 1278/1278 1408/1408
f 1408/1408 1409/1409 1410/1410
f 1276/1276 1407/1407 1406/1406
f 1265/1265 1391/1391 1263/1263
f 1411/1411 1391/1391 1412/1412
f 1413/1413 1414/1414 1391/1391
f 1411/1411 1413/1413 1391/1391
f 1415/1415 1280/1280 1263/1263
f 1264/1264 1263/1263 1280/1280
f 1263/1263 1414/1414 1415/1415
f 1297/1297 1416/1416 1417/1417
f 1297/1297 1418/1418 1368/1368
f 1297/1297 1417/1417 1418/1418
f 1297/1297 1280/1280 1419/1419
f 1415/1415 1419/1419 1280/1280
f 1297/1297 1381/1381 1296/1296
f 1416/1416 1297/1297 1419/1419
f 1280/1280 1297/1297 1288/1288
f 1376/1376 1381/1381 1297/1297
f 1404/1404 1272/1272 1274/1274
f 1407/1407 1276/1276 1278/1278
f 1409/1409 1279/1279 1420/1420
f 1421/1421 1287/1287 1295/1295
f 1279/1279 1287/1287 1420/1420
f 1408/1408 1278/1278 1409/1409
f 1296/1296 1422/1422 1298/1298
f 1423/1423 1300/1300 1299/1299
f 1299/1299 1424/1424 1425/1425
f 1426/1426 1295/1295 1304/1304
f 1427/1427 1302/1302 1301/1301
f 1428/1428 1303/1303 1302/1302
f 1301/1301 1300/1300 1429/1429
f 1296/1296 1381/1381 1430/1430
f 1342/1342 1412/1412 1391/1391
f 1431/1431 1375/1375 1432/1432
f 1348/1348 1433/1433 1434/1434
f 1348/1348 1435/1435 1436/1436
f 1436/1436 1433/1433 1348/1348
f 1354/1354 1437/1437 1363/1363
f 1356/1356 1438/1438 1439/1439
f 1437/1437 1354/1354 1355/1355
f 1363/1363 1438/1438 1356/1356
f 1348/1348 1440/1440 1435/1435
f 1441/1441 1442/1442 1443/1443
f 1444/1444 1445/1445 1356/1356
f 1446/1446 1356/1356 1447/1447
f 1356/1356 1445/1445 1448/1448
f 1448/1448 1447/1447 1356/1356
f 1444/1444 1356/1356 1439/1439
f 1442/1442 1440/1440 1443/1443
f 1440/1440 1348/1348 1443/1443
f 1449/1449 1356/1356 1446/1446
f 1375/1375 1380/1380 1432/1432
f 1449/1449 1450/1450 1356/1356
f 1379/1379 1356/1356 1450/1450
f 1431/1431 1451/1451 1381/1381
f 1452/1452 1453/1453 1381/1381
f 1452/1452 1381/1381 1451/1451
f 1454/1454 1455/1455 1381/1381
f 1455/1455 1456/1456 1457/1457
f 1458/1458 1381/1381 1455/1455
f 1459/1459 1296/1296 1460/1460
f 1458/1458 1430/1430 1381/1381
f 1460/1460 1296/1296 1430/1430
f 1461/1461 1457/1457 1456/1456
f 1453/1453 1454/1454 1381/1381
f 1462/1462 1463/1463 1441/1441
f 1464/1464 1462/1462 1465/1465
f 1466/1466 1448/1448 1467/1467
f 1467/1467 1448/1448 1445/1445
f 1448/1448 1468/1468 1469/1469
f 1466/1466 1470/1470 1448/1448
f 1471/1471 1448/1448 1470/1470
f 1465/1465 1472/1472 1473/1473
f 1474/1474 1472/1472 1465/1465
f 1465/1465 1473/1473 1464/1464
f 1471/1471 1475/1475 1476/1476
f 1476/1476 1474/1474 1471/1471
f 1471/1471 1477/1477 1448/1448
f 1474/1474 1476/1476 1478/1478
f 1475/1475 1471/1471 1470/1470
f 1462/1462 1441/1441 1465/1465
f 1477/1477 1479/1479 1448/1448
f 1480/1480 1481/1481 1482/1482
f 1483/1483 1461/1461 1482/1482
f 1461/1461 1483/1483 1484/1484
f 1481/1481 1480/1480 1485/1485
f 1481/1481 1483/1483 1482/1482
f 1486/1486 1480/1480 1482/1482
f 1487/1487 1479/1479 1477/1477
f 1488/1488 1489/1489 1490/1490
f 1477/1477 1488/1488 1487/1487
f 1491/1491 1492/1492 1480/1480
f 1490/1490 1492/1492 1493/1493
f 1493/1493 1492/1492 1491/1491
f 1486/1486 1491/1491 1480/1480
f 1479/1479 1468/1468 1448/1448
f 1494/1494 1485/1485 1480/1480
f 1469/1469 1447/1447 1448/1448
f 1495/1495 1300/1300 1423/1423
f 1299/1299 1425/1425 1423/1423
f 1300/1300 1495/1495 1496/1496
f 1497/1497 1300/1300 1496/1496
f 1300/1300 1497/1497 1498/1498
f 1301/1301 1429/1429 1499/1499
f 1500/1500 1301/1301 1499/1499
f 1300/1300 1501/1501 1502/1502
f 1502/1502 1503/1503 1300/1300
f 1504/1504 1501/1501 1505/1505
f 1502/1502 1501/1501 1504/1504
f 1300/1300 1503/1503 1429/1429
f 1427/1427 1506/1506 1302/1302
f 1507/1507 1508/1508 1509/1509
f 1501/1501 1300/1300 1498/1498
f 1301/1301 1500/1500 1427/1427
f 1510/1510 1303/1303 1511/1511
f 1512/1512 1513/1513 1302/1302
f 1302/1302 1513/1513 1428/1428
f 1304/1304 1514/1514 1426/1426
f 1304/1304 1510/1510 1515/1515
f 1304/1304 1303/1303 1510/1510
f 1515/1515 1516/1516 1304/1304
f 1303/1303 1428/1428 1511/1511
f 1508/1508 1302/1302 1506/1506
f 1517/1517 1512/1512 1508/1508
f 1426/1426 1514/1514 1518/1518
f 1516/1516 1519/1519 1304/1304
f 1304/1304 1519/1519 1514/1514
f 1518/1518 1520/1520 1426/1426
f 1516/1516 1521/1521 1519/1519
f 1521/1521 1522/1522 1519/1519
f 1512/1512 1302/1302 1508/1508
f 1509/1509 1508/1508 1506/1506
f 1424/1424 1298/1298 1422/1422
f 1501/1501 1523/1523 1524/1524
f 1525/1525 1501/1501 1526/1526
f 1501/1501 1524/1524 1526/1526
f 1527/1527 1528/1528 1501/1501
f 1523/1523 1501/1501 1498/1498
f 1501/1501 1529/1529 1527/1527
f 1530/1530 1531/1531 1527/1527
f 1526/1526 1532/1532 1525/1525
f 1505/1505 1501/1501 1528/1528
f 1533/1533 1494/1494 1534/1534
f 1494/1494 1535/1535 1485/1485
f 1536/1536 1534/1534 1537/1537
f 1538/1538 1537/1537 1525/1525
f 1525/1525 1529/1529 1501/1501
f 1538/1538 1525/1525 1532/1532
f 1529/1529 1530/1530 1527/1527
f 1539/1539 1517/1517 1508/1508
f 1508/1508 1507/1507 1540/1540
f 1541/1541 1542/1542 1508/1508
f 1508/1508 1540/1540 1543/1543
f 1544/1544 1539/1539 1508/1508
f 1519/1519 1545/1545 1546/1546
f 1542/1542 1544/1544 1508/1508
f 1545/1545 1519/1519 1522/1522
f 1547/1547 1543/1543 1540/1540
f 1508/1508 1543/1543 1541/1541
f 1530/1530 1543/1543 1547/1547
f 1542/1542 1541/1541 1548/1548
f 1549/1549 1548/1548 1541/1541
f 1550/1550 1546/1546 1545/1545
f 1551/1551 1519/1519 1546/1546
f 1550/1550 1549/1549 1546/1546
f 1551/1551 1546/1546 1552/1552
f 1549/1549 1550/1550 1548/1548
f 1530/1530 1547/1547 1531/1531
f 1514/1514 1519/1519 1551/1551
f 1434/1434 1355/1355 1348/1348
f 1553/1553 1554/1554 1555/1555
f 1553/1553 1555/1555 1556/1556
f 1557/1557 1558/1558 1553/1553
f 1554/1554 1553/1553 1558/1558
f 1559/1559 1558/1558 1557/1557
f 1560/1560 1561/1561 1562/1562
f 1560/1560 1563/1563 1564/1564
f 1565/1565 1566/1566 1567/1567
f 1565/1565 1567/1567 1568/1568
f 1560/1560 1569/1569 1570/1570
f 1571/1571 1557/1557 1566/1566
f 1565/1565 1572/1572 1573/1573
f 1565/1565 1573/1573 1574/1574
f 1571/1571 1559/1559 1557/1557
f 1565/1565 1571/1571 1566/1566
f 1565/1565 1574/1574 1575/1575
f 1565/1565 1568/1568 1572/1572
f 1565/1565 1576/1576 1577/1577
f 1577/1577 1576/1576 1578/1578
f 1578/1578 1570/1570 1577/1577
f 1579/1579 1577/1577 1570/1570
f 1579/1579 1569/1569 1580/1580
f 1570/1570 1569/1569 1579/1579
f 1563/1563 1581/1581 1564/1564
f 1582/1582 1583/1583 1584/1584
f 1582/1582 1584/1584 1585/1585
f 1582/1582 1569/1569 1583/1583
f 1586/1586 1587/1587 1588/1588
f 1586/1586 1588/1588 1589/1589
f 1590/1590 1586/1586 1591/1591
f 1589/1589 1591/1591 1586/1586
f 1591/1591 1592/1592 1590/1590
f 1590/1590 1593/1593 1586/1586
f 1582/1582 1594/1594 1595/1595
f 1582/1582 1595/1595 1596/1596
f 1582/1582 1597/1597 1598/1598
f 1599/1599 1598/1598 1597/1597
f 1585/1585 1594/1594 1582/1582
f 1598/1598 1600/1600 1593/1593
f 1601/1601 1598/1598 1593/1593
f 1599/1599 1600/1600 1598/1598
f 1593/1593 1602/1602 1601/1601
f 1590/1590 1603/1603 1593/1593
f 1603/1603 1602/1602 1593/1593
f 1603/1603 1590/1590 1604/1604
f 1580/1580 1569/1569 1582/1582
f 1605/1605 1606/1606 1607/1607
f 1608/1608 1609/1609 1610/1610
f 1610/1610 1611/1611 1612/1612
f 1607/1607 1613/1613 1608/1608
f 1614/1614 1615/1615 1616/1616
f 1617/1617 1616/1616 1618/1618
f 1616/1616 1619/1619 1618/1618
f 1612/1612 1615/1615 1614/1614
f 1620/1620 1605/1605 1621/1621
f 1605/1605 1622/1622 1606/1606
f 1623/1623 1619/1619 1616/1616
f 1624/1624 1623/1623 1616/1616
f 1624/1624 1616/1616 1615/1615
f 1624/1624 1615/1615 1625/1625
f 1620/1620 1622/1622 1605/1605
f 1626/1626 1627/1627 1628/1628
f 1626/1626 1629/1629 1630/1630
f 1631/1631 1626/1626 1628/1628
f 1626/1626 1631/1631 1629/1629
f 1631/1631 1632/1632 1629/1629
f 1633/1633 1631/1631 1628/1628
f 1634/1634 1635/1635 1636/1636
f 1634/1634 1637/1637 1638/1638
f 1639/1639 1634/1634 1636/1636
f 1634/1634 1639/1639 1637/1637
f 1639/1639 1640/1640 1637/1637
f 1641/1641 1639/1639 1636/1636
f 1642/1642 1643/1643 1644/1644
f 1642/1642 1645/1645 1646/1646
f 1645/1645 1642/1642 1644/1644
f 1644/1644 1647/1647 1645/1645
f 1647/1647 1648/1648 1645/1645
f 1649/1649 1647/1647 1644/1644
f 1650/1650 1651/1651 1652/1652
f 1650/1650 1653/1653 1654/1654
f 1653/1653 1650/1650 1652/1652
f 1652/1652 1655/1655 1653/1653
f 1655/1655 1656/1656 1653/1653
f 1657/1657 1655/1655 1652/1652
f 1658/1658 1659/1659 1660/1660
f 1658/1658 1661/1661 1662/1662
f 1663/1663 1658/1658 1660/1660
f 1658/1658 1663/1663 1661/1661
f 1663/1663 1664/1664 1661/1661
f 1665/1665 1663/1663 1660/1660
f 1666/1666 1667/1667 1668/1668
f 1666/1666 1669/1669 1670/1670
f 1669/1669 1666/1666 1668/1668
f 1668/1668 1671/1671 1669/1669
f 1671/1671 1672/1672 1669/1669
f 1673/1673 1671/1671 1668/1668
f 1674/1674 1675/1675 1676/1676
f 1677/1677 1674/1674 1678/1678
f 1679/1679 1678/1678 1674/1674
f 1674/1674 1680/1680 1679/1679
f 1679/1679 1680/1680 1681/1681
f 1682/1682 1683/1683 1679/1679
f 1684/1684 1685/1685 1686/1686
f 1684/1684 1687/1687 1688/1688
f 1687/1687 1684/1684 1686/1686
f 1686/1686 1689/1689 1687/1687
f 1689/1689 1690/1690 1687/1687
f 1691/1691 1689/1689 1686/1686
f 1692/1692 1693/1693 1694/1694
f 1695/1695 1692/1692 1696/1696
f 1697/1697 1696/1696 1692/1692
f 1692/1692 1698/1698 1697/1697
f 1697/1697 1698/1698 1699/1699
f 1700/1700 1701/1701 1697/1697
f 1702/1702 1703/1703 1704/1704
f 1702/1702 1705/1705 1706/1706
f 1705/1705 1702/1702 1704/1704
f 1704/1704 1707/1707 1705/1705
f 1707/1707 1708/1708 1705/1705
f 1709/1709 1707/1707 1704/1704
f 1710/1710 1711/1711 1712/1712
f 1713/1713 1714/1714 1715/1715
f 1711/1711 1716/1716 1713/1713
f 1715/1715 1717/1717 1718/1718
f 1718/1718 1719/1719 1720/1720
f 1721/1721 1722/1722 1723/1723
f 1723/1723 1724/1724 1725/1725
f 1720/1720 1726/1726 1721/1721
f 1727/1727 1711/1711 1710/1710
f 1723/1723 1722/1722 1724/1724
f 1724/1724 1722/1722 1728/1728
f 1729/1729 1727/1727 1710/1710
f 1730/1730 1731/1731 1732/1732
f 1733/1733 1734/1734 1735/1735
f 1731/1731 1736/1736 1733/1733
f 1735/1735 1737/1737 1738/1738
f 1738/1738 1739/1739 1740/1740
f 1741/1741 1742/1742 1743/1743
f 1743/1743 1744/1744 1745/1745
f 1740/1740 1746/1746 1741/1741
f 1747/1747 1731/1731 1730/1730
f 1743/1743 1742/1742 1744/1744
f 1744/1744 1742/1742 1748/1748
f 1749/1749 1747/1747 1730/1730
f 1750/1750 1751/1751 1752/1752
f 1750/1750 1753/1753 1754/1754
f 1753/1753 1750/1750 1752/1752
f 1753/1753 1755/1755 1756/1756
f 1757/1757 1755/1755 1752/1752
f 1758/1758 1759/1759 1760/1760
f 1758/1758 1760/1760 1761/1761
f 1762/1762 1763/1763 1758/1758
f 1758/1758 1764/1764 1762/1762
f 1765/1765 1764/1764 1758/1758
f 1766/1766 1758/1758 1761/1761
f 1767/1767 1766/1766 1768/1768
f 1767/1767 1768/1768 1769/1769
f 1767/1767 1770/1770 1765/1765
f 1770/1770 1767/1767 1771/1771
f 1765/1765 1758/1758 1767/1767
f 1766/1766 1767/1767 1758/1758
f 1772/1772 1773/1773 1774/1774
f 1772/1772 1775/1775 1776/1776
f 1777/1777 1772/1772 1774/1774
f 1772/1772 1777/1777 1775/1775
f 1777/1777 1778/1778 1775/1775
f 1779/1779 1777/1777 1774/1774
f 1780/1780 1781/1781 1782/1782
f 1780/1780 1782/1782 1783/1783
f 1784/1784 1785/1785 1780/1780
f 1780/1780 1786/1786 1784/1784
f 1787/1787 1786/1786 1780/1780
f 1787/1787 1780/1780 1783/1783
f 1787/1787 1788/1788 1789/1789
f 1787/1787 1789/1789 1790/1790
f 1787/1787 1791/1791 1792/1792
f 1791/1791 1787/1787 1793/1793
f 1792/1792 1786/1786 1787/1787
f 1788/1788 1787/1787 1783/1783
f 1794/1794 1795/1795 1796/1796
f 1794/1794 1797/1797 1798/1798
f 1797/1797 1794/1794 1796/1796
f 1796/1796 1799/1799 1797/1797
f 1799/1799 1800/1800 1797/1797
f 1801/1801 1799/1799 1796/1796
f 1802/1802 1803/1803 1804/1804
f 1802/1802 1805/1805 1806/1806
f 1805/1805 1802/1802 1804/1804
f 1804/1804 1807/1807 1805/1805
f 1807/1807 1808/1808 1805/1805
f 1809/1809 1807/1807 1804/1804
f 1810/1810 1811/1811 1812/1812
f 1813/1813 1814/1814 1815/1815
f 1816/1816 1817/1817 1818/1818
f 1819/1819 1820/1820 1817/1817
f 1821/1821 1822/1822 1823/1823
f 1824/1824 1825/1825 1823/1823
f 1821/1821 1820/1820 1826/1826
f 1819/1819 1816/1816 1827/1827
f 1820/1820 1819/1819 1826/1826
f 1824/1824 1823/1823 1822/1822
f 1824/1824 1822/1822 1828/1828
f 1819/1819 1817/1817 1816/1816
f 1829/1829 1830/1830 1831/1831
f 1832/1832 1833/1833 1834/1834
f 1835/1835 1836/1836 1837/1837
f 1834/1834 1838/1838 1831/1831
f 1838/1838 1839/1839 1829/1829
f 1831/1831 1838/1838 1829/1829
f 1840/1840 1841/1841 1842/1842
f 1843/1843 1844/1844 1845/1845
f 1846/1846 1840/1840 1844/1844
f 1846/1846 1843/1843 1847/1847
f 1837/1837 1842/1842 1841/1841
f 1848/1848 1849/1849 1850/1850
f 1848/1848 1851/1851 1852/1852
f 1853/1853 1854/1854 1855/1855
f 1853/1853 1856/1856 1857/1857
f 1848/1848 1850/1850 1858/1858
f 1851/1851 1854/1854 1852/1852
f 1856/1856 1853/1853 1855/1855
f 1856/1856 1855/1855 1859/1859
f 1860/1860 1858/1858 1850/1850
f 1861/1861 1862/1862 1863/1863
f 1864/1864 1865/1865 1866/1866
f 1866/1866 1863/1863 1864/1864
f 1866/1866 1867/1867 1861/1861
f 1863/1863 1866/1866 1861/1861
f 1868/1868 1869/1869 1870/1870
f 1868/1868 1871/1871 1872/1872
f 1873/1873 1874/1874 1875/1875
f 1874/1874 1872/1872 1871/1871
f 1875/1875 1876/1876 1873/1873
f 1873/1873 1876/1876 1877/1877
f 1875/1875 1878/1878 1876/1876
f 1879/1879 1880/1880 1881/1881
f 1881/1881 1882/1882 1883/1883
f 1884/1884 1883/1883 1885/1885
f 1883/1883 1882/1882 1885/1885
f 1886/1886 1879/1879 1887/1887
f 1888/1888 1886/1886 1889/1889
f 1882/1882 1890/1890 1885/1885
f 1879/1879 1886/1886 1888/1888
f 1891/1891 1892/1892 1893/1893
f 1891/1891 1894/1894 1895/1895
f 1895/1895 1896/1896 1897/1897
f 1898/1898 1899/1899 1900/1900
f 1897/1897 1901/1901 1898/1898
f 1902/1902 1891/1891 1893/1893
f 1899/1899 1898/1898 1901/1901
f 1899/1899 1901/1901 1903/1903
f 1904/1904 1902/1902 1893/1893
f 1905/1905 1906/1906 1907/1907
f 1908/1908 1907/1907 1909/1909
f 1910/1910 1905/1905 1908/1908
f 1907/1907 1908/1908 1905/1905
f 1908/1908 1909/1909 1911/1911
f 1912/1912 1913/1913 1911/1911
f 1914/1914 1915/1915 1916/1916
f 1913/1913 1914/1914 1917/1917
f 1913/1913 1915/1915 1914/1914
f 1909/1909 1912/1912 1911/1911
f 1918/1918 1919/1919 1920/1920
f 1918/1918 1921/1921 1922/1922
f 1918/1918 1920/1920 1921/1921
f 1918/1918 1923/1923 1924/1924
f 1925/1925 1926/1926 1927/1927
f 1926/1926 1928/1928 1927/1927
f 1926/1926 1929/1929 1928/1928
f 1922/1922 1930/1930 1918/1918
f 1930/1930 1931/1931 1932/1932
f 1930/1930 1933/1933 1934/1934
f 1930/1930 1932/1932 1933/1933
f 1928/1928 1935/1935 1927/1927
f 1923/1923 1929/1929 1924/1924
f 1931/1931 1930/1930 1922/1922
f 1936/1936 1937/1937 1938/1938
f 1938/1938 1939/1939 1940/1940
f 1941/1941 1940/1940 1942/1942
f 1940/1940 1939/1939 1942/1942
f 1943/1943 1936/1936 1944/1944
f 1945/1945 1943/1943 1946/1946
f 1939/1939 1947/1947 1942/1942
f 1936/1936 1943/1943 1945/1945
f 1948/1948 1949/1949 1950/1950
f 1948/1948 1951/1951 1952/1952
f 1952/1952 1953/1953 1954/1954
f 1954/1954 1955/1955 1956/1956
f 1948/1948 1950/1950 1957/1957
f 1958/1958 1957/1957 1959/1959
f 1955/1955 1954/1954 1953/1953
f 1955/1955 1953/1953 1960/1960
f 1958/1958 1948/1948 1957/1957
f 1961/1961 1962/1962 1963/1963
f 1964/1964 1965/1965 1966/1966
f 1967/1967 1968/1968 1969/1969
f 1965/1965 1963/1963 1966/1966
f 1970/1970 1971/1971 1961/1961
f 1963/1963 1970/1970 1961/1961
f 1972/1972 1973/1973 1974/1974
f 1975/1975 1976/1976 1977/1977
f 1978/1978 1972/1972 1976/1976
f 1976/1976 1975/1975 1978/1978
f 1969/1969 1974/1974 1973/1973
f 1975/1975 1979/1979 1978/1978
f 1980/1980 1981/1981 1982/1982
f 1983/1983 1984/1984 1985/1985
f 1986/1986 1983/1983 1987/1987
f 1983/1983 1985/1985 1987/1987
f 1988/1988 1980/1980 1989/1989
f 1990/1990 1988/1988 1991/1991
f 1981/1981 1984/1984 1982/1982
f 1985/1985 1992/1992 1987/1987
f 1988/1988 1990/1990 1980/1980
f 1993/1993 1994/1994 1995/1995
f 1993/1993 1996/1996 1997/1997
f 1998/1998 1999/1999 2000/2000
f 1998/1998 2001/2001 2002/2002
f 1993/1993 1995/1995 2003/2003
f 1996/1996 1999/1999 1997/1997
f 2001/2001 1998/1998 2000/2000
f 2001/2001 2000/2000 2004/2004
f 2005/2005 2003/2003 1995/1995
f 2006/2006 2007/2007 2008/2008
f 2008/2008 2009/2009 2010/2010
f 2011/2011 2012/2012 2013/2013
f 2014/2014 2012/2012 2015/2015
f 2016/2016 2017/2017 2013/2013
f 2016/2016 2018/2018 2017/2017
f 2019/2019 2020/2020 2016/2016
f 2021/2021 2011/2011 2013/2013
f 2017/2017 2021/2021 2013/2013
f 2018/2018 2016/2016 2020/2020
f 2011/2011 2015/2015 2012/2012
f 2022/2022 2023/2023 2024/2024
f 2025/2025 2026/2026 2027/2027
f 2025/2025 2022/2022 2024/2024
f 2024/2024 2028/2028 2025/2025
f 2023/2023 2014/2014 2015/2015
f 2029/2029 2027/2027 2026/2026
f 2030/2030 2031/2031 2032/2032
f 2033/2033 2030/2030 2034/2034
f 2035/2035 2036/2036 2031/2031
f 2037/2037 2038/2038 2039/2039
f 2039/2039 2035/2035 2037/2037
f 2040/2040 2041/2041 2038/2038
f 2036/2036 2035/2035 2042/2042
f 2033/2033 2043/2043 2044/2044
f 2045/2045 2020/2020 2019/2019
f 2044/2044 2045/2045 2019/2019
f 2030/2030 2032/2032 2034/2034
f 2031/2031 2036/2036 2032/2032
f 2034/2034 2043/2043 2033/2033
f 2044/2044 2019/2019 2033/2033
f 2046/2046 2029/2029 2047/2047
f 2048/2048 2049/2049 2050/2050
f 2046/2046 2049/2049 2051/2051
f 2048/2048 2050/2050 2052/2052
f 2053/2053 2048/2048 2052/2052
f 2054/2054 2053/2053 2055/2055
f 2052/2052 2055/2055 2053/2053
f 2054/2054 2056/2056 2057/2057
f 2056/2056 2054/2054 2055/2055
f 2058/2058 2059/2059 2057/2057
f 2060/2060 2061/2061 2059/2059
f 2059/2059 2061/2061 2057/2057
f 2062/2062 2061/2061 2060/2060
f 2056/2056 2058/2058 2057/2057
f 2063/2063 2062/2062 2064/2064
f 2065/2065 2066/2066 2067/2067
f 2063/2063 2064/2064 2066/2066
f 2068/2068 2069/2069 2070/2070
f 2071/2071 2072/2072 2073/2073
f 2074/2074 2075/2075 2076/2076
f 2070/2070 2073/2073 2077/2077
f 2065/2065 2067/2067 2069/2069
f 2065/2065 2063/2063 2066/2066
f 2065/2065 2069/2069 2068/2068
f 2070/2070 2077/2077 2068/2068
f 2072/2072 2076/2076 2075/2075
f 2078/2078 2079/2079 2080/2080
f 2081/2081 2079/2079 2082/2082
f 2061/2061 2062/2062 2063/2063
f 2083/2083 2084/2084 2041/2041
f 2085/2085 2086/2086 2084/2084
f 2087/2087 2088/2088 2086/2086
f 2089/2089 2090/2090 2091/2091
f 2092/2092 2093/2093 2094/2094
f 2090/2090 2095/2095 2094/2094
f 2096/2096 2091/2091 2088/2088
f 2092/2092 2097/2097 2098/2098
f 2094/2094 2093/2093 2099/2099
f 2097/2097 2100/2100 2098/2098
f 2097/2097 2101/2101 2100/2100
f 2098/2098 2093/2093 2092/2092
f 2099/2099 2090/2090 2094/2094
f 2101/2101 2097/2097 2102/2102
f 2103/2103 2104/2104 2102/2102
f 2101/2101 2102/2102 2104/2104
f 2103/2103 2105/2105 2106/2106
f 2105/2105 2103/2103 2102/2102
f 2107/2107 2108/2108 2105/2105
f 2106/2106 2105/2105 2108/2108
f 2107/2107 2109/2109 2110/2110
f 2108/2108 2107/2107 2110/2110
f 2111/2111 2109/2109 2107/2107
f 2112/2112 2113/2113 2114/2114
f 2114/2114 2115/2115 2116/2116
f 2115/2115 2117/2117 2116/2116
f 2109/2109 2117/2117 2118/2118
f 2116/2116 2112/2112 2114/2114
f 2112/2112 2119/2119 2113/2113
f 2115/2115 2118/2118 2117/2117
f 2117/2117 2109/2109 2111/2111
f 2120/2120 2113/2113 2119/2119
f 2121/2121 2122/2122 2123/2123
f 2082/2082 2124/2124 2081/2081
f 2125/2125 2126/2126 2127/2127
f 2126/2126 2128/2128 2129/2129
f 2130/2130 2131/2131 2128/2128
f 2129/2129 2127/2127 2126/2126
f 2130/2130 2132/2132 2131/2131
f 2124/2124 2123/2123 2122/2122
f 2132/2132 2130/2130 2133/2133
f 2126/2126 2130/2130 2128/2128
f 2134/2134 2132/2132 2135/2135
f 2135/2135 2132/2132 2133/2133
f 2136/2136 2134/2134 2135/2135
f 2125/2125 2127/2127 2137/2137
f 2138/2138 2139/2139 2140/2140
f 2141/2141 2140/2140 2142/2142
f 2143/2143 2144/2144 2139/2139
f 2145/2145 2146/2146 2144/2144
f 2119/2119 2146/2146 2120/2120
f 2145/2145 2120/2120 2146/2146
f 2147/2147 2148/2148 2149/2149
f 2148/2148 2125/2125 2150/2150
f 2150/2150 2149/2149 2148/2148
f 2137/2137 2150/2150 2125/2125
f 2151/2151 2147/2147 2152/2152
f 2153/2153 2141/2141 2154/2154
f 2142/2142 2154/2154 2141/2141
f 2147/2147 2151/2151 2148/2148
f 2154/2154 2151/2151 2153/2153
f 2153/2153 2151/2151 2152/2152
f 2155/2155 2156/2156 2157/2157
f 2158/2158 2159/2159 2156/2156
f 2157/2157 2156/2156 2159/2159
f 2155/2155 2157/2157 2160/2160
f 2160/2160 2161/2161 2162/2162
f 2163/2163 2161/2161 2164/2164
f 2162/2162 2155/2155 2160/2160
f 2161/2161 2160/2160 2164/2164
f 2165/2165 2166/2166 2167/2167
f 2168/2168 2169/2169 2170/2170
f 2170/2170 2166/2166 2171/2171
f 2167/2167 2158/2158 2165/2165
f 2171/2171 2168/2168 2170/2170
f 2165/2165 2171/2171 2166/2166
f 2158/2158 2167/2167 2159/2159
f 2172/2172 2169/2169 2168/2168
f 2173/2173 2174/2174 2175/2175
f 2175/2175 2176/2176 2177/2177
f 2178/2178 2179/2179 2173/2173
f 2180/2180 2178/2178 2181/2181
f 2182/2182 2183/2183 2184/2184
f 2185/2185 2181/2181 2183/2183
f 2186/2186 2184/2184 2187/2187
f 2173/2173 2179/2179 2174/2174
f 2177/2177 2176/2176 2163/2163
f 2175/2175 2174/2174 2176/2176
f 2187/2187 2188/2188 2186/2186
f 2164/2164 2177/2177 2163/2163
f 2189/2189 2190/2190 2191/2191
f 2192/2192 2193/2193 2194/2194
f 2194/2194 2190/2190 2195/2195
f 2190/2190 2189/2189 2195/2195
f 2194/2194 2195/2195 2192/2192
f 2172/2172 2189/2189 2191/2191
f 2172/2172 2191/2191 2169/2169
f 2196/2196 2193/2193 2192/2192
f 2197/2197 2198/2198 2199/2199
f 2199/2199 2200/2200 2201/2201
f 2196/2196 2197/2197 2202/2202
f 2197/2197 2196/2196 2198/2198
f 2201/2201 2203/2203 2204/2204
f 2201/2201 2200/2200 2203/2203
f 2198/2198 2200/2200 2199/2199
f 2196/2196 2202/2202 2193/2193
f 2204/2204 2205/2205 2206/2206
f 2207/2207 2208/2208 2209/2209
f 2206/2206 2205/2205 2208/2208
f 2210/2210 2211/2211 2212/2212
f 2213/2213 2214/2214 2215/2215
f 2212/2212 2215/2215 2210/2210
f 2216/2216 2209/2209 2211/2211
f 2207/2207 2206/2206 2208/2208
f 2216/2216 2207/2207 2209/2209
f 2211/2211 2210/2210 2216/2216
f 2217/2217 2214/2214 2218/2218
f 2219/2219 2220/2220 2217/2217
f 2218/2218 2219/2219 2217/2217
f 2203/2203 2205/2205 2204/2204
f 2221/2221 2220/2220 2219/2219
f 2222/2222 2223/2223 2224/2224
f 2224/2224 2225/2225 2226/2226
f 2222/2222 2224/2224 2226/2226
f 2227/2227 2228/2228 2229/2229
f 2230/2230 2227/2227 2231/2231
f 2232/2232 2225/2225 2229/2229
f 2233/2233 2230/2230 2231/2231
f 2228/2228 2232/2232 2229/2229
f 2232/2232 2226/2226 2225/2225
f 2233/2233 2234/2234 2230/2230
f 2235/2235 2236/2236 2237/2237
f 2235/2235 2234/2234 2233/2233
f 2230/2230 2228/2228 2227/2227
f 2238/2238 2235/2235 2233/2233
f 2239/2239 2240/2240 2241/2241
f 2242/2242 2243/2243 2240/2240
f 2241/2241 2237/2237 2236/2236
f 2240/2240 2239/2239 2242/2242
f 2242/2242 2244/2244 2243/2243
f 2239/2239 2241/2241 2236/2236
f 2245/2245 2243/2243 2244/2244
f 2245/2245 2246/2246 2247/2247
f 2248/2248 2249/2249 2250/2250
f 2246/2246 2251/2251 2248/2248
f 2249/2249 2252/2252 2250/2250
f 2236/2236 2235/2235 2238/2238
f 2221/2221 2253/2253 2254/2254
f 2255/2255 2256/2256 2257/2257
f 2258/2258 2259/2259 2253/2253
f 2260/2260 2261/2261 2262/2262
f 2263/2263 2264/2264 2265/2265
f 2265/2265 2262/2262 2261/2261
f 2264/2264 2266/2266 2255/2255
f 2256/2256 2259/2259 2257/2257
f 2264/2264 2263/2263 2267/2267
f 2261/2261 2263/2263 2265/2265
f 2260/2260 2262/2262 2268/2268
f 2269/2269 2270/2270 2271/2271
f 2270/2270 2272/2272 2273/2273
f 2252/2252 2274/2274 2271/2271
f 2271/2271 2274/2274 2269/2269
f 2275/2275 2273/2273 2272/2272
f 2276/2276 2277/2277 2278/2278
f 2277/2277 2260/2260 2268/2268
f 2276/2276 2278/2278 2279/2279
f 2277/2277 2268/2268 2278/2278
f 2280/2280 2275/2275 2281/2281
f 2272/2272 2281/2281 2275/2275
f 2279/2279 2282/2282 2276/2276
f 2281/2281 2282/2282 2280/2280
f 2280/2280 2282/2282 2279/2279
f 2283/2283 2284/2284 2285/2285
f 2284/2284 2283/2283 2286/2286
f 2284/2284 2286/2286 2287/2287
f 2288/2288 2289/2289 2284/2284
f 2284/2284 2290/2290 2291/2291
f 2284/2284 2292/2292 2293/2293
f 2284/2284 2289/2289 2292/2292
f 2293/2293 2290/2290 2284/2284
f 2288/2288 2284/2284 2287/2287
f 2294/2294 2288/2288 2295/2295
f 2294/2294 2296/2296 2297/2297
f 2294/2294 2297/2297 2298/2298
f 2294/2294 2295/2295 2296/2296
f 2294/2294 2299/2299 2300/2300
f 2301/2301 2302/2302 2294/2294
f 2299/2299 2294/2294 2302/2302
f 2300/2300 2289/2289 2294/2294
f 2288/2288 2294/2294 2289/2289
f 2303/2303 2304/2304 2305/2305
f 2304/2304 2306/2306 2307/2307
f 2308/2308 2307/2307 2306/2306
f 2303/2303 2305/2305 2309/2309
f 2310/2310 2311/2311 2312/2312
f 2312/2312 2311/2311 2313/2313
f 2314/2314 2312/2312 2313/2313
f 2315/2315 2316/2316 2317/2317
f 2315/2315 2318/2318 2316/2316
f 2317/2317 2319/2319 2305/2305
f 2305/2305 2320/2320 2309/2309
f 2305/2305 2321/2321 2320/2320
f 2305/2305 2322/2322 2323/2323
f 2305/2305 2319/2319 2322/2322
f 2323/2323 2321/2321 2305/2305
f 2315/2315 2317/2317 2305/2305
f 2324/2324 2325/2325 2326/2326
f 2327/2327 2326/2326 2328/2328
f 2325/2325 2314/2314 2313/2313
f 2329/2329 2330/2330 2331/2331
f 2331/2331 2332/2332 2329/2329
f 2328/2328 2333/2333 2327/2327
f 2332/2332 2331/2331 2334/2334
f 2332/2332 2335/2335 2336/2336
f 2332/2332 2337/2337 2335/2335
f 2332/2332 2334/2334 2337/2337
f 2332/2332 2338/2338 2339/2339
f 2332/2332 2340/2340 2341/2341
f 2339/2339 2342/2342 2343/2343
f 2338/2338 2344/2344 2339/2339
f 2341/2341 2338/2338 2332/2332
f 2332/2332 2336/2336 2340/2340
f 2318/2318 2345/2345 2346/2346
f 2347/2347 2346/2346 2348/2348
f 2345/2345 2348/2348 2346/2346
f 2348/2348 2349/2349 2347/2347
f 2349/2349 2350/2350 2351/2351
f 2350/2350 2349/2349 2348/2348
f 2350/2350 2352/2352 2353/2353
f 2350/2350 2354/2354 2355/2355
f 2350/2350 2356/2356 2354/2354
f 2355/2355 2352/2352 2350/2350
f 2353/2353 2351/2351 2350/2350
f 2357/2357 2358/2358 2359/2359
f 2360/2360 2350/2350 2358/2358
f 2350/2350 2360/2360 2356/2356
f 2361/2361 2359/2359 2362/2362
f 2363/2363 2362/2362 2364/2364
f 2364/2364 2365/2365 2363/2363
f 2365/2365 2364/2364 2366/2366
f 2367/2367 2365/2365 2366/2366
f 2368/2368 2369/2369 2370/2370
f 2368/2368 2371/2371 2372/2372
f 2368/2368 2373/2373 2371/2371
f 2368/2368 2370/2370 2373/2373
f 2374/2374 2375/2375 2376/2376
f 2375/2375 2343/2343 2342/2342
f 2377/2377 2374/2374 2376/2376
f 2377/2377 2368/2368 2374/2374
f 2368/2368 2377/2377 2369/2369
f 2367/2367 2378/2378 2379/2379
f 2379/2379 2380/2380 2381/2381
f 2382/2382 2381/2381 2380/2380
f 2383/2383 2384/2384 2385/2385
f 2368/2368 2386/2386 2385/2385
f 2385/2385 2384/2384 2368/2368
f 2372/2372 2386/2386 2368/2368
f 2387/2387 2388/2388 2389/2389
f 2387/2387 2390/2390 2391/2391
f 2387/2387 2391/2391 2392/2392
f 2387/2387 2389/2389 2390/2390
f 2393/2393 2394/2394 2387/2387
f 2387/2387 2395/2395 2393/2393
f 2387/2387 2396/2396 2395/2395
f 2397/2397 2396/2396 2387/2387
f 2397/2397 2387/2387 2392/2392
f 2398/2398 2399/2399 2400/2400
f 2398/2398 2401/2401 2402/2402
f 2400/2400 2401/2401 2398/2398
f 2392/2392 2398/2398 2397/2397
f 2398/2398 2403/2403 2397/2397
f 2398/2398 2404/2404 2405/2405
f 2398/2398 2406/2406 2404/2404
f 2405/2405 2403/2403 2398/2398
f 2399/2399 2398/2398 2392/2392
f 2407/2407 2408/2408 2409/2409
f 2410/2410 2408/2408 2411/2411
f 2408/2408 2412/2412 2411/2411
f 2408/2408 2410/2410 2409/2409
f 2412/2412 2413/2413 2414/2414
f 2415/2415 2416/2416 2412/2412
f 2413/2413 2412/2412 2416/2416
f 2412/2412 2414/2414 2411/2411
f 2408/2408 2407/2407 2417/2417
f 2418/2418 2408/2408 2419/2419
f 2408/2408 2418/2418 2420/2420
f 2408/2408 2420/2420 2421/2421
f 2422/2422 2408/2408 2421/2421
f 2422/2422 2423/2423 2412/2412
f 2424/2424 2425/2425 2412/2412
f 2425/2425 2426/2426 2412/2412
f 2423/2423 2424/2424 2412/2412
f 2408/2408 2422/2422 2412/2412
f 2427/2427 2428/2428 2429/2429
f 2430/2430 2431/2431 2432/2432
f 2433/2433 2434/2434 2430/2430
f 2432/2432 2435/2435 2429/2429
f 2435/2435 2436/2436 2427/2427
f 2429/2429 2435/2435 2427/2427
f 2437/2437 2438/2438 2439/2439
f 2440/2440 2441/2441 2442/2442
f 2441/2441 2443/2443 2437/2437
f 2441/2441 2440/2440 2444/2444
f 2445/2445 2439/2439 2438/2438
f 2440/2440 2446/2446 2444/2444
f 2447/2447 2448/2448 2449/2449
f 2450/2450 2451/2451 2452/2452
f 2453/2453 2454/2454 2450/2450
f 2452/2452 2455/2455 2449/2449
f 2456/2456 2447/2447 2455/2455
f 2455/2455 2447/2447 2449/2449
f 2457/2457 2458/2458 2453/2453
f 2459/2459 2460/2460 2457/2457
f 2461/2461 2462/2462 2463/2463
f 2462/2462 2464/2464 2459/2459
f 2462/2462 2461/2461 2465/2465
f 2466/2466 2465/2465 2467/2467
f 2466/2466 2467/2467 2468/2468
f 2462/2462 2465/2465 2466/2466
f 2469/2469 2470/2470 2471/2471
f 2472/2472 2470/2470 2469/2469
f 2473/2473 2469/2469 2474/2474
f 2475/2475 2474/2474 2476/2476
f 2477/2477 2478/2478 2472/2472
f 2477/2477 2479/2479 2478/2478
f 2469/2469 2477/2477 2472/2472
f 2475/2475 2480/2480 2481/2481
f 2482/2482 2481/2481 2480/2480
f 2483/2483 2484/2484 2485/2485
f 2486/2486 2483/2483 2487/2487
f 2485/2485 2488/2488 2482/2482
f 2489/2489 2490/2490 2486/2486
f 2486/2486 2490/2490 2483/2483
f 2491/2491 2492/2492 2493/2493
f 2494/2494 2495/2495 2496/2496
f 2497/2497 2498/2498 2494/2494
f 2496/2496 2499/2499 2493/2493
f 2499/2499 2500/2500 2491/2491
f 2493/2493 2499/2499 2491/2491
f 2501/2501 2502/2502 2503/2503
f 2504/2504 2505/2505 2506/2506
f 2505/2505 2507/2507 2501/2501
f 2505/2505 2504/2504 2508/2508
f 2509/2509 2503/2503 2502/2502
f 2504/2504 2510/2510 2508/2508
f 2511/2511 2512/2512 2513/2513
f 2511/2511 2514/2514 2515/2515
f 2515/2515 2516/2516 2517/2517
f 2517/2517 2518/2518 2519/2519
f 2511/2511 2513/2513 2520/2520
f 2521/2521 2518/2518 2516/2516
f 2516/2516 2518/2518 2517/2517
f 2522/2522 2520/2520 2513/2513
f 2523/2523 2524/2524 2525/2525
f 2525/2525 2526/2526 2527/2527
f 2528/2528 2527/2527 2529/2529
f 2527/2527 2526/2526 2529/2529
f 2530/2530 2523/2523 2531/2531
f 2532/2532 2530/2530 2533/2533
f 2526/2526 2534/2534 2529/2529
f 2523/2523 2530/2530 2532/2532
f 2535/2535 2536/2536 2537/2537
f 2538/2538 2536/2536 2535/2535
f 2539/2539 2538/2538 2535/2535
f 2540/2540 2541/2541 2539/2539
f 2536/2536 2538/2538 2542/2542
f 2543/2543 2544/2544 2545/2545
f 2545/2545 2546/2546 2547/2547
f 2548/2548 2549/2549 2550/2550
f 2551/2551 2550/2550 2552/2552
f 2549/2549 2547/2547 2546/2546
f 2553/2553 2548/2548 2551/2551
f 2550/2550 2551/2551 2548/2548
f 2554/2554 2555/2555 2556/2556
f 2557/2557 2558/2558 2559/2559
f 2560/2560 2559/2559 2561/2561
f 2562/2562 2561/2561 2563/2563
f 2564/2564 2565/2565 2566/2566
f 2567/2567 2555/2555 2564/2564
f 2565/2565 2554/2554 2568/2568
f 2566/2566 2565/2565 2568/2568
f 2555/2555 2569/2569 2570/2570
f 2555/2555 2565/2565 2564/2564
f 2555/2555 2570/2570 2571/2571
f 2569/2569 2555/2555 2567/2567
f 2572/2572 2573/2573 2574/2574
f 2567/2567 2574/2574 2575/2575
f 2576/2576 2575/2575 2577/2577
f 2578/2578 2575/2575 2576/2576
f 2575/2575 2578/2578 2569/2569
f 2577/2577 2573/2573 2579/2579
f 2574/2574 2573/2573 2575/2575
f 2567/2567 2575/2575 2569/2569
f 2568/2568 2554/2554 2580/2580
f 2581/2581 2556/2556 2571/2571
f 2582/2582 2580/2580 2554/2554
f 2582/2582 2556/2556 2583/2583
f 2556/2556 2584/2584 2583/2583
f 2582/2582 2554/2554 2556/2556
f 2584/2584 2556/2556 2581/2581
f 2556/2556 2555/2555 2571/2571
f 2585/2585 2584/2584 2586/2586
f 2585/2585 2587/2587 2588/2588
f 2586/2586 2587/2587 2585/2585
f 2589/2589 2585/2585 2562/2562
f 2585/2585 2588/2588 2562/2562
f 2583/2583 2585/2585 2589/2589
f 2562/2562 2588/2588 2590/2590
f 2583/2583 2584/2584 2585/2585
f 2573/2573 2572/2572 2591/2591
f 2558/2558 2573/2573 2591/2591
f 2573/2573 2557/2557 2579/2579
f 2557/2557 2592/2592 2593/2593
f 2593/2593 2579/2579 2557/2557
f 2558/2558 2594/2594 2559/2559
f 2558/2558 2591/2591 2595/2595
f 2573/2573 2577/2577 2575/2575
f 2596/2596 2597/2597 2598/2598
f 2595/2595 2597/2597 2596/2596
f 2595/2595 2599/2599 2558/2558
f 2594/2594 2600/2600 2559/2559
f 2591/2591 2597/2597 2595/2595
f 2561/2561 2600/2600 2601/2601
f 2560/2560 2602/2602 2592/2592
f 2560/2560 2592/2592 2557/2557
f 2590/2590 2560/2560 2562/2562
f 2603/2603 2604/2604 2562/2562
f 2589/2589 2562/2562 2604/2604
f 2603/2603 2562/2562 2563/2563
f 2560/2560 2590/2590 2602/2602
f 2601/2601 2563/2563 2561/2561
f 2605/2605 2563/2563 2606/2606
f 2607/2607 2608/2608 2605/2605
f 2605/2605 2608/2608 2603/2603
f 2608/2608 2607/2607 2609/2609
f 2605/2605 2603/2603 2563/2563
f 2610/2610 2611/2611 2612/2612
f 2613/2613 2612/2612 2614/2614
f 2615/2615 2614/2614 2616/2616
f 2617/2617 2618/2618 2619/2619
f 2620/2620 2621/2621 2622/2622
f 2623/2623 2620/2620 2622/2622
f 2623/2623 2624/2624 2625/2625
f 2626/2626 2610/2610 2627/2627
f 2626/2626 2624/2624 2610/2610
f 2623/2623 2622/2622 2628/2628
f 2628/2628 2611/2611 2624/2624
f 2623/2623 2628/2628 2624/2624
f 2629/2629 2611/2611 2628/2628
f 2612/2612 2630/2630 2631/2631
f 2611/2611 2630/2630 2612/2612
f 2613/2613 2627/2627 2610/2610
f 2611/2611 2629/2629 2632/2632
f 2612/2612 2631/2631 2633/2633
f 2634/2634 2615/2615 2635/2635
f 2613/2613 2634/2634 2627/2627
f 2615/2615 2636/2636 2635/2635
f 2637/2637 2638/2638 2636/2636
f 2638/2638 2637/2637 2639/2639
f 2640/2640 2637/2637 2636/2636
f 2641/2641 2614/2614 2633/2633
f 2642/2642 2616/2616 2614/2614
f 2636/2636 2615/2615 2640/2640
f 2616/2616 2640/2640 2615/2615
f 2640/2640 2616/2616 2643/2643
f 2644/2644 2645/2645 2646/2646
f 2641/2641 2642/2642 2614/2614
f 2612/2612 2633/2633 2614/2614
f 2647/2647 2648/2648 2649/2649
f 2650/2650 2647/2647 2632/2632
f 2651/2651 2648/2648 2647/2647
f 2647/2647 2649/2649 2611/2611
f 2649/2649 2630/2630 2611/2611
f 2647/2647 2652/2652 2651/2651
f 2652/2652 2647/2647 2650/2650
f 2632/2632 2647/2647 2611/2611
f 2653/2653 2654/2654 2650/2650
f 2655/2655 2618/2618 2653/2653
f 2654/2654 2656/2656 2657/2657
f 2617/2617 2656/2656 2654/2654
f 2653/2653 2618/2618 2654/2654
f 2657/2657 2652/2652 2654/2654
f 2658/2658 2618/2618 2655/2655
f 2650/2650 2654/2654 2652/2652
f 2616/2616 2659/2659 2643/2643
f 2616/2616 2645/2645 2644/2644
f 2659/2659 2616/2616 2644/2644
f 2646/2646 2660/2660 2644/2644
f 2661/2661 2644/2644 2660/2660
f 2662/2662 2659/2659 2644/2644
f 2644/2644 2661/2661 2662/2662
f 2642/2642 2645/2645 2616/2616
f 2617/2617 2663/2663 2656/2656
f 2658/2658 2619/2619 2618/2618
f 2661/2661 2617/2617 2662/2662
f 2664/2664 2662/2662 2617/2617
f 2664/2664 2619/2619 2665/2665
f 2658/2658 2665/2665 2619/2619
f 2664/2664 2617/2617 2619/2619
f 2663/2663 2617/2617 2661/2661
f 2666/2666 2667/2667 2668/2668
f 2666/2666 2669/2669 2670/2670
f 2670/2670 2671/2671 2672/2672
f 2672/2672 2673/2673 2674/2674
f 2666/2666 2668/2668 2675/2675
f 2676/2676 2673/2673 2671/2671
f 2671/2671 2673/2673 2672/2672
f 2677/2677 2675/2675 2668/2668
f 2678/2678 2679/2679 2680/2680
f 2681/2681 2679/2679 2678/2678
f 2682/2682 2681/2681 2678/2678
f 2683/2683 2684/2684 2682/2682
f 2679/2679 2681/2681 2685/2685
f 2686/2686 2687/2687 2688/2688
f 2689/2689 2688/2688 2687/2687
f 2690/2690 2691/2691 2692/2692
f 2693/2693 2690/2690 2694/2694
f 2692/2692 2695/2695 2689/2689
f 2696/2696 2697/2697 2693/2693
f 2690/2690 2693/2693 2697/2697
f 2698/2698 2699/2699 2700/2700
f 2698/2698 2701/2701 2702/2702
f 2702/2702 2703/2703 2704/2704
f 2704/2704 2705/2705 2706/2706
f 2698/2698 2700/2700 2707/2707
f 2708/2708 2705/2705 2703/2703
f 2703/2703 2705/2705 2704/2704
f 2709/2709 2707/2707 2700/2700
f 2710/2710 2711/2711 2712/2712
f 2710/2710 2713/2713 2714/2714
f 2714/2714 2715/2715 2716/2716
f 2716/2716 2717/2717 2718/2718
f 2710/2710 2712/2712 2719/2719
f 2720/2720 2717/2717 2715/2715
f 2715/2715 2717/2717 2716/2716
f 2721/2721 2719/2719 2712/2712
f 2722/2722 2723/2723 2724/2724
f 2722/2722 2725/2725 2726/2726
f 2726/2726 2727/2727 2728/2728
f 2728/2728 2729/2729 2730/2730
f 2722/2722 2724/2724 2731/2731
f 2732/2732 2729/2729 2727/2727
f 2727/2727 2729/2729 2728/2728
f 2733/2733 2731/2731 2724/2724
f 2734/2734 2735/2735 2736/2736
f 2737/2737 2738/2738 2739/2739
f 2740/2740 2741/2741 2737/2737
f 2739/2739 2742/2742 2736/2736
f 2742/2742 2743/2743 2734/2734
f 2736/2736 2742/2742 2734/2734
f 2744/2744 2745/2745 2746/2746
f 2747/2747 2748/2748 2749/2749
f 2750/2750 2744/2744 2748/2748
f 2748/2748 2747/2747 2750/2750
f 2751/2751 2746/2746 2745/2745
f 2747/2747 2752/2752 2750/2750
f 2753/2753 2754/2754 2755/2755
f 2756/2756 2757/2757 2758/2758
f 2759/2759 2758/2758 2760/2760
f 2761/2761 2760/2760 2762/2762
f 2763/2763 2764/2764 2765/2765
f 2766/2766 2754/2754 2763/2763
f 2763/2763 2754/2754 2764/2764
f 2754/2754 2767/2767 2768/2768
f 2769/2769 2767/2767 2754/2754
f 2770/2770 2765/2765 2764/2764
f 2769/2769 2754/2754 2766/2766
f 2754/2754 2768/2768 2755/2755
f 2771/2771 2772/2772 2773/2773
f 2766/2766 2773/2773 2774/2774
f 2775/2775 2774/2774 2776/2776
f 2777/2777 2774/2774 2775/2775
f 2774/2774 2777/2777 2769/2769
f 2776/2776 2772/2772 2778/2778
f 2773/2773 2772/2772 2774/2774
f 2766/2766 2774/2774 2769/2769
f 2770/2770 2764/2764 2753/2753
f 2755/2755 2768/2768 2779/2779
f 2780/2780 2770/2770 2753/2753
f 2781/2781 2780/2780 2753/2753
f 2781/2781 2755/2755 2782/2782
f 2755/2755 2783/2783 2782/2782
f 2781/2781 2753/2753 2755/2755
f 2783/2783 2755/2755 2779/2779
f 2784/2784 2783/2783 2785/2785
f 2784/2784 2786/2786 2787/2787
f 2785/2785 2786/2786 2784/2784
f 2788/2788 2784/2784 2761/2761
f 2784/2784 2787/2787 2761/2761
f 2782/2782 2784/2784 2788/2788
f 2761/2761 2787/2787 2789/2789
f 2782/2782 2783/2783 2784/2784
f 2772/2772 2771/2771 2790/2790
f 2757/2757 2772/2772 2790/2790
f 2772/2772 2756/2756 2778/2778
f 2756/2756 2791/2791 2792/2792
f 2792/2792 2778/2778 2756/2756
f 2757/2757 2793/2793 2758/2758
f 2757/2757 2790/2790 2794/2794
f 2772/2772 2776/2776 2774/2774
f 2795/2795 2796/2796 2797/2797
f 2794/2794 2796/2796 2795/2795
f 2794/2794 2798/2798 2757/2757
f 2793/2793 2799/2799 2758/2758
f 2790/2790 2796/2796 2794/2794
f 2799/2799 2760/2760 2758/2758
f 2759/2759 2800/2800 2791/2791
f 2759/2759 2791/2791 2756/2756
f 2789/2789 2759/2759 2761/2761
f 2801/2801 2802/2802 2761/2761
f 2788/2788 2761/2761 2802/2802
f 2801/2801 2761/2761 2762/2762
f 2759/2759 2789/2789 2800/2800
f 2803/2803 2762/2762 2760/2760
f 2804/2804 2762/2762 2805/2805
f 2806/2806 2807/2807 2804/2804
f 2804/2804 2807/2807 2801/2801
f 2807/2807 2806/2806 2808/2808
f 2804/2804 2801/2801 2762/2762
f 2760/2760 2799/2799 2803/2803
f 2809/2809 2810/2810 2811/2811
f 2812/2812 2811/2811 2813/2813
f 2814/2814 2813/2813 2815/2815
f 2816/2816 2817/2817 2818/2818
f 2819/2819 2820/2820 2821/2821
f 2821/2821 2822/2822 2823/2823
f 2823/2823 2819/2819 2821/2821
f 2824/2824 2825/2825 2823/2823
f 2824/2824 2826/2826 2825/2825
f 2822/2822 2824/2824 2823/2823
f 2810/2810 2822/2822 2827/2827
f 2810/2810 2828/2828 2811/2811
f 2811/2811 2829/2829 2830/2830
f 2828/2828 2829/2829 2811/2811
f 2831/2831 2826/2826 2809/2809
f 2810/2810 2827/2827 2832/2832
f 2822/2822 2810/2810 2824/2824
f 2811/2811 2830/2830 2813/2813
f 2833/2833 2814/2814 2834/2834
f 2834/2834 2814/2814 2835/2835
f 2836/2836 2837/2837 2835/2835
f 2837/2837 2836/2836 2838/2838
f 2839/2839 2836/2836 2835/2835
f 2812/2812 2833/2833 2831/2831
f 2809/2809 2812/2812 2831/2831
f 2840/2840 2815/2815 2813/2813
f 2835/2835 2814/2814 2839/2839
f 2815/2815 2839/2839 2814/2814
f 2839/2839 2815/2815 2841/2841
f 2842/2842 2843/2843 2844/2844
f 2845/2845 2840/2840 2813/2813
f 2830/2830 2845/2845 2813/2813
f 2846/2846 2847/2847 2848/2848
f 2849/2849 2846/2846 2832/2832
f 2850/2850 2847/2847 2846/2846
f 2846/2846 2848/2848 2810/2810
f 2848/2848 2828/2828 2810/2810
f 2846/2846 2851/2851 2850/2850
f 2851/2851 2846/2846 2849/2849
f 2832/2832 2846/2846 2810/2810
f 2852/2852 2853/2853 2849/2849
f 2854/2854 2817/2817 2852/2852
f 2853/2853 2855/2855 2856/2856
f 2853/2853 2856/2856 2851/2851
f 2854/2854 2857/2857 2817/2817
f 2817/2817 2853/2853 2852/2852
f 2857/2857 2818/2818 2817/2817
f 2849/2849 2853/2853 2851/2851
f 2842/2842 2858/2858 2859/2859
f 2842/2842 2815/2815 2843/2843
f 2860/2860 2861/2861 2842/2842
f 2842/2842 2861/2861 2815/2815
f 2842/2842 2844/2844 2858/2858
f 2861/2861 2841/2841 2815/2815
f 2842/2842 2859/2859 2860/2860
f 2840/2840 2843/2843 2815/2815
f 2816/2816 2862/2862 2855/2855
f 2816/2816 2855/2855 2853/2853
f 2859/2859 2816/2816 2860/2860
f 2863/2863 2860/2860 2816/2816
f 2863/2863 2818/2818 2864/2864
f 2863/2863 2816/2816 2818/2818
f 2818/2818 2857/2857 2864/2864
f 2862/2862 2816/2816 2859/2859
f 2865/2865 2866/2866 2867/2867
f 2865/2865 2868/2868 2869/2869
f 2869/2869 2870/2870 2871/2871
f 2871/2871 2872/2872 2873/2873
f 2865/2865 2867/2867 2874/2874
f 2875/2875 2872/2872 2870/2870
f 2870/2870 2872/2872 2871/2871
f 2876/2876 2874/2874 2867/2867
f 2877/2877 2878/2878 2879/2879
f 2880/2880 2878/2878 2877/2877
f 2881/2881 2880/2880 2877/2877
f 2882/2882 2883/2883 2881/2881
f 2878/2878 2880/2880 2884/2884
f 2885/2885 2886/2886 2887/2887
f 2888/2888 2887/2887 2886/2886
f 2889/2889 2890/2890 2891/2891
f 2892/2892 2889/2889 2893/2893
f 2891/2891 2894/2894 2888/2888
f 2895/2895 2896/2896 2892/2892
f 2889/2889 2892/2892 2896/2896
f 2897/2897 2898/2898 2899/2899
f 2897/2897 2900/2900 2901/2901
f 2901/2901 2902/2902 2903/2903
f 2903/2903 2904/2904 2905/2905
f 2897/2897 2899/2899 2906/2906
f 2907/2907 2904/2904 2902/2902
f 2902/2902 2904/2904 2903/2903
f 2908/2908 2906/2906 2899/2899
f 2909/2909 2910/2910 2911/2911
f 2911/2911 2912/2912 2913/2913
f 2914/2914 2915/2915 2916/2916
f 2913/2913 2917/2917 2918/2918
f 2919/2919 2920/2920 2921/2921
f 2919/2919 2921/2921 2922/2922
f 2923/2923 2919/2919 2922/2922
f 2924/2924 2909/2909 2923/2923
f 2925/2925 2923/2923 2909/2909
f 2923/2923 2922/2922 2924/2924
f 2924/2924 2922/2922 2926/2926
f 2924/2924 2927/2927 2910/2910
f 2911/2911 2928/2928 2909/2909
f 2911/2911 2929/2929 2930/2930
f 2913/2913 2929/2929 2911/2911
f 2931/2931 2932/2932 2933/2933
f 2934/2934 2910/2910 2927/2927
f 2911/2911 2930/2930 2928/2928
f 2931/2931 2933/2933 2909/2909
f 2935/2935 2925/2925 2909/2909
f 2936/2936 2933/2933 2932/2932
f 2935/2935 2909/2909 2933/2933
f 2937/2937 2938/2938 2933/2933
f 2935/2935 2933/2933 2938/2938
f 2939/2939 2940/2940 2938/2938
f 2941/2941 2940/2940 2914/2914
f 2938/2938 2937/2937 2939/2939
f 2939/2939 2914/2914 2940/2940
f 2939/2939 2942/2942 2943/2943
f 2942/2942 2939/2939 2937/2937
f 2944/2944 2941/2941 2914/2914
f 2937/2937 2933/2933 2936/2936
f 2931/2931 2909/2909 2928/2928
f 2939/2939 2943/2943 2915/2915
f 2912/2912 2934/2934 2945/2945
f 2945/2945 2917/2917 2912/2912
f 2946/2946 2929/2929 2913/2913
f 2913/2913 2947/2947 2946/2946
f 2917/2917 2948/2948 2949/2949
f 2950/2950 2949/2949 2951/2951
f 2950/2950 2951/2951 2952/2952
f 2918/2918 2947/2947 2913/2913
f 2953/2953 2954/2954 2918/2918
f 2953/2953 2918/2918 2917/2917
f 2953/2953 2949/2949 2950/2950
f 2949/2949 2953/2953 2917/2917
f 2955/2955 2918/2918 2954/2954
f 2956/2956 2915/2915 2957/2957
f 2944/2944 2914/2914 2916/2916
f 2943/2943 2958/2958 2915/2915
f 2915/2915 2959/2959 2916/2916
f 2915/2915 2958/2958 2957/2957
f 2960/2960 2944/2944 2916/2916
f 2961/2961 2962/2962 2957/2957
f 2918/2918 2962/2962 2963/2963
f 2918/2918 2963/2963 2947/2947
f 2963/2963 2962/2962 2964/2964
f 2961/2961 2964/2964 2962/2962
f 2960/2960 2916/2916 2959/2959
f 2956/2956 2959/2959 2915/2915
f 2955/2955 2956/2956 2962/2962
f 2962/2962 2956/2956 2957/2957
f 2962/2962 2918/2918 2955/2955
f 2912/2912 2910/2910 2934/2934
f 2965/2965 2966/2966 2967/2967
f 2968/2968 2966/2966 2965/2965
f 2969/2969 2968/2968 2965/2965
f 2970/2970 2971/2971 2969/2969
f 2966/2966 2968/2968 2972/2972
f 2973/2973 2974/2974 2975/2975
f 2976/2976 2975/2975 2974/2974
f 2977/2977 2978/2978 2979/2979
f 2980/2980 2977/2977 2981/2981
f 2979/2979 2982/2982 2976/2976
f 2983/2983 2984/2984 2980/2980
f 2977/2977 2980/2980 2984/2984
f 2985/2985 2986/2986 2987/2987
f 2985/2985 2988/2988 2989/2989
f 2989/2989 2990/2990 2991/2991
f 2991/2991 2992/2992 2993/2993
f 2985/2985 2987/2987 2994/2994
f 2995/2995 2992/2992 2990/2990
f 2990/2990 2992/2992 2991/2991
f 2996/2996 2994/2994 2987/2987
f 2997/2997 2998/2998 2999/2999
f 2997/2997 3000/3000 3001/3001
f 3001/3001 3002/3002 3003/3003
f 3003/3003 3004/3004 3005/3005
f 2997/2997 2999/2999 3006/3006
f 3007/3007 3004/3004 3002/3002
f 3002/3002 3004/3004 3003/3003
f 3008/3008 3006/3006 2999/2999
f 3009/3009 3010/3010 3011/3011
f 3009/3009 3012/3012 3013/3013
f 3013/3013 3014/3014 3015/3015
f 3015/3015 3016/3016 3017/3017
f 3009/3009 3011/3011 3018/3018
f 3019/3019 3016/3016 3014/3014
f 3014/3014 3016/3016 3015/3015
f 3020/3020 3018/3018 3011/3011
f 3021/3021 3022/3022 3023/3023
f 3024/3024 3022/3022 3021/3021
f 3025/3025 3024/3024 3021/3021
f 3026/3026 3027/3027 3025/3025
f 3022/3022 3024/3024 3028/3028
f 3029/3029 3030/3030 3031/3031
f 3032/3032 3031/3031 3030/3030
f 3033/3033 3034/3034 3035/3035
f 3036/3036 3033/3033 3037/3037
f 3035/3035 3038/3038 3032/3032
f 3039/3039 3040/3040 3036/3036
f 3033/3033 3036/3036 3040/3040
f 3041/3041 3042/3042 3043/3043
f 3043/3043 3044/3044 3045/3045
f 3046/3046 3045/3045 3047/3047
f 3045/3045 3044/3044 3047/3047
f 3048/3048 3041/3041 3049/3049
f 3050/3050 3048/3048 3051/3051
f 3044/3044 3052/3052 3047/3047
f 3041/3041 3048/3048 3050/3050
f 3053/3053 3054/3054 3055/3055
f 3055/3055 3056/3056 3057/3057
f 3058/3058 3059/3059 3060/3060
f 3057/3057 3061/3061 3062/3062
f 3063/3063 3064/3064 3065/3065
f 3063/3063 3065/3065 3066/3066
f 3067/3067 3063/3063 3066/3066
f 3068/3068 3053/3053 3067/3067
f 3069/3069 3067/3067 3053/3053
f 3067/3067 3066/3066 3068/3068
f 3068/3068 3066/3066 3070/3070
f 3068/3068 3071/3071 3054/3054
f 3054/3054 3071/3071 3072/3072
f 3073/3073 3053/3053 3055/3055
f 3055/3055 3057/3057 3074/3074
f 3075/3075 3076/3076 3077/3077
f 3056/3056 3054/3054 3072/3072
f 3055/3055 3074/3074 3078/3078
f 3075/3075 3077/3077 3053/3053
f 3079/3079 3069/3069 3053/3053
f 3080/3080 3077/3077 3076/3076
f 3079/3079 3053/3053 3077/3077
f 3081/3081 3082/3082 3077/3077
f 3079/3079 3077/3077 3082/3082
f 3083/3083 3084/3084 3082/3082
f 3085/3085 3084/3084 3058/3058
f 3073/3073 3075/3075 3053/3053
f 3083/3083 3058/3058 3084/3084
f 3083/3083 3081/3081 3086/3086
f 3083/3083 3082/3082 3081/3081
f 3087/3087 3085/3085 3058/3058
f 3081/3081 3077/3077 3080/3080
f 3073/3073 3055/3055 3078/3078
f 3083/3083 3086/3086 3088/3088
f 3061/3061 3089/3089 3090/3090
f 3057/3057 3091/3091 3092/3092
f 3062/3062 3091/3091 3057/3057
f 3092/3092 3074/3074 3057/3057
f 3061/3061 3090/3090 3093/3093
f 3089/3089 3056/3056 3072/3072
f 3094/3094 3093/3093 3095/3095
f 3094/3094 3095/3095 3096/3096
f 3097/3097 3091/3091 3062/3062
f 3098/3098 3099/3099 3062/3062
f 3098/3098 3062/3062 3061/3061
f 3098/3098 3093/3093 3094/3094
f 3093/3093 3098/3098 3061/3061
f 3100/3100 3062/3062 3099/3099
f 3101/3101 3059/3059 3102/3102
f 3059/3059 3103/3103 3102/3102
f 3059/3059 3083/3083 3088/3088
f 3087/3087 3058/3058 3060/3060
f 3059/3059 3104/3104 3060/3060
f 3059/3059 3088/3088 3103/3103
f 3105/3105 3087/3087 3060/3060
f 3106/3106 3107/3107 3102/3102
f 3062/3062 3107/3107 3097/3097
f 3062/3062 3100/3100 3107/3107
f 3097/3097 3107/3107 3108/3108
f 3106/3106 3108/3108 3107/3107
f 3105/3105 3060/3060 3104/3104
f 3101/3101 3104/3104 3059/3059
f 3100/3100 3101/3101 3107/3107
f 3107/3107 3101/3101 3102/3102
f 3109/3109 3110/3110 3111/3111
f 3111/3111 3110/3110 3112/3112
f 3113/3113 3114/3114 3115/3115
f 3116/3116 3115/3115 3114/3114
f 3112/3112 3110/3110 3116/3116
f 3117/3117 3118/3118 3113/3113
f 3119/3119 3120/3120 3121/3121
f 3122/3122 3120/3120 3123/3123
f 3109/3109 3124/3124 3123/3123
f 3123/3123 3124/3124 3122/3122
f 3124/3124 3109/3109 3111/3111
f 3125/3125 3119/3119 3121/3121
f 3118/3118 3117/3117 3126/3126
f 3114/3114 3113/3113 3118/3118
f 3127/3127 3128/3128 3129/3129
f 3114/3114 3130/3130 3116/3116
f 3127/3127 3131/3131 3128/3128
f 3132/3132 3133/3133 3127/3127
f 3118/3118 3126/3126 3128/3128
f 3133/3133 3131/3131 3127/3127
f 3134/3134 3135/3135 3112/3112
f 3130/3130 3112/3112 3116/3116
f 3130/3130 3136/3136 3112/3112
f 3134/3134 3137/3137 3135/3135
f 3137/3137 3138/3138 3139/3139
f 3137/3137 3139/3139 3135/3135
f 3136/3136 3134/3134 3112/3112
f 3126/3126 3129/3129 3128/3128
f 3140/3140 3141/3141 3142/3142
f 3143/3143 3144/3144 3142/3142
f 3142/3142 3145/3145 3146/3146
f 3147/3147 3144/3144 3143/3143
f 3146/3146 3143/3143 3142/3142
f 3125/3125 3148/3148 3140/3140
f 3149/3149 3150/3150 3151/3151
f 3152/3152 3151/3151 3150/3150
f 3153/3153 3150/3150 3149/3149
f 3152/3152 3147/3147 3151/3151
f 3154/3154 3153/3153 3155/3155
f 3147/3147 3152/3152 3144/3144
f 3154/3154 3150/3150 3153/3153
f 3140/3140 3148/3148 3141/3141
f 3156/3156 3157/3157 3158/3158
f 3159/3159 3142/3142 3157/3157
f 3158/3158 3160/3160 3156/3156
f 3161/3161 3162/3162 3163/3163
f 3164/3164 3161/3161 3158/3158
f 3160/3160 3161/3161 3163/3163
f 3159/3159 3145/3145 3142/3142
f 3165/3165 3166/3166 3167/3167
f 3160/3160 3168/3168 3156/3156
f 3163/3163 3169/3169 3160/3160
f 3157/3157 3142/3142 3141/3141
f 3170/3170 3155/3155 3166/3166
f 3171/3171 3172/3172 3173/3173
f 3174/3174 3175/3175 3171/3171
f 3175/3175 3176/3176 3171/3171
f 3177/3177 3174/3174 3178/3178
f 3179/3179 3178/3178 3174/3174
f 3180/3180 3178/3178 3179/3179
f 3175/3175 3174/3174 3177/3177
f 3181/3181 3133/3133 3132/3132
f 3173/3173 3172/3172 3181/3181
f 3182/3182 3183/3183 3184/3184
f 3184/3184 3185/3185 3179/3179
f 3176/3176 3172/3172 3171/3171
f 3185/3185 3180/3180 3179/3179
f 3131/3131 3133/3133 3186/3186
f 3187/3187 3179/3179 3188/3188
f 3189/3189 3188/3188 3179/3179
f 3190/3190 3179/3179 3187/3187
f 3179/3179 3191/3191 3189/3189
f 3189/3189 3191/3191 3192/3192
f 3193/3193 3191/3191 3179/3179
f 3193/3193 3179/3179 3194/3194
f 3191/3191 3195/3195 3192/3192
f 3182/3182 3196/3196 3183/3183
f 3190/3190 3182/3182 3184/3184
f 3197/3197 3192/3192 3195/3195
f 3197/3197 3198/3198 3199/3199
f 3197/3197 3195/3195 3198/3198
f 3196/3196 3200/3200 3183/3183
f 3190/3190 3184/3184 3179/3179
f 3198/3198 3201/3201 3199/3199
f 3202/3202 3186/3186 3133/3133
f 3203/3203 3204/3204 3202/3202
f 3204/3204 3205/3205 3206/3206
f 3207/3207 3208/3208 3209/3209
f 3206/3206 3208/3208 3207/3207
f 3203/3203 3205/3205 3204/3204
f 3202/3202 3133/3133 3203/3203
f 3210/3210 3138/3138 3211/3211
f 3212/3212 3210/3210 3211/3211
f 3139/3139 3138/3138 3210/3210
f 3213/3213 3214/3214 3209/3209
f 3207/3207 3209/3209 3214/3214
f 3214/3214 3213/3213 3212/3212
f 3211/3211 3214/3214 3212/3212
f 3208/3208 3206/3206 3205/3205
f 3215/3215 3200/3200 3216/3216
f 3215/3215 3217/3217 3200/3200
f 3218/3218 3219/3219 3220/3220
f 3218/3218 3201/3201 3219/3219
f 3201/3201 3218/3218 3199/3199
f 3221/3221 3222/3222 3215/3215
f 3217/3217 3215/3215 3222/3222
f 3222/3222 3223/3223 3224/3224
f 3221/3221 3223/3223 3222/3222
f 3225/3225 3226/3226 3219/3219
f 3220/3220 3219/3219 3226/3226
f 3225/3225 3224/3224 3223/3223
f 3226/3226 3225/3225 3223/3223
f 3200/3200 3196/3196 3216/3216
f 3132/3132 3173/3173 3181/3181
f 3227/3227 3154/3154 3228/3228
f 3229/3229 3228/3228 3154/3154
f 3230/3230 3154/3154 3227/3227
f 3154/3154 3231/3231 3232/3232
f 3154/3154 3233/3233 3229/3229
f 3154/3154 3234/3234 3233/3233
f 3232/3232 3234/3234 3154/3154
f 3154/3154 3155/3155 3231/3231
f 3235/3235 3236/3236 3230/3230
f 3154/3154 3230/3230 3236/3236
f 3237/3237 3236/3236 3235/3235
f 3238/3238 3236/3236 3239/3239
f 3240/3240 3241/3241 3242/3242
f 3238/3238 3239/3239 3242/3242
f 3237/3237 3239/3239 3236/3236
f 3242/3242 3241/3241 3238/3238
f 3165/3165 3170/3170 3166/3166
f 3243/3243 3244/3244 3245/3245
f 3246/3246 3247/3247 3248/3248
f 3249/3249 3244/3244 3250/3250
f 3165/3165 3167/3167 3245/3245
f 3240/3240 3251/3251 3241/3241
f 3240/3240 3252/3252 3251/3251
f 3229/3229 3253/3253 3254/3254
f 3255/3255 3254/3254 3256/3256
f 3256/3256 3246/3246 3255/3255
f 3253/3253 3256/3256 3254/3254
f 3229/3229 3233/3233 3253/3253
f 3231/3231 3155/3155 3170/3170
f 3238/3238 3257/3257 3258/3258
f 3259/3259 3260/3260 3238/3238
f 3258/3258 3261/3261 3262/3262
f 3263/3263 3264/3264 3258/3258
f 3257/3257 3263/3263 3258/3258
f 3259/3259 3238/3238 3265/3265
f 3266/3266 3258/3258 3262/3262
f 3267/3267 3268/3268 3269/3269
f 3266/3266 3270/3270 3269/3269
f 3266/3266 3271/3271 3270/3270
f 3269/3269 3272/3272 3267/3267
f 3268/3268 3273/3273 3274/3274
f 3270/3270 3272/3272 3269/3269
f 3271/3271 3266/3266 3262/3262
f 3275/3275 3258/3258 3264/3264
f 3261/3261 3258/3258 3276/3276
f 3277/3277 3275/3275 3278/3278
f 3275/3275 3277/3277 3276/3276
f 3277/3277 3278/3278 3279/3279
f 3275/3275 3276/3276 3258/3258
f 3280/3280 3281/3281 3282/3282
f 3273/3273 3268/3268 3267/3267
f 3283/3283 3282/3282 3281/3281
f 3273/3273 3280/3280 3274/3274
f 3284/3284 3285/3285 3286/3286
f 3286/3286 3283/3283 3284/3284
f 3285/3285 3287/3287 3288/3288
f 3280/3280 3273/3273 3289/3289
f 3265/3265 3238/3238 3241/3241
f 3290/3290 3249/3249 3250/3250
f 3291/3291 3292/3292 3247/3247
f 3293/3293 3292/3292 3291/3291
f 3293/3293 3290/3290 3294/3294
f 3246/3246 3248/3248 3255/3255
f 3292/3292 3248/3248 3247/3247
f 3250/3250 3294/3294 3290/3290
f 3279/3279 3295/3295 3296/3296
f 3278/3278 3295/3295 3279/3279
f 3296/3296 3297/3297 3279/3279
f 3279/3279 3297/3297 3298/3298
f 3299/3299 3300/3300 3252/3252
f 3299/3299 3301/3301 3300/3300
f 3273/3273 3302/3302 3303/3303
f 3244/3244 3243/3243 3250/3250
f 3300/3300 3304/3304 3252/3252
f 3301/3301 3305/3305 3306/3306
f 3301/3301 3306/3306 3300/3300
f 3307/3307 3292/3292 3293/3293
f 3293/3293 3294/3294 3307/3307
f 3296/3296 3308/3308 3297/3297
f 3309/3309 3310/3310 3302/3302
f 3308/3308 3296/3296 3311/3311
f 3312/3312 3313/3313 3309/3309
f 3314/3314 3315/3315 3316/3316
f 3312/3312 3309/3309 3316/3316
f 3310/3310 3309/3309 3313/3313
f 3303/3303 3302/3302 3310/3310
f 3317/3317 3289/3289 3273/3273
f 3281/3281 3284/3284 3283/3283
f 3318/3318 3315/3315 3314/3314
f 3312/3312 3316/3316 3315/3315
f 3317/3317 3273/3273 3303/3303
f 3319/3319 3320/3320 3321/3321
f 3287/3287 3285/3285 3284/3284
f 3287/3287 3319/3319 3288/3288
f 3322/3322 3320/3320 3319/3319
f 3320/3320 3322/3322 3323/3323
f 3319/3319 3287/3287 3322/3322
f 3324/3324 3320/3320 3323/3323
f 3281/3281 3280/3280 3289/3289
f 3320/3320 3324/3324 3325/3325
f 3326/3326 3327/3327 3328/3328
f 3329/3329 3321/3321 3320/3320
f 3328/3328 3327/3327 3325/3325
f 3330/3330 3331/3331 3332/3332
f 3327/3327 3326/3326 3318/3318
f 3331/3331 3329/3329 3320/3320
f 3329/3329 3331/3331 3330/3330
f 3333/3333 3330/3330 3332/3332
f 3334/3334 3333/3333 3335/3335
f 3334/3334 3336/3336 3337/3337
f 3338/3338 3339/3339 3340/3340
f 3336/3336 3339/3339 3337/3337
f 3325/3325 3324/3324 3328/3328
f 3314/3314 3327/3327 3318/3318
f 3167/3167 3243/3243 3245/3245
f 3341/3341 3342/3342 3194/3194
f 3343/3343 3344/3344 3341/3341
f 3345/3345 3346/3346 3347/3347
f 3348/3348 3349/3349 3350/3350
f 3350/3350 3351/3351 3345/3345
f 3347/3347 3352/3352 3343/3343
f 3353/3353 3348/3348 3354/3354
f 3193/3193 3194/3194 3342/3342
f 3355/3355 3356/3356 3354/3354
f 3348/3348 3355/3355 3354/3354
f 3357/3357 3358/3358 3355/3355
f 3355/3355 3358/3358 3359/3359
f 3360/3360 3357/3357 3361/3361
f 3357/3357 3360/3360 3362/3362
f 3360/3360 3361/3361 3363/3363
f 3358/3358 3357/3357 3362/3362
f 3356/3356 3355/3355 3364/3364
f 3364/3364 3355/3355 3365/3365
f 3366/3366 3367/3367 3355/3355
f 3368/3368 3363/3363 3361/3361
f 3365/3365 3355/3355 3369/3369
f 3355/3355 3359/3359 3366/3366
f 3370/3370 3356/3356 3364/3364
f 3371/3371 3372/3372 3373/3373
f 3374/3374 3373/3373 3372/3372
f 3371/3371 3375/3375 3372/3372
f 3356/3356 3370/3370 3374/3374
f 3374/3374 3370/3370 3373/3373
f 3376/3376 3375/3375 3371/3371
f 3377/3377 3378/3378 3379/3379
f 3376/3376 3378/3378 3375/3375
f 3379/3379 3380/3380 3377/3377
f 3380/3380 3381/3381 3377/3377
f 3380/3380 3382/3382 3381/3381
f 3383/3383 3379/3379 3378/3378
f 3378/3378 3376/3376 3383/3383
f 3367/3367 3384/3384 3385/3385
f 3386/3386 3384/3384 3387/3387
f 3367/3367 3387/3387 3384/3384
f 3388/3388 3389/3389 3390/3390
f 3390/3390 3386/3386 3388/3388
f 3385/3385 3369/3369 3355/3355
f 3386/3386 3387/3387 3388/3388
f 3391/3391 3389/3389 3392/3392
f 3388/3388 3392/3392 3389/3389
f 3391/3391 3392/3392 3382/3382
f 3380/3380 3391/3391 3382/3382
f 3393/3393 3394/3394 3395/3395
f 3394/3394 3396/3396 3397/3397
f 3398/3398 3399/3399 3395/3395
f 3385/3385 3355/3355 3367/3367
f 3400/3400 3368/3368 3361/3361
f 3399/3399 3398/3398 3401/3401
f 3368/3368 3400/3400 3402/3402
f 3402/3402 3403/3403 3404/3404
f 3395/3395 3399/3399 3393/3393
f 3402/3402 3404/3404 3405/3405
f 3403/3403 3406/3406 3404/3404
f 3402/3402 3405/3405 3401/3401
f 3400/3400 3407/3407 3402/3402
f 3397/3397 3396/3396 3408/3408
f 3396/3396 3394/3394 3393/3393
f 3409/3409 3397/3397 3408/3408
f 3410/3410 3409/3409 3408/3408
f 3411/3411 3412/3412 3413/3413
f 3413/3413 3410/3410 3408/3408
f 3411/3411 3414/3414 3415/3415
f 3398/3398 3402/3402 3401/3401
f 3406/3406 3403/3403 3416/3416
f 3417/3417 3406/3406 3416/3416
f 3417/3417 3418/3418 3419/3419
f 3419/3419 3418/3418 3420/3420
f 3417/3417 3419/3419 3406/3406
f 3420/3420 3421/3421 3422/3422
f 3422/3422 3419/3419 3420/3420
f 3423/3423 3424/3424 3425/3425
f 3424/3424 3426/3426 3427/3427
f 3423/3423 3426/3426 3424/3424
f 3424/3424 3427/3427 3428/3428
f 3422/3422 3427/3427 3426/3426
f 3422/3422 3421/3421 3427/3427
f 3429/3429 3414/3414 3425/3425
f 3407/3407 3403/3403 3402/3402
f 3430/3430 3431/3431 3428/3428
f 3412/3412 3411/3411 3415/3415
f 3413/3413 3412/3412 3410/3410
f 3415/3415 3414/3414 3429/3429
f 3432/3432 3433/3433 3434/3434
f 3429/3429 3425/3425 3424/3424
f 3435/3435 3436/3436 3432/3432
f 3435/3435 3432/3432 3434/3434
f 3433/3433 3432/3432 3437/3437
f 3438/3438 3435/3435 3439/3439
f 3435/3435 3434/3434 3439/3439
f 3439/3439 3434/3434 3440/3440
f 3440/3440 3434/3434 3441/3441
f 3442/3442 3431/3431 3430/3430
f 3443/3443 3444/3444 3442/3442
f 3445/3445 3446/3446 3443/3443
f 3444/3444 3443/3443 3446/3446
f 3447/3447 3445/3445 3448/3448
f 3431/3431 3424/3424 3428/3428
f 3441/3441 3449/3449 3450/3450
f 3450/3450 3449/3449 3451/3451
f 3449/3449 3441/3441 3452/3452
f 3441/3441 3450/3450 3440/3440
f 3448/3448 3453/3453 3447/3447
f 3448/3448 3449/3449 3452/3452
f 3453/3453 3448/3448 3452/3452
f 3454/3454 3451/3451 3449/3449
f 3430/3430 3443/3443 3442/3442
f 3455/3455 3456/3456 3457/3457
f 3458/3458 3459/3459 3456/3456
f 3458/3458 3460/3460 3459/3459
f 3461/3461 3460/3460 3462/3462
f 3459/3459 3463/3463 3456/3456
f 3460/3460 3458/3458 3462/3462
f 3463/3463 3457/3457 3456/3456
f 3464/3464 3465/3465 3466/3466
f 3467/3467 3466/3466 3455/3455
f 3467/3467 3464/3464 3466/3466
f 3468/3468 3465/3465 3469/3469
f 3465/3465 3464/3464 3469/3469
f 3467/3467 3455/3455 3457/3457
f 3469/3469 3470/3470 3468/3468
f 3471/3471 3472/3472 3473/3473
f 3461/3461 3462/3462 3474/3474
f 3471/3471 3475/3475 3476/3476
f 3477/3477 3476/3476 3475/3475
f 3473/3473 3478/3478 3479/3479
f 3480/3480 3461/3461 3474/3474
f 3481/3481 3482/3482 3468/3468
f 3483/3483 3484/3484 3485/3485
f 3486/3486 3487/3487 3488/3488
f 3489/3489 3486/3486 3490/3490
f 3484/3484 3483/3483 3480/3480
f 3488/3488 3482/3482 3481/3481
f 3491/3491 3490/3490 3485/3485
f 3481/3481 3468/3468 3470/3470
f 3492/3492 3338/3338 3340/3340
f 3493/3493 3492/3492 3494/3494
f 3495/3495 3496/3496 3497/3497
f 3498/3498 3499/3499 3500/3500
f 3501/3501 3495/3495 3499/3499
f 3496/3496 3494/3494 3497/3497
f 3496/3496 3493/3493 3494/3494
f 3501/3501 3499/3499 3498/3498
f 3498/3498 3502/3502 3503/3503
f 3503/3503 3502/3502 3504/3504
f 3504/3504 3505/3505 3503/3503
f 3505/3505 3506/3506 3507/3507
f 3468/3468 3508/3508 3509/3509
f 3510/3510 3509/3509 3511/3511
f 3482/3482 3512/3512 3468/3468
f 3508/3508 3468/3468 3512/3512
f 3513/3513 3514/3514 3515/3515
f 3516/3516 3505/3505 3507/3507
f 3514/3514 3516/3516 3507/3507
f 3517/3517 3510/3510 3511/3511
f 3508/3508 3511/3511 3509/3509
f 3513/3513 3517/3517 3511/3511
f 3480/3480 3474/3474 3484/3484
f 3476/3476 3477/3477 3518/3518
f 3471/3471 3476/3476 3519/3519
f 3518/3518 3477/3477 3520/3520
f 3520/3520 3521/3521 3522/3522
f 3523/3523 3522/3522 3521/3521
f 3523/3523 3521/3521 3524/3524
f 3525/3525 3521/3521 3520/3520
f 3478/3478 3526/3526 3479/3479
f 3472/3472 3478/3478 3473/3473
f 3527/3527 3528/3528 3529/3529
f 3530/3530 3526/3526 3531/3531
f 3531/3531 3528/3528 3530/3530
f 3479/3479 3526/3526 3532/3532
f 3477/3477 3525/3525 3520/3520
f 3533/3533 3534/3534 3535/3535
f 3449/3449 3533/3533 3454/3454
f 3535/3535 3536/3536 3537/3537
f 3537/3537 3538/3538 3539/3539
f 3540/3540 3541/3541 3542/3542
f 3524/3524 3542/3542 3523/3523
f 3540/3540 3542/3542 3524/3524
f 3543/3543 3544/3544 3540/3540
f 3541/3541 3540/3540 3544/3544
f 3545/3545 3541/3541 3544/3544
f 3546/3546 3545/3545 3544/3544
f 3543/3543 3539/3539 3538/3538
f 3543/3543 3538/3538 3544/3544
f 3544/3544 3529/3529 3546/3546
f 3527/3527 3530/3530 3528/3528
f 3485/3485 3484/3484 3491/3491
f 3547/3547 3548/3548 3549/3549
f 3544/3544 3550/3550 3527/3527
f 3551/3551 3552/3552 3484/3484
f 3553/3553 3551/3551 3554/3554
f 3530/3530 3532/3532 3526/3526
f 3552/3552 3491/3491 3484/3484
f 3488/3488 3555/3555 3482/3482
f 3488/3488 3487/3487 3555/3555
f 3556/3556 3487/3487 3486/3486
f 3556/3556 3486/3486 3489/3489
f 3557/3557 3489/3489 3490/3490
f 3491/3491 3557/3557 3490/3490
f 3558/3558 3559/3559 3560/3560
f 3561/3561 3549/3549 3560/3560
f 3562/3562 3548/3548 3563/3563
f 3559/3559 3558/3558 3544/3544
f 3564/3564 3544/3544 3558/3558
f 3559/3559 3561/3561 3560/3560
f 3544/3544 3564/3564 3550/3550
f 3547/3547 3549/3549 3561/3561
f 3553/3553 3552/3552 3551/3551
f 3554/3554 3565/3565 3566/3566
f 3566/3566 3565/3565 3562/3562
f 3563/3563 3566/3566 3562/3562
f 3553/3553 3554/3554 3566/3566
f 3547/3547 3563/3563 3548/3548
f 3529/3529 3544/3544 3527/3527
f 3472/3472 3471/3471 3519/3519
f 3567/3567 3568/3568 3569/3569
f 3570/3570 3571/3571 3572/3572
f 3573/3573 3572/3572 3574/3574
f 3575/3575 3569/3569 3571/3571
f 3576/3576 3577/3577 3578/3578
f 3576/3576 3578/3578 3579/3579
f 3580/3580 3574/3574 3577/3577
f 3568/3568 3581/3581 3582/3582
f 3578/3578 3583/3583 3579/3579
f 3581/3581 3568/3568 3584/3584
f 3585/3585 3586/3586 3587/3587
f 3588/3588 3589/3589 3590/3590
f 3586/3586 3591/3591 3588/3588
f 3590/3590 3592/3592 3593/3593
f 3593/3593 3594/3594 3595/3595
f 3596/3596 3597/3597 3598/3598
f 3598/3598 3599/3599 3600/3600
f 3595/3595 3601/3601 3596/3596
f 3602/3602 3586/3586 3585/3585
f 3598/3598 3597/3597 3599/3599
f 3599/3599 3597/3597 3603/3603
f 3604/3604 3602/3602 3585/3585
f 3605/3605 3606/3606 3607/3607
f 3608/3608 3609/3609 3605/3605
f 3610/3610 3611/3611 3608/3608
f 3612/3612 3613/3613 3610/3610
f 3614/3614 3615/3615 3612/3612
f 3616/3616 3617/3617 3614/3614
f 3618/3618 3619/3619 3607/3607
f 3605/3605 3620/3620 3621/3621
f 3605/3605 3622/3622 3608/3608
f 3607/3607 3619/3619 3623/3623
f 3624/3624 3625/3625 3616/3616
f 3610/3610 3626/3626 3612/3612
f 3614/3614 3626/3626 3627/3627
f 3610/3610 3622/3622 3628/3628
f 3620/3620 3623/3623 3629/3629
f 3630/3630 3631/3631 3616/3616
f 3627/3627 3616/3616 3614/3614
f 3624/3624 3616/3616 3631/3631
f 3607/3607 3623/3623 3620/3620
f 3632/3632 3633/3633 3634/3634
f 3635/3635 3636/3636 3637/3637
f 3637/3637 3638/3638 3639/3639
f 3634/3634 3640/3640 3635/3635
f 3641/3641 3642/3642 3643/3643
f 3644/3644 3643/3643 3645/3645
f 3643/3643 3642/3642 3645/3645
f 3639/3639 3646/3646 3641/3641
f 3647/3647 3632/3632 3648/3648
f 3649/3649 3647/3647 3650/3650
f 3642/3642 3651/3651 3645/3645
f 3647/3647 3649/3649 3632/3632
f 3652/3652 3653/3653 3654/3654
f 3655/3655 3656/3656 3653/3653
f 3657/3657 3654/3654 3658/3658
f 3659/3659 3658/3658 3660/3660
f 3661/3661 3662/3662 3663/3663
f 3664/3664 3660/3660 3662/3662
f 3656/3656 3665/3665 3666/3666
f 3661/3661 3663/3663 3667/3667
f 3667/3667 3663/3663 3668/3668
f 3669/3669 3656/3656 3666/3666
f 3670/3670 3671/3671 3672/3672
f 3673/3673 3674/3674 3675/3675
f 3675/3675 3676/3676 3677/3677
f 3672/3672 3678/3678 3673/3673
f 3679/3679 3680/3680 3681/3681
f 3682/3682 3681/3681 3683/3683
f 3681/3681 3680/3680 3683/3683
f 3677/3677 3684/3684 3679/3679
f 3685/3685 3670/3670 3686/3686
f 3687/3687 3685/3685 3688/3688
f 3680/3680 3689/3689 3683/3683
f 3685/3685 3687/3687 3670/3670
f 3690/3690 3691/3691 3692/3692
f 3693/3693 3694/3694 3691/3691
f 3695/3695 3692/3692 3696/3696
f 3697/3697 3698/3698 3699/3699
f 3700/3700 3699/3699 3701/3701
f 3700/3700 3702/3702 3703/3703
f 3704/3704 3696/3696 3698/3698
f 3705/3705 3706/3706 3707/3707
f 3694/3694 3705/3705 3708/3708
f 3700/3700 3701/3701 3702/3702
f 3702/3702 3701/3701 3709/3709
f 3705/3705 3694/3694 3706/3706
f 3710/3710 3711/3711 3712/3712
f 3713/3713 3714/3714 3715/3715
f 3715/3715 3716/3716 3717/3717
f 3712/3712 3718/3718 3713/3713
f 3719/3719 3720/3720 3721/3721
f 3722/3722 3721/3721 3723/3723
f 3721/3721 3720/3720 3723/3723
f 3717/3717 3724/3724 3719/3719
f 3725/3725 3710/3710 3726/3726
f 3727/3727 3725/3725 3728/3728
f 3720/3720 3729/3729 3723/3723
f 3725/3725 3727/3727 3710/3710
f 3730/3730 3731/3731 3732/3732
f 3733/3733 3734/3734 3731/3731
f 3735/3735 3732/3732 3736/3736
f 3737/3737 3736/3736 3738/3738
f 3739/3739 3740/3740 3741/3741
f 3742/3742 3738/3738 3740/3740
f 3734/3734 3743/3743 3744/3744
f 3739/3739 3741/3741 3745/3745
f 3745/3745 3741/3741 3746/3746
f 3747/3747 3734/3734 3744/3744
f 3748/3748 3749/3749 3750/3750
f 3751/3751 3752/3752 3753/3753
f 3749/3749 3754/3754 3751/3751
f 3753/3753 3755/3755 3756/3756
f 3756/3756 3757/3757 3758/3758
f 3759/3759 3760/3760 3761/3761
f 3761/3761 3762/3762 3763/3763
f 3758/3758 3764/3764 3759/3759
f 3765/3765 3749/3749 3748/3748
f 3761/3761 3760/3760 3762/3762
f 3762/3762 3760/3760 3766/3766
f 3767/3767 3765/3765 3748/3748
f 3768/3768 3769/3769 3770/3770
f 3771/3771 3772/3772 3768/3768
f 3773/3773 3774/3774 3771/3771
f 3775/3775 3776/3776 3773/3773
f 3777/3777 3778/3778 3775/3775
f 3779/3779 3780/3780 3777/3777
f 3770/3770 3769/3769 3781/3781
f 3768/3768 3782/3782 3783/3783
f 3768/3768 3784/3784 3771/3771
f 3770/3770 3781/3781 3785/3785
f 3786/3786 3779/3779 3787/3787
f 3775/3775 3788/3788 3789/3789
f 3777/3777 3789/3789 3790/3790
f 3773/3773 3784/3784 3788/3788
f 3782/3782 3785/3785 3791/3791
f 3792/3792 3793/3793 3779/3779
f 3777/3777 3792/3792 3779/3779
f 3787/3787 3779/3779 3793/3793
f 3793/3793 3792/3792 3794/3794
f 3770/3770 3785/3785 3782/3782
f 3795/3795 3796/3796 3797/3797
f 3798/3798 3799/3799 3800/3800
f 3796/3796 3801/3801 3798/3798
f 3800/3800 3802/3802 3803/3803
f 3803/3803 3804/3804 3805/3805
f 3806/3806 3807/3807 3808/3808
f 3808/3808 3809/3809 3810/3810
f 3805/3805 3811/3811 3806/3806
f 3812/3812 3796/3796 3795/3795
f 3808/3808 3807/3807 3809/3809
f 3809/3809 3807/3807 3813/3813
f 3814/3814 3812/3812 3795/3795
f 3815/3815 3816/3816 3817/3817
f 3818/3818 3819/3819 3815/3815
f 3820/3820 3821/3821 3818/3818
f 3822/3822 3823/3823 3820/3820
f 3824/3824 3825/3825 3822/3822
f 3826/3826 3827/3827 3824/3824
f 3817/3817 3816/3816 3828/3828
f 3815/3815 3829/3829 3830/3830
f 3815/3815 3831/3831 3818/3818
f 3817/3817 3828/3828 3832/3832
f 3833/3833 3826/3826 3834/3834
f 3820/3820 3835/3835 3822/3822
f 3824/3824 3835/3835 3836/3836
f 3820/3820 3831/3831 3837/3837
f 3829/3829 3832/3832 3838/3838
f 3839/3839 3840/3840 3826/3826
f 3839/3839 3824/3824 3836/3836
f 3834/3834 3826/3826 3840/3840
f 3840/3840 3839/3839 3841/3841
f 3817/3817 3832/3832 3829/3829
f 3842/3842 3843/3843 3844/3844
f 3845/3845 3846/3846 3847/3847
f 3843/3843 3848/3848 3845/3845
f 3847/3847 3849/3849 3850/3850
f 3850/3850 3851/3851 3852/3852
f 3853/3853 3854/3854 3855/3855
f 3855/3855 3856/3856 3857/3857
f 3852/3852 3858/3858 3853/3853
f 3859/3859 3843/3843 3842/3842
f 3855/3855 3854/3854 3856/3856
f 3856/3856 3854/3854 3860/3860
f 3861/3861 3859/3859 3842/3842
f 3862/3862 3863/3863 3864/3864
f 3865/3865 3866/3866 3862/3862
f 3867/3867 3868/3868 3865/3865
f 3869/3869 3870/3870 3867/3867
f 3871/3871 3872/3872 3869/3869
f 3873/3873 3874/3874 3871/3871
f 3875/3875 3876/3876 3864/3864
f 3862/3862 3877/3877 3878/3878
f 3862/3862 3879/3879 3865/3865
f 3864/3864 3876/3876 3880/3880
f 3881/3881 3873/3873 3882/3882
f 3867/3867 3883/3883 3869/3869
f 3871/3871 3883/3883 3884/3884
f 3865/3865 3885/3885 3867/3867
f 3877/3877 3880/3880 3886/3886
f 3887/3887 3888/3888 3873/3873
f 3871/3871 3887/3887 3873/3873
f 3882/3882 3873/3873 3888/3888
f 3888/3888 3887/3887 3889/3889
f 3864/3864 3880/3880 3877/3877
f 3890/3890 3891/3891 3892/3892
f 3893/3893 3894/3894 3895/3895
f 3891/3891 3896/3896 3893/3893
f 3895/3895 3897/3897 3898/3898
f 3898/3898 3899/3899 3900/3900
f 3901/3901 3902/3902 3903/3903
f 3903/3903 3904/3904 3905/3905
f 3900/3900 3906/3906 3901/3901
f 3907/3907 3891/3891 3890/3890
f 3903/3903 3902/3902 3904/3904
f 3904/3904 3902/3902 3908/3908
f 3909/3909 3907/3907 3890/3890
f 3910/3910 3911/3911 3912/3912
f 3913/3913 3914/3914 3910/3910
f 3915/3915 3916/3916 3913/3913
f 3917/3917 3918/3918 3915/3915
f 3919/3919 3920/3920 3917/3917
f 3921/3921 3922/3922 3919/3919
f 3923/3923 3924/3924 3912/3912
f 3910/3910 3925/3925 3926/3926
f 3910/3910 3927/3927 3913/3913
f 3912/3912 3924/3924 3928/3928
f 3929/3929 3921/3921 3930/3930
f 3915/3915 3931/3931 3917/3917
f 3919/3919 3931/3931 3932/3932
f 3913/3913 3933/3933 3915/3915
f 3925/3925 3928/3928 3934/3934
f 3935/3935 3936/3936 3921/3921
f 3935/3935 3919/3919 3932/3932
f 3930/3930 3921/3921 3936/3936
f 3936/3936 3935/3935 3937/3937
f 3912/3912 3928/3928 3925/3925
f 3938/3938 3939/3939 3940/3940
f 3941/3941 3942/3942 3943/3943
f 3943/3943 3944/3944 3945/3945
f 3940/3940 3946/3946 3941/3941
f 3947/3947 3948/3948 3949/3949
f 3950/3950 3949/3949 3951/3951
f 3949/3949 3948/3948 3951/3951
f 3945/3945 3952/3952 3947/3947
f 3953/3953 3938/3938 3954/3954
f 3955/3955 3953/3953 3956/3956
f 3948/3948 3957/3957 3951/3951
f 3953/3953 3955/3955 3938/3938
f 3958/3958 3959/3959 3960/3960
f 3961/3961 3962/3962 3958/3958
f 3963/3963 3964/3964 3961/3961
f 3965/3965 3966/3966 3963/3963
f 3967/3967 3968/3968 3965/3965
f 3969/3969 3970/3970 3967/3967
f 3960/3960 3959/3959 3971/3971
f 3958/3958 3972/3972 3973/3973
f 3958/3958 3974/3974 3961/3961
f 3960/3960 3971/3971 3975/3975
f 3976/3976 3977/3977 3969/3969
f 3963/3963 3978/3978 3965/3965
f 3967/3967 3978/3978 3979/3979
f 3963/3963 3974/3974 3980/3980
f 3972/3972 3975/3975 3981/3981
f 3982/3982 3983/3983 3969/3969
f 3967/3967 3982/3982 3969/3969
f 3976/3976 3969/3969 3983/3983
f 3983/3983 3982/3982 3984/3984
f 3960/3960 3975/3975 3972/3972
f 3985/3985 3986/3986 3987/3987
f 3988/3988 3989/3989 3990/3990
f 3986/3986 3991/3991 3988/3988
f 3990/3990 3992/3992 3993/3993
f 3993/3993 3994/3994 3995/3995
f 3996/3996 3997/3997 3998/3998
f 3998/3998 3999/3999 4000/4000
f 3995/3995 4001/4001 3996/3996
f 4002/4002 3986/3986 3985/3985
f 3998/3998 3997/3997 3999/3999
f 3999/3999 3997/3997 4003/4003
f 4004/4004 4002/4002 3985/3985
f 4005/4005 4006/4006 4007/4007
f 4006/4006 4008/4008 4009/4009
f 4010/4010 4006/4006 4009/4009
f 4006/4006 4011/4011 4012/4012
f 4010/4010 4013/4013 4006/4006
f 4011/4011 4006/4006 4013/4013
f 4006/4006 4012/4012 4014/4014
f 4015/4015 4008/4008 4006/4006
f 4016/4016 4017/4017 4018/4018
f 4017/4017 4016/4016 4019/4019
f 4016/4016 4018/4018 4020/4020
f 4005/4005 4021/4021 4022/4022
f 4022/4022 4021/4021 4020/4020
f 4015/4015 4005/4005 4022/4022
f 4018/4018 4022/4022 4020/4020
f 4005/4005 4015/4015 4006/4006
f 4023/4023 4007/4007 4024/4024
f 4023/4023 4025/4025 4026/4026
f 4006/4006 4024/4024 4007/4007
f 4027/4027 4028/4028 4029/4029
f 4027/4027 4026/4026 4025/4025
f 4028/4028 4027/4027 4025/4025
f 4026/4026 4030/4030 4023/4023
f 4031/4031 4032/4032 4005/4005
f 4005/4005 4032/4032 4033/4033
f 4031/4031 4005/4005 4007/4007
f 4021/4021 4005/4005 4033/4033
f 4034/4034 4035/4035 4007/4007
f 4035/4035 4031/4031 4007/4007
f 4030/4030 4034/4034 4007/4007
f 4030/4030 4007/4007 4023/4023
f 4024/4024 4006/4006 4014/4014
f 4036/4036 4037/4037 4038/4038
f 4036/4036 4039/4039 4037/4037
f 4036/4036 4040/4040 4039/4039
f 4041/4041 4042/4042 4043/4043
f 4043/4043 4042/4042 4038/4038
f 4044/4044 4045/4045 4037/4037
f 4045/4045 4043/4043 4038/4038
f 4045/4045 4038/4038 4037/4037
f 4046/4046 4040/4040 4047/4047
f 4040/4040 4048/4048 4039/4039
f 4048/4048 4040/4040 4046/4046
f 4049/4049 4046/4046 4047/4047
f 4049/4049 4050/4050 4051/4051
f 4052/4052 4045/4045 4053/4053
f 4045/4045 4044/4044 4053/4053
f 4054/4054 4055/4055 4052/4052
f 4047/4047 4050/4050 4049/4049
f 4054/4054 4052/4052 4053/4053
f 4056/4056 4057/4057 4058/4058
f 4059/4059 4060/4060 4061/4061
f 4061/4061 4057/4057 4062/4062
f 4056/4056 4058/4058 4063/4063
f 4060/4060 4064/4064 4065/4065
f 4066/4066 4067/4067 4068/4068
f 4069/4069 4066/4066 4065/4065
f 4062/4062 4057/4057 4056/4056
f 4042/4042 4041/4041 4058/4058
f 4041/4041 4063/4063 4058/4058
f 4065/4065 4064/4064 4069/4069
f 4067/4067 4070/4070 4068/4068
f 4067/4067 4066/4066 4069/4069
f 4060/4060 4059/4059 4064/4064
f 4061/4061 4062/4062 4059/4059
f 4071/4071 4068/4068 4070/4070
f 4072/4072 4073/4073 4074/4074
f 4075/4075 4076/4076 4073/4073
f 4077/4077 4078/4078 4075/4075
f 4073/4073 4076/4076 4079/4079
f 4080/4080 4077/4077 4081/4081
f 4079/4079 4074/4074 4073/4073
f 4082/4082 4083/4083 4081/4081
f 4084/4084 4085/4085 4086/4086
f 4085/4085 4087/4087 4082/4082
f 4086/4086 4088/4088 4084/4084
f 4088/4088 4086/4086 4089/4089
f 4080/4080 4081/4081 4083/4083
f 4051/4051 4090/4090 4091/4091
f 4092/4092 4090/4090 4093/4093
f 4054/4054 4094/4094 4055/4055
f 4094/4094 4095/4095 4055/4055
f 4096/4096 4095/4095 4094/4094
f 4096/4096 4097/4097 4095/4095
f 4098/4098 4097/4097 4099/4099
f 4051/4051 4093/4093 4090/4090
f 4074/4074 4100/4100 4072/4072
f 4093/4093 4101/4101 4092/4092
f 4098/4098 4099/4099 4102/4102
f 4095/4095 4097/4097 4103/4103
f 4097/4097 4098/4098 4103/4103
f 4101/4101 4098/4098 4102/4102
f 4102/4102 4092/4092 4101/4101
f 4091/4091 4049/4049 4051/4051
f 4050/4050 4100/4100 4051/4051
f 4050/4050 4072/4072 4100/4100
f 4104/4104 4105/4105 4071/4071
f 4105/4105 4104/4104 4106/4106
f 4107/4107 4105/4105 4106/4106
f 4107/4107 4108/4108 4109/4109
f 4110/4110 4111/4111 4112/4112
f 4113/4113 4110/4110 4109/4109
f 4107/4107 4106/4106 4108/4108
f 4109/4109 4108/4108 4113/4113
f 4111/4111 4110/4110 4113/4113
f 4112/4112 4111/4111 4114/4114
f 4115/4115 4112/4112 4116/4116
f 4117/4117 4118/4118 4119/4119
f 4112/4112 4114/4114 4116/4116
f 4104/4104 4071/4071 4070/4070
f 4120/4120 4115/4115 4116/4116
f 4121/4121 4115/4115 4120/4120
f 4122/4122 4121/4121 4120/4120
f 4123/4123 4121/4121 4122/4122
f 4123/4123 4122/4122 4124/4124
f 4125/4125 4126/4126 4123/4123
f 4126/4126 4121/4121 4123/4123
f 4127/4127 4126/4126 4125/4125
f 4128/4128 4127/4127 4129/4129
f 4130/4130 4127/4127 4125/4125
f 4118/4118 4131/4131 4122/4122
f 4132/4132 4117/4117 4119/4119
f 4131/4131 4118/4118 4117/4117
f 4127/4127 4130/4130 4129/4129
f 4128/4128 4133/4133 4134/4134
f 4129/4129 4133/4133 4128/4128
f 4133/4133 4135/4135 4134/4134
f 4122/4122 4131/4131 4124/4124
f 4132/4132 4119/4119 4136/4136
f 4136/4136 4119/4119 4137/4137
f 4138/4138 4139/4139 4140/4140
f 4141/4141 4142/4142 4143/4143
f 4141/4141 4140/4140 4142/4142
f 4137/4137 4138/4138 4136/4136
f 4135/4135 4144/4144 4145/4145
f 4135/4135 4145/4145 4146/4146
f 4145/4145 4143/4143 4146/4146
f 4134/4134 4135/4135 4147/4147
f 4138/4138 4137/4137 4139/4139
f 4142/4142 4140/4140 4139/4139
f 4142/4142 4146/4146 4143/4143
f 4148/4148 4149/4149 4150/4150
f 4151/4151 4152/4152 4153/4153
f 4154/4154 4147/4147 4149/4149
f 4154/4154 4134/4134 4147/4147
f 4155/4155 4156/4156 4157/4157
f 4155/4155 4157/4157 4158/4158
f 4159/4159 4160/4160 4158/4158
f 4154/4154 4149/4149 4148/4148
f 4155/4155 4148/4148 4156/4156
f 4155/4155 4158/4158 4160/4160
f 4160/4160 4159/4159 4161/4161
f 4156/4156 4148/4148 4150/4150
f 4162/4162 4163/4163 4164/4164
f 4165/4165 4162/4162 4166/4166
f 4166/4166 4167/4167 4165/4165
f 4159/4159 4168/4168 4161/4161
f 4161/4161 4168/4168 4164/4164
f 4163/4163 4161/4161 4164/4164
f 4165/4165 4163/4163 4162/4162
f 4165/4165 4167/4167 4152/4152
f 4152/4152 4167/4167 4153/4153
f 4151/4151 4153/4153 4169/4169
f 4144/4144 4135/4135 4133/4133
f 4170/4170 4089/4089 4171/4171
f 4172/4172 4173/4173 4174/4174
f 4171/4171 4174/4174 4170/4170
f 4175/4175 4176/4176 4177/4177
f 4178/4178 4179/4179 4177/4177
f 4180/4180 4179/4179 4178/4178
f 4181/4181 4182/4182 4178/4178
f 4178/4178 4182/4182 4180/4180
f 4183/4183 4184/4184 4185/4185
f 4183/4183 4182/4182 4181/4181
f 4186/4186 4187/4187 4183/4183
f 4175/4175 4177/4177 4179/4179
f 4188/4188 4189/4189 4190/4190
f 4191/4191 4188/4188 4190/4190
f 4190/4190 4185/4185 4191/4191
f 4192/4192 4189/4189 4188/4188
f 4193/4193 4189/4189 4192/4192
f 4193/4193 4194/4194 4195/4195
f 4195/4195 4194/4194 4196/4196
f 4192/4192 4194/4194 4193/4193
f 4184/4184 4191/4191 4185/4185
f 4187/4187 4197/4197 4198/4198
f 4184/4184 4183/4183 4199/4199
f 4194/4194 4200/4200 4196/4196
f 4201/4201 4196/4196 4200/4200
f 4202/4202 4201/4201 4203/4203
f 4201/4201 4200/4200 4203/4203
f 4204/4204 4202/4202 4203/4203
f 4199/4199 4183/4183 4187/4187
f 4181/4181 4186/4186 4183/4183
f 4205/4205 4206/4206 4207/4207
f 4206/4206 4208/4208 4209/4209
f 4210/4210 4211/4211 4209/4209
f 4202/4202 4204/4204 4212/4212
f 4212/4212 4204/4204 4213/4213
f 4212/4212 4213/4213 4210/4210
f 4213/4213 4211/4211 4210/4210
f 4197/4197 4205/4205 4198/4198
f 4197/4197 4187/4187 4186/4186
f 4206/4206 4205/4205 4208/4208
f 4208/4208 4214/4214 4209/4209
f 4214/4214 4210/4210 4209/4209
f 4215/4215 4210/4210 4214/4214
f 4216/4216 4215/4215 4217/4217
f 4215/4215 4214/4214 4217/4217
f 4205/4205 4207/4207 4198/4198
f 4217/4217 4218/4218 4216/4216
f 4218/4218 4219/4219 4216/4216
f 4220/4220 4219/4219 4218/4218
f 4221/4221 4222/4222 4223/4223
f 4221/4221 4224/4224 4225/4225
f 4226/4226 4227/4227 4228/4228
f 4225/4225 4229/4229 4226/4226
f 4230/4230 4222/4222 4220/4220
f 4223/4223 4224/4224 4221/4221
f 4231/4231 4232/4232 4233/4233
f 4228/4228 4234/4234 4233/4233
f 4233/4233 4234/4234 4231/4231
f 4235/4235 4232/4232 4231/4231
f 4230/4230 4223/4223 4222/4222
f 4230/4230 4220/4220 4218/4218
f 4236/4236 4237/4237 4238/4238
f 4238/4238 4239/4239 4240/4240
f 4237/4237 4236/4236 4241/4241
f 4239/4239 4242/4242 4240/4240
f 4243/4243 4244/4244 4245/4245
f 4246/4246 4242/4242 4247/4247
f 4241/4241 4248/4248 4249/4249
f 4238/4238 4237/4237 4250/4250
f 4248/4248 4251/4251 4249/4249
f 4249/4249 4237/4237 4241/4241
f 4252/4252 4242/4242 4239/4239
f 4242/4242 4252/4252 4247/4247
f 4247/4247 4253/4253 4246/4246
f 4250/4250 4239/4239 4238/4238
f 4251/4251 4248/4248 4254/4254
f 4255/4255 4243/4243 4245/4245
f 4256/4256 4257/4257 4258/4258
f 4259/4259 4257/4257 4256/4256
f 4260/4260 4261/4261 4259/4259
f 4258/4258 4257/4257 4151/4151
f 4260/4260 4262/4262 4261/4261
f 4261/4261 4257/4257 4259/4259
f 4262/4262 4260/4260 4263/4263
f 4264/4264 4265/4265 4266/4266
f 4267/4267 4266/4266 4255/4255
f 4245/4245 4268/4268 4255/4255
f 4268/4268 4267/4267 4255/4255
f 4262/4262 4269/4269 4270/4270
f 4269/4269 4265/4265 4270/4270
f 4270/4270 4265/4265 4264/4264
f 4264/4264 4266/4266 4267/4267
f 4263/4263 4269/4269 4262/4262
f 4169/4169 4258/4258 4151/4151
f 4251/4251 4254/4254 4271/4271
f 4272/4272 4271/4271 4254/4254
f 4272/4272 4273/4273 4274/4274
f 4275/4275 4274/4274 4276/4276
f 4276/4276 4277/4277 4278/4278
f 4278/4278 4275/4275 4276/4276
f 4277/4277 4279/4279 4280/4280
f 4254/4254 4273/4273 4272/4272
f 4235/4235 4281/4281 4232/4232
f 4276/4276 4282/4282 4283/4283
f 4276/4276 4273/4273 4284/4284
f 4284/4284 4285/4285 4276/4276
f 4282/4282 4276/4276 4285/4285
f 4274/4274 4273/4273 4276/4276
f 4282/4282 4281/4281 4283/4283
f 4276/4276 4286/4286 4277/4277
f 4247/4247 4287/4287 4253/4253
f 4288/4288 4253/4253 4287/4287
f 4253/4253 4288/4288 4279/4279
f 4279/4279 4288/4288 4280/4280
f 4243/4243 4289/4289 4244/4244
f 4290/4290 4244/4244 4289/4289
f 4289/4289 4291/4291 4290/4290
f 4291/4291 4292/4292 4290/4290
f 4293/4293 4286/4286 4276/4276
f 4294/4294 4295/4295 4296/4296
f 4293/4293 4296/4296 4295/4295
f 4279/4279 4277/4277 4286/4286
f 4291/4291 4297/4297 4292/4292
f 4298/4298 4292/4292 4297/4297
f 4298/4298 4299/4299 4294/4294
f 4297/4297 4299/4299 4298/4298
f 4276/4276 4296/4296 4293/4293
f 4088/4088 4089/4089 4170/4170
f 4300/4300 4301/4301 4302/4302
f 4303/4303 4304/4304 4300/4300
f 4305/4305 4306/4306 4303/4303
f 4307/4307 4308/4308 4305/4305
f 4309/4309 4310/4310 4307/4307
f 4311/4311 4312/4312 4309/4309
f 4313/4313 4314/4314 4302/4302
f 4300/4300 4315/4315 4316/4316
f 4300/4300 4317/4317 4303/4303
f 4302/4302 4314/4314 4318/4318
f 4319/4319 4320/4320 4311/4311
f 4307/4307 4321/4321 4322/4322
f 4309/4309 4322/4322 4323/4323
f 4305/4305 4317/4317 4321/4321
f 4315/4315 4318/4318 4324/4324
f 4325/4325 4326/4326 4311/4311
f 4325/4325 4309/4309 4323/4323
f 4319/4319 4311/4311 4326/4326
f 4326/4326 4325/4325 4327/4327
f 4302/4302 4318/4318 4315/4315
f 4328/4328 4329/4329 4330/4330
f 4331/4331 4332/4332 4333/4333
f 4329/4329 4334/4334 4331/4331
f 4333/4333 4335/4335 4336/4336
f 4336/4336 4337/4337 4338/4338
f 4339/4339 4340/4340 4341/4341
f 4341/4341 4342/4342 4343/4343
f 4338/4338 4344/4344 4339/4339
f 4345/4345 4328/4328 4346/4346
f 4340/4340 4342/4342 4341/4341
f 4347/4347 4348/4348 4349/4349
f 4350/4350 4351/4351 4347/4347
f 4352/4352 4353/4353 4350/4350
f 4354/4354 4355/4355 4352/4352
f 4356/4356 4357/4357 4354/4354
f 4358/4358 4359/4359 4356/4356
f 4360/4360 4361/4361 4349/4349
f 4347/4347 4362/4362 4363/4363
f 4347/4347 4364/4364 4350/4350
f 4349/4349 4361/4361 4365/4365
f 4366/4366 4358/4358 4367/4367
f 4352/4352 4368/4368 4354/4354
f 4356/4356 4368/4368 4369/4369
f 4352/4352 4364/4364 4370/4370
f 4362/4362 4365/4365 4371/4371
f 4372/4372 4373/4373 4358/4358
f 4372/4372 4356/4356 4369/4369
f 4367/4367 4358/4358 4373/4373
f 4373/4373 4372/4372 4374/4374
f 4349/4349 4365/4365 4362/4362
f 4375/4375 4376/4376 4377/4377
f 4378/4378 4379/4379 4380/4380
f 4380/4380 4381/4381 4382/4382
f 4377/4377 4383/4383 4378/4378
f 4384/4384 4385/4385 4386/4386
f 4387/4387 4386/4386 4388/4388
f 4386/4386 4385/4385 4388/4388
f 4382/4382 4389/4389 4384/4384
f 4390/4390 4375/4375 4391/4391
f 4392/4392 4390/4390 4393/4393
f 4385/4385 4394/4394 4388/4388
f 4390/4390 4392/4392 4375/4375
f 4395/4395 4396/4396 4397/4397
f 4398/4398 4399/4399 4396/4396
f 4400/4400 4397/4397 4401/4401
f 4402/4402 4403/4403 4404/4404
f 4405/4405 4404/4404 4406/4406
f 4405/4405 4407/4407 4408/4408
f 4409/4409 4401/4401 4403/4403
f 4399/4399 4410/4410 4411/4411
f 4399/4399 4412/4412 4413/4413
f 4405/4405 4406/4406 4407/4407
f 4407/4407 4406/4406 4414/4414
f 4412/4412 4399/4399 4411/4411
f 4415/4415 4416/4416 4417/4417
f 4418/4418 4419/4419 4420/4420
f 4416/4416 4421/4421 4418/4418
f 4420/4420 4422/4422 4423/4423
f 4423/4423 4424/4424 4425/4425
f 4426/4426 4427/4427 4428/4428
f 4428/4428 4429/4429 4430/4430
f 4425/4425 4431/4431 4426/4426
f 4432/4432 4416/4416 4415/4415
f 4428/4428 4427/4427 4429/4429
f 4429/4429 4427/4427 4433/4433
f 4434/4434 4432/4432 4415/4415
f 4435/4435 4436/4436 4437/4437
f 4438/4438 4439/4439 4440/4440
f 4441/4441 4440/4440 4442/4442
f 4443/4443 4437/4437 4439/4439
f 4444/4444 4445/4445 4446/4446
f 4444/4444 4446/4446 4447/4447
f 4448/4448 4442/4442 4445/4445
f 4436/4436 4449/4449 4450/4450
f 4446/4446 4451/4451 4447/4447
f 4449/4449 4436/4436 4452/4452
f 4453/4453 4454/4454 4455/4455
f 4456/4456 4457/4457 4458/4458
f 4454/4454 4459/4459 4456/4456
f 4458/4458 4460/4460 4461/4461
f 4461/4461 4462/4462 4463/4463
f 4464/4464 4465/4465 4466/4466
f 4466/4466 4467/4467 4468/4468
f 4463/4463 4469/4469 4464/4464
f 4470/4470 4454/4454 4453/4453
f 4466/4466 4465/4465 4467/4467
f 4467/4467 4465/4465 4471/4471
f 4472/4472 4470/4470 4453/4453
f 4473/4473 4474/4474 4475/4475
f 4475/4475 4476/4476 4477/4477
f 4478/4478 4477/4477 4479/4479
f 4477/4477 4476/4476 4479/4479
f 4480/4480 4473/4473 4481/4481
f 4482/4482 4480/4480 4483/4483
f 4476/4476 4484/4484 4479/4479
f 4473/4473 4480/4480 4482/4482
f 4485/4485 4486/4486 4487/4487
f 4485/4485 4488/4488 4489/4489
f 4489/4489 4490/4490 4491/4491
f 4491/4491 4492/4492 4493/4493
f 4485/4485 4487/4487 4494/4494
f 4495/4495 4492/4492 4490/4490
f 4490/4490 4492/4492 4491/4491
f 4496/4496 4494/4494 4487/4487
f 4497/4497 4498/4498 4499/4499
f 4500/4500 4498/4498 4497/4497
f 4501/4501 4500/4500 4497/4497
f 4502/4502 4503/4503 4501/4501
f 4498/4498 4500/4500 4504/4504
f 4505/4505 4506/4506 4507/4507
f 4508/4508 4507/4507 4506/4506
f 4509/4509 4510/4510 4511/4511
f 4512/4512 4511/4511 4513/4513
f 4514/4514 4508/4508 4510/4510
f 4515/4515 4509/4509 4512/4512
f 4511/4511 4512/4512 4509/4509
f 4516/4516 4517/4517 4518/4518
f 4519/4519 4520/4520 4521/4521
f 4522/4522 4521/4521 4523/4523
f 4524/4524 4523/4523 4525/4525
f 4526/4526 4527/4527 4528/4528
f 4529/4529 4517/4517 4526/4526
f 4527/4527 4516/4516 4530/4530
f 4528/4528 4527/4527 4530/4530
f 4517/4517 4531/4531 4532/4532
f 4517/4517 4527/4527 4526/4526
f 4517/4517 4532/4532 4533/4533
f 4531/4531 4517/4517 4529/4529
f 4534/4534 4535/4535 4536/4536
f 4529/4529 4536/4536 4537/4537
f 4538/4538 4537/4537 4539/4539
f 4540/4540 4537/4537 4538/4538
f 4537/4537 4540/4540 4531/4531
f 4539/4539 4535/4535 4541/4541
f 4536/4536 4535/4535 4537/4537
f 4529/4529 4537/4537 4531/4531
f 4530/4530 4516/4516 4542/4542
f 4543/4543 4518/4518 4533/4533
f 4544/4544 4542/4542 4516/4516
f 4544/4544 4518/4518 4545/4545
f 4518/4518 4546/4546 4545/4545
f 4544/4544 4516/4516 4518/4518
f 4546/4546 4518/4518 4543/4543
f 4518/4518 4517/4517 4533/4533
f 4547/4547 4546/4546 4548/4548
f 4547/4547 4549/4549 4550/4550
f 4548/4548 4549/4549 4547/4547
f 4551/4551 4547/4547 4524/4524
f 4547/4547 4550/4550 4524/4524
f 4545/4545 4547/4547 4551/4551
f 4524/4524 4550/4550 4552/4552
f 4545/4545 4546/4546 4547/4547
f 4535/4535 4534/4534 4553/4553
f 4520/4520 4535/4535 4553/4553
f 4535/4535 4519/4519 4541/4541
f 4519/4519 4554/4554 4555/4555
f 4519/4519 4522/4522 4554/4554
f 4519/4519 4555/4555 4541/4541
f 4520/4520 4553/4553 4556/4556
f 4535/4535 4539/4539 4537/4537
f 4557/4557 4558/4558 4559/4559
f 4556/4556 4558/4558 4557/4557
f 4560/4560 4520/4520 4561/4561
f 4561/4561 4520/4520 4556/4556
f 4558/4558 4556/4556 4553/4553
f 4560/4560 4562/4562 4521/4521
f 4563/4563 4554/4554 4522/4522
f 4552/4552 4522/4522 4524/4524
f 4564/4564 4565/4565 4524/4524
f 4551/4551 4524/4524 4565/4565
f 4566/4566 4564/4564 4525/4525
f 4524/4524 4525/4525 4564/4564
f 4525/4525 4567/4567 4568/4568
f 4522/4522 4552/4552 4563/4563
f 4568/4568 4566/4566 4525/4525
f 4569/4569 4570/4570 4566/4566
f 4566/4566 4570/4570 4564/4564
f 4570/4570 4569/4569 4571/4571
f 4562/4562 4567/4567 4523/4523
f 4523/4523 4521/4521 4562/4562
f 4572/4572 4573/4573 4574/4574
f 4575/4575 4576/4576 4573/4573
f 4577/4577 4574/4574 4578/4578
f 4579/4579 4578/4578 4580/4580
f 4581/4581 4582/4582 4583/4583
f 4584/4584 4580/4580 4582/4582
f 4576/4576 4585/4585 4586/4586
f 4581/4581 4583/4583 4587/4587
f 4587/4587 4583/4583 4588/4588
f 4589/4589 4576/4576 4586/4586
f 4590/4590 4591/4591 4592/4592
f 4593/4593 4594/4594 4595/4595
f 4595/4595 4596/4596 4597/4597
f 4592/4592 4598/4598 4593/4593
f 4599/4599 4600/4600 4601/4601
f 4602/4602 4601/4601 4603/4603
f 4601/4601 4600/4600 4603/4603
f 4597/4597 4604/4604 4599/4599
f 4605/4605 4590/4590 4606/4606
f 4607/4607 4605/4605 4608/4608
f 4600/4600 4609/4609 4603/4603
f 4605/4605 4607/4607 4590/4590
f 4610/4610 4611/4611 4612/4612
f 4613/4613 4610/4610 4614/4614
f 4615/4615 4614/4614 4616/4616
f 4617/4617 4616/4616 4618/4618
f 4619/4619 4618/4618 4620/4620
f 4621/4621 4620/4620 4622/4622
f 4623/4623 4622/4622 4624/4624
f 4625/4625 4624/4624 4626/4626
f 4614/4614 4627/4627 4628/4628
f 4616/4616 4628/4628 4629/4629
f 4618/4618 4629/4629 4630/4630
f 4620/4620 4630/4630 4631/4631
f 4622/4622 4631/4631 4632/4632
f 4624/4624 4632/4632 4633/4633
f 4626/4626 4633/4633 4634/4634
f 4628/4628 4635/4635 4636/4636
f 4629/4629 4636/4636 4637/4637
f 4630/4630 4637/4637 4638/4638
f 4631/4631 4638/4638 4639/4639
f 4632/4632 4639/4639 4640/4640
f 4633/4633 4640/4640 4641/4641
f 4634/4634 4641/4641 4642/4642
f 4636/4636 4643/4643 4644/4644
f 4637/4637 4644/4644 4645/4645
f 4638/4638 4645/4645 4646/4646
f 4639/4639 4646/4646 4647/4647
f 4640/4640 4647/4647 4648/4648
f 4641/4641 4648/4648 4649/4649
f 4642/4642 4649/4649 4650/4650
f 4651/4651 4652/4652 4653/4653
f 4654/4654 4655/4655 4652/4652
f 4652/4652 4651/4651 4654/4654
f 4654/4654 4656/4656 4655/4655
f 4657/4657 4658/4658 4659/4659
f 4660/4660 4652/4652 4658/4658
f 4653/4653 4652/4652 4661/4661
f 4661/4661 4652/4652 4660/4660
f 4662/4662 4656/4656 4663/4663
f 4664/4664 4665/4665 4663/4663
f 4666/4666 4667/4667 4668/4668
f 4669/4669 4667/4667 4664/4664
f 4665/4665 4662/4662 4663/4663
f 4657/4657 4659/4659 4670/4670
f 4671/4671 4672/4672 4670/4670
f 4655/4655 4656/4656 4662/4662
f 4672/4672 4657/4657 4670/4670
f 4663/4663 4669/4669 4664/4664
f 4673/4673 4672/4672 4671/4671
f 4674/4674 4675/4675 4672/4672
f 4675/4675 4674/4674 4676/4676
f 4677/4677 4675/4675 4676/4676
f 4674/4674 4672/4672 4678/4678
f 4679/4679 4680/4680 4681/4681
f 4681/4681 4682/4682 4683/4683
f 4680/4680 4684/4684 4681/4681
f 4684/4684 4685/4685 4681/4681
f 4686/4686 4678/4678 4672/4672
f 4686/4686 4687/4687 4688/4688
f 4689/4689 4690/4690 4687/4687
f 4686/4686 4672/4672 4687/4687
f 4672/4672 4673/4673 4687/4687
f 4691/4691 4692/4692 4693/4693
f 4694/4694 4681/4681 4692/4692
f 4695/4695 4696/4696 4691/4691
f 4694/4694 4692/4692 4691/4691
f 4611/4611 4697/4697 4698/4698
f 4697/4697 4691/4691 4693/4693
f 4685/4685 4692/4692 4681/4681
f 4688/4688 4687/4687 4699/4699
f 4687/4687 4673/4673 4689/4689
f 4694/4694 4691/4691 4696/4696
f 4700/4700 4701/4701 4668/4668
f 4700/4700 4702/4702 4703/4703
f 4704/4704 4705/4705 4706/4706
f 4702/4702 4700/4700 4668/4668
f 4706/4706 4705/4705 4690/4690
f 4705/4705 4687/4687 4690/4690
f 4707/4707 4708/4708 4705/4705
f 4705/4705 4708/4708 4699/4699
f 4705/4705 4699/4699 4687/4687
f 4701/4701 4666/4666 4668/4668
f 4702/4702 4709/4709 4710/4710
f 4711/4711 4712/4712 4709/4709
f 4710/4710 4709/4709 4712/4712
f 4713/4713 4711/4711 4709/4709
f 4702/4702 4710/4710 4714/4714
f 4715/4715 4716/4716 4705/4705
f 4705/4705 4716/4716 4707/4707
f 4717/4717 4705/4705 4704/4704
f 4705/4705 4718/4718 4715/4715
f 4709/4709 4705/4705 4713/4713
f 4719/4719 4720/4720 4705/4705
f 4713/4713 4705/4705 4717/4717
f 4719/4719 4705/4705 4721/4721
f 4714/4714 4703/4703 4702/4702
f 4612/4612 4722/4722 4723/4723
f 4718/4718 4724/4724 4725/4725
f 4726/4726 4727/4727 4718/4718
f 4612/4612 4728/4728 4722/4722
f 4723/4723 4718/4718 4612/4612
f 4611/4611 4698/4698 4729/4729
f 4611/4611 4691/4691 4697/4697
f 4729/4729 4612/4612 4611/4611
f 4728/4728 4612/4612 4730/4730
f 4612/4612 4731/4731 4610/4610
f 4730/4730 4612/4612 4729/4729
f 4691/4691 4732/4732 4695/4695
f 4718/4718 4727/4727 4733/4733
f 4718/4718 4723/4723 4734/4734
f 4718/4718 4735/4735 4726/4726
f 4718/4718 4734/4734 4715/4715
f 4736/4736 4705/4705 4720/4720
f 4736/4736 4735/4735 4718/4718
f 4737/4737 4612/4612 4725/4725
f 4718/4718 4733/4733 4724/4724
f 4612/4612 4738/4738 4739/4739
f 4718/4718 4725/4725 4612/4612
f 4738/4738 4612/4612 4737/4737
f 4705/4705 4736/4736 4718/4718
f 4709/4709 4740/4740 4705/4705
f 4732/4732 4611/4611 4741/4741
f 4742/4742 4743/4743 4744/4744
f 4745/4745 4746/4746 4743/4743
f 4683/4683 4747/4747 4746/4746
f 4748/4748 4749/4749 4750/4750
f 4751/4751 4752/4752 4750/4750
f 4744/4744 4748/4748 4742/4742
f 4748/4748 4753/4753 4749/4749
f 4754/4754 4750/4750 4755/4755
f 4681/4681 4694/4694 4682/4682
f 4750/4750 4754/4754 4756/4756
f 4757/4757 4752/4752 4751/4751
f 4758/4758 4752/4752 4757/4757
f 4750/4750 4759/4759 4751/4751
f 4760/4760 4756/4756 4761/4761
f 4750/4750 4756/4756 4759/4759
f 4754/4754 4761/4761 4756/4756
f 4755/4755 4750/4750 4749/4749
f 4747/4747 4683/4683 4682/4682
f 4762/4762 4758/4758 4757/4757
f 4763/4763 4764/4764 4765/4765
f 4766/4766 4767/4767 4768/4768
f 4768/4768 4767/4767 4769/4769
f 4770/4770 4766/4766 4765/4765
f 4771/4771 4772/4772 4768/4768
f 4768/4768 4773/4773 4771/4771
f 4773/4773 4768/4768 4769/4769
f 4774/4774 4769/4769 4767/4767
f 4775/4775 4763/4763 4758/4758
f 4764/4764 4776/4776 4765/4765
f 4763/4763 4777/4777 4764/4764
f 4778/4778 4779/4779 4775/4775
f 4777/4777 4763/4763 4775/4775
f 4758/4758 4778/4778 4775/4775
f 4767/4767 4780/4780 4781/4781
f 4766/4766 4770/4770 4782/4782
f 4767/4767 4781/4781 4774/4774
f 4780/4780 4767/4767 4783/4783
f 4782/4782 4784/4784 4767/4767
f 4785/4785 4783/4783 4767/4767
f 4767/4767 4766/4766 4782/4782
f 4786/4786 4777/4777 4775/4775
f 4776/4776 4770/4770 4765/4765
f 4778/4778 4758/4758 4762/4762
f 4756/4756 4787/4787 4759/4759
f 4788/4788 4617/4617 4789/4789
f 4691/4691 4611/4611 4732/4732
f 4756/4756 4790/4790 4617/4617
f 4791/4791 4787/4787 4756/4756
f 4788/4788 4756/4756 4617/4617
f 4789/4789 4617/4617 4792/4792
f 4791/4791 4756/4756 4788/4788
f 4793/4793 4617/4617 4790/4790
f 4611/4611 4794/4794 4795/4795
f 4796/4796 4613/4613 4797/4797
f 4611/4611 4796/4796 4794/4794
f 4798/4798 4797/4797 4613/4613
f 4617/4617 4799/4799 4800/4800
f 4800/4800 4615/4615 4617/4617
f 4798/4798 4615/4615 4801/4801
f 4801/4801 4615/4615 4800/4800
f 4615/4615 4798/4798 4613/4613
f 4793/4793 4799/4799 4617/4617
f 4795/4795 4741/4741 4611/4611
f 4619/4619 4792/4792 4617/4617
f 4802/4802 4803/4803 4775/4775
f 4804/4804 4805/4805 4775/4775
f 4803/4803 4806/4806 4621/4621
f 4621/4621 4775/4775 4803/4803
f 4775/4775 4805/4805 4786/4786
f 4807/4807 4808/4808 4767/4767
f 4804/4804 4775/4775 4621/4621
f 4809/4809 4625/4625 4808/4808
f 4621/4621 4810/4810 4804/4804
f 4802/4802 4775/4775 4779/4779
f 4811/4811 4810/4810 4621/4621
f 4812/4812 4619/4619 4621/4621
f 4792/4792 4619/4619 4813/4813
f 4813/4813 4619/4619 4812/4812
f 4623/4623 4811/4811 4621/4621
f 4785/4785 4767/4767 4625/4625
f 4814/4814 4625/4625 4809/4809
f 4767/4767 4808/4808 4625/4625
f 4814/4814 4623/4623 4625/4625
f 4811/4811 4623/4623 4815/4815
f 4815/4815 4623/4623 4814/4814
f 4816/4816 4785/4785 4625/4625
f 4621/4621 4806/4806 4812/4812
f 4784/4784 4807/4807 4767/4767
f 4739/4739 4817/4817 4612/4612
f 4818/4818 4702/4702 4819/4819
f 4820/4820 4819/4819 4702/4702
f 4702/4702 4821/4821 4820/4820
f 4821/4821 4822/4822 4823/4823
f 4822/4822 4821/4821 4702/4702
f 4824/4824 4740/4740 4818/4818
f 4702/4702 4818/4818 4740/4740
f 4740/4740 4824/4824 4825/4825
f 4705/4705 4740/4740 4826/4826
f 4827/4827 4825/4825 4828/4828
f 4825/4825 4827/4827 4740/4740
f 4822/4822 4829/4829 4823/4823
f 4830/4830 4831/4831 4832/4832
f 4830/4830 4833/4833 4834/4834
f 4829/4829 4835/4835 4831/4831
f 4836/4836 4837/4837 4838/4838
f 4837/4837 4839/4839 4838/4838
f 4840/4840 4841/4841 4842/4842
f 4843/4843 4838/4838 4844/4844
f 4845/4845 4842/4842 4846/4846
f 4834/4834 4847/4847 4836/4836
f 4835/4835 4832/4832 4831/4831
f 4848/4848 4721/4721 4705/4705
f 4849/4849 4705/4705 4850/4850
f 4705/4705 4851/4851 4850/4850
f 4705/4705 4849/4849 4848/4848
f 4852/4852 4853/4853 4731/4731
f 4852/4852 4731/4731 4854/4854
f 4826/4826 4851/4851 4705/4705
f 4612/4612 4817/4817 4855/4855
f 4856/4856 4740/4740 4827/4827
f 4827/4827 4857/4857 4858/4858
f 4858/4858 4859/4859 4827/4827
f 4859/4859 4856/4856 4827/4827
f 4826/4826 4740/4740 4856/4856
f 4827/4827 4860/4860 4861/4861
f 4731/4731 4860/4860 4827/4827
f 4827/4827 4862/4862 4863/4863
f 4857/4857 4827/4827 4863/4863
f 4861/4861 4862/4862 4827/4827
f 4731/4731 4864/4864 4865/4865
f 4731/4731 4853/4853 4866/4866
f 4828/4828 4864/4864 4827/4827
f 4838/4838 4839/4839 4867/4867
f 4702/4702 4740/4740 4709/4709
f 4868/4868 4869/4869 4832/4832
f 4870/4870 4832/4832 4869/4869
f 4832/4832 4871/4871 4868/4868
f 4871/4871 4872/4872 4873/4873
f 4872/4872 4871/4871 4832/4832
f 4836/4836 4847/4847 4837/4837
f 4874/4874 4833/4833 4830/4830
f 4832/4832 4870/4870 4874/4874
f 4847/4847 4834/4834 4833/4833
f 4874/4874 4830/4830 4832/4832
f 4873/4873 4872/4872 4875/4875
f 4876/4876 4875/4875 4872/4872
f 4877/4877 4878/4878 4876/4876
f 4875/4875 4876/4876 4879/4879
f 4880/4880 4881/4881 4877/4877
f 4878/4878 4879/4879 4876/4876
f 4882/4882 4878/4878 4877/4877
f 4880/4880 4883/4883 4884/4884
f 4877/4877 4881/4881 4882/4882
f 4880/4880 4884/4884 4881/4881
f 4883/4883 4885/4885 4886/4886
f 4838/4838 4867/4867 4844/4844
f 4887/4887 4888/4888 4843/4843
f 4887/4887 4843/4843 4889/4889
f 4890/4890 4889/4889 4843/4843
f 4891/4891 4892/4892 4843/4843
f 4891/4891 4843/4843 4893/4893
f 4841/4841 4894/4894 4895/4895
f 4841/4841 4892/4892 4894/4894
f 4843/4843 4892/4892 4841/4841
f 4888/4888 4893/4893 4843/4843
f 4896/4896 4897/4897 4898/4898
f 4884/4884 4883/4883 4886/4886
f 4896/4896 4885/4885 4899/4899
f 4886/4886 4885/4885 4896/4896
f 4899/4899 4897/4897 4896/4896
f 4900/4900 4841/4841 4901/4901
f 4898/4898 4897/4897 4900/4900
f 4897/4897 4841/4841 4900/4900
f 4841/4841 4895/4895 4901/4901
f 4844/4844 4890/4890 4843/4843
f 4846/4846 4902/4902 4845/4845
f 4731/4731 4855/4855 4854/4854
f 4866/4866 4860/4860 4731/4731
f 4731/4731 4903/4903 4904/4904
f 4903/4903 4731/4731 4865/4865
f 4610/4610 4905/4905 4906/4906
f 4907/4907 4908/4908 4909/4909
f 4906/4906 4627/4627 4610/4610
f 4731/4731 4904/4904 4905/4905
f 4910/4910 4902/4902 4911/4911
f 4912/4912 4911/4911 4902/4902
f 4902/4902 4913/4913 4912/4912
f 4902/4902 4914/4914 4913/4913
f 4914/4914 4902/4902 4915/4915
f 4910/4910 4916/4916 4917/4917
f 4918/4918 4919/4919 4910/4910
f 4919/4919 4916/4916 4910/4910
f 4917/4917 4916/4916 4920/4920
f 4918/4918 4910/4910 4911/4911
f 4907/4907 4917/4917 4920/4920
f 4920/4920 4908/4908 4907/4907
f 4610/4610 4731/4731 4905/4905
f 4921/4921 4635/4635 4627/4627
f 4625/4625 4626/4626 4816/4816
f 4922/4922 4816/4816 4626/4626
f 4634/4634 4923/4923 4922/4922
f 4924/4924 4642/4642 4650/4650
f 4922/4922 4626/4626 4634/4634
f 4909/4909 4925/4925 4643/4643
f 4908/4908 4925/4925 4909/4909
f 4643/4643 4925/4925 4926/4926
f 4926/4926 4927/4927 4643/4643
f 4909/4909 4643/4643 4928/4928
f 4645/4645 4929/4929 4930/4930
f 4646/4646 4930/4930 4931/4931
f 4648/4648 4932/4932 4933/4933
f 4649/4649 4933/4933 4934/4934
f 4646/4646 4935/4935 4647/4647
f 4643/4643 4936/4936 4644/4644
f 4635/4635 4928/4928 4643/4643
f 4921/4921 4928/4928 4635/4635
f 4612/4612 4855/4855 4731/4731
f 4937/4937 4915/4915 4902/4902
f 4938/4938 4939/4939 4902/4902
f 4940/4940 4938/4938 4846/4846
f 4937/4937 4902/4902 4939/4939
f 4941/4941 4942/4942 4643/4643
f 4943/4943 4944/4944 4945/4945
f 4643/4643 4944/4944 4943/4943
f 4643/4643 4927/4927 4941/4941
f 4946/4946 4947/4947 4948/4948
f 4949/4949 4950/4950 4946/4946
f 4947/4947 4946/4946 4950/4950
f 4951/4951 4949/4949 4946/4946
f 4948/4948 4940/4940 4846/4846
f 4952/4952 4953/4953 4954/4954
f 4953/4953 4955/4955 4954/4954
f 4946/4946 4956/4956 4951/4951
f 4956/4956 4953/4953 4957/4957
f 4957/4957 4953/4953 4952/4952
f 4956/4956 4946/4946 4953/4953
f 4938/4938 4902/4902 4846/4846
f 4953/4953 4945/4945 4955/4955
f 4942/4942 4958/4958 4643/4643
f 4959/4959 4960/4960 4961/4961
f 4959/4959 4650/4650 4960/4960
f 4643/4643 4958/4958 4944/4944
f 4943/4943 4945/4945 4953/4953
f 4962/4962 4963/4963 4960/4960
f 4964/4964 4650/4650 4965/4965
f 4650/4650 4964/4964 4924/4924
f 4966/4966 4650/4650 4959/4959
f 4650/4650 4966/4966 4965/4965
f 4963/4963 4961/4961 4960/4960
f 4929/4929 4644/4644 4936/4936
f 4649/4649 4967/4967 4650/4650
f 4650/4650 4967/4967 4960/4960
f 4935/4935 4932/4932 4647/4647
f 4946/4946 4948/4948 4846/4846
f 4968/4968 4969/4969 4970/4970
f 4971/4971 4972/4972 4973/4973
f 4970/4970 4974/4974 4971/4971
f 4975/4975 4976/4976 4977/4977
f 4978/4978 4979/4979 4980/4980
f 4980/4980 4981/4981 4982/4982
f 4977/4977 4983/4983 4978/4978
f 4973/4973 4984/4984 4975/4975
f 4985/4985 4986/4986 4987/4987
f 4988/4988 4987/4987 4989/4989
f 4990/4990 4991/4991 4992/4992
f 4992/4992 4993/4993 4990/4990
f 4988/4988 4989/4989 4991/4991
f 4988/4988 4985/4985 4987/4987
f 4990/4990 4988/4988 4991/4991
f 4994/4994 4995/4995 4996/4996
f 4995/4995 4994/4994 4993/4993
f 4994/4994 4996/4996 4997/4997
f 4995/4995 4993/4993 4998/4998
f 4999/4999 4997/4997 5000/5000
f 4999/4999 5000/5000 5001/5001
f 5002/5002 5003/5003 5004/5004
f 5005/5005 5006/5006 5007/5007
f 5008/5008 5002/5002 5006/5006
f 5003/5003 5001/5001 5004/5004
f 5003/5003 4999/4999 5001/5001
f 5009/5009 5010/5010 5011/5011
f 5010/5010 5009/5009 5005/5005
f 5006/5006 5005/5005 5008/5008
f 5010/5010 5005/5005 5007/5007
f 4994/4994 4997/4997 4999/4999
f 5012/5012 5013/5013 5014/5014
f 5015/5015 5016/5016 5017/5017
f 5014/5014 5018/5018 5015/5015
f 5019/5019 5020/5020 5021/5021
f 5022/5022 5023/5023 5024/5024
f 5024/5024 5025/5025 5026/5026
f 5021/5021 5027/5027 5022/5022
f 5017/5017 5028/5028 5019/5019
f 5029/5029 5030/5030 5031/5031
f 5032/5032 5033/5033 5034/5034
f 5035/5035 5036/5036 5037/5037
f 5031/5031 5030/5030 5033/5033
f 5032/5032 5034/5034 5036/5036
f 5038/5038 5039/5039 5040/5040
f 5041/5041 5042/5042 5043/5043
f 5040/5040 5044/5044 5041/5041
f 5045/5045 5046/5046 5047/5047
f 5048/5048 5049/5049 5050/5050
f 5050/5050 5051/5051 5052/5052
f 5047/5047 5053/5053 5048/5048
f 5043/5043 5054/5054 5045/5045
f 5055/5055 5056/5056 5057/5057
f 5058/5058 5057/5057 5059/5059
f 5060/5060 5061/5061 5062/5062
f 5062/5062 5063/5063 5060/5060
f 5058/5058 5059/5059 5061/5061
f 5058/5058 5055/5055 5057/5057
f 5060/5060 5058/5058 5061/5061
f 5064/5064 5065/5065 5066/5066
f 5065/5065 5064/5064 5063/5063
f 5064/5064 5066/5066 5067/5067
f 5065/5065 5063/5063 5068/5068
f 5069/5069 5067/5067 5070/5070
f 5069/5069 5070/5070 5071/5071
f 5072/5072 5073/5073 5074/5074
f 5075/5075 5076/5076 5077/5077
f 5078/5078 5072/5072 5076/5076
f 5073/5073 5071/5071 5074/5074
f 5073/5073 5069/5069 5071/5071
f 5079/5079 5080/5080 5081/5081
f 5080/5080 5079/5079 5075/5075
f 5076/5076 5075/5075 5078/5078
f 5080/5080 5075/5075 5077/5077
f 5064/5064 5067/5067 5069/5069
f 5082/5082 5083/5083 5084/5084
f 5085/5085 5086/5086 5087/5087
f 5084/5084 5088/5088 5085/5085
f 5089/5089 5090/5090 5091/5091
f 5092/5092 5093/5093 5094/5094
f 5094/5094 5095/5095 5096/5096
f 5091/5091 5097/5097 5092/5092
f 5087/5087 5098/5098 5089/5089
f 5099/5099 5100/5100 5101/5101
f 5102/5102 5103/5103 5104/5104
f 5103/5103 5105/5105 5104/5104
f 5102/5102 5100/5100 5106/5106
f 5107/5107 5105/5105 5108/5108
f 5108/5108 5105/5105 5103/5103
f 5099/5099 5106/5106 5100/5100
f 5109/5109 5110/5110 5111/5111
f 5112/5112 5113/5113 5114/5114
f 5114/5114 5115/5115 5116/5116
f 5111/5111 5117/5117 5112/5112
f 5118/5118 5119/5119 5120/5120
f 5121/5121 5120/5120 5122/5122
f 5120/5120 5119/5119 5122/5122
f 5116/5116 5123/5123 5118/5118
f 5124/5124 5109/5109 5125/5125
f 5126/5126 5124/5124 5127/5127
f 5119/5119 5128/5128 5122/5122
f 5124/5124 5126/5126 5109/5109
f 5129/5129 5130/5130 5131/5131
f 5132/5132 5133/5133 5134/5134
f 5134/5134 5130/5130 5135/5135
f 5135/5135 5129/5129 5136/5136
f 5135/5135 5132/5132 5134/5134
f 5132/5132 5137/5137 5138/5138
f 5132/5132 5139/5139 5140/5140
f 5132/5132 5141/5141 5133/5133
f 5140/5140 5142/5142 5143/5143
f 5135/5135 5130/5130 5129/5129
f 5144/5144 5140/5140 5143/5143
f 5145/5145 5146/5146 5147/5147
f 5144/5144 5146/5146 5148/5148
f 5143/5143 5149/5149 5146/5146
f 5150/5150 5145/5145 5151/5151
f 5151/5151 5145/5145 5147/5147
f 5152/5152 5151/5151 5147/5147
f 5146/5146 5153/5153 5147/5147
f 5136/5136 5154/5154 5135/5135
f 5154/5154 5155/5155 5135/5135
f 5156/5156 5137/5137 5135/5135
f 5155/5155 5156/5156 5135/5135
f 5138/5138 5157/5157 5132/5132
f 5139/5139 5158/5158 5140/5140
f 5159/5159 5146/5146 5149/5149
f 5160/5160 5143/5143 5142/5142
f 5153/5153 5161/5161 5147/5147
f 5147/5147 5162/5162 5152/5152
f 5152/5152 5162/5162 5163/5163
f 5161/5161 5162/5162 5147/5147
f 5164/5164 5154/5154 5136/5136
f 5165/5165 5166/5166 5167/5167
f 5168/5168 5169/5169 5170/5170
f 5166/5166 5171/5171 5168/5168
f 5172/5172 5173/5173 5174/5174
f 5170/5170 5175/5175 5172/5172
f 5174/5174 5176/5176 5177/5177
f 5177/5177 5178/5178 5179/5179
f 5179/5179 5180/5180 5181/5181
f 5181/5181 5182/5182 5183/5183
f 5184/5184 5185/5185 5186/5186
f 5183/5183 5187/5187 5184/5184
f 5188/5188 5189/5189 5190/5190
f 5191/5191 5192/5192 5193/5193
f 5193/5193 5194/5194 5195/5195
f 5190/5190 5196/5196 5191/5191
f 5186/5186 5197/5197 5188/5188
f 5166/5166 5165/5165 5198/5198
f 5193/5193 5192/5192 5194/5194
f 5194/5194 5192/5192 5199/5199
f 5200/5200 5198/5198 5165/5165
f 5201/5201 5202/5202 5203/5203
f 5204/5204 5205/5205 5206/5206
f 5206/5206 5207/5207 5208/5208
f 5203/5203 5209/5209 5204/5204
f 5210/5210 5211/5211 5212/5212
f 5213/5213 5212/5212 5214/5214
f 5212/5212 5211/5211 5214/5214
f 5208/5208 5215/5215 5210/5210
f 5216/5216 5201/5201 5217/5217
f 5218/5218 5216/5216 5219/5219
f 5211/5211 5220/5220 5214/5214
f 5216/5216 5218/5218 5201/5201
f 5221/5221 5222/5222 5223/5223
f 5224/5224 5225/5225 5226/5226
f 5227/5227 5221/5221 5228/5228
f 5227/5227 5229/5229 5222/5222
f 5221/5221 5227/5227 5222/5222
f 5230/5230 5231/5231 5232/5232
f 5233/5233 5234/5234 5235/5235
f 5233/5233 5236/5236 5237/5237
f 5238/5238 5239/5239 5240/5240
f 5240/5240 5239/5239 5241/5241
f 5242/5242 5243/5243 5240/5240
f 5237/5237 5244/5244 5242/5242
f 5229/5229 5225/5225 5222/5222
f 5224/5224 5226/5226 5231/5231
f 5230/5230 5232/5232 5234/5234
f 5242/5242 5244/5244 5245/5245
f 5240/5240 5243/5243 5246/5246
f 5239/5239 5238/5238 5247/5247
f 5240/5240 5246/5246 5238/5238
f 5237/5237 5236/5236 5248/5248
f 5249/5249 5250/5250 5251/5251
f 5252/5252 5253/5253 5254/5254
f 5250/5250 5255/5255 5252/5252
f 5256/5256 5257/5257 5258/5258
f 5254/5254 5259/5259 5256/5256
f 5258/5258 5260/5260 5261/5261
f 5261/5261 5262/5262 5263/5263
f 5263/5263 5264/5264 5265/5265
f 5265/5265 5266/5266 5267/5267
f 5268/5268 5269/5269 5270/5270
f 5267/5267 5271/5271 5268/5268
f 5272/5272 5273/5273 5274/5274
f 5275/5275 5276/5276 5277/5277
f 5277/5277 5278/5278 5279/5279
f 5274/5274 5280/5280 5275/5275
f 5270/5270 5281/5281 5272/5272
f 5250/5250 5249/5249 5282/5282
f 5277/5277 5276/5276 5278/5278
f 5278/5278 5276/5276 5283/5283
f 5284/5284 5282/5282 5249/5249
f 5285/5285 5286/5286 5287/5287
f 5288/5288 5289/5289 5290/5290
f 5290/5290 5291/5291 5292/5292
f 5287/5287 5293/5293 5288/5288
f 5294/5294 5295/5295 5296/5296
f 5297/5297 5296/5296 5298/5298
f 5296/5296 5295/5295 5298/5298
f 5292/5292 5299/5299 5294/5294
f 5300/5300 5285/5285 5301/5301
f 5302/5302 5300/5300 5303/5303
f 5295/5295 5304/5304 5298/5298
f 5300/5300 5302/5302 5285/5285
f 5305/5305 5306/5306 5307/5307
f 5308/5308 5309/5309 5310/5310
f 5311/5311 5305/5305 5312/5312
f 5311/5311 5313/5313 5306/5306
f 5305/5305 5311/5311 5306/5306
f 5314/5314 5315/5315 5316/5316
f 5317/5317 5318/5318 5319/5319
f 5317/5317 5320/5320 5321/5321
f 5322/5322 5323/5323 5324/5324
f 5324/5324 5323/5323 5325/5325
f 5326/5326 5327/5327 5324/5324
f 5321/5321 5328/5328 5326/5326
f 5313/5313 5309/5309 5306/5306
f 5308/5308 5310/5310 5315/5315
f 5314/5314 5316/5316 5318/5318
f 5326/5326 5328/5328 5329/5329
f 5324/5324 5327/5327 5330/5330
f 5323/5323 5322/5322 5331/5331
f 5324/5324 5330/5330 5322/5322
f 5321/5321 5320/5320 5332/5332
f 5333/5333 5334/5334 5335/5335
f 5336/5336 5337/5337 5338/5338
f 5334/5334 5339/5339 5336/5336
f 5340/5340 5341/5341 5342/5342
f 5338/5338 5343/5343 5340/5340
f 5342/5342 5344/5344 5345/5345
f 5345/5345 5346/5346 5347/5347
f 5347/5347 5348/5348 5349/5349
f 5349/5349 5350/5350 5351/5351
f 5352/5352 5353/5353 5354/5354
f 5351/5351 5355/5355 5352/5352
f 5356/5356 5357/5357 5358/5358
f 5359/5359 5360/5360 5361/5361
f 5361/5361 5362/5362 5363/5363
f 5358/5358 5364/5364 5359/5359
f 5354/5354 5365/5365 5356/5356
f 5334/5334 5333/5333 5366/5366
f 5361/5361 5360/5360 5362/5362
f 5362/5362 5360/5360 5367/5367
f 5368/5368 5366/5366 5333/5333
f 5369/5369 5370/5370 5371/5371
f 5372/5372 5373/5373 5374/5374
f 5375/5375 5374/5374 5376/5376
f 5377/5377 5371/5371 5373/5373
f 5378/5378 5379/5379 5380/5380
f 5378/5378 5380/5380 5381/5381
f 5382/5382 5376/5376 5379/5379
f 5370/5370 5383/5383 5384/5384
f 5380/5380 5385/5385 5381/5381
f 5383/5383 5370/5370 5386/5386
f 5387/5387 5388/5388 5389/5389
f 5390/5390 5391/5391 5392/5392
f 5392/5392 5393/5393 5394/5394
f 5389/5389 5395/5395 5390/5390
f 5396/5396 5397/5397 5398/5398
f 5399/5399 5398/5398 5400/5400
f 5398/5398 5397/5397 5400/5400
f 5394/5394 5401/5401 5396/5396
f 5402/5402 5387/5387 5403/5403
f 5404/5404 5402/5402 5405/5405
f 5397/5397 5406/5406 5400/5400
f 5402/5402 5404/5404 5387/5387
f 5407/5407 5408/5408 5409/5409
f 5410/5410 5411/5411 5408/5408
f 5412/5412 5409/5409 5413/5413
f 5414/5414 5415/5415 5416/5416
f 5417/5417 5416/5416 5418/5418
f 5417/5417 5419/5419 5420/5420
f 5421/5421 5413/5413 5415/5415
f 5422/5422 5423/5423 5424/5424
f 5411/5411 5422/5422 5425/5425
f 5417/5417 5418/5418 5419/5419
f 5419/5419 5418/5418 5426/5426
f 5422/5422 5411/5411 5423/5423
f 5427/5427 5428/5428 5429/5429
f 5430/5430 5431/5431 5432/5432
f 5432/5432 5433/5433 5434/5434
f 5429/5429 5435/5435 5430/5430
f 5436/5436 5437/5437 5438/5438
f 5439/5439 5438/5438 5440/5440
f 5437/5437 5440/5440 5438/5438
f 5434/5434 5441/5441 5436/5436
f 5442/5442 5427/5427 5443/5443
f 5444/5444 5442/5442 5445/5445
f 5442/5442 5444/5444 5427/5427
f 5446/5446 5447/5447 5448/5448
f 5449/5449 5450/5450 5446/5446
f 5451/5451 5452/5452 5449/5449
f 5453/5453 5454/5454 5451/5451
f 5455/5455 5456/5456 5453/5453
f 5457/5457 5458/5458 5455/5455
f 5448/5448 5447/5447 5459/5459
f 5446/5446 5460/5460 5461/5461
f 5446/5446 5462/5462 5449/5449
f 5448/5448 5459/5459 5463/5463
f 5464/5464 5457/5457 5465/5465
f 5453/5453 5466/5466 5467/5467
f 5455/5455 5467/5467 5468/5468
f 5449/5449 5466/5466 5451/5451
f 5460/5460 5463/5463 5469/5469
f 5470/5470 5471/5471 5457/5457
f 5457/5457 5468/5468 5470/5470
f 5465/5465 5457/5457 5471/5471
f 5471/5471 5470/5470 5472/5472
f 5448/5448 5463/5463 5460/5460
f 5473/5473 5474/5474 5475/5475
f 5476/5476 5477/5477 5478/5478
f 5474/5474 5479/5479 5476/5476
f 5478/5478 5480/5480 5481/5481
f 5481/5481 5482/5482 5483/5483
f 5484/5484 5485/5485 5486/5486
f 5486/5486 5487/5487 5488/5488
f 5483/5483 5489/5489 5484/5484
f 5490/5490 5474/5474 5473/5473
f 5486/5486 5485/5485 5487/5487
f 5487/5487 5485/5485 5491/5491
f 5492/5492 5490/5490 5473/5473
f 5493/5493 5494/5494 5495/5495
f 5496/5496 5497/5497 5494/5494
f 5498/5498 5495/5495 5499/5499
f 5500/5500 5499/5499 5501/5501
f 5502/5502 5503/5503 5504/5504
f 5505/5505 5501/5501 5503/5503
f 5497/5497 5506/5506 5507/5507
f 5502/5502 5504/5504 5508/5508
f 5508/5508 5504/5504 5509/5509
f 5510/5510 5497/5497 5507/5507
f 5511/5511 5512/5512 5513/5513
f 5514/5514 5515/5515 5516/5516
f 5512/5512 5517/5517 5514/5514
f 5516/5516 5518/5518 5519/5519
f 5519/5519 5520/5520 5521/5521
f 5522/5522 5523/5523 5524/5524
f 5524/5524 5525/5525 5526/5526
f 5521/5521 5527/5527 5522/5522
f 5528/5528 5512/5512 5511/5511
f 5524/5524 5523/5523 5525/5525
f 5525/5525 5523/5523 5529/5529
f 5530/5530 5528/5528 5511/5511
f 5531/5531 5532/5532 5533/5533
f 5531/5531 5534/5534 5535/5535
f 5535/5535 5536/5536 5537/5537
f 5537/5537 5538/5538 5539/5539
f 5531/5531 5533/5533 5540/5540
f 5541/5541 5538/5538 5536/5536
f 5536/5536 5538/5538 5537/5537
f 5542/5542 5540/5540 5533/5533
f 5543/5543 5544/5544 5545/5545
f 5543/5543 5546/5546 5547/5547
f 5547/5547 5548/5548 5549/5549
f 5549/5549 5550/5550 5551/5551
f 5543/5543 5545/5545 5552/5552
f 5553/5553 5550/5550 5548/5548
f 5548/5548 5550/5550 5549/5549
f 5554/5554 5552/5552 5545/5545
f 5555/5555 5556/5556 5557/5557
f 5555/5555 5558/5558 5559/5559
f 5559/5559 5560/5560 5561/5561
f 5561/5561 5562/5562 5563/5563
f 5555/5555 5557/5557 5564/5564
f 5565/5565 5562/5562 5560/5560
f 5560/5560 5562/5562 5561/5561
f 5566/5566 5564/5564 5557/5557
f 5567/5567 5568/5568 5569/5569
f 5569/5569 5570/5570 5571/5571
f 5572/5572 5571/5571 5573/5573
f 5571/5571 5570/5570 5573/5573
f 5574/5574 5567/5567 5575/5575
f 5576/5576 5574/5574 5577/5577
f 5570/5570 5578/5578 5573/5573
f 5567/5567 5574/5574 5576/5576
f 5579/5579 5580/5580 5581/5581
f 5581/5581 5582/5582 5583/5583
f 5584/5584 5583/5583 5585/5585
f 5582/5582 5585/5585 5583/5583
f 5586/5586 5579/5579 5587/5587
f 5588/5588 5586/5586 5589/5589
f 5579/5579 5586/5586 5588/5588
f 5590/5590 5591/5591 5592/5592
f 5590/5590 5593/5593 5594/5594
f 5594/5594 5595/5595 5596/5596
f 5596/5596 5597/5597 5598/5598
f 5590/5590 5592/5592 5599/5599
f 5600/5600 5597/5597 5595/5595
f 5595/5595 5597/5597 5596/5596
f 5601/5601 5599/5599 5592/5592
f 5602/5602 5603/5603 5604/5604
f 5602/5602 5605/5605 5606/5606
f 5606/5606 5607/5607 5608/5608
f 5608/5608 5609/5609 5610/5610
f 5602/5602 5604/5604 5611/5611
f 5612/5612 5609/5609 5607/5607
f 5607/5607 5609/5609 5608/5608
f 5613/5613 5611/5611 5604/5604
f 5614/5614 5615/5615 5616/5616
f 5614/5614 5617/5617 5618/5618
f 5618/5618 5619/5619 5620/5620
f 5620/5620 5621/5621 5622/5622
f 5614/5614 5616/5616 5623/5623
f 5624/5624 5621/5621 5619/5619
f 5619/5619 5621/5621 5620/5620
f 5625/5625 5623/5623 5616/5616
f 5626/5626 5627/5627 5628/5628
f 5626/5626 5629/5629 5630/5630
f 5630/5630 5631/5631 5632/5632
f 5632/5632 5633/5633 5634/5634
f 5626/5626 5628/5628 5635/5635
f 5636/5636 5633/5633 5631/5631
f 5631/5631 5633/5633 5632/5632
f 5637/5637 5635/5635 5628/5628
f 5638/5638 5639/5639 5640/5640
f 5640/5640 5641/5641 5642/5642
f 5643/5643 5642/5642 5644/5644
f 5642/5642 5641/5641 5644/5644
f 5645/5645 5638/5638 5646/5646
f 5647/5647 5645/5645 5648/5648
f 5641/5641 5649/5649 5644/5644
f 5638/5638 5645/5645 5647/5647
f 5650/5650 5651/5651 5652/5652
f 5650/5650 5653/5653 5654/5654
f 5654/5654 5655/5655 5656/5656
f 5656/5656 5657/5657 5658/5658
f 5650/5650 5652/5652 5659/5659
f 5660/5660 5657/5657 5655/5655
f 5655/5655 5657/5657 5656/5656
f 5661/5661 5659/5659 5652/5652
f 5662/5662 5663/5663 5664/5664
f 5662/5662 5665/5665 5666/5666
f 5666/5666 5667/5667 5668/5668
f 5668/5668 5669/5669 5670/5670
f 5662/5662 5664/5664 5671/5671
f 5672/5672 5669/5669 5667/5667
f 5667/5667 5669/5669 5668/5668
f 5673/5673 5671/5671 5664/5664
f 5674/5674 5675/5675 5676/5676
f 5674/5674 5677/5677 5678/5678
f 5678/5678 5679/5679 5680/5680
f 5680/5680 5681/5681 5682/5682
f 5674/5674 5676/5676 5683/5683
f 5684/5684 5681/5681 5679/5679
f 5679/5679 5681/5681 5680/5680
f 5685/5685 5683/5683 5676/5676
f 5686/5686 5687/5687 5688/5688
f 5686/5686 5689/5689 5690/5690
f 5690/5690 5691/5691 5692/5692
f 5692/5692 5693/5693 5694/5694
f 5686/5686 5688/5688 5695/5695
f 5696/5696 5693/5693 5691/5691
f 5691/5691 5693/5693 5692/5692
f 5697/5697 5695/5695 5688/5688
f 5698/5698 5699/5699 5700/5700
f 5698/5698 5701/5701 5702/5702
f 5702/5702 5703/5703 5704/5704
f 5704/5704 5705/5705 5706/5706
f 5698/5698 5700/5700 5707/5707
f 5708/5708 5705/5705 5703/5703
f 5703/5703 5705/5705 5704/5704
f 5709/5709 5707/5707 5700/5700
f 5710/5710 5711/5711 5712/5712
f 5710/5710 5713/5713 5714/5714
f 5714/5714 5715/5715 5716/5716
f 5716/5716 5717/5717 5718/5718
f 5710/5710 5712/5712 5719/5719
f 5720/5720 5717/5717 5715/5715
f 5715/5715 5717/5717 5716/5716
f 5721/5721 5719/5719 5712/5712
f 5722/5722 5723/5723 5724/5724
f 5725/5725 5726/5726 5727/5727
f 5723/5723 5728/5728 5725/5725
f 5727/5727 5729/5729 5730/5730
f 5730/5730 5731/5731 5732/5732
f 5733/5733 5734/5734 5735/5735
f 5735/5735 5736/5736 5737/5737
f 5732/5732 5738/5738 5733/5733
f 5739/5739 5723/5723 5722/5722
f 5735/5735 5734/5734 5736/5736
f 5736/5736 5734/5734 5740/5740
f 5741/5741 5739/5739 5722/5722
f 5742/5742 5743/5743 5744/5744
f 5742/5742 5744/5744 5745/5745
f 5742/5742 5746/5746 5747/5747
f 5742/5742 5747/5747 5748/5748
f 5742/5742 5745/5745 5746/5746
f 5749/5749 5742/5742 5750/5750
f 5751/5751 5750/5750 5742/5742
f 5751/5751 5742/5742 5752/5752
f 5742/5742 5753/5753 5752/5752
f 5754/5754 5753/5753 5742/5742
f 5754/5754 5742/5742 5748/5748
f 5755/5755 5756/5756 5757/5757
f 5755/5755 5757/5757 5758/5758
f 5755/5755 5759/5759 5760/5760
f 5755/5755 5760/5760 5761/5761
f 5755/5755 5758/5758 5759/5759
f 5755/5755 5762/5762 5753/5753
f 5755/5755 5763/5763 5762/5762
f 5764/5764 5765/5765 5755/5755
f 5763/5763 5755/5755 5765/5765
f 5753/5753 5754/5754 5755/5755
f 5756/5756 5755/5755 5754/5754
f 5766/5766 5767/5767 5768/5768
f 5769/5769 5770/5770 5771/5771
f 5771/5771 5772/5772 5773/5773
f 5768/5768 5774/5774 5769/5769
f 5775/5775 5776/5776 5777/5777
f 5778/5778 5777/5777 5779/5779
f 5777/5777 5776/5776 5779/5779
f 5773/5773 5780/5780 5775/5775
f 5781/5781 5766/5766 5782/5782
f 5783/5783 5781/5781 5784/5784
f 5776/5776 5785/5785 5779/5779
f 5781/5781 5783/5783 5766/5766
f 5786/5786 5787/5787 5788/5788
f 5786/5786 5789/5789 5787/5787
f 5786/5786 5790/5790 5791/5791
f 5786/5786 5792/5792 5790/5790
f 5791/5791 5789/5789 5786/5786
f 5793/5793 5794/5794 5795/5795
f 5793/5793 5796/5796 5794/5794
f 5793/5793 5797/5797 5798/5798
f 5793/5793 5799/5799 5797/5797
f 5798/5798 5796/5796 5793/5793
f 5795/5795 5792/5792 5786/5786
f 5800/5800 5786/5786 5801/5801
f 5802/5802 5786/5786 5800/5800
f 5786/5786 5802/5802 5803/5803
f 5786/5786 5803/5803 5804/5804
f 5795/5795 5804/5804 5793/5793
f 5799/5799 5793/5793 5805/5805
f 5806/5806 5793/5793 5804/5804
f 5807/5807 5793/5793 5806/5806
f 5793/5793 5807/5807 5808/5808
f 5793/5793 5808/5808 5809/5809
f 5804/5804 5795/5795 5786/5786
f 5810/5810 5811/5811 5812/5812
f 5813/5813 5814/5814 5815/5815
f 5815/5815 5816/5816 5817/5817
f 5812/5812 5818/5818 5813/5813
f 5819/5819 5820/5820 5821/5821
f 5822/5822 5821/5821 5823/5823
f 5821/5821 5820/5820 5823/5823
f 5817/5817 5824/5824 5819/5819
f 5825/5825 5810/5810 5826/5826
f 5827/5827 5825/5825 5828/5828
f 5820/5820 5829/5829 5823/5823
f 5825/5825 5827/5827 5810/5810
f 5830/5830 5831/5831 5832/5832
f 5830/5830 5832/5832 5833/5833
f 5830/5830 5834/5834 5835/5835
f 5830/5830 5835/5835 5836/5836
f 5830/5830 5833/5833 5834/5834
f 5837/5837 5830/5830 5838/5838
f 5839/5839 5838/5838 5830/5830
f 5839/5839 5830/5830 5840/5840
f 5830/5830 5841/5841 5840/5840
f 5842/5842 5843/5843 5830/5830
f 5842/5842 5830/5830 5836/5836
f 5843/5843 5844/5844 5845/5845
f 5843/5843 5845/5845 5846/5846
f 5843/5843 5847/5847 5848/5848
f 5843/5843 5848/5848 5849/5849
f 5843/5843 5846/5846 5847/5847
f 5843/5843 5850/5850 5841/5841
f 5843/5843 5851/5851 5850/5850
f 5852/5852 5853/5853 5843/5843
f 5851/5851 5843/5843 5853/5853
f 5841/5841 5830/5830 5843/5843
f 5844/5844 5843/5843 5842/5842
f 5854/5854 5855/5855 5856/5856
f 5857/5857 5858/5858 5859/5859
f 5855/5855 5860/5860 5857/5857
f 5859/5859 5861/5861 5862/5862
f 5862/5862 5863/5863 5864/5864
f 5865/5865 5866/5866 5867/5867
f 5867/5867 5868/5868 5869/5869
f 5864/5864 5870/5870 5865/5865
f 5871/5871 5855/5855 5854/5854
f 5867/5867 5866/5866 5868/5868
f 5868/5868 5866/5866 5872/5872
f 5873/5873 5871/5871 5854/5854
f 5874/5874 5875/5875 5876/5876
f 5874/5874 5877/5877 5875/5875
f 5874/5874 5878/5878 5879/5879
f 5877/5877 5874/5874 5879/5879
f 5874/5874 5880/5880 5881/5881
f 5881/5881 5882/5882 5878/5878
f 5881/5881 5883/5883 5882/5882
f 5884/5884 5885/5885 5881/5881
f 5883/5883 5881/5881 5885/5885
f 5881/5881 5878/5878 5874/5874
f 5886/5886 5874/5874 5887/5887
f 5874/5874 5886/5886 5888/5888
f 5874/5874 5888/5888 5889/5889
f 5874/5874 5890/5890 5891/5891
f 5874/5874 5891/5891 5880/5880
f 5874/5874 5889/5889 5890/5890
f 5881/5881 5892/5892 5893/5893
f 5881/5881 5893/5893 5894/5894
f 5881/5881 5895/5895 5896/5896
f 5881/5881 5896/5896 5897/5897
f 5881/5881 5894/5894 5895/5895
f 5881/5881 5880/5880 5892/5892
f 5898/5898 5899/5899 5900/5900
f 5901/5901 5902/5902 5903/5903
f 5901/5901 5904/5904 5902/5902
f 5903/5903 5899/5899 5905/5905
f 5906/5906 5907/5907 5908/5908
f 5909/5909 5906/5906 5910/5910
f 5911/5911 5912/5912 5913/5913
f 5914/5914 5912/5912 5915/5915
f 5911/5911 5909/5909 5910/5910
f 5908/5908 5904/5904 5916/5916
f 5905/5905 5901/5901 5903/5903
f 5916/5916 5906/5906 5908/5908
f 5901/5901 5916/5916 5904/5904
f 5917/5917 5918/5918 5919/5919
f 5914/5914 5915/5915 5919/5919
f 5919/5919 5915/5915 5917/5917
f 5898/5898 5905/5905 5899/5899
f 5920/5920 5921/5921 5922/5922
f 5922/5922 5923/5923 5924/5924
f 5925/5925 5926/5926 5927/5927
f 5927/5927 5928/5928 5929/5929
f 5924/5924 5930/5930 5925/5925
f 5931/5931 5932/5932 5933/5933
f 5933/5933 5934/5934 5935/5935
f 5936/5936 5937/5937 5938/5938
f 5939/5939 5940/5940 5941/5941
f 5938/5938 5942/5942 5939/5939
f 5935/5935 5943/5943 5936/5936
f 5929/5929 5944/5944 5931/5931
f 5945/5945 5946/5946 5947/5947
f 5948/5948 5946/5946 5945/5945
f 5949/5949 5950/5950 5948/5948
f 5949/5949 5951/5951 5952/5952
f 5948/5948 5950/5950 5946/5946
f 5953/5953 5954/5954 5951/5951
f 5954/5954 5955/5955 5956/5956
f 5955/5955 5957/5957 5956/5956
f 5958/5958 5959/5959 5960/5960
f 5961/5961 5962/5962 5963/5963
f 5958/5958 5964/5964 5965/5965
f 5965/5965 5964/5964 5957/5957
f 5963/5963 5962/5962 5959/5959
f 5966/5966 5967/5967 5968/5968
f 5968/5968 5969/5969 5970/5970
f 5971/5971 5972/5972 5973/5973
f 5973/5973 5974/5974 5975/5975
f 5970/5970 5976/5976 5971/5971
f 5977/5977 5978/5978 5979/5979
f 5979/5979 5980/5980 5981/5981
f 5982/5982 5983/5983 5984/5984
f 5985/5985 5986/5986 5987/5987
f 5984/5984 5988/5988 5985/5985
f 5981/5981 5989/5989 5982/5982
f 5975/5975 5990/5990 5977/5977
f 5991/5991 5992/5992 5993/5993
f 5994/5994 5995/5995 5996/5996
f 5994/5994 5997/5997 5998/5998
f 5999/5999 6000/6000 6001/6001
f 5999/5999 6002/6002 6003/6003
f 6004/6004 6005/6005 6006/6006
f 6007/6007 6008/6008 6009/6009
f 6004/6004 6010/6010 6011/6011
f 5995/5995 5993/5993 5992/5992
f 5998/5998 5997/5997 6000/6000
f 6003/6003 6002/6002 6010/6010
f 6006/6006 6005/6005 6008/6008
f 6012/6012 6013/6013 6014/6014
f 6014/6014 6015/6015 6016/6016
f 6017/6017 6018/6018 6019/6019
f 6019/6019 6020/6020 6021/6021
f 6016/6016 6022/6022 6017/6017
f 6023/6023 6024/6024 6025/6025
f 6025/6025 6026/6026 6027/6027
f 6028/6028 6029/6029 6030/6030
f 6031/6031 6032/6032 6033/6033
f 6030/6030 6034/6034 6031/6031
f 6027/6027 6035/6035 6028/6028
f 6021/6021 6036/6036 6023/6023
f 6037/6037 6038/6038 6039/6039
f 6040/6040 6041/6041 6042/6042
f 6043/6043 6044/6044 6045/6045
f 6040/6040 6046/6046 6047/6047
f 6047/6047 6046/6046 6038/6038
f 6045/6045 6044/6044 6041/6041
f 6048/6048 6049/6049 6043/6043
f 6050/6050 6048/6048 6043/6043
f 6051/6051 6052/6052 6050/6050
f 6051/6051 6053/6053 6054/6054
f 6055/6055 6056/6056 6057/6057
f 6050/6050 6052/6052 6048/6048
f 6057/6057 6056/6056 6053/6053
f 6058/6058 6059/6059 6060/6060
f 6060/6060 6061/6061 6062/6062
f 6063/6063 6064/6064 6065/6065
f 6065/6065 6066/6066 6067/6067
f 6062/6062 6068/6068 6063/6063
f 6069/6069 6070/6070 6071/6071
f 6071/6071 6072/6072 6073/6073
f 6074/6074 6075/6075 6076/6076
f 6077/6077 6078/6078 6079/6079
f 6076/6076 6080/6080 6077/6077
f 6073/6073 6081/6081 6074/6074
f 6067/6067 6082/6082 6069/6069
f 4/4 7/7 5/5
f 2/2 18/18 7/7
f 6/6 5/5 8/8
f 9/9 8/8 10/10
f 12/12 17/17 13/13
f 11/11 10/10 17/17
f 39/39 56/56 40/40
f 42/42 47/47 43/43
f 44/44 43/43 45/45
f 41/41 40/40 47/47
f 48/48 53/53 49/49
f 46/46 45/45 53/53
f 82/82 85/85 83/83
f 80/80 96/96 85/85
f 84/84 83/83 86/86
f 87/87 86/86 88/88
f 90/90 95/95 91/91
f 89/89 88/88 95/95
f 96/96 80/80 79/79
f 101/101 121/121 113/113
f 102/102 99/99 113/113
f 104/104 120/120 118/118
f 106/106 118/118 119/119
f 104/104 102/102 114/114
f 119/119 123/123 110/110
f 129/129 132/132 130/130
f 127/127 143/143 132/132
f 131/131 130/130 133/133
f 134/134 133/133 135/135
f 137/137 142/142 138/138
f 136/136 135/135 142/142
f 138/138 6083/6083 140/140
f 163/163 196/196 164/164
f 166/166 169/169 167/167
f 165/165 164/164 169/169
f 170/170 179/179 171/171
f 173/173 178/178 174/174
f 175/175 174/174 176/176
f 172/172 171/171 178/178
f 168/168 167/167 179/179
f 180/180 193/193 181/181
f 183/183 186/186 184/184
f 182/182 181/181 186/186
f 187/187 192/192 188/188
f 185/185 184/184 192/192
f 177/177 176/176 193/193
f 202/202 200/200 203/203
f 208/208 202/202 209/209
f 211/211 208/208 212/212
f 211/211 213/213 214/214
f 220/220 223/223 221/221
f 215/215 226/226 222/222
f 230/230 233/233 231/231
f 228/228 244/244 233/233
f 232/232 231/231 234/234
f 235/235 234/234 236/236
f 238/238 243/243 239/239
f 237/237 236/236 243/243
f 247/247 280/280 248/248
f 250/250 253/253 251/251
f 249/249 248/248 253/253
f 254/254 263/263 255/255
f 257/257 262/262 258/258
f 259/259 258/258 260/260
f 256/256 255/255 262/262
f 252/252 251/251 263/263
f 264/264 277/277 265/265
f 267/267 270/270 268/268
f 266/266 265/265 270/270
f 271/271 276/276 272/272
f 269/269 268/268 276/276
f 261/261 260/260 277/277
f 284/284 290/290 286/286
f 287/287 304/304 291/291
f 292/292 306/306 293/293
f 294/294 305/305 295/295
f 301/301 307/307 302/302
f 296/296 310/310 303/303
f 314/314 317/317 315/315
f 312/312 328/328 317/317
f 316/316 315/315 318/318
f 319/319 318/318 320/320
f 322/322 327/327 323/323
f 321/321 320/320 327/327
f 331/331 364/364 332/332
f 334/334 337/337 335/335
f 333/333 332/332 337/337
f 338/338 347/347 339/339
f 341/341 346/346 342/342
f 343/343 342/342 344/344
f 340/340 339/339 346/346
f 336/336 335/335 347/347
f 348/348 361/361 349/349
f 351/351 354/354 352/352
f 350/350 349/349 354/354
f 355/355 360/360 356/356
f 353/353 352/352 360/360
f 345/345 344/344 361/361
f 370/370 368/368 371/371
f 376/376 370/370 377/377
f 379/379 376/376 380/380
f 382/382 394/394 383/383
f 379/379 381/381 385/385
f 386/386 393/393 391/391
f 400/400 403/403 401/401
f 398/398 414/414 403/403
f 402/402 401/401 404/404
f 405/405 404/404 406/406
f 408/408 413/413 409/409
f 407/407 406/406 413/413
f 417/417 434/434 418/418
f 420/420 425/425 421/421
f 422/422 421/421 423/423
f 419/419 418/418 425/425
f 426/426 431/431 427/427
f 424/424 423/423 431/431
f 458/458 461/461 459/459
f 456/456 472/472 461/461
f 460/460 459/459 462/462
f 463/463 462/462 464/464
f 466/466 471/471 467/467
f 465/465 464/464 471/471
f 496/496 499/499 497/497
f 494/494 510/510 499/499
f 498/498 497/497 500/500
f 501/501 500/500 502/502
f 504/504 509/509 505/505
f 503/503 502/502 509/509
f 513/513 515/515 527/527
f 516/516 513/513 528/528
f 518/518 535/535 533/533
f 520/520 533/533 534/534
f 516/516 529/529 535/535
f 537/537 524/524 522/522
f 540/540 557/557 541/541
f 543/543 548/548 544/544
f 545/545 544/544 546/546
f 542/542 541/541 548/548
f 549/549 554/554 550/550
f 547/547 546/546 554/554
f 560/560 562/562 574/574
f 560/560 575/575 576/576
f 567/567 565/565 580/580
f 569/569 567/567 581/581
f 563/563 576/576 580/580
f 584/584 571/571 569/569
f 587/587 604/604 588/588
f 590/590 595/595 591/591
f 592/592 591/591 593/593
f 589/589 588/588 595/595
f 596/596 601/601 597/597
f 597/597 6084/6084 600/600
f 594/594 593/593 601/601
f 626/626 643/643 627/627
f 629/629 634/634 630/630
f 631/631 630/630 632/632
f 628/628 627/627 634/634
f 635/635 640/640 636/636
f 633/633 632/632 640/640
f 666/666 683/683 667/667
f 669/669 674/674 670/670
f 671/671 670/670 672/672
f 668/668 667/667 674/674
f 675/675 680/680 676/676
f 676/676 6085/6085 679/679
f 673/673 672/672 680/680
f 685/685 687/687 699/699
f 688/688 685/685 700/700
f 692/692 690/690 705/705
f 692/692 706/706 707/707
f 690/690 688/688 701/701
f 709/709 6086/6086 710/710
f 694/694 707/707 709/709
f 714/714 717/717 715/715
f 712/712 728/728 717/717
f 716/716 715/715 718/718
f 719/719 718/718 720/720
f 722/722 727/727 723/723
f 721/721 720/720 727/727
f 731/731 733/733 745/745
f 731/731 746/746 747/747
f 738/738 736/736 751/751
f 740/740 738/738 752/752
f 734/734 747/747 751/751
f 755/755 742/742 740/740
f 758/758 775/775 759/759
f 761/761 766/766 762/762
f 763/763 762/762 764/764
f 760/760 759/759 766/766
f 767/767 772/772 768/768
f 765/765 764/764 772/772
f 778/778 780/780 793/793
f 778/778 794/794 795/795
f 785/785 783/783 799/799
f 787/787 785/785 800/800
f 781/781 795/795 799/799
f 803/803 789/789 787/787
f 809/809 812/812 810/810
f 807/807 823/823 812/812
f 811/811 810/810 813/813
f 814/814 813/813 815/815
f 817/817 822/822 818/818
f 816/816 815/815 822/822
f 826/826 828/828 841/841
f 829/829 826/826 842/842
f 831/831 849/849 847/847
f 833/833 847/847 848/848
f 829/829 843/843 849/849
f 844/844 6087/6087 841/841
f 850/850 837/837 835/835
f 856/856 859/859 857/857
f 854/854 870/870 859/859
f 858/858 857/857 860/860
f 861/861 860/860 862/862
f 864/864 869/869 865/865
f 863/863 862/862 869/869
f 894/894 897/897 895/895
f 892/892 908/908 897/897
f 896/896 895/895 898/898
f 899/899 898/898 900/900
f 902/902 907/907 903/903
f 901/901 900/900 907/907
f 913/913 934/934 926/926
f 911/911 926/926 927/927
f 918/918 916/916 931/931
f 920/920 918/918 932/932
f 914/914 927/927 931/931
f 936/936 922/922 920/920
f 942/942 945/945 943/943
f 940/940 956/956 945/945
f 944/944 943/943 946/946
f 947/947 946/946 948/948
f 950/950 955/955 951/951
f 949/949 948/948 955/955
f 980/980 983/983 981/981
f 978/978 994/994 983/983
f 982/982 981/981 984/984
f 985/985 984/984 986/986
f 988/988 993/993 989/989
f 987/987 986/986 993/993
f 994/994 978/978 977/977
f 1007/1007 1008/1008 1009/1009
f 1020/1020 1023/1023 1021/1021
f 1018/1018 1034/1034 1023/1023
f 1022/1022 1021/1021 1024/1024
f 1025/1025 1024/1024 1026/1026
f 1028/1028 1033/1033 1029/1029
f 1027/1027 1026/1026 1033/1033
f 1060/1060 1058/1058 1057/1057
f 1062/1062 1066/1066 1063/1063
f 1068/1068 6088/6088 1069/1069
f 1070/1070 1069/1069 1071/1071
f 1073/1073 1077/1077 1074/1074
f 1076/1076 1074/1074 1077/1077
f 1079/1079 1088/1088 1080/1080
f 1081/1081 1080/1080 1082/1082
f 1082/1082 1090/1090 1085/1085
f 1092/1092 1109/1109 1093/1093
f 1095/1095 1100/1100 1096/1096
f 1097/1097 1096/1096 1098/1098
f 1094/1094 1093/1093 1100/1100
f 1101/1101 1106/1106 1102/1102
f 1099/1099 1098/1098 1106/1106
f 1112/1112 1129/1129 1113/1113
f 1115/1115 1120/1120 1116/1116
f 1117/1117 1116/1116 1118/1118
f 1114/1114 1113/1113 1120/1120
f 1121/1121 1126/1126 1122/1122
f 1119/1119 1118/1118 1126/1126
f 1135/1135 1133/1133 1132/1132
f 1164/1164 1191/1191 1165/1165
f 1173/1173 1164/1164 1168/1168
f 1175/1175 1176/1176 1168/1168
f 1184/1184 1178/1178 1181/1181
f 1200/1200 1209/1209 1201/1201
f 1225/1225 1244/1244 1226/1226
f 1266/1266 1265/1265 1264/1264
f 1268/1268 1266/1266 1267/1267
f 1270/1270 1268/1268 1269/1269
f 1272/1272 1270/1270 1271/1271
f 1274/1274 1272/1272 1273/1273
f 1276/1276 1274/1274 1275/1275
f 1278/1278 1276/1276 1277/1277
f 1267/1267 1264/1264 1280/1280
f 1269/1269 1267/1267 1281/1281
f 1271/1271 1269/1269 1282/1282
f 1273/1273 1271/1271 1283/1283
f 1275/1275 1273/1273 1284/1284
f 1277/1277 1275/1275 1285/1285
f 1279/1279 1277/1277 1286/1286
f 1281/1281 1280/1280 1288/1288
f 1282/1282 1281/1281 1289/1289
f 1283/1283 1282/1282 1290/1290
f 1284/1284 1283/1283 1291/1291
f 1285/1285 1284/1284 1292/1292
f 1286/1286 1285/1285 1293/1293
f 1287/1287 1286/1286 1294/1294
f 1289/1289 1288/1288 1296/1296
f 1290/1290 1289/1289 1298/1298
f 1291/1291 1290/1290 1299/1299
f 1292/1292 1291/1291 1300/1300
f 1293/1293 1292/1292 1301/1301
f 1294/1294 1293/1293 1302/1302
f 1295/1295 1294/1294 1303/1303
f 1319/1319 1344/1344 1318/1318
f 1342/1342 1391/1391 1334/1334
f 1343/1343 1346/1346 1344/1344
f 1368/1368 1369/1369 1364/1364
f 1388/1388 1391/1391 1265/1265
f 1400/1400 1398/1398 1265/1265
f 1401/1401 1268/1268 1270/1270
f 1403/1403 1402/1402 1270/1270
f 1406/1406 1405/1405 1274/1274
f 1263/1263 1391/1391 1414/1414
f 1409/1409 1278/1278 1279/1279
f 1421/1421 1420/1420 1287/1287
f 1296/1296 1459/1459 1422/1422
f 1299/1299 1298/1298 1424/1424
f 1426/1426 1421/1421 1295/1295
f 1431/1431 1381/1381 1375/1375
f 1441/1441 1463/1463 1442/1442
f 1375/1375 1356/1356 1380/1380
f 1455/1455 1454/1454 1456/1456
f 1461/1461 1484/1484 1457/1457
f 1474/1474 1478/1478 1472/1472
f 1488/1488 1477/1477 1489/1489
f 1490/1490 1489/1489 1492/1492
f 1533/1533 1535/1535 1494/1494
f 1536/1536 1533/1533 1534/1534
f 1538/1538 1536/1536 1537/1537
f 1560/1560 1562/1562 1563/1563
f 1560/1560 1564/1564 1569/1569
f 1565/1565 1575/1575 1576/1576
f 1582/1582 1596/1596 1597/1597
f 1608/1608 1613/1613 1609/1609
f 1610/1610 1609/1609 1611/1611
f 1607/1607 1606/1606 1613/1613
f 1612/1612 1611/1611 1615/1615
f 1679/1679 1683/1683 1678/1678
f 1674/1674 1676/1676 1680/1680
f 1697/1697 1701/1701 1696/1696
f 1692/1692 1694/1694 1698/1698
f 1713/1713 1716/1716 1714/1714
f 1711/1711 1727/1727 1716/1716
f 1715/1715 1714/1714 1717/1717
f 1718/1718 1717/1717 1719/1719
f 1721/1721 1726/1726 1722/1722
f 1720/1720 1719/1719 1726/1726
f 1733/1733 1736/1736 1734/1734
f 1731/1731 1747/1747 1736/1736
f 1735/1735 1734/1734 1737/1737
f 1738/1738 1737/1737 1739/1739
f 1741/1741 1746/1746 1742/1742
f 1740/1740 1739/1739 1746/1746
f 1753/1753 1752/1752 1755/1755
f 1810/1810 1813/1813 1811/1811
f 1813/1813 1810/1810 1814/1814
f 1821/1821 1826/1826 1822/1822
f 1832/1832 1835/1835 1833/1833
f 1835/1835 1832/1832 1836/1836
f 1834/1834 1833/1833 1838/1838
f 1840/1840 6089/6089 1841/1841
f 1846/1846 6089/6089 1840/1840
f 1846/1846 1844/1844 1843/1843
f 1837/1837 1836/1836 1842/1842
f 1848/1848 1858/1858 1851/1851
f 1853/1853 1852/1852 1854/1854
f 1864/1864 1869/1869 1865/1865
f 1868/1868 1865/1865 1869/1869
f 1868/1868 1870/1870 1871/1871
f 1874/1874 1873/1873 1872/1872
f 1879/1879 1888/1888 1880/1880
f 1881/1881 1880/1880 1882/1882
f 1891/1891 1902/1902 1894/1894
f 1895/1895 1894/1894 1896/1896
f 1897/1897 1896/1896 1901/1901
f 1912/1912 1915/1915 1913/1913
f 1918/1918 1930/1930 1923/1923
f 1926/1926 1924/1924 1929/1929
f 1936/1936 1945/1945 1937/1937
f 1938/1938 1937/1937 1939/1939
f 1948/1948 1958/1958 1951/1951
f 1952/1952 1951/1951 1953/1953
f 1964/1964 1967/1967 1965/1965
f 1967/1967 1964/1964 1968/1968
f 1965/1965 1970/1970 1963/1963
f 1972/1972 6090/6090 1973/1973
f 1978/1978 6090/6090 1972/1972
f 1969/1969 1968/1968 1974/1974
f 1980/1980 1990/1990 1981/1981
f 1983/1983 1982/1982 1984/1984
f 1993/1993 2003/2003 1996/1996
f 1998/1998 1997/1997 1999/1999
f 2006/2006 6091/6091 2007/2007
f 2008/2008 2007/2007 2009/2009
f 2022/2022 6092/6092 2023/2023
f 2025/2025 2028/2028 2026/2026
f 2023/2023 6092/6092 2014/2014
f 2029/2029 6093/6093 2027/2027
f 2037/2037 2040/2040 2038/2038
f 2039/2039 2042/2042 2035/2035
f 2040/2040 2083/2083 2041/2041
f 2046/2046 6093/6093 2029/2029
f 2048/2048 2051/2051 2049/2049
f 2046/2046 2047/2047 2049/2049
f 2071/2071 2076/2076 2072/2072
f 2074/2074 2078/2078 2075/2075
f 2070/2070 2071/2071 2073/2073
f 2078/2078 2074/2074 2079/2079
f 2081/2081 2080/2080 2079/2079
f 2083/2083 2085/2085 2084/2084
f 2085/2085 2087/2087 2086/2086
f 2087/2087 2096/2096 2088/2088
f 2089/2089 2095/2095 2090/2090
f 2096/2096 2089/2089 2091/2091
f 2121/2121 2136/2136 2122/2122
f 2082/2082 2123/2123 2124/2124
f 2136/2136 2121/2121 2134/2134
f 2138/2138 2143/2143 2139/2139
f 2141/2141 2138/2138 2140/2140
f 2143/2143 2145/2145 2144/2144
f 2180/2180 2179/2179 2178/2178
f 2182/2182 2185/2185 2183/2183
f 2185/2185 2180/2180 2181/2181
f 2186/2186 2182/2182 2184/2184
f 2187/2187 2223/2223 2188/2188
f 2213/2213 2218/2218 2214/2214
f 2212/2212 2213/2213 2215/2215
f 2221/2221 2254/2254 2220/2220
f 2222/2222 2188/2188 2223/2223
f 2245/2245 2247/2247 2243/2243
f 2245/2245 6094/6094 2246/2246
f 2248/2248 2251/2251 2249/2249
f 2246/2246 6094/6094 2251/2251
f 2249/2249 6095/6095 2252/2252
f 2221/2221 2258/2258 2253/2253
f 2255/2255 2266/2266 2256/2256
f 2258/2258 2257/2257 2259/2259
f 2264/2264 2267/2267 2266/2266
f 2270/2270 2269/2269 2272/2272
f 2252/2252 6095/6095 2274/2274
f 2304/2304 2303/2303 2306/2306
f 2308/2308 2310/2310 2307/2307
f 2310/2310 2308/2308 2311/2311
f 2315/2315 2345/2345 2318/2318
f 2324/2324 2314/2314 2325/2325
f 2327/2327 2324/2324 2326/2326
f 2329/2329 2333/2333 2330/2330
f 2328/2328 2330/2330 2333/2333
f 2339/2339 2344/2344 2342/2342
f 2357/2357 2360/2360 2358/2358
f 2361/2361 2357/2357 2359/2359
f 2363/2363 2361/2361 2362/2362
f 2374/2374 2343/2343 2375/2375
f 2367/2367 2366/2366 2378/2378
f 2379/2379 2378/2378 2380/2380
f 2382/2382 2383/2383 2381/2381
f 2383/2383 2382/2382 2384/2384
f 2430/2430 2434/2434 2431/2431
f 2433/2433 2445/2445 2434/2434
f 2432/2432 2431/2431 2435/2435
f 2437/2437 2443/2443 2438/2438
f 2441/2441 2444/2444 2443/2443
f 2445/2445 2433/2433 2439/2439
f 2450/2450 2454/2454 2451/2451
f 2453/2453 2458/2458 2454/2454
f 2452/2452 2451/2451 2455/2455
f 2457/2457 2460/2460 2458/2458
f 2459/2459 2464/2464 2460/2460
f 2462/2462 2466/2466 2464/2464
f 2473/2473 2477/2477 2469/2469
f 2475/2475 2473/2473 2474/2474
f 2475/2475 2476/2476 2480/2480
f 2482/2482 2488/2488 2481/2481
f 2483/2483 2490/2490 2484/2484
f 2485/2485 2484/2484 2488/2488
f 2494/2494 2498/2498 2495/2495
f 2497/2497 2509/2509 2498/2498
f 2496/2496 2495/2495 2499/2499
f 2501/2501 2507/2507 2502/2502
f 2505/2505 2508/2508 2507/2507
f 2509/2509 2497/2497 2503/2503
f 2511/2511 2520/2520 2514/2514
f 2515/2515 2514/2514 2516/2516
f 2523/2523 2532/2532 2524/2524
f 2525/2525 2524/2524 2526/2526
f 2539/2539 2541/2541 2538/2538
f 2540/2540 2543/2543 2541/2541
f 2543/2543 2540/2540 2544/2544
f 2545/2545 2544/2544 2546/2546
f 2548/2548 6096/6096 2549/2549
f 2549/2549 6096/6096 2547/2547
f 2554/2554 2565/2565 2555/2555
f 2557/2557 2573/2573 2558/2558
f 2560/2560 2557/2557 2559/2559
f 2562/2562 2560/2560 2561/2561
f 2558/2558 2599/2599 2594/2594
f 2561/2561 2559/2559 2600/2600
f 2601/2601 2606/2606 2563/2563
f 2610/2610 2624/2624 2611/2611
f 2613/2613 2610/2610 2612/2612
f 2615/2615 2613/2613 2614/2614
f 2617/2617 2654/2654 2618/2618
f 2626/2626 2625/2625 2624/2624
f 2634/2634 2613/2613 2615/2615
f 2666/2666 2675/2675 2669/2669
f 2670/2670 2669/2669 2671/2671
f 2682/2682 2684/2684 2681/2681
f 2683/2683 2686/2686 2684/2684
f 2686/2686 2683/2683 2687/2687
f 2689/2689 2695/2695 2688/2688
f 2690/2690 2697/2697 2691/2691
f 2692/2692 2691/2691 2695/2695
f 2698/2698 2707/2707 2701/2701
f 2702/2702 2701/2701 2703/2703
f 2710/2710 2719/2719 2713/2713
f 2714/2714 2713/2713 2715/2715
f 2722/2722 2731/2731 2725/2725
f 2726/2726 2725/2725 2727/2727
f 2737/2737 2741/2741 2738/2738
f 2740/2740 2751/2751 2741/2741
f 2739/2739 2738/2738 2742/2742
f 2744/2744 6097/6097 2745/2745
f 2750/2750 6097/6097 2744/2744
f 2751/2751 2740/2740 2746/2746
f 2753/2753 2764/2764 2754/2754
f 2756/2756 2772/2772 2757/2757
f 2759/2759 2756/2756 2758/2758
f 2761/2761 2759/2759 2760/2760
f 2757/2757 2798/2798 2793/2793
f 2803/2803 2805/2805 2762/2762
f 2809/2809 2824/2824 2810/2810
f 2812/2812 2809/2809 2811/2811
f 2814/2814 2812/2812 2813/2813
f 2816/2816 2853/2853 2817/2817
f 2824/2824 2809/2809 2826/2826
f 2833/2833 2812/2812 2814/2814
f 2865/2865 2874/2874 2868/2868
f 2869/2869 2868/2868 2870/2870
f 2881/2881 2883/2883 2880/2880
f 2882/2882 2885/2885 2883/2883
f 2885/2885 2882/2882 2886/2886
f 2888/2888 2894/2894 2887/2887
f 2889/2889 2896/2896 2890/2890
f 2891/2891 2890/2890 2894/2894
f 2897/2897 2906/2906 2900/2900
f 2901/2901 2900/2900 2902/2902
f 2909/2909 2924/2924 2910/2910
f 2911/2911 2910/2910 2912/2912
f 2914/2914 2939/2939 2915/2915
f 2913/2913 2912/2912 2917/2917
f 2924/2924 2926/2926 2927/2927
f 2945/2945 2948/2948 2917/2917
f 2969/2969 2971/2971 2968/2968
f 2970/2970 2973/2973 2971/2971
f 2973/2973 2970/2970 2974/2974
f 2976/2976 2982/2982 2975/2975
f 2977/2977 2984/2984 2978/2978
f 2979/2979 2978/2978 2982/2982
f 2985/2985 2994/2994 2988/2988
f 2989/2989 2988/2988 2990/2990
f 2997/2997 3006/3006 3000/3000
f 3001/3001 3000/3000 3002/3002
f 3009/3009 3018/3018 3012/3012
f 3013/3013 3012/3012 3014/3014
f 3025/3025 3027/3027 3024/3024
f 3026/3026 3029/3029 3027/3027
f 3029/3029 3026/3026 3030/3030
f 3032/3032 3038/3038 3031/3031
f 3033/3033 3040/3040 3034/3034
f 3035/3035 3034/3034 3038/3038
f 3041/3041 3050/3050 3042/3042
f 3043/3043 3042/3042 3044/3044
f 3053/3053 3068/3068 3054/3054
f 3055/3055 3054/3054 3056/3056
f 3058/3058 3083/3083 3059/3059
f 3057/3057 3056/3056 3061/3061
f 3068/3068 3070/3070 3071/3071
f 3061/3061 3056/3056 3089/3089
f 3119/3119 3123/3123 3120/3120
f 3125/3125 3140/3140 3119/3119
f 3156/3156 3159/3159 3157/3157
f 3158/3158 3161/3161 3160/3160
f 3240/3240 3299/3299 3252/3252
f 3238/3238 3260/3260 3257/3257
f 3334/3334 3330/3330 3333/3333
f 3334/3334 3335/3335 3336/3336
f 3338/3338 3337/3337 3339/3339
f 3341/3341 3344/3344 3342/3342
f 3343/3343 3352/3352 3344/3344
f 3345/3345 3351/3351 3346/3346
f 3348/3348 3353/3353 3349/3349
f 3350/3350 3349/3349 3351/3351
f 3347/3347 3346/3346 3352/3352
f 3445/3445 6098/6098 3446/3446
f 3447/3447 6098/6098 3445/3445
f 3492/3492 3493/3493 3338/3338
f 3495/3495 3501/3501 3496/3496
f 3498/3498 3500/3500 3502/3502
f 3504/3504 3506/3506 3505/3505
f 3513/3513 3516/3516 3514/3514
f 3513/3513 3515/3515 3517/3517
f 3533/3533 3449/3449 3534/3534
f 3535/3535 3534/3534 3536/3536
f 3537/3537 3536/3536 3538/3538
f 3588/3588 3591/3591 3589/3589
f 3586/3586 3602/3602 3591/3591
f 3590/3590 3589/3589 3592/3592
f 3593/3593 3592/3592 3594/3594
f 3596/3596 3601/3601 3597/3597
f 3595/3595 3594/3594 3601/3601
f 3605/3605 3607/3607 3620/3620
f 3605/3605 3621/3621 3622/3622
f 3610/3610 3628/3628 3626/3626
f 3614/3614 3612/3612 3626/3626
f 3610/3610 3608/3608 3622/3622
f 3630/3630 6099/6099 3631/3631
f 3627/3627 3630/3630 3616/3616
f 3632/3632 3649/3649 3633/3633
f 3635/3635 3640/3640 3636/3636
f 3637/3637 3636/3636 3638/3638
f 3634/3634 3633/3633 3640/3640
f 3641/3641 3646/3646 3642/3642
f 3639/3639 3638/3638 3646/3646
f 3670/3670 3687/3687 3671/3671
f 3673/3673 3678/3678 3674/3674
f 3675/3675 3674/3674 3676/3676
f 3672/3672 3671/3671 3678/3678
f 3679/3679 3684/3684 3680/3680
f 3677/3677 3676/3676 3684/3684
f 3710/3710 3727/3727 3711/3711
f 3713/3713 3718/3718 3714/3714
f 3715/3715 3714/3714 3716/3716
f 3712/3712 3711/3711 3718/3718
f 3719/3719 3724/3724 3720/3720
f 3717/3717 3716/3716 3724/3724
f 3751/3751 3754/3754 3752/3752
f 3749/3749 3765/3765 3754/3754
f 3753/3753 3752/3752 3755/3755
f 3756/3756 3755/3755 3757/3757
f 3759/3759 3764/3764 3760/3760
f 3758/3758 3757/3757 3764/3764
f 3768/3768 3770/3770 3782/3782
f 3768/3768 3783/3783 3784/3784
f 3775/3775 3773/3773 3788/3788
f 3777/3777 3775/3775 3789/3789
f 3773/3773 3771/3771 3784/3784
f 3777/3777 3790/3790 3792/3792
f 3798/3798 3801/3801 3799/3799
f 3796/3796 3812/3812 3801/3801
f 3800/3800 3799/3799 3802/3802
f 3803/3803 3802/3802 3804/3804
f 3806/3806 3811/3811 3807/3807
f 3805/3805 3804/3804 3811/3811
f 3815/3815 3817/3817 3829/3829
f 3815/3815 3830/3830 3831/3831
f 3820/3820 3837/3837 3835/3835
f 3824/3824 3822/3822 3835/3835
f 3820/3820 3818/3818 3831/3831
f 3839/3839 3826/3826 3824/3824
f 3845/3845 3848/3848 3846/3846
f 3843/3843 3859/3859 3848/3848
f 3847/3847 3846/3846 3849/3849
f 3850/3850 3849/3849 3851/3851
f 3853/3853 3858/3858 3854/3854
f 3852/3852 3851/3851 3858/3858
f 3862/3862 3864/3864 3877/3877
f 3862/3862 3878/3878 3879/3879
f 3867/3867 3885/3885 3883/3883
f 3871/3871 3869/3869 3883/3883
f 3865/3865 3879/3879 3885/3885
f 3871/3871 3884/3884 3887/3887
f 3893/3893 3896/3896 3894/3894
f 3891/3891 3907/3907 3896/3896
f 3895/3895 3894/3894 3897/3897
f 3898/3898 3897/3897 3899/3899
f 3901/3901 3906/3906 3902/3902
f 3900/3900 3899/3899 3906/3906
f 3910/3910 3912/3912 3925/3925
f 3910/3910 3926/3926 3927/3927
f 3915/3915 3933/3933 3931/3931
f 3919/3919 3917/3917 3931/3931
f 3913/3913 3927/3927 3933/3933
f 3935/3935 3921/3921 3919/3919
f 3938/3938 3955/3955 3939/3939
f 3941/3941 3946/3946 3942/3942
f 3943/3943 3942/3942 3944/3944
f 3940/3940 3939/3939 3946/3946
f 3947/3947 3952/3952 3948/3948
f 3945/3945 3944/3944 3952/3952
f 3958/3958 3960/3960 3972/3972
f 3958/3958 3973/3973 3974/3974
f 3963/3963 3980/3980 3978/3978
f 3967/3967 3965/3965 3978/3978
f 3963/3963 3961/3961 3974/3974
f 3967/3967 3979/3979 3982/3982
f 3988/3988 3991/3991 3989/3989
f 3986/3986 4002/4002 3991/3991
f 3990/3990 3989/3989 3992/3992
f 3993/3993 3992/3992 3994/3994
f 3996/3996 4001/4001 3997/3997
f 3995/3995 3994/3994 4001/4001
f 4075/4075 4078/4078 4076/4076
f 4077/4077 4080/4080 4078/4078
f 4082/4082 4087/4087 4083/4083
f 4085/4085 4084/4084 4087/4087
f 4172/4172 4176/4176 4173/4173
f 4171/4171 4172/4172 4174/4174
f 4175/4175 4173/4173 4176/4176
f 4226/4226 4229/4229 4227/4227
f 4225/4225 4224/4224 4229/4229
f 4228/4228 4227/4227 4234/4234
f 4235/4235 4283/4283 4281/4281
f 4294/4294 4299/4299 4295/4295
f 4300/4300 4302/4302 4315/4315
f 4300/4300 4316/4316 4317/4317
f 4307/4307 4305/4305 4321/4321
f 4309/4309 4307/4307 4322/4322
f 4305/4305 4303/4303 4317/4317
f 4325/4325 4311/4311 4309/4309
f 4331/4331 4334/4334 4332/4332
f 4329/4329 4345/4345 4334/4334
f 4333/4333 4332/4332 4335/4335
f 4336/4336 4335/4335 4337/4337
f 4339/4339 4344/4344 4340/4340
f 4338/4338 4337/4337 4344/4344
f 4345/4345 4329/4329 4328/4328
f 4340/4340 6100/6100 4342/4342
f 4347/4347 4349/4349 4362/4362
f 4347/4347 4363/4363 4364/4364
f 4352/4352 4370/4370 4368/4368
f 4356/4356 4354/4354 4368/4368
f 4352/4352 4350/4350 4364/4364
f 4372/4372 4358/4358 4356/4356
f 4375/4375 4392/4392 4376/4376
f 4378/4378 4383/4383 4379/4379
f 4380/4380 4379/4379 4381/4381
f 4377/4377 4376/4376 4383/4383
f 4384/4384 4389/4389 4385/4385
f 4382/4382 4381/4381 4389/4389
f 4418/4418 4421/4421 4419/4419
f 4416/4416 4432/4432 4421/4421
f 4420/4420 4419/4419 4422/4422
f 4423/4423 4422/4422 4424/4424
f 4426/4426 4431/4431 4427/4427
f 4425/4425 4424/4424 4431/4431
f 4456/4456 4459/4459 4457/4457
f 4454/4454 4470/4470 4459/4459
f 4458/4458 4457/4457 4460/4460
f 4461/4461 4460/4460 4462/4462
f 4464/4464 4469/4469 4465/4465
f 4463/4463 4462/4462 4469/4469
f 4473/4473 4482/4482 4474/4474
f 4475/4475 4474/4474 4476/4476
f 4485/4485 4494/4494 4488/4488
f 4489/4489 4488/4488 4490/4490
f 4501/4501 4503/4503 4500/4500
f 4502/4502 4505/4505 4503/4503
f 4505/4505 4502/4502 4506/4506
f 4508/4508 6101/6101 4507/4507
f 4509/4509 4514/4514 4510/4510
f 4514/4514 6101/6101 4508/4508
f 4516/4516 4527/4527 4517/4517
f 4519/4519 4535/4535 4520/4520
f 4522/4522 4519/4519 4521/4521
f 4524/4524 4522/4522 4523/4523
f 4560/4560 4521/4521 4520/4520
f 4525/4525 4523/4523 4567/4567
f 4590/4590 4607/4607 4591/4591
f 4593/4593 4598/4598 4594/4594
f 4595/4595 4594/4594 4596/4596
f 4592/4592 4591/4591 4598/4598
f 4599/4599 4604/4604 4600/4600
f 4597/4597 4596/4596 4604/4604
f 4613/4613 4611/4611 4610/4610
f 4615/4615 4613/4613 4614/4614
f 4617/4617 4615/4615 4616/4616
f 4619/4619 4617/4617 4618/4618
f 4621/4621 4619/4619 4620/4620
f 4623/4623 4621/4621 4622/4622
f 4625/4625 4623/4623 4624/4624
f 4614/4614 4610/4610 4627/4627
f 4616/4616 4614/4614 4628/4628
f 4618/4618 4616/4616 4629/4629
f 4620/4620 4618/4618 4630/4630
f 4622/4622 4620/4620 4631/4631
f 4624/4624 4622/4622 4632/4632
f 4626/4626 4624/4624 4633/4633
f 4628/4628 4627/4627 4635/4635
f 4629/4629 4628/4628 4636/4636
f 4630/4630 4629/4629 4637/4637
f 4631/4631 4630/4630 4638/4638
f 4632/4632 4631/4631 4639/4639
f 4633/4633 4632/4632 4640/4640
f 4634/4634 4633/4633 4641/4641
f 4636/4636 4635/4635 4643/4643
f 4637/4637 4636/4636 4644/4644
f 4638/4638 4637/4637 4645/4645
f 4639/4639 4638/4638 4646/4646
f 4640/4640 4639/4639 4647/4647
f 4641/4641 4640/4640 4648/4648
f 4642/4642 4641/4641 4649/4649
f 4657/4657 4660/4660 4658/4658
f 4666/4666 4664/4664 4667/4667
f 4677/4677 4679/4679 4675/4675
f 4679/4679 4677/4677 4680/4680
f 4742/4742 4745/4745 4743/4743
f 4745/4745 4683/4683 4746/4746
f 4744/4744 4753/4753 4748/4748
f 4756/4756 4760/4760 4790/4790
f 4796/4796 4611/4611 4613/4613
f 4822/4822 4835/4835 4829/4829
f 4840/4840 4843/4843 4841/4841
f 4845/4845 4840/4840 4842/4842
f 4731/4731 4827/4827 4864/4864
f 4906/4906 4921/4921 4627/4627
f 4634/4634 4642/4642 4923/4923
f 4924/4924 4923/4923 4642/4642
f 4645/4645 4644/4644 4929/4929
f 4646/4646 4645/4645 4930/4930
f 4648/4648 4647/4647 4932/4932
f 4649/4649 4648/4648 4933/4933
f 4646/4646 4931/4931 4935/4935
f 4643/4643 4943/4943 4936/4936
f 4649/4649 4934/4934 4967/4967
f 4968/4968 6102/6102 4969/4969
f 4971/4971 4974/4974 4972/4972
f 4970/4970 4969/4969 4974/4974
f 4975/4975 4984/4984 4976/4976
f 4978/4978 4983/4983 4979/4979
f 4980/4980 4979/4979 4981/4981
f 4977/4977 4976/4976 4983/4983
f 4973/4973 4972/4972 4984/4984
f 4992/4992 4998/4998 4993/4993
f 5002/5002 5008/5008 5003/5003
f 5012/5012 6103/6103 5013/5013
f 5015/5015 5018/5018 5016/5016
f 5014/5014 5013/5013 5018/5018
f 5019/5019 5028/5028 5020/5020
f 5022/5022 5027/5027 5023/5023
f 5024/5024 5023/5023 5025/5025
f 5021/5021 5020/5020 5027/5027
f 5017/5017 5016/5016 5028/5028
f 5029/5029 6104/6104 5030/5030
f 5032/5032 5031/5031 5033/5033
f 5035/5035 5032/5032 5036/5036
f 5038/5038 6105/6105 5039/5039
f 5041/5041 5044/5044 5042/5042
f 5040/5040 5039/5039 5044/5044
f 5045/5045 5054/5054 5046/5046
f 5048/5048 5053/5053 5049/5049
f 5050/5050 5049/5049 5051/5051
f 5047/5047 5046/5046 5053/5053
f 5043/5043 5042/5042 5054/5054
f 5062/5062 5068/5068 5063/5063
f 5072/5072 5078/5078 5073/5073
f 5082/5082 6106/6106 5083/5083
f 5085/5085 5088/5088 5086/5086
f 5084/5084 5083/5083 5088/5088
f 5089/5089 5098/5098 5090/5090
f 5092/5092 5097/5097 5093/5093
f 5094/5094 5093/5093 5095/5095
f 5091/5091 5090/5090 5097/5097
f 5087/5087 5086/5086 5098/5098
f 5102/5102 5106/5106 5103/5103
f 5109/5109 5126/5126 5110/5110
f 5112/5112 5117/5117 5113/5113
f 5114/5114 5113/5113 5115/5115
f 5111/5111 5110/5110 5117/5117
f 5118/5118 5123/5123 5119/5119
f 5116/5116 5115/5115 5123/5123
f 5132/5132 5135/5135 5137/5137
f 5132/5132 5157/5157 5139/5139
f 5132/5132 5140/5140 5141/5141
f 5140/5140 5158/5158 5142/5142
f 5144/5144 5141/5141 5140/5140
f 5145/5145 5148/5148 5146/5146
f 5144/5144 5143/5143 5146/5146
f 5143/5143 5160/5160 5149/5149
f 5146/5146 5159/5159 5153/5153
f 5168/5168 5171/5171 5169/5169
f 5166/5166 5198/5198 5171/5171
f 5172/5172 5175/5175 5173/5173
f 5170/5170 5169/5169 5175/5175
f 5174/5174 5173/5173 5176/5176
f 5177/5177 5176/5176 5178/5178
f 5179/5179 5178/5178 5180/5180
f 5181/5181 5180/5180 5182/5182
f 5184/5184 5187/5187 5185/5185
f 5183/5183 5182/5182 5187/5187
f 5188/5188 5197/5197 5189/5189
f 5191/5191 5196/5196 5192/5192
f 5190/5190 5189/5189 5196/5196
f 5186/5186 5185/5185 5197/5197
f 5201/5201 5218/5218 5202/5202
f 5204/5204 5209/5209 5205/5205
f 5206/5206 5205/5205 5207/5207
f 5203/5203 5202/5202 5209/5209
f 5210/5210 5215/5215 5211/5211
f 5208/5208 5207/5207 5215/5215
f 5224/5224 5222/5222 5225/5225
f 5230/5230 5224/5224 5231/5231
f 5233/5233 5230/5230 5234/5234
f 5233/5233 5235/5235 5236/5236
f 5242/5242 5245/5245 5243/5243
f 5237/5237 5248/5248 5244/5244
f 5252/5252 5255/5255 5253/5253
f 5250/5250 5282/5282 5255/5255
f 5256/5256 5259/5259 5257/5257
f 5254/5254 5253/5253 5259/5259
f 5258/5258 5257/5257 5260/5260
f 5261/5261 5260/5260 5262/5262
f 5263/5263 5262/5262 5264/5264
f 5265/5265 5264/5264 5266/5266
f 5268/5268 5271/5271 5269/5269
f 5267/5267 5266/5266 5271/5271
f 5272/5272 5281/5281 5273/5273
f 5275/5275 5280/5280 5276/5276
f 5274/5274 5273/5273 5280/5280
f 5270/5270 5269/5269 5281/5281
f 5285/5285 5302/5302 5286/5286
f 5288/5288 5293/5293 5289/5289
f 5290/5290 5289/5289 5291/5291
f 5287/5287 5286/5286 5293/5293
f 5294/5294 5299/5299 5295/5295
f 5292/5292 5291/5291 5299/5299
f 5308/5308 5306/5306 5309/5309
f 5314/5314 5308/5308 5315/5315
f 5317/5317 5314/5314 5318/5318
f 5317/5317 5319/5319 5320/5320
f 5326/5326 5329/5329 5327/5327
f 5321/5321 5332/5332 5328/5328
f 5336/5336 5339/5339 5337/5337
f 5334/5334 5366/5366 5339/5339
f 5340/5340 5343/5343 5341/5341
f 5338/5338 5337/5337 5343/5343
f 5342/5342 5341/5341 5344/5344
f 5345/5345 5344/5344 5346/5346
f 5347/5347 5346/5346 5348/5348
f 5349/5349 5348/5348 5350/5350
f 5352/5352 5355/5355 5353/5353
f 5351/5351 5350/5350 5355/5355
f 5356/5356 5365/5365 5357/5357
f 5359/5359 5364/5364 5360/5360
f 5358/5358 5357/5357 5364/5364
f 5354/5354 5353/5353 5365/5365
f 5387/5387 5404/5404 5388/5388
f 5390/5390 5395/5395 5391/5391
f 5392/5392 5391/5391 5393/5393
f 5389/5389 5388/5388 5395/5395
f 5396/5396 5401/5401 5397/5397
f 5394/5394 5393/5393 5401/5401
f 5427/5427 5444/5444 5428/5428
f 5430/5430 5435/5435 5431/5431
f 5432/5432 5431/5431 5433/5433
f 5429/5429 5428/5428 5435/5435
f 5436/5436 5441/5441 5437/5437
f 5437/5437 6107/6107 5440/5440
f 5434/5434 5433/5433 5441/5441
f 5446/5446 5448/5448 5460/5460
f 5446/5446 5461/5461 5462/5462
f 5453/5453 5451/5451 5466/5466
f 5455/5455 5453/5453 5467/5467
f 5449/5449 5462/5462 5466/5466
f 5457/5457 5455/5455 5468/5468
f 5476/5476 5479/5479 5477/5477
f 5474/5474 5490/5490 5479/5479
f 5478/5478 5477/5477 5480/5480
f 5481/5481 5480/5480 5482/5482
f 5484/5484 5489/5489 5485/5485
f 5483/5483 5482/5482 5489/5489
f 5514/5514 5517/5517 5515/5515
f 5512/5512 5528/5528 5517/5517
f 5516/5516 5515/5515 5518/5518
f 5519/5519 5518/5518 5520/5520
f 5522/5522 5527/5527 5523/5523
f 5521/5521 5520/5520 5527/5527
f 5531/5531 5540/5540 5534/5534
f 5535/5535 5534/5534 5536/5536
f 5543/5543 5552/5552 5546/5546
f 5547/5547 5546/5546 5548/5548
f 5555/5555 5564/5564 5558/5558
f 5559/5559 5558/5558 5560/5560
f 5567/5567 5576/5576 5568/5568
f 5569/5569 5568/5568 5570/5570
f 5579/5579 5588/5588 5580/5580
f 5581/5581 5580/5580 5582/5582
f 5582/5582 6108/6108 5585/5585
f 5590/5590 5599/5599 5593/5593
f 5594/5594 5593/5593 5595/5595
f 5602/5602 5611/5611 5605/5605
f 5606/5606 5605/5605 5607/5607
f 5614/5614 5623/5623 5617/5617
f 5618/5618 5617/5617 5619/5619
f 5626/5626 5635/5635 5629/5629
f 5630/5630 5629/5629 5631/5631
f 5638/5638 5647/5647 5639/5639
f 5640/5640 5639/5639 5641/5641
f 5650/5650 5659/5659 5653/5653
f 5654/5654 5653/5653 5655/5655
f 5662/5662 5671/5671 5665/5665
f 5666/5666 5665/5665 5667/5667
f 5674/5674 5683/5683 5677/5677
f 5678/5678 5677/5677 5679/5679
f 5686/5686 5695/5695 5689/5689
f 5690/5690 5689/5689 5691/5691
f 5698/5698 5707/5707 5701/5701
f 5702/5702 5701/5701 5703/5703
f 5710/5710 5719/5719 5713/5713
f 5714/5714 5713/5713 5715/5715
f 5725/5725 5728/5728 5726/5726
f 5723/5723 5739/5739 5728/5728
f 5727/5727 5726/5726 5729/5729
f 5730/5730 5729/5729 5731/5731
f 5733/5733 5738/5738 5734/5734
f 5732/5732 5731/5731 5738/5738
f 5766/5766 5783/5783 5767/5767
f 5769/5769 5774/5774 5770/5770
f 5771/5771 5770/5770 5772/5772
f 5768/5768 5767/5767 5774/5774
f 5775/5775 5780/5780 5776/5776
f 5773/5773 5772/5772 5780/5780
f 5810/5810 5827/5827 5811/5811
f 5813/5813 5818/5818 5814/5814
f 5815/5815 5814/5814 5816/5816
f 5812/5812 5811/5811 5818/5818
f 5819/5819 5824/5824 5820/5820
f 5817/5817 5816/5816 5824/5824
f 5857/5857 5860/5860 5858/5858
f 5855/5855 5871/5871 5860/5860
f 5859/5859 5858/5858 5861/5861
f 5862/5862 5861/5861 5863/5863
f 5865/5865 5870/5870 5866/5866
f 5864/5864 5863/5863 5870/5870
f 5909/5909 5907/5907 5906/5906
f 5911/5911 5910/5910 5912/5912
f 5914/5914 5913/5913 5912/5912
f 5920/5920 6109/6109 5921/5921
f 5922/5922 5921/5921 5923/5923
f 5925/5925 5930/5930 5926/5926
f 5927/5927 5926/5926 5928/5928
f 5924/5924 5923/5923 5930/5930
f 5931/5931 5944/5944 5932/5932
f 5933/5933 5932/5932 5934/5934
f 5936/5936 5943/5943 5937/5937
f 5939/5939 5942/5942 5940/5940
f 5938/5938 5937/5937 5942/5942
f 5935/5935 5934/5934 5943/5943
f 5929/5929 5928/5928 5944/5944
f 5949/5949 5952/5952 5950/5950
f 5949/5949 5953/5953 5951/5951
f 5954/5954 5953/5953 5955/5955
f 5955/5955 5965/5965 5957/5957
f 5958/5958 5963/5963 5959/5959
f 5961/5961 6110/6110 5962/5962
f 5958/5958 5960/5960 5964/5964
f 5966/5966 6111/6111 5967/5967
f 5968/5968 5967/5967 5969/5969
f 5971/5971 5976/5976 5972/5972
f 5973/5973 5972/5972 5974/5974
f 5970/5970 5969/5969 5976/5976
f 5977/5977 5990/5990 5978/5978
f 5979/5979 5978/5978 5980/5980
f 5982/5982 5989/5989 5983/5983
f 5985/5985 5988/5988 5986/5986
f 5984/5984 5983/5983 5988/5988
f 5981/5981 5980/5980 5989/5989
f 5975/5975 5974/5974 5990/5990
f 5991/5991 6112/6112 5992/5992
f 5994/5994 5993/5993 5995/5995
f 5994/5994 5996/5996 5997/5997
f 5999/5999 5998/5998 6000/6000
f 5999/5999 6001/6001 6002/6002
f 6004/6004 6011/6011 6005/6005
f 6007/6007 6006/6006 6008/6008
f 6004/6004 6003/6003 6010/6010
f 6012/6012 6113/6113 6013/6013
f 6014/6014 6013/6013 6015/6015
f 6017/6017 6022/6022 6018/6018
f 6019/6019 6018/6018 6020/6020
f 6016/6016 6015/6015 6022/6022
f 6023/6023 6036/6036 6024/6024
f 6025/6025 6024/6024 6026/6026
f 6028/6028 6035/6035 6029/6029
f 6031/6031 6034/6034 6032/6032
f 6030/6030 6029/6029 6034/6034
f 6027/6027 6026/6026 6035/6035
f 6021/6021 6020/6020 6036/6036
f 6037/6037 6047/6047 6038/6038
f 6040/6040 6045/6045 6041/6041
f 6043/6043 6049/6049 6044/6044
f 6040/6040 6042/6042 6046/6046
f 6051/6051 6054/6054 6052/6052
f 6051/6051 6057/6057 6053/6053
f 6055/6055 6114/6114 6056/6056
f 6058/6058 6115/6115 6059/6059
f 6060/6060 6059/6059 6061/6061
f 6063/6063 6068/6068 6064/6064
f 6065/6065 6064/6064 6066/6066
f 6062/6062 6061/6061 6068/6068
f 6069/6069 6082/6082 6070/6070
f 6071/6071 6070/6070 6072/6072
f 6074/6074 6081/6081 6075/6075
f 6077/6077 6080/6080 6078/6078
f 6076/6076 6075/6075 6080/6080
f 6073/6073 6072/6072 6081/6081
f 6067/6067 6066/6066 6082/6082
f 6116/6116 6117/6117 6118/6118
f 6119/6119 6120/6120 6121/6121
f 6122/6122 6119/6119 6119/6119
f 6123/6123 6121/6121 6120/6120
f 6124/6124 6122/6122 6125/6125
f 6121/6121 6126/6126 6126/6126
f 6127/6127 6128/6128 6129/6129
f 6126/6126 6125/6125 6122/6122
f 6121/6121 6126/6126 6126/6126
f 6122/6122 6119/6119 6119/6119
f 6130/6130 6131/6131 6132/6132
f 6133/6133 6134/6134 6135/6135
f 6136/6136 6137/6137 6138/6138
f 6121/6121 6139/6139 6126/6126
f 6140/6140 6141/6141 6141/6141
f 6142/6142 6143/6143 6144/6144
f 6145/6145 6146/6146 6146/6146
f 6147/6147 6148/6148 6148/6148
f 5182/5182 6149/6149 5180/5180
f 5169/5169 6150/6150 5171/5171
f 6151/6151 6145/6145 6145/6145
f 5175/5175 6152/6152 5169/5169
f 5171/5171 6153/6153 5198/5198
f 6154/6154 6155/6155 6155/6155
f 6156/6156 6157/6157 6157/6157
f 6157/6157 6158/6158 6158/6158
f 5173/5173 6144/6144 5175/5175
f 5198/5198 6159/6159 5200/5200
f 6160/6160 6154/6154 6154/6154
f 5196/5196 6161/6161 5189/5189
f 6158/6158 6162/6162 6162/6162
f 6163/6163 6164/6164 6164/6164
f 5187/5187 6165/6165 5182/5182
f 5176/5176 6142/6142 5173/5173
f 6164/6164 6166/6166 6166/6166
f 6167/6167 6160/6160 6160/6160
f 5180/5180 6168/6168 5178/5178
f 6169/6169 6167/6167 6167/6167
f 5189/5189 6170/6170 5197/5197
f 5197/5197 6171/6171 5185/5185
f 6146/6146 6163/6163 6163/6163
f 5178/5178 6172/6172 5176/5176
f 6166/6166 6156/6156 6156/6156
f 5185/5185 6173/6173 5187/5187
f 5192/5192 6174/6174 5196/5196
f 6175/6175 6176/6176 5192/5192
f 6155/6155 6151/6151 6151/6151
f 4949/4949 6177/6177 6178/6178
f 6167/6167 6160/6160 6160/6160
f 6171/6171 6179/6179 6173/6173
f 6169/6169 6167/6167 6167/6167
f 6157/6157 6158/6158 6158/6158
f 6146/6146 6163/6163 6163/6163
f 6175/6175 6180/6180 6176/6176
f 6158/6158 6162/6162 6162/6162
f 6166/6166 6156/6156 6156/6156
f 6172/6172 6181/6181 6142/6142
f 6163/6163 6164/6164 6164/6164
f 6165/6165 6182/6182 6149/6149
f 6153/6153 6159/6159 6159/6159
f 6161/6161 6183/6183 6170/6170
f 6145/6145 6146/6146 6146/6146
f 6140/6140 6141/6141 6141/6141
f 6176/6176 6184/6184 6174/6174
f 6151/6151 6145/6145 6145/6145
f 6147/6147 6148/6148 6148/6148
f 6144/6144 6185/6185 6152/6152
f 6164/6164 6166/6166 6166/6166
f 6173/6173 6186/6186 6165/6165
f 6154/6154 6155/6155 6155/6155
f 6149/6149 6187/6187 6168/6168
f 6160/6160 6154/6154 6154/6154
f 6174/6174 6188/6188 6161/6161
f 6168/6168 6189/6189 6172/6172
f 6156/6156 6157/6157 6157/6157
f 6152/6152 6190/6190 6150/6150
f 6155/6155 6151/6151 6151/6151
f 6150/6150 6191/6191 6153/6153
f 6170/6170 6192/6192 6171/6171
f 6193/6193 6194/6194 6195/6195
f 6196/6196 6197/6197 6198/6198
f 6176/6176 6174/6174 6174/6174
f 6151/6151 6145/6145 6145/6145
f 6159/6159 6169/6169 6169/6169
f 6144/6144 6152/6152 6152/6152
f 6164/6164 6166/6166 6166/6166
f 6173/6173 6165/6165 6165/6165
f 6154/6154 6155/6155 6155/6155
f 6149/6149 6168/6168 6168/6168
f 6160/6160 6154/6154 6154/6154
f 6174/6174 6161/6161 6161/6161
f 6168/6168 6172/6172 6172/6172
f 6156/6156 6157/6157 6157/6157
f 6152/6152 6150/6150 6150/6150
f 6155/6155 6151/6151 6151/6151
f 6150/6150 6153/6153 6153/6153
f 6170/6170 6171/6171 6171/6171
f 6142/6142 6144/6144 6144/6144
f 6167/6167 6160/6160 6160/6160
f 6171/6171 6173/6173 6173/6173
f 6169/6169 6167/6167 6167/6167
f 6157/6157 6158/6158 6158/6158
f 6146/6146 6163/6163 6163/6163
f 6175/6175 6176/6176 6176/6176
f 6158/6158 6162/6162 6162/6162
f 6166/6166 6156/6156 6156/6156
f 6172/6172 6142/6142 6142/6142
f 6163/6163 6164/6164 6164/6164
f 6165/6165 6149/6149 6149/6149
f 6153/6153 6159/6159 6159/6159
f 6161/6161 6170/6170 6170/6170
f 6145/6145 6146/6146 6146/6146
f 6162/6162 6175/6175 6175/6175
f 6199/6199 6200/6200 6201/6201
f 6202/6202 6203/6203 6204/6204
f 6205/6205 6206/6206 6207/6207
f 6208/6208 6209/6209 6210/6210
f 6211/6211 6212/6212 6213/6213
f 6214/6214 6215/6215 5192/5192
f 6216/6216 6217/6217 6218/6218
f 6219/6219 6220/6220 6221/6221
f 6222/6222 6223/6223 6224/6224
f 6225/6225 6226/6226 6227/6227
f 6228/6228 6229/6229 6230/6230
f 6231/6231 6232/6232 6233/6233
f 6234/6234 6235/6235 6236/6236
f 6237/6237 6238/6238 6239/6239
f 6240/6240 6241/6241 6242/6242
f 6243/6243 6244/6244 6245/6245
f 6246/6246 6247/6247 6248/6248
f 6249/6249 6250/6250 6251/6251
f 6252/6252 6253/6253 6254/6254
f 6255/6255 6256/6256 6257/6257
f 6258/6258 6259/6259 6260/6260
f 6261/6261 6262/6262 6263/6263
f 6264/6264 6265/6265 6266/6266
f 6267/6267 6268/6268 6269/6269
f 6270/6270 6271/6271 6272/6272
f 6273/6273 6274/6274 6275/6275
f 6276/6276 6277/6277 6278/6278
f 6279/6279 6280/6280 6281/6281
f 6282/6282 6283/6283 6284/6284
f 6285/6285 6286/6286 6287/6287
f 6288/6288 6289/6289 6290/6290
f 6291/6291 6292/6292 6293/6293
f 6294/6294 6295/6295 4847/4847
f 6296/6296 6297/6297 6298/6298
f 6299/6299 6300/6300 6301/6301
f 6302/6302 6303/6303 6303/6303
f 6304/6304 6305/6305 6305/6305
f 6306/6306 6307/6307 6307/6307
f 6308/6308 6309/6309 6309/6309
f 6310/6310 6306/6306 6306/6306
f 6311/6311 6308/6308 6308/6308
f 6312/6312 6313/6313 6313/6313
f 6314/6314 6315/6315 6315/6315
f 6305/6305 6316/6316 6316/6316
f 6317/6317 6312/6312 6312/6312
f 6318/6318 6319/6319 6319/6319
f 6315/6315 6318/6318 6318/6318
f 6320/6320 6321/6321 6321/6321
f 6322/6322 6323/6323 6323/6323
f 6319/6319 6324/6324 6324/6324
f 6307/6307 6320/6320 6320/6320
f 6325/6325 6322/6322 6322/6322
f 6323/6323 6314/6314 6314/6314
f 6313/6313 6326/6326 6326/6326
f 6327/6327 6310/6310 6310/6310
f 6328/6328 6329/6329 6329/6329
f 6316/6316 6330/6330 6330/6330
f 6331/6331 6304/6304 6304/6304
f 6330/6330 6332/6332 6332/6332
f 6326/6326 6325/6325 6325/6325
f 6329/6329 6311/6311 6311/6311
f 6309/6309 6317/6317 6317/6317
f 6303/6303 6331/6331 6331/6331
f 6332/6332 6327/6327 6327/6327
f 6321/6321 6328/6328 6328/6328
f 6324/6324 6333/6333 6333/6333
f 6333/6333 6302/6302 6302/6302
f 6334/6334 6335/6335 6336/6336
f 6337/6337 6338/6338 6339/6339
f 6340/6340 6341/6341 6342/6342
f 6343/6343 6344/6344 6345/6345
f 6346/6346 6347/6347 6348/6348
f 6349/6349 6350/6350 6351/6351
f 6352/6352 6353/6353 6354/6354
f 6355/6355 6356/6356 6357/6357
f 6358/6358 6359/6359 6360/6360
f 6361/6361 6362/6362 6363/6363
f 6364/6364 6365/6365 6366/6366
f 6367/6367 6368/6368 6369/6369
f 6370/6370 6371/6371 6372/6372
f 6373/6373 6374/6374 6375/6375
f 6376/6376 6377/6377 6378/6378
f 6379/6379 6380/6380 6381/6381
f 6382/6382 6383/6383 6384/6384
f 6385/6385 6386/6386 6387/6387
f 6388/6388 6389/6389 6390/6390
f 6391/6391 6392/6392 6393/6393
f 6394/6394 6395/6395 6396/6396
f 6397/6397 6398/6398 6399/6399
f 6400/6400 6401/6401 6402/6402
f 6403/6403 6404/6404 6405/6405
f 6406/6406 6407/6407 6408/6408
f 6409/6409 6410/6410 6411/6411
f 6412/6412 6413/6413 6414/6414
f 6415/6415 6416/6416 6417/6417
f 6418/6418 6419/6419 6420/6420
f 6421/6421 6422/6422 6423/6423
f 6424/6424 6425/6425 6426/6426
f 6427/6427 6428/6428 6429/6429
f 6430/6430 6431/6431 4849/4849
f 6432/6432 6433/6433 6434/6434
f 6435/6435 6436/6436 6437/6437
f 6438/6438 6439/6439 6439/6439
f 6440/6440 6441/6441 6441/6441
f 6442/6442 6443/6443 6443/6443
f 6444/6444 6438/6438 6438/6438
f 6445/6445 6446/6446 6446/6446
f 6447/6447 6448/6448 6448/6448
f 6449/6449 6450/6450 6450/6450
f 6451/6451 6452/6452 6452/6452
f 6450/6450 6444/6444 6444/6444
f 6453/6453 6454/6454 6454/6454
f 6455/6455 6440/6440 6440/6440
f 6456/6456 6457/6457 6457/6457
f 6458/6458 6459/6459 6459/6459
f 6457/6457 6460/6460 6460/6460
f 6446/6446 6461/6461 6461/6461
f 6462/6462 6463/6463 6463/6463
f 6464/6464 6462/6462 6462/6462
f 6465/6465 6466/6466 6466/6466
f 6460/6460 6451/6451 6451/6451
f 6466/6466 6467/6467 6467/6467
f 6443/6443 6465/6465 6465/6465
f 6441/6441 6464/6464 6464/6464
f 6468/6468 6442/6442 6442/6442
f 6461/6461 6458/6458 6458/6458
f 6469/6469 6455/6455 6455/6455
f 6459/6459 6469/6469 6469/6469
f 6439/6439 6468/6468 6468/6468
f 6452/6452 6449/6449 6449/6449
f 6448/6448 6456/6456 6456/6456
f 6454/6454 6445/6445 6445/6445
f 6463/6463 6447/6447 6447/6447
f 6467/6467 6453/6453 6453/6453
f 6470/6470 6471/6471 6472/6472
f 6473/6473 6474/6474 6475/6475
f 6476/6476 6477/6477 6478/6478
f 6479/6479 6480/6480 6481/6481
f 6482/6482 6483/6483 6484/6484
f 6485/6485 6486/6486 6487/6487
f 6488/6488 6489/6489 6490/6490
f 6491/6491 6492/6492 6493/6493
f 6494/6494 6495/6495 6496/6496
f 6497/6497 6498/6498 6499/6499
f 6500/6500 6501/6501 6502/6502
f 6503/6503 6504/6504 6505/6505
f 6506/6506 6507/6507 6508/6508
f 6509/6509 6510/6510 6511/6511
f 6512/6512 6513/6513 6514/6514
f 6515/6515 6516/6516 6517/6517
f 6518/6518 6519/6519 6520/6520
f 6521/6521 6522/6522 6523/6523
f 6524/6524 6525/6525 6526/6526
f 6527/6527 6528/6528 6529/6529
f 6530/6530 6531/6531 6532/6532
f 6533/6533 6534/6534 6535/6535
f 6536/6536 6537/6537 6538/6538
f 6539/6539 6540/6540 6541/6541
f 6542/6542 6543/6543 6544/6544
f 6545/6545 6546/6546 6547/6547
f 6548/6548 6549/6549 6550/6550
f 6551/6551 6552/6552 6553/6553
f 6554/6554 6555/6555 6556/6556
f 6557/6557 6558/6558 6559/6559
f 6560/6560 6561/6561 6562/6562
f 6563/6563 6564/6564 6565/6565
f 4810/4810 4809/4809 4782/4782
f 6566/6566 6567/6567 6568/6568
f 6569/6569 6570/6570 6571/6571
f 6572/6572 6573/6573 6574/6574
f 6575/6575 6576/6576 6577/6577
f 6578/6578 6579/6579 6580/6580
f 6581/6581 6582/6582 6583/6583
f 6584/6584 6585/6585 6586/6586
f 6587/6587 6588/6588 6589/6589
f 6590/6590 6591/6591 6592/6592
f 6593/6593 6594/6594 6595/6595
f 6596/6596 6597/6597 6598/6598
f 6599/6599 6600/6600 6601/6601
f 6602/6602 6603/6603 6604/6604
f 6605/6605 6606/6606 6607/6607
f 6608/6608 6609/6609 6610/6610
f 6611/6611 6612/6612 6613/6613
f 6614/6614 6615/6615 6616/6616
f 4813/4813 4806/4806 4759/4759
f 6617/6617 6618/6618 6619/6619
f 6620/6620 6621/6621 6622/6622
f 6623/6623 6624/6624 6625/6625
f 6626/6626 6627/6627 6628/6628
f 6629/6629 6630/6630 6631/6631
f 6632/6632 6633/6633 6634/6634
f 6635/6635 6636/6636 6637/6637
f 6638/6638 6639/6639 6640/6640
f 6641/6641 6642/6642 6643/6643
f 6644/6644 6645/6645 6646/6646
f 6647/6647 6648/6648 6649/6649
f 6650/6650 6651/6651 6652/6652
f 6653/6653 6654/6654 6655/6655
f 6656/6656 6657/6657 6658/6658
f 6659/6659 6660/6660 6661/6661
f 6662/6662 6663/6663 6664/6664
f 6665/6665 6666/6666 6667/6667
f 6668/6668 6669/6669 6670/6670
f 6671/6671 6672/6672 6673/6673
f 5658/5658 5646/5646 5643/5643
f 6116/6116 6674/6674 6117/6117
f 6119/6119 6123/6123 6120/6120
f 6122/6122 6122/6122 6119/6119
f 6123/6123 6119/6119 6121/6121
f 6124/6124 6126/6126 6122/6122
f 6121/6121 6121/6121 6126/6126
f 6127/6127 6675/6675 6128/6128
f 6126/6126 6124/6124 6125/6125
f 6121/6121 6121/6121 6126/6126
f 6122/6122 6122/6122 6119/6119
f 6130/6130 6676/6676 6131/6131
f 6133/6133 6677/6677 6134/6134
f 6136/6136 6678/6678 6137/6137
f 6121/6121 6679/6679 6139/6139
f 6140/6140 6140/6140 6141/6141
f 6142/6142 6181/6181 6143/6143
f 6145/6145 6145/6145 6146/6146
f 6147/6147 6147/6147 6148/6148
f 5182/5182 6165/6165 6149/6149
f 5169/5169 6152/6152 6150/6150
f 6151/6151 6151/6151 6145/6145
f 5175/5175 6144/6144 6152/6152
f 5171/5171 6150/6150 6153/6153
f 6154/6154 6154/6154 6155/6155
f 6156/6156 6156/6156 6157/6157
f 6157/6157 6157/6157 6158/6158
f 5173/5173 6142/6142 6144/6144
f 5198/5198 6153/6153 6159/6159
f 6160/6160 6160/6160 6154/6154
f 5196/5196 6174/6174 6161/6161
f 6158/6158 6158/6158 6162/6162
f 6163/6163 6163/6163 6164/6164
f 5187/5187 6173/6173 6165/6165
f 5176/5176 6172/6172 6142/6142
f 6164/6164 6164/6164 6166/6166
f 6167/6167 6167/6167 6160/6160
f 5180/5180 6149/6149 6168/6168
f 6169/6169 6169/6169 6167/6167
f 5189/5189 6161/6161 6170/6170
f 5197/5197 6170/6170 6171/6171
f 6146/6146 6146/6146 6163/6163
f 5178/5178 6168/6168 6172/6172
f 6166/6166 6166/6166 6156/6156
f 5185/5185 6171/6171 6173/6173
f 5192/5192 6176/6176 6174/6174
f 6175/6175 6175/6175 6176/6176
f 6155/6155 6155/6155 6151/6151
f 4915/4915 4937/4937 4939/4939
f 4939/4939 4938/4938 4940/4940
f 4940/4940 4948/4948 4939/4939
f 4948/4948 4947/4947 4949/4949
f 4947/4947 4950/4950 4949/4949
f 4949/4949 4951/4951 6680/6680
f 6680/6680 6681/6681 4949/4949
f 6681/6681 6682/6682 4949/4949
f 6682/6682 6683/6683 6684/6684
f 6684/6684 6685/6685 6177/6177
f 6177/6177 6686/6686 6687/6687
f 6687/6687 6688/6688 6689/6689
f 6689/6689 6690/6690 6691/6691
f 6691/6691 6692/6692 6689/6689
f 6692/6692 6178/6178 6689/6689
f 6178/6178 6693/6693 4911/4911
f 6693/6693 6694/6694 4911/4911
f 6694/6694 4918/4918 4911/4911
f 4911/4911 4912/4912 4914/4914
f 4912/4912 4913/4913 4914/4914
f 4914/4914 4915/4915 4911/4911
f 4915/4915 4939/4939 4949/4949
f 4949/4949 4939/4939 4948/4948
f 6682/6682 6684/6684 6177/6177
f 6177/6177 6687/6687 6689/6689
f 4949/4949 6682/6682 6177/6177
f 6177/6177 6689/6689 6178/6178
f 6178/6178 4911/4911 4915/4915
f 4915/4915 4949/4949 6178/6178
f 6167/6167 6167/6167 6160/6160
f 6171/6171 6192/6192 6179/6179
f 6169/6169 6169/6169 6167/6167
f 6157/6157 6157/6157 6158/6158
f 6146/6146 6146/6146 6163/6163
f 6175/6175 6695/6695 6180/6180
f 6158/6158 6158/6158 6162/6162
f 6166/6166 6166/6166 6156/6156
f 6172/6172 6189/6189 6181/6181
f 6163/6163 6163/6163 6164/6164
f 6165/6165 6186/6186 6182/6182
f 6153/6153 6191/6191 6159/6159
f 6161/6161 6188/6188 6183/6183
f 6145/6145 6145/6145 6146/6146
f 6140/6140 6140/6140 6141/6141
f 6176/6176 6180/6180 6184/6184
f 6151/6151 6151/6151 6145/6145
f 6147/6147 6147/6147 6148/6148
f 6144/6144 6143/6143 6185/6185
f 6164/6164 6164/6164 6166/6166
f 6173/6173 6179/6179 6186/6186
f 6154/6154 6154/6154 6155/6155
f 6149/6149 6182/6182 6187/6187
f 6160/6160 6160/6160 6154/6154
f 6174/6174 6184/6184 6188/6188
f 6168/6168 6187/6187 6189/6189
f 6156/6156 6156/6156 6157/6157
f 6152/6152 6185/6185 6190/6190
f 6155/6155 6155/6155 6151/6151
f 6150/6150 6190/6190 6191/6191
f 6170/6170 6183/6183 6192/6192
f 6195/6195 6696/6696 6697/6697
f 6697/6697 6698/6698 6195/6195
f 6698/6698 6699/6699 6700/6700
f 6195/6195 6698/6698 6700/6700
f 6699/6699 6701/6701 6700/6700
f 6700/6700 6702/6702 6703/6703
f 6703/6703 6704/6704 6705/6705
f 6705/6705 6706/6706 6703/6703
f 6706/6706 6707/6707 6703/6703
f 6707/6707 6708/6708 6709/6709
f 6709/6709 6710/6710 6193/6193
f 6193/6193 6711/6711 6712/6712
f 6712/6712 6713/6713 6714/6714
f 6714/6714 6715/6715 6716/6716
f 6716/6716 6717/6717 6194/6194
f 6194/6194 6718/6718 6719/6719
f 6719/6719 6720/6720 6721/6721
f 6721/6721 6722/6722 6719/6719
f 6722/6722 6723/6723 6195/6195
f 6723/6723 6724/6724 6195/6195
f 6700/6700 6703/6703 6195/6195
f 6707/6707 6709/6709 6193/6193
f 6193/6193 6712/6712 6716/6716
f 6712/6712 6714/6714 6716/6716
f 6716/6716 6194/6194 6193/6193
f 6194/6194 6719/6719 6195/6195
f 6195/6195 6719/6719 6722/6722
f 6703/6703 6707/6707 6195/6195
f 6707/6707 6193/6193 6195/6195
f 6196/6196 6725/6725 6197/6197
f 6176/6176 6176/6176 6174/6174
f 6151/6151 6151/6151 6145/6145
f 6159/6159 6159/6159 6169/6169
f 6144/6144 6144/6144 6152/6152
f 6164/6164 6164/6164 6166/6166
f 6173/6173 6173/6173 6165/6165
f 6154/6154 6154/6154 6155/6155
f 6149/6149 6149/6149 6168/6168
f 6160/6160 6160/6160 6154/6154
f 6174/6174 6174/6174 6161/6161
f 6168/6168 6168/6168 6172/6172
f 6156/6156 6156/6156 6157/6157
f 6152/6152 6152/6152 6150/6150
f 6155/6155 6155/6155 6151/6151
f 6150/6150 6150/6150 6153/6153
f 6170/6170 6170/6170 6171/6171
f 6142/6142 6142/6142 6144/6144
f 6167/6167 6167/6167 6160/6160
f 6171/6171 6171/6171 6173/6173
f 6169/6169 6169/6169 6167/6167
f 6157/6157 6157/6157 6158/6158
f 6146/6146 6146/6146 6163/6163
f 6175/6175 6175/6175 6176/6176
f 6158/6158 6158/6158 6162/6162
f 6166/6166 6166/6166 6156/6156
f 6172/6172 6172/6172 6142/6142
f 6163/6163 6163/6163 6164/6164
f 6165/6165 6165/6165 6149/6149
f 6153/6153 6153/6153 6159/6159
f 6161/6161 6161/6161 6170/6170
f 6145/6145 6145/6145 6146/6146
f 6162/6162 6162/6162 6175/6175
f 6726/6726 6727/6727 6728/6728
f 6728/6728 6729/6729 6730/6730
f 6730/6730 6731/6731 6728/6728
f 6731/6731 6732/6732 6199/6199
f 6732/6732 6733/6733 6199/6199
f 6199/6199 6734/6734 6735/6735
f 6735/6735 6736/6736 6199/6199
f 6736/6736 6737/6737 6199/6199
f 6737/6737 6738/6738 6739/6739
f 6739/6739 6740/6740 6200/6200
f 6200/6200 6741/6741 6742/6742
f 6742/6742 6743/6743 6744/6744
f 6744/6744 6745/6745 6746/6746
f 6746/6746 6747/6747 6744/6744
f 6747/6747 6201/6201 6744/6744
f 6201/6201 6748/6748 6749/6749
f 6748/6748 6750/6750 6749/6749
f 6750/6750 6751/6751 6749/6749
f 6749/6749 6752/6752 6753/6753
f 6752/6752 6754/6754 6753/6753
f 6753/6753 6726/6726 6749/6749
f 6726/6726 6728/6728 6199/6199
f 6199/6199 6728/6728 6731/6731
f 6737/6737 6739/6739 6200/6200
f 6200/6200 6742/6742 6744/6744
f 6199/6199 6737/6737 6200/6200
f 6200/6200 6744/6744 6201/6201
f 6201/6201 6749/6749 6726/6726
f 6726/6726 6199/6199 6201/6201
f 6202/6202 6755/6755 6203/6203
f 6205/6205 6756/6756 6206/6206
f 6208/6208 6757/6757 6209/6209
f 6211/6211 6758/6758 6212/6212
f 6214/6214 6759/6759 6215/6215
f 6216/6216 6760/6760 6217/6217
f 6219/6219 6761/6761 6220/6220
f 6222/6222 6762/6762 6223/6223
f 6225/6225 6763/6763 6226/6226
f 6228/6228 6764/6764 6229/6229
f 6231/6231 6765/6765 6232/6232
f 6234/6234 6766/6766 6235/6235
f 6237/6237 6767/6767 6238/6238
f 6240/6240 6768/6768 6241/6241
f 6243/6243 6769/6769 6244/6244
f 6246/6246 6770/6770 6247/6247
f 6249/6249 6771/6771 6250/6250
f 6252/6252 6772/6772 6253/6253
f 6255/6255 6773/6773 6256/6256
f 6258/6258 6774/6774 6259/6259
f 6261/6261 6775/6775 6262/6262
f 6264/6264 6776/6776 6265/6265
f 6267/6267 6777/6777 6268/6268
f 6270/6270 6778/6778 6271/6271
f 6273/6273 6779/6779 6274/6274
f 6276/6276 6780/6780 6277/6277
f 6279/6279 6781/6781 6280/6280
f 6282/6282 6782/6782 6283/6283
f 6285/6285 6783/6783 6286/6286
f 6288/6288 6784/6784 6289/6289
f 6291/6291 6785/6785 6292/6292
f 4847/4847 4833/4833 4874/4874
f 4874/4874 4870/4870 4869/4869
f 4869/4869 4868/4868 4875/4875
f 4868/4868 4871/4871 4875/4875
f 4871/4871 4873/4873 4875/4875
f 4875/4875 4879/4879 4881/4881
f 4879/4879 4878/4878 4881/4881
f 4878/4878 4882/4882 4881/4881
f 4881/4881 4884/4884 6786/6786
f 6786/6786 6787/6787 4881/4881
f 6787/6787 6788/6788 4881/4881
f 6788/6788 6789/6789 6790/6790
f 6790/6790 6791/6791 6788/6788
f 6791/6791 6792/6792 6788/6788
f 6792/6792 6793/6793 6794/6794
f 6794/6794 6795/6795 6792/6792
f 6795/6795 6294/6294 6792/6792
f 6294/6294 6796/6796 6797/6797
f 6796/6796 6798/6798 6797/6797
f 6797/6797 6295/6295 6294/6294
f 6295/6295 6799/6799 4847/4847
f 6799/6799 6800/6800 4847/4847
f 6800/6800 4837/4837 4847/4847
f 4847/4847 4874/4874 4875/4875
f 4874/4874 4869/4869 4875/4875
f 4875/4875 4881/4881 4847/4847
f 4881/4881 6788/6788 4847/4847
f 6788/6788 6792/6792 4847/4847
f 6792/6792 6294/6294 4847/4847
f 6298/6298 6801/6801 6802/6802
f 6801/6801 6803/6803 6802/6802
f 6803/6803 6804/6804 6805/6805
f 6805/6805 6806/6806 6802/6802
f 6802/6802 6807/6807 6298/6298
f 6807/6807 6808/6808 6298/6298
f 6808/6808 6809/6809 6810/6810
f 6810/6810 6811/6811 6812/6812
f 6812/6812 6813/6813 6814/6814
f 6814/6814 6815/6815 6296/6296
f 6296/6296 6816/6816 6817/6817
f 6817/6817 6818/6818 6819/6819
f 6819/6819 6820/6820 6821/6821
f 6821/6821 6822/6822 6297/6297
f 6297/6297 6823/6823 6824/6824
f 6823/6823 6825/6825 6824/6824
f 6825/6825 6826/6826 6824/6824
f 6824/6824 6827/6827 6298/6298
f 6827/6827 6828/6828 6298/6298
f 6828/6828 6829/6829 6298/6298
f 6803/6803 6805/6805 6802/6802
f 6808/6808 6810/6810 6814/6814
f 6810/6810 6812/6812 6814/6814
f 6814/6814 6296/6296 6808/6808
f 6296/6296 6817/6817 6297/6297
f 6817/6817 6819/6819 6821/6821
f 6297/6297 6817/6817 6821/6821
f 6297/6297 6824/6824 6298/6298
f 6298/6298 6808/6808 6296/6296
f 6299/6299 6830/6830 6300/6300
f 6302/6302 6302/6302 6303/6303
f 6304/6304 6304/6304 6305/6305
f 6306/6306 6306/6306 6307/6307
f 6308/6308 6308/6308 6309/6309
f 6310/6310 6310/6310 6306/6306
f 6311/6311 6311/6311 6308/6308
f 6312/6312 6312/6312 6313/6313
f 6314/6314 6314/6314 6315/6315
f 6305/6305 6305/6305 6316/6316
f 6317/6317 6317/6317 6312/6312
f 6318/6318 6318/6318 6319/6319
f 6315/6315 6315/6315 6318/6318
f 6320/6320 6320/6320 6321/6321
f 6322/6322 6322/6322 6323/6323
f 6319/6319 6319/6319 6324/6324
f 6307/6307 6307/6307 6320/6320
f 6325/6325 6325/6325 6322/6322
f 6323/6323 6323/6323 6314/6314
f 6313/6313 6313/6313 6326/6326
f 6327/6327 6327/6327 6310/6310
f 6328/6328 6328/6328 6329/6329
f 6316/6316 6316/6316 6330/6330
f 6331/6331 6331/6331 6304/6304
f 6330/6330 6330/6330 6332/6332
f 6326/6326 6326/6326 6325/6325
f 6329/6329 6329/6329 6311/6311
f 6309/6309 6309/6309 6317/6317
f 6303/6303 6303/6303 6331/6331
f 6332/6332 6332/6332 6327/6327
f 6321/6321 6321/6321 6328/6328
f 6324/6324 6324/6324 6333/6333
f 6333/6333 6333/6333 6302/6302
f 6336/6336 6831/6831 6832/6832
f 6832/6832 6833/6833 6834/6834
f 6834/6834 6835/6835 6836/6836
f 6835/6835 6837/6837 6836/6836
f 6837/6837 6838/6838 6836/6836
f 6836/6836 6839/6839 6840/6840
f 6839/6839 6841/6841 6840/6840
f 6841/6841 6842/6842 6840/6840
f 6840/6840 6843/6843 6844/6844
f 6844/6844 6845/6845 6840/6840
f 6845/6845 6846/6846 6840/6840
f 6846/6846 6847/6847 6848/6848
f 6848/6848 6849/6849 6846/6846
f 6849/6849 6850/6850 6846/6846
f 6850/6850 6851/6851 6852/6852
f 6852/6852 6853/6853 6850/6850
f 6853/6853 6334/6334 6850/6850
f 6334/6334 6854/6854 6855/6855
f 6855/6855 6856/6856 6334/6334
f 6856/6856 6335/6335 6334/6334
f 6335/6335 6857/6857 6336/6336
f 6857/6857 6858/6858 6336/6336
f 6858/6858 6859/6859 6336/6336
f 6336/6336 6832/6832 6836/6836
f 6832/6832 6834/6834 6836/6836
f 6836/6836 6840/6840 6336/6336
f 6840/6840 6846/6846 6336/6336
f 6846/6846 6850/6850 6336/6336
f 6850/6850 6334/6334 6336/6336
f 6337/6337 6860/6860 6338/6338
f 6340/6340 6861/6861 6341/6341
f 6343/6343 6862/6862 6344/6344
f 6346/6346 6863/6863 6347/6347
f 6349/6349 6864/6864 6350/6350
f 6352/6352 6865/6865 6353/6353
f 6355/6355 6866/6866 6356/6356
f 6358/6358 6867/6867 6359/6359
f 6361/6361 6868/6868 6362/6362
f 6364/6364 6869/6869 6365/6365
f 6367/6367 6870/6870 6368/6368
f 6370/6370 6871/6871 6371/6371
f 6373/6373 6872/6872 6374/6374
f 6376/6376 6873/6873 6377/6377
f 6379/6379 6874/6874 6380/6380
f 6382/6382 6875/6875 6383/6383
f 6385/6385 6876/6876 6386/6386
f 6388/6388 6877/6877 6389/6389
f 6391/6391 6878/6878 6392/6392
f 6394/6394 6879/6879 6395/6395
f 6397/6397 6880/6880 6398/6398
f 6400/6400 6881/6881 6401/6401
f 6403/6403 6882/6882 6404/6404
f 6406/6406 6883/6883 6407/6407
f 6409/6409 6884/6884 6410/6410
f 6412/6412 6885/6885 6413/6413
f 6415/6415 6886/6886 6416/6416
f 6418/6418 6887/6887 6419/6419
f 6421/6421 6888/6888 6422/6422
f 6424/6424 6889/6889 6425/6425
f 6427/6427 6890/6890 6428/6428
f 4849/4849 4850/4850 4851/4851
f 4851/4851 4826/4826 4856/4856
f 4856/4856 4859/4859 4858/4858
f 4858/4858 4857/4857 4856/4856
f 4857/4857 6891/6891 4856/4856
f 6891/6891 6892/6892 6893/6893
f 6892/6892 6894/6894 6895/6895
f 6893/6893 6892/6892 6895/6895
f 6893/6893 6896/6896 6897/6897
f 6897/6897 6898/6898 6430/6430
f 6430/6430 6899/6899 6900/6900
f 6900/6900 6901/6901 6430/6430
f 6901/6901 6902/6902 6903/6903
f 6430/6430 6901/6901 6904/6904
f 6903/6903 6905/6905 6904/6904
f 6904/6904 6431/6431 6430/6430
f 6431/6431 4726/4726 4849/4849
f 4726/4726 4735/4735 4736/4736
f 4849/4849 4736/4736 4721/4721
f 4736/4736 4720/4720 4719/4719
f 4726/4726 4736/4736 4849/4849
f 4719/4719 4721/4721 4736/4736
f 4721/4721 4848/4848 4849/4849
f 4849/4849 4851/4851 6891/6891
f 4851/4851 4856/4856 6891/6891
f 6893/6893 6897/6897 6891/6891
f 6897/6897 6430/6430 6891/6891
f 6904/6904 6901/6901 6903/6903
f 4849/4849 6891/6891 6430/6430
f 6432/6432 6906/6906 6907/6907
f 6907/6907 6908/6908 6909/6909
f 6909/6909 6910/6910 6911/6911
f 6910/6910 6912/6912 6911/6911
f 6911/6911 6433/6433 6909/6909
f 6433/6433 6913/6913 6914/6914
f 6913/6913 6915/6915 6914/6914
f 6914/6914 6916/6916 6917/6917
f 6433/6433 6914/6914 6434/6434
f 6917/6917 6918/6918 6919/6919
f 6434/6434 6917/6917 6919/6919
f 6434/6434 6920/6920 6921/6921
f 6921/6921 6922/6922 6923/6923
f 6923/6923 6924/6924 6925/6925
f 6925/6925 6926/6926 6927/6927
f 6927/6927 6928/6928 6929/6929
f 6929/6929 6930/6930 6931/6931
f 6931/6931 6932/6932 6933/6933
f 6933/6933 6934/6934 6432/6432
f 6432/6432 6907/6907 6433/6433
f 6907/6907 6909/6909 6433/6433
f 6434/6434 6914/6914 6917/6917
f 6434/6434 6921/6921 6923/6923
f 6923/6923 6925/6925 6927/6927
f 6927/6927 6929/6929 6432/6432
f 6929/6929 6931/6931 6933/6933
f 6432/6432 6929/6929 6933/6933
f 6434/6434 6923/6923 6432/6432
f 6923/6923 6927/6927 6432/6432
f 6435/6435 6935/6935 6436/6436
f 6438/6438 6438/6438 6439/6439
f 6440/6440 6440/6440 6441/6441
f 6442/6442 6442/6442 6443/6443
f 6444/6444 6444/6444 6438/6438
f 6445/6445 6445/6445 6446/6446
f 6447/6447 6447/6447 6448/6448
f 6449/6449 6449/6449 6450/6450
f 6451/6451 6451/6451 6452/6452
f 6450/6450 6450/6450 6444/6444
f 6453/6453 6453/6453 6454/6454
f 6455/6455 6455/6455 6440/6440
f 6456/6456 6456/6456 6457/6457
f 6458/6458 6458/6458 6459/6459
f 6457/6457 6457/6457 6460/6460
f 6446/6446 6446/6446 6461/6461
f 6462/6462 6462/6462 6463/6463
f 6464/6464 6464/6464 6462/6462
f 6465/6465 6465/6465 6466/6466
f 6460/6460 6460/6460 6451/6451
f 6466/6466 6466/6466 6467/6467
f 6443/6443 6443/6443 6465/6465
f 6441/6441 6441/6441 6464/6464
f 6468/6468 6468/6468 6442/6442
f 6461/6461 6461/6461 6458/6458
f 6469/6469 6469/6469 6455/6455
f 6459/6459 6459/6459 6469/6469
f 6439/6439 6439/6439 6468/6468
f 6452/6452 6452/6452 6449/6449
f 6448/6448 6448/6448 6456/6456
f 6454/6454 6454/6454 6445/6445
f 6463/6463 6463/6463 6447/6447
f 6467/6467 6467/6467 6453/6453
f 6472/6472 6936/6936 6937/6937
f 6937/6937 6938/6938 6939/6939
f 6939/6939 6940/6940 6941/6941
f 6941/6941 6942/6942 6939/6939
f 6942/6942 6943/6943 6939/6939
f 6943/6943 6944/6944 6945/6945
f 6944/6944 6946/6946 6947/6947
f 6945/6945 6944/6944 6947/6947
f 6945/6945 6948/6948 6949/6949
f 6949/6949 6950/6950 6470/6470
f 6470/6470 6951/6951 6952/6952
f 6952/6952 6953/6953 6470/6470
f 6953/6953 6954/6954 6955/6955
f 6470/6470 6953/6953 6956/6956
f 6955/6955 6957/6957 6956/6956
f 6956/6956 6471/6471 6470/6470
f 6471/6471 6958/6958 6472/6472
f 6958/6958 6959/6959 6960/6960
f 6472/6472 6960/6960 6961/6961
f 6960/6960 6962/6962 6963/6963
f 6958/6958 6960/6960 6472/6472
f 6963/6963 6961/6961 6960/6960
f 6961/6961 6964/6964 6472/6472
f 6472/6472 6937/6937 6943/6943
f 6937/6937 6939/6939 6943/6943
f 6945/6945 6949/6949 6943/6943
f 6949/6949 6470/6470 6943/6943
f 6956/6956 6953/6953 6955/6955
f 6472/6472 6943/6943 6470/6470
f 6473/6473 6965/6965 6474/6474
f 6476/6476 6966/6966 6477/6477
f 6479/6479 6967/6967 6480/6480
f 6482/6482 6968/6968 6483/6483
f 6485/6485 6969/6969 6486/6486
f 6488/6488 6970/6970 6489/6489
f 6491/6491 6971/6971 6492/6492
f 6494/6494 6972/6972 6495/6495
f 6497/6497 6973/6973 6498/6498
f 6500/6500 6974/6974 6501/6501
f 6503/6503 6975/6975 6504/6504
f 6506/6506 6976/6976 6507/6507
f 6509/6509 6977/6977 6510/6510
f 6512/6512 6978/6978 6513/6513
f 6515/6515 6979/6979 6516/6516
f 6518/6518 6980/6980 6519/6519
f 6521/6521 6981/6981 6522/6522
f 6524/6524 6982/6982 6525/6525
f 6527/6527 6983/6983 6528/6528
f 6530/6530 6984/6984 6531/6531
f 6533/6533 6985/6985 6534/6534
f 6536/6536 6986/6986 6537/6537
f 6539/6539 6987/6987 6540/6540
f 6542/6542 6988/6988 6543/6543
f 6545/6545 6989/6989 6546/6546
f 6548/6548 6990/6990 6549/6549
f 6551/6551 6991/6991 6552/6552
f 6554/6554 6992/6992 6555/6555
f 6557/6557 6993/6993 6558/6558
f 6560/6560 6994/6994 6561/6561
f 6563/6563 6995/6995 6564/6564
f 4782/4782 4770/4770 4776/4776
f 4776/4776 4764/4764 4777/4777
f 4777/4777 4786/4786 4805/4805
f 4805/4805 4804/4804 4810/4810
f 4810/4810 4811/4811 4815/4815
f 4815/4815 4814/4814 4810/4810
f 4814/4814 4809/4809 4810/4810
f 4809/4809 4808/4808 4782/4782
f 4808/4808 4807/4807 4782/4782
f 4807/4807 4784/4784 4782/4782
f 4782/4782 4776/4776 4810/4810
f 4776/4776 4777/4777 4810/4810
f 4777/4777 4805/4805 4810/4810
f 6568/6568 6996/6996 6997/6997
f 6997/6997 6998/6998 6999/6999
f 6999/6999 7000/7000 7001/7001
f 7001/7001 7002/7002 6566/6566
f 6566/6566 7003/7003 7004/7004
f 7004/7004 7005/7005 6566/6566
f 7005/7005 6567/6567 6566/6566
f 6567/6567 7006/7006 6568/6568
f 7006/7006 7007/7007 6568/6568
f 7007/7007 7008/7008 6568/6568
f 6568/6568 6997/6997 6566/6566
f 6997/6997 6999/6999 6566/6566
f 6999/6999 7001/7001 6566/6566
f 6569/6569 7009/7009 6570/6570
f 6572/6572 7010/7010 6573/6573
f 6575/6575 7011/7011 6576/6576
f 6578/6578 7012/7012 6579/6579
f 6581/6581 7013/7013 6582/6582
f 6584/6584 7014/7014 6585/6585
f 6587/6587 7015/7015 6588/6588
f 6590/6590 7016/7016 6591/6591
f 6593/6593 7017/7017 6594/6594
f 6596/6596 7018/7018 6597/6597
f 6599/6599 7019/7019 6600/6600
f 6602/6602 7020/7020 6603/6603
f 6605/6605 7021/7021 6606/6606
f 6608/6608 7022/7022 6609/6609
f 6611/6611 7023/7023 6612/6612
f 6614/6614 7024/7024 6615/6615
f 4806/4806 4803/4803 4778/4778
f 4803/4803 4802/4802 4778/4778
f 4802/4802 4779/4779 4778/4778
f 4778/4778 4762/4762 4757/4757
f 4757/4757 4751/4751 4759/4759
f 4759/4759 4787/4787 4791/4791
f 4791/4791 4788/4788 4759/4759
f 4788/4788 4789/4789 4759/4759
f 4789/4789 4792/4792 4813/4813
f 4813/4813 4812/4812 4806/4806
f 4778/4778 4757/4757 4806/4806
f 4757/4757 4759/4759 4806/4806
f 4789/4789 4813/4813 4759/4759
f 6618/6618 7025/7025 7026/7026
f 7025/7025 7027/7027 7026/7026
f 7027/7027 7028/7028 7026/7026
f 7026/7026 7029/7029 7030/7030
f 7030/7030 7031/7031 6619/6619
f 6619/6619 7032/7032 7033/7033
f 7033/7033 7034/7034 6619/6619
f 7034/7034 7035/7035 6619/6619
f 7035/7035 7036/7036 6617/6617
f 6617/6617 7037/7037 6618/6618
f 7026/7026 7030/7030 6618/6618
f 7030/7030 6619/6619 6618/6618
f 7035/7035 6617/6617 6619/6619
f 6620/6620 7038/7038 6621/6621
f 6623/6623 7039/7039 6624/6624
f 6626/6626 7040/7040 6627/6627
f 6629/6629 7041/7041 6630/6630
f 6632/6632 7042/7042 6633/6633
f 6635/6635 7043/7043 6636/6636
f 6638/6638 7044/7044 6639/6639
f 6641/6641 7045/7045 6642/6642
f 6644/6644 7046/7046 6645/6645
f 6647/6647 7047/7047 6648/6648
f 6650/6650 7048/7048 6651/6651
f 6653/6653 7049/7049 6654/6654
f 6656/6656 7050/7050 6657/6657
f 6659/6659 7051/7051 6660/6660
f 6662/6662 7052/7052 6663/6663
f 6665/6665 7053/7053 6666/6666
f 6670/6670 7054/7054 7055/7055
f 7055/7055 7056/7056 7057/7057
f 7057/7057 7058/7058 7059/7059
f 7059/7059 7060/7060 7061/7061
f 7061/7061 7062/7062 7063/7063
f 7063/7063 7064/7064 7065/7065
f 7065/7065 7066/7066 7067/7067
f 7067/7067 7068/7068 7069/7069
f 7069/7069 7070/7070 7071/7071
f 7071/7071 7072/7072 6668/6668
f 6668/6668 7073/7073 7074/7074
f 7074/7074 7075/7075 6668/6668
f 7075/7075 6669/6669 6668/6668
f 6669/6669 7076/7076 7077/7077
f 7077/7077 7078/7078 7079/7079
f 7079/7079 7080/7080 7081/7081
f 7081/7081 7082/7082 6670/6670
f 6670/6670 7055/7055 7057/7057
f 7057/7057 7059/7059 6670/6670
f 7059/7059 7061/7061 6670/6670
f 7061/7061 7063/7063 7065/7065
f 7065/7065 7067/7067 7069/7069
f 7069/7069 7071/7071 6668/6668
f 6669/6669 7077/7077 7079/7079
f 7079/7079 7081/7081 6669/6669
f 7081/7081 6670/6670 6669/6669
f 7061/7061 7065/7065 6670/6670
f 7065/7065 7069/7069 6670/6670
f 7069/7069 6668/6668 6670/6670
f 6673/6673 7083/7083 7084/7084
f 7084/7084 7085/7085 6673/6673
f 7085/7085 7086/7086 6673/6673
f 7086/7086 7087/7087 7088/7088
f 7088/7088 7089/7089 7086/7086
f 7089/7089 7090/7090 7086/7086
f 7090/7090 7091/7091 7092/7092
f 7091/7091 7093/7093 7092/7092
f 7093/7093 7094/7094 7092/7092
f 7092/7092 7095/7095 7096/7096
f 7096/7096 7097/7097 6671/6671
f 6671/6671 7098/7098 7099/7099
f 7099/7099 7100/7100 7101/7101
f 7101/7101 7102/7102 7103/7103
f 7103/7103 7104/7104 6672/6672
f 6672/6672 7105/7105 7106/7106
f 7106/7106 7107/7107 7108/7108
f 7108/7108 7109/7109 7110/7110
f 7110/7110 7111/7111 7108/7108
f 7111/7111 6673/6673 7108/7108
f 7092/7092 7096/7096 7090/7090
f 7096/7096 6671/6671 7090/7090
f 6671/6671 7099/7099 6672/6672
f 7099/7099 7101/7101 6672/6672
f 7101/7101 7103/7103 6672/6672
f 6672/6672 7106/7106 7108/7108
f 6673/6673 7086/7086 6671/6671
f 7086/7086 7090/7090 6671/6671
f 6672/6672 7108/7108 6673/6673
f 5646/5646 5638/5638 5643/5643
f 5638/5638 5640/5640 5643/5643
f 5640/5640 5642/5642 5643/5643
f 5643/5643 5651/5651 5658/5658
f 5651/5651 5650/5650 5656/5656
f 5650/5650 5654/5654 5656/5656
f 5656/5656 5658/5658 5651/5651

