# https://github.com/mikedh/trimesh
mtllib material.mtl
usemtl material_0
v -0.05901019 -0.01742011 0.02646057
v -0.06009842 -0.01421660 0.02755409
v -0.05460407 -0.02042822 0.02203299
v -0.05939421 0.01549881 0.02739852
v -0.05996369 0.01196172 0.02797077
v -0.05549284 0.01990949 0.02347815
v -0.05448926 0.02011389 0.02191762
v -0.05549284 0.01990949 0.02347815
v -0.05421324 0.02011389 0.02219231
v -0.05274001 -0.02042822 0.02015985
v -0.05432804 -0.02042822 0.02230767
v -0.05460407 -0.02042822 0.02203299
v -0.06009842 -0.01421660 0.02755409
v -0.05996369 -0.01243878 0.02797077
v -0.06023971 -0.01243878 0.02769608
v -0.05576887 0.01990949 0.02320346
v -0.05670827 0.01930657 0.02469950
v -0.05549284 0.01990949 0.02347815
v -0.05968161 -0.01590527 0.02713526
v -0.05982239 -0.01421660 0.02782878
v -0.06009842 -0.01421660 0.02755409
v -0.05698430 0.01930657 0.02442481
v -0.05779859 0.01833534 0.02579512
v -0.05670827 0.01930657 0.02469950
v -0.05901019 -0.01742011 0.02646057
v -0.05940558 -0.01590527 0.02740994
v -0.05968161 -0.01590527 0.02713526
v -0.05807461 0.01833534 0.02552043
v -0.05870912 0.01704451 0.02671009
v -0.05779859 0.01833534 0.02579512
v -0.05811783 -0.01868517 0.02556386
v -0.05873417 -0.01742011 0.02673526
v -0.05901019 -0.01742011 0.02646057
v -0.05898515 0.01704451 0.02643540
v -0.05939421 0.01549881 0.02739852
v -0.05870912 0.01704451 0.02671009
v -0.05704928 -0.01963701 0.02449011
v -0.05784180 -0.01868517 0.02583855
v -0.05811783 -0.01868517 0.02556386
v -0.05967024 0.01549881 0.02712383
v -0.05981951 0.01377574 0.02782589
v -0.05939421 0.01549881 0.02739852
v -0.05274001 0.02011389 0.02015985
v -0.05246398 -0.02042822 0.02043453
v -0.05274001 -0.02042822 0.02015985
v -0.05585811 -0.02022790 0.02329314
v -0.05677326 -0.01963701 0.02476480
v -0.05704928 -0.01963701 0.02449011
v -0.06023971 0.01196172 0.02769608
v -0.05981951 0.01377574 0.02782589
v -0.06009554 0.01377574 0.02755120
v -0.05274001 0.02011389 0.02015985
v -0.05421324 0.02011389 0.02219231
v -0.05246398 0.02011389 0.02043453
v -0.05460407 -0.02042822 0.02203299
v -0.05558209 -0.02022790 0.02356783
v -0.05585811 -0.02022790 0.02329314
v -0.06023971 -0.01243878 0.02769608
v -0.05996369 0.01196172 0.02797077
v -0.06023971 0.01196172 0.02769608
v -0.06023971 -0.01243878 0.02769608
v -0.06023971 0.01196172 0.02769608
v -0.05274001 -0.02042822 0.02015985
v -0.06009554 0.01377574 0.02755120
v -0.05967024 0.01549881 0.02712383
v -0.05898515 0.01704451 0.02643540
v -0.05576887 0.01990949 0.02320346
v -0.05807461 0.01833534 0.02552043
v -0.05698430 0.01930657 0.02442481
v -0.05448926 0.02011389 0.02191762
v -0.05274001 0.02011389 0.02015985
v -0.05585811 -0.02022790 0.02329314
v -0.05704928 -0.01963701 0.02449011
v -0.05811783 -0.01868517 0.02556386
v -0.05968161 -0.01590527 0.02713526
v -0.05996369 -0.01243878 0.02797077
v -0.05246398 -0.02042822 0.02043453
v -0.05982239 -0.01421660 0.02782878
v -0.05432804 -0.02042822 0.02230767
v -0.05940558 -0.01590527 0.02740994
v -0.05873417 -0.01742011 0.02673526
v -0.05784180 -0.01868517 0.02583855
v -0.05677326 -0.01963701 0.02476480
v -0.05558209 -0.02022790 0.02356783
v -0.05246398 0.02011389 0.02043453
v -0.05421324 0.02011389 0.02219231
v -0.05670827 0.01930657 0.02469950
v -0.05779859 0.01833534 0.02579512
v -0.05870912 0.01704451 0.02671009
v -0.05981951 0.01377574 0.02782589
v -0.05576887 0.01990949 0.02320346
v -0.05246398 -0.02042822 0.02043453
v -0.05982239 -0.01421660 0.02782878
v -0.05698430 0.01930657 0.02442481
v -0.05940558 -0.01590527 0.02740994
v -0.05807461 0.01833534 0.02552043
v -0.05873417 -0.01742011 0.02673526
v -0.05898515 0.01704451 0.02643540
v -0.05784180 -0.01868517 0.02583855
v -0.05967024 0.01549881 0.02712383
v -0.05677326 -0.01963701 0.02476480
v -0.06009554 0.01377574 0.02755120
v -0.05246398 0.02011389 0.02043453
v -0.05558209 -0.02022790 0.02356783
v -0.05996369 0.01196172 0.02797077
v -0.05448926 0.02011389 0.02191762
v -0.05432804 -0.02042822 0.02230767
v -0.05996369 -0.01243878 0.02797077
v -0.00220966 -0.02056789 0.14217411
v -0.00220966 -0.02009803 0.14217411
v -0.00217198 -0.02009803 0.14273593
v -0.00217198 -0.02103639 0.14273593
v -0.00220966 -0.02103776 0.14217411
v -0.00234992 -0.02103322 0.14331225
v -0.00234992 -0.02009803 0.14331225
v -0.00272857 -0.02102871 0.14378177
v -0.00272857 -0.02009803 0.14378177
v -0.00321575 -0.02056096 0.14406420
v -0.00321575 -0.02009803 0.14406420
v -0.00321575 -0.02102386 0.14406420
v -0.00220967 0.02037128 0.14217412
v -0.00220967 0.02084113 0.14217412
v -0.00217199 0.02083978 0.14273594
v -0.00217199 0.01990142 0.14273594
v -0.00220967 0.01990142 0.14217412
v -0.00234992 0.02083660 0.14331226
v -0.00234992 0.01990142 0.14331226
v -0.00272857 0.01990142 0.14378177
v -0.00272857 0.02083209 0.14378177
v -0.00321576 0.02082726 0.14406421
v -0.00321576 0.02036433 0.14406421
v -0.00321576 0.01990142 0.14406421
v -0.04993634 0.00530161 0.05505162
v -0.05089216 0.00530161 0.05242191
v -0.05061022 0.00530161 0.05231943
v -0.04965439 0.00530161 0.05494912
v -0.04898051 0.00530161 0.05768131
v -0.04869857 0.00530161 0.05757883
v -0.03679570 0.00880157 0.09032669
v -0.04122201 0.00880157 0.07902699
v -0.03155185 0.00880157 0.10563207
v -0.03817715 0.00880157 0.08652597
v -0.03955861 0.00880157 0.08272524
v -0.03265135 0.00880157 0.10172888
v -0.03126990 0.00880157 0.10552961
v -0.03403280 0.00880157 0.09792814
v -0.03541425 0.00880157 0.09412741
v -0.04094006 0.00880157 0.07892452
v -0.05089216 0.00880157 0.05242191
v -0.04784731 0.00880157 0.05992088
v -0.04922876 0.00880157 0.05612016
v -0.05061022 0.00880157 0.05231943
v -0.04646586 0.00880157 0.06372161
v -0.04370296 0.00880157 0.07132306
v -0.04232151 0.00880157 0.07512379
v -0.04508440 0.00880157 0.06752234
v -0.04293733 -0.00439825 0.07342947
v -0.04485556 -0.00659822 0.06815196
v -0.04485556 -0.00439825 0.06815196
v -0.04293733 -0.00219827 0.07342947
v -0.04485556 -0.00219828 0.06815196
v -0.04485556 0.00000169 0.06815196
v -0.04485556 0.00220165 0.06815196
v -0.04677376 0.00000169 0.06287445
v -0.04677376 0.00220165 0.06287445
v -0.04485556 0.00440162 0.06815196
v -0.04677376 0.00440162 0.06287445
v -0.04485556 0.00660160 0.06815196
v -0.04677376 0.00660160 0.06287445
v -0.02759159 -0.00659822 0.11564957
v -0.02642968 -0.00529823 0.11884627
v -0.02567337 -0.00879819 0.12092709
v -0.02567337 -0.00529823 0.12092709
v -0.02702631 -0.00879819 0.11720477
v -0.02837926 -0.00879819 0.11348246
v -0.02973222 -0.00879819 0.10976015
v -0.02726604 -0.00527040 0.11654527
v -0.02718600 -0.00529823 0.11676546
v -0.03142803 -0.00659822 0.10509455
v -0.02884335 -0.00529823 0.11220566
v -0.02734373 -0.00518525 0.11633150
v -0.02882339 -0.00529823 0.11226059
v -0.02746582 -0.00487182 0.11599559
v -0.02741212 -0.00504777 0.11614331
v -0.03092844 -0.00529824 0.10646904
v -0.02947722 -0.00264828 0.11046174
v -0.03156229 -0.00264828 0.10472514
v -0.02945724 -0.00264828 0.11051668
v -0.03108517 -0.00879819 0.10603784
v -0.02820697 -0.00177328 0.11395649
v -0.03334624 -0.00659822 0.09981703
v -0.03135832 -0.00529824 0.10528632
v -0.03243812 -0.00879819 0.10231551
v -0.03114337 -0.00529824 0.10587768
v -0.03379108 -0.00879819 0.09859320
v -0.03526446 -0.00659822 0.09453952
v -0.03649697 -0.00879819 0.09114858
v -0.03514402 -0.00879819 0.09487090
v -0.03718268 -0.00659822 0.08926203
v -0.03633415 -0.00529824 0.09159656
v -0.03344341 -0.00529824 0.09954970
v -0.03334624 -0.00219827 0.09981703
v -0.03424905 -0.00529824 0.09733316
v -0.03384624 -0.00529824 0.09844144
v -0.03199217 -0.00264828 0.10354241
v -0.03407727 -0.00264828 0.09780581
v -0.03699376 -0.00529824 0.08978176
v -0.03488292 -0.00264828 0.09558924
v -0.03696800 -0.00264828 0.08985265
v -0.03551678 0.00000169 0.09384536
v -0.03011106 0.00000169 0.10871784
v -0.02894813 0.00132524 0.11191740
v -0.03009110 0.00000169 0.10877278
v -0.03072496 0.00265164 0.10702888
v -0.03142803 0.00000169 0.10509455
v -0.03219615 0.00000169 0.10298125
v -0.03283001 0.00265164 0.10123733
v -0.03074492 0.00265164 0.10697396
v -0.03142803 0.00440162 0.10509455
v -0.03137878 0.00530161 0.10523005
v -0.02968928 0.00442378 0.10987830
v -0.03043043 0.00752231 0.10783919
v -0.03142803 0.00660160 0.10509455
v -0.03059151 0.00805015 0.10739603
v -0.03102981 0.00871808 0.10619015
v -0.03079670 0.00846260 0.10683150
v -0.03126990 0.00880157 0.10552961
v -0.03135881 0.00530161 0.10528498
v -0.03265135 0.00880157 0.10172888
v -0.03346386 0.00530161 0.09949343
v -0.03334624 0.00000169 0.09981703
v -0.03325989 0.00265164 0.10005461
v -0.03262604 0.00000169 0.10179852
v -0.03471112 0.00000169 0.09606190
v -0.03534497 0.00265164 0.09431800
v -0.03389375 0.00530161 0.09831071
v -0.03718268 0.00000169 0.08926203
v -0.03615063 0.00265164 0.09210146
v -0.03526446 0.00660160 0.09453952
v -0.03367881 0.00530161 0.09890208
v -0.03403280 0.00880157 0.09792814
v -0.03541425 0.00880157 0.09412741
v -0.03597884 0.00530161 0.09257408
v -0.03638167 0.00530161 0.09146583
v -0.03718268 0.00660160 0.08926203
v -0.03679570 0.00880157 0.09032669
v -0.03678448 0.00530161 0.09035755
v -0.03718268 0.00440162 0.08926203
v -0.03910090 -0.00659822 0.08398451
v -0.03784992 -0.00879819 0.08742626
v -0.03920287 -0.00879819 0.08370394
v -0.03973848 -0.00529824 0.08223035
v -0.03910090 -0.00219827 0.08398451
v -0.03765339 -0.00529824 0.08796697
v -0.04055582 -0.00879819 0.07998164
v -0.04101912 -0.00659822 0.07870699
v -0.04190877 -0.00879819 0.07625931
v -0.04293733 -0.00659822 0.07342947
v -0.04139813 -0.00529824 0.07766422
v -0.04056831 -0.00529824 0.07994729
v -0.03828725 -0.00264828 0.08622305
v -0.03892111 0.00000169 0.08447914
v -0.03760186 0.00000169 0.08810874
v -0.03823571 0.00265164 0.08636485
v -0.04100618 0.00000169 0.07874255
v -0.04037233 -0.00264828 0.08048644
v -0.03955497 0.00265164 0.08273524
v -0.04326171 -0.00879819 0.07253700
v -0.04461467 -0.00879819 0.06881469
v -0.04485476 -0.00871470 0.06815415
v -0.04508787 -0.00845923 0.06751280
v -0.04529306 -0.00804678 0.06694824
v -0.04619529 -0.00442040 0.06446600
v -0.04545414 -0.00751894 0.06650510
v -0.04266585 0.00000169 0.07417642
v -0.04203199 -0.00264828 0.07592032
v -0.04693645 -0.00132187 0.06242689
v -0.04767759 0.00177666 0.06038779
v -0.04329970 0.00265164 0.07243251
v -0.03886957 0.00530161 0.08462095
v -0.03952920 0.00530161 0.08280615
v -0.03910090 0.00660160 0.08398451
v -0.04018882 0.00530161 0.08099135
v -0.04164005 0.00265164 0.07699865
v -0.04227391 0.00530161 0.07525473
v -0.04101912 0.00660160 0.07870699
v -0.03817715 0.00880157 0.08652597
v -0.03955861 0.00880157 0.08272524
v -0.04094006 0.00880157 0.07892452
v -0.04293734 0.00660160 0.07342947
v -0.04370296 0.00880157 0.07132306
v -0.04232151 0.00880157 0.07512379
v -0.04310373 0.00530161 0.07297167
v -0.04393356 0.00530161 0.07068862
v -0.04847602 0.00506026 0.05819112
v -0.04841875 0.00487520 0.05834869
v -0.04854644 0.00519698 0.05799735
v -0.04862299 0.00527682 0.05778678
v -0.04646586 0.00880157 0.06372161
v -0.04508440 0.00880157 0.06752234
v -0.04784731 0.00880157 0.05992088
v -0.04869857 0.00530161 0.05757883
v -0.04922876 0.00880157 0.05612016
v -0.04965439 0.00530161 0.05494912
v -0.05061022 0.00880157 0.05231943
v -0.05061022 0.00530161 0.05231943
v -0.01895114 -0.01967852 0.11847843
v -0.02024861 -0.01948199 0.11895535
v -0.01894944 -0.01967852 0.11848314
v -0.03271703 -0.01948199 0.08465152
v -0.02156207 -0.01901274 0.11943276
v -0.03528271 -0.01825821 0.08558407
v -0.04388456 -0.01967852 0.04988018
v -0.03639349 -0.01723791 0.08598782
v -0.02281430 -0.01825821 0.11988789
v -0.04649890 -0.01901274 0.05082510
v -0.02482454 -0.01600427 0.12061856
v -0.03729297 -0.01600427 0.08631473
v -0.02546718 -0.01463422 0.12085214
v -0.03793560 -0.01463422 0.08654831
v -0.03830727 -0.01321405 0.08668341
v -0.02595702 -0.01182333 0.12102486
v -0.02583886 -0.01321405 0.12098724
v -0.02595532 -0.01182333 0.12102957
v -0.04886191 -0.01723791 0.05168397
v -0.04388628 -0.01967852 0.04987548
v -0.04518545 -0.01948199 0.05034769
v -0.04775114 -0.01825821 0.05128023
v -0.04976139 -0.01600427 0.05201091
v -0.05089044 -0.01182333 0.05242661
v -0.05077569 -0.01321405 0.05237958
v -0.05089216 -0.01182333 0.05242191
v -0.02595702 0.01162670 0.12102486
v -0.02583886 0.01301743 0.12098724
v -0.02595532 0.01162670 0.12102957
v -0.02546719 0.01443760 0.12085214
v -0.04976139 0.01580764 0.05201091
v -0.02482455 0.01580765 0.12061857
v -0.02281430 0.01806159 0.11988789
v -0.04886192 0.01704128 0.05168397
v -0.04775115 0.01806159 0.05128024
v -0.02392508 0.01704128 0.12029162
v -0.05077570 0.01301743 0.05237958
v -0.05040403 0.01443760 0.05224448
v -0.02156207 0.01881613 0.11943276
v -0.04518545 0.01928536 0.05034770
v -0.02024863 0.01928537 0.11895535
v -0.03141786 0.01948190 0.08417930
v -0.01895114 0.01948190 0.11847844
v -0.01894944 0.01948190 0.11848314
v -0.04649891 0.01881612 0.05082511
v -0.03842374 0.01162670 0.08672573
v -0.05089045 0.01162670 0.05242661
v -0.05089216 0.01162670 0.05242191
v -0.04388456 0.01948190 0.04988018
v -0.04388628 0.01948190 0.04987548
v -0.03542596 -0.00879819 0.09497337
v -0.02595532 -0.00879819 0.12102957
v -0.02595702 -0.01182333 0.12102486
v -0.05089044 -0.01182333 0.05242661
v -0.04489662 -0.00879819 0.06891717
v -0.04536982 -0.00845923 0.06761527
v -0.04513672 -0.00871470 0.06825662
v -0.04573608 -0.00751894 0.06660758
v -0.04557501 -0.00804678 0.06705073
v -0.04672429 -0.00338756 0.06388877
v -0.04771250 0.00074381 0.06116997
v -0.05089216 0.00530161 0.05242191
v -0.04870070 0.00487520 0.05845117
v -0.04875440 0.00505114 0.05830345
v -0.04993634 0.00530161 0.05505162
v -0.04898051 0.00530161 0.05768131
v -0.04890049 0.00527378 0.05790149
v -0.04882280 0.00518863 0.05811527
v -0.02671163 -0.00529823 0.11894874
v -0.02774777 -0.00487182 0.11609807
v -0.02595532 -0.00529823 0.12102957
v -0.02769408 -0.00504777 0.11624579
v -0.02746795 -0.00529823 0.11686793
v -0.02754799 -0.00527040 0.11664776
v -0.02762569 -0.00518525 0.11643398
v -0.02923008 0.00132524 0.11201988
v -0.02595702 0.01162670 0.12102486
v -0.03071239 0.00752231 0.10794167
v -0.03087346 0.00805015 0.10749852
v -0.03107864 0.00846260 0.10693397
v -0.03131176 0.00871808 0.10629263
v -0.03155185 0.00880157 0.10563207
v -0.03842374 0.01162670 0.08672573
v -0.04122201 0.00880157 0.07902699
v -0.05089045 0.01162670 0.05242661
v -0.05089216 0.00880157 0.05242191
v -0.03141786 0.01948190 0.08417930
v -0.04388456 0.01948190 0.04988018
v -0.04216569 0.01957784 0.04925010
v -0.02969728 0.01957784 0.08355393
v -0.01895114 0.01948190 0.11847844
v -0.01722886 0.01957784 0.11785774
v -0.01895114 -0.01967852 0.11847843
v -0.01722885 -0.01977447 0.11785774
v -0.02554112 -0.01977447 0.09498854
v -0.03385340 -0.01977447 0.07211932
v -0.04388456 -0.01967852 0.04988018
v -0.04216568 -0.01977447 0.04925009
v -0.02128646 -0.02009804 0.10521050
v -0.02355346 -0.02009804 0.09897344
v -0.02554112 -0.01977447 0.09498854
v -0.02582045 -0.02009804 0.09273638
v -0.02808742 -0.02009804 0.08649932
v -0.03035440 -0.02009804 0.08026227
v -0.01901948 -0.02009804 0.11144756
v -0.01722885 -0.01977447 0.11785774
v -0.01675250 -0.02009804 0.11768461
v -0.04216568 -0.01977447 0.04925009
v -0.03715536 -0.02009804 0.06155107
v -0.03942235 -0.02009804 0.05531402
v -0.04168934 -0.02009804 0.04907695
v -0.03385340 -0.01977447 0.07211932
v -0.03262140 -0.02009804 0.07402520
v -0.03488838 -0.02009804 0.06778814
v -0.03942236 0.01990142 0.05531402
v -0.04216569 0.01957784 0.04925010
v -0.04168934 0.01990142 0.04907696
v -0.03715536 0.01990142 0.06155107
v -0.02969728 0.01957784 0.08355393
v -0.03488839 0.01990142 0.06778814
v -0.03262141 0.01990142 0.07402519
v -0.03035441 0.01990142 0.08026226
v -0.02582045 0.01990142 0.09273639
v -0.02808742 0.01990142 0.08649932
v -0.02355346 0.01990142 0.09897343
v -0.01722886 0.01957784 0.11785774
v -0.02128647 0.01990142 0.10521049
v -0.01901949 0.01990142 0.11144757
v -0.01675251 0.01990142 0.11768462
v -0.01109581 -0.01961682 0.14200315
v -0.01072515 -0.01965470 0.14206208
v -0.01558759 -0.01948199 0.13177907
v -0.01146900 -0.01956449 0.14194393
v -0.01184410 -0.01949722 0.14188435
v -0.01222027 -0.01941452 0.14182458
v -0.01259654 -0.01931608 0.14176477
v -0.01297190 -0.01920161 0.14170518
v -0.01334550 -0.01907083 0.14164580
v -0.01815326 -0.01825821 0.13271162
v -0.01408301 -0.01875911 0.14152864
v -0.01371621 -0.01892338 0.14158692
v -0.01444472 -0.01857798 0.14147121
v -0.01035804 -0.01967852 0.14212033
v -0.01514816 -0.01816492 0.14135953
v -0.01480021 -0.01837994 0.14141476
v -0.01548741 -0.01793305 0.14130560
v -0.01926398 -0.01723790 0.13311539
v -0.01613439 -0.01742012 0.14120281
v -0.01581656 -0.01768466 0.14125331
v -0.01726468 -0.01621162 0.14102331
v -0.02016350 -0.01600427 0.13344229
v -0.01772724 -0.01553013 0.14094982
v -0.01750553 -0.01587635 0.14098506
v -0.01792895 -0.01517443 0.14091776
v -0.02080617 -0.01463422 0.13367584
v -0.01826916 -0.01444091 0.14086382
v -0.01810981 -0.01481081 0.14088912
v -0.01840648 -0.01406656 0.14084204
v -0.01826453 -0.01967852 0.12036750
v -0.02324186 -0.01723790 0.12217130
v -0.02414136 -0.01600427 0.12249824
v -0.02478398 -0.01463422 0.12273181
v -0.02117780 -0.01321405 0.13381097
v -0.01826623 -0.01967852 0.12036280
v -0.01956542 -0.01948199 0.12083502
v -0.02087888 -0.01901274 0.12131241
v -0.02213110 -0.01825821 0.12176756
v -0.01861499 -0.01331142 0.14080886
v -0.01852178 -0.01368946 0.14082365
v -0.01868636 -0.01293424 0.14079750
v -0.01873640 -0.01255953 0.14078952
v -0.01871400 -0.01274650 0.14079310
v -0.01875361 -0.01237353 0.14078682
v -0.02515566 -0.01321405 0.12286690
v -0.02527041 -0.01182333 0.12291393
v -0.01877542 -0.01182333 0.14078337
v -0.01876580 -0.01218871 0.14078489
v -0.02527213 -0.01182333 0.12290923
v -0.01926407 0.01704128 0.13311532
v -0.01613440 0.01722350 0.14120282
v -0.01726469 0.01601499 0.14102332
v -0.01581657 0.01748803 0.14125332
v -0.01815326 0.01806160 0.13271162
v -0.01514816 0.01796830 0.14135954
v -0.01548741 0.01773642 0.14130560
v -0.01480021 0.01818332 0.14141476
v -0.02117781 0.01301743 0.13381098
v -0.01826914 0.01424431 0.14086380
v -0.01840645 0.01386995 0.14084201
v -0.02016350 0.01580765 0.13344229
v -0.01772724 0.01533352 0.14094982
v -0.01792896 0.01497781 0.14091778
v -0.01750552 0.01567974 0.14098506
v -0.01810981 0.01461419 0.14088912
v -0.01109583 0.01942021 0.14200316
v -0.01146900 0.01936787 0.14194393
v -0.01558759 0.01928537 0.13177907
v -0.01184410 0.01930059 0.14188435
v -0.01072515 0.01945807 0.14206208
v -0.01035805 0.01948190 0.14212034
v -0.01222025 0.01921790 0.14182456
v -0.01690108 0.01881613 0.13225645
v -0.01408294 0.01856248 0.14152873
v -0.01444473 0.01838135 0.14147122
v -0.01371624 0.01872677 0.14158694
v -0.01297189 0.01900500 0.14170517
v -0.01259652 0.01911945 0.14176475
v -0.01334551 0.01887422 0.14164581
v -0.01873634 0.01236290 0.14078961
v -0.01875362 0.01217691 0.14078682
v -0.01871394 0.01254987 0.14079318
v -0.01861499 0.01311480 0.14080887
v -0.01868637 0.01273763 0.14079751
v -0.01852178 0.01349286 0.14082365
v -0.01876580 0.01199209 0.14078489
v -0.01877542 0.01162670 0.14078337
v -0.02527042 0.01162670 0.12291393
v -0.02515567 0.01301743 0.12286690
v -0.02527213 0.01162670 0.12290923
v -0.02478399 0.01443760 0.12273180
v -0.02324188 0.01704128 0.12217130
v -0.02213110 0.01806159 0.12176756
v -0.02087888 0.01881613 0.12131241
v -0.01826453 0.01948190 0.12036751
v -0.01956542 0.01928537 0.12083502
v -0.02414136 0.01580765 0.12249824
v -0.01826624 0.01948190 0.12036280
v -0.01877542 -0.01182333 0.14078337
v -0.01838487 -0.00791499 0.14185790
v -0.01838487 -0.01182333 0.14185790
v -0.01838487 -0.00400665 0.14185790
v -0.02527041 -0.00009831 0.12291393
v -0.01838487 0.00381002 0.14185791
v -0.01838487 -0.00009831 0.14185790
v -0.01877542 0.01162670 0.14078337
v -0.01838487 0.00771837 0.14185791
v -0.02527041 -0.01182333 0.12291393
v -0.01838487 0.01162670 0.14185791
v -0.02527042 0.01162670 0.12291393
v -0.01222289 0.01957784 0.13163040
v -0.01826453 0.01948190 0.12036751
v -0.01654565 0.01957784 0.11973741
v -0.01035805 0.01948190 0.14212034
v -0.00996742 0.01948190 0.14319494
v -0.00790020 0.01957785 0.14352329
v -0.00996742 -0.01967852 0.14319493
v -0.00790019 -0.01977447 0.14352328
v -0.01035804 -0.01967852 0.14212033
v -0.01222289 -0.01977447 0.13163040
v -0.01826453 -0.01967852 0.12036750
v -0.01654564 -0.01977447 0.11973741
v -0.01222289 -0.01977447 0.13163040
v -0.00790019 -0.01977447 0.14352328
v -0.00951319 -0.02009803 0.13760175
v -0.00732788 -0.02009803 0.14361418
v -0.01169859 -0.02009804 0.13158923
v -0.01388399 -0.02009804 0.12557673
v -0.01606929 -0.02009804 0.11956427
v -0.01654564 -0.01977447 0.11973741
v -0.01388399 0.01990142 0.12557673
v -0.01654565 0.01957784 0.11973741
v -0.01606931 0.01990142 0.11956426
v -0.01222289 0.01957784 0.13163040
v -0.01169859 0.01990142 0.13158923
v -0.00951320 0.01990142 0.13760176
v -0.00790020 0.01957785 0.14352329
v -0.00732789 0.01990142 0.14361419
v -0.03037305 0.00000169 0.10887527
v -0.02910533 -0.00529823 0.11236307
v -0.02912530 -0.00529823 0.11230814
v -0.03039301 0.00000169 0.10882033
v -0.03164076 0.00530161 0.10538746
v -0.03166073 0.00530161 0.10533252
v -0.03248541 -0.00176495 0.10306359
v -0.03247809 0.00000169 0.10308372
v -0.03121038 -0.00529824 0.10657152
v -0.03142532 -0.00529824 0.10598015
v -0.03164027 -0.00529824 0.10538879
v -0.03333056 0.00176832 0.10073839
v -0.03374581 0.00530161 0.09959592
v -0.03396075 0.00530161 0.09900454
v -0.03417570 0.00530161 0.09841318
v -0.03457050 -0.00176495 0.09732698
v -0.03372536 -0.00529824 0.09965219
v -0.03412818 -0.00529824 0.09854391
v -0.03453101 -0.00529824 0.09743566
v -0.03537615 -0.00176495 0.09511043
v -0.03541565 0.00176832 0.09500179
v -0.03626079 0.00530161 0.09267657
v -0.03622129 0.00176832 0.09278524
v -0.03666361 0.00530161 0.09156830
v -0.03706643 0.00530161 0.09046004
v -0.03788381 0.00000169 0.08821123
v -0.03661608 -0.00529824 0.09169904
v -0.03727572 -0.00529824 0.08988424
v -0.03920306 0.00000169 0.08458161
v -0.03793534 -0.00529824 0.08806943
v -0.03981115 0.00530161 0.08290862
v -0.03915152 0.00530161 0.08472342
v -0.04047077 0.00530161 0.08109382
v -0.04128814 0.00000169 0.07884501
v -0.04002042 -0.00529824 0.08233282
v -0.04085025 -0.00529824 0.08004976
v -0.04294779 0.00000169 0.07427890
v -0.04168008 -0.00529824 0.07776670
v -0.04338569 0.00530161 0.07307415
v -0.04255586 0.00530161 0.07535722
v -0.04421551 0.00530161 0.07079108
v -0.02898432 -0.00529823 0.11225690
v -0.02896435 -0.00529823 0.11231183
v -0.02882339 -0.00529823 0.11226059
v -0.02884335 -0.00529823 0.11220566
v -0.02912530 -0.00529823 0.11230814
v -0.02910533 -0.00529823 0.11236307
v -0.02947722 -0.00264828 0.11046174
v -0.02898432 -0.00529823 0.11225690
v -0.02884335 -0.00529823 0.11220566
v -0.03039301 0.00000169 0.10882033
v -0.02912530 -0.00529823 0.11230814
v -0.03011106 0.00000169 0.10871784
v -0.03074492 0.00265164 0.10697396
v -0.03166073 0.00530161 0.10533252
v -0.03151975 0.00530161 0.10528128
v -0.03137878 0.00530161 0.10523005
v -0.03149979 0.00530161 0.10533622
v -0.03164076 0.00530161 0.10538746
v -0.03166073 0.00530161 0.10533252
v -0.03151975 0.00530161 0.10528128
v -0.03135881 0.00530161 0.10528498
v -0.03137878 0.00530161 0.10523005
v -0.03037305 0.00000169 0.10887527
v -0.03164076 0.00530161 0.10538746
v -0.03072496 0.00265164 0.10702888
v -0.03149979 0.00530161 0.10533622
v -0.03135881 0.00530161 0.10528498
v -0.03009110 0.00000169 0.10877278
v -0.02945724 -0.00264828 0.11051668
v -0.02882339 -0.00529823 0.11226059
v -0.02896435 -0.00529823 0.11231183
v -0.02910533 -0.00529823 0.11236307
v -0.03199217 -0.00264828 0.10354241
v -0.03164027 -0.00529824 0.10538879
v -0.03135832 -0.00529824 0.10528632
v -0.03248541 -0.00176495 0.10306359
v -0.03262604 0.00000169 0.10179852
v -0.03333056 0.00176832 0.10073839
v -0.03325989 0.00265164 0.10005461
v -0.03417570 0.00530161 0.09841318
v -0.03389375 0.00530161 0.09831071
v -0.03396075 0.00530161 0.09900454
v -0.03417570 0.00530161 0.09841318
v -0.03389375 0.00530161 0.09831071
v -0.03367881 0.00530161 0.09890208
v -0.03346386 0.00530161 0.09949343
v -0.03374581 0.00530161 0.09959592
v -0.03247809 0.00000169 0.10308372
v -0.03374581 0.00530161 0.09959592
v -0.03283001 0.00265164 0.10123733
v -0.03346386 0.00530161 0.09949343
v -0.03219615 0.00000169 0.10298125
v -0.03156229 -0.00264828 0.10472514
v -0.03092844 -0.00529824 0.10646904
v -0.03121038 -0.00529824 0.10657152
v -0.03121038 -0.00529824 0.10657152
v -0.03092844 -0.00529824 0.10646904
v -0.03114337 -0.00529824 0.10587768
v -0.03142532 -0.00529824 0.10598015
v -0.03135832 -0.00529824 0.10528632
v -0.03164027 -0.00529824 0.10538879
v -0.03372536 -0.00529824 0.09965219
v -0.03344341 -0.00529824 0.09954970
v -0.03384624 -0.00529824 0.09844144
v -0.03412818 -0.00529824 0.09854391
v -0.03453101 -0.00529824 0.09743566
v -0.03424905 -0.00529824 0.09733316
v -0.03488292 -0.00264828 0.09558924
v -0.03453101 -0.00529824 0.09743566
v -0.03424905 -0.00529824 0.09733316
v -0.03537615 -0.00176495 0.09511043
v -0.03551678 0.00000169 0.09384536
v -0.03622129 0.00176832 0.09278524
v -0.03615063 0.00265164 0.09210146
v -0.03706643 0.00530161 0.09046004
v -0.03678448 0.00530161 0.09035755
v -0.03666361 0.00530161 0.09156830
v -0.03706643 0.00530161 0.09046004
v -0.03678448 0.00530161 0.09035755
v -0.03638167 0.00530161 0.09146583
v -0.03626079 0.00530161 0.09267657
v -0.03597884 0.00530161 0.09257408
v -0.03597884 0.00530161 0.09257408
v -0.03534497 0.00265164 0.09431800
v -0.03541565 0.00176832 0.09500179
v -0.03471112 0.00000169 0.09606190
v -0.03626079 0.00530161 0.09267657
v -0.03407727 -0.00264828 0.09780581
v -0.03344341 -0.00529824 0.09954970
v -0.03372536 -0.00529824 0.09965219
v -0.03457050 -0.00176495 0.09732698
v -0.03661608 -0.00529824 0.09169904
v -0.03633415 -0.00529824 0.09159656
v -0.03699376 -0.00529824 0.08978176
v -0.03727572 -0.00529824 0.08988424
v -0.03793534 -0.00529824 0.08806943
v -0.03765339 -0.00529824 0.08796697
v -0.03828725 -0.00264828 0.08622305
v -0.03793534 -0.00529824 0.08806943
v -0.03765339 -0.00529824 0.08796697
v -0.03920306 0.00000169 0.08458161
v -0.03892111 0.00000169 0.08447914
v -0.03955497 0.00265164 0.08273524
v -0.04047077 0.00530161 0.08109382
v -0.04018882 0.00530161 0.08099135
v -0.03981115 0.00530161 0.08290862
v -0.04047077 0.00530161 0.08109382
v -0.04018882 0.00530161 0.08099135
v -0.03952920 0.00530161 0.08280615
v -0.03915152 0.00530161 0.08472342
v -0.03886957 0.00530161 0.08462095
v -0.03788381 0.00000169 0.08821123
v -0.03915152 0.00530161 0.08472342
v -0.03823571 0.00265164 0.08636485
v -0.03886957 0.00530161 0.08462095
v -0.03760186 0.00000169 0.08810874
v -0.03696800 -0.00264828 0.08985265
v -0.03633415 -0.00529824 0.09159656
v -0.03661608 -0.00529824 0.09169904
v -0.04002042 -0.00529824 0.08233282
v -0.03973848 -0.00529824 0.08223035
v -0.04056831 -0.00529824 0.07994729
v -0.04085025 -0.00529824 0.08004976
v -0.04168008 -0.00529824 0.07776670
v -0.04139813 -0.00529824 0.07766422
v -0.04203199 -0.00264828 0.07592032
v -0.04168008 -0.00529824 0.07776670
v -0.04139813 -0.00529824 0.07766422
v -0.04294779 0.00000169 0.07427890
v -0.04266585 0.00000169 0.07417642
v -0.04329970 0.00265164 0.07243251
v -0.04421551 0.00530161 0.07079108
v -0.04393356 0.00530161 0.07068862
v -0.04338569 0.00530161 0.07307415
v -0.04421551 0.00530161 0.07079108
v -0.04393356 0.00530161 0.07068862
v -0.04310373 0.00530161 0.07297167
v -0.04255586 0.00530161 0.07535722
v -0.04227391 0.00530161 0.07525473
v -0.04128814 0.00000169 0.07884501
v -0.04255586 0.00530161 0.07535722
v -0.04164005 0.00265164 0.07699865
v -0.04227391 0.00530161 0.07525473
v -0.04100618 0.00000169 0.07874255
v -0.04037233 -0.00264828 0.08048644
v -0.03973848 -0.00529824 0.08223035
v -0.04002042 -0.00529824 0.08233282
v -0.04456470 0.00630160 0.07275768
v -0.04581154 0.00630160 0.06932731
v -0.04430464 0.00000169 0.07347316
v -0.04331788 0.00630160 0.07618806
v -0.04181097 0.00000169 0.08033395
v -0.04279773 -0.00629823 0.07761906
v -0.04155090 -0.00629823 0.08104944
v -0.04030405 -0.00629823 0.08447982
v -0.04099017 0.00630160 0.08259215
v -0.04206681 0.00630160 0.07963002
v -0.04055991 0.00000169 0.08377591
v -0.03991352 0.00630160 0.08555427
v -0.03890893 0.00210165 0.08831819
v -0.03790432 -0.00209829 0.09108211
v -0.03905300 -0.00629823 0.08792179
v -0.03797637 -0.00629823 0.09088390
v -0.03689971 -0.00629823 0.09384604
v -0.03784263 0.00630160 0.09125183
v -0.03866248 0.00630160 0.08899623
v -0.03765787 0.00210165 0.09176015
v -0.03702280 0.00630160 0.09350742
v -0.03551588 0.00000169 0.09765331
v -0.03564866 -0.00629823 0.09728800
v -0.03482882 -0.00629823 0.09954360
v -0.03665327 -0.00209829 0.09452407
v -0.03400898 -0.00629823 0.10179918
v -0.03513978 0.00630160 0.09868807
v -0.03577175 0.00630160 0.09694938
v -0.03426483 0.00000169 0.10109527
v -0.03450781 0.00630160 0.10042676
v -0.03350321 0.00210165 0.10319067
v -0.03249861 -0.00209829 0.10595461
v -0.03275793 -0.00629823 0.10524115
v -0.03212596 -0.00629823 0.10697984
v -0.03149401 -0.00629823 0.10871852
v -0.03282977 0.00630160 0.10504351
v -0.03325677 0.00630160 0.10386872
v -0.03225216 0.00210165 0.10663266
v -0.03240276 0.00630160 0.10621831
v -0.03089586 0.00000169 0.11036418
v -0.03024296 -0.00629823 0.11216048
v -0.02981596 -0.00629823 0.11333527
v -0.03124756 -0.00209829 0.10939657
v -0.02938896 -0.00629823 0.11451007
v -0.04529306 -0.00804678 0.06694824
v -0.04573608 -0.00751894 0.06660758
v -0.04545414 -0.00751894 0.06650510
v -0.04508787 -0.00845923 0.06751280
v -0.04557501 -0.00804678 0.06705073
v -0.04485476 -0.00871470 0.06815415
v -0.04489662 -0.00879819 0.06891717
v -0.04513672 -0.00871470 0.06825662
v -0.04870070 0.00487520 0.05845117
v -0.04767759 0.00177666 0.06038779
v -0.04771250 0.00074381 0.06116997
v -0.04693645 -0.00132187 0.06242689
v -0.04841875 0.00487520 0.05834869
v -0.04619529 -0.00442040 0.06446600
v -0.04545414 -0.00751894 0.06650510
v -0.04573608 -0.00751894 0.06660758
v -0.04672429 -0.00338756 0.06388877
v -0.04841875 0.00487520 0.05834869
v -0.04875440 0.00505114 0.05830345
v -0.04847602 0.00506026 0.05819112
v -0.04854644 0.00519698 0.05799735
v -0.04890049 0.00527378 0.05790149
v -0.04862299 0.00527682 0.05778678
v -0.04898051 0.00530161 0.05768131
v -0.04869857 0.00530161 0.05757883
v -0.04882280 0.00518863 0.05811527
v -0.03043043 0.00752231 0.10783919
v -0.03087346 0.00805015 0.10749852
v -0.03071239 0.00752231 0.10794167
v -0.03059151 0.00805015 0.10739603
v -0.03107864 0.00846260 0.10693397
v -0.03126990 0.00880157 0.10552961
v -0.03131176 0.00871808 0.10629263
v -0.03102981 0.00871808 0.10619015
v -0.02820697 -0.00177328 0.11395649
v -0.02774777 -0.00487182 0.11609807
v -0.02746582 -0.00487182 0.11599559
v -0.02923008 0.00132524 0.11201988
v -0.02894813 0.00132524 0.11191740
v -0.02968928 0.00442378 0.10987830
v -0.03071239 0.00752231 0.10794167
v -0.03043043 0.00752231 0.10783919
v -0.02746582 -0.00487182 0.11599559
v -0.02769408 -0.00504777 0.11624579
v -0.02741212 -0.00504777 0.11614331
v -0.02726604 -0.00527040 0.11654527
v -0.02762569 -0.00518525 0.11643398
v -0.02754799 -0.00527040 0.11664776
v -0.02718600 -0.00529823 0.11676546
v -0.02746795 -0.00529823 0.11686793
v -0.02734373 -0.00518525 0.11633150
v -0.02967448 -0.01859806 0.06249641
v -0.02882683 -0.01859806 0.06218832
v -0.02933924 -0.01859806 0.06077857
v -0.03001609 -0.01859806 0.06155659
v -0.03035769 -0.01859806 0.06061676
v -0.02985163 -0.01859806 0.05936883
v -0.03069929 -0.01859806 0.05967692
v -0.01601047 -0.01859806 0.10008966
v -0.01516282 -0.01859806 0.09978156
v -0.01567521 -0.01859806 0.09837182
v -0.01652287 -0.01859806 0.09867991
v -0.01618762 -0.01859806 0.09696208
v -0.01703527 -0.01859806 0.09727017
v -0.01652288 0.01840144 0.09867992
v -0.01703528 0.01840144 0.09727017
v -0.01618762 0.01840144 0.09696208
v -0.01584603 0.01840144 0.09790189
v -0.01550443 0.01840144 0.09884172
v -0.01601048 0.01840144 0.10008966
v -0.01516282 0.01840144 0.09978156
v -0.03018690 0.01840144 0.06108667
v -0.03069929 0.01840144 0.05967692
v -0.02985164 0.01840144 0.05936884
v -0.02933924 0.01840144 0.06077858
v -0.02882683 0.01840144 0.06218832
v -0.02967450 0.01840144 0.06249641
v -0.04326171 -0.00879819 0.07253700
v -0.04489662 -0.00879819 0.06891717
v -0.04461467 -0.00879819 0.06881469
v -0.04190877 -0.00879819 0.07625931
v -0.04055582 -0.00879819 0.07998164
v -0.03542596 -0.00879819 0.09497337
v -0.03920287 -0.00879819 0.08370394
v -0.03784992 -0.00879819 0.08742626
v -0.03649697 -0.00879819 0.09114858
v -0.03514402 -0.00879819 0.09487090
v -0.03379108 -0.00879819 0.09859320
v -0.03243812 -0.00879819 0.10231551
v -0.03108517 -0.00879819 0.10603784
v -0.02595532 -0.00879819 0.12102957
v -0.02973222 -0.00879819 0.10976015
v -0.02837926 -0.00879819 0.11348246
v -0.02702631 -0.00879819 0.11720477
v -0.02567337 -0.00879819 0.12092709
v -0.04457117 -0.01967852 0.04799111
v -0.04586865 -0.01948199 0.04846803
v -0.04456947 -0.01967852 0.04799582
v -0.04718210 -0.01901274 0.04894543
v -0.05637321 -0.01873685 0.02529829
v -0.04843434 -0.01825821 0.04940058
v -0.04954510 -0.01723791 0.04980431
v -0.05839313 -0.01647974 0.02731646
v -0.05044460 -0.01600427 0.05013124
v -0.05533362 -0.01930777 0.02425965
v -0.05757711 -0.01764093 0.02650116
v -0.04916866 -0.01967852 0.03534229
v -0.05888248 -0.01547577 0.02780535
v -0.05108722 -0.01463422 0.05036482
v -0.05924678 -0.01439635 0.02816934
v -0.05914002 -0.01476198 0.02806264
v -0.05901844 -0.01512233 0.02794118
v -0.05933864 -0.01402707 0.02826113
v -0.05428238 -0.01961573 0.02320927
v -0.05157707 -0.01182333 0.05053754
v -0.05157536 -0.01182333 0.05054224
v -0.05145889 -0.01321405 0.05049992
v -0.05955860 -0.01254575 0.02848082
v -0.05558083 -0.01182333 0.03952218
v -0.05957008 -0.01236323 0.02849229
v -0.05957818 -0.01218189 0.02850040
v -0.05958458 -0.01182333 0.02850680
v -0.05941562 -0.01365576 0.02833803
v -0.05947780 -0.01328403 0.02840008
v -0.05952532 -0.01291356 0.02844755
v -0.05559649 -0.01919040 0.02452228
v -0.05611711 -0.01890513 0.02504239
v -0.05585791 -0.01905629 0.02478344
v -0.05402297 -0.01965433 0.02295008
v -0.05454377 -0.01956225 0.02347044
v -0.05480654 -0.01949340 0.02373300
v -0.05507006 -0.01940868 0.02399630
v -0.05376612 -0.01967852 0.02269347
v -0.05856928 -0.01615588 0.02749241
v -0.05820504 -0.01679118 0.02712853
v -0.05873263 -0.01582078 0.02765560
v -0.05687285 -0.01834905 0.02579746
v -0.05711456 -0.01812961 0.02603898
v -0.05662543 -0.01855148 0.02555027
v -0.05779619 -0.01737267 0.02671999
v -0.05734959 -0.01789340 0.02627384
v -0.05145889 0.01301743 0.05049992
v -0.05157537 0.01162670 0.05054224
v -0.05157707 0.01162670 0.05053754
v -0.05957818 0.01198526 0.02850040
v -0.05958459 0.01162670 0.02850680
v -0.05608482 0.01301743 0.03777285
v -0.05957008 0.01216661 0.02849232
v -0.05108722 0.01443760 0.05036482
v -0.05955861 0.01234912 0.02848086
v -0.05952530 0.01271693 0.02844759
v -0.05941563 0.01345911 0.02833798
v -0.05933867 0.01383043 0.02826106
v -0.05947780 0.01308740 0.02840011
v -0.05924682 0.01419970 0.02816930
v -0.05914003 0.01456535 0.02806262
v -0.05507051 0.01580764 0.03740418
v -0.05044460 0.01580764 0.05013124
v -0.04954512 0.01704128 0.04980431
v -0.05417103 0.01704128 0.03707723
v -0.04843434 0.01806159 0.04940058
v -0.05180803 0.01881612 0.03621835
v -0.04718210 0.01881612 0.04894543
v -0.05049458 0.01928536 0.03574095
v -0.04586866 0.01928536 0.04846804
v -0.05306026 0.01806159 0.03667350
v -0.05839314 0.01628310 0.02731644
v -0.05757713 0.01744430 0.02650115
v -0.04457119 0.01948190 0.04799113
v -0.04456947 0.01948190 0.04799582
v -0.05533363 0.01911113 0.02425963
v -0.05376612 0.01948190 0.02269348
v -0.05637321 0.01854022 0.02529831
v -0.05901844 0.01492570 0.02794120
v -0.05873263 0.01562414 0.02765560
v -0.05856930 0.01595925 0.02749241
v -0.05888249 0.01527914 0.02780536
v -0.05820505 0.01659453 0.02712850
v -0.05779619 0.01717604 0.02671999
v -0.05734959 0.01769677 0.02627383
v -0.05711456 0.01793298 0.02603896
v -0.05662543 0.01835485 0.02555028
v -0.05687286 0.01815243 0.02579746
v -0.05585791 0.01885966 0.02478346
v -0.05559650 0.01899377 0.02452227
v -0.05611708 0.01870851 0.02504242
v -0.05507007 0.01921206 0.02399629
v -0.05480655 0.01929677 0.02373300
v -0.05454378 0.01936562 0.02347046
v -0.05428239 0.01941910 0.02320927
v -0.05402297 0.01945770 0.02295009
v -0.02595532 -0.00529823 0.12102957
v -0.02567337 -0.00529823 0.12092709
v -0.02642968 -0.00529823 0.11884627
v -0.02671163 -0.00529823 0.11894874
v -0.02746795 -0.00529823 0.11686793
v -0.02718600 -0.00529823 0.11676546
v -0.04331788 0.00630160 0.07618806
v -0.04303591 0.00630160 0.07608559
v -0.04428275 0.00630160 0.07265521
v -0.04456470 0.00630160 0.07275768
v -0.04581154 0.00630160 0.06932731
v -0.04552960 0.00630160 0.06922480
v -0.04581154 0.00630160 0.06932731
v -0.04552960 0.00630160 0.06922480
v -0.04452499 0.00210165 0.07198874
v -0.04430464 0.00000169 0.07347316
v -0.04352039 -0.00209829 0.07475266
v -0.04251578 -0.00629823 0.07751659
v -0.04279773 -0.00629823 0.07761906
v -0.04155090 -0.00629823 0.08104944
v -0.04279773 -0.00629823 0.07761906
v -0.04251578 -0.00629823 0.07751659
v -0.04126895 -0.00629823 0.08094697
v -0.04030405 -0.00629823 0.08447982
v -0.04002210 -0.00629823 0.08437734
v -0.04102670 -0.00209829 0.08161342
v -0.04030405 -0.00629823 0.08447982
v -0.04002210 -0.00629823 0.08437734
v -0.04181097 0.00000169 0.08033395
v -0.04331788 0.00630160 0.07618806
v -0.04203130 0.00210165 0.07884950
v -0.04303591 0.00630160 0.07608559
v -0.03991352 0.00630160 0.08555427
v -0.03963158 0.00630160 0.08545179
v -0.04070822 0.00630160 0.08248966
v -0.04099017 0.00630160 0.08259215
v -0.04206681 0.00630160 0.07963002
v -0.04178486 0.00630160 0.07952754
v -0.04206681 0.00630160 0.07963002
v -0.04178486 0.00630160 0.07952754
v -0.04078026 0.00210165 0.08229147
v -0.04055991 0.00000169 0.08377591
v -0.03977566 -0.00209829 0.08505538
v -0.03877105 -0.00629823 0.08781931
v -0.03905300 -0.00629823 0.08792179
v -0.03797637 -0.00629823 0.09088390
v -0.03905300 -0.00629823 0.08792179
v -0.03877105 -0.00629823 0.08781931
v -0.03769441 -0.00629823 0.09078144
v -0.03689971 -0.00629823 0.09384604
v -0.03661776 -0.00629823 0.09374356
v -0.03762237 -0.00209829 0.09097963
v -0.03689971 -0.00629823 0.09384604
v -0.03661776 -0.00629823 0.09374356
v -0.03862697 0.00210165 0.08821572
v -0.03790432 -0.00209829 0.09108211
v -0.03963158 0.00630160 0.08545179
v -0.03890893 0.00210165 0.08831819
v -0.03991352 0.00630160 0.08555427
v -0.03702280 0.00630160 0.09350742
v -0.03674085 0.00630160 0.09340494
v -0.03756068 0.00630160 0.09114935
v -0.03784263 0.00630160 0.09125183
v -0.03866248 0.00630160 0.08899623
v -0.03838053 0.00630160 0.08889375
v -0.03838053 0.00630160 0.08889375
v -0.03737592 0.00210165 0.09165768
v -0.03765787 0.00210165 0.09176015
v -0.03665327 -0.00209829 0.09452407
v -0.03866248 0.00630160 0.08899623
v -0.03637133 -0.00209829 0.09442160
v -0.03536671 -0.00629823 0.09718552
v -0.03564866 -0.00629823 0.09728800
v -0.03482882 -0.00629823 0.09954360
v -0.03564866 -0.00629823 0.09728800
v -0.03536671 -0.00629823 0.09718552
v -0.03454687 -0.00629823 0.09944113
v -0.03400898 -0.00629823 0.10179918
v -0.03372704 -0.00629823 0.10169670
v -0.03473164 -0.00209829 0.09893280
v -0.03400898 -0.00629823 0.10179918
v -0.03372704 -0.00629823 0.10169670
v -0.03551588 0.00000169 0.09765331
v -0.03702280 0.00630160 0.09350742
v -0.03573624 0.00210165 0.09616886
v -0.03674085 0.00630160 0.09340494
v -0.03221666 -0.00209829 0.10585212
v -0.03149401 -0.00629823 0.10871852
v -0.03121206 -0.00629823 0.10861605
v -0.03322127 0.00210165 0.10308820
v -0.03249861 -0.00209829 0.10595461
v -0.03422588 0.00630160 0.10032429
v -0.03350321 0.00210165 0.10319067
v -0.03450781 0.00630160 0.10042676
v -0.03450781 0.00630160 0.10042676
v -0.03422588 0.00630160 0.10032429
v -0.03485783 0.00630160 0.09858560
v -0.03513978 0.00630160 0.09868807
v -0.03577175 0.00630160 0.09694938
v -0.03548979 0.00630160 0.09684690
v -0.03577175 0.00630160 0.09694938
v -0.03548979 0.00630160 0.09684690
v -0.03448519 0.00210165 0.09961083
v -0.03426483 0.00000169 0.10109527
v -0.03348057 -0.00209829 0.10237476
v -0.03247598 -0.00629823 0.10513868
v -0.03275793 -0.00629823 0.10524115
v -0.03212596 -0.00629823 0.10697984
v -0.03275793 -0.00629823 0.10524115
v -0.03247598 -0.00629823 0.10513868
v -0.03184402 -0.00629823 0.10687736
v -0.03149401 -0.00629823 0.10871852
v -0.03121206 -0.00629823 0.10861605
v -0.03240276 0.00630160 0.10621831
v -0.03212082 0.00630160 0.10611581
v -0.03254781 0.00630160 0.10494104
v -0.03282977 0.00630160 0.10504351
v -0.03325677 0.00630160 0.10386872
v -0.03297482 0.00630160 0.10376625
v -0.03297482 0.00630160 0.10376625
v -0.03197022 0.00210165 0.10653017
v -0.03225216 0.00210165 0.10663266
v -0.03124756 -0.00209829 0.10939657
v -0.03325677 0.00630160 0.10386872
v -0.03096561 -0.00209829 0.10929410
v -0.02996102 -0.00629823 0.11205800
v -0.03024296 -0.00629823 0.11216048
v -0.02981596 -0.00629823 0.11333527
v -0.03024296 -0.00629823 0.11216048
v -0.02996102 -0.00629823 0.11205800
v -0.02953401 -0.00629823 0.11323280
v -0.02938896 -0.00629823 0.11451007
v -0.02910701 -0.00629823 0.11440759
v -0.03011161 -0.00209829 0.11164366
v -0.02938896 -0.00629823 0.11451007
v -0.02910701 -0.00629823 0.11440759
v -0.03089586 0.00000169 0.11036418
v -0.03240276 0.00630160 0.10621831
v -0.03111622 0.00210165 0.10887975
v -0.03212082 0.00630160 0.10611581
v -0.05662543 -0.01855148 0.02555027
v -0.05637321 -0.01873685 0.02529829
v -0.05735284 -0.01825823 0.02486345
v -0.05611711 -0.01890513 0.02504239
v -0.05631285 -0.01901274 0.02382439
v -0.05585791 -0.01905629 0.02478344
v -0.05734959 -0.01789340 0.02627384
v -0.05711456 -0.01812961 0.02603898
v -0.05902238 -0.01600427 0.02653154
v -0.05820504 -0.01679118 0.02712853
v -0.05827536 -0.01723791 0.02578515
v -0.05687285 -0.01834905 0.02579746
v -0.05888248 -0.01547577 0.02780535
v -0.05955609 -0.01463422 0.02706478
v -0.05414303 -0.01967852 0.02165648
v -0.05454377 -0.01956225 0.02347044
v -0.05428238 -0.01961573 0.02320927
v -0.05402297 -0.01965433 0.02295008
v -0.05480654 -0.01949340 0.02373300
v -0.05533362 -0.01930777 0.02425965
v -0.05507006 -0.01940868 0.02399630
v -0.05559649 -0.01919040 0.02452228
v -0.05947780 -0.01328403 0.02840008
v -0.05941562 -0.01365576 0.02833803
v -0.05952532 -0.01291356 0.02844755
v -0.05996150 -0.01182333 0.02746981
v -0.05933864 -0.01402707 0.02826113
v -0.05924678 -0.01439635 0.02816934
v -0.05914002 -0.01476198 0.02806264
v -0.05957818 -0.01218189 0.02850040
v -0.05957008 -0.01236323 0.02849229
v -0.05955860 -0.01254575 0.02848082
v -0.05839313 -0.01647974 0.02731646
v -0.05779619 -0.01737267 0.02671999
v -0.05757711 -0.01764093 0.02650116
v -0.05901844 -0.01512233 0.02794118
v -0.05873263 -0.01582078 0.02765560
v -0.05856928 -0.01615588 0.02749241
v -0.05157707 -0.00009831 0.05053754
v -0.05157707 -0.01182333 0.05053754
v -0.05558083 -0.01182333 0.03952218
v -0.05996150 0.00157668 0.02746981
v -0.05996150 0.00492669 0.02746981
v -0.05958459 0.01162670 0.02850680
v -0.05157707 0.01162670 0.05053754
v -0.05996150 -0.01182333 0.02746981
v -0.05996150 -0.00847332 0.02746981
v -0.05958458 -0.01182333 0.02850680
v -0.05996150 -0.00512332 0.02746981
v -0.05996150 -0.00177331 0.02746981
v -0.05996150 0.00827670 0.02746981
v -0.05996150 0.01162670 0.02746981
v -0.05402297 0.01945770 0.02295009
v -0.05414304 0.01948190 0.02165648
v -0.05428239 0.01941910 0.02320927
v -0.05522202 0.01928536 0.02273452
v -0.05454378 0.01936562 0.02347046
v -0.05480655 0.01929677 0.02373300
v -0.05533363 0.01911113 0.02425963
v -0.05631286 0.01881612 0.02382439
v -0.05507007 0.01921206 0.02399629
v -0.05559650 0.01899377 0.02452227
v -0.05611708 0.01870851 0.02504242
v -0.05585791 0.01885966 0.02478346
v -0.05735284 0.01806159 0.02486345
v -0.05734959 0.01769677 0.02627383
v -0.05827536 0.01704128 0.02578515
v -0.05637321 0.01854022 0.02529831
v -0.05662543 0.01835485 0.02555028
v -0.05687286 0.01815243 0.02579746
v -0.05711456 0.01793298 0.02603896
v -0.05888249 0.01527914 0.02780536
v -0.05955609 0.01443760 0.02706477
v -0.05902239 0.01580764 0.02653154
v -0.05820505 0.01659453 0.02712850
v -0.05779619 0.01717604 0.02671999
v -0.05757713 0.01744430 0.02650115
v -0.05839314 0.01628310 0.02731644
v -0.05856930 0.01595925 0.02749241
v -0.05873263 0.01562414 0.02765560
v -0.05901844 0.01492570 0.02794120
v -0.05914003 0.01456535 0.02806262
v -0.05924682 0.01419970 0.02816930
v -0.05933867 0.01383043 0.02826106
v -0.05986478 0.01301743 0.02737318
v -0.05955861 0.01234912 0.02848086
v -0.05996150 0.01162670 0.02746981
v -0.05941563 0.01345911 0.02833798
v -0.05952530 0.01271693 0.02844759
v -0.05957008 0.01216661 0.02849232
v -0.05957818 0.01198526 0.02850040
v -0.05376612 0.01948190 0.02269348
v -0.05414304 0.01948190 0.02165648
v -0.05296053 0.01956129 0.02047503
v -0.05266377 0.01957784 0.02036718
v -0.04775633 0.01957784 0.03386880
v -0.04457119 0.01948190 0.04799113
v -0.04284890 0.01957784 0.04737045
v -0.04457117 -0.01967852 0.04799111
v -0.04775632 -0.01977447 0.03386880
v -0.04916866 -0.01967852 0.03534229
v -0.05266377 -0.01977447 0.02036718
v -0.04284888 -0.01977447 0.04737045
v -0.05376612 -0.01967852 0.02269347
v -0.05296053 -0.01975793 0.02047503
v -0.05414303 -0.01967852 0.02165648
v -0.01380371 -0.01934804 0.11874079
v -0.01380371 -0.02009804 0.11874079
v -0.01414530 -0.02009804 0.11780099
v -0.01414530 -0.01859806 0.11780099
v -0.01380371 -0.01859806 0.11874079
v -0.01448691 -0.01934804 0.11686114
v -0.01448691 -0.01859806 0.11686114
v -0.01448691 -0.02009804 0.11686114
v -0.02583886 0.01301743 0.12098724
v -0.02454558 0.01162670 0.12051716
v -0.02595532 0.01162670 0.12102957
v -0.02546719 0.01443760 0.12085214
v -0.02454558 0.00771837 0.12051716
v -0.02595532 0.00739546 0.12102957
v -0.02595532 0.00316423 0.12102957
v -0.02454558 -0.00009831 0.12051716
v -0.02595532 -0.00106699 0.12102957
v -0.02454558 0.00381002 0.12051716
v -0.02445132 0.01275222 0.12048290
v -0.02482455 0.01580765 0.12061857
v -0.02415052 0.01390158 0.12037359
v -0.02392508 0.01704128 0.12029162
v -0.02363045 0.01501036 0.12018454
v -0.02290248 0.01600877 0.11991995
v -0.02454558 -0.00400665 0.12051716
v -0.02567337 -0.00529823 0.12092709
v -0.02595532 -0.00529823 0.12102957
v -0.02454558 -0.01182333 0.12051716
v -0.02546718 -0.01463422 0.12085214
v -0.02583886 -0.01321405 0.12098724
v -0.02595532 -0.01182333 0.12102957
v -0.02567337 -0.00879819 0.12092709
v -0.02595532 -0.00879819 0.12102957
v -0.02454558 -0.00791499 0.12051716
v -0.02445308 -0.01293841 0.12048355
v -0.02482454 -0.01600427 0.12061856
v -0.02392507 -0.01723790 0.12029163
v -0.02415691 -0.01408038 0.12037589
v -0.02291959 -0.01618611 0.11992618
v -0.02364268 -0.01518614 0.12018897
v -0.02156207 0.01881613 0.11943276
v -0.02200353 0.01683451 0.11959321
v -0.02281430 0.01806159 0.11988789
v -0.02024863 0.01928537 0.11895535
v -0.02099008 0.01744516 0.11922484
v -0.01992710 0.01782492 0.11883848
v -0.01894944 0.01948190 0.11848314
v -0.01887566 0.01798399 0.11845631
v -0.01722886 0.01957784 0.11785774
v -0.01668129 0.01819272 0.11765873
v -0.01675251 0.01990142 0.11768462
v -0.01448691 0.01990142 0.11686114
v -0.01448691 0.01915143 0.11686114
v -0.01448691 0.01840144 0.11686114
v -0.02156207 -0.01901274 0.11943276
v -0.02202246 -0.01701691 0.11960008
v -0.02100655 -0.01763397 0.11923085
v -0.02281430 -0.01825821 0.11988789
v -0.01894944 -0.01967852 0.11848314
v -0.02024861 -0.01948199 0.11895535
v -0.01993688 -0.01801909 0.11884204
v -0.01668128 -0.01838933 0.11765873
v -0.01722885 -0.01977447 0.11785774
v -0.01887564 -0.01818060 0.11845631
v -0.01448691 -0.01859806 0.11686114
v -0.01448691 -0.01934804 0.11686114
v -0.01448691 -0.02009804 0.11686114
v -0.01675250 -0.02009804 0.11768461
v -0.01606931 0.01990142 0.11956426
v -0.01599809 0.01819272 0.11953839
v -0.01380371 0.01990142 0.11874080
v -0.01654565 0.01957784 0.11973741
v -0.01380371 0.01840144 0.11874080
v -0.01380371 0.01915143 0.11874080
v -0.01819246 0.01798399 0.12033598
v -0.01826624 0.01948190 0.12036280
v -0.01956542 0.01928537 0.12083502
v -0.01924390 0.01782492 0.12071816
v -0.02087888 0.01881613 0.12131241
v -0.02030690 0.01744516 0.12110451
v -0.02132033 0.01683451 0.12147286
v -0.02213110 0.01806159 0.12176756
v -0.01654564 -0.01977447 0.11973741
v -0.01599809 -0.01838933 0.11953839
v -0.01819245 -0.01818060 0.12033597
v -0.01380371 -0.01934804 0.11874079
v -0.01380371 -0.01859806 0.11874079
v -0.01380371 -0.02009804 0.11874079
v -0.01606929 -0.02009804 0.11956427
v -0.01826623 -0.01967852 0.12036280
v -0.01956542 -0.01948199 0.12083502
v -0.01924389 -0.01802154 0.12071815
v -0.02030689 -0.01764178 0.12110451
v -0.02213110 -0.01825821 0.12176756
v -0.02132032 -0.01703114 0.12147287
v -0.02221928 -0.01620539 0.12179962
v -0.02087888 -0.01901274 0.12131241
v -0.02324186 -0.01723790 0.12217130
v -0.02221928 0.01600877 0.12179962
v -0.02294723 0.01501036 0.12206419
v -0.02324188 0.01704128 0.12217130
v -0.02346732 0.01390158 0.12225323
v -0.02414136 0.01580765 0.12249824
v -0.02376812 0.01275222 0.12236257
v -0.02386238 0.01162670 0.12239683
v -0.02527213 0.00771837 0.12290923
v -0.02386238 0.00771837 0.12239683
v -0.02478399 0.01443760 0.12273180
v -0.02515567 0.01301743 0.12286690
v -0.02527213 0.01162670 0.12290923
v -0.02527213 0.00381002 0.12290923
v -0.02386238 0.00381002 0.12239683
v -0.02527213 -0.00009831 0.12290923
v -0.02386238 -0.00009831 0.12239683
v -0.02527213 -0.00400665 0.12290923
v -0.02386238 -0.00400665 0.12239683
v -0.02527213 -0.00791499 0.12290923
v -0.02386238 -0.00791499 0.12239683
v -0.02294722 -0.01520699 0.12206418
v -0.02346732 -0.01409821 0.12225322
v -0.02414136 -0.01600427 0.12249824
v -0.02376812 -0.01294885 0.12236257
v -0.02527213 -0.01182333 0.12290923
v -0.02386238 -0.01182333 0.12239683
v -0.02478398 -0.01463422 0.12273181
v -0.02515566 -0.01321405 0.12286690
v -0.04168934 0.01990142 0.04907696
v -0.04161812 0.01819271 0.04905109
v -0.03942376 0.01990142 0.04825349
v -0.04216569 0.01957784 0.04925010
v -0.03942376 0.01840144 0.04825349
v -0.03942376 0.01915143 0.04825349
v -0.04381250 0.01798399 0.04984865
v -0.04388628 0.01948190 0.04987548
v -0.04518545 0.01928536 0.05034770
v -0.04486393 0.01782492 0.05023083
v -0.04592693 0.01744516 0.05061718
v -0.04649891 0.01881612 0.05082511
v -0.04775115 0.01806159 0.05128024
v -0.04694036 0.01683451 0.05098556
v -0.04783932 0.01600877 0.05131230
v -0.04886192 0.01704128 0.05168397
v -0.04216568 -0.01977447 0.04925009
v -0.04161811 -0.01838933 0.04905108
v -0.04381249 -0.01818060 0.04984866
v -0.03942375 -0.01934805 0.04825348
v -0.03942375 -0.01859806 0.04825348
v -0.03942375 -0.02009804 0.04825348
v -0.04168934 -0.02009804 0.04907695
v -0.04388628 -0.01967852 0.04987548
v -0.04518545 -0.01948199 0.05034769
v -0.04486392 -0.01802155 0.05023083
v -0.04592693 -0.01764178 0.05061718
v -0.04775114 -0.01825821 0.05128023
v -0.04694036 -0.01703114 0.05098555
v -0.04783930 -0.01620539 0.05131229
v -0.04649890 -0.01901274 0.05082510
v -0.04886191 -0.01723791 0.05168397
v -0.04908736 0.01390158 0.05176592
v -0.04856728 0.01501036 0.05157689
v -0.04976139 0.01580764 0.05201091
v -0.04938816 0.01275222 0.05187525
v -0.05040403 0.01443760 0.05224448
v -0.04948241 0.01162670 0.05190949
v -0.04948241 0.00771836 0.05190949
v -0.05061022 0.00530161 0.05231943
v -0.04948241 0.00381002 0.05190949
v -0.05061022 0.00880157 0.05231943
v -0.05077570 0.01301743 0.05237958
v -0.05089216 0.01162670 0.05242191
v -0.05089216 0.00880157 0.05242191
v -0.05089216 0.00102037 0.05242191
v -0.05089216 0.00530161 0.05242191
v -0.04948241 -0.00009831 0.05190949
v -0.05089216 -0.00326085 0.05242191
v -0.04948241 -0.00400665 0.05190949
v -0.05089216 -0.00754210 0.05242191
v -0.04948241 -0.00791499 0.05190949
v -0.04856726 -0.01520699 0.05157687
v -0.04908735 -0.01409821 0.05176592
v -0.04976139 -0.01600427 0.05201091
v -0.04938816 -0.01294885 0.05187525
v -0.05089216 -0.01182333 0.05242191
v -0.05040402 -0.01463422 0.05224448
v -0.04948241 -0.01182333 0.05190949
v -0.05077569 -0.01321405 0.05237958
v -0.03942375 -0.01934805 0.04825348
v -0.03942375 -0.02009804 0.04825348
v -0.03976535 -0.02009804 0.04731365
v -0.03976535 -0.01859806 0.04731365
v -0.03942375 -0.01859806 0.04825348
v -0.04010695 -0.01934805 0.04637384
v -0.04010695 -0.01859806 0.04637384
v -0.04010695 -0.02009804 0.04637384
v -0.05108722 0.01443760 0.05036482
v -0.05016562 0.01162670 0.05002983
v -0.05145889 0.01301743 0.05049992
v -0.05007136 0.01275222 0.04999559
v -0.05157537 0.00771836 0.05054224
v -0.05157537 0.01162670 0.05054224
v -0.05016562 0.00771836 0.05002983
v -0.05157536 0.00381002 0.05054224
v -0.05044460 0.01580764 0.05013124
v -0.04925047 0.01501036 0.04969723
v -0.04954512 0.01704128 0.04980431
v -0.04852252 0.01600877 0.04943263
v -0.04843434 0.01806159 0.04940058
v -0.04977056 0.01390158 0.04988626
v -0.05016562 0.00381002 0.05002983
v -0.05157536 -0.00009831 0.05054224
v -0.05157536 -0.00400665 0.05054224
v -0.05016562 -0.00791499 0.05002983
v -0.05157536 -0.00791499 0.05054224
v -0.05016562 -0.01182333 0.05002983
v -0.05157536 -0.01182333 0.05054224
v -0.05108722 -0.01463422 0.05036482
v -0.05145889 -0.01321405 0.05049992
v -0.05007136 -0.01294885 0.04999559
v -0.05044460 -0.01600427 0.05013124
v -0.05016562 -0.00400665 0.05002983
v -0.04977055 -0.01409821 0.04988626
v -0.04954510 -0.01723791 0.04980431
v -0.04852251 -0.01620539 0.04943263
v -0.04925047 -0.01520699 0.04969723
v -0.05016562 -0.00009831 0.05002983
v -0.04586866 0.01928536 0.04846804
v -0.04661012 0.01744516 0.04873753
v -0.04718210 0.01881612 0.04894543
v -0.04456947 0.01948190 0.04799582
v -0.04554714 0.01782492 0.04835117
v -0.04762357 0.01683451 0.04910587
v -0.04449569 0.01798398 0.04796899
v -0.04237254 0.01990142 0.04719729
v -0.04230132 0.01819271 0.04717140
v -0.04284890 0.01957784 0.04737045
v -0.04010696 0.01990142 0.04637384
v -0.04010696 0.01915143 0.04637384
v -0.04010696 0.01840144 0.04637384
v -0.04718210 -0.01901274 0.04894543
v -0.04762356 -0.01703114 0.04910589
v -0.04661012 -0.01764178 0.04873753
v -0.04843434 -0.01825821 0.04940058
v -0.04456947 -0.01967852 0.04799582
v -0.04586865 -0.01948199 0.04846803
v -0.04554713 -0.01802155 0.04835117
v -0.04230132 -0.01838933 0.04717140
v -0.04284888 -0.01977447 0.04737045
v -0.04449569 -0.01818060 0.04796899
v -0.04010695 -0.01859806 0.04637384
v -0.04010695 -0.01934805 0.04637384
v -0.04010695 -0.02009804 0.04637384
v -0.04237254 -0.02009804 0.04719729
v -0.02802978 -0.02009804 0.06189862
v -0.02638508 -0.02009804 0.06130082
v -0.02760596 -0.01934805 0.06174457
v -0.02967448 -0.01934805 0.06249641
v -0.02882683 -0.01859806 0.06218832
v -0.02967448 -0.01859806 0.06249641
v -0.02967448 -0.02009804 0.06249641
v -0.02822380 -0.01959804 0.05877716
v -0.02760596 -0.01934805 0.06174457
v -0.02689749 -0.02009804 0.05989107
v -0.02638508 -0.02009804 0.06130082
v -0.02740988 -0.02009804 0.05848133
v -0.02903771 -0.01909805 0.05907300
v -0.02882683 -0.01859806 0.06218832
v -0.02933924 -0.01859806 0.06077857
v -0.02985163 -0.01859806 0.05936883
v -0.03069929 -0.01934805 0.05967692
v -0.03069929 -0.01859806 0.05967692
v -0.02985163 -0.01859806 0.05936883
v -0.02960282 -0.02009804 0.05927839
v -0.03069929 -0.02009804 0.05967692
v -0.02850635 -0.02009804 0.05887985
v -0.02903771 -0.01909805 0.05907300
v -0.02822380 -0.01959804 0.05877716
v -0.02740988 -0.02009804 0.05848133
v -0.03069929 -0.01934805 0.05967692
v -0.03069929 -0.02009804 0.05967692
v -0.03035769 -0.02009804 0.06061676
v -0.03069929 -0.01859806 0.05967692
v -0.03035769 -0.01859806 0.06061676
v -0.03001609 -0.02009804 0.06155659
v -0.02967448 -0.01934805 0.06249641
v -0.02967448 -0.02009804 0.06249641
v -0.02967448 -0.01859806 0.06249641
v -0.03001609 -0.01859806 0.06155659
v -0.01703527 -0.01934804 0.09727017
v -0.01703527 -0.01859806 0.09727017
v -0.01618762 -0.01859806 0.09696208
v -0.01593880 -0.02009803 0.09687163
v -0.01703527 -0.02009803 0.09727017
v -0.01484234 -0.02009803 0.09647309
v -0.01537370 -0.01909805 0.09666623
v -0.01455978 -0.01959804 0.09637040
v -0.01374587 -0.02009803 0.09607455
v -0.01703527 -0.01934804 0.09727017
v -0.01703527 -0.02009803 0.09727017
v -0.01652287 -0.02009803 0.09867991
v -0.01652287 -0.01859806 0.09867991
v -0.01703527 -0.01859806 0.09727017
v -0.01601047 -0.01934804 0.10008966
v -0.01601047 -0.01859806 0.10008966
v -0.01601047 -0.02009803 0.10008966
v -0.01381754 -0.02009803 0.09929259
v -0.01353498 -0.01959804 0.09918989
v -0.01434890 -0.01909805 0.09948571
v -0.01272107 -0.02009803 0.09889406
v -0.01491399 -0.02009803 0.09969113
v -0.01601047 -0.01934804 0.10008966
v -0.01516282 -0.01859806 0.09978156
v -0.01601047 -0.01859806 0.10008966
v -0.01601047 -0.02009803 0.10008966
v -0.01323346 -0.02009803 0.09748429
v -0.01374587 -0.02009803 0.09607455
v -0.01455978 -0.01959804 0.09637040
v -0.01353498 -0.01959804 0.09918989
v -0.01272107 -0.02009803 0.09889406
v -0.01434890 -0.01909805 0.09948571
v -0.01567521 -0.01859806 0.09837182
v -0.01537370 -0.01909805 0.09666623
v -0.01618762 -0.01859806 0.09696208
v -0.01516282 -0.01859806 0.09978156
v -0.04855109 -0.02056165 0.01887234
v -0.04855109 -0.02009804 0.01887234
v -0.04799628 -0.02009804 0.01877611
v -0.04799628 -0.02103010 0.01877611
v -0.04855109 -0.02102525 0.01887234
v -0.04740453 -0.02009804 0.01889285
v -0.04740453 -0.02103459 0.01889285
v -0.04689803 -0.02009804 0.01922039
v -0.04689803 -0.02103778 0.01922039
v -0.04656617 -0.02056859 0.01967532
v -0.04656617 -0.02009804 0.01967532
v -0.04656617 -0.02103915 0.01967532
v -0.03882103 -0.02105528 0.03557302
v -0.03727200 -0.02009804 0.03875257
v -0.03107588 -0.02058472 0.05147073
v -0.03417395 -0.02009804 0.04511165
v -0.03107588 -0.02009804 0.05147073
v -0.03107588 -0.02107140 0.05147073
v -0.04656617 -0.02056859 0.01967532
v -0.04656617 -0.02103915 0.01967532
v -0.04037007 -0.02009804 0.03239349
v -0.04346811 -0.02009804 0.02603441
v -0.04656617 -0.02009804 0.01967532
v -0.03063066 -0.02107344 0.05201134
v -0.03107588 -0.02058472 0.05147073
v -0.03064510 -0.02009804 0.05200030
v -0.03107588 -0.02009804 0.05147073
v -0.02998853 -0.02058796 0.05229085
v -0.02998854 -0.02009804 0.05229086
v -0.02998853 -0.02107787 0.05229085
v -0.03107588 -0.02107140 0.05147073
v -0.02910229 -0.02009804 0.05244754
v -0.02910229 -0.02108469 0.05244754
v -0.02998853 -0.02058796 0.05229085
v -0.02998853 -0.02107787 0.05229085
v -0.02998854 -0.02009804 0.05229086
v -0.02821605 -0.02059476 0.05260420
v -0.02821605 -0.02009804 0.05260420
v -0.02821605 -0.02109148 0.05260420
v -0.02821605 -0.02059476 0.05260420
v -0.02821605 -0.02009804 0.05260420
v -0.02784886 -0.02009804 0.05271924
v -0.02784886 -0.02109414 0.05271924
v -0.02821605 -0.02109148 0.05260420
v -0.02751249 -0.02009804 0.05293266
v -0.02751249 -0.02109627 0.05293266
v -0.02724416 -0.02009804 0.05322710
v -0.02724416 -0.02109760 0.05322710
v -0.02706742 -0.02059803 0.05356889
v -0.02706742 -0.02009804 0.05356889
v -0.02706742 -0.02109802 0.05356889
v -0.00930420 -0.02059803 0.10244009
v -0.00930420 -0.02109802 0.10244009
v -0.01522529 -0.02109802 0.08614969
v -0.01818581 -0.02009803 0.07800448
v -0.01596541 -0.02009803 0.08411338
v -0.01152460 -0.02009803 0.09633119
v -0.00930420 -0.02009803 0.10244009
v -0.01374501 -0.02009803 0.09022229
v -0.02706742 -0.02059803 0.05356889
v -0.02114635 -0.02109802 0.06985929
v -0.02706742 -0.02109802 0.05356889
v -0.02040621 -0.02009804 0.07189558
v -0.02262661 -0.02009804 0.06578668
v -0.02706742 -0.02009804 0.05356889
v -0.02484702 -0.02009804 0.05967779
v -0.00922023 -0.02109759 0.10281560
v -0.00930420 -0.02009803 0.10244009
v -0.00923220 -0.02009803 0.10318565
v -0.00930420 -0.02109802 0.10244009
v -0.00930420 -0.02059803 0.10244009
v -0.00923687 -0.02109627 0.10321361
v -0.00956531 -0.02059475 0.10391716
v -0.00934873 -0.02009803 0.10357389
v -0.00956531 -0.02009803 0.10391716
v -0.00935770 -0.02109414 0.10359321
v -0.00956531 -0.02109148 0.10391716
v -0.01074385 -0.02058784 0.10532043
v -0.01074385 -0.02107763 0.10532043
v -0.01015459 -0.02108455 0.10461880
v -0.01015459 -0.02009803 0.10461880
v -0.01074385 -0.02009803 0.10532043
v -0.00956531 -0.02059475 0.10391716
v -0.00956531 -0.02009803 0.10391716
v -0.00956531 -0.02109148 0.10391716
v -0.01105662 -0.02009803 0.10594703
v -0.01105080 -0.02009803 0.10664733
v -0.01105080 -0.02058460 0.10664733
v -0.01074385 -0.02058784 0.10532043
v -0.01074385 -0.02009803 0.10532043
v -0.01105662 -0.02107319 0.10594703
v -0.01074385 -0.02107763 0.10532043
v -0.01105080 -0.02107115 0.10664733
v -0.04775632 -0.01977447 0.03386880
v -0.04284888 -0.01977447 0.04737045
v -0.04482625 -0.02009804 0.04044648
v -0.04237254 -0.02009804 0.04719729
v -0.04727998 -0.02009804 0.03369565
v -0.04973370 -0.02009804 0.02694484
v -0.05218742 -0.02009804 0.02019404
v -0.05266377 -0.01977447 0.02036718
v -0.01380371 0.01915143 0.11874080
v -0.01380371 0.01840144 0.11874080
v -0.01414532 0.01840144 0.11780097
v -0.01414532 0.01990142 0.11780097
v -0.01380371 0.01990142 0.11874080
v -0.01448691 0.01915143 0.11686114
v -0.01448691 0.01990142 0.11686114
v -0.01448691 0.01840144 0.11686114
v -0.03942376 0.01915143 0.04825349
v -0.03942376 0.01840144 0.04825349
v -0.03976536 0.01840144 0.04731365
v -0.03976536 0.01990142 0.04731365
v -0.03942376 0.01990142 0.04825349
v -0.04010696 0.01915143 0.04637384
v -0.04010696 0.01990142 0.04637384
v -0.04010696 0.01840144 0.04637384
v -0.01593881 0.01990142 0.09687164
v -0.01618762 0.01840144 0.09696208
v -0.01703528 0.01915143 0.09727017
v -0.01703528 0.01840144 0.09727017
v -0.01703528 0.01990142 0.09727017
v -0.01537371 0.01890144 0.09666623
v -0.01484234 0.01990142 0.09647309
v -0.01455979 0.01940143 0.09637041
v -0.01374588 0.01990142 0.09607455
v -0.01584603 0.01840144 0.09790189
v -0.01618762 0.01840144 0.09696208
v -0.01537371 0.01890144 0.09666623
v -0.01455979 0.01940143 0.09637041
v -0.01550443 0.01840144 0.09884172
v -0.01516282 0.01840144 0.09978156
v -0.01434891 0.01890144 0.09948572
v -0.01353498 0.01940143 0.09918989
v -0.01340428 0.01990142 0.09701439
v -0.01374588 0.01990142 0.09607455
v -0.01272107 0.01990142 0.09889406
v -0.01306267 0.01990142 0.09795423
v -0.01353498 0.01940143 0.09918989
v -0.01272107 0.01990142 0.09889406
v -0.01381754 0.01990142 0.09929259
v -0.01434891 0.01890144 0.09948572
v -0.01491400 0.01990142 0.09969113
v -0.01601048 0.01915143 0.10008966
v -0.01601048 0.01990142 0.10008966
v -0.01601048 0.01840144 0.10008966
v -0.01516282 0.01840144 0.09978156
v -0.01703528 0.01915143 0.09727017
v -0.01703528 0.01840144 0.09727017
v -0.01652288 0.01840144 0.09867992
v -0.01652288 0.01990142 0.09867992
v -0.01703528 0.01990142 0.09727017
v -0.01601048 0.01915143 0.10008966
v -0.01601048 0.01990142 0.10008966
v -0.01601048 0.01840144 0.10008966
v -0.02719900 0.01940143 0.06159665
v -0.02638509 0.01990142 0.06130081
v -0.02748155 0.01990142 0.06169935
v -0.02801292 0.01890143 0.06189249
v -0.02857803 0.01990142 0.06209788
v -0.02967450 0.01915143 0.06249641
v -0.02967450 0.01990142 0.06249641
v -0.02967450 0.01840144 0.06249641
v -0.02882683 0.01840144 0.06218832
v -0.03069929 0.01840144 0.05967692
v -0.03018690 0.01990142 0.06108667
v -0.03069929 0.01990142 0.05967692
v -0.03018690 0.01840144 0.06108667
v -0.02967450 0.01915143 0.06249641
v -0.02967450 0.01990142 0.06249641
v -0.02985164 0.01840144 0.05936884
v -0.03069929 0.01840144 0.05967692
v -0.02863077 0.01915143 0.05892508
v -0.03069929 0.01990142 0.05967692
v -0.02905460 0.01990142 0.05907912
v -0.02740989 0.01990142 0.05848133
v -0.02933924 0.01840144 0.06077858
v -0.02985164 0.01840144 0.05936884
v -0.02863077 0.01915143 0.05892508
v -0.02801292 0.01890143 0.06189249
v -0.02882683 0.01840144 0.06218832
v -0.02689749 0.01990142 0.05989108
v -0.02719900 0.01940143 0.06159665
v -0.02638509 0.01990142 0.06130081
v -0.02740989 0.01990142 0.05848133
v -0.04973371 0.01990142 0.02694484
v -0.05266377 0.01957784 0.02036718
v -0.05218743 0.01990142 0.02019405
v -0.04775633 0.01957784 0.03386880
v -0.04727998 0.01990142 0.03369566
v -0.04482626 0.01990142 0.04044649
v -0.04284890 0.01957784 0.04737045
v -0.04237254 0.01990142 0.04719729
v -0.02717483 0.01990142 0.07664582
v -0.02092159 0.01990142 0.07664586
v -0.02092165 0.01990142 0.08629078
v -0.05036928 0.01990142 0.01953319
v -0.04855110 0.01990142 0.01887234
v -0.04973371 0.01990142 0.02694484
v -0.04799629 0.01990142 0.01877611
v -0.04656618 0.01990142 0.01967532
v -0.04740454 0.01990142 0.01889285
v -0.04689804 0.01990142 0.01922039
v -0.05218743 0.01990142 0.02019405
v -0.04346812 0.01990142 0.02603441
v -0.04727998 0.01990142 0.03369566
v -0.04010696 0.01990142 0.04637384
v -0.04237254 0.01990142 0.04719729
v -0.04482626 0.01990142 0.04044649
v -0.04037007 0.01990142 0.03239349
v -0.03976536 0.01990142 0.04731365
v -0.03417395 0.01990142 0.04511165
v -0.03727201 0.01990142 0.03875256
v -0.03942376 0.01990142 0.04825349
v -0.03107589 0.01990142 0.05147072
v -0.03942236 0.01990142 0.05531402
v -0.04168934 0.01990142 0.04907696
v -0.03069929 0.01990142 0.05967692
v -0.03063067 0.01990142 0.05201133
v -0.02910230 0.01990142 0.05244754
v -0.02905460 0.01990142 0.05907912
v -0.02998855 0.01990142 0.05229085
v -0.02821606 0.01990142 0.05260420
v -0.03715536 0.01990142 0.06155107
v -0.03488839 0.01990142 0.06778814
v -0.02706743 0.01990142 0.05356888
v -0.02784887 0.01990142 0.05271924
v -0.03018690 0.01990142 0.06108667
v -0.03035441 0.01990142 0.08026226
v -0.03262141 0.01990142 0.07402519
v -0.02967450 0.01990142 0.06249641
v -0.02808742 0.01990142 0.08649932
v -0.02857803 0.01990142 0.06209788
v -0.02740989 0.01990142 0.05848133
v -0.02724417 0.01990142 0.05322710
v -0.02751250 0.01990142 0.05293266
v -0.02484703 0.01990142 0.05967779
v -0.02689749 0.01990142 0.05989108
v -0.02638509 0.01990142 0.06130081
v -0.02262662 0.01990142 0.06578668
v -0.02748155 0.01990142 0.06169935
v -0.02092171 0.01990142 0.09593572
v -0.02355346 0.01990142 0.09897343
v -0.02582045 0.01990142 0.09273639
v -0.02128647 0.01990142 0.10521049
v -0.02040621 0.01990142 0.07189558
v -0.01818582 0.01990142 0.07800449
v -0.01703528 0.01990142 0.09727017
v -0.01596541 0.01990142 0.08411338
v -0.01374501 0.01990142 0.09022229
v -0.01652288 0.01990142 0.09867992
v -0.01601048 0.01990142 0.10008966
v -0.01593881 0.01990142 0.09687164
v -0.01484234 0.01990142 0.09647309
v -0.01491400 0.01990142 0.09969113
v -0.01105662 0.01990142 0.10594703
v -0.01901949 0.01990142 0.11144757
v -0.01152461 0.01990142 0.09633120
v -0.01340428 0.01990142 0.09701439
v -0.01374588 0.01990142 0.09607455
v -0.01272107 0.01990142 0.09889406
v -0.01306267 0.01990142 0.09795423
v -0.00930421 0.01990143 0.10244008
v -0.00956532 0.01990143 0.10391717
v -0.01015459 0.01990142 0.10461879
v -0.01381754 0.01990142 0.09929259
v -0.01074386 0.01990142 0.10532043
v -0.00923220 0.01990143 0.10318565
v -0.00934874 0.01990143 0.10357390
v -0.01105081 0.01990142 0.10664734
v -0.01448691 0.01990142 0.11686114
v -0.01675251 0.01990142 0.11768462
v -0.00957729 0.01990142 0.11256848
v -0.01414532 0.01990142 0.11780097
v -0.00810375 0.01990142 0.11848962
v -0.01388399 0.01990142 0.12557673
v -0.01380371 0.01990142 0.11874080
v -0.01606931 0.01990142 0.11956426
v -0.00663026 0.01990142 0.12441071
v -0.01169859 0.01990142 0.13158923
v -0.00515670 0.01990142 0.13033187
v -0.00951320 0.01990142 0.13760176
v -0.00732789 0.01990142 0.14361419
v -0.00368322 0.01990142 0.13625295
v -0.00220967 0.01990142 0.14217412
v -0.00401330 0.01990142 0.14414065
v -0.00360962 0.01990142 0.14415321
v -0.00234992 0.01990142 0.14331226
v -0.00272857 0.01990142 0.14378177
v -0.00321576 0.01990142 0.14406421
v -0.00217199 0.01990142 0.14273594
v -0.04799629 0.02083346 0.01877611
v -0.04855110 0.02036502 0.01887234
v -0.04855110 0.02082864 0.01887234
v -0.04740454 0.01990142 0.01889285
v -0.04799629 0.01990142 0.01877611
v -0.04855110 0.01990142 0.01887234
v -0.04740454 0.02083798 0.01889285
v -0.04656618 0.02037197 0.01967532
v -0.04689804 0.02084115 0.01922039
v -0.04656618 0.02084251 0.01967532
v -0.04689804 0.01990142 0.01922039
v -0.04656618 0.01990142 0.01967532
v -0.03107589 0.02038810 0.05147072
v -0.03107589 0.01990142 0.05147072
v -0.03417395 0.01990142 0.04511165
v -0.03882103 0.02085865 0.03557302
v -0.03107589 0.02087479 0.05147072
v -0.03727201 0.01990142 0.03875256
v -0.04656618 0.02037197 0.01967532
v -0.04037007 0.01990142 0.03239349
v -0.04346812 0.01990142 0.02603441
v -0.04656618 0.01990142 0.01967532
v -0.04656618 0.02084251 0.01967532
v -0.03063067 0.02087683 0.05201133
v -0.02998855 0.02088125 0.05229085
v -0.02998855 0.02039133 0.05229085
v -0.03107589 0.02038810 0.05147072
v -0.03107589 0.02087479 0.05147072
v -0.03063067 0.01990142 0.05201133
v -0.03107589 0.01990142 0.05147072
v -0.02998855 0.01990142 0.05229085
v -0.02998855 0.02039133 0.05229085
v -0.02998855 0.02088125 0.05229085
v -0.02910230 0.02088806 0.05244754
v -0.02910230 0.01990142 0.05244754
v -0.02998855 0.01990142 0.05229085
v -0.02821606 0.02039813 0.05260420
v -0.02821606 0.01990142 0.05260420
v -0.02821606 0.02089486 0.05260420
v -0.02784887 0.02089753 0.05271924
v -0.02821606 0.02039813 0.05260420
v -0.02821606 0.02089486 0.05260420
v -0.02751250 0.01990142 0.05293266
v -0.02784887 0.01990142 0.05271924
v -0.02821606 0.01990142 0.05260420
v -0.02751250 0.02089965 0.05293266
v -0.02706743 0.02040141 0.05356888
v -0.02724417 0.02090098 0.05322710
v -0.02706743 0.02090141 0.05356888
v -0.02724417 0.01990142 0.05322710
v -0.02706743 0.01990142 0.05356888
v -0.00930421 0.02040142 0.10244008
v -0.00930421 0.01990143 0.10244008
v -0.01152461 0.01990142 0.09633120
v -0.01374501 0.01990142 0.09022229
v -0.01522529 0.02090141 0.08614969
v -0.00930421 0.02090141 0.10244008
v -0.01596541 0.01990142 0.08411338
v -0.01818582 0.01990142 0.07800449
v -0.02706743 0.02040141 0.05356888
v -0.02040621 0.01990142 0.07189558
v -0.02262662 0.01990142 0.06578668
v -0.02484703 0.01990142 0.05967779
v -0.02114635 0.02090141 0.06985929
v -0.02706743 0.01990142 0.05356888
v -0.02706743 0.02090141 0.05356888
v -0.00930421 0.02040142 0.10244008
v -0.00930421 0.02090141 0.10244008
v -0.00922023 0.02090098 0.10281560
v -0.00930421 0.01990143 0.10244008
v -0.00923220 0.01990143 0.10318565
v -0.00923688 0.02089965 0.10321362
v -0.00935770 0.02089753 0.10359321
v -0.00934874 0.01990143 0.10357390
v -0.00956532 0.02089486 0.10391717
v -0.00956532 0.02039815 0.10391717
v -0.00956532 0.01990143 0.10391717
v -0.01074386 0.02039121 0.10532043
v -0.01074386 0.01990142 0.10532043
v -0.01015459 0.01990142 0.10461879
v -0.01015459 0.02088794 0.10461879
v -0.01074386 0.02088101 0.10532043
v -0.00956532 0.02039815 0.10391717
v -0.00956532 0.02089486 0.10391717
v -0.01105662 0.01990142 0.10594703
v -0.01074386 0.02039121 0.10532043
v -0.01105662 0.02087658 0.10594703
v -0.01074386 0.02088101 0.10532043
v -0.01105081 0.02038797 0.10664734
v -0.01105081 0.02087454 0.10664734
v -0.01105081 0.01990142 0.10664734
v -0.01074386 0.01990142 0.10532043
v -0.00220967 0.02037128 0.14217412
v -0.00220967 0.01990142 0.14217412
v -0.00368322 0.01990142 0.13625295
v -0.00515670 0.01990142 0.13033187
v -0.00220967 0.02084113 0.14217412
v -0.00663026 0.02085784 0.12441071
v -0.00663026 0.01990142 0.12441071
v -0.01105081 0.02038797 0.10664734
v -0.00810375 0.01990142 0.11848962
v -0.00957729 0.01990142 0.11256848
v -0.01105081 0.01990142 0.10664734
v -0.01105081 0.02087454 0.10664734
v -0.00321576 0.02036433 0.14406421
v -0.00321576 0.02082726 0.14406421
v -0.00360962 0.02082376 0.14415321
v -0.00360962 0.01990142 0.14415321
v -0.00321576 0.01990142 0.14406421
v -0.00401330 0.02036095 0.14414065
v -0.00401330 0.01990142 0.14414065
v -0.00401330 0.02082049 0.14414065
v -0.05058789 0.02080972 0.01961265
v -0.05218743 0.01990142 0.02019405
v -0.05296053 0.02056266 0.02047503
v -0.05266377 0.01957784 0.02036718
v -0.05296053 0.01956129 0.02047503
v -0.05262467 0.02079080 0.02035296
v -0.04855110 0.02036502 0.01887234
v -0.04855110 0.02082864 0.01887234
v -0.04855110 0.01990142 0.01887234
v -0.05036928 0.01990142 0.01953319
v -0.00923688 0.02089965 0.10321362
v -0.00922023 0.02090098 0.10281560
v -0.00930421 0.02090141 0.10244008
v -0.00935770 0.02089753 0.10359321
v -0.00956532 0.02089486 0.10391717
v -0.01015459 0.02088794 0.10461879
v -0.01105662 0.02087658 0.10594703
v -0.02277702 0.02079081 0.10247149
v -0.01105081 0.02087454 0.10664734
v -0.01074386 0.02088101 0.10532043
v -0.01522529 0.02090141 0.08614969
v -0.00234992 0.02083660 0.14331226
v -0.00217199 0.02083978 0.14273594
v -0.00220967 0.02084113 0.14217412
v -0.00272857 0.02083209 0.14378177
v -0.00321576 0.02082726 0.14406421
v -0.00360962 0.02082376 0.14415321
v -0.01531512 0.02079081 0.12300112
v -0.00663026 0.02085784 0.12441071
v -0.00785319 0.02079081 0.14353077
v -0.00401330 0.02082049 0.14414065
v -0.02114635 0.02090141 0.06985929
v -0.04855110 0.02082864 0.01887234
v -0.04516275 0.02079080 0.04088258
v -0.04656618 0.02084251 0.01967532
v -0.03882103 0.02085865 0.03557302
v -0.03770084 0.02079080 0.06141222
v -0.03107589 0.02087479 0.05147072
v -0.04740454 0.02083798 0.01889285
v -0.04689804 0.02084115 0.01922039
v -0.04799629 0.02083346 0.01877611
v -0.05058789 0.02080972 0.01961265
v -0.05262467 0.02079080 0.02035296
v -0.02706743 0.02090141 0.05356888
v -0.02751250 0.02089965 0.05293266
v -0.02784887 0.02089753 0.05271924
v -0.02724417 0.02090098 0.05322710
v -0.03023894 0.02079080 0.08194186
v -0.02821606 0.02089486 0.05260420
v -0.02998855 0.02088125 0.05229085
v -0.03063067 0.02087683 0.05201133
v -0.02910230 0.02088806 0.05244754
v -0.03060864 0.02056266 0.08197084
v -0.00825677 0.02056266 0.14346663
v -0.02277702 0.02079081 0.10247149
v -0.00785319 0.02079081 0.14353077
v -0.01531512 0.02079081 0.12300112
v -0.03023894 0.02079080 0.08194186
v -0.04516275 0.02079080 0.04088258
v -0.05262467 0.02079080 0.02035296
v -0.05296053 0.02056266 0.02047503
v -0.03770084 0.02079080 0.06141222
v -0.01149198 0.02048051 0.13915367
v -0.01002652 0.02048053 0.14318557
v -0.00825677 0.02056266 0.14346663
v -0.03060864 0.02056266 0.08197084
v -0.05296053 0.02056266 0.02047503
v -0.05418389 0.02048051 0.02169730
v -0.04731338 0.00000169 0.06431716
v -0.04419324 -0.00194828 0.07290149
v -0.04452499 0.00210165 0.07198874
v -0.04731338 0.00390162 0.06431716
v -0.04710235 -0.00281399 0.06489777
v -0.04809056 0.00131737 0.06217895
v -0.04586997 -0.00757223 0.06828835
v -0.04571457 -0.00774255 0.06871592
v -0.04555450 -0.00779821 0.06915630
v -0.04600677 -0.00729726 0.06791200
v -0.04611414 -0.00694537 0.06761656
v -0.04419324 -0.00584823 0.07290149
v -0.04731338 0.00585160 0.06431716
v -0.04918615 0.00580065 0.05916472
v -0.04907876 0.00544876 0.05946016
v -0.04947835 0.00624593 0.05836079
v -0.04932294 0.00607561 0.05878835
v -0.04552960 0.00630160 0.06922480
v -0.04815109 0.00780158 0.06201241
v -0.04587374 0.00780158 0.06827797
v -0.04336096 -0.00779821 0.07519128
v -0.04251578 -0.00629823 0.07751659
v -0.04116742 -0.00779821 0.08122626
v -0.04352039 -0.00209829 0.07475266
v -0.04002210 -0.00629823 0.08437734
v -0.04126895 -0.00629823 0.08094697
v -0.03897389 -0.00779821 0.08726125
v -0.03977566 -0.00209829 0.08505538
v -0.04102670 -0.00209829 0.08161342
v -0.04203130 0.00210165 0.07884950
v -0.04178486 0.00630160 0.07952754
v -0.04303591 0.00630160 0.07608559
v -0.04078026 0.00210165 0.08229147
v -0.04070822 0.00630160 0.08248966
v -0.04131908 0.00780158 0.08080904
v -0.03963158 0.00630160 0.08545179
v -0.03904174 0.00780158 0.08707458
v -0.03838053 0.00630160 0.08889375
v -0.04428275 0.00630160 0.07265521
v -0.05975221 0.00664119 0.03009474
v -0.05755790 0.00630160 0.03613187
v -0.05977598 0.00677552 0.03002934
v -0.05978969 0.00691512 0.02999162
v -0.05971893 0.00652127 0.03018631
v -0.05953777 0.00630160 0.03068474
v -0.05963207 0.00635425 0.03042525
v -0.05958439 0.00631412 0.03055647
v -0.05967796 0.00642385 0.03029901
v -0.05979397 0.00705159 0.02997984
v -0.05975221 0.00746199 0.03009474
v -0.05977598 0.00732765 0.03002934
v -0.05726043 0.00780158 0.03695025
v -0.05971893 0.00758191 0.03018631
v -0.05953777 0.00780158 0.03068474
v -0.05978969 0.00718806 0.02999162
v -0.05967796 0.00767933 0.03029901
v -0.05963207 0.00774892 0.03042525
v -0.05958439 0.00778906 0.03055647
v -0.05557802 0.00630160 0.04157900
v -0.05498311 0.00780158 0.04321578
v -0.05042842 0.00780158 0.05574688
v -0.05161828 0.00630160 0.05247328
v -0.04963840 0.00630160 0.05792042
v -0.04359641 0.00780158 0.07454351
v -0.05270577 0.00780158 0.04948133
v -0.05359815 0.00630160 0.04702616
v -0.03877105 -0.00629823 0.08781931
v -0.03678035 -0.00779821 0.09329622
v -0.03769441 -0.00629823 0.09078144
v -0.03536671 -0.00629823 0.09718552
v -0.03661776 -0.00629823 0.09374356
v -0.03458681 -0.00779821 0.09933122
v -0.03372704 -0.00629823 0.10169670
v -0.03454687 -0.00629823 0.09944113
v -0.03239328 -0.00779821 0.10536620
v -0.03121206 -0.00629823 0.10861605
v -0.03184402 -0.00629823 0.10687736
v -0.03637133 -0.00209829 0.09442160
v -0.03247598 -0.00629823 0.10513868
v -0.03348057 -0.00209829 0.10237476
v -0.03096561 -0.00209829 0.10929410
v -0.03221666 -0.00209829 0.10585212
v -0.03019974 -0.00779821 0.11140119
v -0.02953401 -0.00629823 0.11323280
v -0.02996102 -0.00629823 0.11205800
v -0.02910701 -0.00629823 0.11440759
v -0.02581268 -0.00779821 0.12347115
v -0.02590239 -0.00629823 0.12322431
v -0.02800620 -0.00779821 0.11743617
v -0.02145554 -0.00629823 0.13545881
v -0.02361913 -0.00779821 0.12950613
v -0.02142559 -0.00779821 0.13554114
v -0.02367894 -0.00629823 0.12934158
v -0.01923206 -0.00704822 0.14157609
v -0.01923206 -0.00779821 0.14157609
v -0.01923206 -0.00629823 0.14157609
v -0.02857809 -0.00579727 0.11586276
v -0.02844130 -0.00607225 0.11623913
v -0.02828590 -0.00624256 0.11666670
v -0.03011161 -0.00209829 0.11164366
v -0.02868547 -0.00544538 0.11556733
v -0.02812584 -0.00629823 0.11710707
v -0.03737592 0.00210165 0.09165768
v -0.03762237 -0.00209829 0.09097963
v -0.03862697 0.00210165 0.08821572
v -0.03448519 0.00210165 0.09961083
v -0.03473164 -0.00209829 0.09893280
v -0.03573624 0.00210165 0.09616886
v -0.03756068 0.00630160 0.09114935
v -0.03676440 0.00780158 0.09334012
v -0.03548979 0.00630160 0.09684690
v -0.03674085 0.00630160 0.09340494
v -0.03448706 0.00780158 0.09960567
v -0.03485783 0.00630160 0.09858560
v -0.03297482 0.00630160 0.10376625
v -0.03422588 0.00630160 0.10032429
v -0.03197022 0.00210165 0.10653017
v -0.03322127 0.00210165 0.10308820
v -0.03111622 0.00210165 0.10887975
v -0.03066189 0.00281736 0.11012974
v -0.03212082 0.00630160 0.10611581
v -0.02967368 -0.00131401 0.11284853
v -0.03254781 0.00630160 0.10494104
v -0.03165008 0.00694875 0.10741092
v -0.03220973 0.00780158 0.10587120
v -0.03175746 0.00730063 0.10711551
v -0.03189426 0.00757561 0.10673913
v -0.03204968 0.00774592 0.10631157
v -0.06046937 0.01409015 0.02797789
v -0.01933783 0.01328446 0.14170563
v -0.01878008 0.01495873 0.14179515
v -0.01835604 0.01576598 0.14186224
v -0.01870492 0.01514357 0.14177534
v -0.06062344 0.01325923 0.02813217
v -0.01951405 0.01162670 0.14167856
v -0.06024896 0.01491336 0.02775705
v -0.01710020 0.01772963 0.14119203
v -0.01784123 0.01653355 0.14194361
v -0.01724409 0.01724861 0.14203879
v -0.01657534 0.01790155 0.14214535
v -0.05961264 0.01648049 0.02712204
v -0.05920513 0.01719766 0.02671448
v -0.06074203 0.01162670 0.02824967
v -0.05996237 0.01571483 0.02747097
v -0.05874618 0.01785584 0.02625557
v -0.01584670 0.01848537 0.14226093
v -0.01584825 0.01887965 0.14073695
v -0.01507027 0.01899522 0.14238407
v -0.05824326 0.01844696 0.02575332
v -0.01443682 0.01973010 0.14022395
v -0.01171499 0.02027348 0.14291723
v -0.01295639 0.02025901 0.13968586
v -0.01342099 0.01978536 0.14264640
v -0.01149198 0.02048051 0.13915367
v -0.01002652 0.02048053 0.14318557
v -0.05713991 0.01940698 0.02465093
v -0.05770496 0.01896516 0.02521572
v -0.05655623 0.01977115 0.02406754
v -0.05536372 0.02026975 0.02287627
v -0.05418389 0.02048051 0.02169730
v -0.02590239 -0.00629823 0.12322431
v -0.02840780 -0.00629823 0.11720955
v -0.02812584 -0.00629823 0.11710707
v -0.02396089 -0.00629823 0.12944407
v -0.02367894 -0.00629823 0.12934158
v -0.02145554 -0.00629823 0.13545881
v -0.01951404 -0.00629823 0.14167855
v -0.01923206 -0.00629823 0.14157609
v -0.02857809 -0.00579727 0.11586276
v -0.02896743 -0.00544538 0.11566982
v -0.02868547 -0.00544538 0.11556733
v -0.02844130 -0.00607225 0.11623913
v -0.02885288 -0.00581552 0.11598493
v -0.02812584 -0.00629823 0.11710707
v -0.02855896 -0.00624864 0.11679362
v -0.02828590 -0.00624256 0.11666670
v -0.02871203 -0.00608897 0.11637249
v -0.03165008 0.00694875 0.10741092
v -0.03066189 0.00281736 0.11012974
v -0.03094383 0.00281736 0.11023220
v -0.02995563 -0.00131401 0.11295101
v -0.03193203 0.00694875 0.10751342
v -0.02967368 -0.00131401 0.11284853
v -0.02868547 -0.00544538 0.11556733
v -0.02896743 -0.00544538 0.11566982
v -0.03175746 0.00730063 0.10711551
v -0.03193203 0.00694875 0.10751342
v -0.03203942 0.00730063 0.10721798
v -0.03204968 0.00774592 0.10631157
v -0.03217621 0.00757561 0.10684160
v -0.03233162 0.00774592 0.10641406
v -0.03220973 0.00780158 0.10587120
v -0.03249168 0.00780158 0.10597369
v -0.03189426 0.00757561 0.10673913
v -0.05726043 0.00780158 0.03695025
v -0.05981972 0.00780158 0.03078721
v -0.05967875 0.00780158 0.03073598
v -0.05953777 0.00780158 0.03068474
v -0.05298772 0.00780158 0.04958382
v -0.05498311 0.00780158 0.04321578
v -0.05270577 0.00780158 0.04948133
v -0.04615569 0.00780158 0.06838044
v -0.05042842 0.00780158 0.05574688
v -0.04815109 0.00780158 0.06201241
v -0.04359641 0.00780158 0.07454351
v -0.04587374 0.00780158 0.06827797
v -0.04131908 0.00780158 0.08080904
v -0.03932369 0.00780158 0.08717706
v -0.03904174 0.00780158 0.08707458
v -0.03249168 0.00780158 0.10597369
v -0.03676440 0.00780158 0.09334012
v -0.03448706 0.00780158 0.09960567
v -0.03220973 0.00780158 0.10587120
v -0.05967875 0.00780158 0.03073598
v -0.05958439 0.00778906 0.03055647
v -0.05953777 0.00780158 0.03068474
v -0.05977306 0.00774892 0.03047651
v -0.05967796 0.00767933 0.03029901
v -0.05963207 0.00774892 0.03042525
v -0.05971893 0.00758191 0.03018631
v -0.05991697 0.00732765 0.03008058
v -0.05986634 0.00778906 0.03065894
v -0.05977598 0.00732765 0.03002934
v -0.05975221 0.00746199 0.03009474
v -0.05978969 0.00718806 0.02999162
v -0.06000088 0.00758191 0.03028879
v -0.06003415 0.00746199 0.03019724
v -0.05993495 0.00705159 0.03003110
v -0.05979397 0.00705159 0.02997984
v -0.05978969 0.00691512 0.02999162
v -0.05991697 0.00677552 0.03008058
v -0.05977598 0.00677552 0.03002934
v -0.05975221 0.00664119 0.03009474
v -0.05985991 0.00652127 0.03023755
v -0.05967796 0.00642385 0.03029901
v -0.05971893 0.00652127 0.03018631
v -0.05977305 0.00635425 0.03047651
v -0.05963207 0.00635425 0.03042525
v -0.05958439 0.00631412 0.03055647
v -0.05967875 0.00630160 0.03073598
v -0.05953777 0.00630160 0.03068474
v -0.06007165 0.00718806 0.03009410
v -0.06007592 0.00705159 0.03008233
v -0.05991402 0.00774892 0.03052776
v -0.05995991 0.00767933 0.03040149
v -0.06005793 0.00732765 0.03013182
v -0.06007165 0.00691512 0.03009410
v -0.06003415 0.00664119 0.03019724
v -0.06005793 0.00677552 0.03013182
v -0.05995991 0.00642385 0.03040149
v -0.05986634 0.00631412 0.03065894
v -0.06000088 0.00652127 0.03028879
v -0.05981972 0.00630160 0.03078721
v -0.05991402 0.00635425 0.03052776
v -0.05981972 0.00780158 0.03078721
v -0.05161828 0.00630160 0.05247328
v -0.05359815 0.00630160 0.04702616
v -0.05487003 0.00630160 0.04440505
v -0.05557802 0.00630160 0.04157900
v -0.04992036 0.00630160 0.05802290
v -0.04963840 0.00630160 0.05792042
v -0.05755790 0.00630160 0.03613187
v -0.05953777 0.00630160 0.03068474
v -0.05967875 0.00630160 0.03073598
v -0.05981972 0.00630160 0.03078721
v -0.04918615 0.00580065 0.05916472
v -0.04936071 0.00544876 0.05956263
v -0.04907876 0.00544876 0.05946016
v -0.04960488 0.00607561 0.05889084
v -0.04932294 0.00607561 0.05878835
v -0.04976029 0.00624593 0.05846327
v -0.04992036 0.00630160 0.05802290
v -0.04947835 0.00624593 0.05836079
v -0.04963840 0.00630160 0.05792042
v -0.04710235 -0.00281399 0.06489777
v -0.04639610 -0.00694537 0.06771904
v -0.04611414 -0.00694537 0.06761656
v -0.04787841 -0.00074829 0.06364083
v -0.04936071 0.00544876 0.05956263
v -0.04809056 0.00131737 0.06217895
v -0.04907876 0.00544876 0.05946016
v -0.04611414 -0.00694537 0.06761656
v -0.04628871 -0.00729726 0.06801448
v -0.04600677 -0.00729726 0.06791200
v -0.04571457 -0.00774255 0.06871592
v -0.04615192 -0.00757223 0.06839085
v -0.04599651 -0.00774255 0.06881840
v -0.04555450 -0.00779821 0.06915630
v -0.04583645 -0.00779821 0.06925877
v -0.04586997 -0.00757223 0.06828835
v -0.02800620 -0.00779821 0.11743617
v -0.02609462 -0.00779821 0.12357363
v -0.02581268 -0.00779821 0.12347115
v -0.03267523 -0.00779821 0.10546868
v -0.03019974 -0.00779821 0.11140119
v -0.02142559 -0.00779821 0.13554114
v -0.01951404 -0.00779821 0.14167855
v -0.01923206 -0.00779821 0.14157609
v -0.02361913 -0.00779821 0.12950613
v -0.03239328 -0.00779821 0.10536620
v -0.04336096 -0.00779821 0.07519128
v -0.03925585 -0.00779821 0.08736372
v -0.04116742 -0.00779821 0.08122626
v -0.04555450 -0.00779821 0.06915630
v -0.04583645 -0.00779821 0.06925877
v -0.03678035 -0.00779821 0.09329622
v -0.03458681 -0.00779821 0.09933122
v -0.03897389 -0.00779821 0.08726125
v -0.06074203 -0.00177331 0.02824967
v -0.06074203 -0.00512332 0.02824967
v -0.04787841 -0.00074829 0.06364083
v -0.06074203 0.00157668 0.02824967
v -0.04936071 0.00544876 0.05956263
v -0.05986634 0.00631412 0.03065894
v -0.05991402 0.00635425 0.03052776
v -0.06074203 0.00492669 0.02824967
v -0.05995991 0.00642385 0.03040149
v -0.05487003 0.00630160 0.04440505
v -0.06000088 0.00652127 0.03028879
v -0.06074203 -0.00847332 0.02824967
v -0.04639610 -0.00694537 0.06771904
v -0.04992036 0.00630160 0.05802290
v -0.04946809 0.00580065 0.05926721
v -0.04960488 0.00607561 0.05889084
v -0.04976029 0.00624593 0.05846327
v -0.05981972 0.00630160 0.03078721
v -0.04599651 -0.00774255 0.06881840
v -0.06074203 -0.01182333 0.02824967
v -0.06074203 0.00827670 0.02824967
v -0.06007592 0.00705159 0.03008233
v -0.06007165 0.00718806 0.03009410
v -0.06005793 0.00677552 0.03013182
v -0.06007165 0.00691512 0.03009410
v -0.05981972 0.00780158 0.03078721
v -0.06074203 0.01162670 0.02824967
v -0.06005793 0.00732765 0.03013182
v -0.06003415 0.00746199 0.03019724
v -0.06000088 0.00758191 0.03028879
v -0.06003415 0.00664119 0.03019724
v -0.05995991 0.00767933 0.03040149
v -0.05991402 0.00774892 0.03052776
v -0.05986634 0.00778906 0.03065894
v -0.05298772 0.00780158 0.04958382
v -0.04615569 0.00780158 0.06838044
v -0.04583645 -0.00779821 0.06925877
v -0.01951404 -0.01182333 0.14167855
v -0.03267523 -0.00779821 0.10546868
v -0.03925585 -0.00779821 0.08736372
v -0.04628871 -0.00729726 0.06801448
v -0.04615192 -0.00757223 0.06839085
v -0.01951404 -0.00981077 0.14167855
v -0.02609462 -0.00779821 0.12357363
v -0.01951404 -0.00779821 0.14167855
v -0.02885288 -0.00581552 0.11598493
v -0.02871203 -0.00608897 0.11637249
v -0.02840780 -0.00629823 0.11720955
v -0.02896743 -0.00544538 0.11566982
v -0.02396089 -0.00629823 0.12944407
v -0.02855896 -0.00624864 0.11679362
v -0.01951404 -0.00629823 0.14167855
v -0.01951404 -0.00271324 0.14167855
v -0.01951405 0.00804171 0.14167856
v -0.03203942 0.00730063 0.10721798
v -0.03193203 0.00694875 0.10751342
v -0.03217621 0.00757561 0.10684160
v -0.03932369 0.00780158 0.08717706
v -0.01951405 0.01162670 0.14167856
v -0.03249168 0.00780158 0.10597369
v -0.03233162 0.00774592 0.10641406
v -0.02995563 -0.00131401 0.11295101
v -0.01951404 0.00087174 0.14167855
v -0.01951405 0.00445672 0.14167856
v -0.03094383 0.00281736 0.11023220
v -0.06060739 0.01337583 0.02811513
v -0.06043910 0.01422446 0.02794698
v -0.05996150 0.01162670 0.02746981
v -0.06032969 0.01464231 0.02783768
v -0.05986478 0.01301743 0.02737318
v -0.06026868 0.01484960 0.02777671
v -0.06074203 0.01162670 0.02824967
v -0.06074203 0.00827670 0.02824967
v -0.05996150 0.00492669 0.02746981
v -0.06074203 0.00492669 0.02824967
v -0.05996150 0.00827670 0.02746981
v -0.06023660 0.01495284 0.02774467
v -0.05957372 0.01655905 0.02708239
v -0.05955609 0.01443760 0.02706477
v -0.06020347 0.01505581 0.02771156
v -0.05917815 0.01724169 0.02668716
v -0.05902239 0.01580764 0.02653154
v -0.05896019 0.01756577 0.02646939
v -0.05996150 0.00157668 0.02746981
v -0.06074203 -0.00177331 0.02824967
v -0.05996150 -0.00512332 0.02746981
v -0.06074203 -0.00512332 0.02824967
v -0.06074203 -0.00847332 0.02824967
v -0.05996150 -0.01182333 0.02746981
v -0.06074203 -0.01182333 0.02824967
v -0.05996150 -0.00847332 0.02746981
v -0.06020200 -0.01525691 0.02771010
v -0.06060701 -0.01357510 0.02811477
v -0.06013473 -0.01545541 0.02764290
v -0.06006411 -0.01565102 0.02757234
v -0.06074203 0.00157668 0.02824967
v -0.05996150 -0.00177331 0.02746981
v -0.05955609 -0.01463422 0.02706478
v -0.05991275 -0.01603351 0.02742111
v -0.05902238 -0.01600427 0.02653154
v -0.05956957 -0.01676362 0.02707824
v -0.05872145 -0.01808438 0.02623086
v -0.05827536 0.01704128 0.02578515
v -0.05774235 0.01893420 0.02525261
v -0.05735284 0.01806159 0.02486345
v -0.05719783 0.01936686 0.02470859
v -0.05691276 0.01955937 0.02442378
v -0.05631286 0.01881612 0.02382439
v -0.05884617 0.01772350 0.02635547
v -0.05878789 0.01780127 0.02629725
v -0.05872878 0.01787834 0.02623817
v -0.05542833 0.02025171 0.02294065
v -0.05661915 0.01973600 0.02413042
v -0.05418389 0.02048051 0.02169730
v -0.05522202 0.01928536 0.02273452
v -0.05296053 0.02056266 0.02047503
v -0.05414304 0.01948190 0.02165648
v -0.05676703 0.01964967 0.02427816
v -0.05296053 0.01956129 0.02047503
v -0.05827536 -0.01723791 0.02578515
v -0.05866378 -0.01815761 0.02617325
v -0.05848759 -0.01837136 0.02599721
v -0.05860559 -0.01822986 0.02611510
v -0.05824526 -0.01864248 0.02575512
v -0.05661352 -0.01993581 0.02412480
v -0.05773522 -0.01913709 0.02524550
v -0.05735284 -0.01825823 0.02486345
v -0.05631285 -0.01901274 0.02382439
v -0.05632138 -0.02009094 0.02383291
v -0.05646787 -0.02001561 0.02397928
v -0.05414303 -0.01967852 0.02165648
v -0.05542516 -0.02044926 0.02293748
v -0.05296053 -0.01975793 0.02047503
v -0.05296053 -0.02075928 0.02047503
v -0.05602595 -0.02022822 0.02353774
v -0.05418388 -0.02067714 0.02169729
v -0.03210520 -0.02067714 0.08244142
v -0.01002652 -0.02067714 0.14318557
v -0.01171498 -0.02047011 0.14291722
v -0.01342099 -0.01998199 0.14264640
v -0.03504998 -0.01992672 0.08351175
v -0.05536371 -0.02046638 0.02287623
v -0.03646140 -0.01907626 0.08402478
v -0.01507027 -0.01919185 0.14238406
v -0.01657534 -0.01809816 0.14214535
v -0.03771338 -0.01792626 0.08447982
v -0.01584668 -0.01868199 0.14226091
v -0.05770496 -0.01916179 0.02521572
v -0.05655622 -0.01996778 0.02406754
v -0.05418388 -0.02067714 0.02169729
v -0.05824328 -0.01864359 0.02575332
v -0.05874617 -0.01805247 0.02625557
v -0.05920514 -0.01739426 0.02671451
v -0.01724409 -0.01744522 0.14203879
v -0.03872721 -0.01653579 0.08484833
v -0.01784115 -0.01673018 0.14194368
v -0.01835589 -0.01596284 0.14186225
v -0.03945154 -0.01499156 0.08511160
v -0.01877983 -0.01515589 0.14179519
v -0.01933764 -0.01348180 0.14170571
v -0.03987047 -0.01339085 0.08526387
v -0.01910777 -0.01432396 0.14174253
v -0.01951404 -0.01182333 0.14167855
v -0.06046940 -0.01428657 0.02797797
v -0.06024895 -0.01511000 0.02775705
v -0.05961264 -0.01667712 0.02712203
v -0.06062347 -0.01345558 0.02813224
v -0.06074203 -0.01182333 0.02824967
v -0.05218742 -0.02009804 0.02019404
v -0.05296053 -0.01975793 0.02047503
v -0.05266377 -0.01977447 0.02036718
v -0.05058789 -0.02100635 0.01961264
v -0.05262467 -0.02098743 0.02035295
v -0.05296053 -0.02075928 0.02047503
v -0.04855109 -0.02056165 0.01887234
v -0.05036927 -0.02009804 0.01953319
v -0.04855109 -0.02009804 0.01887234
v -0.04855109 -0.02102525 0.01887234
v -0.03805926 -0.02075928 0.06147224
v -0.05418388 -0.02067714 0.02169729
v -0.05296053 -0.02075928 0.02047503
v -0.03210520 -0.02067714 0.08244142
v -0.01002652 -0.02067714 0.14318557
v -0.02315801 -0.02075927 0.10246945
v -0.00825676 -0.02075927 0.14346663
v -0.02092163 -0.02009804 0.08629077
v -0.02092158 -0.02009804 0.07664586
v -0.02717483 -0.02009804 0.07664582
v -0.01272107 -0.02009803 0.09889406
v -0.01152460 -0.02009803 0.09633119
v -0.01323346 -0.02009803 0.09748429
v -0.01374587 -0.02009803 0.09607455
v -0.00930420 -0.02009803 0.10244009
v -0.01374501 -0.02009803 0.09022229
v -0.01484234 -0.02009803 0.09647309
v -0.01593880 -0.02009803 0.09687163
v -0.00934873 -0.02009803 0.10357389
v -0.00923220 -0.02009803 0.10318565
v -0.00956531 -0.02009803 0.10391716
v -0.01015459 -0.02009803 0.10461880
v -0.01381754 -0.02009803 0.09929259
v -0.01074385 -0.02009803 0.10532043
v -0.01818581 -0.02009803 0.07800448
v -0.02040621 -0.02009804 0.07189558
v -0.01596541 -0.02009803 0.08411338
v -0.02582045 -0.02009804 0.09273638
v -0.02092170 -0.02009804 0.09593571
v -0.02355346 -0.02009804 0.09897344
v -0.02128646 -0.02009804 0.10521050
v -0.01703527 -0.02009803 0.09727017
v -0.01601047 -0.02009803 0.10008966
v -0.01105662 -0.02009803 0.10594703
v -0.01491399 -0.02009803 0.09969113
v -0.01652287 -0.02009803 0.09867991
v -0.01901948 -0.02009804 0.11144756
v -0.00220966 -0.02009803 0.14217411
v -0.00234992 -0.02009803 0.14331225
v -0.00217198 -0.02009803 0.14273593
v -0.00368321 -0.02009803 0.13625295
v -0.00401329 -0.02009803 0.14414064
v -0.00515670 -0.02009803 0.13033187
v -0.00951319 -0.02009803 0.13760175
v -0.00732788 -0.02009803 0.14361418
v -0.00663026 -0.02009803 0.12441071
v -0.01169859 -0.02009804 0.13158923
v -0.00272857 -0.02009803 0.14378177
v -0.00321575 -0.02009803 0.14406420
v -0.00359554 -0.02009803 0.14415181
v -0.01388399 -0.02009804 0.12557673
v -0.00810375 -0.02009803 0.11848961
v -0.01448691 -0.02009804 0.11686114
v -0.00957728 -0.02009803 0.11256847
v -0.01105080 -0.02009803 0.10664733
v -0.01675250 -0.02009804 0.11768461
v -0.01414530 -0.02009804 0.11780099
v -0.01380371 -0.02009804 0.11874079
v -0.01606929 -0.02009804 0.11956427
v -0.03976535 -0.02009804 0.04731365
v -0.03942375 -0.02009804 0.04825348
v -0.03417395 -0.02009804 0.04511165
v -0.03727200 -0.02009804 0.03875257
v -0.04010695 -0.02009804 0.04637384
v -0.03107588 -0.02009804 0.05147073
v -0.04482625 -0.02009804 0.04044648
v -0.02910229 -0.02009804 0.05244754
v -0.02850635 -0.02009804 0.05887985
v -0.02821605 -0.02009804 0.05260420
v -0.02998854 -0.02009804 0.05229086
v -0.02960282 -0.02009804 0.05927839
v -0.03069929 -0.02009804 0.05967692
v -0.03064510 -0.02009804 0.05200030
v -0.03942235 -0.02009804 0.05531402
v -0.04168934 -0.02009804 0.04907695
v -0.04037007 -0.02009804 0.03239349
v -0.04740453 -0.02009804 0.01889285
v -0.04656617 -0.02009804 0.01967532
v -0.04689803 -0.02009804 0.01922039
v -0.04799628 -0.02009804 0.01877611
v -0.04973370 -0.02009804 0.02694484
v -0.04855109 -0.02009804 0.01887234
v -0.05036927 -0.02009804 0.01953319
v -0.04237254 -0.02009804 0.04719729
v -0.04727998 -0.02009804 0.03369565
v -0.04346811 -0.02009804 0.02603441
v -0.05218742 -0.02009804 0.02019404
v -0.02706742 -0.02009804 0.05356889
v -0.02740988 -0.02009804 0.05848133
v -0.02484702 -0.02009804 0.05967779
v -0.02724416 -0.02009804 0.05322710
v -0.02751249 -0.02009804 0.05293266
v -0.02784886 -0.02009804 0.05271924
v -0.02689749 -0.02009804 0.05989107
v -0.02808742 -0.02009804 0.08649932
v -0.02262661 -0.02009804 0.06578668
v -0.02638508 -0.02009804 0.06130082
v -0.02802978 -0.02009804 0.06189862
v -0.03715536 -0.02009804 0.06155107
v -0.03488838 -0.02009804 0.06778814
v -0.03035769 -0.02009804 0.06061676
v -0.03035440 -0.02009804 0.08026227
v -0.03262140 -0.02009804 0.07402520
v -0.02967448 -0.02009804 0.06249641
v -0.03001609 -0.02009804 0.06155659
v -0.00220966 -0.02056789 0.14217411
v -0.00220966 -0.02103776 0.14217411
v -0.00515670 -0.02104889 0.13033187
v -0.00515670 -0.02009803 0.13033187
v -0.00368321 -0.02009803 0.13625295
v -0.00220966 -0.02009803 0.14217411
v -0.00663026 -0.02009803 0.12441071
v -0.01105080 -0.02058460 0.10664733
v -0.00810375 -0.02106001 0.11848961
v -0.01105080 -0.02107115 0.10664733
v -0.00810375 -0.02009803 0.11848961
v -0.01105080 -0.02009803 0.10664733
v -0.00957728 -0.02009803 0.11256847
v -0.04799628 -0.02103010 0.01877611
v -0.04656617 -0.02103915 0.01967532
v -0.04855109 -0.02102525 0.01887234
v -0.05058789 -0.02100635 0.01961264
v -0.04516274 -0.02098743 0.04088259
v -0.05262467 -0.02098743 0.02035295
v -0.04740453 -0.02103459 0.01889285
v -0.03882103 -0.02105528 0.03557302
v -0.03770084 -0.02098743 0.06141222
v -0.03107588 -0.02107140 0.05147073
v -0.04689803 -0.02103778 0.01922039
v -0.03023893 -0.02098743 0.08194185
v -0.03063066 -0.02107344 0.05201134
v -0.02998853 -0.02107787 0.05229085
v -0.02910229 -0.02108469 0.05244754
v -0.02706742 -0.02109802 0.05356889
v -0.02784886 -0.02109414 0.05271924
v -0.02821605 -0.02109148 0.05260420
v -0.02751249 -0.02109627 0.05293266
v -0.02114635 -0.02109802 0.06985929
v -0.02277701 -0.02098743 0.10247149
v -0.02724416 -0.02109760 0.05322710
v -0.01522529 -0.02109802 0.08614969
v -0.01105662 -0.02107319 0.10594703
v -0.01074385 -0.02107763 0.10532043
v -0.01105080 -0.02107115 0.10664733
v -0.00930420 -0.02109802 0.10244009
v -0.01531512 -0.02098743 0.12300112
v -0.00923687 -0.02109627 0.10321361
v -0.00922023 -0.02109759 0.10281560
v -0.00935770 -0.02109414 0.10359321
v -0.01015459 -0.02108455 0.10461880
v -0.00956531 -0.02109148 0.10391716
v -0.00515670 -0.02104889 0.13033187
v -0.00810375 -0.02106001 0.11848961
v -0.00401329 -0.02101710 0.14414064
v -0.00785318 -0.02098743 0.14353076
v -0.00220966 -0.02103776 0.14217411
v -0.00217198 -0.02103639 0.14273593
v -0.00234992 -0.02103322 0.14331225
v -0.00272857 -0.02102871 0.14378177
v -0.00360962 -0.02102038 0.14415321
v -0.00321575 -0.02102386 0.14406420
v -0.00321575 -0.02056096 0.14406420
v -0.00321575 -0.02009803 0.14406420
v -0.00359554 -0.02009803 0.14415181
v -0.00360962 -0.02102038 0.14415321
v -0.00321575 -0.02102386 0.14406420
v -0.00401329 -0.02055757 0.14414064
v -0.00401329 -0.02101710 0.14414064
v -0.00401329 -0.02009803 0.14414064
v -0.04516274 -0.02098743 0.04088259
v -0.05296053 -0.02075928 0.02047503
v -0.05262467 -0.02098743 0.02035295
v -0.03805926 -0.02075928 0.06147224
v -0.03770084 -0.02098743 0.06141222
v -0.03023893 -0.02098743 0.08194185
v -0.02315801 -0.02075927 0.10246945
v -0.02277701 -0.02098743 0.10247149
v -0.01531512 -0.02098743 0.12300112
v -0.00825676 -0.02075927 0.14346663
v -0.00785318 -0.02098743 0.14353076
v -0.01951404 -0.00629823 0.14167855
v -0.01923206 -0.00704822 0.14157609
v -0.01951404 -0.00704822 0.14167855
v -0.01923206 -0.00779821 0.14157609
v -0.01951404 -0.00779821 0.14167855
v -0.00401330 0.02082049 0.14414065
v -0.00732789 0.01990142 0.14361419
v -0.00401330 0.02036095 0.14414065
v -0.00825677 0.02056266 0.14346663
v -0.00790020 0.01957785 0.14352329
v -0.00785319 0.02079081 0.14353077
v -0.01002652 0.02048053 0.14318557
v -0.00996742 0.01948190 0.14319494
v -0.00401330 0.01990142 0.14414065
v -0.01310644 0.01881613 0.14269636
v -0.01179576 0.02025811 0.14290455
v -0.01307453 0.01990936 0.14270144
v -0.01265288 0.02004294 0.14276839
v -0.01338782 0.01979781 0.14265162
v -0.01328368 0.01983609 0.14266819
v -0.01349165 0.01975848 0.14263518
v -0.01461096 0.01806160 0.14245740
v -0.01510688 0.01897491 0.14237861
v -0.01594552 0.01704128 0.14224541
v -0.01619305 0.01822248 0.14220607
v -0.01584292 0.01848899 0.14226167
v -0.01636362 0.01808335 0.14217900
v -0.00401329 -0.02055757 0.14414064
v -0.00401329 -0.02009803 0.14414064
v -0.00732788 -0.02009803 0.14361418
v -0.00996742 -0.01967852 0.14319493
v -0.00825676 -0.02075927 0.14346663
v -0.00790019 -0.01977447 0.14352328
v -0.00785318 -0.02098743 0.14353076
v -0.01152834 -0.01948199 0.14294701
v -0.01002652 -0.02067714 0.14318557
v -0.00401329 -0.02101710 0.14414064
v -0.01349920 -0.01995217 0.14263398
v -0.01392177 -0.01977906 0.14256681
v -0.01310644 -0.01901274 0.14269635
v -0.01461096 -0.01825821 0.14245740
v -0.01644780 0.01801232 0.14216562
v -0.01653124 0.01794030 0.14215237
v -0.01511699 -0.01916550 0.14237698
v -0.01594552 -0.01723790 0.14224541
v -0.01360602 -0.01991037 0.14261698
v -0.01371199 -0.01986758 0.14260014
v -0.01433221 -0.01959024 0.14250165
v -0.01654194 -0.01812755 0.14215065
v -0.01777344 0.01662520 0.14195503
v -0.01702622 0.01580765 0.14207375
v -0.01779834 0.01443760 0.14195112
v -0.01827755 0.01589674 0.14187496
v -0.01860442 0.01531938 0.14182307
v -0.01824490 0.01301743 0.14188016
v -0.01931146 0.01341084 0.14171073
v -0.01838487 0.01162670 0.14185791
v -0.01951405 0.00445672 0.14167856
v -0.01838487 0.00381002 0.14185791
v -0.01838487 0.00771837 0.14185791
v -0.01951404 0.00087174 0.14167855
v -0.01838487 -0.00009831 0.14185790
v -0.01951405 0.00804171 0.14167856
v -0.01850036 0.01551479 0.14183957
v -0.01865462 0.01522057 0.14181511
v -0.01870368 0.01512103 0.14180727
v -0.01951405 0.01162670 0.14167856
v -0.01951404 -0.00271324 0.14167855
v -0.01838487 -0.00400665 0.14185790
v -0.01951404 -0.00629823 0.14167855
v -0.01778165 -0.01681106 0.14195377
v -0.01702622 -0.01600426 0.14207375
v -0.01779833 -0.01463422 0.14195111
v -0.01951404 -0.00981077 0.14167855
v -0.01838487 -0.01182333 0.14185790
v -0.01838487 -0.00791499 0.14185790
v -0.01931271 -0.01360145 0.14171057
v -0.01824490 -0.01321405 0.14188016
v -0.01662857 -0.01805077 0.14213691
v -0.01870884 -0.01530684 0.14180650
v -0.01671400 -0.01797325 0.14212336
v -0.01688114 -0.01781603 0.14209681
v -0.01720088 -0.01749277 0.14204598
v -0.01951404 -0.00704822 0.14167855
v -0.01951404 -0.00779821 0.14167855
v -0.01951404 -0.01182333 0.14167855
v -0.01880639 -0.01509764 0.14179096
v -0.01875839 -0.01520239 0.14179860
v -0.01906113 -0.01446323 0.14175052
v -0.01889753 -0.01488731 0.14177651
v -0.01444473 0.01838135 0.14147122
v -0.01408294 0.01856248 0.14152873
v -0.01461096 0.01806160 0.14245740
v -0.01371624 0.01872677 0.14158694
v -0.01310644 0.01881613 0.14269636
v -0.01334551 0.01887422 0.14164581
v -0.01548741 0.01773642 0.14130560
v -0.01594552 0.01704128 0.14224541
v -0.01514816 0.01796830 0.14135954
v -0.01702622 0.01580765 0.14207375
v -0.01726469 0.01601499 0.14102332
v -0.01480021 0.01818332 0.14141476
v -0.01581657 0.01748803 0.14125332
v -0.00996742 0.01948190 0.14319494
v -0.01146900 0.01936787 0.14194393
v -0.01109583 0.01942021 0.14200316
v -0.01035805 0.01948190 0.14212034
v -0.01072515 0.01945807 0.14206208
v -0.01184410 0.01930059 0.14188435
v -0.01259652 0.01911945 0.14176475
v -0.01222025 0.01921790 0.14182456
v -0.01297189 0.01900500 0.14170517
v -0.01868637 0.01273763 0.14079751
v -0.01824490 0.01301743 0.14188016
v -0.01871394 0.01254987 0.14079318
v -0.01838487 0.01162670 0.14185791
v -0.01873634 0.01236290 0.14078961
v -0.01852178 0.01349286 0.14082365
v -0.01840645 0.01386995 0.14084201
v -0.01876580 0.01199209 0.14078489
v -0.01875362 0.01217691 0.14078682
v -0.01750552 0.01567974 0.14098506
v -0.01772724 0.01533352 0.14094982
v -0.01613440 0.01722350 0.14120282
v -0.01779834 0.01443760 0.14195112
v -0.01826914 0.01424431 0.14086380
v -0.01810981 0.01461419 0.14088912
v -0.01792896 0.01497781 0.14091778
v -0.01072515 -0.01965470 0.14206208
v -0.00996742 -0.01967852 0.14319493
v -0.01035804 -0.01967852 0.14212033
v -0.01109581 -0.01961682 0.14200315
v -0.01152834 -0.01948199 0.14294701
v -0.01146900 -0.01956449 0.14194393
v -0.01184410 -0.01949722 0.14188435
v -0.01259654 -0.01931608 0.14176477
v -0.01310644 -0.01901274 0.14269635
v -0.01222027 -0.01941452 0.14182458
v -0.01297190 -0.01920161 0.14170518
v -0.01371621 -0.01892338 0.14158692
v -0.01334550 -0.01907083 0.14164580
v -0.01461096 -0.01825821 0.14245740
v -0.01548741 -0.01793305 0.14130560
v -0.01594552 -0.01723790 0.14224541
v -0.01408301 -0.01875911 0.14152864
v -0.01444472 -0.01857798 0.14147121
v -0.01480021 -0.01837994 0.14141476
v -0.01702622 -0.01600426 0.14207375
v -0.01726468 -0.01621162 0.14102331
v -0.01514816 -0.01816492 0.14135953
v -0.01581656 -0.01768466 0.14125331
v -0.01613439 -0.01742012 0.14120281
v -0.01750553 -0.01587635 0.14098506
v -0.01772724 -0.01553013 0.14094982
v -0.01792895 -0.01517443 0.14091776
v -0.01779833 -0.01463422 0.14195111
v -0.01826916 -0.01444091 0.14086382
v -0.01840648 -0.01406656 0.14084204
v -0.01824490 -0.01321405 0.14188016
v -0.01852178 -0.01368946 0.14082365
v -0.01873640 -0.01255953 0.14078952
v -0.01838487 -0.01182333 0.14185790
v -0.01868636 -0.01293424 0.14079750
v -0.01871400 -0.01274650 0.14079310
v -0.01875361 -0.01237353 0.14078682
v -0.01876580 -0.01218871 0.14078489
v -0.02415691 -0.01408038 0.12037589
v -0.02376812 -0.01294885 0.12236257
v -0.02346732 -0.01409821 0.12225322
v -0.02291959 -0.01618611 0.11992618
v -0.02294722 -0.01520699 0.12206418
v -0.02221928 -0.01620539 0.12179962
v -0.02202246 -0.01701691 0.11960008
v -0.02132032 -0.01703114 0.12147287
v -0.02364268 -0.01518614 0.12018897
v -0.01993688 -0.01801909 0.11884204
v -0.02030689 -0.01764178 0.12110451
v -0.01924389 -0.01802154 0.12071815
v -0.01887564 -0.01818060 0.11845631
v -0.01853404 -0.01818060 0.11939616
v -0.02100655 -0.01763397 0.11923085
v -0.02420398 -0.01182333 0.12145700
v -0.02445308 -0.01293841 0.12048355
v -0.02454558 -0.01182333 0.12051716
v -0.02386238 -0.01182333 0.12239683
v -0.01819245 -0.01818060 0.12033597
v -0.01599809 -0.01838933 0.11953839
v -0.01414530 -0.01859806 0.11780099
v -0.01448691 -0.01859806 0.11686114
v -0.01380371 -0.01859806 0.11874079
v -0.01668128 -0.01838933 0.11765873
v -0.01853404 -0.01818060 0.11939616
v -0.01887564 -0.01818060 0.11845631
v -0.01819245 -0.01818060 0.12033597
v -0.01853406 0.01798399 0.11939615
v -0.01887566 0.01798399 0.11845631
v -0.01668129 0.01819272 0.11765873
v -0.01599809 0.01819272 0.11953839
v -0.01819246 0.01798399 0.12033598
v -0.01414532 0.01840144 0.11780097
v -0.01380371 0.01840144 0.11874080
v -0.01448691 0.01840144 0.11686114
v -0.01853406 0.01798399 0.11939615
v -0.01992710 0.01782492 0.11883848
v -0.01887566 0.01798399 0.11845631
v -0.02200353 0.01683451 0.11959321
v -0.02030690 0.01744516 0.12110451
v -0.02132033 0.01683451 0.12147286
v -0.02099008 0.01744516 0.11922484
v -0.02221928 0.01600877 0.12179962
v -0.02290248 0.01600877 0.11991995
v -0.02294723 0.01501036 0.12206419
v -0.02363045 0.01501036 0.12018454
v -0.02445132 0.01275222 0.12048290
v -0.02346732 0.01390158 0.12225323
v -0.02376812 0.01275222 0.12236257
v -0.02420398 0.01162670 0.12145700
v -0.02454558 0.01162670 0.12051716
v -0.02415052 0.01390158 0.12037359
v -0.01924390 0.01782492 0.12071816
v -0.02386238 0.01162670 0.12239683
v -0.01819246 0.01798399 0.12033598
v -0.02420398 -0.01182333 0.12145700
v -0.02386238 -0.00791499 0.12239683
v -0.02386238 -0.01182333 0.12239683
v -0.02386238 -0.00009831 0.12239683
v -0.02386238 -0.00400665 0.12239683
v -0.02420398 0.01162670 0.12145700
v -0.02386238 0.00381002 0.12239683
v -0.02386238 0.00771837 0.12239683
v -0.02386238 0.01162670 0.12239683
v -0.02454558 -0.00791499 0.12051716
v -0.02454558 -0.00400665 0.12051716
v -0.02454558 -0.00009831 0.12051716
v -0.02454558 0.00771837 0.12051716
v -0.02454558 0.00381002 0.12051716
v -0.02454558 0.01162670 0.12051716
v -0.02454558 -0.01182333 0.12051716
v -0.04554714 0.01782492 0.04835117
v -0.04592693 0.01744516 0.05061718
v -0.04661012 0.01744516 0.04873753
v -0.04762357 0.01683451 0.04910587
v -0.04783932 0.01600877 0.05131230
v -0.04852252 0.01600877 0.04943263
v -0.04925047 0.01501036 0.04969723
v -0.04856728 0.01501036 0.05157689
v -0.04694036 0.01683451 0.05098556
v -0.04977056 0.01390158 0.04988626
v -0.04938816 0.01275222 0.05187525
v -0.05007136 0.01275222 0.04999559
v -0.05016562 0.01162670 0.05002983
v -0.04982401 0.01162670 0.05096968
v -0.04908736 0.01390158 0.05176592
v -0.04415410 0.01798399 0.04890883
v -0.04449569 0.01798398 0.04796899
v -0.04486393 0.01782492 0.05023083
v -0.04381250 0.01798399 0.04984865
v -0.04948241 0.01162670 0.05190949
v -0.04948241 -0.00791499 0.05190949
v -0.04982401 -0.01182333 0.05096968
v -0.04948241 -0.00400665 0.05190949
v -0.04982401 0.01162670 0.05096968
v -0.04948241 -0.00009831 0.05190949
v -0.04948241 0.00771836 0.05190949
v -0.04948241 0.00381002 0.05190949
v -0.04948241 0.01162670 0.05190949
v -0.04948241 -0.01182333 0.05190949
v -0.05016562 -0.00791499 0.05002983
v -0.05016562 -0.01182333 0.05002983
v -0.05016562 -0.00400665 0.05002983
v -0.05016562 -0.00009831 0.05002983
v -0.05016562 0.00381002 0.05002983
v -0.05016562 0.00771836 0.05002983
v -0.05016562 0.01162670 0.05002983
v -0.04977055 -0.01409821 0.04988626
v -0.04938816 -0.01294885 0.05187525
v -0.04908735 -0.01409821 0.05176592
v -0.04925047 -0.01520699 0.04969723
v -0.04783930 -0.01620539 0.05131229
v -0.04852251 -0.01620539 0.04943263
v -0.04694036 -0.01703114 0.05098555
v -0.04762356 -0.01703114 0.04910589
v -0.04856726 -0.01520699 0.05157687
v -0.04554713 -0.01802155 0.04835117
v -0.04592693 -0.01764178 0.05061718
v -0.04486392 -0.01802155 0.05023083
v -0.04449569 -0.01818060 0.04796899
v -0.04415410 -0.01818060 0.04890883
v -0.04661012 -0.01764178 0.04873753
v -0.04982401 -0.01182333 0.05096968
v -0.05007136 -0.01294885 0.04999559
v -0.05016562 -0.01182333 0.05002983
v -0.04948241 -0.01182333 0.05190949
v -0.04381249 -0.01818060 0.04984866
v -0.04161811 -0.01838933 0.04905108
v -0.03976535 -0.01859806 0.04731365
v -0.04010695 -0.01859806 0.04637384
v -0.03942375 -0.01859806 0.04825348
v -0.04230132 -0.01838933 0.04717140
v -0.04415410 -0.01818060 0.04890883
v -0.04449569 -0.01818060 0.04796899
v -0.04381249 -0.01818060 0.04984866
v -0.04161812 0.01819271 0.04905109
v -0.04415410 0.01798399 0.04890883
v -0.04449569 0.01798398 0.04796899
v -0.04381250 0.01798399 0.04984865
v -0.04230132 0.01819271 0.04717140
v -0.03942376 0.01840144 0.04825349
v -0.03976536 0.01840144 0.04731365
v -0.04010696 0.01840144 0.04637384
v -0.02392507 -0.01723790 0.12029163
v -0.05040402 -0.01463422 0.05224448
v -0.04536982 -0.00845923 0.06761527
v -0.04461467 -0.00879819 0.06881469
v -0.04870070 0.00487520 0.05845117
v -0.03079670 0.00846260 0.10683150
v -0.03155185 0.00880157 0.10563207
v -0.02774777 -0.00487182 0.11609807
v -0.02967450 0.01840144 0.06249641
v -0.00956532 0.01990143 0.10391717
v -0.02840780 -0.00629823 0.11720955
v -0.03165008 0.00694875 0.10741092
v -0.04946809 0.00580065 0.05926721
v -0.04639610 -0.00694537 0.06771904
v -0.01951404 -0.00629823 0.14167855
v -0.01923206 -0.00629823 0.14157609
v -0.01923206 -0.00704822 0.14157609
v -0.00329061 0.02010738 0.14436142
v -0.01023135 0.02010738 0.14321971
v -0.01020241 0.02010738 0.14304420
v -0.00346231 0.02010738 0.14445416
v -0.00326175 0.02010738 0.14418585
v -0.01216857 0.01988617 0.14290110
v -0.01020241 0.02010738 0.14304420
v -0.01023135 0.02010738 0.14321971
v -0.01580571 -0.01842122 0.14230282
v -0.01709383 -0.01708648 0.14191063
v -0.01712276 -0.01708648 0.14208614
v -0.01400876 0.01923363 0.14259838
v -0.01213972 0.01988617 0.14272552
v -0.01216857 0.01988617 0.14290110
v -0.01422860 -0.01942548 0.14256225
v -0.01577685 -0.01842122 0.14212723
v -0.01580571 -0.01842122 0.14230282
v -0.01565948 0.01818246 0.14232685
v -0.01397982 0.01923363 0.14242285
v -0.01400876 0.01923363 0.14259838
v -0.01247056 -0.02004891 0.14285142
v -0.01419973 -0.01942548 0.14238667
v -0.01422860 -0.01942548 0.14256225
v -0.01703802 0.01678541 0.14210008
v -0.01563062 0.01818246 0.14215126
v -0.01565948 0.01818246 0.14232685
v -0.01061969 -0.02026026 0.14315588
v -0.01244171 -0.02004891 0.14267583
v -0.01247056 -0.02004891 0.14285142
v -0.01247056 -0.02004891 0.14285142
v -0.01061969 -0.02026026 0.14315588
v -0.01807521 0.01511250 0.14192950
v -0.01700910 0.01678541 0.14192456
v -0.01703802 0.01678541 0.14210008
v -0.00329061 -0.02026026 0.14436142
v -0.01059084 -0.02026026 0.14298030
v -0.01061969 -0.02026026 0.14315588
v -0.01872888 -0.01370654 0.14182196
v -0.01890854 -0.01183081 0.14161208
v -0.01893740 -0.01183081 0.14178767
v -0.01871909 0.01324763 0.14182360
v -0.01804635 0.01511250 0.14175393
v -0.01807521 0.01511250 0.14192950
v -0.01893740 -0.01183081 0.14178767
v -0.01890854 0.01128432 0.14161208
v -0.01893740 0.01128432 0.14178767
v -0.01811366 -0.01548821 0.14192320
v -0.01869994 -0.01370654 0.14164644
v -0.01872888 -0.01370654 0.14182196
v -0.01893740 0.01128432 0.14178767
v -0.01869022 0.01324763 0.14164802
v -0.01871909 0.01324763 0.14182360
v -0.01023135 0.02010738 0.14321971
v -0.00326175 0.02010738 0.14418585
v -0.00329061 0.02010738 0.14436142
v -0.01712276 -0.01708648 0.14208614
v -0.01808480 -0.01548821 0.14174761
v -0.01811366 -0.01548821 0.14192320
v -0.01807521 0.01511250 0.14192950
v -0.01871909 0.01324763 0.14182360
v -0.01893740 0.01128432 0.14178767
v -0.01893740 -0.01183081 0.14178767
v -0.01872888 -0.01370654 0.14182196
v -0.01811366 -0.01548821 0.14192320
v -0.01216857 0.01988617 0.14290110
v -0.01712276 -0.01708648 0.14208614
v -0.01580571 -0.01842122 0.14230282
v -0.00329061 -0.02026026 0.14436142
v -0.01400876 0.01923363 0.14259838
v -0.01565948 0.01818246 0.14232685
v -0.00326175 -0.02026026 0.14418585
v -0.00326175 0.02010738 0.14418585
v -0.01703802 0.01678541 0.14210008
v -0.01422860 -0.01942548 0.14256225
v -0.01397982 0.01923363 0.14242285
v -0.01234029 0.01988617 0.14299384
v -0.01213972 0.01988617 0.14272552
v -0.01871912 0.01324763 0.14239992
v -0.01827581 0.01511250 0.14277414
v -0.01891970 0.01324763 0.14266824
v -0.01804635 0.01511250 0.14175393
v -0.01720974 0.01678541 0.14219281
v -0.01700910 0.01678541 0.14192456
v -0.01802813 -0.01548821 0.14028777
v -0.01723775 -0.01708648 0.14071910
v -0.01822870 -0.01548821 0.14055608
v -0.01869022 0.01324763 0.14164802
v -0.01824692 0.01511250 0.14202224
v -0.01804635 0.01511250 0.14175393
v -0.01893737 0.01128432 0.14236405
v -0.01891970 0.01324763 0.14266824
v -0.01913802 0.01128432 0.14263230
v -0.01572012 -0.01842122 0.14066745
v -0.01434364 -0.01942548 0.14119513
v -0.01592069 -0.01842122 0.14093576
v -0.01563062 0.01818246 0.14215126
v -0.01418047 0.01923363 0.14269111
v -0.01397982 0.01923363 0.14242285
v -0.01893737 -0.01183081 0.14236405
v -0.01892941 -0.01370654 0.14266666
v -0.01872884 -0.01370654 0.14239834
v -0.01419973 -0.01942548 0.14238667
v -0.01264228 -0.02004891 0.14294415
v -0.01440030 -0.01942548 0.14265499
v -0.01864328 -0.01370654 0.14018659
v -0.01822870 -0.01548821 0.14055608
v -0.01884385 -0.01370654 0.14045490
v -0.01700910 0.01678541 0.14192456
v -0.01583119 0.01818246 0.14241958
v -0.01563062 0.01818246 0.14215126
v -0.01703718 -0.01708648 0.14045078
v -0.01592069 -0.01842122 0.14093576
v -0.01723775 -0.01708648 0.14071910
v -0.01422863 -0.01942548 0.14313857
v -0.01267117 -0.02004891 0.14369605
v -0.01247060 -0.02004891 0.14342773
v -0.00326175 0.02010738 0.14418585
v -0.00346231 -0.02026026 0.14445416
v -0.00326175 -0.02026026 0.14418585
v -0.01213972 0.01988617 0.14272552
v -0.01577685 -0.01842122 0.14212723
v -0.01397982 0.01923363 0.14242285
v -0.01419973 -0.01942548 0.14238667
v -0.01563062 0.01818246 0.14215126
v -0.01244171 -0.02004891 0.14267583
v -0.01700910 0.01678541 0.14192456
v -0.01059084 -0.02026026 0.14298030
v -0.01804635 0.01511250 0.14175393
v -0.01216861 0.01988617 0.14347741
v -0.01043188 0.02010738 0.14406442
v -0.01236919 0.01988617 0.14374573
v -0.01869994 -0.01370654 0.14164644
v -0.01869022 0.01324763 0.14164802
v -0.01890854 -0.01183081 0.14161208
v -0.01808480 -0.01548821 0.14174761
v -0.01890854 0.01128432 0.14161208
v -0.01020241 0.02010738 0.14304420
v -0.01709383 -0.01708648 0.14191063
v -0.01400876 0.01923363 0.14259838
v -0.01565945 0.01818246 0.14290324
v -0.01565948 0.01818246 0.14232685
v -0.00326170 -0.02026026 0.14476222
v -0.00326175 -0.02026026 0.14418585
v -0.01216857 0.01988617 0.14290110
v -0.01400872 0.01923363 0.14317475
v -0.01400876 0.01923363 0.14259838
v -0.01422860 -0.01942548 0.14256225
v -0.01580573 -0.01842122 0.14287913
v -0.01422863 -0.01942548 0.14313857
v -0.01703802 0.01678541 0.14210008
v -0.01807524 0.01511250 0.14250582
v -0.01807521 0.01511250 0.14192950
v -0.00326170 0.02010738 0.14476222
v -0.00329063 0.02010738 0.14493773
v -0.01247056 -0.02004891 0.14285142
v -0.01422863 -0.01942548 0.14313857
v -0.01247060 -0.02004891 0.14342773
v -0.01565948 0.01818246 0.14232685
v -0.01703799 0.01678541 0.14267647
v -0.01703802 0.01678541 0.14210008
v -0.01872888 -0.01370654 0.14182196
v -0.01893737 -0.01183081 0.14236405
v -0.01872884 -0.01370654 0.14239834
v -0.01811366 -0.01548821 0.14192320
v -0.01872884 -0.01370654 0.14239834
v -0.01811368 -0.01548821 0.14249951
v -0.01061969 -0.02026026 0.14315588
v -0.01247060 -0.02004891 0.14342773
v -0.01061973 -0.02026026 0.14373219
v -0.01023131 0.02010738 0.14379609
v -0.01807521 0.01511250 0.14192950
v -0.01871912 0.01324763 0.14239992
v -0.01871909 0.01324763 0.14182360
v -0.01580571 -0.01842122 0.14230282
v -0.01712273 -0.01708648 0.14266252
v -0.01580573 -0.01842122 0.14287913
v -0.01893740 0.01128432 0.14178767
v -0.01893737 -0.01183081 0.14236405
v -0.01893740 -0.01183081 0.14178767
v -0.01871909 0.01324763 0.14182360
v -0.01893737 0.01128432 0.14236405
v -0.01893740 0.01128432 0.14178767
v -0.01061973 -0.02026026 0.14373219
v -0.00329063 -0.02026026 0.14493773
v -0.01023135 0.02010738 0.14321971
v -0.01216861 0.01988617 0.14347741
v -0.01216857 0.01988617 0.14290110
v -0.01213972 0.01988617 0.14272552
v -0.01040306 0.02010738 0.14331244
v -0.01020241 0.02010738 0.14304420
v -0.01890854 0.01128432 0.14161208
v -0.01889080 0.01324763 0.14191634
v -0.01869022 0.01324763 0.14164802
v -0.01247060 -0.02004891 0.14342773
v -0.01082031 -0.02026026 0.14400051
v -0.01061973 -0.02026026 0.14373219
v -0.00326170 -0.02026026 0.14476222
v -0.00320502 -0.02026026 0.14272605
v -0.00317616 -0.02026026 0.14255048
v -0.00346231 -0.02026026 0.14445416
v -0.00349117 -0.02026026 0.14462973
v -0.01565945 0.01818246 0.14290324
v -0.01420937 0.01923363 0.14344301
v -0.01586009 0.01818246 0.14317148
v -0.01869994 -0.01370654 0.14164644
v -0.01828536 -0.01548821 0.14201592
v -0.01890059 -0.01370654 0.14191468
v -0.00326170 0.02010738 0.14476222
v -0.00320502 0.02010738 0.14272605
v -0.00329063 0.02010738 0.14493773
v -0.00317616 0.02010738 0.14255048
v -0.00337673 -0.02026026 0.14281880
v -0.00317616 -0.02026026 0.14255048
v -0.00337673 0.02010738 0.14281880
v -0.00317616 0.02010738 0.14255048
v -0.00349121 -0.02026026 0.14520606
v -0.01807524 0.01511250 0.14250582
v -0.01723857 0.01678541 0.14294479
v -0.01827581 0.01511250 0.14277414
v -0.01392317 0.01923363 0.14096301
v -0.01228363 0.01988617 0.14153398
v -0.01208298 0.01988617 0.14126573
v -0.01023131 0.02010738 0.14379609
v -0.01014575 0.02010738 0.14158434
v -0.00337673 -0.02026026 0.14281880
v -0.00346236 -0.02026026 0.14503047
v -0.00329063 -0.02026026 0.14493773
v -0.00340559 -0.02026026 0.14299437
v -0.01695242 0.01678541 0.14046471
v -0.01577446 0.01818246 0.14095980
v -0.01557389 0.01818246 0.14069148
v -0.01893737 0.01128432 0.14236405
v -0.01913802 -0.01183081 0.14263230
v -0.01893737 -0.01183081 0.14236405
v -0.01712276 -0.01708648 0.14208614
v -0.01811368 -0.01548821 0.14249951
v -0.01712273 -0.01708648 0.14266252
v -0.00326175 -0.02026026 0.14418585
v -0.00326170 0.02010738 0.14476222
v -0.00326175 0.02010738 0.14418585
v -0.01703718 -0.01708648 0.14045078
v -0.01864328 -0.01370654 0.14018659
v -0.01053418 -0.02026026 0.14152044
v -0.00320502 0.02010738 0.14272605
v -0.00317616 -0.02026026 0.14255048
v -0.00320502 -0.02026026 0.14272605
v -0.01885181 -0.01183081 0.14015228
v -0.01885181 0.01128432 0.14015228
v -0.00320502 -0.02026026 0.14272605
v -0.01863350 0.01324763 0.14018823
v -0.01798962 0.01511250 0.14029414
v -0.01695242 0.01678541 0.14046471
v -0.01557389 0.01818246 0.14069148
v -0.01392317 0.01923363 0.14096301
v -0.01208298 0.01988617 0.14126573
v -0.01014575 0.02010738 0.14158434
v -0.00320502 0.02010738 0.14272605
v -0.01238497 -0.02004891 0.14121605
v -0.01414307 -0.01942548 0.14092681
v -0.01572012 -0.01842122 0.14066745
v -0.01802813 -0.01548821 0.14028777
v -0.00317616 0.02010738 0.14255048
v -0.01863350 0.01324763 0.14018823
v -0.01819027 0.01511250 0.14056240
v -0.01798962 0.01511250 0.14029414
v -0.01709383 -0.01708648 0.14191063
v -0.01597741 -0.01842122 0.14239554
v -0.01729448 -0.01708648 0.14217887
v -0.01824692 0.01511250 0.14202224
v -0.01910912 0.01128432 0.14188040
v -0.01234029 0.01988617 0.14299384
v -0.01910912 -0.01183081 0.14188040
v -0.00346231 -0.02026026 0.14445416
v -0.01890059 -0.01370654 0.14191468
v -0.01079141 -0.02026026 0.14324862
v -0.01828536 -0.01548821 0.14201592
v -0.01729448 -0.01708648 0.14217887
v -0.01597741 -0.01842122 0.14239554
v -0.01440030 -0.01942548 0.14265499
v -0.01264228 -0.02004891 0.14294415
v -0.00346231 0.02010738 0.14445416
v -0.01040306 0.02010738 0.14331244
v -0.01418047 0.01923363 0.14269111
v -0.01583119 0.01818246 0.14241958
v -0.01720974 0.01678541 0.14219281
v -0.01889080 0.01324763 0.14191634
v -0.01079141 -0.02026026 0.14324862
v -0.00346236 -0.02026026 0.14503047
v -0.00337673 0.02010738 0.14281880
v -0.00346236 0.02010738 0.14503047
v -0.01831426 -0.01548821 0.14276784
v -0.01723775 -0.01708648 0.14071910
v -0.01732331 -0.01708648 0.14293085
v -0.01586009 0.01818246 0.14317148
v -0.01412374 0.01923363 0.14123133
v -0.01577446 0.01818246 0.14095980
v -0.01420937 0.01923363 0.14344301
v -0.01228363 0.01988617 0.14153398
v -0.01412374 0.01923363 0.14123133
v -0.01600631 -0.01842122 0.14314745
v -0.01434364 -0.01942548 0.14119513
v -0.01442920 -0.01942548 0.14340689
v -0.01827581 0.01511250 0.14277414
v -0.01715300 0.01678541 0.14073303
v -0.01819027 0.01511250 0.14056240
v -0.01442920 -0.01942548 0.14340689
v -0.01258562 -0.02004891 0.14148430
v -0.01267117 -0.02004891 0.14369605
v -0.01723857 0.01678541 0.14294479
v -0.01577446 0.01818246 0.14095980
v -0.01715300 0.01678541 0.14073303
v -0.01913802 -0.01183081 0.14263230
v -0.01884385 -0.01370654 0.14045490
v -0.01892941 -0.01370654 0.14266666
v -0.01892941 -0.01370654 0.14266666
v -0.01822870 -0.01548821 0.14055608
v -0.01831426 -0.01548821 0.14276784
v -0.01267117 -0.02004891 0.14369605
v -0.01073475 -0.02026026 0.14178876
v -0.01082031 -0.02026026 0.14400051
v -0.01891970 0.01324763 0.14266824
v -0.01819027 0.01511250 0.14056240
v -0.01883415 0.01324763 0.14045649
v -0.01732331 -0.01708648 0.14293085
v -0.01592069 -0.01842122 0.14093576
v -0.01600631 -0.01842122 0.14314745
v -0.01913802 0.01128432 0.14263230
v -0.01905240 -0.01183081 0.14042062
v -0.01913802 -0.01183081 0.14263230
v -0.01913802 0.01128432 0.14263230
v -0.01883415 0.01324763 0.14045649
v -0.01905240 0.01128432 0.14042062
v -0.01236919 0.01988617 0.14374573
v -0.01034633 0.02010738 0.14185266
v -0.01228363 0.01988617 0.14153398
v -0.01082031 -0.02026026 0.14400051
v -0.00349121 -0.02026026 0.14520606
v -0.01703799 0.01678541 0.14267647
v -0.01586009 0.01818246 0.14317148
v -0.01723857 0.01678541 0.14294479
v -0.01885181 -0.01183081 0.14015228
v -0.01905240 0.01128432 0.14042062
v -0.01885181 0.01128432 0.14015228
v -0.01059084 -0.02026026 0.14298030
v -0.00349117 -0.02026026 0.14462973
v -0.01079141 -0.02026026 0.14324862
v -0.01400872 0.01923363 0.14317475
v -0.01236919 0.01988617 0.14374573
v -0.01420937 0.01923363 0.14344301
v -0.01798962 0.01511250 0.14029414
v -0.01715300 0.01678541 0.14073303
v -0.01695242 0.01678541 0.14046471
v -0.01053418 -0.02026026 0.14152044
v -0.01073475 -0.02026026 0.14178876
v -0.00326170 -0.02026026 0.14476222
v -0.00346236 0.02010738 0.14503047
v -0.00326170 0.02010738 0.14476222
v -0.01808480 -0.01548821 0.14174761
v -0.01729448 -0.01708648 0.14217887
v -0.01828536 -0.01548821 0.14201592
v -0.01557389 0.01818246 0.14069148
v -0.01412374 0.01923363 0.14123133
v -0.01392317 0.01923363 0.14096301
v -0.01238497 -0.02004891 0.14121605
v -0.01073475 -0.02026026 0.14178876
v -0.01258562 -0.02004891 0.14148430
v -0.01712273 -0.01708648 0.14266252
v -0.01600631 -0.01842122 0.14314745
v -0.01580573 -0.01842122 0.14287913
v -0.01208298 0.01988617 0.14126573
v -0.01034633 0.02010738 0.14185266
v -0.01014575 0.02010738 0.14158434
v -0.01890854 -0.01183081 0.14161208
v -0.01910912 0.01128432 0.14188040
v -0.01890854 0.01128432 0.14161208
v -0.01414307 -0.01942548 0.14092681
v -0.01258562 -0.02004891 0.14148430
v -0.01434364 -0.01942548 0.14119513
v -0.01872884 -0.01370654 0.14239834
v -0.01831426 -0.01548821 0.14276784
v -0.01811368 -0.01548821 0.14249951
v -0.01890854 -0.01183081 0.14161208
v -0.01890059 -0.01370654 0.14191468
v -0.01910912 -0.01183081 0.14188040
v -0.01580573 -0.01842122 0.14287913
v -0.01442920 -0.01942548 0.14340689
v -0.01422863 -0.01942548 0.14313857
v -0.01885181 -0.01183081 0.14015228
v -0.01884385 -0.01370654 0.14045490
v -0.01905240 -0.01183081 0.14042062
v -0.01577685 -0.01842122 0.14212723
v -0.01440030 -0.01942548 0.14265499
v -0.01597741 -0.01842122 0.14239554
v -0.01034633 0.02010738 0.14185266
v -0.01043188 0.02010738 0.14406442
v -0.01811368 -0.01548821 0.14249951
v -0.01732331 -0.01708648 0.14293085
v -0.01712273 -0.01708648 0.14266252
v -0.01244171 -0.02004891 0.14267583
v -0.01079141 -0.02026026 0.14324862
v -0.01264228 -0.02004891 0.14294415
v -0.01885181 0.01128432 0.14015228
v -0.01883415 0.01324763 0.14045649
v -0.01863350 0.01324763 0.14018823
v -0.01040306 0.02010738 0.14331244
v -0.01418047 0.01923363 0.14269111
v -0.01807524 0.01511250 0.14250582
v -0.01824692 0.01511250 0.14202224
v -0.01703718 -0.01708648 0.14045078
v -0.01889080 0.01324763 0.14191634
v -0.01871912 0.01324763 0.14239992
v -0.01414307 -0.01942548 0.14092681
v -0.01583119 0.01818246 0.14241958
v -0.01913802 -0.01183081 0.14263230
v -0.01244171 -0.02004891 0.14267583
v -0.01802813 -0.01548821 0.14028777
v -0.01720974 0.01678541 0.14219281
v -0.01572012 -0.01842122 0.14066745
v -0.01442920 -0.01942548 0.14340689
v -0.00346231 0.02010738 0.14445416
v -0.01023131 0.02010738 0.14379609
v -0.01400872 0.01923363 0.14317475
v -0.01216861 0.01988617 0.14347741
v -0.01580571 -0.01842122 0.14230282
v -0.01703799 0.01678541 0.14267647
v -0.01422860 -0.01942548 0.14256225
v -0.01565945 0.01818246 0.14290324
v -0.01893740 -0.01183081 0.14178767
v -0.01872888 -0.01370654 0.14182196
v -0.01247056 -0.02004891 0.14285142
v -0.01807524 0.01511250 0.14250582
v -0.01712276 -0.01708648 0.14208614
v -0.01893737 0.01128432 0.14236405
v -0.01871912 0.01324763 0.14239992
v -0.01023131 0.02010738 0.14379609
v -0.01234029 0.01988617 0.14299384
v -0.01910912 0.01128432 0.14188040
v -0.01267117 -0.02004891 0.14369605
v -0.01400872 0.01923363 0.14317475
v -0.01808480 -0.01548821 0.14174761
v -0.00317616 0.02010738 0.14255048
v -0.00337673 0.02010738 0.14281880
v -0.00346236 0.02010738 0.14503047
v -0.01082031 -0.02026026 0.14400051
v -0.01703799 0.01678541 0.14267647
v -0.01412374 0.01923363 0.14123133
v -0.00317616 -0.02026026 0.14255048
v -0.01715300 0.01678541 0.14073303
v -0.01913802 0.01128432 0.14263230
v -0.01811366 -0.01548821 0.14192320
v -0.00326170 -0.02026026 0.14476222
v -0.01883415 0.01324763 0.14045649
v -0.01709383 -0.01708648 0.14191063
v -0.01577685 -0.01842122 0.14212723
v -0.01597741 -0.01842122 0.14239554
v -0.00337673 -0.02026026 0.14281880
v -0.01822870 -0.01548821 0.14055608
v -0.01420937 0.01923363 0.14344301
v -0.01236919 0.01988617 0.14374573
v -0.01592069 -0.01842122 0.14093576
v -0.01723857 0.01678541 0.14294479
v -0.01434364 -0.01942548 0.14119513
v -0.01586009 0.01818246 0.14317148
v -0.01905240 -0.01183081 0.14042062
v -0.01884385 -0.01370654 0.14045490
v -0.01258562 -0.02004891 0.14148430
v -0.01827581 0.01511250 0.14277414
v -0.01723775 -0.01708648 0.14071910
v -0.01905240 0.01128432 0.14042062
v -0.01891970 0.01324763 0.14266824
v -0.01043188 0.02010738 0.14406442
v -0.01565945 0.01818246 0.14290324
v -0.01905240 -0.01183081 0.14042062
v -0.00329061 -0.02026026 0.14436142
v -0.01216861 0.01988617 0.14347741
v -0.01819027 0.01511250 0.14056240
v -0.00346236 -0.02026026 0.14503047
v -0.01709383 -0.01708648 0.14191063
v -0.01577446 0.01818246 0.14095980
v -0.01053418 -0.02026026 0.14152044
v -0.01732331 -0.01708648 0.14293085
v -0.01228363 0.01988617 0.14153398
v -0.01910912 -0.01183081 0.14188040
v -0.01238497 -0.02004891 0.14121605
v -0.01892941 -0.01370654 0.14266666
v -0.01869994 -0.01370654 0.14164644
v -0.01600631 -0.01842122 0.14314745
v -0.01864328 -0.01370654 0.14018659
v -0.01419973 -0.01942548 0.14238667
v -0.01831426 -0.01548821 0.14276784
v -0.01059084 -0.02026026 0.14298030
v -0.01905240 0.01128432 0.14042062
vt 0.13901250 0.07419705
vt 0.01597541 0.15321399
vt 0.63717991 0.00000000
vt 0.06438583 0.88616598
vt 0.00000000 0.79892099
vt 0.50548428 0.99495852
vt 0.65015811 1.00000000
vt 0.50548428 0.99495852
vt 0.65015811 1.00000000
vt 1.00000000 0.00000000
vt 0.63717991 0.00000000
vt 0.63717991 0.00000000
vt 0.01597541 0.15321399
vt 0.00000000 0.19706510
vt 0.00000000 0.19706510
vt 0.50548428 0.99495852
vt 0.36806500 0.98008692
vt 0.50548428 0.99495852
vt 0.06310063 0.11156180
vt 0.01597541 0.15321399
vt 0.01597541 0.15321399
vt 0.36806500 0.98008692
vt 0.24479111 0.95613092
vt 0.36806500 0.98008692
vt 0.13901250 0.07419705
vt 0.06310063 0.11156180
vt 0.06310063 0.11156180
vt 0.24479111 0.95613092
vt 0.14184400 0.92429167
vt 0.24479111 0.95613092
vt 0.23990481 0.04299324
vt 0.13901250 0.07419705
vt 0.13901250 0.07419705
vt 0.14184400 0.92429167
vt 0.06438583 0.88616598
vt 0.14184400 0.92429167
vt 0.36071789 0.01951557
vt 0.23990481 0.04299324
vt 0.23990481 0.04299324
vt 0.06438583 0.88616598
vt 0.01630061 0.84366530
vt 0.06438583 0.88616598
vt 1.00000000 1.00000000
vt 1.00000000 0.00000000
vt 1.00000000 0.00000000
vt 0.49539411 0.00494075
vt 0.36071789 0.01951557
vt 0.36071789 0.01951557
vt 0.00000000 0.79892099
vt 0.01630061 0.84366530
vt 0.01630061 0.84366530
vt 1.00000000 1.00000000
vt 0.65015811 1.00000000
vt 1.00000000 1.00000000
vt 0.63717991 0.00000000
vt 0.49539411 0.00494075
vt 0.49539411 0.00494075
vt 0.00000000 0.19706510
vt 0.00000000 0.79892099
vt 0.00000000 0.79892099
vt 0.00000000 0.19706510
vt 0.00000000 0.79892099
vt 1.00000000 0.00000000
vt 0.01630061 0.84366530
vt 0.06438583 0.88616598
vt 0.14184400 0.92429167
vt 0.50548428 0.99495852
vt 0.24479111 0.95613092
vt 0.36806500 0.98008692
vt 0.65015811 1.00000000
vt 1.00000000 1.00000000
vt 0.49539411 0.00494075
vt 0.36071789 0.01951557
vt 0.23990481 0.04299324
vt 0.06310063 0.11156180
vt 0.00000000 0.19706510
vt 1.00000000 0.00000000
vt 0.01597541 0.15321399
vt 0.63717991 0.00000000
vt 0.06310063 0.11156180
vt 0.13901250 0.07419705
vt 0.23990481 0.04299324
vt 0.36071789 0.01951557
vt 0.49539411 0.00494075
vt 1.00000000 1.00000000
vt 0.65015811 1.00000000
vt 0.36806500 0.98008692
vt 0.24479111 0.95613092
vt 0.14184400 0.92429167
vt 0.01630061 0.84366530
vt 0.50548428 0.99495852
vt 1.00000000 0.00000000
vt 0.01597541 0.15321399
vt 0.36806500 0.98008692
vt 0.06310063 0.11156180
vt 0.24479111 0.95613092
vt 0.13901250 0.07419705
vt 0.14184400 0.92429167
vt 0.23990481 0.04299324
vt 0.06438583 0.88616598
vt 0.36071789 0.01951557
vt 0.01630061 0.84366530
vt 1.00000000 1.00000000
vt 0.49539411 0.00494075
vt 0.00000000 0.79892099
vt 0.65015811 1.00000000
vt 0.63717991 0.00000000
vt 0.00000000 0.19706510
vt 0.00000000 0.00000000
vt 0.00000000 0.00000000
vt 0.00000000 0.00000000
vt 0.00000000 0.00000000
vt 0.00000000 0.00000000
vt 0.00000000 0.00000000
vt 0.00000000 0.00000000
vt 0.00000000 0.00000000
vt 0.00000000 0.00000000
vt 0.00000000 0.00000000
vt 0.00000000 0.00000000
vt 0.00000000 0.00000000
vt 0.00000000 0.00000000
vt 0.00000000 0.00000000
vt 0.00000000 0.00000000
vt 0.00000000 0.00000000
vt 0.00000000 0.00000000
vt 0.00000000 0.00000000
vt 0.00000000 0.00000000
vt 0.00000000 0.00000000
vt 0.00000000 0.00000000
vt 0.00000000 0.00000000
vt 0.00000000 0.00000000
vt 0.00000000 0.00000000
vt 0.00000000 0.00000000
vt 0.00000000 0.00000000
vt 0.00000000 0.00000000
vt 0.00000000 0.00000000
vt 0.00000000 0.00000000
vt 0.00000000 0.00000000
vt 0.00000000 0.00000000
vt 0.00000000 0.00000000
vt 0.00000000 0.00000000
vt 0.00000000 0.00000000
vt 0.00000000 0.00000000
vt 0.00000000 0.00000000
vt 0.00000000 0.00000000
vt 0.00000000 0.00000000
vt 0.00000000 0.00000000
vt 0.00000000 0.00000000
vt 0.00000000 0.00000000
vt 0.00000000 0.00000000
vt 0.00000000 0.00000000
vt 0.00000000 0.00000000
vt 0.00000000 0.00000000
vt 0.00000000 0.00000000
vt 0.00000000 0.00000000
vt 0.00000000 0.00000000
vt 0.00000000 0.00000000
vt 0.00000000 0.00000000
vt 0.00000000 0.00000000
vt 0.00000000 0.00000000
vt 0.00000000 0.00000000
vt 0.00000000 0.00000000
vt 0.00000000 0.00000000
vt 0.00000000 0.00000000
vt 0.00000000 0.00000000
vt 0.00000000 0.00000000
vt 0.00000000 0.00000000
vt 0.00000000 0.00000000
vt 0.00000000 0.00000000
vt 0.00000000 0.00000000
vt 0.00000000 0.00000000
vt 0.00000000 0.00000000
vt 0.00000000 0.00000000
vt 0.00000000 0.00000000
vt 0.00000000 0.00000000
vt 0.00000000 0.00000000
vt 0.00000000 0.00000000
vt 0.00000000 0.00000000
vt 0.00000000 0.00000000
vt 0.00000000 0.00000000
vt 0.00000000 0.00000000
vt 0.00000000 0.00000000
vt 0.00000000 0.00000000
vt 0.00000000 0.00000000
vt 0.00000000 0.00000000
vt 0.00000000 0.00000000
vt 0.00000000 0.00000000
vt 0.00000000 0.00000000
vt 0.00000000 0.00000000
vt 0.00000000 0.00000000
vt 0.00000000 0.00000000
vt 0.00000000 0.00000000
vt 0.00000000 0.00000000
vt 0.00000000 0.00000000
vt 0.00000000 0.00000000
vt 0.00000000 0.00000000
vt 0.00000000 0.00000000
vt 0.00000000 0.00000000
vt 0.00000000 0.00000000
vt 0.00000000 0.00000000
vt 0.00000000 0.00000000
vt 0.00000000 0.00000000
vt 0.00000000 0.00000000
vt 0.00000000 0.00000000
vt 0.00000000 0.00000000
vt 0.00000000 0.00000000
vt 0.00000000 0.00000000
vt 0.00000000 0.00000000
vt 0.00000000 0.00000000
vt 0.00000000 0.00000000
vt 0.00000000 0.00000000
vt 0.00000000 0.00000000
vt 0.00000000 0.00000000
vt 0.00000000 0.00000000
vt 0.00000000 0.00000000
vt 0.00000000 0.00000000
vt 0.00000000 0.00000000
vt 0.00000000 0.00000000
vt 0.00000000 0.00000000
vt 0.00000000 0.00000000
vt 0.00000000 0.00000000
vt 0.00000000 0.00000000
vt 0.00000000 0.00000000
vt 0.00000000 0.00000000
vt 0.00000000 0.00000000
vt 0.00000000 0.00000000
vt 0.00000000 0.00000000
vt 0.00000000 0.00000000
vt 0.00000000 0.00000000
vt 0.00000000 0.00000000
vt 0.00000000 0.00000000
vt 0.00000000 0.00000000
vt 0.00000000 0.00000000
vt 0.00000000 0.00000000
vt 0.00000000 0.00000000
vt 0.00000000 0.00000000
vt 0.00000000 0.00000000
vt 0.00000000 0.00000000
vt 0.00000000 0.00000000
vt 0.00000000 0.00000000
vt 0.00000000 0.00000000
vt 0.00000000 0.00000000
vt 0.00000000 0.00000000
vt 0.00000000 0.00000000
vt 0.00000000 0.00000000
vt 0.00000000 0.00000000
vt 0.00000000 0.00000000
vt 0.00000000 0.00000000
vt 0.00000000 0.00000000
vt 0.00000000 0.00000000
vt 0.00000000 0.00000000
vt 0.00000000 0.00000000
vt 0.00000000 0.00000000
vt 0.00000000 0.00000000
vt 0.00000000 0.00000000
vt 0.00000000 0.00000000
vt 0.00000000 0.00000000
vt 0.00000000 0.00000000
vt 0.00000000 0.00000000
vt 0.00000000 0.00000000
vt 0.00000000 0.00000000
vt 0.00000000 0.00000000
vt 0.00000000 0.00000000
vt 0.00000000 0.00000000
vt 0.00000000 0.00000000
vt 0.00000000 0.00000000
vt 0.00000000 0.00000000
vt 0.00000000 0.00000000
vt 0.00000000 0.00000000
vt 0.00000000 0.00000000
vt 0.00000000 0.00000000
vt 0.00000000 0.00000000
vt 0.00000000 0.00000000
vt 0.00000000 0.00000000
vt 0.00000000 0.00000000
vt 0.00000000 0.00000000
vt 0.00000000 0.00000000
vt 0.00000000 0.00000000
vt 0.00000000 0.00000000
vt 0.00000000 0.00000000
vt 0.00000000 0.00000000
vt 0.00000000 0.00000000
vt 0.00000000 0.00000000
vt 0.00000000 0.00000000
vt 0.00000000 0.00000000
vt 0.00000000 0.00000000
vt 0.00000000 0.00000000
vt 0.00000000 0.00000000
vt 0.00000000 0.00000000
vt 0.00000000 0.00000000
vt 0.00000000 0.00000000
vt 0.00000000 0.00000000
vt 0.00000000 0.00000000
vt 0.00000000 0.00000000
vt 0.00000000 0.00000000
vt 0.00000000 0.00000000
vt 0.00000000 0.00000000
vt 0.00000000 0.00000000
vt 0.00000000 0.00000000
vt 0.00000000 0.00000000
vt 0.00000000 0.00000000
vt 0.00000000 0.00000000
vt 0.00000000 0.00000000
vt 0.00000000 0.00000000
vt 0.00000000 0.00000000
vt 0.00000000 0.00000000
vt 0.00000000 0.00000000
vt 0.00000000 0.00000000
vt 0.00000000 0.00000000
vt 0.00000000 0.00000000
vt 0.00000000 0.00000000
vt 0.00000000 0.00000000
vt 0.00000000 0.00000000
vt 0.00000000 0.00000000
vt 0.00000000 0.00000000
vt 0.00000000 0.00000000
vt 0.00000000 0.00000000
vt 0.00000000 0.00000000
vt 0.00000000 0.00000000
vt 0.00000000 0.00000000
vt 0.00000000 0.00000000
vt 0.00000000 0.00000000
vt 0.00000000 0.00000000
vt 0.00000000 0.00000000
vt 0.00000000 0.00000000
vt 0.00000000 0.00000000
vt 0.00000000 0.00000000
vt 0.00000000 0.00000000
vt 0.00000000 0.00000000
vt 0.00000000 0.00000000
vt 0.00000000 0.00000000
vt 0.00000000 0.00000000
vt 0.00000000 0.00000000
vt 0.00000000 0.00000000
vt 0.00000000 0.00000000
vt 0.00000000 0.00000000
vt 0.00000000 0.00000000
vt 0.00000000 0.00000000
vt 0.00000000 0.00000000
vt 0.00000000 0.00000000
vt 0.00000000 0.00000000
vt 0.00000000 0.00000000
vt 0.00000000 0.00000000
vt 0.00000000 0.00000000
vt 0.00000000 0.00000000
vt 0.00000000 0.00000000
vt 0.00000000 0.00000000
vt 0.00000000 0.00000000
vt 0.00000000 0.00000000
vt 0.00000000 0.00000000
vt 0.00000000 0.00000000
vt 0.00000000 0.00000000
vt 0.00000000 0.00000000
vt 0.00000000 0.00000000
vt 0.00000000 0.00000000
vt 0.00000000 0.00000000
vt 0.00000000 0.00000000
vt 0.00000000 0.00000000
vt 0.00000000 0.00000000
vt 0.00000000 0.00000000
vt 0.00000000 0.00000000
vt 0.00000000 0.00000000
vt 0.00000000 0.00000000
vt 0.00000000 0.00000000
vt 0.00000000 0.00000000
vt 0.00000000 0.00000000
vt 0.00000000 0.00000000
vt 0.00000000 0.00000000
vt 0.00000000 0.00000000
vt 0.00000000 0.00000000
vt 0.00000000 0.00000000
vt 0.00000000 0.00000000
vt 0.00000000 0.00000000
vt 0.00000000 0.00000000
vt 0.00000000 0.00000000
vt 0.00000000 0.00000000
vt 0.00000000 0.00000000
vt 0.00000000 0.00000000
vt 0.00000000 0.00000000
vt 0.00000000 0.00000000
vt 0.00000000 0.00000000
vt 0.00000000 0.00000000
vt 0.00000000 0.00000000
vt 0.00000000 0.00000000
vt 0.00000000 0.00000000
vt 0.00000000 0.00000000
vt 0.00000000 0.00000000
vt 0.00000000 0.00000000
vt 0.00000000 0.00000000
vt 0.00000000 0.00000000
vt 0.00000000 0.00000000
vt 0.00000000 0.00000000
vt 0.00000000 0.00000000
vt 0.00000000 0.00000000
vt 0.00000000 0.00000000
vt 0.00000000 0.00000000
vt 0.00000000 0.00000000
vt 0.00000000 0.00000000
vt 0.00000000 0.00000000
vt 0.00000000 0.00000000
vt 0.00000000 0.00000000
vt 0.00000000 0.00000000
vt 0.00000000 0.00000000
vt 0.00000000 0.00000000
vt 0.00000000 0.00000000
vt 0.00000000 0.00000000
vt 0.00000000 0.00000000
vt 0.00000000 0.00000000
vt 0.00000000 0.00000000
vt 0.00000000 0.00000000
vt 0.00000000 0.00000000
vt 0.00000000 0.00000000
vt 0.00000000 0.00000000
vt 0.00000000 0.00000000
vt 0.00000000 0.00000000
vt 0.00000000 0.00000000
vt 0.00000000 0.00000000
vt 0.00000000 0.00000000
vt 0.00000000 0.00000000
vt 0.00000000 0.00000000
vt 0.00000000 0.00000000
vt 0.00000000 0.00000000
vt 0.00000000 0.00000000
vt 0.00000000 0.00000000
vt 0.00000000 0.00000000
vt 0.00000000 0.00000000
vt 0.00000000 0.00000000
vt 0.00000000 0.00000000
vt 0.00000000 0.00000000
vt 0.00000000 0.00000000
vt 0.00000000 0.00000000
vt 0.00000000 0.00000000
vt 0.00000000 0.00000000
vt 0.00000000 0.00000000
vt 0.00000000 0.00000000
vt 0.00000000 0.00000000
vt 0.00000000 0.00000000
vt 0.00000000 0.00000000
vt 0.00000000 0.00000000
vt 0.00000000 0.00000000
vt 0.00000000 0.00000000
vt 0.00000000 0.00000000
vt 0.00000000 0.00000000
vt 0.00000000 0.00000000
vt 0.00000000 0.00000000
vt 0.00000000 0.00000000
vt 0.00000000 0.00000000
vt 0.00000000 0.00000000
vt 0.00000000 0.00000000
vt 0.00000000 0.00000000
vt 0.00000000 0.00000000
vt 0.00000000 0.00000000
vt 0.00000000 0.00000000
vt 0.00000000 0.00000000
vt 0.00000000 0.00000000
vt 0.00000000 0.00000000
vt 0.00000000 0.00000000
vt 0.00000000 0.00000000
vt 0.00000000 0.00000000
vt 0.00000000 0.00000000
vt 0.00000000 0.00000000
vt 0.00000000 0.00000000
vt 0.00000000 0.00000000
vt 0.00000000 0.00000000
vt 0.00000000 0.00000000
vt 0.00000000 0.00000000
vt 0.00000000 0.00000000
vt 0.00000000 0.00000000
vt 0.00000000 0.00000000
vt 0.00000000 0.00000000
vt 0.00000000 0.00000000
vt 0.00000000 0.00000000
vt 0.00000000 0.00000000
vt 0.00000000 0.00000000
vt 0.00000000 0.00000000
vt 0.00000000 0.00000000
vt 0.00000000 0.00000000
vt 0.00000000 0.00000000
vt 0.00000000 0.00000000
vt 0.00000000 0.00000000
vt 0.00000000 0.00000000
vt 0.00000000 0.00000000
vt 0.00000000 0.00000000
vt 0.00000000 0.00000000
vt 0.00000000 0.00000000
vt 0.00000000 0.00000000
vt 0.00000000 0.00000000
vt 0.00000000 0.00000000
vt 0.00000000 0.00000000
vt 0.00000000 0.00000000
vt 0.00000000 0.00000000
vt 0.00000000 0.00000000
vt 0.00000000 0.00000000
vt 0.00000000 0.00000000
vt 0.00000000 0.00000000
vt 0.00000000 0.00000000
vt 0.00000000 0.00000000
vt 0.00000000 0.00000000
vt 0.00000000 0.00000000
vt 0.00000000 0.00000000
vt 0.00000000 0.00000000
vt 0.00000000 0.00000000
vt 0.00000000 0.00000000
vt 0.00000000 0.00000000
vt 0.00000000 0.00000000
vt 0.00000000 0.00000000
vt 0.00000000 0.00000000
vt 0.00000000 0.00000000
vt 0.00000000 0.00000000
vt 0.00000000 0.00000000
vt 0.00000000 0.00000000
vt 0.00000000 0.00000000
vt 0.00000000 0.00000000
vt 0.00000000 0.00000000
vt 0.00000000 0.00000000
vt 0.00000000 0.00000000
vt 0.00000000 0.00000000
vt 0.00000000 0.00000000
vt 0.00000000 0.00000000
vt 0.00000000 0.00000000
vt 0.00000000 0.00000000
vt 0.00000000 0.00000000
vt 0.00000000 0.00000000
vt 0.00000000 0.00000000
vt 0.00000000 0.00000000
vt 0.00000000 0.00000000
vt 0.00000000 0.00000000
vt 0.00000000 0.00000000
vt 0.00000000 0.00000000
vt 0.00000000 0.00000000
vt 0.00000000 0.00000000
vt 0.00000000 0.00000000
vt 0.00000000 0.00000000
vt 0.00000000 0.00000000
vt 0.00000000 0.00000000
vt 0.00000000 0.00000000
vt 0.00000000 0.00000000
vt 0.00000000 0.00000000
vt 0.00000000 0.00000000
vt 0.00000000 0.00000000
vt 0.00000000 0.00000000
vt 0.00000000 0.00000000
vt 0.00000000 0.00000000
vt 0.00000000 0.00000000
vt 0.00000000 0.00000000
vt 0.00000000 0.00000000
vt 0.00000000 0.00000000
vt 0.00000000 0.00000000
vt 0.00000000 0.00000000
vt 0.00000000 0.00000000
vt 0.00000000 0.00000000
vt 0.00000000 0.00000000
vt 0.00000000 0.00000000
vt 0.00000000 0.00000000
vt 0.00000000 0.00000000
vt 0.00000000 0.00000000
vt 0.00000000 0.00000000
vt 0.00000000 0.00000000
vt 0.00000000 0.00000000
vt 0.00000000 0.00000000
vt 0.00000000 0.00000000
vt 0.00000000 0.00000000
vt 0.00000000 0.00000000
vt 0.00000000 0.00000000
vt 0.00000000 0.00000000
vt 0.00000000 0.00000000
vt 0.00000000 0.00000000
vt 0.00000000 0.00000000
vt 0.00000000 0.00000000
vt 0.00000000 0.00000000
vt 0.00000000 0.00000000
vt 0.00000000 0.00000000
vt 0.00000000 0.00000000
vt 0.00000000 0.00000000
vt 0.00000000 0.00000000
vt 0.00000000 0.00000000
vt 0.00000000 0.00000000
vt 0.00000000 0.00000000
vt 0.00000000 0.00000000
vt 0.00000000 0.00000000
vt 0.00000000 0.00000000
vt 0.00000000 0.00000000
vt 0.00000000 0.00000000
vt 0.00000000 0.00000000
vt 0.00000000 0.00000000
vt 0.00000000 0.00000000
vt 0.00000000 0.00000000
vt 0.00000000 0.00000000
vt 0.00000000 0.00000000
vt 0.00000000 0.00000000
vt 0.00000000 0.00000000
vt 0.00000000 0.00000000
vt 0.00000000 0.00000000
vt 0.00000000 0.00000000
vt 0.00000000 0.00000000
vt 0.00000000 0.00000000
vt 0.00000000 0.00000000
vt 0.00000000 0.00000000
vt 0.00000000 0.00000000
vt 0.00000000 0.00000000
vt 0.00000000 0.00000000
vt 0.00000000 0.00000000
vt 0.00000000 0.00000000
vt 0.00000000 0.00000000
vt 0.00000000 0.00000000
vt 0.00000000 0.00000000
vt 0.00000000 0.00000000
vt 0.00000000 0.00000000
vt 0.00000000 0.00000000
vt 0.00000000 0.00000000
vt 0.00000000 0.00000000
vt 0.00000000 0.00000000
vt 0.00000000 0.00000000
vt 0.00000000 0.00000000
vt 0.00000000 0.00000000
vt 0.00000000 0.00000000
vt 0.00000000 0.00000000
vt 0.00000000 0.00000000
vt 0.00000000 0.00000000
vt 0.00000000 0.00000000
vt 0.00000000 0.00000000
vt 0.00000000 0.00000000
vt 0.00000000 0.00000000
vt 0.00000000 0.00000000
vt 0.00000000 0.00000000
vt 0.00000000 0.00000000
vt 0.00000000 0.00000000
vt 0.00000000 0.00000000
vt 0.00000000 0.00000000
vt 0.00000000 0.00000000
vt 0.00000000 0.00000000
vt 0.00000000 0.00000000
vt 0.00000000 0.00000000
vt 0.00000000 0.00000000
vt 0.00000000 0.00000000
vt 0.00000000 0.00000000
vt 0.00000000 0.00000000
vt 0.00000000 0.00000000
vt 0.00000000 0.00000000
vt 0.00000000 0.00000000
vt 0.00000000 0.00000000
vt 0.00000000 0.00000000
vt 0.00000000 0.00000000
vt 0.00000000 0.00000000
vt 0.00000000 0.00000000
vt 0.00000000 0.00000000
vt 0.00000000 0.00000000
vt 0.00000000 0.00000000
vt 0.00000000 0.00000000
vt 0.00000000 0.00000000
vt 0.00000000 0.00000000
vt 0.00000000 0.00000000
vt 0.00000000 0.00000000
vt 0.00000000 0.00000000
vt 0.00000000 0.00000000
vt 0.00000000 0.00000000
vt 0.00000000 0.00000000
vt 0.00000000 0.00000000
vt 0.00000000 0.00000000
vt 0.00000000 0.00000000
vt 0.00000000 0.00000000
vt 0.00000000 0.00000000
vt 0.00000000 0.00000000
vt 0.00000000 0.00000000
vt 0.00000000 0.00000000
vt 0.00000000 0.00000000
vt 0.00000000 0.00000000
vt 0.00000000 0.00000000
vt 0.00000000 0.00000000
vt 0.00000000 0.00000000
vt 0.00000000 0.00000000
vt 0.00000000 0.00000000
vt 0.00000000 0.00000000
vt 0.00000000 0.00000000
vt 0.00000000 0.00000000
vt 0.00000000 0.00000000
vt 0.00000000 0.00000000
vt 0.00000000 0.00000000
vt 0.00000000 0.00000000
vt 0.00000000 0.00000000
vt 0.00000000 0.00000000
vt 0.00000000 0.00000000
vt 0.00000000 0.00000000
vt 0.00000000 0.00000000
vt 0.00000000 0.00000000
vt 0.00000000 0.00000000
vt 0.00000000 0.00000000
vt 0.00000000 0.00000000
vt 0.00000000 0.00000000
vt 0.00000000 0.00000000
vt 0.00000000 0.00000000
vt 0.00000000 0.00000000
vt 0.00000000 0.00000000
vt 0.00000000 0.00000000
vt 0.00000000 0.00000000
vt 0.00000000 0.00000000
vt 0.00000000 0.00000000
vt 0.00000000 0.00000000
vt 0.00000000 0.00000000
vt 0.00000000 0.00000000
vt 0.00000000 0.00000000
vt 0.00000000 0.00000000
vt 0.00000000 0.00000000
vt 0.00000000 0.00000000
vt 0.00000000 0.00000000
vt 0.00000000 0.00000000
vt 0.00000000 0.00000000
vt 0.00000000 0.00000000
vt 0.00000000 0.00000000
vt 0.00000000 0.00000000
vt 0.00000000 0.00000000
vt 0.00000000 0.00000000
vt 0.00000000 0.00000000
vt 0.00000000 0.00000000
vt 0.00000000 0.00000000
vt 0.00000000 0.00000000
vt 0.00000000 0.00000000
vt 0.00000000 0.00000000
vt 0.00000000 0.00000000
vt 0.00000000 0.00000000
vt 0.00000000 0.00000000
vt 0.00000000 0.00000000
vt 0.00000000 0.00000000
vt 0.00000000 0.00000000
vt 0.00000000 0.00000000
vt 0.00000000 0.00000000
vt 0.00000000 0.00000000
vt 0.00000000 0.00000000
vt 0.00000000 0.00000000
vt 0.00000000 0.00000000
vt 0.00000000 0.00000000
vt 0.00000000 0.00000000
vt 0.00000000 0.00000000
vt 0.00000000 0.00000000
vt 0.00000000 0.00000000
vt 0.00000000 0.00000000
vt 0.00000000 0.00000000
vt 0.00000000 0.00000000
vt 0.00000000 0.00000000
vt 0.00000000 0.00000000
vt 0.00000000 0.00000000
vt 0.00000000 0.00000000
vt 0.00000000 0.00000000
vt 0.00000000 0.00000000
vt 0.00000000 0.00000000
vt 0.00000000 0.00000000
vt 0.00000000 0.00000000
vt 0.00000000 0.00000000
vt 0.00000000 0.00000000
vt 0.00000000 0.00000000
vt 0.00000000 0.00000000
vt 0.00000000 0.00000000
vt 0.00000000 0.00000000
vt 0.00000000 0.00000000
vt 0.00000000 0.00000000
vt 0.00000000 0.00000000
vt 0.00000000 0.00000000
vt 0.00000000 0.00000000
vt 0.00000000 0.00000000
vt 0.00000000 0.00000000
vt 0.00000000 0.00000000
vt 0.00000000 0.00000000
vt 0.00000000 0.00000000
vt 0.00000000 0.00000000
vt 0.00000000 0.00000000
vt 0.00000000 0.00000000
vt 0.00000000 0.00000000
vt 0.00000000 0.00000000
vt 0.00000000 0.00000000
vt 0.00000000 0.00000000
vt 0.00000000 0.00000000
vt 0.00000000 0.00000000
vt 0.00000000 0.00000000
vt 0.00000000 0.00000000
vt 0.00000000 0.00000000
vt 0.00000000 0.00000000
vt 0.00000000 0.00000000
vt 0.00000000 0.00000000
vt 0.00000000 0.00000000
vt 0.00000000 0.00000000
vt 0.00000000 0.00000000
vt 0.00000000 0.00000000
vt 0.00000000 0.00000000
vt 0.00000000 0.00000000
vt 0.00000000 0.00000000
vt 0.00000000 0.00000000
vt 0.00000000 0.00000000
vt 0.00000000 0.00000000
vt 0.00000000 0.00000000
vt 0.00000000 0.00000000
vt 0.00000000 0.00000000
vt 0.00000000 0.00000000
vt 0.00000000 0.00000000
vt 0.00000000 0.00000000
vt 0.00000000 0.00000000
vt 0.00000000 0.00000000
vt 0.00000000 0.00000000
vt 0.00000000 0.00000000
vt 0.00000000 0.00000000
vt 0.00000000 0.00000000
vt 0.00000000 0.00000000
vt 0.00000000 0.00000000
vt 0.00000000 0.00000000
vt 0.00000000 0.00000000
vt 0.00000000 0.00000000
vt 0.00000000 0.00000000
vt 0.00000000 0.00000000
vt 0.00000000 0.00000000
vt 0.00000000 0.00000000
vt 0.00000000 0.00000000
vt 0.00000000 0.00000000
vt 0.00000000 0.00000000
vt 0.00000000 0.00000000
vt 0.00000000 0.00000000
vt 0.00000000 0.00000000
vt 0.00000000 0.00000000
vt 0.00000000 0.00000000
vt 0.00000000 0.00000000
vt 0.00000000 0.00000000
vt 0.00000000 0.00000000
vt 0.00000000 0.00000000
vt 0.00000000 0.00000000
vt 0.00000000 0.00000000
vt 0.00000000 0.00000000
vt 0.00000000 0.00000000
vt 0.00000000 0.00000000
vt 0.00000000 0.00000000
vt 0.00000000 0.00000000
vt 0.00000000 0.00000000
vt 0.00000000 0.00000000
vt 0.00000000 0.00000000
vt 0.00000000 0.00000000
vt 0.00000000 0.00000000
vt 0.00000000 0.00000000
vt 0.00000000 0.00000000
vt 0.00000000 0.00000000
vt 0.00000000 0.00000000
vt 0.00000000 0.00000000
vt 0.00000000 0.00000000
vt 0.00000000 0.00000000
vt 0.00000000 0.00000000
vt 0.00000000 0.00000000
vt 0.00000000 0.00000000
vt 0.00000000 0.00000000
vt 0.00000000 0.00000000
vt 0.00000000 0.00000000
vt 0.00000000 0.00000000
vt 0.00000000 0.00000000
vt 0.00000000 0.00000000
vt 0.00000000 0.00000000
vt 0.00000000 0.00000000
vt 0.00000000 0.00000000
vt 0.00000000 0.00000000
vt 0.00000000 0.00000000
vt 0.00000000 0.00000000
vt 0.00000000 0.00000000
vt 0.00000000 0.00000000
vt 0.00000000 0.00000000
vt 0.00000000 0.00000000
vt 0.00000000 0.00000000
vt 0.00000000 0.00000000
vt 0.00000000 0.00000000
vt 0.00000000 0.00000000
vt 0.00000000 0.00000000
vt 0.00000000 0.00000000
vt 0.00000000 0.00000000
vt 0.00000000 0.00000000
vt 0.00000000 0.00000000
vt 0.00000000 0.00000000
vt 0.00000000 0.00000000
vt 0.00000000 0.00000000
vt 0.00000000 0.00000000
vt 0.00000000 0.00000000
vt 0.00000000 0.00000000
vt 0.00000000 0.00000000
vt 0.00000000 0.00000000
vt 0.00000000 0.00000000
vt 0.00000000 0.00000000
vt 0.00000000 0.00000000
vt 0.00000000 0.00000000
vt 0.00000000 0.00000000
vt 0.00000000 0.00000000
vt 0.00000000 0.00000000
vt 0.00000000 0.00000000
vt 0.00000000 0.00000000
vt 0.00000000 0.00000000
vt 0.00000000 0.00000000
vt 0.00000000 0.00000000
vt 0.00000000 0.00000000
vt 0.00000000 0.00000000
vt 0.00000000 0.00000000
vt 0.00000000 0.00000000
vt 0.00000000 0.00000000
vt 0.00000000 0.00000000
vt 0.00000000 0.00000000
vt 0.00000000 0.00000000
vt 0.00000000 0.00000000
vt 0.00000000 0.00000000
vt 0.00000000 0.00000000
vt 0.00000000 0.00000000
vt 0.00000000 0.00000000
vt 0.00000000 0.00000000
vt 0.00000000 0.00000000
vt 0.00000000 0.00000000
vt 0.00000000 0.00000000
vt 0.00000000 0.00000000
vt 0.00000000 0.00000000
vt 0.00000000 0.00000000
vt 0.00000000 0.00000000
vt 0.00000000 0.00000000
vt 0.00000000 0.00000000
vt 0.00000000 0.00000000
vt 0.00000000 0.00000000
vt 0.00000000 0.00000000
vt 0.00000000 0.00000000
vt 0.00000000 0.00000000
vt 0.00000000 0.00000000
vt 0.00000000 0.00000000
vt 0.00000000 0.00000000
vt 0.00000000 0.00000000
vt 0.00000000 0.00000000
vt 0.00000000 0.00000000
vt 0.00000000 0.00000000
vt 0.00000000 0.00000000
vt 0.00000000 0.00000000
vt 0.00000000 0.00000000
vt 0.00000000 0.00000000
vt 0.00000000 0.00000000
vt 0.00000000 0.00000000
vt 0.00000000 0.00000000
vt 0.00000000 0.00000000
vt 0.00000000 0.00000000
vt 0.00000000 0.00000000
vt 0.00000000 0.00000000
vt 0.00000000 0.00000000
vt 0.00000000 0.00000000
vt 0.00000000 0.00000000
vt 0.00000000 0.00000000
vt 0.00000000 0.00000000
vt 0.00000000 0.00000000
vt 0.00000000 0.00000000
vt 0.00000000 0.00000000
vt 0.00000000 0.00000000
vt 0.00000000 0.00000000
vt 0.00000000 0.00000000
vt 0.00000000 0.00000000
vt 0.00000000 0.00000000
vt 0.00000000 0.00000000
vt 0.00000000 0.00000000
vt 0.00000000 0.00000000
vt 0.00000000 0.00000000
vt 0.00000000 0.00000000
vt 0.00000000 0.00000000
vt 0.00000000 0.00000000
vt 0.00000000 0.00000000
vt 0.00000000 0.00000000
vt 0.00000000 0.00000000
vt 0.00000000 0.00000000
vt 0.00000000 0.00000000
vt 0.00000000 0.00000000
vt 0.00000000 0.00000000
vt 0.00000000 0.00000000
vt 0.00000000 0.00000000
vt 0.00000000 0.00000000
vt 0.00000000 0.00000000
vt 0.00000000 0.00000000
vt 0.00000000 0.00000000
vt 0.00000000 0.00000000
vt 0.00000000 0.00000000
vt 0.00000000 0.00000000
vt 0.00000000 0.00000000
vt 0.00000000 0.00000000
vt 0.00000000 0.00000000
vt 0.00000000 0.00000000
vt 0.00000000 0.00000000
vt 0.00000000 0.00000000
vt 0.00000000 0.00000000
vt 0.00000000 0.00000000
vt 0.00000000 0.00000000
vt 0.00000000 0.00000000
vt 0.00000000 0.00000000
vt 0.00000000 0.00000000
vt 0.00000000 0.00000000
vt 0.00000000 0.00000000
vt 0.00000000 0.00000000
vt 0.00000000 0.00000000
vt 0.00000000 0.00000000
vt 0.00000000 0.00000000
vt 0.00000000 0.00000000
vt 0.00000000 0.00000000
vt 0.00000000 0.00000000
vt 0.00000000 0.00000000
vt 0.00000000 0.00000000
vt 0.00000000 0.00000000
vt 0.00000000 0.00000000
vt 0.00000000 0.00000000
vt 0.00000000 0.00000000
vt 0.00000000 0.00000000
vt 0.00000000 0.00000000
vt 0.00000000 0.00000000
vt 0.00000000 0.00000000
vt 0.00000000 0.00000000
vt 0.00000000 0.00000000
vt 0.00000000 0.00000000
vt 0.00000000 0.00000000
vt 0.00000000 0.00000000
vt 0.00000000 0.00000000
vt 0.00000000 0.00000000
vt 0.00000000 0.00000000
vt 0.00000000 0.00000000
vt 0.00000000 0.00000000
vt 0.00000000 0.00000000
vt 0.00000000 0.00000000
vt 0.00000000 0.00000000
vt 0.00000000 0.00000000
vt 0.00000000 0.00000000
vt 0.00000000 0.00000000
vt 0.00000000 0.00000000
vt 0.00000000 0.00000000
vt 0.00000000 0.00000000
vt 0.00000000 0.00000000
vt 0.00000000 0.00000000
vt 0.00000000 0.00000000
vt 0.00000000 0.00000000
vt 0.00000000 0.00000000
vt 0.00000000 0.00000000
vt 0.00000000 0.00000000
vt 0.00000000 0.00000000
vt 0.00000000 0.00000000
vt 0.00000000 0.00000000
vt 0.00000000 0.00000000
vt 0.00000000 0.00000000
vt 0.00000000 0.00000000
vt 0.00000000 0.00000000
vt 0.00000000 0.00000000
vt 0.00000000 0.00000000
vt 0.00000000 0.00000000
vt 0.00000000 0.00000000
vt 0.00000000 0.00000000
vt 0.00000000 0.00000000
vt 0.00000000 0.00000000
vt 0.00000000 0.00000000
vt 0.00000000 0.00000000
vt 0.00000000 0.00000000
vt 0.00000000 0.00000000
vt 0.00000000 0.00000000
vt 0.00000000 0.00000000
vt 0.00000000 0.00000000
vt 0.00000000 0.00000000
vt 0.00000000 0.00000000
vt 0.00000000 0.00000000
vt 0.00000000 0.00000000
vt 0.00000000 0.00000000
vt 0.00000000 0.00000000
vt 0.00000000 0.00000000
vt 0.00000000 0.00000000
vt 0.00000000 0.00000000
vt 0.00000000 0.00000000
vt 0.00000000 0.00000000
vt 0.00000000 0.00000000
vt 0.00000000 0.00000000
vt 0.00000000 0.00000000
vt 0.00000000 0.00000000
vt 0.00000000 0.00000000
vt 0.00000000 0.00000000
vt 0.00000000 0.00000000
vt 0.00000000 0.00000000
vt 0.00000000 0.00000000
vt 0.00000000 0.00000000
vt 0.00000000 0.00000000
vt 0.00000000 0.00000000
vt 0.00000000 0.00000000
vt 0.00000000 0.00000000
vt 0.00000000 0.00000000
vt 0.00000000 0.00000000
vt 0.00000000 0.00000000
vt 0.00000000 0.00000000
vt 0.00000000 0.00000000
vt 0.00000000 0.00000000
vt 0.00000000 0.00000000
vt 0.00000000 0.00000000
vt 0.00000000 0.00000000
vt 0.00000000 0.00000000
vt 0.00000000 0.00000000
vt 0.00000000 0.00000000
vt 0.00000000 0.00000000
vt 0.00000000 0.00000000
vt 0.00000000 0.00000000
vt 0.00000000 0.00000000
vt 0.00000000 0.00000000
vt 0.00000000 0.00000000
vt 0.00000000 0.00000000
vt 0.00000000 0.00000000
vt 0.00000000 0.00000000
vt 0.00000000 0.00000000
vt 0.00000000 0.00000000
vt 0.00000000 0.00000000
vt 0.00000000 0.00000000
vt 0.00000000 0.00000000
vt 0.00000000 0.00000000
vt 0.00000000 0.00000000
vt 0.00000000 0.00000000
vt 0.00000000 0.00000000
vt 0.00000000 0.00000000
vt 0.00000000 0.00000000
vt 0.00000000 0.00000000
vt 0.00000000 0.00000000
vt 0.00000000 0.00000000
vt 0.00000000 0.00000000
vt 0.00000000 0.00000000
vt 0.00000000 0.00000000
vt 0.00000000 0.00000000
vt 0.00000000 0.00000000
vt 0.00000000 0.00000000
vt 0.00000000 0.00000000
vt 0.00000000 0.00000000
vt 0.00000000 0.00000000
vt 0.00000000 0.00000000
vt 0.00000000 0.00000000
vt 0.00000000 0.00000000
vt 0.00000000 0.00000000
vt 0.00000000 0.00000000
vt 0.00000000 0.00000000
vt 0.00000000 0.00000000
vt 0.00000000 0.00000000
vt 0.00000000 0.00000000
vt 0.00000000 0.00000000
vt 0.00000000 0.00000000
vt 0.00000000 0.00000000
vt 0.00000000 0.00000000
vt 0.00000000 0.00000000
vt 0.00000000 0.00000000
vt 0.00000000 0.00000000
vt 0.00000000 0.00000000
vt 0.00000000 0.00000000
vt 0.00000000 0.00000000
vt 0.00000000 0.00000000
vt 0.00000000 0.00000000
vt 0.00000000 0.00000000
vt 0.00000000 0.00000000
vt 0.00000000 0.00000000
vt 0.00000000 0.00000000
vt 0.00000000 0.00000000
vt 0.00000000 0.00000000
vt 0.00000000 0.00000000
vt 0.00000000 0.00000000
vt 0.00000000 0.00000000
vt 0.00000000 0.00000000
vt 0.00000000 0.00000000
vt 0.00000000 0.00000000
vt 0.00000000 0.00000000
vt 0.00000000 0.00000000
vt 0.00000000 0.00000000
vt 0.00000000 0.00000000
vt 0.00000000 0.00000000
vt 0.00000000 0.00000000
vt 0.00000000 0.00000000
vt 0.00000000 0.00000000
vt 0.00000000 0.00000000
vt 0.00000000 0.00000000
vt 0.00000000 0.00000000
vt 0.00000000 0.00000000
vt 0.00000000 0.00000000
vt 0.00000000 0.00000000
vt 0.00000000 0.00000000
vt 0.00000000 0.00000000
vt 0.00000000 0.00000000
vt 0.00000000 0.00000000
vt 0.00000000 0.00000000
vt 0.00000000 0.00000000
vt 0.00000000 0.00000000
vt 0.00000000 0.00000000
vt 0.00000000 0.00000000
vt 0.00000000 0.00000000
vt 0.00000000 0.00000000
vt 0.00000000 0.00000000
vt 0.00000000 0.00000000
vt 0.00000000 0.00000000
vt 0.00000000 0.00000000
vt 0.00000000 0.00000000
vt 0.00000000 0.00000000
vt 0.00000000 0.00000000
vt 0.00000000 0.00000000
vt 0.00000000 0.00000000
vt 0.00000000 0.00000000
vt 0.00000000 0.00000000
vt 0.00000000 0.00000000
vt 0.00000000 0.00000000
vt 0.00000000 0.00000000
vt 0.00000000 0.00000000
vt 0.00000000 0.00000000
vt 0.00000000 0.00000000
vt 0.00000000 0.00000000
vt 0.00000000 0.00000000
vt 0.00000000 0.00000000
vt 0.00000000 0.00000000
vt 0.00000000 0.00000000
vt 0.00000000 0.00000000
vt 0.00000000 0.00000000
vt 0.00000000 0.00000000
vt 0.00000000 0.00000000
vt 0.00000000 0.00000000
vt 0.00000000 0.00000000
vt 0.00000000 0.00000000
vt 0.00000000 0.00000000
vt 0.00000000 0.00000000
vt 0.00000000 0.00000000
vt 0.00000000 0.00000000
vt 0.00000000 0.00000000
vt 0.00000000 0.00000000
vt 0.00000000 0.00000000
vt 0.00000000 0.00000000
vt 0.00000000 0.00000000
vt 0.00000000 0.00000000
vt 0.00000000 0.00000000
vt 0.00000000 0.00000000
vt 0.00000000 0.00000000
vt 0.00000000 0.00000000
vt 0.00000000 0.00000000
vt 0.00000000 0.00000000
vt 0.00000000 0.00000000
vt 0.00000000 0.00000000
vt 0.00000000 0.00000000
vt 0.00000000 0.00000000
vt 0.00000000 0.00000000
vt 0.00000000 0.00000000
vt 0.00000000 0.00000000
vt 0.00000000 0.00000000
vt 0.00000000 0.00000000
vt 0.00000000 0.00000000
vt 0.00000000 0.00000000
vt 0.00000000 0.00000000
vt 0.00000000 0.00000000
vt 0.00000000 0.00000000
vt 0.00000000 0.00000000
vt 0.00000000 0.00000000
vt 0.00000000 0.00000000
vt 0.00000000 0.00000000
vt 0.00000000 0.00000000
vt 0.00000000 0.00000000
vt 0.00000000 0.00000000
vt 0.00000000 0.00000000
vt 0.00000000 0.00000000
vt 0.00000000 0.00000000
vt 0.00000000 0.00000000
vt 0.00000000 0.00000000
vt 0.00000000 0.00000000
vt 0.00000000 0.00000000
vt 0.00000000 0.00000000
vt 0.00000000 0.00000000
vt 0.00000000 0.00000000
vt 0.00000000 0.00000000
vt 0.00000000 0.00000000
vt 0.00000000 0.00000000
vt 0.00000000 0.00000000
vt 0.00000000 0.00000000
vt 0.00000000 0.00000000
vt 0.00000000 0.00000000
vt 0.00000000 0.00000000
vt 0.00000000 0.00000000
vt 0.00000000 0.00000000
vt 0.00000000 0.00000000
vt 0.00000000 0.00000000
vt 0.00000000 0.00000000
vt 0.00000000 0.00000000
vt 0.00000000 0.00000000
vt 0.00000000 0.00000000
vt 0.00000000 0.00000000
vt 0.00000000 0.00000000
vt 0.00000000 0.00000000
vt 0.00000000 0.00000000
vt 0.00000000 0.00000000
vt 0.00000000 0.00000000
vt 0.00000000 0.00000000
vt 0.00000000 0.00000000
vt 0.00000000 0.00000000
vt 0.00000000 0.00000000
vt 0.00000000 0.00000000
vt 0.00000000 0.00000000
vt 0.00000000 0.00000000
vt 0.00000000 0.00000000
vt 0.00000000 0.00000000
vt 0.00000000 0.00000000
vt 0.00000000 0.00000000
vt 0.00000000 0.00000000
vt 0.00000000 0.00000000
vt 0.00000000 0.00000000
vt 0.00000000 0.00000000
vt 0.00000000 0.00000000
vt 0.00000000 0.00000000
vt 0.00000000 0.00000000
vt 0.00000000 0.00000000
vt 0.00000000 0.00000000
vt 0.00000000 0.00000000
vt 0.00000000 0.00000000
vt 0.00000000 0.00000000
vt 0.00000000 0.00000000
vt 0.00000000 0.00000000
vt 0.00000000 0.00000000
vt 0.00000000 0.00000000
vt 0.00000000 0.00000000
vt 0.00000000 0.00000000
vt 0.00000000 0.00000000
vt 0.00000000 0.00000000
vt 0.00000000 0.00000000
vt 0.00000000 0.00000000
vt 0.00000000 0.00000000
vt 0.00000000 0.00000000
vt 0.00000000 0.00000000
vt 0.00000000 0.00000000
vt 0.00000000 0.00000000
vt 0.00000000 0.00000000
vt 0.00000000 0.00000000
vt 0.00000000 0.00000000
vt 0.00000000 0.00000000
vt 0.00000000 0.00000000
vt 0.00000000 0.00000000
vt 0.00000000 0.00000000
vt 0.00000000 0.00000000
vt 0.00000000 0.00000000
vt 0.00000000 0.00000000
vt 0.00000000 0.00000000
vt 0.00000000 0.00000000
vt 0.00000000 0.00000000
vt 0.00000000 0.00000000
vt 0.00000000 0.00000000
vt 0.00000000 0.00000000
vt 0.00000000 0.00000000
vt 0.00000000 0.00000000
vt 0.00000000 0.00000000
vt 0.00000000 0.00000000
vt 0.00000000 0.00000000
vt 0.00000000 0.00000000
vt 0.00000000 0.00000000
vt 0.00000000 0.00000000
vt 0.00000000 0.00000000
vt 0.00000000 0.00000000
vt 0.00000000 0.00000000
vt 0.00000000 0.00000000
vt 0.00000000 0.00000000
vt 0.00000000 0.00000000
vt 0.00000000 0.00000000
vt 0.00000000 0.00000000
vt 0.00000000 0.00000000
vt 0.00000000 0.00000000
vt 0.00000000 0.00000000
vt 0.00000000 0.00000000
vt 0.00000000 0.00000000
vt 0.00000000 0.00000000
vt 0.00000000 0.00000000
vt 0.00000000 0.00000000
vt 0.00000000 0.00000000
vt 0.00000000 0.00000000
vt 0.00000000 0.00000000
vt 0.00000000 0.00000000
vt 0.00000000 0.00000000
vt 0.00000000 0.00000000
vt 0.00000000 0.00000000
vt 0.00000000 0.00000000
vt 0.00000000 0.00000000
vt 0.00000000 0.00000000
vt 0.00000000 0.00000000
vt 0.00000000 0.00000000
vt 0.00000000 0.00000000
vt 0.00000000 0.00000000
vt 0.00000000 0.00000000
vt 0.00000000 0.00000000
vt 0.00000000 0.00000000
vt 0.00000000 0.00000000
vt 0.00000000 0.00000000
vt 0.00000000 0.00000000
vt 0.00000000 0.00000000
vt 0.00000000 0.00000000
vt 0.00000000 0.00000000
vt 0.00000000 0.00000000
vt 0.00000000 0.00000000
vt 0.00000000 0.00000000
vt 0.00000000 0.00000000
vt 0.00000000 0.00000000
vt 0.00000000 0.00000000
vt 0.00000000 0.00000000
vt 0.00000000 0.00000000
vt 0.00000000 0.00000000
vt 0.00000000 0.00000000
vt 0.00000000 0.00000000
vt 0.00000000 0.00000000
vt 0.00000000 0.00000000
vt 0.00000000 0.00000000
vt 0.00000000 0.00000000
vt 0.00000000 0.00000000
vt 0.00000000 0.00000000
vt 0.00000000 0.00000000
vt 0.00000000 0.00000000
vt 0.00000000 0.00000000
vt 0.00000000 0.00000000
vt 0.00000000 0.00000000
vt 0.00000000 0.00000000
vt 0.00000000 0.00000000
vt 0.00000000 0.00000000
vt 0.00000000 0.00000000
vt 0.00000000 0.00000000
vt 0.00000000 0.00000000
vt 0.00000000 0.00000000
vt 0.00000000 0.00000000
vt 0.00000000 0.00000000
vt 0.00000000 0.00000000
vt 0.00000000 0.00000000
vt 0.00000000 0.00000000
vt 0.00000000 0.00000000
vt 0.00000000 0.00000000
vt 0.00000000 0.00000000
vt 0.00000000 0.00000000
vt 0.00000000 0.00000000
vt 0.00000000 0.00000000
vt 0.00000000 0.00000000
vt 0.00000000 0.00000000
vt 0.00000000 0.00000000
vt 0.00000000 0.00000000
vt 0.00000000 0.00000000
vt 0.00000000 0.00000000
vt 0.00000000 0.00000000
vt 0.00000000 0.00000000
vt 0.00000000 0.00000000
vt 0.00000000 0.00000000
vt 0.00000000 0.00000000
vt 0.00000000 0.00000000
vt 0.00000000 0.00000000
vt 0.00000000 0.00000000
vt 0.00000000 0.00000000
vt 0.00000000 0.00000000
vt 0.00000000 0.00000000
vt 0.00000000 0.00000000
vt 0.00000000 0.00000000
vt 0.00000000 0.00000000
vt 0.00000000 0.00000000
vt 0.00000000 0.00000000
vt 0.00000000 0.00000000
vt 0.00000000 0.00000000
vt 0.00000000 0.00000000
vt 0.00000000 0.00000000
vt 0.00000000 0.00000000
vt 0.00000000 0.00000000
vt 0.00000000 0.00000000
vt 0.00000000 0.00000000
vt 0.00000000 0.00000000
vt 0.00000000 0.00000000
vt 0.00000000 0.00000000
vt 0.00000000 0.00000000
vt 0.00000000 0.00000000
vt 0.00000000 0.00000000
vt 0.00000000 0.00000000
vt 0.00000000 0.00000000
vt 0.00000000 0.00000000
vt 0.00000000 0.00000000
vt 0.00000000 0.00000000
vt 0.00000000 0.00000000
vt 0.00000000 0.00000000
vt 0.00000000 0.00000000
vt 0.00000000 0.00000000
vt 0.00000000 0.00000000
vt 0.00000000 0.00000000
vt 0.00000000 0.00000000
vt 0.00000000 0.00000000
vt 0.00000000 0.00000000
vt 0.00000000 0.00000000
vt 0.00000000 0.00000000
vt 0.00000000 0.00000000
vt 0.00000000 0.00000000
vt 0.00000000 0.00000000
vt 0.00000000 0.00000000
vt 0.00000000 0.00000000
vt 0.00000000 0.00000000
vt 0.00000000 0.00000000
vt 0.00000000 0.00000000
vt 0.00000000 0.00000000
vt 0.00000000 0.00000000
vt 0.00000000 0.00000000
vt 0.00000000 0.00000000
vt 0.00000000 0.00000000
vt 0.00000000 0.00000000
vt 0.00000000 0.00000000
vt 0.00000000 0.00000000
vt 0.00000000 0.00000000
vt 0.00000000 0.00000000
vt 0.00000000 0.00000000
vt 0.00000000 0.00000000
vt 0.00000000 0.00000000
vt 0.00000000 0.00000000
vt 0.00000000 0.00000000
vt 0.00000000 0.00000000
vt 0.00000000 0.00000000
vt 0.00000000 0.00000000
vt 0.00000000 0.00000000
vt 0.00000000 0.00000000
vt 0.00000000 0.00000000
vt 0.00000000 0.00000000
vt 0.00000000 0.00000000
vt 0.00000000 0.00000000
vt 0.00000000 0.00000000
vt 0.00000000 0.00000000
vt 0.00000000 0.00000000
vt 0.00000000 0.00000000
vt 0.00000000 0.00000000
vt 0.00000000 0.00000000
vt 0.00000000 0.00000000
vt 0.00000000 0.00000000
vt 0.00000000 0.00000000
vt 0.00000000 0.00000000
vt 0.00000000 0.00000000
vt 0.00000000 0.00000000
vt 0.00000000 0.00000000
vt 0.00000000 0.00000000
vt 0.00000000 0.00000000
vt 0.00000000 0.00000000
vt 0.00000000 0.00000000
vt 0.00000000 0.00000000
vt 0.00000000 0.00000000
vt 0.00000000 0.00000000
vt 0.00000000 0.00000000
vt 0.00000000 0.00000000
vt 0.00000000 0.00000000
vt 0.00000000 0.00000000
vt 0.00000000 0.00000000
vt 0.00000000 0.00000000
vt 0.00000000 0.00000000
vt 0.00000000 0.00000000
vt 0.00000000 0.00000000
vt 0.00000000 0.00000000
vt 0.00000000 0.00000000
vt 0.00000000 0.00000000
vt 0.00000000 0.00000000
vt 0.00000000 0.00000000
vt 0.00000000 0.00000000
vt 0.00000000 0.00000000
vt 0.00000000 0.00000000
vt 0.00000000 0.00000000
vt 0.00000000 0.00000000
vt 0.00000000 0.00000000
vt 0.00000000 0.00000000
vt 0.00000000 0.00000000
vt 0.00000000 0.00000000
vt 0.00000000 0.00000000
vt 0.00000000 0.00000000
vt 0.00000000 0.00000000
vt 0.00000000 0.00000000
vt 0.00000000 0.00000000
vt 0.00000000 0.00000000
vt 0.00000000 0.00000000
vt 0.00000000 0.00000000
vt 0.00000000 0.00000000
vt 0.00000000 0.00000000
vt 0.00000000 0.00000000
vt 0.00000000 0.00000000
vt 0.00000000 0.00000000
vt 0.00000000 0.00000000
vt 0.00000000 0.00000000
vt 0.00000000 0.00000000
vt 0.00000000 0.00000000
vt 0.00000000 0.00000000
vt 0.00000000 0.00000000
vt 0.00000000 0.00000000
vt 0.00000000 0.00000000
vt 0.00000000 0.00000000
vt 0.00000000 0.00000000
vt 0.00000000 0.00000000
vt 0.00000000 0.00000000
vt 0.00000000 0.00000000
vt 0.00000000 0.00000000
vt 0.00000000 0.00000000
vt 0.00000000 0.00000000
vt 0.00000000 0.00000000
vt 0.00000000 0.00000000
vt 0.00000000 0.00000000
vt 0.00000000 0.00000000
vt 0.00000000 0.00000000
vt 0.00000000 0.00000000
vt 0.00000000 0.00000000
vt 0.00000000 0.00000000
vt 0.00000000 0.00000000
vt 0.00000000 0.00000000
vt 0.00000000 0.00000000
vt 0.00000000 0.00000000
vt 0.00000000 0.00000000
vt 0.00000000 0.00000000
vt 0.00000000 0.00000000
vt 0.00000000 0.00000000
vt 0.00000000 0.00000000
vt 0.00000000 0.00000000
vt 0.00000000 0.00000000
vt 0.00000000 0.00000000
vt 0.00000000 0.00000000
vt 0.00000000 0.00000000
vt 0.00000000 0.00000000
vt 0.00000000 0.00000000
vt 0.00000000 0.00000000
vt 0.00000000 0.00000000
vt 0.00000000 0.00000000
vt 0.00000000 0.00000000
vt 0.00000000 0.00000000
vt 0.00000000 0.00000000
vt 0.00000000 0.00000000
vt 0.00000000 0.00000000
vt 0.00000000 0.00000000
vt 0.00000000 0.00000000
vt 0.00000000 0.00000000
vt 0.00000000 0.00000000
vt 0.00000000 0.00000000
vt 0.00000000 0.00000000
vt 0.00000000 0.00000000
vt 0.00000000 0.00000000
vt 0.00000000 0.00000000
vt 0.00000000 0.00000000
vt 0.00000000 0.00000000
vt 0.00000000 0.00000000
vt 0.00000000 0.00000000
vt 0.00000000 0.00000000
vt 0.00000000 0.00000000
vt 0.00000000 0.00000000
vt 0.00000000 0.00000000
vt 0.00000000 0.00000000
vt 0.00000000 0.00000000
vt 0.00000000 0.00000000
vt 0.00000000 0.00000000
vt 0.00000000 0.00000000
vt 0.00000000 0.00000000
vt 0.00000000 0.00000000
vt 0.00000000 0.00000000
vt 0.00000000 0.00000000
vt 0.00000000 0.00000000
vt 0.00000000 0.00000000
vt 0.00000000 0.00000000
vt 0.00000000 0.00000000
vt 0.00000000 0.00000000
vt 0.00000000 0.00000000
vt 0.00000000 0.00000000
vt 0.00000000 0.00000000
vt 0.00000000 0.00000000
vt 0.00000000 0.00000000
vt 0.00000000 0.00000000
vt 0.00000000 0.00000000
vt 0.00000000 0.00000000
vt 0.00000000 0.00000000
vt 0.00000000 0.00000000
vt 0.00000000 0.00000000
vt 0.00000000 0.00000000
vt 0.00000000 0.00000000
vt 0.00000000 0.00000000
vt 0.00000000 0.00000000
vt 0.00000000 0.00000000
vt 0.00000000 0.00000000
vt 0.00000000 0.00000000
vt 0.00000000 0.00000000
vt 0.00000000 0.00000000
vt 0.00000000 0.00000000
vt 0.00000000 0.00000000
vt 0.00000000 0.00000000
vt 0.00000000 0.00000000
vt 0.00000000 0.00000000
vt 0.00000000 0.00000000
vt 0.00000000 0.00000000
vt 0.00000000 0.00000000
vt 0.00000000 0.00000000
vt 0.00000000 0.00000000
vt 0.00000000 0.00000000
vt 0.00000000 0.00000000
vt 0.00000000 0.00000000
vt 0.00000000 0.00000000
vt 0.00000000 0.00000000
vt 0.00000000 0.00000000
vt 0.00000000 0.00000000
vt 0.00000000 0.00000000
vt 0.00000000 0.00000000
vt 0.00000000 0.00000000
vt 0.00000000 0.00000000
vt 0.00000000 0.00000000
vt 0.00000000 0.00000000
vt 0.00000000 0.00000000
vt 0.00000000 0.00000000
vt 0.00000000 0.00000000
vt 0.00000000 0.00000000
vt 0.00000000 0.00000000
vt 0.00000000 0.00000000
vt 0.00000000 0.00000000
vt 0.00000000 0.00000000
vt 0.00000000 0.00000000
vt 0.00000000 0.00000000
vt 0.00000000 0.00000000
vt 0.00000000 0.00000000
vt 0.00000000 0.00000000
vt 0.00000000 0.00000000
vt 0.00000000 0.00000000
vt 0.00000000 0.00000000
vt 0.00000000 0.00000000
vt 0.00000000 0.00000000
vt 0.00000000 0.00000000
vt 0.00000000 0.00000000
vt 0.00000000 0.00000000
vt 0.00000000 0.00000000
vt 0.00000000 0.00000000
vt 0.00000000 0.00000000
vt 0.00000000 0.00000000
vt 0.00000000 0.00000000
vt 0.00000000 0.00000000
vt 0.00000000 0.00000000
vt 0.00000000 0.00000000
vt 0.00000000 0.00000000
vt 0.00000000 0.00000000
vt 0.00000000 0.00000000
vt 0.00000000 0.00000000
vt 0.00000000 0.00000000
vt 0.00000000 0.00000000
vt 0.00000000 0.00000000
vt 0.00000000 0.00000000
vt 0.00000000 0.00000000
vt 0.00000000 0.00000000
vt 0.00000000 0.00000000
vt 0.00000000 0.00000000
vt 0.00000000 0.00000000
vt 0.00000000 0.00000000
vt 0.00000000 0.00000000
vt 0.00000000 0.00000000
vt 0.00000000 0.00000000
vt 0.00000000 0.00000000
vt 0.00000000 0.00000000
vt 0.00000000 0.00000000
vt 0.00000000 0.00000000
vt 0.00000000 0.00000000
vt 0.00000000 0.00000000
vt 0.00000000 0.00000000
vt 0.00000000 0.00000000
vt 0.00000000 0.00000000
vt 0.00000000 0.00000000
vt 0.00000000 0.00000000
vt 0.00000000 0.00000000
vt 0.00000000 0.00000000
vt 0.00000000 0.00000000
vt 0.00000000 0.00000000
vt 0.00000000 0.00000000
vt 0.00000000 0.00000000
vt 0.00000000 0.00000000
vt 0.00000000 0.00000000
vt 0.00000000 0.00000000
vt 0.00000000 0.00000000
vt 0.00000000 0.00000000
vt 0.00000000 0.00000000
vt 0.00000000 0.00000000
vt 0.00000000 0.00000000
vt 0.00000000 0.00000000
vt 0.00000000 0.00000000
vt 0.00000000 0.00000000
vt 0.00000000 0.00000000
vt 0.00000000 0.00000000
vt 0.00000000 0.00000000
vt 0.00000000 0.00000000
vt 0.00000000 0.00000000
vt 0.00000000 0.00000000
vt 0.00000000 0.00000000
vt 0.00000000 0.00000000
vt 0.00000000 0.00000000
vt 0.00000000 0.00000000
vt 0.00000000 0.00000000
vt 0.00000000 0.00000000
vt 0.00000000 0.00000000
vt 0.00000000 0.00000000
vt 0.00000000 0.00000000
vt 0.00000000 0.00000000
vt 0.00000000 0.00000000
vt 0.00000000 0.00000000
vt 0.00000000 0.00000000
vt 0.00000000 0.00000000
vt 0.00000000 0.00000000
vt 0.00000000 0.00000000
vt 0.00000000 0.00000000
vt 0.00000000 0.00000000
vt 0.00000000 0.00000000
vt 0.00000000 0.00000000
vt 0.00000000 0.00000000
vt 0.00000000 0.00000000
vt 0.00000000 0.00000000
vt 0.00000000 0.00000000
vt 0.00000000 0.00000000
vt 0.00000000 0.00000000
vt 0.00000000 0.00000000
vt 0.00000000 0.00000000
vt 0.00000000 0.00000000
vt 0.00000000 0.00000000
vt 0.00000000 0.00000000
vt 0.00000000 0.00000000
vt 0.00000000 0.00000000
vt 0.00000000 0.00000000
vt 0.00000000 0.00000000
vt 0.00000000 0.00000000
vt 0.00000000 0.00000000
vt 0.00000000 0.00000000
vt 0.00000000 0.00000000
vt 0.00000000 0.00000000
vt 0.00000000 0.00000000
vt 0.00000000 0.00000000
vt 0.00000000 0.00000000
vt 0.00000000 0.00000000
vt 0.00000000 0.00000000
vt 0.00000000 0.00000000
vt 0.00000000 0.00000000
vt 0.00000000 0.00000000
vt 0.00000000 0.00000000
vt 0.00000000 0.00000000
vt 0.00000000 0.00000000
vt 0.00000000 0.00000000
vt 0.00000000 0.00000000
vt 0.00000000 0.00000000
vt 0.00000000 0.00000000
vt 0.00000000 0.00000000
vt 0.00000000 0.00000000
vt 0.00000000 0.00000000
vt 0.00000000 0.00000000
vt 0.00000000 0.00000000
vt 0.00000000 0.00000000
vt 0.00000000 0.00000000
vt 0.00000000 0.00000000
vt 0.00000000 0.00000000
vt 0.00000000 0.00000000
vt 0.00000000 0.00000000
vt 0.00000000 0.00000000
vt 0.00000000 0.00000000
vt 0.00000000 0.00000000
vt 0.00000000 0.00000000
vt 0.00000000 0.00000000
vt 0.00000000 0.00000000
vt 0.00000000 0.00000000
vt 0.00000000 0.00000000
vt 0.00000000 0.00000000
vt 0.00000000 0.00000000
vt 0.00000000 0.00000000
vt 0.00000000 0.00000000
vt 0.00000000 0.00000000
vt 0.00000000 0.00000000
vt 0.00000000 0.00000000
vt 0.00000000 0.00000000
vt 0.00000000 0.00000000
vt 0.00000000 0.00000000
vt 0.00000000 0.00000000
vt 0.00000000 0.00000000
vt 0.00000000 0.00000000
vt 0.00000000 0.00000000
vt 0.00000000 0.00000000
vt 0.00000000 0.00000000
vt 0.00000000 0.00000000
vt 0.00000000 0.00000000
vt 0.00000000 0.00000000
vt 0.00000000 0.00000000
vt 0.00000000 0.00000000
vt 0.00000000 0.00000000
vt 0.00000000 0.00000000
vt 0.00000000 0.00000000
vt 0.00000000 0.00000000
vt 0.00000000 0.00000000
vt 0.00000000 0.00000000
vt 0.00000000 0.00000000
vt 0.00000000 0.00000000
vt 0.00000000 0.00000000
vt 0.00000000 0.00000000
vt 0.00000000 0.00000000
vt 0.00000000 0.00000000
vt 0.00000000 0.00000000
vt 0.00000000 0.00000000
vt 0.00000000 0.00000000
vt 0.00000000 0.00000000
vt 0.00000000 0.00000000
vt 0.00000000 0.00000000
vt 0.00000000 0.00000000
vt 0.00000000 0.00000000
vt 0.00000000 0.00000000
vt 0.00000000 0.00000000
vt 0.00000000 0.00000000
vt 0.00000000 0.00000000
vt 0.00000000 0.00000000
vt 0.00000000 0.00000000
vt 0.00000000 0.00000000
vt 0.00000000 0.00000000
vt 0.00000000 0.00000000
vt 0.00000000 0.00000000
vt 0.00000000 0.00000000
vt 0.00000000 0.00000000
vt 0.00000000 0.00000000
vt 0.00000000 0.00000000
vt 0.00000000 0.00000000
vt 0.00000000 0.00000000
vt 0.00000000 0.00000000
vt 0.00000000 0.00000000
vt 0.00000000 0.00000000
vt 0.00000000 0.00000000
vt 0.00000000 0.00000000
vt 0.00000000 0.00000000
vt 0.00000000 0.00000000
vt 0.00000000 0.00000000
vt 0.00000000 0.00000000
vt 0.00000000 0.00000000
vt 0.00000000 0.00000000
vt 0.00000000 0.00000000
vt 0.00000000 0.00000000
vt 0.00000000 0.00000000
vt 0.00000000 0.00000000
vt 0.00000000 0.00000000
vt 0.00000000 0.00000000
vt 0.00000000 0.00000000
vt 0.00000000 0.00000000
vt 0.00000000 0.00000000
vt 0.00000000 0.00000000
vt 0.00000000 0.00000000
vt 0.00000000 0.00000000
vt 0.00000000 0.00000000
vt 0.00000000 0.00000000
vt 0.00000000 0.00000000
vt 0.00000000 0.00000000
vt 0.00000000 0.00000000
vt 0.00000000 0.00000000
vt 0.00000000 0.00000000
vt 0.00000000 0.00000000
vt 0.00000000 0.00000000
vt 0.00000000 0.00000000
vt 0.00000000 0.00000000
vt 0.00000000 0.00000000
vt 0.00000000 0.00000000
vt 0.00000000 0.00000000
vt 0.00000000 0.00000000
vt 0.00000000 0.00000000
vt 0.00000000 0.00000000
vt 0.00000000 0.00000000
vt 0.00000000 0.00000000
vt 0.00000000 0.00000000
vt 0.00000000 0.00000000
vt 0.00000000 0.00000000
vt 0.00000000 0.00000000
vt 0.00000000 0.00000000
vt 0.00000000 0.00000000
vt 0.00000000 0.00000000
vt 0.00000000 0.00000000
vt 0.00000000 0.00000000
vt 0.00000000 0.00000000
vt 0.00000000 0.00000000
vt 0.00000000 0.00000000
vt 0.00000000 0.00000000
vt 0.00000000 0.00000000
vt 0.00000000 0.00000000
vt 0.00000000 0.00000000
vt 0.00000000 0.00000000
vt 0.00000000 0.00000000
vt 0.00000000 0.00000000
vt 0.00000000 0.00000000
vt 0.00000000 0.00000000
vt 0.00000000 0.00000000
vt 0.00000000 0.00000000
vt 0.00000000 0.00000000
vt 0.00000000 0.00000000
vt 0.00000000 0.00000000
vt 0.00000000 0.00000000
vt 0.00000000 0.00000000
vt 0.00000000 0.00000000
vt 0.00000000 0.00000000
vt 0.00000000 0.00000000
vt 0.00000000 0.00000000
vt 0.00000000 0.00000000
vt 0.00000000 0.00000000
vt 0.00000000 0.00000000
vt 0.00000000 0.00000000
vt 0.00000000 0.00000000
vt 0.00000000 0.00000000
vt 0.00000000 0.00000000
vt 0.00000000 0.00000000
vt 0.00000000 0.00000000
vt 0.00000000 0.00000000
vt 0.00000000 0.00000000
vt 0.00000000 0.00000000
vt 0.00000000 0.00000000
vt 0.00000000 0.00000000
vt 0.00000000 0.00000000
vt 0.00000000 0.00000000
vt 0.00000000 0.00000000
vt 0.00000000 0.00000000
vt 0.00000000 0.00000000
vt 0.00000000 0.00000000
vt 0.00000000 0.00000000
vt 0.00000000 0.00000000
vt 0.00000000 0.00000000
vt 0.00000000 0.00000000
vt 0.00000000 0.00000000
vt 0.00000000 0.00000000
vt 0.00000000 0.00000000
vt 0.00000000 0.00000000
vt 0.00000000 0.00000000
vt 0.00000000 0.00000000
vt 0.00000000 0.00000000
vt 0.00000000 0.00000000
vt 0.00000000 0.00000000
vt 0.00000000 0.00000000
vt 0.00000000 0.00000000
vt 0.00000000 0.00000000
vt 0.00000000 0.00000000
vt 0.00000000 0.00000000
vt 0.00000000 0.00000000
vt 0.00000000 0.00000000
vt 0.00000000 0.00000000
vt 0.00000000 0.00000000
vt 0.00000000 0.00000000
vt 0.00000000 0.00000000
vt 0.00000000 0.00000000
vt 0.00000000 0.00000000
vt 0.00000000 0.00000000
vt 0.00000000 0.00000000
vt 0.00000000 0.00000000
vt 0.00000000 0.00000000
vt 0.00000000 0.00000000
vt 0.00000000 0.00000000
vt 0.00000000 0.00000000
vt 0.00000000 0.00000000
vt 0.00000000 0.00000000
vt 0.00000000 0.00000000
vt 0.00000000 0.00000000
vt 0.00000000 0.00000000
vt 0.00000000 0.00000000
vt 0.00000000 0.00000000
vt 0.00000000 0.00000000
vt 0.00000000 0.00000000
vt 0.00000000 0.00000000
vt 0.00000000 0.00000000
vt 0.00000000 0.00000000
vt 0.00000000 0.00000000
vt 0.00000000 0.00000000
vt 0.00000000 0.00000000
vt 0.00000000 0.00000000
vt 0.00000000 0.00000000
vt 0.00000000 0.00000000
vt 0.00000000 0.00000000
vt 0.00000000 0.00000000
vt 0.00000000 0.00000000
vt 0.00000000 0.00000000
vt 0.00000000 0.00000000
vt 0.00000000 0.00000000
vt 0.00000000 0.00000000
vt 0.00000000 0.00000000
vt 0.00000000 0.00000000
vt 0.00000000 0.00000000
vt 0.00000000 0.00000000
vt 0.00000000 0.00000000
vt 0.00000000 0.00000000
vt 0.00000000 0.00000000
vt 0.00000000 0.00000000
vt 0.00000000 0.00000000
vt 0.00000000 0.00000000
vt 0.00000000 0.00000000
vt 0.00000000 0.00000000
vt 0.00000000 0.00000000
vt 0.00000000 0.00000000
vt 0.00000000 0.00000000
vt 0.00000000 0.00000000
vt 0.00000000 0.00000000
vt 0.00000000 0.00000000
vt 0.00000000 0.00000000
vt 0.00000000 0.00000000
vt 0.00000000 0.00000000
vt 0.00000000 0.00000000
vt 0.00000000 0.00000000
vt 0.00000000 0.00000000
vt 0.00000000 0.00000000
vt 0.00000000 0.00000000
vt 0.00000000 0.00000000
vt 0.00000000 0.00000000
vt 0.00000000 0.00000000
vt 0.00000000 0.00000000
vt 0.00000000 0.00000000
vt 0.00000000 0.00000000
vt 0.00000000 0.00000000
vt 0.00000000 0.00000000
vt 0.00000000 0.00000000
vt 0.00000000 0.00000000
vt 0.00000000 0.00000000
vt 0.00000000 0.00000000
vt 0.00000000 0.00000000
vt 0.00000000 0.00000000
vt 0.00000000 0.00000000
vt 0.00000000 0.00000000
vt 0.00000000 0.00000000
vt 0.00000000 0.00000000
vt 0.00000000 0.00000000
vt 0.00000000 0.00000000
vt 0.00000000 0.00000000
vt 0.00000000 0.00000000
vt 0.00000000 0.00000000
vt 0.00000000 0.00000000
vt 0.00000000 0.00000000
vt 0.00000000 0.00000000
vt 0.00000000 0.00000000
vt 0.00000000 0.00000000
vt 0.00000000 0.00000000
vt 0.00000000 0.00000000
vt 0.00000000 0.00000000
vt 0.00000000 0.00000000
vt 0.00000000 0.00000000
vt 0.00000000 0.00000000
vt 0.00000000 0.00000000
vt 0.00000000 0.00000000
vt 0.00000000 0.00000000
vt 0.00000000 0.00000000
vt 0.00000000 0.00000000
vt 0.00000000 0.00000000
vt 0.00000000 0.00000000
vt 0.00000000 0.00000000
vt 0.00000000 0.00000000
vt 0.00000000 0.00000000
vt 0.00000000 0.00000000
vt 0.00000000 0.00000000
vt 0.00000000 0.00000000
vt 0.00000000 0.00000000
vt 0.00000000 0.00000000
vt 0.00000000 0.00000000
vt 0.00000000 0.00000000
vt 0.00000000 0.00000000
vt 0.00000000 0.00000000
vt 0.00000000 0.00000000
vt 0.00000000 0.00000000
vt 0.00000000 0.00000000
vt 0.00000000 0.00000000
vt 0.00000000 0.00000000
vt 0.00000000 0.00000000
vt 0.00000000 0.00000000
vt 0.00000000 0.00000000
vt 0.00000000 0.00000000
vt 0.00000000 0.00000000
vt 0.00000000 0.00000000
vt 0.00000000 0.00000000
vt 0.00000000 0.00000000
vt 0.00000000 0.00000000
vt 0.00000000 0.00000000
vt 0.00000000 0.00000000
vt 0.00000000 0.00000000
vt 0.00000000 0.00000000
vt 0.00000000 0.00000000
vt 0.00000000 0.00000000
vt 0.00000000 0.00000000
vt 0.00000000 0.00000000
vt 0.00000000 0.00000000
vt 0.00000000 0.00000000
vt 0.00000000 0.00000000
vt 0.00000000 0.00000000
vt 0.00000000 0.00000000
vt 0.00000000 0.00000000
vt 0.00000000 0.00000000
vt 0.00000000 0.00000000
vt 0.00000000 0.00000000
vt 0.00000000 0.00000000
vt 0.00000000 0.00000000
vt 0.00000000 0.00000000
vt 0.00000000 0.00000000
vt 0.00000000 0.00000000
vt 0.00000000 0.00000000
vt 0.00000000 0.00000000
vt 0.00000000 0.00000000
vt 0.00000000 0.00000000
vt 0.00000000 0.00000000
vt 0.00000000 0.00000000
vt 0.00000000 0.00000000
vt 0.00000000 0.00000000
vt 0.00000000 0.00000000
vt 0.00000000 0.00000000
vt 0.00000000 0.00000000
vt 0.00000000 0.00000000
vt 0.00000000 0.00000000
vt 0.00000000 0.00000000
vt 0.00000000 0.00000000
vt 0.00000000 0.00000000
vt 0.00000000 0.00000000
vt 0.00000000 0.00000000
vt 0.00000000 0.00000000
vt 0.00000000 0.00000000
vt 0.00000000 0.00000000
vt 0.00000000 0.00000000
vt 0.00000000 0.00000000
vt 0.00000000 0.00000000
vt 0.00000000 0.00000000
vt 0.00000000 0.00000000
vt 0.00000000 0.00000000
vt 0.00000000 0.00000000
vt 0.00000000 0.00000000
vt 0.00000000 0.00000000
vt 0.00000000 0.00000000
vt 0.00000000 0.00000000
vt 0.00000000 0.00000000
vt 0.00000000 0.00000000
vt 0.00000000 0.00000000
vt 0.00000000 0.00000000
vt 0.00000000 0.00000000
vt 0.00000000 0.00000000
vt 0.00000000 0.00000000
vt 0.00000000 0.00000000
vt 0.00000000 0.00000000
vt 0.00000000 0.00000000
vt 0.00000000 0.00000000
vt 0.00000000 0.00000000
vt 0.00000000 0.00000000
vt 0.00000000 0.00000000
vt 0.00000000 0.00000000
vt 0.00000000 0.00000000
vt 0.00000000 0.00000000
vt 0.00000000 0.00000000
vt 0.00000000 0.00000000
vt 0.00000000 0.00000000
vt 0.00000000 0.00000000
vt 0.00000000 0.00000000
vt 0.00000000 0.00000000
vt 0.00000000 0.00000000
vt 0.00000000 0.00000000
vt 0.00000000 0.00000000
vt 0.00000000 0.00000000
vt 0.00000000 0.00000000
vt 0.00000000 0.00000000
vt 0.00000000 0.00000000
vt 0.00000000 0.00000000
vt 0.00000000 0.00000000
vt 0.00000000 0.00000000
vt 0.00000000 0.00000000
vt 0.00000000 0.00000000
vt 0.00000000 0.00000000
vt 0.00000000 0.00000000
vt 0.00000000 0.00000000
vt 0.00000000 0.00000000
vt 0.00000000 0.00000000
vt 0.00000000 0.00000000
vt 0.00000000 0.00000000
vt 0.00000000 0.00000000
vt 0.00000000 0.00000000
vt 0.00000000 0.00000000
vt 0.00000000 0.00000000
vt 0.00000000 0.00000000
vt 0.00000000 0.00000000
vt 0.00000000 0.00000000
vt 0.00000000 0.00000000
vt 0.00000000 0.00000000
vt 0.00000000 0.00000000
vt 0.00000000 0.00000000
vt 0.00000000 0.00000000
vt 0.00000000 0.00000000
vt 0.00000000 0.00000000
vt 0.00000000 0.00000000
vt 0.00000000 0.00000000
vt 0.00000000 0.00000000
vt 0.00000000 0.00000000
vt 0.00000000 0.00000000
vt 0.00000000 0.00000000
vt 0.00000000 0.00000000
vt 0.00000000 0.00000000
vt 0.00000000 0.00000000
vt 0.00000000 0.00000000
vt 0.00000000 0.00000000
vt 0.00000000 0.00000000
vt 0.00000000 0.00000000
vt 0.00000000 0.00000000
vt 0.00000000 0.00000000
vt 0.00000000 0.00000000
vt 0.00000000 0.00000000
vt 0.00000000 0.00000000
vt 0.00000000 0.00000000
vt 0.00000000 0.00000000
vt 0.00000000 0.00000000
vt 0.00000000 0.00000000
vt 0.00000000 0.00000000
vt 0.00000000 0.00000000
vt 0.00000000 0.00000000
vt 0.00000000 0.00000000
vt 0.00000000 0.00000000
vt 0.00000000 0.00000000
vt 0.00000000 0.00000000
vt 0.00000000 0.00000000
vt 0.00000000 0.00000000
vt 0.00000000 0.00000000
vt 0.00000000 0.00000000
vt 0.00000000 0.00000000
vt 0.00000000 0.00000000
vt 0.00000000 0.00000000
vt 0.00000000 0.00000000
vt 0.00000000 0.00000000
vt 0.00000000 0.00000000
vt 0.00000000 0.00000000
vt 0.00000000 0.00000000
vt 0.00000000 0.00000000
vt 0.00000000 0.00000000
vt 0.00000000 0.00000000
vt 0.00000000 0.00000000
vt 0.00000000 0.00000000
vt 0.00000000 0.00000000
vt 0.00000000 0.00000000
vt 0.00000000 0.00000000
vt 0.00000000 0.00000000
vt 0.00000000 0.00000000
vt 0.00000000 0.00000000
vt 0.00000000 0.00000000
vt 0.00000000 0.00000000
vt 0.00000000 0.00000000
vt 0.00000000 0.00000000
vt 0.00000000 0.00000000
vt 0.00000000 0.00000000
vt 0.00000000 0.00000000
vt 0.00000000 0.00000000
vt 0.00000000 0.00000000
vt 0.00000000 0.00000000
vt 0.00000000 0.00000000
vt 0.00000000 0.00000000
vt 0.00000000 0.00000000
vt 0.00000000 0.00000000
vt 0.00000000 0.00000000
vt 0.00000000 0.00000000
vt 0.00000000 0.00000000
vt 0.00000000 0.00000000
vt 0.00000000 0.00000000
vt 0.00000000 0.00000000
vt 0.00000000 0.00000000
vt 0.00000000 0.00000000
vt 0.00000000 0.00000000
vt 0.00000000 0.00000000
vt 0.00000000 0.00000000
vt 0.00000000 0.00000000
vt 0.00000000 0.00000000
vt 0.00000000 0.00000000
vt 0.00000000 0.00000000
vt 0.00000000 0.00000000
vt 0.00000000 0.00000000
vt 0.00000000 0.00000000
vt 0.00000000 0.00000000
vt 0.00000000 0.00000000
vt 0.00000000 0.00000000
vt 0.00000000 0.00000000
vt 0.00000000 0.00000000
vt 0.00000000 0.00000000
vt 0.00000000 0.00000000
vt 0.00000000 0.00000000
vt 0.00000000 0.00000000
vt 0.00000000 0.00000000
vt 0.00000000 0.00000000
vt 0.00000000 0.00000000
vt 0.00000000 0.00000000
vt 0.00000000 0.00000000
vt 0.00000000 0.00000000
vt 0.00000000 0.00000000
vt 0.00000000 0.00000000
vt 0.00000000 0.00000000
vt 0.00000000 0.00000000
vt 0.00000000 0.00000000
vt 0.00000000 0.00000000
vt 0.00000000 0.00000000
vt 0.00000000 0.00000000
vt 0.00000000 0.00000000
vt 0.00000000 0.00000000
vt 0.00000000 0.00000000
vt 0.00000000 0.00000000
vt 0.00000000 0.00000000
vt 0.00000000 0.00000000
vt 0.00000000 0.00000000
vt 0.00000000 0.00000000
vt 0.00000000 0.00000000
vt 0.00000000 0.00000000
vt 0.00000000 0.00000000
vt 0.00000000 0.00000000
vt 0.00000000 0.00000000
vt 0.00000000 0.00000000
vt 0.00000000 0.00000000
vt 0.00000000 0.00000000
vt 0.00000000 0.00000000
vt 0.00000000 0.00000000
vt 0.00000000 0.00000000
vt 0.00000000 0.00000000
vt 0.00000000 0.00000000
vt 0.00000000 0.00000000
vt 0.00000000 0.00000000
vt 0.00000000 0.00000000
vt 0.00000000 0.00000000
vt 0.00000000 0.00000000
vt 0.00000000 0.00000000
vt 0.00000000 0.00000000
vt 0.00000000 0.00000000
vt 0.00000000 0.00000000
vt 0.00000000 0.00000000
vt 0.00000000 0.00000000
vt 0.00000000 0.00000000
vt 0.00000000 0.00000000
vt 0.00000000 0.00000000
vt 0.00000000 0.00000000
vt 0.00000000 0.00000000
vt 0.00000000 0.00000000
vt 0.00000000 0.00000000
vt 0.00000000 0.00000000
vt 0.00000000 0.00000000
vt 0.00000000 0.00000000
vt 0.00000000 0.00000000
vt 0.00000000 0.00000000
vt 0.00000000 0.00000000
vt 0.00000000 0.00000000
vt 0.00000000 0.00000000
vt 0.00000000 0.00000000
vt 0.00000000 0.00000000
vt 0.00000000 0.00000000
vt 0.00000000 0.00000000
vt 0.00000000 0.00000000
vt 0.00000000 0.00000000
vt 0.00000000 0.00000000
vt 0.00000000 0.00000000
vt 0.00000000 0.00000000
vt 0.00000000 0.00000000
vt 0.00000000 0.00000000
vt 0.00000000 0.00000000
vt 0.00000000 0.00000000
vt 0.00000000 0.00000000
vt 0.00000000 0.00000000
vt 0.00000000 0.00000000
vt 0.00000000 0.00000000
vt 0.00000000 0.00000000
vt 0.00000000 0.00000000
vt 0.00000000 0.00000000
vt 0.00000000 0.00000000
vt 0.00000000 0.00000000
vt 0.00000000 0.00000000
vt 0.00000000 0.00000000
vt 0.00000000 0.00000000
vt 0.00000000 0.00000000
vt 0.00000000 0.00000000
vt 0.00000000 0.00000000
vt 0.00000000 0.00000000
vt 0.00000000 0.00000000
vt 0.00000000 0.00000000
vt 0.00000000 0.00000000
vt 0.00000000 0.00000000
vt 0.00000000 0.00000000
vt 0.00000000 0.00000000
vt 0.00000000 0.00000000
vt 0.00000000 0.00000000
vt 0.00000000 0.00000000
vt 0.00000000 0.00000000
vt 0.00000000 0.00000000
vt 0.00000000 0.00000000
vt 0.00000000 0.00000000
vt 0.00000000 0.00000000
vt 0.00000000 0.00000000
vt 0.00000000 0.00000000
vt 0.00000000 0.00000000
vt 0.00000000 0.00000000
vt 0.00000000 0.00000000
vt 0.00000000 0.00000000
vt 0.00000000 0.00000000
vt 0.00000000 0.00000000
vt 0.00000000 0.00000000
vt 0.00000000 0.00000000
vt 0.00000000 0.00000000
vt 0.00000000 0.00000000
vt 0.00000000 0.00000000
vt 0.00000000 0.00000000
vt 0.00000000 0.00000000
vt 0.00000000 0.00000000
vt 0.00000000 0.00000000
vt 0.00000000 0.00000000
vt 0.00000000 0.00000000
vt 0.00000000 0.00000000
vt 0.00000000 0.00000000
vt 0.00000000 0.00000000
vt 0.00000000 0.00000000
vt 0.00000000 0.00000000
vt 0.00000000 0.00000000
vt 0.00000000 0.00000000
vt 0.00000000 0.00000000
vt 0.00000000 0.00000000
vt 0.00000000 0.00000000
vt 0.00000000 0.00000000
vt 0.00000000 0.00000000
vt 0.00000000 0.00000000
vt 0.00000000 0.00000000
vt 0.00000000 0.00000000
vt 0.00000000 0.00000000
vt 0.00000000 0.00000000
vt 0.00000000 0.00000000
vt 0.00000000 0.00000000
vt 0.00000000 0.00000000
vt 0.00000000 0.00000000
vt 0.00000000 0.00000000
vt 0.00000000 0.00000000
vt 0.00000000 0.00000000
vt 0.00000000 0.00000000
vt 0.00000000 0.00000000
vt 0.00000000 0.00000000
vt 0.00000000 0.00000000
vt 0.00000000 0.00000000
vt 0.00000000 0.00000000
vt 0.00000000 0.00000000
vt 0.00000000 0.00000000
vt 0.00000000 0.00000000
vt 0.00000000 0.00000000
vt 0.00000000 0.00000000
vt 0.00000000 0.00000000
vt 0.00000000 0.00000000
vt 0.00000000 0.00000000
vt 0.00000000 0.00000000
vt 0.00000000 0.00000000
vt 0.00000000 0.00000000
vt 0.00000000 0.00000000
vt 0.00000000 0.00000000
vt 0.00000000 0.00000000
vt 0.00000000 0.00000000
vt 0.00000000 0.00000000
vt 0.00000000 0.00000000
vt 0.00000000 0.00000000
vt 0.00000000 0.00000000
vt 0.00000000 0.00000000
vt 0.00000000 0.00000000
vt 0.00000000 0.00000000
vt 0.00000000 0.00000000
vt 0.00000000 0.00000000
vt 0.00000000 0.00000000
vt 0.00000000 0.00000000
vt 0.00000000 0.00000000
vt 0.00000000 0.00000000
vt 0.00000000 0.00000000
vt 0.00000000 0.00000000
vt 0.00000000 0.00000000
vt 0.00000000 0.00000000
vt 0.00000000 0.00000000
vt 0.00000000 0.00000000
vt 0.00000000 0.00000000
vt 0.00000000 0.00000000
vt 0.00000000 0.00000000
vt 0.00000000 0.00000000
vt 0.00000000 0.00000000
vt 0.00000000 0.00000000
vt 0.00000000 0.00000000
vt 0.00000000 0.00000000
vt 0.00000000 0.00000000
vt 0.00000000 0.00000000
vt 0.00000000 0.00000000
vt 0.00000000 0.00000000
vt 0.00000000 0.00000000
vt 0.00000000 0.00000000
vt 0.00000000 0.00000000
vt 0.00000000 0.00000000
vt 0.00000000 0.00000000
vt 0.00000000 0.00000000
vt 0.00000000 0.00000000
vt 0.00000000 0.00000000
vt 0.00000000 0.00000000
vt 0.00000000 0.00000000
vt 0.00000000 0.00000000
vt 0.00000000 0.00000000
vt 0.00000000 0.00000000
vt 0.00000000 0.00000000
vt 0.00000000 0.00000000
vt 0.00000000 0.00000000
vt 0.00000000 0.00000000
vt 0.00000000 0.00000000
vt 0.00000000 0.00000000
vt 0.00000000 0.00000000
vt 0.00000000 0.00000000
vt 0.00000000 0.00000000
vt 0.00000000 0.00000000
vt 0.00000000 0.00000000
vt 0.00000000 0.00000000
vt 0.00000000 0.00000000
vt 0.00000000 0.00000000
vt 0.00000000 0.00000000
vt 0.00000000 0.00000000
vt 0.00000000 0.00000000
vt 0.00000000 0.00000000
vt 0.00000000 0.00000000
vt 0.00000000 0.00000000
vt 0.00000000 0.00000000
vt 0.00000000 0.00000000
vt 0.00000000 0.00000000
vt 0.00000000 0.00000000
vt 0.00000000 0.00000000
vt 0.00000000 0.00000000
vt 0.00000000 0.00000000
vt 0.00000000 0.00000000
vt 0.00000000 0.00000000
vt 0.00000000 0.00000000
vt 0.00000000 0.00000000
vt 0.00000000 0.00000000
vt 0.00000000 0.00000000
vt 0.00000000 0.00000000
vt 0.00000000 0.00000000
vt 0.00000000 0.00000000
vt 0.00000000 0.00000000
vt 0.00000000 0.00000000
vt 0.00000000 0.00000000
vt 0.00000000 0.00000000
vt 0.00000000 0.00000000
vt 0.00000000 0.00000000
vt 0.00000000 0.00000000
vt 0.00000000 0.00000000
vt 0.00000000 0.00000000
vt 0.00000000 0.00000000
vt 0.00000000 0.00000000
vt 0.00000000 0.00000000
vt 0.00000000 0.00000000
vt 0.00000000 0.00000000
vt 0.00000000 0.00000000
vt 0.00000000 0.00000000
vt 0.00000000 0.00000000
vt 0.00000000 0.00000000
vt 0.00000000 0.00000000
vt 0.00000000 0.00000000
vt 0.00000000 0.00000000
vt 0.00000000 0.00000000
vt 0.00000000 0.00000000
vt 0.00000000 0.00000000
vt 0.00000000 0.00000000
vt 0.00000000 0.00000000
vt 0.00000000 0.00000000
vt 0.00000000 0.00000000
vt 0.00000000 0.00000000
vt 0.00000000 0.00000000
vt 0.00000000 0.00000000
vt 0.00000000 0.00000000
vt 0.00000000 0.00000000
vt 0.00000000 0.00000000
vt 0.00000000 0.00000000
vt 0.00000000 0.00000000
vt 0.00000000 0.00000000
vt 0.00000000 0.00000000
vt 0.00000000 0.00000000
vt 0.00000000 0.00000000
vt 0.00000000 0.00000000
vt 0.00000000 0.00000000
vt 0.00000000 0.00000000
vt 0.00000000 0.00000000
vt 0.00000000 0.00000000
vt 0.00000000 0.00000000
vt 0.00000000 0.00000000
vt 0.00000000 0.00000000
vt 0.00000000 0.00000000
vt 0.00000000 0.00000000
vt 0.00000000 0.00000000
vt 0.00000000 0.00000000
vt 0.00000000 0.00000000
vt 0.00000000 0.00000000
vt 0.00000000 0.00000000
vt 0.00000000 0.00000000
vt 0.00000000 0.00000000
vt 0.00000000 0.00000000
vt 0.00000000 0.00000000
vt 0.00000000 0.00000000
vt 0.00000000 0.00000000
vt 0.00000000 0.00000000
vt 0.00000000 0.00000000
vt 0.00000000 0.00000000
vt 0.00000000 0.00000000
vt 0.00000000 0.00000000
vt 0.00000000 0.00000000
vt 0.00000000 0.00000000
vt 0.00000000 0.00000000
vt 0.00000000 0.00000000
vt 0.00000000 0.00000000
vt 0.00000000 0.00000000
vt 0.00000000 0.00000000
vt 0.00000000 0.00000000
vt 0.00000000 0.00000000
vt 0.00000000 0.00000000
vt 0.00000000 0.00000000
vt 0.00000000 0.00000000
vt 0.00000000 0.00000000
vt 0.00000000 0.00000000
vt 0.00000000 0.00000000
vt 0.00000000 0.00000000
vt 0.00000000 0.00000000
vt 0.00000000 0.00000000
vt 0.00000000 0.00000000
vt 0.00000000 0.00000000
vt 0.00000000 0.00000000
vt 0.00000000 0.00000000
vt 0.00000000 0.00000000
vt 0.00000000 0.00000000
vt 0.00000000 0.00000000
vt 0.00000000 0.00000000
vt 0.00000000 0.00000000
vt 0.00000000 0.00000000
vt 0.00000000 0.00000000
vt 0.00000000 0.00000000
vt 0.00000000 0.00000000
vt 0.00000000 0.00000000
vt 0.00000000 0.00000000
vt 0.00000000 0.00000000
vt 0.00000000 0.00000000
vt 0.00000000 0.00000000
vt 0.00000000 0.00000000
vt 0.00000000 0.00000000
vt 0.00000000 0.00000000
vt 0.00000000 0.00000000
vt 0.00000000 0.00000000
vt 0.00000000 0.00000000
vt 0.00000000 0.00000000
vt 0.00000000 0.00000000
vt 0.00000000 0.00000000
vt 0.00000000 0.00000000
vt 0.00000000 0.00000000
vt 0.00000000 0.00000000
vt 0.00000000 0.00000000
vt 0.00000000 0.00000000
vt 0.00000000 0.00000000
vt 0.00000000 0.00000000
vt 0.00000000 0.00000000
vt 0.00000000 0.00000000
vt 0.00000000 0.00000000
vt 0.00000000 0.00000000
vt 0.00000000 0.00000000
vt 0.00000000 0.00000000
vt 0.00000000 0.00000000
vt 0.00000000 0.00000000
vt 0.00000000 0.00000000
vt 0.00000000 0.00000000
vt 0.00000000 0.00000000
vt 0.00000000 0.00000000
vt 0.00000000 0.00000000
vt 0.00000000 0.00000000
vt 0.00000000 0.00000000
vt 0.00000000 0.00000000
vt 0.00000000 0.00000000
vt 0.00000000 0.00000000
vt 0.00000000 0.00000000
vt 0.00000000 0.00000000
vt 0.00000000 0.00000000
vt 0.00000000 0.00000000
vt 0.00000000 0.00000000
vt 0.00000000 0.00000000
vt 0.00000000 0.00000000
vt 0.00000000 0.00000000
vt 0.00000000 0.00000000
vt 0.00000000 0.00000000
vt 0.00000000 0.00000000
vt 0.00000000 0.00000000
vt 0.00000000 0.00000000
vt 0.00000000 0.00000000
vt 0.00000000 0.00000000
vt 0.00000000 0.00000000
vt 0.00000000 0.00000000
vt 0.00000000 0.00000000
vt 0.00000000 0.00000000
vt 0.00000000 0.00000000
vt 0.00000000 0.00000000
vt 0.00000000 0.00000000
vt 0.00000000 0.00000000
vt 0.00000000 0.00000000
vt 0.00000000 0.00000000
vt 0.00000000 0.00000000
vt 0.00000000 0.00000000
vt 0.00000000 0.00000000
vt 0.00000000 0.00000000
vt 0.00000000 0.00000000
vt 0.00000000 0.00000000
vt 0.00000000 0.00000000
vt 0.00000000 0.00000000
vt 0.00000000 0.00000000
vt 0.00000000 0.00000000
vt 0.00000000 0.00000000
vt 0.00000000 0.00000000
vt 0.00000000 0.00000000
vt 0.00000000 0.00000000
vt 0.00000000 0.00000000
vt 0.00000000 0.00000000
vt 0.00000000 0.00000000
vt 0.00000000 0.00000000
vt 0.00000000 0.00000000
vt 0.00000000 0.00000000
vt 0.00000000 0.00000000
vt 0.00000000 0.00000000
vt 0.00000000 0.00000000
vt 0.00000000 0.00000000
vt 0.00000000 0.00000000
vt 0.00000000 0.00000000
vt 0.00000000 0.00000000
vt 0.00000000 0.00000000
vt 0.00000000 0.00000000
vt 0.00000000 0.00000000
vt 0.00000000 0.00000000
vt 0.00000000 0.00000000
vt 0.00000000 0.00000000
vt 0.00000000 0.00000000
vt 0.00000000 0.00000000
vt 0.00000000 0.00000000
vt 0.00000000 0.00000000
vt 0.00000000 0.00000000
vt 0.00000000 0.00000000
vt 0.00000000 0.00000000
vt 0.00000000 0.00000000
vt 0.00000000 0.00000000
vt 0.00000000 0.00000000
vt 0.00000000 0.00000000
vt 0.00000000 0.00000000
vt 0.00000000 0.00000000
vt 0.00000000 0.00000000
vt 0.00000000 0.00000000
vt 0.00000000 0.00000000
vt 0.00000000 0.00000000
vt 0.00000000 0.00000000
vt 0.00000000 0.00000000
vt 0.00000000 0.00000000
vt 0.00000000 0.00000000
vt 0.00000000 0.00000000
vt 0.00000000 0.00000000
vt 0.00000000 0.00000000
vt 0.00000000 0.00000000
vt 0.00000000 0.00000000
vt 0.00000000 0.00000000
vt 0.00000000 0.00000000
vt 0.00000000 0.00000000
vt 0.00000000 0.00000000
vt 0.00000000 0.00000000
vt 0.00000000 0.00000000
vt 0.00000000 0.00000000
vt 0.00000000 0.00000000
vt 0.00000000 0.00000000
vt 0.00000000 0.00000000
vt 0.00000000 0.00000000
vt 0.00000000 0.00000000
vt 0.00000000 0.00000000
vt 0.00000000 0.00000000
vt 0.00000000 0.00000000
vt 0.00000000 0.00000000
vt 0.00000000 0.00000000
vt 0.00000000 0.00000000
vt 0.00000000 0.00000000
vt 0.00000000 0.00000000
vt 0.00000000 0.00000000
vt 0.00000000 0.00000000
vt 0.00000000 0.00000000
vt 0.00000000 0.00000000
vt 0.00000000 0.00000000
vt 0.00000000 0.00000000
vt 0.00000000 0.00000000
vt 0.00000000 0.00000000
vt 0.00000000 0.00000000
vt 0.00000000 0.00000000
vt 0.00000000 0.00000000
vt 0.00000000 0.00000000
vt 0.00000000 0.00000000
vt 0.00000000 0.00000000
vt 0.00000000 0.00000000
vt 0.00000000 0.00000000
vt 0.00000000 0.00000000
vt 0.00000000 0.00000000
vt 0.00000000 0.00000000
vt 0.00000000 0.00000000
vt 0.00000000 0.00000000
vt 0.00000000 0.00000000
vt 0.00000000 0.00000000
vt 0.00000000 0.00000000
vt 0.00000000 0.00000000
vt 0.00000000 0.00000000
vt 0.00000000 0.00000000
vt 0.00000000 0.00000000
vt 0.00000000 0.00000000
vt 0.00000000 0.00000000
vt 0.00000000 0.00000000
vt 0.00000000 0.00000000
vt 0.00000000 0.00000000
vt 0.00000000 0.00000000
vt 0.00000000 0.00000000
vt 0.00000000 0.00000000
vt 0.00000000 0.00000000
vt 0.00000000 0.00000000
vt 0.00000000 0.00000000
vt 0.00000000 0.00000000
vt 0.00000000 0.00000000
vt 0.00000000 0.00000000
vt 0.00000000 0.00000000
vt 0.00000000 0.00000000
vt 0.00000000 0.00000000
vt 0.00000000 0.00000000
vt 0.00000000 0.00000000
vt 0.00000000 0.00000000
vt 0.00000000 0.00000000
vt 0.00000000 0.00000000
vt 0.00000000 0.00000000
vt 0.00000000 0.00000000
vt 0.00000000 0.00000000
vt 0.00000000 0.00000000
vt 0.00000000 0.00000000
vt 0.00000000 0.00000000
vt 0.00000000 0.00000000
vt 0.00000000 0.00000000
vt 0.00000000 0.00000000
vt 0.00000000 0.00000000
vt 0.00000000 0.00000000
vt 0.00000000 0.00000000
vt 0.00000000 0.00000000
vt 0.00000000 0.00000000
vt 0.00000000 0.00000000
vt 0.00000000 0.00000000
vt 0.00000000 0.00000000
vt 0.00000000 0.00000000
vt 0.00000000 0.00000000
vt 0.00000000 0.00000000
vt 0.00000000 0.00000000
vt 0.00000000 0.00000000
vt 0.00000000 0.00000000
vt 0.00000000 0.00000000
vt 0.00000000 0.00000000
vt 0.00000000 0.00000000
vt 0.00000000 0.00000000
vt 0.00000000 0.00000000
vt 0.00000000 0.00000000
vt 0.00000000 0.00000000
vt 0.00000000 0.00000000
vt 0.00000000 0.00000000
vt 0.00000000 0.00000000
vt 0.00000000 0.00000000
vt 0.00000000 0.00000000
vt 0.00000000 0.00000000
vt 0.00000000 0.00000000
vt 0.00000000 0.00000000
vt 0.00000000 0.00000000
vt 0.00000000 0.00000000
vt 0.00000000 0.00000000
vt 0.00000000 0.00000000
vt 0.00000000 0.00000000
vt 0.00000000 0.00000000
vt 0.00000000 0.00000000
vt 0.00000000 0.00000000
vt 0.00000000 0.00000000
vt 0.00000000 0.00000000
vt 0.00000000 0.00000000
vt 0.00000000 0.00000000
vt 0.00000000 0.00000000
vt 0.00000000 0.00000000
vt 0.00000000 0.00000000
vt 0.00000000 0.00000000
vt 0.00000000 0.00000000
vt 0.00000000 0.00000000
vt 0.00000000 0.00000000
vt 0.00000000 0.00000000
vt 0.00000000 0.00000000
vt 0.00000000 0.00000000
vt 0.00000000 0.00000000
vt 0.00000000 0.00000000
vt 0.00000000 0.00000000
vt 0.00000000 0.00000000
vt 0.00000000 0.00000000
vt 0.00000000 0.00000000
vt 0.00000000 0.00000000
vt 0.00000000 0.00000000
vt 0.00000000 0.00000000
vt 0.00000000 0.00000000
vt 0.00000000 0.00000000
vt 0.00000000 0.00000000
vt 0.00000000 0.00000000
vt 0.00000000 0.00000000
vt 0.00000000 0.00000000
vt 0.00000000 0.00000000
vt 0.00000000 0.00000000
vt 0.00000000 0.00000000
vt 0.00000000 0.00000000
vt 0.00000000 0.00000000
vt 0.00000000 0.00000000
vt 0.00000000 0.00000000
vt 0.00000000 0.00000000
vt 0.00000000 0.00000000
vt 0.00000000 0.00000000
vt 0.00000000 0.00000000
vt 0.00000000 0.00000000
vt 0.00000000 0.00000000
vt 0.00000000 0.00000000
vt 0.00000000 0.00000000
vt 0.00000000 0.00000000
vt 0.00000000 0.00000000
vt 0.00000000 0.00000000
vt 0.00000000 0.00000000
vt 0.00000000 0.00000000
vt 0.00000000 0.00000000
vt 0.00000000 0.00000000
vt 0.00000000 0.00000000
vt 0.00000000 0.00000000
vt 0.00000000 0.00000000
vt 0.00000000 0.00000000
vt 0.00000000 0.00000000
vt 0.00000000 0.00000000
vt 0.00000000 0.00000000
vt 0.00000000 0.00000000
vt 0.00000000 0.00000000
vt 0.00000000 0.00000000
vt 0.00000000 0.00000000
vt 0.00000000 0.00000000
vt 0.00000000 0.00000000
vt 0.00000000 0.00000000
vt 0.00000000 0.00000000
vt 0.00000000 0.00000000
vt 0.00000000 0.00000000
vt 0.00000000 0.00000000
vt 0.00000000 0.00000000
vt 0.00000000 0.00000000
vt 0.00000000 0.00000000
vt 0.00000000 0.00000000
vt 0.00000000 0.00000000
vt 0.00000000 0.00000000
vt 0.00000000 0.00000000
vt 0.00000000 0.00000000
vt 0.00000000 0.00000000
vt 0.00000000 0.00000000
vt 0.00000000 0.00000000
vt 0.00000000 0.00000000
vt 0.00000000 0.00000000
vt 0.00000000 0.00000000
vt 0.00000000 0.00000000
vt 0.00000000 0.00000000
vt 0.00000000 0.00000000
vt 0.00000000 0.00000000
vt 0.00000000 0.00000000
vt 0.00000000 0.00000000
vt 0.00000000 0.00000000
vt 0.00000000 0.00000000
vt 0.00000000 0.00000000
vt 0.00000000 0.00000000
vt 0.00000000 0.00000000
vt 0.00000000 0.00000000
vt 0.00000000 0.00000000
vt 0.00000000 0.00000000
vt 0.00000000 0.00000000
vt 0.00000000 0.00000000
vt 0.00000000 0.00000000
vt 0.00000000 0.00000000
vt 0.00000000 0.00000000
vt 0.00000000 0.00000000
vt 0.00000000 0.00000000
vt 0.00000000 0.00000000
vt 0.00000000 0.00000000
vt 0.00000000 0.00000000
vt 0.00000000 0.00000000
vt 0.00000000 0.00000000
vt 0.00000000 0.00000000
vt 0.00000000 0.00000000
vt 0.00000000 0.00000000
vt 0.00000000 0.00000000
vt 0.00000000 0.00000000
vt 0.00000000 0.00000000
vt 0.00000000 0.00000000
vt 0.00000000 0.00000000
vt 0.00000000 0.00000000
vt 0.00000000 0.00000000
vt 0.00000000 0.00000000
vt 0.00000000 0.00000000
vt 0.00000000 0.00000000
vt 0.00000000 0.00000000
vt 0.00000000 0.00000000
vt 0.00000000 0.00000000
vt 0.00000000 0.00000000
vt 0.00000000 0.00000000
vt 0.00000000 0.00000000
vt 0.00000000 0.00000000
vt 0.00000000 0.00000000
vt 0.00000000 0.00000000
vt 0.00000000 0.00000000
vt 0.00000000 0.00000000
vt 0.00000000 0.00000000
vt 0.00000000 0.00000000
vt 0.00000000 0.00000000
vt 0.00000000 0.00000000
vt 0.00000000 0.00000000
vt 0.00000000 0.00000000
vt 0.00000000 0.00000000
vt 0.00000000 0.00000000
vt 0.00000000 0.00000000
vt 0.00000000 0.00000000
vt 0.00000000 0.00000000
vt 0.00000000 0.00000000
vt 0.00000000 0.00000000
vt 0.00000000 0.00000000
vt 0.00000000 0.00000000
vt 0.00000000 0.00000000
vt 0.00000000 0.00000000
vt 0.00000000 0.00000000
vt 0.00000000 0.00000000
vt 0.00000000 0.00000000
vt 0.00000000 0.00000000
vt 0.00000000 0.00000000
vt 0.00000000 0.00000000
vt 0.00000000 0.00000000
vt 0.00000000 0.00000000
vt 0.00000000 0.00000000
vt 0.00000000 0.00000000
vt 0.00000000 0.00000000
vt 0.00000000 0.00000000
vt 0.00000000 0.00000000
vt 0.00000000 0.00000000
vt 0.00000000 0.00000000
vt 0.00000000 0.00000000
vt 0.00000000 0.00000000
vt 0.00000000 0.00000000
vt 0.00000000 0.00000000
vt 0.00000000 0.00000000
vt 0.00000000 0.00000000
vt 0.00000000 0.00000000
vt 0.00000000 0.00000000
vt 0.00000000 0.00000000
vt 0.00000000 0.00000000
vt 0.00000000 0.00000000
vt 0.00000000 0.00000000
vt 0.00000000 0.00000000
vt 0.00000000 0.00000000
vt 0.00000000 0.00000000
vt 0.00000000 0.00000000
vt 0.00000000 0.00000000
vt 0.00000000 0.00000000
vt 0.00000000 0.00000000
vt 0.00000000 0.00000000
vt 0.00000000 0.00000000
vt 0.00000000 0.00000000
vt 0.00000000 0.00000000
vt 0.00000000 0.00000000
vt 0.00000000 0.00000000
vt 0.00000000 0.00000000
vt 0.00000000 0.00000000
vt 0.00000000 0.00000000
vt 0.00000000 0.00000000
vt 0.00000000 0.00000000
vt 0.00000000 0.00000000
vt 0.00000000 0.00000000
vt 0.00000000 0.00000000
vt 0.00000000 0.00000000
vt 0.00000000 0.00000000
vt 0.00000000 0.00000000
vt 0.00000000 0.00000000
vt 0.00000000 0.00000000
vt 0.00000000 0.00000000
vt 0.00000000 0.00000000
vt 0.00000000 0.00000000
vt 0.00000000 0.00000000
vt 0.00000000 0.00000000
vt 0.00000000 0.00000000
vt 0.00000000 0.00000000
vt 0.00000000 0.00000000
vt 0.00000000 0.00000000
vt 0.00000000 0.00000000
vt 0.00000000 0.00000000
vt 0.00000000 0.00000000
vt 0.00000000 0.00000000
vt 0.00000000 0.00000000
vt 0.00000000 0.00000000
vt 0.00000000 0.00000000
vt 0.00000000 0.00000000
vt 0.00000000 0.00000000
vt 0.00000000 0.00000000
vt 0.00000000 0.00000000
vt 0.00000000 0.00000000
vt 0.00000000 0.00000000
vt 0.00000000 0.00000000
vt 0.00000000 0.00000000
vt 0.00000000 0.00000000
vt 0.00000000 0.00000000
vt 0.00000000 0.00000000
vt 0.00000000 0.00000000
vt 0.00000000 0.00000000
vt 0.00000000 0.00000000
vt 0.00000000 0.00000000
vt 0.00000000 0.00000000
vt 0.00000000 0.00000000
vt 0.00000000 0.00000000
vt 0.00000000 0.00000000
vt 0.00000000 0.00000000
vt 0.00000000 0.00000000
vt 0.00000000 0.00000000
vt 0.00000000 0.00000000
vt 0.00000000 0.00000000
vt 0.00000000 0.00000000
vt 0.00000000 0.00000000
vt 0.00000000 0.00000000
vt 0.00000000 0.00000000
vt 0.00000000 0.00000000
vt 0.00000000 0.00000000
vt 0.00000000 0.00000000
vt 0.00000000 0.00000000
vt 0.00000000 0.00000000
vt 0.00000000 0.00000000
vt 0.00000000 0.00000000
vt 0.00000000 0.00000000
vt 0.00000000 0.00000000
vt 0.00000000 0.00000000
vt 0.00000000 0.00000000
vt 0.00000000 0.00000000
vt 0.00000000 0.00000000
vt 0.00000000 0.00000000
vt 0.00000000 0.00000000
vt 0.00000000 0.00000000
vt 0.00000000 0.00000000
vt 0.00000000 0.00000000
vt 0.00000000 0.00000000
vt 0.00000000 0.00000000
vt 0.00000000 0.00000000
vt 0.00000000 0.00000000
vt 0.00000000 0.00000000
vt 0.00000000 0.00000000
vt 0.00000000 0.00000000
vt 0.00000000 0.00000000
vt 0.00000000 0.00000000
vt 0.00000000 0.00000000
vt 0.00000000 0.00000000
vt 0.00000000 0.00000000
vt 0.00000000 0.00000000
vt 0.00000000 0.00000000
vt 0.00000000 0.00000000
vt 0.00000000 0.00000000
vt 0.00000000 0.00000000
vt 0.00000000 0.00000000
vt 0.00000000 0.00000000
vt 0.00000000 0.00000000
vt 0.00000000 0.00000000
vt 0.00000000 0.00000000
vt 0.00000000 0.00000000
vt 0.00000000 0.00000000
vt 0.00000000 0.00000000
vt 0.00000000 0.00000000
vt 0.00000000 0.00000000
vt 0.00000000 0.00000000
vt 0.00000000 0.00000000
vt 0.00000000 0.00000000
vt 0.00000000 0.00000000
vt 0.00000000 0.00000000
vt 0.00000000 0.00000000
vt 0.00000000 0.00000000
vt 0.00000000 0.00000000
vt 0.00000000 0.00000000
vt 0.00000000 0.00000000
vt 0.00000000 0.00000000
vt 0.00000000 0.00000000
vt 0.00000000 0.00000000
vt 0.00000000 0.00000000
vt 0.00000000 0.00000000
vt 0.00000000 0.00000000
vt 0.00000000 0.00000000
vt 0.00000000 0.00000000
vt 0.00000000 0.00000000
vt 0.00000000 0.00000000
vt 0.00000000 0.00000000
vt 0.00000000 0.00000000
vt 0.00000000 0.00000000
vt 0.00000000 0.00000000
vt 0.00000000 0.00000000
vt 0.00000000 0.00000000
vt 0.00000000 0.00000000
vt 0.00000000 0.00000000
vt 0.00000000 0.00000000
vt 0.00000000 0.00000000
vt 0.00000000 0.00000000
vt 0.00000000 0.00000000
vt 0.00000000 0.00000000
vt 0.00000000 0.00000000
vt 0.00000000 0.00000000
vt 0.00000000 0.00000000
vt 0.00000000 0.00000000
vt 0.00000000 0.00000000
vt 0.00000000 0.00000000
vt 0.00000000 0.00000000
vt 0.00000000 0.00000000
vt 0.00000000 0.00000000
vt 0.00000000 0.00000000
vt 0.00000000 0.00000000
vt 0.00000000 0.00000000
vt 0.00000000 0.00000000
vt 0.00000000 0.00000000
vt 0.00000000 0.00000000
vt 0.00000000 0.00000000
vt 0.00000000 0.00000000
vt 0.00000000 0.00000000
vt 0.00000000 0.00000000
vt 0.00000000 0.00000000
vt 0.00000000 0.00000000
vt 0.00000000 0.00000000
vt 0.00000000 0.00000000
vt 0.00000000 0.00000000
vt 0.00000000 0.00000000
vt 0.00000000 0.00000000
vt 0.00000000 0.00000000
vt 0.00000000 0.00000000
vt 0.00000000 0.00000000
vt 0.00000000 0.00000000
vt 0.00000000 0.00000000
vt 0.00000000 0.00000000
vt 0.00000000 0.00000000
vt 0.00000000 0.00000000
vt 0.00000000 0.00000000
vt 0.00000000 0.00000000
vt 0.00000000 0.00000000
vt 0.00000000 0.00000000
vt 0.00000000 0.00000000
vt 0.00000000 0.00000000
vt 0.00000000 0.00000000
vt 0.00000000 0.00000000
vt 0.00000000 0.00000000
vt 0.00000000 0.00000000
vt 0.00000000 0.00000000
vt 0.00000000 0.00000000
vt 0.00000000 0.00000000
vt 0.00000000 0.00000000
vt 0.00000000 0.00000000
vt 0.00000000 0.00000000
vt 0.00000000 0.00000000
vt 0.00000000 0.00000000
vt 0.00000000 0.00000000
vt 0.00000000 0.00000000
vt 0.00000000 0.00000000
vt 0.00000000 0.00000000
vt 0.00000000 0.00000000
vt 0.00000000 0.00000000
vt 0.00000000 0.00000000
vt 0.00000000 0.00000000
vt 0.00000000 0.00000000
vt 0.00000000 0.00000000
vt 0.00000000 0.00000000
vt 0.00000000 0.00000000
vt 0.00000000 0.00000000
vt 0.00000000 0.00000000
vt 0.00000000 0.00000000
vt 0.00000000 0.00000000
vt 0.00000000 0.00000000
vt 0.00000000 0.00000000
vt 0.00000000 0.00000000
vt 0.00000000 0.00000000
vt 0.00000000 0.00000000
vt 0.00000000 0.00000000
vt 0.00000000 0.00000000
vt 0.00000000 0.00000000
vt 0.00000000 0.00000000
vt 0.00000000 0.00000000
vt 0.00000000 0.00000000
vt 0.00000000 0.00000000
vt 0.00000000 0.00000000
vt 0.00000000 0.00000000
vt 0.00000000 0.00000000
vt 0.00000000 0.00000000
vt 0.00000000 0.00000000
vt 0.00000000 0.00000000
vt 0.00000000 0.00000000
vt 0.00000000 0.00000000
vt 0.00000000 0.00000000
vt 0.00000000 0.00000000
vt 0.00000000 0.00000000
vt 0.00000000 0.00000000
vt 0.00000000 0.00000000
vt 0.00000000 0.00000000
vt 0.00000000 0.00000000
vt 0.00000000 0.00000000
vt 0.00000000 0.00000000
vt 0.00000000 0.00000000
vt 0.00000000 0.00000000
vt 0.00000000 0.00000000
vt 0.00000000 0.00000000
vt 0.00000000 0.00000000
vt 0.00000000 0.00000000
vt 0.00000000 0.00000000
vt 0.00000000 0.00000000
vt 0.00000000 0.00000000
vt 0.00000000 0.00000000
vt 0.00000000 0.00000000
vt 0.00000000 0.00000000
vt 0.00000000 0.00000000
vt 0.00000000 0.00000000
vt 0.00000000 0.00000000
vt 0.00000000 0.00000000
vt 0.00000000 0.00000000
vt 0.00000000 0.00000000
vt 0.00000000 0.00000000
vt 0.00000000 0.00000000
vt 0.00000000 0.00000000
vt 0.00000000 0.00000000
vt 0.00000000 0.00000000
vt 0.00000000 0.00000000
vt 0.00000000 0.00000000
vt 0.00000000 0.00000000
vt 0.00000000 0.00000000
vt 0.00000000 0.00000000
vt 0.00000000 0.00000000
vt 0.00000000 0.00000000
vt 0.00000000 0.00000000
vt 0.00000000 0.00000000
vt 0.00000000 0.00000000
vt 0.00000000 0.00000000
vt 0.00000000 0.00000000
vt 0.00000000 0.00000000
vt 0.00000000 0.00000000
vt 0.00000000 0.00000000
vt 0.00000000 0.00000000
vt 0.00000000 0.00000000
vt 0.00000000 0.00000000
vt 0.00000000 0.00000000
vt 0.00000000 0.00000000
vt 0.00000000 0.00000000
vt 0.00000000 0.00000000
vt 0.00000000 0.00000000
vt 0.00000000 0.00000000
vt 0.00000000 0.00000000
vt 0.00000000 0.00000000
vt 0.00000000 0.00000000
vt 0.00000000 0.00000000
vt 0.00000000 0.00000000
vt 0.00000000 0.00000000
vt 0.00000000 0.00000000
vt 0.00000000 0.00000000
vt 0.00000000 0.00000000
vt 0.00000000 0.00000000
vt 0.00000000 0.00000000
vt 0.00000000 0.00000000
vt 0.00000000 0.00000000
vt 0.00000000 0.00000000
vt 0.00000000 0.00000000
vt 0.00000000 0.00000000
vt 0.00000000 0.00000000
vt 0.00000000 0.00000000
vt 0.00000000 0.00000000
vt 0.00000000 0.00000000
vt 0.00000000 0.00000000
vt 0.00000000 0.00000000
vt 0.00000000 0.00000000
vt 0.00000000 0.00000000
vt 0.00000000 0.00000000
vt 0.00000000 0.00000000
vt 0.00000000 0.00000000
vt 0.00000000 0.00000000
vt 0.00000000 0.00000000
vt 0.00000000 0.00000000
vt 0.00000000 0.00000000
vt 0.00000000 0.00000000
vt 0.00000000 0.00000000
vt 0.00000000 0.00000000
vt 0.00000000 0.00000000
vt 0.00000000 0.00000000
vt 0.00000000 0.00000000
vt 0.00000000 0.00000000
vt 0.00000000 0.00000000
vt 0.00000000 0.00000000
vt 0.00000000 0.00000000
vt 0.00000000 0.00000000
vt 0.00000000 0.00000000
vt 0.00000000 0.00000000
vt 0.00000000 0.00000000
vt 0.00000000 0.00000000
vt 0.00000000 0.00000000
vt 0.00000000 0.00000000
vt 0.00000000 0.00000000
vt 0.00000000 0.00000000
vt 0.00000000 0.00000000
vt 0.00000000 0.00000000
vt 0.00000000 0.00000000
vt 0.00000000 0.00000000
vt 0.00000000 0.00000000
vt 0.00000000 0.00000000
vt 0.00000000 0.00000000
vt 0.00000000 0.00000000
vt 0.00000000 0.00000000
vt 0.00000000 0.00000000
vt 0.00000000 0.00000000
vt 0.00000000 0.00000000
vt 0.00000000 0.00000000
vt 0.00000000 0.00000000
vt 0.00000000 0.00000000
vt 0.00000000 0.00000000
vt 0.00000000 0.00000000
vt 0.00000000 0.00000000
vt 0.00000000 0.00000000
vt 0.00000000 0.00000000
vt 0.00000000 0.00000000
vt 0.00000000 0.00000000
vt 0.00000000 0.00000000
vt 0.00000000 0.00000000
vt 0.00000000 0.00000000
vt 0.00000000 0.00000000
vt 0.00000000 0.00000000
vt 0.00000000 0.00000000
vt 0.00000000 0.00000000
vt 0.00000000 0.00000000
vt 0.00000000 0.00000000
vt 0.00000000 0.00000000
vt 0.00000000 0.00000000
vt 0.00000000 0.00000000
vt 0.00000000 0.00000000
vt 0.00000000 0.00000000
vt 0.00000000 0.00000000
vt 0.00000000 0.00000000
vt 0.00000000 0.00000000
vt 0.00000000 0.00000000
vt 0.00000000 0.00000000
vt 0.00000000 0.00000000
vt 0.00000000 0.00000000
vt 0.00000000 0.00000000
vt 0.00000000 0.00000000
vt 0.00000000 0.00000000
vt 0.00000000 0.00000000
vt 0.00000000 0.00000000
vt 0.00000000 0.00000000
vt 0.00000000 0.00000000
vt 0.00000000 0.00000000
vt 0.00000000 0.00000000
vt 0.00000000 0.00000000
vt 0.00000000 0.00000000
vt 0.00000000 0.00000000
vt 0.00000000 0.00000000
vt 0.00000000 0.00000000
vt 0.00000000 0.00000000
vt 0.00000000 0.00000000
vt 0.00000000 0.00000000
vt 0.00000000 0.00000000
vt 0.00000000 0.00000000
vt 0.00000000 0.00000000
vt 0.00000000 0.00000000
vt 0.00000000 0.00000000
vt 0.00000000 0.00000000
vt 0.00000000 0.00000000
vt 0.00000000 0.00000000
vt 0.00000000 0.00000000
vt 0.00000000 0.00000000
vt 0.00000000 0.00000000
vt 0.00000000 0.00000000
vt 0.00000000 0.00000000
vt 0.00000000 0.00000000
vt 0.00000000 0.00000000
vt 0.00000000 0.00000000
vt 0.00000000 0.00000000
vt 0.00000000 0.00000000
vt 0.00000000 0.00000000
vt 0.00000000 0.00000000
vt 0.00000000 0.00000000
vt 0.00000000 0.00000000
vt 0.00000000 0.00000000
f 1/1 2/2 3/3
f 4/4 5/5 6/6
f 7/7 8/8 9/9
f 10/10 11/11 12/12
f 13/13 14/14 15/15
f 16/16 17/17 18/18
f 19/19 20/20 21/21
f 22/22 23/23 24/24
f 25/25 26/26 27/27
f 28/28 29/29 30/30
f 31/31 32/32 33/33
f 34/34 35/35 36/36
f 37/37 38/38 39/39
f 40/40 41/41 42/42
f 43/43 44/44 45/45
f 46/46 47/47 48/48
f 49/49 50/50 51/51
f 52/52 53/53 54/54
f 55/55 56/56 57/57
f 58/58 59/59 60/60
f 2/2 61/61 3/3
f 61/61 62/62 63/63
f 3/3 61/61 63/63
f 62/62 64/64 65/65
f 65/65 66/66 67/67
f 66/66 68/68 67/67
f 68/68 69/69 67/67
f 67/67 70/70 65/65
f 70/70 71/71 62/62
f 65/65 70/70 62/62
f 71/71 63/63 62/62
f 3/3 72/72 73/73
f 73/73 74/74 3/3
f 74/74 1/1 3/3
f 1/1 75/75 2/2
f 5/5 76/76 77/77
f 76/76 78/78 79/79
f 78/78 80/80 81/81
f 81/81 82/82 79/79
f 82/82 83/83 79/79
f 83/83 84/84 79/79
f 79/79 77/77 76/76
f 77/77 85/85 5/5
f 85/85 86/86 5/5
f 86/86 6/6 5/5
f 6/6 87/87 88/88
f 88/88 89/89 6/6
f 89/89 4/4 6/6
f 4/4 90/90 5/5
f 78/78 81/81 79/79
f 7/7 91/91 8/8
f 10/10 92/92 11/11
f 13/13 93/93 14/14
f 16/16 94/94 17/17
f 19/19 95/95 20/20
f 22/22 96/96 23/23
f 25/25 97/97 26/26
f 28/28 98/98 29/29
f 31/31 99/99 32/32
f 34/34 100/100 35/35
f 37/37 101/101 38/38
f 40/40 102/102 41/41
f 43/43 103/103 44/44
f 46/46 104/104 47/47
f 49/49 105/105 50/50
f 52/52 106/106 53/53
f 55/55 107/107 56/56
f 58/58 108/108 59/59
f 109/109 110/110 111/111
f 112/112 109/109 111/111
f 113/113 109/109 112/112
f 114/114 112/112 111/111
f 114/114 111/111 115/115
f 116/116 115/115 117/117
f 118/118 117/117 119/119
f 120/120 116/116 118/118
f 117/117 118/118 116/116
f 114/114 115/115 116/116
f 121/121 122/122 123/123
f 124/124 121/121 123/123
f 121/121 124/124 125/125
f 124/124 126/126 127/127
f 126/126 124/124 123/123
f 128/128 127/127 129/129
f 130/130 131/131 129/129
f 132/132 128/128 131/131
f 129/129 131/131 128/128
f 126/126 129/129 127/127
f 133/133 134/134 135/135
f 136/136 133/133 135/135
f 137/137 136/136 138/138
f 133/133 136/136 137/137
f 139/139 140/140 141/141
f 142/142 140/140 139/139
f 140/140 142/142 143/143
f 144/144 141/141 145/145
f 141/141 146/146 147/147
f 144/144 146/146 141/141
f 139/139 141/141 147/147
f 140/140 143/143 148/148
f 149/149 150/150 151/151
f 151/151 152/152 149/149
f 153/153 150/150 149/149
f 154/154 140/140 155/155
f 148/148 155/155 140/140
f 140/140 156/156 153/153
f 140/140 154/154 156/156
f 149/149 140/140 153/153
f 157/157 158/158 159/159
f 160/160 159/159 161/161
f 160/160 161/161 162/162
f 163/163 164/164 165/165
f 166/166 165/165 167/167
f 168/168 167/167 169/169
f 170/170 171/171 172/172
f 172/172 171/171 173/173
f 170/170 172/172 174/174
f 170/170 175/175 176/176
f 170/170 177/177 178/178
f 171/171 170/170 178/178
f 176/176 179/179 170/170
f 180/180 170/170 179/179
f 174/174 175/175 170/170
f 181/181 177/177 170/170
f 182/182 183/183 184/184
f 184/184 181/181 182/182
f 182/182 170/170 180/180
f 179/179 185/185 180/180
f 185/185 186/186 180/180
f 186/186 185/185 187/187
f 183/183 182/182 188/188
f 181/181 170/170 182/182
f 179/179 176/176 189/189
f 188/188 190/190 183/183
f 191/191 192/192 179/179
f 189/189 193/193 179/179
f 179/179 192/192 194/194
f 191/191 179/179 193/193
f 185/185 179/179 194/194
f 195/195 196/196 191/191
f 197/197 196/196 198/198
f 196/196 199/199 200/200
f 191/191 201/201 202/202
f 193/193 195/195 191/191
f 196/196 203/203 191/191
f 204/204 201/201 191/191
f 191/191 202/202 205/205
f 202/202 201/201 206/206
f 205/205 192/192 191/191
f 200/200 199/199 207/207
f 203/203 200/200 208/208
f 209/209 208/208 200/200
f 210/210 208/208 209/209
f 191/191 203/203 204/204
f 196/196 200/200 203/203
f 199/199 196/196 197/197
f 211/211 186/186 187/187
f 212/212 190/190 213/213
f 213/213 190/190 188/188
f 212/212 213/213 214/214
f 211/211 187/187 215/215
f 216/216 217/217 215/215
f 216/216 215/215 187/187
f 215/215 218/218 211/211
f 217/217 219/219 215/215
f 220/220 218/218 219/219
f 218/218 215/215 219/219
f 221/221 212/212 214/214
f 222/222 223/223 224/224
f 225/225 226/226 227/227
f 226/226 224/224 223/223
f 228/228 222/222 221/221
f 214/214 228/228 221/221
f 226/226 223/223 227/227
f 220/220 223/223 228/228
f 219/219 223/223 220/220
f 223/223 229/229 227/227
f 230/230 223/223 219/219
f 228/228 223/223 222/222
f 231/231 232/232 233/233
f 234/234 231/231 202/202
f 232/232 231/231 234/234
f 202/202 231/231 233/233
f 206/206 234/234 202/202
f 232/232 235/235 236/236
f 237/237 238/238 210/210
f 234/234 235/235 232/232
f 239/239 230/230 240/240
f 239/239 240/240 236/236
f 241/241 229/229 223/223
f 241/241 223/223 239/239
f 242/242 241/241 239/239
f 239/239 236/236 243/243
f 230/230 239/239 223/223
f 239/239 244/244 245/245
f 246/246 239/239 245/245
f 245/245 244/244 247/247
f 244/244 239/239 243/243
f 236/236 235/235 243/243
f 238/238 248/248 247/247
f 217/217 230/230 219/219
f 233/233 205/205 202/202
f 210/210 209/209 237/237
f 249/249 250/250 251/251
f 197/197 250/250 199/199
f 249/249 252/252 253/253
f 199/199 249/249 254/254
f 249/249 255/255 256/256
f 249/249 256/256 252/252
f 257/257 256/256 255/255
f 258/258 259/259 256/256
f 260/260 252/252 256/256
f 254/254 249/249 261/261
f 253/253 262/262 261/261
f 237/237 263/263 264/264
f 263/263 237/237 209/209
f 256/256 259/259 260/260
f 265/265 253/253 266/266
f 261/261 249/249 253/253
f 262/262 253/253 265/265
f 253/253 252/252 266/266
f 267/267 262/262 265/265
f 258/258 257/257 268/268
f 199/199 254/254 207/207
f 158/158 268/268 269/269
f 270/270 271/271 269/269
f 258/258 157/157 259/259
f 269/269 272/272 158/158
f 273/273 158/158 274/274
f 272/272 274/274 158/158
f 271/271 272/272 269/269
f 273/273 159/159 158/158
f 275/275 276/276 160/160
f 157/157 160/160 276/276
f 160/160 162/162 275/275
f 157/157 276/276 259/259
f 162/162 161/161 277/277
f 273/273 161/161 159/159
f 277/277 164/164 162/162
f 277/277 278/278 164/164
f 279/279 275/275 162/162
f 161/161 273/273 277/277
f 165/165 164/164 278/278
f 280/280 248/248 264/264
f 248/248 238/238 237/237
f 281/281 282/282 280/280
f 248/248 245/245 247/247
f 283/283 267/267 284/284
f 265/265 284/284 267/267
f 283/283 284/284 285/285
f 282/282 281/281 283/283
f 283/283 285/285 286/286
f 245/245 287/287 246/246
f 282/282 245/245 280/280
f 282/282 288/288 287/287
f 288/288 286/286 289/289
f 286/286 285/285 290/290
f 283/283 286/286 282/282
f 291/291 292/292 290/290
f 286/286 292/292 289/289
f 168/168 291/291 290/290
f 293/293 294/294 290/290
f 293/293 290/290 285/285
f 280/280 245/245 248/248
f 166/166 168/168 294/294
f 166/166 294/294 279/279
f 163/163 166/166 279/279
f 295/295 167/167 296/296
f 278/278 167/167 165/165
f 297/297 169/169 295/295
f 169/169 167/167 295/295
f 278/278 296/296 167/167
f 297/297 298/298 169/169
f 168/168 299/299 300/300
f 169/169 301/301 299/299
f 301/301 169/169 302/302
f 303/303 302/302 304/304
f 303/303 304/304 305/305
f 306/306 305/305 304/304
f 301/301 302/302 303/303
f 169/169 298/298 302/302
f 294/294 168/168 290/290
f 163/163 279/279 162/162
f 264/264 248/248 237/237
f 307/307 308/308 309/309
f 310/310 311/311 308/308
f 310/310 312/312 311/311
f 313/313 310/310 307/307
f 314/314 315/315 312/312
f 312/312 315/315 311/311
f 310/310 316/316 312/312
f 307/307 310/310 308/308
f 317/317 314/314 318/318
f 319/319 318/318 320/320
f 321/321 322/322 323/323
f 319/319 321/321 323/323
f 323/323 322/322 324/324
f 312/312 325/325 314/314
f 326/326 327/327 313/313
f 316/316 328/328 312/312
f 318/318 325/325 329/329
f 330/330 321/321 331/331
f 320/320 331/331 321/321
f 322/322 321/321 330/330
f 329/329 320/320 318/318
f 330/330 331/331 332/332
f 333/333 334/334 335/335
f 336/336 337/337 338/338
f 339/339 340/340 341/341
f 342/342 337/337 340/340
f 336/336 343/343 344/344
f 345/345 346/346 347/347
f 347/347 348/348 349/349
f 347/347 349/349 350/350
f 339/339 351/351 345/345
f 352/352 334/334 333/333
f 343/343 352/352 353/353
f 343/343 353/353 354/354
f 346/346 355/355 348/348
f 355/355 346/346 356/356
f 352/352 343/343 334/334
f 357/357 358/358 359/359
f 357/357 360/360 361/361
f 360/360 357/357 359/359
f 360/360 362/362 363/363
f 360/360 364/364 365/365
f 360/360 366/366 364/364
f 365/365 362/362 360/360
f 363/363 361/361 360/360
f 367/367 368/368 369/369
f 367/367 360/360 368/368
f 370/370 369/369 371/371
f 360/360 367/367 366/366
f 372/372 373/373 374/374
f 370/370 372/372 374/374
f 371/371 372/372 370/370
f 371/371 369/369 368/368
f 375/375 376/376 377/377
f 378/378 375/375 379/379
f 379/379 380/380 381/381
f 377/377 376/376 382/382
f 378/378 379/379 381/381
f 377/377 382/382 383/383
f 376/376 375/375 378/378
f 384/384 383/383 382/382
f 383/383 384/384 385/385
f 383/383 386/386 387/387
f 383/383 385/385 386/386
f 388/388 389/389 383/383
f 390/390 389/389 388/388
f 391/391 390/390 392/392
f 389/389 390/390 391/391
f 387/387 388/388 383/383
f 393/393 394/394 395/395
f 396/396 393/393 395/395
f 397/397 396/396 398/398
f 393/393 396/396 397/397
f 399/399 400/400 401/401
f 402/402 399/399 401/401
f 403/403 402/402 404/404
f 399/399 402/402 403/403
f 405/405 406/406 407/407
f 408/408 407/407 406/406
f 407/407 408/408 409/409
f 410/410 407/407 409/409
f 411/411 412/412 413/413
f 412/412 411/411 405/405
f 407/407 412/412 405/405
f 414/414 415/415 416/416
f 416/416 417/417 414/414
f 418/418 415/415 414/414
f 418/418 410/410 419/419
f 415/415 418/418 420/420
f 419/419 420/420 418/418
f 407/407 410/410 418/418
f 421/421 422/422 423/423
f 424/424 422/422 421/421
f 425/425 422/422 426/426
f 425/425 426/426 427/427
f 426/426 422/422 424/424
f 428/428 425/425 427/427
f 429/429 425/425 430/430
f 428/428 430/430 425/425
f 425/425 429/429 431/431
f 432/432 425/425 431/431
f 432/432 433/433 434/434
f 434/434 435/435 432/432
f 431/431 433/433 432/432
f 436/436 437/437 438/438
f 438/438 439/439 436/436
f 440/440 439/439 438/438
f 438/438 441/441 440/440
f 442/442 441/441 438/438
f 442/442 438/438 443/443
f 443/443 438/438 444/444
f 445/445 446/446 447/447
f 445/445 448/448 446/446
f 444/444 438/438 447/447
f 438/438 437/437 449/449
f 445/445 450/450 451/451
f 445/445 452/452 450/450
f 453/453 454/454 455/455
f 453/453 456/456 454/454
f 455/455 452/452 445/445
f 457/457 458/458 459/459
f 457/457 460/460 458/458
f 461/461 462/462 463/463
f 461/461 464/464 462/462
f 463/463 460/460 461/461
f 459/459 456/456 457/457
f 451/451 448/448 445/445
f 447/447 438/438 445/445
f 465/465 438/438 449/449
f 445/445 466/466 453/453
f 445/445 453/453 455/455
f 457/457 461/461 460/460
f 453/453 467/467 457/457
f 461/461 467/467 468/468
f 461/461 469/469 464/464
f 453/453 457/457 456/456
f 465/465 470/470 471/471
f 438/438 471/471 472/472
f 445/445 472/472 473/473
f 469/469 474/474 475/475
f 469/469 476/476 474/474
f 469/469 477/477 478/478
f 469/469 479/479 477/477
f 478/478 476/476 469/469
f 480/480 461/461 468/468
f 469/469 475/475 464/464
f 481/481 469/469 480/480
f 481/481 482/482 483/483
f 469/469 481/481 483/483
f 481/481 480/480 484/484
f 479/479 469/469 483/483
f 438/438 472/472 445/445
f 485/485 486/486 487/487
f 485/485 488/488 486/486
f 489/489 490/490 491/491
f 489/489 492/492 490/490
f 491/491 488/488 489/489
f 493/493 494/494 495/495
f 494/494 493/493 496/496
f 496/496 497/497 498/498
f 496/496 499/499 497/497
f 498/498 500/500 496/496
f 496/496 487/487 499/499
f 501/501 502/502 503/503
f 502/502 504/504 503/503
f 505/505 503/503 506/506
f 505/505 501/501 503/503
f 507/507 503/503 504/504
f 508/508 509/509 510/510
f 508/508 511/511 509/509
f 512/512 508/508 513/513
f 513/513 503/503 507/507
f 514/514 511/511 508/508
f 514/514 508/508 512/512
f 510/510 492/492 489/489
f 493/493 515/515 516/516
f 493/493 517/517 515/515
f 493/493 518/518 519/519
f 493/493 520/520 518/518
f 519/519 517/517 493/493
f 521/521 522/522 523/523
f 524/524 523/523 525/525
f 521/521 523/523 493/493
f 524/524 493/493 523/523
f 526/526 496/496 493/493
f 516/516 521/521 493/493
f 524/524 526/526 493/493
f 496/496 485/485 487/487
f 489/489 527/527 528/528
f 489/489 529/529 508/508
f 485/485 489/489 488/488
f 530/530 503/503 531/531
f 508/508 531/531 503/503
f 506/506 503/503 530/530
f 508/508 503/503 513/513
f 485/485 532/532 527/527
f 489/489 508/508 510/510
f 496/496 526/526 532/532
f 530/530 531/531 533/533
f 494/494 496/496 500/500
f 495/495 520/520 493/493
f 534/534 535/535 536/536
f 534/534 537/537 535/535
f 538/538 539/539 540/540
f 541/541 542/542 539/539
f 540/540 537/537 538/538
f 538/538 534/534 543/543
f 539/539 538/538 541/541
f 541/541 544/544 542/542
f 538/538 545/545 541/541
f 538/538 537/537 534/534
f 546/546 547/547 548/548
f 549/549 547/547 546/546
f 550/550 549/549 551/551
f 546/546 551/551 549/549
f 552/552 553/553 554/554
f 555/555 554/554 553/553
f 556/556 555/555 557/557
f 554/554 555/555 556/556
f 558/558 559/559 560/560
f 560/560 559/559 561/561
f 558/558 560/560 562/562
f 563/563 564/564 565/565
f 565/565 558/558 563/563
f 562/562 563/563 558/558
f 566/566 567/567 568/568
f 567/567 566/566 569/569
f 570/570 569/569 566/566
f 569/569 571/571 572/572
f 571/571 573/573 572/572
f 570/570 571/571 569/569
f 574/574 575/575 576/576
f 577/577 574/574 576/576
f 578/578 577/577 579/579
f 574/574 577/577 578/578
f 580/580 581/581 582/582
f 580/580 582/582 583/583
f 584/584 580/580 583/583
f 581/581 585/585 586/586
f 585/585 587/587 586/586
f 585/585 588/588 587/587
f 580/580 585/585 581/581
f 589/589 590/590 591/591
f 589/589 592/592 593/593
f 594/594 589/589 593/593
f 591/591 592/592 589/589
f 595/595 594/594 596/596
f 593/593 596/596 594/594
f 596/596 597/597 595/595
f 596/596 598/598 597/597
f 599/599 600/600 601/601
f 602/602 599/599 603/603
f 601/601 603/603 599/599
f 604/604 605/605 602/602
f 599/599 602/602 605/605
f 602/602 606/606 604/604
f 607/607 608/608 609/609
f 610/610 607/607 611/611
f 609/609 611/611 607/607
f 612/612 613/613 610/610
f 607/607 610/610 613/613
f 610/610 614/614 612/612
f 615/615 616/616 617/617
f 618/618 615/615 617/617
f 616/616 619/619 620/620
f 615/615 619/619 616/616
f 621/621 622/622 623/623
f 624/624 625/625 621/621
f 622/622 621/621 625/625
f 626/626 624/624 621/621
f 624/624 627/627 628/628
f 628/628 627/627 629/629
f 630/630 629/629 627/627
f 626/626 627/627 624/624
f 631/631 632/632 633/633
f 634/634 631/631 633/633
f 631/631 634/634 635/635
f 636/636 635/635 634/634
f 637/637 638/638 639/639
f 639/639 640/640 641/641
f 639/639 638/638 640/640
f 637/637 639/639 642/642
f 643/643 644/644 645/645
f 646/646 637/637 643/643
f 642/642 643/643 637/637
f 645/645 646/646 643/643
f 647/647 648/648 649/649
f 648/648 647/647 650/650
f 651/651 650/650 647/647
f 652/652 651/651 653/653
f 652/652 653/653 654/654
f 655/655 654/654 653/653
f 650/650 651/651 652/652
f 656/656 657/657 658/658
f 659/659 656/656 658/658
f 660/660 661/661 659/659
f 656/656 659/659 661/661
f 662/662 663/663 664/664
f 664/664 663/663 665/665
f 662/662 664/664 666/666
f 667/667 668/668 669/669
f 669/669 662/662 667/667
f 666/666 667/667 662/662
f 670/670 671/671 672/672
f 673/673 670/670 672/672
f 673/673 674/674 675/675
f 672/672 674/674 673/673
f 676/676 677/677 678/678
f 679/679 676/676 678/678
f 680/680 679/679 681/681
f 678/678 681/681 679/679
f 682/682 683/683 684/684
f 683/683 682/682 685/685
f 686/686 685/685 682/682
f 687/687 686/686 688/688
f 687/687 688/688 689/689
f 690/690 689/689 688/688
f 685/685 686/686 687/687
f 691/691 692/692 693/693
f 694/694 691/691 693/693
f 695/695 694/694 696/696
f 691/691 694/694 695/695
f 697/697 698/698 699/699
f 700/700 699/699 698/698
f 699/699 701/701 697/697
f 702/702 703/703 704/704
f 705/705 700/700 702/702
f 704/704 705/705 702/702
f 699/699 700/700 705/705
f 706/706 707/707 708/708
f 709/709 706/706 708/708
f 710/710 709/709 711/711
f 708/708 711/711 709/709
f 712/712 713/713 714/714
f 713/713 712/712 715/715
f 716/716 715/715 712/712
f 715/715 717/717 718/718
f 717/717 719/719 718/718
f 716/716 717/717 715/715
f 720/720 721/721 722/722
f 723/723 720/720 722/722
f 724/724 723/723 725/725
f 720/720 723/723 724/724
f 726/726 727/727 728/728
f 728/728 727/727 729/729
f 726/726 728/728 730/730
f 731/731 732/732 733/733
f 733/733 726/726 731/731
f 730/730 731/731 726/726
f 734/734 735/735 736/736
f 737/737 734/734 736/736
f 738/738 737/737 739/739
f 736/736 739/739 737/737
f 740/740 741/741 742/742
f 741/741 740/740 743/743
f 744/744 743/743 740/740
f 743/743 745/745 746/746
f 745/745 747/747 746/746
f 744/744 745/745 743/743
f 748/748 749/749 750/750
f 751/751 748/748 750/750
f 752/752 751/751 753/753
f 748/748 751/751 752/752
f 754/754 755/755 756/756
f 756/756 755/755 757/757
f 754/754 756/756 758/758
f 759/759 760/760 761/761
f 761/761 754/754 759/759
f 758/758 759/759 754/754
f 762/762 763/763 764/764
f 764/764 765/765 762/762
f 765/765 764/764 766/766
f 766/766 767/767 768/768
f 768/768 769/769 766/766
f 764/764 767/767 766/766
f 770/770 771/771 772/772
f 772/772 773/773 770/770
f 773/773 772/772 774/774
f 775/775 776/776 777/777
f 775/775 774/774 772/772
f 777/777 778/778 775/775
f 776/776 775/775 772/772
f 779/779 780/780 781/781
f 781/781 782/782 779/779
f 782/782 781/781 783/783
f 783/783 784/784 785/785
f 786/786 784/784 783/783
f 787/787 783/783 785/785
f 781/781 786/786 783/783
f 788/788 789/789 790/790
f 790/790 791/791 788/788
f 791/791 790/790 792/792
f 793/793 794/794 795/795
f 793/793 792/792 790/790
f 795/795 796/796 793/793
f 794/794 793/793 790/790
f 797/797 798/798 799/799
f 799/799 800/800 797/797
f 800/800 799/799 801/801
f 801/801 802/802 803/803
f 804/804 802/802 801/801
f 805/805 801/801 803/803
f 799/799 804/804 801/801
f 806/806 807/807 808/808
f 809/809 810/810 806/806
f 811/811 812/812 813/813
f 813/813 809/809 811/811
f 814/814 815/815 816/816
f 817/817 816/816 815/815
f 815/815 814/814 818/818
f 819/819 820/820 821/821
f 822/822 817/817 819/819
f 821/821 822/822 819/819
f 816/816 817/817 822/822
f 823/823 824/824 825/825
f 826/826 827/827 828/828
f 828/828 829/829 830/830
f 825/825 831/831 826/826
f 832/832 833/833 834/834
f 835/835 836/836 833/833
f 837/837 838/838 839/839
f 836/836 839/839 838/838
f 840/840 841/841 842/842
f 841/841 840/840 843/843
f 844/844 843/843 840/840
f 843/843 845/845 846/846
f 845/845 847/847 846/846
f 844/844 845/845 843/843
f 848/848 849/849 850/850
f 851/851 852/852 853/853
f 854/854 853/853 855/855
f 856/856 849/849 852/852
f 857/857 858/858 859/859
f 860/860 857/857 859/859
f 861/861 862/862 863/863
f 861/861 860/860 859/859
f 862/862 861/861 859/859
f 864/864 865/865 866/866
f 867/867 864/864 866/866
f 867/867 868/868 869/869
f 866/866 868/868 867/867
f 870/870 871/871 872/872
f 873/873 870/870 872/872
f 870/870 874/874 875/875
f 874/874 876/876 875/875
f 873/873 874/874 870/870
f 877/877 878/878 879/879
f 880/880 877/877 879/879
f 881/881 882/882 880/880
f 877/877 880/880 882/882
f 883/883 884/884 885/885
f 884/884 883/883 886/886
f 887/887 884/884 886/886
f 888/888 887/887 889/889
f 888/888 890/890 891/891
f 892/892 888/888 891/891
f 889/889 890/890 888/888
f 884/884 887/887 888/888
f 893/893 894/894 888/888
f 888/888 895/895 896/896
f 894/894 895/895 888/888
f 896/896 897/897 898/898
f 896/896 899/899 900/900
f 898/898 899/899 896/896
f 895/895 897/897 896/896
f 892/892 893/893 888/888
f 901/901 902/902 903/903
f 904/904 905/905 906/906
f 907/907 908/908 909/909
f 910/910 904/904 902/902
f 911/911 907/907 906/906
f 901/901 912/912 902/902
f 913/913 914/914 909/909
f 915/915 914/914 916/916
f 914/914 917/917 916/916
f 918/918 914/914 915/915
f 902/902 912/912 919/919
f 920/920 921/921 922/922
f 922/922 923/923 924/924
f 925/925 926/926 924/924
f 922/922 924/924 920/920
f 926/926 927/927 924/924
f 922/922 928/928 929/929
f 922/922 918/918 928/928
f 924/924 923/923 925/925
f 922/922 930/930 923/923
f 922/922 929/929 930/930
f 918/918 922/922 914/914
f 910/910 931/931 904/904
f 904/904 932/932 905/905
f 904/904 933/933 932/932
f 904/904 931/931 933/933
f 919/919 912/912 934/934
f 902/902 919/919 935/935
f 902/902 936/936 937/937
f 936/936 902/902 935/935
f 902/902 937/937 910/910
f 938/938 934/934 912/912
f 909/909 908/908 939/939
f 907/907 940/940 908/908
f 914/914 913/913 917/917
f 909/909 941/941 913/913
f 909/909 939/939 941/941
f 906/906 942/942 943/943
f 906/906 944/944 942/942
f 907/907 911/911 945/945
f 906/906 946/946 911/911
f 906/906 943/943 946/946
f 945/945 940/940 907/907
f 906/906 905/905 944/944
f 947/947 948/948 949/949
f 950/950 949/949 951/951
f 947/947 949/949 952/952
f 950/950 952/952 949/949
f 953/953 952/952 950/950
f 952/952 954/954 947/947
f 952/952 955/955 956/956
f 952/952 953/953 955/955
f 952/952 957/957 958/958
f 952/952 959/959 957/957
f 952/952 956/956 959/959
f 960/960 961/961 952/952
f 962/962 963/963 954/954
f 964/964 962/962 965/965
f 966/966 967/967 968/968
f 968/968 969/969 970/970
f 966/966 965/965 971/971
f 962/962 972/972 965/965
f 965/965 973/973 971/971
f 974/974 975/975 970/970
f 969/969 974/974 970/970
f 967/967 976/976 969/969
f 977/977 974/974 969/969
f 978/978 967/967 971/971
f 962/962 954/954 952/952
f 952/952 958/958 960/960
f 962/962 961/961 979/979
f 961/961 962/962 952/952
f 962/962 980/980 981/981
f 962/962 982/982 980/980
f 962/962 979/979 982/982
f 965/965 983/983 984/984
f 965/965 972/972 983/983
f 971/971 985/985 986/986
f 971/971 973/973 985/985
f 965/965 984/984 973/973
f 962/962 981/981 972/972
f 971/971 987/987 978/978
f 971/971 988/988 987/987
f 967/967 989/989 990/990
f 967/967 991/991 989/989
f 967/967 978/978 991/991
f 969/969 992/992 993/993
f 969/969 993/993 994/994
f 995/995 996/996 969/969
f 996/996 977/977 969/969
f 995/995 969/969 994/994
f 992/992 969/969 976/976
f 990/990 976/976 967/967
f 971/971 986/986 988/988
f 997/997 998/998 999/999
f 1000/1000 997/997 999/999
f 1001/1001 1000/1000 1002/1002
f 999/999 1002/1002 1000/1000
f 1003/1003 1004/1004 1005/1005
f 1006/1006 1003/1003 1005/1005
f 1007/1007 1006/1006 1008/1008
f 1005/1005 1008/1008 1006/1006
f 1009/1009 1010/1010 1011/1011
f 1012/1012 1009/1009 1011/1011
f 1013/1013 1014/1014 1015/1015
f 1015/1015 1012/1012 1013/1013
f 1011/1011 1013/1013 1012/1012
f 1016/1016 1017/1017 1018/1018
f 1019/1019 1016/1016 1018/1018
f 1020/1020 1019/1019 1021/1021
f 1016/1016 1019/1019 1020/1020
f 1022/1022 1023/1023 1024/1024
f 1025/1025 1023/1023 1022/1022
f 1026/1026 1025/1025 1027/1027
f 1022/1022 1027/1027 1025/1025
f 1027/1027 1028/1028 1026/1026
f 1029/1029 1030/1030 1031/1031
f 1032/1032 1029/1029 1031/1031
f 1033/1033 1032/1032 1034/1034
f 1031/1031 1034/1034 1032/1032
f 1035/1035 1036/1036 1037/1037
f 1038/1038 1035/1035 1037/1037
f 1039/1039 1040/1040 1041/1041
f 1041/1041 1038/1038 1039/1039
f 1037/1037 1039/1039 1038/1038
f 1042/1042 1043/1043 1044/1044
f 1045/1045 1042/1042 1044/1044
f 1046/1046 1045/1045 1047/1047
f 1042/1042 1045/1045 1046/1046
f 1048/1048 1049/1049 1050/1050
f 1051/1051 1052/1052 1048/1048
f 1049/1049 1048/1048 1052/1052
f 1053/1053 1054/1054 1051/1051
f 1052/1052 1051/1051 1054/1054
f 1054/1054 1053/1053 1055/1055
f 1056/1056 1057/1057 1058/1058
f 1059/1059 1056/1056 1058/1058
f 1060/1060 1059/1059 1061/1061
f 1058/1058 1061/1061 1059/1059
f 1062/1062 1063/1063 1064/1064
f 1065/1065 1064/1064 1063/1063
f 1064/1064 1066/1066 1062/1062
f 1067/1067 1068/1068 1069/1069
f 1063/1063 1067/1067 1065/1065
f 1069/1069 1065/1065 1067/1067
f 1070/1070 1071/1071 1072/1072
f 1073/1073 1070/1070 1072/1072
f 1074/1074 1073/1073 1075/1075
f 1070/1070 1073/1073 1074/1074
f 1076/1076 1077/1077 1078/1078
f 1079/1079 1077/1077 1076/1076
f 1080/1080 1079/1079 1081/1081
f 1076/1076 1081/1081 1079/1079
f 1081/1081 1082/1082 1080/1080
f 1083/1083 1084/1084 1085/1085
f 1086/1086 1087/1087 1083/1083
f 1084/1084 1083/1083 1087/1087
f 1088/1088 1089/1089 1086/1086
f 1087/1087 1086/1086 1089/1089
f 1089/1089 1088/1088 1090/1090
f 1091/1091 1092/1092 1093/1093
f 1094/1094 1091/1091 1093/1093
f 1095/1095 1094/1094 1096/1096
f 1093/1093 1096/1096 1094/1094
f 1097/1097 1098/1098 1099/1099
f 1100/1100 1097/1097 1099/1099
f 1101/1101 1102/1102 1103/1103
f 1103/1103 1100/1100 1101/1101
f 1099/1099 1101/1101 1100/1100
f 1104/1104 1105/1105 1106/1106
f 1107/1107 1104/1104 1106/1106
f 1108/1108 1107/1107 1109/1109
f 1104/1104 1107/1107 1108/1108
f 1110/1110 1111/1111 1112/1112
f 1113/1113 1110/1110 1112/1112
f 1114/1114 1113/1113 1115/1115
f 1112/1112 1115/1115 1113/1113
f 1116/1116 1117/1117 1118/1118
f 1119/1119 1118/1118 1117/1117
f 1118/1118 1120/1120 1116/1116
f 1121/1121 1122/1122 1123/1123
f 1117/1117 1121/1121 1119/1119
f 1123/1123 1119/1119 1121/1121
f 1124/1124 1125/1125 1126/1126
f 1127/1127 1124/1124 1126/1126
f 1128/1128 1127/1127 1129/1129
f 1124/1124 1127/1127 1128/1128
f 1130/1130 1131/1131 1132/1132
f 1133/1133 1131/1131 1130/1130
f 1134/1134 1133/1133 1135/1135
f 1130/1130 1135/1135 1133/1133
f 1135/1135 1136/1136 1134/1134
f 1137/1137 1138/1138 1139/1139
f 1140/1140 1141/1141 1138/1138
f 1139/1139 1138/1138 1141/1141
f 1142/1142 1141/1141 1140/1140
f 1143/1143 1144/1144 1139/1139
f 1145/1145 1146/1146 1147/1147
f 1139/1139 1148/1148 1137/1137
f 1148/1148 1139/1139 1144/1144
f 1149/1149 1145/1145 1150/1150
f 1147/1147 1143/1143 1139/1139
f 1151/1151 1152/1152 1153/1153
f 938/938 1151/1151 1154/1154
f 1153/1153 1154/1154 1151/1151
f 1155/1155 1152/1152 1151/1151
f 1156/1156 1157/1157 1141/1141
f 1141/1141 1155/1155 1151/1151
f 1141/1141 1157/1157 1155/1155
f 1158/1158 1156/1156 1141/1141
f 1158/1158 1141/1141 1142/1142
f 1150/1150 1159/1159 1160/1160
f 1161/1161 1159/1159 1162/1162
f 1150/1150 1163/1163 1164/1164
f 1163/1163 1150/1150 1160/1160
f 1150/1150 1164/1164 1165/1165
f 1166/1166 1167/1167 1162/1162
f 1161/1161 1162/1162 1168/1168
f 1168/1168 1162/1162 1167/1167
f 927/927 1166/1166 1162/1162
f 1169/1169 1146/1146 1145/1145
f 1147/1147 1170/1170 1171/1171
f 1170/1170 1147/1147 1146/1146
f 1171/1171 1143/1143 1147/1147
f 1172/1172 1149/1149 1150/1150
f 1173/1173 1174/1174 1145/1145
f 1145/1145 1149/1149 1173/1173
f 1174/1174 1169/1169 1145/1145
f 1165/1165 1172/1172 1150/1150
f 1162/1162 1159/1159 1150/1150
f 1175/1175 1176/1176 1177/1177
f 1177/1177 1178/1178 1175/1175
f 1179/1179 1180/1180 1181/1181
f 1182/1182 1183/1183 1184/1184
f 1181/1181 1175/1175 1179/1179
f 1184/1184 1183/1183 1177/1177
f 1177/1177 1183/1183 1185/1185
f 1177/1177 1185/1185 1186/1186
f 1175/1175 1178/1178 1179/1179
f 1180/1180 1187/1187 1188/1188
f 1180/1180 1179/1179 1187/1187
f 1177/1177 1186/1186 1178/1178
f 1189/1189 1190/1190 977/977
f 1191/1191 1192/1192 1189/1189
f 1190/1190 1189/1189 1192/1192
f 1193/1193 1192/1192 1191/1191
f 1192/1192 1193/1193 1194/1194
f 1195/1195 1196/1196 1197/1197
f 1197/1197 1196/1196 1192/1192
f 1194/1194 1197/1197 1192/1192
f 1198/1198 1196/1196 1195/1195
f 1199/1199 1196/1196 1200/1200
f 1198/1198 1200/1200 1196/1196
f 1201/1201 1202/1202 1203/1203
f 1196/1196 1199/1199 1201/1201
f 1199/1199 1204/1204 1201/1201
f 1201/1201 1205/1205 1206/1206
f 1201/1201 1206/1206 1207/1207
f 1208/1208 1209/1209 1210/1210
f 1203/1203 1211/1211 1210/1210
f 1202/1202 1201/1201 1207/1207
f 1204/1204 1205/1205 1201/1201
f 1212/1212 1203/1203 1213/1213
f 1214/1214 1210/1210 1211/1211
f 1203/1203 1212/1212 1211/1211
f 1210/1210 1214/1214 1215/1215
f 1210/1210 1216/1216 1208/1208
f 1209/1209 1217/1217 1218/1218
f 1208/1208 1217/1217 1209/1209
f 1215/1215 1216/1216 1210/1210
f 1219/1219 1209/1209 1218/1218
f 1209/1209 1220/1220 1221/1221
f 1222/1222 1223/1223 1221/1221
f 1220/1220 1224/1224 1221/1221
f 1224/1224 959/959 1221/1221
f 1220/1220 1209/1209 1219/1219
f 1221/1221 1225/1225 1222/1222
f 1223/1223 1222/1222 1226/1226
f 1227/1227 951/951 1223/1223
f 1227/1227 1223/1223 1226/1226
f 959/959 1225/1225 1221/1221
f 1202/1202 1213/1213 1203/1203
f 1228/1228 1229/1229 1230/1230
f 1231/1231 1228/1228 1230/1230
f 1228/1228 1232/1232 1233/1233
f 1232/1232 1234/1234 1233/1233
f 1231/1231 1232/1232 1228/1228
f 1235/1235 1236/1236 1237/1237
f 1238/1238 1237/1237 1236/1236
f 1236/1236 1235/1235 1239/1239
f 1240/1240 1238/1238 1241/1241
f 1241/1241 1242/1242 1240/1240
f 1237/1237 1238/1238 1240/1240
f 1243/1243 1244/1244 1245/1245
f 1243/1243 1246/1246 1247/1247
f 1246/1246 1243/1243 1245/1245
f 1245/1245 1248/1248 1246/1246
f 1248/1248 1249/1249 1246/1246
f 1250/1250 1248/1248 1245/1245
f 1251/1251 1252/1252 1253/1253
f 1251/1251 1254/1254 1252/1252
f 1253/1253 1255/1255 1256/1256
f 1257/1257 1258/1258 1259/1259
f 1256/1256 1260/1260 1257/1257
f 1261/1261 1254/1254 1262/1262
f 1263/1263 1261/1261 1262/1262
f 1263/1263 1264/1264 1265/1265
f 1266/1266 1265/1265 1264/1264
f 1263/1263 1262/1262 1264/1264
f 1254/1254 1261/1261 1252/1252
f 1267/1267 1259/1259 1258/1258
f 1268/1268 1269/1269 1259/1259
f 1270/1270 1271/1271 1272/1272
f 1270/1270 1272/1272 1273/1273
f 1273/1273 1274/1274 1270/1270
f 1274/1274 1273/1273 1275/1275
f 1268/1268 1276/1276 1274/1274
f 1276/1276 1270/1270 1274/1274
f 1271/1271 1277/1277 1278/1278
f 1270/1270 1277/1277 1271/1271
f 1279/1279 1278/1278 1280/1280
f 1277/1277 1280/1280 1278/1278
f 1281/1281 1279/1279 1282/1282
f 1280/1280 1282/1282 1279/1279
f 1268/1268 1259/1259 1267/1267
f 1283/1283 1284/1284 1285/1285
f 1286/1286 1287/1287 1283/1283
f 1285/1285 1284/1284 1266/1266
f 1286/1286 1288/1288 1287/1287
f 1287/1287 1284/1284 1283/1283
f 1288/1288 1286/1286 1289/1289
f 1264/1264 1285/1285 1266/1266
f 1290/1290 1289/1289 1291/1291
f 1292/1292 1291/1291 1293/1293
f 1294/1294 1292/1292 1293/1293
f 1292/1292 1290/1290 1291/1291
f 1292/1292 1295/1295 1296/1296
f 1292/1292 1294/1294 1295/1295
f 1288/1288 1289/1289 1290/1290
f 1297/1297 1298/1298 1299/1299
f 1300/1300 1281/1281 1298/1298
f 1297/1297 1300/1300 1298/1298
f 1301/1301 1302/1302 1303/1303
f 1299/1299 1302/1302 1297/1297
f 1299/1299 1303/1303 1302/1302
f 1279/1279 1281/1281 1300/1300
f 1304/1304 1305/1305 1306/1306
f 1304/1304 1307/1307 1308/1308
f 1308/1308 1309/1309 1304/1304
f 1306/1306 1305/1305 1301/1301
f 1304/1304 1310/1310 1305/1305
f 1310/1310 1304/1304 1309/1309
f 1303/1303 1306/1306 1301/1301
f 1311/1311 1312/1312 1313/1313
f 1314/1314 1312/1312 1311/1311
f 1312/1312 1315/1315 1316/1316
f 1313/1313 1312/1312 1316/1316
f 1312/1312 1314/1314 1317/1317
f 1317/1317 1314/1314 1318/1318
f 1319/1319 1320/1320 1318/1318
f 1321/1321 1322/1322 1319/1319
f 1322/1322 1320/1320 1319/1319
f 1321/1321 1323/1323 1322/1322
f 1321/1321 1324/1324 1323/1323
f 1317/1317 1318/1318 1320/1320
f 1325/1325 1326/1326 1327/1327
f 1328/1328 1329/1329 1326/1326
f 1330/1330 1328/1328 1326/1326
f 1331/1331 1330/1330 1326/1326
f 1331/1331 1326/1326 1325/1325
f 1325/1325 1327/1327 1332/1332
f 1333/1333 1334/1334 1335/1335
f 1336/1336 1337/1337 1338/1338
f 1339/1339 1335/1335 1337/1337
f 1333/1333 1332/1332 1334/1334
f 1335/1335 1339/1339 1333/1333
f 1337/1337 1336/1336 1339/1339
f 1336/1336 1338/1338 1340/1340
f 1327/1327 1334/1334 1332/1332
f 1341/1341 1323/1323 1324/1324
f 1342/1342 1341/1341 1343/1343
f 1324/1324 1343/1343 1341/1341
f 1344/1344 1342/1342 1343/1343
f 1344/1344 1345/1345 1346/1346
f 1347/1347 1348/1348 1349/1349
f 1347/1347 1346/1346 1350/1350
f 1345/1345 1344/1344 1343/1343
f 1350/1350 1351/1351 1347/1347
f 1352/1352 1347/1347 1351/1351
f 1349/1349 1353/1353 1354/1354
f 1354/1354 1355/1355 1356/1356
f 1345/1345 1350/1350 1346/1346
f 1356/1356 1357/1357 1358/1358
f 1358/1358 1359/1359 1360/1360
f 1338/1338 1361/1361 1340/1340
f 1362/1362 1340/1340 1361/1361
f 1363/1363 1340/1340 1362/1362
f 1364/1364 1363/1363 1362/1362
f 1360/1360 1365/1365 1366/1366
f 1363/1363 1364/1364 1367/1367
f 1366/1366 1368/1368 1367/1367
f 1366/1366 1365/1365 1368/1368
f 1366/1366 1367/1367 1364/1364
f 1369/1369 1370/1370 1371/1371
f 1372/1372 1370/1370 1369/1369
f 1370/1370 1373/1373 1374/1374
f 1371/1371 1370/1370 1374/1374
f 1370/1370 1372/1372 1375/1375
f 1375/1375 1372/1372 1376/1376
f 1377/1377 1378/1378 1376/1376
f 1379/1379 1377/1377 1380/1380
f 1380/1380 1381/1381 1382/1382
f 1377/1377 1379/1379 1378/1378
f 1381/1381 1383/1383 1382/1382
f 1382/1382 1379/1379 1380/1380
f 1383/1383 1381/1381 1384/1384
f 1375/1375 1376/1376 1378/1378
f 1385/1385 1386/1386 1387/1387
f 1388/1388 1389/1389 1386/1386
f 1390/1390 1388/1388 1386/1386
f 1391/1391 1390/1390 1386/1386
f 1391/1391 1386/1386 1385/1385
f 1385/1385 1387/1387 1392/1392
f 1393/1393 1394/1394 1395/1395
f 1396/1396 1397/1397 1398/1398
f 1399/1399 1395/1395 1397/1397
f 1393/1393 1392/1392 1394/1394
f 1395/1395 1399/1399 1393/1393
f 1397/1397 1396/1396 1399/1399
f 1396/1396 1398/1398 1400/1400
f 1387/1387 1394/1394 1392/1392
f 1401/1401 1402/1402 1384/1384
f 1383/1383 1384/1384 1402/1402
f 1403/1403 1404/1404 1401/1401
f 1405/1405 1406/1406 1404/1404
f 1407/1407 1408/1408 1409/1409
f 1407/1407 1406/1406 1410/1410
f 1403/1403 1401/1401 1384/1384
f 1406/1406 1405/1405 1411/1411
f 1411/1411 1412/1412 1406/1406
f 1412/1412 1410/1410 1406/1406
f 1413/1413 1410/1410 1412/1412
f 1414/1414 1409/1409 1408/1408
f 1405/1405 1404/1404 1403/1403
f 1415/1415 1414/1414 1408/1408
f 1416/1416 1417/1417 1418/1418
f 1418/1418 1419/1419 1420/1420
f 1398/1398 1421/1421 1400/1400
f 1422/1422 1400/1400 1421/1421
f 1423/1423 1400/1400 1422/1422
f 1424/1424 1423/1423 1422/1422
f 1425/1425 1420/1420 1419/1419
f 1423/1423 1424/1424 1426/1426
f 1427/1427 1428/1428 1426/1426
f 1427/1427 1425/1425 1428/1428
f 1427/1427 1426/1426 1424/1424
f 1414/1414 1416/1416 1409/1409
f 1429/1429 1430/1430 1431/1431
f 1429/1429 1432/1432 1433/1433
f 1432/1432 1429/1429 1431/1431
f 1431/1431 1434/1434 1432/1432
f 1434/1434 1435/1435 1432/1432
f 1436/1436 1434/1434 1431/1431
f 1437/1437 1438/1438 1439/1439
f 1437/1437 1440/1440 1438/1438
f 1438/1438 1441/1441 1442/1442
f 1438/1438 1443/1443 1441/1441
f 1444/1444 1441/1441 1443/1443
f 1438/1438 1442/1442 1439/1439
f 1440/1440 1437/1437 1445/1445
f 1446/1446 1447/1447 1448/1448
f 1449/1449 1448/1448 1447/1447
f 1450/1450 1447/1447 1446/1446
f 1444/1444 1443/1443 1451/1451
f 1450/1450 1440/1440 1445/1445
f 1447/1447 1450/1450 1445/1445
f 1452/1452 1444/1444 1451/1451
f 1453/1453 1454/1454 1455/1455
f 1455/1455 1456/1456 1457/1457
f 1456/1456 1458/1458 1459/1459
f 1458/1458 1460/1460 1461/1461
f 1459/1459 1457/1457 1456/1456
f 1452/1452 1462/1462 1453/1453
f 1462/1462 1454/1454 1453/1453
f 1461/1461 1463/1463 1464/1464
f 1465/1465 1464/1464 1466/1466
f 1463/1463 1466/1466 1464/1464
f 1460/1460 1463/1463 1461/1461
f 1458/1458 1456/1456 1460/1460
f 1467/1467 1452/1452 1451/1451
f 1468/1468 1469/1469 1470/1470
f 1471/1471 1472/1472 1468/1468
f 1473/1473 1449/1449 1470/1470
f 1469/1469 1473/1473 1470/1470
f 1469/1469 1468/1468 1472/1472
f 1472/1472 1471/1471 1474/1474
f 1475/1475 1476/1476 1477/1477
f 1478/1478 1476/1476 1475/1475
f 1476/1476 1474/1474 1477/1477
f 1476/1476 1479/1479 1480/1480
f 1476/1476 1478/1478 1479/1479
f 1471/1471 1477/1477 1474/1474
f 1481/1481 1482/1482 1483/1483
f 1484/1484 1465/1465 1482/1482
f 1481/1481 1484/1484 1482/1482
f 1485/1485 1486/1486 1487/1487
f 1483/1483 1486/1486 1481/1481
f 1483/1483 1487/1487 1486/1486
f 1464/1464 1465/1465 1484/1484
f 1488/1488 1489/1489 1490/1490
f 1488/1488 1491/1491 1492/1492
f 1492/1492 1493/1493 1488/1488
f 1490/1490 1489/1489 1485/1485
f 1488/1488 1494/1494 1489/1489
f 1494/1494 1488/1488 1493/1493
f 1487/1487 1490/1490 1485/1485
f 1449/1449 1473/1473 1448/1448
f 1495/1495 1496/1496 1497/1497
f 1498/1498 1495/1495 1497/1497
f 1498/1498 1499/1499 1500/1500
f 1498/1498 1501/1501 1495/1495
f 1499/1499 1498/1498 1497/1497
f 1502/1502 1503/1503 1504/1504
f 1504/1504 1503/1503 1505/1505
f 1502/1502 1504/1504 1506/1506
f 1503/1503 1507/1507 1508/1508
f 1507/1507 1509/1509 1508/1508
f 1507/1507 1510/1510 1509/1509
f 1502/1502 1507/1507 1503/1503
f 1511/1511 1512/1512 1513/1513
f 1511/1511 1514/1514 1515/1515
f 1514/1514 1511/1511 1513/1513
f 1516/1516 1517/1517 1518/1518
f 1517/1517 1516/1516 1514/1514
f 1518/1518 1519/1519 1516/1516
f 1513/1513 1517/1517 1514/1514
f 1520/1520 1521/1521 1522/1522
f 1523/1523 1520/1520 1524/1524
f 1522/1522 1524/1524 1520/1520
f 1525/1525 1524/1524 1522/1522
f 1526/1526 1525/1525 1527/1527
f 1528/1528 1529/1529 1526/1526
f 1525/1525 1526/1526 1529/1529
f 1530/1530 1531/1531 1532/1532
f 1530/1530 1533/1533 1534/1534
f 1533/1533 1530/1530 1532/1532
f 1535/1535 1536/1536 1537/1537
f 1536/1536 1535/1535 1533/1533
f 1537/1537 1538/1538 1535/1535
f 1532/1532 1536/1536 1533/1533
f 1539/1539 1540/1540 1541/1541
f 1539/1539 1542/1542 1543/1543
f 1542/1542 1539/1539 1541/1541
f 1542/1542 1544/1544 1545/1545
f 1546/1546 1544/1544 1541/1541
f 1547/1547 1548/1548 1549/1549
f 1548/1548 1547/1547 1550/1550
f 1547/1547 1549/1549 1551/1551
f 1552/1552 1553/1553 1554/1554
f 1555/1555 1551/1551 1552/1552
f 1553/1553 1552/1552 1551/1551
f 1549/1549 1553/1553 1551/1551
f 1556/1556 1557/1557 1558/1558
f 1559/1559 1560/1560 1556/1556
f 1558/1558 1559/1559 1556/1556
f 1559/1559 1558/1558 1561/1561
f 1562/1562 1563/1563 1564/1564
f 1565/1565 1561/1561 1562/1562
f 1563/1563 1562/1562 1561/1561
f 1558/1558 1563/1563 1561/1561
f 1566/1566 1567/1567 1568/1568
f 1569/1569 1566/1566 1568/1568
f 1570/1570 1566/1566 1569/1569
f 1571/1571 1572/1572 1569/1569
f 1571/1571 1569/1569 1568/1568
f 1572/1572 1573/1573 1574/1574
f 1575/1575 1573/1573 1576/1576
f 1577/1577 1574/1574 1575/1575
f 1573/1573 1575/1575 1574/1574
f 1571/1571 1573/1573 1572/1572
f 1578/1578 1579/1579 1580/1580
f 1580/1580 1581/1581 1582/1582
f 1580/1580 1579/1579 1581/1581
f 1578/1578 1580/1580 1583/1583
f 1584/1584 1578/1578 1585/1585
f 1586/1586 1578/1578 1584/1584
f 1584/1584 1587/1587 1586/1586
f 1584/1584 1588/1588 1587/1587
f 1579/1579 1578/1578 1586/1586
f 1589/1589 1590/1590 1591/1591
f 1591/1591 1590/1590 1592/1592
f 1593/1593 1591/1591 1594/1594
f 1589/1589 1593/1593 1595/1595
f 1589/1589 1596/1596 1590/1590
f 1593/1593 1589/1589 1591/1591
f 1597/1597 1598/1598 1599/1599
f 1599/1599 1598/1598 1600/1600
f 1597/1597 1599/1599 1601/1601
f 1602/1602 1597/1597 1603/1603
f 1602/1602 1604/1604 1598/1598
f 1597/1597 1602/1602 1598/1598
f 1605/1605 1606/1606 1607/1607
f 1608/1608 1605/1605 1607/1607
f 1609/1609 1605/1605 1608/1608
f 1610/1610 1611/1611 1608/1608
f 1610/1610 1608/1608 1607/1607
f 1611/1611 1612/1612 1613/1613
f 1614/1614 1612/1612 1615/1615
f 1616/1616 1613/1613 1614/1614
f 1612/1612 1614/1614 1613/1613
f 1610/1610 1612/1612 1611/1611
f 1617/1617 1618/1618 1619/1619
f 1620/1620 1621/1621 1617/1617
f 1617/1617 1622/1622 1623/1623
f 1617/1617 1621/1621 1624/1624
f 1624/1624 1622/1622 1617/1617
f 1625/1625 1617/1617 1619/1619
f 1620/1620 1617/1617 1625/1625
f 1626/1626 1625/1625 1619/1619
f 1626/1626 1627/1627 1625/1625
f 1628/1628 1620/1620 1625/1625
f 1625/1625 1629/1629 1628/1628
f 1625/1625 1630/1630 1631/1631
f 1631/1631 1629/1629 1625/1625
f 1632/1632 1633/1633 1634/1634
f 1635/1635 1636/1636 1632/1632
f 1633/1633 1632/1632 1636/1636
f 1632/1632 1634/1634 1637/1637
f 1638/1638 1639/1639 1640/1640
f 1641/1641 1639/1639 1638/1638
f 1637/1637 1639/1639 1641/1641
f 1642/1642 1641/1641 1638/1638
f 1634/1634 1639/1639 1637/1637
f 1643/1643 1644/1644 1645/1645
f 1643/1643 1646/1646 1647/1647
f 1646/1646 1643/1643 1645/1645
f 1646/1646 1648/1648 1649/1649
f 1650/1650 1648/1648 1645/1645
f 1651/1651 1652/1652 1653/1653
f 1651/1651 1654/1654 1655/1655
f 1656/1656 1651/1651 1653/1653
f 1651/1651 1656/1656 1654/1654
f 1656/1656 1657/1657 1654/1654
f 1658/1658 1656/1656 1653/1653
f 1659/1659 1660/1660 1661/1661
f 1661/1661 1660/1660 1662/1662
f 1659/1659 1661/1661 1663/1663
f 1664/1664 1665/1665 1666/1666
f 1666/1666 1659/1659 1664/1664
f 1663/1663 1664/1664 1659/1659
f 1667/1667 1668/1668 1669/1669
f 1667/1667 1670/1670 1671/1671
f 1670/1670 1667/1667 1669/1669
f 1669/1669 1672/1672 1670/1670
f 1672/1672 1673/1673 1670/1670
f 1674/1674 1672/1672 1669/1669
f 1675/1675 1676/1676 1677/1677
f 1675/1675 1678/1678 1679/1679
f 1680/1680 1675/1675 1677/1677
f 1675/1675 1680/1680 1678/1678
f 1680/1680 1681/1681 1678/1678
f 1682/1682 1680/1680 1677/1677
f 1683/1683 1684/1684 1685/1685
f 1685/1685 1684/1684 1686/1686
f 1683/1683 1685/1685 1687/1687
f 1688/1688 1683/1683 1689/1689
f 1689/1689 1690/1690 1688/1688
f 1689/1689 1691/1691 1690/1690
f 1684/1684 1683/1683 1688/1688
f 1692/1692 1693/1693 1694/1694
f 1695/1695 1696/1696 1692/1692
f 1697/1697 1696/1696 1698/1698
f 1696/1696 1699/1699 1698/1698
f 1694/1694 1695/1695 1692/1692
f 1700/1700 1695/1695 1701/1701
f 1699/1699 1695/1695 1700/1700
f 1702/1702 1699/1699 1703/1703
f 1700/1700 1703/1703 1699/1699
f 1696/1696 1695/1695 1699/1699
f 1704/1704 1705/1705 1706/1706
f 1706/1706 1707/1707 1704/1704
f 1707/1707 1706/1706 1708/1708
f 1709/1709 1708/1708 1710/1710
f 1711/1711 1712/1712 1709/1709
f 1708/1708 1709/1709 1712/1712
f 1707/1707 1708/1708 1712/1712
f 1713/1713 1714/1714 1715/1715
f 1713/1713 1716/1716 1717/1717
f 1718/1718 1713/1713 1715/1715
f 1713/1713 1718/1718 1716/1716
f 1718/1718 1719/1719 1716/1716
f 1720/1720 1718/1718 1715/1715
f 1721/1721 1722/1722 1723/1723
f 1723/1723 1724/1724 1721/1721
f 1724/1724 1723/1723 1725/1725
f 1726/1726 1725/1725 1727/1727
f 1728/1728 1729/1729 1726/1726
f 1725/1725 1726/1726 1729/1729
f 1724/1724 1725/1725 1729/1729
f 1730/1730 1731/1731 1732/1732
f 1733/1733 1734/1734 1731/1731
f 1734/1734 1735/1735 1731/1731
f 1736/1736 1737/1737 1738/1738
f 1739/1739 1738/1738 1737/1737
f 1738/1738 1740/1740 1741/1741
f 1739/1739 1740/1740 1738/1738
f 1742/1742 1743/1743 1744/1744
f 1742/1742 1745/1745 1746/1746
f 1747/1747 1742/1742 1744/1744
f 1747/1747 1748/1748 1742/1742
f 1748/1748 1745/1745 1742/1742
f 1747/1747 1749/1749 1748/1748
f 1750/1750 1747/1747 1744/1744
f 1751/1751 1752/1752 1753/1753
f 1752/1752 1751/1751 1754/1754
f 1755/1755 1754/1754 1751/1751
f 1754/1754 1756/1756 1757/1757
f 1756/1756 1758/1758 1757/1757
f 1755/1755 1756/1756 1754/1754
f 1759/1759 1760/1760 1761/1761
f 1762/1762 1763/1763 1764/1764
f 1765/1765 1766/1766 1763/1763
f 1766/1766 1767/1767 1768/1768
f 1765/1765 1767/1767 1766/1766
f 1766/1766 1764/1764 1763/1763
f 1764/1764 1769/1769 1762/1762
f 1770/1770 1771/1771 1764/1764
f 1772/1772 1773/1773 1774/1774
f 1774/1774 1771/1771 1775/1775
f 1771/1771 1770/1770 1775/1775
f 1764/1764 1766/1766 1770/1770
f 1776/1776 1772/1772 1777/1777
f 1778/1778 1772/1772 1774/1774
f 1779/1779 1776/1776 1777/1777
f 1778/1778 1777/1777 1772/1772
f 1780/1780 1779/1779 1777/1777
f 1781/1781 1782/1782 1779/1779
f 1779/1779 1780/1780 1781/1781
f 1783/1783 1780/1780 1784/1784
f 1785/1785 1786/1786 1787/1787
f 1788/1788 1786/1786 1785/1785
f 1787/1787 1783/1783 1784/1784
f 1778/1778 1774/1774 1775/1775
f 1781/1781 1780/1780 1789/1789
f 1789/1789 1780/1780 1783/1783
f 1783/1783 1790/1790 1789/1789
f 1786/1786 1783/1783 1787/1787
f 1791/1791 1788/1788 1792/1792
f 1793/1793 1790/1790 1783/1783
f 1759/1759 1794/1794 1795/1795
f 1790/1790 1796/1796 1795/1795
f 1797/1797 1794/1794 1759/1759
f 1798/1798 1759/1759 1796/1796
f 1795/1795 1796/1796 1759/1759
f 1796/1796 1790/1790 1793/1793
f 1799/1799 1786/1786 1788/1788
f 1788/1788 1791/1791 1799/1799
f 1800/1800 1791/1791 1801/1801
f 1799/1799 1802/1802 1803/1803
f 1804/1804 1803/1803 1802/1802
f 1791/1791 1802/1802 1799/1799
f 1759/1759 1798/1798 1805/1805
f 1804/1804 1805/1805 1806/1806
f 1806/1806 1805/1805 1798/1798
f 1807/1807 1808/1808 1809/1809
f 1761/1761 1797/1797 1759/1759
f 1808/1808 1807/1807 1810/1810
f 1759/1759 1805/1805 1811/1811
f 1805/1805 1804/1804 1802/1802
f 1809/1809 1797/1797 1761/1761
f 1791/1791 1792/1792 1801/1801
f 1812/1812 1761/1761 1760/1760
f 1761/1761 1813/1813 1807/1807
f 1809/1809 1761/1761 1807/1807
f 1761/1761 1812/1812 1814/1814
f 1760/1760 1811/1811 1812/1812
f 1811/1811 1760/1760 1759/1759
f 1813/1813 1761/1761 1815/1815
f 1816/1816 1817/1817 1810/1810
f 1807/1807 1813/1813 1816/1816
f 1818/1818 1815/1815 1819/1819
f 1815/1815 1818/1818 1813/1813
f 1820/1820 1821/1821 1817/1817
f 1814/1814 1815/1815 1761/1761
f 1810/1810 1817/1817 1822/1822
f 1823/1823 1824/1824 1825/1825
f 1815/1815 1823/1823 1825/1825
f 1826/1826 1827/1827 1823/1823
f 1824/1824 1823/1823 1827/1827
f 1828/1828 1826/1826 1823/1823
f 1829/1829 1830/1830 1828/1828
f 1831/1831 1826/1826 1832/1832
f 1821/1821 1820/1820 1831/1831
f 1833/1833 1834/1834 1828/1828
f 1829/1829 1828/1828 1834/1834
f 1830/1830 1826/1826 1828/1828
f 1815/1815 1825/1825 1819/1819
f 1832/1832 1826/1826 1830/1830
f 1835/1835 1836/1836 1822/1822
f 1835/1835 1817/1817 1821/1821
f 1835/1835 1822/1822 1817/1817
f 1837/1837 1822/1822 1836/1836
f 1836/1836 1835/1835 1838/1838
f 1821/1821 1831/1831 1832/1832
f 1839/1839 1836/1836 1838/1838
f 1840/1840 1841/1841 1842/1842
f 1843/1843 1842/1842 1841/1841
f 1844/1844 1845/1845 1841/1841
f 1842/1842 1839/1839 1838/1838
f 1838/1838 1840/1840 1842/1842
f 1845/1845 1844/1844 1846/1846
f 1840/1840 1844/1844 1841/1841
f 1847/1847 1845/1845 1846/1846
f 1848/1848 1847/1847 1849/1849
f 1847/1847 1846/1846 1849/1849
f 1850/1850 1851/1851 1849/1849
f 1851/1851 1850/1850 1852/1852
f 1849/1849 1851/1851 1848/1848
f 1850/1850 1853/1853 1854/1854
f 1854/1854 1855/1855 1850/1850
f 1850/1850 1855/1855 1852/1852
f 1850/1850 1856/1856 1853/1853
f 1816/1816 1810/1810 1807/1807
f 1857/1857 1858/1858 1859/1859
f 1857/1857 1860/1860 1861/1861
f 1862/1862 1858/1858 1861/1861
f 1857/1857 1861/1861 1858/1858
f 1860/1860 1857/1857 1863/1863
f 1864/1864 1865/1865 1866/1866
f 1867/1867 1865/1865 1864/1864
f 1867/1867 1860/1860 1863/1863
f 1864/1864 1868/1868 1867/1867
f 1865/1865 1867/1867 1863/1863
f 1869/1869 1870/1870 1871/1871
f 1872/1872 1873/1873 1869/1869
f 1871/1871 1874/1874 1869/1869
f 1874/1874 1872/1872 1869/1869
f 1875/1875 1876/1876 1877/1877
f 1875/1875 1877/1877 1878/1878
f 1879/1879 1872/1872 1875/1875
f 1876/1876 1875/1875 1872/1872
f 1874/1874 1876/1876 1872/1872
f 1880/1880 1881/1881 1882/1882
f 1880/1880 1883/1883 1884/1884
f 1885/1885 1880/1880 1882/1882
f 1880/1880 1885/1885 1883/1883
f 1885/1885 1886/1886 1883/1883
f 1887/1887 1885/1885 1882/1882
f 1888/1888 1889/1889 1890/1890
f 1888/1888 1891/1891 1892/1892
f 1891/1891 1888/1888 1890/1890
f 1891/1891 1893/1893 1894/1894
f 1895/1895 1893/1893 1890/1890
f 1896/1896 1897/1897 1898/1898
f 1896/1896 1899/1899 1900/1900
f 1901/1901 1897/1897 1900/1900
f 1896/1896 1900/1900 1897/1897
f 1899/1899 1896/1896 1902/1902
f 1903/1903 1904/1904 1905/1905
f 1906/1906 1904/1904 1903/1903
f 1906/1906 1899/1899 1902/1902
f 1903/1903 1907/1907 1906/1906
f 1904/1904 1906/1906 1902/1902
f 1908/1908 1909/1909 1910/1910
f 1908/1908 1910/1910 1911/1911
f 1912/1912 1913/1913 1908/1908
f 1914/1914 1915/1915 1908/1908
f 1912/1912 1908/1908 1916/1916
f 1914/1914 1908/1908 1911/1911
f 1916/1916 1915/1915 1917/1917
f 1916/1916 1918/1918 1919/1919
f 1916/1916 1917/1917 1918/1918
f 1912/1912 1916/1916 1920/1920
f 1921/1921 1916/1916 1919/1919
f 1920/1920 1916/1916 1922/1922
f 1915/1915 1916/1916 1908/1908
f 1923/1923 1924/1924 1925/1925
f 1923/1923 1925/1925 1926/1926
f 1927/1927 1926/1926 1925/1925
f 1927/1927 1925/1925 1928/1928
f 1929/1929 1930/1930 1928/1928
f 1931/1931 1932/1932 1929/1929
f 1933/1933 1930/1930 1932/1932
f 1929/1929 1932/1932 1930/1930
f 1927/1927 1928/1928 1930/1930
f 1934/1934 1935/1935 1936/1936
f 1934/1934 1937/1937 1938/1938
f 1937/1937 1934/1934 1936/1936
f 1936/1936 1939/1939 1937/1937
f 1939/1939 1940/1940 1937/1937
f 1941/1941 1942/1942 1943/1943
f 1943/1943 1942/1942 1944/1944
f 1945/1945 1943/1943 1946/1946
f 1941/1941 1945/1945 1947/1947
f 1941/1941 1948/1948 1942/1942
f 1945/1945 1941/1941 1943/1943
f 1949/1949 1950/1950 1951/1951
f 1949/1949 1951/1951 1952/1952
f 1953/1953 1949/1949 1954/1954
f 1949/1949 1955/1955 1954/1954
f 1955/1955 1949/1949 1952/1952
f 1956/1956 1955/1955 1957/1957
f 1956/1956 1957/1957 1958/1958
f 1958/1958 1959/1959 1956/1956
f 1956/1956 1960/1960 1954/1954
f 1955/1955 1956/1956 1954/1954
f 1961/1961 1962/1962 1963/1963
f 1961/1961 1964/1964 1965/1965
f 1964/1964 1961/1961 1963/1963
f 1963/1963 1966/1966 1964/1964
f 1966/1966 1967/1967 1964/1964
f 1968/1968 1966/1966 1963/1963
f 1969/1969 1970/1970 1971/1971
f 1972/1972 1973/1973 1970/1970
f 1971/1971 1970/1970 1973/1973
f 1969/1969 1971/1971 1974/1974
f 1975/1975 1969/1969 1976/1976
f 1977/1977 1978/1978 1975/1975
f 1969/1969 1975/1975 1978/1978
f 1970/1970 1969/1969 1978/1978
f 1979/1979 1980/1980 1981/1981
f 1979/1979 1981/1981 1982/1982
f 1983/1983 1982/1982 1981/1981
f 1983/1983 1981/1981 1984/1984
f 1985/1985 1986/1986 1987/1987
f 1988/1988 1984/1984 1981/1981
f 1989/1989 1985/1985 1988/1988
f 1989/1989 1986/1986 1985/1985
f 1989/1989 1988/1988 1981/1981
f 1990/1990 1991/1991 1992/1992
f 1990/1990 1992/1992 1993/1993
f 1994/1994 1993/1993 1992/1992
f 1994/1994 1992/1992 1995/1995
f 1996/1996 1997/1997 1987/1987
f 1987/1987 1986/1986 1996/1996
f 1998/1998 1997/1997 1996/1996
f 1992/1992 1999/1999 1995/1995
f 1998/1998 1999/1999 1997/1997
f 1997/1997 1999/1999 1992/1992
f 1986/1986 1989/1989 2000/2000
f 2001/2001 2002/2002 2003/2003
f 2004/2004 2005/2005 2006/2006
f 2003/2003 2002/2002 2004/2004
f 2002/2002 2005/2005 2004/2004
f 2007/2007 2003/2003 2008/2008
f 2009/2009 2001/2001 2003/2003
f 2002/2002 2010/2010 2011/2011
f 2010/2010 2002/2002 2001/2001
f 2003/2003 2007/2007 2009/2009
f 2012/2012 2013/2013 2014/2014
f 2013/2013 2012/2012 2015/2015
f 2012/2012 2016/2016 2000/2000
f 1986/1986 2000/2000 2016/2016
f 2017/2017 2012/2012 2014/2014
f 2016/2016 2018/2018 2019/2019
f 2016/2016 2020/2020 2018/2018
f 2020/2020 2016/2016 2012/2012
f 2005/2005 2016/2016 2019/2019
f 2017/2017 2020/2020 2012/2012
f 2005/2005 2019/2019 2006/2006
f 2021/2021 2022/2022 2023/2023
f 2022/2022 2024/2024 2025/2025
f 2023/2023 2022/2022 2025/2025
f 2021/2021 2023/2023 2026/2026
f 2027/2027 2028/2028 2029/2029
f 2027/2027 2021/2021 2030/2030
f 2026/2026 2030/2030 2021/2021
f 2029/2029 2021/2021 2027/2027
f 2031/2031 2032/2032 2033/2033
f 2034/2034 2035/2035 2036/2036
f 2036/2036 2031/2031 2034/2034
f 2033/2033 2034/2034 2031/2031
f 2037/2037 2038/2038 2039/2039
f 2040/2040 2037/2037 2039/2039
f 2041/2041 2037/2037 2042/2042
f 2037/2037 2041/2041 2038/2038
f 2043/2043 2044/2044 2045/2045
f 2045/2045 2046/2046 2043/2043
f 2047/2047 2046/2046 2048/2048
f 2048/2048 2041/2041 2047/2047
f 2049/2049 2050/2050 2051/2051
f 2049/2049 2052/2052 2053/2053
f 2053/2053 2050/2050 2049/2049
f 2054/2054 2040/2040 2039/2039
f 2037/2037 2040/2040 2042/2042
f 2055/2055 2052/2052 2049/2049
f 2040/2040 2054/2054 2049/2049
f 2051/2051 2040/2040 2049/2049
f 2040/2040 2051/2051 2042/2042
f 2054/2054 2056/2056 2049/2049
f 2045/2045 2057/2057 2046/2046
f 2048/2048 2057/2057 2058/2058
f 2059/2059 2058/2058 2057/2057
f 2048/2048 2038/2038 2041/2041
f 2058/2058 2060/2060 2048/2048
f 2046/2046 2057/2057 2048/2048
f 2061/2061 2062/2062 2059/2059
f 2061/2061 2059/2059 2063/2063
f 2061/2061 2064/2064 2065/2065
f 2066/2066 2067/2067 2068/2068
f 2067/2067 2066/2066 2069/2069
f 2039/2039 2038/2038 2060/2060
f 2069/2069 2065/2065 2064/2064
f 2070/2070 2071/2071 2067/2067
f 2065/2065 2069/2069 2066/2066
f 2072/2072 2073/2073 2070/2070
f 2073/2073 2072/2072 2074/2074
f 2038/2038 2048/2048 2060/2060
f 2056/2056 2054/2054 2075/2075
f 2076/2076 2077/2077 2078/2078
f 2079/2079 2078/2078 2077/2077
f 2080/2080 2081/2081 2076/2076
f 2082/2082 2083/2083 2081/2081
f 2081/2081 2084/2084 2082/2082
f 2084/2084 2081/2081 2080/2080
f 2077/2077 2085/2085 2079/2079
f 2086/2086 2087/2087 2088/2088
f 2089/2089 2086/2086 2090/2090
f 2077/2077 2091/2091 2085/2085
f 2092/2092 2090/2090 2093/2093
f 2093/2093 2090/2090 2094/2094
f 2089/2089 2090/2090 2092/2092
f 2088/2088 2087/2087 2091/2091
f 2081/2081 2077/2077 2076/2076
f 2088/2088 2077/2077 2095/2095
f 2088/2088 2090/2090 2086/2086
f 2096/2096 2088/2088 2095/2095
f 2077/2077 2088/2088 2091/2091
f 2097/2097 2098/2098 2099/2099
f 2100/2100 2075/2075 2068/2068
f 2098/2098 2101/2101 2102/2102
f 2102/2102 2096/2096 2095/2095
f 2055/2055 2049/2049 2056/2056
f 2102/2102 2101/2101 2096/2096
f 2099/2099 2055/2055 2097/2097
f 2097/2097 2101/2101 2098/2098
f 2100/2100 2056/2056 2075/2075
f 2067/2067 2071/2071 2068/2068
f 2071/2071 2100/2100 2068/2068
f 2055/2055 2099/2099 2052/2052
f 2071/2071 2070/2070 2073/2073
f 2103/2103 2064/2064 2061/2061
f 2104/2104 2105/2105 2063/2063
f 2104/2104 2106/2106 2107/2107
f 2106/2106 2104/2104 2108/2108
f 2107/2107 2105/2105 2104/2104
f 2109/2109 2110/2110 2108/2108
f 2111/2111 2112/2112 2113/2113
f 2111/2111 2109/2109 2108/2108
f 2106/2106 2108/2108 2110/2110
f 2107/2107 2106/2106 2114/2114
f 2063/2063 2105/2105 2103/2103
f 2109/2109 2115/2115 2116/2116
f 2112/2112 2117/2117 2118/2118
f 2119/2119 2120/2120 2121/2121
f 2121/2121 2112/2112 2119/2119
f 2113/2113 2115/2115 2111/2111
f 2120/2120 2119/2119 2122/2122
f 2123/2123 2124/2124 2125/2125
f 2126/2126 2127/2127 2128/2128
f 2123/2123 2127/2127 2129/2129
f 2129/2129 2124/2124 2123/2123
f 2130/2130 2128/2128 2131/2131
f 2126/2126 2128/2128 2130/2130
f 2130/2130 2132/2132 2126/2126
f 2133/2133 2122/2122 2134/2134
f 2135/2135 2134/2134 2122/2122
f 2136/2136 2122/2122 2137/2137
f 2137/2137 2122/2122 2133/2133
f 2122/2122 2138/2138 2135/2135
f 2125/2125 2124/2124 2138/2138
f 2138/2138 2122/2122 2125/2125
f 2119/2119 2125/2125 2122/2122
f 2121/2121 2117/2117 2112/2112
f 2139/2139 2140/2140 2114/2114
f 2114/2114 2140/2140 2107/2107
f 2074/2074 2141/2141 2139/2139
f 2140/2140 2139/2139 2141/2141
f 2142/2142 2143/2143 2116/2116
f 2143/2143 2142/2142 2144/2144
f 2109/2109 2116/2116 2143/2143
f 2073/2073 2145/2145 2146/2146
f 2147/2147 2146/2146 2148/2148
f 2145/2145 2148/2148 2146/2146
f 2074/2074 2145/2145 2073/2073
f 2149/2149 2147/2147 2150/2150
f 2142/2142 2147/2147 2144/2144
f 2151/2151 2149/2149 2152/2152
f 2150/2150 2152/2152 2149/2149
f 2146/2146 2147/2147 2149/2149
f 2144/2144 2147/2147 2148/2148
f 2072/2072 2141/2141 2074/2074
f 2117/2117 2153/2153 2118/2118
f 2118/2118 2153/2153 2154/2154
f 2155/2155 2156/2156 2157/2157
f 2155/2155 2136/2136 2158/2158
f 2158/2158 2156/2156 2155/2155
f 2136/2136 2137/2137 2158/2158
f 2154/2154 2153/2153 2151/2151
f 2159/2159 2160/2160 2151/2151
f 2149/2149 2151/2151 2161/2161
f 2151/2151 2162/2162 2161/2161
f 2160/2160 2159/2159 2157/2157
f 2162/2162 2163/2163 2161/2161
f 2163/2163 2164/2164 2161/2161
f 2160/2160 2162/2162 2151/2151
f 2160/2160 2157/2157 2156/2156
f 2152/2152 2154/2154 2151/2151
f 2063/2063 2103/2103 2061/2061
f 2165/2165 2166/2166 2167/2167
f 2168/2168 2169/2169 2167/2167
f 2170/2170 2171/2171 2166/2166
f 2169/2169 2172/2172 2167/2167
f 2173/2173 2169/2169 2168/2168
f 2174/2174 2173/2173 2168/2168
f 2174/2174 2175/2175 2173/2173
f 2173/2173 2175/2175 2176/2176
f 2177/2177 2173/2173 2178/2178
f 2171/2171 2170/2170 2179/2179
f 2167/2167 2172/2172 2165/2165
f 2165/2165 2170/2170 2166/2166
f 2177/2177 2180/2180 2169/2169
f 2173/2173 2181/2181 2178/2178
f 2169/2169 2173/2173 2177/2177
f 2180/2180 2172/2172 2169/2169
f 2176/2176 2182/2182 2173/2173
f 2183/2183 2182/2182 2184/2184
f 2185/2185 2173/2173 2183/2183
f 2183/2183 2173/2173 2182/2182
f 2183/2183 2184/2184 2186/2186
f 2187/2187 2188/2188 2189/2189
f 2189/2189 2188/2188 2186/2186
f 2184/2184 2189/2189 2186/2186
f 2190/2190 2187/2187 2191/2191
f 2192/2192 2183/2183 2186/2186
f 2193/2193 2185/2185 2183/2183
f 2194/2194 2192/2192 2186/2186
f 2193/2193 2183/2183 2192/2192
f 2195/2195 2188/2188 2190/2190
f 2187/2187 2190/2190 2188/2188
f 2190/2190 2196/2196 2195/2195
f 2194/2194 2188/2188 2195/2195
f 2188/2188 2194/2194 2186/2186
f 2173/2173 2185/2185 2181/2181
f 2197/2197 2198/2198 2199/2199
f 2198/2198 2197/2197 2200/2200
f 2201/2201 2200/2200 2197/2197
f 2200/2200 2202/2202 2203/2203
f 2202/2202 2204/2204 2203/2203
f 2201/2201 2202/2202 2200/2200
f 2205/2205 2206/2206 2207/2207
f 2208/2208 2209/2209 2205/2205
f 2210/2210 2211/2211 2212/2212
f 2213/2213 2212/2212 2211/2211
f 2214/2214 2215/2215 2216/2216
f 2217/2217 2216/2216 2215/2215
f 2216/2216 2218/2218 2214/2214
f 2219/2219 2220/2220 2221/2221
f 2215/2215 2219/2219 2217/2217
f 2221/2221 2217/2217 2219/2219
f 2222/2222 2223/2223 2224/2224
f 2225/2225 2226/2226 2227/2227
f 2228/2228 2227/2227 2229/2229
f 2222/2222 2226/2226 2230/2230
f 2231/2231 2232/2232 2233/2233
f 2233/2233 2234/2234 2231/2231
f 2235/2235 2232/2232 2231/2231
f 2231/2231 2236/2236 2235/2235
f 2237/2237 2235/2235 2236/2236
f 2238/2238 2235/2235 2239/2239
f 2237/2237 2239/2239 2235/2235
f 2240/2240 2238/2238 2239/2239
f 2241/2241 2238/2238 2242/2242
f 2240/2240 2242/2242 2238/2238
f 2243/2243 2244/2244 2241/2241
f 2238/2238 2241/2241 2244/2244
f 2245/2245 2244/2244 2243/2243
f 2246/2246 2244/2244 2247/2247
f 2245/2245 2247/2247 2244/2244
f 2246/2246 2248/2248 2249/2249
f 2247/2247 2248/2248 2246/2246
f 2250/2250 2251/2251 2252/2252
f 2253/2253 2254/2254 2255/2255
f 2253/2253 2256/2256 2254/2254
f 2255/2255 2251/2251 2253/2253
f 2253/2253 2257/2257 2256/2256
f 2258/2258 2253/2253 2250/2250
f 2259/2259 2260/2260 2257/2257
f 2257/2257 2260/2260 2256/2256
f 2261/2261 2259/2259 2257/2257
f 2257/2257 2262/2262 2263/2263
f 2250/2250 2253/2253 2251/2251
f 2264/2264 2265/2265 2261/2261
f 2266/2266 2267/2267 2268/2268
f 2268/2268 2267/2267 2269/2269
f 2266/2266 2265/2265 2264/2264
f 2270/2270 2271/2271 2272/2272
f 2272/2272 2269/2269 2270/2270
f 2273/2273 2274/2274 2271/2271
f 2274/2274 2273/2273 2275/2275
f 2275/2275 2276/2276 2277/2277
f 2267/2267 2266/2266 2264/2264
f 2264/2264 2261/2261 2257/2257
f 2264/2264 2278/2278 2279/2279
f 2258/2258 2280/2280 2253/2253
f 2281/2281 2262/2262 2253/2253
f 2280/2280 2281/2281 2253/2253
f 2282/2282 2278/2278 2257/2257
f 2279/2279 2283/2283 2264/2264
f 2264/2264 2283/2283 2267/2267
f 2263/2263 2282/2282 2257/2257
f 2267/2267 2284/2284 2270/2270
f 2283/2283 2285/2285 2267/2267
f 2271/2271 2270/2270 2273/2273
f 2270/2270 2286/2286 2273/2273
f 2273/2273 2287/2287 2276/2276
f 2275/2275 2273/2273 2276/2276
f 2269/2269 2267/2267 2270/2270
f 2270/2270 2284/2284 2288/2288
f 2276/2276 2287/2287 2289/2289
f 2273/2273 2286/2286 2290/2290
f 2291/2291 2258/2258 2250/2250
f 2292/2292 2293/2293 2294/2294
f 2295/2295 2294/2294 2293/2293
f 2296/2296 2297/2297 2292/2292
f 2294/2294 2296/2296 2292/2292
f 2298/2298 2299/2299 2300/2300
f 2294/2294 2298/2298 2301/2301
f 2300/2300 2301/2301 2298/2298
f 2295/2295 2298/2298 2294/2294
f 2302/2302 2303/2303 2304/2304
f 2305/2305 2302/2302 2306/2306
f 2306/2306 2307/2307 2305/2305
f 2308/2308 2309/2309 2310/2310
f 2311/2311 2312/2312 2313/2313
f 2314/2314 2312/2312 2311/2311
f 2315/2315 2314/2314 2316/2316
f 2311/2311 2316/2316 2314/2314
f 2316/2316 2317/2317 2315/2315
f 2318/2318 2319/2319 2320/2320
f 2321/2321 2322/2322 2323/2323
f 2324/2324 2323/2323 2325/2325
f 2326/2326 2319/2319 2322/2322
f 2327/2327 2328/2328 2329/2329
f 2330/2330 2328/2328 2331/2331
f 2331/2331 2328/2328 2327/2327
f 2332/2332 2333/2333 2334/2334
f 2333/2333 2335/2335 2328/2328
f 2329/2329 2328/2328 2335/2335
f 2332/2332 2335/2335 2333/2333
f 2330/2330 2331/2331 2336/2336
f 2337/2337 2338/2338 2339/2339
f 2337/2337 2340/2340 2341/2341
f 2341/2341 2338/2338 2337/2337
f 2342/2342 2330/2330 2343/2343
f 2336/2336 2343/2343 2330/2330
f 2338/2338 2342/2342 2344/2344
f 2339/2339 2338/2338 2344/2344
f 2330/2330 2342/2342 2338/2338
f 2345/2345 2346/2346 2347/2347
f 2348/2348 2347/2347 2349/2349
f 2345/2345 2347/2347 2348/2348
f 2350/2350 2351/2351 2352/2352
f 2352/2352 2351/2351 2353/2353
f 2348/2348 2354/2354 2352/2352
f 2355/2355 2352/2352 2353/2353
f 2356/2356 2357/2357 2346/2346
f 2358/2358 2359/2359 2360/2360
f 2359/2359 2358/2358 2349/2349
f 2361/2361 2358/2358 2360/2360
f 2352/2352 2362/2362 2350/2350
f 2354/2354 2362/2362 2352/2352
f 2354/2354 2349/2349 2358/2358
f 2349/2349 2354/2354 2348/2348
f 2363/2363 2356/2356 2364/2364
f 2365/2365 2366/2366 2367/2367
f 2365/2365 2368/2368 2369/2369
f 2369/2369 2366/2366 2365/2365
f 2365/2365 2370/2370 2371/2371
f 2365/2365 2372/2372 2373/2373
f 2372/2372 2365/2365 2367/2367
f 2373/2373 2374/2374 2365/2365
f 2368/2368 2365/2365 2352/2352
f 2375/2375 2368/2368 2352/2352
f 2365/2365 2374/2374 2376/2376
f 2365/2365 2377/2377 2378/2378
f 2371/2371 2370/2370 2379/2379
f 2365/2365 2378/2378 2370/2370
f 2365/2365 2376/2376 2377/2377
f 2375/2375 2352/2352 2355/2355
f 2379/2379 2380/2380 2371/2371
f 2364/2364 2381/2381 2363/2363
f 2382/2382 2383/2383 2384/2384
f 2381/2381 2364/2364 2384/2384
f 2356/2356 2385/2385 2357/2357
f 2386/2386 2385/2385 2356/2356
f 2356/2356 2363/2363 2386/2386
f 2387/2387 2388/2388 2382/2382
f 2383/2383 2382/2382 2388/2388
f 2388/2388 2387/2387 2389/2389
f 2390/2390 2391/2391 2392/2392
f 2393/2393 2392/2392 2394/2394
f 2392/2392 2391/2391 2395/2395
f 2384/2384 2364/2364 2382/2382
f 2396/2396 2397/2397 2394/2394
f 2398/2398 2399/2399 2400/2400
f 2398/2398 2401/2401 2399/2399
f 2371/2371 2402/2402 2403/2403
f 2403/2403 2404/2404 2405/2405
f 2403/2403 2402/2402 2404/2404
f 2405/2405 2401/2401 2398/2398
f 2397/2397 2406/2406 2393/2393
f 2390/2390 2392/2392 2393/2393
f 2397/2397 2393/2393 2394/2394
f 2407/2407 2406/2406 2397/2397
f 2408/2408 2409/2409 2407/2407
f 2406/2406 2407/2407 2409/2409
f 2408/2408 2398/2398 2400/2400
f 2398/2398 2403/2403 2405/2405
f 2408/2408 2400/2400 2409/2409
f 2380/2380 2402/2402 2371/2371
f 2346/2346 2357/2357 2347/2347
f 2410/2410 2411/2411 2412/2412
f 2411/2411 2413/2413 2414/2414
f 2414/2414 2413/2413 2415/2415
f 2410/2410 2412/2412 2416/2416
f 2417/2417 2418/2418 2419/2419
f 2416/2416 2420/2420 2417/2417
f 2421/2421 2414/2414 2415/2415
f 2422/2422 2423/2423 2424/2424
f 2422/2422 2425/2425 2426/2426
f 2427/2427 2426/2426 2425/2425
f 2426/2426 2423/2423 2422/2422
f 2424/2424 2423/2423 2414/2414
f 2412/2412 2411/2411 2414/2414
f 2421/2421 2424/2424 2414/2414
f 2428/2428 2419/2419 2418/2418
f 2429/2429 2430/2430 2431/2431
f 2432/2432 2433/2433 2434/2434
f 2431/2431 2435/2435 2432/2432
f 2433/2433 2436/2436 2437/2437
f 2433/2433 2437/2437 2434/2434
f 2438/2438 2436/2436 2433/2433
f 2439/2439 2438/2438 2433/2433
f 2440/2440 2441/2441 2429/2429
f 2433/2433 2442/2442 2439/2439
f 2443/2443 2439/2439 2442/2442
f 2444/2444 2445/2445 2442/2442
f 2443/2443 2442/2442 2445/2445
f 2446/2446 2445/2445 2444/2444
f 2447/2447 2448/2448 2449/2449
f 2450/2450 2449/2449 2448/2448
f 2449/2449 2450/2450 2451/2451
f 2452/2452 2449/2449 2451/2451
f 2453/2453 2454/2454 2426/2426
f 2426/2426 2455/2455 2447/2447
f 2448/2448 2447/2447 2455/2455
f 2455/2455 2426/2426 2454/2454
f 2456/2456 2452/2452 2457/2457
f 2458/2458 2459/2459 2456/2456
f 2460/2460 2461/2461 2458/2458
f 2451/2451 2462/2462 2452/2452
f 2452/2452 2462/2462 2457/2457
f 2459/2459 2452/2452 2456/2456
f 2461/2461 2459/2459 2458/2458
f 2461/2461 2460/2460 2463/2463
f 2464/2464 2465/2465 2446/2446
f 2466/2466 2467/2467 2464/2464
f 2465/2465 2464/2464 2467/2467
f 2446/2446 2444/2444 2464/2464
f 2468/2468 2466/2466 2464/2464
f 2469/2469 2470/2470 2471/2471
f 2464/2464 2470/2470 2468/2468
f 2472/2472 2469/2469 2471/2471
f 2464/2464 2471/2471 2470/2470
f 2472/2472 2473/2473 2474/2474
f 2469/2469 2472/2472 2474/2474
f 2475/2475 2476/2476 2472/2472
f 2477/2477 2478/2478 2475/2475
f 2479/2479 2473/2473 2472/2472
f 2472/2472 2476/2476 2479/2479
f 2476/2476 2475/2475 2480/2480
f 2480/2480 2475/2475 2478/2478
f 2426/2426 2427/2427 2453/2453
f 2481/2481 2482/2482 2483/2483
f 2484/2484 2485/2485 2483/2483
f 2486/2486 2481/2481 2483/2483
f 2487/2487 2485/2485 2488/2488
f 2489/2489 2490/2490 2491/2491
f 2487/2487 2488/2488 2491/2491
f 2484/2484 2488/2488 2485/2485
f 2485/2485 2486/2486 2483/2483
f 2492/2492 2493/2493 2485/2485
f 2493/2493 2486/2486 2485/2485
f 2481/2481 2486/2486 2494/2494
f 2495/2495 2487/2487 2490/2490
f 2491/2491 2490/2490 2487/2487
f 2490/2490 2496/2496 2495/2495
f 2496/2496 2490/2490 2497/2497
f 2492/2492 2487/2487 2495/2495
f 2487/2487 2492/2492 2485/2485
f 2490/2490 2489/2489 2498/2498
f 2499/2499 2498/2498 2500/2500
f 2501/2501 2502/2502 2499/2499
f 2500/2500 2501/2501 2499/2499
f 2490/2490 2499/2499 2497/2497
f 2503/2503 2502/2502 2501/2501
f 2504/2504 2505/2505 2506/2506
f 2506/2506 2502/2502 2503/2503
f 2507/2507 2505/2505 2504/2504
f 2508/2508 2509/2509 2502/2502
f 2499/2499 2509/2509 2510/2510
f 2510/2510 2497/2497 2499/2499
f 2509/2509 2499/2499 2502/2502
f 2511/2511 2505/2505 2512/2512
f 2507/2507 2512/2512 2505/2505
f 2505/2505 2511/2511 2508/2508
f 2502/2502 2505/2505 2508/2508
f 2505/2505 2502/2502 2506/2506
f 2498/2498 2499/2499 2490/2490
f 2513/2513 2514/2514 2515/2515
f 2516/2516 2517/2517 2518/2518
f 2514/2514 2513/2513 2518/2518
f 2513/2513 2516/2516 2518/2518
f 2519/2519 2520/2520 2521/2521
f 2522/2522 2516/2516 2519/2519
f 2520/2520 2519/2519 2516/2516
f 2513/2513 2520/2520 2516/2516
f 2523/2523 2524/2524 2525/2525
f 2526/2526 2524/2524 2523/2523
f 2527/2527 2526/2526 2528/2528
f 2523/2523 2528/2528 2526/2526
f 2528/2528 2529/2529 2527/2527
f 2530/2530 2531/2531 2532/2532
f 2533/2533 2534/2534 2535/2535
f 2536/2536 2535/2535 2534/2534
f 2537/2537 2534/2534 2533/2533
f 2536/2536 2538/2538 2539/2539
f 2540/2540 2539/2539 2538/2538
f 2534/2534 2538/2538 2536/2536
f 2541/2541 2542/2542 2537/2537
f 2543/2543 2541/2541 2537/2537
f 2543/2543 2537/2537 2544/2544
f 2544/2544 2537/2537 2533/2533
f 2533/2533 2545/2545 2546/2546
f 2546/2546 2544/2544 2533/2533
f 2531/2531 2547/2547 2548/2548
f 2530/2530 2549/2549 2547/2547
f 2547/2547 2531/2531 2530/2530
f 2530/2530 2550/2550 2551/2551
f 2552/2552 2553/2553 2551/2551
f 2530/2530 2554/2554 2538/2538
f 2531/2531 2548/2548 2532/2532
f 2551/2551 2554/2554 2530/2530
f 2555/2555 2556/2556 2557/2557
f 2558/2558 2554/2554 2551/2551
f 2553/2553 2558/2558 2551/2551
f 2555/2555 2558/2558 2553/2553
f 2540/2540 2538/2538 2554/2554
f 2556/2556 2545/2545 2557/2557
f 2530/2530 2538/2538 2549/2549
f 2553/2553 2559/2559 2555/2555
f 2560/2560 2561/2561 2562/2562
f 2560/2560 2563/2563 2564/2564
f 2563/2563 2565/2565 2566/2566
f 2563/2563 2566/2566 2567/2567
f 2565/2565 2568/2568 2569/2569
f 2561/2561 2560/2560 2570/2570
f 2570/2570 2560/2560 2571/2571
f 2560/2560 2572/2572 2571/2571
f 2572/2572 2560/2560 2564/2564
f 2564/2564 2563/2563 2567/2567
f 2573/2573 2568/2568 2574/2574
f 2575/2575 2576/2576 2577/2577
f 2577/2577 2559/2559 2575/2575
f 2545/2545 2556/2556 2546/2546
f 2578/2578 2575/2575 2559/2559
f 2555/2555 2577/2577 2556/2556
f 2555/2555 2559/2559 2577/2577
f 2579/2579 2576/2576 2575/2575
f 2565/2565 2569/2569 2566/2566
f 2574/2574 2580/2580 2573/2573
f 2568/2568 2573/2573 2569/2569
f 2581/2581 2573/2573 2580/2580
f 2579/2579 2580/2580 2576/2576
f 2574/2574 2576/2576 2580/2580
f 2582/2582 2583/2583 2584/2584
f 2585/2585 2586/2586 2584/2584
f 2587/2587 2584/2584 2583/2583
f 2582/2582 2584/2584 2586/2586
f 2585/2585 2588/2588 2586/2586
f 2589/2589 2590/2590 2591/2591
f 2592/2592 2593/2593 2589/2589
f 2594/2594 2595/2595 2587/2587
f 2587/2587 2583/2583 2596/2596
f 2594/2594 2592/2592 2595/2595
f 2583/2583 2597/2597 2596/2596
f 2598/2598 2588/2588 2585/2585
f 2599/2599 2600/2600 2601/2601
f 2602/2602 2600/2600 2599/2599
f 2603/2603 2600/2600 2604/2604
f 2602/2602 2604/2604 2600/2600
f 2605/2605 2603/2603 2604/2604
f 2606/2606 2586/2586 2588/2588
f 2607/2607 2598/2598 2608/2608
f 2588/2588 2598/2598 2607/2607
f 2608/2608 2603/2603 2607/2607
f 2600/2600 2603/2603 2608/2608
f 2603/2603 2605/2605 2609/2609
f 2610/2610 2611/2611 2612/2612
f 2613/2613 2614/2614 2610/2610
f 2590/2590 2611/2611 2610/2610
f 2614/2614 2615/2615 2610/2610
f 2616/2616 2612/2612 2611/2611
f 2551/2551 2550/2550 2552/2552
f 2530/2530 2532/2532 2617/2617
f 2532/2532 2548/2548 2618/2618
f 2619/2619 2620/2620 2618/2618
f 2612/2612 2619/2619 2618/2618
f 2532/2532 2618/2618 2620/2620
f 2619/2619 2612/2612 2616/2616
f 2550/2550 2530/2530 2617/2617
f 2591/2591 2610/2610 2615/2615
f 2610/2610 2591/2591 2590/2590
f 2594/2594 2587/2587 2621/2621
f 2593/2593 2590/2590 2589/2589
f 2622/2622 2623/2623 2594/2594
f 2594/2594 2593/2593 2592/2592
f 2621/2621 2622/2622 2594/2594
f 2617/2617 2532/2532 2624/2624
f 2625/2625 2532/2532 2626/2626
f 2532/2532 2620/2620 2626/2626
f 2626/2626 2622/2622 2625/2625
f 2623/2623 2622/2622 2627/2627
f 2624/2624 2532/2532 2625/2625
f 2622/2622 2626/2626 2627/2627
f 2587/2587 2596/2596 2621/2621
f 2628/2628 2629/2629 2630/2630
f 2631/2631 2628/2628 2630/2630
f 2628/2628 2632/2632 2633/2633
f 2628/2628 2631/2631 2632/2632
f 2631/2631 2630/2630 2634/2634
f 2635/2635 2636/2636 2637/2637
f 2638/2638 2636/2636 2635/2635
f 2636/2636 2638/2638 2634/2634
f 2635/2635 2639/2639 2640/2640
f 2640/2640 2638/2638 2635/2635
f 2630/2630 2636/2636 2634/2634
f 2641/2641 2642/2642 2643/2643
f 2644/2644 2645/2645 2646/2646
f 2644/2644 2643/2643 2645/2645
f 2642/2642 2641/2641 2647/2647
f 2643/2643 2642/2642 2645/2645
f 2648/2648 2649/2649 2645/2645
f 2642/2642 2648/2648 2645/2645
f 2650/2650 2649/2649 2648/2648
f 2651/2651 2642/2642 2647/2647
f 2652/2652 2653/2653 2654/2654
f 2649/2649 2653/2653 2652/2652
f 2655/2655 2652/2652 2654/2654
f 2656/2656 2652/2652 2655/2655
f 2650/2650 2653/2653 2649/2649
f 2657/2657 2656/2656 2658/2658
f 2659/2659 2656/2656 2657/2657
f 2652/2652 2660/2660 2661/2661
f 2656/2656 2660/2660 2652/2652
f 2662/2662 2656/2656 2659/2659
f 2658/2658 2656/2656 2655/2655
f 2661/2661 2663/2663 2664/2664
f 2663/2663 2665/2665 2664/2664
f 2664/2664 2666/2666 2661/2661
f 2665/2665 2663/2663 2667/2667
f 2666/2666 2668/2668 2661/2661
f 2669/2669 2667/2667 2670/2670
f 2671/2671 2667/2667 2669/2669
f 2672/2672 2667/2667 2673/2673
f 2671/2671 2673/2673 2667/2667
f 2665/2665 2667/2667 2672/2672
f 2674/2674 2668/2668 2675/2675
f 2666/2666 2675/2675 2668/2668
f 2676/2676 2677/2677 2674/2674
f 2668/2668 2674/2674 2677/2677
f 2678/2678 2676/2676 2674/2674
f 2679/2679 2680/2680 2678/2678
f 2681/2681 2678/2678 2680/2680
f 2682/2682 2678/2678 2683/2683
f 2681/2681 2683/2683 2678/2678
f 2676/2676 2678/2678 2682/2682
f 2660/2660 2663/2663 2661/2661
f 2684/2684 2685/2685 2686/2686
f 2684/2684 2687/2687 2688/2688
f 2687/2687 2684/2684 2686/2686
f 2686/2686 2689/2689 2687/2687
f 2689/2689 2690/2690 2687/2687
f 2691/2691 2689/2689 2686/2686
f 2692/2692 2693/2693 2694/2694
f 2695/2695 2692/2692 2696/2696
f 2697/2697 2695/2695 2696/2696
f 2693/2693 2692/2692 2695/2695
f 2698/2698 2697/2697 2699/2699
f 2700/2700 2698/2698 2699/2699
f 2695/2695 2697/2697 2698/2698
f 2701/2701 2700/2700 2702/2702
f 2698/2698 2700/2700 2701/2701
f 2703/2703 2704/2704 2705/2705
f 2705/2705 2706/2706 2707/2707
f 2708/2708 2709/2709 2710/2710
f 2711/2711 2712/2712 2713/2713
f 2713/2713 2709/2709 2708/2708
f 2714/2714 2715/2715 2711/2711
f 2709/2709 2716/2716 2710/2710
f 2709/2709 2713/2713 2712/2712
f 2712/2712 2711/2711 2715/2715
f 2717/2717 2715/2715 2718/2718
f 2714/2714 2718/2718 2715/2715
f 2719/2719 2717/2717 2720/2720
f 2721/2721 2717/2717 2722/2722
f 2717/2717 2719/2719 2722/2722
f 2717/2717 2721/2721 2723/2723
f 2717/2717 2723/2723 2724/2724
f 2725/2725 2724/2724 2723/2723
f 2725/2725 2726/2726 2724/2724
f 2727/2727 2726/2726 2728/2728
f 2726/2726 2725/2725 2728/2728
f 2729/2729 2726/2726 2727/2727
f 2718/2718 2720/2720 2717/2717
f 2730/2730 2731/2731 2732/2732
f 2733/2733 2734/2734 2735/2735
f 2736/2736 2732/2732 2735/2735
f 2737/2737 2738/2738 2733/2733
f 2739/2739 2730/2730 2732/2732
f 2736/2736 2739/2739 2732/2732
f 2734/2734 2736/2736 2735/2735
f 2734/2734 2733/2733 2738/2738
f 2738/2738 2737/2737 2740/2740
f 2741/2741 2742/2742 2743/2743
f 2729/2729 2744/2744 2726/2726
f 2744/2744 2745/2745 2726/2726
f 2746/2746 2743/2743 2747/2747
f 2748/2748 2742/2742 2749/2749
f 2742/2742 2748/2748 2740/2740
f 2741/2741 2743/2743 2750/2750
f 2742/2742 2741/2741 2749/2749
f 2750/2750 2743/2743 2746/2746
f 2746/2746 2747/2747 2751/2751
f 2737/2737 2742/2742 2740/2740
f 2752/2752 2753/2753 2745/2745
f 2754/2754 2752/2752 2755/2755
f 2756/2756 2757/2757 2754/2754
f 2753/2753 2752/2752 2754/2754
f 2757/2757 2758/2758 2759/2759
f 2760/2760 2761/2761 2762/2762
f 2763/2763 2764/2764 2761/2761
f 2762/2762 2759/2759 2765/2765
f 2755/2755 2766/2766 2754/2754
f 2757/2757 2756/2756 2767/2767
f 2757/2757 2768/2768 2758/2758
f 2767/2767 2768/2768 2757/2757
f 2759/2759 2758/2758 2769/2769
f 2765/2765 2760/2760 2762/2762
f 2765/2765 2759/2759 2769/2769
f 2760/2760 2763/2763 2761/2761
f 2763/2763 2770/2770 2764/2764
f 2764/2764 2770/2770 2771/2771
f 2772/2772 2771/2771 2770/2770
f 2766/2766 2756/2756 2754/2754
f 2773/2773 2774/2774 2775/2775
f 2776/2776 2777/2777 2778/2778
f 2779/2779 2780/2780 2777/2777
f 2747/2747 2774/2774 2781/2781
f 2782/2782 2773/2773 2775/2775
f 2781/2781 2774/2774 2783/2783
f 2781/2781 2751/2751 2747/2747
f 2784/2784 2774/2774 2785/2785
f 2774/2774 2784/2784 2783/2783
f 2785/2785 2774/2774 2773/2773
f 2782/2782 2775/2775 2780/2780
f 2786/2786 2787/2787 2778/2778
f 2788/2788 2777/2777 2776/2776
f 2788/2788 2779/2779 2777/2777
f 2787/2787 2776/2776 2778/2778
f 2780/2780 2789/2789 2790/2790
f 2790/2790 2782/2782 2780/2780
f 2780/2780 2791/2791 2792/2792
f 2792/2792 2789/2789 2780/2780
f 2780/2780 2779/2779 2791/2791
f 2772/2772 2786/2786 2778/2778
f 2772/2772 2778/2778 2771/2771
f 2753/2753 2726/2726 2745/2745
f 2793/2793 2794/2794 2795/2795
f 2796/2796 2797/2797 2794/2794
f 2795/2795 2794/2794 2797/2797
f 2798/2798 2797/2797 2796/2796
f 2799/2799 2795/2795 2800/2800
f 2795/2795 2799/2799 2801/2801
f 2802/2802 2803/2803 2800/2800
f 2795/2795 2804/2804 2793/2793
f 2804/2804 2795/2795 2801/2801
f 2799/2799 2800/2800 2805/2805
f 2806/2806 2807/2807 2808/2808
f 2809/2809 2806/2806 2810/2810
f 2808/2808 2810/2810 2806/2806
f 2811/2811 2807/2807 2806/2806
f 2812/2812 2813/2813 2797/2797
f 2797/2797 2811/2811 2806/2806
f 2797/2797 2813/2813 2811/2811
f 2814/2814 2812/2812 2797/2797
f 2814/2814 2797/2797 2798/2798
f 2815/2815 2816/2816 2817/2817
f 2818/2818 2819/2819 2816/2816
f 2820/2820 2816/2816 518/518
f 2815/2815 518/518 2816/2816
f 2821/2821 2816/2816 2820/2820
f 2822/2822 2823/2823 2818/2818
f 2817/2817 2816/2816 2819/2819
f 2819/2819 2818/2818 2823/2823
f 522/522 2822/2822 2818/2818
f 2802/2802 2824/2824 2803/2803
f 2824/2824 2802/2802 2825/2825
f 2800/2800 2826/2826 2805/2805
f 2826/2826 2800/2800 2803/2803
f 2827/2827 2825/2825 2802/2802
f 2827/2827 2828/2828 2829/2829
f 2827/2827 2830/2830 2825/2825
f 2830/2830 2827/2827 2829/2829
f 2827/2827 2821/2821 2828/2828
f 2821/2821 2827/2827 2816/2816
f 2831/2831 2832/2832 2833/2833
f 2834/2834 2835/2835 2831/2831
f 2832/2832 2831/2831 2835/2835
f 2836/2836 2835/2835 2834/2834
f 2835/2835 2836/2836 2837/2837
f 2838/2838 2839/2839 2840/2840
f 2840/2840 2839/2839 2835/2835
f 2837/2837 2840/2840 2835/2835
f 2841/2841 2839/2839 2838/2838
f 2842/2842 2839/2839 2843/2843
f 2841/2841 2843/2843 2839/2839
f 2844/2844 2845/2845 2846/2846
f 2844/2844 2839/2839 2847/2847
f 2839/2839 2842/2842 2847/2847
f 2848/2848 2849/2849 2844/2844
f 2850/2850 2846/2846 2851/2851
f 2844/2844 2852/2852 2845/2845
f 2852/2852 2844/2844 2849/2849
f 2847/2847 2848/2848 2844/2844
f 2853/2853 2854/2854 2846/2846
f 2850/2850 2851/2851 2855/2855
f 2851/2851 2846/2846 2854/2854
f 2850/2850 2855/2855 2856/2856
f 2845/2845 2853/2853 2846/2846
f 2856/2856 2857/2857 2858/2858
f 2858/2858 463/463 2859/2859
f 463/463 2858/2858 2857/2857
f 2856/2856 2858/2858 2850/2850
f 2860/2860 2858/2858 2859/2859
f 2861/2861 2860/2860 2862/2862
f 2863/2863 2864/2864 2861/2861
f 2862/2862 474/474 2861/2861
f 474/474 2865/2865 2861/2861
f 2858/2858 2860/2860 2861/2861
f 2861/2861 2866/2866 2863/2863
f 2864/2864 2863/2863 2867/2867
f 2868/2868 482/482 2864/2864
f 2868/2868 2864/2864 2867/2867
f 2865/2865 2866/2866 2861/2861
f 2869/2869 2870/2870 2871/2871
f 2872/2872 2873/2873 2874/2874
f 2875/2875 2874/2874 2876/2876
f 2877/2877 2871/2871 2873/2873
f 2878/2878 2879/2879 2880/2880
f 2881/2881 2878/2878 2882/2882
f 2878/2878 2880/2880 2882/2882
f 2883/2883 2876/2876 2879/2879
f 2884/2884 2885/2885 2886/2886
f 2870/2870 2884/2884 2887/2887
f 2880/2880 2888/2888 2882/2882
f 2884/2884 2870/2870 2885/2885
f 2889/2889 2890/2890 2891/2891
f 2890/2890 2889/2889 2892/2892
f 2889/2889 2891/2891 2893/2893
f 2894/2894 2893/2893 2895/2895
f 2893/2893 2894/2894 2896/2896
f 2889/2889 2893/2893 2896/2896
f 2897/2897 2898/2898 2899/2899
f 2897/2897 2900/2900 2901/2901
f 2900/2900 2897/2897 2899/2899
f 2899/2899 2902/2902 2900/2900
f 2902/2902 2903/2903 2900/2900
f 2904/2904 2902/2902 2899/2899
f 2905/2905 2906/2906 2907/2907
f 2908/2908 2909/2909 2910/2910
f 2906/2906 2909/2909 2911/2911
f 2908/2908 2912/2912 2913/2913
f 2913/2913 2914/2914 2915/2915
f 2916/2916 2917/2917 2918/2918
f 2916/2916 2919/2919 2920/2920
f 2915/2915 2917/2917 2921/2921
f 2922/2922 2906/2906 2905/2905
f 2916/2916 2918/2918 2919/2919
f 2919/2919 2918/2918 2923/2923
f 2924/2924 2922/2922 2905/2905
f 2925/2925 2926/2926 2927/2927
f 2928/2928 2929/2929 2925/2925
f 2926/2926 2925/2925 2929/2929
f 2928/2928 2930/2930 2931/2931
f 2932/2932 2930/2930 2933/2933
f 2930/2930 2932/2932 2931/2931
f 2928/2928 2925/2925 2930/2930
f 2934/2934 2935/2935 2925/2925
f 2925/2925 2936/2936 2930/2930
f 2935/2935 2936/2936 2925/2925
f 2937/2937 2930/2930 2938/2938
f 2936/2936 2938/2938 2930/2930
f 2930/2930 2937/2937 2939/2939
f 2940/2940 2934/2934 2925/2925
f 2941/2941 2942/2942 2943/2943
f 2944/2944 2945/2945 2946/2946
f 2947/2947 2945/2945 2948/2948
f 2944/2944 2942/2942 2949/2949
f 2950/2950 2951/2951 2952/2952
f 2953/2953 2952/2952 2954/2954
f 2952/2952 2951/2951 2954/2954
f 2947/2947 2955/2955 2950/2950
f 2956/2956 2941/2941 2957/2957
f 2958/2958 2956/2956 2959/2959
f 2951/2951 2960/2960 2954/2954
f 2956/2956 2958/2958 2941/2941
f 2961/2961 2962/2962 2963/2963
f 2962/2962 2964/2964 2965/2965
f 2962/2962 2965/2965 2963/2963
f 2964/2964 2966/2966 2967/2967
f 2966/2966 2964/2964 2968/2968
f 2964/2964 2967/2967 2965/2965
f 2962/2962 2961/2961 2969/2969
f 2970/2970 2962/2962 2971/2971
f 2962/2962 2970/2970 2972/2972
f 2973/2973 2962/2962 2972/2972
f 2973/2973 2974/2974 2964/2964
f 2975/2975 2976/2976 2964/2964
f 2974/2974 2975/2975 2964/2964
f 2964/2964 2962/2962 2973/2973
f 2977/2977 2978/2978 2979/2979
f 2980/2980 2981/2981 2982/2982
f 2982/2982 2983/2983 2984/2984
f 2980/2980 2979/2979 2985/2985
f 2986/2986 2987/2987 2988/2988
f 2989/2989 2986/2986 2990/2990
f 2986/2986 2988/2988 2990/2990
f 2984/2984 2987/2987 2991/2991
f 2992/2992 2993/2993 2994/2994
f 2978/2978 2992/2992 2995/2995
f 2988/2988 2996/2996 2990/2990
f 2992/2992 2978/2978 2993/2993
f 2997/2997 2998/2998 2999/2999
f 2998/2998 2997/2997 3000/3000
f 2997/2997 2999/2999 3001/3001
f 3002/3002 3001/3001 3003/3003
f 3001/3001 3002/3002 3004/3004
f 2997/2997 3001/3001 3004/3004
f 3005/3005 3006/3006 3007/3007
f 3006/3006 3005/3005 3008/3008
f 3009/3009 3010/3010 3007/3007
f 3011/3011 3010/3010 3009/3009
f 3010/3010 3005/3005 3007/3007
f 3012/3012 3011/3011 3009/3009
f 157/157 258/258 158/158
f 160/160 157/157 159/159
f 163/163 162/162 164/164
f 166/166 163/163 165/165
f 168/168 166/166 167/167
f 195/195 198/198 196/196
f 246/246 242/242 239/239
f 249/249 199/199 250/250
f 249/249 251/251 255/255
f 258/258 256/256 257/257
f 158/158 258/258 268/268
f 245/245 282/282 287/287
f 288/288 282/282 286/286
f 286/286 290/290 292/292
f 168/168 300/300 291/291
f 168/168 169/169 299/299
f 313/313 327/327 310/310
f 314/314 3013/3013 315/315
f 310/310 327/327 316/316
f 317/317 3013/3013 314/314
f 319/319 317/317 318/318
f 319/319 320/320 321/321
f 312/312 328/328 325/325
f 318/318 314/314 325/325
f 320/320 3014/3014 331/331
f 329/329 3014/3014 320/320
f 336/336 344/344 337/337
f 339/339 342/342 340/340
f 342/342 338/338 337/337
f 336/336 334/334 343/343
f 345/345 351/351 346/346
f 347/347 346/346 348/348
f 339/339 341/341 351/351
f 465/465 471/471 438/438
f 445/445 473/473 466/466
f 453/453 466/466 467/467
f 461/461 457/457 467/467
f 480/480 469/469 461/461
f 489/489 485/485 527/527
f 489/489 528/528 529/529
f 508/508 529/529 531/531
f 485/485 496/496 532/532
f 806/806 810/810 807/807
f 809/809 3015/3015 810/810
f 811/811 3016/3016 812/812
f 813/813 3015/3015 809/809
f 823/823 3017/3017 824/824
f 826/826 831/831 827/827
f 828/828 827/827 829/829
f 825/825 824/824 831/831
f 832/832 835/835 833/833
f 835/835 3018/3018 836/836
f 837/837 3019/3019 838/838
f 836/836 3018/3018 839/839
f 848/848 3020/3020 849/849
f 851/851 856/856 852/852
f 854/854 851/851 853/853
f 856/856 850/850 849/849
f 964/964 963/963 962/962
f 966/966 971/971 967/967
f 968/968 967/967 969/969
f 966/966 964/964 965/965
f 1253/1253 1252/1252 1255/1255
f 1257/1257 1260/1260 1258/1258
f 1256/1256 1255/1255 1260/1260
f 1268/1268 1267/1267 1276/1276
f 1347/1347 1352/1352 1348/1348
f 1349/1349 1348/1348 1353/1353
f 1354/1354 1353/1353 1355/1355
f 1356/1356 1355/1355 1357/1357
f 1358/1358 1357/1357 1359/1359
f 1360/1360 1359/1359 1365/1365
f 1407/1407 1410/1410 1408/1408
f 1416/1416 1414/1414 1417/1417
f 1418/1418 1417/1417 1419/1419
f 1425/1425 1427/1427 1420/1420
f 1455/1455 1454/1454 1456/1456
f 1452/1452 1467/1467 1462/1462
f 1525/1525 1529/1529 1524/1524
f 1542/1542 1541/1541 1544/1544
f 1646/1646 1645/1645 1648/1648
f 1730/1730 1733/1733 1731/1731
f 1733/1733 3021/3021 1734/1734
f 1891/1891 1890/1890 1893/1893
f 1936/1936 3022/3022 1939/1939
f 2059/2059 2062/2062 2058/2058
f 2111/2111 2119/2119 2112/2112
f 2111/2111 2115/2115 2109/2109
f 2126/2126 2129/2129 2127/2127
f 2205/2205 2209/2209 2206/2206
f 2208/2208 2213/2213 2209/2209
f 2210/2210 3023/3023 2211/2211
f 2213/2213 2208/2208 2212/2212
f 2222/2222 3024/3024 2223/2223
f 2225/2225 2230/2230 2226/2226
f 2228/2228 2225/2225 2227/2227
f 2222/2222 2224/2224 2226/2226
f 2257/2257 2253/2253 2262/2262
f 2264/2264 2257/2257 2278/2278
f 2267/2267 2285/2285 2284/2284
f 2270/2270 2288/2288 2286/2286
f 2273/2273 2290/2290 2287/2287
f 2302/2302 3025/3025 2303/2303
f 2305/2305 3025/3025 2302/2302
f 2306/2306 2309/2309 2307/2307
f 2308/2308 2307/2307 2309/2309
f 2318/2318 3026/3026 2319/2319
f 2321/2321 2326/2326 2322/2322
f 2324/2324 2321/2321 2323/2323
f 2326/2326 2320/2320 2319/2319
f 2417/2417 2420/2420 2418/2418
f 2416/2416 2412/2412 2420/2420
f 2428/2428 2440/2440 2419/2419
f 2429/2429 2441/2441 2430/2430
f 2432/2432 2435/2435 2433/2433
f 2431/2431 2430/2430 2435/2435
f 2440/2440 2428/2428 2441/2441
f 3027/3027 3028/3028 3029/3029
f 2705/2705 2704/2704 2706/2706
f 2869/2869 2885/2885 2870/2870
f 2872/2872 2877/2877 2873/2873
f 2875/2875 2872/2872 2874/2874
f 2877/2877 2869/2869 2871/2871
f 2878/2878 2883/2883 2879/2879
f 2883/2883 2875/2875 2876/2876
f 2908/2908 2911/2911 2909/2909
f 2906/2906 2922/2922 2909/2909
f 2908/2908 2910/2910 2912/2912
f 2913/2913 2912/2912 2914/2914
f 2916/2916 2921/2921 2917/2917
f 2915/2915 2914/2914 2917/2917
f 2941/2941 2958/2958 2942/2942
f 2944/2944 2949/2949 2945/2945
f 2947/2947 2946/2946 2945/2945
f 2944/2944 2943/2943 2942/2942
f 2950/2950 2955/2955 2951/2951
f 2947/2947 2948/2948 2955/2955
f 2977/2977 2993/2993 2978/2978
f 2980/2980 2985/2985 2981/2981
f 2982/2982 2981/2981 2983/2983
f 2980/2980 2977/2977 2979/2979
f 2986/2986 2991/2991 2987/2987
f 2984/2984 2983/2983 2987/2987
f 3030/3030 3031/3031 3031/3031
f 3032/3032 3033/3033 3034/3034
f 3035/3035 3036/3036 3037/3037
f 3038/3038 3039/3039 3040/3040
f 3041/3041 3042/3042 3043/3043
f 3044/3044 3045/3045 3046/3046
f 3047/3047 3048/3048 3049/3049
f 3050/3050 3051/3051 3052/3052
f 3053/3053 3054/3054 3055/3055
f 3056/3056 3057/3057 3058/3058
f 3059/3059 3060/3060 3060/3060
f 3061/3061 3062/3062 3063/3063
f 3064/3064 3065/3065 3066/3066
f 3067/3067 3068/3068 3069/3069
f 3070/3070 3071/3071 3072/3072
f 3073/3073 3074/3074 3075/3075
f 3076/3076 3077/3077 3078/3078
f 3079/3079 3080/3080 3081/3081
f 3082/3082 3083/3083 3084/3084
f 3085/3085 3086/3086 3087/3087
f 3088/3088 3089/3089 3089/3089
f 3090/3090 3091/3091 3091/3091
f 3092/3092 3093/3093 3093/3093
f 3031/3031 3094/3094 3094/3094
f 3089/3089 3090/3090 3090/3090
f 3095/3095 3096/3096 3096/3096
f 3060/3060 3097/3097 3097/3097
f 3098/3098 3099/3099 3099/3099
f 3093/3093 3095/3095 3095/3095
f 3100/3100 3101/3101 3101/3101
f 3097/3097 3100/3100 3100/3100
f 3101/3101 3030/3030 3030/3030
f 3102/3102 3088/3088 3088/3088
f 3096/3096 3103/3103 3103/3103
f 3094/3094 3098/3098 3098/3098
f 3104/3104 3105/3105 3106/3106
f 3107/3107 3108/3108 3109/3109
f 3110/3110 3111/3111 3112/3112
f 3113/3113 3114/3114 3115/3115
f 3116/3116 3117/3117 3118/3118
f 3119/3119 3120/3120 3121/3121
f 3122/3122 3123/3123 3124/3124
f 3125/3125 3126/3126 3127/3127
f 3128/3128 3129/3129 3130/3130
f 3131/3131 3132/3132 3133/3133
f 3134/3134 3135/3135 3136/3136
f 3137/3137 3138/3138 3139/3139
f 3140/3140 3141/3141 3142/3142
f 3143/3143 3144/3144 3145/3145
f 3146/3146 3147/3147 3148/3148
f 3035/3035 3149/3149 3036/3036
f 3038/3038 3150/3150 3039/3039
f 3041/3041 3151/3151 3042/3042
f 3044/3044 3152/3152 3045/3045
f 3047/3047 3153/3153 3048/3048
f 3050/3050 3154/3154 3051/3051
f 3053/3053 3155/3155 3054/3054
f 3056/3056 3156/3156 3057/3057
f 3103/3103 3059/3059 3059/3059
f 3061/3061 3157/3157 3062/3062
f 3158/3158 3159/3159 3160/3160
f 3067/3067 3161/3161 3068/3068
f 3070/3070 3162/3162 3071/3071
f 3073/3073 3163/3163 3074/3074
f 3076/3076 3164/3164 3077/3077
f 3079/3079 3165/3165 3080/3080
f 3082/3082 3166/3166 3083/3083
f 3085/3085 3167/3167 3086/3086
f 3168/3168 3169/3169 3170/3170
f 3064/3064 3171/3171 3172/3172
f 3173/3173 3174/3174 3175/3175
f 3176/3176 3177/3177 3178/3178
f 3179/3179 3180/3180 3181/3181
f 3084/3084 3182/3182 3183/3183
f 3184/3184 3185/3185 3186/3186
f 3187/3187 3188/3188 3189/3189
f 3190/3190 3191/3191 3192/3192
f 3193/3193 3194/3194 3195/3195
f 3196/3196 3197/3197 3198/3198
f 3084/3084 3199/3199 3082/3082
f 3200/3200 3201/3201 3202/3202
f 3203/3203 3204/3204 3205/3205
f 3206/3206 3207/3207 3208/3208
f 3209/3209 3210/3210 3211/3211
f 3064/3064 3212/3212 3213/3213
f 3214/3214 3215/3215 3216/3216
f 3091/3091 3092/3092 3092/3092
f 3099/3099 3102/3102 3102/3102
f 3217/3217 3218/3218 3219/3219
f 3220/3220 3221/3221 3222/3222
f 3223/3223 3224/3224 3225/3225
f 3226/3226 3227/3227 3228/3228
f 3064/3064 3229/3229 3230/3230
f 3231/3231 3232/3232 3233/3233
f 3234/3234 3235/3235 3236/3236
f 3237/3237 3238/3238 3239/3239
f 3240/3240 3241/3241 3242/3242
f 3182/3182 3243/3243 3244/3244
f 3212/3212 3245/3245 3213/3213
f 3246/3246 3247/3247 3248/3248
f 3249/3249 3250/3250 3251/3251
f 3252/3252 3238/3238 3253/3253
f 3171/3171 3254/3254 3255/3255
f 3256/3256 3257/3257 3227/3227
f 3258/3258 3259/3259 3260/3260
f 3261/3261 3262/3262 3263/3263
f 3264/3264 3265/3265 3266/3266
f 3267/3267 3268/3268 3269/3269
f 3270/3270 3271/3271 3272/3272
f 3273/3273 3274/3274 3275/3275
f 3271/3271 3276/3276 3272/3272
f 3276/3276 3277/3277 3278/3278
f 3272/3272 3276/3276 3278/3278
f 3277/3277 3279/3279 3280/3280
f 3280/3280 3281/3281 3282/3282
f 3282/3282 3283/3283 3280/3280
f 3283/3283 3284/3284 3280/3280
f 3284/3284 3285/3285 3280/3280
f 3285/3285 3286/3286 3277/3277
f 3280/3280 3285/3285 3277/3277
f 3286/3286 3278/3278 3277/3277
f 3272/3272 3287/3287 3288/3288
f 3288/3288 3289/3289 3270/3270
f 3270/3270 3290/3290 3271/3271
f 3272/3272 3288/3288 3270/3270
f 3273/3273 3291/3291 3274/3274
f 3292/3292 3293/3293 3294/3294
f 3295/3295 3296/3296 3297/3297
f 3298/3298 3299/3299 3300/3300
f 3299/3299 3301/3301 3302/3302
f 3301/3301 3303/3303 3304/3304
f 3303/3303 3305/3305 3306/3306
f 3306/3306 3307/3307 3308/3308
f 3308/3308 3309/3309 3304/3304
f 3304/3304 3302/3302 3301/3301
f 3302/3302 3310/3310 3299/3299
f 3310/3310 3311/3311 3299/3299
f 3311/3311 3300/3300 3299/3299
f 3300/3300 3312/3312 3298/3298
f 3312/3312 3313/3313 3298/3298
f 3313/3313 3314/3314 3298/3298
f 3298/3298 3315/3315 3299/3299
f 3303/3303 3306/3306 3304/3304
f 3306/3306 3308/3308 3304/3304
f 3230/3230 3229/3229 3316/3316
f 3317/3317 3318/3318 3319/3319
f 3320/3320 3321/3321 3322/3322
f 3323/3323 3324/3324 3325/3325
f 3326/3326 3327/3327 3328/3328
f 3329/3329 3330/3330 3331/3331
f 3332/3332 3333/3333 3334/3334
f 3335/3335 3336/3336 3337/3337
f 3338/3338 3339/3339 3340/3340
f 3341/3341 3342/3342 3343/3343
f 3344/3344 3345/3345 3346/3346
f 3347/3347 3348/3348 3349/3349
f 3350/3350 3351/3351 3352/3352
f 3353/3353 3354/3354 3355/3355
f 3356/3356 3357/3357 3358/3358
f 3359/3359 3360/3360 3361/3361
f 3362/3362 3363/3363 3364/3364
f 3365/3365 3257/3257 3366/3366
f 3367/3367 3368/3368 3369/3369
f 3370/3370 3371/3371 3372/3372
f 3373/3373 3374/3374 3375/3375
f 3376/3376 3377/3377 3378/3378
f 3379/3379 3380/3380 3381/3381
f 3382/3382 3257/3257 3383/3383
f 3384/3384 3385/3385 3386/3386
f 3387/3387 3388/3388 3389/3389
f 3390/3390 3391/3391 3392/3392
f 3393/3393 3394/3394 3395/3395
f 3396/3396 3397/3397 3398/3398
f 3399/3399 3400/3400 3401/3401
f 3402/3402 3403/3403 3404/3404
f 3405/3405 3406/3406 3407/3407
f 3408/3408 3409/3409 3410/3410
f 3411/3411 3412/3412 3413/3413
f 3414/3414 3415/3415 3416/3416
f 3417/3417 3418/3418 3419/3419
f 3420/3420 3421/3421 3422/3422
f 3252/3252 3423/3423 3424/3424
f 3425/3425 3426/3426 3427/3427
f 3428/3428 3429/3429 3430/3430
f 3431/3431 3432/3432 3433/3433
f 3030/3030 3030/3030 3031/3031
f 3032/3032 3434/3434 3033/3033
f 3059/3059 3059/3059 3060/3060
f 3088/3088 3088/3088 3089/3089
f 3090/3090 3090/3090 3091/3091
f 3092/3092 3092/3092 3093/3093
f 3031/3031 3031/3031 3094/3094
f 3089/3089 3089/3089 3090/3090
f 3095/3095 3095/3095 3096/3096
f 3060/3060 3060/3060 3097/3097
f 3098/3098 3098/3098 3099/3099
f 3093/3093 3093/3093 3095/3095
f 3100/3100 3100/3100 3101/3101
f 3097/3097 3097/3097 3100/3100
f 3101/3101 3101/3101 3030/3030
f 3102/3102 3102/3102 3088/3088
f 3096/3096 3096/3096 3103/3103
f 3094/3094 3094/3094 3098/3098
f 3104/3104 3435/3435 3105/3105
f 3107/3107 3436/3436 3108/3108
f 3110/3110 3437/3437 3111/3111
f 3113/3113 3438/3438 3114/3114
f 3116/3116 3439/3439 3117/3117
f 3119/3119 3440/3440 3120/3120
f 3122/3122 3441/3441 3123/3123
f 3125/3125 3442/3442 3126/3126
f 3128/3128 3443/3443 3129/3129
f 3131/3131 3444/3444 3132/3132
f 3134/3134 3445/3445 3135/3135
f 3137/3137 3446/3446 3138/3138
f 3140/3140 3447/3447 3141/3141
f 3143/3143 3448/3448 3144/3144
f 3146/3146 3449/3449 3147/3147
f 3103/3103 3103/3103 3059/3059
f 3158/3158 3450/3450 3159/3159
f 3168/3168 3451/3451 3169/3169
f 3064/3064 3213/3213 3171/3171
f 3173/3173 3452/3452 3174/3174
f 3176/3176 3453/3453 3177/3177
f 3179/3179 3454/3454 3180/3180
f 3084/3084 3083/3083 3182/3182
f 3184/3184 3455/3455 3185/3185
f 3187/3187 3456/3456 3188/3188
f 3190/3190 3457/3457 3191/3191
f 3193/3193 3458/3458 3194/3194
f 3196/3196 3459/3459 3197/3197
f 3084/3084 3183/3183 3199/3199
f 3200/3200 3460/3460 3201/3201
f 3203/3203 3461/3461 3204/3204
f 3206/3206 3462/3462 3207/3207
f 3209/3209 3463/3463 3210/3210
f 3064/3064 3066/3066 3212/3212
f 3214/3214 3464/3464 3215/3215
f 3091/3091 3091/3091 3092/3092
f 3099/3099 3099/3099 3102/3102
f 3217/3217 3465/3465 3218/3218
f 3220/3220 3466/3466 3221/3221
f 3223/3223 3467/3467 3224/3224
f 3226/3226 3256/3256 3227/3227
f 3064/3064 3172/3172 3229/3229
f 3231/3231 3468/3468 3232/3232
f 3234/3234 3469/3469 3235/3235
f 3237/3237 3470/3470 3238/3238
f 3240/3240 3471/3471 3241/3241
f 3182/3182 3472/3472 3243/3243
f 3212/3212 3473/3473 3245/3245
f 3246/3246 3474/3474 3247/3247
f 3249/3249 3475/3475 3250/3250
f 3252/3252 3239/3239 3238/3238
f 3171/3171 3476/3476 3254/3254
f 3256/3256 3366/3366 3257/3257
f 3258/3258 3477/3477 3259/3259
f 3261/3261 3478/3478 3262/3262
f 3264/3264 3479/3479 3265/3265
f 3267/3267 3480/3480 3268/3268
f 3292/3292 3481/3481 3293/3293
f 3482/3482 3483/3483 3484/3484
f 3317/3317 3485/3485 3318/3318
f 3320/3320 3486/3486 3321/3321
f 3323/3323 3487/3487 3324/3324
f 3326/3326 3488/3488 3327/3327
f 3329/3329 3489/3489 3330/3330
f 3332/3332 3490/3490 3333/3333
f 3335/3335 3491/3491 3336/3336
f 3338/3338 3492/3492 3339/3339
f 3341/3341 3493/3493 3342/3342
f 3344/3344 3494/3494 3345/3345
f 3347/3347 3495/3495 3348/3348
f 3350/3350 3496/3496 3351/3351
f 3353/3353 3497/3497 3354/3354
f 3356/3356 3498/3498 3357/3357
f 3359/3359 3499/3499 3360/3360
f 3362/3362 3500/3500 3363/3363
f 3365/3365 3383/3383 3257/3257
f 3367/3367 3501/3501 3368/3368
f 3370/3370 3502/3502 3371/3371
f 3373/3373 3503/3503 3374/3374
f 3376/3376 3504/3504 3377/3377
f 3379/3379 3505/3505 3380/3380
f 3382/3382 3227/3227 3257/3257
f 3384/3384 3506/3506 3385/3385
f 3387/3387 3507/3507 3388/3388
f 3390/3390 3508/3508 3391/3391
f 3393/3393 3509/3509 3394/3394
f 3396/3396 3510/3510 3397/3397
f 3399/3399 3511/3511 3400/3400
f 3402/3402 3512/3512 3403/3403
f 3405/3405 3513/3513 3406/3406
f 3408/3408 3514/3514 3409/3409
f 3411/3411 3515/3515 3412/3412
f 3414/3414 3516/3516 3415/3415
f 3417/3417 3517/3517 3418/3418
f 3420/3420 3518/3518 3421/3421
f 3252/3252 3253/3253 3423/3423
f 3425/3425 3519/3519 3426/3426
f 3428/3428 3520/3520 3429/3429
f 3431/3431 3521/3521 3432/3432

