# https://github.com/mikedh/trimesh
mtllib material.mtl
usemtl material_0
v 0.07164851 0.01150117 0.18828071
v 0.06968637 0.01395803 0.18680213
v 0.06700604 0.01485731 0.18478236
v 0.07092595 -0.01331321 0.18773622
v 0.07184505 -0.01203757 0.18814301
v 0.07170768 -0.01203757 0.18832530
v 0.07164851 0.01150117 0.18828071
v 0.07079661 0.01289133 0.18763875
v 0.06872081 -0.01490735 0.18607453
v 0.06990719 -0.01429204 0.18696853
v 0.07218405 0.00988229 0.18868426
v 0.06744767 -0.01511723 0.18511515
v 0.07236671 0.00814503 0.18882191
v 0.05835257 0.01485731 0.17826150
v 0.05835257 -0.01511723 0.17826150
v 0.07236671 -0.00895792 0.18882191
v 0.06700604 0.01485731 0.18478236
v 0.07219910 -0.01055207 0.18869560
v 0.06839348 0.01462859 0.18582787
v 0.07170768 -0.01203757 0.18832530
v 0.06968637 0.01395803 0.18680213
v 0.07092595 -0.01331321 0.18773622
v 0.06982374 0.01395803 0.18661984
v 0.07178588 0.01150117 0.18809842
v 0.07250407 0.00814503 0.18863962
v 0.07079661 0.01289133 0.18763875
v 0.06982374 0.01395803 0.18661984
v 0.06968637 0.01395803 0.18680213
v 0.06990719 -0.01429204 0.18696853
v 0.07106332 -0.01331321 0.18755393
v 0.07092595 -0.01331321 0.18773622
v 0.07164851 0.01150117 0.18828071
v 0.07093397 0.01289133 0.18745646
v 0.07079661 0.01289133 0.18763875
v 0.06872081 -0.01490735 0.18607453
v 0.07004455 -0.01429204 0.18678624
v 0.06990719 -0.01429204 0.18696853
v 0.07218405 0.00988229 0.18868426
v 0.07178588 0.01150117 0.18809842
v 0.07164851 0.01150117 0.18828071
v 0.06744767 -0.01511723 0.18511515
v 0.06885818 -0.01490735 0.18589224
v 0.06872081 -0.01490735 0.18607453
v 0.07236671 0.00814503 0.18882191
v 0.07232141 0.00988229 0.18850197
v 0.07218405 0.00988229 0.18868426
v 0.05835257 0.01485731 0.17826150
v 0.05848993 -0.01511723 0.17807921
v 0.05835257 -0.01511723 0.17826150
v 0.05835257 -0.01511723 0.17826150
v 0.06758504 -0.01511723 0.18493286
v 0.06744767 -0.01511723 0.18511515
v 0.07236671 -0.00895792 0.18882191
v 0.07250407 0.00814503 0.18863962
v 0.07236671 0.00814503 0.18882191
v 0.06700604 0.01485731 0.18478236
v 0.05848993 0.01485731 0.17807921
v 0.05835257 0.01485731 0.17826150
v 0.07219910 -0.01055207 0.18869560
v 0.07250407 -0.00895792 0.18863962
v 0.07236671 -0.00895792 0.18882191
v 0.06839348 0.01462859 0.18582787
v 0.06714341 0.01485731 0.18460006
v 0.06700604 0.01485731 0.18478236
v 0.07170768 -0.01203757 0.18832530
v 0.07233646 -0.01055207 0.18851331
v 0.07219910 -0.01055207 0.18869560
v 0.06968637 0.01395803 0.18680213
v 0.06853085 0.01462859 0.18564558
v 0.06839348 0.01462859 0.18582787
v 0.07219910 -0.01055207 0.18869560
v 0.07236671 -0.00895792 0.18882191
v 0.06744767 -0.01511723 0.18511515
v 0.07236671 0.00814503 0.18882191
v 0.05835257 -0.01511723 0.17826150
v 0.07218405 0.00988229 0.18868426
v 0.07079661 0.01289133 0.18763875
v 0.06839348 0.01462859 0.18582787
v 0.05835257 0.01485731 0.17826150
v 0.06872081 -0.01490735 0.18607453
v 0.06990719 -0.01429204 0.18696853
v 0.07092595 -0.01331321 0.18773622
v 0.07170768 -0.01203757 0.18832530
v 0.07106332 -0.01331321 0.18755393
v 0.07250407 -0.00895792 0.18863962
v 0.05848993 -0.01511723 0.17807921
v 0.07233646 -0.01055207 0.18851331
v 0.06758504 -0.01511723 0.18493286
v 0.07184505 -0.01203757 0.18814301
v 0.07106332 -0.01331321 0.18755393
v 0.07004455 -0.01429204 0.18678624
v 0.06885818 -0.01490735 0.18589224
v 0.05848993 0.01485731 0.17807921
v 0.06714341 0.01485731 0.18460006
v 0.06853085 0.01462859 0.18564558
v 0.07093397 0.01289133 0.18745646
v 0.07232141 0.00988229 0.18850197
v 0.07093397 0.01289133 0.18745646
v 0.07004455 -0.01429204 0.18678624
v 0.07178588 0.01150117 0.18809842
v 0.06885818 -0.01490735 0.18589224
v 0.07232141 0.00988229 0.18850197
v 0.06758504 -0.01511723 0.18493286
v 0.07250407 0.00814503 0.18863962
v 0.05848993 0.01485731 0.17807921
v 0.05848993 -0.01511723 0.17807921
v 0.07250407 -0.00895792 0.18863962
v 0.06714341 0.01485731 0.18460006
v 0.07233646 -0.01055207 0.18851331
v 0.06853085 0.01462859 0.18564558
v 0.07184505 -0.01203757 0.18814301
v 0.06982374 0.01395803 0.18661984
v 0.00191322 -0.01409811 0.14919125
v 0.00147334 -0.01309812 0.14808802
v 0.00191322 -0.01309812 0.14919125
v 0.00123445 -0.01309812 0.14685200
v 0.00124377 -0.01509810 0.14554087
v 0.00124377 -0.01309812 0.14554087
v 0.00123445 -0.01509810 0.14685200
v 0.00152463 -0.01309812 0.14423164
v 0.00206781 -0.01509810 0.14300773
v 0.00206781 -0.01309812 0.14300773
v 0.00152463 -0.01509810 0.14423164
v 0.00283170 -0.01509810 0.14194205
v 0.00283170 -0.01309812 0.14194205
v 0.00375205 -0.01509810 0.14108316
v 0.00375205 -0.01309812 0.14108316
v 0.00475683 -0.01509810 0.14044988
v 0.00475683 -0.01309812 0.14044988
v 0.00586009 -0.01509810 0.14001000
v 0.00586009 -0.01309812 0.14001000
v 0.00709608 -0.01309812 0.13977112
v 0.00840723 -0.01509810 0.13978042
v 0.00840723 -0.01309812 0.13978042
v 0.00709608 -0.01509810 0.13977112
v 0.00971646 -0.01309812 0.14006129
v 0.01094035 -0.01509810 0.14060446
v 0.01094035 -0.01309812 0.14060446
v 0.01200605 -0.01309812 0.14136836
v 0.01286493 -0.01509810 0.14228870
v 0.01286493 -0.01309812 0.14228870
v 0.01349822 -0.01409811 0.14329350
v 0.01349822 -0.01309812 0.14329350
v 0.01200605 -0.01509810 0.14136836
v 0.00971646 -0.01509810 0.14006129
v 0.00147334 -0.01509810 0.14808802
v 0.00191322 -0.01509810 0.14919125
v 0.06640605 -0.00259826 0.17844908
v 0.06621645 -0.00249294 0.17929367
v 0.06670848 -0.00259826 0.17904319
v 0.06546562 -0.00165041 0.17967593
v 0.06485593 -0.00215892 0.17774208
v 0.06455827 -0.00165041 0.17789360
v 0.06576327 -0.00215892 0.17952437
v 0.06537176 -0.00109828 0.17972369
v 0.06446441 -0.00109828 0.17794138
v 0.06546562 -0.00054615 0.17967593
v 0.06485593 -0.00003763 0.17774208
v 0.06576327 -0.00003763 0.17952437
v 0.06621645 0.00029638 0.17929367
v 0.06530910 0.00029638 0.17751137
v 0.06670848 0.00040170 0.17904319
v 0.06640605 0.00040170 0.17844908
v 0.06455827 -0.00054615 0.17789360
v 0.06530910 -0.00249294 0.17751137
v 0.06610360 -0.00259826 0.17785497
v 0.06580114 -0.00259826 0.17726089
v 0.06610360 0.00040170 0.17785497
v 0.06580114 0.00040170 0.17726089
v 0.06640605 0.00440165 0.17844908
v 0.06621645 0.00450697 0.17929367
v 0.06670848 0.00440165 0.17904319
v 0.06546562 0.00534950 0.17967593
v 0.06485593 0.00484098 0.17774208
v 0.06455827 0.00534950 0.17789360
v 0.06576327 0.00484098 0.17952437
v 0.06537176 0.00590163 0.17972369
v 0.06446441 0.00590163 0.17794138
v 0.06546562 0.00645376 0.17967593
v 0.06485593 0.00696227 0.17774208
v 0.06576327 0.00696227 0.17952437
v 0.06621645 0.00729629 0.17929367
v 0.06530910 0.00729629 0.17751137
v 0.06670848 0.00740161 0.17904319
v 0.06640605 0.00740161 0.17844908
v 0.06455827 0.00645376 0.17789360
v 0.06530910 0.00450697 0.17751137
v 0.06610359 0.00440165 0.17785497
v 0.06580114 0.00440165 0.17726089
v 0.06610359 0.00740161 0.17785497
v 0.06580114 0.00740161 0.17726089
v 0.07753431 -0.01009816 0.17240981
v 0.07701806 -0.00973008 0.17155050
v 0.07708063 -0.01009816 0.17151864
v 0.07681962 -0.00939107 0.17165152
v 0.07742486 -0.00916839 0.17358761
v 0.07651751 -0.00916839 0.17180532
v 0.07792542 -0.00973008 0.17333280
v 0.07772697 -0.00939107 0.17343385
v 0.07618948 -0.00909818 0.17197231
v 0.07709683 -0.00909818 0.17375464
v 0.07586146 -0.00916839 0.17213932
v 0.07676880 -0.00916839 0.17392163
v 0.07555933 -0.00939107 0.17229313
v 0.07626824 -0.00973008 0.17417644
v 0.07536090 -0.00973008 0.17239414
v 0.07575200 -0.01009816 0.17331714
v 0.07529833 -0.01009816 0.17242600
v 0.07646669 -0.00939107 0.17407543
v 0.07620568 -0.01009816 0.17420830
v 0.07798797 -0.01009816 0.17330094
v 0.08644584 0.00990158 0.16787307
v 0.08592960 0.01026967 0.16701376
v 0.08599216 0.00990158 0.16698190
v 0.08573115 0.01060867 0.16711480
v 0.08633638 0.01083136 0.16905091
v 0.08542904 0.01083136 0.16726857
v 0.08683694 0.01026967 0.16879606
v 0.08663850 0.01060867 0.16889710
v 0.08510101 0.01090157 0.16743559
v 0.08600835 0.01090157 0.16921789
v 0.08568034 0.01083136 0.16938488
v 0.08477299 0.01083136 0.16760259
v 0.08447088 0.01060867 0.16775638
v 0.08517978 0.01026967 0.16963970
v 0.08427242 0.01026967 0.16785740
v 0.08466354 0.00990158 0.16878042
v 0.08420986 0.00990158 0.16788926
v 0.08537822 0.01060867 0.16953869
v 0.08511722 0.00990158 0.16967156
v 0.08689951 0.00990158 0.16876421
v 0.07599236 0.01450064 0.11484495
v 0.07617748 0.01490152 0.11513867
v 0.07617748 0.01450064 0.11513867
v 0.07642852 0.01450064 0.11540769
v 0.07674005 0.01490152 0.11563097
v 0.07674005 0.01450064 0.11563097
v 0.07642852 0.01490152 0.11540769
v 0.07709780 0.01450064 0.11578976
v 0.07748050 0.01490152 0.11587185
v 0.07748050 0.01450064 0.11587185
v 0.07786376 0.01450064 0.11587457
v 0.07822504 0.01490152 0.11580475
v 0.07822504 0.01450064 0.11580475
v 0.07786376 0.01490152 0.11587457
v 0.07709780 0.01490152 0.11578976
v 0.07854753 0.01450064 0.11567617
v 0.07884123 0.01490152 0.11549105
v 0.07884123 0.01450064 0.11549105
v 0.07911027 0.01450064 0.11523999
v 0.07933355 0.01490152 0.11492849
v 0.07933355 0.01450064 0.11492849
v 0.07911027 0.01490152 0.11523999
v 0.07949232 0.01450064 0.11457073
v 0.07957443 0.01490152 0.11418803
v 0.07957443 0.01450064 0.11418803
v 0.07957715 0.01450064 0.11380477
v 0.07950733 0.01490152 0.11344348
v 0.07950733 0.01450064 0.11344348
v 0.07937875 0.01490152 0.11312100
v 0.07937875 0.01450064 0.11312100
v 0.07957715 0.01490152 0.11380477
v 0.07949232 0.01490152 0.11457073
v 0.07854753 0.01490152 0.11567617
v 0.07652706 0.01392123 0.11457274
v 0.07702397 0.01363153 0.11473282
v 0.07679438 0.01363153 0.11443665
v 0.07782155 0.01406609 0.11542656
v 0.07777934 0.01363153 0.11497855
v 0.07737621 0.01363153 0.11493390
v 0.07672624 0.01406609 0.11507025
v 0.07625971 0.01421093 0.11470885
v 0.07834338 0.01406609 0.11527514
v 0.07813921 0.01363153 0.11487413
v 0.07884123 0.01450064 0.11549105
v 0.07877283 0.01406609 0.11494228
v 0.07843540 0.01363153 0.11464456
v 0.07822504 0.01450064 0.11580475
v 0.07854753 0.01450064 0.11567617
v 0.07863648 0.01363153 0.11429232
v 0.07906440 0.01406609 0.11443153
v 0.07884406 0.01392123 0.11339319
v 0.07857671 0.01363153 0.11352930
v 0.07868113 0.01363153 0.11388919
v 0.07912914 0.01406609 0.11384697
v 0.07957443 0.01450064 0.11418803
v 0.07911140 0.01421093 0.11325709
v 0.07950733 0.01450064 0.11344348
v 0.07933355 0.01450064 0.11492849
v 0.07709780 0.01450064 0.11578976
v 0.07748050 0.01450064 0.11587185
v 0.07617748 0.01450064 0.11513867
v 0.07599236 0.01450064 0.11484495
v 0.07642852 0.01450064 0.11540769
v 0.07674005 0.01450064 0.11563097
v 0.07786376 0.01450064 0.11587457
v 0.07911027 0.01450064 0.11523999
v 0.07957715 0.01450064 0.11380477
v 0.07937875 0.01450064 0.11312100
v 0.07949232 0.01450064 0.11457073
v 0.07702397 0.01290154 0.11473282
v 0.07737621 0.01363153 0.11493390
v 0.07737621 0.01290154 0.11493390
v 0.07777934 0.01290154 0.11497855
v 0.07813921 0.01363153 0.11487413
v 0.07813921 0.01290154 0.11487413
v 0.07843540 0.01363153 0.11464456
v 0.07843540 0.01290154 0.11464456
v 0.07777934 0.01363153 0.11497855
v 0.07863648 0.01290154 0.11429232
v 0.07868113 0.01363153 0.11388919
v 0.07868113 0.01290154 0.11388919
v 0.07857671 0.01290154 0.11352930
v 0.07857671 0.01326654 0.11352930
v 0.07863648 0.01363153 0.11429232
v 0.07679438 0.01326654 0.11443665
v 0.07679438 0.01290154 0.11443665
v 0.07702397 0.01363153 0.11473282
v 0.07679438 0.01363153 0.11443665
v 0.07857671 0.01363153 0.11352930
v 0.13748193 0.01450064 0.08354148
v 0.13766705 0.01490152 0.08383520
v 0.13766705 0.01450064 0.08383520
v 0.13791811 0.01450064 0.08410422
v 0.13822963 0.01490152 0.08432751
v 0.13822963 0.01450064 0.08432751
v 0.13791811 0.01490152 0.08410422
v 0.13858738 0.01450064 0.08448629
v 0.13897006 0.01490152 0.08456838
v 0.13897006 0.01450064 0.08456838
v 0.13935333 0.01450064 0.08457110
v 0.13971462 0.01490152 0.08450127
v 0.13971462 0.01450064 0.08450127
v 0.13935333 0.01490152 0.08457110
v 0.13858738 0.01490152 0.08448629
v 0.14003712 0.01450064 0.08437270
v 0.14033083 0.01490152 0.08418758
v 0.14033083 0.01450064 0.08418758
v 0.14059984 0.01450064 0.08393652
v 0.14082313 0.01490152 0.08362501
v 0.14082313 0.01450064 0.08362501
v 0.14059984 0.01490152 0.08393652
v 0.14098192 0.01450064 0.08326727
v 0.14106402 0.01490152 0.08288456
v 0.14106402 0.01450064 0.08288456
v 0.14106673 0.01450064 0.08250130
v 0.14099691 0.01490152 0.08214000
v 0.14099691 0.01450064 0.08214000
v 0.14086832 0.01490152 0.08181752
v 0.14086832 0.01450064 0.08181752
v 0.14106673 0.01490152 0.08250130
v 0.14098192 0.01490152 0.08326727
v 0.14003712 0.01490152 0.08437270
v 0.13788297 0.01406609 0.08333732
v 0.13851354 0.01363153 0.08342936
v 0.13828399 0.01363153 0.08313317
v 0.13886579 0.01363153 0.08363044
v 0.13822963 0.01450064 0.08432751
v 0.13858738 0.01450064 0.08448629
v 0.13766705 0.01450064 0.08383520
v 0.13748193 0.01450064 0.08354148
v 0.13791811 0.01450064 0.08410422
v 0.13926893 0.01363153 0.08367508
v 0.13897006 0.01450064 0.08456838
v 0.13935333 0.01450064 0.08457110
v 0.13962882 0.01363153 0.08357066
v 0.13971462 0.01450064 0.08450127
v 0.14003712 0.01450064 0.08437270
v 0.13992499 0.01363153 0.08334109
v 0.14033083 0.01450064 0.08418758
v 0.14059984 0.01450064 0.08393652
v 0.14099691 0.01450064 0.08214000
v 0.14046730 0.01406609 0.08202167
v 0.14017072 0.01363153 0.08258570
v 0.14006630 0.01363153 0.08222582
v 0.14106402 0.01450064 0.08288456
v 0.14106673 0.01450064 0.08250130
v 0.14012607 0.01363153 0.08298885
v 0.14082313 0.01450064 0.08362501
v 0.14098192 0.01450064 0.08326727
v 0.14086832 0.01450064 0.08181752
v 0.13828399 0.01326654 0.08313317
v 0.13851354 0.01290154 0.08342936
v 0.13828399 0.01290154 0.08313317
v 0.13886579 0.01290154 0.08363044
v 0.13926893 0.01363153 0.08367508
v 0.13926893 0.01290154 0.08367508
v 0.13886579 0.01363153 0.08363044
v 0.13962882 0.01363153 0.08357066
v 0.13962882 0.01290154 0.08357066
v 0.13992499 0.01363153 0.08334109
v 0.13992499 0.01290154 0.08334109
v 0.14012607 0.01290154 0.08298885
v 0.14017072 0.01363153 0.08258570
v 0.14017072 0.01290154 0.08258570
v 0.14006630 0.01326654 0.08222582
v 0.14006630 0.01290154 0.08222582
v 0.14012607 0.01363153 0.08298885
v 0.13851354 0.01363153 0.08342936
v 0.14006630 0.01363153 0.08222582
v 0.13828399 0.01363153 0.08313317
v 0.07599236 -0.01469722 0.11484495
v 0.07586379 -0.01509810 0.11452246
v 0.07586379 -0.01469722 0.11452246
v 0.07579395 -0.01469722 0.11416118
v 0.07579666 -0.01509810 0.11377792
v 0.07579666 -0.01469722 0.11377792
v 0.07579395 -0.01509810 0.11416118
v 0.07587878 -0.01469722 0.11339522
v 0.07603755 -0.01509810 0.11303746
v 0.07603755 -0.01469722 0.11303746
v 0.07626084 -0.01469722 0.11272595
v 0.07652986 -0.01509810 0.11247490
v 0.07652986 -0.01469722 0.11247490
v 0.07626084 -0.01509810 0.11272595
v 0.07587878 -0.01509810 0.11339522
v 0.07682358 -0.01469722 0.11228978
v 0.07714606 -0.01509810 0.11216120
v 0.07714606 -0.01469722 0.11216120
v 0.07750735 -0.01469722 0.11209137
v 0.07789062 -0.01509810 0.11209410
v 0.07789062 -0.01469722 0.11209410
v 0.07750735 -0.01509810 0.11209137
v 0.07827330 -0.01469722 0.11217619
v 0.07863107 -0.01509809 0.11233496
v 0.07863107 -0.01469722 0.11233496
v 0.07894257 -0.01469722 0.11255826
v 0.07919364 -0.01509809 0.11282728
v 0.07919364 -0.01469722 0.11282728
v 0.07937875 -0.01509809 0.11312100
v 0.07937875 -0.01469722 0.11312100
v 0.07894257 -0.01509809 0.11255826
v 0.07827330 -0.01509809 0.11217619
v 0.07682358 -0.01509810 0.11228978
v 0.07652706 -0.01411782 0.11457274
v 0.07668998 -0.01382811 0.11407676
v 0.07679439 -0.01382811 0.11443665
v 0.07659827 -0.01426267 0.11302367
v 0.07693571 -0.01382811 0.11332139
v 0.07673461 -0.01382811 0.11367363
v 0.07624197 -0.01426267 0.11411896
v 0.07625971 -0.01440752 0.11470885
v 0.07723188 -0.01382811 0.11309182
v 0.07754955 -0.01426267 0.11253939
v 0.07714606 -0.01469722 0.11216120
v 0.07750735 -0.01469722 0.11209137
v 0.07759176 -0.01382811 0.11298740
v 0.07702773 -0.01426267 0.11269080
v 0.07652986 -0.01469722 0.11247490
v 0.07682358 -0.01469722 0.11228978
v 0.07799490 -0.01382811 0.11303203
v 0.07813411 -0.01426267 0.11260412
v 0.07884406 -0.01411782 0.11339319
v 0.07857671 -0.01382811 0.11352930
v 0.07834714 -0.01382811 0.11323313
v 0.07864485 -0.01426267 0.11289568
v 0.07863107 -0.01469722 0.11233496
v 0.07894257 -0.01469722 0.11255826
v 0.07911141 -0.01440752 0.11325709
v 0.07919364 -0.01469722 0.11282728
v 0.07789062 -0.01469722 0.11209410
v 0.07827330 -0.01469722 0.11217619
v 0.07587878 -0.01469722 0.11339522
v 0.07603755 -0.01469722 0.11303746
v 0.07586379 -0.01469722 0.11452246
v 0.07599236 -0.01469722 0.11484495
v 0.07579395 -0.01469722 0.11416118
v 0.07579666 -0.01469722 0.11377792
v 0.07626084 -0.01469722 0.11272595
v 0.07937875 -0.01469722 0.11312100
v 0.07668998 -0.01309812 0.11407676
v 0.07673461 -0.01382811 0.11367363
v 0.07673461 -0.01309812 0.11367363
v 0.07693571 -0.01309812 0.11332139
v 0.07723188 -0.01382811 0.11309182
v 0.07723188 -0.01309812 0.11309182
v 0.07759176 -0.01382811 0.11298740
v 0.07759176 -0.01309812 0.11298740
v 0.07693571 -0.01382811 0.11332139
v 0.07799490 -0.01309812 0.11303203
v 0.07834714 -0.01382811 0.11323313
v 0.07834714 -0.01309812 0.11323313
v 0.07857671 -0.01309812 0.11352930
v 0.07857671 -0.01346312 0.11352930
v 0.07799490 -0.01382811 0.11303203
v 0.07679439 -0.01346312 0.11443665
v 0.07679439 -0.01309812 0.11443665
v 0.07668998 -0.01382811 0.11407676
v 0.07679439 -0.01382811 0.11443665
v 0.13748193 -0.01469722 0.08354148
v 0.13735337 -0.01509809 0.08321899
v 0.13735337 -0.01469722 0.08321899
v 0.13728353 -0.01469722 0.08285772
v 0.13728627 -0.01509809 0.08247445
v 0.13728627 -0.01469722 0.08247445
v 0.13728353 -0.01509809 0.08285772
v 0.13736836 -0.01469722 0.08209175
v 0.13752713 -0.01509809 0.08173399
v 0.13752713 -0.01469722 0.08173399
v 0.13775042 -0.01469722 0.08142248
v 0.13801945 -0.01509809 0.08117143
v 0.13801945 -0.01469722 0.08117143
v 0.13775042 -0.01509809 0.08142248
v 0.13736836 -0.01509809 0.08209175
v 0.13831315 -0.01469722 0.08098632
v 0.13863565 -0.01509809 0.08085773
v 0.13863565 -0.01469722 0.08085773
v 0.13899693 -0.01469722 0.08078790
v 0.13938019 -0.01509809 0.08079063
v 0.13938019 -0.01469722 0.08079063
v 0.13899693 -0.01509809 0.08078790
v 0.13976290 -0.01469722 0.08087272
v 0.14012066 -0.01509809 0.08103149
v 0.14012066 -0.01469722 0.08103149
v 0.14043216 -0.01469722 0.08125479
v 0.14068320 -0.01509809 0.08152382
v 0.14068320 -0.01469722 0.08152382
v 0.14086832 -0.01509809 0.08181752
v 0.14086832 -0.01469722 0.08181752
v 0.14043216 -0.01509809 0.08125479
v 0.13976290 -0.01509809 0.08087272
v 0.13831315 -0.01509809 0.08098632
v 0.13801663 -0.01411781 0.08326928
v 0.13817957 -0.01382811 0.08277330
v 0.13828399 -0.01382811 0.08313317
v 0.13822420 -0.01382811 0.08237016
v 0.13728627 -0.01469722 0.08247445
v 0.13736836 -0.01469722 0.08209175
v 0.13735337 -0.01469722 0.08321899
v 0.13774930 -0.01440752 0.08340537
v 0.13748193 -0.01469722 0.08354148
v 0.13842529 -0.01382811 0.08201792
v 0.13752713 -0.01469722 0.08173399
v 0.13775042 -0.01469722 0.08142248
v 0.13872147 -0.01382811 0.08178835
v 0.13801945 -0.01469722 0.08117143
v 0.13831315 -0.01469722 0.08098632
v 0.13983671 -0.01382811 0.08192966
v 0.14012066 -0.01469722 0.08103149
v 0.14043216 -0.01469722 0.08125479
v 0.13908136 -0.01382811 0.08168393
v 0.13863565 -0.01469722 0.08085773
v 0.13899693 -0.01469722 0.08078790
v 0.14033362 -0.01411781 0.08208972
v 0.14006630 -0.01382811 0.08222582
v 0.14068320 -0.01469722 0.08152382
v 0.14060098 -0.01440752 0.08195362
v 0.13948449 -0.01382811 0.08172856
v 0.13938019 -0.01469722 0.08079063
v 0.13976290 -0.01469722 0.08087272
v 0.13728353 -0.01469722 0.08285772
v 0.14086832 -0.01469722 0.08181752
v 0.13828399 -0.01346311 0.08313317
v 0.13817957 -0.01309812 0.08277330
v 0.13828399 -0.01309812 0.08313317
v 0.13822420 -0.01309812 0.08237016
v 0.13842529 -0.01382811 0.08201792
v 0.13842529 -0.01309812 0.08201792
v 0.13822420 -0.01382811 0.08237016
v 0.13872147 -0.01382811 0.08178835
v 0.13872147 -0.01309812 0.08178835
v 0.13908136 -0.01382811 0.08168393
v 0.13908136 -0.01309812 0.08168393
v 0.13948449 -0.01309812 0.08172856
v 0.13983671 -0.01382811 0.08192966
v 0.13983671 -0.01309812 0.08192966
v 0.14006630 -0.01346311 0.08222582
v 0.14006630 -0.01309812 0.08222582
v 0.13948449 -0.01382811 0.08172856
v 0.13817957 -0.01382811 0.08277330
v 0.14006630 -0.01382811 0.08222582
v 0.13828399 -0.01382811 0.08313317
v 0.14416991 -0.01309812 0.13023250
v 0.14398716 -0.01309812 0.12960270
v 0.14398716 -0.01409811 0.12960270
v 0.14409178 -0.01509809 0.13093798
v 0.14409178 -0.01309812 0.13093798
v 0.14373988 -0.01509809 0.13155440
v 0.14373988 -0.01309812 0.13155440
v 0.14322158 -0.01409811 0.13195614
v 0.14322158 -0.01309812 0.13195614
v 0.14416991 -0.01509809 0.13023250
v 0.14322158 -0.01509809 0.13195614
v 0.14398716 -0.01509809 0.12960270
v 0.14416991 0.01490152 0.13023250
v 0.14398716 0.01490152 0.12960270
v 0.14398716 0.01390153 0.12960270
v 0.14409178 0.01290154 0.13093798
v 0.14409178 0.01490152 0.13093798
v 0.14373988 0.01290154 0.13155440
v 0.14373988 0.01490152 0.13155440
v 0.14322158 0.01390153 0.13195614
v 0.14322158 0.01490152 0.13195614
v 0.14416991 0.01290154 0.13023250
v 0.14322158 0.01290154 0.13195614
v 0.14398716 0.01290154 0.12960270
v 0.09961092 -0.01309812 0.15291629
v 0.09953286 -0.01509809 0.15362124
v 0.09953286 -0.01309812 0.15362124
v 0.09918122 -0.01509809 0.15423719
v 0.09918122 -0.01309812 0.15423719
v 0.09866331 -0.01309812 0.15463865
v 0.09866331 -0.01409811 0.15463865
v 0.09942831 -0.01409811 0.15228697
v 0.09942831 -0.01309812 0.15228697
v 0.09961092 -0.01509809 0.15291629
v 0.09942831 -0.01509809 0.15228697
v 0.09866331 -0.01509809 0.15463865
v 0.09961092 0.01490152 0.15291629
v 0.09953286 0.01290154 0.15362124
v 0.09953286 0.01490152 0.15362124
v 0.09918122 0.01290154 0.15423719
v 0.09918122 0.01490152 0.15423719
v 0.09866331 0.01490152 0.15463865
v 0.09866331 0.01390153 0.15463865
v 0.09942831 0.01390153 0.15228697
v 0.09942831 0.01490152 0.15228697
v 0.09961092 0.01290154 0.15291629
v 0.09942831 0.01290154 0.15228697
v 0.09866331 0.01290154 0.15463865
v 0.14828966 -0.01059815 0.13638926
v 0.14777342 -0.01023007 0.13552996
v 0.14783598 -0.01059815 0.13549811
v 0.14757496 -0.00989106 0.13563099
v 0.14818020 -0.00966838 0.13756708
v 0.14727285 -0.00966838 0.13578478
v 0.14848232 -0.00989106 0.13741330
v 0.14694484 -0.00959817 0.13595178
v 0.14785218 -0.00959817 0.13773409
v 0.14661681 -0.00966838 0.13611877
v 0.14752415 -0.00966838 0.13790108
v 0.14631470 -0.00989106 0.13627258
v 0.14702359 -0.01023007 0.13815591
v 0.14611624 -0.01023007 0.13637361
v 0.14650735 -0.01059815 0.13729660
v 0.14605368 -0.01059815 0.13640546
v 0.14722205 -0.00989106 0.13805488
v 0.14868078 -0.01023007 0.13731227
v 0.14696103 -0.01059815 0.13818777
v 0.14874334 -0.01059815 0.13728041
v 0.14813843 0.01040158 0.13609220
v 0.14777342 0.01076966 0.13552996
v 0.14783598 0.01040158 0.13549811
v 0.14822708 0.01076966 0.13642111
v 0.14757496 0.01110867 0.13563099
v 0.14772653 0.01133135 0.13667593
v 0.14844089 0.01040158 0.13668632
v 0.14694484 0.01140156 0.13595178
v 0.14727285 0.01133135 0.13578478
v 0.14848232 0.01110867 0.13741330
v 0.14661681 0.01133135 0.13611877
v 0.14739850 0.01140156 0.13684294
v 0.14707047 0.01133135 0.13700992
v 0.14631469 0.01110867 0.13627258
v 0.14676835 0.01110867 0.13716373
v 0.14635613 0.01040158 0.13699956
v 0.14611624 0.01076966 0.13637361
v 0.14656992 0.01076966 0.13726476
v 0.14605368 0.01040158 0.13640546
v 0.14818020 0.01133135 0.13756708
v 0.14785218 0.01140156 0.13773409
v 0.14868078 0.01076966 0.13731227
v 0.14874334 0.01040158 0.13728041
v 0.14752415 0.01133135 0.13790108
v 0.14722205 0.01110867 0.13805488
v 0.14702359 0.01076966 0.13815591
v 0.14665858 0.01040158 0.13759365
v 0.14696103 0.01040158 0.13818777
v 0.10373198 -0.01059815 0.15907292
v 0.10321574 -0.01023007 0.15821365
v 0.10327832 -0.01059815 0.15818179
v 0.10301731 -0.00989106 0.15831466
v 0.10362254 -0.00966838 0.16025077
v 0.10271518 -0.00966838 0.15846846
v 0.10392466 -0.00989106 0.16009696
v 0.10329451 -0.00959817 0.16041775
v 0.10238717 -0.00959817 0.15863545
v 0.10205914 -0.00966838 0.15880244
v 0.10296648 -0.00966838 0.16058477
v 0.10155858 -0.01023007 0.15905728
v 0.10266437 -0.00989106 0.16073854
v 0.10246593 -0.01023007 0.16083958
v 0.10194968 -0.01059815 0.15998028
v 0.10149602 -0.01059815 0.15908914
v 0.10175702 -0.00989106 0.15895624
v 0.10412310 -0.01023007 0.15999595
v 0.10240336 -0.01059815 0.16087144
v 0.10418566 -0.01059815 0.15996409
v 0.10373198 0.01040157 0.15907292
v 0.10321574 0.01076966 0.15821365
v 0.10327832 0.01040157 0.15818179
v 0.10301730 0.01110867 0.15831466
v 0.10362254 0.01133135 0.16025077
v 0.10271518 0.01133135 0.15846846
v 0.10392466 0.01110867 0.16009696
v 0.10329451 0.01140156 0.16041775
v 0.10238717 0.01140156 0.15863545
v 0.10205914 0.01133135 0.15880244
v 0.10296648 0.01133135 0.16058477
v 0.10155858 0.01076966 0.15905728
v 0.10266437 0.01110867 0.16073854
v 0.10246593 0.01076966 0.16083958
v 0.10194968 0.01040157 0.15998028
v 0.10149602 0.01040157 0.15908914
v 0.10175702 0.01110867 0.15895624
v 0.10412310 0.01076966 0.15999595
v 0.10240336 0.01040157 0.16087144
v 0.10418566 0.01040157 0.15996409
v 0.07468121 0.01290154 0.13759866
v 0.07554010 0.01490152 0.13851902
v 0.07554010 0.01290154 0.13851902
v 0.07660578 0.01290154 0.13928290
v 0.07782969 0.01490152 0.13982609
v 0.07782969 0.01290154 0.13982609
v 0.07913890 0.01490152 0.14010694
v 0.07913890 0.01290154 0.14010694
v 0.07660578 0.01490152 0.13928290
v 0.08045007 0.01290154 0.14011626
v 0.08168605 0.01490152 0.13987736
v 0.08168605 0.01290154 0.13987736
v 0.08278930 0.01290154 0.13943749
v 0.08278930 0.01390153 0.13943749
v 0.08045007 0.01490152 0.14011626
v 0.07404793 0.01390153 0.13659387
v 0.07404793 0.01290154 0.13659387
v 0.07468121 0.01490152 0.13759866
v 0.07404793 0.01490152 0.13659387
v 0.08278930 0.01490152 0.13943749
v 0.17969847 0.01390153 0.05868332
v 0.17900979 0.01290155 0.05779479
v 0.17969847 0.01290155 0.05868332
v 0.17795306 0.01290155 0.05719153
v 0.17674364 0.01490152 0.05705760
v 0.17674364 0.01290155 0.05705760
v 0.17795306 0.01490152 0.05719153
v 0.17566399 0.01490152 0.05737087
v 0.17566399 0.01290155 0.05737087
v 0.17477546 0.01490152 0.05805957
v 0.17477546 0.01290155 0.05805957
v 0.17417220 0.01290155 0.05911630
v 0.17403828 0.01490152 0.06032570
v 0.17403828 0.01290155 0.06032570
v 0.17435155 0.01390153 0.06140534
v 0.17435155 0.01290155 0.06140534
v 0.17417220 0.01490152 0.05911630
v 0.17900979 0.01490152 0.05779479
v 0.17969847 0.01490152 0.05868332
v 0.17435155 0.01490152 0.06140534
v 0.05078766 0.01290154 0.12308487
v 0.04999486 0.01490151 0.12223532
v 0.04999486 0.01290154 0.12223532
v 0.04901113 0.01290154 0.12153019
v 0.04788139 0.01490151 0.12102879
v 0.04788139 0.01290154 0.12102879
v 0.04901113 0.01490151 0.12153019
v 0.04667286 0.01290154 0.12076954
v 0.04546257 0.01490151 0.12076094
v 0.04546257 0.01290154 0.12076094
v 0.04432166 0.01290154 0.12098145
v 0.04330328 0.01490151 0.12138749
v 0.04330328 0.01290154 0.12138749
v 0.04237578 0.01490151 0.12197207
v 0.04237578 0.01290154 0.12197207
v 0.04432166 0.01490151 0.12098145
v 0.04667286 0.01490151 0.12076954
v 0.04152622 0.01290154 0.12276487
v 0.04082110 0.01490151 0.12374859
v 0.04082110 0.01290154 0.12374859
v 0.04031970 0.01290154 0.12487835
v 0.04006044 0.01490151 0.12608685
v 0.04006044 0.01290154 0.12608685
v 0.04031970 0.01490151 0.12487835
v 0.04005184 0.01290154 0.12729717
v 0.04027235 0.01490151 0.12843806
v 0.04027235 0.01290154 0.12843806
v 0.04067839 0.01290154 0.12945646
v 0.04067839 0.01390153 0.12945646
v 0.04005184 0.01490151 0.12729717
v 0.04152622 0.01490151 0.12276487
v 0.05137223 0.01390153 0.12401238
v 0.05137223 0.01290154 0.12401238
v 0.05078766 0.01490151 0.12308487
v 0.05137223 0.01490151 0.12401238
v 0.04067839 0.01490151 0.12945646
v 0.00983239 -0.01409811 0.13749737
v 0.00983239 -0.01509810 0.13749737
v 0.00826875 -0.01509810 0.13726013
v 0.00666258 -0.01509810 0.13730315
v 0.00826875 -0.01309812 0.13726013
v 0.00362265 -0.01509810 0.13822199
v 0.00508966 -0.01309812 0.13763110
v 0.00508966 -0.01509810 0.13763110
v 0.00223141 -0.01509810 0.13909886
v 0.00362265 -0.01309812 0.13822199
v 0.00666258 -0.01309812 0.13730315
v 0.00983239 -0.01309812 0.13749737
v 0.00095708 -0.01509810 0.14028806
v 0.00223141 -0.01309812 0.13909886
v -0.00010061 -0.01509810 0.14176364
v 0.00095708 -0.01309812 0.14028806
v -0.00085271 -0.01509810 0.14345827
v -0.00010061 -0.01309812 0.14176364
v -0.00125448 -0.01509810 0.14708648
v -0.00124159 -0.01309812 0.14527104
v -0.00124159 -0.01509810 0.14527104
v -0.00031466 -0.01509810 0.15032543
v -0.00092374 -0.01309812 0.14879785
v -0.00092374 -0.01509810 0.14879785
v -0.00125448 -0.01309812 0.14708648
v -0.00085271 -0.01309812 0.14345827
v 0.07404793 -0.01409811 0.13659387
v 0.07468122 -0.01509810 0.13759866
v 0.07404793 -0.01509810 0.13659387
v 0.07554010 -0.01509810 0.13851902
v 0.07660578 -0.01309812 0.13928290
v 0.07660578 -0.01509810 0.13928290
v 0.07554010 -0.01309812 0.13851902
v 0.07782969 -0.01309812 0.13982609
v 0.07782969 -0.01509810 0.13982609
v 0.07913890 -0.01309812 0.14010694
v 0.07913890 -0.01509809 0.14010694
v 0.08045007 -0.01509809 0.14011626
v 0.08168605 -0.01309812 0.13987736
v 0.08168605 -0.01509809 0.13987736
v 0.08278930 -0.01409811 0.13943749
v 0.08278930 -0.01509809 0.13943749
v 0.08045007 -0.01309812 0.14011626
v 0.07468122 -0.01309812 0.13759866
v 0.08278930 -0.01309812 0.13943749
v 0.07404793 -0.01309812 0.13659387
v 0.17969847 -0.01409810 0.05868332
v 0.17900979 -0.01509809 0.05779479
v 0.17969847 -0.01509809 0.05868332
v 0.17795306 -0.01509809 0.05719153
v 0.17674364 -0.01309812 0.05705760
v 0.17674364 -0.01509809 0.05705760
v 0.17795306 -0.01309812 0.05719153
v 0.17566400 -0.01309812 0.05737087
v 0.17566400 -0.01509809 0.05737087
v 0.17477546 -0.01309812 0.05805957
v 0.17477546 -0.01509809 0.05805957
v 0.17417220 -0.01509809 0.05911630
v 0.17403828 -0.01309812 0.06032570
v 0.17403828 -0.01509809 0.06032570
v 0.17435155 -0.01409810 0.06140534
v 0.17435155 -0.01509809 0.06140534
v 0.17417220 -0.01309812 0.05911630
v 0.17900979 -0.01309812 0.05779479
v 0.17969847 -0.01309812 0.05868332
v 0.17435155 -0.01309812 0.06140534
v 0.05078766 -0.01509810 0.12308487
v 0.04999486 -0.01309812 0.12223532
v 0.04999486 -0.01509810 0.12223532
v 0.04901114 -0.01509810 0.12153019
v 0.04788139 -0.01309812 0.12102879
v 0.04788139 -0.01509810 0.12102879
v 0.04901114 -0.01309812 0.12153019
v 0.04667286 -0.01509810 0.12076954
v 0.04546257 -0.01309812 0.12076094
v 0.04546257 -0.01509810 0.12076094
v 0.04432166 -0.01509810 0.12098145
v 0.04330328 -0.01309812 0.12138749
v 0.04330328 -0.01509810 0.12138749
v 0.04237578 -0.01309812 0.12197207
v 0.04237578 -0.01509810 0.12197207
v 0.04432166 -0.01309812 0.12098145
v 0.04667286 -0.01309812 0.12076954
v 0.04152622 -0.01509810 0.12276487
v 0.04082110 -0.01309812 0.12374859
v 0.04082110 -0.01509810 0.12374859
v 0.04031970 -0.01509810 0.12487835
v 0.04006044 -0.01309812 0.12608685
v 0.04006044 -0.01509810 0.12608685
v 0.04031970 -0.01309812 0.12487835
v 0.04005184 -0.01509810 0.12729717
v 0.04027235 -0.01309812 0.12843806
v 0.04027235 -0.01509810 0.12843806
v 0.04067840 -0.01509810 0.12945646
v 0.04067840 -0.01409811 0.12945646
v 0.04005184 -0.01309812 0.12729717
v 0.04152622 -0.01309812 0.12276487
v 0.05137224 -0.01409811 0.12401238
v 0.05137224 -0.01509810 0.12401238
v 0.05078766 -0.01309812 0.12308487
v 0.05137224 -0.01309812 0.12401238
v 0.04067840 -0.01309812 0.12945646
v 0.00983239 0.01390153 0.13749737
v 0.00983239 0.01290154 0.13749737
v 0.00826875 0.01290154 0.13726013
v 0.00666258 0.01290154 0.13730315
v 0.00817286 0.01490151 0.13725462
v 0.00362265 0.01290154 0.13822199
v 0.00500153 0.01490151 0.13765837
v 0.00508966 0.01290154 0.13763110
v 0.00223141 0.01290154 0.13909886
v 0.00362265 0.01490151 0.13822199
v 0.00653705 0.01490151 0.13731869
v 0.00983239 0.01490151 0.13749737
v 0.00095708 0.01290154 0.14028806
v 0.00223141 0.01490151 0.13909886
v -0.00010061 0.01290154 0.14176364
v 0.00095708 0.01490151 0.14028806
v -0.00085271 0.01290154 0.14345827
v -0.00010061 0.01490151 0.14176364
v -0.00125448 0.01290154 0.14708648
v -0.00124159 0.01490151 0.14527104
v -0.00124159 0.01290154 0.14527104
v -0.00031466 0.01290154 0.15032543
v -0.00092374 0.01490151 0.14879785
v -0.00092374 0.01290154 0.14879785
v -0.00125448 0.01490151 0.14708648
v -0.00085271 0.01490151 0.14345827
v 0.17637789 0.01490152 0.09472946
v 0.17637799 0.01490152 0.08032160
v 0.16022602 0.01490152 0.08032149
v 0.07946565 0.01490152 0.15236016
v 0.06331367 0.01490151 0.15236004
v 0.06331356 0.01490151 0.16676790
v 0.04716181 0.01490151 0.13795208
v 0.04716171 0.01490151 0.15235992
v 0.04716160 0.01490151 0.16676779
v 0.03100983 0.01490151 0.13795196
v 0.03100972 0.01490151 0.15235981
v 0.03100962 0.01490151 0.16676767
v 0.01485776 0.01490151 0.15235969
v 0.18388891 0.01490152 0.05329853
v 0.18253105 0.01490152 0.05267385
v 0.17900979 0.01490152 0.05779479
v 0.18115282 0.01490152 0.05218822
v 0.17841033 0.01490152 0.05161674
v 0.17795306 0.01490152 0.05719153
v 0.17977349 0.01490152 0.05183804
v 0.17674364 0.01490152 0.05705760
v 0.18870815 0.01490152 0.05712821
v 0.18763510 0.01490152 0.05598719
v 0.18001175 0.01490152 0.05976296
v 0.18646150 0.01490152 0.05496122
v 0.17969847 0.01490152 0.05868332
v 0.18520602 0.01490152 0.05406231
v 0.17703319 0.01490152 0.05151380
v 0.17415672 0.01490152 0.05168294
v 0.17561022 0.01490152 0.05153237
v 0.17269054 0.01490152 0.05197347
v 0.17566399 0.01490152 0.05737087
v 0.17123158 0.01490152 0.05240877
v 0.17477546 0.01490152 0.05805957
v 0.16980097 0.01490152 0.05298984
v 0.16842032 0.01490152 0.05371359
v 0.16711060 0.01490152 0.05457265
v 0.17417220 0.01490152 0.05911630
v 0.16477877 0.01490152 0.05664769
v 0.16589118 0.01490152 0.05555565
v 0.16378683 0.01490152 0.05783105
v 0.17403828 0.01490152 0.06032570
v 0.19117967 0.01490152 0.06107234
v 0.17987783 0.01490152 0.06097236
v 0.19172484 0.01490152 0.06249393
v 0.19049129 0.01490152 0.05969015
v 0.18966448 0.01490152 0.05836866
v 0.17927456 0.01490152 0.06202909
v 0.19212620 0.01490152 0.06393370
v 0.19238706 0.01490152 0.06537150
v 0.19251400 0.01490152 0.06678893
v 0.19251624 0.01490152 0.06816992
v 0.19210111 0.01490152 0.07816117
v 0.19168597 0.01490152 0.08815241
v 0.16219862 0.01490152 0.06039247
v 0.16292495 0.01490152 0.05908613
v 0.17435155 0.01490152 0.06140534
v 0.17838604 0.01490152 0.06271780
v 0.17730638 0.01490152 0.06303106
v 0.16083072 0.01490152 0.06442069
v 0.17504025 0.01490152 0.06229388
v 0.17609697 0.01490152 0.06289715
v 0.15967842 0.01490152 0.06737951
v 0.16017647 0.01490152 0.06644545
v 0.16160943 0.01490152 0.06172970
v 0.16115521 0.01490152 0.06307836
v 0.16056365 0.01490152 0.06545240
v 0.15908305 0.01490152 0.06823729
v 0.15766918 0.01490152 0.06967497
v 0.15608277 0.01490152 0.07070574
v 0.15094305 0.01490152 0.09134284
v 0.14528990 0.01490152 0.07620022
v 0.14068320 0.01490152 0.08152382
v 0.14086832 0.01490152 0.08181752
v 0.14099691 0.01490152 0.08214000
v 0.13976290 0.01490152 0.08087272
v 0.14012066 0.01490152 0.08103149
v 0.13938018 0.01490152 0.08079063
v 0.13863565 0.01490152 0.08085773
v 0.13899693 0.01490152 0.08078790
v 0.13449703 0.01490152 0.08169471
v 0.13831315 0.01490152 0.08098632
v 0.14043216 0.01490152 0.08125479
v 0.13752713 0.01490152 0.08173399
v 0.13775042 0.01490152 0.08142248
v 0.13801945 0.01490152 0.08117143
v 0.13736836 0.01490152 0.08209175
v 0.13728627 0.01490152 0.08247445
v 0.14106673 0.01490152 0.08250130
v 0.14106402 0.01490152 0.08288456
v 0.14963189 0.01490152 0.09133352
v 0.14839592 0.01490152 0.09157240
v 0.14082313 0.01490152 0.08362501
v 0.14059984 0.01490152 0.08393652
v 0.14098192 0.01490152 0.08326727
v 0.15225228 0.01490152 0.09162369
v 0.14729266 0.01490152 0.09201228
v 0.14003712 0.01490152 0.08437270
v 0.14033083 0.01490152 0.08418758
v 0.13766705 0.01490152 0.08383520
v 0.13748193 0.01490152 0.08354148
v 0.12370419 0.01490152 0.08718920
v 0.13791811 0.01490152 0.08410422
v 0.13728353 0.01490152 0.08285772
v 0.13735336 0.01490152 0.08321899
v 0.13971462 0.01490152 0.08450127
v 0.13935333 0.01490152 0.08457110
v 0.13822963 0.01490152 0.08432751
v 0.13723535 0.01490152 0.09713232
v 0.13858738 0.01490152 0.08448629
v 0.13897006 0.01490152 0.08456838
v 0.15347617 0.01490152 0.09216688
v 0.18386717 0.01490152 0.11314203
v 0.19085570 0.01490152 0.10813491
v 0.19127083 0.01490152 0.09814367
v 0.15587945 0.01490152 0.10103942
v 0.17687862 0.01490152 0.11814915
v 0.15647390 0.01490152 0.09595915
v 0.15671280 0.01490152 0.09719514
v 0.15511556 0.01490152 0.10210512
v 0.16989010 0.01490152 0.12315628
v 0.16654141 0.01490152 0.12541438
v 0.16672137 0.01490152 0.12536216
v 0.16942428 0.01490152 0.12362403
v 0.16912655 0.01490152 0.12425163
v 0.16899614 0.01490152 0.12472577
v 0.16810499 0.01490152 0.12517945
v 0.16692294 0.01490152 0.12538449
v 0.15670348 0.01490152 0.09850629
v 0.15603404 0.01490152 0.09485591
v 0.15540075 0.01490152 0.09385113
v 0.15454187 0.01490152 0.09293076
v 0.15642263 0.01490152 0.09981553
v 0.15319042 0.01490152 0.10359729
v 0.15419520 0.01490152 0.10296399
v 0.14313310 0.01490152 0.10871731
v 0.16636627 0.01490152 0.12556264
v 0.16709905 0.01490152 0.12548503
v 0.16721382 0.01490152 0.12563313
v 0.15807950 0.01490152 0.13028327
v 0.16627293 0.01490152 0.12579177
v 0.15898686 0.01490152 0.13206559
v 0.16244007 0.01490152 0.13030759
v 0.15853318 0.01490152 0.13117442
v 0.16589330 0.01490152 0.12854962
v 0.14358542 0.01490152 0.12908439
v 0.14398716 0.01490152 0.12960270
v 0.15629720 0.01490152 0.13119063
v 0.15718835 0.01490152 0.13073695
v 0.14416991 0.01490152 0.13023250
v 0.14296899 0.01490152 0.12873249
v 0.15130922 0.01490152 0.13597416
v 0.15675087 0.01490152 0.13208178
v 0.15720456 0.01490152 0.13297293
v 0.14373988 0.01490152 0.13155440
v 0.14541390 0.01490152 0.13897538
v 0.14188484 0.01490152 0.13263665
v 0.14322158 0.01490152 0.13195614
v 0.14409178 0.01490152 0.13093798
v 0.14226350 0.01490152 0.12865436
v 0.13307581 0.01490152 0.11383734
v 0.14074257 0.01490152 0.12929079
v 0.14163371 0.01490152 0.12883711
v 0.13985142 0.01490152 0.12974447
v 0.12301852 0.01490152 0.11895737
v 0.13844194 0.01490152 0.13059987
v 0.13896024 0.01490152 0.13019812
v 0.13991831 0.01490152 0.13349991
v 0.13951858 0.01490152 0.14197661
v 0.14054811 0.01490152 0.13331716
v 0.13859640 0.01490152 0.13306989
v 0.13921283 0.01490152 0.13342179
v 0.13362326 0.01490152 0.14497783
v 0.13819468 0.01490152 0.13255158
v 0.12717806 0.01490152 0.10225234
v 0.11291132 0.01490152 0.09268370
v 0.11712076 0.01490152 0.10737238
v 0.10211847 0.01490152 0.09817818
v 0.10706345 0.01490152 0.11249241
v 0.09132562 0.01490152 0.10367267
v 0.09700614 0.01490152 0.11761243
v 0.13801191 0.01490152 0.13192179
v 0.13809004 0.01490152 0.13121629
v 0.11296120 0.01490152 0.12407740
v 0.12772793 0.01490152 0.14797906
v 0.10290390 0.01490152 0.12919744
v 0.09284660 0.01490152 0.13431746
v 0.09841092 0.01490152 0.15141743
v 0.12183260 0.01490152 0.15098026
v 0.09902688 0.01490152 0.15176906
v 0.11593729 0.01490152 0.15398150
v 0.09942831 0.01490152 0.15228697
v 0.09961092 0.01490152 0.15291629
v 0.11004198 0.01490152 0.15698273
v 0.10414664 0.01490152 0.15998396
v 0.09953286 0.01490152 0.15362124
v 0.09918122 0.01490152 0.15423719
v 0.09866331 0.01490152 0.15463865
v 0.09732657 0.01490152 0.15531914
v 0.09770596 0.01490152 0.15133937
v 0.09707665 0.01490152 0.15152198
v 0.09573992 0.01490152 0.15220248
v 0.08278930 0.01490152 0.13943749
v 0.09440320 0.01490152 0.15288300
v 0.09388527 0.01490152 0.15328442
v 0.09598984 0.01490152 0.15599967
v 0.09825132 0.01490152 0.16298518
v 0.09536053 0.01490152 0.15618227
v 0.09403961 0.01490152 0.15575256
v 0.09235601 0.01490152 0.16598638
v 0.09465558 0.01490152 0.15610421
v 0.09363818 0.01490152 0.15523464
v 0.07957715 0.01490152 0.11380477
v 0.08053275 0.01490152 0.10916717
v 0.07863107 0.01490152 0.11233496
v 0.07894257 0.01490152 0.11255826
v 0.07919364 0.01490152 0.11282728
v 0.07827330 0.01490152 0.11217619
v 0.07789062 0.01490152 0.11209410
v 0.07750735 0.01490152 0.11209137
v 0.07950733 0.01490152 0.11344348
v 0.07957443 0.01490152 0.11418803
v 0.07937875 0.01490152 0.11312100
v 0.08694884 0.01490152 0.12273247
v 0.07949232 0.01490152 0.11457073
v 0.07714606 0.01490152 0.11216120
v 0.07682358 0.01490152 0.11228978
v 0.06973990 0.01490151 0.11466165
v 0.07626083 0.01490152 0.11272595
v 0.07652986 0.01490152 0.11247490
v 0.07603755 0.01490152 0.11303746
v 0.07599236 0.01490152 0.11484495
v 0.07586379 0.01490152 0.11452246
v 0.07579395 0.01490152 0.11416118
v 0.07579666 0.01490152 0.11377792
v 0.07587878 0.01490152 0.11339522
v 0.07617748 0.01490152 0.11513867
v 0.07911027 0.01490152 0.11523999
v 0.07884123 0.01490152 0.11549105
v 0.07933355 0.01490152 0.11492849
v 0.07689155 0.01490152 0.12785250
v 0.07674005 0.01490152 0.11563097
v 0.07854753 0.01490152 0.11567617
v 0.07822504 0.01490152 0.11580475
v 0.07786376 0.01490152 0.11587457
v 0.07748050 0.01490152 0.11587185
v 0.07709780 0.01490152 0.11578976
v 0.07642852 0.01490152 0.11540769
v 0.07588675 0.01490152 0.12848578
v 0.05894703 0.01490151 0.12015615
v 0.07496639 0.01490152 0.12934466
v 0.06331377 0.01490151 0.13795220
v 0.07365934 0.01490152 0.13163425
v 0.05329554 0.01490151 0.12046553
v 0.05078766 0.01490151 0.12308487
v 0.05427316 0.01490151 0.12075577
v 0.05137223 0.01490151 0.12401238
v 0.05527532 0.01490151 0.12090039
v 0.07420251 0.01490152 0.13041035
v 0.05722887 0.01490151 0.12076455
v 0.05199019 0.01490151 0.12738197
v 0.05812698 0.01490151 0.12050970
v 0.05627028 0.01490151 0.12090018
v 0.05177828 0.01490151 0.12503075
v 0.05199879 0.01490151 0.12617166
v 0.05237350 0.01490151 0.12003800
v 0.05153426 0.01490151 0.11948996
v 0.04976543 0.01490151 0.11843731
v 0.04901113 0.01490151 0.12153019
v 0.04877997 0.01490151 0.11806018
v 0.04788139 0.01490151 0.12102879
v 0.04669737 0.01490151 0.11765813
v 0.04667286 0.01490151 0.12076954
v 0.04775043 0.01490151 0.11779828
v 0.04564236 0.01490151 0.11764134
v 0.04999486 0.01490151 0.12223532
v 0.04546257 0.01490151 0.12076094
v 0.04360881 0.01490151 0.11795996
v 0.04432166 0.01490151 0.12098145
v 0.04169886 0.01490151 0.11872740
v 0.03996837 0.01490151 0.11994149
v 0.04237578 0.01490151 0.12197207
v 0.04080120 0.01490151 0.11928196
v 0.04330328 0.01490151 0.12138749
v 0.03921808 0.01490151 0.12069355
v 0.04082110 0.01490151 0.12374859
v 0.04152622 0.01490151 0.12276487
v 0.03856465 0.01490151 0.12152202
v 0.04031970 0.01490151 0.12487835
v 0.03758416 0.01490151 0.12333187
v 0.05122954 0.01490151 0.12972024
v 0.05173093 0.01490151 0.12859047
v 0.04874735 0.01490151 0.13208133
v 0.04967485 0.01490151 0.13149675
v 0.05052441 0.01490151 0.13070395
v 0.04416925 0.01490151 0.13244003
v 0.04537777 0.01490151 0.13269929
v 0.04658807 0.01490151 0.13270788
v 0.04772897 0.01490151 0.13248739
v 0.04006044 0.01490151 0.12608685
v 0.03701920 0.01490151 0.12443848
v 0.03625380 0.01490151 0.12544278
v 0.03532043 0.01490151 0.12629321
v 0.04005184 0.01490151 0.12729717
v 0.03426757 0.01490151 0.12695295
v 0.04027235 0.01490151 0.12843806
v 0.04126297 0.01490151 0.13038396
v 0.04205579 0.01490151 0.13123350
v 0.04303950 0.01490151 0.13193864
v 0.04067839 0.01490151 0.12945646
v 0.02446486 0.01490151 0.13194335
v 0.08168605 0.01490152 0.13987736
v 0.08045007 0.01490152 0.14011626
v 0.07913890 0.01490152 0.14010694
v 0.07876685 0.01490152 0.17066021
v 0.07965800 0.01490152 0.17020655
v 0.09353363 0.01490152 0.15390037
v 0.09345556 0.01490152 0.15460535
v 0.08011168 0.01490152 0.17109768
v 0.08646068 0.01490152 0.16898762
v 0.08056535 0.01490152 0.17198885
v 0.07782969 0.01490152 0.13982609
v 0.07404793 0.01490152 0.13659387
v 0.07360804 0.01490152 0.13549061
v 0.07468121 0.01490152 0.13759866
v 0.07336915 0.01490152 0.13425464
v 0.07337847 0.01490152 0.13294348
v 0.07554010 0.01490152 0.13851902
v 0.07660578 0.01490152 0.13928290
v 0.05277720 0.01490151 0.17395542
v 0.07787571 0.01490152 0.17111390
v 0.07832939 0.01490152 0.17200503
v 0.07421589 0.01490152 0.17522127
v 0.07878305 0.01490152 0.17289620
v 0.06741498 0.01490151 0.17412700
v 0.06681029 0.01490151 0.17406004
v 0.06794337 0.01490151 0.17442864
v 0.06964873 0.01490151 0.17754635
v 0.06896821 0.01490151 0.17620963
v 0.06828770 0.01490151 0.17487287
v 0.06627047 0.01490151 0.17421669
v 0.05355076 0.01490151 0.17441239
v 0.06493505 0.01490151 0.17501470
v 0.06537931 0.01490151 0.17467035
v 0.05101642 0.01490151 0.17360809
v 0.05016147 0.01490151 0.17372826
v 0.05191047 0.01490151 0.17368054
v 0.06251950 0.01490151 0.18117574
v 0.06608411 0.01490151 0.17936105
v 0.06540360 0.01490151 0.17802430
v 0.06456646 0.01490151 0.17614777
v 0.06463341 0.01490151 0.17554307
v 0.06472309 0.01490151 0.17668758
v 0.01358974 0.01490151 0.13737214
v 0.01239543 0.01490151 0.13763634
v 0.01466219 0.01490151 0.13693378
v 0.00653705 0.01490151 0.13731869
v 0.00983239 0.01490151 0.13749737
v 0.00817286 0.01490151 0.13725462
v 0.00500153 0.01490151 0.13765837
v 0.01112314 0.01490151 0.13768616
v -0.00124159 0.01490151 0.14527104
v 0.00362265 0.01490151 0.13822199
v 0.01606721 0.01490151 0.15861386
v 0.00223141 0.01490151 0.13909886
v 0.00095708 0.01490151 0.14028806
v -0.00010061 0.01490151 0.14176364
v -0.00085271 0.01490151 0.14345827
v -0.00125448 0.01490151 0.14708648
v 0.00428858 0.01490151 0.15456829
v 0.00280109 0.01490151 0.15378838
v 0.00151360 0.01490151 0.15277350
v 0.00046989 0.01490151 0.15159410
v -0.00031466 0.01490151 0.15032543
v -0.00092374 0.01490151 0.14879785
v 0.00626143 0.01490151 0.15530313
v 0.03810300 0.01490151 0.17427367
v 0.03087292 0.01490151 0.17216958
v 0.03322294 0.01490151 0.17307311
v 0.03564154 0.01490151 0.17377671
v 0.02861569 0.01490151 0.17107686
v 0.02647322 0.01490151 0.16980958
v 0.02446440 0.01490151 0.16838546
v 0.04548394 0.01490151 0.17452445
v 0.04304956 0.01490151 0.17464336
v 0.04786133 0.01490151 0.17421509
v 0.04058099 0.01490151 0.17456186
v 0.01503309 0.01490151 0.15771381
v 0.01239493 0.01490151 0.15670809
v 0.01377799 0.01490151 0.15705506
v 0.01032793 0.01490151 0.15637575
v 0.00827894 0.01490151 0.15590684
v 0.02260466 0.01490151 0.16682465
v 0.02090564 0.01490151 0.16514894
v 0.01937507 0.01490151 0.16338088
v 0.01801684 0.01490151 0.16154306
v 0.01683139 0.01490151 0.15965740
v 0.15794146 0.00365166 0.13259777
v 0.14998962 0.00740161 0.13664594
v 0.14998963 0.00365166 0.13664594
v 0.15794146 -0.00009829 0.13259777
v 0.14998963 -0.00009829 0.13664594
v 0.15794146 -0.00384824 0.13259777
v 0.14998963 -0.00384824 0.13664594
v 0.15794146 -0.00759819 0.13259777
v 0.14998963 -0.00759819 0.13664594
v 0.14203780 0.00740161 0.14069411
v 0.14203780 0.00365166 0.14069411
v 0.14203780 -0.00009829 0.14069411
v 0.14203780 -0.00384824 0.14069411
v 0.14203780 -0.00759819 0.14069411
v 0.13408597 0.01115157 0.14474228
v 0.13408597 0.00740161 0.14474228
v 0.13408597 0.00365166 0.14474228
v 0.13408597 -0.00009829 0.14474228
v 0.13408597 -0.00384824 0.14474228
v 0.13408597 -0.00759819 0.14474228
v 0.14203780 -0.01134814 0.14069411
v 0.13408597 -0.01134814 0.14474228
v 0.12613414 0.01115157 0.14879044
v 0.12613414 0.00740161 0.14879044
v 0.12613414 0.00365166 0.14879044
v 0.12613414 -0.00009829 0.14879044
v 0.12613414 -0.00384824 0.14879044
v 0.12613414 -0.00759819 0.14879044
v 0.12613414 -0.01134814 0.14879044
v 0.11818231 0.01115157 0.15283858
v 0.11818231 0.00740161 0.15283858
v 0.11818231 0.00365166 0.15283858
v 0.11818231 -0.00009829 0.15283858
v 0.11818231 -0.00384824 0.15283858
v 0.11818231 -0.00759819 0.15283858
v 0.11818231 -0.01134814 0.15283858
v 0.11023047 0.01115157 0.15688675
v 0.11023047 0.00740161 0.15688675
v 0.11023047 0.00365166 0.15688675
v 0.11023047 -0.00009829 0.15688675
v 0.11023047 -0.00384824 0.15688675
v 0.11023047 -0.00759819 0.15688675
v 0.11023047 -0.01134814 0.15688675
v 0.10227865 0.00740161 0.16093492
v 0.10227865 0.00365166 0.16093492
v 0.10227865 -0.00009829 0.16093492
v 0.10227865 -0.00384824 0.16093492
v 0.10227865 -0.00759820 0.16093492
v 0.09432682 0.00740161 0.16498309
v 0.09432682 0.00365166 0.16498309
v 0.09432682 -0.00009829 0.16498309
v 0.09432682 -0.00384824 0.16498309
v 0.09432682 -0.00759820 0.16498309
v 0.08637499 0.00740161 0.16903126
v 0.08637499 0.00365166 0.16903126
v 0.08637499 -0.00009829 0.16903126
v 0.08637499 -0.00384824 0.16903126
v 0.08637499 -0.00759820 0.16903126
v 0.09432682 -0.01134814 0.16498309
v 0.08637499 -0.01134814 0.16903126
v 0.07842316 0.00740161 0.17307943
v 0.07842316 0.00365166 0.17307943
v 0.07842316 -0.00009829 0.17307943
v 0.07842316 -0.00384825 0.17307943
v 0.07842316 -0.00759820 0.17307943
v 0.07047132 0.01115156 0.17712756
v 0.07047132 0.00740161 0.17712756
v 0.07047132 0.00365166 0.17712756
v 0.07047132 -0.00009829 0.17712756
v 0.07047132 -0.00384825 0.17712756
v 0.07047132 -0.00759820 0.17712756
v 0.16244007 0.01490152 0.13030759
v 0.15898686 0.01290154 0.13206559
v 0.16589330 0.01490152 0.12854962
v 0.15898686 0.01490152 0.13206559
v 0.15898686 0.01390153 0.13206559
v 0.15892428 0.01253345 0.13209743
v 0.15872584 0.01219444 0.13219846
v 0.16589330 0.00890160 0.12854962
v 0.15842372 0.01197177 0.13235227
v 0.15130922 0.01490152 0.13597416
v 0.15720456 0.01390153 0.13297293
v 0.15720456 0.01490152 0.13297293
v 0.14818020 0.01133135 0.13756708
v 0.15726711 0.01253345 0.13294108
v 0.15720456 0.01290154 0.13297293
v 0.15794146 0.00740161 0.13259777
v 0.15809569 0.01190156 0.13251925
v 0.15776766 0.01197177 0.13268626
v 0.14848232 0.01110867 0.13741330
v 0.15746555 0.01219444 0.13284005
v 0.14868078 0.01076966 0.13731227
v 0.16589330 0.00290167 0.12854962
v 0.14874334 0.01040158 0.13728041
v 0.14868078 0.01003348 0.13731227
v 0.16589330 -0.00309825 0.12854962
v 0.14785218 0.01140156 0.13773409
v 0.14541390 0.01490152 0.13897538
v 0.14752415 0.01133135 0.13790108
v 0.14848232 0.00969448 0.13741330
v 0.14785218 0.00940159 0.13773409
v 0.14752415 0.00947180 0.13790108
v 0.14818020 0.00947180 0.13756708
v 0.14203780 0.01115157 0.14069411
v 0.13951858 0.01490152 0.14197661
v 0.12772793 0.01490152 0.14797906
v 0.13362326 0.01490152 0.14497783
v 0.14702359 0.01076966 0.13815591
v 0.14722205 0.01110867 0.13805488
v 0.12183260 0.01490152 0.15098026
v 0.11593729 0.01490152 0.15398150
v 0.10362254 0.01133135 0.16025077
v 0.11004198 0.01490152 0.15698273
v 0.10414664 0.01490152 0.15998396
v 0.10296648 0.01133135 0.16058477
v 0.10329451 0.01140156 0.16041775
v 0.10392466 0.01110867 0.16009696
v 0.10266437 0.01110867 0.16073854
v 0.10227865 0.01115157 0.16093492
v 0.14696103 0.01040158 0.13818777
v 0.10412310 0.01076966 0.15999595
v 0.10418566 0.01040157 0.15996409
v 0.10412310 0.01003348 0.15999595
v 0.14722205 0.00969448 0.13805488
v 0.14702359 0.01003348 0.13815591
v 0.10392466 0.00969447 0.16009696
v 0.10246593 0.01076966 0.16083958
v 0.10362254 0.00947180 0.16025077
v 0.10329451 0.00940159 0.16041775
v 0.10296648 0.00947180 0.16058477
v 0.10266437 0.00969447 0.16073854
v 0.09825132 0.01490152 0.16298518
v 0.14998963 -0.01134814 0.13664594
v 0.14868078 -0.01023007 0.13731227
v 0.15776766 -0.01216834 0.13268626
v 0.15842372 -0.01216834 0.13235227
v 0.16589330 -0.00909817 0.12854962
v 0.14874334 -0.01059815 0.13728041
v 0.14868078 -0.01096625 0.13731227
v 0.14848232 -0.00989106 0.13741330
v 0.14818020 -0.00966838 0.13756708
v 0.14752415 -0.00966838 0.13790108
v 0.14785218 -0.00959817 0.13773409
v 0.14848232 -0.01130525 0.13741330
v 0.14818020 -0.01152793 0.13756708
v 0.14722205 -0.00989106 0.13805488
v 0.15130922 -0.01509809 0.13597416
v 0.16589330 -0.01509809 0.12854962
v 0.15892428 -0.01273003 0.13209743
v 0.15898686 -0.01309812 0.13206559
v 0.15872584 -0.01239103 0.13219846
v 0.16244008 -0.01509809 0.13030759
v 0.15898686 -0.01409810 0.13206559
v 0.15898686 -0.01509809 0.13206559
v 0.15809569 -0.01209813 0.13251925
v 0.15746555 -0.01239103 0.13284005
v 0.15726712 -0.01273003 0.13294108
v 0.14785218 -0.01159814 0.13773409
v 0.15720456 -0.01309812 0.13297293
v 0.15720456 -0.01509809 0.13297293
v 0.15720456 -0.01409810 0.13297293
v 0.14541390 -0.01509809 0.13897538
v 0.14752415 -0.01152793 0.13790108
v 0.14702359 -0.01023007 0.13815591
v 0.14696103 -0.01059815 0.13818777
v 0.10392466 -0.00989106 0.16009696
v 0.10412310 -0.01023007 0.15999595
v 0.14722205 -0.01130525 0.13805488
v 0.14702359 -0.01096625 0.13815591
v 0.10418566 -0.01059815 0.15996409
v 0.10362254 -0.00966838 0.16025077
v 0.10329451 -0.00959817 0.16041775
v 0.10266437 -0.01130525 0.16073854
v 0.10227865 -0.01134814 0.16093492
v 0.10296648 -0.01152793 0.16058477
v 0.10246593 -0.01023007 0.16083958
v 0.10266437 -0.00989106 0.16073854
v 0.10412310 -0.01096625 0.15999595
v 0.10296648 -0.00966838 0.16058477
v 0.13951858 -0.01509809 0.14197661
v 0.12772793 -0.01509809 0.14797906
v 0.13362327 -0.01509809 0.14497783
v 0.12183261 -0.01509809 0.15098026
v 0.11593729 -0.01509809 0.15398150
v 0.10362254 -0.01152793 0.16025077
v 0.10392466 -0.01130525 0.16009696
v 0.10329451 -0.01159814 0.16041775
v 0.10414664 -0.01509809 0.15998396
v 0.11004198 -0.01509809 0.15698273
v 0.09825133 -0.01509809 0.16298518
v 0.10246593 -0.01096625 0.16083958
v 0.09432682 0.01115156 0.16498309
v 0.09235601 0.01490152 0.16598638
v 0.08646068 0.01490152 0.16898762
v 0.08633638 0.01083136 0.16905091
v 0.08663850 0.01060867 0.16889710
v 0.08600835 0.01090157 0.16921789
v 0.08056535 0.01290154 0.17198885
v 0.08683694 0.01026967 0.16879606
v 0.08056535 0.01390153 0.17198885
v 0.08050279 0.01253345 0.17202071
v 0.08568034 0.01083136 0.16938488
v 0.08030433 0.01219444 0.17212172
v 0.08537822 0.01060867 0.16953869
v 0.08000222 0.01197176 0.17227552
v 0.08056535 0.01490152 0.17198885
v 0.08517978 0.01026967 0.16963970
v 0.07842316 0.01115156 0.17307943
v 0.10240336 0.01040157 0.16087144
v 0.08689951 0.00990158 0.16876421
v 0.08683694 0.00953349 0.16879606
v 0.10246593 0.01003348 0.16083958
v 0.08663850 0.00919448 0.16889710
v 0.08511722 0.00990158 0.16967156
v 0.08517978 0.00953349 0.16963970
v 0.08600835 0.00890159 0.16921789
v 0.08633638 0.00897180 0.16905091
v 0.08568034 0.00897180 0.16938488
v 0.08537822 0.00919448 0.16953869
v 0.07967420 0.01190155 0.17244251
v 0.07421589 0.01490152 0.17522127
v 0.07878305 0.01390153 0.17289620
v 0.07878305 0.01490152 0.17289620
v 0.06964873 0.01290154 0.17754635
v 0.07884563 0.01253345 0.17286434
v 0.07878305 0.01290154 0.17289620
v 0.07934618 0.01197176 0.17260953
v 0.07904406 0.01219444 0.17276333
v 0.06251950 0.01490151 0.18117574
v 0.06608411 0.01290154 0.17936105
v 0.06608411 0.01490151 0.17936105
v 0.06786642 0.01290154 0.17845370
v 0.06670848 0.00740161 0.17904319
v 0.06251950 0.00890159 0.18117574
v 0.06621645 0.00729629 0.17929367
v 0.06964873 0.01490151 0.17754635
v 0.06720052 0.00729629 0.17879267
v 0.06765369 0.00696227 0.17856200
v 0.06795136 0.00645376 0.17841045
v 0.06804522 0.00590163 0.17836266
v 0.06795136 0.00534950 0.17841045
v 0.06765369 0.00484098 0.17856200
v 0.06576327 0.00696227 0.17952437
v 0.06537176 0.00590163 0.17972369
v 0.06546562 0.00645376 0.17967593
v 0.06720052 0.00450697 0.17879267
v 0.06546562 0.00534950 0.17967593
v 0.06251950 0.00290167 0.18117574
v 0.06576327 0.00484098 0.17952437
v 0.06621645 0.00450697 0.17929367
v 0.06670848 0.00440165 0.17904319
v 0.07842316 -0.01134814 0.17307943
v 0.10240336 -0.01059815 0.16087144
v 0.09235601 -0.01509809 0.16598638
v 0.07792542 -0.00973008 0.17333280
v 0.07772697 -0.00939107 0.17343385
v 0.07798797 -0.01009816 0.17330094
v 0.07709683 -0.00909818 0.17375464
v 0.07742486 -0.00916839 0.17358761
v 0.07742486 -0.01102794 0.17358761
v 0.07772697 -0.01080526 0.17343385
v 0.07792542 -0.01046626 0.17333280
v 0.07676880 -0.00916839 0.17392163
v 0.07709683 -0.01109815 0.17375464
v 0.08646068 -0.01509809 0.16898762
v 0.08056535 -0.01309812 0.17198885
v 0.08056535 -0.01409811 0.17198885
v 0.08050279 -0.01273004 0.17202071
v 0.08030433 -0.01239103 0.17212172
v 0.08056535 -0.01509809 0.17198885
v 0.07967420 -0.01209813 0.17244251
v 0.08000223 -0.01216834 0.17227552
v 0.07904407 -0.01239103 0.17276333
v 0.07934618 -0.01216834 0.17260953
v 0.07676880 -0.01102794 0.17392163
v 0.07047132 -0.01134814 0.17712756
v 0.07884563 -0.01273004 0.17286434
v 0.07336187 -0.01509810 0.17565605
v 0.07878305 -0.01409811 0.17289620
v 0.07878305 -0.01309812 0.17289620
v 0.07878305 -0.01509809 0.17289620
v 0.06720052 0.00029638 0.17879267
v 0.06765369 -0.00003763 0.17856200
v 0.06670848 0.00040170 0.17904319
v 0.06795136 -0.00054615 0.17841045
v 0.06804522 -0.00109828 0.17836266
v 0.06795136 -0.00165041 0.17841045
v 0.06765369 -0.00215892 0.17856200
v 0.06621645 0.00029638 0.17929367
v 0.06546562 -0.00054615 0.17967593
v 0.06576327 -0.00003763 0.17952437
v 0.06251950 -0.00309826 0.18117574
v 0.06537176 -0.00109828 0.17972369
v 0.06546562 -0.00165041 0.17967593
v 0.06576327 -0.00215892 0.17952437
v 0.06720052 -0.00249294 0.17879267
v 0.07646669 -0.00939107 0.17407543
v 0.07620568 -0.01009816 0.17420830
v 0.07626824 -0.01046626 0.17417644
v 0.07626824 -0.00973008 0.17417644
v 0.07646669 -0.01080526 0.17407543
v 0.06670848 -0.00259826 0.17904319
v 0.06621645 -0.00249294 0.17929367
v 0.06251950 -0.00909818 0.18117574
v 0.06794068 -0.01509810 0.17841589
v 0.06251950 -0.01509810 0.18117574
v 0.03100972 -0.01509810 0.15235981
v 0.04716181 -0.01509810 0.13795208
v 0.04716171 -0.01509810 0.15235992
v 0.03100962 -0.01509810 0.16676767
v 0.04716160 -0.01509810 0.16676779
v 0.06331377 -0.01509810 0.13795220
v 0.06331367 -0.01509810 0.15236004
v 0.06331356 -0.01509810 0.16676790
v 0.07946565 -0.01509809 0.15236016
v 0.16022602 -0.01509809 0.08032149
v 0.17637799 -0.01509809 0.08032160
v 0.17637789 -0.01509809 0.09472946
v 0.03940199 -0.01509810 0.12049246
v 0.04060295 -0.01509810 0.11942494
v 0.04237578 -0.01509810 0.12197207
v 0.04189633 -0.01509810 0.11862381
v 0.04330328 -0.01509810 0.12138749
v 0.04432166 -0.01509810 0.12098145
v 0.04296254 -0.01509810 0.11816413
v 0.04413025 -0.01509810 0.11783278
v 0.04546257 -0.01509810 0.12076094
v 0.03701920 -0.01509810 0.12443848
v 0.03758416 -0.01509810 0.12333187
v 0.04031970 -0.01509810 0.12487835
v 0.03837144 -0.01509810 0.12181012
v 0.04082110 -0.01509810 0.12374859
v 0.04152622 -0.01509810 0.12276487
v 0.04667021 -0.01509810 0.11765616
v 0.04537659 -0.01509810 0.11765643
v 0.04797320 -0.01509810 0.11784417
v 0.04667286 -0.01509810 0.12076954
v 0.05044310 -0.01509810 0.11877742
v 0.04788139 -0.01509810 0.12102879
v 0.04924429 -0.01509810 0.11822156
v 0.05153426 -0.01509810 0.11948996
v 0.04901114 -0.01509810 0.12153019
v 0.04999486 -0.01509810 0.12223532
v 0.05078766 -0.01509810 0.12308487
v 0.05415303 -0.01509810 0.12072835
v 0.05137224 -0.01509810 0.12401238
v 0.05232450 -0.01509810 0.12001055
v 0.05177829 -0.01509810 0.12503075
v 0.05514478 -0.01509810 0.12088989
v 0.04005184 -0.01509810 0.12729717
v 0.03532043 -0.01509810 0.12629321
v 0.03625380 -0.01509810 0.12544278
v 0.04027235 -0.01509810 0.12843806
v 0.03426757 -0.01509810 0.12695295
v 0.04006044 -0.01509810 0.12608685
v 0.01466219 -0.01509810 0.13693378
v 0.02119732 -0.01509810 0.13360683
v 0.01349822 -0.01509810 0.14329350
v 0.04067840 -0.01509810 0.12945646
v 0.04126297 -0.01509810 0.13038396
v 0.02773244 -0.01509810 0.13027989
v 0.03100983 -0.01509810 0.13795196
v 0.05122954 -0.01509810 0.12972024
v 0.05052441 -0.01509810 0.13070395
v 0.05199020 -0.01509810 0.12738197
v 0.05173093 -0.01509810 0.12859047
v 0.04303950 -0.01509810 0.13193864
v 0.04416925 -0.01509810 0.13244003
v 0.04205579 -0.01509810 0.13123350
v 0.04967485 -0.01509810 0.13149675
v 0.04874735 -0.01509810 0.13208133
v 0.04772897 -0.01509810 0.13248739
v 0.04658807 -0.01509810 0.13270788
v 0.04537777 -0.01509810 0.13269929
v 0.06973990 -0.01509810 0.11466165
v 0.07626084 -0.01509810 0.11272595
v 0.07603755 -0.01509810 0.11303746
v 0.07652986 -0.01509810 0.11247490
v 0.07682358 -0.01509810 0.11228978
v 0.08053276 -0.01509809 0.10916717
v 0.07714606 -0.01509810 0.11216120
v 0.07750735 -0.01509810 0.11209137
v 0.07579395 -0.01509810 0.11416118
v 0.07579666 -0.01509810 0.11377792
v 0.07587878 -0.01509810 0.11339522
v 0.07586379 -0.01509810 0.11452246
v 0.07599236 -0.01509810 0.11484495
v 0.07617748 -0.01509810 0.11513867
v 0.07642852 -0.01509810 0.11540769
v 0.07827330 -0.01509809 0.11217619
v 0.07789062 -0.01509810 0.11209410
v 0.07863107 -0.01509809 0.11233496
v 0.07919364 -0.01509809 0.11282728
v 0.07894257 -0.01509809 0.11255826
v 0.07937875 -0.01509809 0.11312100
v 0.07911027 -0.01509809 0.11523999
v 0.08694884 -0.01509809 0.12273247
v 0.07884123 -0.01509809 0.11549105
v 0.07957715 -0.01509809 0.11380477
v 0.07950733 -0.01509809 0.11344348
v 0.07933355 -0.01509809 0.11492849
v 0.09700614 -0.01509809 0.11761243
v 0.07957443 -0.01509809 0.11418803
v 0.07949232 -0.01509809 0.11457073
v 0.05320419 -0.01509810 0.12043025
v 0.05894704 -0.01509810 0.12015615
v 0.05807663 -0.01509810 0.12052749
v 0.05713621 -0.01509810 0.12078363
v 0.05199879 -0.01509810 0.12617166
v 0.05614943 -0.01509810 0.12090776
v 0.07365934 -0.01509810 0.13163425
v 0.07336915 -0.01509810 0.13425464
v 0.07337847 -0.01509810 0.13294348
v 0.07360804 -0.01509810 0.13549061
v 0.07420251 -0.01509810 0.13041035
v 0.07689155 -0.01509810 0.12785250
v 0.07674005 -0.01509810 0.11563097
v 0.07709780 -0.01509810 0.11578976
v 0.07854754 -0.01509809 0.11567617
v 0.07822504 -0.01509809 0.11580475
v 0.07496639 -0.01509810 0.12934466
v 0.07748050 -0.01509810 0.11587185
v 0.07786376 -0.01509810 0.11587457
v 0.07588676 -0.01509810 0.12848578
v 0.07404793 -0.01509810 0.13659387
v 0.00223141 -0.01509810 0.13909886
v 0.00375205 -0.01509810 0.14108316
v 0.00095708 -0.01509810 0.14028806
v 0.00362265 -0.01509810 0.13822199
v 0.00475683 -0.01509810 0.14044988
v 0.00586009 -0.01509810 0.14001000
v 0.00508966 -0.01509810 0.13763110
v 0.00283170 -0.01509810 0.14194205
v -0.00085271 -0.01509810 0.14345827
v 0.00152463 -0.01509810 0.14423164
v -0.00124159 -0.01509810 0.14527104
v -0.00010061 -0.01509810 0.14176364
v 0.00206781 -0.01509810 0.14300773
v 0.00124377 -0.01509810 0.14554087
v -0.00125448 -0.01509810 0.14708648
v 0.00709608 -0.01509810 0.13977112
v 0.00666258 -0.01509810 0.13730315
v 0.00826875 -0.01509810 0.13726013
v 0.00840723 -0.01509810 0.13978042
v 0.00983239 -0.01509810 0.13749737
v 0.01229781 -0.01509810 0.13764842
v 0.01094035 -0.01509810 0.14060446
v 0.01104855 -0.01509810 0.13768189
v 0.00971646 -0.01509810 0.14006129
v 0.01352118 -0.01509810 0.13739335
v 0.01200605 -0.01509810 0.14136836
v 0.01286493 -0.01509810 0.14228870
v 0.00147334 -0.01509810 0.14808802
v -0.00092374 -0.01509810 0.14879785
v 0.00123445 -0.01509810 0.14685200
v -0.00031466 -0.01509810 0.15032543
v 0.00191322 -0.01509810 0.14919125
v 0.00254651 -0.01509810 0.15019603
v 0.00151360 -0.01509810 0.15277350
v 0.00046990 -0.01509810 0.15159410
v 0.00340539 -0.01509810 0.15111640
v 0.00280109 -0.01509810 0.15378838
v 0.00447109 -0.01509810 0.15188028
v 0.00428858 -0.01509810 0.15456829
v 0.00569497 -0.01509810 0.15242346
v 0.01032220 -0.01509810 0.15637465
v 0.00955135 -0.01509810 0.15247476
v 0.01065459 -0.01509810 0.15203486
v 0.01503309 -0.01509810 0.15771381
v 0.01377799 -0.01509810 0.15705506
v 0.01257974 -0.01509810 0.15054272
v 0.01165939 -0.01509810 0.15140158
v 0.01239494 -0.01509810 0.15670809
v 0.00831537 -0.01509810 0.15271365
v 0.00827138 -0.01509810 0.15590483
v 0.00625587 -0.01509810 0.15530127
v 0.00700420 -0.01509810 0.15270433
v 0.01334363 -0.01509810 0.14947699
v 0.01388680 -0.01509810 0.14825312
v 0.01416767 -0.01509810 0.14694389
v 0.01417698 -0.01509810 0.14563272
v 0.01393810 -0.01509810 0.14439675
v 0.01606721 -0.01509810 0.15861386
v 0.01683140 -0.01509810 0.15965740
v 0.01937507 -0.01509810 0.16338088
v 0.01801684 -0.01509810 0.16154306
v 0.02090564 -0.01509810 0.16514894
v 0.02260466 -0.01509810 0.16682465
v 0.07554010 -0.01509810 0.13851902
v 0.07468122 -0.01509810 0.13759866
v 0.07660578 -0.01509810 0.13928290
v 0.07782969 -0.01509810 0.13982609
v 0.02446440 -0.01509810 0.16838546
v 0.07913890 -0.01509809 0.14010694
v 0.08045007 -0.01509809 0.14011626
v 0.07876685 -0.01509809 0.17066021
v 0.08646068 -0.01509809 0.16898762
v 0.07965801 -0.01509809 0.17020655
v 0.03810300 -0.01509810 0.17427367
v 0.05279341 -0.01509810 0.17396274
v 0.02861569 -0.01509810 0.17107686
v 0.02647322 -0.01509810 0.16980958
v 0.03322294 -0.01509810 0.17307311
v 0.03087292 -0.01509810 0.17216958
v 0.05016147 -0.01509810 0.17372826
v 0.04786133 -0.01509810 0.17421509
v 0.05103395 -0.01509810 0.17360758
v 0.04058099 -0.01509810 0.17456186
v 0.03564154 -0.01509810 0.17377671
v 0.04548394 -0.01509810 0.17452445
v 0.04304956 -0.01509810 0.17464336
v 0.07787571 -0.01509810 0.17111390
v 0.07336187 -0.01509810 0.17565605
v 0.07832939 -0.01509809 0.17200503
v 0.08011168 -0.01509809 0.17109768
v 0.08056535 -0.01509809 0.17198885
v 0.05193386 -0.01509810 0.17368518
v 0.05355076 -0.01509810 0.17441239
v 0.06794068 -0.01509810 0.17841589
v 0.06251950 -0.01509810 0.18117574
v 0.07878305 -0.01509809 0.17289620
v 0.08168605 -0.01509809 0.13987736
v 0.13449703 -0.01509809 0.08169471
v 0.13863565 -0.01509809 0.08085773
v 0.13831315 -0.01509809 0.08098632
v 0.14528990 -0.01509809 0.07620022
v 0.13899693 -0.01509809 0.08078790
v 0.13976290 -0.01509809 0.08087272
v 0.13938019 -0.01509809 0.08079063
v 0.14012066 -0.01509809 0.08103149
v 0.13728627 -0.01509809 0.08247445
v 0.13736836 -0.01509809 0.08209175
v 0.13752713 -0.01509809 0.08173399
v 0.13728353 -0.01509809 0.08285772
v 0.13775042 -0.01509809 0.08142248
v 0.13801945 -0.01509809 0.08117143
v 0.14043216 -0.01509809 0.08125479
v 0.15851039 -0.01509809 0.06889894
v 0.15918083 -0.01509809 0.06811022
v 0.15775906 -0.01509809 0.06960111
v 0.16022634 -0.01509809 0.06633509
v 0.17609697 -0.01509809 0.06289715
v 0.15975627 -0.01509809 0.06724972
v 0.14086832 -0.01509809 0.08181752
v 0.14068320 -0.01509809 0.08152382
v 0.14099692 -0.01509809 0.08214000
v 0.15608277 -0.01509809 0.07070574
v 0.15094305 -0.01509809 0.09134284
v 0.14106673 -0.01509809 0.08250130
v 0.14106402 -0.01509809 0.08288456
v 0.17504025 -0.01509809 0.06229388
v 0.16083072 -0.01509809 0.06442069
v 0.13748193 -0.01509809 0.08354148
v 0.13766705 -0.01509809 0.08383520
v 0.13735337 -0.01509809 0.08321899
v 0.13723535 -0.01509809 0.09713232
v 0.12370419 -0.01509809 0.08718920
v 0.13791811 -0.01509809 0.08410422
v 0.12717806 -0.01509809 0.10225234
v 0.11291132 -0.01509809 0.09268370
v 0.13822964 -0.01509809 0.08432751
v 0.13858738 -0.01509809 0.08448629
v 0.14729266 -0.01509809 0.09201228
v 0.13971462 -0.01509809 0.08450127
v 0.14003712 -0.01509809 0.08437270
v 0.13897007 -0.01509809 0.08456838
v 0.13935333 -0.01509809 0.08457110
v 0.14082314 -0.01509809 0.08362501
v 0.14839592 -0.01509809 0.09157240
v 0.14059984 -0.01509809 0.08393652
v 0.14033083 -0.01509809 0.08418758
v 0.14963190 -0.01509809 0.09133352
v 0.14098192 -0.01509809 0.08326727
v 0.15225228 -0.01509809 0.09162369
v 0.15540075 -0.01509809 0.09385113
v 0.15454187 -0.01509809 0.09293076
v 0.15347617 -0.01509809 0.09216688
v 0.15603404 -0.01509809 0.09485591
v 0.16842033 -0.01509809 0.05371359
v 0.16980097 -0.01509809 0.05298984
v 0.17477546 -0.01509809 0.05805957
v 0.17123158 -0.01509809 0.05240877
v 0.17415672 -0.01509809 0.05168294
v 0.17566400 -0.01509809 0.05737087
v 0.17269054 -0.01509809 0.05197347
v 0.17561022 -0.01509809 0.05153237
v 0.17674364 -0.01509809 0.05705760
v 0.16378683 -0.01509809 0.05783105
v 0.16477877 -0.01509809 0.05664769
v 0.17403828 -0.01509809 0.06032570
v 0.16589119 -0.01509809 0.05555565
v 0.17417220 -0.01509809 0.05911630
v 0.16711061 -0.01509809 0.05457265
v 0.17703319 -0.01509809 0.05151380
v 0.17795306 -0.01509809 0.05719153
v 0.17841033 -0.01509809 0.05161674
v 0.17977349 -0.01509809 0.05183804
v 0.18253105 -0.01509809 0.05267385
v 0.17900979 -0.01509809 0.05779479
v 0.18115282 -0.01509809 0.05218822
v 0.18388892 -0.01509809 0.05329853
v 0.17969847 -0.01509809 0.05868332
v 0.18520602 -0.01509809 0.05406231
v 0.18763510 -0.01509809 0.05598719
v 0.18646150 -0.01509809 0.05496122
v 0.18001175 -0.01509809 0.05976296
v 0.18870815 -0.01509809 0.05712821
v 0.18966449 -0.01509809 0.05836866
v 0.16219863 -0.01509809 0.06039247
v 0.17435155 -0.01509809 0.06140534
v 0.16160943 -0.01509809 0.06172970
v 0.16292495 -0.01509809 0.05908613
v 0.16115521 -0.01509809 0.06307836
v 0.17730638 -0.01509809 0.06303106
v 0.17838604 -0.01509809 0.06271780
v 0.19168597 -0.01509809 0.08815241
v 0.19251624 -0.01509809 0.06816992
v 0.17987783 -0.01509809 0.06097236
v 0.19172484 -0.01509809 0.06249393
v 0.17927456 -0.01509809 0.06202909
v 0.19049129 -0.01509809 0.05969015
v 0.19117967 -0.01509809 0.06107234
v 0.19210111 -0.01509809 0.07816117
v 0.19212620 -0.01509809 0.06393370
v 0.19238706 -0.01509809 0.06537150
v 0.19251400 -0.01509809 0.06678893
v 0.19127084 -0.01509809 0.09814367
v 0.10706345 -0.01509809 0.11249241
v 0.09132562 -0.01509809 0.10367267
v 0.10211847 -0.01509809 0.09817818
v 0.11712076 -0.01509809 0.10737238
v 0.09388527 -0.01509809 0.15328442
v 0.08278930 -0.01509809 0.13943749
v 0.12183261 -0.01509809 0.15098026
v 0.10290390 -0.01509809 0.12919744
v 0.11296121 -0.01509809 0.12407740
v 0.09707665 -0.01509809 0.15152198
v 0.09284661 -0.01509809 0.13431746
v 0.09841092 -0.01509809 0.15141743
v 0.12772793 -0.01509809 0.14797906
v 0.11593729 -0.01509809 0.15398150
v 0.13801191 -0.01509809 0.13192179
v 0.12301852 -0.01509809 0.11895737
v 0.14029699 -0.01509809 0.12951762
v 0.13896024 -0.01509809 0.13019812
v 0.13307581 -0.01509809 0.11383734
v 0.13844194 -0.01509809 0.13059987
v 0.13809004 -0.01509809 0.13121629
v 0.13362327 -0.01509809 0.14497783
v 0.13819468 -0.01509809 0.13255158
v 0.13859640 -0.01509809 0.13306989
v 0.13951858 -0.01509809 0.14197661
v 0.13921283 -0.01509809 0.13342179
v 0.13991831 -0.01509809 0.13349991
v 0.09363818 -0.01509809 0.15523464
v 0.09345557 -0.01509809 0.15460535
v 0.09353363 -0.01509809 0.15390037
v 0.09573992 -0.01509809 0.15220248
v 0.09440320 -0.01509809 0.15288300
v 0.09235601 -0.01509809 0.16598638
v 0.09403961 -0.01509809 0.15575256
v 0.09825133 -0.01509809 0.16298518
v 0.09465558 -0.01509809 0.15610421
v 0.09536053 -0.01509809 0.15618227
v 0.09598984 -0.01509809 0.15599967
v 0.09770596 -0.01509809 0.15133937
v 0.09902688 -0.01509809 0.15176906
v 0.11004198 -0.01509809 0.15698273
v 0.09961092 -0.01509809 0.15291629
v 0.09942831 -0.01509809 0.15228697
v 0.09953286 -0.01509809 0.15362124
v 0.10414664 -0.01509809 0.15998396
v 0.09732657 -0.01509809 0.15531914
v 0.09866331 -0.01509809 0.15463865
v 0.09918122 -0.01509809 0.15423719
v 0.15587946 -0.01509809 0.10103942
v 0.17687862 -0.01509809 0.11814915
v 0.15511556 -0.01509809 0.10210512
v 0.15670348 -0.01509809 0.09850629
v 0.15671280 -0.01509809 0.09719514
v 0.15642263 -0.01509809 0.09981553
v 0.15647391 -0.01509809 0.09595915
v 0.15319042 -0.01509809 0.10359729
v 0.16989010 -0.01509809 0.12315628
v 0.16653930 -0.01509809 0.12541546
v 0.16640939 -0.01509809 0.12551180
v 0.14313311 -0.01509809 0.10871731
v 0.16941422 -0.01509809 0.12363836
v 0.16668512 -0.01509809 0.12536693
v 0.15419520 -0.01509809 0.10296399
v 0.15807951 -0.01509809 0.13028327
v 0.18386717 -0.01509809 0.11314203
v 0.19085570 -0.01509809 0.10813491
v 0.16683880 -0.01509809 0.12536498
v 0.16810499 -0.01509809 0.12517945
v 0.16699310 -0.01509809 0.12541337
v 0.16712389 -0.01509809 0.12550851
v 0.16912656 -0.01509809 0.12425163
v 0.16899614 -0.01509809 0.12472577
v 0.16721382 -0.01509809 0.12563313
v 0.14163371 -0.01509809 0.12883711
v 0.14226350 -0.01509809 0.12865436
v 0.14358542 -0.01509809 0.12908439
v 0.14296899 -0.01509809 0.12873249
v 0.15629720 -0.01509809 0.13119063
v 0.14398716 -0.01509809 0.12960270
v 0.14188484 -0.01509809 0.13263665
v 0.14541390 -0.01509809 0.13897538
v 0.14054811 -0.01509809 0.13331716
v 0.15130922 -0.01509809 0.13597416
v 0.14409178 -0.01509809 0.13093798
v 0.14416991 -0.01509809 0.13023250
v 0.14322158 -0.01509809 0.13195614
v 0.14373988 -0.01509809 0.13155440
v 0.15718836 -0.01509809 0.13073695
v 0.16627293 -0.01509809 0.12579177
v 0.16244008 -0.01509809 0.13030759
v 0.15853318 -0.01509809 0.13117442
v 0.16589330 -0.01509809 0.12854962
v 0.16631704 -0.01509809 0.12564455
v 0.15675087 -0.01509809 0.13208178
v 0.15898686 -0.01509809 0.13206559
v 0.15720456 -0.01509809 0.13297293
v 0.06885691 0.00965158 0.17570523
v 0.07697096 0.00965158 0.17157449
v 0.07697096 0.00640162 0.17157449
v 0.06885691 0.00315166 0.17570523
v 0.07697096 0.00315166 0.17157449
v 0.07697096 -0.00009829 0.17157449
v 0.06885692 -0.00659821 0.17570523
v 0.07697096 -0.00334825 0.17157449
v 0.07697096 -0.00659821 0.17157449
v 0.08508500 0.00640162 0.16744374
v 0.08508500 0.00315166 0.16744374
v 0.08508500 -0.00009829 0.16744374
v 0.08508500 -0.00334825 0.16744374
v 0.08508500 -0.00659821 0.16744374
v 0.09319907 0.00640162 0.16331299
v 0.09319907 0.00315166 0.16331299
v 0.09319907 -0.00009829 0.16331299
v 0.09319907 -0.00334825 0.16331299
v 0.09319907 -0.00659821 0.16331299
v 0.08508501 -0.00984817 0.16744374
v 0.09319907 -0.00984817 0.16331299
v 0.10131311 0.00640162 0.15918225
v 0.10131311 0.00315166 0.15918225
v 0.10131311 -0.00009829 0.15918225
v 0.10131311 -0.00334825 0.15918225
v 0.10131311 -0.00659821 0.15918225
v 0.10942716 0.00640162 0.15505150
v 0.10942716 0.00315167 0.15505150
v 0.10942716 -0.00009829 0.15505150
v 0.10942716 -0.00334825 0.15505150
v 0.10942716 -0.00659821 0.15505150
v 0.11754122 0.00965159 0.15092075
v 0.11754122 0.00640162 0.15092075
v 0.11754122 0.00315167 0.15092075
v 0.11754122 -0.00009829 0.15092075
v 0.11754122 -0.00334825 0.15092075
v 0.11754122 -0.00659821 0.15092075
v 0.10942716 -0.00984817 0.15505150
v 0.11754122 -0.00984817 0.15092075
v 0.12565527 0.00965159 0.14679001
v 0.12565527 0.00640162 0.14679001
v 0.12565527 0.00315167 0.14679001
v 0.12565527 -0.00009829 0.14679001
v 0.12565527 -0.00334825 0.14679001
v 0.12565527 -0.00659821 0.14679001
v 0.12565527 -0.00984816 0.14679001
v 0.13376930 0.00965159 0.14265925
v 0.13376930 0.00640162 0.14265925
v 0.13376930 0.00315167 0.14265925
v 0.13376930 -0.00009829 0.14265925
v 0.13376930 -0.00334825 0.14265925
v 0.13376930 -0.00659821 0.14265925
v 0.13376930 -0.00984816 0.14265925
v 0.14188337 0.00965159 0.13852850
v 0.14188337 0.00640162 0.13852850
v 0.14188337 0.00315167 0.13852850
v 0.14188337 -0.00009829 0.13852850
v 0.14188337 -0.00334825 0.13852850
v 0.14188337 -0.00659821 0.13852850
v 0.14188337 -0.00984816 0.13852850
v 0.14999741 0.00640163 0.13439775
v 0.14999741 0.00315167 0.13439775
v 0.14999741 -0.00009829 0.13439775
v 0.14999741 -0.00334825 0.13439775
v 0.14999741 -0.00659821 0.13439775
v 0.15811145 0.00965159 0.13026700
v 0.15811145 0.00640163 0.13026700
v 0.15811145 0.00315167 0.13026700
v 0.15811145 -0.00009829 0.13026700
v 0.15811145 -0.00334825 0.13026700
v 0.15811145 -0.00659821 0.13026700
v 0.14999741 -0.00984816 0.13439775
v 0.15811145 -0.00984816 0.13026700
v 0.06074286 0.01290154 0.17983599
v 0.06530910 0.00729629 0.17751137
v 0.06517676 0.01290154 0.17757876
v 0.06074286 0.00640162 0.17983599
v 0.06580114 0.00740161 0.17726089
v 0.06629319 0.00729629 0.17701038
v 0.06695907 0.01290154 0.17667140
v 0.06485593 0.00696227 0.17774208
v 0.07330853 0.01290154 0.17343897
v 0.06874138 0.01290154 0.17576404
v 0.07787571 0.01290154 0.17111390
v 0.07793827 0.01253345 0.17108204
v 0.07813671 0.01219444 0.17098101
v 0.06674636 0.00696227 0.17677967
v 0.07843883 0.01197176 0.17082720
v 0.08477299 0.00897180 0.16760259
v 0.06455827 0.00534950 0.17789360
v 0.06446441 0.00590163 0.17794138
v 0.06455827 0.00645376 0.17789360
v 0.06485593 0.00484098 0.17774208
v 0.06074286 -0.00009829 0.17983599
v 0.06580114 0.00440165 0.17726089
v 0.06629319 0.00450697 0.17701038
v 0.06580114 0.00040170 0.17726089
v 0.06530910 0.00450697 0.17751137
v 0.06704402 0.00645376 0.17662815
v 0.06704402 0.00534950 0.17662815
v 0.06713788 0.00590163 0.17658036
v 0.06674636 0.00484098 0.17677967
v 0.07876685 0.01190155 0.17066021
v 0.07959543 0.01253345 0.17023840
v 0.08555332 0.01290154 0.16720532
v 0.07939700 0.01219444 0.17033941
v 0.08477299 0.01083136 0.16760259
v 0.07909489 0.01197176 0.17049322
v 0.08427242 0.01026967 0.16785740
v 0.08447088 0.01060867 0.16775638
v 0.07965800 0.01290154 0.17020655
v 0.08542904 0.01083136 0.16726857
v 0.08510101 0.01090157 0.16743559
v 0.09144866 0.01290154 0.16420409
v 0.09734397 0.01290154 0.16120285
v 0.10149602 0.01040157 0.15908914
v 0.08573115 0.01060867 0.16711480
v 0.08592960 0.01026967 0.16701376
v 0.10155858 0.01076966 0.15905728
v 0.10175702 0.01110867 0.15895624
v 0.10155858 0.01003348 0.15905728
v 0.08420986 0.00990158 0.16788926
v 0.08447088 0.00919448 0.16775638
v 0.08427242 0.00953349 0.16785740
v 0.08510101 0.00890159 0.16743559
v 0.08542904 0.00897180 0.16726857
v 0.08599216 0.00990158 0.16698190
v 0.10175702 0.00969447 0.15895624
v 0.08573115 0.00919448 0.16711480
v 0.08592960 0.00953349 0.16701376
v 0.10205914 0.00947180 0.15880244
v 0.06485593 -0.00003763 0.17774208
v 0.06530910 0.00029638 0.17751137
v 0.06455827 -0.00054615 0.17789360
v 0.06446441 -0.00109828 0.17794138
v 0.06455827 -0.00165041 0.17789360
v 0.06485593 -0.00215892 0.17774208
v 0.06074286 -0.00659821 0.17983599
v 0.06629319 0.00029638 0.17701038
v 0.06713788 -0.00109828 0.17658036
v 0.06704402 -0.00054615 0.17662815
v 0.06674636 -0.00003763 0.17677967
v 0.06885691 -0.00334825 0.17570523
v 0.06629319 -0.00249294 0.17701038
v 0.06674636 -0.00215892 0.17677967
v 0.06704402 -0.00165041 0.17662815
v 0.06580114 -0.00259826 0.17726089
v 0.06530910 -0.00249294 0.17751137
v 0.06885692 -0.00984817 0.17570523
v 0.06645380 -0.01309812 0.17692862
v 0.06074286 -0.01309812 0.17983599
v 0.07586146 -0.00916839 0.17213932
v 0.07216476 -0.01309812 0.17402126
v 0.07529833 -0.01009816 0.17242600
v 0.07536090 -0.01046626 0.17239414
v 0.07555933 -0.00939107 0.17229313
v 0.07536090 -0.00973008 0.17239414
v 0.07555933 -0.01080526 0.17229313
v 0.07586146 -0.01102794 0.17213932
v 0.07618948 -0.01109815 0.17197231
v 0.07618948 -0.00909818 0.17197231
v 0.07651751 -0.00916839 0.17180532
v 0.07681962 -0.00939107 0.17165152
v 0.07701806 -0.00973008 0.17155050
v 0.07708063 -0.01009816 0.17151864
v 0.07701806 -0.01046626 0.17155050
v 0.07909489 -0.01216834 0.17049322
v 0.09144866 -0.01309812 0.16420409
v 0.08555332 -0.01309812 0.16720532
v 0.10155858 -0.01023007 0.15905728
v 0.10149602 -0.01059815 0.15908914
v 0.10175702 -0.00989106 0.15895624
v 0.10205914 -0.00966838 0.15880244
v 0.10155858 -0.01096625 0.15905728
v 0.07651751 -0.01102794 0.17180532
v 0.07843883 -0.01216834 0.17082720
v 0.07681962 -0.01080526 0.17165152
v 0.07876685 -0.01209813 0.17066021
v 0.07793827 -0.01273004 0.17108204
v 0.07787571 -0.01309812 0.17111390
v 0.07813671 -0.01239103 0.17098101
v 0.07939700 -0.01239103 0.17033941
v 0.07959544 -0.01273004 0.17023840
v 0.07965801 -0.01309812 0.17020655
v 0.09734397 -0.01309812 0.16120285
v 0.10175702 -0.01130525 0.15895624
v 0.10323930 0.01290154 0.15820165
v 0.10271518 0.01133135 0.15846846
v 0.10238717 0.01140156 0.15863545
v 0.10205914 0.01133135 0.15880244
v 0.10913462 0.01290154 0.15520043
v 0.10301730 0.01110867 0.15831466
v 0.10321574 0.01076966 0.15821365
v 0.12092526 0.01290154 0.14919797
v 0.11502994 0.01290154 0.15219919
v 0.12682058 0.01290154 0.14619674
v 0.14450655 0.01290154 0.13719307
v 0.13861124 0.01290154 0.14019430
v 0.14631469 0.01110867 0.13627258
v 0.14661681 0.01133135 0.13611877
v 0.13271591 0.01290154 0.14319552
v 0.10942716 0.00965158 0.15505150
v 0.14611624 0.01076966 0.13637361
v 0.10301730 0.00969447 0.15831466
v 0.10321574 0.01003348 0.15821365
v 0.10327832 0.01040157 0.15818179
v 0.10238717 0.00940159 0.15863545
v 0.10271518 0.00947180 0.15846846
v 0.14611624 0.01003348 0.13637361
v 0.14605368 0.01040158 0.13640546
v 0.14661681 0.00947180 0.13611877
v 0.14631470 0.00969448 0.13627258
v 0.15635976 0.01253345 0.13115877
v 0.15040188 0.01290154 0.13419185
v 0.15629720 0.01290154 0.13119063
v 0.15655822 0.01219444 0.13105774
v 0.14694484 0.01140156 0.13595178
v 0.14999741 0.00965159 0.13439775
v 0.14727285 0.01133135 0.13578478
v 0.14757496 0.01110867 0.13563099
v 0.16215252 0.01290154 0.12820977
v 0.15801694 0.01253345 0.13031513
v 0.15807950 0.01290154 0.13028327
v 0.15781849 0.01219444 0.13041616
v 0.15751638 0.01197177 0.13056996
v 0.15686033 0.01197177 0.13090393
v 0.15718835 0.01190156 0.13073695
v 0.16622552 0.01290155 0.12613626
v 0.14777342 0.01076966 0.13552996
v 0.14757496 0.00969448 0.13563099
v 0.14777342 0.01003348 0.13552996
v 0.14694484 0.00940159 0.13595178
v 0.14727285 0.00947180 0.13578478
v 0.14783598 0.01040158 0.13549811
v 0.16622552 0.00640163 0.12613626
v 0.16622552 -0.00009829 0.12613626
v 0.10238717 -0.00959817 0.15863545
v 0.10271518 -0.00966838 0.15846846
v 0.10301731 -0.00989106 0.15831466
v 0.10321574 -0.01023007 0.15821365
v 0.11502995 -0.01309812 0.15219919
v 0.10913462 -0.01309812 0.15520043
v 0.12092526 -0.01309812 0.14919797
v 0.13861124 -0.01309812 0.14019430
v 0.13271591 -0.01309812 0.14319552
v 0.14611624 -0.01023007 0.13637361
v 0.14605368 -0.01059815 0.13640546
v 0.14631470 -0.00989106 0.13627258
v 0.12682058 -0.01309812 0.14619674
v 0.14661681 -0.00966838 0.13611877
v 0.10327832 -0.01059815 0.15818179
v 0.14611624 -0.01096625 0.13637361
v 0.10321574 -0.01096625 0.15821365
v 0.10301731 -0.01130525 0.15831466
v 0.10271518 -0.01152793 0.15846846
v 0.10323930 -0.01309812 0.15820165
v 0.10205914 -0.01152793 0.15880244
v 0.10238717 -0.01159814 0.15863545
v 0.14450655 -0.01309812 0.13719307
v 0.14631470 -0.01130525 0.13627258
v 0.14727285 -0.00966838 0.13578478
v 0.14694484 -0.00959817 0.13595178
v 0.14777342 -0.01023007 0.13552996
v 0.14757496 -0.00989106 0.13563099
v 0.16622552 -0.00659821 0.12613626
v 0.15040188 -0.01309812 0.13419185
v 0.14777342 -0.01096625 0.13552996
v 0.14783598 -0.01059815 0.13549811
v 0.16622552 -0.01309812 0.12613626
v 0.15686033 -0.01216834 0.13090393
v 0.14694484 -0.01159814 0.13595178
v 0.14727286 -0.01152793 0.13578478
v 0.14757496 -0.01130525 0.13563099
v 0.15635976 -0.01273003 0.13115877
v 0.15629720 -0.01309812 0.13119063
v 0.15655822 -0.01239103 0.13105774
v 0.14661681 -0.01152793 0.13611877
v 0.16215252 -0.01309812 0.12820977
v 0.15781849 -0.01239103 0.13041616
v 0.15751638 -0.01216834 0.13056996
v 0.15718835 -0.01209813 0.13073695
v 0.15807951 -0.01309812 0.13028327
v 0.15801695 -0.01273003 0.13031513
v 0.16271092 -0.01309812 0.08358852
v 0.17762043 -0.01309812 0.08358863
v 0.17762055 -0.01309812 0.06754728
v 0.17762031 -0.01309812 0.09963000
v 0.16271081 -0.01309812 0.09962989
v 0.08816290 -0.01309812 0.14775344
v 0.07325338 -0.01309812 0.14775333
v 0.07325326 -0.01309812 0.16379468
v 0.05834387 -0.01309812 0.14775322
v 0.05834375 -0.01309812 0.16379457
v 0.04343436 -0.01309812 0.14775311
v 0.04343424 -0.01309812 0.16379447
v 0.02852484 -0.01309812 0.14775301
v 0.02852473 -0.01309812 0.16379436
v 0.18388892 -0.01309812 0.05329853
v 0.18253105 -0.01309812 0.05267385
v 0.17969847 -0.01309812 0.05868332
v 0.17977349 -0.01309812 0.05183804
v 0.17900979 -0.01309812 0.05779479
v 0.18115282 -0.01309812 0.05218822
v 0.17841033 -0.01309812 0.05161674
v 0.17795306 -0.01309812 0.05719153
v 0.18870815 -0.01309812 0.05712821
v 0.18763510 -0.01309812 0.05598719
v 0.18001175 -0.01309812 0.05976296
v 0.18646150 -0.01309812 0.05496122
v 0.18520602 -0.01309812 0.05406231
v 0.17674364 -0.01309812 0.05705760
v 0.17703319 -0.01309812 0.05151380
v 0.17561022 -0.01309812 0.05153237
v 0.17415672 -0.01309812 0.05168294
v 0.17566400 -0.01309812 0.05737087
v 0.17123158 -0.01309812 0.05240877
v 0.17477546 -0.01309812 0.05805957
v 0.17269054 -0.01309812 0.05197347
v 0.16980097 -0.01309812 0.05298984
v 0.16711061 -0.01309812 0.05457265
v 0.17417220 -0.01309812 0.05911630
v 0.16842033 -0.01309812 0.05371359
v 0.16589119 -0.01309812 0.05555565
v 0.17403828 -0.01309812 0.06032570
v 0.19212620 -0.01309812 0.06393370
v 0.19172484 -0.01309812 0.06249393
v 0.17987783 -0.01309812 0.06097236
v 0.19117967 -0.01309812 0.06107234
v 0.18966448 -0.01309812 0.05836866
v 0.19049129 -0.01309812 0.05969015
v 0.17927456 -0.01309812 0.06202909
v 0.19238706 -0.01309812 0.06537150
v 0.19251400 -0.01309812 0.06678893
v 0.19251624 -0.01309812 0.06816992
v 0.19210111 -0.01309812 0.07816117
v 0.19168597 -0.01309812 0.08815241
v 0.19127084 -0.01309812 0.09814367
v 0.16292495 -0.01309812 0.05908613
v 0.17435155 -0.01309812 0.06140534
v 0.17730638 -0.01309812 0.06303106
v 0.17838604 -0.01309812 0.06271780
v 0.17504025 -0.01309812 0.06229388
v 0.16022634 -0.01309812 0.06633509
v 0.17609697 -0.01309812 0.06289715
v 0.16083072 -0.01309812 0.06442069
v 0.16477877 -0.01309812 0.05664769
v 0.16378683 -0.01309812 0.05783105
v 0.16219863 -0.01309812 0.06039247
v 0.16160943 -0.01309812 0.06172970
v 0.16115521 -0.01309812 0.06307836
v 0.15975627 -0.01309812 0.06724972
v 0.15851039 -0.01309812 0.06889894
v 0.15775906 -0.01309812 0.06960111
v 0.15918083 -0.01309812 0.06811022
v 0.15608277 -0.01309812 0.07070574
v 0.14636919 -0.01309812 0.07565077
v 0.13665561 -0.01309812 0.08059582
v 0.13948449 -0.01309812 0.08172856
v 0.13983671 -0.01309812 0.08192966
v 0.13872147 -0.01309812 0.08178835
v 0.13908136 -0.01309812 0.08168393
v 0.13842529 -0.01309812 0.08201792
v 0.14006630 -0.01309812 0.08222582
v 0.14017072 -0.01309812 0.08258570
v 0.13822420 -0.01309812 0.08237016
v 0.13817957 -0.01309812 0.08277330
v 0.13828399 -0.01309812 0.08313317
v 0.14839592 -0.01309812 0.09157240
v 0.15347617 -0.01309812 0.09216688
v 0.15225228 -0.01309812 0.09162369
v 0.15454187 -0.01309812 0.09293076
v 0.14963190 -0.01309812 0.09133352
v 0.15094305 -0.01309812 0.09134284
v 0.15647391 -0.01309812 0.09595915
v 0.15603404 -0.01309812 0.09485591
v 0.15671280 -0.01309812 0.09719514
v 0.15540075 -0.01309812 0.09385113
v 0.14729266 -0.01309812 0.09201228
v 0.13992499 -0.01309812 0.08334109
v 0.13962882 -0.01309812 0.08357066
v 0.14012607 -0.01309812 0.08298885
v 0.12694205 -0.01309812 0.08554086
v 0.13851354 -0.01309812 0.08342936
v 0.13723535 -0.01309812 0.09713232
v 0.13886579 -0.01309812 0.08363044
v 0.13926893 -0.01309812 0.08367508
v 0.11722847 -0.01309812 0.09048590
v 0.12717806 -0.01309812 0.10225234
v 0.10751489 -0.01309812 0.09543094
v 0.11712076 -0.01309812 0.10737238
v 0.15670348 -0.01309812 0.09850629
v 0.18386717 -0.01309812 0.11314203
v 0.19085570 -0.01309812 0.10813491
v 0.16989010 -0.01309812 0.12315628
v 0.17687862 -0.01309812 0.11814915
v 0.16653930 -0.01309812 0.12541546
v 0.16941421 -0.01309812 0.12363836
v 0.16683880 -0.01309812 0.12536498
v 0.16810499 -0.01309812 0.12517945
v 0.16912656 -0.01309812 0.12425163
v 0.16899614 -0.01309812 0.12472577
v 0.16721382 -0.01309812 0.12563313
v 0.16712389 -0.01309812 0.12550851
v 0.16699310 -0.01309812 0.12541337
v 0.15587946 -0.01309812 0.10103942
v 0.15642263 -0.01309812 0.09981553
v 0.15511556 -0.01309812 0.10210512
v 0.15419520 -0.01309812 0.10296399
v 0.15319042 -0.01309812 0.10359729
v 0.16668512 -0.01309812 0.12536693
v 0.16640939 -0.01309812 0.12551180
v 0.14313311 -0.01309812 0.10871731
v 0.15807951 -0.01309812 0.13028327
v 0.16215252 -0.01309812 0.12820977
v 0.16627293 -0.01309812 0.12579177
v 0.16631704 -0.01309812 0.12564455
v 0.16622552 -0.01309812 0.12613626
v 0.15718836 -0.01309812 0.13073695
v 0.14416991 -0.01309812 0.13023250
v 0.15040188 -0.01309812 0.13419185
v 0.14398716 -0.01309812 0.12960270
v 0.14358542 -0.01309812 0.12908439
v 0.15629720 -0.01309812 0.13119063
v 0.14373988 -0.01309812 0.13155440
v 0.14450655 -0.01309812 0.13719307
v 0.14409178 -0.01309812 0.13093798
v 0.14296899 -0.01309812 0.12873249
v 0.14163371 -0.01309812 0.12883711
v 0.13307581 -0.01309812 0.11383734
v 0.14029699 -0.01309812 0.12951762
v 0.13896024 -0.01309812 0.13019812
v 0.14226350 -0.01309812 0.12865436
v 0.14188484 -0.01309812 0.13263665
v 0.14054811 -0.01309812 0.13331716
v 0.14322158 -0.01309812 0.13195614
v 0.13861124 -0.01309812 0.14019430
v 0.13991831 -0.01309812 0.13349991
v 0.13921283 -0.01309812 0.13342179
v 0.12301852 -0.01309812 0.11895737
v 0.13809004 -0.01309812 0.13121629
v 0.13844194 -0.01309812 0.13059987
v 0.13801191 -0.01309812 0.13192179
v 0.13271591 -0.01309812 0.14319552
v 0.13819468 -0.01309812 0.13255158
v 0.13859640 -0.01309812 0.13306989
v 0.12682058 -0.01309812 0.14619674
v 0.12092526 -0.01309812 0.14919797
v 0.11296121 -0.01309812 0.12407740
v 0.10706345 -0.01309812 0.11249241
v 0.09700614 -0.01309812 0.11761243
v 0.09780133 -0.01309812 0.10037598
v 0.08694884 -0.01309812 0.12273247
v 0.08808775 -0.01309812 0.10532102
v 0.07868113 -0.01309812 0.11388919
v 0.10290390 -0.01309812 0.12919744
v 0.10307240 -0.01309812 0.14775355
v 0.09284660 -0.01309812 0.13431746
v 0.09770596 -0.01309812 0.15133937
v 0.08278930 -0.01309812 0.13943749
v 0.09707665 -0.01309812 0.15152198
v 0.11502995 -0.01309812 0.15219919
v 0.09841092 -0.01309812 0.15141743
v 0.09961092 -0.01309812 0.15291629
v 0.10913462 -0.01309812 0.15520043
v 0.09942831 -0.01309812 0.15228697
v 0.09953286 -0.01309812 0.15362124
v 0.10323930 -0.01309812 0.15820165
v 0.09902688 -0.01309812 0.15176906
v 0.09918122 -0.01309812 0.15423719
v 0.09866331 -0.01309812 0.15463865
v 0.09734397 -0.01309812 0.16120285
v 0.09732657 -0.01309812 0.15531914
v 0.09598984 -0.01309812 0.15599967
v 0.09573992 -0.01309812 0.15220248
v 0.09440320 -0.01309812 0.15288300
v 0.09353363 -0.01309812 0.15390037
v 0.09388527 -0.01309812 0.15328442
v 0.09345557 -0.01309812 0.15460535
v 0.09465558 -0.01309812 0.15610421
v 0.09144866 -0.01309812 0.16420409
v 0.09536053 -0.01309812 0.15618227
v 0.09403961 -0.01309812 0.15575256
v 0.09363818 -0.01309812 0.15523464
v 0.08555332 -0.01309812 0.16720532
v 0.07834714 -0.01309812 0.11323313
v 0.07857671 -0.01309812 0.11352930
v 0.07837419 -0.01309812 0.11026606
v 0.07799490 -0.01309812 0.11303203
v 0.07759176 -0.01309812 0.11298740
v 0.07723188 -0.01309812 0.11309182
v 0.07843540 -0.01309812 0.11464456
v 0.07813922 -0.01309812 0.11487413
v 0.07863648 -0.01309812 0.11429232
v 0.07737621 -0.01309812 0.11493390
v 0.07689155 -0.01309812 0.12785250
v 0.07777934 -0.01309812 0.11497855
v 0.07693571 -0.01309812 0.11332139
v 0.06866061 -0.01309812 0.11521110
v 0.07668998 -0.01309812 0.11407676
v 0.07673461 -0.01309812 0.11367363
v 0.07679439 -0.01309812 0.11443665
v 0.07702397 -0.01309812 0.11473282
v 0.05232450 -0.01309812 0.12001055
v 0.04999486 -0.01309812 0.12223532
v 0.05078766 -0.01309812 0.12308487
v 0.05153426 -0.01309812 0.11948996
v 0.05320419 -0.01309812 0.12043025
v 0.05894704 -0.01309812 0.12015615
v 0.07420251 -0.01309812 0.13041035
v 0.07588676 -0.01309812 0.12848578
v 0.07496639 -0.01309812 0.12934466
v 0.07325350 -0.01309812 0.13171198
v 0.07365934 -0.01309812 0.13163425
v 0.05807663 -0.01309812 0.12052749
v 0.07360804 -0.01309812 0.13549061
v 0.07336915 -0.01309812 0.13425464
v 0.07468122 -0.01309812 0.13759866
v 0.07404793 -0.01309812 0.13659387
v 0.07337847 -0.01309812 0.13294348
v 0.05173093 -0.01309812 0.12859047
v 0.05122954 -0.01309812 0.12972024
v 0.05514478 -0.01309812 0.12088989
v 0.05199879 -0.01309812 0.12617166
v 0.05614943 -0.01309812 0.12090776
v 0.05713621 -0.01309812 0.12078363
v 0.05415303 -0.01309812 0.12072835
v 0.05137224 -0.01309812 0.12401238
v 0.05177829 -0.01309812 0.12503075
v 0.05199020 -0.01309812 0.12738197
v 0.05052441 -0.01309812 0.13070395
v 0.05044310 -0.01309812 0.11877742
v 0.04901114 -0.01309812 0.12153019
v 0.04924429 -0.01309812 0.11822156
v 0.04797320 -0.01309812 0.11784417
v 0.04788139 -0.01309812 0.12102879
v 0.04667021 -0.01309812 0.11765616
v 0.04667286 -0.01309812 0.12076954
v 0.04413025 -0.01309812 0.11783278
v 0.04546257 -0.01309812 0.12076094
v 0.04537659 -0.01309812 0.11765643
v 0.04432166 -0.01309812 0.12098145
v 0.04296254 -0.01309812 0.11816413
v 0.04330328 -0.01309812 0.12138749
v 0.04189633 -0.01309812 0.11862381
v 0.04237578 -0.01309812 0.12197207
v 0.04060295 -0.01309812 0.11942494
v 0.03940199 -0.01309812 0.12049246
v 0.04152622 -0.01309812 0.12276487
v 0.03837144 -0.01309812 0.12181012
v 0.04082110 -0.01309812 0.12374859
v 0.03758416 -0.01309812 0.12333187
v 0.04031970 -0.01309812 0.12487835
v 0.04006044 -0.01309812 0.12608685
v 0.03701920 -0.01309812 0.12443848
v 0.03625380 -0.01309812 0.12544278
v 0.02773244 -0.01309812 0.13027989
v 0.04205579 -0.01309812 0.13123350
v 0.04126297 -0.01309812 0.13038396
v 0.03426757 -0.01309812 0.12695295
v 0.04067840 -0.01309812 0.12945646
v 0.04027235 -0.01309812 0.12843806
v 0.04772897 -0.01309812 0.13248739
v 0.04874735 -0.01309812 0.13208133
v 0.04967485 -0.01309812 0.13149675
v 0.04303950 -0.01309812 0.13193864
v 0.04416925 -0.01309812 0.13244003
v 0.04537777 -0.01309812 0.13269929
v 0.04658807 -0.01309812 0.13270788
v 0.03532043 -0.01309812 0.12629321
v 0.04005184 -0.01309812 0.12729717
v 0.02119732 -0.01309812 0.13360683
v 0.01466219 -0.01309812 0.13693378
v 0.01393810 -0.01309812 0.14439675
v 0.01358974 -0.01309812 0.13737214
v 0.01286493 -0.01309812 0.14228870
v 0.00666258 -0.01309812 0.13730315
v 0.00709608 -0.01309812 0.13977112
v 0.00826875 -0.01309812 0.13726013
v 0.00840723 -0.01309812 0.13978042
v 0.00983239 -0.01309812 0.13749737
v 0.00586009 -0.01309812 0.14001000
v 0.00508966 -0.01309812 0.13763110
v 0.01239543 -0.01309812 0.13763634
v 0.01200605 -0.01309812 0.14136836
v 0.08168605 -0.01309812 0.13987736
v 0.08045007 -0.01309812 0.14011626
v 0.07660578 -0.01309812 0.13928290
v 0.07554010 -0.01309812 0.13851902
v 0.07782969 -0.01309812 0.13982609
v 0.07913890 -0.01309812 0.14010694
v 0.06645380 -0.01309812 0.17692862
v 0.01334363 -0.01309812 0.14947699
v 0.01503309 -0.01309812 0.15771381
v 0.01606721 -0.01309812 0.15861386
v 0.01388680 -0.01309812 0.14825312
v 0.01683140 -0.01309812 0.15965740
v 0.01417698 -0.01309812 0.14563272
v 0.01416767 -0.01309812 0.14694389
v 0.03349105 -0.01309812 0.17316207
v 0.01944816 -0.01309812 0.16347192
v 0.02101937 -0.01309812 0.16526973
v 0.05101642 -0.01309812 0.17360809
v 0.01805134 -0.01309812 0.16159354
v 0.02275869 -0.01309812 0.16696396
v 0.07965801 -0.01309812 0.17020655
v 0.07876685 -0.01309812 0.17066021
v 0.07787571 -0.01309812 0.17111390
v 0.05277720 -0.01309812 0.17395542
v 0.05191047 -0.01309812 0.17368054
v 0.05355076 -0.01309812 0.17441239
v 0.05016147 -0.01309812 0.17372826
v 0.07216476 -0.01309812 0.17402126
v 0.06074286 -0.01309812 0.17983599
v 0.03113669 -0.01309812 0.17228243
v 0.02886423 -0.01309812 0.17120880
v 0.02669702 -0.01309812 0.16995342
v 0.02465595 -0.01309812 0.16853219
v 0.03590222 -0.01309812 0.17383954
v 0.04560283 -0.01309812 0.17451355
v 0.04792314 -0.01309812 0.17420444
v 0.04321863 -0.01309812 0.17464149
v 0.03834428 -0.01309812 0.17431096
v 0.04079138 -0.01309812 0.17457676
v 0.01112314 -0.01309812 0.13768616
v 0.00971646 -0.01309812 0.14006129
v 0.01094035 -0.01309812 0.14060446
v 0.00475683 -0.01309812 0.14044988
v 0.00362265 -0.01309812 0.13822199
v 0.01349822 -0.01309812 0.14329350
v 0.00375205 -0.01309812 0.14108316
v 0.00223141 -0.01309812 0.13909886
v 0.00095708 -0.01309812 0.14028806
v 0.00206781 -0.01309812 0.14300773
v 0.00283170 -0.01309812 0.14194205
v 0.00152463 -0.01309812 0.14423164
v -0.00010061 -0.01309812 0.14176364
v -0.00085271 -0.01309812 0.14345827
v 0.00124377 -0.01309812 0.14554087
v -0.00125448 -0.01309812 0.14708648
v 0.00123445 -0.01309812 0.14685200
v -0.00124159 -0.01309812 0.14527104
v -0.00092374 -0.01309812 0.14879785
v 0.00147334 -0.01309812 0.14808802
v 0.01257974 -0.01309812 0.15054272
v 0.01377799 -0.01309812 0.15705506
v 0.01032220 -0.01309812 0.15637465
v 0.01065459 -0.01309812 0.15203486
v 0.00955135 -0.01309812 0.15247476
v 0.01239494 -0.01309812 0.15670809
v 0.01165939 -0.01309812 0.15140158
v 0.00827138 -0.01309812 0.15590483
v 0.00831537 -0.01309812 0.15271365
v 0.00700420 -0.01309812 0.15270433
v 0.00625587 -0.01309812 0.15530127
v 0.00046990 -0.01309812 0.15159410
v 0.00254651 -0.01309812 0.15019603
v 0.00191322 -0.01309812 0.14919125
v 0.00151360 -0.01309812 0.15277350
v 0.00340539 -0.01309812 0.15111640
v -0.00031466 -0.01309812 0.15032543
v 0.00569497 -0.01309812 0.15242346
v 0.00428858 -0.01309812 0.15456829
v 0.00447109 -0.01309812 0.15188028
v 0.00280109 -0.01309812 0.15378838
v 0.02852472 0.01290154 0.16379436
v 0.04343436 0.01290154 0.14775311
v 0.04343424 0.01290154 0.16379447
v 0.05834387 0.01290154 0.14775322
v 0.05834375 0.01290154 0.16379457
v 0.07325338 0.01290154 0.14775333
v 0.07325326 0.01290154 0.16379468
v 0.08816290 0.01290154 0.14775344
v 0.17762054 0.01290155 0.06754728
v 0.17762043 0.01290155 0.08358863
v 0.16271092 0.01290154 0.08358852
v 0.16271081 0.01290154 0.09962989
v 0.17762031 0.01290155 0.09963000
v 0.04060295 0.01290154 0.11942494
v 0.04152622 0.01290154 0.12276487
v 0.03940199 0.01290154 0.12049246
v 0.04296254 0.01290154 0.11816413
v 0.04330328 0.01290154 0.12138749
v 0.04189633 0.01290154 0.11862381
v 0.04237578 0.01290154 0.12197207
v 0.04413025 0.01290154 0.11783278
v 0.04432166 0.01290154 0.12098145
v 0.03837144 0.01290154 0.12181012
v 0.04082110 0.01290154 0.12374859
v 0.03758416 0.01290154 0.12333187
v 0.04546257 0.01290154 0.12076094
v 0.04667021 0.01290154 0.11765616
v 0.04537659 0.01290154 0.11765643
v 0.04924429 0.01290154 0.11822156
v 0.04788139 0.01290154 0.12102879
v 0.04797319 0.01290154 0.11784417
v 0.04667286 0.01290154 0.12076954
v 0.04901113 0.01290154 0.12153019
v 0.05044310 0.01290154 0.11877742
v 0.05153426 0.01290154 0.11948996
v 0.04999486 0.01290154 0.12223532
v 0.05232450 0.01290154 0.12001055
v 0.05078766 0.01290154 0.12308487
v 0.04006044 0.01290154 0.12608685
v 0.03625380 0.01290154 0.12544278
v 0.03701920 0.01290154 0.12443848
v 0.04031970 0.01290154 0.12487835
v 0.04005184 0.01290154 0.12729717
v 0.04027235 0.01290154 0.12843806
v 0.03426757 0.01290154 0.12695295
v 0.03532043 0.01290154 0.12629321
v 0.02446486 0.01290154 0.13194335
v 0.02852484 0.01290154 0.14775301
v 0.04067839 0.01290154 0.12945646
v 0.04126297 0.01290154 0.13038396
v 0.05122954 0.01290154 0.12972024
v 0.05052441 0.01290154 0.13070395
v 0.04967485 0.01290154 0.13149675
v 0.04416925 0.01290154 0.13244003
v 0.04303950 0.01290154 0.13193864
v 0.04205579 0.01290154 0.13123350
v 0.04874735 0.01290154 0.13208133
v 0.04772897 0.01290154 0.13248739
v 0.04658807 0.01290154 0.13270788
v 0.04537777 0.01290154 0.13269929
v 0.06866061 0.01290154 0.11521110
v 0.07673461 0.01290154 0.11367363
v 0.07668998 0.01290154 0.11407676
v 0.07693571 0.01290154 0.11332139
v 0.07837418 0.01290154 0.11026606
v 0.07723188 0.01290154 0.11309182
v 0.07679438 0.01290154 0.11443665
v 0.05320419 0.01290154 0.12043025
v 0.07702397 0.01290154 0.11473282
v 0.07689155 0.01290154 0.12785250
v 0.07420251 0.01290154 0.13041035
v 0.05894703 0.01290154 0.12015615
v 0.07737621 0.01290154 0.11493390
v 0.07799490 0.01290154 0.11303203
v 0.07759176 0.01290154 0.11298740
v 0.07857671 0.01290154 0.11352930
v 0.07834714 0.01290154 0.11323313
v 0.08808775 0.01290154 0.10532102
v 0.08694884 0.01290154 0.12273247
v 0.07813921 0.01290154 0.11487413
v 0.07843540 0.01290154 0.11464456
v 0.07777934 0.01290154 0.11497855
v 0.07868113 0.01290154 0.11388919
v 0.07863648 0.01290154 0.11429232
v 0.05137223 0.01290154 0.12401238
v 0.05415303 0.01290154 0.12072835
v 0.05199019 0.01290154 0.12738197
v 0.05713621 0.01290154 0.12078363
v 0.05807663 0.01290154 0.12052749
v 0.05177828 0.01290154 0.12503075
v 0.05514478 0.01290154 0.12088989
v 0.05199879 0.01290154 0.12617166
v 0.05614943 0.01290154 0.12090776
v 0.05173093 0.01290154 0.12859047
v 0.07325350 0.01290154 0.13171198
v 0.07588675 0.01290154 0.12848578
v 0.07496639 0.01290154 0.12934466
v 0.07336915 0.01290154 0.13425464
v 0.07337847 0.01290154 0.13294348
v 0.07365934 0.01290154 0.13163425
v 0.07360804 0.01290154 0.13549061
v 0.09700614 0.01290154 0.11761243
v 0.07404793 0.01290154 0.13659387
v -0.00085271 0.01290154 0.14345827
v -0.00092374 0.01290154 0.14879785
v -0.00124159 0.01290154 0.14527104
v 0.00095708 0.01290154 0.14028806
v 0.00046989 0.01290154 0.15159410
v -0.00010061 0.01290154 0.14176364
v -0.00031466 0.01290154 0.15032543
v 0.00223141 0.01290154 0.13909886
v 0.00151360 0.01290154 0.15277350
v -0.00125448 0.01290154 0.14708648
v 0.00280109 0.01290154 0.15378838
v 0.00362265 0.01290154 0.13822199
v 0.00826875 0.01290154 0.13726013
v 0.00428858 0.01290154 0.15456829
v 0.00666258 0.01290154 0.13730315
v 0.01466219 0.01290154 0.13693378
v 0.01371453 0.01290154 0.15703125
v 0.01352118 0.01290154 0.13739335
v 0.00983239 0.01290154 0.13749737
v 0.00508966 0.01290154 0.13763110
v 0.01032793 0.01290154 0.15637575
v 0.01104855 0.01290154 0.13768189
v 0.01229781 0.01290154 0.13764842
v 0.00626143 0.01290154 0.15530313
v 0.01239493 0.01290154 0.15670809
v 0.00827894 0.01290154 0.15590684
v 0.01602273 0.01290154 0.15856571
v 0.01495845 0.01290154 0.15766336
v 0.01683139 0.01290154 0.15965740
v 0.01805134 0.01290154 0.16159354
v 0.01944815 0.01290154 0.16347192
v 0.02101937 0.01290154 0.16526973
v 0.02465595 0.01290154 0.16853219
v 0.02275869 0.01290154 0.16696396
v 0.02886423 0.01290154 0.17120880
v 0.02669702 0.01290154 0.16995342
v 0.03113669 0.01290154 0.17228243
v 0.03349105 0.01290154 0.17316207
v 0.03590222 0.01290154 0.17383954
v 0.03834428 0.01290154 0.17431096
v 0.04079138 0.01290154 0.17457676
v 0.04321863 0.01290154 0.17464149
v 0.07468121 0.01290154 0.13759866
v 0.07660578 0.01290154 0.13928290
v 0.07782969 0.01290154 0.13982609
v 0.07554010 0.01290154 0.13851902
v 0.06681029 0.01290154 0.17406004
v 0.05101642 0.01290154 0.17360809
v 0.07913890 0.01290154 0.14010694
v 0.08045007 0.01290154 0.14011626
v 0.08168605 0.01290154 0.13987736
v 0.08278930 0.01290154 0.13943749
v 0.09284660 0.01290154 0.13431746
v 0.08555332 0.01290154 0.16720532
v 0.07965800 0.01290154 0.17020655
v 0.09345557 0.01290154 0.15460535
v 0.09144866 0.01290154 0.16420409
v 0.09363818 0.01290154 0.15523464
v 0.09353363 0.01290154 0.15390037
v 0.09403961 0.01290154 0.15575256
v 0.09388527 0.01290154 0.15328442
v 0.07876685 0.01290154 0.17066021
v 0.04792314 0.01290154 0.17420444
v 0.04560282 0.01290154 0.17451355
v 0.05191047 0.01290154 0.17368054
v 0.05355076 0.01290154 0.17441239
v 0.05277720 0.01290154 0.17395542
v 0.05016147 0.01290154 0.17372826
v 0.06463341 0.01290154 0.17554307
v 0.06074286 0.01290154 0.17983599
v 0.06456646 0.01290154 0.17614777
v 0.06472309 0.01290154 0.17668758
v 0.06493505 0.01290154 0.17501470
v 0.06517676 0.01290154 0.17757876
v 0.06627047 0.01290154 0.17421669
v 0.06537931 0.01290154 0.17467035
v 0.06741498 0.01290154 0.17412700
v 0.07330853 0.01290154 0.17343897
v 0.07787571 0.01290154 0.17111390
v 0.06794337 0.01290154 0.17442864
v 0.06828770 0.01290154 0.17487287
v 0.06874138 0.01290154 0.17576404
v 0.10307240 0.01290154 0.14775355
v 0.13842529 0.01290154 0.08201792
v 0.13665561 0.01290154 0.08059582
v 0.13872147 0.01290154 0.08178835
v 0.13908135 0.01290154 0.08168393
v 0.13948449 0.01290154 0.08172856
v 0.14636919 0.01290154 0.07565077
v 0.13983671 0.01290154 0.08192966
v 0.13822420 0.01290154 0.08237016
v 0.13817957 0.01290154 0.08277330
v 0.14006630 0.01290154 0.08222582
v 0.14017072 0.01290154 0.08258570
v 0.14839592 0.01290154 0.09157240
v 0.13828399 0.01290154 0.08313317
v 0.16130545 0.01290154 0.06258649
v 0.17435155 0.01290155 0.06140534
v 0.16083072 0.01290154 0.06442069
v 0.16287920 0.01290154 0.05916051
v 0.16199377 0.01290154 0.06082108
v 0.16056365 0.01290154 0.06545240
v 0.15766918 0.01290154 0.06967497
v 0.15908305 0.01290154 0.06823729
v 0.15608277 0.01290154 0.07070574
v 0.15967842 0.01290154 0.06737951
v 0.16017647 0.01290154 0.06644545
v 0.12694205 0.01290154 0.08554086
v 0.13851354 0.01290154 0.08342936
v 0.13992499 0.01290154 0.08334109
v 0.14729266 0.01290154 0.09201228
v 0.13962882 0.01290154 0.08357066
v 0.13926893 0.01290154 0.08367508
v 0.10751489 0.01290154 0.09543094
v 0.11722847 0.01290154 0.09048590
v 0.11712076 0.01290154 0.10737238
v 0.12717806 0.01290154 0.10225234
v 0.13723535 0.01290154 0.09713232
v 0.13886579 0.01290154 0.08363044
v 0.14012607 0.01290154 0.08298885
v 0.15094305 0.01290154 0.09134284
v 0.15225228 0.01290154 0.09162369
v 0.14963189 0.01290154 0.09133352
v 0.15347617 0.01290154 0.09216688
v 0.15454187 0.01290154 0.09293076
v 0.15603404 0.01290154 0.09485591
v 0.15540075 0.01290154 0.09385113
v 0.15647390 0.01290154 0.09595915
v 0.16393762 0.01290155 0.05763559
v 0.17403828 0.01290155 0.06032570
v 0.17058202 0.01290155 0.05265269
v 0.17198718 0.01290155 0.05216445
v 0.17477546 0.01290155 0.05805957
v 0.17502959 0.01290155 0.05157644
v 0.17566399 0.01290155 0.05737087
v 0.17347500 0.01290155 0.05180031
v 0.17663122 0.01290155 0.05150621
v 0.17674364 0.01290155 0.05705760
v 0.16513927 0.01290155 0.05627007
v 0.16645117 0.01290155 0.05507971
v 0.16783942 0.01290155 0.05407205
v 0.17417220 0.01290155 0.05911630
v 0.16927148 0.01290155 0.05324724
v 0.17825706 0.01290155 0.05159936
v 0.17988196 0.01290155 0.05186091
v 0.17795306 0.01290155 0.05719153
v 0.18302466 0.01290155 0.05288325
v 0.17900979 0.01290155 0.05779479
v 0.18147977 0.01290155 0.05229070
v 0.17969847 0.01290155 0.05868332
v 0.18449244 0.01290155 0.05362777
v 0.18586189 0.01290155 0.05450901
v 0.18824101 0.01290155 0.05660379
v 0.18001175 0.01290155 0.05976296
v 0.18711568 0.01290155 0.05550810
v 0.18922983 0.01290155 0.05777359
v 0.17504025 0.01290155 0.06229388
v 0.17609697 0.01290155 0.06289715
v 0.17730638 0.01290155 0.06303106
v 0.17838604 0.01290155 0.06271780
v 0.17927456 0.01290155 0.06202909
v 0.19210111 0.01290155 0.07816117
v 0.19246108 0.01290155 0.06602167
v 0.17987783 0.01290155 0.06097236
v 0.19007880 0.01290155 0.05899509
v 0.19078871 0.01290155 0.06024691
v 0.19156051 0.01290155 0.06202071
v 0.19168597 0.01290155 0.08815241
v 0.19251624 0.01290155 0.06816992
v 0.19213148 0.01290155 0.06395674
v 0.10706345 0.01290154 0.11249241
v 0.09780133 0.01290154 0.10037598
v 0.12092526 0.01290154 0.14919797
v 0.10290390 0.01290154 0.12919744
v 0.11296120 0.01290154 0.12407740
v 0.12682058 0.01290154 0.14619674
v 0.12301852 0.01290154 0.11895737
v 0.13271591 0.01290154 0.14319552
v 0.13801191 0.01290154 0.13192179
v 0.09770596 0.01290154 0.15133937
v 0.13809004 0.01290154 0.13121629
v 0.13844194 0.01290154 0.13059987
v 0.13307581 0.01290154 0.11383734
v 0.13896024 0.01290154 0.13019812
v 0.13985142 0.01290154 0.12974447
v 0.14074257 0.01290154 0.12929079
v 0.13861124 0.01290154 0.14019430
v 0.13819468 0.01290154 0.13255158
v 0.13859640 0.01290154 0.13306989
v 0.13991831 0.01290154 0.13349991
v 0.13921283 0.01290154 0.13342179
v 0.14450655 0.01290154 0.13719307
v 0.09440320 0.01290154 0.15288300
v 0.09707665 0.01290154 0.15152198
v 0.09573992 0.01290154 0.15220248
v 0.09734397 0.01290154 0.16120285
v 0.09465558 0.01290154 0.15610421
v 0.09536053 0.01290154 0.15618227
v 0.09598984 0.01290154 0.15599967
v 0.09732657 0.01290154 0.15531914
v 0.09866331 0.01290154 0.15463865
v 0.09902688 0.01290154 0.15176906
v 0.09841092 0.01290154 0.15141743
v 0.09942831 0.01290154 0.15228697
v 0.11502994 0.01290154 0.15219919
v 0.10913462 0.01290154 0.15520043
v 0.09961092 0.01290154 0.15291629
v 0.10323930 0.01290154 0.15820165
v 0.09918122 0.01290154 0.15423719
v 0.09953286 0.01290154 0.15362124
v 0.15587945 0.01290154 0.10103942
v 0.15642263 0.01290154 0.09981553
v 0.15670348 0.01290154 0.09850629
v 0.15671280 0.01290154 0.09719514
v 0.15511556 0.01290154 0.10210512
v 0.16654141 0.01290155 0.12541438
v 0.15319042 0.01290154 0.10359729
v 0.15419520 0.01290154 0.10296399
v 0.15807950 0.01290154 0.13028327
v 0.14313310 0.01290154 0.10871731
v 0.16989010 0.01290155 0.12315628
v 0.16942428 0.01290155 0.12362403
v 0.16672137 0.01290155 0.12536216
v 0.16636627 0.01290155 0.12556264
v 0.18386717 0.01290155 0.11314203
v 0.17687862 0.01290155 0.11814915
v 0.19085570 0.01290155 0.10813491
v 0.19127083 0.01290155 0.09814367
v 0.16899614 0.01290155 0.12472577
v 0.16810499 0.01290155 0.12517945
v 0.16912655 0.01290155 0.12425163
v 0.16692294 0.01290155 0.12538449
v 0.16709905 0.01290155 0.12548503
v 0.14163371 0.01290154 0.12883711
v 0.14296899 0.01290154 0.12873249
v 0.14226350 0.01290154 0.12865436
v 0.14358542 0.01290154 0.12908439
v 0.14188484 0.01290154 0.13263665
v 0.14322158 0.01290154 0.13195614
v 0.14054811 0.01290154 0.13331716
v 0.15040188 0.01290154 0.13419185
v 0.14373988 0.01290154 0.13155440
v 0.14409178 0.01290154 0.13093798
v 0.14398716 0.01290154 0.12960270
v 0.15629720 0.01290154 0.13119063
v 0.16622552 0.01290155 0.12613626
v 0.16215252 0.01290154 0.12820977
v 0.16627293 0.01290155 0.12579177
v 0.16721382 0.01290155 0.12563313
v 0.15718835 0.01290154 0.13073695
v 0.14416991 0.01290154 0.13023250
v 0.18386717 -0.01309812 0.11314203
v 0.19085570 -0.01509809 0.10813491
v 0.19085570 -0.01309812 0.10813491
v 0.18386717 -0.01509809 0.11314203
v 0.16989010 -0.01409810 0.12315628
v 0.17687862 -0.01309812 0.11814915
v 0.16989010 -0.01309812 0.12315628
v 0.16989010 -0.01509809 0.12315628
v 0.17687862 -0.01509809 0.11814915
v 0.16899614 -0.01509809 0.12472577
v 0.16912656 -0.01409810 0.12425163
v 0.16899614 -0.01409810 0.12472577
v 0.16912656 -0.01309812 0.12425163
v 0.16899614 -0.01309812 0.12472577
v 0.16721382 -0.01409810 0.12563313
v 0.16810499 -0.01509809 0.12517945
v 0.16899614 -0.01409810 0.12472577
v 0.16899614 -0.01509809 0.12472577
v 0.16810499 -0.01309812 0.12517945
v 0.16899614 -0.01309812 0.12472577
v 0.16721382 -0.01309812 0.12563313
v 0.16721382 -0.01509809 0.12563313
v 0.01801684 -0.01509810 0.16154306
v 0.01683140 -0.01309812 0.15965740
v 0.01683140 -0.01509810 0.15965740
v 0.02090564 -0.01509810 0.16514894
v 0.01944816 -0.01309812 0.16347192
v 0.01937507 -0.01509810 0.16338088
v 0.01805134 -0.01309812 0.16159354
v 0.02446440 -0.01509810 0.16838546
v 0.02275869 -0.01309812 0.16696396
v 0.02260466 -0.01509810 0.16682465
v 0.02861569 -0.01509810 0.17107686
v 0.02669702 -0.01309812 0.16995342
v 0.02647322 -0.01509810 0.16980958
v 0.02465595 -0.01309812 0.16853219
v 0.02101937 -0.01309812 0.16526973
v 0.02886423 -0.01309812 0.17120880
v 0.03087292 -0.01509810 0.17216958
v 0.03113669 -0.01309812 0.17228243
v 0.03564154 -0.01509810 0.17377671
v 0.03349105 -0.01309812 0.17316207
v 0.03322294 -0.01509810 0.17307311
v 0.04058099 -0.01509810 0.17456186
v 0.03834428 -0.01309812 0.17431096
v 0.03810300 -0.01509810 0.17427367
v 0.03590222 -0.01309812 0.17383954
v 0.04548394 -0.01509810 0.17452445
v 0.04321863 -0.01309812 0.17464149
v 0.04304956 -0.01509810 0.17464336
v 0.05016147 -0.01409811 0.17372826
v 0.04786133 -0.01509810 0.17421509
v 0.05016147 -0.01509810 0.17372826
v 0.04560283 -0.01309812 0.17451355
v 0.04079138 -0.01309812 0.17457676
v 0.04792314 -0.01309812 0.17420444
v 0.05016147 -0.01309812 0.17372826
v 0.01683140 -0.01509810 0.15965740
v 0.01606721 -0.01309812 0.15861386
v 0.01606721 -0.01509810 0.15861386
v 0.01503309 -0.01509810 0.15771381
v 0.01377799 -0.01309812 0.15705506
v 0.01377799 -0.01509810 0.15705506
v 0.01239494 -0.01309812 0.15670809
v 0.01239494 -0.01509810 0.15670809
v 0.01503309 -0.01309812 0.15771381
v 0.00625587 -0.01509810 0.15530127
v 0.00428858 -0.01309812 0.15456829
v 0.00428858 -0.01509810 0.15456829
v 0.00625587 -0.01309812 0.15530127
v 0.00827138 -0.01509810 0.15590483
v 0.00827138 -0.01309812 0.15590483
v 0.01032220 -0.01509810 0.15637465
v 0.01032220 -0.01309812 0.15637465
v 0.01239494 -0.01509810 0.15670809
v 0.01239494 -0.01309812 0.15670809
v 0.00046989 0.01290154 0.15159410
v -0.00031466 0.01490151 0.15032543
v -0.00031466 0.01290154 0.15032543
v 0.00046989 0.01490151 0.15159410
v 0.00151360 0.01290154 0.15277350
v 0.00151360 0.01490151 0.15277350
v 0.00280109 0.01290154 0.15378838
v 0.00280109 0.01490151 0.15378838
v 0.00428858 0.01290154 0.15456829
v 0.00428858 0.01490151 0.15456829
v 0.01104855 -0.01509810 0.13768189
v 0.00983239 -0.01509810 0.13749737
v 0.00983239 -0.01409811 0.13749737
v 0.01229781 -0.01509810 0.13764842
v 0.01112314 -0.01309812 0.13768616
v 0.01239543 -0.01309812 0.13763634
v 0.01352118 -0.01509810 0.13739335
v 0.01358974 -0.01309812 0.13737214
v 0.01466219 -0.01409811 0.13693378
v 0.01466219 -0.01509810 0.13693378
v 0.01466219 -0.01309812 0.13693378
v 0.00983239 -0.01309812 0.13749737
v 0.01466219 -0.01409811 0.13693378
v 0.01466219 -0.01309812 0.13693378
v 0.02119732 -0.01309812 0.13360683
v 0.01466219 -0.01509810 0.13693378
v 0.02119732 -0.01509810 0.13360683
v 0.02773244 -0.01309812 0.13027989
v 0.02773244 -0.01509810 0.13027989
v 0.03426757 -0.01409811 0.12695295
v 0.03426757 -0.01309812 0.12695295
v 0.03426757 -0.01509810 0.12695295
v 0.03532043 -0.01509810 0.12629321
v 0.03625380 -0.01309812 0.12544278
v 0.03625380 -0.01509810 0.12544278
v 0.03701920 -0.01309812 0.12443848
v 0.03701920 -0.01509810 0.12443848
v 0.03758416 -0.01509810 0.12333187
v 0.03758416 -0.01409811 0.12333187
v 0.03426757 -0.01409811 0.12695295
v 0.03426757 -0.01509810 0.12695295
v 0.03532043 -0.01309812 0.12629321
v 0.03426757 -0.01309812 0.12695295
v 0.03758416 -0.01309812 0.12333187
v 0.05153426 -0.01409811 0.11948996
v 0.05153426 -0.01509810 0.11948996
v 0.05044310 -0.01509810 0.11877742
v 0.04924429 -0.01509810 0.11822156
v 0.05044310 -0.01309812 0.11877742
v 0.04667021 -0.01509810 0.11765616
v 0.04797320 -0.01309812 0.11784417
v 0.04797320 -0.01509810 0.11784417
v 0.04413025 -0.01509810 0.11783278
v 0.04537659 -0.01309812 0.11765643
v 0.04537659 -0.01509810 0.11765643
v 0.04667021 -0.01309812 0.11765616
v 0.04924429 -0.01309812 0.11822156
v 0.05153426 -0.01309812 0.11948996
v 0.04189633 -0.01509810 0.11862381
v 0.04296254 -0.01309812 0.11816413
v 0.04296254 -0.01509810 0.11816413
v 0.04060295 -0.01509810 0.11942494
v 0.04189633 -0.01309812 0.11862381
v 0.03837144 -0.01509810 0.12181012
v 0.03940199 -0.01309812 0.12049246
v 0.03940199 -0.01509810 0.12049246
v 0.03758416 -0.01509810 0.12333187
v 0.03758416 -0.01409811 0.12333187
v 0.04060295 -0.01309812 0.11942494
v 0.03837144 -0.01309812 0.12181012
v 0.04413025 -0.01309812 0.11783278
v 0.03758416 -0.01309812 0.12333187
v 0.05232450 -0.01509810 0.12001055
v 0.05320419 -0.01309812 0.12043025
v 0.05320419 -0.01509810 0.12043025
v 0.05415303 -0.01509810 0.12072835
v 0.05514478 -0.01309812 0.12088989
v 0.05514478 -0.01509810 0.12088989
v 0.05614943 -0.01309812 0.12090776
v 0.05614943 -0.01509810 0.12090776
v 0.05415303 -0.01309812 0.12072835
v 0.05713621 -0.01509810 0.12078363
v 0.05807663 -0.01309812 0.12052749
v 0.05807663 -0.01509810 0.12052749
v 0.05894704 -0.01509810 0.12015615
v 0.05894704 -0.01409811 0.12015615
v 0.05713621 -0.01309812 0.12078363
v 0.05153426 -0.01409811 0.11948996
v 0.05153426 -0.01509810 0.11948996
v 0.05232450 -0.01309812 0.12001055
v 0.05153426 -0.01309812 0.11948996
v 0.05894704 -0.01309812 0.12015615
v 0.05894704 -0.01409811 0.12015615
v 0.05894704 -0.01309812 0.12015615
v 0.06866061 -0.01309812 0.11521110
v 0.07837419 -0.01309812 0.11026606
v 0.08808775 -0.01309812 0.10532102
v 0.09780133 -0.01309812 0.10037598
v 0.05894704 -0.01509810 0.12015615
v 0.06973990 -0.01509810 0.11466165
v 0.08053276 -0.01509809 0.10916717
v 0.09132562 -0.01509809 0.10367267
v 0.10211847 -0.01509809 0.09817818
v 0.11291132 -0.01509809 0.09268370
v 0.10751489 -0.01309812 0.09543094
v 0.11722847 -0.01309812 0.09048590
v 0.12694205 -0.01309812 0.08554086
v 0.13449703 -0.01509809 0.08169471
v 0.12370419 -0.01509809 0.08718920
v 0.13665561 -0.01309812 0.08059582
v 0.14528990 -0.01509809 0.07620022
v 0.15608277 -0.01509809 0.07070574
v 0.14636919 -0.01309812 0.07565077
v 0.15608277 -0.01309812 0.07070574
v 0.15608277 -0.01509809 0.07070574
v 0.15775906 -0.01309812 0.06960111
v 0.15775906 -0.01509809 0.06960111
v 0.15851039 -0.01309812 0.06889894
v 0.15851039 -0.01509809 0.06889894
v 0.15918083 -0.01509809 0.06811022
v 0.15975627 -0.01309812 0.06724972
v 0.15975627 -0.01509809 0.06724972
v 0.16022634 -0.01509809 0.06633509
v 0.16083072 -0.01309812 0.06442069
v 0.16083072 -0.01509809 0.06442069
v 0.16022634 -0.01309812 0.06633509
v 0.15918083 -0.01309812 0.06811022
v 0.19251400 0.01490152 0.06678893
v 0.19251624 0.01490152 0.06816992
v 0.19251624 0.01290155 0.06816992
v 0.19246108 0.01290155 0.06602167
v 0.19213148 0.01290155 0.06395674
v 0.19172484 0.01490152 0.06249393
v 0.19212620 0.01490152 0.06393370
v 0.19238706 0.01490152 0.06537150
v 0.19156051 0.01290155 0.06202071
v 0.19117967 0.01490152 0.06107234
v 0.19078871 0.01290155 0.06024691
v 0.19007880 0.01290155 0.05899509
v 0.19049129 0.01490152 0.05969015
v 0.18922983 0.01290155 0.05777359
v 0.18966448 0.01490152 0.05836866
v 0.18824101 0.01290155 0.05660379
v 0.18763510 0.01490152 0.05598719
v 0.18870815 0.01490152 0.05712821
v 0.18449244 0.01290155 0.05362777
v 0.18520602 0.01490152 0.05406231
v 0.18586189 0.01290155 0.05450901
v 0.18147977 0.01290155 0.05229070
v 0.18253105 0.01490152 0.05267385
v 0.18302466 0.01290155 0.05288325
v 0.18388891 0.01490152 0.05329853
v 0.18711568 0.01290155 0.05550810
v 0.18646150 0.01490152 0.05496122
v 0.17988196 0.01290155 0.05186091
v 0.18115282 0.01490152 0.05218822
v 0.17841033 0.01490152 0.05161674
v 0.17825706 0.01290155 0.05159936
v 0.17703319 0.01490152 0.05151380
v 0.17663122 0.01290155 0.05150621
v 0.17561022 0.01490152 0.05153237
v 0.17347500 0.01290155 0.05180031
v 0.17269054 0.01490152 0.05197347
v 0.17415672 0.01490152 0.05168294
v 0.17058202 0.01290155 0.05265269
v 0.16980097 0.01490152 0.05298984
v 0.17123158 0.01490152 0.05240877
v 0.17198718 0.01290155 0.05216445
v 0.17502959 0.01290155 0.05157644
v 0.16783942 0.01290155 0.05407205
v 0.16711060 0.01490152 0.05457265
v 0.16842032 0.01490152 0.05371359
v 0.16393762 0.01290155 0.05763559
v 0.16477877 0.01490152 0.05664769
v 0.16513927 0.01290155 0.05627007
v 0.16589118 0.01490152 0.05555565
v 0.16645117 0.01290155 0.05507971
v 0.16287920 0.01290154 0.05916051
v 0.16219862 0.01490152 0.06039247
v 0.16292495 0.01490152 0.05908613
v 0.16083072 0.01290154 0.06442069
v 0.16115521 0.01490152 0.06307836
v 0.16130545 0.01290154 0.06258649
v 0.16199377 0.01290154 0.06082108
v 0.16160943 0.01490152 0.06172970
v 0.16378683 0.01490152 0.05783105
v 0.16927148 0.01290155 0.05324724
v 0.19127084 -0.01509809 0.09814367
v 0.19085570 -0.01309812 0.10813491
v 0.19085570 -0.01509809 0.10813491
v 0.19127084 -0.01309812 0.09814367
v 0.19168597 -0.01509809 0.08815241
v 0.19168597 -0.01309812 0.08815241
v 0.19210111 -0.01509809 0.07816117
v 0.19210111 -0.01309812 0.07816117
v 0.19251624 -0.01509809 0.06816992
v 0.19251624 -0.01309812 0.06816992
v 0.04067840 -0.01409811 0.12945646
v 0.04126297 -0.01509810 0.13038396
v 0.04067840 -0.01509810 0.12945646
v 0.04205579 -0.01509810 0.13123350
v 0.04303950 -0.01309812 0.13193864
v 0.04303950 -0.01509810 0.13193864
v 0.04205579 -0.01309812 0.13123350
v 0.04416925 -0.01509810 0.13244003
v 0.04537777 -0.01309812 0.13269929
v 0.04537777 -0.01509810 0.13269929
v 0.04416925 -0.01309812 0.13244003
v 0.04658807 -0.01309812 0.13270788
v 0.04658807 -0.01509810 0.13270788
v 0.04772897 -0.01309812 0.13248739
v 0.04772897 -0.01509810 0.13248739
v 0.04874735 -0.01309812 0.13208133
v 0.04874735 -0.01509810 0.13208133
v 0.04967485 -0.01309812 0.13149675
v 0.04967485 -0.01509810 0.13149675
v 0.05052441 -0.01509810 0.13070395
v 0.05122954 -0.01309812 0.12972024
v 0.05122954 -0.01509810 0.12972024
v 0.05052441 -0.01309812 0.13070395
v 0.05173093 -0.01509810 0.12859047
v 0.05199020 -0.01309812 0.12738197
v 0.05199020 -0.01509810 0.12738197
v 0.05199879 -0.01509810 0.12617166
v 0.05177829 -0.01309812 0.12503075
v 0.05177829 -0.01509810 0.12503075
v 0.05137224 -0.01409811 0.12401238
v 0.05137224 -0.01509810 0.12401238
v 0.05199879 -0.01309812 0.12617166
v 0.05173093 -0.01309812 0.12859047
v 0.04126297 -0.01309812 0.13038396
v 0.05137224 -0.01309812 0.12401238
v 0.04067840 -0.01309812 0.12945646
v 0.17504025 -0.01509809 0.06229388
v 0.17609697 -0.01309812 0.06289715
v 0.17609697 -0.01509809 0.06289715
v 0.17730638 -0.01509809 0.06303106
v 0.17838604 -0.01309812 0.06271780
v 0.17838604 -0.01509809 0.06271780
v 0.17927456 -0.01309812 0.06202909
v 0.17927456 -0.01509809 0.06202909
v 0.17730638 -0.01309812 0.06303106
v 0.17987783 -0.01509809 0.06097236
v 0.18001175 -0.01309812 0.05976296
v 0.18001175 -0.01509809 0.05976296
v 0.17969847 -0.01509809 0.05868332
v 0.17969847 -0.01409810 0.05868332
v 0.17987783 -0.01309812 0.06097236
v 0.17435155 -0.01409810 0.06140534
v 0.17435155 -0.01509809 0.06140534
v 0.17504025 -0.01309812 0.06229388
v 0.17435155 -0.01309812 0.06140534
v 0.17969847 -0.01309812 0.05868332
v 0.07588676 -0.01509810 0.12848578
v 0.07496639 -0.01309812 0.12934466
v 0.07496639 -0.01509810 0.12934466
v 0.07420251 -0.01509810 0.13041035
v 0.07365934 -0.01309812 0.13163425
v 0.07365934 -0.01509810 0.13163425
v 0.07337847 -0.01309812 0.13294348
v 0.07337847 -0.01509810 0.13294348
v 0.07420251 -0.01309812 0.13041035
v 0.07336915 -0.01509810 0.13425464
v 0.07360804 -0.01309812 0.13549061
v 0.07360804 -0.01509810 0.13549061
v 0.07404793 -0.01509810 0.13659387
v 0.07404793 -0.01409811 0.13659387
v 0.07336915 -0.01309812 0.13425464
v 0.07689155 -0.01409811 0.12785250
v 0.07689155 -0.01509810 0.12785250
v 0.07588676 -0.01309812 0.12848578
v 0.07689155 -0.01309812 0.12785250
v 0.07404793 -0.01309812 0.13659387
v 0.14729266 -0.01409810 0.09201228
v 0.14729266 -0.01309812 0.09201228
v 0.13723535 -0.01309812 0.09713232
v 0.12717806 -0.01309812 0.10225234
v 0.11712076 -0.01309812 0.10737238
v 0.13723535 -0.01509809 0.09713232
v 0.14729266 -0.01509809 0.09201228
v 0.12717806 -0.01509809 0.10225234
v 0.11712076 -0.01509809 0.10737238
v 0.07689155 -0.01409811 0.12785250
v 0.10706345 -0.01309812 0.11249241
v 0.09700614 -0.01309812 0.11761243
v 0.08694884 -0.01309812 0.12273247
v 0.07689155 -0.01309812 0.12785250
v 0.09700614 -0.01509809 0.11761243
v 0.10706345 -0.01509809 0.11249241
v 0.07689155 -0.01509810 0.12785250
v 0.08694884 -0.01509809 0.12273247
v 0.15319042 -0.01409810 0.10359729
v 0.15419520 -0.01509809 0.10296399
v 0.15319042 -0.01509809 0.10359729
v 0.15511556 -0.01509809 0.10210512
v 0.15587946 -0.01309812 0.10103942
v 0.15587946 -0.01509809 0.10103942
v 0.15511556 -0.01309812 0.10210512
v 0.15642263 -0.01509809 0.09981553
v 0.15670348 -0.01309812 0.09850629
v 0.15670348 -0.01509809 0.09850629
v 0.15642263 -0.01309812 0.09981553
v 0.15671280 -0.01309812 0.09719514
v 0.15671280 -0.01509809 0.09719514
v 0.15647391 -0.01309812 0.09595915
v 0.15647391 -0.01509809 0.09595915
v 0.15603404 -0.01309812 0.09485591
v 0.15603404 -0.01509809 0.09485591
v 0.15540075 -0.01309812 0.09385113
v 0.15540075 -0.01509809 0.09385113
v 0.15454187 -0.01509809 0.09293076
v 0.15347617 -0.01309812 0.09216688
v 0.15347617 -0.01509809 0.09216688
v 0.15454187 -0.01309812 0.09293076
v 0.15225228 -0.01509809 0.09162369
v 0.15094305 -0.01309812 0.09134284
v 0.15094305 -0.01509809 0.09134284
v 0.14963190 -0.01509809 0.09133352
v 0.14839592 -0.01309812 0.09157240
v 0.14839592 -0.01509809 0.09157240
v 0.14729266 -0.01409810 0.09201228
v 0.14729266 -0.01509809 0.09201228
v 0.14963190 -0.01309812 0.09133352
v 0.15225228 -0.01309812 0.09162369
v 0.15419520 -0.01309812 0.10296399
v 0.14729266 -0.01309812 0.09201228
v 0.15319042 -0.01309812 0.10359729
v 0.08278930 -0.01409811 0.13943749
v 0.08278930 -0.01309812 0.13943749
v 0.09284660 -0.01309812 0.13431746
v 0.10290390 -0.01309812 0.12919744
v 0.11296121 -0.01309812 0.12407740
v 0.09284661 -0.01509809 0.13431746
v 0.08278930 -0.01509809 0.13943749
v 0.10290390 -0.01509809 0.12919744
v 0.11296121 -0.01509809 0.12407740
v 0.12301852 -0.01509809 0.11895737
v 0.15319042 -0.01409810 0.10359729
v 0.12301852 -0.01309812 0.11895737
v 0.13307581 -0.01309812 0.11383734
v 0.14313311 -0.01309812 0.10871731
v 0.15319042 -0.01309812 0.10359729
v 0.13307581 -0.01509809 0.11383734
v 0.15319042 -0.01509809 0.10359729
v 0.14313311 -0.01509809 0.10871731
v 0.18386717 0.01290155 0.11314203
v 0.19085570 0.01490152 0.10813491
v 0.18386717 0.01490152 0.11314203
v 0.16989010 0.01390153 0.12315628
v 0.17687862 0.01490152 0.11814915
v 0.16989010 0.01490152 0.12315628
v 0.16989010 0.01290155 0.12315628
v 0.17687862 0.01290155 0.11814915
v 0.16899614 0.01290155 0.12472577
v 0.16912655 0.01390153 0.12425163
v 0.16899614 0.01390153 0.12472577
v 0.16912655 0.01490152 0.12425163
v 0.16899614 0.01490152 0.12472577
v 0.16899614 0.01390153 0.12472577
v 0.16899614 0.01490152 0.12472577
v 0.16810499 0.01490152 0.12517945
v 0.16810499 0.01290155 0.12517945
v 0.16899614 0.01290155 0.12472577
v 0.16721382 0.01390153 0.12563313
v 0.16721382 0.01290155 0.12563313
v 0.16721382 0.01490152 0.12563313
v 0.06251950 0.00890159 0.18117574
v 0.06074286 0.00640162 0.17983599
v 0.06251950 0.00290167 0.18117574
v 0.06074286 -0.00009829 0.17983599
v 0.06074286 -0.00659821 0.17983599
v 0.06251950 -0.00309826 0.18117574
v 0.06074286 -0.01309812 0.17983599
v 0.06251950 -0.01509810 0.18117574
v 0.06251950 -0.00909818 0.18117574
v 0.05355076 -0.01509810 0.17441239
v 0.06074286 0.01290154 0.17983599
v 0.06251950 0.01490151 0.18117574
v 0.05355076 0.01390153 0.17441239
v 0.05355076 0.01490151 0.17441239
v 0.05355076 0.01290154 0.17441239
v 0.05355076 -0.01309812 0.17441239
v 0.05355076 -0.01409811 0.17441239
v 0.01683139 0.01290154 0.15965740
v 0.01801684 0.01490151 0.16154306
v 0.01683139 0.01490151 0.15965740
v 0.01944815 0.01290154 0.16347192
v 0.02090564 0.01490151 0.16514894
v 0.01937507 0.01490151 0.16338088
v 0.01805134 0.01290154 0.16159354
v 0.02275869 0.01290154 0.16696396
v 0.02446440 0.01490151 0.16838546
v 0.02260466 0.01490151 0.16682465
v 0.02669702 0.01290154 0.16995342
v 0.02861569 0.01490151 0.17107686
v 0.02647322 0.01490151 0.16980958
v 0.02465595 0.01290154 0.16853219
v 0.02101937 0.01290154 0.16526973
v 0.03087292 0.01490151 0.17216958
v 0.02886423 0.01290154 0.17120880
v 0.03113669 0.01290154 0.17228243
v 0.03322294 0.01490151 0.17307311
v 0.03590222 0.01290154 0.17383954
v 0.03810300 0.01490151 0.17427367
v 0.03564154 0.01490151 0.17377671
v 0.03349105 0.01290154 0.17316207
v 0.04079138 0.01290154 0.17457676
v 0.04304956 0.01490151 0.17464336
v 0.04058099 0.01490151 0.17456186
v 0.04560282 0.01290154 0.17451355
v 0.04786133 0.01490151 0.17421509
v 0.04548394 0.01490151 0.17452445
v 0.05016147 0.01390153 0.17372826
v 0.04792314 0.01290154 0.17420444
v 0.05016147 0.01290154 0.17372826
v 0.04321863 0.01290154 0.17464149
v 0.03834428 0.01290154 0.17431096
v 0.05016147 0.01490151 0.17372826
v 0.01683139 0.01290154 0.15965740
v 0.01606721 0.01490151 0.15861386
v 0.01602273 0.01290154 0.15856571
v 0.01495845 0.01290154 0.15766336
v 0.01377799 0.01490151 0.15705506
v 0.01371453 0.01290154 0.15703125
v 0.01239493 0.01490151 0.15670809
v 0.01239493 0.01290154 0.15670809
v 0.01503309 0.01490151 0.15771381
v 0.00626143 0.01290154 0.15530313
v 0.00428858 0.01490151 0.15456829
v 0.00428858 0.01290154 0.15456829
v 0.00827894 0.01290154 0.15590684
v 0.00626143 0.01490151 0.15530313
v 0.01239493 0.01290154 0.15670809
v 0.01032793 0.01490151 0.15637575
v 0.01032793 0.01290154 0.15637575
v 0.00827894 0.01490151 0.15590684
v 0.00046990 -0.01309812 0.15159410
v -0.00031466 -0.01509810 0.15032543
v 0.00046990 -0.01509810 0.15159410
v 0.00151360 -0.01509810 0.15277350
v 0.00151360 -0.01309812 0.15277350
v 0.00280109 -0.01509810 0.15378838
v 0.00280109 -0.01309812 0.15378838
v 0.00428858 -0.01509810 0.15456829
v 0.00428858 -0.01309812 0.15456829
v 0.01104855 0.01290154 0.13768189
v 0.00983239 0.01290154 0.13749737
v 0.00983239 0.01390153 0.13749737
v 0.01229781 0.01290154 0.13764842
v 0.01112314 0.01490151 0.13768616
v 0.01239543 0.01490151 0.13763634
v 0.01352118 0.01290154 0.13739335
v 0.01358974 0.01490151 0.13737214
v 0.01466219 0.01390153 0.13693378
v 0.01466219 0.01290154 0.13693378
v 0.01466219 0.01490151 0.13693378
v 0.00983239 0.01490151 0.13749737
v 0.01466219 0.01390153 0.13693378
v 0.01466219 0.01490151 0.13693378
v 0.02446486 0.01490151 0.13194335
v 0.02446486 0.01290154 0.13194335
v 0.01466219 0.01290154 0.13693378
v 0.03426757 0.01390153 0.12695295
v 0.03426757 0.01290154 0.12695295
v 0.03426757 0.01490151 0.12695295
v 0.03532043 0.01290154 0.12629321
v 0.03426757 0.01290154 0.12695295
v 0.03426757 0.01390153 0.12695295
v 0.03625380 0.01490151 0.12544278
v 0.03625380 0.01290154 0.12544278
v 0.03701920 0.01490151 0.12443848
v 0.03701920 0.01290154 0.12443848
v 0.03758416 0.01390153 0.12333187
v 0.03758416 0.01290154 0.12333187
v 0.03532043 0.01490151 0.12629321
v 0.03758416 0.01490151 0.12333187
v 0.03426757 0.01490151 0.12695295
v 0.05153426 0.01390153 0.11948996
v 0.05153426 0.01290154 0.11948996
v 0.05044310 0.01290154 0.11877742
v 0.04976543 0.01490151 0.11843731
v 0.04924429 0.01290154 0.11822156
v 0.04667021 0.01290154 0.11765616
v 0.04775043 0.01490151 0.11779828
v 0.04797319 0.01290154 0.11784417
v 0.04413025 0.01290154 0.11783278
v 0.04564236 0.01490151 0.11764134
v 0.04537659 0.01290154 0.11765643
v 0.04669737 0.01490151 0.11765813
v 0.04877997 0.01490151 0.11806018
v 0.05153426 0.01490151 0.11948996
v 0.04189633 0.01290154 0.11862381
v 0.04169886 0.01490151 0.11872740
v 0.04296254 0.01290154 0.11816413
v 0.04080120 0.01490151 0.11928196
v 0.03940199 0.01290154 0.12049246
v 0.03856465 0.01490151 0.12152202
v 0.03921808 0.01490151 0.12069355
v 0.03837144 0.01290154 0.12181012
v 0.03758416 0.01290154 0.12333187
v 0.03758416 0.01390153 0.12333187
v 0.04060295 0.01290154 0.11942494
v 0.03996837 0.01490151 0.11994149
v 0.04360881 0.01490151 0.11795996
v 0.03758416 0.01490151 0.12333187
v 0.05320419 0.01290154 0.12043025
v 0.05237350 0.01490151 0.12003800
v 0.05329554 0.01490151 0.12046553
v 0.05514478 0.01290154 0.12088989
v 0.05427316 0.01490151 0.12075577
v 0.05527532 0.01490151 0.12090039
v 0.05614943 0.01290154 0.12090776
v 0.05627028 0.01490151 0.12090018
v 0.05415303 0.01290154 0.12072835
v 0.05807663 0.01290154 0.12052749
v 0.05722887 0.01490151 0.12076455
v 0.05812698 0.01490151 0.12050970
v 0.05894703 0.01290154 0.12015615
v 0.05894703 0.01390153 0.12015615
v 0.05713621 0.01290154 0.12078363
v 0.05153426 0.01390153 0.11948996
v 0.05232450 0.01290154 0.12001055
v 0.05153426 0.01290154 0.11948996
v 0.05153426 0.01490151 0.11948996
v 0.05894703 0.01490151 0.12015615
v 0.05894703 0.01390153 0.12015615
v 0.05894703 0.01490151 0.12015615
v 0.06973990 0.01490151 0.11466165
v 0.08053275 0.01490152 0.10916717
v 0.09132562 0.01490152 0.10367267
v 0.10211847 0.01490152 0.09817818
v 0.05894703 0.01290154 0.12015615
v 0.06866061 0.01290154 0.11521110
v 0.07837418 0.01290154 0.11026606
v 0.08808775 0.01290154 0.10532102
v 0.09780133 0.01290154 0.10037598
v 0.10751489 0.01290154 0.09543094
v 0.11291132 0.01490152 0.09268370
v 0.12370419 0.01490152 0.08718920
v 0.11722847 0.01290154 0.09048590
v 0.14528990 0.01490152 0.07620022
v 0.13665561 0.01290154 0.08059582
v 0.13449703 0.01490152 0.08169471
v 0.15608277 0.01490152 0.07070574
v 0.14636919 0.01290154 0.07565077
v 0.12694205 0.01290154 0.08554086
v 0.15608277 0.01290154 0.07070574
v 0.15766918 0.01490152 0.06967497
v 0.15766918 0.01290154 0.06967497
v 0.15908305 0.01490152 0.06823729
v 0.15908305 0.01290154 0.06823729
v 0.15967842 0.01290154 0.06737951
v 0.16017647 0.01490152 0.06644545
v 0.16017647 0.01290154 0.06644545
v 0.16056365 0.01290154 0.06545240
v 0.16083072 0.01490152 0.06442069
v 0.16083072 0.01290154 0.06442069
v 0.16056365 0.01490152 0.06545240
v 0.15967842 0.01490152 0.06737951
v 0.19251400 -0.01509809 0.06678893
v 0.19251624 -0.01309812 0.06816992
v 0.19251624 -0.01509809 0.06816992
v 0.19212620 -0.01509809 0.06393370
v 0.19238706 -0.01309812 0.06537150
v 0.19238706 -0.01509809 0.06537150
v 0.19251400 -0.01309812 0.06678893
v 0.19117967 -0.01509809 0.06107234
v 0.19172484 -0.01309812 0.06249393
v 0.19172484 -0.01509809 0.06249393
v 0.18966449 -0.01509809 0.05836866
v 0.19049129 -0.01309812 0.05969015
v 0.19049129 -0.01509809 0.05969015
v 0.19117967 -0.01309812 0.06107234
v 0.19212620 -0.01309812 0.06393370
v 0.18763510 -0.01509809 0.05598719
v 0.18870815 -0.01309812 0.05712821
v 0.18870815 -0.01509809 0.05712821
v 0.18520602 -0.01509809 0.05406231
v 0.18646150 -0.01309812 0.05496122
v 0.18646150 -0.01509809 0.05496122
v 0.18763510 -0.01309812 0.05598719
v 0.18253105 -0.01509809 0.05267385
v 0.18388892 -0.01309812 0.05329853
v 0.18388892 -0.01509809 0.05329853
v 0.17977349 -0.01509809 0.05183804
v 0.18115282 -0.01309812 0.05218822
v 0.18115282 -0.01509809 0.05218822
v 0.18253105 -0.01309812 0.05267385
v 0.18520602 -0.01309812 0.05406231
v 0.18966448 -0.01309812 0.05836866
v 0.17977349 -0.01309812 0.05183804
v 0.17841033 -0.01509809 0.05161674
v 0.17841033 -0.01309812 0.05161674
v 0.17703319 -0.01509809 0.05151380
v 0.17415672 -0.01509809 0.05168294
v 0.17561022 -0.01309812 0.05153237
v 0.17561022 -0.01509809 0.05153237
v 0.17703319 -0.01309812 0.05151380
v 0.17123158 -0.01509809 0.05240877
v 0.17269054 -0.01309812 0.05197347
v 0.17269054 -0.01509809 0.05197347
v 0.16842033 -0.01509809 0.05371359
v 0.16980097 -0.01309812 0.05298984
v 0.16980097 -0.01509809 0.05298984
v 0.17123158 -0.01309812 0.05240877
v 0.17415672 -0.01309812 0.05168294
v 0.16589119 -0.01509809 0.05555565
v 0.16711061 -0.01309812 0.05457265
v 0.16711061 -0.01509809 0.05457265
v 0.16378683 -0.01509809 0.05783105
v 0.16477877 -0.01309812 0.05664769
v 0.16477877 -0.01509809 0.05664769
v 0.16219863 -0.01509809 0.06039247
v 0.16292495 -0.01309812 0.05908613
v 0.16292495 -0.01509809 0.05908613
v 0.16115521 -0.01509809 0.06307836
v 0.16160943 -0.01309812 0.06172970
v 0.16160943 -0.01509809 0.06172970
v 0.16219863 -0.01309812 0.06039247
v 0.16378683 -0.01309812 0.05783105
v 0.16842033 -0.01309812 0.05371359
v 0.16115521 -0.01309812 0.06307836
v 0.16083072 -0.01509809 0.06442069
v 0.16083072 -0.01309812 0.06442069
v 0.19127083 0.01290155 0.09814367
v 0.19085570 0.01490152 0.10813491
v 0.19085570 0.01290155 0.10813491
v 0.19168597 0.01290155 0.08815241
v 0.19127083 0.01490152 0.09814367
v 0.19251624 0.01290155 0.06816992
v 0.19210111 0.01490152 0.07816117
v 0.19210111 0.01290155 0.07816117
v 0.19168597 0.01490152 0.08815241
v 0.04067839 0.01390153 0.12945646
v 0.04126297 0.01290154 0.13038396
v 0.04067839 0.01290154 0.12945646
v 0.04205579 0.01290154 0.13123350
v 0.04303950 0.01490151 0.13193864
v 0.04303950 0.01290154 0.13193864
v 0.04205579 0.01490151 0.13123350
v 0.04416925 0.01290154 0.13244003
v 0.04537777 0.01490151 0.13269929
v 0.04537777 0.01290154 0.13269929
v 0.04416925 0.01490151 0.13244003
v 0.04658807 0.01490151 0.13270788
v 0.04658807 0.01290154 0.13270788
v 0.04772897 0.01490151 0.13248739
v 0.04772897 0.01290154 0.13248739
v 0.04874735 0.01490151 0.13208133
v 0.04874735 0.01290154 0.13208133
v 0.04967485 0.01490151 0.13149675
v 0.04967485 0.01290154 0.13149675
v 0.05052441 0.01290154 0.13070395
v 0.05122954 0.01490151 0.12972024
v 0.05122954 0.01290154 0.12972024
v 0.05052441 0.01490151 0.13070395
v 0.05173093 0.01290154 0.12859047
v 0.05199019 0.01490151 0.12738197
v 0.05199019 0.01290154 0.12738197
v 0.05199879 0.01290154 0.12617166
v 0.05177828 0.01490151 0.12503075
v 0.05177828 0.01290154 0.12503075
v 0.05137223 0.01390153 0.12401238
v 0.05137223 0.01290154 0.12401238
v 0.05199879 0.01490151 0.12617166
v 0.05173093 0.01490151 0.12859047
v 0.04126297 0.01490151 0.13038396
v 0.05137223 0.01490151 0.12401238
v 0.04067839 0.01490151 0.12945646
v 0.17504025 0.01290155 0.06229388
v 0.17609697 0.01490152 0.06289715
v 0.17609697 0.01290155 0.06289715
v 0.17730638 0.01290155 0.06303106
v 0.17838604 0.01490152 0.06271780
v 0.17838604 0.01290155 0.06271780
v 0.17927456 0.01490152 0.06202909
v 0.17927456 0.01290155 0.06202909
v 0.17730638 0.01490152 0.06303106
v 0.17987783 0.01290155 0.06097236
v 0.18001175 0.01490152 0.05976296
v 0.18001175 0.01290155 0.05976296
v 0.17969847 0.01290155 0.05868332
v 0.17969847 0.01390153 0.05868332
v 0.17987783 0.01490152 0.06097236
v 0.17435155 0.01390153 0.06140534
v 0.17435155 0.01290155 0.06140534
v 0.17504025 0.01490152 0.06229388
v 0.17435155 0.01490152 0.06140534
v 0.17969847 0.01490152 0.05868332
v 0.07689155 0.01390153 0.12785250
v 0.07588675 0.01290154 0.12848578
v 0.07689155 0.01290154 0.12785250
v 0.07496639 0.01290154 0.12934466
v 0.07420251 0.01490152 0.13041035
v 0.07420251 0.01290154 0.13041035
v 0.07496639 0.01490152 0.12934466
v 0.07365934 0.01490152 0.13163425
v 0.07365934 0.01290154 0.13163425
v 0.07337847 0.01490152 0.13294348
v 0.07337847 0.01290154 0.13294348
v 0.07336915 0.01290154 0.13425464
v 0.07360804 0.01490152 0.13549061
v 0.07360804 0.01290154 0.13549061
v 0.07404793 0.01390153 0.13659387
v 0.07404793 0.01290154 0.13659387
v 0.07336915 0.01490152 0.13425464
v 0.07588675 0.01490152 0.12848578
v 0.07404793 0.01490152 0.13659387
v 0.07689155 0.01490152 0.12785250
v 0.14729266 0.01390153 0.09201228
v 0.14729266 0.01490152 0.09201228
v 0.13723535 0.01490152 0.09713232
v 0.11712076 0.01490152 0.10737238
v 0.12717806 0.01290154 0.10225234
v 0.12717806 0.01490152 0.10225234
v 0.13723535 0.01290154 0.09713232
v 0.14729266 0.01290154 0.09201228
v 0.10706345 0.01490152 0.11249241
v 0.11712076 0.01290154 0.10737238
v 0.09700614 0.01490152 0.11761243
v 0.10706345 0.01290154 0.11249241
v 0.07689155 0.01390153 0.12785250
v 0.08694884 0.01490152 0.12273247
v 0.07689155 0.01490152 0.12785250
v 0.07689155 0.01290154 0.12785250
v 0.08694884 0.01290154 0.12273247
v 0.09700614 0.01290154 0.11761243
v 0.15419520 0.01290154 0.10296399
v 0.15511556 0.01490152 0.10210512
v 0.15511556 0.01290154 0.10210512
v 0.15587945 0.01290154 0.10103942
v 0.15642263 0.01490152 0.09981553
v 0.15642263 0.01290154 0.09981553
v 0.15587945 0.01490152 0.10103942
v 0.15670348 0.01290154 0.09850629
v 0.15671280 0.01490152 0.09719514
v 0.15671280 0.01290154 0.09719514
v 0.15647390 0.01290154 0.09595915
v 0.15603404 0.01490152 0.09485591
v 0.15603404 0.01290154 0.09485591
v 0.15540075 0.01490152 0.09385113
v 0.15540075 0.01290154 0.09385113
v 0.15647390 0.01490152 0.09595915
v 0.15670348 0.01490152 0.09850629
v 0.15454187 0.01290154 0.09293076
v 0.15347617 0.01490152 0.09216688
v 0.15347617 0.01290154 0.09216688
v 0.15225228 0.01290154 0.09162369
v 0.15094305 0.01490152 0.09134284
v 0.15094305 0.01290154 0.09134284
v 0.15225228 0.01490152 0.09162369
v 0.14963189 0.01290154 0.09133352
v 0.14839592 0.01490152 0.09157240
v 0.14839592 0.01290154 0.09157240
v 0.14729266 0.01290154 0.09201228
v 0.14729266 0.01390153 0.09201228
v 0.14963189 0.01490152 0.09133352
v 0.15454187 0.01490152 0.09293076
v 0.15319042 0.01390153 0.10359729
v 0.15319042 0.01290154 0.10359729
v 0.15419520 0.01490152 0.10296399
v 0.15319042 0.01490152 0.10359729
v 0.08278930 0.01390153 0.13943749
v 0.08278930 0.01490152 0.13943749
v 0.09284660 0.01490152 0.13431746
v 0.11296120 0.01490152 0.12407740
v 0.10290390 0.01290154 0.12919744
v 0.10290390 0.01490152 0.12919744
v 0.09284660 0.01290154 0.13431746
v 0.08278930 0.01290154 0.13943749
v 0.11296120 0.01290154 0.12407740
v 0.12301852 0.01490152 0.11895737
v 0.12301852 0.01290154 0.11895737
v 0.13307581 0.01490152 0.11383734
v 0.15319042 0.01390153 0.10359729
v 0.14313310 0.01490152 0.10871731
v 0.15319042 0.01490152 0.10359729
v 0.15319042 0.01290154 0.10359729
v 0.14313310 0.01290154 0.10871731
v 0.13307581 0.01290154 0.11383734
v 0.10155858 0.01003348 0.15905728
v 0.10266437 0.00969447 0.16073854
v 0.10175702 0.00969447 0.15895624
v 0.10205914 0.00947180 0.15880244
v 0.10329451 0.00940159 0.16041775
v 0.10238717 0.00940159 0.15863545
v 0.10271518 0.00947180 0.15846846
v 0.10362254 0.00947180 0.16025077
v 0.10296648 0.00947180 0.16058477
v 0.10321574 0.01003348 0.15821365
v 0.10392466 0.00969447 0.16009696
v 0.10412310 0.01003348 0.15999595
v 0.10327832 0.01040157 0.15818179
v 0.10373198 0.01040157 0.15907292
v 0.10301730 0.00969447 0.15831466
v 0.10194968 0.01040157 0.15998028
v 0.10149602 0.01040157 0.15908914
v 0.10246593 0.01003348 0.16083958
v 0.10240336 0.01040157 0.16087144
v 0.10418566 0.01040157 0.15996409
v 0.10155858 -0.01096625 0.15905728
v 0.10266437 -0.01130525 0.16073854
v 0.10175702 -0.01130525 0.15895624
v 0.10205914 -0.01152793 0.15880244
v 0.10329451 -0.01159814 0.16041775
v 0.10238717 -0.01159814 0.15863545
v 0.10271518 -0.01152793 0.15846846
v 0.10362254 -0.01152793 0.16025077
v 0.10296648 -0.01152793 0.16058477
v 0.10321574 -0.01096625 0.15821365
v 0.10392466 -0.01130525 0.16009696
v 0.10412310 -0.01096625 0.15999595
v 0.10327832 -0.01059815 0.15818179
v 0.10373198 -0.01059815 0.15907292
v 0.10301731 -0.01130525 0.15831466
v 0.10194968 -0.01059815 0.15998028
v 0.10149602 -0.01059815 0.15908914
v 0.10246593 -0.01096625 0.16083958
v 0.10240336 -0.01059815 0.16087144
v 0.10418566 -0.01059815 0.15996409
v 0.14635613 0.01040158 0.13699956
v 0.14611624 0.01003348 0.13637361
v 0.14605368 0.01040158 0.13640546
v 0.14631470 0.00969448 0.13627258
v 0.14752415 0.00947180 0.13790108
v 0.14661681 0.00947180 0.13611877
v 0.14702359 0.01003348 0.13815591
v 0.14722205 0.00969448 0.13805488
v 0.14785218 0.00940159 0.13773409
v 0.14694484 0.00940159 0.13595178
v 0.14757496 0.00969448 0.13563099
v 0.14818020 0.00947180 0.13756708
v 0.14848232 0.00969448 0.13741330
v 0.14777342 0.01003348 0.13552996
v 0.14868078 0.01003348 0.13731227
v 0.14783598 0.01040158 0.13549811
v 0.14813843 0.01040158 0.13609220
v 0.14844089 0.01040158 0.13668632
v 0.14727285 0.00947180 0.13578478
v 0.14665858 0.01040158 0.13759365
v 0.14696103 0.01040158 0.13818777
v 0.14874334 0.01040158 0.13728041
v 0.14631470 -0.01130525 0.13627258
v 0.14702359 -0.01096625 0.13815591
v 0.14722205 -0.01130525 0.13805488
v 0.14661681 -0.01152793 0.13611877
v 0.14785218 -0.01159814 0.13773409
v 0.14694484 -0.01159814 0.13595178
v 0.14818020 -0.01152793 0.13756708
v 0.14727286 -0.01152793 0.13578478
v 0.14752415 -0.01152793 0.13790108
v 0.14777342 -0.01096625 0.13552996
v 0.14848232 -0.01130525 0.13741330
v 0.14868078 -0.01096625 0.13731227
v 0.14783598 -0.01059815 0.13549811
v 0.14828966 -0.01059815 0.13638926
v 0.14757496 -0.01130525 0.13563099
v 0.14650735 -0.01059815 0.13729660
v 0.14611624 -0.01096625 0.13637361
v 0.14605368 -0.01059815 0.13640546
v 0.14696103 -0.01059815 0.13818777
v 0.14874334 -0.01059815 0.13728041
v 0.09707665 0.01390153 0.15152198
v 0.09707665 0.01490152 0.15152198
v 0.09573992 0.01490152 0.15220248
v 0.09573992 0.01290154 0.15220248
v 0.09707665 0.01290154 0.15152198
v 0.09440320 0.01390153 0.15288300
v 0.09440320 0.01290154 0.15288300
v 0.09440320 0.01490152 0.15288300
v 0.09770596 0.01490152 0.15133937
v 0.09841092 0.01290154 0.15141743
v 0.09841092 0.01490152 0.15141743
v 0.09902688 0.01290154 0.15176906
v 0.09902688 0.01490152 0.15176906
v 0.09942831 0.01490152 0.15228697
v 0.09942831 0.01390153 0.15228697
v 0.09707665 0.01390153 0.15152198
v 0.09707665 0.01490152 0.15152198
v 0.09770596 0.01290154 0.15133937
v 0.09707665 0.01290154 0.15152198
v 0.09942831 0.01290154 0.15228697
v 0.09866331 0.01390153 0.15463865
v 0.09732657 0.01290154 0.15531914
v 0.09598984 0.01390153 0.15599967
v 0.09598984 0.01290154 0.15599967
v 0.09732657 0.01490152 0.15531914
v 0.09598984 0.01490152 0.15599967
v 0.09866331 0.01490152 0.15463865
v 0.09866331 0.01290154 0.15463865
v 0.09598984 0.01390153 0.15599967
v 0.09536053 0.01490152 0.15618227
v 0.09598984 0.01490152 0.15599967
v 0.09465558 0.01490152 0.15610421
v 0.09403961 0.01290154 0.15575256
v 0.09403961 0.01490152 0.15575256
v 0.09465558 0.01290154 0.15610421
v 0.09363818 0.01290154 0.15523464
v 0.09363818 0.01490152 0.15523464
v 0.09345557 0.01290154 0.15460535
v 0.09345556 0.01490152 0.15460535
v 0.09353363 0.01490152 0.15390037
v 0.09388527 0.01290154 0.15328442
v 0.09388527 0.01490152 0.15328442
v 0.09440320 0.01390153 0.15288300
v 0.09440320 0.01490152 0.15288300
v 0.09353363 0.01290154 0.15390037
v 0.09536053 0.01290154 0.15618227
v 0.09440320 0.01290154 0.15288300
v 0.09598984 0.01290154 0.15599967
v 0.09536053 -0.01309812 0.15618227
v 0.09465558 -0.01509809 0.15610421
v 0.09465558 -0.01309812 0.15610421
v 0.09403961 -0.01309812 0.15575256
v 0.09363818 -0.01509809 0.15523464
v 0.09363818 -0.01309812 0.15523464
v 0.09345557 -0.01509809 0.15460535
v 0.09345557 -0.01309812 0.15460535
v 0.09403961 -0.01509809 0.15575256
v 0.09353363 -0.01309812 0.15390037
v 0.09388527 -0.01509809 0.15328442
v 0.09388527 -0.01309812 0.15328442
v 0.09440320 -0.01309812 0.15288300
v 0.09440320 -0.01409811 0.15288300
v 0.09353363 -0.01509809 0.15390037
v 0.09598984 -0.01409811 0.15599967
v 0.09598984 -0.01309812 0.15599967
v 0.09536053 -0.01509809 0.15618227
v 0.09598984 -0.01509809 0.15599967
v 0.09440320 -0.01509809 0.15288300
v 0.09732657 -0.01309812 0.15531914
v 0.09732657 -0.01509809 0.15531914
v 0.09598984 -0.01409811 0.15599967
v 0.09598984 -0.01509809 0.15599967
v 0.09598984 -0.01309812 0.15599967
v 0.09866331 -0.01409811 0.15463865
v 0.09866331 -0.01309812 0.15463865
v 0.09866331 -0.01509809 0.15463865
v 0.09770596 -0.01309812 0.15133937
v 0.09707665 -0.01309812 0.15152198
v 0.09707665 -0.01409811 0.15152198
v 0.09841092 -0.01509809 0.15141743
v 0.09841092 -0.01309812 0.15141743
v 0.09902688 -0.01509809 0.15176906
v 0.09902688 -0.01309812 0.15176906
v 0.09942831 -0.01409811 0.15228697
v 0.09942831 -0.01309812 0.15228697
v 0.09770596 -0.01509809 0.15133937
v 0.09942831 -0.01509809 0.15228697
v 0.09707665 -0.01509809 0.15152198
v 0.09573992 -0.01309812 0.15220248
v 0.09573992 -0.01509809 0.15220248
v 0.09707665 -0.01409811 0.15152198
v 0.09707665 -0.01509809 0.15152198
v 0.09707665 -0.01309812 0.15152198
v 0.09440320 -0.01409811 0.15288300
v 0.09440320 -0.01309812 0.15288300
v 0.09440320 -0.01509809 0.15288300
v 0.14163371 0.01390153 0.12883711
v 0.14163371 0.01490152 0.12883711
v 0.14074257 0.01490152 0.12929079
v 0.14163371 0.01290154 0.12883711
v 0.14074257 0.01290154 0.12929079
v 0.13985142 0.01290154 0.12974447
v 0.13896024 0.01390153 0.13019812
v 0.13985142 0.01490152 0.12974447
v 0.13896024 0.01490152 0.13019812
v 0.13896024 0.01290154 0.13019812
v 0.14226350 0.01490152 0.12865436
v 0.14163371 0.01490152 0.12883711
v 0.14163371 0.01390153 0.12883711
v 0.14296899 0.01290154 0.12873249
v 0.14296899 0.01490152 0.12873249
v 0.14358542 0.01290154 0.12908439
v 0.14358542 0.01490152 0.12908439
v 0.14398716 0.01390153 0.12960270
v 0.14398716 0.01490152 0.12960270
v 0.14226350 0.01290154 0.12865436
v 0.14398716 0.01290154 0.12960270
v 0.14163371 0.01290154 0.12883711
v 0.14188484 0.01490152 0.13263665
v 0.14188484 0.01290154 0.13263665
v 0.14054811 0.01390153 0.13331716
v 0.14054811 0.01290154 0.13331716
v 0.14054811 0.01490152 0.13331716
v 0.14322158 0.01390153 0.13195614
v 0.14322158 0.01490152 0.13195614
v 0.14322158 0.01290154 0.13195614
v 0.14054811 0.01390153 0.13331716
v 0.13991831 0.01490152 0.13349991
v 0.14054811 0.01490152 0.13331716
v 0.13921283 0.01490152 0.13342179
v 0.13859640 0.01290154 0.13306989
v 0.13859640 0.01490152 0.13306989
v 0.13921283 0.01290154 0.13342179
v 0.13819468 0.01290154 0.13255158
v 0.13819468 0.01490152 0.13255158
v 0.13801191 0.01290154 0.13192179
v 0.13801191 0.01490152 0.13192179
v 0.13809004 0.01490152 0.13121629
v 0.13844194 0.01290154 0.13059987
v 0.13844194 0.01490152 0.13059987
v 0.13896024 0.01390153 0.13019812
v 0.13896024 0.01490152 0.13019812
v 0.13809004 0.01290154 0.13121629
v 0.13991831 0.01290154 0.13349991
v 0.13896024 0.01290154 0.13019812
v 0.14054811 0.01290154 0.13331716
v 0.14054811 -0.01409811 0.13331716
v 0.13991831 -0.01309812 0.13349991
v 0.14054811 -0.01309812 0.13331716
v 0.13921283 -0.01309812 0.13342179
v 0.13859640 -0.01509809 0.13306989
v 0.13859640 -0.01309812 0.13306989
v 0.13921283 -0.01509809 0.13342179
v 0.13819468 -0.01509809 0.13255158
v 0.13819468 -0.01309812 0.13255158
v 0.13801191 -0.01509809 0.13192179
v 0.13801191 -0.01309812 0.13192179
v 0.13809004 -0.01309812 0.13121629
v 0.13844194 -0.01509809 0.13059987
v 0.13844194 -0.01309812 0.13059987
v 0.13896024 -0.01409811 0.13019812
v 0.13896024 -0.01309812 0.13019812
v 0.13809004 -0.01509809 0.13121629
v 0.13991831 -0.01509809 0.13349991
v 0.13896024 -0.01509809 0.13019812
v 0.14054811 -0.01509809 0.13331716
v 0.14054811 -0.01409811 0.13331716
v 0.14054811 -0.01309812 0.13331716
v 0.14188484 -0.01309812 0.13263665
v 0.14188484 -0.01509809 0.13263665
v 0.14054811 -0.01509809 0.13331716
v 0.14322158 -0.01409811 0.13195614
v 0.14322158 -0.01509809 0.13195614
v 0.14226350 -0.01309812 0.12865436
v 0.14296899 -0.01509809 0.12873249
v 0.14296899 -0.01309812 0.12873249
v 0.14358542 -0.01509809 0.12908439
v 0.14358542 -0.01309812 0.12908439
v 0.14398716 -0.01309812 0.12960270
v 0.14398716 -0.01409811 0.12960270
v 0.14163371 -0.01409811 0.12883711
v 0.14163371 -0.01309812 0.12883711
v 0.14226350 -0.01509809 0.12865436
v 0.14163371 -0.01509809 0.12883711
v 0.14398716 -0.01509809 0.12960270
v 0.14029699 -0.01309812 0.12951762
v 0.14029699 -0.01509809 0.12951762
v 0.14163371 -0.01409811 0.12883711
v 0.14163371 -0.01509809 0.12883711
v 0.14163371 -0.01309812 0.12883711
v 0.13896024 -0.01409811 0.13019812
v 0.13896024 -0.01309812 0.13019812
v 0.13896024 -0.01509809 0.13019812
v 0.15807951 -0.01409810 0.13028327
v 0.15807951 -0.01309812 0.13028327
v 0.15718836 -0.01309812 0.13073695
v 0.15718836 -0.01509809 0.13073695
v 0.15807951 -0.01509809 0.13028327
v 0.15629720 -0.01409810 0.13119063
v 0.15629720 -0.01509809 0.13119063
v 0.15629720 -0.01309812 0.13119063
v 0.15838196 -0.01309812 0.13087739
v 0.15801695 -0.01273003 0.13031513
v 0.15807951 -0.01309812 0.13028327
v 0.15847060 -0.01273003 0.13120628
v 0.15781849 -0.01239103 0.13041616
v 0.15797006 -0.01216834 0.13146112
v 0.15868441 -0.01309812 0.13147148
v 0.15764203 -0.01209813 0.13162810
v 0.15751638 -0.01216834 0.13056996
v 0.15872584 -0.01239103 0.13219846
v 0.15718835 -0.01209813 0.13073695
v 0.15731401 -0.01216834 0.13179511
v 0.15686033 -0.01216834 0.13090393
v 0.15701188 -0.01239103 0.13194889
v 0.15655822 -0.01239103 0.13105774
v 0.15659966 -0.01309812 0.13178472
v 0.15635976 -0.01273003 0.13115877
v 0.15681344 -0.01273003 0.13204992
v 0.15629720 -0.01309812 0.13119063
v 0.15809569 -0.01209813 0.13251925
v 0.15842372 -0.01216834 0.13235227
v 0.15892428 -0.01273003 0.13209743
v 0.15898686 -0.01309812 0.13206559
v 0.15776766 -0.01216834 0.13268626
v 0.15690211 -0.01309812 0.13237884
v 0.15726712 -0.01273003 0.13294108
v 0.15746555 -0.01239103 0.13284005
v 0.15720456 -0.01309812 0.13297293
v 0.15898686 -0.01409810 0.13206559
v 0.15838196 -0.01309812 0.13087739
v 0.15807951 -0.01409810 0.13028327
v 0.15807951 -0.01309812 0.13028327
v 0.15853318 -0.01509809 0.13117442
v 0.15807951 -0.01509809 0.13028327
v 0.15898686 -0.01509809 0.13206559
v 0.15898686 -0.01309812 0.13206559
v 0.15868441 -0.01309812 0.13147148
v 0.15629720 -0.01409810 0.13119063
v 0.15690211 -0.01309812 0.13237884
v 0.15720456 -0.01409810 0.13297293
v 0.15720456 -0.01309812 0.13297293
v 0.15675087 -0.01509809 0.13208178
v 0.15720456 -0.01509809 0.13297293
v 0.15629720 -0.01509809 0.13119063
v 0.15629720 -0.01309812 0.13119063
v 0.15659966 -0.01309812 0.13178472
v 0.07965801 -0.01409811 0.17020655
v 0.07965801 -0.01309812 0.17020655
v 0.07876685 -0.01309812 0.17066021
v 0.07876685 -0.01509809 0.17066021
v 0.07965801 -0.01509809 0.17020655
v 0.07787571 -0.01409811 0.17111390
v 0.07787571 -0.01509810 0.17111390
v 0.07787571 -0.01309812 0.17111390
v 0.08011168 -0.01309812 0.17109768
v 0.07959544 -0.01273004 0.17023840
v 0.07965801 -0.01309812 0.17020655
v 0.07909489 -0.01216834 0.17049322
v 0.08030433 -0.01239103 0.17212172
v 0.08000223 -0.01216834 0.17227552
v 0.07939700 -0.01239103 0.17033941
v 0.07967420 -0.01209813 0.17244251
v 0.07876685 -0.01209813 0.17066021
v 0.07843883 -0.01216834 0.17082720
v 0.07934618 -0.01216834 0.17260953
v 0.07793827 -0.01273004 0.17108204
v 0.07904407 -0.01239103 0.17276333
v 0.07884563 -0.01273004 0.17286434
v 0.07832939 -0.01309812 0.17200503
v 0.07787571 -0.01309812 0.17111390
v 0.07813671 -0.01239103 0.17098101
v 0.08050279 -0.01273004 0.17202071
v 0.07878305 -0.01309812 0.17289620
v 0.08056535 -0.01309812 0.17198885
v 0.08011168 -0.01509809 0.17109768
v 0.08011168 -0.01309812 0.17109768
v 0.07965801 -0.01409811 0.17020655
v 0.07965801 -0.01309812 0.17020655
v 0.07965801 -0.01509809 0.17020655
v 0.08056535 -0.01409811 0.17198885
v 0.08056535 -0.01509809 0.17198885
v 0.08056535 -0.01309812 0.17198885
v 0.07878305 -0.01409811 0.17289620
v 0.07878305 -0.01509809 0.17289620
v 0.07832939 -0.01509809 0.17200503
v 0.07832939 -0.01309812 0.17200503
v 0.07878305 -0.01309812 0.17289620
v 0.07787571 -0.01409811 0.17111390
v 0.07787571 -0.01309812 0.17111390
v 0.07787571 -0.01509810 0.17111390
v 0.15718835 0.01490152 0.13073695
v 0.15718835 0.01290154 0.13073695
v 0.15807950 0.01390153 0.13028327
v 0.15807950 0.01290154 0.13028327
v 0.15807950 0.01490152 0.13028327
v 0.15629720 0.01390153 0.13119063
v 0.15629720 0.01490152 0.13119063
v 0.15629720 0.01290154 0.13119063
v 0.15659965 0.01290154 0.13178472
v 0.15635976 0.01253345 0.13115877
v 0.15629720 0.01290154 0.13119063
v 0.15701188 0.01219444 0.13194889
v 0.15655822 0.01219444 0.13105774
v 0.15690211 0.01290154 0.13237884
v 0.15681344 0.01253345 0.13204992
v 0.15686033 0.01197177 0.13090393
v 0.15746555 0.01219444 0.13284005
v 0.15751638 0.01197177 0.13056996
v 0.15764203 0.01190156 0.13162810
v 0.15797006 0.01197177 0.13146112
v 0.15827216 0.01219444 0.13130731
v 0.15781849 0.01219444 0.13041616
v 0.15838196 0.01290154 0.13087739
v 0.15801694 0.01253345 0.13031513
v 0.15847060 0.01253345 0.13120628
v 0.15807950 0.01290154 0.13028327
v 0.15731400 0.01197177 0.13179511
v 0.15718835 0.01190156 0.13073695
v 0.15776766 0.01197177 0.13268626
v 0.15726711 0.01253345 0.13294108
v 0.15720456 0.01290154 0.13297293
v 0.15809569 0.01190156 0.13251925
v 0.15892428 0.01253345 0.13209743
v 0.15868441 0.01290154 0.13147148
v 0.15872584 0.01219444 0.13219846
v 0.15898686 0.01290154 0.13206559
v 0.15720456 0.01390153 0.13297293
v 0.15720456 0.01290154 0.13297293
v 0.15690211 0.01290154 0.13237884
v 0.15675087 0.01490152 0.13208178
v 0.15720456 0.01490152 0.13297293
v 0.15629720 0.01390153 0.13119063
v 0.15659965 0.01290154 0.13178472
v 0.15629720 0.01290154 0.13119063
v 0.15629720 0.01490152 0.13119063
v 0.15807950 0.01390153 0.13028327
v 0.15807950 0.01290154 0.13028327
v 0.15838196 0.01290154 0.13087739
v 0.15853318 0.01490152 0.13117442
v 0.15807950 0.01490152 0.13028327
v 0.15898686 0.01390153 0.13206559
v 0.15868441 0.01290154 0.13147148
v 0.15898686 0.01290154 0.13206559
v 0.15898686 0.01490152 0.13206559
v 0.07965800 0.01390153 0.17020655
v 0.07965800 0.01490152 0.17020655
v 0.07876685 0.01490152 0.17066021
v 0.07876685 0.01290154 0.17066021
v 0.07965800 0.01290154 0.17020655
v 0.07787571 0.01390153 0.17111390
v 0.07787571 0.01490152 0.17111390
v 0.07787571 0.01290154 0.17111390
v 0.07793827 0.01253345 0.17108204
v 0.07904406 0.01219444 0.17276333
v 0.07813671 0.01219444 0.17098101
v 0.07843883 0.01197176 0.17082720
v 0.07967420 0.01190155 0.17244251
v 0.07876685 0.01190155 0.17066021
v 0.07909489 0.01197176 0.17049322
v 0.08000222 0.01197176 0.17227552
v 0.07934618 0.01197176 0.17260953
v 0.07959543 0.01253345 0.17023840
v 0.08030433 0.01219444 0.17212172
v 0.08050279 0.01253345 0.17202071
v 0.07965800 0.01290154 0.17020655
v 0.08011168 0.01290154 0.17109768
v 0.07939700 0.01219444 0.17033941
v 0.07832939 0.01290154 0.17200503
v 0.07787571 0.01290154 0.17111390
v 0.07884563 0.01253345 0.17286434
v 0.07878305 0.01290154 0.17289620
v 0.08056535 0.01290154 0.17198885
v 0.07878305 0.01390153 0.17289620
v 0.07878305 0.01290154 0.17289620
v 0.07832939 0.01290154 0.17200503
v 0.07832939 0.01490152 0.17200503
v 0.07878305 0.01490152 0.17289620
v 0.07787571 0.01390153 0.17111390
v 0.07787571 0.01490152 0.17111390
v 0.07787571 0.01290154 0.17111390
v 0.08011168 0.01290154 0.17109768
v 0.08011168 0.01490152 0.17109768
v 0.07965800 0.01390153 0.17020655
v 0.07965800 0.01490152 0.17020655
v 0.07965800 0.01290154 0.17020655
v 0.08056535 0.01390153 0.17198885
v 0.08056535 0.01290154 0.17198885
v 0.08056535 0.01490152 0.17198885
v 0.14017072 -0.01309812 0.08258570
v 0.14012607 -0.01382811 0.08298885
v 0.14012607 -0.01309812 0.08298885
v 0.13992499 -0.01309812 0.08334109
v 0.13962882 -0.01382811 0.08357066
v 0.13962882 -0.01309812 0.08357066
v 0.13926893 -0.01382811 0.08367508
v 0.13926893 -0.01309812 0.08367508
v 0.13992499 -0.01382811 0.08334109
v 0.13886579 -0.01309812 0.08363044
v 0.13851354 -0.01382811 0.08342936
v 0.13851354 -0.01309812 0.08342936
v 0.13828399 -0.01309812 0.08313317
v 0.13828399 -0.01346311 0.08313317
v 0.13886579 -0.01382811 0.08363044
v 0.14006630 -0.01346311 0.08222582
v 0.14006630 -0.01309812 0.08222582
v 0.14017072 -0.01382811 0.08258570
v 0.14006630 -0.01382811 0.08222582
v 0.13828399 -0.01382811 0.08313317
v 0.14033362 -0.01411781 0.08208972
v 0.14017072 -0.01382811 0.08258570
v 0.14006630 -0.01382811 0.08222582
v 0.14026241 -0.01426266 0.08363881
v 0.13992499 -0.01382811 0.08334109
v 0.14012607 -0.01382811 0.08298885
v 0.14061873 -0.01426266 0.08254350
v 0.14060098 -0.01440752 0.08195362
v 0.13962882 -0.01382811 0.08357066
v 0.13983296 -0.01426266 0.08397167
v 0.13931113 -0.01426266 0.08412309
v 0.13971462 -0.01469722 0.08450127
v 0.13935333 -0.01469722 0.08457110
v 0.13926893 -0.01382811 0.08367508
v 0.14033083 -0.01469722 0.08418758
v 0.14003712 -0.01469722 0.08437270
v 0.13886579 -0.01382811 0.08363044
v 0.13872657 -0.01426266 0.08405836
v 0.13801663 -0.01411781 0.08326928
v 0.13828399 -0.01382811 0.08313317
v 0.13851354 -0.01382811 0.08342936
v 0.13821584 -0.01426266 0.08376678
v 0.13822964 -0.01469722 0.08432751
v 0.13774930 -0.01440752 0.08340537
v 0.13766705 -0.01469722 0.08383520
v 0.13897007 -0.01469722 0.08456838
v 0.14098192 -0.01469722 0.08326727
v 0.14082314 -0.01469722 0.08362501
v 0.14099692 -0.01469722 0.08214000
v 0.14086832 -0.01469722 0.08181752
v 0.14106673 -0.01469722 0.08250130
v 0.14106402 -0.01469722 0.08288456
v 0.14059984 -0.01469722 0.08393652
v 0.13791811 -0.01469722 0.08410422
v 0.13748193 -0.01469722 0.08354148
v 0.13858738 -0.01469722 0.08448629
v 0.14086832 -0.01469722 0.08181752
v 0.14099692 -0.01509809 0.08214000
v 0.14099692 -0.01469722 0.08214000
v 0.14106673 -0.01469722 0.08250130
v 0.14106402 -0.01509809 0.08288456
v 0.14106402 -0.01469722 0.08288456
v 0.14106673 -0.01509809 0.08250130
v 0.14098192 -0.01469722 0.08326727
v 0.14082314 -0.01509809 0.08362501
v 0.14082314 -0.01469722 0.08362501
v 0.14059984 -0.01469722 0.08393652
v 0.14033083 -0.01509809 0.08418758
v 0.14033083 -0.01469722 0.08418758
v 0.14059984 -0.01509809 0.08393652
v 0.14098192 -0.01509809 0.08326727
v 0.14003712 -0.01469722 0.08437270
v 0.13971462 -0.01509809 0.08450127
v 0.13971462 -0.01469722 0.08450127
v 0.13935333 -0.01469722 0.08457110
v 0.13897007 -0.01509809 0.08456838
v 0.13897007 -0.01469722 0.08456838
v 0.13935333 -0.01509809 0.08457110
v 0.13858738 -0.01469722 0.08448629
v 0.13822964 -0.01509809 0.08432751
v 0.13822964 -0.01469722 0.08432751
v 0.13791811 -0.01469722 0.08410422
v 0.13766705 -0.01509809 0.08383520
v 0.13766705 -0.01469722 0.08383520
v 0.13748193 -0.01509809 0.08354148
v 0.13748193 -0.01469722 0.08354148
v 0.13791811 -0.01509809 0.08410422
v 0.13858738 -0.01509809 0.08448629
v 0.14003712 -0.01509809 0.08437270
v 0.07857671 -0.01346312 0.11352930
v 0.07868113 -0.01309812 0.11388919
v 0.07857671 -0.01309812 0.11352930
v 0.07863648 -0.01309812 0.11429232
v 0.07843540 -0.01382811 0.11464456
v 0.07843540 -0.01309812 0.11464456
v 0.07863648 -0.01382811 0.11429232
v 0.07813922 -0.01382811 0.11487413
v 0.07813922 -0.01309812 0.11487413
v 0.07777934 -0.01382811 0.11497855
v 0.07777934 -0.01309812 0.11497855
v 0.07737621 -0.01309812 0.11493390
v 0.07702397 -0.01382811 0.11473282
v 0.07702397 -0.01309812 0.11473282
v 0.07679439 -0.01346312 0.11443665
v 0.07679439 -0.01309812 0.11443665
v 0.07737621 -0.01382811 0.11493390
v 0.07868113 -0.01382811 0.11388919
v 0.07679439 -0.01382811 0.11443665
v 0.07857671 -0.01382811 0.11352930
v 0.07884406 -0.01411782 0.11339319
v 0.07868113 -0.01382811 0.11388919
v 0.07857671 -0.01382811 0.11352930
v 0.07877283 -0.01426267 0.11494228
v 0.07843540 -0.01382811 0.11464456
v 0.07863648 -0.01382811 0.11429232
v 0.07912914 -0.01426267 0.11384697
v 0.07911141 -0.01440752 0.11325709
v 0.07834338 -0.01426267 0.11527514
v 0.07813922 -0.01382811 0.11487413
v 0.07949232 -0.01469722 0.11457073
v 0.07884123 -0.01469722 0.11549105
v 0.07777934 -0.01382811 0.11497855
v 0.07723700 -0.01426267 0.11536183
v 0.07737621 -0.01382811 0.11493390
v 0.07652706 -0.01411782 0.11457274
v 0.07679439 -0.01382811 0.11443665
v 0.07702397 -0.01382811 0.11473282
v 0.07672624 -0.01426267 0.11507025
v 0.07782155 -0.01426267 0.11542656
v 0.07822504 -0.01469722 0.11580475
v 0.07786376 -0.01469722 0.11587457
v 0.07674005 -0.01469722 0.11563097
v 0.07642852 -0.01469722 0.11540769
v 0.07625971 -0.01440752 0.11470885
v 0.07748050 -0.01469722 0.11587185
v 0.07709780 -0.01469722 0.11578976
v 0.07950733 -0.01469722 0.11344348
v 0.07957715 -0.01469722 0.11380477
v 0.07957443 -0.01469722 0.11418803
v 0.07933355 -0.01469722 0.11492849
v 0.07911027 -0.01469722 0.11523999
v 0.07854754 -0.01469722 0.11567617
v 0.07617748 -0.01469722 0.11513867
v 0.07599236 -0.01469722 0.11484495
v 0.07937875 -0.01469722 0.11312100
v 0.07937875 -0.01469722 0.11312100
v 0.07950733 -0.01509809 0.11344348
v 0.07950733 -0.01469722 0.11344348
v 0.07957715 -0.01469722 0.11380477
v 0.07957443 -0.01509809 0.11418803
v 0.07957443 -0.01469722 0.11418803
v 0.07957715 -0.01509809 0.11380477
v 0.07949232 -0.01469722 0.11457073
v 0.07933355 -0.01509809 0.11492849
v 0.07933355 -0.01469722 0.11492849
v 0.07911027 -0.01469722 0.11523999
v 0.07884123 -0.01509809 0.11549105
v 0.07884123 -0.01469722 0.11549105
v 0.07911027 -0.01509809 0.11523999
v 0.07949232 -0.01509809 0.11457073
v 0.07854754 -0.01469722 0.11567617
v 0.07822504 -0.01509809 0.11580475
v 0.07822504 -0.01469722 0.11580475
v 0.07786376 -0.01469722 0.11587457
v 0.07748050 -0.01509810 0.11587185
v 0.07748050 -0.01469722 0.11587185
v 0.07786376 -0.01509810 0.11587457
v 0.07709780 -0.01469722 0.11578976
v 0.07674005 -0.01509810 0.11563097
v 0.07674005 -0.01469722 0.11563097
v 0.07642852 -0.01469722 0.11540769
v 0.07617748 -0.01509810 0.11513867
v 0.07617748 -0.01469722 0.11513867
v 0.07599236 -0.01509810 0.11484495
v 0.07599236 -0.01469722 0.11484495
v 0.07642852 -0.01509810 0.11540769
v 0.07709780 -0.01509810 0.11578976
v 0.07854754 -0.01509809 0.11567617
v 0.13983671 0.01290154 0.08192966
v 0.13948449 0.01363153 0.08172856
v 0.13948449 0.01290154 0.08172856
v 0.13908135 0.01290154 0.08168393
v 0.13872147 0.01363153 0.08178835
v 0.13872147 0.01290154 0.08178835
v 0.13842529 0.01363153 0.08201792
v 0.13842529 0.01290154 0.08201792
v 0.13908135 0.01363153 0.08168393
v 0.13822420 0.01290154 0.08237016
v 0.13817957 0.01363153 0.08277330
v 0.13817957 0.01290154 0.08277330
v 0.13828399 0.01290154 0.08313317
v 0.13828399 0.01326654 0.08313317
v 0.13822420 0.01363153 0.08237016
v 0.14006630 0.01326654 0.08222582
v 0.14006630 0.01290154 0.08222582
v 0.13983671 0.01363153 0.08192966
v 0.14006630 0.01363153 0.08222582
v 0.13828399 0.01363153 0.08313317
v 0.14046730 0.01406609 0.08202167
v 0.13983671 0.01363153 0.08192966
v 0.14006630 0.01363153 0.08222582
v 0.13948449 0.01363153 0.08172856
v 0.14012066 0.01450064 0.08103149
v 0.13976290 0.01450064 0.08087272
v 0.14068320 0.01450064 0.08152382
v 0.14086832 0.01450064 0.08181752
v 0.14043216 0.01450064 0.08125479
v 0.13908135 0.01363153 0.08168393
v 0.13938018 0.01450064 0.08079063
v 0.13899693 0.01450064 0.08078790
v 0.13863565 0.01450064 0.08085773
v 0.13872147 0.01363153 0.08178835
v 0.13842529 0.01363153 0.08201792
v 0.13801945 0.01450064 0.08117143
v 0.13775042 0.01450064 0.08142248
v 0.13735336 0.01450064 0.08321899
v 0.13788297 0.01406609 0.08333732
v 0.13817957 0.01363153 0.08277330
v 0.13828399 0.01363153 0.08313317
v 0.13728627 0.01450064 0.08247445
v 0.13728353 0.01450064 0.08285772
v 0.13822420 0.01363153 0.08237016
v 0.13752713 0.01450064 0.08173399
v 0.13736836 0.01450064 0.08209175
v 0.13831315 0.01450064 0.08098632
v 0.13748193 0.01450064 0.08354148
v 0.14086832 0.01450064 0.08181752
v 0.14068320 0.01490152 0.08152382
v 0.14068320 0.01450064 0.08152382
v 0.14043216 0.01450064 0.08125479
v 0.14012066 0.01490152 0.08103149
v 0.14012066 0.01450064 0.08103149
v 0.14043216 0.01490152 0.08125479
v 0.13976290 0.01450064 0.08087272
v 0.13938018 0.01490152 0.08079063
v 0.13938018 0.01450064 0.08079063
v 0.13899693 0.01450064 0.08078790
v 0.13863565 0.01490152 0.08085773
v 0.13863565 0.01450064 0.08085773
v 0.13899693 0.01490152 0.08078790
v 0.13976290 0.01490152 0.08087272
v 0.13831315 0.01450064 0.08098632
v 0.13801945 0.01490152 0.08117143
v 0.13801945 0.01450064 0.08117143
v 0.13775042 0.01450064 0.08142248
v 0.13752713 0.01490152 0.08173399
v 0.13752713 0.01450064 0.08173399
v 0.13775042 0.01490152 0.08142248
v 0.13736836 0.01450064 0.08209175
v 0.13728627 0.01490152 0.08247445
v 0.13728627 0.01450064 0.08247445
v 0.13728353 0.01450064 0.08285772
v 0.13735336 0.01490152 0.08321899
v 0.13735336 0.01450064 0.08321899
v 0.13748193 0.01490152 0.08354148
v 0.13748193 0.01450064 0.08354148
v 0.13728353 0.01490152 0.08285772
v 0.13736836 0.01490152 0.08209175
v 0.13831315 0.01490152 0.08098632
v 0.07857671 0.01326654 0.11352930
v 0.07834714 0.01290154 0.11323313
v 0.07857671 0.01290154 0.11352930
v 0.07799490 0.01290154 0.11303203
v 0.07759176 0.01363153 0.11298740
v 0.07759176 0.01290154 0.11298740
v 0.07799490 0.01363153 0.11303203
v 0.07723188 0.01363153 0.11309182
v 0.07723188 0.01290154 0.11309182
v 0.07693571 0.01363153 0.11332139
v 0.07693571 0.01290154 0.11332139
v 0.07673461 0.01290154 0.11367363
v 0.07668998 0.01363153 0.11407676
v 0.07668998 0.01290154 0.11407676
v 0.07679438 0.01326654 0.11443665
v 0.07679438 0.01290154 0.11443665
v 0.07673461 0.01363153 0.11367363
v 0.07834714 0.01363153 0.11323313
v 0.07679438 0.01363153 0.11443665
v 0.07857671 0.01363153 0.11352930
v 0.07884406 0.01392123 0.11339319
v 0.07834714 0.01363153 0.11323313
v 0.07857671 0.01363153 0.11352930
v 0.07799490 0.01363153 0.11303203
v 0.07863107 0.01450064 0.11233496
v 0.07827330 0.01450064 0.11217619
v 0.07919364 0.01450064 0.11282728
v 0.07911140 0.01421093 0.11325709
v 0.07937875 0.01450064 0.11312100
v 0.07759176 0.01363153 0.11298740
v 0.07789062 0.01450064 0.11209410
v 0.07750735 0.01450064 0.11209137
v 0.07723188 0.01363153 0.11309182
v 0.07714606 0.01450064 0.11216120
v 0.07682358 0.01450064 0.11228978
v 0.07673461 0.01363153 0.11367363
v 0.07579666 0.01450064 0.11377792
v 0.07668998 0.01363153 0.11407676
v 0.07652986 0.01450064 0.11247490
v 0.07693571 0.01363153 0.11332139
v 0.07652706 0.01392123 0.11457274
v 0.07679438 0.01363153 0.11443665
v 0.07586379 0.01450064 0.11452246
v 0.07625971 0.01421093 0.11470885
v 0.07603755 0.01450064 0.11303746
v 0.07894257 0.01450064 0.11255826
v 0.07626083 0.01450064 0.11272595
v 0.07587878 0.01450064 0.11339522
v 0.07579395 0.01450064 0.11416118
v 0.07599236 0.01450064 0.11484495
v 0.07937875 0.01450064 0.11312100
v 0.07919364 0.01490152 0.11282728
v 0.07919364 0.01450064 0.11282728
v 0.07894257 0.01450064 0.11255826
v 0.07863107 0.01490152 0.11233496
v 0.07863107 0.01450064 0.11233496
v 0.07894257 0.01490152 0.11255826
v 0.07827330 0.01450064 0.11217619
v 0.07789062 0.01490152 0.11209410
v 0.07789062 0.01450064 0.11209410
v 0.07750735 0.01450064 0.11209137
v 0.07714606 0.01490152 0.11216120
v 0.07714606 0.01450064 0.11216120
v 0.07750735 0.01490152 0.11209137
v 0.07827330 0.01490152 0.11217619
v 0.07682358 0.01450064 0.11228978
v 0.07652986 0.01490152 0.11247490
v 0.07652986 0.01450064 0.11247490
v 0.07626083 0.01450064 0.11272595
v 0.07603755 0.01490152 0.11303746
v 0.07603755 0.01450064 0.11303746
v 0.07626083 0.01490152 0.11272595
v 0.07587878 0.01450064 0.11339522
v 0.07579666 0.01490152 0.11377792
v 0.07579666 0.01450064 0.11377792
v 0.07579395 0.01450064 0.11416118
v 0.07586379 0.01490152 0.11452246
v 0.07586379 0.01450064 0.11452246
v 0.07599236 0.01490152 0.11484495
v 0.07599236 0.01450064 0.11484495
v 0.07579395 0.01490152 0.11416118
v 0.07587878 0.01490152 0.11339522
v 0.07682358 0.01490152 0.11228978
v 0.08447088 0.00919448 0.16775638
v 0.08517978 0.00953349 0.16963970
v 0.08537822 0.00919448 0.16953869
v 0.08510101 0.00890159 0.16743559
v 0.08568034 0.00897180 0.16938488
v 0.08600835 0.00890159 0.16921789
v 0.08633638 0.00897180 0.16905091
v 0.08542904 0.00897180 0.16726857
v 0.08477299 0.00897180 0.16760259
v 0.08573115 0.00919448 0.16711480
v 0.08683694 0.00953349 0.16879606
v 0.08592960 0.00953349 0.16701376
v 0.08599216 0.00990158 0.16698190
v 0.08644584 0.00990158 0.16787307
v 0.08663850 0.00919448 0.16889710
v 0.08466354 0.00990158 0.16878042
v 0.08427242 0.00953349 0.16785740
v 0.08420986 0.00990158 0.16788926
v 0.08511722 0.00990158 0.16967156
v 0.08689951 0.00990158 0.16876421
v 0.07555933 -0.01080526 0.17229313
v 0.07626824 -0.01046626 0.17417644
v 0.07646669 -0.01080526 0.17407543
v 0.07586146 -0.01102794 0.17213932
v 0.07709683 -0.01109815 0.17375464
v 0.07618948 -0.01109815 0.17197231
v 0.07742486 -0.01102794 0.17358761
v 0.07651751 -0.01102794 0.17180532
v 0.07676880 -0.01102794 0.17392163
v 0.07681962 -0.01080526 0.17165152
v 0.07792542 -0.01046626 0.17333280
v 0.07701806 -0.01046626 0.17155050
v 0.07708063 -0.01009816 0.17151864
v 0.07753431 -0.01009816 0.17240981
v 0.07772697 -0.01080526 0.17343385
v 0.07575200 -0.01009816 0.17331714
v 0.07536090 -0.01046626 0.17239414
v 0.07529833 -0.01009816 0.17242600
v 0.07620568 -0.01009816 0.17420830
v 0.07798797 -0.01009816 0.17330094
v 0.06695907 0.01290154 0.17667140
v 0.06786642 0.01290154 0.17845370
v 0.06964873 0.01290154 0.17754635
v 0.06874138 0.01290154 0.17576404
v 0.06517676 0.01290154 0.17757876
v 0.06608411 0.01290154 0.17936105
v 0.06540360 0.01490151 0.17802430
v 0.06608411 0.01290154 0.17936105
v 0.06517676 0.01290154 0.17757876
v 0.06472309 0.01390153 0.17668758
v 0.06472309 0.01290154 0.17668758
v 0.06472309 0.01490151 0.17668758
v 0.06874138 0.01290154 0.17576404
v 0.06828770 0.01390153 0.17487287
v 0.06828770 0.01290154 0.17487287
v 0.06896821 0.01490151 0.17620963
v 0.06828770 0.01490151 0.17487287
v 0.06964873 0.01290154 0.17754635
v 0.06493505 0.01290154 0.17501470
v 0.06537931 0.01290154 0.17467035
v 0.06537931 0.01390153 0.17467035
v 0.06463341 0.01490151 0.17554307
v 0.06463341 0.01290154 0.17554307
v 0.06456646 0.01490151 0.17614777
v 0.06456646 0.01290154 0.17614777
v 0.06472309 0.01390153 0.17668758
v 0.06472309 0.01290154 0.17668758
v 0.06493505 0.01490151 0.17501470
v 0.06472309 0.01490151 0.17668758
v 0.06537931 0.01490151 0.17467035
v 0.06627047 0.01490151 0.17421669
v 0.06537931 0.01390153 0.17467035
v 0.06627047 0.01390153 0.17421669
v 0.06537931 0.01290154 0.17467035
v 0.06627047 0.01290154 0.17421669
v 0.06794337 0.01290154 0.17442864
v 0.06828770 0.01290154 0.17487287
v 0.06828770 0.01390153 0.17487287
v 0.06741498 0.01490151 0.17412700
v 0.06741498 0.01290154 0.17412700
v 0.06681029 0.01490151 0.17406004
v 0.06681029 0.01290154 0.17406004
v 0.06627047 0.01390153 0.17421669
v 0.06627047 0.01290154 0.17421669
v 0.06794337 0.01490151 0.17442864
v 0.06627047 0.01490151 0.17421669
v 0.06828770 0.01490151 0.17487287
v 0.06640605 0.00740161 0.17844908
v 0.06720052 0.00729629 0.17879267
v 0.06670848 0.00740161 0.17904319
v 0.06674685 0.00729629 0.17790154
v 0.06765369 0.00696227 0.17856200
v 0.06749770 0.00645376 0.17751929
v 0.06610359 0.00740161 0.17785497
v 0.06795136 0.00645376 0.17841045
v 0.06759154 0.00590163 0.17747153
v 0.06804522 0.00590163 0.17836266
v 0.06674636 0.00696227 0.17677967
v 0.06795136 0.00534950 0.17841045
v 0.06749770 0.00534950 0.17751929
v 0.06720003 0.00484098 0.17767084
v 0.06765369 0.00484098 0.17856200
v 0.06640605 0.00440165 0.17844908
v 0.06720052 0.00450697 0.17879267
v 0.06674685 0.00450697 0.17790154
v 0.06670848 0.00440165 0.17904319
v 0.06713788 0.00590163 0.17658036
v 0.06629319 0.00729629 0.17701038
v 0.06580114 0.00740161 0.17726089
v 0.06704402 0.00645376 0.17662815
v 0.06704402 0.00534950 0.17662815
v 0.06674636 0.00484098 0.17677967
v 0.06629319 0.00450697 0.17701038
v 0.06610359 0.00440165 0.17785497
v 0.06580114 0.00440165 0.17726089
v 0.06640605 0.00040170 0.17844908
v 0.06720052 0.00029638 0.17879267
v 0.06670848 0.00040170 0.17904319
v 0.06674685 0.00029638 0.17790154
v 0.06765369 -0.00003763 0.17856200
v 0.06749770 -0.00054615 0.17751929
v 0.06610360 0.00040170 0.17785497
v 0.06795136 -0.00054615 0.17841045
v 0.06759154 -0.00109828 0.17747153
v 0.06804522 -0.00109828 0.17836266
v 0.06674636 -0.00003763 0.17677967
v 0.06795136 -0.00165041 0.17841045
v 0.06749770 -0.00165041 0.17751929
v 0.06720003 -0.00215892 0.17767084
v 0.06765369 -0.00215892 0.17856200
v 0.06640605 -0.00259826 0.17844908
v 0.06720052 -0.00249294 0.17879267
v 0.06674685 -0.00249294 0.17790154
v 0.06670848 -0.00259826 0.17904319
v 0.06713788 -0.00109828 0.17658036
v 0.06629319 0.00029638 0.17701038
v 0.06580114 0.00040170 0.17726089
v 0.06704402 -0.00054615 0.17662815
v 0.06704402 -0.00165041 0.17662815
v 0.06674636 -0.00215892 0.17677967
v 0.06629319 -0.00249294 0.17701038
v 0.06610360 -0.00259826 0.17785497
v 0.06580114 -0.00259826 0.17726089
v 0.01393810 -0.01309812 0.14439675
v 0.01417698 -0.01509810 0.14563272
v 0.01417698 -0.01309812 0.14563272
v 0.01416767 -0.01309812 0.14694389
v 0.01388680 -0.01509810 0.14825312
v 0.01388680 -0.01309812 0.14825312
v 0.01416767 -0.01509810 0.14694389
v 0.01334363 -0.01309812 0.14947699
v 0.01257974 -0.01509810 0.15054272
v 0.01257974 -0.01309812 0.15054272
v 0.01165939 -0.01309812 0.15140158
v 0.01065459 -0.01509810 0.15203486
v 0.01065459 -0.01309812 0.15203486
v 0.00955135 -0.01509810 0.15247476
v 0.00955135 -0.01309812 0.15247476
v 0.01165939 -0.01509810 0.15140158
v 0.01334363 -0.01509810 0.14947699
v 0.00831537 -0.01309812 0.15271365
v 0.00700420 -0.01509810 0.15270433
v 0.00700420 -0.01309812 0.15270433
v 0.00569497 -0.01309812 0.15242346
v 0.00447109 -0.01509810 0.15188028
v 0.00447109 -0.01309812 0.15188028
v 0.00569497 -0.01509810 0.15242346
v 0.00340539 -0.01309812 0.15111640
v 0.00254651 -0.01509810 0.15019603
v 0.00254651 -0.01309812 0.15019603
v 0.00191322 -0.01309812 0.14919125
v 0.00191322 -0.01409811 0.14919125
v 0.00340539 -0.01509810 0.15111640
v 0.00831537 -0.01509810 0.15271365
v 0.01349822 -0.01409811 0.14329350
v 0.01349822 -0.01309812 0.14329350
v 0.01393810 -0.01509810 0.14439675
v 0.01349822 -0.01509810 0.14329350
v 0.00191322 -0.01509810 0.14919125
v 0.16942428 0.01290155 0.12362403
v 0.16989010 0.01390153 0.12315628
v 0.16942428 0.01490152 0.12362403
v 0.16989010 0.01490152 0.12315628
v 0.16912655 0.01390153 0.12425163
v 0.16912655 0.01490152 0.12425163
v 0.16912655 0.01290155 0.12425163
v 0.16989010 0.01290155 0.12315628
v 0.05277720 0.01290154 0.17395542
v 0.05191047 0.01490151 0.17368054
v 0.05191047 0.01290154 0.17368054
v 0.05101642 0.01490151 0.17360809
v 0.05101642 0.01290154 0.17360809
v 0.05016147 0.01290154 0.17372826
v 0.05016147 0.01390153 0.17372826
v 0.05355076 0.01390153 0.17441239
v 0.05355076 0.01290154 0.17441239
v 0.05277720 0.01490151 0.17395542
v 0.05355076 0.01490151 0.17441239
v 0.05016147 0.01490151 0.17372826
v 0.16941421 -0.01309812 0.12363836
v 0.16912656 -0.01309812 0.12425163
v 0.16912656 -0.01409810 0.12425163
v 0.16989010 -0.01409810 0.12315628
v 0.16989010 -0.01309812 0.12315628
v 0.16941422 -0.01509809 0.12363836
v 0.16989010 -0.01509809 0.12315628
v 0.16912656 -0.01509809 0.12425163
v 0.05193386 -0.01509810 0.17368518
v 0.05277720 -0.01309812 0.17395542
v 0.05191047 -0.01309812 0.17368054
v 0.05103395 -0.01509810 0.17360758
v 0.05101642 -0.01309812 0.17360809
v 0.05016147 -0.01509810 0.17372826
v 0.05016147 -0.01409811 0.17372826
v 0.05355076 -0.01409811 0.17441239
v 0.05279341 -0.01509810 0.17396274
v 0.05355076 -0.01509810 0.17441239
v 0.05355076 -0.01309812 0.17441239
v 0.05016147 -0.01309812 0.17372826
v 0.16622552 -0.01309812 0.12613626
v 0.16589330 -0.00909817 0.12854962
v 0.16589330 -0.01509809 0.12854962
v 0.16622552 -0.00659821 0.12613626
v 0.16627293 -0.01509809 0.12579177
v 0.16589330 -0.00309825 0.12854962
v 0.16622552 -0.00009829 0.12613626
v 0.16589330 0.00290167 0.12854962
v 0.16589330 0.00890160 0.12854962
v 0.16622552 0.01290155 0.12613626
v 0.16589330 0.01490152 0.12854962
v 0.16622552 0.00640163 0.12613626
v 0.16627293 -0.01409810 0.12579177
v 0.16627293 -0.01309812 0.12579177
v 0.16627293 0.01290155 0.12579177
v 0.16627293 0.01390153 0.12579177
v 0.16627293 0.01490152 0.12579177
v 0.16627293 -0.01409810 0.12579177
v 0.16631704 -0.01309812 0.12564455
v 0.16627293 -0.01309812 0.12579177
v 0.16640939 -0.01309812 0.12551180
v 0.16653930 -0.01509809 0.12541546
v 0.16653930 -0.01309812 0.12541546
v 0.16640939 -0.01509809 0.12551180
v 0.16668512 -0.01509809 0.12536693
v 0.16668512 -0.01309812 0.12536693
v 0.16683880 -0.01509809 0.12536498
v 0.16683880 -0.01309812 0.12536498
v 0.16699310 -0.01309812 0.12541337
v 0.16712389 -0.01509809 0.12550851
v 0.16712389 -0.01309812 0.12550851
v 0.16721382 -0.01409810 0.12563313
v 0.16721382 -0.01309812 0.12563313
v 0.16699310 -0.01509809 0.12541337
v 0.16631704 -0.01509809 0.12564455
v 0.16721382 -0.01509809 0.12563313
v 0.16627293 -0.01509809 0.12579177
v 0.16627293 0.01390153 0.12579177
v 0.16636627 0.01490152 0.12556264
v 0.16627293 0.01490152 0.12579177
v 0.16654141 0.01490152 0.12541438
v 0.16672137 0.01290155 0.12536216
v 0.16672137 0.01490152 0.12536216
v 0.16654141 0.01290155 0.12541438
v 0.16692294 0.01290155 0.12538449
v 0.16692294 0.01490152 0.12538449
v 0.16709905 0.01490152 0.12548503
v 0.16721382 0.01390153 0.12563313
v 0.16721382 0.01490152 0.12563313
v 0.16709905 0.01290155 0.12548503
v 0.16636627 0.01290155 0.12556264
v 0.16721382 0.01290155 0.12563313
v 0.16627293 0.01290155 0.12579177
v 0.01349822 -0.01509810 0.14329350
v 0.07599236 0.01490152 0.11484495
v 0.13748193 0.01490152 0.08354148
v 0.07599236 -0.01509810 0.11484495
v 0.07857671 -0.01382811 0.11352930
v 0.13748193 -0.01509809 0.08354148
v -0.00031466 -0.01309812 0.15032543
v -0.00031466 0.01490151 0.15032543
v 0.16912656 -0.01509809 0.12425163
v 0.01683140 -0.01309812 0.15965740
v 0.15608277 -0.01309812 0.07070574
v 0.17977349 0.01490152 0.05183804
v 0.16083072 0.01490152 0.06442069
v 0.19085570 0.01290155 0.10813491
v 0.16912655 0.01290155 0.12425163
v 0.01683139 0.01490151 0.15965740
v 0.01239493 0.01490151 0.15670809
v -0.00031466 -0.01309812 0.15032543
v 0.15608277 0.01290154 0.07070574
v 0.15608277 0.01490152 0.07070574
v 0.16589119 -0.01309812 0.05555565
v 0.19251624 0.01490152 0.06816992
v 0.14729266 0.01490152 0.09201228
v 0.14322158 -0.01309812 0.13195614
v 0.15842372 0.01197177 0.13235227
v 0.14086832 -0.01509809 0.08181752
v 0.07937875 -0.01509809 0.11312100
v 0.14086832 0.01490152 0.08181752
v 0.07937875 0.01490152 0.11312100
v 0.06608411 0.01490151 0.17936105
v 0.06964873 0.01490151 0.17754635
v 0.06537931 0.01490151 0.17467035
v 0.17942222 -0.01437530 0.05442928
v 0.17137395 -0.01437531 0.05776314
v 0.17470763 -0.01437531 0.06581140
v 0.17090510 -0.01437531 0.06012048
v 0.17706492 -0.01437530 0.05396041
v 0.18322494 -0.01437531 0.06012048
v 0.17942222 -0.00923550 0.05442927
v 0.17137395 -0.00923550 0.05776314
v 0.17470763 -0.00923550 0.06581141
v 0.17826666 -0.01437530 0.05407886
v 0.17706492 -0.00923550 0.05396042
v 0.17826666 -0.00923550 0.05407886
v 0.17364251 -0.01437531 0.06524217
v 0.17270898 -0.00923550 0.06447631
v 0.17270898 -0.01437531 0.06447631
v 0.17826667 -0.01437531 0.06616221
v 0.17942233 -0.00923550 0.06581144
v 0.17826668 -0.00923550 0.06616221
v 0.17942222 -0.01437530 0.05442928
v 0.17826666 -0.00923550 0.05407886
v 0.17942222 -0.00923550 0.05442927
v 0.17194313 -0.01437531 0.06354277
v 0.17270898 -0.00923550 0.06447631
v 0.17194313 -0.00923550 0.06354277
v 0.17706493 -0.01437531 0.06628063
v 0.17826668 -0.00923550 0.06616221
v 0.17706493 -0.00923550 0.06628063
v 0.18048715 -0.01437530 0.05499851
v 0.17942222 -0.00923550 0.05442927
v 0.18048715 -0.00923550 0.05499850
v 0.17194313 -0.01437531 0.06354277
v 0.17137391 -0.00923550 0.06247783
v 0.17137391 -0.01437531 0.06247783
v 0.18142068 -0.01437530 0.05576474
v 0.18048715 -0.00923550 0.05499850
v 0.18142068 -0.00923550 0.05576474
v 0.17137391 -0.01437531 0.06247783
v 0.17102314 -0.00923550 0.06132228
v 0.17102314 -0.01437531 0.06132228
v 0.18218690 -0.01437530 0.05669829
v 0.18142068 -0.00923550 0.05576474
v 0.18218691 -0.00923550 0.05669828
v 0.17102314 -0.01437531 0.06132228
v 0.17090510 -0.00923550 0.06012048
v 0.17090510 -0.01437531 0.06012048
v 0.18218690 -0.01437530 0.05669829
v 0.18275612 -0.00923550 0.05776322
v 0.18275612 -0.01437531 0.05776323
v 0.17090510 -0.01437531 0.06012048
v 0.17102316 -0.00923550 0.05891869
v 0.17102316 -0.01437531 0.05891869
v 0.18310652 -0.01437531 0.05891868
v 0.18275612 -0.00923550 0.05776322
v 0.18310652 -0.00923550 0.05891868
v 0.17102316 -0.01437531 0.05891869
v 0.17137395 -0.00923550 0.05776314
v 0.17137395 -0.01437531 0.05776314
v 0.18322494 -0.01437531 0.06012048
v 0.18310652 -0.00923550 0.05891868
v 0.18322494 -0.00923550 0.06012048
v 0.17137395 -0.01437531 0.05776314
v 0.17194318 -0.00923550 0.05669821
v 0.17194318 -0.01437531 0.05669821
v 0.18310650 -0.01437531 0.06132227
v 0.18322494 -0.00923550 0.06012048
v 0.18310650 -0.00923550 0.06132227
v 0.17194318 -0.01437531 0.05669821
v 0.17270905 -0.00923550 0.05576468
v 0.17270905 -0.01437531 0.05576468
v 0.18275608 -0.01437531 0.06247772
v 0.18310650 -0.00923550 0.06132227
v 0.18275608 -0.00923550 0.06247772
v 0.17270905 -0.01437531 0.05576468
v 0.17364259 -0.00923551 0.05499845
v 0.17364259 -0.01437531 0.05499846
v 0.18218685 -0.01437531 0.06354285
v 0.18275608 -0.00923550 0.06247772
v 0.18218686 -0.00923550 0.06354285
v 0.17470753 -0.01437530 0.05442924
v 0.17364259 -0.00923551 0.05499845
v 0.17470753 -0.00923550 0.05442924
v 0.17706493 -0.01437531 0.06628063
v 0.17586318 -0.00923550 0.06616220
v 0.17586318 -0.01437530 0.06616219
v 0.18142062 -0.01437531 0.06447638
v 0.18218686 -0.00923550 0.06354285
v 0.18142062 -0.00923550 0.06447638
v 0.17470753 -0.01437530 0.05442924
v 0.17586318 -0.00923550 0.05407884
v 0.17586318 -0.01437530 0.05407885
v 0.17586318 -0.01437530 0.06616219
v 0.17470763 -0.00923550 0.06581141
v 0.17470763 -0.01437531 0.06581140
v 0.18048707 -0.01437531 0.06524222
v 0.18142062 -0.00923550 0.06447638
v 0.18048707 -0.00923550 0.06524223
v 0.17586318 -0.01437530 0.05407885
v 0.17706492 -0.00923550 0.05396042
v 0.17706492 -0.01437530 0.05396041
v 0.17470763 -0.01437531 0.06581140
v 0.17364251 -0.00923550 0.06524218
v 0.17364251 -0.01437531 0.06524217
v 0.18048707 -0.01437531 0.06524222
v 0.17942233 -0.00923550 0.06581144
v 0.17942232 -0.01437531 0.06581144
v 0.17586318 -0.01437530 0.06616219
v 0.17706493 -0.01437531 0.06628063
v 0.17826667 -0.01437531 0.06616221
v 0.17942232 -0.01437531 0.06581144
v 0.18048707 -0.01437531 0.06524222
v 0.18142062 -0.01437531 0.06447638
v 0.18275608 -0.01437531 0.06247772
v 0.18218685 -0.01437531 0.06354285
v 0.18310650 -0.01437531 0.06132227
v 0.18142068 -0.01437530 0.05576474
v 0.18322494 -0.01437531 0.06012048
v 0.18310652 -0.01437531 0.05891868
v 0.18275612 -0.01437531 0.05776323
v 0.18218690 -0.01437530 0.05669829
v 0.18048715 -0.01437530 0.05499851
v 0.17826666 -0.01437530 0.05407886
v 0.17706492 -0.01437530 0.05396041
v 0.17586318 -0.01437530 0.05407885
v 0.17470753 -0.01437530 0.05442924
v 0.17364259 -0.01437531 0.05499846
v 0.17194318 -0.01437531 0.05669821
v 0.17270905 -0.01437531 0.05576468
v 0.17102316 -0.01437531 0.05891869
v 0.17090510 -0.01437531 0.06012048
v 0.17102314 -0.01437531 0.06132228
v 0.17137391 -0.01437531 0.06247783
v 0.17194313 -0.01437531 0.06354277
v 0.17270898 -0.01437531 0.06447631
v 0.17364251 -0.01437531 0.06524217
v 0.17706493 -0.01437531 0.06628063
v 0.17586318 -0.01437530 0.06616219
v 0.17470763 -0.01437531 0.06581140
v 0.17364251 -0.01437531 0.06524217
v 0.17194313 -0.01437531 0.06354277
v 0.17270898 -0.01437531 0.06447631
v 0.17137391 -0.01437531 0.06247783
v 0.17102314 -0.01437531 0.06132228
v 0.17102316 -0.01437531 0.05891869
v 0.17137395 -0.01437531 0.05776314
v 0.17194318 -0.01437531 0.05669821
v 0.17270905 -0.01437531 0.05576468
v 0.17364259 -0.01437531 0.05499846
v 0.17586318 -0.01437530 0.05407885
v 0.17470753 -0.01437530 0.05442924
v 0.17826666 -0.01437530 0.05407886
v 0.18142068 -0.01437530 0.05576474
v 0.17942222 -0.01437530 0.05442928
v 0.18048715 -0.01437530 0.05499851
v 0.18218690 -0.01437530 0.05669829
v 0.18310652 -0.01437531 0.05891868
v 0.18275612 -0.01437531 0.05776323
v 0.18310650 -0.01437531 0.06132227
v 0.18048707 -0.01437531 0.06524222
v 0.18275608 -0.01437531 0.06247772
v 0.18218685 -0.01437531 0.06354285
v 0.18142062 -0.01437531 0.06447638
v 0.17942232 -0.01437531 0.06581144
v 0.17826667 -0.01437531 0.06616221
v 0.17586318 -0.00923550 0.06616220
v 0.17706493 -0.00923550 0.06628063
v 0.17826668 -0.00923550 0.06616221
v 0.17942233 -0.00923550 0.06581144
v 0.18048707 -0.00923550 0.06524223
v 0.18142062 -0.00923550 0.06447638
v 0.18275608 -0.00923550 0.06247772
v 0.18218686 -0.00923550 0.06354285
v 0.18310650 -0.00923550 0.06132227
v 0.18142068 -0.00923550 0.05576474
v 0.18322494 -0.00923550 0.06012048
v 0.18310652 -0.00923550 0.05891868
v 0.18275612 -0.00923550 0.05776322
v 0.18218691 -0.00923550 0.05669828
v 0.18048715 -0.00923550 0.05499850
v 0.17826666 -0.00923550 0.05407886
v 0.17706492 -0.00923550 0.05396042
v 0.17586318 -0.00923550 0.05407884
v 0.17470753 -0.00923550 0.05442924
v 0.17364259 -0.00923551 0.05499845
v 0.17194318 -0.00923550 0.05669821
v 0.17270905 -0.00923550 0.05576468
v 0.17102316 -0.00923550 0.05891869
v 0.17090510 -0.00923550 0.06012048
v 0.17102314 -0.00923550 0.06132228
v 0.17137391 -0.00923550 0.06247783
v 0.17194313 -0.00923550 0.06354277
v 0.17270898 -0.00923550 0.06447631
v 0.17364251 -0.00923550 0.06524218
v 0.17706492 -0.01437530 0.05396041
v 0.17364251 -0.00923550 0.06524218
v 0.17942232 -0.01437531 0.06581144
v 0.17826666 -0.01437530 0.05407886
v 0.17270898 -0.01437531 0.06447631
v 0.17826667 -0.01437531 0.06616221
v 0.17942222 -0.01437530 0.05442928
v 0.17194313 -0.00923550 0.06354277
v 0.18048715 -0.01437530 0.05499851
v 0.17137391 -0.00923550 0.06247783
v 0.18142068 -0.01437530 0.05576474
v 0.17102314 -0.00923550 0.06132228
v 0.18218691 -0.00923550 0.05669828
v 0.17090510 -0.00923550 0.06012048
v 0.18275612 -0.01437531 0.05776323
v 0.17102316 -0.00923550 0.05891869
v 0.18310652 -0.01437531 0.05891868
v 0.17137395 -0.00923550 0.05776314
v 0.18322494 -0.01437531 0.06012048
v 0.17194318 -0.00923550 0.05669821
v 0.18310650 -0.01437531 0.06132227
v 0.17270905 -0.00923550 0.05576468
v 0.18275608 -0.01437531 0.06247772
v 0.17364259 -0.01437531 0.05499846
v 0.17706493 -0.00923550 0.06628063
v 0.18218685 -0.01437531 0.06354285
v 0.17470753 -0.00923550 0.05442924
v 0.17586318 -0.00923550 0.06616220
v 0.18142062 -0.01437531 0.06447638
v 0.17586318 -0.00923550 0.05407884
v 0.17470763 -0.00923550 0.06581141
v 0.18048707 -0.00923550 0.06524223
v 0.17942222 0.00899732 0.05442928
v 0.17137395 0.00899731 0.05776314
v 0.17470763 0.00899732 0.06581140
v 0.17090510 0.00899731 0.06012048
v 0.17706492 0.00899732 0.05396041
v 0.18322494 0.00899731 0.06012048
v 0.17942222 0.01413712 0.05442927
v 0.17137395 0.01413712 0.05776314
v 0.17470763 0.01413712 0.06581141
v 0.17826666 0.00899732 0.05407886
v 0.17706492 0.01413712 0.05396042
v 0.17826666 0.01413712 0.05407886
v 0.17364251 0.00899732 0.06524217
v 0.17270898 0.01413712 0.06447631
v 0.17270898 0.00899732 0.06447631
v 0.17826667 0.00899732 0.06616221
v 0.17942233 0.01413712 0.06581144
v 0.17826668 0.01413712 0.06616221
v 0.17942222 0.00899732 0.05442928
v 0.17826666 0.01413712 0.05407886
v 0.17942222 0.01413712 0.05442927
v 0.17194313 0.00899732 0.06354277
v 0.17270898 0.01413712 0.06447631
v 0.17194313 0.01413712 0.06354277
v 0.17706493 0.00899732 0.06628063
v 0.17826668 0.01413712 0.06616221
v 0.17706493 0.01413712 0.06628063
v 0.18048715 0.00899732 0.05499851
v 0.17942222 0.01413712 0.05442927
v 0.18048715 0.01413712 0.05499850
v 0.17194313 0.00899732 0.06354277
v 0.17137391 0.01413712 0.06247783
v 0.17137391 0.00899731 0.06247783
v 0.18142068 0.00899732 0.05576474
v 0.18048715 0.01413712 0.05499850
v 0.18142068 0.01413712 0.05576474
v 0.17137391 0.00899731 0.06247783
v 0.17102314 0.01413712 0.06132228
v 0.17102314 0.00899731 0.06132228
v 0.18218690 0.00899732 0.05669829
v 0.18142068 0.01413712 0.05576474
v 0.18218691 0.01413712 0.05669828
v 0.17102314 0.00899731 0.06132228
v 0.17090510 0.01413712 0.06012048
v 0.17090510 0.00899731 0.06012048
v 0.18218690 0.00899732 0.05669829
v 0.18275612 0.01413712 0.05776322
v 0.18275612 0.00899731 0.05776323
v 0.17090510 0.00899731 0.06012048
v 0.17102316 0.01413712 0.05891869
v 0.17102316 0.00899731 0.05891869
v 0.18310652 0.00899731 0.05891868
v 0.18275612 0.01413712 0.05776322
v 0.18310652 0.01413712 0.05891868
v 0.17102316 0.00899731 0.05891869
v 0.17137395 0.01413712 0.05776314
v 0.17137395 0.00899731 0.05776314
v 0.18322494 0.00899731 0.06012048
v 0.18310652 0.01413712 0.05891868
v 0.18322494 0.01413712 0.06012048
v 0.17137395 0.00899731 0.05776314
v 0.17194318 0.01413712 0.05669821
v 0.17194318 0.00899731 0.05669821
v 0.18310650 0.00899731 0.06132227
v 0.18322494 0.01413712 0.06012048
v 0.18310650 0.01413712 0.06132227
v 0.17194318 0.00899731 0.05669821
v 0.17270905 0.01413712 0.05576468
v 0.17270905 0.00899731 0.05576468
v 0.18275608 0.00899731 0.06247772
v 0.18310650 0.01413712 0.06132227
v 0.18275608 0.01413712 0.06247772
v 0.17270905 0.00899731 0.05576468
v 0.17364259 0.01413712 0.05499845
v 0.17364259 0.00899731 0.05499846
v 0.18218685 0.00899731 0.06354285
v 0.18275608 0.01413712 0.06247772
v 0.18218686 0.01413712 0.06354285
v 0.17470753 0.00899732 0.05442924
v 0.17364259 0.01413712 0.05499845
v 0.17470753 0.01413712 0.05442924
v 0.17706493 0.00899732 0.06628063
v 0.17586318 0.01413712 0.06616220
v 0.17586318 0.00899732 0.06616219
v 0.18142062 0.00899731 0.06447638
v 0.18218686 0.01413712 0.06354285
v 0.18142062 0.01413712 0.06447638
v 0.17470753 0.00899732 0.05442924
v 0.17586318 0.01413712 0.05407884
v 0.17586318 0.00899732 0.05407885
v 0.17586318 0.00899732 0.06616219
v 0.17470763 0.01413712 0.06581141
v 0.17470763 0.00899732 0.06581140
v 0.18048707 0.00899732 0.06524222
v 0.18142062 0.01413712 0.06447638
v 0.18048707 0.01413712 0.06524223
v 0.17586318 0.00899732 0.05407885
v 0.17706492 0.01413712 0.05396042
v 0.17706492 0.00899732 0.05396041
v 0.17470763 0.00899732 0.06581140
v 0.17364251 0.01413712 0.06524218
v 0.17364251 0.00899732 0.06524217
v 0.18048707 0.00899732 0.06524222
v 0.17942233 0.01413712 0.06581144
v 0.17942232 0.00899732 0.06581144
v 0.17586318 0.00899732 0.06616219
v 0.17706493 0.00899732 0.06628063
v 0.17826667 0.00899732 0.06616221
v 0.17942232 0.00899732 0.06581144
v 0.18048707 0.00899732 0.06524222
v 0.18142062 0.00899731 0.06447638
v 0.18275608 0.00899731 0.06247772
v 0.18218685 0.00899731 0.06354285
v 0.18310650 0.00899731 0.06132227
v 0.18142068 0.00899732 0.05576474
v 0.18322494 0.00899731 0.06012048
v 0.18310652 0.00899731 0.05891868
v 0.18275612 0.00899731 0.05776323
v 0.18218690 0.00899732 0.05669829
v 0.18048715 0.00899732 0.05499851
v 0.17826666 0.00899732 0.05407886
v 0.17706492 0.00899732 0.05396041
v 0.17586318 0.00899732 0.05407885
v 0.17470753 0.00899732 0.05442924
v 0.17364259 0.00899731 0.05499846
v 0.17194318 0.00899731 0.05669821
v 0.17270905 0.00899731 0.05576468
v 0.17102316 0.00899731 0.05891869
v 0.17090510 0.00899731 0.06012048
v 0.17102314 0.00899731 0.06132228
v 0.17137391 0.00899731 0.06247783
v 0.17194313 0.00899732 0.06354277
v 0.17270898 0.00899732 0.06447631
v 0.17364251 0.00899732 0.06524217
v 0.17706493 0.00899732 0.06628063
v 0.17586318 0.00899732 0.06616219
v 0.17470763 0.00899732 0.06581140
v 0.17364251 0.00899732 0.06524217
v 0.17194313 0.00899732 0.06354277
v 0.17270898 0.00899732 0.06447631
v 0.17137391 0.00899731 0.06247783
v 0.17102314 0.00899731 0.06132228
v 0.17102316 0.00899731 0.05891869
v 0.17137395 0.00899731 0.05776314
v 0.17194318 0.00899731 0.05669821
v 0.17270905 0.00899731 0.05576468
v 0.17364259 0.00899731 0.05499846
v 0.17586318 0.00899732 0.05407885
v 0.17470753 0.00899732 0.05442924
v 0.17826666 0.00899732 0.05407886
v 0.18142068 0.00899732 0.05576474
v 0.17942222 0.00899732 0.05442928
v 0.18048715 0.00899732 0.05499851
v 0.18218690 0.00899732 0.05669829
v 0.18310652 0.00899731 0.05891868
v 0.18275612 0.00899731 0.05776323
v 0.18310650 0.00899731 0.06132227
v 0.18048707 0.00899732 0.06524222
v 0.18275608 0.00899731 0.06247772
v 0.18218685 0.00899731 0.06354285
v 0.18142062 0.00899731 0.06447638
v 0.17942232 0.00899732 0.06581144
v 0.17826667 0.00899732 0.06616221
v 0.17586318 0.01413712 0.06616220
v 0.17706493 0.01413712 0.06628063
v 0.17826668 0.01413712 0.06616221
v 0.17942233 0.01413712 0.06581144
v 0.18048707 0.01413712 0.06524223
v 0.18142062 0.01413712 0.06447638
v 0.18275608 0.01413712 0.06247772
v 0.18218686 0.01413712 0.06354285
v 0.18310650 0.01413712 0.06132227
v 0.18142068 0.01413712 0.05576474
v 0.18322494 0.01413712 0.06012048
v 0.18310652 0.01413712 0.05891868
v 0.18275612 0.01413712 0.05776322
v 0.18218691 0.01413712 0.05669828
v 0.18048715 0.01413712 0.05499850
v 0.17826666 0.01413712 0.05407886
v 0.17706492 0.01413712 0.05396042
v 0.17586318 0.01413712 0.05407884
v 0.17470753 0.01413712 0.05442924
v 0.17364259 0.01413712 0.05499845
v 0.17194318 0.01413712 0.05669821
v 0.17270905 0.01413712 0.05576468
v 0.17102316 0.01413712 0.05891869
v 0.17090510 0.01413712 0.06012048
v 0.17102314 0.01413712 0.06132228
v 0.17137391 0.01413712 0.06247783
v 0.17194313 0.01413712 0.06354277
v 0.17270898 0.01413712 0.06447631
v 0.17364251 0.01413712 0.06524218
v 0.17706492 0.00899732 0.05396041
v 0.17364251 0.01413712 0.06524218
v 0.17942232 0.00899732 0.06581144
v 0.17826666 0.00899732 0.05407886
v 0.17270898 0.00899732 0.06447631
v 0.17826667 0.00899732 0.06616221
v 0.17942222 0.00899732 0.05442928
v 0.17194313 0.01413712 0.06354277
v 0.18048715 0.00899732 0.05499851
v 0.17137391 0.01413712 0.06247783
v 0.18142068 0.00899732 0.05576474
v 0.17102314 0.01413712 0.06132228
v 0.18218691 0.01413712 0.05669828
v 0.17090510 0.01413712 0.06012048
v 0.18275612 0.00899731 0.05776323
v 0.17102316 0.01413712 0.05891869
v 0.18310652 0.00899731 0.05891868
v 0.17137395 0.01413712 0.05776314
v 0.18322494 0.00899731 0.06012048
v 0.17194318 0.01413712 0.05669821
v 0.18310650 0.00899731 0.06132227
v 0.17270905 0.01413712 0.05576468
v 0.18275608 0.00899731 0.06247772
v 0.17364259 0.00899731 0.05499846
v 0.17706493 0.01413712 0.06628063
v 0.18218685 0.00899731 0.06354285
v 0.17470753 0.01413712 0.05442924
v 0.17586318 0.01413712 0.06616220
v 0.18142062 0.00899731 0.06447638
v 0.17586318 0.01413712 0.05407884
v 0.17470763 0.01413712 0.06581141
v 0.18048707 0.01413712 0.06524223
vt 0.05124759 0.88803363
vt 0.19125921 0.96999860
vt 0.38251850 1.00000000
vt 0.10280710 0.06018501
vt 0.04702574 0.10274230
vt 0.04702574 0.10274230
vt 0.05124759 0.88803363
vt 0.11203700 0.93441170
vt 0.26015851 0.00700170
vt 0.17550270 0.02752959
vt 0.01303380 0.83402532
vt 0.35100541 0.00000000
vt 0.00000000 0.77606720
vt 1.00000000 1.00000000
vt 1.00000000 0.00000000
vt 0.00000000 0.20548449
vt 0.38251850 1.00000000
vt 0.01196008 0.15230121
vt 0.28351530 0.99236971
vt 0.04702574 0.10274230
vt 0.19125921 0.96999860
vt 0.10280710 0.06018501
vt 0.19125921 0.96999860
vt 0.05124759 0.88803363
vt 0.00000000 0.77606720
vt 0.11203700 0.93441170
vt 0.19125921 0.96999860
vt 0.19125921 0.96999860
vt 0.17550270 0.02752959
vt 0.10280710 0.06018501
vt 0.10280710 0.06018501
vt 0.05124759 0.88803363
vt 0.11203700 0.93441170
vt 0.11203700 0.93441170
vt 0.26015851 0.00700170
vt 0.17550270 0.02752959
vt 0.17550270 0.02752959
vt 0.01303380 0.83402532
vt 0.05124759 0.88803363
vt 0.05124759 0.88803363
vt 0.35100541 0.00000000
vt 0.26015851 0.00700170
vt 0.26015851 0.00700170
vt 0.00000000 0.77606720
vt 0.01303380 0.83402532
vt 0.01303380 0.83402532
vt 1.00000000 1.00000000
vt 1.00000000 0.00000000
vt 1.00000000 0.00000000
vt 1.00000000 0.00000000
vt 0.35100541 0.00000000
vt 0.35100541 0.00000000
vt 0.00000000 0.20548449
vt 0.00000000 0.77606720
vt 0.00000000 0.77606720
vt 0.38251850 1.00000000
vt 1.00000000 1.00000000
vt 1.00000000 1.00000000
vt 0.01196008 0.15230121
vt 0.00000000 0.20548449
vt 0.00000000 0.20548449
vt 0.28351530 0.99236971
vt 0.38251850 1.00000000
vt 0.38251850 1.00000000
vt 0.04702574 0.10274230
vt 0.01196008 0.15230121
vt 0.01196008 0.15230121
vt 0.19125921 0.96999860
vt 0.28351530 0.99236971
vt 0.28351530 0.99236971
vt 0.01196008 0.15230121
vt 0.00000000 0.20548449
vt 0.35100541 0.00000000
vt 0.00000000 0.77606720
vt 1.00000000 0.00000000
vt 0.01303380 0.83402532
vt 0.11203700 0.93441170
vt 0.28351530 0.99236971
vt 1.00000000 1.00000000
vt 0.26015851 0.00700170
vt 0.17550270 0.02752959
vt 0.10280710 0.06018501
vt 0.04702574 0.10274230
vt 0.10280710 0.06018501
vt 0.00000000 0.20548449
vt 1.00000000 0.00000000
vt 0.01196008 0.15230121
vt 0.35100541 0.00000000
vt 0.04702574 0.10274230
vt 0.10280710 0.06018501
vt 0.17550270 0.02752959
vt 0.26015851 0.00700170
vt 1.00000000 1.00000000
vt 0.38251850 1.00000000
vt 0.28351530 0.99236971
vt 0.11203700 0.93441170
vt 0.01303380 0.83402532
vt 0.11203700 0.93441170
vt 0.17550270 0.02752959
vt 0.05124759 0.88803363
vt 0.26015851 0.00700170
vt 0.01303380 0.83402532
vt 0.35100541 0.00000000
vt 0.00000000 0.77606720
vt 1.00000000 1.00000000
vt 1.00000000 0.00000000
vt 0.00000000 0.20548449
vt 0.38251850 1.00000000
vt 0.01196008 0.15230121
vt 0.28351530 0.99236971
vt 0.04702574 0.10274230
vt 0.19125921 0.96999860
vt 0.10241060 0.41954079
vt 0.09814351 0.41393790
vt 0.10241060 0.41393790
vt 0.09387642 0.41393790
vt 0.08960932 0.42514369
vt 0.08960932 0.41393790
vt 0.09387642 0.42514369
vt 0.08534222 0.41393790
vt 0.08107507 0.42514369
vt 0.08107507 0.41393790
vt 0.08534222 0.42514369
vt 0.07680797 0.42514369
vt 0.07680797 0.41393790
vt 0.07254087 0.42514369
vt 0.07254087 0.41393790
vt 0.06827378 0.42514369
vt 0.06827378 0.41393790
vt 0.06400662 0.42514369
vt 0.06400662 0.41393790
vt 0.05973953 0.41393790
vt 0.05547243 0.42514369
vt 0.05547243 0.41393790
vt 0.05973953 0.42514369
vt 0.05120515 0.41393790
vt 0.04693818 0.42514369
vt 0.04693818 0.41393790
vt 0.04267108 0.41393790
vt 0.03840380 0.42514369
vt 0.03840380 0.41393790
vt 0.03413689 0.41954079
vt 0.03413689 0.41393790
vt 0.04267108 0.42514369
vt 0.05120515 0.42514369
vt 0.09814351 0.42514369
vt 0.10241060 0.42514369
vt 0.20893900 0.06660568
vt 0.20621119 0.06143218
vt 0.20893900 0.06143218
vt 0.20075580 0.06143218
vt 0.20348351 0.07695263
vt 0.20075580 0.07695263
vt 0.20348351 0.06143218
vt 0.19802800 0.06143218
vt 0.19802800 0.07695263
vt 0.19530030 0.06143218
vt 0.19257250 0.07695263
vt 0.19257250 0.06143218
vt 0.18984480 0.06143218
vt 0.18984480 0.07695263
vt 0.18711700 0.06143218
vt 0.18711700 0.06660568
vt 0.19530030 0.07695263
vt 0.20621119 0.07695263
vt 0.20893900 0.07177913
vt 0.20893900 0.07695263
vt 0.18711700 0.07177913
vt 0.18711700 0.07695263
vt 0.20893900 0.04664868
vt 0.20621119 0.04147505
vt 0.20893900 0.04147505
vt 0.20075580 0.04147505
vt 0.20348351 0.05699563
vt 0.20075580 0.05699563
vt 0.20348351 0.04147505
vt 0.19802800 0.04147505
vt 0.19802800 0.05699563
vt 0.19530030 0.04147505
vt 0.19257250 0.05699563
vt 0.19257250 0.04147505
vt 0.18984480 0.04147505
vt 0.18984480 0.05699563
vt 0.18711700 0.04147505
vt 0.18711700 0.04664868
vt 0.19530030 0.05699563
vt 0.20621119 0.05699563
vt 0.20893900 0.05182200
vt 0.20893900 0.05699563
vt 0.18711700 0.05182200
vt 0.18711700 0.05699563
vt 0.00673014 0.95732367
vt 0.00112724 0.95863670
vt 0.00112724 0.95732367
vt 0.00112724 0.95994961
vt 0.01233291 0.96126258
vt 0.00112724 0.96126258
vt 0.01233291 0.95863670
vt 0.01233291 0.95994961
vt 0.00112724 0.96257550
vt 0.01233291 0.96257550
vt 0.00112724 0.96388853
vt 0.01233291 0.96388853
vt 0.00112724 0.96520138
vt 0.01233291 0.96651441
vt 0.00112724 0.96651441
vt 0.00673014 0.96782732
vt 0.00112724 0.96782732
vt 0.01233291 0.96520138
vt 0.01233291 0.96782732
vt 0.01233291 0.95732367
vt 0.22518750 0.95732367
vt 0.21958470 0.95863670
vt 0.21958470 0.95732367
vt 0.21958470 0.95994961
vt 0.23079041 0.96126258
vt 0.21958470 0.96126258
vt 0.23079041 0.95863670
vt 0.23079041 0.95994961
vt 0.21958470 0.96257550
vt 0.23079041 0.96257550
vt 0.23079041 0.96388853
vt 0.21958470 0.96388853
vt 0.21958470 0.96520138
vt 0.23079041 0.96651441
vt 0.21958470 0.96651441
vt 0.22518750 0.96782732
vt 0.21958470 0.96782732
vt 0.23079041 0.96520138
vt 0.23079041 0.96782732
vt 0.23079041 0.95732367
vt 0.22153661 0.04952615
vt 0.22369181 0.05072760
vt 0.22153661 0.05072760
vt 0.22153661 0.05192905
vt 0.22369181 0.05313056
vt 0.22153661 0.05313056
vt 0.22369181 0.05192905
vt 0.22153661 0.05433207
vt 0.22369181 0.05553364
vt 0.22153661 0.05553364
vt 0.22153661 0.05673515
vt 0.22369181 0.05793666
vt 0.22153661 0.05793666
vt 0.22369181 0.05673515
vt 0.22369181 0.05433207
vt 0.22153661 0.05913823
vt 0.22369181 0.06033974
vt 0.22153661 0.06033974
vt 0.22153661 0.06154131
vt 0.22369181 0.06274300
vt 0.22153661 0.06274300
vt 0.22369181 0.06154131
vt 0.22153661 0.06394451
vt 0.22369181 0.06514608
vt 0.22153661 0.06514608
vt 0.22153661 0.06634759
vt 0.22369181 0.06754916
vt 0.22153661 0.06754916
vt 0.22369181 0.06875067
vt 0.22153661 0.06875067
vt 0.22369181 0.06634759
vt 0.22369181 0.06394451
vt 0.22369181 0.05913823
vt 0.24111021 0.12863740
vt 0.23981400 0.13131420
vt 0.23981400 0.12863740
vt 0.24175820 0.13666770
vt 0.23981400 0.13666770
vt 0.23981400 0.13399100
vt 0.24175820 0.13131420
vt 0.24240629 0.12863740
vt 0.24175820 0.13934450
vt 0.23981400 0.13934450
vt 0.24370250 0.14068291
vt 0.24175820 0.14202119
vt 0.23981400 0.14202119
vt 0.24370250 0.13800620
vt 0.24370250 0.13934450
vt 0.23981400 0.14469810
vt 0.24175820 0.14469810
vt 0.24111021 0.15005170
vt 0.23981400 0.15005170
vt 0.23981400 0.14737490
vt 0.24175820 0.14737490
vt 0.24370250 0.14603651
vt 0.24240629 0.15005170
vt 0.24370250 0.14871331
vt 0.24370250 0.14335971
vt 0.24370250 0.13399100
vt 0.24370250 0.13532940
vt 0.24370250 0.12997571
vt 0.24370250 0.12863740
vt 0.24370250 0.13131420
vt 0.24370250 0.13265260
vt 0.24370250 0.13666770
vt 0.24370250 0.14202119
vt 0.24370250 0.14737490
vt 0.24370250 0.15005170
vt 0.24370250 0.14469810
vt 0.27014780 0.07440584
vt 0.26856509 0.07932752
vt 0.26856509 0.07440584
vt 0.26698250 0.07440584
vt 0.26539990 0.07932752
vt 0.26539990 0.07440584
vt 0.26381719 0.07932752
vt 0.26381719 0.07440584
vt 0.26698250 0.07932752
vt 0.26223460 0.07440584
vt 0.26065201 0.07932752
vt 0.26065201 0.07440584
vt 0.25906929 0.07440584
vt 0.25906929 0.07686668
vt 0.26223460 0.07932752
vt 0.27173039 0.07686668
vt 0.27173039 0.07440584
vt 0.27014780 0.07932752
vt 0.27173039 0.07932752
vt 0.25906929 0.07932752
vt 0.22539900 0.04952615
vt 0.22755399 0.05072760
vt 0.22539900 0.05072760
vt 0.22539900 0.05192905
vt 0.22755399 0.05313056
vt 0.22539900 0.05313056
vt 0.22755399 0.05192905
vt 0.22539900 0.05433207
vt 0.22755399 0.05553364
vt 0.22539900 0.05553364
vt 0.22539900 0.05673515
vt 0.22755399 0.05793666
vt 0.22539900 0.05793666
vt 0.22755399 0.05673515
vt 0.22755399 0.05433207
vt 0.22539900 0.05913823
vt 0.22755399 0.06033974
vt 0.22539900 0.06033974
vt 0.22539900 0.06154131
vt 0.22755399 0.06274300
vt 0.22539900 0.06274300
vt 0.22755399 0.06154131
vt 0.22539900 0.06394451
vt 0.22755399 0.06514608
vt 0.22539900 0.06514608
vt 0.22539900 0.06634759
vt 0.22755399 0.06754916
vt 0.22539900 0.06754916
vt 0.22755399 0.06875067
vt 0.22539900 0.06875067
vt 0.22755399 0.06634759
vt 0.22755399 0.06394451
vt 0.22755399 0.05913823
vt 0.28638470 0.12863740
vt 0.28444049 0.13131420
vt 0.28444049 0.12863740
vt 0.28444049 0.13399100
vt 0.28832901 0.13265260
vt 0.28832901 0.13399100
vt 0.28832901 0.12997571
vt 0.28832901 0.12863740
vt 0.28832901 0.13131420
vt 0.28444049 0.13666770
vt 0.28832901 0.13532940
vt 0.28832901 0.13666770
vt 0.28444049 0.13934450
vt 0.28832901 0.13800620
vt 0.28832901 0.13934450
vt 0.28444049 0.14202119
vt 0.28832901 0.14068291
vt 0.28832901 0.14202119
vt 0.28832901 0.14871331
vt 0.28638470 0.15005170
vt 0.28444049 0.14737490
vt 0.28444049 0.15005170
vt 0.28832901 0.14603651
vt 0.28832901 0.14737490
vt 0.28444049 0.14469810
vt 0.28832901 0.14335971
vt 0.28832901 0.14469810
vt 0.28832901 0.15005170
vt 0.27173039 0.06502234
vt 0.27014780 0.06256151
vt 0.27173039 0.06256151
vt 0.26856509 0.06256151
vt 0.26698250 0.06748318
vt 0.26698250 0.06256151
vt 0.26856509 0.06748318
vt 0.26539990 0.06748318
vt 0.26539990 0.06256151
vt 0.26381719 0.06748318
vt 0.26381719 0.06256151
vt 0.26223460 0.06256151
vt 0.26065201 0.06748318
vt 0.26065201 0.06256151
vt 0.25906929 0.06502234
vt 0.25906929 0.06256151
vt 0.26223460 0.06748318
vt 0.27014780 0.06748318
vt 0.25906929 0.06748318
vt 0.27173039 0.06748318
vt 0.23312350 0.04952615
vt 0.23527861 0.05072760
vt 0.23312350 0.05072760
vt 0.23312350 0.05192905
vt 0.23527861 0.05313056
vt 0.23312350 0.05313056
vt 0.23527861 0.05192905
vt 0.23312350 0.05433207
vt 0.23527861 0.05553364
vt 0.23312350 0.05553364
vt 0.23312350 0.05673515
vt 0.23527861 0.05793666
vt 0.23312350 0.05793666
vt 0.23527861 0.05673515
vt 0.23527861 0.05433207
vt 0.23312350 0.05913823
vt 0.23527861 0.06033974
vt 0.23312350 0.06033974
vt 0.23312350 0.06154131
vt 0.23527861 0.06274300
vt 0.23312350 0.06274300
vt 0.23527861 0.06154131
vt 0.23312350 0.06394451
vt 0.23527861 0.06514608
vt 0.23312350 0.06514608
vt 0.23312350 0.06634759
vt 0.23527861 0.06754916
vt 0.23312350 0.06754916
vt 0.23527861 0.06875067
vt 0.23312350 0.06875067
vt 0.23527861 0.06634759
vt 0.23527861 0.06394451
vt 0.23527861 0.05913823
vt 0.27458000 0.12863740
vt 0.27328381 0.13131420
vt 0.27328381 0.12863740
vt 0.27522811 0.13666770
vt 0.27328381 0.13666770
vt 0.27328381 0.13399100
vt 0.27522811 0.13131420
vt 0.27587619 0.12863740
vt 0.27328381 0.13934450
vt 0.27522811 0.14202119
vt 0.27717239 0.14068291
vt 0.27717239 0.14202119
vt 0.27328381 0.14202119
vt 0.27522811 0.13934450
vt 0.27717239 0.13800620
vt 0.27717239 0.13934450
vt 0.27328381 0.14469810
vt 0.27522811 0.14469810
vt 0.27458000 0.15005170
vt 0.27328381 0.15005170
vt 0.27328381 0.14737490
vt 0.27522811 0.14737490
vt 0.27717239 0.14603651
vt 0.27717239 0.14737490
vt 0.27587619 0.15005170
vt 0.27717239 0.14871331
vt 0.27717239 0.14335971
vt 0.27717239 0.14469810
vt 0.27717239 0.13399100
vt 0.27717239 0.13532940
vt 0.27717239 0.12997571
vt 0.27717239 0.12863740
vt 0.27717239 0.13131420
vt 0.27717239 0.13265260
vt 0.27717239 0.13666770
vt 0.27717239 0.15005170
vt 0.10371750 0.12536320
vt 0.10830460 0.12683821
vt 0.10371750 0.12683821
vt 0.10371750 0.12831330
vt 0.10830460 0.12978829
vt 0.10371750 0.12978829
vt 0.10830460 0.13126330
vt 0.10371750 0.13126330
vt 0.10830460 0.12831330
vt 0.10371750 0.13273840
vt 0.10830460 0.13421351
vt 0.10371750 0.13421351
vt 0.10371750 0.13568850
vt 0.10601110 0.13568850
vt 0.10830460 0.13273840
vt 0.10601110 0.12388810
vt 0.10371750 0.12388810
vt 0.10830460 0.12536320
vt 0.10830460 0.12388810
vt 0.02993530 0.62569582
vt 0.02868807 0.62793303
vt 0.02868807 0.62569582
vt 0.02744060 0.62569582
vt 0.02619338 0.62793303
vt 0.02619338 0.62569582
vt 0.02744060 0.62793303
vt 0.02494615 0.62569582
vt 0.02369886 0.62793303
vt 0.02369886 0.62569582
vt 0.02245146 0.62569582
vt 0.02120423 0.62793303
vt 0.02120423 0.62569582
vt 0.02245146 0.62793303
vt 0.02494615 0.62793303
vt 0.01995694 0.62569582
vt 0.01870954 0.62793303
vt 0.01870954 0.62569582
vt 0.01746231 0.62569582
vt 0.01621502 0.62793303
vt 0.01621502 0.62569582
vt 0.01746231 0.62793303
vt 0.01496762 0.62569582
vt 0.01372039 0.62793303
vt 0.01372039 0.62569582
vt 0.01247286 0.62569582
vt 0.01122570 0.62793303
vt 0.01122570 0.62569582
vt 0.00997847 0.62793303
vt 0.00997847 0.62569582
vt 0.01247286 0.62793303
vt 0.01496762 0.62793303
vt 0.01995694 0.62793303
vt 0.22995350 0.12863740
vt 0.22865739 0.13131420
vt 0.22865739 0.12863740
vt 0.22865739 0.13399100
vt 0.23254590 0.13265260
vt 0.23254590 0.13399100
vt 0.23254590 0.12997571
vt 0.23124979 0.12863740
vt 0.23254590 0.12863740
vt 0.22865739 0.13666770
vt 0.23254590 0.13532940
vt 0.23254590 0.13666770
vt 0.22865739 0.13934450
vt 0.23254590 0.13800620
vt 0.23254590 0.13934450
vt 0.22865739 0.14737490
vt 0.23254590 0.14603651
vt 0.23254590 0.14737490
vt 0.22865739 0.14202119
vt 0.23254590 0.14068291
vt 0.23254590 0.14202119
vt 0.22995350 0.15005170
vt 0.22865739 0.15005170
vt 0.23254590 0.14871331
vt 0.23124979 0.15005170
vt 0.22865739 0.14469810
vt 0.23254590 0.14335971
vt 0.23254590 0.14469810
vt 0.23254590 0.13131420
vt 0.23254590 0.15005170
vt 0.27173039 0.07094448
vt 0.27014780 0.06848365
vt 0.27173039 0.06848365
vt 0.26856509 0.06848365
vt 0.26698250 0.07340532
vt 0.26698250 0.06848365
vt 0.26856509 0.07340532
vt 0.26539990 0.07340532
vt 0.26539990 0.06848365
vt 0.26381719 0.07340532
vt 0.26381719 0.06848365
vt 0.26223460 0.06848365
vt 0.26065201 0.07340532
vt 0.26065201 0.06848365
vt 0.25906929 0.07094448
vt 0.25906929 0.06848365
vt 0.26223460 0.07340532
vt 0.27014780 0.07340532
vt 0.25906929 0.07340532
vt 0.27173039 0.07340532
vt 0.10451780 0.10895330
vt 0.10451780 0.10766260
vt 0.11081240 0.10766260
vt 0.11710690 0.11024390
vt 0.10451780 0.11024390
vt 0.11710690 0.11153460
vt 0.10451780 0.11153460
vt 0.11081240 0.11282530
vt 0.10451780 0.11282530
vt 0.11710690 0.10895330
vt 0.11710690 0.11282530
vt 0.11710690 0.10766260
vt 0.12172630 0.10895330
vt 0.12172630 0.10766260
vt 0.12802090 0.10766260
vt 0.13431551 0.11024390
vt 0.12172630 0.11024390
vt 0.13431551 0.11153460
vt 0.12172630 0.11153460
vt 0.12802090 0.11282530
vt 0.12172630 0.11282530
vt 0.13431551 0.10895330
vt 0.13431551 0.11282530
vt 0.13431551 0.10766260
vt 0.10451780 0.08830952
vt 0.11710690 0.08959919
vt 0.10451780 0.08959919
vt 0.11710690 0.09088885
vt 0.10451780 0.09088885
vt 0.10451780 0.09217858
vt 0.11081240 0.09217858
vt 0.11081240 0.08701980
vt 0.10451780 0.08701980
vt 0.11710690 0.08830952
vt 0.11710690 0.08701980
vt 0.11710690 0.09217858
vt 0.12172630 0.08830952
vt 0.13431551 0.08959919
vt 0.12172630 0.08959919
vt 0.13431551 0.09088885
vt 0.12172630 0.09088885
vt 0.12172630 0.09217858
vt 0.12802090 0.09217858
vt 0.12802090 0.08701980
vt 0.12172630 0.08701980
vt 0.13431551 0.08830952
vt 0.13431551 0.08701980
vt 0.13431551 0.09217858
vt 0.19602419 0.12546080
vt 0.19042140 0.12677380
vt 0.19042140 0.12546080
vt 0.19042140 0.12808681
vt 0.20162711 0.12939970
vt 0.19042140 0.12939970
vt 0.20162711 0.12808681
vt 0.19042140 0.13071260
vt 0.20162711 0.13071260
vt 0.19042140 0.13202550
vt 0.20162711 0.13202550
vt 0.19042140 0.13333860
vt 0.20162711 0.13465160
vt 0.19042140 0.13465160
vt 0.19602419 0.13596450
vt 0.19042140 0.13596450
vt 0.20162711 0.13333860
vt 0.20162711 0.12677380
vt 0.20162711 0.13596450
vt 0.20162711 0.12546080
vt 0.19415660 0.14646821
vt 0.19042140 0.14778110
vt 0.19042140 0.14646821
vt 0.19602419 0.14778110
vt 0.19042140 0.14909410
vt 0.19602419 0.15040700
vt 0.19789191 0.14646821
vt 0.19042140 0.15172000
vt 0.19042140 0.15040700
vt 0.20162711 0.14909410
vt 0.19042140 0.15303300
vt 0.19602419 0.15172000
vt 0.19602419 0.15303300
vt 0.19042140 0.15434590
vt 0.19602419 0.15434590
vt 0.19415660 0.15697180
vt 0.19042140 0.15565890
vt 0.19602419 0.15565890
vt 0.19042140 0.15697180
vt 0.20162711 0.15040700
vt 0.20162711 0.15172000
vt 0.20162711 0.14778110
vt 0.20162711 0.14646821
vt 0.20162711 0.15303300
vt 0.20162711 0.15434590
vt 0.20162711 0.15565890
vt 0.19789191 0.15697180
vt 0.20162711 0.15697180
vt 0.15236840 0.93631637
vt 0.14676550 0.93762940
vt 0.14676550 0.93631637
vt 0.14676550 0.93894231
vt 0.15797129 0.94025522
vt 0.14676550 0.94025522
vt 0.15797129 0.93894231
vt 0.15797129 0.94156820
vt 0.14676550 0.94156820
vt 0.14676550 0.94288123
vt 0.15797129 0.94288123
vt 0.14676550 0.94550711
vt 0.15797129 0.94419408
vt 0.15797129 0.94550711
vt 0.15236840 0.94682002
vt 0.14676550 0.94682002
vt 0.14676550 0.94419408
vt 0.15797129 0.93762940
vt 0.15797129 0.94682002
vt 0.15797129 0.93631637
vt 0.07954931 0.93631637
vt 0.07394641 0.93762940
vt 0.07394641 0.93631637
vt 0.07394641 0.93894231
vt 0.08515220 0.94025522
vt 0.07394641 0.94025522
vt 0.08515220 0.93894231
vt 0.08515220 0.94156820
vt 0.07394641 0.94156820
vt 0.07394641 0.94288123
vt 0.08515220 0.94288123
vt 0.07394641 0.94550711
vt 0.08515220 0.94419408
vt 0.08515220 0.94550711
vt 0.07954931 0.94682002
vt 0.07394641 0.94682002
vt 0.07394641 0.94419408
vt 0.08515220 0.93762940
vt 0.08515220 0.94682002
vt 0.08515220 0.93631637
vt 0.08728504 0.03996992
vt 0.09963381 0.04232090
vt 0.08728504 0.04232090
vt 0.08728504 0.04467225
vt 0.09963381 0.04702323
vt 0.08728504 0.04702323
vt 0.09963381 0.04937458
vt 0.08728504 0.04937458
vt 0.09963381 0.04467225
vt 0.08728504 0.05172574
vt 0.09963381 0.05407691
vt 0.08728504 0.05407691
vt 0.08728504 0.05642813
vt 0.09345942 0.05642813
vt 0.09963381 0.05172574
vt 0.09345942 0.03761857
vt 0.08728504 0.03761857
vt 0.09963381 0.03996992
vt 0.09963381 0.03761857
vt 0.09963381 0.05642813
vt 0.16530570 0.01959073
vt 0.15833899 0.02448827
vt 0.15833899 0.01959073
vt 0.15833899 0.02938610
vt 0.17227250 0.03428357
vt 0.15833899 0.03428357
vt 0.17227250 0.02938610
vt 0.17227250 0.03918147
vt 0.15833899 0.03918147
vt 0.17227250 0.04407912
vt 0.15833899 0.04407912
vt 0.15833899 0.04897665
vt 0.17227250 0.05387449
vt 0.15833899 0.05387449
vt 0.16530570 0.05877202
vt 0.15833899 0.05877202
vt 0.17227250 0.04897665
vt 0.17227250 0.02448827
vt 0.17227250 0.01959073
vt 0.17227250 0.05877202
vt 0.09059405 0.58621150
vt 0.08665513 0.59741718
vt 0.08665513 0.58621150
vt 0.08271628 0.58621150
vt 0.07877743 0.59741718
vt 0.07877743 0.58621150
vt 0.08271628 0.59741718
vt 0.07483851 0.58621150
vt 0.07089966 0.59741718
vt 0.07089966 0.58621150
vt 0.06696081 0.58621150
vt 0.06302195 0.59741718
vt 0.06302195 0.58621150
vt 0.05908304 0.59741718
vt 0.05908304 0.58621150
vt 0.06696081 0.59741718
vt 0.07483851 0.59741718
vt 0.05514419 0.58621150
vt 0.05120515 0.59741718
vt 0.05120515 0.58621150
vt 0.04726642 0.58621150
vt 0.04332751 0.59741718
vt 0.04332751 0.58621150
vt 0.04726642 0.59741718
vt 0.03938853 0.58621150
vt 0.03544980 0.59741718
vt 0.03544980 0.58621150
vt 0.03151077 0.58621150
vt 0.03151077 0.59181428
vt 0.03938853 0.59741718
vt 0.05514419 0.59741718
vt 0.09453290 0.59181428
vt 0.09453290 0.58621150
vt 0.09059405 0.59741718
vt 0.09453290 0.59741718
vt 0.03151077 0.59741718
vt 0.01873373 0.43300119
vt 0.01873373 0.42739829
vt 0.02240562 0.42739829
vt 0.02622133 0.42739829
vt 0.02240562 0.43860409
vt 0.03431963 0.42739829
vt 0.03018963 0.43860409
vt 0.03018963 0.42739829
vt 0.03860980 0.42739829
vt 0.03431963 0.43860409
vt 0.02622133 0.43860409
vt 0.01873373 0.43860409
vt 0.04289960 0.42739829
vt 0.03860980 0.43860409
vt 0.04718977 0.42739829
vt 0.04289960 0.43860409
vt 0.05147957 0.42739829
vt 0.04718977 0.43860409
vt 0.06005954 0.42739829
vt 0.05576974 0.43860409
vt 0.05576974 0.42739829
vt 0.06863969 0.42739829
vt 0.06434971 0.43860409
vt 0.06434971 0.42739829
vt 0.06005954 0.43860409
vt 0.05147957 0.43860409
vt 0.07625085 0.03761857
vt 0.07007646 0.03996992
vt 0.07007646 0.03761857
vt 0.07007646 0.04232090
vt 0.08242523 0.04467225
vt 0.07007646 0.04467225
vt 0.08242523 0.04232090
vt 0.08242523 0.04702323
vt 0.07007646 0.04702323
vt 0.08242523 0.04937458
vt 0.07007646 0.04937458
vt 0.07007646 0.05172574
vt 0.08242523 0.05407691
vt 0.07007646 0.05407691
vt 0.07625085 0.05642813
vt 0.07007646 0.05642813
vt 0.08242523 0.05172574
vt 0.08242523 0.03996992
vt 0.08242523 0.05642813
vt 0.08242523 0.03761857
vt 0.14603689 0.01959073
vt 0.13907009 0.02448827
vt 0.13907009 0.01959073
vt 0.13907009 0.02938610
vt 0.15300360 0.03428357
vt 0.13907009 0.03428357
vt 0.15300360 0.02938610
vt 0.15300360 0.03918147
vt 0.13907009 0.03918147
vt 0.15300360 0.04407912
vt 0.13907009 0.04407912
vt 0.13907009 0.04897665
vt 0.15300360 0.05387449
vt 0.13907009 0.05387449
vt 0.14603689 0.05877202
vt 0.13907009 0.05877202
vt 0.15300360 0.04897665
vt 0.15300360 0.02448827
vt 0.15300360 0.01959073
vt 0.15300360 0.05877202
vt 0.09059405 0.30625460
vt 0.08665513 0.31746039
vt 0.08665513 0.30625460
vt 0.08271628 0.30625460
vt 0.07877743 0.31746039
vt 0.07877743 0.30625460
vt 0.08271628 0.31746039
vt 0.07483851 0.30625460
vt 0.07089966 0.31746039
vt 0.07089966 0.30625460
vt 0.06696081 0.30625460
vt 0.06302195 0.31746039
vt 0.06302195 0.30625460
vt 0.05908304 0.31746039
vt 0.05908304 0.30625460
vt 0.06696081 0.31746039
vt 0.07483851 0.31746039
vt 0.05514419 0.30625460
vt 0.05120515 0.31746039
vt 0.05120515 0.30625460
vt 0.04726642 0.30625460
vt 0.04332751 0.31746039
vt 0.04332751 0.30625460
vt 0.04726642 0.31746039
vt 0.03938853 0.30625460
vt 0.03544980 0.31746039
vt 0.03544980 0.30625460
vt 0.03151077 0.30625460
vt 0.03151077 0.31185749
vt 0.03938853 0.31746039
vt 0.05514419 0.31746039
vt 0.09453290 0.31185749
vt 0.09453290 0.30625460
vt 0.09059405 0.31746039
vt 0.09453290 0.31746039
vt 0.03151077 0.31746039
vt 0.01873373 0.44646159
vt 0.01873373 0.44085869
vt 0.02240562 0.44085869
vt 0.02622133 0.44085869
vt 0.02263039 0.45206451
vt 0.03431963 0.44085869
vt 0.03042334 0.45206451
vt 0.03018963 0.44085869
vt 0.03860980 0.44085869
vt 0.03431963 0.45206451
vt 0.02652668 0.45206451
vt 0.01873373 0.45206451
vt 0.04289960 0.44085869
vt 0.03860980 0.45206451
vt 0.04718977 0.44085869
vt 0.04289960 0.45206451
vt 0.05147957 0.44085869
vt 0.04718977 0.45206451
vt 0.06005954 0.44085869
vt 0.05576974 0.45206451
vt 0.05576974 0.44085869
vt 0.06863969 0.44085869
vt 0.06434971 0.45206451
vt 0.06434971 0.44085869
vt 0.06005954 0.45206451
vt 0.05147957 0.45206451
vt 0.49201629 0.57312357
vt 0.52106100 0.57312357
vt 0.52106100 0.60547560
vt 0.37583739 0.76723540
vt 0.37583739 0.79958743
vt 0.34679270 0.79958743
vt 0.40488210 0.83193928
vt 0.37583739 0.83193928
vt 0.34679270 0.83193928
vt 0.40488210 0.86429131
vt 0.37583739 0.86429131
vt 0.34679270 0.86429131
vt 0.37583739 0.89664328
vt 0.57553679 0.55807978
vt 0.57679611 0.56079972
vt 0.56647283 0.56785262
vt 0.57777512 0.56356019
vt 0.57892698 0.56905341
vt 0.56768888 0.56996918
vt 0.57848090 0.56632298
vt 0.56795877 0.57239163
vt 0.56781667 0.54842699
vt 0.57011682 0.55057633
vt 0.56250513 0.56584561
vt 0.57218498 0.55292702
vt 0.56468159 0.56647313
vt 0.57399708 0.55544168
vt 0.57913452 0.57181168
vt 0.57879353 0.57757318
vt 0.57909709 0.57466191
vt 0.57820791 0.58050990
vt 0.56732732 0.57455409
vt 0.57733029 0.58343220
vt 0.56593901 0.57633382
vt 0.57615888 0.58629757
vt 0.57469988 0.58906311
vt 0.57296813 0.59168631
vt 0.56380868 0.57754213
vt 0.56878501 0.59635693
vt 0.57098651 0.59412879
vt 0.56639951 0.59834367
vt 0.56137061 0.57781041
vt 0.55986571 0.54347658
vt 0.56006712 0.56611383
vt 0.55700010 0.54238462
vt 0.56265211 0.54485542
vt 0.56531602 0.54651147
vt 0.55793691 0.56732208
vt 0.55409747 0.54158062
vt 0.55119908 0.54105812
vt 0.54834169 0.54080391
vt 0.54555780 0.54079932
vt 0.52541637 0.54163069
vt 0.50527507 0.54246211
vt 0.56123590 0.60152477
vt 0.56386930 0.60007012
vt 0.55919421 0.57718283
vt 0.55654848 0.56910193
vt 0.55591702 0.57126433
vt 0.55311543 0.60426468
vt 0.55740303 0.57580340
vt 0.55618691 0.57368678
vt 0.54715067 0.60657263
vt 0.54903370 0.60557508
vt 0.55854023 0.60270500
vt 0.55582142 0.60361469
vt 0.55103552 0.60479963
vt 0.54542148 0.60776508
vt 0.54252321 0.61059701
vt 0.54044533 0.61377460
vt 0.49884301 0.62406898
vt 0.52936882 0.63539231
vt 0.51863700 0.64461929
vt 0.51804489 0.64424849
vt 0.51739478 0.64399087
vt 0.51994950 0.64646268
vt 0.51962942 0.64574611
vt 0.52011502 0.64722919
vt 0.51997972 0.64872062
vt 0.52012050 0.64799690
vt 0.51829243 0.65701002
vt 0.51972049 0.64936650
vt 0.51917928 0.64512217
vt 0.51821321 0.65094078
vt 0.51884121 0.65049362
vt 0.51934731 0.64995468
vt 0.51749212 0.65125883
vt 0.51672047 0.65142328
vt 0.51666647 0.64385110
vt 0.51589388 0.64385653
vt 0.49886170 0.62669522
vt 0.49838009 0.62917078
vt 0.51440120 0.64433903
vt 0.51377320 0.64478618
vt 0.51512241 0.64402097
vt 0.49827680 0.62144661
vt 0.49749339 0.63138062
vt 0.51289392 0.64591342
vt 0.51326710 0.64532512
vt 0.51397741 0.65066051
vt 0.51456952 0.65103132
vt 0.50721592 0.67862773
vt 0.51343513 0.65015769
vt 0.51594788 0.65142882
vt 0.51521963 0.65128893
vt 0.51263469 0.64655930
vt 0.51249391 0.64728302
vt 0.51298499 0.64953381
vt 0.48717180 0.65152502
vt 0.51266491 0.64881718
vt 0.51249939 0.64805061
vt 0.49718180 0.61899519
vt 0.45489851 0.55812258
vt 0.46499249 0.54412478
vt 0.48513380 0.54329342
vt 0.47929570 0.61418140
vt 0.44480461 0.57212031
vt 0.48953709 0.61299068
vt 0.48704541 0.61251217
vt 0.47714740 0.61571139
vt 0.43471071 0.58611810
vt 0.43015859 0.59282541
vt 0.43026379 0.59246498
vt 0.43376771 0.58705109
vt 0.43250260 0.58764738
vt 0.43154681 0.58790863
vt 0.43063220 0.58969361
vt 0.43021879 0.59206122
vt 0.48440230 0.61253089
vt 0.49176109 0.61387181
vt 0.49378660 0.61514032
vt 0.49564201 0.61686063
vt 0.48176301 0.61309338
vt 0.47413930 0.61956739
vt 0.47541600 0.61755490
vt 0.46381769 0.63971180
vt 0.42985961 0.59317619
vt 0.43001610 0.59170848
vt 0.42971760 0.59147853
vt 0.42034319 0.60977429
vt 0.42939779 0.59336323
vt 0.41675031 0.60795689
vt 0.42029431 0.60104018
vt 0.41854680 0.60886562
vt 0.42383829 0.59412348
vt 0.42275980 0.63880563
vt 0.42171499 0.63800091
vt 0.41851410 0.61334419
vt 0.41942871 0.61155921
vt 0.42044541 0.63763481
vt 0.42346931 0.64004028
vt 0.40887091 0.62333488
vt 0.41671771 0.61243552
vt 0.41492119 0.61152679
vt 0.41778049 0.63849622
vt 0.40282071 0.63514310
vt 0.41559881 0.64221168
vt 0.41697070 0.63953429
vt 0.41902319 0.63779128
vt 0.42362669 0.64145333
vt 0.45349619 0.65985632
vt 0.42234370 0.64449972
vt 0.42325830 0.64271480
vt 0.42142919 0.64628470
vt 0.44317460 0.68000072
vt 0.41970471 0.64910781
vt 0.42051461 0.64806962
vt 0.41385850 0.64615059
vt 0.39677039 0.64695108
vt 0.41422701 0.64488912
vt 0.41472539 0.64879841
vt 0.41401601 0.64756370
vt 0.39072019 0.65875930
vt 0.41577029 0.64960313
vt 0.47685021 0.67166948
vt 0.49613941 0.70024550
vt 0.46652859 0.69181389
vt 0.48506290 0.72186321
vt 0.45620701 0.71195841
vt 0.47398651 0.74348092
vt 0.44588539 0.73210281
vt 0.41703990 0.64996910
vt 0.41846210 0.64981258
vt 0.43285301 0.70014513
vt 0.38466999 0.67056739
vt 0.42253140 0.72028953
vt 0.41220981 0.74043399
vt 0.37773809 0.72928852
vt 0.37861970 0.68237561
vt 0.37702921 0.72805482
vt 0.37256950 0.69418371
vt 0.37598521 0.72725081
vt 0.37471661 0.72688502
vt 0.36651921 0.70599180
vt 0.36046901 0.71779990
vt 0.37329549 0.72704130
vt 0.37205380 0.72774571
vt 0.37124449 0.72878301
vt 0.36987260 0.73146039
vt 0.37789550 0.73070061
vt 0.37752739 0.73196107
vt 0.37615550 0.73463851
vt 0.40188819 0.76057839
vt 0.37478361 0.73731589
vt 0.37397441 0.73835331
vt 0.36850080 0.73413777
vt 0.35441881 0.72960812
vt 0.36813271 0.73539841
vt 0.36899889 0.73804408
vt 0.34836850 0.74141622
vt 0.36829001 0.73681033
vt 0.37004289 0.73884821
vt 0.45356101 0.76701260
vt 0.46291000 0.76509857
vt 0.45652401 0.76890761
vt 0.45607391 0.76828372
vt 0.45553151 0.76778090
vt 0.45684400 0.76962417
vt 0.45700961 0.77039081
vt 0.45701501 0.77115840
vt 0.45428941 0.76715249
vt 0.45278841 0.76701808
vt 0.45493940 0.76740998
vt 0.43556389 0.75224721
vt 0.45201701 0.76718253
vt 0.45687431 0.77188212
vt 0.45661500 0.77252799
vt 0.45183349 0.78671640
vt 0.45573580 0.77365512
vt 0.45624191 0.77311629
vt 0.45510781 0.77410239
vt 0.45146409 0.77419293
vt 0.45211419 0.77445042
vt 0.45284250 0.77459031
vt 0.45361510 0.77458477
vt 0.45438659 0.77442038
vt 0.45087200 0.77382213
vt 0.45066771 0.76794767
vt 0.45016161 0.76848662
vt 0.45129570 0.76750052
vt 0.42524230 0.77239162
vt 0.44987950 0.77269530
vt 0.44978851 0.76907492
vt 0.44952929 0.76972091
vt 0.44938850 0.77044451
vt 0.44939399 0.77121222
vt 0.44955951 0.77197868
vt 0.45032969 0.77331918
vt 0.42396560 0.77440423
vt 0.44075701 0.80833411
vt 0.42223421 0.77624762
vt 0.40488210 0.79958743
vt 0.41761860 0.77886558
vt 0.44013330 0.81965393
vt 0.43485290 0.82467711
vt 0.43954811 0.81769568
vt 0.43298319 0.82350618
vt 0.43925670 0.81568849
vt 0.42008591 0.77777767
vt 0.43953049 0.81177551
vt 0.42619041 0.82226843
vt 0.44004431 0.80997658
vt 0.43925709 0.81369561
vt 0.43093020 0.82269287
vt 0.42863020 0.82225120
vt 0.44099510 0.82150072
vt 0.44209990 0.82318169
vt 0.44422191 0.82672471
vt 0.43798700 0.82823551
vt 0.44498211 0.82869852
vt 0.43899769 0.83049828
vt 0.44579259 0.83286989
vt 0.43952030 0.83291900
vt 0.44551009 0.83076072
vt 0.44582641 0.83498311
vt 0.43656549 0.82626498
vt 0.43953770 0.83534312
vt 0.44518411 0.83905619
vt 0.43909311 0.83762830
vt 0.44363701 0.84288168
vt 0.44118950 0.84634793
vt 0.43709609 0.84152591
vt 0.44251901 0.84467977
vt 0.43827450 0.83966810
vt 0.43967339 0.84785068
vt 0.43351480 0.84463978
vt 0.43549779 0.84322751
vt 0.43800330 0.84915942
vt 0.43123731 0.84564412
vt 0.43435481 0.85112327
vt 0.42147669 0.82379192
vt 0.42375419 0.82278770
vt 0.41671690 0.82876360
vt 0.41789541 0.82690591
vt 0.41949359 0.82520431
vt 0.41599381 0.83793342
vt 0.41547111 0.83551282
vt 0.41545391 0.83308858
vt 0.41589841 0.83080339
vt 0.42880109 0.84616327
vt 0.43212399 0.85225493
vt 0.43009940 0.85378802
vt 0.42838499 0.85565752
vt 0.42636120 0.84618062
vt 0.42705500 0.85776627
vt 0.42406121 0.84573889
vt 0.42013860 0.84375471
vt 0.41842601 0.84216672
vt 0.41700450 0.84019631
vt 0.42200831 0.84492552
vt 0.41699481 0.87740082
vt 0.40100139 0.76278818
vt 0.40051991 0.76526380
vt 0.40053859 0.76788998
vt 0.33894640 0.76863480
vt 0.33986101 0.76684982
vt 0.37273261 0.73905760
vt 0.37131160 0.73921400
vt 0.33806449 0.76594120
vt 0.34231821 0.75322431
vt 0.33626801 0.76503241
vt 0.40110481 0.77051240
vt 0.40762049 0.77808720
vt 0.40984449 0.77896827
vt 0.40559500 0.77681869
vt 0.41233620 0.77944678
vt 0.41497931 0.77942812
vt 0.40373960 0.77509838
vt 0.40219980 0.77296382
vt 0.33230320 0.82069141
vt 0.33803180 0.77041978
vt 0.33623540 0.76951110
vt 0.32975170 0.77775019
vt 0.33443889 0.76860237
vt 0.33195761 0.79137218
vt 0.33209249 0.79258341
vt 0.33134949 0.79031390
vt 0.32506451 0.78689808
vt 0.32775921 0.78826112
vt 0.33045390 0.78962421
vt 0.33177671 0.79366469
vt 0.33138201 0.81914192
vt 0.33016801 0.79633951
vt 0.33086219 0.79544961
vt 0.33300340 0.82421821
vt 0.33276111 0.82593060
vt 0.33285731 0.82242739
vt 0.31774801 0.80117768
vt 0.32140630 0.79403788
vt 0.32410091 0.79540092
vt 0.32788381 0.79707772
vt 0.32910290 0.79694360
vt 0.32679561 0.79676402
vt 0.40605071 0.89918327
vt 0.40551811 0.90157551
vt 0.40693441 0.89703530
vt 0.40615839 0.91330957
vt 0.40579820 0.90670907
vt 0.40628761 0.91003323
vt 0.40547359 0.91638517
vt 0.40541759 0.90412390
vt 0.39012709 0.92888987
vt 0.40433741 0.91914707
vt 0.36322960 0.89422071
vt 0.40256971 0.92193371
vt 0.40017229 0.92448622
vt 0.39719769 0.92660463
vt 0.39378151 0.92811102
vt 0.38646740 0.92891568
vt 0.37138489 0.91781300
vt 0.37295711 0.92079240
vt 0.37500301 0.92337132
vt 0.37738061 0.92546183
vt 0.37993801 0.92703331
vt 0.38301751 0.92825317
vt 0.36990359 0.91386151
vt 0.33166140 0.85008341
vt 0.33590299 0.86456507
vt 0.33408159 0.85985798
vt 0.33266321 0.85501361
vt 0.33810571 0.86908621
vt 0.34066039 0.87337762
vt 0.34353131 0.87740117
vt 0.33115599 0.83529961
vt 0.33091620 0.84017551
vt 0.33177969 0.83053768
vt 0.33108059 0.84512001
vt 0.36504409 0.89629197
vt 0.36707151 0.90157622
vt 0.36637199 0.89880598
vt 0.36774141 0.90571630
vt 0.36868659 0.90982038
vt 0.34667769 0.88112622
vt 0.35005581 0.88452941
vt 0.35361990 0.88759512
vt 0.35732469 0.89031559
vt 0.36112601 0.89269000
vt 0.65409118 0.54125333
vt 0.66162813 0.55918801
vt 0.65409118 0.55918801
vt 0.64655429 0.54125333
vt 0.64655429 0.55918801
vt 0.63901740 0.54125333
vt 0.63901740 0.55918801
vt 0.63148052 0.54125333
vt 0.63148052 0.55918801
vt 0.66162813 0.57712281
vt 0.65409118 0.57712281
vt 0.64655429 0.57712281
vt 0.63901740 0.57712281
vt 0.63148052 0.57712281
vt 0.66916507 0.59505761
vt 0.66162813 0.59505761
vt 0.65409118 0.59505761
vt 0.64655429 0.59505761
vt 0.63901740 0.59505761
vt 0.63148052 0.59505761
vt 0.62394351 0.57712281
vt 0.62394351 0.59505761
vt 0.66916507 0.61299241
vt 0.66162813 0.61299241
vt 0.65409118 0.61299241
vt 0.64655429 0.61299241
vt 0.63901740 0.61299241
vt 0.63148052 0.61299241
vt 0.62394351 0.61299241
vt 0.66916507 0.63092721
vt 0.66162813 0.63092721
vt 0.65409118 0.63092721
vt 0.64655429 0.63092721
vt 0.63901740 0.63092721
vt 0.63148052 0.63092721
vt 0.62394351 0.63092721
vt 0.66916507 0.64886200
vt 0.66162813 0.64886200
vt 0.65409118 0.64886200
vt 0.64655429 0.64886200
vt 0.63901740 0.64886200
vt 0.63148052 0.64886200
vt 0.62394351 0.64886200
vt 0.66162813 0.66679680
vt 0.65409118 0.66679680
vt 0.64655429 0.66679680
vt 0.63901740 0.66679680
vt 0.63148052 0.66679680
vt 0.66162813 0.68473160
vt 0.65409118 0.68473160
vt 0.64655429 0.68473160
vt 0.63901740 0.68473160
vt 0.63148052 0.68473160
vt 0.66162813 0.70266640
vt 0.65409118 0.70266640
vt 0.64655429 0.70266640
vt 0.63901740 0.70266640
vt 0.63148052 0.70266640
vt 0.62394351 0.68473160
vt 0.62394351 0.70266640
vt 0.66162813 0.72060108
vt 0.65409118 0.72060108
vt 0.64655429 0.72060108
vt 0.63901740 0.72060108
vt 0.63148052 0.72060108
vt 0.66916507 0.73853588
vt 0.66162813 0.73853588
vt 0.65409118 0.73853588
vt 0.64655429 0.73853588
vt 0.63901740 0.73853588
vt 0.63148052 0.73853588
vt 0.67670202 0.53110701
vt 0.67268229 0.53889543
vt 0.67670202 0.52331853
vt 0.67670202 0.53889543
vt 0.67469209 0.53889543
vt 0.67194247 0.53903657
vt 0.67126107 0.53948420
vt 0.66464287 0.52331853
vt 0.67081362 0.54016560
vt 0.67670202 0.55621183
vt 0.67469209 0.54291528
vt 0.67670202 0.54291528
vt 0.66952640 0.56326908
vt 0.67194247 0.54277420
vt 0.67268229 0.54291528
vt 0.66162813 0.54125333
vt 0.67067242 0.54090542
vt 0.67081362 0.54164523
vt 0.66907883 0.56258768
vt 0.67126107 0.54232663
vt 0.66839749 0.56214011
vt 0.65258378 0.52331853
vt 0.66765767 0.56199902
vt 0.66691792 0.56214011
vt 0.64052480 0.52331853
vt 0.66966748 0.56400889
vt 0.67670202 0.56950831
vt 0.66952640 0.56474882
vt 0.66623652 0.56258768
vt 0.66564780 0.56400889
vt 0.66578901 0.56474882
vt 0.66578901 0.56326908
vt 0.66916507 0.57712281
vt 0.67670202 0.58280468
vt 0.67670202 0.60939771
vt 0.67670202 0.59610122
vt 0.66839749 0.56587768
vt 0.66907883 0.56543022
vt 0.67670202 0.62269419
vt 0.67670202 0.63599068
vt 0.66952640 0.66376573
vt 0.67670202 0.64928710
vt 0.67670202 0.66258359
vt 0.66952640 0.66524541
vt 0.66966748 0.66450560
vt 0.66907883 0.66308433
vt 0.66907883 0.66592681
vt 0.66916507 0.66679680
vt 0.66765767 0.56601882
vt 0.66839749 0.66263682
vt 0.66765767 0.66249561
vt 0.66691792 0.66263682
vt 0.66623652 0.56543022
vt 0.66691792 0.56587768
vt 0.66623652 0.66308433
vt 0.66839749 0.66637439
vt 0.66578901 0.66376573
vt 0.66564780 0.66450560
vt 0.66578901 0.66524541
vt 0.66623652 0.66592681
vt 0.67670202 0.67588007
vt 0.62394351 0.55918801
vt 0.62619072 0.56214011
vt 0.62229502 0.54164523
vt 0.62229502 0.54016560
vt 0.62846571 0.52331853
vt 0.62545091 0.56199902
vt 0.62471110 0.56214011
vt 0.62687212 0.56258768
vt 0.62731957 0.56326908
vt 0.62731957 0.56474882
vt 0.62746078 0.56400889
vt 0.62402982 0.56258768
vt 0.62358218 0.56326908
vt 0.62687212 0.56543022
vt 0.61640662 0.55621183
vt 0.61640662 0.52331853
vt 0.62116611 0.53903657
vt 0.62042630 0.53889543
vt 0.62184751 0.53948420
vt 0.61640662 0.53110701
vt 0.61841643 0.53889543
vt 0.61640662 0.53889543
vt 0.62243623 0.54090542
vt 0.62184751 0.54232663
vt 0.62116611 0.54277420
vt 0.62344110 0.56400889
vt 0.62042630 0.54291528
vt 0.61640662 0.54291528
vt 0.61841643 0.54291528
vt 0.61640662 0.56950831
vt 0.62358218 0.56474882
vt 0.62619072 0.56587768
vt 0.62545091 0.56601882
vt 0.62687212 0.66308433
vt 0.62619072 0.66263682
vt 0.62402982 0.56543022
vt 0.62471110 0.56587768
vt 0.62545091 0.66249561
vt 0.62731957 0.66376573
vt 0.62746078 0.66450560
vt 0.62402982 0.66592681
vt 0.62394351 0.66679680
vt 0.62358218 0.66524541
vt 0.62619072 0.66637439
vt 0.62687212 0.66592681
vt 0.62471110 0.66263682
vt 0.62731957 0.66524541
vt 0.61640662 0.58280468
vt 0.61640662 0.60939771
vt 0.61640662 0.59610122
vt 0.61640662 0.62269419
vt 0.61640662 0.63599068
vt 0.62358218 0.66376573
vt 0.62402982 0.66308433
vt 0.62344110 0.66450560
vt 0.61640662 0.66258359
vt 0.61640662 0.64928710
vt 0.61640662 0.67588007
vt 0.62471110 0.66637439
vt 0.66916507 0.68473160
vt 0.67670202 0.68917662
vt 0.67670202 0.70247310
vt 0.66852152 0.70275342
vt 0.66807389 0.70207202
vt 0.66866261 0.70349318
vt 0.67268229 0.71576953
vt 0.66739261 0.70162439
vt 0.67469209 0.71576953
vt 0.67194247 0.71591061
vt 0.66852152 0.70423311
vt 0.67126107 0.71635830
vt 0.66807389 0.70491451
vt 0.67081362 0.71703959
vt 0.67670202 0.71576953
vt 0.66739261 0.70536202
vt 0.66916507 0.72060108
vt 0.66765767 0.66651553
vt 0.66665268 0.70148331
vt 0.66591293 0.70162439
vt 0.66691792 0.66637439
vt 0.66523159 0.70207202
vt 0.66665268 0.70550323
vt 0.66591293 0.70536202
vt 0.66464287 0.70349318
vt 0.66478401 0.70275342
vt 0.66478401 0.70423311
vt 0.66523159 0.70491451
vt 0.67067242 0.71777952
vt 0.67670202 0.73009032
vt 0.67469209 0.71978939
vt 0.67670202 0.71978939
vt 0.67268229 0.74039119
vt 0.67194247 0.71964830
vt 0.67268229 0.71978939
vt 0.67081362 0.71851927
vt 0.67126107 0.71920067
vt 0.67670202 0.75647068
vt 0.67268229 0.74843091
vt 0.67670202 0.74843091
vt 0.67268229 0.74441111
vt 0.66162813 0.74702269
vt 0.66464287 0.75647068
vt 0.66141647 0.74813253
vt 0.67670202 0.74039119
vt 0.66141647 0.74591291
vt 0.66074520 0.74489093
vt 0.65972310 0.74421948
vt 0.65861338 0.74400783
vt 0.65750372 0.74421948
vt 0.65648162 0.74489093
vt 0.66074520 0.74915463
vt 0.65861338 0.75003761
vt 0.65972310 0.74982589
vt 0.65581018 0.74591291
vt 0.65750372 0.74982589
vt 0.65258378 0.75647068
vt 0.65648162 0.74915463
vt 0.65581018 0.74813253
vt 0.65559858 0.74702269
vt 0.62394351 0.72060108
vt 0.62545091 0.66651553
vt 0.61640662 0.68917662
vt 0.62719572 0.72172368
vt 0.62787700 0.72217131
vt 0.62645590 0.72158259
vt 0.62846571 0.72359252
vt 0.62832463 0.72285271
vt 0.62458712 0.72285271
vt 0.62503457 0.72217131
vt 0.62571597 0.72172368
vt 0.62832463 0.72433239
vt 0.62444597 0.72359252
vt 0.61640662 0.70247310
vt 0.62042630 0.71576953
vt 0.61841643 0.71576953
vt 0.62116611 0.71591061
vt 0.62184751 0.71635830
vt 0.61640662 0.71576953
vt 0.62243623 0.71777952
vt 0.62229502 0.71703959
vt 0.62184751 0.71920067
vt 0.62229502 0.71851927
vt 0.62458712 0.72433239
vt 0.62394351 0.73853588
vt 0.62116611 0.71964830
vt 0.61640662 0.73201650
vt 0.61841643 0.71978939
vt 0.62042630 0.71978939
vt 0.61640662 0.71978939
vt 0.64734751 0.74591291
vt 0.64667618 0.74489093
vt 0.64755923 0.74702269
vt 0.64565420 0.74421948
vt 0.64454442 0.74400783
vt 0.64343470 0.74421948
vt 0.64241272 0.74489093
vt 0.64734751 0.74813253
vt 0.64565420 0.74982589
vt 0.64667618 0.74915463
vt 0.64052480 0.75647068
vt 0.64454442 0.75003761
vt 0.64343470 0.74982589
vt 0.64241272 0.74915463
vt 0.64174128 0.74591291
vt 0.62787700 0.72501379
vt 0.62645590 0.72560251
vt 0.62571597 0.72546142
vt 0.62719572 0.72546142
vt 0.62503457 0.72501379
vt 0.64152968 0.74702269
vt 0.64174128 0.74813253
vt 0.62846571 0.75647068
vt 0.61640662 0.74424362
vt 0.61640662 0.75647068
vt 0.73259020 0.11601570
vt 0.76308829 0.14998651
vt 0.73259020 0.14998651
vt 0.70209217 0.11601570
vt 0.70209217 0.14998651
vt 0.76308829 0.18395720
vt 0.73259020 0.18395720
vt 0.70209217 0.18395720
vt 0.73259020 0.21792790
vt 0.88508052 0.38778180
vt 0.88508052 0.42175260
vt 0.85458243 0.42175260
vt 0.80004609 0.13366580
vt 0.80230582 0.13619161
vt 0.79691422 0.13992020
vt 0.80400163 0.13891180
vt 0.79815161 0.14187090
vt 0.79901111 0.14401279
vt 0.80497468 0.14115420
vt 0.80567610 0.14361019
vt 0.79947782 0.14641230
vt 0.79169321 0.12865430
vt 0.79403567 0.12984250
vt 0.79076219 0.13559590
vt 0.79725689 0.13149831
vt 0.79315370 0.13665050
vt 0.79523587 0.13813350
vt 0.80605000 0.14895220
vt 0.80604941 0.14623150
vt 0.80565202 0.15169260
vt 0.79945970 0.14895789
vt 0.80367661 0.15688729
vt 0.79891092 0.15149960
vt 0.80485320 0.15436600
vt 0.80216831 0.15918230
vt 0.79784960 0.15387569
vt 0.79635698 0.15594471
vt 0.79455870 0.15761210
vt 0.79954702 0.16469011
vt 0.79259551 0.15884160
vt 0.80106640 0.16084430
vt 0.79043972 0.15969560
vt 0.79920512 0.16677590
vt 0.78564209 0.13503250
vt 0.78776717 0.12508149
vt 0.78956741 0.12704460
vt 0.78322709 0.13549639
vt 0.78637058 0.12286710
vt 0.78820401 0.13505070
vt 0.76524329 0.08163332
vt 0.77228582 0.09537792
vt 0.75178123 0.07918536
vt 0.78107142 0.13635039
vt 0.77910811 0.13757990
vt 0.77932823 0.10912250
vt 0.76308829 0.11601570
vt 0.78051323 0.15854160
vt 0.77843088 0.15705851
vt 0.78546280 0.16014130
vt 0.78290462 0.15959600
vt 0.77581728 0.14131621
vt 0.77475601 0.14369240
vt 0.77730978 0.13924740
vt 0.77675271 0.15527180
vt 0.77551532 0.15332100
vt 0.77465582 0.15117911
vt 0.77418900 0.14877960
vt 0.77420717 0.14623420
vt 0.81238902 0.19747220
vt 0.81648648 0.21118701
vt 0.81582707 0.21071739
vt 0.81701791 0.21175280
vt 0.81740981 0.21237060
vt 0.82401967 0.22017160
vt 0.81768203 0.21304880
vt 0.81782979 0.21380870
vt 0.81344843 0.21020509
vt 0.81425971 0.21021080
vt 0.81506979 0.21038350
vt 0.81268370 0.21035200
vt 0.81200111 0.21062240
vt 0.81137937 0.21101169
vt 0.81080991 0.21153980
vt 0.81765032 0.21541961
vt 0.81782401 0.21461479
vt 0.81731421 0.21617199
vt 0.81627202 0.21735530
vt 0.81684148 0.21682720
vt 0.81565040 0.21774460
vt 0.81116492 0.21718000
vt 0.79530531 0.23366611
vt 0.81063348 0.21661410
vt 0.81420302 0.21816190
vt 0.81496769 0.21801500
vt 0.81182432 0.21764959
vt 0.80614328 0.25481859
vt 0.81339169 0.21815620
vt 0.81258160 0.21798350
vt 0.80017787 0.16269450
vt 0.80075830 0.17477269
vt 0.79997218 0.17294221
vt 0.79943001 0.17096430
vt 0.78802472 0.16015939
vt 0.79916722 0.16888890
vt 0.77646202 0.20571581
vt 0.77091533 0.20510560
vt 0.77369070 0.20512520
vt 0.76829898 0.20560800
vt 0.77905267 0.20685820
vt 0.78446722 0.21251380
vt 0.81033731 0.21219490
vt 0.81000119 0.21294740
vt 0.81024158 0.21599650
vt 0.80996943 0.21531820
vt 0.78130859 0.20846480
vt 0.80982739 0.21375220
vt 0.80982172 0.21455830
vt 0.78312659 0.21040051
vt 0.76596367 0.20653319
vt 0.76066011 0.05548900
vt 0.75645977 0.05868721
vt 0.75814283 0.05280882
vt 0.76251632 0.05841487
vt 0.75780040 0.06080049
vt 0.75873148 0.06312084
vt 0.76376712 0.06150043
vt 0.75464177 0.05675143
vt 0.75143218 0.04900240
vt 0.74979532 0.05400258
vt 0.74759501 0.04818469
vt 0.75501943 0.05058413
vt 0.75238591 0.05514490
vt 0.74702388 0.05341190
vt 0.74375212 0.04815757
vt 0.75923717 0.06572037
vt 0.76446128 0.06480860
vt 0.76455241 0.06818670
vt 0.75921750 0.06847798
vt 0.76405019 0.07147532
vt 0.76373053 0.07666057
vt 0.75747317 0.07380563
vt 0.76365972 0.07403320
vt 0.75862300 0.07123154
vt 0.76427042 0.07923358
vt 0.75585628 0.07604700
vt 0.75390810 0.07785344
vt 0.74163222 0.05389457
vt 0.74012947 0.04885309
vt 0.74424851 0.05339235
vt 0.73689598 0.05013430
vt 0.73929691 0.05481994
vt 0.73716998 0.05615168
vt 0.73171413 0.05397933
vt 0.73421061 0.05178421
vt 0.73522180 0.05795830
vt 0.72956580 0.05668735
vt 0.73360491 0.06019949
vt 0.72791499 0.05981588
vt 0.73245507 0.06277376
vt 0.72409147 0.07250577
vt 0.73234659 0.07088446
vt 0.73327768 0.07320481
vt 0.72125691 0.08241373
vt 0.72265118 0.07977402
vt 0.73643643 0.07725375
vt 0.73461831 0.07531809
vt 0.72338557 0.07686519
vt 0.73184091 0.06828492
vt 0.72508591 0.06819248
vt 0.72636348 0.06395345
vt 0.73186058 0.06552731
vt 0.73869222 0.07886034
vt 0.74128288 0.08000272
vt 0.74405420 0.08059340
vt 0.74682963 0.08061301
vt 0.74944592 0.08011054
vt 0.71935159 0.08458870
vt 0.71714270 0.08619594
vt 0.70926100 0.09154582
vt 0.71315122 0.08868920
vt 0.70551860 0.09476500
vt 0.70197147 0.09833836
vt 0.76188862 0.20967160
vt 0.76383680 0.20786510
vt 0.76027173 0.21191290
vt 0.75912189 0.21448700
vt 0.69866759 0.10224980
vt 0.75852740 0.21724060
vt 0.75850773 0.21999820
vt 0.69385332 0.21645860
vt 0.69739389 0.23264021
vt 0.69481361 0.21833280
vt 0.68620378 0.13093451
vt 0.68686217 0.16183130
vt 0.69297051 0.11098080
vt 0.69565308 0.10647460
vt 0.68874502 0.12067080
vt 0.69065762 0.11572810
vt 0.68735862 0.15629581
vt 0.68632799 0.15145820
vt 0.68761402 0.15813079
vt 0.68559390 0.13614620
vt 0.68725580 0.12575760
vt 0.68567312 0.14645810
vt 0.68542141 0.14133810
vt 0.69289303 0.21458431
vt 0.68327820 0.20509090
vt 0.69100660 0.21553850
vt 0.69292730 0.21928699
vt 0.69104087 0.22024120
vt 0.68744969 0.16002350
vt 0.68591040 0.16342419
vt 0.67743617 0.19368909
vt 0.67159420 0.18228731
vt 0.68912017 0.21649270
vt 0.75901341 0.22259770
vt 0.88217318 0.33366880
vt 0.88394499 0.34237301
vt 0.88367277 0.34169480
vt 0.89380401 0.35636821
vt 0.88409281 0.34313291
vt 0.88391328 0.34474391
vt 0.88408709 0.34393901
vt 0.88357723 0.34549630
vt 0.88052279 0.33953500
vt 0.88133287 0.33970770
vt 0.88209021 0.34004161
vt 0.87971151 0.33952931
vt 0.88274962 0.34051129
vt 0.88328099 0.34107700
vt 0.88310462 0.34615150
vt 0.90925932 0.38417330
vt 0.91092879 0.38558340
vt 0.90777302 0.38259321
vt 0.91468638 0.38778219
vt 0.92196387 0.42116129
vt 0.91275030 0.38679370
vt 0.88191342 0.34706879
vt 0.88253510 0.34667951
vt 0.88123077 0.34733930
vt 0.90543473 0.37906760
vt 0.86175072 0.36825809
vt 0.88046598 0.34748611
vt 0.87965471 0.34748039
vt 0.92324090 0.41893879
vt 0.91873872 0.38905340
vt 0.87826413 0.33994660
vt 0.87764239 0.34033599
vt 0.87894678 0.33967620
vt 0.84949547 0.33942819
vt 0.87054253 0.31096941
vt 0.87707287 0.34086400
vt 0.83865738 0.31827581
vt 0.85891181 0.28826991
vt 0.87660033 0.34151921
vt 0.87626421 0.34227160
vt 0.86033362 0.36058059
vt 0.87623250 0.34464240
vt 0.87650472 0.34532070
vt 0.87609053 0.34307650
vt 0.87608469 0.34388259
vt 0.87808740 0.34697381
vt 0.86126471 0.36290100
vt 0.87742788 0.34650421
vt 0.87689662 0.34593841
vt 0.86177039 0.36550051
vt 0.87884462 0.34730780
vt 0.86115623 0.37101170
vt 0.85644132 0.37763351
vt 0.85838938 0.37582710
vt 0.86000639 0.37358579
vt 0.85431439 0.37896550
vt 0.94140333 0.40501571
vt 0.94293529 0.40791941
vt 0.93220401 0.41838181
vt 0.94416529 0.41092819
vt 0.94570178 0.41708040
vt 0.93366182 0.42025051
vt 0.94508672 0.41399679
vt 0.94602048 0.42013741
vt 0.93432492 0.42252120
vt 0.93268752 0.39527059
vt 0.93519241 0.39735681
vt 0.92740703 0.41683140
vt 0.93750399 0.39969641
vt 0.92996711 0.41711310
vt 0.93958479 0.40226111
vt 0.94605982 0.42313021
vt 0.93404150 0.42506489
vt 0.94584191 0.42602661
vt 0.94537348 0.42889351
vt 0.94360441 0.43469319
vt 0.93276447 0.42728740
vt 0.94463229 0.43179461
vt 0.94228208 0.43754911
vt 0.93088371 0.42873591
vt 0.94066542 0.44031921
vt 0.93659091 0.44542810
vt 0.93876261 0.44295979
vt 0.92859840 0.42939481
vt 0.93417561 0.44768500
vt 0.93154991 0.44969639
vt 0.92726552 0.39193031
vt 0.92512172 0.41749030
vt 0.92443502 0.39069110
vt 0.93003082 0.39345789
vt 0.92158008 0.38973579
vt 0.92168051 0.42370489
vt 0.92234361 0.42597559
vt 0.86850470 0.45394841
vt 0.91080302 0.45569429
vt 0.92603832 0.42911321
vt 0.92281771 0.45402971
vt 0.92380142 0.42784441
vt 0.92875260 0.45143530
vt 0.92582691 0.45288309
vt 0.88965380 0.45482141
vt 0.91977000 0.45487401
vt 0.91672653 0.45542261
vt 0.91372621 0.45568961
vt 0.84735560 0.45307541
vt 0.81698132 0.27597100
vt 0.83565038 0.24287111
vt 0.84728110 0.26557049
vt 0.82781941 0.29712340
vt 0.73063397 0.24825530
vt 0.75994462 0.22491810
vt 0.73551178 0.30703399
vt 0.78162062 0.26722291
vt 0.79245871 0.28837529
vt 0.73436481 0.25496739
vt 0.77078259 0.24607050
vt 0.73458612 0.25777361
vt 0.74186480 0.31943300
vt 0.72915882 0.29463509
vt 0.77585441 0.34106201
vt 0.80329680 0.30952770
vt 0.78094351 0.34586790
vt 0.77950293 0.34305650
vt 0.81413478 0.33068010
vt 0.77865261 0.34196639
vt 0.77734780 0.34122631
vt 0.74821770 0.33183199
vt 0.77452117 0.34144631
vt 0.77342421 0.34229130
vt 0.75457072 0.34423101
vt 0.77267921 0.34358779
vt 0.77251393 0.34507161
vt 0.72650582 0.24773560
vt 0.72783792 0.24735160
vt 0.72933012 0.24751569
vt 0.73292422 0.25215599
vt 0.73148382 0.24934460
vt 0.70374691 0.24503911
vt 0.72540951 0.24857990
vt 0.71009988 0.25743809
vt 0.72466522 0.24987540
vt 0.72450000 0.25135809
vt 0.72488648 0.25268170
vt 0.73475128 0.25629100
vt 0.73384172 0.25906909
vt 0.72280580 0.28223610
vt 0.73141330 0.26029751
vt 0.73274553 0.25991341
vt 0.72992110 0.26013330
vt 0.71645278 0.26983711
vt 0.72632700 0.25549310
vt 0.72776753 0.25830451
vt 0.72861731 0.25939381
vt 0.84122539 0.37864050
vt 0.80500841 0.42280611
vt 0.83896953 0.37703380
vt 0.84658742 0.38037351
vt 0.84936279 0.38039309
vt 0.84381610 0.37978280
vt 0.85197908 0.37989059
vt 0.83581090 0.37298489
vt 0.79440939 0.40810791
vt 0.78962719 0.40106061
vt 0.78942323 0.40078741
vt 0.82497293 0.35183251
vt 0.79338902 0.40710711
vt 0.78972989 0.40136731
vt 0.83715153 0.37509820
vt 0.77932310 0.38326809
vt 0.81560743 0.43750429
vt 0.82620639 0.45220241
vt 0.78973413 0.40169039
vt 0.79012680 0.40435350
vt 0.78963161 0.40201500
vt 0.78943020 0.40229011
vt 0.79209077 0.40650210
vt 0.79108709 0.40622780
vt 0.78916651 0.40247920
vt 0.78238392 0.34867930
vt 0.78277081 0.35000381
vt 0.78186047 0.35278410
vt 0.78260541 0.35148761
vt 0.77740240 0.37951949
vt 0.78076339 0.35362911
vt 0.77434123 0.34920749
vt 0.76092368 0.35662991
vt 0.77290070 0.34639621
vt 0.76727670 0.36902890
vt 0.77793688 0.35384911
vt 0.77943033 0.35401350
vt 0.77578169 0.35201889
vt 0.77663207 0.35310900
vt 0.77836269 0.38139379
vt 0.78883058 0.40050039
vt 0.77927160 0.39243919
vt 0.77743667 0.38422221
vt 0.78299290 0.39970201
vt 0.78914231 0.40059310
vt 0.77551597 0.38047370
vt 0.77555031 0.38517639
vt 0.77362972 0.38142791
vt 0.04273074 0.64279902
vt 0.06130820 0.64279902
vt 0.06130820 0.64942962
vt 0.04273074 0.65606028
vt 0.06130820 0.65606028
vt 0.06130820 0.66269088
vt 0.04273074 0.67595232
vt 0.06130820 0.66932160
vt 0.06130820 0.67595232
vt 0.07988542 0.64942962
vt 0.07988542 0.65606028
vt 0.07988542 0.66269088
vt 0.07988542 0.66932160
vt 0.07988542 0.67595232
vt 0.09846270 0.64942962
vt 0.09846270 0.65606028
vt 0.09846270 0.66269088
vt 0.09846270 0.66932160
vt 0.09846270 0.67595232
vt 0.07988542 0.68258291
vt 0.09846270 0.68258291
vt 0.11703990 0.64942962
vt 0.11703990 0.65606028
vt 0.11703990 0.66269088
vt 0.11703990 0.66932160
vt 0.11703990 0.67595232
vt 0.13561711 0.64942962
vt 0.13561711 0.65606028
vt 0.13561711 0.66269088
vt 0.13561711 0.66932160
vt 0.13561711 0.67595232
vt 0.15419440 0.64279902
vt 0.15419440 0.64942962
vt 0.15419440 0.65606028
vt 0.15419440 0.66269088
vt 0.15419440 0.66932160
vt 0.15419440 0.67595232
vt 0.13561711 0.68258291
vt 0.15419440 0.68258291
vt 0.17277171 0.64279902
vt 0.17277171 0.64942962
vt 0.17277171 0.65606028
vt 0.17277171 0.66269088
vt 0.17277171 0.66932160
vt 0.17277171 0.67595232
vt 0.17277171 0.68258291
vt 0.19134890 0.64279902
vt 0.19134890 0.64942962
vt 0.19134890 0.65606028
vt 0.19134890 0.66269088
vt 0.19134890 0.66932160
vt 0.19134890 0.67595232
vt 0.19134890 0.68258291
vt 0.20992620 0.64279902
vt 0.20992620 0.64942962
vt 0.20992620 0.65606028
vt 0.20992620 0.66269088
vt 0.20992620 0.66932160
vt 0.20992620 0.67595232
vt 0.20992620 0.68258291
vt 0.22850341 0.64942962
vt 0.22850341 0.65606028
vt 0.22850341 0.66269088
vt 0.22850341 0.66932160
vt 0.22850341 0.67595232
vt 0.24708070 0.64279902
vt 0.24708070 0.64942962
vt 0.24708070 0.65606028
vt 0.24708070 0.66269088
vt 0.24708070 0.66932160
vt 0.24708070 0.67595232
vt 0.22850341 0.68258291
vt 0.24708070 0.68258291
vt 0.02415359 0.63616842
vt 0.03460818 0.64760429
vt 0.03430515 0.63616842
vt 0.02415359 0.64942962
vt 0.03573471 0.64738941
vt 0.03686124 0.64760429
vt 0.03838562 0.63616842
vt 0.03357046 0.64828581
vt 0.05292302 0.63616842
vt 0.04246640 0.63616842
vt 0.06337958 0.63616842
vt 0.06352287 0.63691932
vt 0.06397718 0.63761097
vt 0.03789860 0.64828581
vt 0.06466889 0.63806528
vt 0.07917106 0.64418590
vt 0.03288894 0.65157622
vt 0.03267425 0.65044981
vt 0.03288894 0.64932323
vt 0.03357046 0.65261370
vt 0.02415359 0.66269088
vt 0.03573471 0.65350997
vt 0.03686124 0.65329522
vt 0.03573471 0.66167080
vt 0.03460818 0.65329522
vt 0.03858011 0.64932323
vt 0.03858011 0.65157622
vt 0.03879517 0.65044981
vt 0.03789860 0.65261370
vt 0.06541991 0.63820851
vt 0.06731694 0.63691932
vt 0.08095765 0.63616842
vt 0.06686264 0.63761097
vt 0.07917106 0.64039201
vt 0.06617093 0.63806528
vt 0.07802504 0.64153802
vt 0.07847934 0.64084631
vt 0.06746023 0.63616842
vt 0.08067309 0.64039201
vt 0.07992208 0.64024872
vt 0.09445512 0.63616842
vt 0.10795250 0.63616842
vt 0.11745870 0.64126891
vt 0.08136481 0.64084631
vt 0.08181911 0.64153802
vt 0.11760190 0.64051777
vt 0.11805620 0.63982618
vt 0.11760190 0.64201981
vt 0.07788175 0.64228892
vt 0.07847934 0.64373159
vt 0.07802504 0.64304000
vt 0.07992208 0.64432907
vt 0.08067309 0.64418590
vt 0.08196240 0.64228892
vt 0.11805620 0.64271152
vt 0.08136481 0.64373159
vt 0.08181911 0.64304000
vt 0.11874800 0.64316583
vt 0.03357046 0.66256720
vt 0.03460818 0.66188568
vt 0.03288894 0.66360468
vt 0.03267425 0.66473120
vt 0.03288894 0.66585761
vt 0.03357046 0.66689509
vt 0.02415359 0.67595232
vt 0.03686124 0.66188568
vt 0.03879517 0.66473120
vt 0.03858011 0.66360468
vt 0.03789860 0.66256720
vt 0.04273074 0.66932160
vt 0.03686124 0.66757661
vt 0.03789860 0.66689509
vt 0.03858011 0.66585761
vt 0.03573471 0.66779143
vt 0.03460818 0.66757661
vt 0.04273074 0.68258291
vt 0.03722900 0.68921351
vt 0.02415359 0.68921351
vt 0.05876797 0.68119597
vt 0.05030429 0.68921351
vt 0.05747848 0.68309301
vt 0.05762171 0.68384391
vt 0.05807626 0.68165028
vt 0.05762171 0.68234187
vt 0.05807626 0.68453562
vt 0.05876797 0.68498993
vt 0.05951899 0.68513310
vt 0.05951899 0.68105280
vt 0.06027001 0.68119597
vt 0.06096166 0.68165028
vt 0.06141597 0.68234187
vt 0.06155920 0.68309301
vt 0.06141597 0.68384391
vt 0.06617093 0.68731660
vt 0.09445512 0.68921351
vt 0.08095765 0.68921351
vt 0.11760190 0.68336213
vt 0.11745870 0.68411303
vt 0.11805620 0.68267041
vt 0.11874800 0.68221611
vt 0.11760190 0.68486410
vt 0.06027001 0.68498993
vt 0.06466889 0.68731660
vt 0.06096166 0.68453562
vt 0.06541991 0.68717331
vt 0.06352287 0.68846262
vt 0.06337958 0.68921351
vt 0.06397718 0.68777090
vt 0.06686264 0.68777090
vt 0.06731694 0.68846262
vt 0.06746023 0.68921351
vt 0.10795250 0.68921351
vt 0.11805620 0.68555558
vt 0.12145000 0.63616842
vt 0.12025000 0.63937187
vt 0.11949900 0.63922870
vt 0.11874800 0.63937187
vt 0.13494740 0.63616842
vt 0.12094160 0.63982618
vt 0.12139610 0.64051777
vt 0.16194230 0.63616842
vt 0.14844480 0.63616842
vt 0.17543970 0.63616842
vt 0.21593200 0.63616842
vt 0.20243450 0.63616842
vt 0.22007179 0.63982618
vt 0.22076350 0.63937187
vt 0.18893710 0.63616842
vt 0.13561711 0.64279902
vt 0.21961740 0.64051777
vt 0.12094160 0.64271152
vt 0.12139610 0.64201981
vt 0.12153930 0.64126891
vt 0.11949900 0.64330912
vt 0.12025000 0.64316583
vt 0.21961740 0.64201981
vt 0.21947411 0.64126891
vt 0.22076350 0.64316583
vt 0.22007179 0.64271152
vt 0.24307010 0.63691932
vt 0.22942950 0.63616842
vt 0.24292681 0.63616842
vt 0.24352451 0.63761097
vt 0.22151449 0.63922870
vt 0.22850341 0.64279902
vt 0.22226560 0.63937187
vt 0.22295719 0.63982618
vt 0.25633281 0.63616842
vt 0.24686430 0.63691932
vt 0.24700750 0.63616842
vt 0.24640989 0.63761097
vt 0.24571830 0.63806528
vt 0.24421620 0.63806528
vt 0.24496721 0.63820851
vt 0.26565799 0.63616842
vt 0.22341160 0.64051777
vt 0.22295719 0.64271152
vt 0.22341160 0.64201981
vt 0.22151449 0.64330912
vt 0.22226560 0.64316583
vt 0.22355480 0.64126891
vt 0.26565799 0.64942962
vt 0.26565799 0.66269088
vt 0.11949900 0.68207282
vt 0.12025000 0.68221611
vt 0.12094160 0.68267041
vt 0.12139610 0.68336213
vt 0.14844480 0.68921351
vt 0.13494740 0.68921351
vt 0.16194230 0.68921351
vt 0.20243450 0.68921351
vt 0.18893710 0.68921351
vt 0.21961740 0.68336213
vt 0.21947411 0.68411303
vt 0.22007179 0.68267041
vt 0.17543970 0.68921351
vt 0.22076350 0.68221611
vt 0.12153930 0.68411303
vt 0.21961740 0.68486410
vt 0.12139610 0.68486410
vt 0.12094160 0.68555558
vt 0.12025000 0.68601000
vt 0.12145000 0.68921351
vt 0.11874800 0.68601000
vt 0.11949900 0.68615317
vt 0.21593200 0.68921351
vt 0.22007179 0.68555558
vt 0.22226560 0.68221611
vt 0.22151449 0.68207282
vt 0.22341160 0.68336213
vt 0.22295719 0.68267041
vt 0.26565799 0.67595232
vt 0.22942950 0.68921351
vt 0.22341160 0.68486410
vt 0.22355480 0.68411303
vt 0.26565799 0.68921351
vt 0.24421620 0.68731660
vt 0.22151449 0.68615317
vt 0.22226560 0.68601000
vt 0.22295719 0.68555558
vt 0.24307010 0.68846262
vt 0.24292681 0.68921351
vt 0.24352451 0.68777090
vt 0.22076350 0.68601000
vt 0.25633281 0.68921351
vt 0.24640989 0.68777090
vt 0.24571830 0.68731660
vt 0.24496721 0.68717331
vt 0.24700750 0.68921351
vt 0.24686430 0.68846262
vt 0.90438718 0.60049361
vt 0.90438718 0.57063162
vt 0.93671918 0.57063162
vt 0.87205517 0.57063162
vt 0.87205517 0.60049361
vt 0.77505940 0.74980313
vt 0.77505940 0.77966511
vt 0.74272752 0.77966511
vt 0.77505940 0.80952692
vt 0.74272752 0.80952692
vt 0.77505940 0.83938891
vt 0.74272752 0.83938891
vt 0.77505940 0.86925071
vt 0.74272752 0.86925071
vt 0.96543813 0.55807698
vt 0.96669722 0.56079668
vt 0.95458478 0.56646991
vt 0.96838170 0.56631982
vt 0.95637572 0.56784928
vt 0.96767598 0.56355721
vt 0.96882772 0.56905001
vt 0.95759159 0.56996578
vt 0.95771933 0.54842472
vt 0.96001911 0.55057389
vt 0.95240879 0.56584251
vt 0.96208698 0.55292451
vt 0.96389872 0.55543911
vt 0.95786148 0.57238811
vt 0.96903521 0.57180828
vt 0.96899778 0.57465827
vt 0.96869433 0.57756948
vt 0.95722997 0.57455051
vt 0.96723127 0.58342820
vt 0.95584202 0.57633013
vt 0.96810871 0.58050603
vt 0.96606010 0.58629352
vt 0.96286988 0.59168190
vt 0.95371211 0.57753837
vt 0.96460128 0.58905882
vt 0.96088862 0.59412432
vt 0.95127451 0.57780659
vt 0.94400269 0.54157859
vt 0.94690460 0.54238248
vt 0.94997108 0.56611067
vt 0.94976991 0.54347450
vt 0.95521921 0.54650921
vt 0.95255572 0.54485321
vt 0.94784129 0.56731892
vt 0.94110471 0.54105622
vt 0.93824792 0.54080200
vt 0.93546450 0.54079741
vt 0.91532671 0.54162872
vt 0.89518899 0.54246002
vt 0.87505120 0.54329127
vt 0.95377272 0.60006517
vt 0.94909841 0.57717907
vt 0.94582182 0.57126093
vt 0.94645321 0.56909847
vt 0.94730753 0.57579970
vt 0.93916208 0.60547012
vt 0.94609171 0.57368320
vt 0.94302070 0.60425973
vt 0.95868748 0.59635228
vt 0.95630240 0.59833902
vt 0.95113969 0.60152000
vt 0.94844449 0.60270000
vt 0.94572622 0.60360980
vt 0.93731862 0.60641158
vt 0.93399447 0.60890692
vt 0.93257928 0.61041170
vt 0.93558431 0.60756409
vt 0.93035293 0.61376911
vt 0.92038578 0.63322413
vt 0.91041881 0.65267920
vt 0.90813571 0.64701331
vt 0.90773040 0.64630783
vt 0.90801519 0.64854151
vt 0.90822572 0.64782071
vt 0.90755248 0.64913470
vt 0.90713352 0.64584798
vt 0.90640807 0.64563882
vt 0.90684253 0.64953750
vt 0.90603000 0.64962691
vt 0.90530467 0.64941770
vt 0.88829517 0.62916458
vt 0.88709712 0.61898953
vt 0.88819188 0.62144083
vt 0.88555747 0.61685503
vt 0.88877672 0.62668908
vt 0.88875800 0.62406301
vt 0.87945372 0.61298531
vt 0.88167733 0.61386633
vt 0.87696248 0.61250681
vt 0.88370252 0.61513478
vt 0.88740861 0.63137430
vt 0.90488559 0.64613092
vt 0.90442288 0.64672422
vt 0.90559560 0.64572817
vt 0.90045172 0.67213422
vt 0.90470767 0.64895791
vt 0.87708890 0.65151781
vt 0.90430242 0.64825243
vt 0.90421242 0.64744502
vt 0.89048457 0.69158918
vt 0.86676908 0.67166120
vt 0.88051760 0.71104419
vt 0.85644943 0.69180471
vt 0.87431979 0.61252552
vt 0.84482127 0.55811977
vt 0.85491347 0.54412258
vt 0.82463712 0.58611399
vt 0.83472919 0.57211691
vt 0.82008362 0.59282511
vt 0.82366538 0.58706713
vt 0.82018542 0.59222531
vt 0.82055932 0.58968931
vt 0.82242942 0.58764321
vt 0.82147372 0.58790439
vt 0.81964493 0.59147418
vt 0.81989610 0.59165430
vt 0.82008779 0.59191632
vt 0.86921418 0.61417592
vt 0.87168097 0.61308801
vt 0.86706632 0.61570591
vt 0.86533523 0.61754918
vt 0.86405867 0.61956161
vt 0.82018143 0.59253311
vt 0.81988943 0.59308541
vt 0.85373902 0.63970512
vt 0.81027222 0.60976899
vt 0.81445152 0.60161132
vt 0.81932509 0.59335858
vt 0.81962180 0.59327030
vt 0.81863081 0.59345371
vt 0.80935782 0.61155391
vt 0.81037432 0.63762820
vt 0.80239421 0.62514633
vt 0.81164372 0.63799423
vt 0.81268841 0.63879889
vt 0.80844343 0.61333871
vt 0.80770987 0.63848948
vt 0.79634511 0.63695377
vt 0.80895239 0.63778472
vt 0.81339771 0.64003348
vt 0.81318671 0.64270788
vt 0.84341919 0.65984857
vt 0.81181520 0.64538521
vt 0.81044352 0.64806253
vt 0.81355512 0.64144647
vt 0.80552858 0.64220488
vt 0.80415702 0.64488220
vt 0.80690020 0.63952762
vt 0.79029578 0.64876139
vt 0.80378872 0.64614362
vt 0.80394608 0.64755660
vt 0.83309942 0.67999202
vt 0.80839127 0.64980543
vt 0.80963379 0.64910060
vt 0.80696940 0.64996189
vt 0.78424668 0.66056901
vt 0.80570012 0.64959592
vt 0.80465537 0.64879119
vt 0.77819753 0.67237651
vt 0.77214837 0.68418407
vt 0.82277972 0.70013553
vt 0.84612960 0.71194810
vt 0.83580983 0.73209161
vt 0.87055057 0.73049921
vt 0.82549012 0.75223511
vt 0.86058348 0.74995422
vt 0.84331387 0.76879442
vt 0.81246001 0.72027892
vt 0.77505940 0.71994120
vt 0.80214018 0.74042243
vt 0.76783198 0.73068953
vt 0.79182041 0.76056588
vt 0.76746392 0.73194993
vt 0.76609921 0.69599158
vt 0.76767462 0.72927749
vt 0.76465362 0.72687411
vt 0.76005012 0.70779920
vt 0.76592213 0.72723979
vt 0.76323283 0.72703040
vt 0.75400090 0.71960682
vt 0.76696593 0.72804379
vt 0.76199132 0.72773468
vt 0.76118219 0.72877198
vt 0.74795181 0.73141432
vt 0.75981063 0.73144931
vt 0.75843900 0.73412663
vt 0.76609230 0.73462719
vt 0.76472068 0.73730451
vt 0.76267010 0.73904610
vt 0.76391160 0.73834181
vt 0.76124930 0.73920238
vt 0.75822830 0.73679900
vt 0.74190247 0.74322188
vt 0.75807089 0.73538703
vt 0.75893700 0.73803258
vt 0.75998092 0.73883671
vt 0.73585337 0.75502938
vt 0.84463620 0.76946330
vt 0.84403932 0.76900363
vt 0.85061651 0.76940918
vt 0.84504151 0.77016890
vt 0.84513152 0.77097631
vt 0.84492099 0.77169710
vt 0.84179139 0.76928657
vt 0.84132868 0.76987982
vt 0.84250140 0.76888382
vt 0.84120822 0.77140802
vt 0.81517029 0.77237850
vt 0.84111822 0.77060062
vt 0.84445828 0.77229029
vt 0.84064943 0.78886420
vt 0.84293580 0.77278250
vt 0.84374827 0.77269298
vt 0.84221047 0.77257329
vt 0.84161347 0.77211350
vt 0.83097571 0.82158339
vt 0.82649148 0.82624942
vt 0.82477927 0.82466137
vt 0.83202487 0.82316607
vt 0.83012980 0.81982148
vt 0.83068228 0.80831927
vt 0.81001490 0.77776432
vt 0.81389391 0.77439088
vt 0.81216282 0.77623433
vt 0.80739141 0.77966511
vt 0.80754799 0.77885222
vt 0.82993388 0.81006253
vt 0.79977542 0.77895492
vt 0.80226648 0.77943331
vt 0.79552662 0.77680540
vt 0.79755181 0.77807379
vt 0.80490923 0.77941471
vt 0.81368250 0.82277209
vt 0.81140542 0.82377630
vt 0.82920343 0.81593472
vt 0.81855768 0.82223570
vt 0.82916743 0.81392252
vt 0.82941759 0.81194609
vt 0.82952899 0.81792110
vt 0.82290977 0.82349062
vt 0.82085729 0.82267731
vt 0.81611842 0.82225293
vt 0.80942267 0.82518858
vt 0.83346111 0.82535160
vt 0.82791281 0.82821959
vt 0.83458138 0.82775271
vt 0.83534211 0.83029860
vt 0.82892340 0.83048242
vt 0.83572102 0.83290827
vt 0.82944578 0.83290291
vt 0.83536488 0.83799553
vt 0.82946312 0.83532703
vt 0.83572042 0.83549923
vt 0.82901871 0.83761197
vt 0.83469713 0.84033418
vt 0.82820028 0.83965182
vt 0.83377057 0.84246981
vt 0.82702202 0.84150940
vt 0.83215582 0.84506023
vt 0.83000422 0.84746557
vt 0.82542408 0.84321100
vt 0.82734841 0.84952962
vt 0.82344139 0.84462321
vt 0.82428128 0.85110641
vt 0.82116431 0.84562743
vt 0.81872851 0.84614670
vt 0.82205081 0.85223788
vt 0.82002658 0.85377097
vt 0.81027710 0.87083811
vt 0.80835527 0.84215021
vt 0.81006747 0.84373808
vt 0.81698281 0.85774910
vt 0.81193697 0.84490901
vt 0.81398952 0.84572220
vt 0.80582809 0.83078748
vt 0.80664653 0.82874781
vt 0.80782479 0.82689011
vt 0.80693412 0.84017992
vt 0.80592352 0.83791721
vt 0.80540103 0.83549672
vt 0.80538368 0.83307260
vt 0.81831253 0.85564041
vt 0.81628913 0.84616393
vt 0.80357152 0.88392711
vt 0.79686582 0.89701611
vt 0.78182387 0.89846623
vt 0.79598218 0.89916408
vt 0.78607267 0.90061569
vt 0.79612118 0.91303831
vt 0.79114687 0.91217011
vt 0.79620790 0.90982127
vt 0.79112822 0.90954387
vt 0.79572982 0.90668958
vt 0.79066539 0.91464561
vt 0.79546022 0.91618872
vt 0.79544967 0.90155607
vt 0.78792769 0.90233600
vt 0.79093379 0.76277548
vt 0.79045230 0.76525110
vt 0.79213190 0.77295071
vt 0.79367161 0.77508521
vt 0.79103720 0.77049941
vt 0.79047108 0.76787710
vt 0.71625543 0.79328328
vt 0.77158439 0.89965677
vt 0.75498289 0.89627290
vt 0.75316882 0.89420170
vt 0.77405119 0.89856893
vt 0.75106549 0.89267111
vt 0.77933270 0.89798778
vt 0.77669001 0.89800638
vt 0.72384661 0.85930371
vt 0.74337721 0.88743001
vt 0.73975372 0.88428313
vt 0.72294778 0.82420248
vt 0.74716312 0.89022768
vt 0.73633897 0.88079941
vt 0.72980422 0.76683700
vt 0.72888982 0.76862192
vt 0.72797543 0.77040672
vt 0.72224778 0.82067591
vt 0.72280192 0.82241178
vt 0.72132683 0.81912661
vt 0.72270572 0.82591492
vt 0.72211540 0.78184497
vt 0.71039551 0.80472159
vt 0.72561949 0.86401922
vt 0.72778338 0.86857069
vt 0.73031360 0.87291127
vt 0.73317808 0.87699938
vt 0.72248107 0.85447443
vt 0.72112280 0.83504528
vt 0.72174591 0.83039802
vt 0.72086477 0.83982050
vt 0.72153097 0.84958333
vt 0.72099531 0.84468198
vt 0.79534918 0.90410441
vt 0.79056209 0.90692180
vt 0.78946728 0.90447038
vt 0.78977883 0.91685522
vt 0.79426920 0.91912693
vt 0.78404748 0.89934731
vt 0.78850228 0.91886771
vt 0.79250181 0.92191339
vt 0.79010493 0.92446572
vt 0.78462332 0.92224097
vt 0.78677118 0.92071110
vt 0.78215653 0.92332888
vt 0.78713077 0.92658412
vt 0.78371519 0.92809051
vt 0.77951771 0.92389143
vt 0.77640241 0.92889512
vt 0.77687502 0.92391002
vt 0.78006142 0.92886931
vt 0.77295297 0.92823261
vt 0.77438390 0.92343158
vt 0.76943642 0.90118682
vt 0.75631052 0.89878672
vt 0.75768191 0.90570831
vt 0.76642889 0.90504259
vt 0.76554233 0.90725231
vt 0.75700992 0.90155679
vt 0.76770532 0.90303010
vt 0.75862879 0.90981579
vt 0.76506078 0.90972781
vt 0.76507950 0.91235387
vt 0.75984532 0.91385257
vt 0.76731718 0.92544132
vt 0.77013499 0.92128211
vt 0.77216017 0.92255050
vt 0.76494002 0.92335087
vt 0.76828003 0.91956192
vt 0.76987422 0.92701268
vt 0.76564562 0.91497612
vt 0.76132262 0.91779292
vt 0.76674038 0.91742742
vt 0.76289451 0.92077208
vt 0.35273680 0.11078940
vt 0.38668820 0.14214700
vt 0.35273680 0.14214700
vt 0.38668820 0.17350470
vt 0.35273680 0.17350470
vt 0.38668820 0.20486221
vt 0.35273680 0.20486221
vt 0.38668820 0.23621990
vt 0.55644512 0.42436570
vt 0.52249372 0.42436570
vt 0.52249372 0.39300811
vt 0.48854229 0.39300811
vt 0.48854229 0.42436570
vt 0.44664440 0.13619161
vt 0.43957549 0.13813350
vt 0.44438499 0.13366580
vt 0.44931301 0.14115420
vt 0.44249079 0.14187090
vt 0.44834009 0.13891180
vt 0.44125351 0.13992020
vt 0.45001429 0.14361019
vt 0.44335011 0.14401279
vt 0.44159621 0.13149831
vt 0.43749350 0.13665050
vt 0.43837541 0.12984250
vt 0.44381690 0.14641230
vt 0.45038810 0.14895220
vt 0.45038751 0.14623150
vt 0.44919151 0.15436600
vt 0.44325000 0.15149960
vt 0.44999021 0.15169260
vt 0.44379869 0.14895789
vt 0.44218880 0.15387569
vt 0.44801500 0.15688729
vt 0.44650701 0.15918230
vt 0.44069639 0.15594471
vt 0.44540519 0.16084430
vt 0.43889841 0.15761210
vt 0.43254450 0.13505070
vt 0.43390769 0.12704460
vt 0.43603331 0.12865430
vt 0.43510240 0.13559590
vt 0.42998299 0.13503250
vt 0.42756820 0.13549639
vt 0.43071139 0.12286710
vt 0.43210781 0.12508149
vt 0.42014909 0.10225020
vt 0.38668820 0.11078940
vt 0.42541280 0.13635039
vt 0.42344981 0.13757990
vt 0.42485470 0.15854160
vt 0.42277271 0.15705851
vt 0.42109469 0.15527180
vt 0.41909820 0.14369240
vt 0.42015931 0.14131621
vt 0.42165169 0.13924740
vt 0.41985750 0.15332100
vt 0.41899800 0.15117911
vt 0.41853130 0.14877960
vt 0.41854951 0.14623420
vt 0.45556340 0.19520231
vt 0.45881760 0.21218351
vt 0.45796439 0.21208949
vt 0.45956311 0.21260640
vt 0.46602970 0.21563169
vt 0.46004900 0.21322919
vt 0.45720270 0.21230930
vt 0.44451690 0.16269450
vt 0.45657581 0.21279199
vt 0.42880821 0.21251380
vt 0.42339450 0.20685820
vt 0.44509721 0.17477269
vt 0.45615020 0.21353289
vt 0.46017551 0.21483409
vt 0.46026999 0.21398620
vt 0.45912310 0.21605770
vt 0.45974991 0.21557491
vt 0.47649601 0.23606120
vt 0.43964481 0.23366611
vt 0.45627680 0.21513771
vt 0.45676261 0.21576060
vt 0.45605579 0.21438080
vt 0.45836139 0.21627741
vt 0.45750821 0.21618350
vt 0.43693540 0.15884160
vt 0.44388601 0.16469011
vt 0.42980370 0.16014130
vt 0.44376901 0.17096430
vt 0.44431120 0.17294221
vt 0.43478000 0.15969560
vt 0.44354409 0.16677590
vt 0.43236521 0.16015939
vt 0.44350630 0.16888890
vt 0.42724580 0.15959600
vt 0.42063960 0.20486221
vt 0.42746779 0.21040051
vt 0.42565000 0.20846480
vt 0.41525811 0.20510560
vt 0.41803309 0.20512520
vt 0.42080399 0.20571581
vt 0.41264209 0.20560800
vt 0.45048150 0.25481859
vt 0.41030711 0.20653319
vt 0.39577749 0.04900240
vt 0.38447630 0.04885309
vt 0.39194080 0.04818469
vt 0.40248719 0.05280882
vt 0.37855810 0.05178421
vt 0.39936420 0.05058413
vt 0.38124320 0.05013430
vt 0.40500420 0.05548900
vt 0.37606189 0.05397933
vt 0.38809839 0.04815757
vt 0.37391391 0.05668735
vt 0.40686011 0.05841487
vt 0.40889600 0.06818670
vt 0.37226331 0.05981588
vt 0.40880480 0.06480860
vt 0.40958679 0.08163332
vt 0.36705071 0.07964050
vt 0.40861401 0.07923358
vt 0.40839389 0.07147532
vt 0.40811071 0.06150043
vt 0.36843789 0.07251787
vt 0.40800330 0.07403320
vt 0.40807420 0.07666057
vt 0.37070811 0.06396514
vt 0.36773461 0.07686519
vt 0.36943039 0.06820839
vt 0.36380300 0.08449518
vt 0.36571279 0.08225673
vt 0.36149251 0.08619594
vt 0.35739461 0.08876174
vt 0.35341910 0.09169954
vt 0.34961411 0.09500420
vt 0.34270909 0.10265270
vt 0.34602830 0.09866237
vt 0.33704421 0.11150360
vt 0.33970121 0.10694550
vt 0.33477190 0.11628290
vt 0.33291021 0.12123470
vt 0.33147630 0.12630580
vt 0.33047870 0.13144200
vt 0.32991609 0.13658869
vt 0.32977921 0.14169370
vt 0.40818051 0.20786510
vt 0.40461579 0.21191290
vt 0.40346619 0.21448700
vt 0.40623251 0.20967160
vt 0.33101019 0.19131149
vt 0.33196649 0.15809400
vt 0.40287179 0.21724060
vt 0.40285209 0.21999820
vt 0.40335771 0.22259770
vt 0.40428871 0.22491810
vt 0.41512540 0.24607050
vt 0.34551841 0.23073180
vt 0.33916619 0.21833280
vt 0.37218630 0.24735160
vt 0.35187051 0.24313080
vt 0.37085429 0.24773560
vt 0.37367830 0.24751569
vt 0.36975819 0.24857990
vt 0.37498191 0.24825530
vt 0.33820599 0.21645860
vt 0.33070421 0.15158820
vt 0.33004990 0.14670810
vt 0.33181319 0.15997431
vt 0.33026421 0.16342419
vt 0.33123139 0.16179720
vt 0.33171210 0.15629581
vt 0.32787129 0.18673331
vt 0.31878540 0.17855071
vt 0.32659149 0.18659240
vt 0.32544890 0.18692181
vt 0.32898960 0.18736760
vt 0.32356289 0.18787611
vt 0.33067870 0.19017629
vt 0.32971841 0.18830200
vt 0.33086839 0.19258340
vt 0.33232480 0.20497870
vt 0.33724579 0.21458431
vt 0.33023009 0.19369470
vt 0.32928979 0.19441891
vt 0.32740369 0.19537310
vt 0.38668820 0.26757759
vt 0.52581757 0.34193060
vt 0.52882743 0.33820859
vt 0.52630353 0.34255359
vt 0.52652448 0.34331039
vt 0.52643001 0.34415829
vt 0.53929371 0.35863811
vt 0.52600437 0.34489909
vt 0.52507198 0.34150770
vt 0.52421880 0.34141380
vt 0.52537757 0.34538200
vt 0.52461588 0.34560159
vt 0.50559580 0.36290100
vt 0.52345711 0.34163341
vt 0.56694442 0.39005181
vt 0.56944442 0.41749030
vt 0.56306231 0.38905340
vt 0.57419550 0.39336160
vt 0.57068092 0.39149949
vt 0.56087857 0.38849169
vt 0.55194157 0.38240421
vt 0.55498451 0.38537779
vt 0.54975998 0.37906760
vt 0.55679989 0.38662991
vt 0.55877692 0.38767740
vt 0.51836109 0.31777909
vt 0.52283031 0.34211630
vt 0.52301711 0.34508479
vt 0.50466472 0.36058059
vt 0.52253121 0.34446189
vt 0.52231020 0.34370500
vt 0.49742851 0.27692020
vt 0.50789481 0.29734969
vt 0.47215471 0.29712340
vt 0.48299140 0.31827581
vt 0.49382809 0.33942819
vt 0.52240467 0.34285709
vt 0.52376270 0.34550771
vt 0.50608170 0.36825809
vt 0.50548720 0.37101170
vt 0.50610131 0.36550051
vt 0.50433761 0.37358579
vt 0.50272077 0.37582710
vt 0.49864629 0.37896550
vt 0.50077301 0.37763351
vt 0.49631131 0.37989059
vt 0.57742292 0.39558771
vt 0.57172948 0.41683140
vt 0.58796930 0.40956211
vt 0.58900273 0.41251740
vt 0.57652581 0.41838181
vt 0.59024721 0.41891620
vt 0.57798338 0.42025051
vt 0.58977342 0.41564661
vt 0.59039593 0.42228481
vt 0.57864642 0.42252120
vt 0.58031303 0.39811501
vt 0.58283252 0.40087411
vt 0.58496523 0.40379390
vt 0.57428920 0.41711310
vt 0.58671087 0.40680581
vt 0.59019881 0.42570421
vt 0.58964521 0.42912170
vt 0.57836300 0.42506489
vt 0.58748150 0.43573141
vt 0.57708621 0.42728740
vt 0.58873558 0.43248221
vt 0.57520568 0.42873591
vt 0.58590567 0.43881851
vt 0.58404070 0.44169870
vt 0.57960713 0.44670251
vt 0.57292062 0.42939481
vt 0.58192611 0.44433570
vt 0.57713121 0.44878221
vt 0.56756389 0.41893879
vt 0.56628710 0.42116129
vt 0.56600362 0.42370489
vt 0.56666672 0.42597559
vt 0.56812441 0.42784441
vt 0.53398120 0.45482141
vt 0.55967432 0.45557830
vt 0.57036090 0.42911321
vt 0.57454592 0.45056769
vt 0.57189649 0.45206091
vt 0.56814218 0.45368409
vt 0.51283479 0.45394841
vt 0.55512762 0.45569429
vt 0.56404471 0.45488501
vt 0.46131811 0.27597100
vt 0.48696229 0.25649071
vt 0.38363141 0.30512571
vt 0.42596200 0.26722291
vt 0.43679860 0.28837529
vt 0.38998351 0.31752461
vt 0.44763529 0.30952770
vt 0.39633560 0.32992360
vt 0.42019650 0.34106201
vt 0.37909871 0.25629100
vt 0.42168960 0.34122631
vt 0.42299429 0.34196639
vt 0.45847201 0.33068010
vt 0.42384461 0.34305650
vt 0.42480481 0.34493080
vt 0.42576501 0.34680501
vt 0.40268779 0.34232259
vt 0.41886351 0.34144631
vt 0.41776651 0.34229130
vt 0.41685641 0.34507161
vt 0.41702181 0.34358779
vt 0.40903991 0.35472161
vt 0.37583160 0.24934460
vt 0.37871221 0.25496739
vt 0.37727201 0.25215599
vt 0.35822269 0.25552979
vt 0.36901399 0.24987540
vt 0.36884880 0.25135809
vt 0.36923519 0.25268170
vt 0.37067550 0.25549310
vt 0.37211591 0.25830451
vt 0.37818930 0.25906909
vt 0.37893349 0.25777361
vt 0.37709311 0.25991341
vt 0.37727919 0.29272670
vt 0.37092701 0.28032771
vt 0.37576121 0.26029751
vt 0.36457491 0.26792869
vt 0.37296551 0.25939381
vt 0.37426919 0.26013330
vt 0.48555899 0.37864050
vt 0.48814940 0.37978280
vt 0.49092031 0.38037351
vt 0.49369541 0.38039309
vt 0.48330340 0.37703380
vt 0.43396980 0.40106511
vt 0.48014519 0.37298489
vt 0.48148561 0.37509820
vt 0.42366460 0.38326809
vt 0.46930861 0.35183251
vt 0.43874910 0.40810791
vt 0.43775910 0.40712821
vt 0.43408030 0.40144351
vt 0.43365601 0.40069661
vt 0.45994440 0.43750429
vt 0.44934669 0.42280611
vt 0.47054201 0.45220241
vt 0.49168840 0.45307541
vt 0.43542731 0.40622780
vt 0.43446699 0.40435350
vt 0.43643081 0.40650210
vt 0.43403301 0.40186751
vt 0.43382031 0.40223780
vt 0.42672521 0.34867930
vt 0.42694661 0.35148761
vt 0.42711201 0.35000381
vt 0.42620191 0.35278410
vt 0.41868350 0.34920749
vt 0.42012379 0.35201889
vt 0.41724321 0.34639621
vt 0.41539210 0.36712059
vt 0.42097411 0.35310900
vt 0.42227879 0.35384911
vt 0.42510489 0.35362911
vt 0.42174420 0.37951949
vt 0.43244189 0.40040061
vt 0.42805329 0.39183429
vt 0.43317100 0.40050039
vt 0.43350679 0.40247920
vt 0.42270449 0.38139379
vt 0.42377189 0.35401350
vt 0.06268566 0.51890939
vt 0.01447314 0.53011519
vt 0.01447314 0.51890939
vt 0.06268566 0.53011519
vt 0.15911070 0.52451229
vt 0.11089810 0.51890939
vt 0.15911070 0.51890939
vt 0.15911070 0.53011519
vt 0.11089810 0.53011519
vt 0.05381608 0.07859140
vt 0.04500305 0.08001917
vt 0.04500305 0.07859140
vt 0.03619027 0.08001917
vt 0.03619027 0.07859140
vt 0.00860423 0.01576483
vt 0.00144112 0.00860423
vt 0.00860423 0.00144351
vt 0.00144112 0.00144351
vt 0.01576733 0.00860423
vt 0.01576733 0.00144351
vt 0.01576733 0.01576483
vt 0.00144112 0.01576483
vt 0.00597435 0.38701710
vt 0.00252873 0.39822289
vt 0.00252873 0.38701710
vt 0.01286548 0.38701710
vt 0.00959373 0.39822289
vt 0.00941992 0.38701710
vt 0.00606757 0.39822289
vt 0.01975661 0.38701710
vt 0.01660794 0.39822289
vt 0.01631093 0.38701710
vt 0.02664756 0.38701710
vt 0.02357178 0.39822289
vt 0.02320218 0.38701710
vt 0.02009618 0.39822289
vt 0.01310712 0.39822289
vt 0.02703529 0.39822289
vt 0.03009331 0.38701710
vt 0.03048628 0.39822289
vt 0.03698444 0.38701710
vt 0.03392487 0.39822289
vt 0.03353869 0.38701710
vt 0.04387557 0.38701710
vt 0.04076594 0.39822289
vt 0.04042989 0.38701710
vt 0.03735136 0.39822289
vt 0.05076652 0.38701710
vt 0.04755830 0.39822289
vt 0.04732114 0.38701710
vt 0.05765765 0.39262000
vt 0.05421227 0.38701710
vt 0.05765765 0.38701710
vt 0.05093663 0.39822289
vt 0.04416823 0.39822289
vt 0.05430305 0.39822289
vt 0.05765765 0.39822289
vt 0.23112410 0.09848749
vt 0.24227341 0.09980756
vt 0.23112410 0.09980756
vt 0.23112410 0.10112760
vt 0.24227341 0.10244760
vt 0.23112410 0.10244760
vt 0.24227341 0.10376760
vt 0.23112410 0.10376760
vt 0.24227341 0.10112760
vt 0.00698888 0.54583019
vt 0.00642878 0.55703598
vt 0.00642878 0.54583019
vt 0.00698888 0.55703598
vt 0.00755012 0.54583019
vt 0.00755012 0.55703598
vt 0.00811249 0.54583019
vt 0.00811249 0.55703598
vt 0.00867581 0.54583019
vt 0.00867581 0.55703598
vt 0.24215379 0.85980958
vt 0.22875720 0.85835522
vt 0.24215379 0.85835522
vt 0.22875720 0.85980958
vt 0.24215379 0.86126411
vt 0.22875720 0.86126411
vt 0.24215379 0.86271858
vt 0.22875720 0.86271858
vt 0.24215379 0.86417311
vt 0.22875720 0.86417311
vt 0.00127524 0.12928391
vt 0.00127524 0.12827779
vt 0.00761408 0.12827779
vt 0.00127524 0.13032940
vt 0.01395291 0.12934551
vt 0.01395291 0.13041310
vt 0.00127524 0.13141669
vt 0.01395291 0.13148069
vt 0.00761408 0.13254830
vt 0.00127524 0.13254830
vt 0.01395291 0.13254830
vt 0.01395291 0.12827779
vt 0.01234602 0.91087401
vt 0.01234602 0.90527111
vt 0.05347025 0.90527111
vt 0.01234602 0.91647691
vt 0.05347025 0.91647691
vt 0.09459424 0.90527111
vt 0.09459424 0.91647691
vt 0.13571820 0.91087401
vt 0.13571820 0.90527111
vt 0.13571820 0.91647691
vt 0.05288815 0.13369110
vt 0.06543809 0.13478890
vt 0.05288815 0.13478890
vt 0.06543809 0.13584450
vt 0.05288815 0.13584450
vt 0.05288815 0.13686030
vt 0.05916315 0.13686030
vt 0.05916315 0.13254830
vt 0.05288815 0.13254830
vt 0.06543809 0.13369110
vt 0.06543809 0.13254830
vt 0.06543809 0.13686030
vt 0.06433618 0.81257689
vt 0.06433618 0.80697399
vt 0.06680434 0.80697399
vt 0.06927245 0.80697399
vt 0.06680434 0.81817991
vt 0.07420873 0.80697399
vt 0.07174062 0.81817991
vt 0.07174062 0.80697399
vt 0.07914501 0.80697399
vt 0.07667684 0.81817991
vt 0.07667684 0.80697399
vt 0.07420873 0.81817991
vt 0.06927245 0.81817991
vt 0.06433618 0.81817991
vt 0.08408129 0.80697399
vt 0.08161312 0.81817991
vt 0.08161312 0.80697399
vt 0.08729416 0.80697399
vt 0.08408129 0.81817991
vt 0.09372001 0.80697399
vt 0.09050709 0.81817991
vt 0.09050709 0.80697399
vt 0.09693294 0.80697399
vt 0.09693294 0.81257689
vt 0.08729416 0.81817991
vt 0.09372001 0.81817991
vt 0.07914501 0.81817991
vt 0.09693294 0.81817991
vt 0.06496292 0.83761221
vt 0.07585686 0.83869332
vt 0.06496292 0.83869332
vt 0.06496292 0.83979189
vt 0.07585686 0.84090823
vt 0.06496292 0.84090823
vt 0.07585686 0.84204292
vt 0.06496292 0.84204292
vt 0.07585686 0.83979189
vt 0.06496292 0.84319639
vt 0.07585686 0.84436899
vt 0.06496292 0.84436899
vt 0.06496292 0.84556133
vt 0.07040989 0.84556133
vt 0.07585686 0.84319639
vt 0.07040989 0.83654809
vt 0.06496292 0.83654809
vt 0.07585686 0.83761221
vt 0.07585686 0.83654809
vt 0.07585686 0.84556133
vt 0.02415376 0.53390127
vt 0.02415376 0.53168792
vt 0.04830420 0.53168792
vt 0.07245469 0.53168792
vt 0.09660506 0.53168792
vt 0.12075540 0.53168792
vt 0.02415376 0.53611481
vt 0.05098766 0.53611481
vt 0.07782143 0.53611481
vt 0.10465520 0.53611481
vt 0.13148890 0.53611481
vt 0.15832271 0.53611481
vt 0.14490581 0.53168792
vt 0.16905621 0.53168792
vt 0.19320659 0.53168792
vt 0.21199021 0.53611481
vt 0.18515640 0.53611481
vt 0.21735691 0.53168792
vt 0.23882399 0.53611481
vt 0.26565769 0.53611481
vt 0.24150731 0.53168792
vt 0.26565769 0.53168792
vt 0.04094797 0.59967190
vt 0.03887778 0.61087757
vt 0.03887778 0.59967190
vt 0.03787297 0.61087757
vt 0.03787297 0.59967190
vt 0.03688746 0.59967190
vt 0.03592097 0.61087757
vt 0.03592097 0.59967190
vt 0.03497278 0.59967190
vt 0.03312957 0.61087757
vt 0.03312957 0.59967190
vt 0.03497278 0.61087757
vt 0.03688746 0.61087757
vt 0.12456350 0.47777870
vt 0.12069120 0.47777870
vt 0.12069120 0.46766931
vt 0.12674490 0.46766931
vt 0.13279860 0.46766931
vt 0.13732819 0.47777870
vt 0.13286810 0.47777870
vt 0.12861800 0.47777870
vt 0.13885219 0.46766931
vt 0.14201429 0.47777870
vt 0.14490581 0.46766931
vt 0.14943410 0.46766931
vt 0.14691100 0.47777870
vt 0.15396240 0.46766931
vt 0.15173750 0.47777870
vt 0.15849070 0.46766931
vt 0.16099510 0.47777870
vt 0.15643039 0.47777870
vt 0.17207560 0.46766931
vt 0.16976070 0.47777870
vt 0.16754740 0.46766931
vt 0.18113230 0.46766931
vt 0.17807230 0.47777870
vt 0.17660400 0.46766931
vt 0.17397089 0.47777870
vt 0.16301900 0.46766931
vt 0.16543689 0.47777870
vt 0.18566060 0.46766931
vt 0.18206879 0.47777870
vt 0.18976299 0.47777870
vt 0.19018890 0.46766931
vt 0.19359399 0.47777870
vt 0.19471720 0.46766931
vt 0.19759171 0.47777870
vt 0.20377371 0.46766931
vt 0.20613270 0.47777870
vt 0.20176721 0.47777870
vt 0.21283039 0.46766931
vt 0.21548750 0.47777870
vt 0.21070120 0.47777870
vt 0.20830210 0.46766931
vt 0.19924550 0.46766931
vt 0.22254629 0.46766931
vt 0.22524180 0.47777870
vt 0.22042930 0.47777870
vt 0.23810931 0.46766931
vt 0.23442259 0.47777870
vt 0.23292170 0.46766931
vt 0.22990391 0.47777870
vt 0.22773400 0.46766931
vt 0.24329700 0.46766931
vt 0.24718060 0.47777870
vt 0.24305490 0.47777870
vt 0.25885990 0.46766931
vt 0.25507811 0.47777870
vt 0.25367230 0.46766931
vt 0.24848460 0.46766931
vt 0.25118661 0.47777870
vt 0.23880421 0.47777870
vt 0.21735869 0.46766931
vt 0.07852196 0.31971499
vt 0.02243965 0.33092079
vt 0.02243965 0.31971499
vt 0.07852196 0.33092079
vt 0.13460401 0.31971499
vt 0.13460401 0.33092079
vt 0.19068620 0.31971499
vt 0.19068620 0.33092079
vt 0.24676821 0.31971499
vt 0.24676821 0.33092079
vt 0.09453290 0.29839709
vt 0.09059405 0.29279420
vt 0.09453290 0.29279420
vt 0.08665513 0.29279420
vt 0.08271628 0.30399999
vt 0.08271628 0.29279420
vt 0.08665513 0.30399999
vt 0.07877743 0.29279420
vt 0.07483851 0.30399999
vt 0.07483851 0.29279420
vt 0.07877743 0.30399999
vt 0.07089966 0.30399999
vt 0.07089966 0.29279420
vt 0.06696081 0.30399999
vt 0.06696081 0.29279420
vt 0.06302195 0.30399999
vt 0.06302195 0.29279420
vt 0.05908304 0.30399999
vt 0.05908304 0.29279420
vt 0.05514419 0.29279420
vt 0.05120515 0.30399999
vt 0.05120515 0.29279420
vt 0.05514419 0.30399999
vt 0.04726642 0.29279420
vt 0.04332751 0.30399999
vt 0.04332751 0.29279420
vt 0.03938853 0.29279420
vt 0.03544980 0.30399999
vt 0.03544980 0.29279420
vt 0.03151077 0.29839709
vt 0.03151077 0.29279420
vt 0.03938853 0.30399999
vt 0.04726642 0.30399999
vt 0.09059405 0.30399999
vt 0.03151077 0.30399999
vt 0.09453290 0.30399999
vt 0.03576272 0.02351152
vt 0.04914069 0.02821385
vt 0.03576272 0.02821385
vt 0.03576272 0.03291618
vt 0.04914069 0.03761857
vt 0.03576272 0.03761857
vt 0.04914069 0.04232090
vt 0.03576272 0.04232090
vt 0.04914069 0.03291618
vt 0.03576272 0.04702323
vt 0.04914069 0.05172574
vt 0.03576272 0.05172574
vt 0.03576272 0.05642813
vt 0.04245162 0.05642813
vt 0.04914069 0.04702323
vt 0.04245162 0.01880919
vt 0.03576272 0.01880919
vt 0.04914069 0.02351152
vt 0.04914069 0.01880919
vt 0.04914069 0.05642813
vt 0.12170210 0.02116054
vt 0.13405091 0.02351152
vt 0.12170210 0.02351152
vt 0.12170210 0.02586287
vt 0.13405091 0.02821385
vt 0.12170210 0.02821385
vt 0.13405091 0.03056520
vt 0.12170210 0.03056520
vt 0.13405091 0.02586287
vt 0.12170210 0.03291618
vt 0.13405091 0.03526753
vt 0.12170210 0.03526753
vt 0.12170210 0.03761857
vt 0.12787651 0.03761857
vt 0.13405091 0.03291618
vt 0.12787651 0.01880919
vt 0.12170210 0.01880919
vt 0.13405091 0.02116054
vt 0.13405091 0.01880919
vt 0.13405091 0.03761857
vt 0.02415508 0.20627341
vt 0.02415508 0.20321940
vt 0.05865526 0.20321940
vt 0.09315550 0.20321940
vt 0.12765570 0.20321940
vt 0.05865526 0.20932730
vt 0.02415508 0.20932730
vt 0.09315550 0.20932730
vt 0.12765570 0.20932730
vt 0.26565659 0.20627341
vt 0.16215590 0.20321940
vt 0.19665609 0.20321940
vt 0.23115639 0.20321940
vt 0.26565659 0.20321940
vt 0.19665609 0.20932730
vt 0.16215590 0.20932730
vt 0.26565659 0.20932730
vt 0.23115639 0.20932730
vt 0.10241060 0.40608039
vt 0.09814351 0.40047750
vt 0.10241060 0.40047750
vt 0.09387642 0.40047750
vt 0.08960932 0.41168329
vt 0.08960932 0.40047750
vt 0.09387642 0.41168329
vt 0.08534222 0.40047750
vt 0.08107507 0.41168329
vt 0.08107507 0.40047750
vt 0.08534222 0.41168329
vt 0.07680797 0.41168329
vt 0.07680797 0.40047750
vt 0.07254087 0.41168329
vt 0.07254087 0.40047750
vt 0.06827378 0.41168329
vt 0.06827378 0.40047750
vt 0.06400662 0.41168329
vt 0.06400662 0.40047750
vt 0.05973953 0.40047750
vt 0.05547243 0.41168329
vt 0.05547243 0.40047750
vt 0.05973953 0.41168329
vt 0.05120515 0.40047750
vt 0.04693818 0.41168329
vt 0.04693818 0.40047750
vt 0.04267108 0.40047750
vt 0.03840380 0.41168329
vt 0.03840380 0.40047750
vt 0.03413689 0.40608039
vt 0.03413689 0.40047750
vt 0.04267108 0.41168329
vt 0.05120515 0.41168329
vt 0.09814351 0.41168329
vt 0.03413689 0.41168329
vt 0.10241060 0.41168329
vt 0.02415508 0.19281299
vt 0.02415508 0.18975881
vt 0.05865526 0.18975881
vt 0.09315550 0.18975881
vt 0.12765570 0.18975881
vt 0.05865526 0.19586700
vt 0.02415508 0.19586700
vt 0.09315550 0.19586700
vt 0.12765570 0.19586700
vt 0.16215590 0.19586700
vt 0.26565659 0.19281299
vt 0.16215590 0.18975881
vt 0.19665609 0.18975881
vt 0.23115639 0.18975881
vt 0.26565659 0.18975881
vt 0.19665609 0.19586700
vt 0.26565659 0.19586700
vt 0.23115639 0.19586700
vt 0.06268566 0.98541230
vt 0.01447314 0.97420651
vt 0.06268566 0.97420651
vt 0.15911070 0.97980940
vt 0.11089810 0.97420651
vt 0.15911070 0.97420651
vt 0.15911070 0.98541230
vt 0.11089810 0.98541230
vt 0.05381608 0.08835858
vt 0.04500305 0.08978635
vt 0.04500305 0.08835858
vt 0.03619027 0.08978635
vt 0.03619027 0.08835858
vt 0.00860423 0.02061921
vt 0.01576733 0.02061921
vt 0.01576733 0.02777963
vt 0.00144112 0.02777963
vt 0.00144112 0.02061921
vt 0.00860423 0.03494042
vt 0.00144112 0.03494042
vt 0.01576733 0.03494042
vt 0.14849220 0.22225110
vt 0.13474350 0.23448621
vt 0.11549540 0.22225110
vt 0.09899699 0.23448621
vt 0.06325048 0.23448621
vt 0.08249861 0.22225110
vt 0.02750372 0.23448621
vt 0.01650500 0.22225110
vt 0.04950159 0.22225110
vt 0.01650500 0.28401631
vt 0.17049010 0.23448621
vt 0.18148901 0.22225110
vt 0.17598960 0.28401631
vt 0.18148901 0.28401631
vt 0.17049010 0.28401631
vt 0.02750372 0.28401631
vt 0.02200442 0.28401631
vt 0.00252873 0.33317539
vt 0.00597435 0.34438121
vt 0.00252873 0.34438121
vt 0.00959373 0.33317539
vt 0.01286548 0.34438121
vt 0.00941992 0.34438121
vt 0.00606757 0.33317539
vt 0.01660794 0.33317539
vt 0.01975661 0.34438121
vt 0.01631093 0.34438121
vt 0.02357178 0.33317539
vt 0.02664756 0.34438121
vt 0.02320218 0.34438121
vt 0.02009618 0.33317539
vt 0.01310712 0.33317539
vt 0.03009331 0.34438121
vt 0.02703529 0.33317539
vt 0.03048628 0.33317539
vt 0.03353869 0.34438121
vt 0.03735136 0.33317539
vt 0.04042989 0.34438121
vt 0.03698444 0.34438121
vt 0.03392487 0.33317539
vt 0.04416823 0.33317539
vt 0.04732114 0.34438121
vt 0.04387557 0.34438121
vt 0.05093663 0.33317539
vt 0.05421227 0.34438121
vt 0.05076652 0.34438121
vt 0.05765765 0.33877829
vt 0.05430305 0.33317539
vt 0.05765765 0.33317539
vt 0.04755830 0.33317539
vt 0.04076594 0.33317539
vt 0.05765765 0.34438121
vt 0.24833260 0.09848749
vt 0.25948200 0.09980756
vt 0.24833260 0.09987205
vt 0.24833260 0.10121220
vt 0.25948200 0.10244760
vt 0.24833260 0.10251010
vt 0.25948200 0.10376760
vt 0.24833260 0.10376760
vt 0.25948200 0.10112760
vt 0.00699049 0.55929059
vt 0.00642878 0.57049638
vt 0.00642878 0.55929059
vt 0.00755227 0.55929059
vt 0.00699049 0.57049638
vt 0.00867581 0.55929059
vt 0.00811404 0.57049638
vt 0.00811404 0.55929059
vt 0.00755227 0.57049638
vt 0.20763050 0.14056180
vt 0.21884219 0.13934450
vt 0.21884219 0.14056180
vt 0.21884219 0.14177901
vt 0.20763050 0.14177901
vt 0.21884219 0.14299630
vt 0.20763050 0.14299630
vt 0.21884219 0.14421339
vt 0.20763050 0.14421339
vt 0.01848369 0.12928391
vt 0.01848369 0.12827779
vt 0.02482271 0.12827779
vt 0.01848369 0.13032940
vt 0.03116130 0.12934551
vt 0.03116130 0.13041310
vt 0.01848369 0.13141669
vt 0.03116130 0.13148069
vt 0.02482271 0.13254830
vt 0.01848369 0.13254830
vt 0.03116130 0.13254830
vt 0.03116130 0.12827779
vt 0.01234602 0.92433441
vt 0.01234602 0.91873151
vt 0.07403224 0.91873151
vt 0.07403224 0.92993730
vt 0.01234602 0.92993730
vt 0.13571820 0.92433441
vt 0.13571820 0.92993730
vt 0.13571820 0.91873151
vt 0.03567939 0.13369110
vt 0.03567939 0.13254830
vt 0.04195439 0.13254830
vt 0.04822957 0.13478890
vt 0.03567939 0.13478890
vt 0.04822957 0.13584450
vt 0.03567939 0.13584450
vt 0.04195439 0.13686030
vt 0.03567939 0.13686030
vt 0.04822957 0.13369110
vt 0.04822957 0.13686030
vt 0.04822957 0.13254830
vt 0.06433618 0.82603741
vt 0.06433618 0.82043451
vt 0.06680434 0.82043451
vt 0.06822228 0.83164030
vt 0.06927245 0.82043451
vt 0.07420873 0.82043451
vt 0.07216465 0.83164030
vt 0.07174062 0.82043451
vt 0.07914501 0.82043451
vt 0.07616460 0.83164030
vt 0.07667684 0.82043451
vt 0.07415735 0.83164030
vt 0.07018637 0.83164030
vt 0.06433618 0.83164030
vt 0.08408129 0.82043451
vt 0.08456444 0.83164030
vt 0.08161312 0.82043451
vt 0.08679139 0.83164030
vt 0.09050709 0.82043451
vt 0.09306275 0.83164030
vt 0.09103733 0.83164030
vt 0.09372001 0.82043451
vt 0.09693294 0.82043451
vt 0.09693294 0.82603741
vt 0.08729416 0.82043451
vt 0.08894795 0.83164030
vt 0.08022344 0.83164030
vt 0.09693294 0.83164030
vt 0.00109583 0.83869332
vt 0.01198989 0.83767480
vt 0.01198989 0.83880150
vt 0.00109583 0.84090823
vt 0.01198989 0.83992809
vt 0.01198989 0.84105468
vt 0.00109583 0.84204292
vt 0.01198989 0.84218138
vt 0.00109583 0.83979189
vt 0.00109583 0.84436899
vt 0.01198989 0.84330797
vt 0.01198989 0.84443468
vt 0.00109583 0.84556133
vt 0.00654292 0.84556133
vt 0.00109583 0.84319639
vt 0.00654292 0.83654809
vt 0.00109583 0.83761221
vt 0.00109583 0.83654809
vt 0.01198989 0.83654809
vt 0.01198989 0.84556133
vt 0.02415376 0.98919839
vt 0.02415376 0.98698503
vt 0.05098766 0.98698503
vt 0.07782143 0.98698503
vt 0.10465520 0.98698503
vt 0.13148890 0.98698503
vt 0.02415376 0.99141192
vt 0.04830420 0.99141192
vt 0.07245469 0.99141192
vt 0.09660506 0.99141192
vt 0.12075540 0.99141192
vt 0.14490581 0.99141192
vt 0.15832271 0.98698503
vt 0.18515640 0.98698503
vt 0.16905621 0.99141192
vt 0.23882399 0.98698503
vt 0.21735691 0.99141192
vt 0.21199021 0.98698503
vt 0.26565769 0.98698503
vt 0.24150731 0.99141192
vt 0.19320659 0.99141192
vt 0.04094797 0.50544888
vt 0.03899317 0.51665479
vt 0.03899317 0.50544888
vt 0.03703880 0.51665479
vt 0.03703880 0.50544888
vt 0.03606128 0.50544888
vt 0.03508400 0.51665479
vt 0.03508400 0.50544888
vt 0.03410691 0.50544888
vt 0.03312957 0.51665479
vt 0.03312957 0.50544888
vt 0.03410691 0.51665479
vt 0.03606128 0.51665479
vt 0.12456350 0.45420891
vt 0.12069120 0.46431831
vt 0.12069120 0.45420891
vt 0.13286810 0.45420891
vt 0.12861800 0.46431831
vt 0.12861800 0.45420891
vt 0.12456350 0.46431831
vt 0.14201429 0.45420891
vt 0.13732819 0.46431831
vt 0.13732819 0.45420891
vt 0.15173750 0.45420891
vt 0.14691100 0.46431831
vt 0.14691100 0.45420891
vt 0.14201429 0.46431831
vt 0.13286810 0.46431831
vt 0.16099510 0.45420891
vt 0.15643039 0.46431831
vt 0.15643039 0.45420891
vt 0.16976070 0.45420891
vt 0.16543689 0.46431831
vt 0.16543689 0.45420891
vt 0.16099510 0.46431831
vt 0.17807230 0.45420891
vt 0.17397089 0.46431831
vt 0.17397089 0.45420891
vt 0.18596441 0.45420891
vt 0.18206879 0.46431831
vt 0.18206879 0.45420891
vt 0.17807230 0.46431831
vt 0.16976070 0.46431831
vt 0.15173750 0.46431831
vt 0.18596441 0.46431831
vt 0.18976299 0.45420891
vt 0.18976299 0.46431831
vt 0.19359399 0.45420891
vt 0.20176721 0.45420891
vt 0.19759171 0.46431831
vt 0.19759171 0.45420891
vt 0.19359399 0.46431831
vt 0.21070120 0.45420891
vt 0.20613270 0.46431831
vt 0.20613270 0.45420891
vt 0.22042930 0.45420891
vt 0.21548750 0.46431831
vt 0.21548750 0.45420891
vt 0.21070120 0.46431831
vt 0.20176721 0.46431831
vt 0.22990391 0.45420891
vt 0.22524180 0.46431831
vt 0.22524180 0.45420891
vt 0.23880421 0.45420891
vt 0.23442259 0.46431831
vt 0.23442259 0.45420891
vt 0.24718060 0.45420891
vt 0.24305490 0.46431831
vt 0.24305490 0.45420891
vt 0.25507811 0.45420891
vt 0.25118661 0.46431831
vt 0.25118661 0.45420891
vt 0.24718060 0.46431831
vt 0.23880421 0.46431831
vt 0.22042930 0.46431831
vt 0.25507811 0.46431831
vt 0.25885990 0.45420891
vt 0.25885990 0.46431831
vt 0.07852196 0.37355670
vt 0.02243965 0.38476250
vt 0.02243965 0.37355670
vt 0.13460401 0.37355670
vt 0.07852196 0.38476250
vt 0.24676821 0.37355670
vt 0.19068620 0.38476250
vt 0.19068620 0.37355670
vt 0.13460401 0.38476250
vt 0.09453290 0.57835400
vt 0.09059405 0.57275110
vt 0.09453290 0.57275110
vt 0.08665513 0.57275110
vt 0.08271628 0.58395678
vt 0.08271628 0.57275110
vt 0.08665513 0.58395678
vt 0.07877743 0.57275110
vt 0.07483851 0.58395678
vt 0.07483851 0.57275110
vt 0.07877743 0.58395678
vt 0.07089966 0.58395678
vt 0.07089966 0.57275110
vt 0.06696081 0.58395678
vt 0.06696081 0.57275110
vt 0.06302195 0.58395678
vt 0.06302195 0.57275110
vt 0.05908304 0.58395678
vt 0.05908304 0.57275110
vt 0.05514419 0.57275110
vt 0.05120515 0.58395678
vt 0.05120515 0.57275110
vt 0.05514419 0.58395678
vt 0.04726642 0.57275110
vt 0.04332751 0.58395678
vt 0.04332751 0.57275110
vt 0.03938853 0.57275110
vt 0.03544980 0.58395678
vt 0.03544980 0.57275110
vt 0.03151077 0.57835400
vt 0.03151077 0.57275110
vt 0.03938853 0.58395678
vt 0.04726642 0.58395678
vt 0.09059405 0.58395678
vt 0.03151077 0.58395678
vt 0.09453290 0.58395678
vt 0.05297142 0.02351152
vt 0.06634926 0.02821385
vt 0.05297142 0.02821385
vt 0.05297142 0.03291618
vt 0.06634926 0.03761857
vt 0.05297142 0.03761857
vt 0.06634926 0.04232090
vt 0.05297142 0.04232090
vt 0.06634926 0.03291618
vt 0.05297142 0.04702323
vt 0.06634926 0.05172574
vt 0.05297142 0.05172574
vt 0.05297142 0.05642813
vt 0.05966037 0.05642813
vt 0.06634926 0.04702323
vt 0.05966037 0.01880919
vt 0.05297142 0.01880919
vt 0.06634926 0.02351152
vt 0.06634926 0.01880919
vt 0.06634926 0.05642813
vt 0.11066800 0.01880919
vt 0.10449360 0.02116054
vt 0.10449360 0.01880919
vt 0.10449360 0.02351152
vt 0.11684230 0.02586287
vt 0.10449360 0.02586287
vt 0.11684230 0.02351152
vt 0.11684230 0.02821385
vt 0.10449360 0.02821385
vt 0.11684230 0.03056520
vt 0.10449360 0.03056520
vt 0.10449360 0.03291618
vt 0.11684230 0.03526753
vt 0.10449360 0.03526753
vt 0.11066800 0.03761857
vt 0.10449360 0.03761857
vt 0.11684230 0.03291618
vt 0.11684230 0.02116054
vt 0.11684230 0.03761857
vt 0.11684230 0.01880919
vt 0.02415508 0.17935251
vt 0.02415508 0.17629839
vt 0.05865526 0.17629839
vt 0.12765570 0.17629839
vt 0.09315550 0.18240660
vt 0.09315550 0.17629839
vt 0.05865526 0.18240660
vt 0.02415508 0.18240660
vt 0.16215590 0.17629839
vt 0.12765570 0.18240660
vt 0.19665609 0.17629839
vt 0.16215590 0.18240660
vt 0.26565659 0.17935251
vt 0.23115639 0.17629839
vt 0.26565659 0.17629839
vt 0.26565659 0.18240660
vt 0.23115639 0.18240660
vt 0.19665609 0.18240660
vt 0.09814351 0.34663579
vt 0.09387642 0.35784170
vt 0.09387642 0.34663579
vt 0.08960932 0.34663579
vt 0.08534222 0.35784170
vt 0.08534222 0.34663579
vt 0.08960932 0.35784170
vt 0.08107507 0.34663579
vt 0.07680797 0.35784170
vt 0.07680797 0.34663579
vt 0.07254087 0.34663579
vt 0.06827378 0.35784170
vt 0.06827378 0.34663579
vt 0.06400662 0.35784170
vt 0.06400662 0.34663579
vt 0.07254087 0.35784170
vt 0.08107507 0.35784170
vt 0.05973953 0.34663579
vt 0.05547243 0.35784170
vt 0.05547243 0.34663579
vt 0.05120515 0.34663579
vt 0.04693818 0.35784170
vt 0.04693818 0.34663579
vt 0.05120515 0.35784170
vt 0.04267108 0.34663579
vt 0.03840380 0.35784170
vt 0.03840380 0.34663579
vt 0.03413689 0.34663579
vt 0.03413689 0.35223880
vt 0.04267108 0.35784170
vt 0.05973953 0.35784170
vt 0.10241060 0.35223880
vt 0.10241060 0.34663579
vt 0.09814351 0.35784170
vt 0.10241060 0.35784170
vt 0.02415508 0.16589209
vt 0.02415508 0.16283810
vt 0.05865526 0.16283810
vt 0.12765570 0.16283810
vt 0.09315550 0.16894621
vt 0.09315550 0.16283810
vt 0.05865526 0.16894621
vt 0.02415508 0.16894621
vt 0.12765570 0.16894621
vt 0.16215590 0.16283810
vt 0.16215590 0.16894621
vt 0.19665609 0.16283810
vt 0.26565659 0.16589209
vt 0.23115639 0.16283810
vt 0.26565659 0.16283810
vt 0.26565659 0.16894621
vt 0.23115639 0.16894621
vt 0.19665609 0.16894621
vt 0.00112724 0.93762940
vt 0.01233291 0.93894231
vt 0.00112724 0.93894231
vt 0.00112724 0.94025522
vt 0.01233291 0.94156820
vt 0.00112724 0.94156820
vt 0.00112724 0.94288123
vt 0.01233291 0.94288123
vt 0.01233291 0.94025522
vt 0.00112724 0.94550711
vt 0.01233291 0.94419408
vt 0.01233291 0.94550711
vt 0.00112724 0.94682002
vt 0.00673014 0.94682002
vt 0.00112724 0.94419408
vt 0.00673014 0.93631637
vt 0.00112724 0.93631637
vt 0.01233291 0.93762940
vt 0.01233291 0.93631637
vt 0.01233291 0.94682002
vt 0.15597440 0.86129189
vt 0.15340699 0.88320333
vt 0.15340699 0.86129189
vt 0.15083981 0.86129189
vt 0.14827250 0.88320333
vt 0.14827250 0.86129189
vt 0.14570510 0.86129189
vt 0.14570510 0.88320333
vt 0.15083981 0.88320333
vt 0.14057051 0.86129189
vt 0.14313780 0.88320333
vt 0.14057051 0.88320333
vt 0.13800320 0.86129189
vt 0.13800320 0.87224758
vt 0.14313780 0.86129189
vt 0.15854169 0.87224758
vt 0.15854169 0.86129189
vt 0.15597440 0.88320333
vt 0.15854169 0.88320333
vt 0.13800320 0.88320333
vt 0.17694810 0.12546080
vt 0.17321280 0.12677380
vt 0.17321280 0.12546080
vt 0.17321280 0.12808681
vt 0.18441860 0.12939970
vt 0.17321280 0.12939970
vt 0.18441860 0.12677380
vt 0.18441860 0.12808681
vt 0.18441860 0.13071260
vt 0.17321280 0.13071260
vt 0.17321280 0.13333860
vt 0.18441860 0.13202550
vt 0.18441860 0.13333860
vt 0.17321280 0.13465160
vt 0.18441860 0.13465160
vt 0.17321280 0.13596450
vt 0.17694810 0.13596450
vt 0.18068330 0.13596450
vt 0.17321280 0.13202550
vt 0.18068330 0.12546080
vt 0.18441860 0.12546080
vt 0.18441860 0.13596450
vt 0.17321280 0.14909410
vt 0.18441860 0.14778110
vt 0.18441860 0.14909410
vt 0.17321280 0.15040700
vt 0.18441860 0.15172000
vt 0.17321280 0.15172000
vt 0.18441860 0.15303300
vt 0.17321280 0.15303300
vt 0.18441860 0.15040700
vt 0.17321280 0.15565890
vt 0.18441860 0.15434590
vt 0.18441860 0.15565890
vt 0.17321280 0.15697180
vt 0.17881569 0.15697180
vt 0.17321280 0.15434590
vt 0.17881569 0.14646821
vt 0.17321280 0.14778110
vt 0.17321280 0.14646821
vt 0.18441860 0.14646821
vt 0.18441860 0.15697180
vt 0.19602419 0.10170850
vt 0.20162711 0.10170850
vt 0.20162711 0.11011370
vt 0.19042140 0.11011370
vt 0.19042140 0.10170850
vt 0.19602419 0.11851890
vt 0.19042140 0.11851890
vt 0.20162711 0.11851890
vt 0.12172630 0.14803711
vt 0.13431551 0.14932680
vt 0.12172630 0.14932680
vt 0.13431551 0.15061650
vt 0.12172630 0.15061650
vt 0.12172630 0.15190610
vt 0.12802090 0.15190610
vt 0.12802090 0.14674740
vt 0.12172630 0.14674740
vt 0.13431551 0.14803711
vt 0.13431551 0.14674740
vt 0.13431551 0.15190610
vt 0.14453200 0.13907631
vt 0.13881800 0.13050440
vt 0.14453200 0.12193260
vt 0.13881800 0.12193260
vt 0.15024599 0.13050440
vt 0.15024599 0.12193260
vt 0.15024599 0.13907631
vt 0.13881800 0.13907631
vt 0.09333831 0.08665752
vt 0.08726471 0.08914631
vt 0.08726471 0.08665752
vt 0.08726471 0.09163510
vt 0.09941184 0.09412389
vt 0.08726471 0.09412389
vt 0.09941184 0.09163510
vt 0.09941184 0.09661269
vt 0.08726471 0.09661269
vt 0.09941184 0.09910154
vt 0.08726471 0.09910154
vt 0.08726471 0.10159030
vt 0.09941184 0.10407910
vt 0.08726471 0.10407910
vt 0.09333831 0.10656790
vt 0.08726471 0.10656790
vt 0.09941184 0.10159030
vt 0.09941184 0.08914631
vt 0.09941184 0.10656790
vt 0.09941184 0.08665752
vt 0.07005620 0.08914631
vt 0.08220332 0.09163510
vt 0.07005620 0.09163510
vt 0.07005620 0.09412389
vt 0.08220332 0.09661269
vt 0.07005620 0.09661269
vt 0.08220332 0.09910154
vt 0.07005620 0.09910154
vt 0.08220332 0.09412389
vt 0.07005620 0.10159030
vt 0.08220332 0.10407910
vt 0.07005620 0.10407910
vt 0.07005620 0.10656790
vt 0.07612973 0.10656790
vt 0.08220332 0.10159030
vt 0.07612973 0.08665752
vt 0.07005620 0.08665752
vt 0.08220332 0.08914631
vt 0.08220332 0.08665752
vt 0.08220332 0.10656790
vt 0.16721010 0.08992308
vt 0.15600429 0.08992308
vt 0.16160721 0.08151787
vt 0.15600429 0.08151787
vt 0.16721010 0.08151787
vt 0.16160721 0.09832829
vt 0.16721010 0.09832829
vt 0.15600429 0.09832829
vt 0.10451780 0.14803711
vt 0.10451780 0.14674740
vt 0.11081240 0.14674740
vt 0.11710690 0.14932680
vt 0.10451780 0.14932680
vt 0.11710690 0.15061650
vt 0.10451780 0.15061650
vt 0.11081240 0.15190610
vt 0.10451780 0.15190610
vt 0.11710690 0.14803711
vt 0.11710690 0.15190610
vt 0.11710690 0.14674740
vt 0.18441860 0.08992308
vt 0.17321280 0.08992308
vt 0.17881569 0.08151787
vt 0.17321280 0.08151787
vt 0.18441860 0.08151787
vt 0.17881569 0.09832829
vt 0.18441860 0.09832829
vt 0.17321280 0.09832829
vt 0.14439860 0.10170850
vt 0.15000150 0.10170850
vt 0.15000150 0.10731200
vt 0.13879570 0.10170850
vt 0.13879570 0.10731200
vt 0.13879570 0.11291550
vt 0.14439860 0.11851890
vt 0.15000150 0.11291550
vt 0.15000150 0.11851890
vt 0.13879570 0.11851890
vt 0.22265880 0.08126896
vt 0.22412750 0.08126896
vt 0.22412750 0.08843207
vt 0.22119001 0.09559512
vt 0.22119001 0.08126896
vt 0.21972130 0.09559512
vt 0.21972130 0.08126896
vt 0.21825249 0.08843207
vt 0.21825249 0.08126896
vt 0.22265880 0.09559512
vt 0.21825249 0.09559512
vt 0.22412750 0.09559512
vt 0.18441860 0.11011370
vt 0.17321280 0.11011370
vt 0.17881569 0.10170850
vt 0.17321280 0.10170850
vt 0.18441860 0.10170850
vt 0.17881569 0.11851890
vt 0.18441860 0.11851890
vt 0.17321280 0.11851890
vt 0.07666426 0.12868071
vt 0.07014572 0.13135371
vt 0.07014572 0.12868071
vt 0.07014572 0.13402700
vt 0.08318287 0.13670020
vt 0.07014572 0.13670020
vt 0.08318287 0.13402700
vt 0.08318287 0.13937341
vt 0.07014572 0.13937341
vt 0.08318287 0.14204650
vt 0.07014572 0.14204650
vt 0.07014572 0.14471970
vt 0.08318287 0.14739290
vt 0.07014572 0.14739290
vt 0.07666426 0.15006609
vt 0.07014572 0.15006609
vt 0.08318287 0.14471970
vt 0.08318287 0.13135371
vt 0.08318287 0.15006609
vt 0.08318287 0.12868071
vt 0.09387284 0.12868071
vt 0.08735430 0.13135371
vt 0.08735430 0.12868071
vt 0.08735430 0.13402700
vt 0.10039140 0.13670020
vt 0.08735430 0.13670020
vt 0.10039140 0.13402700
vt 0.10039140 0.13937341
vt 0.08735430 0.13937341
vt 0.10039140 0.14204650
vt 0.08735430 0.14204650
vt 0.08735430 0.14471970
vt 0.10039140 0.14739290
vt 0.08735430 0.14739290
vt 0.09387284 0.15006609
vt 0.08735430 0.15006609
vt 0.10039140 0.14471970
vt 0.10039140 0.13135371
vt 0.10039140 0.15006609
vt 0.10039140 0.12868071
vt 0.19602419 0.08151787
vt 0.20162711 0.08151787
vt 0.20162711 0.08992308
vt 0.19042140 0.08992308
vt 0.19042140 0.08151787
vt 0.19602419 0.09832829
vt 0.19042140 0.09832829
vt 0.22265880 0.10032020
vt 0.22119001 0.11464640
vt 0.22119001 0.10032020
vt 0.21972130 0.11464640
vt 0.21972130 0.10032020
vt 0.21825249 0.10032020
vt 0.21825249 0.10748330
vt 0.22412750 0.10748330
vt 0.22412750 0.10032020
vt 0.22265880 0.11464640
vt 0.22412750 0.11464640
vt 0.21825249 0.11464640
vt 0.16721010 0.11011370
vt 0.15600429 0.11011370
vt 0.16160721 0.10170850
vt 0.15600429 0.10170850
vt 0.16721010 0.10170850
vt 0.16160721 0.11851890
vt 0.16721010 0.11851890
vt 0.15600429 0.11851890
vt 0.25074801 0.02160292
vt 0.25891581 0.02160292
vt 0.25891581 0.02976799
vt 0.24258029 0.02976799
vt 0.24258029 0.02160292
vt 0.25074801 0.03793293
vt 0.24258029 0.03793293
vt 0.25891581 0.03793293
vt 0.07768166 0.95732367
vt 0.07394641 0.95863670
vt 0.07394641 0.95732367
vt 0.07954931 0.95863670
vt 0.07394641 0.95994961
vt 0.07954931 0.96126258
vt 0.08141696 0.95732367
vt 0.07954931 0.96257550
vt 0.07394641 0.96126258
vt 0.08515220 0.95994961
vt 0.07394641 0.96257550
vt 0.07954931 0.96388853
vt 0.07394641 0.96388853
vt 0.07954931 0.96520138
vt 0.07394641 0.96520138
vt 0.07768166 0.96782732
vt 0.07394641 0.96651441
vt 0.07954931 0.96651441
vt 0.07394641 0.96782732
vt 0.08515220 0.96257550
vt 0.08515220 0.96126258
vt 0.08515220 0.95863670
vt 0.08515220 0.95732367
vt 0.08515220 0.96388853
vt 0.08141696 0.96782732
vt 0.08515220 0.96651441
vt 0.08515220 0.96520138
vt 0.08515220 0.96782732
vt 0.00860423 0.07329159
vt 0.00144112 0.06374418
vt 0.00860423 0.05897039
vt 0.00144112 0.05897039
vt 0.01576733 0.06613099
vt 0.01576733 0.05897039
vt 0.01576733 0.07329159
vt 0.00144112 0.07329159
vt 0.00144112 0.06851786
vt 0.28012019 0.05477786
vt 0.27336651 0.04577589
vt 0.28012019 0.04127502
vt 0.27336651 0.04127502
vt 0.28687391 0.04802644
vt 0.28687391 0.04127502
vt 0.28687391 0.05477786
vt 0.27336651 0.05477786
vt 0.27336651 0.05027693
vt 0.00860423 0.03979480
vt 0.01576733 0.03979480
vt 0.01576733 0.04695522
vt 0.00144112 0.04695522
vt 0.00144112 0.03979480
vt 0.00860423 0.05411601
vt 0.00144112 0.05411601
vt 0.01576733 0.05411601
vt 0.16174060 0.14615580
vt 0.15602660 0.14749479
vt 0.15602660 0.14615580
vt 0.15602660 0.15017280
vt 0.16745460 0.14883380
vt 0.16745460 0.15017280
vt 0.15602660 0.14883380
vt 0.16745460 0.15151170
vt 0.15602660 0.15151170
vt 0.15602660 0.15285081
vt 0.16745460 0.15285081
vt 0.15602660 0.15552869
vt 0.16745460 0.15418971
vt 0.16745460 0.15552869
vt 0.16174060 0.15686770
vt 0.15602660 0.15686770
vt 0.15602660 0.15418971
vt 0.16745460 0.14749479
vt 0.16745460 0.15686770
vt 0.16745460 0.14615580
vt 0.02581280 0.05896776
vt 0.02581280 0.07329410
vt 0.01865220 0.06613099
vt 0.01865220 0.07329410
vt 0.01865220 0.05896776
vt 0.03297322 0.06613099
vt 0.03297322 0.05896776
vt 0.03297322 0.07329410
vt 0.01865220 0.04695522
vt 0.01865220 0.03979218
vt 0.02581280 0.03979218
vt 0.02581280 0.05411851
vt 0.01865220 0.05411851
vt 0.03297322 0.04695522
vt 0.03297322 0.05411851
vt 0.03297322 0.03979218
vt 0.23929361 0.02976799
vt 0.22295810 0.02976799
vt 0.23112580 0.02160292
vt 0.22295810 0.02160292
vt 0.23929361 0.02160292
vt 0.23112580 0.03793293
vt 0.23929361 0.03793293
vt 0.22295810 0.03793293
vt 0.15854169 0.84227562
vt 0.15597440 0.83497190
vt 0.15854169 0.83497190
vt 0.15340699 0.84592748
vt 0.15340699 0.83497190
vt 0.15854169 0.84957951
vt 0.15597440 0.84592748
vt 0.15083981 0.83497190
vt 0.15340699 0.85688329
vt 0.14570510 0.83497190
vt 0.14827250 0.84592748
vt 0.14570510 0.84592748
vt 0.14313780 0.84592748
vt 0.14313780 0.83497190
vt 0.13800320 0.84227562
vt 0.14057051 0.83497190
vt 0.14057051 0.84592748
vt 0.13800320 0.83497190
vt 0.15083981 0.84592748
vt 0.14827250 0.83497190
vt 0.15083981 0.85688329
vt 0.15597440 0.85688329
vt 0.15854169 0.85688329
vt 0.14827250 0.85688329
vt 0.14057051 0.85688329
vt 0.13800320 0.84957951
vt 0.14313780 0.85688329
vt 0.13800320 0.85688329
vt 0.26085129 0.04127502
vt 0.26760510 0.04127502
vt 0.26760510 0.04577589
vt 0.25409761 0.04802644
vt 0.25409761 0.04127502
vt 0.26085129 0.05477786
vt 0.26760510 0.05027693
vt 0.26760510 0.05477786
vt 0.25409761 0.05477786
vt 0.02581280 0.02061921
vt 0.03297585 0.02061921
vt 0.03297585 0.02539283
vt 0.01864957 0.02777963
vt 0.01864957 0.02061921
vt 0.02581280 0.03494042
vt 0.03297585 0.03016668
vt 0.03297585 0.03494042
vt 0.01864957 0.03494042
vt 0.02581280 0.00144351
vt 0.03297585 0.00144351
vt 0.03297585 0.00860423
vt 0.01864957 0.00860423
vt 0.01864957 0.00144351
vt 0.02581280 0.01576483
vt 0.03297585 0.01576483
vt 0.01864957 0.01576483
vt 0.13881800 0.14749479
vt 0.15024599 0.14883380
vt 0.13881800 0.14883380
vt 0.13881800 0.15017280
vt 0.15024599 0.15151170
vt 0.13881800 0.15151170
vt 0.13881800 0.15285081
vt 0.15024599 0.15285081
vt 0.15024599 0.15017280
vt 0.13881800 0.15552869
vt 0.15024599 0.15418971
vt 0.15024599 0.15552869
vt 0.13881800 0.15686770
vt 0.14453200 0.15686770
vt 0.13881800 0.15418971
vt 0.14453200 0.14615580
vt 0.13881800 0.14615580
vt 0.15024599 0.14749479
vt 0.15024599 0.14615580
vt 0.15024599 0.15686770
vt 0.23112580 0.00164616
vt 0.23929361 0.00164616
vt 0.23929361 0.00981104
vt 0.22295810 0.00981104
vt 0.22295810 0.00164616
vt 0.23112580 0.01797598
vt 0.22295810 0.01797598
vt 0.23929361 0.01797598
vt 0.25891581 0.00981104
vt 0.24258029 0.00981104
vt 0.25074801 0.00164616
vt 0.24258029 0.00164616
vt 0.25891581 0.00164616
vt 0.25074801 0.01797598
vt 0.25891581 0.01797598
vt 0.24258029 0.01797598
vt 0.11097900 0.12536320
vt 0.11556600 0.12683821
vt 0.11097900 0.12683821
vt 0.11097900 0.12831330
vt 0.11556600 0.12978829
vt 0.11097900 0.12978829
vt 0.11556600 0.13126330
vt 0.11097900 0.13126330
vt 0.11556600 0.12831330
vt 0.11097900 0.13273840
vt 0.11556600 0.13421351
vt 0.11097900 0.13421351
vt 0.11097900 0.13568850
vt 0.11327250 0.13568850
vt 0.11556600 0.13273840
vt 0.11327250 0.12388810
vt 0.11097900 0.12388810
vt 0.11556600 0.12536320
vt 0.11556600 0.12388810
vt 0.11556600 0.13568850
vt 0.06148797 0.08794677
vt 0.06012672 0.09075784
vt 0.06012672 0.08794677
vt 0.06216835 0.09638005
vt 0.06012672 0.09638005
vt 0.06012672 0.09356898
vt 0.06216835 0.09075784
vt 0.06284916 0.08794677
vt 0.06012672 0.09919118
vt 0.06216835 0.09919118
vt 0.06216835 0.10200230
vt 0.06421041 0.10059670
vt 0.06421041 0.10200230
vt 0.06012672 0.10200230
vt 0.06421041 0.09778559
vt 0.06421041 0.09919118
vt 0.06012672 0.10481330
vt 0.06216835 0.10481330
vt 0.06148797 0.11043560
vt 0.06012672 0.11043560
vt 0.06012672 0.10762450
vt 0.06216835 0.10762450
vt 0.06421041 0.10621890
vt 0.06284916 0.11043560
vt 0.06421041 0.10903000
vt 0.06421041 0.10340780
vt 0.06421041 0.09356898
vt 0.06421041 0.09497451
vt 0.06421041 0.08935230
vt 0.06421041 0.08794677
vt 0.06421041 0.09075784
vt 0.06421041 0.09216338
vt 0.06421041 0.09638005
vt 0.06421041 0.10762450
vt 0.06421041 0.11043560
vt 0.06421041 0.10481330
vt 0.22926120 0.04952615
vt 0.23141630 0.05072760
vt 0.22926120 0.05072760
vt 0.22926120 0.05192905
vt 0.23141630 0.05313056
vt 0.22926120 0.05313056
vt 0.23141630 0.05192905
vt 0.22926120 0.05433207
vt 0.23141630 0.05553364
vt 0.22926120 0.05553364
vt 0.22926120 0.05673515
vt 0.23141630 0.05793666
vt 0.22926120 0.05793666
vt 0.23141630 0.05673515
vt 0.23141630 0.05433207
vt 0.22926120 0.05913823
vt 0.23141630 0.06033974
vt 0.22926120 0.06033974
vt 0.22926120 0.06154131
vt 0.23141630 0.06274300
vt 0.22926120 0.06274300
vt 0.23141630 0.06154131
vt 0.22926120 0.06394451
vt 0.23141630 0.06514608
vt 0.22926120 0.06514608
vt 0.22926120 0.06634759
vt 0.23141630 0.06754916
vt 0.22926120 0.06754916
vt 0.23141630 0.06875067
vt 0.22926120 0.06875067
vt 0.23141630 0.06634759
vt 0.23141630 0.06394451
vt 0.23141630 0.05913823
vt 0.26414019 0.00765580
vt 0.26116410 0.00956994
vt 0.26116410 0.00765580
vt 0.26116410 0.01148372
vt 0.26711631 0.01339793
vt 0.26116410 0.01339793
vt 0.26711631 0.01148372
vt 0.26711631 0.01531171
vt 0.26116410 0.01531171
vt 0.26711631 0.01722586
vt 0.26116410 0.01722586
vt 0.26116410 0.01913988
vt 0.26711631 0.02105385
vt 0.26116410 0.02105385
vt 0.26414019 0.02296787
vt 0.26116410 0.02296787
vt 0.26711631 0.01913988
vt 0.26711631 0.00956994
vt 0.26711631 0.02296787
vt 0.26711631 0.00765580
vt 0.25226679 0.12863740
vt 0.25097060 0.13131420
vt 0.25097060 0.12863740
vt 0.25291491 0.13666770
vt 0.25097060 0.13666770
vt 0.25097060 0.13399100
vt 0.25291491 0.13131420
vt 0.25356299 0.12863740
vt 0.25291491 0.13934450
vt 0.25097060 0.13934450
vt 0.25485921 0.13399100
vt 0.25485921 0.13800620
vt 0.25097060 0.14202119
vt 0.25291491 0.14469810
vt 0.25097060 0.14469810
vt 0.25226679 0.15005170
vt 0.25097060 0.15005170
vt 0.25097060 0.14737490
vt 0.25291491 0.14737490
vt 0.25291491 0.14202119
vt 0.25485921 0.14068291
vt 0.25485921 0.14202119
vt 0.25485921 0.14603651
vt 0.25485921 0.14737490
vt 0.25356299 0.15005170
vt 0.25485921 0.14335971
vt 0.25485921 0.14469810
vt 0.25485921 0.12997571
vt 0.25485921 0.13131420
vt 0.25485921 0.13265260
vt 0.25485921 0.13532940
vt 0.25485921 0.13666770
vt 0.25485921 0.13934450
vt 0.25485921 0.14871331
vt 0.25485921 0.15005170
vt 0.25485921 0.12863740
vt 0.23698580 0.04952615
vt 0.23914079 0.05072760
vt 0.23698580 0.05072760
vt 0.23698580 0.05192905
vt 0.23914079 0.05313056
vt 0.23698580 0.05313056
vt 0.23914079 0.05192905
vt 0.23698580 0.05433207
vt 0.23914079 0.05553364
vt 0.23698580 0.05553364
vt 0.23698580 0.05673515
vt 0.23914079 0.05793666
vt 0.23698580 0.05793666
vt 0.23914079 0.05673515
vt 0.23914079 0.05433207
vt 0.23698580 0.05913823
vt 0.23914079 0.06033974
vt 0.23698580 0.06033974
vt 0.23698580 0.06154131
vt 0.23914079 0.06274300
vt 0.23698580 0.06274300
vt 0.23914079 0.06154131
vt 0.23698580 0.06394451
vt 0.23914079 0.06514608
vt 0.23698580 0.06514608
vt 0.23698580 0.06634759
vt 0.23914079 0.06754916
vt 0.23698580 0.06754916
vt 0.23914079 0.06875067
vt 0.23698580 0.06875067
vt 0.23914079 0.06634759
vt 0.23914079 0.06394451
vt 0.23914079 0.05913823
vt 0.28288370 0.11100380
vt 0.28120509 0.11622380
vt 0.28120509 0.11100380
vt 0.27952659 0.11100380
vt 0.27784801 0.11622380
vt 0.27784801 0.11100380
vt 0.27616951 0.11622380
vt 0.27616951 0.11100380
vt 0.27952659 0.11622380
vt 0.27449089 0.11100380
vt 0.27281240 0.11622380
vt 0.27281240 0.11100380
vt 0.27113381 0.11100380
vt 0.27113381 0.11361380
vt 0.27449089 0.11622380
vt 0.28456220 0.11361380
vt 0.28456220 0.11100380
vt 0.28288370 0.11622380
vt 0.28456220 0.11622380
vt 0.27113381 0.11622380
vt 0.02775144 0.08794677
vt 0.02570945 0.09075784
vt 0.02570945 0.08794677
vt 0.02570945 0.09356898
vt 0.02979326 0.09216338
vt 0.02979326 0.09356898
vt 0.02979326 0.08935230
vt 0.02979326 0.08794677
vt 0.02979326 0.09075784
vt 0.02570945 0.09638005
vt 0.02979326 0.09497451
vt 0.02979326 0.09638005
vt 0.02979326 0.09778559
vt 0.02570945 0.09919118
vt 0.02570945 0.10200230
vt 0.02979326 0.10059670
vt 0.02979326 0.10200230
vt 0.02979326 0.10903000
vt 0.02775144 0.11043560
vt 0.02570945 0.10762450
vt 0.02570945 0.11043560
vt 0.02979326 0.10621890
vt 0.02979326 0.10762450
vt 0.02570945 0.10481330
vt 0.02979326 0.10340780
vt 0.02979326 0.10481330
vt 0.02979326 0.09919118
vt 0.02979326 0.11043560
vt 0.26794320 0.00961226
vt 0.27009830 0.01081377
vt 0.26794320 0.01081377
vt 0.26794320 0.01201528
vt 0.27009830 0.01321685
vt 0.26794320 0.01321685
vt 0.27009830 0.01201528
vt 0.26794320 0.01441836
vt 0.27009830 0.01561993
vt 0.26794320 0.01561993
vt 0.26794320 0.01682144
vt 0.27009830 0.01802295
vt 0.26794320 0.01802295
vt 0.27009830 0.01682144
vt 0.27009830 0.01441836
vt 0.26794320 0.01922452
vt 0.27009830 0.02042603
vt 0.26794320 0.02042603
vt 0.26794320 0.02162754
vt 0.27009830 0.02282911
vt 0.26794320 0.02282911
vt 0.27009830 0.02162754
vt 0.26794320 0.02403062
vt 0.27009830 0.02523219
vt 0.26794320 0.02523219
vt 0.26794320 0.02643370
vt 0.27009830 0.02763503
vt 0.26794320 0.02763503
vt 0.27009830 0.02883660
vt 0.26794320 0.02883660
vt 0.27009830 0.02643370
vt 0.27009830 0.02403062
vt 0.27009830 0.01922452
vt 0.27173039 0.05910015
vt 0.27014780 0.05663931
vt 0.27173039 0.05663931
vt 0.26856509 0.05663931
vt 0.26698250 0.06156080
vt 0.26698250 0.05663931
vt 0.26856509 0.06156080
vt 0.26539990 0.06156080
vt 0.26539990 0.05663931
vt 0.26381719 0.06156080
vt 0.26381719 0.05663931
vt 0.26223460 0.05663931
vt 0.26065201 0.06156080
vt 0.26065201 0.05663931
vt 0.25906929 0.05910015
vt 0.25906929 0.05663931
vt 0.26223460 0.06156080
vt 0.27014780 0.06156080
vt 0.25906929 0.06156080
vt 0.27173039 0.06156080
vt 0.26342341 0.12863740
vt 0.26212719 0.13131420
vt 0.26212719 0.12863740
vt 0.26212719 0.13399100
vt 0.26601580 0.13265260
vt 0.26601580 0.13399100
vt 0.26601580 0.12997571
vt 0.26471961 0.12863740
vt 0.26601580 0.12863740
vt 0.26212719 0.13666770
vt 0.26601580 0.13532940
vt 0.26601580 0.13666770
vt 0.26212719 0.13934450
vt 0.26601580 0.13800620
vt 0.26601580 0.13934450
vt 0.26212719 0.14469810
vt 0.26601580 0.14603651
vt 0.26212719 0.14737490
vt 0.26601580 0.14068291
vt 0.26212719 0.14202119
vt 0.26342341 0.15005170
vt 0.26212719 0.15005170
vt 0.26601580 0.14871331
vt 0.26471961 0.15005170
vt 0.26601580 0.14335971
vt 0.26601580 0.13131420
vt 0.26601580 0.14202119
vt 0.26601580 0.14469810
vt 0.26601580 0.14737490
vt 0.26601580 0.15005170
vt 0.02993530 0.62839383
vt 0.02868807 0.63063103
vt 0.02868807 0.62839383
vt 0.02744060 0.62839383
vt 0.02619338 0.63063103
vt 0.02619338 0.62839383
vt 0.02744060 0.63063103
vt 0.02494615 0.62839383
vt 0.02369886 0.63063103
vt 0.02369886 0.62839383
vt 0.02245146 0.62839383
vt 0.02120423 0.63063103
vt 0.02120423 0.62839383
vt 0.02245146 0.63063103
vt 0.02494615 0.63063103
vt 0.01995694 0.62839383
vt 0.01870954 0.63063103
vt 0.01870954 0.62839383
vt 0.01746231 0.62839383
vt 0.01621502 0.63063103
vt 0.01621502 0.62839383
vt 0.01746231 0.63063103
vt 0.01496762 0.62839383
vt 0.01372039 0.63063103
vt 0.01372039 0.62839383
vt 0.01247286 0.62839383
vt 0.01122570 0.63063103
vt 0.01122570 0.62839383
vt 0.00997847 0.63063103
vt 0.00997847 0.62839383
vt 0.01247286 0.63063103
vt 0.01496762 0.63063103
vt 0.01995694 0.63063103
vt 0.14676550 0.95994961
vt 0.15797129 0.95863670
vt 0.15797129 0.95994961
vt 0.14676550 0.96257550
vt 0.15797129 0.96126258
vt 0.15797129 0.96257550
vt 0.15797129 0.96388853
vt 0.14676550 0.96388853
vt 0.14676550 0.96126258
vt 0.14676550 0.96520138
vt 0.15797129 0.96651441
vt 0.14676550 0.96651441
vt 0.14676550 0.96782732
vt 0.15236840 0.96782732
vt 0.15797129 0.96520138
vt 0.15236840 0.95732367
vt 0.14676550 0.95863670
vt 0.14676550 0.95732367
vt 0.15797129 0.95732367
vt 0.15797129 0.96782732
vt 0.21958470 0.93894231
vt 0.23079041 0.93762940
vt 0.23079041 0.93894231
vt 0.21958470 0.94025522
vt 0.23079041 0.94156820
vt 0.21958470 0.94156820
vt 0.23079041 0.94288123
vt 0.21958470 0.94288123
vt 0.23079041 0.94025522
vt 0.21958470 0.94419408
vt 0.23079041 0.94550711
vt 0.21958470 0.94550711
vt 0.21958470 0.94682002
vt 0.22518750 0.94682002
vt 0.23079041 0.94419408
vt 0.22518750 0.93631637
vt 0.21958470 0.93762940
vt 0.21958470 0.93631637
vt 0.23079041 0.93631637
vt 0.23079041 0.94682002
vt 0.01759213 0.48722181
vt 0.01250541 0.49721250
vt 0.00251365 0.49212629
vt 0.00760037 0.48213571
vt 0.02758365 0.49230799
vt 0.02249693 0.50229871
vt 0.13879570 0.08992308
vt 0.15000150 0.08151787
vt 0.15000150 0.09272485
vt 0.14439860 0.09832829
vt 0.15000150 0.09832829
vt 0.13879570 0.09832829
vt 0.16745460 0.12764721
vt 0.16174060 0.12193260
vt 0.16745460 0.12193260
vt 0.15602660 0.13050440
vt 0.15602660 0.12193260
vt 0.16745460 0.13907631
vt 0.01083189 0.61313218
vt 0.01181656 0.61313218
vt 0.01181656 0.61873507
vt 0.00984716 0.62433797
vt 0.00984716 0.61313218
vt 0.00886243 0.62433797
vt 0.00886243 0.61313218
vt 0.00787771 0.61873507
vt 0.00787771 0.61313218
vt 0.01083189 0.62433797
vt 0.00787771 0.62433797
vt 0.01181656 0.62433797
vt 0.28313881 0.10112080
vt 0.27463469 0.10961040
vt 0.27463469 0.10112080
vt 0.26613060 0.10961040
vt 0.26613060 0.10112080
vt 0.11944030 0.13108650
vt 0.11944030 0.12963110
vt 0.12772129 0.12963110
vt 0.13600230 0.13254181
vt 0.11944030 0.13254181
vt 0.13600230 0.13399731
vt 0.11944030 0.13399731
vt 0.12772129 0.13545270
vt 0.11944030 0.13545270
vt 0.13600230 0.13108650
vt 0.13600230 0.13545270
vt 0.13600230 0.12963110
vt 0.20893900 0.02669173
vt 0.20621119 0.02151829
vt 0.20893900 0.02151829
vt 0.20621119 0.02927833
vt 0.20348351 0.02151829
vt 0.20075580 0.02927833
vt 0.20893900 0.03186506
vt 0.20075580 0.02151829
vt 0.19802800 0.02927833
vt 0.19802800 0.02151829
vt 0.20348351 0.03703868
vt 0.19530030 0.02151829
vt 0.19530030 0.02927833
vt 0.19257250 0.02927833
vt 0.19257250 0.02151829
vt 0.18711700 0.02669173
vt 0.18984480 0.02151829
vt 0.18984480 0.02927833
vt 0.18711700 0.02151829
vt 0.19802800 0.03703868
vt 0.20621119 0.03703868
vt 0.20893900 0.03703868
vt 0.20075580 0.03703868
vt 0.19530030 0.03703868
vt 0.19257250 0.03703868
vt 0.18984480 0.03703868
vt 0.18711700 0.03186506
vt 0.18711700 0.03703868
vt 0.20893900 0.00673479
vt 0.20621119 0.00156128
vt 0.20893900 0.00156128
vt 0.20621119 0.00932151
vt 0.20348351 0.00156128
vt 0.20075580 0.00932151
vt 0.20893900 0.01190829
vt 0.20075580 0.00156128
vt 0.19802800 0.00932151
vt 0.19802800 0.00156128
vt 0.20348351 0.01708155
vt 0.19530030 0.00156128
vt 0.19530030 0.00932151
vt 0.19257250 0.00932151
vt 0.19257250 0.00156128
vt 0.18711700 0.00673479
vt 0.18984480 0.00156128
vt 0.18984480 0.00932151
vt 0.18711700 0.00156128
vt 0.19802800 0.01708155
vt 0.20621119 0.01708155
vt 0.20893900 0.01708155
vt 0.20075580 0.01708155
vt 0.19530030 0.01708155
vt 0.19257250 0.01708155
vt 0.18984480 0.01708155
vt 0.18711700 0.01190829
vt 0.18711700 0.01708155
vt 0.09814351 0.36009631
vt 0.09387642 0.37130210
vt 0.09387642 0.36009631
vt 0.08960932 0.36009631
vt 0.08534222 0.37130210
vt 0.08534222 0.36009631
vt 0.08960932 0.37130210
vt 0.08107507 0.36009631
vt 0.07680797 0.37130210
vt 0.07680797 0.36009631
vt 0.07254087 0.36009631
vt 0.06827378 0.37130210
vt 0.06827378 0.36009631
vt 0.06400662 0.37130210
vt 0.06400662 0.36009631
vt 0.07254087 0.37130210
vt 0.08107507 0.37130210
vt 0.05973953 0.36009631
vt 0.05547243 0.37130210
vt 0.05547243 0.36009631
vt 0.05120515 0.36009631
vt 0.04693818 0.37130210
vt 0.04693818 0.36009631
vt 0.05120515 0.37130210
vt 0.04267108 0.36009631
vt 0.03840380 0.37130210
vt 0.03840380 0.36009631
vt 0.03413689 0.36009631
vt 0.03413689 0.36569920
vt 0.04267108 0.37130210
vt 0.05973953 0.37130210
vt 0.10241060 0.36569920
vt 0.10241060 0.36009631
vt 0.09814351 0.37130210
vt 0.10241060 0.37130210
vt 0.03413689 0.37130210
vt 0.28189859 0.09854704
vt 0.28116480 0.09004294
vt 0.28189859 0.08153879
vt 0.28116480 0.08153879
vt 0.28263250 0.09004294
vt 0.28263250 0.08153879
vt 0.28263250 0.09854704
vt 0.28116480 0.09854704
vt 0.27329770 0.02118319
vt 0.28963321 0.02238035
vt 0.27329770 0.02238035
vt 0.28963321 0.02357751
vt 0.27329770 0.02357751
vt 0.27329770 0.02477467
vt 0.28146541 0.02477467
vt 0.28146541 0.01998603
vt 0.27329770 0.01998603
vt 0.28963321 0.02118319
vt 0.28963321 0.01998603
vt 0.28963321 0.02477467
vt 0.03619027 0.10584180
vt 0.03619027 0.10510060
vt 0.04500305 0.10510060
vt 0.04500305 0.10662170
vt 0.03619027 0.10662170
vt 0.05381608 0.10584180
vt 0.05381608 0.10662170
vt 0.05381608 0.10510060
vt 0.00177306 0.10081680
vt 0.01939910 0.09955894
vt 0.01939910 0.10085070
vt 0.00177306 0.10211680
vt 0.01939910 0.10214240
vt 0.00177306 0.10343420
vt 0.01058614 0.10343420
vt 0.01058614 0.09826725
vt 0.00177306 0.09953373
vt 0.00177306 0.09826725
vt 0.01939910 0.09826725
vt 0.01939910 0.10343420
vt 0.17385881 0.90062732
vt 0.15142611 0.88697529
vt 0.18507500 0.88697529
vt 0.13740590 0.90062732
vt 0.18507500 0.90257609
vt 0.11777750 0.88697529
vt 0.10095310 0.90062732
vt 0.08412867 0.88697529
vt 0.05047971 0.88697529
vt 0.02804738 0.90062732
vt 0.01683104 0.88697529
vt 0.06450021 0.90062732
vt 0.17946690 0.90257609
vt 0.17385881 0.90257609
vt 0.02804738 0.90257609
vt 0.02243924 0.90257609
vt 0.01683104 0.90257609
vt 0.25155029 0.04954814
vt 0.25098521 0.04152745
vt 0.25155029 0.04152745
vt 0.25037691 0.04152745
vt 0.24972069 0.05756878
vt 0.24972069 0.04152745
vt 0.25037691 0.05756878
vt 0.24909399 0.05756878
vt 0.24909399 0.04152745
vt 0.24851340 0.05756878
vt 0.24851340 0.04152745
vt 0.24791829 0.04152745
vt 0.24730811 0.05756878
vt 0.24730811 0.04152745
vt 0.24668241 0.04954814
vt 0.24668241 0.04152745
vt 0.24791829 0.05756878
vt 0.25098521 0.05756878
vt 0.24668241 0.05756878
vt 0.25155029 0.05756878
vt 0.27600229 0.09004294
vt 0.27502701 0.08153879
vt 0.27600229 0.08153879
vt 0.27405170 0.08153879
vt 0.27324900 0.09854704
vt 0.27324900 0.08153879
vt 0.27405170 0.09854704
vt 0.27244630 0.09854704
vt 0.27244630 0.08153879
vt 0.27164361 0.08153879
vt 0.27084100 0.09004294
vt 0.27084100 0.08153879
vt 0.27164361 0.09854704
vt 0.27502701 0.09854704
vt 0.27084100 0.09854704
vt 0.27600229 0.09854704
vt 0.03413689 0.42514369
vt 0.22369181 0.04952615
vt 0.22755399 0.04952615
vt 0.23527861 0.04952615
vt 0.10830460 0.13568850
vt 0.02993530 0.62793303
vt 0.06863969 0.43860409
vt 0.06863969 0.45206451
vt 0.05381608 0.08001917
vt 0.24227341 0.09848749
vt 0.04094797 0.61087757
vt 0.18596441 0.47777870
vt 0.25885990 0.47777870
vt 0.01447314 0.98541230
vt 0.05381608 0.08978635
vt 0.25948200 0.09848749
vt 0.00867581 0.57049638
vt 0.20763050 0.13934450
vt 0.26565769 0.99141192
vt 0.04094797 0.51665479
vt 0.22990391 0.46431831
vt 0.24676821 0.38476250
vt 0.03413689 0.35784170
vt 0.20162711 0.09832829
vt 0.14570510 0.85688329
vt 0.23141630 0.04952615
vt 0.23914079 0.04952615
vt 0.27009830 0.00961226
vt 0.02993530 0.63063103
vt 0.13879570 0.08151787
vt 0.15602660 0.13907631
vt 0.28313881 0.10961040
vt 0.00000000 0.00000000
vt 0.00000000 0.00000000
vt 0.00000000 0.00000000
vt 0.00000000 0.00000000
vt 0.00000000 0.00000000
vt 0.00000000 0.00000000
vt 0.00000000 0.00000000
vt 0.00000000 0.00000000
vt 0.00000000 0.00000000
vt 0.00000000 0.00000000
vt 0.00000000 0.00000000
vt 0.00000000 0.00000000
vt 0.00000000 0.00000000
vt 0.00000000 0.00000000
vt 0.00000000 0.00000000
vt 0.00000000 0.00000000
vt 0.00000000 0.00000000
vt 0.00000000 0.00000000
vt 0.00000000 0.00000000
vt 0.00000000 0.00000000
vt 0.00000000 0.00000000
vt 0.00000000 0.00000000
vt 0.00000000 0.00000000
vt 0.00000000 0.00000000
vt 0.00000000 0.00000000
vt 0.00000000 0.00000000
vt 0.00000000 0.00000000
vt 0.00000000 0.00000000
vt 0.00000000 0.00000000
vt 0.00000000 0.00000000
vt 0.00000000 0.00000000
vt 0.00000000 0.00000000
vt 0.00000000 0.00000000
vt 0.00000000 0.00000000
vt 0.00000000 0.00000000
vt 0.00000000 0.00000000
vt 0.00000000 0.00000000
vt 0.00000000 0.00000000
vt 0.00000000 0.00000000
vt 0.00000000 0.00000000
vt 0.00000000 0.00000000
vt 0.00000000 0.00000000
vt 0.00000000 0.00000000
vt 0.00000000 0.00000000
vt 0.00000000 0.00000000
vt 0.00000000 0.00000000
vt 0.00000000 0.00000000
vt 0.00000000 0.00000000
vt 0.00000000 0.00000000
vt 0.00000000 0.00000000
vt 0.00000000 0.00000000
vt 0.00000000 0.00000000
vt 0.00000000 0.00000000
vt 0.00000000 0.00000000
vt 0.00000000 0.00000000
vt 0.00000000 0.00000000
vt 0.00000000 0.00000000
vt 0.00000000 0.00000000
vt 0.00000000 0.00000000
vt 0.00000000 0.00000000
vt 0.00000000 0.00000000
vt 0.00000000 0.00000000
vt 0.00000000 0.00000000
vt 0.00000000 0.00000000
vt 0.00000000 0.00000000
vt 0.00000000 0.00000000
vt 0.00000000 0.00000000
vt 0.00000000 0.00000000
vt 0.00000000 0.00000000
vt 0.00000000 0.00000000
vt 0.00000000 0.00000000
vt 0.00000000 0.00000000
vt 0.00000000 0.00000000
vt 0.00000000 0.00000000
vt 0.00000000 0.00000000
vt 0.00000000 0.00000000
vt 0.00000000 0.00000000
vt 0.00000000 0.00000000
vt 0.00000000 0.00000000
vt 0.00000000 0.00000000
vt 0.00000000 0.00000000
vt 0.00000000 0.00000000
vt 0.00000000 0.00000000
vt 0.00000000 0.00000000
vt 0.00000000 0.00000000
vt 0.00000000 0.00000000
vt 0.00000000 0.00000000
vt 0.00000000 0.00000000
vt 0.00000000 0.00000000
vt 0.00000000 0.00000000
vt 0.00000000 0.00000000
vt 0.00000000 0.00000000
vt 0.00000000 0.00000000
vt 0.00000000 0.00000000
vt 0.00000000 0.00000000
vt 0.00000000 0.00000000
vt 0.00000000 0.00000000
vt 0.00000000 0.00000000
vt 0.00000000 0.00000000
vt 0.00000000 0.00000000
vt 0.00000000 0.00000000
vt 0.00000000 0.00000000
vt 0.00000000 0.00000000
vt 0.00000000 0.00000000
vt 0.00000000 0.00000000
vt 0.00000000 0.00000000
vt 0.00000000 0.00000000
vt 0.00000000 0.00000000
vt 0.00000000 0.00000000
vt 0.00000000 0.00000000
vt 0.00000000 0.00000000
vt 0.00000000 0.00000000
vt 0.00000000 0.00000000
vt 0.00000000 0.00000000
vt 0.00000000 0.00000000
vt 0.00000000 0.00000000
vt 0.00000000 0.00000000
vt 0.00000000 0.00000000
vt 0.00000000 0.00000000
vt 0.00000000 0.00000000
vt 0.00000000 0.00000000
vt 0.00000000 0.00000000
vt 0.00000000 0.00000000
vt 0.00000000 0.00000000
vt 0.00000000 0.00000000
vt 0.00000000 0.00000000
vt 0.00000000 0.00000000
vt 0.00000000 0.00000000
vt 0.00000000 0.00000000
vt 0.00000000 0.00000000
vt 0.00000000 0.00000000
vt 0.00000000 0.00000000
vt 0.00000000 0.00000000
vt 0.00000000 0.00000000
vt 0.00000000 0.00000000
vt 0.00000000 0.00000000
vt 0.00000000 0.00000000
vt 0.00000000 0.00000000
vt 0.00000000 0.00000000
vt 0.00000000 0.00000000
vt 0.00000000 0.00000000
vt 0.00000000 0.00000000
vt 0.00000000 0.00000000
vt 0.00000000 0.00000000
vt 0.00000000 0.00000000
vt 0.00000000 0.00000000
vt 0.00000000 0.00000000
vt 0.00000000 0.00000000
vt 0.00000000 0.00000000
vt 0.00000000 0.00000000
vt 0.00000000 0.00000000
vt 0.00000000 0.00000000
vt 0.00000000 0.00000000
vt 0.00000000 0.00000000
vt 0.00000000 0.00000000
vt 0.00000000 0.00000000
vt 0.00000000 0.00000000
vt 0.00000000 0.00000000
vt 0.00000000 0.00000000
vt 0.00000000 0.00000000
vt 0.00000000 0.00000000
vt 0.00000000 0.00000000
vt 0.00000000 0.00000000
vt 0.00000000 0.00000000
vt 0.00000000 0.00000000
vt 0.00000000 0.00000000
vt 0.00000000 0.00000000
vt 0.00000000 0.00000000
vt 0.00000000 0.00000000
vt 0.00000000 0.00000000
vt 0.00000000 0.00000000
vt 0.00000000 0.00000000
vt 0.00000000 0.00000000
vt 0.00000000 0.00000000
vt 0.00000000 0.00000000
vt 0.00000000 0.00000000
vt 0.00000000 0.00000000
vt 0.00000000 0.00000000
vt 0.00000000 0.00000000
vt 0.00000000 0.00000000
vt 0.00000000 0.00000000
vt 0.00000000 0.00000000
vt 0.00000000 0.00000000
vt 0.00000000 0.00000000
vt 0.00000000 0.00000000
vt 0.00000000 0.00000000
vt 0.00000000 0.00000000
vt 0.00000000 0.00000000
vt 0.00000000 0.00000000
vt 0.00000000 0.00000000
vt 0.00000000 0.00000000
vt 0.00000000 0.00000000
vt 0.00000000 0.00000000
vt 0.00000000 0.00000000
vt 0.00000000 0.00000000
vt 0.00000000 0.00000000
vt 0.00000000 0.00000000
vt 0.00000000 0.00000000
vt 0.00000000 0.00000000
vt 0.00000000 0.00000000
vt 0.00000000 0.00000000
vt 0.00000000 0.00000000
vt 0.00000000 0.00000000
vt 0.00000000 0.00000000
vt 0.00000000 0.00000000
vt 0.00000000 0.00000000
vt 0.00000000 0.00000000
vt 0.00000000 0.00000000
vt 0.00000000 0.00000000
vt 0.00000000 0.00000000
vt 0.00000000 0.00000000
vt 0.00000000 0.00000000
vt 0.00000000 0.00000000
vt 0.00000000 0.00000000
vt 0.00000000 0.00000000
vt 0.00000000 0.00000000
vt 0.00000000 0.00000000
vt 0.00000000 0.00000000
vt 0.00000000 0.00000000
vt 0.00000000 0.00000000
vt 0.00000000 0.00000000
vt 0.00000000 0.00000000
vt 0.00000000 0.00000000
vt 0.00000000 0.00000000
vt 0.00000000 0.00000000
vt 0.00000000 0.00000000
vt 0.00000000 0.00000000
vt 0.00000000 0.00000000
vt 0.00000000 0.00000000
vt 0.00000000 0.00000000
vt 0.00000000 0.00000000
vt 0.00000000 0.00000000
vt 0.00000000 0.00000000
vt 0.00000000 0.00000000
vt 0.00000000 0.00000000
vt 0.00000000 0.00000000
vt 0.00000000 0.00000000
vt 0.00000000 0.00000000
vt 0.00000000 0.00000000
vt 0.00000000 0.00000000
vt 0.00000000 0.00000000
vt 0.00000000 0.00000000
vt 0.00000000 0.00000000
vt 0.00000000 0.00000000
vt 0.00000000 0.00000000
vt 0.00000000 0.00000000
vt 0.00000000 0.00000000
vt 0.00000000 0.00000000
vt 0.00000000 0.00000000
vt 0.00000000 0.00000000
vt 0.00000000 0.00000000
vt 0.00000000 0.00000000
vt 0.00000000 0.00000000
vt 0.00000000 0.00000000
vt 0.00000000 0.00000000
vt 0.00000000 0.00000000
vt 0.00000000 0.00000000
vt 0.00000000 0.00000000
vt 0.00000000 0.00000000
vt 0.00000000 0.00000000
vt 0.00000000 0.00000000
vt 0.00000000 0.00000000
vt 0.00000000 0.00000000
vt 0.00000000 0.00000000
vt 0.00000000 0.00000000
vt 0.00000000 0.00000000
vt 0.00000000 0.00000000
vt 0.00000000 0.00000000
vt 0.00000000 0.00000000
vt 0.00000000 0.00000000
vt 0.00000000 0.00000000
vt 0.00000000 0.00000000
vt 0.00000000 0.00000000
vt 0.00000000 0.00000000
vt 0.00000000 0.00000000
vt 0.00000000 0.00000000
vt 0.00000000 0.00000000
vt 0.00000000 0.00000000
vt 0.00000000 0.00000000
vt 0.00000000 0.00000000
vt 0.00000000 0.00000000
vt 0.00000000 0.00000000
vt 0.00000000 0.00000000
vt 0.00000000 0.00000000
vt 0.00000000 0.00000000
vt 0.00000000 0.00000000
vt 0.00000000 0.00000000
vt 0.00000000 0.00000000
vt 0.00000000 0.00000000
vt 0.00000000 0.00000000
vt 0.00000000 0.00000000
vt 0.00000000 0.00000000
vt 0.00000000 0.00000000
vt 0.00000000 0.00000000
vt 0.00000000 0.00000000
vt 0.00000000 0.00000000
vt 0.00000000 0.00000000
vt 0.00000000 0.00000000
vt 0.00000000 0.00000000
vt 0.00000000 0.00000000
vt 0.00000000 0.00000000
vt 0.00000000 0.00000000
vt 0.00000000 0.00000000
vt 0.00000000 0.00000000
vt 0.00000000 0.00000000
vt 0.00000000 0.00000000
vt 0.00000000 0.00000000
vt 0.00000000 0.00000000
vt 0.00000000 0.00000000
vt 0.00000000 0.00000000
vt 0.00000000 0.00000000
vt 0.00000000 0.00000000
vt 0.00000000 0.00000000
vt 0.00000000 0.00000000
vt 0.00000000 0.00000000
vt 0.00000000 0.00000000
vt 0.00000000 0.00000000
vt 0.00000000 0.00000000
vt 0.00000000 0.00000000
vt 0.00000000 0.00000000
vt 0.00000000 0.00000000
vt 0.00000000 0.00000000
vt 0.00000000 0.00000000
vt 0.00000000 0.00000000
vt 0.00000000 0.00000000
vt 0.00000000 0.00000000
vt 0.00000000 0.00000000
vt 0.00000000 0.00000000
vt 0.00000000 0.00000000
vt 0.00000000 0.00000000
vt 0.00000000 0.00000000
vt 0.00000000 0.00000000
vt 0.00000000 0.00000000
vt 0.00000000 0.00000000
vt 0.00000000 0.00000000
vt 0.00000000 0.00000000
vt 0.00000000 0.00000000
vt 0.00000000 0.00000000
vt 0.00000000 0.00000000
vt 0.00000000 0.00000000
vt 0.00000000 0.00000000
vt 0.00000000 0.00000000
vt 0.00000000 0.00000000
vt 0.00000000 0.00000000
vt 0.00000000 0.00000000
vt 0.00000000 0.00000000
vt 0.00000000 0.00000000
vt 0.00000000 0.00000000
vt 0.00000000 0.00000000
vt 0.00000000 0.00000000
vt 0.00000000 0.00000000
vt 0.00000000 0.00000000
vt 0.00000000 0.00000000
vt 0.00000000 0.00000000
vt 0.00000000 0.00000000
vt 0.00000000 0.00000000
vt 0.00000000 0.00000000
vt 0.00000000 0.00000000
vt 0.00000000 0.00000000
vt 0.00000000 0.00000000
vt 0.00000000 0.00000000
vt 0.00000000 0.00000000
vt 0.00000000 0.00000000
vt 0.00000000 0.00000000
vt 0.00000000 0.00000000
vt 0.00000000 0.00000000
vt 0.00000000 0.00000000
vt 0.00000000 0.00000000
vt 0.00000000 0.00000000
vt 0.00000000 0.00000000
vt 0.00000000 0.00000000
vt 0.00000000 0.00000000
vt 0.00000000 0.00000000
vt 0.00000000 0.00000000
vt 0.00000000 0.00000000
vt 0.00000000 0.00000000
vt 0.00000000 0.00000000
vt 0.00000000 0.00000000
vt 0.00000000 0.00000000
vt 0.00000000 0.00000000
vt 0.00000000 0.00000000
vt 0.00000000 0.00000000
vt 0.00000000 0.00000000
vt 0.00000000 0.00000000
vt 0.00000000 0.00000000
vt 0.00000000 0.00000000
vt 0.00000000 0.00000000
vt 0.00000000 0.00000000
vt 0.00000000 0.00000000
vt 0.00000000 0.00000000
vt 0.00000000 0.00000000
vt 0.00000000 0.00000000
vt 0.00000000 0.00000000
vt 0.00000000 0.00000000
vt 0.00000000 0.00000000
vt 0.00000000 0.00000000
vt 0.00000000 0.00000000
vt 0.00000000 0.00000000
vt 0.00000000 0.00000000
vt 0.00000000 0.00000000
vt 0.00000000 0.00000000
vt 0.00000000 0.00000000
vt 0.00000000 0.00000000
vt 0.00000000 0.00000000
vt 0.00000000 0.00000000
vt 0.00000000 0.00000000
vt 0.00000000 0.00000000
vt 0.00000000 0.00000000
vt 0.00000000 0.00000000
vt 0.00000000 0.00000000
vt 0.00000000 0.00000000
vt 0.00000000 0.00000000
vt 0.00000000 0.00000000
vt 0.00000000 0.00000000
vt 0.00000000 0.00000000
vt 0.00000000 0.00000000
vt 0.00000000 0.00000000
vt 0.00000000 0.00000000
vt 0.00000000 0.00000000
vt 0.00000000 0.00000000
vt 0.00000000 0.00000000
vt 0.00000000 0.00000000
vt 0.00000000 0.00000000
vt 0.00000000 0.00000000
vt 0.00000000 0.00000000
vt 0.00000000 0.00000000
vt 0.00000000 0.00000000
vt 0.00000000 0.00000000
vt 0.00000000 0.00000000
vt 0.00000000 0.00000000
vt 0.00000000 0.00000000
vt 0.00000000 0.00000000
vt 0.00000000 0.00000000
vt 0.00000000 0.00000000
vt 0.00000000 0.00000000
vt 0.00000000 0.00000000
vt 0.00000000 0.00000000
vt 0.00000000 0.00000000
vt 0.00000000 0.00000000
vt 0.00000000 0.00000000
vt 0.00000000 0.00000000
vt 0.00000000 0.00000000
vt 0.00000000 0.00000000
vt 0.00000000 0.00000000
vt 0.00000000 0.00000000
vt 0.00000000 0.00000000
vt 0.00000000 0.00000000
vt 0.00000000 0.00000000
f 1/1 2/2 3/3
f 4/4 5/5 6/6
f 7/7 8/8 8/8
f 9/9 10/10 10/10
f 11/11 7/7 7/7
f 12/12 9/9 9/9
f 13/13 11/11 11/11
f 14/14 15/15 15/15
f 15/15 12/12 12/12
f 16/16 13/13 13/13
f 17/17 14/14 14/14
f 18/18 16/16 16/16
f 19/19 17/17 17/17
f 20/20 18/18 18/18
f 21/21 19/19 19/19
f 22/22 20/20 20/20
f 8/8 21/21 21/21
f 10/10 22/22 22/22
f 23/23 24/24 25/25
f 26/26 27/27 28/28
f 29/29 30/30 31/31
f 32/32 33/33 34/34
f 35/35 36/36 37/37
f 38/38 39/39 40/40
f 41/41 42/42 43/43
f 44/44 45/45 46/46
f 47/47 48/48 49/49
f 50/50 51/51 52/52
f 53/53 54/54 55/55
f 56/56 57/57 58/58
f 59/59 60/60 61/61
f 62/62 63/63 64/64
f 65/65 66/66 67/67
f 68/68 69/69 70/70
f 71/71 72/72 73/73
f 72/72 74/74 75/75
f 74/74 76/76 1/1
f 1/1 77/77 2/2
f 2/2 78/78 3/3
f 3/3 79/79 74/74
f 79/79 75/75 74/74
f 75/75 73/73 72/72
f 73/73 80/80 71/71
f 80/80 81/81 82/82
f 82/82 83/83 80/80
f 83/83 71/71 80/80
f 74/74 1/1 3/3
f 4/4 84/84 5/5
f 7/7 7/7 8/8
f 9/9 9/9 10/10
f 11/11 11/11 7/7
f 12/12 12/12 9/9
f 13/13 13/13 11/11
f 14/14 14/14 15/15
f 15/15 15/15 12/12
f 16/16 16/16 13/13
f 17/17 17/17 14/14
f 18/18 18/18 16/16
f 19/19 19/19 17/17
f 20/20 20/20 18/18
f 21/21 21/21 19/19
f 22/22 22/22 20/20
f 8/8 8/8 21/21
f 10/10 10/10 22/22
f 25/25 85/85 86/86
f 85/85 87/87 88/88
f 86/86 85/85 88/88
f 87/87 89/89 90/90
f 90/90 91/91 92/92
f 92/92 88/88 87/87
f 86/86 93/93 25/25
f 93/93 94/94 25/25
f 94/94 95/95 23/23
f 23/23 96/96 24/24
f 24/24 97/97 25/25
f 87/87 90/90 92/92
f 94/94 23/23 25/25
f 26/26 98/98 27/27
f 29/29 99/99 30/30
f 32/32 100/100 33/33
f 35/35 101/101 36/36
f 38/38 102/102 39/39
f 41/41 103/103 42/42
f 44/44 104/104 45/45
f 47/47 105/105 48/48
f 50/50 106/106 51/51
f 53/53 107/107 54/54
f 56/56 108/108 57/57
f 59/59 109/109 60/60
f 62/62 110/110 63/63
f 65/65 111/111 66/66
f 68/68 112/112 69/69
f 113/113 114/114 115/115
f 116/116 117/117 118/118
f 114/114 119/119 116/116
f 120/120 121/121 122/122
f 118/118 123/123 120/120
f 122/122 124/124 125/125
f 125/125 126/126 127/127
f 127/127 128/128 129/129
f 129/129 130/130 131/131
f 132/132 133/133 134/134
f 131/131 135/135 132/132
f 136/136 137/137 138/138
f 139/139 140/140 141/141
f 141/141 142/142 143/143
f 138/138 144/144 139/139
f 134/134 145/145 136/136
f 114/114 113/113 146/146
f 140/140 142/142 141/141
f 147/147 146/146 113/113
f 148/148 149/149 150/150
f 151/151 152/152 153/153
f 149/149 152/152 154/154
f 155/155 153/153 156/156
f 157/157 158/158 159/159
f 160/160 158/158 161/161
f 162/162 160/160 163/163
f 160/160 161/161 163/163
f 155/155 164/164 157/157
f 165/165 149/149 148/148
f 165/165 166/166 167/167
f 163/163 161/161 168/168
f 168/168 161/161 169/169
f 166/166 165/165 148/148
f 170/170 171/171 172/172
f 173/173 174/174 175/175
f 171/171 174/174 176/176
f 177/177 175/175 178/178
f 179/179 180/180 181/181
f 182/182 180/180 183/183
f 184/184 182/182 185/185
f 182/182 183/183 185/185
f 177/177 186/186 179/179
f 187/187 171/171 170/170
f 187/187 188/188 189/189
f 185/185 183/183 190/190
f 190/190 183/183 191/191
f 188/188 187/187 170/170
f 192/192 193/193 194/194
f 195/195 196/196 197/197
f 195/195 198/198 199/199
f 200/200 196/196 201/201
f 202/202 201/201 203/203
f 204/204 205/205 206/206
f 206/206 207/207 208/208
f 204/204 203/203 209/209
f 198/198 193/193 192/192
f 206/206 205/205 207/207
f 207/207 205/205 210/210
f 211/211 198/198 192/192
f 212/212 213/213 214/214
f 215/215 216/216 217/217
f 215/215 218/218 219/219
f 220/220 216/216 221/221
f 220/220 222/222 223/223
f 224/224 225/225 226/226
f 226/226 227/227 228/228
f 224/224 222/222 229/229
f 218/218 213/213 212/212
f 226/226 225/225 227/227
f 227/227 225/225 230/230
f 231/231 218/218 212/212
f 232/232 233/233 234/234
f 235/235 236/236 237/237
f 234/234 238/238 235/235
f 239/239 240/240 241/241
f 242/242 243/243 244/244
f 241/241 245/245 242/242
f 237/237 246/246 239/239
f 247/247 248/248 249/249
f 250/250 251/251 252/252
f 249/249 253/253 250/250
f 254/254 255/255 256/256
f 257/257 258/258 259/259
f 259/259 260/260 261/261
f 256/256 262/262 257/257
f 252/252 263/263 254/254
f 244/244 264/264 247/247
f 265/265 266/266 267/267
f 268/268 269/269 270/270
f 270/270 266/266 271/271
f 271/271 268/268 270/270
f 272/272 271/271 265/265
f 269/269 273/273 274/274
f 273/273 275/275 276/276
f 277/277 273/273 276/276
f 273/273 278/278 279/279
f 265/265 271/271 266/266
f 280/280 276/276 281/281
f 282/282 283/283 284/284
f 284/284 281/281 285/285
f 281/281 286/286 285/285
f 287/287 282/282 285/285
f 285/285 282/282 284/284
f 285/285 288/288 287/287
f 276/276 289/289 281/281
f 268/268 290/290 291/291
f 292/292 272/272 293/293
f 292/292 294/294 271/271
f 271/271 294/294 295/295
f 295/295 290/290 271/271
f 291/291 296/296 268/268
f 296/296 278/278 268/268
f 275/275 297/297 276/276
f 298/298 288/288 285/285
f 288/288 299/299 287/287
f 286/286 298/298 285/285
f 289/289 300/300 281/281
f 271/271 272/272 292/292
f 301/301 302/302 303/303
f 304/304 305/305 306/306
f 306/306 307/307 308/308
f 303/303 309/309 304/304
f 310/310 311/311 312/312
f 313/313 312/312 314/314
f 312/312 311/311 314/314
f 308/308 315/315 310/310
f 316/316 301/301 317/317
f 318/318 316/316 319/319
f 311/311 320/320 314/314
f 316/316 318/318 301/301
f 321/321 322/322 323/323
f 324/324 325/325 326/326
f 323/323 327/327 324/324
f 328/328 329/329 330/330
f 331/331 332/332 333/333
f 330/330 334/334 331/331
f 326/326 335/335 328/328
f 336/336 337/337 338/338
f 339/339 340/340 341/341
f 338/338 342/342 339/339
f 343/343 344/344 345/345
f 346/346 347/347 348/348
f 348/348 349/349 350/350
f 345/345 351/351 346/346
f 341/341 352/352 343/343
f 333/333 353/353 336/336
f 354/354 355/355 356/356
f 357/357 358/358 359/359
f 360/360 354/354 361/361
f 360/360 362/362 355/355
f 354/354 360/360 355/355
f 363/363 364/364 365/365
f 366/366 367/367 368/368
f 369/369 370/370 371/371
f 372/372 373/373 374/374
f 374/374 373/373 375/375
f 374/374 376/376 377/377
f 378/378 379/379 380/380
f 362/362 358/358 355/355
f 357/357 359/359 364/364
f 363/363 365/365 367/367
f 366/366 368/368 370/370
f 369/369 371/371 379/379
f 373/373 372/372 381/381
f 374/374 377/377 372/372
f 378/378 380/380 376/376
f 382/382 383/383 384/384
f 385/385 386/386 387/387
f 383/383 388/388 385/385
f 387/387 389/389 390/390
f 390/390 391/391 392/392
f 393/393 394/394 395/395
f 395/395 396/396 397/397
f 392/392 398/398 393/393
f 399/399 383/383 382/382
f 395/395 394/394 396/396
f 396/396 394/394 400/400
f 401/401 399/399 382/382
f 402/402 403/403 404/404
f 405/405 406/406 407/407
f 404/404 408/408 405/405
f 409/409 410/410 411/411
f 412/412 413/413 414/414
f 411/411 415/415 412/412
f 407/407 416/416 409/409
f 417/417 418/418 419/419
f 420/420 421/421 422/422
f 419/419 423/423 420/420
f 424/424 425/425 426/426
f 427/427 428/428 429/429
f 429/429 430/430 431/431
f 426/426 432/432 427/427
f 422/422 433/433 424/424
f 414/414 434/434 417/417
f 435/435 436/436 437/437
f 438/438 439/439 440/440
f 440/440 436/436 441/441
f 441/441 438/438 440/440
f 442/442 441/441 435/435
f 438/438 443/443 439/439
f 444/444 445/445 446/446
f 443/443 444/444 447/447
f 448/448 449/449 450/450
f 435/435 441/441 436/436
f 451/451 444/444 452/452
f 453/453 454/454 455/455
f 451/451 456/456 455/455
f 456/456 457/457 458/458
f 459/459 453/453 456/456
f 456/456 453/453 455/455
f 456/456 460/460 459/459
f 452/452 461/461 462/462
f 438/438 463/463 464/464
f 465/465 442/442 466/466
f 465/465 467/467 441/441
f 441/441 467/467 468/468
f 468/468 463/463 441/441
f 464/464 469/469 438/438
f 469/469 449/449 438/438
f 450/450 445/445 448/448
f 446/446 461/461 444/444
f 462/462 457/457 452/452
f 458/458 460/460 456/456
f 460/460 470/470 459/459
f 441/441 442/442 465/465
f 471/471 472/472 473/473
f 474/474 475/475 476/476
f 476/476 477/477 478/478
f 473/473 479/479 474/474
f 480/480 481/481 482/482
f 483/483 482/482 484/484
f 481/481 484/484 482/482
f 478/478 485/485 480/480
f 486/486 471/471 487/487
f 488/488 486/486 489/489
f 486/486 488/488 471/471
f 490/490 491/491 492/492
f 493/493 494/494 495/495
f 492/492 496/496 493/493
f 497/497 498/498 499/499
f 500/500 501/501 502/502
f 499/499 503/503 500/500
f 495/495 504/504 497/497
f 505/505 506/506 507/507
f 508/508 509/509 510/510
f 507/507 511/511 508/508
f 512/512 513/513 514/514
f 515/515 516/516 517/517
f 517/517 518/518 519/519
f 514/514 520/520 515/515
f 510/510 521/521 512/512
f 502/502 522/522 505/505
f 523/523 524/524 525/525
f 526/526 527/527 528/528
f 529/529 523/523 530/530
f 530/530 531/531 529/529
f 524/524 523/523 529/529
f 532/532 533/533 534/534
f 535/535 536/536 537/537
f 538/538 539/539 540/540
f 541/541 542/542 543/543
f 544/544 545/545 538/538
f 544/544 546/546 547/547
f 538/538 546/546 544/544
f 548/548 549/549 550/550
f 529/529 551/551 524/524
f 524/524 551/551 527/527
f 532/532 534/534 536/536
f 526/526 528/528 533/533
f 541/541 543/543 549/549
f 547/547 546/546 552/552
f 538/538 540/540 546/546
f 548/548 550/550 539/539
f 535/535 537/537 542/542
f 553/553 554/554 555/555
f 556/556 557/557 558/558
f 554/554 559/559 556/556
f 558/558 560/560 561/561
f 561/561 562/562 563/563
f 564/564 565/565 566/566
f 566/566 567/567 568/568
f 563/563 569/569 564/564
f 570/570 554/554 553/553
f 566/566 565/565 567/567
f 567/567 565/565 571/571
f 572/572 570/570 553/553
f 573/573 574/574 575/575
f 573/573 576/576 577/577
f 577/577 578/578 579/579
f 579/579 580/580 581/581
f 573/573 575/575 582/582
f 583/583 580/580 578/578
f 578/578 580/580 579/579
f 584/584 582/582 575/575
f 585/585 586/586 587/587
f 585/585 588/588 589/589
f 589/589 590/590 591/591
f 591/591 592/592 593/593
f 585/585 587/587 594/594
f 595/595 592/592 590/590
f 590/590 592/592 591/591
f 596/596 594/594 587/587
f 597/597 598/598 599/599
f 599/599 600/600 601/601
f 602/602 601/601 603/603
f 601/601 600/600 603/603
f 604/604 597/597 605/605
f 606/606 604/604 607/607
f 600/600 608/608 603/603
f 597/597 604/604 606/606
f 609/609 610/610 611/611
f 611/611 612/612 613/613
f 614/614 613/613 615/615
f 613/613 612/612 615/615
f 616/616 609/609 617/617
f 618/618 616/616 619/619
f 612/612 620/620 615/615
f 609/609 616/616 618/618
f 621/621 622/622 623/623
f 624/624 625/625 626/626
f 622/622 627/627 624/624
f 628/628 625/625 629/629
f 630/630 629/629 631/631
f 632/632 633/633 634/634
f 634/634 635/635 636/636
f 632/632 631/631 637/637
f 638/638 622/622 621/621
f 634/634 633/633 635/635
f 635/635 633/633 639/639
f 640/640 638/638 621/621
f 641/641 642/642 643/643
f 644/644 645/645 642/642
f 644/644 646/646 645/645
f 647/647 644/644 641/641
f 646/646 648/648 649/649
f 646/646 649/649 645/645
f 644/644 650/650 646/646
f 641/641 644/644 642/642
f 651/651 652/652 653/653
f 654/654 653/653 655/655
f 656/656 657/657 658/658
f 657/657 655/655 658/658
f 657/657 656/656 659/659
f 652/652 660/660 661/661
f 662/662 647/647 663/663
f 650/650 660/660 646/646
f 664/664 652/652 661/661
f 653/653 665/665 655/655
f 658/658 665/665 666/666
f 658/658 666/666 667/667
f 666/666 668/668 667/667
f 656/656 658/658 667/667
f 662/662 644/644 647/647
f 669/669 670/670 671/671
f 672/672 673/673 674/674
f 670/670 675/675 672/672
f 674/674 676/676 677/677
f 678/678 676/676 679/679
f 680/680 681/681 682/682
f 680/680 683/683 684/684
f 678/678 681/681 685/685
f 686/686 670/670 669/669
f 680/680 682/682 683/683
f 683/683 682/682 687/687
f 688/688 686/686 669/669
f 689/689 690/690 691/691
f 692/692 693/693 694/694
f 690/690 695/695 692/692
f 694/694 696/696 697/697
f 698/698 696/696 699/699
f 700/700 701/701 702/702
f 700/700 703/703 704/704
f 698/698 701/701 705/705
f 706/706 690/690 689/689
f 700/700 702/702 703/703
f 703/703 702/702 707/707
f 708/708 706/706 689/689
f 709/709 710/710 711/711
f 712/712 713/713 714/714
f 714/714 715/715 716/716
f 711/711 717/717 712/712
f 718/718 719/719 720/720
f 721/721 720/720 722/722
f 720/720 719/719 722/722
f 716/716 723/723 718/718
f 724/724 709/709 725/725
f 726/726 724/724 727/727
f 719/719 728/728 722/722
f 724/724 726/726 709/709
f 729/729 730/730 731/731
f 732/732 733/733 734/734
f 730/730 735/735 732/732
f 734/734 736/736 737/737
f 737/737 738/738 739/739
f 740/740 741/741 742/742
f 742/742 743/743 744/744
f 739/739 745/745 740/740
f 746/746 729/729 747/747
f 742/742 741/741 743/743
f 743/743 741/741 748/748
f 749/749 750/750 751/751
f 752/752 753/753 754/754
f 751/751 755/755 752/752
f 756/756 757/757 758/758
f 759/759 760/760 761/761
f 761/761 762/762 763/763
f 758/758 764/764 759/759
f 754/754 765/765 756/756
f 766/766 767/767 768/768
f 769/769 770/770 771/771
f 768/768 772/772 769/769
f 773/773 774/774 775/775
f 776/776 775/775 777/777
f 775/775 774/774 777/777
f 771/771 778/778 773/773
f 763/763 779/779 766/766
f 780/780 749/749 781/781
f 782/782 780/780 783/783
f 774/774 784/784 777/777
f 749/749 780/780 782/782
f 785/785 786/786 787/787
f 788/788 789/789 787/787
f 790/790 791/791 792/792
f 793/793 794/794 790/790
f 792/792 795/795 788/788
f 796/796 785/785 789/789
f 789/789 785/785 787/787
f 797/797 798/798 793/793
f 799/799 800/800 797/797
f 801/801 802/802 799/799
f 803/803 804/804 805/805
f 806/806 807/807 808/808
f 808/808 809/809 803/803
f 805/805 810/810 801/801
f 811/811 812/812 813/813
f 814/814 815/815 816/816
f 812/812 817/817 814/814
f 816/816 818/818 819/819
f 819/819 820/820 821/821
f 822/822 823/823 824/824
f 824/824 825/825 826/826
f 821/821 827/827 822/822
f 828/828 812/812 811/811
f 824/824 823/823 825/825
f 825/825 823/823 829/829
f 830/830 828/828 811/811
f 831/831 832/832 833/833
f 834/834 835/835 836/836
f 832/832 837/837 834/834
f 836/836 838/838 839/839
f 839/839 840/840 841/841
f 842/842 843/843 844/844
f 844/844 845/845 846/846
f 841/841 847/847 842/842
f 848/848 831/831 849/849
f 844/844 843/843 845/845
f 845/845 843/843 850/850
f 851/851 852/852 853/853
f 854/854 855/855 856/856
f 853/853 857/857 854/854
f 858/858 859/859 860/860
f 861/861 862/862 863/863
f 863/863 864/864 865/865
f 860/860 866/866 861/861
f 856/856 867/867 858/858
f 868/868 869/869 870/870
f 871/871 872/872 873/873
f 870/870 874/874 871/871
f 875/875 876/876 877/877
f 878/878 877/877 879/879
f 877/877 876/876 879/879
f 873/873 880/880 875/875
f 865/865 881/881 868/868
f 882/882 851/851 883/883
f 884/884 882/882 885/885
f 876/876 886/886 879/879
f 851/851 882/882 884/884
f 887/887 888/888 889/889
f 890/890 891/891 889/889
f 892/892 893/893 894/894
f 895/895 896/896 892/892
f 894/894 897/897 890/890
f 898/898 887/887 891/891
f 891/891 887/887 889/889
f 899/899 900/900 895/895
f 901/901 902/902 899/899
f 903/903 904/904 901/901
f 905/905 906/906 907/907
f 908/908 909/909 910/910
f 910/910 911/911 905/905
f 907/907 912/912 903/903
f 913/913 914/914 915/915
f 916/916 917/917 918/918
f 917/917 919/919 920/920
f 918/918 920/920 921/921
f 920/920 922/922 923/923
f 921/921 923/923 924/924
f 925/925 923/923 922/922
f 926/926 927/927 928/928
f 927/927 929/929 928/928
f 930/930 931/931 932/932
f 931/931 929/929 932/932
f 930/930 933/933 931/931
f 934/934 935/935 936/936
f 935/935 937/937 938/938
f 938/938 939/939 926/926
f 931/931 928/928 929/929
f 938/938 937/937 939/939
f 928/928 938/938 926/926
f 933/933 930/930 940/940
f 941/941 933/933 942/942
f 941/941 943/943 944/944
f 945/945 946/946 944/944
f 944/944 943/943 945/945
f 945/945 947/947 946/946
f 933/933 941/941 944/944
f 947/947 948/948 946/946
f 948/948 949/949 950/950
f 951/951 950/950 952/952
f 950/950 949/949 952/952
f 940/940 942/942 933/933
f 951/951 953/953 954/954
f 955/955 956/956 957/957
f 958/958 956/956 955/955
f 956/956 959/959 936/936
f 936/936 959/959 934/934
f 958/958 959/959 956/956
f 960/960 961/961 957/957
f 962/962 960/960 963/963
f 962/962 961/961 960/960
f 964/964 914/914 965/965
f 914/914 966/966 965/965
f 963/963 960/960 964/964
f 957/957 956/956 960/960
f 938/938 936/936 935/935
f 950/950 946/946 948/948
f 967/967 954/954 968/968
f 951/951 954/954 950/950
f 969/969 954/954 967/967
f 953/953 968/968 954/954
f 914/914 970/970 971/971
f 964/964 970/970 914/914
f 972/972 973/973 969/969
f 974/974 975/975 914/914
f 971/971 974/974 914/914
f 976/976 974/974 973/973
f 960/960 970/970 964/964
f 967/967 977/977 969/969
f 914/914 913/913 966/966
f 969/969 978/978 972/972
f 973/973 972/972 979/979
f 975/975 980/980 914/914
f 976/976 975/975 974/974
f 973/973 979/979 976/976
f 981/981 915/915 980/980
f 980/980 915/915 914/914
f 982/982 915/915 981/981
f 983/983 915/915 984/984
f 985/985 986/986 984/984
f 982/982 984/984 915/915
f 984/984 986/986 987/987
f 978/978 969/969 977/977
f 984/984 988/988 989/989
f 984/984 990/990 988/988
f 984/984 991/991 992/992
f 993/993 994/994 991/991
f 992/992 990/990 984/984
f 984/984 995/995 985/985
f 996/996 997/997 993/993
f 998/998 993/993 997/997
f 993/993 999/999 996/996
f 999/999 993/993 1000/1000
f 993/993 998/998 994/994
f 993/993 991/991 984/984
f 984/984 989/989 995/995
f 1001/1001 1002/1002 984/984
f 1002/1002 1003/1003 984/984
f 1004/1004 1005/1005 1006/1006
f 1004/1004 1007/1007 1005/1005
f 1003/1003 1002/1002 1007/1007
f 1008/1008 915/915 983/983
f 983/983 984/984 1003/1003
f 1004/1004 1006/1006 1009/1009
f 1007/1007 1004/1004 1003/1003
f 1010/1010 1009/1009 1011/1011
f 1009/1009 1006/1006 1011/1011
f 1001/1001 984/984 987/987
f 1012/1012 1013/1013 993/993
f 1014/1014 1015/1015 1012/1012
f 1016/1016 1000/1000 993/993
f 1017/1017 1016/1016 993/993
f 1013/1013 1017/1017 993/993
f 1009/1009 1018/1018 1019/1019
f 1009/1009 1010/1010 1018/1018
f 1020/1020 1021/1021 1022/1022
f 1019/1019 1023/1023 1021/1021
f 1023/1023 1022/1022 1021/1021
f 1015/1015 1021/1021 1020/1020
f 1009/1009 1019/1019 1021/1021
f 1012/1012 993/993 1014/1014
f 1021/1021 1015/1015 1014/1014
f 915/915 1008/1008 1024/1024
f 1025/1025 1026/1026 913/913
f 1027/1027 913/913 1026/1026
f 913/913 1028/1028 1029/1029
f 1025/1025 913/913 1029/1029
f 1030/1030 1031/1031 913/913
f 1032/1032 1033/1033 1029/1029
f 913/913 1027/1027 966/966
f 1034/1034 1035/1035 1036/1036
f 1035/1035 1037/1037 1036/1036
f 1038/1038 1037/1037 1039/1039
f 1037/1037 1040/1040 1039/1039
f 1035/1035 1040/1040 1037/1037
f 1036/1036 1033/1033 1034/1034
f 913/913 1031/1031 1041/1041
f 913/913 1042/1042 1030/1030
f 1043/1043 1042/1042 915/915
f 1044/1044 1043/1043 915/915
f 1042/1042 913/913 915/915
f 1029/1029 1028/1028 1032/1032
f 913/913 1045/1045 1028/1028
f 1046/1046 1034/1034 1033/1033
f 1033/1033 1047/1047 1046/1046
f 1033/1033 1032/1032 1047/1047
f 913/913 1041/1041 1045/1045
f 1044/1044 915/915 1024/1024
f 1048/1048 1049/1049 1046/1046
f 1039/1039 1050/1050 1051/1051
f 1039/1039 1040/1040 1050/1050
f 1052/1052 1049/1049 1048/1048
f 1052/1052 1053/1053 1049/1049
f 1054/1054 1055/1055 1056/1056
f 1053/1053 1055/1055 1057/1057
f 1055/1055 1052/1052 1056/1056
f 1055/1055 1053/1053 1052/1052
f 1049/1049 1034/1034 1046/1046
f 1058/1058 1059/1059 1060/1060
f 1061/1061 1058/1058 1060/1060
f 1062/1062 1060/1060 1059/1059
f 1052/1052 1058/1058 1061/1061
f 1048/1048 1063/1063 1058/1058
f 1052/1052 1048/1048 1058/1058
f 1064/1064 1065/1065 1060/1060
f 1064/1064 1060/1060 1062/1062
f 1066/1066 1065/1065 1064/1064
f 1064/1064 1067/1067 1068/1068
f 1069/1069 1068/1068 1070/1070
f 1067/1067 1070/1070 1068/1068
f 1071/1071 1067/1067 1064/1064
f 1064/1064 1062/1062 1071/1071
f 1063/1063 1048/1048 1072/1072
f 1072/1072 1048/1048 1073/1073
f 1073/1073 1074/1074 1075/1075
f 1073/1073 1076/1076 1074/1074
f 1077/1077 1078/1078 1079/1079
f 1079/1079 1076/1076 1073/1073
f 1068/1068 1080/1080 1081/1081
f 1082/1082 1080/1080 1068/1068
f 1083/1083 1081/1081 1084/1084
f 1080/1080 1084/1084 1081/1081
f 1083/1083 1085/1085 1081/1081
f 1069/1069 1082/1082 1068/1068
f 1086/1086 1085/1085 1083/1083
f 1087/1087 1021/1021 1014/1014
f 1088/1088 1089/1089 1087/1087
f 1089/1089 1090/1090 1091/1091
f 1092/1092 1093/1093 1091/1091
f 1088/1088 1090/1090 1089/1089
f 1077/1077 1094/1094 1095/1095
f 1077/1077 1079/1079 1073/1073
f 1077/1077 1095/1095 1078/1078
f 1096/1096 1097/1097 1094/1094
f 1098/1098 1099/1099 1100/1100
f 1094/1094 1077/1077 1096/1096
f 1086/1086 1094/1094 1085/1085
f 1092/1092 1091/1091 1090/1090
f 1073/1073 1075/1075 1072/1072
f 1098/1098 1101/1101 1096/1096
f 1098/1098 1102/1102 1103/1103
f 1097/1097 1096/1096 1101/1101
f 1104/1104 1103/1103 1102/1102
f 1101/1101 1098/1098 1103/1103
f 1097/1097 1085/1085 1094/1094
f 1105/1105 1106/1106 1104/1104
f 1107/1107 1106/1106 1108/1108
f 1104/1104 1106/1106 1103/1103
f 1107/1107 1109/1109 1110/1110
f 1107/1107 1108/1108 1109/1109
f 1106/1106 1105/1105 1108/1108
f 1111/1111 1107/1107 1110/1110
f 1098/1098 1100/1100 1102/1102
f 1112/1112 1099/1099 1113/1113
f 1114/1114 1115/1115 1116/1116
f 1116/1116 1115/1115 1117/1117
f 1115/1115 1114/1114 1113/1113
f 1118/1118 1119/1119 1111/1111
f 1111/1111 1119/1119 1107/1107
f 1120/1120 1119/1119 1118/1118
f 1121/1121 1122/1122 1123/1123
f 1119/1119 1120/1120 1123/1123
f 1119/1119 1123/1123 1122/1122
f 1124/1124 1122/1122 1121/1121
f 1112/1112 1100/1100 1099/1099
f 1014/1014 1088/1088 1087/1087
f 1125/1125 1093/1093 1126/1126
f 1127/1127 1128/1128 1126/1126
f 1128/1128 1129/1129 1126/1126
f 1126/1126 1130/1130 1127/1127
f 1126/1126 1131/1131 1130/1130
f 1131/1131 1126/1126 1132/1132
f 1126/1126 1133/1133 1125/1125
f 1125/1125 1134/1134 1093/1093
f 1126/1126 1129/1129 1135/1135
f 1135/1135 1133/1133 1126/1126
f 1136/1136 1093/1093 1134/1134
f 1137/1137 1136/1136 1134/1134
f 1126/1126 1138/1138 1132/1132
f 1139/1139 1138/1138 1126/1126
f 1140/1140 1141/1141 1142/1142
f 1140/1140 1143/1143 1141/1141
f 1142/1142 1139/1139 1140/1140
f 1140/1140 1144/1144 1145/1145
f 1146/1146 1147/1147 1140/1140
f 1148/1148 1140/1140 1147/1147
f 1145/1145 1146/1146 1140/1140
f 1140/1140 1148/1148 1143/1143
f 1149/1149 1144/1144 1140/1140
f 1139/1139 1126/1126 1140/1140
f 1136/1136 1150/1150 1151/1151
f 1136/1136 1152/1152 1150/1150
f 1153/1153 1154/1154 1140/1140
f 1136/1136 1151/1151 1155/1155
f 1156/1156 1153/1153 1136/1136
f 1155/1155 1156/1156 1136/1136
f 1157/1157 1153/1153 1156/1156
f 1153/1153 1158/1158 1159/1159
f 1154/1154 1153/1153 1159/1159
f 1157/1157 1158/1158 1153/1153
f 1154/1154 1160/1160 1140/1140
f 1137/1137 1152/1152 1136/1136
f 1161/1161 1153/1153 1140/1140
f 1162/1162 1163/1163 1140/1140
f 1162/1162 1164/1164 1165/1165
f 1166/1166 1167/1167 1168/1168
f 1168/1168 1169/1169 1170/1170
f 1161/1161 1140/1140 1163/1163
f 1171/1171 1163/1163 1162/1162
f 1172/1172 1173/1173 1174/1174
f 1175/1175 1170/1170 1176/1176
f 1177/1177 1172/1172 1175/1175
f 1162/1162 1165/1165 1171/1171
f 1164/1164 1162/1162 1174/1174
f 1167/1167 1166/1166 1178/1178
f 1140/1140 1160/1160 1149/1149
f 1179/1179 1180/1180 1181/1181
f 1180/1180 1182/1182 1183/1183
f 1184/1184 1185/1185 1186/1186
f 1183/1183 1182/1182 1186/1186
f 1187/1187 1185/1185 1184/1184
f 1167/1167 1169/1169 1168/1168
f 1188/1188 1167/1167 1178/1178
f 1180/1180 1183/1183 1181/1181
f 1186/1186 1185/1185 1183/1183
f 1181/1181 1188/1188 1179/1179
f 1185/1185 1187/1187 1189/1189
f 1170/1170 1169/1169 1176/1176
f 1190/1190 1191/1191 1189/1189
f 1187/1187 1190/1190 1189/1189
f 1190/1190 1192/1192 1191/1191
f 1193/1193 1194/1194 1195/1195
f 1196/1196 1192/1192 1195/1195
f 1197/1197 1194/1194 1193/1193
f 1196/1196 1191/1191 1192/1192
f 1194/1194 1196/1196 1195/1195
f 1198/1198 1199/1199 1200/1200
f 1197/1197 1199/1199 1194/1194
f 1201/1201 1198/1198 1202/1202
f 1200/1200 1202/1202 1198/1198
f 1200/1200 1199/1199 1197/1197
f 1176/1176 1177/1177 1175/1175
f 1172/1172 1177/1177 1173/1173
f 1203/1203 1164/1164 1204/1204
f 1204/1204 1164/1164 1173/1173
f 1173/1173 1164/1164 1174/1174
f 1205/1205 919/919 1206/1206
f 1206/1206 1164/1164 1207/1207
f 1208/1208 919/919 1209/1209
f 919/919 1210/1210 1209/1209
f 1211/1211 919/919 1205/1205
f 1207/1207 1164/1164 1203/1203
f 1212/1212 1201/1201 1213/1213
f 1214/1214 1212/1212 1213/1213
f 1215/1215 1216/1216 1214/1214
f 1216/1216 1212/1212 1214/1214
f 1217/1217 1218/1218 1215/1215
f 1219/1219 922/922 1220/1220
f 1220/1220 922/922 1221/1221
f 1218/1218 1216/1216 1215/1215
f 1222/1222 1217/1217 1219/1219
f 1217/1217 1222/1222 1218/1218
f 1217/1217 922/922 1219/1219
f 919/919 1208/1208 1221/1221
f 1201/1201 1202/1202 1213/1213
f 1217/1217 1223/1223 922/922
f 1179/1179 1188/1188 1178/1178
f 1210/1210 919/919 1211/1211
f 916/916 1115/1115 1224/1224
f 1117/1117 1115/1115 916/916
f 916/916 1225/1225 1226/1226
f 1227/1227 1228/1228 916/916
f 1224/1224 1225/1225 916/916
f 1229/1229 1117/1117 916/916
f 1230/1230 916/916 1124/1124
f 1230/1230 1229/1229 916/916
f 1124/1124 916/916 1122/1122
f 1231/1231 1232/1232 1228/1228
f 1232/1232 1122/1122 916/916
f 1233/1233 1232/1232 1231/1231
f 916/916 1228/1228 1232/1232
f 1234/1234 916/916 1226/1226
f 1099/1099 1115/1115 1113/1113
f 1164/1164 1235/1235 1236/1236
f 1164/1164 1237/1237 1235/1235
f 1238/1238 1239/1239 1164/1164
f 1164/1164 1239/1239 1165/1165
f 1236/1236 1238/1238 1164/1164
f 1240/1240 1237/1237 1164/1164
f 1241/1241 916/916 1234/1234
f 917/917 916/916 1241/1241
f 916/916 918/918 1227/1227
f 1164/1164 917/917 1240/1240
f 1242/1242 918/918 921/921
f 1240/1240 917/917 1241/1241
f 918/918 1243/1243 1227/1227
f 1244/1244 1245/1245 1246/1246
f 1243/1243 918/918 1247/1247
f 1247/1247 918/918 1248/1248
f 1245/1245 1244/1244 1243/1243
f 1243/1243 1247/1247 1249/1249
f 1250/1250 1245/1245 1251/1251
f 1252/1252 1251/1251 1245/1245
f 1245/1245 1249/1249 1252/1252
f 1243/1243 1249/1249 1245/1245
f 1248/1248 918/918 1253/1253
f 918/918 1254/1254 1255/1255
f 1256/1256 1253/1253 918/918
f 1256/1256 918/918 1255/1255
f 1242/1242 1254/1254 918/918
f 1257/1257 921/921 1258/1258
f 921/921 1259/1259 1242/1242
f 1260/1260 1261/1261 1262/1262
f 1263/1263 1264/1264 1254/1254
f 1262/1262 1265/1265 1260/1260
f 1263/1263 1260/1260 1265/1265
f 1263/1263 1254/1254 1260/1260
f 1264/1264 1255/1255 1254/1254
f 1257/1257 1259/1259 921/921
f 925/925 1266/1266 1267/1267
f 925/925 1268/1268 1266/1266
f 1269/1269 1270/1270 1271/1271
f 922/922 1223/1223 1268/1268
f 1269/1269 1272/1272 1270/1270
f 1206/1206 919/919 1164/1164
f 925/925 1273/1273 1270/1270
f 1268/1268 925/925 922/922
f 1270/1270 1274/1274 925/925
f 1272/1272 1275/1275 1270/1270
f 1267/1267 1273/1273 925/925
f 925/925 1276/1276 923/923
f 919/919 1221/1221 922/922
f 1270/1270 1277/1277 1278/1278
f 1270/1270 1278/1278 1279/1279
f 1280/1280 1274/1274 1270/1270
f 1280/1280 1270/1270 1279/1279
f 1274/1274 1281/1281 925/925
f 1282/1282 925/925 1283/1283
f 1283/1283 925/925 1284/1284
f 1285/1285 925/925 1286/1286
f 1284/1284 925/925 1285/1285
f 1286/1286 925/925 1287/1287
f 925/925 1281/1281 1287/1287
f 1277/1277 1270/1270 1275/1275
f 1282/1282 1288/1288 925/925
f 924/924 1289/1289 921/921
f 1290/1290 1291/1291 924/924
f 1291/1291 1292/1292 924/924
f 1290/1290 924/924 1293/1293
f 1294/1294 1293/1293 924/924
f 1294/1294 924/924 1295/1295
f 1296/1296 921/921 1297/1297
f 921/921 1296/1296 1298/1298
f 921/921 1299/1299 1297/1297
f 921/921 1289/1289 1299/1299
f 1289/1289 924/924 1292/1292
f 921/921 1298/1298 1258/1258
f 1300/1300 1276/1276 925/925
f 925/925 1301/1301 1302/1302
f 1301/1301 925/925 1303/1303
f 1303/1303 925/925 1304/1304
f 1304/1304 925/925 1288/1288
f 1295/1295 924/924 1305/1305
f 1305/1305 924/924 1306/1306
f 1307/1307 923/923 1308/1308
f 924/924 923/923 1306/1306
f 923/923 1307/1307 1306/1306
f 923/923 1309/1309 1308/1308
f 1309/1309 923/923 1276/1276
f 1300/1300 925/925 1302/1302
f 1093/1093 1092/1092 1126/1126
f 1310/1310 1311/1311 1312/1312
f 1313/1313 1312/1312 1314/1314
f 1315/1315 1314/1314 1316/1316
f 1317/1317 1316/1316 1318/1318
f 1312/1312 1319/1319 1320/1320
f 1314/1314 1320/1320 1321/1321
f 1316/1316 1321/1321 1322/1322
f 1318/1318 1322/1322 1323/1323
f 1319/1319 1324/1324 1325/1325
f 1320/1320 1325/1325 1326/1326
f 1321/1321 1326/1326 1327/1327
f 1322/1322 1327/1327 1328/1328
f 1323/1323 1328/1328 1329/1329
f 1330/1330 1329/1329 1331/1331
f 1325/1325 1332/1332 1333/1333
f 1326/1326 1333/1333 1334/1334
f 1327/1327 1334/1334 1335/1335
f 1328/1328 1335/1335 1336/1336
f 1329/1329 1336/1336 1337/1337
f 1331/1331 1337/1337 1338/1338
f 1333/1333 1339/1339 1340/1340
f 1334/1334 1340/1340 1341/1341
f 1335/1335 1341/1341 1342/1342
f 1336/1336 1342/1342 1343/1343
f 1337/1337 1343/1343 1344/1344
f 1338/1338 1344/1344 1345/1345
f 1340/1340 1346/1346 1347/1347
f 1341/1341 1347/1347 1348/1348
f 1342/1342 1348/1348 1349/1349
f 1343/1343 1349/1349 1350/1350
f 1344/1344 1350/1350 1351/1351
f 1345/1345 1351/1351 1352/1352
f 1348/1348 1353/1353 1354/1354
f 1349/1349 1354/1354 1355/1355
f 1350/1350 1355/1355 1356/1356
f 1351/1351 1356/1356 1357/1357
f 1354/1354 1358/1358 1359/1359
f 1355/1355 1359/1359 1360/1360
f 1356/1356 1360/1360 1361/1361
f 1357/1357 1361/1361 1362/1362
f 1359/1359 1363/1363 1364/1364
f 1360/1360 1364/1364 1365/1365
f 1361/1361 1365/1365 1366/1366
f 1362/1362 1366/1366 1367/1367
f 1368/1368 1367/1367 1369/1369
f 1364/1364 1370/1370 1371/1371
f 1365/1365 1371/1371 1372/1372
f 1366/1366 1372/1372 1373/1373
f 1367/1367 1373/1373 1374/1374
f 1375/1375 1376/1376 1370/1370
f 1371/1371 1376/1376 1377/1377
f 1372/1372 1377/1377 1378/1378
f 1373/1373 1378/1378 1379/1379
f 1374/1374 1379/1379 1380/1380
f 1381/1381 1382/1382 1383/1383
f 1381/1381 1384/1384 1385/1385
f 1385/1385 1382/1382 1381/1381
f 1383/1383 1382/1382 1386/1386
f 1387/1387 1388/1388 1386/1386
f 1388/1388 1383/1383 1386/1386
f 1389/1389 1388/1388 1387/1387
f 1390/1390 1391/1391 1392/1392
f 1393/1393 1394/1394 1395/1395
f 1391/1391 1390/1390 1395/1395
f 1396/1396 1397/1397 1398/1398
f 1394/1394 1399/1399 1400/1400
f 1400/1400 1401/1401 1398/1398
f 1395/1395 1390/1390 1393/1393
f 1396/1396 1389/1389 1397/1397
f 1402/1402 1396/1396 1310/1310
f 1403/1403 1398/1398 1401/1401
f 1403/1403 1404/1404 1398/1398
f 1396/1396 1388/1388 1389/1389
f 1404/1404 1311/1311 1396/1396
f 1313/1313 1402/1402 1310/1310
f 1405/1405 1402/1402 1313/1313
f 1396/1396 1398/1398 1404/1404
f 1401/1401 1400/1400 1399/1399
f 1406/1406 1407/1407 1408/1408
f 1399/1399 1394/1394 1393/1393
f 1311/1311 1404/1404 1409/1409
f 1311/1311 1410/1410 1411/1411
f 1311/1311 1412/1412 1410/1410
f 1311/1311 1409/1409 1412/1412
f 1393/1393 1390/1390 1406/1406
f 1411/1411 1319/1319 1311/1311
f 1407/1407 1406/1406 1390/1390
f 1413/1413 1407/1407 1414/1414
f 1415/1415 1324/1324 1416/1416
f 1414/1414 1324/1324 1413/1413
f 1413/1413 1417/1417 1418/1418
f 1413/1413 1418/1418 1408/1408
f 1332/1332 1415/1415 1419/1419
f 1407/1407 1413/1413 1408/1408
f 1339/1339 1419/1419 1420/1420
f 1421/1421 1422/1422 1423/1423
f 1420/1420 1346/1346 1339/1339
f 1422/1422 1421/1421 1346/1346
f 1423/1423 1424/1424 1425/1425
f 1426/1426 1346/1346 1421/1421
f 1423/1423 1425/1425 1421/1421
f 1427/1427 1424/1424 1428/1428
f 1332/1332 1419/1419 1339/1339
f 1413/1413 1429/1429 1417/1417
f 1346/1346 1430/1430 1431/1431
f 1432/1432 1346/1346 1431/1431
f 1433/1433 1434/1434 1413/1413
f 1413/1413 1434/1434 1429/1429
f 1433/1433 1413/1413 1319/1319
f 1411/1411 1433/1433 1319/1319
f 1432/1432 1435/1435 1346/1346
f 1427/1427 1428/1428 1436/1436
f 1347/1347 1435/1435 1437/1437
f 1438/1438 1439/1439 1353/1353
f 1353/1353 1347/1347 1437/1437
f 1439/1439 1440/1440 1353/1353
f 1346/1346 1435/1435 1347/1347
f 1346/1346 1426/1426 1430/1430
f 1353/1353 1437/1437 1438/1438
f 1423/1423 1441/1441 1424/1424
f 1317/1317 1405/1405 1315/1315
f 1315/1315 1405/1405 1313/1313
f 1442/1442 1318/1318 1443/1443
f 1442/1442 1444/1444 1317/1317
f 1317/1317 1445/1445 1446/1446
f 1442/1442 1443/1443 1447/1447
f 1317/1317 1318/1318 1442/1442
f 1448/1448 1442/1442 1447/1447
f 1443/1443 1318/1318 1449/1449
f 1318/1318 1450/1450 1449/1449
f 1318/1318 1451/1451 1452/1452
f 1452/1452 1450/1450 1318/1318
f 1442/1442 1448/1448 1453/1453
f 1442/1442 1453/1453 1454/1454
f 1323/1323 1455/1455 1451/1451
f 1323/1323 1451/1451 1318/1318
f 1456/1456 1442/1442 1454/1454
f 1457/1457 1458/1458 1459/1459
f 1460/1460 1458/1458 1446/1446
f 1458/1458 1457/1457 1446/1446
f 1461/1461 1457/1457 1459/1459
f 1461/1461 1462/1462 1463/1463
f 1461/1461 1459/1459 1462/1462
f 1445/1445 1460/1460 1446/1446
f 1444/1444 1464/1464 1317/1317
f 1465/1465 1442/1442 1466/1466
f 1442/1442 1465/1465 1444/1444
f 1454/1454 1467/1467 1456/1456
f 1466/1466 1442/1442 1468/1468
f 1469/1469 1470/1470 1456/1456
f 1468/1468 1456/1456 1470/1470
f 1442/1442 1456/1456 1468/1468
f 1471/1471 1456/1456 1467/1467
f 1464/1464 1445/1445 1317/1317
f 1471/1471 1467/1467 1472/1472
f 1473/1473 1330/1330 1474/1474
f 1323/1323 1330/1330 1455/1455
f 1330/1330 1473/1473 1455/1455
f 1351/1351 1475/1475 1352/1352
f 1352/1352 1475/1475 1476/1476
f 1330/1330 1477/1477 1478/1478
f 1478/1478 1474/1474 1330/1330
f 1352/1352 1476/1476 1479/1479
f 1351/1351 1480/1480 1475/1475
f 1480/1480 1351/1351 1357/1357
f 1357/1357 1481/1481 1480/1480
f 1482/1482 1483/1483 1484/1484
f 1485/1485 1486/1486 1357/1357
f 1479/1479 1487/1487 1352/1352
f 1357/1357 1486/1486 1488/1488
f 1488/1488 1481/1481 1357/1357
f 1330/1330 1489/1489 1471/1471
f 1330/1330 1471/1471 1472/1472
f 1331/1331 1489/1489 1330/1330
f 1331/1331 1490/1490 1491/1491
f 1338/1338 1492/1492 1490/1490
f 1492/1492 1338/1338 1345/1345
f 1352/1352 1493/1493 1345/1345
f 1494/1494 1352/1352 1495/1495
f 1496/1496 1497/1497 1494/1494
f 1498/1498 1494/1494 1497/1497
f 1484/1484 1497/1497 1496/1496
f 1498/1498 1352/1352 1494/1494
f 1499/1499 1497/1497 1484/1484
f 1492/1492 1345/1345 1493/1493
f 1352/1352 1487/1487 1495/1495
f 1483/1483 1482/1482 1500/1500
f 1477/1477 1330/1330 1472/1472
f 1441/1441 1501/1501 1428/1428
f 1424/1424 1441/1441 1428/1428
f 1502/1502 1501/1501 1441/1441
f 1503/1503 1504/1504 1502/1502
f 1358/1358 1428/1428 1501/1501
f 1504/1504 1505/1505 1501/1501
f 1502/1502 1504/1504 1501/1501
f 1504/1504 1503/1503 1506/1506
f 1506/1506 1503/1503 1507/1507
f 1505/1505 1508/1508 1501/1501
f 1509/1509 1507/1507 1503/1503
f 1506/1506 1510/1510 1511/1511
f 1507/1507 1510/1510 1506/1506
f 1512/1512 1513/1513 1511/1511
f 1510/1510 1512/1512 1511/1511
f 1514/1514 1513/1513 1512/1512
f 1515/1515 1509/1509 1503/1503
f 1516/1516 1514/1514 1517/1517
f 1518/1518 1428/1428 1353/1353
f 1508/1508 1519/1519 1501/1501
f 1520/1520 1501/1501 1519/1519
f 1521/1521 1353/1353 1440/1440
f 1358/1358 1520/1520 1522/1522
f 1501/1501 1520/1520 1358/1358
f 1363/1363 1358/1358 1522/1522
f 1514/1514 1516/1516 1513/1513
f 1523/1523 1517/1517 1524/1524
f 1517/1517 1523/1523 1516/1516
f 1525/1525 1363/1363 1526/1526
f 1522/1522 1526/1526 1363/1363
f 1370/1370 1363/1363 1527/1527
f 1363/1363 1525/1525 1527/1527
f 1524/1524 1370/1370 1528/1528
f 1370/1370 1527/1527 1528/1528
f 1529/1529 1517/1517 1514/1514
f 1428/1428 1518/1518 1436/1436
f 1530/1530 1531/1531 1532/1532
f 1533/1533 1534/1534 1535/1535
f 1531/1531 1530/1530 1535/1535
f 1517/1517 1536/1536 1537/1537
f 1537/1537 1534/1534 1517/1517
f 1534/1534 1375/1375 1517/1517
f 1524/1524 1517/1517 1370/1370
f 1530/1530 1533/1533 1535/1535
f 1534/1534 1533/1533 1375/1375
f 1538/1538 1539/1539 1540/1540
f 1539/1539 1375/1375 1541/1541
f 1533/1533 1541/1541 1375/1375
f 1542/1542 1375/1375 1543/1543
f 1539/1539 1543/1543 1375/1375
f 1538/1538 1543/1543 1539/1539
f 1544/1544 1542/1542 1543/1543
f 1545/1545 1533/1533 1530/1530
f 1542/1542 1376/1376 1375/1375
f 1375/1375 1370/1370 1517/1517
f 1376/1376 1546/1546 1547/1547
f 1376/1376 1542/1542 1546/1546
f 1547/1547 1548/1548 1376/1376
f 1376/1376 1548/1548 1549/1549
f 1549/1549 1550/1550 1377/1377
f 1377/1377 1376/1376 1549/1549
f 1550/1550 1551/1551 1377/1377
f 1543/1543 1552/1552 1544/1544
f 1543/1543 1553/1553 1554/1554
f 1554/1554 1552/1552 1543/1543
f 1377/1377 1551/1551 1555/1555
f 1556/1556 1557/1557 1558/1558
f 1557/1557 1559/1559 1558/1558
f 1557/1557 1560/1560 1559/1559
f 1557/1557 1556/1556 1553/1553
f 1543/1543 1557/1557 1553/1553
f 1536/1536 1517/1517 1529/1529
f 1555/1555 1560/1560 1377/1377
f 1357/1357 1368/1368 1483/1483
f 1367/1367 1561/1561 1369/1369
f 1500/1500 1562/1562 1483/1483
f 1483/1483 1562/1562 1357/1357
f 1369/1369 1563/1563 1368/1368
f 1562/1562 1485/1485 1357/1357
f 1499/1499 1483/1483 1368/1368
f 1564/1564 1374/1374 1565/1565
f 1566/1566 1374/1374 1564/1564
f 1374/1374 1567/1567 1568/1568
f 1568/1568 1565/1565 1374/1374
f 1569/1569 1561/1561 1570/1570
f 1570/1570 1561/1561 1571/1571
f 1571/1571 1561/1561 1566/1566
f 1561/1561 1374/1374 1566/1566
f 1567/1567 1374/1374 1572/1572
f 1573/1573 1561/1561 1569/1569
f 1574/1574 1575/1575 1576/1576
f 1577/1577 1575/1575 1369/1369
f 1575/1575 1574/1574 1369/1369
f 1369/1369 1578/1578 1577/1577
f 1576/1576 1579/1579 1574/1574
f 1368/1368 1563/1563 1499/1499
f 1561/1561 1580/1580 1581/1581
f 1582/1582 1583/1583 1561/1561
f 1580/1580 1561/1561 1583/1583
f 1369/1369 1581/1581 1578/1578
f 1573/1573 1584/1584 1585/1585
f 1561/1561 1585/1585 1586/1586
f 1587/1587 1588/1588 1589/1589
f 1561/1561 1586/1586 1582/1582
f 1590/1590 1588/1588 1587/1587
f 1561/1561 1581/1581 1369/1369
f 1573/1573 1585/1585 1561/1561
f 1484/1484 1483/1483 1499/1499
f 1591/1591 1378/1378 1377/1377
f 1378/1378 1591/1591 1592/1592
f 1591/1591 1377/1377 1593/1593
f 1594/1594 1378/1378 1592/1592
f 1378/1378 1594/1594 1595/1595
f 1379/1379 1378/1378 1596/1596
f 1378/1378 1595/1595 1596/1596
f 1596/1596 1597/1597 1379/1379
f 1557/1557 1598/1598 1593/1593
f 1599/1599 1600/1600 1557/1557
f 1598/1598 1557/1557 1600/1600
f 1593/1593 1377/1377 1560/1560
f 1599/1599 1601/1601 1602/1602
f 1602/1602 1601/1601 1603/1603
f 1603/1603 1601/1601 1604/1604
f 1599/1599 1557/1557 1601/1601
f 1593/1593 1560/1560 1557/1557
f 1605/1605 1379/1379 1597/1597
f 1380/1380 1606/1606 1572/1572
f 1607/1607 1585/1585 1608/1608
f 1609/1609 1606/1606 1380/1380
f 1585/1585 1587/1587 1589/1589
f 1585/1585 1584/1584 1610/1610
f 1610/1610 1608/1608 1585/1585
f 1589/1589 1586/1586 1585/1585
f 1585/1585 1607/1607 1609/1609
f 1601/1601 1379/1379 1611/1611
f 1605/1605 1611/1611 1379/1379
f 1611/1611 1612/1612 1601/1601
f 1604/1604 1601/1601 1612/1612
f 1380/1380 1601/1601 1613/1613
f 1609/1609 1380/1380 1585/1585
f 1613/1613 1585/1585 1380/1380
f 1614/1614 1585/1585 1615/1615
f 1613/1613 1615/1615 1585/1585
f 1587/1587 1585/1585 1614/1614
f 1374/1374 1380/1380 1572/1572
f 1353/1353 1521/1521 1518/1518
f 1616/1616 1617/1617 1618/1618
f 1619/1619 1618/1618 1620/1620
f 1618/1618 1621/1621 1622/1622
f 1620/1620 1622/1622 1623/1623
f 1623/1623 1622/1622 1624/1624
f 1625/1625 1626/1626 1627/1627
f 1628/1628 1629/1629 1630/1630
f 1629/1629 1631/1631 1632/1632
f 1633/1633 1634/1634 1635/1635
f 1636/1636 1633/1633 1635/1635
f 1631/1631 1634/1634 1633/1633
f 1631/1631 1633/1633 1632/1632
f 1637/1637 1638/1638 1639/1639
f 1640/1640 1641/1641 1638/1638
f 1630/1630 1642/1642 1628/1628
f 1640/1640 1642/1642 1641/1641
f 1628/1628 1642/1642 1640/1640
f 1630/1630 1629/1629 1632/1632
f 1638/1638 1641/1641 1639/1639
f 1643/1643 1636/1636 1644/1644
f 1643/1643 1645/1645 1646/1646
f 1647/1647 1648/1648 1649/1649
f 1648/1648 1645/1645 1649/1649
f 1650/1650 1651/1651 1647/1647
f 1643/1643 1646/1646 1636/1636
f 1645/1645 1648/1648 1646/1646
f 1650/1650 1652/1652 1651/1651
f 1653/1653 1654/1654 1655/1655
f 1656/1656 1653/1653 1652/1652
f 1651/1651 1648/1648 1647/1647
f 1657/1657 1655/1655 1658/1658
f 1635/1635 1644/1644 1636/1636
f 1659/1659 1660/1660 1661/1661
f 1660/1660 1662/1662 1663/1663
f 1661/1661 1664/1664 1659/1659
f 1637/1637 1664/1664 1661/1661
f 1664/1664 1637/1637 1639/1639
f 1659/1659 1662/1662 1660/1660
f 1665/1665 1666/1666 1667/1667
f 1668/1668 1669/1669 1663/1663
f 1670/1670 1671/1671 1666/1666
f 1663/1663 1671/1671 1670/1670
f 1662/1662 1668/1668 1663/1663
f 1669/1669 1671/1671 1663/1663
f 1672/1672 1621/1621 1673/1673
f 1674/1674 1621/1621 1675/1675
f 1675/1675 1621/1621 1672/1672
f 1676/1676 1677/1677 1617/1617
f 1678/1678 1676/1676 1671/1671
f 1679/1679 1617/1617 1680/1680
f 1681/1681 1617/1617 1682/1682
f 1617/1617 1681/1681 1680/1680
f 1677/1677 1683/1683 1617/1617
f 1621/1621 1679/1679 1673/1673
f 1678/1678 1671/1671 1669/1669
f 1683/1683 1682/1682 1617/1617
f 1656/1656 1652/1652 1650/1650
f 1684/1684 1685/1685 1686/1686
f 1684/1684 1687/1687 1685/1685
f 1688/1688 1689/1689 1690/1690
f 1689/1689 1691/1691 1690/1690
f 1688/1688 1687/1687 1684/1684
f 1692/1692 1684/1684 1693/1693
f 1694/1694 1693/1693 1684/1684
f 1695/1695 1684/1684 1692/1692
f 1684/1684 1696/1696 1697/1697
f 1684/1684 1695/1695 1696/1696
f 1694/1694 1684/1684 1686/1686
f 1698/1698 1684/1684 1697/1697
f 1684/1684 1689/1689 1688/1688
f 1689/1689 1699/1699 1700/1700
f 1689/1689 1701/1701 1699/1699
f 1702/1702 1703/1703 1689/1689
f 1701/1701 1689/1689 1703/1703
f 1704/1704 1702/1702 1689/1689
f 1689/1689 1700/1700 1691/1691
f 1705/1705 1706/1706 1707/1707
f 1689/1689 1708/1708 1709/1709
f 1706/1706 1705/1705 1710/1710
f 1711/1711 1712/1712 1708/1708
f 1709/1709 1704/1704 1689/1689
f 1706/1706 1713/1713 1712/1712
f 1654/1654 1658/1658 1655/1655
f 1714/1714 1654/1654 1653/1653
f 1715/1715 1621/1621 1716/1716
f 1717/1717 1716/1716 1674/1674
f 1718/1718 1657/1657 1719/1719
f 1719/1719 1657/1657 1658/1658
f 1718/1718 1719/1719 1717/1717
f 1715/1715 1720/1720 1621/1621
f 1721/1721 1621/1621 1722/1722
f 1722/1722 1621/1621 1720/1720
f 1674/1674 1716/1716 1621/1621
f 1721/1721 1723/1723 1621/1621
f 1720/1720 1715/1715 1724/1724
f 1656/1656 1714/1714 1653/1653
f 1725/1725 1726/1726 1727/1727
f 1726/1726 1725/1725 1684/1684
f 1728/1728 1706/1706 1729/1729
f 1706/1706 1725/1725 1729/1729
f 1724/1724 1715/1715 1730/1730
f 1725/1725 1731/1731 1732/1732
f 1733/1733 1684/1684 1725/1725
f 1725/1725 1732/1732 1729/1729
f 1730/1730 1715/1715 1684/1684
f 1731/1731 1725/1725 1727/1727
f 1707/1707 1706/1706 1728/1728
f 1684/1684 1733/1733 1730/1730
f 1698/1698 1726/1726 1684/1684
f 1674/1674 1718/1718 1717/1717
f 1713/1713 1706/1706 1710/1710
f 1734/1734 1621/1621 1723/1723
f 1735/1735 1736/1736 1737/1737
f 1738/1738 1739/1739 1735/1735
f 1736/1736 1735/1735 1739/1739
f 1738/1738 1740/1740 1739/1739
f 1741/1741 1740/1740 1738/1738
f 1742/1742 1737/1737 1736/1736
f 1743/1743 1744/1744 1745/1745
f 1746/1746 1747/1747 1743/1743
f 1746/1746 1742/1742 1747/1747
f 1745/1745 1744/1744 1748/1748
f 1743/1743 1747/1747 1744/1744
f 1742/1742 1746/1746 1737/1737
f 1749/1749 1745/1745 1748/1748
f 1750/1750 1751/1751 1752/1752
f 1753/1753 1752/1752 1754/1754
f 1753/1753 1750/1750 1752/1752
f 1741/1741 1750/1750 1740/1740
f 1755/1755 1756/1756 1757/1757
f 1757/1757 1758/1758 1754/1754
f 1759/1759 1760/1760 1755/1755
f 1754/1754 1758/1758 1753/1753
f 1755/1755 1760/1760 1756/1756
f 1665/1665 1761/1761 1759/1759
f 1761/1761 1760/1760 1759/1759
f 1756/1756 1758/1758 1757/1757
f 1751/1751 1750/1750 1741/1741
f 1762/1762 1763/1763 1749/1749
f 1748/1748 1764/1764 1749/1749
f 1764/1764 1762/1762 1749/1749
f 1765/1765 1763/1763 1766/1766
f 1763/1763 1762/1762 1766/1766
f 1767/1767 1765/1765 1766/1766
f 1768/1768 1769/1769 1770/1770
f 1767/1767 1769/1769 1765/1765
f 1771/1771 1770/1770 1772/1772
f 1772/1772 1773/1773 1771/1771
f 1773/1773 1772/1772 1774/1774
f 1768/1768 1770/1770 1771/1771
f 1769/1769 1767/1767 1770/1770
f 1775/1775 1776/1776 1777/1777
f 1778/1778 1779/1779 1780/1780
f 1779/1779 1781/1781 1780/1780
f 1782/1782 1777/1777 1781/1781
f 1783/1783 1784/1784 1785/1785
f 1774/1774 1786/1786 1785/1785
f 1786/1786 1783/1783 1785/1785
f 1783/1783 1776/1776 1784/1784
f 1784/1784 1776/1776 1775/1775
f 1782/1782 1775/1775 1777/1777
f 1782/1782 1781/1781 1779/1779
f 1787/1787 1778/1778 1780/1780
f 1773/1773 1774/1774 1785/1785
f 1761/1761 1665/1665 1667/1667
f 1616/1616 1788/1788 1789/1789
f 1616/1616 1790/1790 1671/1671
f 1791/1791 1671/1671 1790/1790
f 1789/1789 1790/1790 1616/1616
f 1791/1791 1667/1667 1666/1666
f 1787/1787 1616/1616 1778/1778
f 1616/1616 1792/1792 1778/1778
f 1793/1793 1792/1792 1616/1616
f 1794/1794 1795/1795 1616/1616
f 1616/1616 1796/1796 1794/1794
f 1795/1795 1793/1793 1616/1616
f 1797/1797 1796/1796 1619/1619
f 1619/1619 1796/1796 1616/1616
f 1788/1788 1616/1616 1787/1787
f 1617/1617 1679/1679 1621/1621
f 1791/1791 1666/1666 1671/1671
f 1798/1798 1621/1621 1799/1799
f 1800/1800 1622/1622 1798/1798
f 1622/1622 1621/1621 1798/1798
f 1800/1800 1801/1801 1624/1624
f 1802/1802 1797/1797 1619/1619
f 1624/1624 1803/1803 1804/1804
f 1805/1805 1623/1623 1624/1624
f 1624/1624 1806/1806 1807/1807
f 1624/1624 1622/1622 1800/1800
f 1801/1801 1803/1803 1624/1624
f 1620/1620 1808/1808 1619/1619
f 1676/1676 1617/1617 1671/1671
f 1623/1623 1809/1809 1620/1620
f 1810/1810 1811/1811 1619/1619
f 1802/1802 1619/1619 1811/1811
f 1812/1812 1813/1813 1619/1619
f 1810/1810 1619/1619 1813/1813
f 1814/1814 1815/1815 1620/1620
f 1620/1620 1816/1816 1814/1814
f 1808/1808 1620/1620 1817/1817
f 1619/1619 1808/1808 1818/1818
f 1620/1620 1819/1819 1820/1820
f 1820/1820 1817/1817 1620/1620
f 1620/1620 1815/1815 1819/1819
f 1818/1818 1812/1812 1619/1619
f 1805/1805 1821/1821 1623/1623
f 1822/1822 1821/1821 1823/1823
f 1824/1824 1807/1807 1806/1806
f 1806/1806 1825/1825 1824/1824
f 1623/1623 1821/1821 1822/1822
f 1826/1826 1620/1620 1809/1809
f 1809/1809 1623/1623 1827/1827
f 1623/1623 1828/1828 1827/1827
f 1827/1827 1828/1828 1829/1829
f 1822/1822 1828/1828 1623/1623
f 1823/1823 1830/1830 1822/1822
f 1620/1620 1826/1826 1816/1816
f 1807/1807 1805/1805 1624/1624
f 1804/1804 1831/1831 1624/1624
f 1799/1799 1621/1621 1734/1734
f 1708/1708 1689/1689 1711/1711
f 1832/1832 1833/1833 1834/1834
f 1835/1835 1836/1836 1833/1833
f 1835/1835 1837/1837 1838/1838
f 1835/1835 1839/1839 1837/1837
f 1838/1838 1836/1836 1835/1835
f 1840/1840 1832/1832 1841/1841
f 1842/1842 1841/1841 1832/1832
f 1843/1843 1832/1832 1840/1840
f 1832/1832 1844/1844 1842/1842
f 1832/1832 1845/1845 1844/1844
f 1845/1845 1832/1832 1834/1834
f 1846/1846 1839/1839 1835/1835
f 1835/1835 1833/1833 1832/1832
f 1625/1625 1847/1847 1848/1848
f 1625/1625 1849/1849 1847/1847
f 1850/1850 1851/1851 1852/1852
f 1852/1852 1626/1626 1848/1848
f 1626/1626 1625/1625 1848/1848
f 1835/1835 1853/1853 1854/1854
f 1835/1835 1855/1855 1853/1853
f 1625/1625 1835/1835 1856/1856
f 1625/1625 1857/1857 1835/1835
f 1858/1858 1835/1835 1859/1859
f 1625/1625 1856/1856 1849/1849
f 1855/1855 1835/1835 1858/1858
f 1835/1835 1854/1854 1846/1846
f 1860/1860 1850/1850 1861/1861
f 1862/1862 1863/1863 1832/1832
f 1864/1864 1862/1862 1832/1832
f 1865/1865 1866/1866 1867/1867
f 1866/1866 1863/1863 1867/1867
f 1832/1832 1863/1863 1866/1866
f 1868/1868 1869/1869 1866/1866
f 1865/1865 1867/1867 1870/1870
f 1871/1871 1865/1865 1870/1870
f 1872/1872 1873/1873 1874/1874
f 1871/1871 1875/1875 1865/1865
f 1875/1875 1876/1876 1865/1865
f 1873/1873 1872/1872 1876/1876
f 1843/1843 1864/1864 1832/1832
f 1877/1877 1878/1878 1879/1879
f 1879/1879 1872/1872 1880/1880
f 1881/1881 1882/1882 1859/1859
f 1881/1881 1859/1859 1835/1835
f 1878/1878 1877/1877 1882/1882
f 1878/1878 1882/1882 1881/1881
f 1879/1879 1878/1878 1872/1872
f 1883/1883 1857/1857 1625/1625
f 1625/1625 1884/1884 1885/1885
f 1883/1883 1625/1625 1886/1886
f 1881/1881 1835/1835 1857/1857
f 1872/1872 1865/1865 1876/1876
f 1886/1886 1625/1625 1885/1885
f 1874/1874 1880/1880 1872/1872
f 1887/1887 1884/1884 1625/1625
f 1888/1888 1889/1889 1890/1890
f 1889/1889 1891/1891 1890/1890
f 1892/1892 1893/1893 1894/1894
f 1893/1893 1891/1891 1894/1894
f 1895/1895 1896/1896 1892/1892
f 1897/1897 1898/1898 1899/1899
f 1898/1898 1900/1900 1901/1901
f 1891/1891 1893/1893 1890/1890
f 1896/1896 1893/1893 1892/1892
f 1902/1902 1888/1888 1901/1901
f 1901/1901 1900/1900 1902/1902
f 1890/1890 1901/1901 1888/1888
f 1896/1896 1895/1895 1903/1903
f 1904/1904 1896/1896 1905/1905
f 1905/1905 1906/1906 1904/1904
f 1907/1907 1908/1908 1909/1909
f 1904/1904 1906/1906 1909/1909
f 1910/1910 1908/1908 1907/1907
f 1904/1904 1909/1909 1908/1908
f 1910/1910 1911/1911 1908/1908
f 1910/1910 1912/1912 1911/1911
f 1913/1913 1911/1911 1914/1914
f 1915/1915 1913/1913 1916/1916
f 1912/1912 1914/1914 1911/1911
f 1903/1903 1905/1905 1896/1896
f 1916/1916 1917/1917 1915/1915
f 1918/1918 1919/1919 1920/1920
f 1921/1921 1899/1899 1918/1918
f 1897/1897 1899/1899 1921/1921
f 1918/1918 1899/1899 1919/1919
f 1898/1898 1901/1901 1899/1899
f 1922/1922 1920/1920 1919/1919
f 1850/1850 1860/1860 1851/1851
f 1860/1860 1861/1861 1919/1919
f 1626/1626 1852/1852 1851/1851
f 1626/1626 1923/1923 1924/1924
f 1626/1626 1925/1925 1627/1627
f 1926/1926 1626/1626 1924/1924
f 1851/1851 1923/1923 1626/1626
f 1861/1861 1922/1922 1919/1919
f 1927/1927 1928/1928 1929/1929
f 1927/1927 1930/1930 1931/1931
f 1913/1913 1915/1915 1911/1911
f 1917/1917 1927/1927 1915/1915
f 1917/1917 1930/1930 1927/1927
f 1931/1931 1928/1928 1927/1927
f 1626/1626 1932/1932 1925/1925
f 1933/1933 1929/1929 1928/1928
f 1626/1626 1926/1926 1932/1932
f 1934/1934 1935/1935 1929/1929
f 1926/1926 1929/1929 1935/1935
f 1929/1929 1933/1933 1934/1934
f 1926/1926 1924/1924 1929/1929
f 1936/1936 1627/1627 1925/1925
f 1625/1625 1627/1627 1887/1887
f 1937/1937 1711/1711 1938/1938
f 1939/1939 1937/1937 1938/1938
f 1712/1712 1711/1711 1706/1706
f 1939/1939 1940/1940 1937/1937
f 1939/1939 1869/1869 1940/1940
f 1941/1941 1624/1624 1942/1942
f 1943/1943 1944/1944 1945/1945
f 1946/1946 1942/1942 1947/1947
f 1947/1947 1944/1944 1948/1948
f 1949/1949 1943/1943 1945/1945
f 1950/1950 1944/1944 1943/1943
f 1951/1951 1945/1945 1952/1952
f 1711/1711 1689/1689 1938/1938
f 1868/1868 1940/1940 1869/1869
f 1953/1953 1954/1954 1955/1955
f 1954/1954 1952/1952 1955/1955
f 1956/1956 1957/1957 1952/1952
f 1954/1954 1956/1956 1952/1952
f 1952/1952 1957/1957 1951/1951
f 1958/1958 1949/1949 1951/1951
f 1951/1951 1949/1949 1945/1945
f 1959/1959 1958/1958 1951/1951
f 1958/1958 1960/1960 1961/1961
f 1960/1960 1962/1962 1961/1961
f 1963/1963 1961/1961 1962/1962
f 1959/1959 1960/1960 1958/1958
f 1866/1866 1865/1865 1868/1868
f 1964/1964 1624/1624 1965/1965
f 1941/1941 1966/1966 1624/1624
f 1942/1942 1967/1967 1968/1968
f 1942/1942 1946/1946 1967/1967
f 1968/1968 1941/1941 1942/1942
f 1806/1806 1624/1624 1969/1969
f 1969/1969 1624/1624 1964/1964
f 1970/1970 1969/1969 1964/1964
f 1971/1971 1969/1969 1972/1972
f 1971/1971 1972/1972 1973/1973
f 1969/1969 1970/1970 1972/1972
f 1974/1974 1971/1971 1973/1973
f 1965/1965 1624/1624 1966/1966
f 1947/1947 1948/1948 1975/1975
f 1976/1976 1948/1948 1944/1944
f 1977/1977 1978/1978 1979/1979
f 1977/1977 1980/1980 1978/1978
f 1979/1979 1976/1976 1950/1950
f 1981/1981 1971/1971 1982/1982
f 1983/1983 1981/1981 1982/1982
f 1974/1974 1982/1982 1971/1971
f 1980/1980 1977/1977 1981/1981
f 1950/1950 1977/1977 1979/1979
f 1980/1980 1981/1981 1984/1984
f 1983/1983 1984/1984 1981/1981
f 1976/1976 1944/1944 1950/1950
f 1975/1975 1946/1946 1947/1947
f 1831/1831 1942/1942 1624/1624
f 1985/1985 1986/1986 1987/1987
f 1627/1627 1988/1988 1989/1989
f 1627/1627 1990/1990 1988/1988
f 1887/1887 1627/1627 1991/1991
f 1627/1627 1985/1985 1990/1990
f 1992/1992 1993/1993 1994/1994
f 1995/1995 1996/1996 1992/1992
f 1994/1994 1997/1997 1998/1998
f 1999/1999 1987/1987 1993/1993
f 1994/1994 1995/1995 1992/1992
f 1999/1999 1993/1993 1992/1992
f 2000/2000 1996/1996 1995/1995
f 1989/1989 1991/1991 1627/1627
f 1993/1993 1997/1997 1994/1994
f 1986/1986 1993/1993 1987/1987
f 2001/2001 1627/1627 2002/2002
f 1986/1986 1985/1985 1627/1627
f 1998/1998 1997/1997 2003/2003
f 2004/2004 2005/2005 2003/2003
f 2004/2004 2006/2006 2005/2005
f 2004/2004 2007/2007 2008/2008
f 2004/2004 2009/2009 2006/2006
f 2007/2007 2004/2004 2003/2003
f 2007/2007 2003/2003 1997/1997
f 1986/1986 1627/1627 2001/2001
f 1627/1627 1936/1936 2002/2002
f 2010/2010 1953/1953 1955/1955
f 2011/2011 2010/2010 1955/1955
f 2012/2012 2013/2013 1996/1996
f 2014/2014 2015/2015 2012/2012
f 2011/2011 1996/1996 2013/2013
f 2016/2016 2017/2017 2018/2018
f 2017/2017 1963/1963 2018/2018
f 2019/2019 2020/2020 2021/2021
f 2017/2017 2022/2022 2023/2023
f 2023/2023 2020/2020 2019/2019
f 2022/2022 2017/2017 2016/2016
f 2021/2021 2015/2015 2014/2014
f 2000/2000 2024/2024 2012/2012
f 2025/2025 2026/2026 2000/2000
f 2026/2026 2027/2027 2000/2000
f 2026/2026 2025/2025 2028/2028
f 2000/2000 2029/2029 2025/2025
f 2024/2024 2014/2014 2012/2012
f 2017/2017 2023/2023 2019/2019
f 2014/2014 2019/2019 2021/2021
f 2030/2030 2019/2019 2014/2014
f 2026/2026 2031/2031 2027/2027
f 2019/2019 2030/2030 2032/2032
f 1996/1996 2000/2000 2012/2012
f 1995/1995 2029/2029 2000/2000
f 1961/1961 1963/1963 2017/2017
f 2011/2011 1955/1955 1996/1996
f 2033/2033 2034/2034 2035/2035
f 2036/2036 2037/2037 2038/2038
f 2039/2039 2040/2040 2041/2041
f 2037/2037 2042/2042 2043/2043
f 2038/2038 2043/2043 2044/2044
f 2040/2040 2044/2044 2045/2045
f 2041/2041 2045/2045 2046/2046
f 2043/2043 2047/2047 2048/2048
f 2044/2044 2048/2048 2049/2049
f 2045/2045 2049/2049 2050/2050
f 2046/2046 2050/2050 2051/2051
f 2052/2052 2051/2051 2053/2053
f 2048/2048 2054/2054 2055/2055
f 2049/2049 2055/2055 2056/2056
f 2050/2050 2056/2056 2057/2057
f 2051/2051 2057/2057 2058/2058
f 2055/2055 2059/2059 2060/2060
f 2056/2056 2060/2060 2061/2061
f 2057/2057 2061/2061 2062/2062
f 2058/2058 2062/2062 2063/2063
f 2059/2059 2064/2064 2065/2065
f 2060/2060 2065/2065 2066/2066
f 2061/2061 2066/2066 2067/2067
f 2062/2062 2067/2067 2068/2068
f 2063/2063 2068/2068 2069/2069
f 2070/2070 2069/2069 2071/2071
f 2065/2065 2072/2072 2073/2073
f 2066/2066 2073/2073 2074/2074
f 2067/2067 2074/2074 2075/2075
f 2068/2068 2075/2075 2076/2076
f 2069/2069 2076/2076 2077/2077
f 2071/2071 2077/2077 2078/2078
f 2073/2073 2079/2079 2080/2080
f 2074/2074 2080/2080 2081/2081
f 2075/2075 2081/2081 2082/2082
f 2076/2076 2082/2082 2083/2083
f 2077/2077 2083/2083 2084/2084
f 2078/2078 2084/2084 2085/2085
f 2080/2080 2086/2086 2087/2087
f 2081/2081 2087/2087 2088/2088
f 2082/2082 2088/2088 2089/2089
f 2083/2083 2089/2089 2090/2090
f 2084/2084 2090/2090 2091/2091
f 2085/2085 2091/2091 2092/2092
f 2088/2088 2093/2093 2094/2094
f 2089/2089 2094/2094 2095/2095
f 2090/2090 2095/2095 2096/2096
f 2091/2091 2096/2096 2097/2097
f 2093/2093 2098/2098 2099/2099
f 2094/2094 2099/2099 2100/2100
f 2095/2095 2100/2100 2101/2101
f 2096/2096 2101/2101 2102/2102
f 2097/2097 2102/2102 2103/2103
f 2104/2104 2103/2103 2105/2105
f 2106/2106 2033/2033 2107/2107
f 2108/2108 2033/2033 2106/2106
f 2109/2109 2106/2106 2107/2107
f 2110/2110 2033/2033 2111/2111
f 2033/2033 2110/2110 2107/2107
f 2112/2112 2033/2033 2108/2108
f 2113/2113 2109/2109 2107/2107
f 2114/2114 2033/2033 2115/2115
f 2114/2114 2116/2116 2117/2117
f 2117/2117 2118/2118 2114/2114
f 2119/2119 2111/2111 2033/2033
f 2034/2034 2033/2033 2114/2114
f 2114/2114 2120/2120 2034/2034
f 2114/2114 2118/2118 2120/2120
f 2121/2121 2035/2035 2034/2034
f 2112/2112 2115/2115 2033/2033
f 2122/2122 2109/2109 2123/2123
f 2124/2124 2123/2123 2109/2109
f 2109/2109 2113/2113 2124/2124
f 2125/2125 2109/2109 2122/2122
f 2126/2126 2109/2109 2125/2125
f 2036/2036 2127/2127 2128/2128
f 2127/2127 2129/2129 2130/2130
f 2130/2130 2126/2126 2125/2125
f 2035/2035 2131/2131 2119/2119
f 2132/2132 2133/2133 2035/2035
f 2131/2131 2035/2035 2133/2133
f 2035/2035 2119/2119 2033/2033
f 2036/2036 2134/2134 2132/2132
f 2035/2035 2036/2036 2132/2132
f 2036/2036 2035/2035 2037/2037
f 2128/2128 2134/2134 2036/2036
f 2036/2036 2129/2129 2127/2127
f 2120/2120 2135/2135 2034/2034
f 2136/2136 2137/2137 2138/2138
f 2137/2137 2139/2139 2138/2138
f 2140/2140 2141/2141 2135/2135
f 2140/2140 2139/2139 2142/2142
f 2139/2139 2140/2140 2138/2138
f 2142/2142 2141/2141 2140/2140
f 2137/2137 2136/2136 2143/2143
f 2137/2137 2144/2144 2145/2145
f 2139/2139 2137/2137 2145/2145
f 2146/2146 2144/2144 2137/2137
f 2147/2147 2148/2148 2146/2146
f 2149/2149 2144/2144 2146/2146
f 2149/2149 2146/2146 2150/2150
f 2147/2147 2151/2151 2148/2148
f 2151/2151 2147/2147 2152/2152
f 2146/2146 2148/2148 2153/2153
f 2141/2141 2154/2154 2034/2034
f 2121/2121 2034/2034 2155/2155
f 2154/2154 2156/2156 2034/2034
f 2121/2121 2042/2042 2035/2035
f 2157/2157 2042/2042 2121/2121
f 2042/2042 2157/2157 2158/2158
f 2047/2047 2042/2042 2158/2158
f 2155/2155 2034/2034 2156/2156
f 2159/2159 2150/2150 2146/2146
f 2047/2047 2159/2159 2153/2153
f 2159/2159 2146/2146 2153/2153
f 2160/2160 2047/2047 2153/2153
f 2047/2047 2161/2161 2162/2162
f 2159/2159 2047/2047 2162/2162
f 2054/2054 2047/2047 2163/2163
f 2158/2158 2161/2161 2047/2047
f 2135/2135 2141/2141 2034/2034
f 2164/2164 2126/2126 2165/2165
f 2165/2165 2126/2126 2130/2130
f 2166/2166 2126/2126 2164/2164
f 2126/2126 2166/2166 2167/2167
f 2126/2126 2168/2168 2169/2169
f 2126/2126 2167/2167 2168/2168
f 2170/2170 2126/2126 2169/2169
f 2171/2171 2129/2129 2036/2036
f 2172/2172 2173/2173 2038/2038
f 2171/2171 2036/2036 2174/2174
f 2175/2175 2176/2176 2177/2177
f 2038/2038 2175/2175 2178/2178
f 2175/2175 2177/2177 2178/2178
f 2038/2038 2178/2178 2172/2172
f 2165/2165 2130/2130 2129/2129
f 2179/2179 2170/2170 2180/2180
f 2169/2169 2180/2180 2170/2170
f 2170/2170 2179/2179 2175/2175
f 2176/2176 2175/2175 2179/2179
f 2039/2039 2170/2170 2175/2175
f 2181/2181 2182/2182 2183/2183
f 2170/2170 2181/2181 2183/2183
f 2184/2184 2181/2181 2039/2039
f 2185/2185 2182/2182 2181/2181
f 2184/2184 2039/2039 2041/2041
f 2186/2186 2187/2187 2181/2181
f 2181/2181 2184/2184 2188/2188
f 2186/2186 2181/2181 2189/2189
f 2185/2185 2181/2181 2190/2190
f 2190/2190 2181/2181 2187/2187
f 2185/2185 2190/2190 2191/2191
f 2192/2192 2185/2185 2191/2191
f 2188/2188 2189/2189 2181/2181
f 2038/2038 2173/2173 2174/2174
f 2038/2038 2040/2040 2175/2175
f 2184/2184 2041/2041 2193/2193
f 2194/2194 2041/2041 2046/2046
f 2194/2194 2193/2193 2041/2041
f 2194/2194 2052/2052 2195/2195
f 2052/2052 2196/2196 2195/2195
f 2196/2196 2052/2052 2197/2197
f 2058/2058 2053/2053 2051/2051
f 2198/2198 2052/2052 2199/2199
f 2052/2052 2200/2200 2201/2201
f 2053/2053 2202/2202 2203/2203
f 2204/2204 2202/2202 2053/2053
f 2197/2197 2052/2052 2198/2198
f 2058/2058 2205/2205 2053/2053
f 2046/2046 2052/2052 2194/2194
f 2053/2053 2203/2203 2206/2206
f 2207/2207 2208/2208 2192/2192
f 2207/2207 2209/2209 2210/2210
f 2210/2210 2209/2209 2198/2198
f 2210/2210 2208/2208 2207/2207
f 2211/2211 2212/2212 2185/2185
f 2192/2192 2208/2208 2213/2213
f 2213/2213 2211/2211 2192/2192
f 2192/2192 2211/2211 2185/2185
f 2052/2052 2214/2214 2199/2199
f 2199/2199 2210/2210 2198/2198
f 2215/2215 2214/2214 2201/2201
f 2215/2215 2201/2201 2216/2216
f 2217/2217 2200/2200 2053/2053
f 2201/2201 2214/2214 2052/2052
f 2217/2217 2206/2206 2218/2218
f 2053/2053 2206/2206 2217/2217
f 2036/2036 2038/2038 2174/2174
f 2163/2163 2047/2047 2160/2160
f 2219/2219 2220/2220 2221/2221
f 2222/2222 2219/2219 2221/2221
f 2223/2223 2220/2220 2219/2219
f 2222/2222 2152/2152 2147/2147
f 2223/2223 2224/2224 2220/2220
f 2225/2225 2224/2224 2223/2223
f 2219/2219 2222/2222 2147/2147
f 2226/2226 2064/2064 2227/2227
f 2228/2228 2079/2079 2072/2072
f 2228/2228 2072/2072 2226/2226
f 2229/2229 2086/2086 2230/2230
f 2231/2231 2086/2086 2229/2229
f 2231/2231 2229/2229 2232/2232
f 2079/2079 2233/2233 2230/2230
f 2227/2227 2234/2234 2223/2223
f 2086/2086 2231/2231 2235/2235
f 2234/2234 2236/2236 2237/2237
f 2234/2234 2238/2238 2225/2225
f 2234/2234 2237/2237 2238/2238
f 2239/2239 2240/2240 2054/2054
f 2054/2054 2240/2240 2059/2059
f 2240/2240 2236/2236 2234/2234
f 2234/2234 2059/2059 2240/2240
f 2225/2225 2223/2223 2234/2234
f 2226/2226 2072/2072 2064/2064
f 2241/2241 2086/2086 2242/2242
f 2086/2086 2243/2243 2087/2087
f 2079/2079 2230/2230 2086/2086
f 2244/2244 2086/2086 2241/2241
f 2242/2242 2086/2086 2235/2235
f 2054/2054 2163/2163 2239/2239
f 2245/2245 2246/2246 2247/2247
f 2248/2248 2246/2246 2245/2245
f 2249/2249 2232/2232 2229/2229
f 2246/2246 2248/2248 2250/2250
f 2246/2246 2251/2251 2249/2249
f 2246/2246 2252/2252 2251/2251
f 2246/2246 2249/2249 2229/2229
f 2253/2253 2254/2254 2255/2255
f 2256/2256 2254/2254 2253/2253
f 2253/2253 2098/2098 2257/2257
f 2248/2248 2258/2258 2250/2250
f 2253/2253 2257/2257 2256/2256
f 2257/2257 2098/2098 2259/2259
f 2260/2260 2098/2098 2253/2253
f 2259/2259 2098/2098 2258/2258
f 2252/2252 2246/2246 2261/2261
f 2250/2250 2262/2262 2263/2263
f 2243/2243 2264/2264 2087/2087
f 2093/2093 2264/2264 2265/2265
f 2087/2087 2264/2264 2093/2093
f 2265/2265 2262/2262 2250/2250
f 2265/2265 2250/2250 2093/2093
f 2250/2250 2266/2266 2261/2261
f 2246/2246 2250/2250 2261/2261
f 2266/2266 2250/2250 2263/2263
f 2267/2267 2100/2100 2099/2099
f 2100/2100 2267/2267 2268/2268
f 2267/2267 2099/2099 2098/2098
f 2267/2267 2098/2098 2260/2260
f 2250/2250 2258/2258 2098/2098
f 2244/2244 2243/2243 2086/2086
f 2100/2100 2268/2268 2101/2101
f 2205/2205 2058/2058 2269/2269
f 2058/2058 2063/2063 2270/2270
f 2269/2269 2058/2058 2270/2270
f 2271/2271 2070/2070 2272/2272
f 2070/2070 2271/2271 2270/2270
f 2063/2063 2070/2070 2270/2270
f 2205/2205 2204/2204 2053/2053
f 2070/2070 2273/2273 2274/2274
f 2078/2078 2275/2275 2071/2071
f 2085/2085 2276/2276 2277/2277
f 2092/2092 2278/2278 2279/2279
f 2280/2280 2278/2278 2092/2092
f 2085/2085 2281/2281 2078/2078
f 2282/2282 2092/2092 2091/2091
f 2272/2272 2070/2070 2283/2283
f 2279/2279 2284/2284 2092/2092
f 2285/2285 2274/2274 2286/2286
f 2286/2286 2274/2274 2287/2287
f 2288/2288 2289/2289 2290/2290
f 2290/2290 2287/2287 2288/2288
f 2287/2287 2274/2274 2288/2288
f 2289/2289 2288/2288 2217/2217
f 2285/2285 2283/2283 2070/2070
f 2218/2218 2289/2289 2217/2217
f 2285/2285 2070/2070 2274/2274
f 2071/2071 2275/2275 2273/2273
f 2291/2291 2276/2276 2092/2092
f 2292/2292 2092/2092 2284/2284
f 2292/2292 2291/2291 2092/2092
f 2282/2282 2280/2280 2092/2092
f 2097/2097 2293/2293 2294/2294
f 2282/2282 2091/2091 2294/2294
f 2295/2295 2296/2296 2104/2104
f 2296/2296 2293/2293 2104/2104
f 2268/2268 2102/2102 2101/2101
f 2102/2102 2268/2268 2297/2297
f 2297/2297 2103/2103 2102/2102
f 2298/2298 2299/2299 2104/2104
f 2300/2300 2295/2295 2104/2104
f 2297/2297 2105/2105 2103/2103
f 2300/2300 2104/2104 2299/2299
f 2105/2105 2297/2297 2301/2301
f 2097/2097 2104/2104 2293/2293
f 2091/2091 2097/2097 2294/2294
f 2104/2104 2105/2105 2302/2302
f 2291/2291 2303/2303 2298/2298
f 2298/2298 2304/2304 2305/2305
f 2298/2298 2303/2303 2304/2304
f 2306/2306 2307/2307 2298/2298
f 2298/2298 2308/2308 2306/2306
f 2308/2308 2298/2298 2104/2104
f 2298/2298 2305/2305 2299/2299
f 2309/2309 2303/2303 2291/2291
f 2308/2308 2104/2104 2302/2302
f 2310/2310 2311/2311 2312/2312
f 2313/2313 2105/2105 2312/2312
f 2310/2310 2314/2314 2315/2315
f 2311/2311 2310/2310 2315/2315
f 2312/2312 2105/2105 2310/2310
f 2105/2105 2301/2301 2310/2310
f 2302/2302 2105/2105 2313/2313
f 2291/2291 2292/2292 2309/2309
f 2316/2316 2317/2317 2318/2318
f 2319/2319 2316/2316 2320/2320
f 2321/2321 2322/2322 2323/2323
f 2323/2323 2324/2324 2325/2325
f 2325/2325 2326/2326 2327/2327
f 2327/2327 2328/2328 2329/2329
f 2330/2330 2331/2331 2332/2332
f 2333/2333 2334/2334 2335/2335
f 2334/2334 2331/2331 2335/2335
f 2336/2336 2337/2337 2333/2333
f 2338/2338 2339/2339 2340/2340
f 2339/2339 2341/2341 2340/2340
f 2332/2332 2342/2342 2330/2330
f 2337/2337 2334/2334 2333/2333
f 2340/2340 2341/2341 2342/2342
f 2331/2331 2334/2334 2332/2332
f 2337/2337 2336/2336 2343/2343
f 2344/2344 2345/2345 2343/2343
f 2345/2345 2346/2346 2347/2347
f 2348/2348 2349/2349 2350/2350
f 2347/2347 2346/2346 2350/2350
f 2351/2351 2349/2349 2348/2348
f 2347/2347 2343/2343 2345/2345
f 2349/2349 2347/2347 2350/2350
f 2352/2352 2353/2353 2354/2354
f 2353/2353 2351/2351 2354/2354
f 2349/2349 2351/2351 2353/2353
f 2355/2355 2356/2356 2352/2352
f 2336/2336 2344/2344 2343/2343
f 2357/2357 2358/2358 2359/2359
f 2358/2358 2360/2360 2359/2359
f 2361/2361 2359/2359 2362/2362
f 2359/2359 2338/2338 2340/2340
f 2359/2359 2360/2360 2362/2362
f 2363/2363 2364/2364 2357/2357
f 2364/2364 2363/2363 2365/2365
f 2366/2366 2365/2365 2318/2318
f 2318/2318 2367/2367 2366/2366
f 2317/2317 2368/2368 2367/2367
f 2319/2319 2369/2369 2368/2368
f 2361/2361 2338/2338 2359/2359
f 2365/2365 2363/2363 2318/2318
f 2352/2352 2356/2356 2353/2353
f 2370/2370 2371/2371 2356/2356
f 2318/2318 2317/2317 2367/2367
f 2372/2372 2318/2318 2373/2373
f 2374/2374 2375/2375 2318/2318
f 2373/2373 2318/2318 2363/2363
f 2318/2318 2376/2376 2374/2374
f 2318/2318 2372/2372 2376/2376
f 2371/2371 2377/2377 2374/2374
f 2363/2363 2357/2357 2359/2359
f 2340/2340 2342/2342 2332/2332
f 2368/2368 2317/2317 2319/2319
f 2356/2356 2355/2355 2378/2378
f 2370/2370 2356/2356 2379/2379
f 2380/2380 2371/2371 2370/2370
f 2371/2371 2381/2381 2382/2382
f 2380/2380 2381/2381 2371/2371
f 2377/2377 2371/2371 2382/2382
f 2318/2318 2383/2383 2316/2316
f 2377/2377 2375/2375 2374/2374
f 2316/2316 2384/2384 2385/2385
f 2316/2316 2386/2386 2384/2384
f 2316/2316 2383/2383 2386/2386
f 2318/2318 2375/2375 2383/2383
f 2387/2387 2388/2388 2316/2316
f 2389/2389 2390/2390 2388/2388
f 2390/2390 2391/2391 2388/2388
f 2392/2392 2393/2393 2389/2389
f 2390/2390 2389/2389 2393/2393
f 2394/2394 2392/2392 2389/2389
f 2388/2388 2395/2395 2396/2396
f 2388/2388 2391/2391 2395/2395
f 2389/2389 2397/2397 2394/2394
f 2389/2389 2398/2398 2397/2397
f 2398/2398 2389/2389 2399/2399
f 2316/2316 2385/2385 2387/2387
f 2388/2388 2396/2396 2400/2400
f 2401/2401 2316/2316 2402/2402
f 2402/2402 2316/2316 2388/2388
f 2403/2403 2316/2316 2401/2401
f 2388/2388 2404/2404 2405/2405
f 2388/2388 2400/2400 2404/2404
f 2405/2405 2402/2402 2388/2388
f 2406/2406 2320/2320 2407/2407
f 2408/2408 2320/2320 2406/2406
f 2316/2316 2409/2409 2407/2407
f 2316/2316 2403/2403 2409/2409
f 2316/2316 2407/2407 2320/2320
f 2410/2410 2411/2411 2412/2412
f 2410/2410 2413/2413 2411/2411
f 2414/2414 2415/2415 2399/2399
f 2416/2416 2417/2417 2415/2415
f 2416/2416 2410/2410 2418/2418
f 2412/2412 2418/2418 2410/2410
f 2416/2416 2418/2418 2417/2417
f 2419/2419 2420/2420 2414/2414
f 2416/2416 2414/2414 2420/2420
f 2416/2416 2415/2415 2414/2414
f 2414/2414 2399/2399 2389/2389
f 2400/2400 2413/2413 2410/2410
f 2413/2413 2400/2400 2396/2396
f 2419/2419 2421/2421 2422/2422
f 2379/2379 2356/2356 2378/2378
f 2408/2408 2423/2423 2320/2320
f 2319/2319 2424/2424 2425/2425
f 2426/2426 2427/2427 2320/2320
f 2426/2426 2428/2428 2429/2429
f 2424/2424 2319/2319 2427/2427
f 2319/2319 2425/2425 2369/2369
f 2430/2430 2431/2431 2432/2432
f 2431/2431 2433/2433 2432/2432
f 2434/2434 2431/2431 2435/2435
f 2431/2431 2436/2436 2435/2435
f 2432/2432 2429/2429 2430/2430
f 2319/2319 2320/2320 2427/2427
f 2437/2437 2320/2320 2438/2438
f 2438/2438 2320/2320 2423/2423
f 2439/2439 2320/2320 2437/2437
f 2426/2426 2440/2440 2428/2428
f 2320/2320 2439/2439 2440/2440
f 2441/2441 2428/2428 2440/2440
f 2436/2436 2431/2431 2430/2430
f 2430/2430 2429/2429 2442/2442
f 2428/2428 2441/2441 2443/2443
f 2428/2428 2442/2442 2429/2429
f 2444/2444 2445/2445 2441/2441
f 2446/2446 2443/2443 2441/2441
f 2320/2320 2440/2440 2426/2426
f 2446/2446 2447/2447 2448/2448
f 2446/2446 2449/2449 2447/2447
f 2444/2444 2450/2450 2445/2445
f 2446/2446 2441/2441 2445/2445
f 2451/2451 2452/2452 2453/2453
f 2446/2446 2448/2448 2443/2443
f 2454/2454 2455/2455 2450/2450
f 2453/2453 2455/2455 2454/2454
f 2456/2456 2457/2457 2452/2452
f 2453/2453 2452/2452 2455/2455
f 2452/2452 2458/2458 2456/2456
f 2458/2458 2452/2452 2451/2451
f 2450/2450 2444/2444 2454/2454
f 2454/2454 2444/2444 2459/2459
f 2460/2460 2461/2461 2462/2462
f 2462/2462 2461/2461 2463/2463
f 2461/2461 2460/2460 2464/2464
f 2457/2457 2465/2465 2466/2466
f 2457/2457 2456/2456 2467/2467
f 2468/2468 2457/2457 2469/2469
f 2457/2457 2466/2466 2469/2469
f 2467/2467 2465/2465 2457/2457
f 2459/2459 2444/2444 2464/2464
f 2470/2470 2468/2468 2469/2469
f 2464/2464 2444/2444 2461/2461
f 2471/2471 2472/2472 2473/2473
f 2471/2471 2474/2474 2472/2472
f 2473/2473 2461/2461 2471/2471
f 2461/2461 2473/2473 2463/2463
f 2475/2475 2474/2474 2471/2471
f 2476/2476 2468/2468 2477/2477
f 2470/2470 2477/2477 2468/2468
f 2475/2475 2468/2468 2476/2476
f 2476/2476 2474/2474 2475/2475
f 2475/2475 2471/2471 2478/2478
f 2479/2479 2478/2478 2480/2480
f 2480/2480 2478/2478 2471/2471
f 2422/2422 2421/2421 2481/2481
f 2419/2419 2422/2422 2420/2420
f 2482/2482 2481/2481 2483/2483
f 2484/2484 2482/2482 2485/2485
f 2483/2483 2485/2485 2482/2482
f 2486/2486 2484/2484 2485/2485
f 2479/2479 2487/2487 2488/2488
f 2489/2489 2488/2488 2487/2487
f 2480/2480 2487/2487 2479/2479
f 2490/2490 2488/2488 2321/2321
f 2321/2321 2488/2488 2489/2489
f 2489/2489 2491/2491 2321/2321
f 2490/2490 2321/2321 2492/2492
f 2493/2493 2479/2479 2488/2488
f 2490/2490 2494/2494 2488/2488
f 2495/2495 2496/2496 2488/2488
f 2497/2497 2495/2495 2488/2488
f 2498/2498 2499/2499 2495/2495
f 2493/2493 2488/2488 2496/2496
f 2497/2497 2488/2488 2500/2500
f 2500/2500 2488/2488 2494/2494
f 2496/2496 2495/2495 2499/2499
f 2501/2501 2499/2499 2498/2498
f 2502/2502 2499/2499 2501/2501
f 2503/2503 2502/2502 2504/2504
f 2505/2505 2503/2503 2504/2504
f 2499/2499 2502/2502 2503/2503
f 2492/2492 2321/2321 2506/2506
f 2507/2507 2506/2506 2321/2321
f 2321/2321 2508/2508 2509/2509
f 2510/2510 2508/2508 2321/2321
f 2509/2509 2507/2507 2321/2321
f 2503/2503 2511/2511 2512/2512
f 2513/2513 2511/2511 2503/2503
f 2512/2512 2514/2514 2515/2515
f 2510/2510 2512/2512 2515/2515
f 2511/2511 2514/2514 2512/2512
f 2505/2505 2513/2513 2503/2503
f 2512/2512 2510/2510 2516/2516
f 2516/2516 2510/2510 2321/2321
f 2481/2481 2421/2421 2483/2483
f 2517/2517 2518/2518 2519/2519
f 2485/2485 2518/2518 2486/2486
f 2519/2519 2520/2520 2517/2517
f 2519/2519 2521/2521 2520/2520
f 2521/2521 2519/2519 2522/2522
f 2523/2523 2524/2524 2484/2484
f 2523/2523 2484/2484 2525/2525
f 2526/2526 2527/2527 2528/2528
f 2527/2527 2524/2524 2528/2528
f 2484/2484 2524/2524 2527/2527
f 2486/2486 2525/2525 2484/2484
f 2529/2529 2522/2522 2519/2519
f 2530/2530 2531/2531 2532/2532
f 2530/2530 2533/2533 2531/2531
f 2532/2532 2529/2529 2530/2530
f 2530/2530 2534/2534 2533/2533
f 2527/2527 2534/2534 2530/2530
f 2535/2535 2536/2536 2537/2537
f 2535/2535 2538/2538 2536/2536
f 2529/2529 2519/2519 2530/2530
f 2537/2537 2539/2539 2535/2535
f 2526/2526 2534/2534 2527/2527
f 2530/2530 2540/2540 2541/2541
f 2542/2542 2527/2527 2530/2530
f 2543/2543 2542/2542 2530/2530
f 2544/2544 2545/2545 2541/2541
f 2530/2530 2541/2541 2543/2543
f 2544/2544 2541/2541 2540/2540
f 2544/2544 2540/2540 2546/2546
f 2322/2322 2547/2547 2548/2548
f 2322/2322 2549/2549 2550/2550
f 2548/2548 2551/2551 2544/2544
f 2552/2552 2553/2553 2544/2544
f 2551/2551 2545/2545 2544/2544
f 2544/2544 2322/2322 2548/2548
f 2552/2552 2544/2544 2546/2546
f 2554/2554 2555/2555 2556/2556
f 2556/2556 2555/2555 2557/2557
f 2558/2558 2539/2539 2559/2559
f 2537/2537 2559/2559 2539/2539
f 2560/2560 2554/2554 2558/2558
f 2560/2560 2558/2558 2559/2559
f 2554/2554 2560/2560 2555/2555
f 2557/2557 2555/2555 2561/2561
f 2324/2324 2322/2322 2544/2544
f 2324/2324 2544/2544 2553/2553
f 2561/2561 2552/2552 2546/2546
f 2561/2561 2546/2546 2557/2557
f 2562/2562 2324/2324 2553/2553
f 2563/2563 2564/2564 2538/2538
f 2565/2565 2566/2566 2567/2567
f 2566/2566 2568/2568 2569/2569
f 2570/2570 2571/2571 2572/2572
f 2568/2568 2572/2572 2571/2571
f 2573/2573 2571/2571 2570/2570
f 2568/2568 2571/2571 2569/2569
f 2564/2564 2536/2536 2538/2538
f 2565/2565 2567/2567 2564/2564
f 2573/2573 2574/2574 2575/2575
f 2569/2569 2567/2567 2566/2566
f 2574/2574 2573/2573 2570/2570
f 2565/2565 2564/2564 2563/2563
f 2575/2575 2576/2576 2577/2577
f 2578/2578 2577/2577 2576/2576
f 2574/2574 2576/2576 2575/2575
f 2579/2579 2580/2580 2578/2578
f 2577/2577 2578/2578 2580/2580
f 2581/2581 2580/2580 2579/2579
f 2582/2582 2580/2580 2581/2581
f 2583/2583 2584/2584 2582/2582
f 2585/2585 2584/2584 2586/2586
f 2584/2584 2583/2583 2586/2586
f 2582/2582 2581/2581 2583/2583
f 2587/2587 2585/2585 2586/2586
f 2588/2588 2589/2589 2590/2590
f 2591/2591 2592/2592 2593/2593
f 2591/2591 2590/2590 2592/2592
f 2594/2594 2324/2324 2595/2595
f 2595/2595 2324/2324 2596/2596
f 2597/2597 2326/2326 2598/2598
f 2598/2598 2326/2326 2599/2599
f 2599/2599 2326/2326 2600/2600
f 2326/2326 2597/2597 2589/2589
f 2562/2562 2596/2596 2324/2324
f 2593/2593 2601/2601 2591/2591
f 2587/2587 2602/2602 2585/2585
f 2590/2590 2591/2591 2588/2588
f 2603/2603 2328/2328 2588/2588
f 2589/2589 2588/2588 2328/2328
f 2603/2603 2604/2604 2605/2605
f 2606/2606 2607/2607 2604/2604
f 2608/2608 2609/2609 2610/2610
f 2611/2611 2612/2612 2610/2610
f 2613/2613 2608/2608 2614/2614
f 2601/2601 2593/2593 2602/2602
f 2602/2602 2587/2587 2601/2601
f 2594/2594 2600/2600 2326/2326
f 2615/2615 2616/2616 2606/2606
f 2617/2617 2618/2618 2321/2321
f 2322/2322 2619/2619 2620/2620
f 2322/2322 2621/2621 2619/2619
f 2322/2322 2622/2622 2621/2621
f 2322/2322 2618/2618 2622/2622
f 2322/2322 2321/2321 2618/2618
f 2322/2322 2620/2620 2549/2549
f 2322/2322 2550/2550 2547/2547
f 2325/2325 2623/2623 2323/2323
f 2328/2328 2326/2326 2589/2589
f 2323/2323 2516/2516 2321/2321
f 2624/2624 2625/2625 2626/2626
f 2626/2626 2328/2328 2627/2627
f 2628/2628 2328/2328 2626/2626
f 2328/2328 2605/2605 2629/2629
f 2328/2328 2630/2630 2627/2627
f 2328/2328 2629/2629 2630/2630
f 2605/2605 2328/2328 2603/2603
f 2329/2329 2631/2631 2327/2327
f 2632/2632 2633/2633 2329/2329
f 2634/2634 2325/2325 2327/2327
f 2632/2632 2329/2329 2635/2635
f 2635/2635 2329/2329 2328/2328
f 2328/2328 2628/2628 2635/2635
f 2324/2324 2594/2594 2326/2326
f 2636/2636 2329/2329 2633/2633
f 2637/2637 2323/2323 2638/2638
f 2323/2323 2637/2637 2516/2516
f 2638/2638 2323/2323 2639/2639
f 2640/2640 2325/2325 2641/2641
f 2640/2640 2642/2642 2325/2325
f 2634/2634 2327/2327 2643/2643
f 2623/2623 2644/2644 2323/2323
f 2642/2642 2645/2645 2623/2623
f 2642/2642 2623/2623 2325/2325
f 2323/2323 2644/2644 2639/2639
f 2641/2641 2325/2325 2634/2634
f 2646/2646 2329/2329 2647/2647
f 2329/2329 2646/2646 2631/2631
f 2648/2648 2329/2329 2649/2649
f 2329/2329 2648/2648 2647/2647
f 2631/2631 2650/2650 2327/2327
f 2327/2327 2651/2651 2652/2652
f 2327/2327 2653/2653 2651/2651
f 2327/2327 2654/2654 2655/2655
f 2655/2655 2653/2653 2327/2327
f 2654/2654 2327/2327 2650/2650
f 2327/2327 2652/2652 2643/2643
f 2649/2649 2329/2329 2636/2636
f 2491/2491 2617/2617 2321/2321
f 2656/2656 2612/2612 2657/2657
f 2657/2657 2612/2612 2611/2611
f 2658/2658 2656/2656 2657/2657
f 2609/2609 2608/2608 2613/2613
f 2609/2609 2611/2611 2610/2610
f 2613/2613 2614/2614 2659/2659
f 2660/2660 2659/2659 2614/2614
f 2605/2605 2604/2604 2661/2661
f 2616/2616 2607/2607 2606/2606
f 2660/2660 2662/2662 2659/2659
f 2616/2616 2615/2615 2658/2658
f 2662/2662 2660/2660 2663/2663
f 2661/2661 2604/2604 2607/2607
f 2664/2664 2665/2665 2666/2666
f 2662/2662 2663/2663 2666/2666
f 2663/2663 2664/2664 2666/2666
f 2667/2667 2665/2665 2668/2668
f 2664/2664 2668/2668 2665/2665
f 2669/2669 2667/2667 2668/2668
f 2670/2670 2667/2667 2669/2669
f 2671/2671 2672/2672 2673/2673
f 2670/2670 2673/2673 2672/2672
f 2674/2674 2675/2675 2672/2672
f 2670/2670 2669/2669 2673/2673
f 2671/2671 2674/2674 2672/2672
f 2625/2625 2676/2676 2677/2677
f 2624/2624 2676/2676 2625/2625
f 2678/2678 2679/2679 2680/2680
f 2681/2681 2682/2682 2679/2679
f 2677/2677 2676/2676 2682/2682
f 2681/2681 2677/2677 2682/2682
f 2678/2678 2681/2681 2679/2679
f 2683/2683 2684/2684 2685/2685
f 2686/2686 2683/2683 2685/2685
f 2680/2680 2683/2683 2678/2678
f 2684/2684 2683/2683 2680/2680
f 2627/2627 2624/2624 2626/2626
f 2687/2687 2688/2688 2689/2689
f 2688/2688 2690/2690 2691/2691
f 2687/2687 2689/2689 2692/2692
f 2692/2692 2689/2689 2675/2675
f 2687/2687 2690/2690 2688/2688
f 2693/2693 2694/2694 2686/2686
f 2685/2685 2693/2693 2686/2686
f 2695/2695 2694/2694 2693/2693
f 2694/2694 2695/2695 2696/2696
f 2696/2696 2695/2695 2691/2691
f 2696/2696 2691/2691 2690/2690
f 2675/2675 2674/2674 2692/2692
f 2615/2615 2656/2656 2658/2658
f 2518/2518 2485/2485 2519/2519
f 2697/2697 2698/2698 2699/2699
f 2699/2699 2700/2700 2701/2701
f 2701/2701 2702/2702 2703/2703
f 2703/2703 2702/2702 2704/2704
f 2705/2705 2706/2706 2707/2707
f 2708/2708 2706/2706 2709/2709
f 2710/2710 2711/2711 2712/2712
f 2713/2713 2714/2714 2715/2715
f 2716/2716 2710/2710 2715/2715
f 2717/2717 2718/2718 2713/2713
f 2719/2719 2720/2720 2721/2721
f 2711/2711 2719/2719 2712/2712
f 2719/2719 2711/2711 2720/2720
f 2716/2716 2711/2711 2710/2710
f 2714/2714 2716/2716 2715/2715
f 2714/2714 2713/2713 2718/2718
f 2718/2718 2717/2717 2722/2722
f 2723/2723 2722/2722 2724/2724
f 2725/2725 2726/2726 2727/2727
f 2728/2728 2723/2723 2727/2727
f 2729/2729 2725/2725 2730/2730
f 2723/2723 2728/2728 2722/2722
f 2727/2727 2726/2726 2728/2728
f 2729/2729 2731/2731 2732/2732
f 2732/2732 2733/2733 2734/2734
f 2729/2729 2726/2726 2725/2725
f 2730/2730 2731/2731 2729/2729
f 2717/2717 2724/2724 2722/2722
f 2735/2735 2736/2736 2737/2737
f 2737/2737 2738/2738 2735/2735
f 2721/2721 2738/2738 2737/2737
f 2738/2738 2721/2721 2720/2720
f 2739/2739 2736/2736 2735/2735
f 2740/2740 2741/2741 2742/2742
f 2743/2743 2741/2741 2744/2744
f 2741/2741 2740/2740 2745/2745
f 2742/2742 2739/2739 2740/2740
f 2739/2739 2742/2742 2736/2736
f 2745/2745 2746/2746 2741/2741
f 2746/2746 2744/2744 2741/2741
f 2747/2747 2700/2700 2748/2748
f 2748/2748 2700/2700 2749/2749
f 2750/2750 2698/2698 2751/2751
f 2751/2751 2698/2698 2752/2752
f 2753/2753 2700/2700 2754/2754
f 2754/2754 2698/2698 2755/2755
f 2755/2755 2698/2698 2756/2756
f 2700/2700 2753/2753 2749/2749
f 2752/2752 2744/2744 2746/2746
f 2750/2750 2756/2756 2698/2698
f 2757/2757 2758/2758 2759/2759
f 2760/2760 2761/2761 2762/2762
f 2760/2760 2758/2758 2757/2757
f 2757/2757 2759/2759 2763/2763
f 2733/2733 2764/2764 2734/2734
f 2765/2765 2766/2766 2757/2757
f 2763/2763 2765/2765 2757/2757
f 2767/2767 2768/2768 2757/2757
f 2766/2766 2765/2765 2769/2769
f 2757/2757 2761/2761 2760/2760
f 2761/2761 2770/2770 2771/2771
f 2761/2761 2772/2772 2773/2773
f 2770/2770 2761/2761 2773/2773
f 2774/2774 2772/2772 2761/2761
f 2761/2761 2771/2771 2762/2762
f 2775/2775 2776/2776 2777/2777
f 2766/2766 2778/2778 2776/2776
f 2774/2774 2779/2779 2772/2772
f 2779/2779 2775/2775 2780/2780
f 2780/2780 2775/2775 2777/2777
f 2774/2774 2775/2775 2779/2779
f 2778/2778 2766/2766 2769/2769
f 2781/2781 2764/2764 2782/2782
f 2783/2783 2784/2784 2785/2785
f 2786/2786 2782/2782 2787/2787
f 2786/2786 2781/2781 2782/2782
f 2784/2784 2788/2788 2789/2789
f 2787/2787 2788/2788 2786/2786
f 2788/2788 2784/2784 2783/2783
f 2787/2787 2789/2789 2788/2788
f 2790/2790 2783/2783 2785/2785
f 2790/2790 2785/2785 2791/2791
f 2764/2764 2781/2781 2734/2734
f 2768/2768 2791/2791 2785/2785
f 2792/2792 2793/2793 2757/2757
f 2766/2766 2792/2792 2757/2757
f 2767/2767 2757/2757 2793/2793
f 2794/2794 2791/2791 2795/2795
f 2796/2796 2795/2795 2791/2791
f 2702/2702 2794/2794 2797/2797
f 2796/2796 2791/2791 2767/2767
f 2791/2791 2700/2700 2747/2747
f 2791/2791 2768/2768 2767/2767
f 2766/2766 2776/2776 2775/2775
f 2791/2791 2747/2747 2790/2790
f 2798/2798 2775/2775 2774/2774
f 2731/2731 2733/2733 2732/2732
f 2702/2702 2797/2797 2799/2799
f 2800/2800 2801/2801 2802/2802
f 2803/2803 2804/2804 2805/2805
f 2806/2806 2800/2800 2805/2805
f 2807/2807 2808/2808 2803/2803
f 2809/2809 2802/2802 2801/2801
f 2801/2801 2800/2800 2806/2806
f 2805/2805 2804/2804 2806/2806
f 2804/2804 2803/2803 2808/2808
f 2808/2808 2807/2807 2810/2810
f 2810/2810 2807/2807 2811/2811
f 2812/2812 2813/2813 2814/2814
f 2815/2815 2816/2816 2817/2817
f 2818/2818 2813/2813 2812/2812
f 2813/2813 2811/2811 2819/2819
f 2813/2813 2819/2819 2814/2814
f 2810/2810 2811/2811 2813/2813
f 2820/2820 2821/2821 2822/2822
f 2818/2818 2823/2823 2813/2813
f 2822/2822 2817/2817 2824/2824
f 2823/2823 2818/2818 2821/2821
f 2815/2815 2744/2744 2816/2816
f 2815/2815 2743/2743 2744/2744
f 2825/2825 2823/2823 2821/2821
f 2820/2820 2825/2825 2821/2821
f 2817/2817 2816/2816 2824/2824
f 2820/2820 2822/2822 2824/2824
f 2826/2826 2827/2827 2744/2744
f 2828/2828 2744/2744 2829/2829
f 2830/2830 2829/2829 2697/2697
f 2697/2697 2831/2831 2830/2830
f 2828/2828 2826/2826 2744/2744
f 2816/2816 2744/2744 2827/2827
f 2697/2697 2832/2832 2833/2833
f 2834/2834 2835/2835 2697/2697
f 2832/2832 2697/2697 2835/2835
f 2836/2836 2834/2834 2697/2697
f 2697/2697 2833/2833 2831/2831
f 2836/2836 2697/2697 2837/2837
f 2838/2838 2837/2837 2699/2699
f 2838/2838 2699/2699 2839/2839
f 2840/2840 2839/2839 2699/2699
f 2841/2841 2840/2840 2699/2699
f 2697/2697 2699/2699 2837/2837
f 2829/2829 2744/2744 2697/2697
f 2702/2702 2799/2799 2842/2842
f 2702/2702 2843/2843 2844/2844
f 2702/2702 2845/2845 2843/2843
f 2702/2702 2842/2842 2845/2845
f 2700/2700 2698/2698 2754/2754
f 2703/2703 2846/2846 2701/2701
f 2700/2700 2791/2791 2702/2702
f 2701/2701 2847/2847 2699/2699
f 2848/2848 2702/2702 2844/2844
f 2698/2698 2744/2744 2752/2752
f 2702/2702 2849/2849 2704/2704
f 2704/2704 2850/2850 2851/2851
f 2704/2704 2851/2851 2852/2852
f 2849/2849 2850/2850 2704/2704
f 2704/2704 2853/2853 2703/2703
f 2854/2854 2703/2703 2853/2853
f 2855/2855 2856/2856 2853/2853
f 2704/2704 2855/2855 2853/2853
f 2856/2856 2855/2855 2857/2857
f 2704/2704 2858/2858 2855/2855
f 2859/2859 2856/2856 2857/2857
f 2858/2858 2704/2704 2860/2860
f 2849/2849 2702/2702 2848/2848
f 2703/2703 2854/2854 2861/2861
f 2699/2699 2862/2862 2863/2863
f 2864/2864 2847/2847 2701/2701
f 2701/2701 2865/2865 2866/2866
f 2847/2847 2867/2867 2699/2699
f 2868/2868 2869/2869 2865/2865
f 2869/2869 2868/2868 2870/2870
f 2869/2869 2870/2870 2871/2871
f 2872/2872 2868/2868 2865/2865
f 2873/2873 2869/2869 2871/2871
f 2866/2866 2864/2864 2701/2701
f 2867/2867 2862/2862 2699/2699
f 2874/2874 2875/2875 2701/2701
f 2876/2876 2846/2846 2703/2703
f 2877/2877 2876/2876 2703/2703
f 2878/2878 2877/2877 2703/2703
f 2701/2701 2846/2846 2874/2874
f 2879/2879 2876/2876 2877/2877
f 2701/2701 2872/2872 2865/2865
f 2877/2877 2880/2880 2879/2879
f 2877/2877 2881/2881 2880/2880
f 2872/2872 2701/2701 2875/2875
f 2861/2861 2878/2878 2703/2703
f 2841/2841 2699/2699 2863/2863
f 2794/2794 2702/2702 2791/2791
f 2704/2704 2852/2852 2882/2882
f 2883/2883 2884/2884 2885/2885
f 2886/2886 2885/2885 2884/2884
f 2886/2886 2884/2884 2887/2887
f 2888/2888 2887/2887 2884/2884
f 2889/2889 2887/2887 2888/2888
f 2884/2884 2890/2890 2891/2891
f 2884/2884 2883/2883 2890/2890
f 2888/2888 2892/2892 2889/2889
f 2888/2888 2893/2893 2892/2892
f 2894/2894 2893/2893 2888/2888
f 2895/2895 2884/2884 2891/2891
f 2896/2896 2897/2897 2898/2898
f 2899/2899 2897/2897 2900/2900
f 2897/2897 2896/2896 2900/2900
f 2897/2897 2901/2901 2898/2898
f 2707/2707 2902/2902 2903/2903
f 2904/2904 2707/2707 2888/2888
f 2905/2905 2906/2906 2705/2705
f 2705/2705 2707/2707 2905/2905
f 2707/2707 2903/2903 2905/2905
f 2901/2901 2705/2705 2906/2906
f 2902/2902 2707/2707 2904/2904
f 2907/2907 2895/2895 2908/2908
f 2909/2909 2910/2910 2911/2911
f 2911/2911 2910/2910 2912/2912
f 2913/2913 2914/2914 2915/2915
f 2914/2914 2907/2907 2916/2916
f 2912/2912 2917/2917 2918/2918
f 2908/2908 2917/2917 2907/2907
f 2912/2912 2910/2910 2917/2917
f 2917/2917 2908/2908 2918/2918
f 2907/2907 2917/2917 2916/2916
f 2910/2910 2909/2909 2919/2919
f 2884/2884 2895/2895 2907/2907
f 2894/2894 2919/2919 2893/2893
f 2920/2920 2888/2888 2921/2921
f 2922/2922 2894/2894 2888/2888
f 2923/2923 2921/2921 2707/2707
f 2894/2894 2910/2910 2919/2919
f 2707/2707 2924/2924 2923/2923
f 2707/2707 2925/2925 2926/2926
f 2925/2925 2708/2708 2927/2927
f 2926/2926 2924/2924 2707/2707
f 2707/2707 2708/2708 2925/2925
f 2920/2920 2922/2922 2888/2888
f 2888/2888 2707/2707 2921/2921
f 2899/2899 2928/2928 2929/2929
f 2930/2930 2931/2931 2932/2932
f 2933/2933 2934/2934 2935/2935
f 2935/2935 2932/2932 2931/2931
f 2936/2936 2937/2937 2933/2933
f 2938/2938 2939/2939 2929/2929
f 2939/2939 2940/2940 2941/2941
f 2941/2941 2942/2942 2930/2930
f 2937/2937 2934/2934 2933/2933
f 2941/2941 2940/2940 2942/2942
f 2934/2934 2932/2932 2935/2935
f 2937/2937 2936/2936 2943/2943
f 2944/2944 2945/2945 2943/2943
f 2946/2946 2947/2947 2948/2948
f 2947/2947 2944/2944 2948/2948
f 2949/2949 2947/2947 2946/2946
f 2945/2945 2944/2944 2947/2947
f 2946/2946 2950/2950 2949/2949
f 2950/2950 2951/2951 2949/2949
f 2952/2952 2953/2953 2954/2954
f 2953/2953 2951/2951 2954/2954
f 2955/2955 2953/2953 2952/2952
f 2937/2937 2943/2943 2945/2945
f 2939/2939 2941/2941 2929/2929
f 2932/2932 2941/2941 2930/2930
f 2901/2901 2897/2897 2956/2956
f 2705/2705 2957/2957 2958/2958
f 2705/2705 2956/2956 2957/2957
f 2705/2705 2959/2959 2960/2960
f 2958/2958 2959/2959 2705/2705
f 2961/2961 2706/2706 2705/2705
f 2901/2901 2956/2956 2705/2705
f 2962/2962 2705/2705 2960/2960
f 2897/2897 2899/2899 2929/2929
f 2963/2963 2964/2964 2965/2965
f 2951/2951 2953/2953 2949/2949
f 2955/2955 2963/2963 2953/2953
f 2966/2966 2963/2963 2965/2965
f 2961/2961 2967/2967 2706/2706
f 2705/2705 2968/2968 2961/2961
f 2963/2963 2966/2966 2969/2969
f 2962/2962 2968/2968 2705/2705
f 2960/2960 2969/2969 2962/2962
f 2963/2963 2969/2969 2960/2960
f 2964/2964 2963/2963 2955/2955
f 2938/2938 2929/2929 2928/2928
f 2967/2967 2709/2709 2706/2706
f 2970/2970 2798/2798 2971/2971
f 2913/2913 2970/2970 2971/2971
f 2915/2915 2970/2970 2913/2913
f 2914/2914 2916/2916 2915/2915
f 2972/2972 2882/2882 2973/2973
f 2973/2973 2974/2974 2972/2972
f 2852/2852 2973/2973 2882/2882
f 2975/2975 2976/2976 2977/2977
f 2976/2976 2978/2978 2977/2977
f 2974/2974 2976/2976 2975/2975
f 2975/2975 2972/2972 2974/2974
f 2882/2882 2979/2979 2704/2704
f 2976/2976 2980/2980 2978/2978
f 2980/2980 2976/2976 2981/2981
f 2982/2982 2983/2983 2981/2981
f 2982/2982 2984/2984 2983/2983
f 2984/2984 2982/2982 2985/2985
f 2986/2986 2987/2987 2988/2988
f 2977/2977 2987/2987 2986/2986
f 2989/2989 2986/2986 2990/2990
f 2988/2988 2990/2990 2986/2986
f 2991/2991 2986/2986 2989/2989
f 2987/2987 2977/2977 2978/2978
f 2976/2976 2982/2982 2981/2981
f 2992/2992 2860/2860 2704/2704
f 2993/2993 2994/2994 2704/2704
f 2993/2993 2704/2704 2979/2979
f 2992/2992 2704/2704 2994/2994
f 2995/2995 2996/2996 2997/2997
f 2856/2856 2996/2996 2995/2995
f 2995/2995 2998/2998 2999/2999
f 2999/2999 3000/3000 2995/2995
f 2997/2997 2998/2998 2995/2995
f 2859/2859 2996/2996 2856/2856
f 3001/3001 3002/3002 2882/2882
f 3003/3003 3001/3001 2882/2882
f 2882/2882 3004/3004 3005/3005
f 2882/2882 3005/3005 3006/3006
f 3002/3002 2979/2979 2882/2882
f 3007/3007 3008/3008 3009/3009
f 3007/3007 3000/3000 3008/3008
f 3007/3007 3006/3006 3005/3005
f 2882/2882 3006/3006 3003/3003
f 3009/3009 3006/3006 3007/3007
f 2995/2995 3000/3000 3007/3007
f 2882/2882 2972/2972 3004/3004
f 2971/2971 2798/2798 2774/2774
f 2708/2708 3010/3010 3011/3011
f 2708/2708 3012/3012 3013/3013
f 2708/2708 3013/3013 2927/2927
f 3011/3011 3012/3012 2708/2708
f 3014/3014 3010/3010 2708/2708
f 3015/3015 3016/3016 3017/3017
f 3016/3016 3018/3018 3019/3019
f 3017/3017 3020/3020 3015/3015
f 3021/3021 3022/3022 3015/3015
f 3014/3014 2708/2708 3017/3017
f 3015/3015 3023/3023 3016/3016
f 2708/2708 3020/3020 3017/3017
f 3024/3024 3025/3025 2709/2709
f 2708/2708 3025/3025 3020/3020
f 3024/3024 2709/2709 3026/3026
f 3027/3027 3026/3026 2709/2709
f 3028/3028 3029/3029 3030/3030
f 3031/3031 3030/3030 3029/3029
f 3032/3032 3031/3031 3029/3029
f 3031/3031 3021/3021 3030/3030
f 3022/3022 3021/3021 3031/3031
f 3015/3015 3020/3020 3021/3021
f 3025/3025 2708/2708 2709/2709
f 2709/2709 2967/2967 3027/3027
f 3033/3033 2985/2985 2982/2982
f 3034/3034 3035/3035 3019/3019
f 3036/3036 3034/3034 3019/3019
f 3033/3033 2982/2982 3035/3035
f 2991/2991 3037/3037 3038/3038
f 2991/2991 3039/3039 3037/3037
f 3040/3040 3041/3041 3042/3042
f 2991/2991 3038/3038 3041/3041
f 3043/3043 3036/3036 3044/3044
f 3045/3045 3046/3046 3047/3047
f 3023/3023 3047/3047 3046/3046
f 3029/3029 3048/3048 3032/3032
f 3019/3019 3018/3018 3049/3049
f 3041/3041 3040/3040 2991/2991
f 3040/3040 3050/3050 3043/3043
f 3050/3050 3040/3040 3042/3042
f 3043/3043 3044/3044 3040/3040
f 3044/3044 3036/3036 3049/3049
f 3019/3019 3049/3049 3036/3036
f 3016/3016 3046/3046 3018/3018
f 3016/3016 3023/3023 3046/3046
f 2989/2989 3039/3039 2991/2991
f 3035/3035 2982/2982 3019/3019
f 3051/3051 3052/3052 3053/3053
f 3054/3054 3051/3051 3055/3055
f 3055/3055 3056/3056 3057/3057
f 3058/3058 3059/3059 3055/3055
f 3055/3055 3059/3059 3054/3054
f 3056/3056 3055/3055 3051/3051
f 3060/3060 3061/3061 3062/3062
f 3062/3062 3063/3063 3064/3064
f 3065/3065 3066/3066 3067/3067
f 3067/3067 3066/3066 3068/3068
f 3069/3069 3067/3067 3070/3070
f 3065/3065 3069/3069 3071/3071
f 3065/3065 3072/3072 3066/3066
f 3069/3069 3065/3065 3067/3067
f 3073/3073 3074/3074 3075/3075
f 3076/3076 3077/3077 3078/3078
f 3078/3078 3079/3079 3073/3073
f 3080/3080 3081/3081 3082/3082
f 3083/3083 3084/3084 3085/3085
f 3085/3085 3086/3086 3080/3080
f 3082/3082 3087/3087 3076/3076
f 3088/3088 3089/3089 3090/3090
f 3091/3091 3092/3092 3093/3093
f 3094/3094 3095/3095 3096/3096
f 3096/3096 3097/3097 3091/3091
f 3098/3098 3099/3099 3100/3100
f 3101/3101 3102/3102 3103/3103
f 3102/3102 3104/3104 3098/3098
f 3100/3100 3105/3105 3094/3094
f 3106/3106 3102/3102 3101/3101
f 3090/3090 3093/3093 3092/3092
f 3101/3101 3107/3107 3106/3106
f 3108/3108 3109/3109 3110/3110
f 3111/3111 3112/3112 3113/3113
f 3113/3113 3114/3114 3115/3115
f 3110/3110 3116/3116 3111/3111
f 3117/3117 3118/3118 3119/3119
f 3120/3120 3121/3121 3122/3122
f 3123/3123 3122/3122 3121/3121
f 3124/3124 3125/3125 3126/3126
f 3127/3127 3128/3128 3129/3129
f 3130/3130 3131/3131 3132/3132
f 3133/3133 3132/3132 3131/3131
f 3134/3134 3135/3135 3136/3136
f 3137/3137 3138/3138 3139/3139
f 3140/3140 3141/3141 3142/3142
f 3143/3143 3142/3142 3144/3144
f 3143/3143 3145/3145 3146/3146
f 3137/3137 3139/3139 3141/3141
f 3147/3147 3145/3145 3144/3144
f 3144/3144 3145/3145 3143/3143
f 3148/3148 3141/3141 3139/3139
f 3149/3149 3150/3150 3151/3151
f 3152/3152 3149/3149 3153/3153
f 3151/3151 3153/3153 3149/3149
f 3153/3153 3154/3154 3155/3155
f 3156/3156 3154/3154 3157/3157
f 3158/3158 3155/3155 3156/3156
f 3154/3154 3156/3156 3155/3155
f 3159/3159 3160/3160 3161/3161
f 3161/3161 3162/3162 3163/3163
f 3164/3164 3163/3163 3165/3165
f 3163/3163 3162/3162 3165/3165
f 3166/3166 3159/3159 3167/3167
f 3168/3168 3166/3166 3169/3169
f 3162/3162 3170/3170 3165/3165
f 3159/3159 3166/3166 3168/3168
f 3171/3171 3172/3172 3173/3173
f 3174/3174 3175/3175 3173/3173
f 3176/3176 3177/3177 3178/3178
f 3179/3179 3180/3180 3181/3181
f 3181/3181 3182/3182 3176/3176
f 3178/3178 3183/3183 3174/3174
f 3184/3184 3171/3171 3175/3175
f 3175/3175 3171/3171 3173/3173
f 3185/3185 3186/3186 3187/3187
f 3188/3188 3189/3189 3185/3185
f 3190/3190 3191/3191 3192/3192
f 3190/3190 3193/3193 3194/3194
f 3192/3192 3195/3195 3188/3188
f 3194/3194 3196/3196 3190/3190
f 3197/3197 3187/3187 3186/3186
f 3194/3194 3198/3198 3196/3196
f 3199/3199 3200/3200 3201/3201
f 3202/3202 3203/3203 3204/3204
f 3204/3204 3205/3205 3206/3206
f 3201/3201 3207/3207 3202/3202
f 3208/3208 3209/3209 3210/3210
f 3211/3211 3210/3210 3212/3212
f 3210/3210 3209/3209 3212/3212
f 3206/3206 3213/3213 3208/3208
f 3214/3214 3199/3199 3215/3215
f 3216/3216 3214/3214 3217/3217
f 3209/3209 3218/3218 3212/3212
f 3214/3214 3216/3216 3199/3199
f 3219/3219 3220/3220 3221/3221
f 3219/3219 3222/3222 3223/3223
f 3219/3219 3223/3223 3224/3224
f 3219/3219 3221/3221 3222/3222
f 3225/3225 3219/3219 3226/3226
f 3227/3227 3226/3226 3219/3219
f 3219/3219 3228/3228 3227/3227
f 3219/3219 3229/3229 3228/3228
f 3230/3230 3229/3229 3219/3219
f 3231/3231 3219/3219 3224/3224
f 3230/3230 3231/3231 3232/3232
f 3233/3233 3234/3234 3235/3235
f 3236/3236 3237/3237 3234/3234
f 3232/3232 3235/3235 3230/3230
f 3238/3238 3239/3239 3240/3240
f 3219/3219 3231/3231 3230/3230
f 3241/3241 3242/3242 3243/3243
f 3243/3243 3244/3244 3245/3245
f 3246/3246 3247/3247 3248/3248
f 3249/3249 3250/3250 3251/3251
f 3248/3248 3252/3252 3249/3249
f 3245/3245 3253/3253 3246/3246
f 3254/3254 3255/3255 3256/3256
f 3257/3257 3254/3254 3256/3256
f 3258/3258 3259/3259 3260/3260
f 3258/3258 3261/3261 3257/3257
f 3262/3262 3263/3263 3259/3259
f 3264/3264 3265/3265 3266/3266
f 3267/3267 3268/3268 3265/3265
f 3269/3269 3270/3270 3271/3271
f 3267/3267 3271/3271 3268/3268
f 3272/3272 3273/3273 3274/3274
f 3275/3275 3276/3276 3277/3277
f 3277/3277 3278/3278 3272/3272
f 3279/3279 3280/3280 3270/3270
f 3281/3281 3282/3282 3275/3275
f 3257/3257 3261/3261 3254/3254
f 3264/3264 3266/3266 3263/3263
f 3268/3268 3266/3266 3265/3265
f 3273/3273 3280/3280 3274/3274
f 3283/3283 3281/3281 3284/3284
f 3284/3284 3285/3285 3283/3283
f 3286/3286 3287/3287 3285/3285
f 3288/3288 3289/3289 3290/3290
f 3291/3291 3292/3292 3293/3293
f 3294/3294 3293/3293 3289/3289
f 3295/3295 3290/3290 3287/3287
f 3296/3296 3297/3297 3298/3298
f 3299/3299 3300/3300 3301/3301
f 3301/3301 3302/3302 3303/3303
f 3304/3304 3305/3305 3306/3306
f 3307/3307 3308/3308 3309/3309
f 3310/3310 3311/3311 3305/3305
f 3304/3304 3312/3312 3299/3299
f 3313/3313 3298/3298 3292/3292
f 3308/3308 3311/3311 3309/3309
f 3302/3302 3297/3297 3303/3303
f 3314/3314 3315/3315 3316/3316
f 3317/3317 3318/3318 3319/3319
f 3320/3320 3319/3319 3318/3318
f 3321/3321 3322/3322 3323/3323
f 3324/3324 3325/3325 3326/3326
f 3327/3327 3328/3328 3329/3329
f 3325/3325 3330/3330 3327/3327
f 3331/3331 3332/3332 3333/3333
f 3329/3329 3334/3334 3331/3331
f 3333/3333 3335/3335 3336/3336
f 3336/3336 3337/3337 3338/3338
f 3338/3338 3339/3339 3340/3340
f 3340/3340 3341/3341 3342/3342
f 3343/3343 3344/3344 3345/3345
f 3342/3342 3346/3346 3343/3343
f 3347/3347 3348/3348 3349/3349
f 3350/3350 3351/3351 3352/3352
f 3352/3352 3353/3353 3354/3354
f 3349/3349 3355/3355 3350/3350
f 3345/3345 3356/3356 3347/3347
f 3325/3325 3324/3324 3357/3357
f 3352/3352 3351/3351 3353/3353
f 3353/3353 3351/3351 3358/3358
f 3359/3359 3357/3357 3324/3324
f 3360/3360 3361/3361 3362/3362
f 3363/3363 3364/3364 3365/3365
f 3365/3365 3366/3366 3367/3367
f 3362/3362 3368/3368 3363/3363
f 3369/3369 3370/3370 3371/3371
f 3372/3372 3371/3371 3373/3373
f 3371/3371 3370/3370 3373/3373
f 3367/3367 3374/3374 3369/3369
f 3375/3375 3360/3360 3376/3376
f 3377/3377 3375/3375 3378/3378
f 3370/3370 3379/3379 3373/3373
f 3375/3375 3377/3377 3360/3360
f 3380/3380 3381/3381 3382/3382
f 3383/3383 3384/3384 3385/3385
f 3385/3385 3386/3386 3387/3387
f 3382/3382 3388/3388 3383/3383
f 3389/3389 3390/3390 3391/3391
f 3392/3392 3391/3391 3393/3393
f 3391/3391 3390/3390 3393/3393
f 3387/3387 3394/3394 3389/3389
f 3395/3395 3380/3380 3396/3396
f 3397/3397 3395/3395 3398/3398
f 3390/3390 3399/3399 3393/3393
f 3395/3395 3397/3397 3380/3380
f 3400/3400 3401/3401 3402/3402
f 3400/3400 3403/3403 3404/3404
f 3400/3400 3402/3402 3403/3403
f 3405/3405 3406/3406 3400/3400
f 3400/3400 3407/3407 3405/3405
f 3400/3400 3408/3408 3407/3407
f 3409/3409 3408/3408 3400/3400
f 3410/3410 3400/3400 3404/3404
f 3409/3409 3410/3410 3411/3411
f 3409/3409 3412/3412 3413/3413
f 3409/3409 3411/3411 3412/3412
f 3409/3409 3414/3414 3415/3415
f 3416/3416 3417/3417 3409/3409
f 3414/3414 3409/3409 3417/3417
f 3415/3415 3408/3408 3409/3409
f 3410/3410 3409/3409 3400/3400
f 3418/3418 3419/3419 3420/3420
f 3421/3421 3422/3422 3423/3423
f 3419/3419 3424/3424 3421/3421
f 3425/3425 3426/3426 3427/3427
f 3423/3423 3428/3428 3425/3425
f 3427/3427 3429/3429 3430/3430
f 3430/3430 3431/3431 3432/3432
f 3432/3432 3433/3433 3434/3434
f 3434/3434 3435/3435 3436/3436
f 3437/3437 3438/3438 3439/3439
f 3436/3436 3440/3440 3437/3437
f 3441/3441 3442/3442 3443/3443
f 3444/3444 3445/3445 3446/3446
f 3446/3446 3447/3447 3448/3448
f 3443/3443 3449/3449 3444/3444
f 3439/3439 3450/3450 3441/3441
f 3419/3419 3418/3418 3451/3451
f 3446/3446 3445/3445 3447/3447
f 3447/3447 3445/3445 3452/3452
f 3453/3453 3451/3451 3418/3418
f 3454/3454 3455/3455 3456/3456
f 3454/3454 3457/3457 3458/3458
f 3454/3454 3456/3456 3457/3457
f 3459/3459 3460/3460 3454/3454
f 3454/3454 3461/3461 3459/3459
f 3454/3454 3462/3462 3461/3461
f 3463/3463 3462/3462 3454/3454
f 3464/3464 3454/3454 3458/3458
f 3464/3464 3465/3465 3466/3466
f 3464/3464 3467/3467 3468/3468
f 3464/3464 3466/3466 3467/3467
f 3464/3464 3469/3469 3463/3463
f 3470/3470 3471/3471 3464/3464
f 3469/3469 3464/3464 3471/3471
f 3463/3463 3454/3454 3464/3464
f 3465/3465 3464/3464 3458/3458
f 3472/3472 3473/3473 3474/3474
f 3472/3472 3474/3474 3475/3475
f 3475/3475 3476/3476 3477/3477
f 3478/3478 3479/3479 3475/3475
f 3475/3475 3479/3479 3472/3472
f 3476/3476 3475/3475 3474/3474
f 3480/3480 3481/3481 3482/3482
f 3482/3482 3483/3483 3484/3484
f 3485/3485 3486/3486 3487/3487
f 3485/3485 3488/3488 3489/3489
f 3490/3490 3485/3485 3487/3487
f 3485/3485 3490/3490 3488/3488
f 3490/3490 3491/3491 3488/3488
f 3492/3492 3490/3490 3487/3487
f 3493/3493 3494/3494 3495/3495
f 3496/3496 3497/3497 3498/3498
f 3496/3496 3498/3498 3495/3495
f 3499/3499 3500/3500 3501/3501
f 3501/3501 3497/3497 3499/3499
f 3497/3497 3501/3501 3498/3498
f 3502/3502 3500/3500 3499/3499
f 3503/3503 3493/3493 3504/3504
f 3505/3505 3503/3503 3506/3506
f 3504/3504 3506/3506 3503/3503
f 3503/3503 3505/3505 3507/3507
f 3494/3494 3496/3496 3495/3495
f 3508/3508 3509/3509 3499/3499
f 3509/3509 3502/3502 3499/3499
f 3503/3503 3494/3494 3493/3493
f 3510/3510 3511/3511 3512/3512
f 3513/3513 3514/3514 3515/3515
f 3516/3516 3515/3515 3511/3511
f 3517/3517 3518/3518 3519/3519
f 3520/3520 3521/3521 3522/3522
f 3523/3523 3522/3522 3518/3518
f 3524/3524 3519/3519 3514/3514
f 3525/3525 3526/3526 3527/3527
f 3527/3527 3528/3528 3525/3525
f 3529/3529 3530/3530 3531/3531
f 3532/3532 3531/3531 3528/3528
f 3533/3533 3534/3534 3535/3535
f 3536/3536 3537/3537 3538/3538
f 3539/3539 3540/3540 3541/3541
f 3542/3542 3538/3538 3534/3534
f 3543/3543 3535/3535 3530/3530
f 3539/3539 3544/3544 3537/3537
f 3539/3539 3537/3537 3540/3540
f 3545/3545 3546/3546 3547/3547
f 3548/3548 3549/3549 3550/3550
f 3550/3550 3551/3551 3552/3552
f 3547/3547 3553/3553 3548/3548
f 3554/3554 3555/3555 3556/3556
f 3557/3557 3558/3558 3554/3554
f 3559/3559 3560/3560 3561/3561
f 3562/3562 3561/3561 3560/3560
f 3563/3563 3564/3564 3565/3565
f 3563/3563 3566/3566 3567/3567
f 3568/3568 3567/3567 3566/3566
f 3569/3569 3570/3570 3571/3571
f 3572/3572 3573/3573 3574/3574
f 3575/3575 3576/3576 3577/3577
f 3578/3578 3577/3577 3579/3579
f 3578/3578 3580/3580 3581/3581
f 3572/3572 3574/3574 3576/3576
f 3582/3582 3580/3580 3579/3579
f 3579/3579 3580/3580 3578/3578
f 3583/3583 3576/3576 3574/3574
f 3584/3584 3585/3585 3586/3586
f 3584/3584 3587/3587 3588/3588
f 3589/3589 3584/3584 3586/3586
f 3584/3584 3589/3589 3587/3587
f 3589/3589 3590/3590 3587/3587
f 3591/3591 3589/3589 3586/3586
f 3592/3592 3593/3593 3594/3594
f 3592/3592 3595/3595 3596/3596
f 3596/3596 3597/3597 3598/3598
f 3598/3598 3599/3599 3600/3600
f 3592/3592 3594/3594 3601/3601
f 3602/3602 3599/3599 3597/3597
f 3597/3597 3599/3599 3598/3598
f 3603/3603 3601/3601 3594/3594
f 3604/3604 3605/3605 3606/3606
f 3607/3607 3606/3606 3608/3608
f 3609/3609 3610/3610 3611/3611
f 3612/3612 3613/3613 3614/3614
f 3609/3609 3613/3613 3615/3615
f 3611/3611 3616/3616 3608/3608
f 3617/3617 3604/3604 3607/3607
f 3607/3607 3604/3604 3606/3606
f 3616/3616 3607/3607 3608/3608
f 3618/3618 3619/3619 3620/3620
f 3618/3618 3621/3621 3619/3619
f 3622/3622 3623/3623 3624/3624
f 3625/3625 3626/3626 3627/3627
f 3628/3628 3629/3629 3621/3621
f 3627/3627 3623/3623 3625/3625
f 3620/3620 3619/3619 3630/3630
f 3622/3622 3624/3624 3629/3629
f 3627/3627 3631/3631 3623/3623
f 3612/3612 3620/3620 3630/3630
f 3632/3632 3633/3633 3634/3634
f 3635/3635 3636/3636 3637/3637
f 3638/3638 3637/3637 3639/3639
f 3640/3640 3634/3634 3636/3636
f 3641/3641 3642/3642 3643/3643
f 3644/3644 3641/3641 3645/3645
f 3641/3641 3643/3643 3645/3645
f 3646/3646 3639/3639 3642/3642
f 3647/3647 3648/3648 3649/3649
f 3633/3633 3647/3647 3650/3650
f 3643/3643 3651/3651 3645/3645
f 3647/3647 3633/3633 3648/3648
f 3652/3652 3653/3653 3654/3654
f 3652/3652 3655/3655 3656/3656
f 3652/3652 3656/3656 3657/3657
f 3652/3652 3654/3654 3655/3655
f 3658/3658 3652/3652 3659/3659
f 3660/3660 3659/3659 3652/3652
f 3652/3652 3661/3661 3660/3660
f 3652/3652 3662/3662 3661/3661
f 3663/3663 3662/3662 3652/3652
f 3664/3664 3652/3652 3657/3657
f 3665/3665 3666/3666 3664/3664
f 3667/3667 3668/3668 3669/3669
f 3670/3670 3671/3671 3667/3667
f 3669/3669 3672/3672 3665/3665
f 3664/3664 3666/3666 3663/3663
f 3652/3652 3664/3664 3663/3663
f 3673/3673 3674/3674 3675/3675
f 3675/3675 3676/3676 3677/3677
f 3678/3678 3679/3679 3680/3680
f 3681/3681 3682/3682 3683/3683
f 3680/3680 3684/3684 3681/3681
f 3677/3677 3685/3685 3678/3678
f 3686/3686 3687/3687 3688/3688
f 3689/3689 3690/3690 3691/3691
f 3691/3691 3692/3692 3686/3686
f 3693/3693 3694/3694 3695/3695
f 3696/3696 3697/3697 3698/3698
f 3698/3698 3699/3699 3693/3693
f 3695/3695 3700/3700 3689/3689
f 3701/3701 3702/3702 3703/3703
f 3704/3704 3705/3705 3706/3706
f 3706/3706 3707/3707 3701/3701
f 3708/3708 3709/3709 3710/3710
f 3711/3711 3712/3712 3713/3713
f 3713/3713 3714/3714 3708/3708
f 3710/3710 3715/3715 3704/3704
f 3703/3703 3716/3716 3696/3696
f 3717/3717 3718/3718 3719/3719
f 3720/3720 3719/3719 3718/3718
f 3721/3721 3722/3722 3723/3723
f 3723/3723 3724/3724 3720/3720
f 3725/3725 3726/3726 3727/3727
f 3728/3728 3729/3729 3730/3730
f 3730/3730 3731/3731 3725/3725
f 3727/3727 3732/3732 3721/3721
f 3733/3733 3734/3734 3735/3735
f 3736/3736 3737/3737 3738/3738
f 3737/3737 3733/3733 3738/3738
f 3739/3739 3740/3740 3741/3741
f 3742/3742 3743/3743 3744/3744
f 3744/3744 3745/3745 3739/3739
f 3741/3741 3746/3746 3736/3736
f 3735/3735 3747/3747 3728/3728
f 3748/3748 3749/3749 3750/3750
f 3751/3751 3752/3752 3753/3753
f 3754/3754 3755/3755 3751/3751
f 3756/3756 3757/3757 3758/3758
f 3759/3759 3758/3758 3757/3757
f 3760/3760 3761/3761 3762/3762
f 3763/3763 3764/3764 3765/3765
f 3761/3761 3766/3766 3763/3763
f 3767/3767 3768/3768 3769/3769
f 3765/3765 3770/3770 3767/3767
f 3769/3769 3771/3771 3772/3772
f 3772/3772 3773/3773 3774/3774
f 3774/3774 3775/3775 3776/3776
f 3776/3776 3777/3777 3778/3778
f 3779/3779 3780/3780 3781/3781
f 3778/3778 3782/3782 3779/3779
f 3783/3783 3784/3784 3785/3785
f 3786/3786 3787/3787 3788/3788
f 3788/3788 3789/3789 3790/3790
f 3785/3785 3791/3791 3786/3786
f 3781/3781 3792/3792 3783/3783
f 3761/3761 3760/3760 3793/3793
f 3788/3788 3787/3787 3789/3789
f 3789/3789 3787/3787 3794/3794
f 3795/3795 3793/3793 3760/3760
f 3796/3796 3797/3797 3798/3798
f 3799/3799 3800/3800 3801/3801
f 3801/3801 3802/3802 3803/3803
f 3798/3798 3804/3804 3799/3799
f 3805/3805 3806/3806 3807/3807
f 3808/3808 3807/3807 3809/3809
f 3807/3807 3806/3806 3809/3809
f 3803/3803 3810/3810 3805/3805
f 3811/3811 3796/3796 3812/3812
f 3813/3813 3811/3811 3814/3814
f 3806/3806 3815/3815 3809/3809
f 3811/3811 3813/3813 3796/3796
f 3816/3816 3817/3817 3818/3818
f 3819/3819 3820/3820 3821/3821
f 3817/3817 3822/3822 3819/3819
f 3821/3821 3823/3823 3824/3824
f 3824/3824 3825/3825 3826/3826
f 3827/3827 3828/3828 3829/3829
f 3829/3829 3830/3830 3831/3831
f 3826/3826 3832/3832 3827/3827
f 3833/3833 3817/3817 3816/3816
f 3829/3829 3828/3828 3830/3830
f 3830/3830 3828/3828 3834/3834
f 3835/3835 3833/3833 3816/3816
f 3836/3836 3837/3837 3838/3838
f 3839/3839 3840/3840 3841/3841
f 3836/3836 3838/3838 3841/3841
f 3842/3842 3843/3843 3836/3836
f 3836/3836 3840/3840 3842/3842
f 3841/3841 3840/3840 3836/3836
f 3844/3844 3845/3845 3839/3839
f 3846/3846 3847/3847 3844/3844
f 3848/3848 3849/3849 3850/3850
f 3848/3848 3846/3846 3849/3849
f 3851/3851 3852/3852 3848/3848
f 3853/3853 3848/3848 3852/3852
f 3853/3853 3846/3846 3848/3848
f 3854/3854 3855/3855 3856/3856
f 3857/3857 3858/3858 3859/3859
f 3856/3856 3860/3860 3857/3857
f 3861/3861 3862/3862 3863/3863
f 3864/3864 3865/3865 3866/3866
f 3866/3866 3867/3867 3868/3868
f 3863/3863 3869/3869 3864/3864
f 3859/3859 3870/3870 3861/3861
f 3871/3871 3872/3872 3873/3873
f 3874/3874 3875/3875 3876/3876
f 3873/3873 3877/3877 3874/3874
f 3878/3878 3879/3879 3880/3880
f 3881/3881 3880/3880 3882/3882
f 3879/3879 3882/3882 3880/3880
f 3876/3876 3883/3883 3878/3878
f 3868/3868 3884/3884 3871/3871
f 3885/3885 3854/3854 3886/3886
f 3887/3887 3885/3885 3888/3888
f 3854/3854 3885/3885 3887/3887
f 3889/3889 3890/3890 3891/3891
f 3892/3892 3893/3893 3894/3894
f 3889/3889 3891/3891 3894/3894
f 3895/3895 3896/3896 3889/3889
f 3889/3889 3893/3893 3895/3895
f 3894/3894 3893/3893 3889/3889
f 3897/3897 3898/3898 3899/3899
f 3900/3900 3899/3899 3898/3898
f 3901/3901 3902/3902 3903/3903
f 3901/3901 3900/3900 3902/3902
f 3904/3904 3905/3905 3901/3901
f 3906/3906 3901/3901 3905/3905
f 3906/3906 3900/3900 3901/3901
f 3907/3907 3908/3908 3909/3909
f 3910/3910 3911/3911 3912/3912
f 3913/3913 3911/3911 3914/3914
f 3910/3910 3908/3908 3915/3915
f 3916/3916 3917/3917 3918/3918
f 3919/3919 3916/3916 3920/3920
f 3916/3916 3918/3918 3920/3920
f 3921/3921 3914/3914 3917/3917
f 3922/3922 3907/3907 3923/3923
f 3924/3924 3922/3922 3925/3925
f 3918/3918 3926/3926 3920/3920
f 3922/3922 3924/3924 3907/3907
f 3927/3927 3928/3928 3929/3929
f 3930/3930 3931/3931 3932/3932
f 3933/3933 3931/3931 3934/3934
f 3930/3930 3928/3928 3935/3935
f 3936/3936 3937/3937 3938/3938
f 3939/3939 3936/3936 3940/3940
f 3936/3936 3938/3938 3940/3940
f 3941/3941 3934/3934 3937/3937
f 3942/3942 3927/3927 3943/3943
f 3944/3944 3942/3942 3945/3945
f 3938/3938 3946/3946 3940/3940
f 3942/3942 3944/3944 3927/3927
f 3947/3947 3948/3948 3949/3949
f 3950/3950 3951/3951 3952/3952
f 3950/3950 3953/3953 3954/3954
f 3952/3952 3955/3955 3956/3956
f 3957/3957 3958/3958 3959/3959
f 3960/3960 3959/3959 3961/3961
f 3962/3962 3960/3960 3963/3963
f 3960/3960 3964/3964 3963/3963
f 3956/3956 3958/3958 3965/3965
f 3966/3966 3948/3948 3947/3947
f 3953/3953 3966/3966 3967/3967
f 3960/3960 3961/3961 3964/3964
f 3964/3964 3961/3961 3968/3968
f 3966/3966 3953/3953 3948/3948
f 3969/3969 3970/3970 3971/3971
f 3972/3972 3973/3973 3974/3974
f 3974/3974 3975/3975 3976/3976
f 3969/3969 3977/3977 3972/3972
f 3978/3978 3979/3979 3980/3980
f 3981/3981 3978/3978 3982/3982
f 3978/3978 3980/3980 3982/3982
f 3983/3983 3975/3975 3979/3979
f 3984/3984 3985/3985 3986/3986
f 3970/3970 3984/3984 3987/3987
f 3980/3980 3988/3988 3982/3982
f 3984/3984 3970/3970 3985/3985
f 3989/3989 3990/3990 3991/3991
f 3989/3989 3992/3992 3993/3993
f 3994/3994 3989/3989 3991/3991
f 3989/3989 3994/3994 3992/3992
f 3994/3994 3995/3995 3992/3992
f 3996/3996 3994/3994 3991/3991
f 3997/3997 3998/3998 3999/3999
f 3999/3999 4000/4000 4001/4001
f 4002/4002 4001/4001 4003/4003
f 4001/4001 4000/4000 4003/4003
f 4004/4004 3997/3997 4005/4005
f 4006/4006 4004/4004 4007/4007
f 4000/4000 4008/4008 4003/4003
f 3997/3997 4004/4004 4006/4006
f 4009/4009 4010/4010 4011/4011
f 4011/4011 4010/4010 4012/4012
f 4013/4013 4011/4011 4014/4014
f 4009/4009 4013/4013 4015/4015
f 4009/4009 4016/4016 4010/4010
f 4013/4013 4009/4009 4011/4011
f 4017/4017 4018/4018 4019/4019
f 4020/4020 4021/4021 4022/4022
f 4018/4018 4023/4023 4020/4020
f 4022/4022 4024/4024 4025/4025
f 4025/4025 4026/4026 4027/4027
f 4028/4028 4029/4029 4030/4030
f 4030/4030 4031/4031 4032/4032
f 4027/4027 4033/4033 4028/4028
f 4034/4034 4018/4018 4017/4017
f 4030/4030 4029/4029 4031/4031
f 4031/4031 4029/4029 4035/4035
f 4036/4036 4034/4034 4017/4017
f 4037/4037 4038/4038 4039/4039
f 4040/4040 4041/4041 4042/4042
f 4042/4042 4043/4043 4044/4044
f 4039/4039 4045/4045 4040/4040
f 4046/4046 4047/4047 4048/4048
f 4049/4049 4048/4048 4050/4050
f 4048/4048 4047/4047 4050/4050
f 4044/4044 4051/4051 4046/4046
f 4052/4052 4037/4037 4053/4053
f 4054/4054 4052/4052 4055/4055
f 4047/4047 4056/4056 4050/4050
f 4052/4052 4054/4054 4037/4037
f 4057/4057 4058/4058 4059/4059
f 4059/4059 4058/4058 4060/4060
f 4057/4057 4059/4059 4061/4061
f 4062/4062 4057/4057 4063/4063
f 4062/4062 4064/4064 4058/4058
f 4057/4057 4062/4062 4058/4058
f 4065/4065 4066/4066 4067/4067
f 4065/4065 4068/4068 4069/4069
f 4069/4069 4070/4070 4071/4071
f 4071/4071 4072/4072 4073/4073
f 4065/4065 4067/4067 4074/4074
f 4075/4075 4072/4072 4070/4070
f 4070/4070 4072/4072 4071/4071
f 4076/4076 4074/4074 4067/4067
f 4077/4077 4078/4078 4079/4079
f 4079/4079 4078/4078 4080/4080
f 4077/4077 4079/4079 4081/4081
f 4082/4082 4077/4077 4083/4083
f 4082/4082 4084/4084 4078/4078
f 4077/4077 4082/4082 4078/4078
f 4085/4085 4086/4086 4087/4087
f 4088/4088 4085/4085 4089/4089
f 4087/4087 4089/4089 4085/4085
f 4087/4087 4090/4090 4089/4089
f 4091/4091 4092/4092 4093/4093
f 4094/4094 4090/4090 4091/4091
f 4092/4092 4091/4091 4090/4090
f 4095/4095 4096/4096 4097/4097
f 4095/4095 4098/4098 4099/4099
f 4099/4099 4100/4100 4101/4101
f 4101/4101 4102/4102 4103/4103
f 4095/4095 4097/4097 4104/4104
f 4105/4105 4102/4102 4100/4100
f 4100/4100 4102/4102 4101/4101
f 4106/4106 4104/4104 4097/4097
f 4107/4107 4108/4108 4109/4109
f 4109/4109 4108/4108 4110/4110
f 4107/4107 4109/4109 4111/4111
f 4112/4112 4107/4107 4113/4113
f 4112/4112 4114/4114 4108/4108
f 4107/4107 4112/4112 4108/4108
f 4115/4115 4116/4116 4117/4117
f 4118/4118 4119/4119 4120/4120
f 4116/4116 4121/4121 4118/4118
f 4120/4120 4122/4122 4123/4123
f 4123/4123 4124/4124 4125/4125
f 4126/4126 4127/4127 4128/4128
f 4128/4128 4129/4129 4130/4130
f 4125/4125 4131/4131 4126/4126
f 4132/4132 4116/4116 4115/4115
f 4128/4128 4127/4127 4129/4129
f 4129/4129 4127/4127 4133/4133
f 4134/4134 4132/4132 4115/4115
f 4135/4135 4136/4136 4137/4137
f 4138/4138 4139/4139 4140/4140
f 4136/4136 4141/4141 4138/4138
f 4140/4140 4142/4142 4143/4143
f 4143/4143 4144/4144 4145/4145
f 4146/4146 4147/4147 4148/4148
f 4148/4148 4149/4149 4150/4150
f 4145/4145 4151/4151 4146/4146
f 4152/4152 4136/4136 4135/4135
f 4148/4148 4147/4147 4149/4149
f 4149/4149 4147/4147 4153/4153
f 4154/4154 4152/4152 4135/4135
f 4155/4155 4156/4156 4157/4157
f 4155/4155 4158/4158 4159/4159
f 4158/4158 4155/4155 4157/4157
f 4157/4157 4160/4160 4158/4158
f 4160/4160 4161/4161 4158/4158
f 4162/4162 4163/4163 4164/4164
f 4164/4164 4165/4165 4166/4166
f 4167/4167 4166/4166 4168/4168
f 4166/4166 4165/4165 4168/4168
f 4169/4169 4162/4162 4170/4170
f 4171/4171 4169/4169 4172/4172
f 4165/4165 4173/4173 4168/4168
f 4162/4162 4169/4169 4171/4171
f 4174/4174 4175/4175 4176/4176
f 4176/4176 4175/4175 4177/4177
f 4174/4174 4176/4176 4178/4178
f 4179/4179 4174/4174 4180/4180
f 4179/4179 4181/4181 4175/4175
f 4174/4174 4179/4179 4175/4175
f 4182/4182 4183/4183 4184/4184
f 4182/4182 4185/4185 4186/4186
f 4185/4185 4182/4182 4184/4184
f 4184/4184 4187/4187 4185/4185
f 4187/4187 4188/4188 4185/4185
f 4189/4189 4187/4187 4184/4184
f 4190/4190 4191/4191 4192/4192
f 4193/4193 4194/4194 4191/4191
f 4195/4195 4194/4194 4193/4193
f 4196/4196 4193/4193 4190/4190
f 4197/4197 4198/4198 4195/4195
f 4193/4193 4199/4199 4195/4195
f 4190/4190 4193/4193 4191/4191
f 4200/4200 4201/4201 4202/4202
f 4202/4202 4203/4203 4204/4204
f 4205/4205 4206/4206 4207/4207
f 4206/4206 4203/4203 4207/4207
f 4206/4206 4205/4205 4208/4208
f 4195/4195 4209/4209 4197/4197
f 4210/4210 4195/4195 4199/4199
f 4211/4211 4193/4193 4196/4196
f 4212/4212 4211/4211 4196/4196
f 4201/4201 4209/4209 4213/4213
f 4214/4214 4207/4207 4215/4215
f 4207/4207 4216/4216 4215/4215
f 4205/4205 4207/4207 4214/4214
f 4216/4216 4201/4201 4213/4213
f 4214/4214 4215/4215 4217/4217
f 4218/4218 4219/4219 4220/4220
f 4220/4220 4219/4219 4221/4221
f 4222/4222 4220/4220 4223/4223
f 4218/4218 4222/4222 4224/4224
f 4225/4225 4226/4226 4218/4218
f 4218/4218 4226/4226 4219/4219
f 4222/4222 4218/4218 4220/4220
f 4227/4227 4228/4228 4229/4229
f 4229/4229 4228/4228 4230/4230
f 4231/4231 4229/4229 4232/4232
f 4227/4227 4231/4231 4233/4233
f 4234/4234 4235/4235 4227/4227
f 4227/4227 4235/4235 4228/4228
f 4231/4231 4227/4227 4229/4229
f 4236/4236 4237/4237 4238/4238
f 4236/4236 4239/4239 4240/4240
f 4241/4241 4236/4236 4238/4238
f 4236/4236 4241/4241 4239/4239
f 4241/4241 4242/4242 4239/4239
f 4243/4243 4241/4241 4238/4238
f 4244/4244 4245/4245 4246/4246
f 4247/4247 4248/4248 4249/4249
f 4245/4245 4248/4248 4250/4250
f 4247/4247 4251/4251 4252/4252
f 4253/4253 4251/4251 4254/4254
f 4255/4255 4256/4256 4257/4257
f 4255/4255 4258/4258 4259/4259
f 4253/4253 4256/4256 4260/4260
f 4261/4261 4245/4245 4244/4244
f 4255/4255 4257/4257 4258/4258
f 4258/4258 4257/4257 4262/4262
f 4263/4263 4261/4261 4244/4244
f 4264/4264 4265/4265 4266/4266
f 4266/4266 4265/4265 4267/4267
f 4264/4264 4266/4266 4268/4268
f 4269/4269 4264/4264 4270/4270
f 4269/4269 4271/4271 4265/4265
f 4264/4264 4269/4269 4265/4265
f 4272/4272 4273/4273 4274/4274
f 4272/4272 4275/4275 4276/4276
f 4275/4275 4272/4272 4274/4274
f 4274/4274 4277/4277 4275/4275
f 4277/4277 4278/4278 4275/4275
f 4279/4279 4277/4277 4274/4274
f 4280/4280 4281/4281 4282/4282
f 4282/4282 4281/4281 4283/4283
f 4280/4280 4282/4282 4284/4284
f 4285/4285 4280/4280 4286/4286
f 4285/4285 4287/4287 4281/4281
f 4280/4280 4285/4285 4281/4281
f 4288/4288 4289/4289 4290/4290
f 4289/4289 4291/4291 4292/4292
f 4293/4293 4294/4294 4288/4288
f 4291/4291 4295/4295 4292/4292
f 4294/4294 4296/4296 4291/4291
f 4288/4288 4294/4294 4289/4289
f 4297/4297 4298/4298 4299/4299
f 4297/4297 4300/4300 4301/4301
f 4302/4302 4303/4303 4304/4304
f 4301/4301 4304/4304 4303/4303
f 4303/4303 4302/4302 4305/4305
f 4306/4306 4307/4307 4295/4295
f 4306/4306 4296/4296 4308/4308
f 4309/4309 4294/4294 4293/4293
f 4310/4310 4309/4309 4293/4293
f 4306/4306 4311/4311 4298/4298
f 4311/4311 4299/4299 4298/4298
f 4300/4300 4312/4312 4304/4304
f 4302/4302 4304/4304 4313/4313
f 4304/4304 4312/4312 4313/4313
f 4299/4299 4314/4314 4300/4300
f 4313/4313 4312/4312 4315/4315
f 4316/4316 4317/4317 4318/4318
f 4316/4316 4319/4319 4320/4320
f 4321/4321 4316/4316 4318/4318
f 4321/4321 4322/4322 4323/4323
f 4324/4324 4319/4319 4321/4321
f 4321/4321 4319/4319 4316/4316
f 4322/4322 4321/4321 4318/4318
f 4325/4325 4326/4326 4327/4327
f 4325/4325 4328/4328 4329/4329
f 4328/4328 4325/4325 4327/4327
f 4330/4330 4331/4331 4332/4332
f 4333/4333 4328/4328 4330/4330
f 4331/4331 4330/4330 4328/4328
f 4327/4327 4331/4331 4328/4328
f 4334/4334 4335/4335 4336/4336
f 4334/4334 4337/4337 4338/4338
f 4339/4339 4336/4336 4340/4340
f 4334/4334 4339/4339 4337/4337
f 4339/4339 4341/4341 4337/4337
f 4342/4342 4343/4343 4344/4344
f 4345/4345 4346/4346 4347/4347
f 4348/4348 4346/4346 4349/4349
f 4345/4345 4343/4343 4350/4350
f 4351/4351 4352/4352 4353/4353
f 4354/4354 4351/4351 4355/4355
f 4351/4351 4353/4353 4355/4355
f 4348/4348 4352/4352 4356/4356
f 4357/4357 4342/4342 4358/4358
f 4359/4359 4357/4357 4360/4360
f 4353/4353 4361/4361 4355/4355
f 4357/4357 4359/4359 4342/4342
f 4362/4362 4363/4363 4364/4364
f 4362/4362 4365/4365 4366/4366
f 4365/4365 4362/4362 4364/4364
f 4364/4364 4367/4367 4365/4365
f 4367/4367 4368/4368 4365/4365
f 4369/4369 4367/4367 4364/4364
f 4370/4370 4371/4371 4372/4372
f 4372/4372 4371/4371 4373/4373
f 4370/4370 4372/4372 4374/4374
f 4375/4375 4370/4370 4376/4376
f 4375/4375 4377/4377 4371/4371
f 4370/4370 4375/4375 4371/4371
f 4378/4378 4379/4379 4380/4380
f 4381/4381 4382/4382 4383/4383
f 4383/4383 4384/4384 4385/4385
f 4380/4380 4386/4386 4381/4381
f 4387/4387 4388/4388 4389/4389
f 4390/4390 4389/4389 4391/4391
f 4389/4389 4388/4388 4391/4391
f 4385/4385 4392/4392 4387/4387
f 4393/4393 4378/4378 4394/4394
f 4395/4395 4393/4393 4396/4396
f 4388/4388 4397/4397 4391/4391
f 4393/4393 4395/4395 4378/4378
f 4398/4398 4399/4399 4400/4400
f 4401/4401 4402/4402 4403/4403
f 4403/4403 4399/4399 4404/4404
f 4404/4404 4401/4401 4403/4403
f 4405/4405 4404/4404 4398/4398
f 4406/4406 4401/4401 4407/4407
f 4408/4408 4409/4409 4410/4410
f 4411/4411 4407/4407 4408/4408
f 4407/4407 4412/4412 4413/4413
f 4398/4398 4404/4404 4399/4399
f 4414/4414 4408/4408 4415/4415
f 4416/4416 4417/4417 4418/4418
f 4414/4414 4419/4419 4418/4418
f 4415/4415 4420/4420 4419/4419
f 4421/4421 4416/4416 4419/4419
f 4419/4419 4416/4416 4418/4418
f 4419/4419 4422/4422 4421/4421
f 4408/4408 4423/4423 4415/4415
f 4401/4401 4424/4424 4425/4425
f 4426/4426 4405/4405 4427/4427
f 4426/4426 4428/4428 4404/4404
f 4404/4404 4428/4428 4429/4429
f 4429/4429 4424/4424 4404/4404
f 4425/4425 4430/4430 4401/4401
f 4430/4430 4412/4412 4401/4401
f 4413/4413 4409/4409 4407/4407
f 4431/4431 4422/4422 4419/4419
f 4422/4422 4432/4432 4421/4421
f 4420/4420 4431/4431 4419/4419
f 4423/4423 4433/4433 4415/4415
f 4404/4404 4405/4405 4426/4426
f 4434/4434 4435/4435 4436/4436
f 4437/4437 4438/4438 4439/4439
f 4436/4436 4440/4440 4437/4437
f 4441/4441 4442/4442 4443/4443
f 4444/4444 4445/4445 4446/4446
f 4443/4443 4447/4447 4444/4444
f 4439/4439 4448/4448 4441/4441
f 4449/4449 4450/4450 4451/4451
f 4452/4452 4453/4453 4454/4454
f 4451/4451 4455/4455 4452/4452
f 4456/4456 4457/4457 4458/4458
f 4459/4459 4460/4460 4461/4461
f 4461/4461 4462/4462 4463/4463
f 4458/4458 4464/4464 4459/4459
f 4454/4454 4465/4465 4456/4456
f 4446/4446 4466/4466 4449/4449
f 4467/4467 4468/4468 4469/4469
f 4470/4470 4471/4471 4472/4472
f 4468/4468 4473/4473 4470/4470
f 4472/4472 4474/4474 4475/4475
f 4475/4475 4476/4476 4477/4477
f 4478/4478 4479/4479 4480/4480
f 4480/4480 4481/4481 4482/4482
f 4477/4477 4483/4483 4478/4478
f 4484/4484 4468/4468 4467/4467
f 4480/4480 4479/4479 4481/4481
f 4481/4481 4479/4479 4485/4485
f 4486/4486 4484/4484 4467/4467
f 4487/4487 4488/4488 4489/4489
f 4490/4490 4491/4491 4492/4492
f 4492/4492 4488/4488 4493/4493
f 4493/4493 4487/4487 4494/4494
f 4491/4491 4495/4495 4496/4496
f 4490/4490 4492/4492 4493/4493
f 4493/4493 4497/4497 4490/4490
f 4490/4490 4498/4498 4495/4495
f 4487/4487 4493/4493 4488/4488
f 4499/4499 4500/4500 4501/4501
f 4502/4502 4503/4503 4504/4504
f 4504/4504 4500/4500 4505/4505
f 4506/4506 4507/4507 4508/4508
f 4502/4502 4504/4504 4505/4505
f 4505/4505 4509/4509 4510/4510
f 4511/4511 4502/4502 4505/4505
f 4500/4500 4512/4512 4513/4513
f 4499/4499 4495/4495 4506/4506
f 4494/4494 4514/4514 4493/4493
f 4514/4514 4515/4515 4493/4493
f 4515/4515 4516/4516 4493/4493
f 4517/4517 4518/4518 4490/4490
f 4498/4498 4519/4519 4495/4495
f 4519/4519 4507/4507 4495/4495
f 4497/4497 4517/4517 4490/4490
f 4508/4508 4512/4512 4506/4506
f 4500/4500 4513/4513 4509/4509
f 4505/4505 4520/4520 4511/4511
f 4511/4511 4520/4520 4521/4521
f 4510/4510 4520/4520 4505/4505
f 4522/4522 4514/4514 4494/4494
f 4523/4523 4524/4524 4525/4525
f 4526/4526 4527/4527 4528/4528
f 4525/4525 4529/4529 4526/4526
f 4530/4530 4531/4531 4532/4532
f 4533/4533 4534/4534 4535/4535
f 4532/4532 4536/4536 4533/4533
f 4528/4528 4537/4537 4530/4530
f 4538/4538 4539/4539 4540/4540
f 4541/4541 4542/4542 4543/4543
f 4540/4540 4544/4544 4541/4541
f 4545/4545 4546/4546 4547/4547
f 4548/4548 4549/4549 4550/4550
f 4550/4550 4551/4551 4552/4552
f 4547/4547 4553/4553 4548/4548
f 4543/4543 4554/4554 4545/4545
f 4535/4535 4555/4555 4538/4538
f 4556/4556 4557/4557 4558/4558
f 4559/4559 4560/4560 4561/4561
f 4561/4561 4562/4562 4563/4563
f 4558/4558 4564/4564 4559/4559
f 4565/4565 4566/4566 4567/4567
f 4568/4568 4567/4567 4569/4569
f 4567/4567 4566/4566 4569/4569
f 4563/4563 4570/4570 4565/4565
f 4571/4571 4556/4556 4572/4572
f 4573/4573 4571/4571 4574/4574
f 4566/4566 4575/4575 4569/4569
f 4571/4571 4573/4573 4556/4556
f 4576/4576 4577/4577 4578/4578
f 4579/4579 4580/4580 4581/4581
f 4582/4582 4576/4576 4583/4583
f 4582/4582 4584/4584 4577/4577
f 4576/4576 4582/4582 4577/4577
f 4585/4585 4586/4586 4587/4587
f 4585/4585 4588/4588 4589/4589
f 4590/4590 4591/4591 4592/4592
f 4593/4593 4594/4594 4595/4595
f 4595/4595 4594/4594 4596/4596
f 4595/4595 4597/4597 4598/4598
f 4599/4599 4600/4600 4601/4601
f 4584/4584 4580/4580 4577/4577
f 4579/4579 4581/4581 4586/4586
f 4589/4589 4602/4602 4591/4591
f 4589/4589 4588/4588 4602/4602
f 4590/4590 4592/4592 4600/4600
f 4594/4594 4593/4593 4603/4603
f 4595/4595 4598/4598 4593/4593
f 4599/4599 4601/4601 4597/4597
f 4604/4604 4605/4605 4606/4606
f 4607/4607 4608/4608 4609/4609
f 4606/4606 4610/4610 4607/4607
f 4611/4611 4612/4612 4613/4613
f 4614/4614 4615/4615 4616/4616
f 4613/4613 4617/4617 4614/4614
f 4609/4609 4618/4618 4611/4611
f 4619/4619 4620/4620 4621/4621
f 4622/4622 4623/4623 4624/4624
f 4621/4621 4625/4625 4622/4622
f 4626/4626 4627/4627 4628/4628
f 4629/4629 4630/4630 4631/4631
f 4631/4631 4632/4632 4633/4633
f 4628/4628 4634/4634 4629/4629
f 4624/4624 4635/4635 4626/4626
f 4616/4616 4636/4636 4619/4619
f 4637/4637 4638/4638 4639/4639
f 4640/4640 4641/4641 4642/4642
f 4638/4638 4643/4643 4640/4640
f 4642/4642 4644/4644 4645/4645
f 4645/4645 4646/4646 4647/4647
f 4648/4648 4649/4649 4650/4650
f 4650/4650 4651/4651 4652/4652
f 4647/4647 4653/4653 4648/4648
f 4654/4654 4638/4638 4637/4637
f 4650/4650 4649/4649 4651/4651
f 4651/4651 4649/4649 4655/4655
f 4656/4656 4654/4654 4637/4637
f 4657/4657 4658/4658 4659/4659
f 4660/4660 4661/4661 4662/4662
f 4663/4663 4657/4657 4664/4664
f 4664/4664 4665/4665 4663/4663
f 4658/4658 4657/4657 4663/4663
f 4666/4666 4667/4667 4668/4668
f 4669/4669 4670/4670 4671/4671
f 4672/4672 4673/4673 4674/4674
f 4669/4669 4675/4675 4676/4676
f 4677/4677 4678/4678 4674/4674
f 4677/4677 4679/4679 4680/4680
f 4674/4674 4679/4679 4677/4677
f 4676/4676 4681/4681 4672/4672
f 4663/4663 4682/4682 4658/4658
f 4658/4658 4682/4682 4661/4661
f 4666/4666 4668/4668 4670/4670
f 4660/4660 4662/4662 4667/4667
f 4676/4676 4675/4675 4683/4683
f 4672/4672 4681/4681 4684/4684
f 4674/4674 4673/4673 4685/4685
f 4680/4680 4679/4679 4686/4686
f 4674/4674 4685/4685 4679/4679
f 4687/4687 4688/4688 4689/4689
f 4690/4690 4691/4691 4692/4692
f 4689/4689 4693/4693 4690/4690
f 4694/4694 4695/4695 4696/4696
f 4697/4697 4698/4698 4699/4699
f 4696/4696 4700/4700 4697/4697
f 4692/4692 4701/4701 4694/4694
f 4702/4702 4703/4703 4704/4704
f 4705/4705 4706/4706 4707/4707
f 4704/4704 4708/4708 4705/4705
f 4709/4709 4710/4710 4711/4711
f 4712/4712 4713/4713 4714/4714
f 4714/4714 4715/4715 4716/4716
f 4711/4711 4717/4717 4712/4712
f 4707/4707 4718/4718 4709/4709
f 4699/4699 4719/4719 4702/4702
f 4720/4720 4721/4721 4722/4722
f 4723/4723 4724/4724 4725/4725
f 4723/4723 4726/4726 4727/4727
f 4720/4720 4724/4724 4728/4728
f 4729/4729 4730/4730 4731/4731
f 4732/4732 4731/4731 4733/4733
f 4731/4731 4730/4730 4733/4733
f 4729/4729 4726/4726 4734/4734
f 4735/4735 4736/4736 4737/4737
f 4721/4721 4735/4735 4738/4738
f 4730/4730 4739/4739 4733/4733
f 4735/4735 4721/4721 4736/4736
f 4740/4740 4741/4741 4742/4742
f 4743/4743 4744/4744 4745/4745
f 4745/4745 4746/4746 4747/4747
f 4740/4740 4748/4748 4743/4743
f 4749/4749 4750/4750 4751/4751
f 4752/4752 4751/4751 4753/4753
f 4751/4751 4750/4750 4753/4753
f 4749/4749 4746/4746 4754/4754
f 4755/4755 4756/4756 4757/4757
f 4741/4741 4755/4755 4758/4758
f 4750/4750 4759/4759 4753/4753
f 4755/4755 4741/4741 4756/4756
f 4760/4760 4761/4761 4762/4762
f 4763/4763 4760/4760 4762/4762
f 4761/4761 4764/4764 4765/4765
f 4760/4760 4764/4764 4761/4761
f 4766/4766 4767/4767 4768/4768
f 4769/4769 4768/4768 4770/4770
f 4769/4769 4771/4771 4766/4766
f 4768/4768 4769/4769 4766/4766
f 4772/4772 4773/4773 4774/4774
f 4775/4775 4776/4776 4773/4773
f 4777/4777 4775/4775 4772/4772
f 4773/4773 4772/4772 4775/4775
f 4778/4778 4779/4779 4780/4780
f 4778/4778 4781/4781 4782/4782
f 4782/4782 4783/4783 4784/4784
f 4784/4784 4785/4785 4786/4786
f 4778/4778 4780/4780 4787/4787
f 4788/4788 4785/4785 4783/4783
f 4783/4783 4785/4785 4784/4784
f 4789/4789 4787/4787 4780/4780
f 4790/4790 4791/4791 4792/4792
f 4792/4792 4793/4793 4794/4794
f 4795/4795 4796/4796 4797/4797
f 4795/4795 4798/4798 4799/4799
f 4799/4799 4800/4800 4801/4801
f 4801/4801 4802/4802 4803/4803
f 4795/4795 4797/4797 4804/4804
f 4805/4805 4802/4802 4800/4800
f 4800/4800 4802/4802 4801/4801
f 4806/4806 4804/4804 4797/4797
f 4807/4807 4808/4808 4809/4809
f 4810/4810 4811/4811 4808/4808
f 4812/4812 4811/4811 4810/4810
f 4813/4813 4810/4810 4807/4807
f 4814/4814 4815/4815 4816/4816
f 4810/4810 4817/4817 4812/4812
f 4807/4807 4810/4810 4808/4808
f 4818/4818 4815/4815 4819/4819
f 4818/4818 4820/4820 4821/4821
f 4822/4822 4823/4823 4824/4824
f 4823/4823 4820/4820 4824/4824
f 4823/4823 4822/4822 4825/4825
f 4812/4812 4826/4826 4815/4815
f 4827/4827 4813/4813 4828/4828
f 4817/4817 4829/4829 4812/4812
f 4826/4826 4819/4819 4815/4815
f 4820/4820 4830/4830 4831/4831
f 4820/4820 4832/4832 4824/4824
f 4824/4824 4832/4832 4833/4833
f 4832/4832 4834/4834 4833/4833
f 4822/4822 4824/4824 4833/4833
f 4827/4827 4810/4810 4813/4813
f 4835/4835 4836/4836 4837/4837
f 4838/4838 4839/4839 4836/4836
f 4840/4840 4839/4839 4838/4838
f 4841/4841 4838/4838 4835/4835
f 4842/4842 4843/4843 4844/4844
f 4838/4838 4845/4845 4840/4840
f 4835/4835 4838/4838 4836/4836
f 4846/4846 4843/4843 4847/4847
f 4846/4846 4848/4848 4849/4849
f 4850/4850 4851/4851 4852/4852
f 4851/4851 4848/4848 4852/4852
f 4851/4851 4850/4850 4853/4853
f 4840/4840 4854/4854 4843/4843
f 4855/4855 4841/4841 4856/4856
f 4845/4845 4857/4857 4840/4840
f 4854/4854 4847/4847 4843/4843
f 4848/4848 4858/4858 4859/4859
f 4848/4848 4860/4860 4852/4852
f 4852/4852 4860/4860 4861/4861
f 4860/4860 4862/4862 4861/4861
f 4850/4850 4852/4852 4861/4861
f 4855/4855 4838/4838 4841/4841
f 4863/4863 4864/4864 4865/4865
f 4866/4866 4867/4867 4868/4868
f 4865/4865 4869/4869 4866/4866
f 4870/4870 4871/4871 4872/4872
f 4873/4873 4874/4874 4875/4875
f 4875/4875 4876/4876 4877/4877
f 4872/4872 4878/4878 4873/4873
f 4868/4868 4879/4879 4870/4870
f 4880/4880 4881/4881 4882/4882
f 4883/4883 4884/4884 4885/4885
f 4882/4882 4886/4886 4883/4883
f 4887/4887 4888/4888 4889/4889
f 4890/4890 4889/4889 4891/4891
f 4889/4889 4888/4888 4891/4891
f 4885/4885 4892/4892 4887/4887
f 4877/4877 4893/4893 4880/4880
f 4894/4894 4863/4863 4895/4895
f 4896/4896 4894/4894 4897/4897
f 4888/4888 4898/4898 4891/4891
f 4863/4863 4894/4894 4896/4896
f 4899/4899 4900/4900 4901/4901
f 4901/4901 4900/4900 4902/4902
f 4903/4903 4901/4901 4904/4904
f 4899/4899 4903/4903 4905/4905
f 4899/4899 4906/4906 4900/4900
f 4903/4903 4899/4899 4901/4901
f 4907/4907 4908/4908 4909/4909
f 4909/4909 4910/4910 4911/4911
f 4912/4912 4911/4911 4913/4913
f 4911/4911 4910/4910 4913/4913
f 4914/4914 4907/4907 4915/4915
f 4916/4916 4914/4914 4917/4917
f 4910/4910 4918/4918 4913/4913
f 4907/4907 4914/4914 4916/4916
f 4919/4919 4920/4920 4921/4921
f 4919/4919 4922/4922 4923/4923
f 4924/4924 4919/4919 4921/4921
f 4919/4919 4924/4924 4922/4922
f 4924/4924 4925/4925 4922/4922
f 4926/4926 4924/4924 4921/4921
f 4927/4927 4928/4928 4929/4929
f 4930/4930 4929/4929 4931/4931
f 4932/4932 4930/4930 4933/4933
f 4930/4930 4931/4931 4933/4933
f 4934/4934 4935/4935 4936/4936
f 4928/4928 4934/4934 4937/4937
f 4931/4931 4938/4938 4933/4933
f 4935/4935 4934/4934 4928/4928
f 4939/4939 4940/4940 4941/4941
f 4940/4940 4939/4939 4942/4942
f 4939/4939 4941/4941 4943/4943
f 4944/4944 4940/4940 4942/4942
f 4944/4944 4945/4945 4946/4946
f 4947/4947 4948/4948 4949/4949
f 4950/4950 4947/4947 4946/4946
f 4944/4944 4942/4942 4945/4945
f 4939/4939 4951/4951 4952/4952
f 4943/4943 4951/4951 4939/4939
f 4947/4947 4950/4950 4948/4948
f 4948/4948 4953/4953 4954/4954
f 4948/4948 4954/4954 4955/4955
f 4949/4949 4948/4948 4955/4955
f 4946/4946 4945/4945 4950/4950
f 4956/4956 4957/4957 4958/4958
f 4959/4959 4960/4960 4961/4961
f 4957/4957 4962/4962 4959/4959
f 4961/4961 4963/4963 4964/4964
f 4964/4964 4965/4965 4966/4966
f 4967/4967 4968/4968 4969/4969
f 4969/4969 4970/4970 4971/4971
f 4966/4966 4972/4972 4967/4967
f 4973/4973 4957/4957 4956/4956
f 4969/4969 4968/4968 4970/4970
f 4970/4970 4968/4968 4974/4974
f 4975/4975 4973/4973 4956/4956
f 4976/4976 4977/4977 4978/4978
f 4979/4979 4980/4980 4981/4981
f 4977/4977 4982/4982 4979/4979
f 4981/4981 4983/4983 4984/4984
f 4985/4985 4986/4986 4987/4987
f 4984/4984 4988/4988 4985/4985
f 4976/4976 4989/4989 4977/4977
f 4986/4986 4985/4985 4988/4988
f 4986/4986 4988/4988 4990/4990
f 4991/4991 4989/4989 4976/4976
f 116/116 119/119 117/117
f 114/114 146/146 119/119
f 120/120 123/123 121/121
f 118/118 117/117 123/123
f 122/122 121/121 124/124
f 125/125 124/124 126/126
f 127/127 126/126 128/128
f 129/129 128/128 130/130
f 132/132 135/135 133/133
f 131/131 130/130 135/135
f 136/136 145/145 137/137
f 139/139 144/144 140/140
f 138/138 137/137 144/144
f 134/134 133/133 145/145
f 140/140 4992/4992 142/142
f 151/151 154/154 152/152
f 149/149 165/165 152/152
f 155/155 151/151 153/153
f 157/157 164/164 158/158
f 160/160 159/159 158/158
f 155/155 156/156 164/164
f 173/173 176/176 174/174
f 171/171 187/187 174/174
f 177/177 173/173 175/175
f 179/179 186/186 180/180
f 182/182 181/181 180/180
f 177/177 178/178 186/186
f 195/195 199/199 196/196
f 195/195 193/193 198/198
f 200/200 197/197 196/196
f 202/202 200/200 201/201
f 204/204 209/209 205/205
f 204/204 202/202 203/203
f 215/215 219/219 216/216
f 215/215 213/213 218/218
f 220/220 217/217 216/216
f 220/220 221/221 222/222
f 224/224 229/229 225/225
f 224/224 223/223 222/222
f 232/232 4993/4993 233/233
f 235/235 238/238 236/236
f 234/234 233/233 238/238
f 239/239 246/246 240/240
f 242/242 245/245 243/243
f 241/241 240/240 245/245
f 237/237 236/236 246/246
f 247/247 264/264 248/248
f 250/250 253/253 251/251
f 249/249 248/248 253/253
f 254/254 263/263 255/255
f 257/257 262/262 258/258
f 259/259 258/258 260/260
f 256/256 255/255 262/262
f 252/252 251/251 263/263
f 244/244 243/243 264/264
f 269/269 268/268 273/273
f 273/273 279/279 275/275
f 277/277 274/274 273/273
f 273/273 268/268 278/278
f 280/280 277/277 276/276
f 284/284 280/280 281/281
f 281/281 300/300 286/286
f 276/276 297/297 289/289
f 268/268 271/271 290/290
f 301/301 318/318 302/302
f 304/304 309/309 305/305
f 306/306 305/305 307/307
f 303/303 302/302 309/309
f 310/310 315/315 311/311
f 308/308 307/307 315/315
f 321/321 4994/4994 322/322
f 324/324 327/327 325/325
f 323/323 322/322 327/327
f 328/328 335/335 329/329
f 331/331 334/334 332/332
f 330/330 329/329 334/334
f 326/326 325/325 335/335
f 336/336 353/353 337/337
f 339/339 342/342 340/340
f 338/338 337/337 342/342
f 343/343 352/352 344/344
f 346/346 351/351 347/347
f 348/348 347/347 349/349
f 345/345 344/344 351/351
f 341/341 340/340 352/352
f 333/333 332/332 353/353
f 357/357 355/355 358/358
f 363/363 357/357 364/364
f 366/366 363/363 367/367
f 369/369 366/366 370/370
f 374/374 378/378 376/376
f 378/378 369/369 379/379
f 385/385 388/388 386/386
f 383/383 399/399 388/388
f 387/387 386/386 389/389
f 390/390 389/389 391/391
f 393/393 398/398 394/394
f 392/392 391/391 398/398
f 402/402 4995/4995 403/403
f 405/405 408/408 406/406
f 404/404 403/403 408/408
f 409/409 416/416 410/410
f 412/412 415/415 413/413
f 411/411 410/410 415/415
f 407/407 406/406 416/416
f 417/417 434/434 418/418
f 420/420 423/423 421/421
f 419/419 418/418 423/423
f 424/424 433/433 425/425
f 427/427 432/432 428/428
f 429/429 428/428 430/430
f 426/426 425/425 432/432
f 422/422 421/421 433/433
f 414/414 413/413 434/434
f 438/438 448/448 443/443
f 444/444 448/448 445/445
f 443/443 448/448 444/444
f 448/448 438/438 449/449
f 451/451 447/447 444/444
f 451/451 452/452 456/456
f 456/456 452/452 457/457
f 452/452 444/444 461/461
f 438/438 441/441 463/463
f 471/471 488/488 472/472
f 474/474 479/479 475/475
f 476/476 475/475 477/477
f 473/473 472/472 479/479
f 480/480 485/485 481/481
f 481/481 4996/4996 484/484
f 478/478 477/477 485/485
f 490/490 4997/4997 491/491
f 493/493 496/496 494/494
f 492/492 491/491 496/496
f 497/497 504/504 498/498
f 500/500 503/503 501/501
f 499/499 498/498 503/503
f 495/495 494/494 504/504
f 505/505 522/522 506/506
f 508/508 511/511 509/509
f 507/507 506/506 511/511
f 512/512 521/521 513/513
f 515/515 520/520 516/516
f 517/517 516/516 518/518
f 514/514 513/513 520/520
f 510/510 509/509 521/521
f 502/502 501/501 522/522
f 526/526 524/524 527/527
f 532/532 526/526 533/533
f 535/535 532/532 536/536
f 538/538 548/548 539/539
f 541/541 535/535 542/542
f 548/548 541/541 549/549
f 556/556 559/559 557/557
f 554/554 570/570 559/559
f 558/558 557/557 560/560
f 561/561 560/560 562/562
f 564/564 569/569 565/565
f 563/563 562/562 569/569
f 573/573 582/582 576/576
f 577/577 576/576 578/578
f 585/585 594/594 588/588
f 589/589 588/588 590/590
f 597/597 606/606 598/598
f 599/599 598/598 600/600
f 609/609 618/618 610/610
f 611/611 610/610 612/612
f 624/624 627/627 625/625
f 622/622 638/638 627/627
f 628/628 626/626 625/625
f 630/630 628/628 629/629
f 632/632 637/637 633/633
f 632/632 630/630 631/631
f 646/646 652/652 648/648
f 644/644 662/662 650/650
f 651/651 648/648 652/652
f 654/654 651/651 653/653
f 657/657 654/654 655/655
f 652/652 646/646 660/660
f 664/664 653/653 652/652
f 653/653 664/664 665/665
f 658/658 655/655 665/665
f 672/672 675/675 673/673
f 670/670 686/686 675/675
f 674/674 673/673 676/676
f 678/678 677/677 676/676
f 680/680 685/685 681/681
f 678/678 679/679 681/681
f 692/692 695/695 693/693
f 690/690 706/706 695/695
f 694/694 693/693 696/696
f 698/698 697/697 696/696
f 700/700 705/705 701/701
f 698/698 699/699 701/701
f 709/709 726/726 710/710
f 712/712 717/717 713/713
f 714/714 713/713 715/715
f 711/711 710/710 717/717
f 718/718 723/723 719/719
f 716/716 715/715 723/723
f 732/732 735/735 733/733
f 730/730 746/746 735/735
f 734/734 733/733 736/736
f 737/737 736/736 738/738
f 740/740 745/745 741/741
f 739/739 738/738 745/745
f 746/746 730/730 729/729
f 749/749 782/782 750/750
f 752/752 755/755 753/753
f 751/751 750/750 755/755
f 756/756 765/765 757/757
f 759/759 764/764 760/760
f 761/761 760/760 762/762
f 758/758 757/757 764/764
f 754/754 753/753 765/765
f 766/766 779/779 767/767
f 769/769 772/772 770/770
f 768/768 767/767 772/772
f 773/773 778/778 774/774
f 771/771 770/770 778/778
f 763/763 762/762 779/779
f 788/788 795/795 789/789
f 790/790 794/794 791/791
f 793/793 798/798 794/794
f 792/792 791/791 795/795
f 797/797 800/800 798/798
f 799/799 802/802 800/800
f 801/801 810/810 802/802
f 803/803 809/809 804/804
f 806/806 4998/4998 807/807
f 808/808 807/807 809/809
f 805/805 804/804 810/810
f 814/814 817/817 815/815
f 812/812 828/828 817/817
f 816/816 815/815 818/818
f 819/819 818/818 820/820
f 822/822 827/827 823/823
f 821/821 820/820 827/827
f 834/834 837/837 835/835
f 832/832 848/848 837/837
f 836/836 835/835 838/838
f 839/839 838/838 840/840
f 842/842 847/847 843/843
f 841/841 840/840 847/847
f 848/848 832/832 831/831
f 851/851 884/884 852/852
f 854/854 857/857 855/855
f 853/853 852/852 857/857
f 858/858 867/867 859/859
f 861/861 866/866 862/862
f 863/863 862/862 864/864
f 860/860 859/859 866/866
f 856/856 855/855 867/867
f 868/868 881/881 869/869
f 871/871 874/874 872/872
f 870/870 869/869 874/874
f 875/875 880/880 876/876
f 873/873 872/872 880/880
f 865/865 864/864 881/881
f 890/890 897/897 891/891
f 892/892 896/896 893/893
f 895/895 900/900 896/896
f 894/894 893/893 897/897
f 899/899 902/902 900/900
f 901/901 904/904 902/902
f 903/903 912/912 904/904
f 905/905 911/911 906/906
f 908/908 4999/4999 909/909
f 910/910 909/909 911/911
f 907/907 906/906 912/912
f 917/917 1164/1164 919/919
f 918/918 917/917 920/920
f 920/920 919/919 922/922
f 921/921 920/920 923/923
f 1310/1310 1396/1396 1311/1311
f 1313/1313 1310/1310 1312/1312
f 1315/1315 1313/1313 1314/1314
f 1317/1317 1315/1315 1316/1316
f 1312/1312 1311/1311 1319/1319
f 1314/1314 1312/1312 1320/1320
f 1316/1316 1314/1314 1321/1321
f 1318/1318 1316/1316 1322/1322
f 1319/1319 1413/1413 1324/1324
f 1320/1320 1319/1319 1325/1325
f 1321/1321 1320/1320 1326/1326
f 1322/1322 1321/1321 1327/1327
f 1323/1323 1322/1322 1328/1328
f 1330/1330 1323/1323 1329/1329
f 1325/1325 1324/1324 1332/1332
f 1326/1326 1325/1325 1333/1333
f 1327/1327 1326/1326 1334/1334
f 1328/1328 1327/1327 1335/1335
f 1329/1329 1328/1328 1336/1336
f 1331/1331 1329/1329 1337/1337
f 1333/1333 1332/1332 1339/1339
f 1334/1334 1333/1333 1340/1340
f 1335/1335 1334/1334 1341/1341
f 1336/1336 1335/1335 1342/1342
f 1337/1337 1336/1336 1343/1343
f 1338/1338 1337/1337 1344/1344
f 1340/1340 1339/1339 1346/1346
f 1341/1341 1340/1340 1347/1347
f 1342/1342 1341/1341 1348/1348
f 1343/1343 1342/1342 1349/1349
f 1344/1344 1343/1343 1350/1350
f 1345/1345 1344/1344 1351/1351
f 1348/1348 1347/1347 1353/1353
f 1349/1349 1348/1348 1354/1354
f 1350/1350 1349/1349 1355/1355
f 1351/1351 1350/1350 1356/1356
f 1354/1354 1353/1353 1358/1358
f 1355/1355 1354/1354 1359/1359
f 1356/1356 1355/1355 1360/1360
f 1357/1357 1356/1356 1361/1361
f 1359/1359 1358/1358 1363/1363
f 1360/1360 1359/1359 1364/1364
f 1361/1361 1360/1360 1365/1365
f 1362/1362 1361/1361 1366/1366
f 1368/1368 1362/1362 1367/1367
f 1364/1364 1363/1363 1370/1370
f 1365/1365 1364/1364 1371/1371
f 1366/1366 1365/1365 1372/1372
f 1367/1367 1366/1366 1373/1373
f 1371/1371 1370/1370 1376/1376
f 1372/1372 1371/1371 1377/1377
f 1373/1373 1372/1372 1378/1378
f 1374/1374 1373/1373 1379/1379
f 1402/1402 1388/1388 1396/1396
f 1415/1415 1332/1332 1324/1324
f 1414/1414 1416/1416 1324/1324
f 1420/1420 1422/1422 1346/1346
f 1317/1317 1446/1446 1405/1405
f 1331/1331 1491/1491 1489/1489
f 1331/1331 1338/1338 1490/1490
f 1352/1352 1498/1498 1493/1493
f 1358/1358 1353/1353 1428/1428
f 1357/1357 1362/1362 1368/1368
f 1367/1367 1374/1374 1561/1561
f 1369/1369 1574/1574 1563/1563
f 1380/1380 1379/1379 1601/1601
f 1616/1616 1671/1671 1617/1617
f 1619/1619 1616/1616 1618/1618
f 1618/1618 1617/1617 1621/1621
f 1620/1620 1618/1618 1622/1622
f 2039/2039 2175/2175 2040/2040
f 2037/2037 2035/2035 2042/2042
f 2038/2038 2037/2037 2043/2043
f 2040/2040 2038/2038 2044/2044
f 2041/2041 2040/2040 2045/2045
f 2043/2043 2042/2042 2047/2047
f 2044/2044 2043/2043 2048/2048
f 2045/2045 2044/2044 2049/2049
f 2046/2046 2045/2045 2050/2050
f 2052/2052 2046/2046 2051/2051
f 2048/2048 2047/2047 2054/2054
f 2049/2049 2048/2048 2055/2055
f 2050/2050 2049/2049 2056/2056
f 2051/2051 2050/2050 2057/2057
f 2055/2055 2054/2054 2059/2059
f 2056/2056 2055/2055 2060/2060
f 2057/2057 2056/2056 2061/2061
f 2058/2058 2057/2057 2062/2062
f 2059/2059 2234/2234 2064/2064
f 2060/2060 2059/2059 2065/2065
f 2061/2061 2060/2060 2066/2066
f 2062/2062 2061/2061 2067/2067
f 2063/2063 2062/2062 2068/2068
f 2070/2070 2063/2063 2069/2069
f 2065/2065 2064/2064 2072/2072
f 2066/2066 2065/2065 2073/2073
f 2067/2067 2066/2066 2074/2074
f 2068/2068 2067/2067 2075/2075
f 2069/2069 2068/2068 2076/2076
f 2071/2071 2069/2069 2077/2077
f 2073/2073 2072/2072 2079/2079
f 2074/2074 2073/2073 2080/2080
f 2075/2075 2074/2074 2081/2081
f 2076/2076 2075/2075 2082/2082
f 2077/2077 2076/2076 2083/2083
f 2078/2078 2077/2077 2084/2084
f 2080/2080 2079/2079 2086/2086
f 2081/2081 2080/2080 2087/2087
f 2082/2082 2081/2081 2088/2088
f 2083/2083 2082/2082 2089/2089
f 2084/2084 2083/2083 2090/2090
f 2085/2085 2084/2084 2091/2091
f 2088/2088 2087/2087 2093/2093
f 2089/2089 2088/2088 2094/2094
f 2090/2090 2089/2089 2095/2095
f 2091/2091 2090/2090 2096/2096
f 2093/2093 2250/2250 2098/2098
f 2094/2094 2093/2093 2099/2099
f 2095/2095 2094/2094 2100/2100
f 2096/2096 2095/2095 2101/2101
f 2097/2097 2096/2096 2102/2102
f 2104/2104 2097/2097 2103/2103
f 2170/2170 2039/2039 2181/2181
f 2052/2052 2053/2053 2200/2200
f 2228/2228 2233/2233 2079/2079
f 2227/2227 2064/2064 2234/2234
f 2070/2070 2071/2071 2273/2273
f 2078/2078 2281/2281 2275/2275
f 2085/2085 2092/2092 2276/2276
f 2085/2085 2277/2277 2281/2281
f 2319/2319 2317/2317 2316/2316
f 2323/2323 2322/2322 2324/2324
f 2325/2325 2324/2324 2326/2326
f 2327/2327 2326/2326 2328/2328
f 2697/2697 2744/2744 2698/2698
f 2699/2699 2698/2698 2700/2700
f 2701/2701 2700/2700 2702/2702
f 2708/2708 2707/2707 2706/2706
f 3051/3051 3054/3054 3052/3052
f 3060/3060 5000/5000 3061/3061
f 3062/3062 3061/3061 3063/3063
f 3073/3073 3079/3079 3074/3074
f 3076/3076 3087/3087 3077/3077
f 3078/3078 3077/3077 3079/3079
f 3080/3080 3086/3086 3081/3081
f 3083/3083 3088/3088 3084/3084
f 3085/3085 3084/3084 3086/3086
f 3082/3082 3081/3081 3087/3087
f 3088/3088 3083/3083 3089/3089
f 3091/3091 3097/3097 3092/3092
f 3094/3094 3105/3105 3095/3095
f 3096/3096 3095/3095 3097/3097
f 3098/3098 3104/3104 3099/3099
f 3102/3102 3106/3106 3104/3104
f 3100/3100 3099/3099 3105/3105
f 3090/3090 3089/3089 3093/3093
f 3108/3108 5001/5001 3109/3109
f 3111/3111 3116/3116 3112/3112
f 3113/3113 3112/3112 3114/3114
f 3110/3110 3109/3109 3116/3116
f 3117/3117 3120/3120 3118/3118
f 3120/3120 3117/3117 3121/3121
f 3123/3123 3124/3124 3122/3122
f 3124/3124 3123/3123 3125/3125
f 3127/3127 3130/3130 3128/3128
f 3130/3130 3127/3127 3131/3131
f 3133/3133 3134/3134 3132/3132
f 3134/3134 3133/3133 3135/3135
f 3140/3140 3137/3137 3141/3141
f 3143/3143 3140/3140 3142/3142
f 3153/3153 3151/3151 3154/3154
f 3159/3159 3168/3168 3160/3160
f 3161/3161 3160/3160 3162/3162
f 3174/3174 3183/3183 3175/3175
f 3176/3176 3182/3182 3177/3177
f 3179/3179 3197/3197 3180/3180
f 3181/3181 3180/3180 3182/3182
f 3178/3178 3177/3177 3183/3183
f 3185/3185 3189/3189 3186/3186
f 3188/3188 3195/3195 3189/3189
f 3190/3190 3196/3196 3191/3191
f 3192/3192 3191/3191 3195/3195
f 3197/3197 3179/3179 3187/3187
f 3199/3199 3216/3216 3200/3200
f 3202/3202 3207/3207 3203/3203
f 3204/3204 3203/3203 3205/3205
f 3201/3201 3200/3200 3207/3207
f 3208/3208 3213/3213 3209/3209
f 3206/3206 3205/3205 3213/3213
f 3233/3233 3236/3236 3234/3234
f 3236/3236 3239/3239 3237/3237
f 3232/3232 3233/3233 3235/3235
f 3238/3238 3237/3237 3239/3239
f 3241/3241 5002/5002 3242/3242
f 3243/3243 3242/3242 3244/3244
f 3246/3246 3253/3253 3247/3247
f 3249/3249 3252/3252 3250/3250
f 3248/3248 3247/3247 3252/3252
f 3245/3245 3244/3244 3253/3253
f 3258/3258 3262/3262 3259/3259
f 3258/3258 3260/3260 3261/3261
f 3262/3262 3264/3264 3263/3263
f 3269/3269 3279/3279 3270/3270
f 3267/3267 3269/3269 3271/3271
f 3272/3272 3278/3278 3273/3273
f 3275/3275 3282/3282 3276/3276
f 3277/3277 3276/3276 3278/3278
f 3279/3279 3274/3274 3280/3280
f 3281/3281 5003/5003 3282/3282
f 3283/3283 5003/5003 3281/3281
f 3284/3284 3286/3286 3285/3285
f 3286/3286 3295/3295 3287/3287
f 3288/3288 3294/3294 3289/3289
f 3291/3291 3313/3313 3292/3292
f 3294/3294 3291/3291 3293/3293
f 3295/3295 3288/3288 3290/3290
f 3296/3296 3303/3303 3297/3297
f 3299/3299 3312/3312 3300/3300
f 3301/3301 3300/3300 3302/3302
f 3304/3304 3310/3310 3305/3305
f 3307/3307 5004/5004 3308/3308
f 3310/3310 3309/3309 3311/3311
f 3304/3304 3306/3306 3312/3312
f 3313/3313 3296/3296 3298/3298
f 3314/3314 3317/3317 3315/3315
f 3317/3317 3314/3314 3318/3318
f 3320/3320 3321/3321 3319/3319
f 3321/3321 3320/3320 3322/3322
f 3327/3327 3330/3330 3328/3328
f 3325/3325 3357/3357 3330/3330
f 3331/3331 3334/3334 3332/3332
f 3329/3329 3328/3328 3334/3334
f 3333/3333 3332/3332 3335/3335
f 3336/3336 3335/3335 3337/3337
f 3338/3338 3337/3337 3339/3339
f 3340/3340 3339/3339 3341/3341
f 3343/3343 3346/3346 3344/3344
f 3342/3342 3341/3341 3346/3346
f 3347/3347 3356/3356 3348/3348
f 3350/3350 3355/3355 3351/3351
f 3349/3349 3348/3348 3355/3355
f 3345/3345 3344/3344 3356/3356
f 3360/3360 3377/3377 3361/3361
f 3363/3363 3368/3368 3364/3364
f 3365/3365 3364/3364 3366/3366
f 3362/3362 3361/3361 3368/3368
f 3369/3369 3374/3374 3370/3370
f 3367/3367 3366/3366 3374/3374
f 3380/3380 3397/3397 3381/3381
f 3383/3383 3388/3388 3384/3384
f 3385/3385 3384/3384 3386/3386
f 3382/3382 3381/3381 3388/3388
f 3389/3389 3394/3394 3390/3390
f 3387/3387 3386/3386 3394/3394
f 3421/3421 3424/3424 3422/3422
f 3419/3419 3451/3451 3424/3424
f 3425/3425 3428/3428 3426/3426
f 3423/3423 3422/3422 3428/3428
f 3427/3427 3426/3426 3429/3429
f 3430/3430 3429/3429 3431/3431
f 3432/3432 3431/3431 3433/3433
f 3434/3434 3433/3433 3435/3435
f 3437/3437 3440/3440 3438/3438
f 3436/3436 3435/3435 3440/3440
f 3441/3441 3450/3450 3442/3442
f 3444/3444 3449/3449 3445/3445
f 3443/3443 3442/3442 3449/3449
f 3439/3439 3438/3438 3450/3450
f 3472/3472 5005/5005 3473/3473
f 3480/3480 5006/5006 3481/3481
f 3482/3482 3481/3481 3483/3483
f 3510/3510 3516/3516 3511/3511
f 3513/3513 3524/3524 3514/3514
f 3516/3516 3513/3513 3515/3515
f 3517/3517 3523/3523 3518/3518
f 3520/3520 3526/3526 3521/3521
f 3523/3523 3520/3520 3522/3522
f 3524/3524 3517/3517 3519/3519
f 3525/3525 3521/3521 3526/3526
f 3527/3527 3532/3532 3528/3528
f 3529/3529 3543/3543 3530/3530
f 3532/3532 3529/3529 3531/3531
f 3533/3533 3542/3542 3534/3534
f 3536/3536 3540/3540 3537/3537
f 3542/3542 3536/3536 3538/3538
f 3543/3543 3533/3533 3535/3535
f 3545/3545 5007/5007 3546/3546
f 3548/3548 3553/3553 3549/3549
f 3550/3550 3549/3549 3551/3551
f 3547/3547 3546/3546 3553/3553
f 3554/3554 3558/3558 3555/3555
f 3557/3557 3562/3562 3558/3558
f 3559/3559 5008/5008 3560/3560
f 3562/3562 3557/3557 3561/3561
f 3563/3563 5009/5009 3564/3564
f 3563/3563 3565/3565 3566/3566
f 3568/3568 3569/3569 3567/3567
f 3569/3569 3568/3568 3570/3570
f 3575/3575 3572/3572 3576/3576
f 3578/3578 3575/3575 3577/3577
f 3592/3592 3601/3601 3595/3595
f 3596/3596 3595/3595 3597/3597
f 3609/3609 3615/3615 3610/3610
f 3612/3612 3630/3630 3613/3613
f 3609/3609 3614/3614 3613/3613
f 3611/3611 3610/3610 3616/3616
f 3618/3618 3628/3628 3621/3621
f 3622/3622 3625/3625 3623/3623
f 3628/3628 3622/3622 3629/3629
f 3632/3632 3648/3648 3633/3633
f 3635/3635 3640/3640 3636/3636
f 3638/3638 3635/3635 3637/3637
f 3640/3640 3632/3632 3634/3634
f 3641/3641 3646/3646 3642/3642
f 3646/3646 3638/3638 3639/3639
f 3665/3665 3672/3672 3666/3666
f 3667/3667 3671/3671 3668/3668
f 3670/3670 5010/5010 3671/3671
f 3669/3669 3668/3668 3672/3672
f 3673/3673 5011/5011 3674/3674
f 3675/3675 3674/3674 3676/3676
f 3678/3678 3685/3685 3679/3679
f 3681/3681 3684/3684 3682/3682
f 3680/3680 3679/3679 3684/3684
f 3677/3677 3676/3676 3685/3685
f 3686/3686 3692/3692 3687/3687
f 3689/3689 3700/3700 3690/3690
f 3691/3691 3690/3690 3692/3692
f 3693/3693 3699/3699 3694/3694
f 3696/3696 3716/3716 3697/3697
f 3698/3698 3697/3697 3699/3699
f 3695/3695 3694/3694 3700/3700
f 3701/3701 3707/3707 3702/3702
f 3704/3704 3715/3715 3705/3705
f 3706/3706 3705/3705 3707/3707
f 3708/3708 3714/3714 3709/3709
f 3711/3711 3717/3717 3712/3712
f 3713/3713 3712/3712 3714/3714
f 3710/3710 3709/3709 3715/3715
f 3703/3703 3702/3702 3716/3716
f 3717/3717 3711/3711 3718/3718
f 3720/3720 3724/3724 3719/3719
f 3721/3721 3732/3732 3722/3722
f 3723/3723 3722/3722 3724/3724
f 3725/3725 3731/3731 3726/3726
f 3728/3728 3747/3747 3729/3729
f 3730/3730 3729/3729 3731/3731
f 3727/3727 3726/3726 3732/3732
f 3733/3733 5012/5012 3734/3734
f 3736/3736 3746/3746 3737/3737
f 3737/3737 5012/5012 3733/3733
f 3739/3739 3745/3745 3740/3740
f 3742/3742 3748/3748 3743/3743
f 3744/3744 3743/3743 3745/3745
f 3741/3741 3740/3740 3746/3746
f 3735/3735 3734/3734 3747/3747
f 3748/3748 3742/3742 3749/3749
f 3751/3751 3755/3755 3752/3752
f 3754/3754 3759/3759 3755/3755
f 3756/3756 5013/5013 3757/3757
f 3759/3759 3754/3754 3758/3758
f 3763/3763 3766/3766 3764/3764
f 3761/3761 3793/3793 3766/3766
f 3767/3767 3770/3770 3768/3768
f 3765/3765 3764/3764 3770/3770
f 3769/3769 3768/3768 3771/3771
f 3772/3772 3771/3771 3773/3773
f 3774/3774 3773/3773 3775/3775
f 3776/3776 3775/3775 3777/3777
f 3779/3779 3782/3782 3780/3780
f 3778/3778 3777/3777 3782/3782
f 3783/3783 3792/3792 3784/3784
f 3786/3786 3791/3791 3787/3787
f 3785/3785 3784/3784 3791/3791
f 3781/3781 3780/3780 3792/3792
f 3796/3796 3813/3813 3797/3797
f 3799/3799 3804/3804 3800/3800
f 3801/3801 3800/3800 3802/3802
f 3798/3798 3797/3797 3804/3804
f 3805/3805 3810/3810 3806/3806
f 3803/3803 3802/3802 3810/3810
f 3819/3819 3822/3822 3820/3820
f 3817/3817 3833/3833 3822/3822
f 3821/3821 3820/3820 3823/3823
f 3824/3824 3823/3823 3825/3825
f 3827/3827 3832/3832 3828/3828
f 3826/3826 3825/3825 3832/3832
f 3839/3839 3845/3845 3840/3840
f 3844/3844 3847/3847 3845/3845
f 3846/3846 3853/3853 3847/3847
f 3854/3854 3887/3887 3855/3855
f 3857/3857 3860/3860 3858/3858
f 3856/3856 3855/3855 3860/3860
f 3861/3861 3870/3870 3862/3862
f 3864/3864 3869/3869 3865/3865
f 3866/3866 3865/3865 3867/3867
f 3863/3863 3862/3862 3869/3869
f 3859/3859 3858/3858 3870/3870
f 3871/3871 3884/3884 3872/3872
f 3874/3874 3877/3877 3875/3875
f 3873/3873 3872/3872 3877/3877
f 3878/3878 3883/3883 3879/3879
f 3879/3879 5014/5014 3882/3882
f 3876/3876 3875/3875 3883/3883
f 3868/3868 3867/3867 3884/3884
f 3892/3892 3897/3897 3893/3893
f 3897/3897 3892/3892 3898/3898
f 3900/3900 3906/3906 3899/3899
f 3907/3907 3924/3924 3908/3908
f 3910/3910 3915/3915 3911/3911
f 3913/3913 3912/3912 3911/3911
f 3910/3910 3909/3909 3908/3908
f 3916/3916 3921/3921 3917/3917
f 3921/3921 3913/3913 3914/3914
f 3927/3927 3944/3944 3928/3928
f 3930/3930 3935/3935 3931/3931
f 3933/3933 3932/3932 3931/3931
f 3930/3930 3929/3929 3928/3928
f 3936/3936 3941/3941 3937/3937
f 3941/3941 3933/3933 3934/3934
f 3950/3950 3954/3954 3951/3951
f 3950/3950 3948/3948 3953/3953
f 3952/3952 3951/3951 3955/3955
f 3957/3957 3965/3965 3958/3958
f 3960/3960 3957/3957 3959/3959
f 3956/3956 3955/3955 3958/3958
f 3969/3969 3985/3985 3970/3970
f 3972/3972 3977/3977 3973/3973
f 3974/3974 3973/3973 3975/3975
f 3969/3969 3971/3971 3977/3977
f 3978/3978 3983/3983 3979/3979
f 3983/3983 3976/3976 3975/3975
f 3997/3997 4006/4006 3998/3998
f 3999/3999 3998/3998 4000/4000
f 4020/4020 4023/4023 4021/4021
f 4018/4018 4034/4034 4023/4023
f 4022/4022 4021/4021 4024/4024
f 4025/4025 4024/4024 4026/4026
f 4028/4028 4033/4033 4029/4029
f 4027/4027 4026/4026 4033/4033
f 4037/4037 4054/4054 4038/4038
f 4040/4040 4045/4045 4041/4041
f 4042/4042 4041/4041 4043/4043
f 4039/4039 4038/4038 4045/4045
f 4046/4046 4051/4051 4047/4047
f 4044/4044 4043/4043 4051/4051
f 4065/4065 4074/4074 4068/4068
f 4069/4069 4068/4068 4070/4070
f 4087/4087 4092/4092 4090/4090
f 4095/4095 4104/4104 4098/4098
f 4099/4099 4098/4098 4100/4100
f 4118/4118 4121/4121 4119/4119
f 4116/4116 4132/4132 4121/4121
f 4120/4120 4119/4119 4122/4122
f 4123/4123 4122/4122 4124/4124
f 4126/4126 4131/4131 4127/4127
f 4125/4125 4124/4124 4131/4131
f 4138/4138 4141/4141 4139/4139
f 4136/4136 4152/4152 4141/4141
f 4140/4140 4139/4139 4142/4142
f 4143/4143 4142/4142 4144/4144
f 4146/4146 4151/4151 4147/4147
f 4145/4145 4144/4144 4151/4151
f 4157/4157 5015/5015 4160/4160
f 4162/4162 4171/4171 4163/4163
f 4164/4164 4163/4163 4165/4165
f 4195/4195 4198/4198 4194/4194
f 4197/4197 4200/4200 4198/4198
f 4193/4193 4211/4211 4199/4199
f 4200/4200 4197/4197 4201/4201
f 4202/4202 4201/4201 4203/4203
f 4206/4206 4204/4204 4203/4203
f 4195/4195 4210/4210 4209/4209
f 4201/4201 4197/4197 4209/4209
f 4207/4207 4203/4203 4216/4216
f 4216/4216 4203/4203 4201/4201
f 4247/4247 4250/4250 4248/4248
f 4245/4245 4261/4261 4248/4248
f 4247/4247 4249/4249 4251/4251
f 4253/4253 4252/4252 4251/4251
f 4255/4255 4260/4260 4256/4256
f 4253/4253 4254/4254 4256/4256
f 4289/4289 4294/4294 4291/4291
f 4291/4291 4306/4306 4295/4295
f 4294/4294 4309/4309 4296/4296
f 4297/4297 4307/4307 4298/4298
f 4297/4297 4299/4299 4300/4300
f 4301/4301 4300/4300 4304/4304
f 4306/4306 4298/4298 4307/4307
f 4306/4306 4291/4291 4296/4296
f 4306/4306 4308/4308 4311/4311
f 4311/4311 5016/5016 4299/4299
f 4300/4300 4314/4314 4312/4312
f 4299/4299 5016/5016 4314/4314
f 4339/4339 4334/4334 4336/4336
f 4342/4342 4359/4359 4343/4343
f 4345/4345 4350/4350 4346/4346
f 4348/4348 4347/4347 4346/4346
f 4345/4345 4344/4344 4343/4343
f 4351/4351 4356/4356 4352/4352
f 4348/4348 4349/4349 4352/4352
f 4378/4378 4395/4395 4379/4379
f 4381/4381 4386/4386 4382/4382
f 4383/4383 4382/4382 4384/4384
f 4380/4380 4379/4379 4386/4386
f 4387/4387 4392/4392 4388/4388
f 4385/4385 4384/4384 4392/4392
f 4406/4406 4402/4402 4401/4401
f 4408/4408 4407/4407 4409/4409
f 4411/4411 4406/4406 4407/4407
f 4407/4407 4401/4401 4412/4412
f 4414/4414 4411/4411 4408/4408
f 4414/4414 4415/4415 4419/4419
f 4415/4415 4433/4433 4420/4420
f 4408/4408 4410/4410 4423/4423
f 4401/4401 4404/4404 4424/4424
f 4434/4434 5017/5017 4435/4435
f 4437/4437 4440/4440 4438/4438
f 4436/4436 4435/4435 4440/4440
f 4441/4441 4448/4448 4442/4442
f 4444/4444 4447/4447 4445/4445
f 4443/4443 4442/4442 4447/4447
f 4439/4439 4438/4438 4448/4448
f 4449/4449 4466/4466 4450/4450
f 4452/4452 4455/4455 4453/4453
f 4451/4451 4450/4450 4455/4455
f 4456/4456 4465/4465 4457/4457
f 4459/4459 4464/4464 4460/4460
f 4461/4461 4460/4460 4462/4462
f 4458/4458 4457/4457 4464/4464
f 4454/4454 4453/4453 4465/4465
f 4446/4446 4445/4445 4466/4466
f 4470/4470 4473/4473 4471/4471
f 4468/4468 4484/4484 4473/4473
f 4472/4472 4471/4471 4474/4474
f 4475/4475 4474/4474 4476/4476
f 4478/4478 4483/4483 4479/4479
f 4477/4477 4476/4476 4483/4483
f 4491/4491 4490/4490 4495/4495
f 4493/4493 4516/4516 4497/4497
f 4490/4490 4518/4518 4498/4498
f 4499/4499 4506/4506 4500/4500
f 4504/4504 4501/4501 4500/4500
f 4506/4506 4495/4495 4507/4507
f 4505/4505 4500/4500 4509/4509
f 4500/4500 4506/4506 4512/4512
f 4499/4499 4496/4496 4495/4495
f 4523/4523 5018/5018 4524/4524
f 4526/4526 4529/4529 4527/4527
f 4525/4525 4524/4524 4529/4529
f 4530/4530 4537/4537 4531/4531
f 4533/4533 4536/4536 4534/4534
f 4532/4532 4531/4531 4536/4536
f 4528/4528 4527/4527 4537/4537
f 4538/4538 4555/4555 4539/4539
f 4541/4541 4544/4544 4542/4542
f 4540/4540 4539/4539 4544/4544
f 4545/4545 4554/4554 4546/4546
f 4548/4548 4553/4553 4549/4549
f 4550/4550 4549/4549 4551/4551
f 4547/4547 4546/4546 4553/4553
f 4543/4543 4542/4542 4554/4554
f 4535/4535 4534/4534 4555/4555
f 4556/4556 4573/4573 4557/4557
f 4559/4559 4564/4564 4560/4560
f 4561/4561 4560/4560 4562/4562
f 4558/4558 4557/4557 4564/4564
f 4565/4565 4570/4570 4566/4566
f 4563/4563 4562/4562 4570/4570
f 4579/4579 4577/4577 4580/4580
f 4585/4585 4579/4579 4586/4586
f 4585/4585 4587/4587 4588/4588
f 4590/4590 4589/4589 4591/4591
f 4595/4595 4599/4599 4597/4597
f 4599/4599 4590/4590 4600/4600
f 4604/4604 5019/5019 4605/4605
f 4607/4607 4610/4610 4608/4608
f 4606/4606 4605/4605 4610/4610
f 4611/4611 4618/4618 4612/4612
f 4614/4614 4617/4617 4615/4615
f 4613/4613 4612/4612 4617/4617
f 4609/4609 4608/4608 4618/4618
f 4619/4619 4636/4636 4620/4620
f 4622/4622 4625/4625 4623/4623
f 4621/4621 4620/4620 4625/4625
f 4626/4626 4635/4635 4627/4627
f 4629/4629 4634/4634 4630/4630
f 4631/4631 4630/4630 4632/4632
f 4628/4628 4627/4627 4634/4634
f 4624/4624 4623/4623 4635/4635
f 4616/4616 4615/4615 4636/4636
f 4640/4640 4643/4643 4641/4641
f 4638/4638 4654/4654 4643/4643
f 4642/4642 4641/4641 4644/4644
f 4645/4645 4644/4644 4646/4646
f 4648/4648 4653/4653 4649/4649
f 4647/4647 4646/4646 4653/4653
f 4660/4660 4658/4658 4661/4661
f 4666/4666 4660/4660 4667/4667
f 4669/4669 4666/4666 4670/4670
f 4672/4672 4684/4684 4673/4673
f 4669/4669 4671/4671 4675/4675
f 4676/4676 4683/4683 4681/4681
f 4687/4687 5020/5020 4688/4688
f 4690/4690 4693/4693 4691/4691
f 4689/4689 4688/4688 4693/4693
f 4694/4694 4701/4701 4695/4695
f 4697/4697 4700/4700 4698/4698
f 4696/4696 4695/4695 4700/4700
f 4692/4692 4691/4691 4701/4701
f 4702/4702 4719/4719 4703/4703
f 4705/4705 4708/4708 4706/4706
f 4704/4704 4703/4703 4708/4708
f 4709/4709 4718/4718 4710/4710
f 4712/4712 4717/4717 4713/4713
f 4714/4714 4713/4713 4715/4715
f 4711/4711 4710/4710 4717/4717
f 4707/4707 4706/4706 4718/4718
f 4699/4699 4698/4698 4719/4719
f 4720/4720 4736/4736 4721/4721
f 4723/4723 4728/4728 4724/4724
f 4723/4723 4725/4725 4726/4726
f 4720/4720 4722/4722 4724/4724
f 4729/4729 4734/4734 4730/4730
f 4729/4729 4727/4727 4726/4726
f 4740/4740 4756/4756 4741/4741
f 4743/4743 4748/4748 4744/4744
f 4745/4745 4744/4744 4746/4746
f 4740/4740 4742/4742 4748/4748
f 4749/4749 4754/4754 4750/4750
f 4749/4749 4747/4747 4746/4746
f 4766/4766 5021/5021 4767/4767
f 4777/4777 5022/5022 4775/4775
f 4778/4778 4787/4787 4781/4781
f 4782/4782 4781/4781 4783/4783
f 4790/4790 5023/5023 4791/4791
f 4792/4792 4791/4791 4793/4793
f 4795/4795 4804/4804 4798/4798
f 4799/4799 4798/4798 4800/4800
f 4812/4812 4814/4814 4811/4811
f 4814/4814 4812/4812 4815/4815
f 4810/4810 4827/4827 4817/4817
f 4818/4818 4816/4816 4815/4815
f 4818/4818 4819/4819 4820/4820
f 4823/4823 4821/4821 4820/4820
f 4812/4812 4829/4829 4826/4826
f 4826/4826 4830/4830 4819/4819
f 4820/4820 4819/4819 4830/4830
f 4820/4820 4831/4831 4832/4832
f 4840/4840 4842/4842 4839/4839
f 4842/4842 4840/4840 4843/4843
f 4838/4838 4855/4855 4845/4845
f 4846/4846 4844/4844 4843/4843
f 4846/4846 4847/4847 4848/4848
f 4851/4851 4849/4849 4848/4848
f 4840/4840 4857/4857 4854/4854
f 4854/4854 4858/4858 4847/4847
f 4848/4848 4847/4847 4858/4858
f 4848/4848 4859/4859 4860/4860
f 4863/4863 4896/4896 4864/4864
f 4866/4866 4869/4869 4867/4867
f 4865/4865 4864/4864 4869/4869
f 4870/4870 4879/4879 4871/4871
f 4873/4873 4878/4878 4874/4874
f 4875/4875 4874/4874 4876/4876
f 4872/4872 4871/4871 4878/4878
f 4868/4868 4867/4867 4879/4879
f 4880/4880 4893/4893 4881/4881
f 4883/4883 4886/4886 4884/4884
f 4882/4882 4881/4881 4886/4886
f 4887/4887 4892/4892 4888/4888
f 4885/4885 4884/4884 4892/4892
f 4877/4877 4876/4876 4893/4893
f 4907/4907 4916/4916 4908/4908
f 4909/4909 4908/4908 4910/4910
f 4927/4927 4935/4935 4928/4928
f 4930/4930 4927/4927 4929/4929
f 4959/4959 4962/4962 4960/4960
f 4957/4957 4973/4973 4962/4962
f 4961/4961 4960/4960 4963/4963
f 4964/4964 4963/4963 4965/4965
f 4967/4967 4972/4972 4968/4968
f 4966/4966 4965/4965 4972/4972
f 4979/4979 4982/4982 4980/4980
f 4977/4977 4989/4989 4982/4982
f 4981/4981 4980/4980 4983/4983
f 4984/4984 4983/4983 4988/4988
f 1875/1875 1840/1840 1838/1838
f 4414/4414 4418/4418 4431/4431
f 1695/1695 1686/1686 1710/1710
f 1636/1636 1718/1718 1682/1682
f 1770/1770 1742/1742 1760/1760
f 969/969 974/974 956/956
f 1000/1000 1023/1023 1002/1002
f 1132/1132 1146/1146 1157/1157
f 1205/1205 1204/1204 1201/1201
f 2670/2670 2685/2685 2630/2630
f 2592/2592 2595/2595 2559/2559
f 2522/2522 2525/2525 2517/2517
f 2394/2394 2398/2398 2391/2391
f 2456/2456 2451/2451 2464/2464
f 2497/2497 2492/2492 2498/2498
f 2778/2778 2773/2773 2780/2780
f 2716/2716 2734/2734 2749/2749
f 2891/2891 2883/2883 2889/2889
f 2855/2855 2860/2860 2997/2997
f 2989/2989 2988/2988 2981/2981
f 2244/2244 2231/2231 2252/2252
f 2279/2279 2282/2282 2304/2304
f 2285/2285 2287/2287 2205/2205
f 2238/2238 2239/2239 2148/2148
f 2142/2142 2149/2149 2161/2161
f 2184/2184 2196/2196 2207/2207
f 2124/2124 2111/2111 2132/2132
f 2178/2178 2176/2176 2165/2165
f 1838/1838 1837/1837 1839/1839
f 1839/1839 1846/1846 1838/1838
f 1846/1846 1854/1854 1838/1838
f 1854/1854 1853/1853 1858/1858
f 1853/1853 1855/1855 1858/1858
f 1858/1858 1859/1859 1854/1854
f 1859/1859 1882/1882 1877/1877
f 1877/1877 1879/1879 1859/1859
f 1879/1879 1880/1880 1874/1874
f 1859/1859 1879/1879 1875/1875
f 1874/1874 1873/1873 1879/1879
f 1873/1873 1876/1876 1875/1875
f 1875/1875 1871/1871 1870/1870
f 1870/1870 1867/1867 1863/1863
f 1863/1863 1862/1862 1864/1864
f 1864/1864 1843/1843 1840/1840
f 1840/1840 1841/1841 1842/1842
f 1842/1842 1844/1844 1845/1845
f 1845/1845 1834/1834 1838/1838
f 1834/1834 1833/1833 1838/1838
f 1833/1833 1836/1836 1838/1838
f 1875/1875 1879/1879 1873/1873
f 1875/1875 1870/1870 1840/1840
f 1870/1870 1863/1863 1864/1864
f 1840/1840 1870/1870 1864/1864
f 1840/1840 1842/1842 1845/1845
f 1838/1838 1854/1854 1875/1875
f 1854/1854 1859/1859 1875/1875
f 1840/1840 1845/1845 1838/1838
f 4409/4409 4413/4413 4406/4406
f 4413/4413 4412/4412 4406/4406
f 4412/4412 4430/4430 4402/4402
f 4430/4430 4425/4425 4402/4402
f 4412/4412 4402/4402 4406/4406
f 4425/4425 4424/4424 4403/4403
f 4424/4424 4429/4429 4403/4403
f 4425/4425 4403/4403 4402/4402
f 4429/4429 4428/4428 4403/4403
f 4428/4428 4426/4426 4405/4405
f 4405/4405 4398/4398 4399/4399
f 4428/4428 4405/4405 4399/4399
f 4410/4410 4409/4409 4411/4411
f 4411/4411 4409/4409 4406/4406
f 4433/4433 4423/4423 4414/4414
f 4423/4423 4410/4410 4411/4411
f 4431/4431 4420/4420 4414/4414
f 4420/4420 4433/4433 4414/4414
f 4422/4422 4431/4431 4421/4421
f 4416/4416 4421/4421 4418/4418
f 4423/4423 4411/4411 4414/4414
f 4428/4428 4399/4399 4403/4403
f 4421/4421 4431/4431 4418/4418
f 1686/1686 1685/1685 1687/1687
f 1687/1687 1688/1688 1686/1686
f 1688/1688 1690/1690 1686/1686
f 1690/1690 1691/1691 1700/1700
f 1700/1700 1699/1699 1690/1690
f 1699/1699 1701/1701 1690/1690
f 1701/1701 1703/1703 1709/1709
f 1703/1703 1702/1702 1709/1709
f 1702/1702 1704/1704 1709/1709
f 1709/1709 1708/1708 1713/1713
f 1708/1708 1712/1712 1713/1713
f 1713/1713 1710/1710 1709/1709
f 1710/1710 1705/1705 1707/1707
f 1707/1707 1728/1728 1729/1729
f 1729/1729 1732/1732 1707/1707
f 1732/1732 1731/1731 1726/1726
f 1731/1731 1727/1727 1726/1726
f 1726/1726 1698/1698 1697/1697
f 1697/1697 1696/1696 1726/1726
f 1696/1696 1695/1695 1726/1726
f 1695/1695 1692/1692 1694/1694
f 1692/1692 1693/1693 1694/1694
f 1694/1694 1686/1686 1695/1695
f 1710/1710 1707/1707 1726/1726
f 1726/1726 1707/1707 1732/1732
f 1686/1686 1690/1690 1710/1710
f 1690/1690 1701/1701 1710/1710
f 1701/1701 1709/1709 1710/1710
f 1726/1726 1695/1695 1710/1710
f 1682/1682 1683/1683 1677/1677
f 1677/1677 1676/1676 1678/1678
f 1678/1678 1669/1669 1668/1668
f 1668/1668 1662/1662 1678/1678
f 1662/1662 1659/1659 1678/1678
f 1659/1659 1664/1664 1639/1639
f 1639/1639 1641/1641 1642/1642
f 1642/1642 1630/1630 1636/1636
f 1630/1630 1632/1632 1633/1633
f 1636/1636 1630/1630 1633/1633
f 1636/1636 1646/1646 1652/1652
f 1646/1646 1648/1648 1652/1652
f 1648/1648 1651/1651 1652/1652
f 1652/1652 1653/1653 1655/1655
f 1655/1655 1657/1657 1718/1718
f 1718/1718 1674/1674 1675/1675
f 1675/1675 1672/1672 1673/1673
f 1673/1673 1679/1679 1680/1680
f 1680/1680 1681/1681 1682/1682
f 1682/1682 1677/1677 1678/1678
f 1659/1659 1639/1639 1636/1636
f 1639/1639 1642/1642 1636/1636
f 1652/1652 1655/1655 1636/1636
f 1655/1655 1718/1718 1636/1636
f 1718/1718 1675/1675 1682/1682
f 1675/1675 1673/1673 1682/1682
f 1673/1673 1680/1680 1682/1682
f 1682/1682 1678/1678 1636/1636
f 1678/1678 1659/1659 1636/1636
f 1780/1780 1781/1781 1777/1777
f 1777/1777 1776/1776 1783/1783
f 1783/1783 1786/1786 1774/1774
f 1774/1774 1772/1772 1783/1783
f 1772/1772 1770/1770 1783/1783
f 1770/1770 1767/1767 1764/1764
f 1767/1767 1766/1766 1764/1764
f 1766/1766 1762/1762 1764/1764
f 1764/1764 1748/1748 1742/1742
f 1748/1748 1744/1744 1742/1742
f 1744/1744 1747/1747 1742/1742
f 1742/1742 1736/1736 1739/1739
f 1739/1739 1740/1740 1750/1750
f 1750/1750 1753/1753 1758/1758
f 1758/1758 1756/1756 1760/1760
f 1760/1760 1761/1761 1667/1667
f 1667/1667 1791/1791 1760/1760
f 1791/1791 1790/1790 1760/1760
f 1790/1790 1789/1789 1788/1788
f 1788/1788 1787/1787 1780/1780
f 1780/1780 1777/1777 1770/1770
f 1777/1777 1783/1783 1770/1770
f 1742/1742 1739/1739 1760/1760
f 1739/1739 1750/1750 1760/1760
f 1750/1750 1758/1758 1760/1760
f 1790/1790 1788/1788 1760/1760
f 1788/1788 1780/1780 1760/1760
f 1770/1770 1764/1764 1742/1742
f 1780/1780 1770/1770 1760/1760
f 956/956 936/936 931/931
f 936/936 938/938 931/931
f 938/938 928/928 931/931
f 931/931 933/933 944/944
f 944/944 946/946 950/950
f 950/950 954/954 969/969
f 969/969 973/973 974/974
f 974/974 971/971 956/956
f 971/971 970/970 956/956
f 970/970 960/960 956/956
f 931/931 944/944 956/956
f 944/944 950/950 956/956
f 950/950 969/969 956/956
f 1000/1000 1016/1016 1017/1017
f 1017/1017 1013/1013 1012/1012
f 1012/1012 1015/1015 1020/1020
f 1020/1020 1022/1022 1023/1023
f 1023/1023 1019/1019 1018/1018
f 1018/1018 1010/1010 1006/1006
f 1010/1010 1011/1011 1006/1006
f 1006/1006 1005/1005 1002/1002
f 1005/1005 1007/1007 1002/1002
f 1002/1002 1001/1001 985/985
f 1001/1001 987/987 986/986
f 985/985 1001/1001 986/986
f 985/985 995/995 990/990
f 995/995 989/989 990/990
f 989/989 988/988 990/990
f 990/990 992/992 991/991
f 991/991 994/994 990/990
f 994/994 998/998 990/990
f 998/998 997/997 996/996
f 996/996 999/999 1000/1000
f 1000/1000 1017/1017 1020/1020
f 1017/1017 1012/1012 1020/1020
f 1020/1020 1023/1023 1000/1000
f 1023/1023 1018/1018 1006/1006
f 1006/1006 1002/1002 1023/1023
f 998/998 996/996 1000/1000
f 1002/1002 985/985 1000/1000
f 985/985 990/990 1000/1000
f 990/990 998/998 1000/1000
f 1132/1132 1138/1138 1139/1139
f 1139/1139 1142/1142 1148/1148
f 1142/1142 1141/1141 1143/1143
f 1148/1148 1142/1142 1143/1143
f 1148/1148 1147/1147 1146/1146
f 1146/1146 1145/1145 1154/1154
f 1145/1145 1144/1144 1154/1154
f 1144/1144 1149/1149 1154/1154
f 1149/1149 1160/1160 1154/1154
f 1154/1154 1159/1159 1157/1157
f 1159/1159 1158/1158 1157/1157
f 1157/1157 1156/1156 1155/1155
f 1155/1155 1151/1151 1157/1157
f 1151/1151 1150/1150 1137/1137
f 1157/1157 1151/1151 1137/1137
f 1150/1150 1152/1152 1137/1137
f 1137/1137 1134/1134 1125/1125
f 1125/1125 1133/1133 1135/1135
f 1135/1135 1129/1129 1128/1128
f 1128/1128 1127/1127 1130/1130
f 1130/1130 1131/1131 1128/1128
f 1131/1131 1132/1132 1128/1128
f 1132/1132 1139/1139 1146/1146
f 1146/1146 1139/1139 1148/1148
f 1154/1154 1157/1157 1146/1146
f 1137/1137 1125/1125 1157/1157
f 1125/1125 1135/1135 1128/1128
f 1125/1125 1128/1128 1157/1157
f 1128/1128 1132/1132 1157/1157
f 1204/1204 1173/1173 1177/1177
f 1177/1177 1176/1176 1204/1204
f 1176/1176 1169/1169 1204/1204
f 1169/1169 1167/1167 1188/1188
f 1188/1188 1181/1181 1183/1183
f 1183/1183 1185/1185 1189/1189
f 1189/1189 1191/1191 1196/1196
f 1196/1196 1194/1194 1201/1201
f 1194/1194 1199/1199 1201/1201
f 1199/1199 1198/1198 1201/1201
f 1201/1201 1212/1212 1216/1216
f 1216/1216 1218/1218 1201/1201
f 1218/1218 1222/1222 1201/1201
f 1222/1222 1219/1219 1220/1220
f 1220/1220 1221/1221 1208/1208
f 1208/1208 1209/1209 1210/1210
f 1210/1210 1211/1211 1205/1205
f 1205/1205 1206/1206 1204/1204
f 1206/1206 1207/1207 1204/1204
f 1207/1207 1203/1203 1204/1204
f 1169/1169 1188/1188 1183/1183
f 1183/1183 1189/1189 1201/1201
f 1189/1189 1196/1196 1201/1201
f 1222/1222 1220/1220 1201/1201
f 1220/1220 1208/1208 1201/1201
f 1208/1208 1210/1210 1205/1205
f 1204/1204 1169/1169 1201/1201
f 1169/1169 1183/1183 1201/1201
f 1208/1208 1205/1205 1201/1201
f 2611/2611 2609/2609 2662/2662
f 2609/2609 2613/2613 2662/2662
f 2613/2613 2659/2659 2662/2662
f 2662/2662 2666/2666 2670/2670
f 2666/2666 2665/2665 2670/2670
f 2665/2665 2667/2667 2670/2670
f 2670/2670 2672/2672 2675/2675
f 2675/2675 2689/2689 2670/2670
f 2689/2689 2688/2688 2670/2670
f 2688/2688 2691/2691 2695/2695
f 2695/2695 2693/2693 2688/2688
f 2693/2693 2685/2685 2688/2688
f 2685/2685 2684/2684 2680/2680
f 2680/2680 2679/2679 2685/2685
f 2679/2679 2682/2682 2685/2685
f 2682/2682 2676/2676 2624/2624
f 2624/2624 2627/2627 2630/2630
f 2630/2630 2629/2629 2605/2605
f 2605/2605 2661/2661 2607/2607
f 2607/2607 2616/2616 2658/2658
f 2658/2658 2657/2657 2611/2611
f 2682/2682 2624/2624 2685/2685
f 2624/2624 2630/2630 2685/2685
f 2630/2630 2605/2605 2607/2607
f 2607/2607 2658/2658 2630/2630
f 2658/2658 2611/2611 2630/2630
f 2611/2611 2662/2662 2670/2670
f 2670/2670 2688/2688 2685/2685
f 2611/2611 2670/2670 2630/2630
f 2559/2559 2537/2537 2536/2536
f 2536/2536 2564/2564 2567/2567
f 2567/2567 2569/2569 2571/2571
f 2571/2571 2573/2573 2575/2575
f 2575/2575 2577/2577 2584/2584
f 2577/2577 2580/2580 2584/2584
f 2580/2580 2582/2582 2584/2584
f 2584/2584 2585/2585 2602/2602
f 2602/2602 2593/2593 2584/2584
f 2593/2593 2592/2592 2584/2584
f 2592/2592 2590/2590 2589/2589
f 2589/2589 2597/2597 2598/2598
f 2598/2598 2599/2599 2600/2600
f 2600/2600 2594/2594 2595/2595
f 2595/2595 2596/2596 2552/2552
f 2596/2596 2562/2562 2552/2552
f 2562/2562 2553/2553 2552/2552
f 2552/2552 2561/2561 2555/2555
f 2555/2555 2560/2560 2552/2552
f 2560/2560 2559/2559 2552/2552
f 2559/2559 2536/2536 2567/2567
f 2567/2567 2571/2571 2559/2559
f 2571/2571 2575/2575 2559/2559
f 2592/2592 2589/2589 2595/2595
f 2589/2589 2598/2598 2595/2595
f 2598/2598 2600/2600 2595/2595
f 2575/2575 2584/2584 2559/2559
f 2584/2584 2592/2592 2559/2559
f 2595/2595 2552/2552 2559/2559
f 2522/2522 2529/2529 2531/2531
f 2529/2529 2532/2532 2531/2531
f 2531/2531 2533/2533 2534/2534
f 2522/2522 2531/2531 2524/2524
f 2534/2534 2526/2526 2531/2531
f 2526/2526 2528/2528 2524/2524
f 2524/2524 2523/2523 2525/2525
f 2525/2525 2486/2486 2518/2518
f 2518/2518 2517/2517 2525/2525
f 2517/2517 2520/2520 2521/2521
f 2522/2522 2517/2517 2521/2521
f 2524/2524 2531/2531 2526/2526
f 2524/2524 2525/2525 2522/2522
f 2415/2415 2417/2417 2399/2399
f 2417/2417 2418/2418 2399/2399
f 2418/2418 2412/2412 2411/2411
f 2411/2411 2413/2413 2391/2391
f 2413/2413 2396/2396 2391/2391
f 2396/2396 2395/2395 2391/2391
f 2391/2391 2390/2390 2393/2393
f 2393/2393 2392/2392 2391/2391
f 2392/2392 2394/2394 2391/2391
f 2394/2394 2397/2397 2398/2398
f 2398/2398 2399/2399 2391/2391
f 2391/2391 2399/2399 2411/2411
f 2418/2418 2411/2411 2399/2399
f 2451/2451 2453/2453 2454/2454
f 2454/2454 2459/2459 2451/2451
f 2459/2459 2464/2464 2451/2451
f 2464/2464 2460/2460 2467/2467
f 2460/2460 2462/2462 2465/2465
f 2462/2462 2463/2463 2465/2465
f 2463/2463 2473/2473 2466/2466
f 2465/2465 2463/2463 2466/2466
f 2473/2473 2472/2472 2476/2476
f 2472/2472 2474/2474 2476/2476
f 2476/2476 2477/2477 2473/2473
f 2477/2477 2470/2470 2469/2469
f 2469/2469 2466/2466 2473/2473
f 2465/2465 2467/2467 2460/2460
f 2467/2467 2456/2456 2464/2464
f 2456/2456 2458/2458 2451/2451
f 2477/2477 2469/2469 2473/2473
f 2497/2497 2500/2500 2494/2494
f 2494/2494 2490/2490 2497/2497
f 2490/2490 2492/2492 2497/2497
f 2492/2492 2506/2506 2504/2504
f 2506/2506 2507/2507 2504/2504
f 2507/2507 2509/2509 2508/2508
f 2508/2508 2510/2510 2515/2515
f 2515/2515 2514/2514 2508/2508
f 2514/2514 2511/2511 2508/2508
f 2511/2511 2513/2513 2505/2505
f 2504/2504 2502/2502 2492/2492
f 2502/2502 2501/2501 2492/2492
f 2511/2511 2505/2505 2508/2508
f 2505/2505 2504/2504 2507/2507
f 2508/2508 2505/2505 2507/2507
f 2498/2498 2495/2495 2497/2497
f 2501/2501 2498/2498 2492/2492
f 2778/2778 2769/2769 2759/2759
f 2769/2769 2765/2765 2759/2759
f 2765/2765 2763/2763 2759/2759
f 2759/2759 2758/2758 2760/2760
f 2760/2760 2762/2762 2771/2771
f 2771/2771 2770/2770 2773/2773
f 2773/2773 2772/2772 2779/2779
f 2779/2779 2780/2780 2773/2773
f 2780/2780 2777/2777 2776/2776
f 2778/2778 2780/2780 2776/2776
f 2759/2759 2760/2760 2778/2778
f 2760/2760 2771/2771 2778/2778
f 2771/2771 2773/2773 2778/2778
f 2746/2746 2745/2745 2740/2740
f 2740/2740 2739/2739 2735/2735
f 2735/2735 2738/2738 2716/2716
f 2738/2738 2720/2720 2716/2716
f 2720/2720 2711/2711 2716/2716
f 2716/2716 2714/2714 2718/2718
f 2718/2718 2722/2722 2728/2728
f 2728/2728 2726/2726 2729/2729
f 2729/2729 2732/2732 2728/2728
f 2732/2732 2734/2734 2728/2728
f 2734/2734 2781/2781 2783/2783
f 2781/2781 2786/2786 2783/2783
f 2786/2786 2788/2788 2783/2783
f 2783/2783 2790/2790 2749/2749
f 2790/2790 2747/2747 2749/2749
f 2747/2747 2748/2748 2749/2749
f 2749/2749 2753/2753 2755/2755
f 2753/2753 2754/2754 2755/2755
f 2755/2755 2756/2756 2749/2749
f 2756/2756 2750/2750 2751/2751
f 2751/2751 2752/2752 2756/2756
f 2752/2752 2746/2746 2756/2756
f 2746/2746 2740/2740 2716/2716
f 2740/2740 2735/2735 2716/2716
f 2716/2716 2718/2718 2728/2728
f 2716/2716 2728/2728 2734/2734
f 2734/2734 2783/2783 2749/2749
f 2749/2749 2756/2756 2746/2746
f 2746/2746 2716/2716 2749/2749
f 2889/2889 2892/2892 2893/2893
f 2893/2893 2919/2919 2889/2889
f 2919/2919 2909/2909 2889/2889
f 2909/2909 2911/2911 2912/2912
f 2912/2912 2918/2918 2895/2895
f 2918/2918 2908/2908 2895/2895
f 2895/2895 2891/2891 2889/2889
f 2891/2891 2890/2890 2883/2883
f 2883/2883 2885/2885 2889/2889
f 2885/2885 2886/2886 2889/2889
f 2886/2886 2887/2887 2889/2889
f 2909/2909 2912/2912 2895/2895
f 2895/2895 2889/2889 2909/2909
f 2994/2994 2993/2993 3000/3000
f 2993/2993 2979/2979 3008/3008
f 2979/2979 3002/3002 3001/3001
f 3001/3001 3003/3003 3008/3008
f 3003/3003 3006/3006 3008/3008
f 3006/3006 3009/3009 3008/3008
f 3008/3008 3000/3000 2993/2993
f 3000/3000 2999/2999 2994/2994
f 2999/2999 2998/2998 2994/2994
f 2998/2998 2997/2997 2992/2992
f 2994/2994 2998/2998 2992/2992
f 2997/2997 2996/2996 2859/2859
f 2859/2859 2857/2857 2855/2855
f 2855/2855 2858/2858 2860/2860
f 2860/2860 2992/2992 2997/2997
f 2979/2979 3001/3001 3008/3008
f 2997/2997 2859/2859 2855/2855
f 2985/2985 3033/3033 3038/3038
f 3033/3033 3035/3035 3038/3038
f 3035/3035 3034/3034 3050/3050
f 3034/3034 3036/3036 3050/3050
f 3036/3036 3043/3043 3050/3050
f 3050/3050 3042/3042 3041/3041
f 3041/3041 3038/3038 3035/3035
f 3038/3038 3037/3037 2985/2985
f 3037/3037 3039/3039 2984/2984
f 3039/3039 2989/2989 2981/2981
f 2989/2989 2990/2990 2988/2988
f 2988/2988 2987/2987 2981/2981
f 2987/2987 2978/2978 2980/2980
f 2981/2981 2987/2987 2980/2980
f 2981/2981 2983/2983 3039/3039
f 2983/2983 2984/2984 3039/3039
f 2984/2984 2985/2985 3037/3037
f 3050/3050 3041/3041 3035/3035
f 2252/2252 2261/2261 2266/2266
f 2266/2266 2263/2263 2262/2262
f 2262/2262 2265/2265 2264/2264
f 2264/2264 2243/2243 2262/2262
f 2243/2243 2244/2244 2262/2262
f 2244/2244 2241/2241 2242/2242
f 2242/2242 2235/2235 2231/2231
f 2231/2231 2232/2232 2252/2252
f 2232/2232 2249/2249 2252/2252
f 2249/2249 2251/2251 2252/2252
f 2252/2252 2266/2266 2262/2262
f 2244/2244 2242/2242 2231/2231
f 2252/2252 2262/2262 2244/2244
f 2282/2282 2294/2294 2293/2293
f 2293/2293 2296/2296 2282/2282
f 2296/2296 2295/2295 2300/2300
f 2282/2282 2296/2296 2304/2304
f 2300/2300 2299/2299 2305/2305
f 2305/2305 2304/2304 2296/2296
f 2304/2304 2303/2303 2309/2309
f 2309/2309 2292/2292 2279/2279
f 2292/2292 2284/2284 2279/2279
f 2279/2279 2278/2278 2280/2280
f 2282/2282 2279/2279 2280/2280
f 2300/2300 2305/2305 2296/2296
f 2304/2304 2309/2309 2279/2279
f 2287/2287 2290/2290 2289/2289
f 2289/2289 2218/2218 2206/2206
f 2206/2206 2203/2203 2289/2289
f 2203/2203 2202/2202 2205/2205
f 2202/2202 2204/2204 2205/2205
f 2205/2205 2269/2269 2270/2270
f 2270/2270 2271/2271 2272/2272
f 2272/2272 2283/2283 2285/2285
f 2285/2285 2286/2286 2287/2287
f 2287/2287 2289/2289 2205/2205
f 2205/2205 2289/2289 2203/2203
f 2205/2205 2270/2270 2272/2272
f 2272/2272 2285/2285 2205/2205
f 2238/2238 2237/2237 2239/2239
f 2237/2237 2236/2236 2240/2240
f 2239/2239 2237/2237 2240/2240
f 2239/2239 2163/2163 2148/2148
f 2163/2163 2160/2160 2148/2148
f 2160/2160 2153/2153 2148/2148
f 2148/2148 2151/2151 2152/2152
f 2152/2152 2222/2222 2221/2221
f 2221/2221 2220/2220 2224/2224
f 2224/2224 2225/2225 2221/2221
f 2225/2225 2238/2238 2148/2148
f 2221/2221 2225/2225 2148/2148
f 2148/2148 2152/2152 2221/2221
f 2161/2161 2158/2158 2157/2157
f 2157/2157 2121/2121 2155/2155
f 2155/2155 2156/2156 2154/2154
f 2154/2154 2141/2141 2142/2142
f 2142/2142 2139/2139 2145/2145
f 2145/2145 2144/2144 2149/2149
f 2149/2149 2150/2150 2159/2159
f 2159/2159 2162/2162 2161/2161
f 2161/2161 2157/2157 2155/2155
f 2155/2155 2154/2154 2142/2142
f 2142/2142 2145/2145 2149/2149
f 2149/2149 2159/2159 2161/2161
f 2161/2161 2155/2155 2142/2142
f 2207/2207 2192/2192 2191/2191
f 2191/2191 2190/2190 2187/2187
f 2187/2187 2186/2186 2189/2189
f 2189/2189 2188/2188 2184/2184
f 2184/2184 2193/2193 2196/2196
f 2193/2193 2194/2194 2196/2196
f 2194/2194 2195/2195 2196/2196
f 2196/2196 2197/2197 2198/2198
f 2198/2198 2209/2209 2207/2207
f 2207/2207 2191/2191 2187/2187
f 2187/2187 2189/2189 2207/2207
f 2189/2189 2184/2184 2207/2207
f 2196/2196 2198/2198 2207/2207
f 2130/2130 2125/2125 2122/2122
f 2122/2122 2123/2123 2124/2124
f 2124/2124 2113/2113 2107/2107
f 2107/2107 2110/2110 2124/2124
f 2110/2110 2111/2111 2124/2124
f 2111/2111 2119/2119 2131/2131
f 2131/2131 2133/2133 2132/2132
f 2132/2132 2134/2134 2128/2128
f 2128/2128 2127/2127 2130/2130
f 2130/2130 2122/2122 2124/2124
f 2111/2111 2131/2131 2132/2132
f 2132/2132 2128/2128 2130/2130
f 2130/2130 2124/2124 2132/2132
f 2176/2176 2179/2179 2180/2180
f 2180/2180 2169/2169 2168/2168
f 2168/2168 2167/2167 2166/2166
f 2166/2166 2164/2164 2165/2165
f 2165/2165 2129/2129 2173/2173
f 2129/2129 2171/2171 2173/2173
f 2171/2171 2174/2174 2173/2173
f 2173/2173 2172/2172 2178/2178
f 2178/2178 2177/2177 2176/2176
f 2176/2176 2180/2180 2168/2168
f 2168/2168 2166/2166 2176/2176
f 2166/2166 2165/2165 2176/2176
f 2173/2173 2178/2178 2165/2165
f 1924/1924 1919/1919 1893/1893
f 1893/1893 1896/1896 1904/1904
f 1904/1904 1908/1908 1911/1911
f 1911/1911 1915/1915 1927/1927
f 1927/1927 1929/1929 1924/1924
f 1924/1924 1923/1923 1919/1919
f 1923/1923 1851/1851 1860/1860
f 1919/1919 1923/1923 1860/1860
f 1919/1919 1899/1899 1901/1901
f 1901/1901 1890/1890 1919/1919
f 1890/1890 1893/1893 1919/1919
f 1893/1893 1904/1904 1911/1911
f 1911/1911 1927/1927 1893/1893
f 1927/1927 1924/1924 1893/1893
f 5024/5024 5025/5025 5026/5026
f 5027/5027 5028/5028 5029/5029
f 5030/5030 5031/5031 5032/5032
f 5033/5033 5034/5034 5035/5035
f 5036/5036 5037/5037 5038/5038
f 5039/5039 5040/5040 5041/5041
f 5042/5042 5043/5043 5044/5044
f 5045/5045 5046/5046 5047/5047
f 5048/5048 5049/5049 5050/5050
f 5051/5051 5052/5052 5053/5053
f 5054/5054 5055/5055 5056/5056
f 5057/5057 5058/5058 5059/5059
f 5060/5060 5061/5061 5062/5062
f 5063/5063 5064/5064 5065/5065
f 5066/5066 5067/5067 5068/5068
f 5069/5069 5070/5070 5071/5071
f 5072/5072 5073/5073 5074/5074
f 5075/5075 5076/5076 5077/5077
f 5078/5078 5079/5079 5080/5080
f 5081/5081 5082/5082 5083/5083
f 5084/5084 5085/5085 5086/5086
f 5087/5087 5088/5088 5089/5089
f 5090/5090 5091/5091 5092/5092
f 5093/5093 5094/5094 5095/5095
f 5096/5096 5097/5097 5098/5098
f 5099/5099 5100/5100 5101/5101
f 5102/5102 5103/5103 5104/5104
f 5105/5105 5106/5106 5107/5107
f 5108/5108 5109/5109 5110/5110
f 5111/5111 5112/5112 5113/5113
f 5114/5114 5115/5115 5116/5116
f 5117/5117 5118/5118 5119/5119
f 5120/5120 5121/5121 5122/5122
f 5123/5123 5124/5124 5125/5125
f 5126/5126 5127/5127 5128/5128
f 5026/5026 5129/5129 5130/5130
f 5130/5130 5131/5131 5026/5026
f 5131/5131 5132/5132 5026/5026
f 5132/5132 5133/5133 5026/5026
f 5133/5133 5134/5134 5135/5135
f 5134/5134 5136/5136 5135/5135
f 5135/5135 5137/5137 5138/5138
f 5137/5137 5139/5139 5140/5140
f 5140/5140 5141/5141 5142/5142
f 5142/5142 5138/5138 5140/5140
f 5138/5138 5143/5143 5024/5024
f 5024/5024 5144/5144 5025/5025
f 5144/5144 5145/5145 5146/5146
f 5025/5025 5144/5144 5146/5146
f 5146/5146 5147/5147 5148/5148
f 5025/5025 5146/5146 5149/5149
f 5148/5148 5150/5150 5149/5149
f 5025/5025 5151/5151 5152/5152
f 5152/5152 5153/5153 5154/5154
f 5154/5154 5155/5155 5026/5026
f 5155/5155 5156/5156 5157/5157
f 5026/5026 5155/5155 5157/5157
f 5133/5133 5135/5135 5026/5026
f 5137/5137 5140/5140 5138/5138
f 5138/5138 5024/5024 5135/5135
f 5148/5148 5149/5149 5146/5146
f 5025/5025 5152/5152 5026/5026
f 5152/5152 5154/5154 5026/5026
f 5026/5026 5135/5135 5024/5024
f 5158/5158 5159/5159 5160/5160
f 5160/5160 5161/5161 5162/5162
f 5161/5161 5163/5163 5162/5162
f 5162/5162 5164/5164 5160/5160
f 5164/5164 5165/5165 5027/5027
f 5027/5027 5166/5166 5167/5167
f 5167/5167 5168/5168 5028/5028
f 5168/5168 5169/5169 5170/5170
f 5028/5028 5168/5168 5171/5171
f 5170/5170 5172/5172 5171/5171
f 5028/5028 5173/5173 5174/5174
f 5173/5173 5175/5175 5176/5176
f 5174/5174 5173/5173 5176/5176
f 5174/5174 5177/5177 5178/5178
f 5177/5177 5179/5179 5178/5178
f 5178/5178 5029/5029 5174/5174
f 5029/5029 5180/5180 5181/5181
f 5180/5180 5182/5182 5181/5181
f 5182/5182 5183/5183 5184/5184
f 5184/5184 5181/5181 5182/5182
f 5181/5181 5185/5185 5029/5029
f 5185/5185 5186/5186 5158/5158
f 5158/5158 5160/5160 5027/5027
f 5027/5027 5160/5160 5164/5164
f 5027/5027 5167/5167 5028/5028
f 5170/5170 5171/5171 5168/5168
f 5185/5185 5158/5158 5029/5029
f 5028/5028 5174/5174 5029/5029
f 5158/5158 5027/5027 5029/5029
f 5032/5032 5187/5187 5188/5188
f 5188/5188 5189/5189 5032/5032
f 5189/5189 5190/5190 5032/5032
f 5190/5190 5191/5191 5032/5032
f 5191/5191 5192/5192 5193/5193
f 5192/5192 5194/5194 5193/5193
f 5193/5193 5195/5195 5196/5196
f 5195/5195 5197/5197 5198/5198
f 5198/5198 5199/5199 5200/5200
f 5200/5200 5196/5196 5198/5198
f 5196/5196 5201/5201 5030/5030
f 5030/5030 5202/5202 5031/5031
f 5202/5202 5203/5203 5204/5204
f 5031/5031 5202/5202 5204/5204
f 5204/5204 5205/5205 5206/5206
f 5031/5031 5204/5204 5207/5207
f 5206/5206 5208/5208 5207/5207
f 5031/5031 5209/5209 5210/5210
f 5210/5210 5211/5211 5212/5212
f 5212/5212 5213/5213 5032/5032
f 5213/5213 5214/5214 5215/5215
f 5032/5032 5213/5213 5215/5215
f 5191/5191 5193/5193 5032/5032
f 5195/5195 5198/5198 5196/5196
f 5196/5196 5030/5030 5193/5193
f 5206/5206 5207/5207 5204/5204
f 5031/5031 5210/5210 5032/5032
f 5210/5210 5212/5212 5032/5032
f 5032/5032 5193/5193 5030/5030
f 5033/5033 5216/5216 5034/5034
f 5036/5036 5217/5217 5037/5037
f 5039/5039 5218/5218 5040/5040
f 5042/5042 5219/5219 5043/5043
f 5045/5045 5220/5220 5046/5046
f 5048/5048 5221/5221 5049/5049
f 5051/5051 5222/5222 5052/5052
f 5054/5054 5223/5223 5055/5055
f 5057/5057 5224/5224 5058/5058
f 5060/5060 5225/5225 5061/5061
f 5063/5063 5226/5226 5064/5064
f 5066/5066 5227/5227 5067/5067
f 5069/5069 5228/5228 5070/5070
f 5072/5072 5229/5229 5073/5073
f 5075/5075 5230/5230 5076/5076
f 5078/5078 5231/5231 5079/5079
f 5081/5081 5232/5232 5082/5082
f 5084/5084 5233/5233 5085/5085
f 5087/5087 5234/5234 5088/5088
f 5090/5090 5235/5235 5091/5091
f 5093/5093 5236/5236 5094/5094
f 5096/5096 5237/5237 5097/5097
f 5099/5099 5238/5238 5100/5100
f 5102/5102 5239/5239 5103/5103
f 5105/5105 5240/5240 5106/5106
f 5108/5108 5241/5241 5109/5109
f 5111/5111 5242/5242 5112/5112
f 5114/5114 5243/5243 5115/5115
f 5117/5117 5244/5244 5118/5118
f 5120/5120 5245/5245 5121/5121
f 5123/5123 5246/5246 5124/5124
f 5126/5126 5247/5247 5127/5127
f 5248/5248 5249/5249 5250/5250
f 5251/5251 5252/5252 5253/5253
f 5254/5254 5255/5255 5256/5256
f 5257/5257 5258/5258 5259/5259
f 5260/5260 5261/5261 5262/5262
f 5263/5263 5264/5264 5265/5265
f 5266/5266 5267/5267 5268/5268
f 5269/5269 5270/5270 5271/5271
f 5272/5272 5273/5273 5274/5274
f 5275/5275 5276/5276 5277/5277
f 5278/5278 5279/5279 5280/5280
f 5281/5281 5282/5282 5283/5283
f 5284/5284 5285/5285 5286/5286
f 5287/5287 5288/5288 5289/5289
f 5290/5290 5291/5291 5292/5292
f 5293/5293 5294/5294 5295/5295
f 5296/5296 5297/5297 5298/5298
f 5299/5299 5300/5300 5301/5301
f 5302/5302 5303/5303 5304/5304
f 5305/5305 5306/5306 5307/5307
f 5308/5308 5309/5309 5310/5310
f 5311/5311 5312/5312 5313/5313
f 5314/5314 5315/5315 5316/5316
f 5317/5317 5318/5318 5319/5319
f 5320/5320 5321/5321 5322/5322
f 5323/5323 5324/5324 5325/5325
f 5326/5326 5327/5327 5328/5328
f 5329/5329 5330/5330 5331/5331
f 5332/5332 5333/5333 5334/5334
f 5335/5335 5336/5336 5337/5337
f 5338/5338 5339/5339 5340/5340
f 5341/5341 5342/5342 5343/5343
f 5344/5344 5345/5345 5346/5346
f 5347/5347 5348/5348 5349/5349
f 5350/5350 5351/5351 5352/5352
f 5250/5250 5353/5353 5354/5354
f 5354/5354 5355/5355 5250/5250
f 5355/5355 5356/5356 5250/5250
f 5356/5356 5357/5357 5250/5250
f 5357/5357 5358/5358 5359/5359
f 5358/5358 5360/5360 5359/5359
f 5359/5359 5361/5361 5362/5362
f 5361/5361 5363/5363 5364/5364
f 5364/5364 5365/5365 5366/5366
f 5366/5366 5362/5362 5364/5364
f 5362/5362 5367/5367 5248/5248
f 5248/5248 5368/5368 5249/5249
f 5368/5368 5369/5369 5370/5370
f 5249/5249 5368/5368 5370/5370
f 5370/5370 5371/5371 5372/5372
f 5249/5249 5370/5370 5373/5373
f 5372/5372 5374/5374 5373/5373
f 5249/5249 5375/5375 5376/5376
f 5376/5376 5377/5377 5378/5378
f 5378/5378 5379/5379 5250/5250
f 5379/5379 5380/5380 5381/5381
f 5250/5250 5379/5379 5381/5381
f 5357/5357 5359/5359 5250/5250
f 5361/5361 5364/5364 5362/5362
f 5362/5362 5248/5248 5359/5359
f 5372/5372 5373/5373 5370/5370
f 5249/5249 5376/5376 5250/5250
f 5376/5376 5378/5378 5250/5250
f 5250/5250 5359/5359 5248/5248
f 5382/5382 5383/5383 5384/5384
f 5384/5384 5385/5385 5386/5386
f 5385/5385 5387/5387 5386/5386
f 5386/5386 5388/5388 5384/5384
f 5388/5388 5389/5389 5251/5251
f 5251/5251 5390/5390 5391/5391
f 5391/5391 5392/5392 5252/5252
f 5392/5392 5393/5393 5394/5394
f 5252/5252 5392/5392 5395/5395
f 5394/5394 5396/5396 5395/5395
f 5252/5252 5397/5397 5398/5398
f 5397/5397 5399/5399 5400/5400
f 5398/5398 5397/5397 5400/5400
f 5398/5398 5401/5401 5402/5402
f 5401/5401 5403/5403 5402/5402
f 5402/5402 5253/5253 5398/5398
f 5253/5253 5404/5404 5405/5405
f 5404/5404 5406/5406 5405/5405
f 5406/5406 5407/5407 5408/5408
f 5408/5408 5405/5405 5406/5406
f 5405/5405 5409/5409 5253/5253
f 5409/5409 5410/5410 5382/5382
f 5382/5382 5384/5384 5251/5251
f 5251/5251 5384/5384 5388/5388
f 5251/5251 5391/5391 5252/5252
f 5394/5394 5395/5395 5392/5392
f 5409/5409 5382/5382 5253/5253
f 5252/5252 5398/5398 5253/5253
f 5382/5382 5251/5251 5253/5253
f 5256/5256 5411/5411 5412/5412
f 5412/5412 5413/5413 5256/5256
f 5413/5413 5414/5414 5256/5256
f 5414/5414 5415/5415 5256/5256
f 5415/5415 5416/5416 5417/5417
f 5416/5416 5418/5418 5417/5417
f 5417/5417 5419/5419 5420/5420
f 5419/5419 5421/5421 5422/5422
f 5422/5422 5423/5423 5424/5424
f 5424/5424 5420/5420 5422/5422
f 5420/5420 5425/5425 5254/5254
f 5254/5254 5426/5426 5255/5255
f 5426/5426 5427/5427 5428/5428
f 5255/5255 5426/5426 5428/5428
f 5428/5428 5429/5429 5430/5430
f 5255/5255 5428/5428 5431/5431
f 5430/5430 5432/5432 5431/5431
f 5255/5255 5433/5433 5434/5434
f 5434/5434 5435/5435 5436/5436
f 5436/5436 5437/5437 5256/5256
f 5437/5437 5438/5438 5439/5439
f 5256/5256 5437/5437 5439/5439
f 5415/5415 5417/5417 5256/5256
f 5419/5419 5422/5422 5420/5420
f 5420/5420 5254/5254 5417/5417
f 5430/5430 5431/5431 5428/5428
f 5255/5255 5434/5434 5256/5256
f 5434/5434 5436/5436 5256/5256
f 5256/5256 5417/5417 5254/5254
f 5257/5257 5440/5440 5258/5258
f 5260/5260 5441/5441 5261/5261
f 5263/5263 5442/5442 5264/5264
f 5266/5266 5443/5443 5267/5267
f 5269/5269 5444/5444 5270/5270
f 5272/5272 5445/5445 5273/5273
f 5275/5275 5446/5446 5276/5276
f 5278/5278 5447/5447 5279/5279
f 5281/5281 5448/5448 5282/5282
f 5284/5284 5449/5449 5285/5285
f 5287/5287 5450/5450 5288/5288
f 5290/5290 5451/5451 5291/5291
f 5293/5293 5452/5452 5294/5294
f 5296/5296 5453/5453 5297/5297
f 5299/5299 5454/5454 5300/5300
f 5302/5302 5455/5455 5303/5303
f 5305/5305 5456/5456 5306/5306
f 5308/5308 5457/5457 5309/5309
f 5311/5311 5458/5458 5312/5312
f 5314/5314 5459/5459 5315/5315
f 5317/5317 5460/5460 5318/5318
f 5320/5320 5461/5461 5321/5321
f 5323/5323 5462/5462 5324/5324
f 5326/5326 5463/5463 5327/5327
f 5329/5329 5464/5464 5330/5330
f 5332/5332 5465/5465 5333/5333
f 5335/5335 5466/5466 5336/5336
f 5338/5338 5467/5467 5339/5339
f 5341/5341 5468/5468 5342/5342
f 5344/5344 5469/5469 5345/5345
f 5347/5347 5470/5470 5348/5348
f 5350/5350 5471/5471 5351/5351

