# https://github.com/mikedh/trimesh
mtllib material.mtl
usemtl material_0
v 0.00244350 0.01790147 0.00416609
v 0.00322675 0.01990145 0.00359670
v 0.00322675 0.01790147 0.00359670
v 0.00390995 0.01790147 0.00285472
v 0.00443947 0.01990145 0.00197126
v 0.00443947 0.01790147 0.00197126
v 0.00390995 0.01990145 0.00285472
v 0.00477674 0.01790147 0.00099802
v 0.00490686 0.01990145 -0.00000215
v 0.00490686 0.01790147 -0.00000215
v 0.00484043 0.01790147 -0.00096822
v 0.00460809 0.01990145 -0.00185181
v 0.00460809 0.01790147 -0.00185181
v 0.00421885 0.01990145 -0.00267837
v 0.00421885 0.01790147 -0.00267837
v 0.00484043 0.01990145 -0.00096822
v 0.00477674 0.01990145 0.00099802
v 0.00364945 0.01790147 -0.00346163
v 0.00290747 0.01990145 -0.00414482
v 0.00290747 0.01790147 -0.00414482
v 0.00202400 0.01790147 -0.00467435
v 0.00105077 0.01990145 -0.00501162
v 0.00105077 0.01790147 -0.00501162
v 0.00202400 0.01990145 -0.00467435
v 0.00005059 0.01790147 -0.00514174
v -0.00091548 0.01990145 -0.00507531
v -0.00091548 0.01790147 -0.00507531
v -0.00179907 0.01790147 -0.00484297
v -0.00179907 0.01890146 -0.00484297
v 0.00005059 0.01990145 -0.00514174
v 0.00364945 0.01990145 -0.00346163
v 0.00161694 0.01890146 0.00455534
v 0.00161694 0.01790147 0.00455534
v 0.00244350 0.01990145 0.00416609
v 0.00161694 0.01990145 0.00455534
v -0.00179907 0.01990145 -0.00484297
v -0.00194279 0.01790147 -0.00750120
v -0.00143345 0.01990145 -0.00818388
v -0.00143345 0.01790147 -0.00818388
v -0.00123714 0.01990145 -0.00901272
v -0.00123714 0.01790147 -0.00901272
v -0.00136262 0.01990145 -0.00978958
v -0.00136262 0.01790147 -0.00978958
v -0.00176526 0.01990145 -0.01046570
v -0.00176526 0.01790147 -0.01046570
v -0.00244795 0.01990145 -0.01097504
v -0.00244795 0.01790147 -0.01097504
v -0.00327678 0.01990145 -0.01117135
v -0.00327678 0.01790147 -0.01117135
v -0.00405363 0.01890146 -0.01104587
v -0.00405363 0.01790147 -0.01104587
v -0.00405363 0.01990145 -0.01104587
v -0.00194279 0.01990145 -0.00750120
v -0.00261891 0.01890146 -0.00709857
v -0.00261891 0.01990145 -0.00709857
v -0.00261891 0.01790147 -0.00709857
v 0.01023082 0.01990145 -0.00181800
v 0.01023082 0.01790147 -0.00181800
v 0.00955470 0.01890146 -0.00141536
v 0.00955470 0.01790147 -0.00141536
v 0.00955470 0.01990145 -0.00141536
v 0.01074016 0.01990145 -0.00250069
v 0.01074016 0.01790147 -0.00250069
v 0.01093646 0.01990145 -0.00332953
v 0.01093646 0.01790147 -0.00332953
v 0.01081098 0.01990145 -0.00410637
v 0.01081098 0.01790147 -0.00410637
v 0.01040835 0.01990145 -0.00478249
v 0.01040835 0.01790147 -0.00478249
v 0.00972566 0.01990145 -0.00529185
v 0.00972566 0.01790147 -0.00529185
v 0.00889682 0.01990145 -0.00548815
v 0.00889682 0.01790147 -0.00548815
v 0.00811998 0.01890146 -0.00536266
v 0.00811998 0.01990145 -0.00536266
v 0.00811998 0.01790147 -0.00536266
v 0.00454761 0.01990145 0.01035560
v 0.00454761 0.01790147 0.01035560
v 0.00387149 0.01890146 0.01075823
v 0.00387149 0.01790147 0.01075823
v 0.00387149 0.01990145 0.01075823
v 0.00505696 0.01990145 0.00967292
v 0.00505696 0.01790147 0.00967292
v 0.00525326 0.01990145 0.00884409
v 0.00525326 0.01790147 0.00884409
v 0.00512778 0.01990145 0.00806723
v 0.00512778 0.01790147 0.00806723
v 0.00472515 0.01990145 0.00739110
v 0.00472515 0.01790147 0.00739110
v 0.00404246 0.01990145 0.00688176
v 0.00404246 0.01790147 0.00688176
v 0.00321363 0.01990145 0.00668546
v 0.00321363 0.01790147 0.00668546
v 0.00243677 0.01890146 0.00681094
v 0.00243677 0.01990145 0.00681094
v 0.00243677 0.01790147 0.00681094
v -0.00711664 0.01790147 0.00398972
v -0.00762598 0.01790147 0.00467241
v -0.00711664 0.01990145 0.00398972
v -0.00692034 0.01990145 0.00316089
v -0.00692034 0.01790147 0.00316089
v -0.00704582 0.01990145 0.00238403
v -0.00704582 0.01790147 0.00238403
v -0.00744845 0.01990145 0.00170791
v -0.00744845 0.01790147 0.00170791
v -0.00813114 0.01990145 0.00119857
v -0.00813114 0.01790147 0.00119857
v -0.00895997 0.01990145 0.00100226
v -0.00895997 0.01790147 0.00100226
v -0.00973683 0.01890146 0.00112775
v -0.00973683 0.01790147 0.00112775
v -0.00973683 0.01990145 0.00112775
v -0.00762598 0.01990145 0.00467241
v -0.00830211 0.01890146 0.00507504
v -0.00830211 0.01990145 0.00507504
v -0.00830211 0.01790147 0.00507504
v -0.04781899 0.00640162 0.02710745
v -0.04926072 0.00650694 0.02704401
v -0.04844555 0.00640162 0.02733519
v -0.04907210 0.00640162 0.02756293
v -0.04738105 0.00650694 0.02636081
v -0.04719244 0.00640162 0.02687972
v -0.04943442 0.00684095 0.02656608
v -0.04755476 0.00684095 0.02588289
v -0.04766886 0.00734946 0.02556895
v -0.04954853 0.00734946 0.02625216
v -0.04958450 0.00790160 0.02615318
v -0.04770484 0.00790160 0.02546997
v -0.04766886 0.00845374 0.02556895
v -0.04943442 0.00896225 0.02656608
v -0.04755476 0.00896225 0.02588289
v -0.04954853 0.00845374 0.02625216
v -0.04738105 0.00929626 0.02636081
v -0.04926072 0.00929626 0.02704401
v -0.04781899 0.00940158 0.02710745
v -0.04719244 0.00940158 0.02687972
v -0.04844555 0.00940158 0.02733519
v -0.04907210 0.00940158 0.02756293
v -0.04738105 -0.00949286 0.02636081
v -0.04926071 -0.00949286 0.02704401
v -0.04813227 -0.00959818 0.02722132
v -0.04907210 -0.00959818 0.02756293
v -0.04719244 -0.00959818 0.02687972
v -0.04943442 -0.00915884 0.02656608
v -0.04755476 -0.00915884 0.02588289
v -0.04766886 -0.00865033 0.02556895
v -0.04958450 -0.00809820 0.02615318
v -0.04954852 -0.00865033 0.02625216
v -0.04770484 -0.00809820 0.02546997
v -0.04766886 -0.00754606 0.02556895
v -0.04943442 -0.00703755 0.02656608
v -0.04954852 -0.00754606 0.02625216
v -0.04755476 -0.00703755 0.02588289
v -0.04738105 -0.00670353 0.02636081
v -0.04813227 -0.00659821 0.02722132
v -0.04719244 -0.00659821 0.02687972
v -0.04926072 -0.00670353 0.02704401
v -0.04907210 -0.00659821 0.02756293
v -0.04884925 0.01197176 0.02817605
v -0.04708539 0.01219443 0.02717423
v -0.04896506 0.01219443 0.02785744
v -0.04904112 0.01253344 0.02764815
v -0.04716146 0.01253344 0.02696494
v -0.04718545 0.01290154 0.02689896
v -0.04906511 0.01290154 0.02758217
v -0.04904112 0.01326962 0.02764815
v -0.04716146 0.01326962 0.02696494
v -0.04708539 0.01360863 0.02717423
v -0.04884925 0.01383131 0.02817605
v -0.04896506 0.01360863 0.02785744
v -0.04696959 0.01383131 0.02749285
v -0.04778367 0.01390152 0.02818039
v -0.04684385 0.01390152 0.02783879
v -0.04872351 0.01390152 0.02852199
v -0.04696959 0.01197176 0.02749285
v -0.04778367 0.01190155 0.02818039
v -0.04684385 0.01190155 0.02783879
v -0.04872351 0.01190155 0.02852199
v -0.04460033 -0.01346622 0.03986596
v -0.04452426 -0.01380523 0.04007525
v -0.04264460 -0.01380523 0.03939204
v -0.04440845 -0.01402790 0.04039385
v -0.04252878 -0.01402790 0.03971066
v -0.04272067 -0.01346622 0.03918275
v -0.04462430 -0.01309813 0.03979996
v -0.04274464 -0.01309813 0.03911678
v -0.04272067 -0.01273004 0.03918275
v -0.04460033 -0.01273004 0.03986596
v -0.04264460 -0.01239104 0.03939204
v -0.04440845 -0.01216835 0.04039385
v -0.04452426 -0.01239104 0.04007525
v -0.04252878 -0.01216835 0.03971066
v -0.04334288 -0.01209814 0.04039820
v -0.04240305 -0.01209814 0.04005660
v -0.04428271 -0.01209814 0.04073980
v -0.04334288 -0.01409811 0.04039820
v -0.04240304 -0.01409811 0.04005660
v -0.04428271 -0.01409811 0.04073980
v -0.00800232 0.00490164 0.13665356
v -0.00944404 0.00500696 0.13659011
v -0.00862888 0.00490164 0.13688130
v -0.00925543 0.00490164 0.13710903
v -0.00756438 0.00500696 0.13590691
v -0.00737576 0.00490164 0.13642583
v -0.00961775 0.00534097 0.13611218
v -0.00773809 0.00534098 0.13542898
v -0.00785218 0.00584949 0.13511506
v -0.00976783 0.00640162 0.13569929
v -0.00973185 0.00584949 0.13579827
v -0.00788816 0.00640162 0.13501608
v -0.00785218 0.00695375 0.13511506
v -0.00961775 0.00746227 0.13611218
v -0.00973185 0.00695375 0.13579827
v -0.00773809 0.00746227 0.13542898
v -0.00756438 0.00779628 0.13590691
v -0.00944404 0.00779628 0.13659011
v -0.00862888 0.00790160 0.13688130
v -0.00800232 0.00790160 0.13665356
v -0.00737576 0.00790160 0.13642583
v -0.00925543 0.00790160 0.13710903
v -0.00862888 -0.00809819 0.13688130
v -0.00850420 -0.00799287 0.13624851
v -0.00944404 -0.00799287 0.13659011
v -0.00925543 -0.00809819 0.13710903
v -0.00800232 -0.00809819 0.13665356
v -0.00756438 -0.00799287 0.13590691
v -0.00737576 -0.00809819 0.13642583
v -0.00773809 -0.00765886 0.13542898
v -0.00785218 -0.00715035 0.13511506
v -0.00879202 -0.00715035 0.13545667
v -0.00882799 -0.00659821 0.13535768
v -0.00788816 -0.00659821 0.13501608
v -0.00976783 -0.00659821 0.13569929
v -0.00879202 -0.00604608 0.13545667
v -0.00785218 -0.00604608 0.13511506
v -0.00973185 -0.00604608 0.13579827
v -0.00961775 -0.00553756 0.13611218
v -0.00867792 -0.00553756 0.13577059
v -0.00850420 -0.00520355 0.13624851
v -0.00756438 -0.00520355 0.13590691
v -0.00773809 -0.00553756 0.13542898
v -0.00737576 -0.00509823 0.13642583
v -0.00800232 -0.00509823 0.13665356
v -0.00862888 -0.00509823 0.13688130
v -0.00944404 -0.00520355 0.13659011
v -0.00925543 -0.00509823 0.13710903
v -0.00973185 -0.00715035 0.13579827
v -0.00961775 -0.00765886 0.13611218
v -0.01055387 -0.01459811 0.12963359
v -0.01193272 -0.01452790 0.12974311
v -0.01118042 -0.01459811 0.12986132
v -0.01180698 -0.01459811 0.13008906
v -0.01005305 -0.01452790 0.12905990
v -0.00992731 -0.01459811 0.12940585
v -0.01204853 -0.01430522 0.12942449
v -0.01016886 -0.01430522 0.12874129
v -0.01024492 -0.01396621 0.12853202
v -0.01212458 -0.01396621 0.12921521
v -0.01026891 -0.01359812 0.12846602
v -0.01214857 -0.01359812 0.12914922
v -0.01212458 -0.01323003 0.12921521
v -0.01024492 -0.01323003 0.12853202
v -0.01204853 -0.01289103 0.12942449
v -0.01016886 -0.01289103 0.12874129
v -0.01005305 -0.01266834 0.12905990
v -0.01193272 -0.01266834 0.12974311
v -0.01055387 -0.01259813 0.12963359
v -0.00992731 -0.01259813 0.12940585
v -0.01118042 -0.01259813 0.12986132
v -0.01180698 -0.01259813 0.13008906
v -0.01118042 0.01240154 0.12986132
v -0.01099288 0.01247175 0.12940150
v -0.01193272 0.01247175 0.12974311
v -0.01180698 0.01240154 0.13008906
v -0.01055387 0.01240154 0.12963359
v -0.00992732 0.01240154 0.12940585
v -0.01005305 0.01247175 0.12905990
v -0.01016886 0.01269443 0.12874129
v -0.01118477 0.01303344 0.12887361
v -0.01024492 0.01303344 0.12853202
v -0.01204853 0.01269443 0.12942449
v -0.01212459 0.01303344 0.12921521
v -0.01120874 0.01340153 0.12880763
v -0.01214858 0.01340153 0.12914922
v -0.01212459 0.01376962 0.12921521
v -0.01118477 0.01376962 0.12887361
v -0.01110869 0.01410862 0.12908290
v -0.01204853 0.01410862 0.12942449
v -0.01099288 0.01433131 0.12940150
v -0.01005305 0.01433131 0.12905990
v -0.01024492 0.01376962 0.12853202
v -0.01016886 0.01410862 0.12874129
v -0.01055387 0.01440152 0.12963359
v -0.00992732 0.01440152 0.12940585
v -0.01118042 0.01440152 0.12986132
v -0.01193272 0.01433131 0.12974311
v -0.01180698 0.01440152 0.13008906
v -0.01026891 0.01340153 0.12846602
v 0.02749051 0.01950057 0.08452232
v 0.02717642 0.01990145 0.08467022
v 0.02717642 0.01950057 0.08467022
v 0.02687879 0.01990145 0.08488660
v 0.02687879 0.01950057 0.08488660
v 0.02661917 0.01990145 0.08516855
v 0.02661917 0.01950057 0.08516855
v 0.02641795 0.01990145 0.08550427
v 0.02641795 0.01950057 0.08550427
v 0.02628979 0.01990145 0.08587410
v 0.02628979 0.01950057 0.08587410
v 0.02624034 0.01990145 0.08625416
v 0.02624034 0.01950057 0.08625416
v 0.02626558 0.01990145 0.08662127
v 0.02626558 0.01950057 0.08662127
v 0.02635387 0.01990145 0.08695703
v 0.02635387 0.01950057 0.08695703
v 0.02650179 0.01990145 0.08727113
v 0.02650179 0.01950057 0.08727113
v 0.02671815 0.01990145 0.08756877
v 0.02671815 0.01950057 0.08756877
v 0.02700010 0.01990145 0.08782838
v 0.02700010 0.01950057 0.08782838
v 0.02733583 0.01950057 0.08802960
v 0.02733583 0.01990145 0.08802960
v 0.02770565 0.01950057 0.08815776
v 0.02770565 0.01990145 0.08815776
v 0.02808572 0.01990145 0.08820721
v 0.02808572 0.01950057 0.08820721
v 0.02845283 0.01990145 0.08818196
v 0.02845283 0.01950057 0.08818196
v 0.02878859 0.01990145 0.08809368
v 0.02878859 0.01950057 0.08809368
v 0.02749051 0.01990145 0.08452232
v 0.02759299 0.01921087 0.08480427
v 0.02769548 0.01892116 0.08508622
v 0.02747600 0.01863146 0.08555989
v 0.02779795 0.01863146 0.08536817
v 0.02717738 0.01906602 0.08522325
v 0.02687879 0.01950057 0.08488660
v 0.02717642 0.01950057 0.08467022
v 0.02749051 0.01950057 0.08452232
v 0.02723345 0.01863146 0.08588499
v 0.02661917 0.01950057 0.08516855
v 0.02641795 0.01950057 0.08550427
v 0.02628979 0.01950057 0.08587410
v 0.02669015 0.01906602 0.08626692
v 0.02677679 0.01906602 0.08680332
v 0.02719972 0.01863146 0.08664960
v 0.02626558 0.01950057 0.08662127
v 0.02713997 0.01863146 0.08627966
v 0.02624034 0.01950057 0.08625416
v 0.02635387 0.01950057 0.08695703
v 0.02650179 0.01950057 0.08727113
v 0.02739145 0.01863146 0.08697155
v 0.02671815 0.01950057 0.08756877
v 0.02700010 0.01950057 0.08782838
v 0.02771654 0.01863146 0.08721410
v 0.02705481 0.01906602 0.08727015
v 0.02752619 0.01906602 0.08762185
v 0.02809847 0.01906602 0.08775739
v 0.02770565 0.01950057 0.08815776
v 0.02733583 0.01950057 0.08802960
v 0.02808572 0.01950057 0.08820721
v 0.02845283 0.01950057 0.08818196
v 0.02868611 0.01921087 0.08781173
v 0.02811121 0.01863146 0.08730758
v 0.02858364 0.01892116 0.08752978
v 0.02848116 0.01863146 0.08724783
v 0.02878859 0.01950057 0.08809368
v 0.02747600 0.01790147 0.08555989
v 0.02723345 0.01863146 0.08588499
v 0.02723345 0.01790147 0.08588499
v 0.02713997 0.01863146 0.08627966
v 0.02713997 0.01790147 0.08627966
v 0.02719972 0.01863146 0.08664960
v 0.02719972 0.01790147 0.08664960
v 0.02739145 0.01863146 0.08697155
v 0.02739145 0.01790147 0.08697155
v 0.02771654 0.01863146 0.08721410
v 0.02771654 0.01790147 0.08721410
v 0.02811121 0.01863146 0.08730758
v 0.02811121 0.01790147 0.08730758
v 0.02848116 0.01826647 0.08724783
v 0.02848116 0.01790147 0.08724783
v 0.02848116 0.01863146 0.08724783
v 0.02747600 0.01863146 0.08555989
v 0.02779795 0.01826647 0.08536817
v 0.02779795 0.01863146 0.08536817
v 0.02779795 0.01790147 0.08536817
v 0.01177691 0.01950057 0.04129005
v 0.01146281 0.01990145 0.04143797
v 0.01146281 0.01950057 0.04143797
v 0.01116517 0.01990145 0.04165435
v 0.01116517 0.01950057 0.04165435
v 0.01090556 0.01990145 0.04193630
v 0.01090556 0.01950057 0.04193630
v 0.01070434 0.01990145 0.04227201
v 0.01070434 0.01950057 0.04227201
v 0.01057618 0.01990145 0.04264185
v 0.01057618 0.01950057 0.04264185
v 0.01052673 0.01990145 0.04302191
v 0.01052673 0.01950057 0.04302191
v 0.01055198 0.01990145 0.04338901
v 0.01055198 0.01950057 0.04338901
v 0.01064026 0.01990145 0.04372478
v 0.01064026 0.01950057 0.04372478
v 0.01078818 0.01990145 0.04403887
v 0.01078818 0.01950057 0.04403887
v 0.01100455 0.01990145 0.04433651
v 0.01100455 0.01950057 0.04433651
v 0.01128650 0.01990145 0.04459613
v 0.01128650 0.01950057 0.04459613
v 0.01162222 0.01990145 0.04479734
v 0.01162222 0.01950057 0.04479734
v 0.01199204 0.01990145 0.04492550
v 0.01199204 0.01950057 0.04492550
v 0.01237212 0.01990145 0.04497495
v 0.01237212 0.01950057 0.04497495
v 0.01273923 0.01990145 0.04494971
v 0.01273923 0.01950057 0.04494971
v 0.01307499 0.01990145 0.04486142
v 0.01307499 0.01950057 0.04486142
v 0.01177691 0.01990145 0.04129005
v 0.01193062 0.01906602 0.04171298
v 0.01146281 0.01950057 0.04143797
v 0.01176238 0.01863146 0.04232764
v 0.01208435 0.01863146 0.04213592
v 0.01177691 0.01950057 0.04129005
v 0.01116517 0.01950057 0.04165435
v 0.01090556 0.01950057 0.04193630
v 0.01151984 0.01863146 0.04265272
v 0.01070434 0.01950057 0.04227201
v 0.01057618 0.01950057 0.04264185
v 0.01142636 0.01863146 0.04304741
v 0.01052673 0.01950057 0.04302191
v 0.01055198 0.01950057 0.04338901
v 0.01148611 0.01863146 0.04341734
v 0.01064026 0.01950057 0.04372478
v 0.01078818 0.01950057 0.04403887
v 0.01167785 0.01863146 0.04373930
v 0.01100455 0.01950057 0.04433651
v 0.01128650 0.01950057 0.04459613
v 0.01200293 0.01863146 0.04398186
v 0.01162222 0.01950057 0.04479734
v 0.01239762 0.01863146 0.04407533
v 0.01199204 0.01950057 0.04492550
v 0.01237212 0.01950057 0.04497495
v 0.01273923 0.01950057 0.04494971
v 0.01292126 0.01906602 0.04443849
v 0.01307499 0.01950057 0.04486142
v 0.01276754 0.01863146 0.04401556
v 0.01176238 0.01863146 0.04232764
v 0.01176238 0.01790147 0.04232764
v 0.01208435 0.01826647 0.04213592
v 0.01208435 0.01790147 0.04213592
v 0.01208435 0.01863146 0.04213592
v 0.01151984 0.01863146 0.04265272
v 0.01151984 0.01790147 0.04265272
v 0.01142636 0.01863146 0.04304741
v 0.01142636 0.01790147 0.04304741
v 0.01148611 0.01863146 0.04341734
v 0.01148611 0.01790147 0.04341734
v 0.01167785 0.01863146 0.04373930
v 0.01167785 0.01790147 0.04373930
v 0.01200293 0.01863146 0.04398186
v 0.01200293 0.01790147 0.04398186
v 0.01239762 0.01863146 0.04407533
v 0.01239762 0.01790147 0.04407533
v 0.01276754 0.01826647 0.04401556
v 0.01276754 0.01790147 0.04401556
v 0.01276754 0.01863146 0.04401556
v 0.02749051 -0.01969716 0.08452232
v 0.02782628 -0.02009803 0.08443402
v 0.02782628 -0.01969716 0.08443402
v 0.02819339 -0.02009803 0.08440878
v 0.02819339 -0.01969716 0.08440878
v 0.02857345 -0.02009803 0.08445822
v 0.02857345 -0.01969716 0.08445822
v 0.02894328 -0.02009803 0.08458638
v 0.02894328 -0.01969716 0.08458638
v 0.02927900 -0.02009803 0.08478760
v 0.02927900 -0.01969716 0.08478760
v 0.02956095 -0.02009803 0.08504723
v 0.02956095 -0.01969716 0.08504723
v 0.02977732 -0.02009803 0.08534487
v 0.02977732 -0.01969716 0.08534487
v 0.02992523 -0.02009803 0.08565895
v 0.02992523 -0.01969716 0.08565895
v 0.03001352 -0.02009803 0.08599471
v 0.03001352 -0.01969716 0.08599471
v 0.03003877 -0.02009803 0.08636182
v 0.03003877 -0.01969716 0.08636182
v 0.02998932 -0.02009803 0.08674190
v 0.02998932 -0.01969716 0.08674190
v 0.02986117 -0.02009803 0.08711172
v 0.02986117 -0.01969716 0.08711172
v 0.02965994 -0.02009803 0.08744744
v 0.02965994 -0.01969716 0.08744744
v 0.02940033 -0.02009803 0.08772939
v 0.02940033 -0.01969716 0.08772939
v 0.02910269 -0.02009803 0.08794576
v 0.02910269 -0.01969716 0.08794576
v 0.02878859 -0.02009803 0.08809368
v 0.02878859 -0.01969716 0.08809368
v 0.02749051 -0.02009803 0.08452232
v 0.02759299 -0.01940746 0.08480427
v 0.02769548 -0.01911776 0.08508622
v 0.02816789 -0.01882805 0.08530840
v 0.02779795 -0.01882805 0.08536817
v 0.02818063 -0.01926260 0.08485860
v 0.02819339 -0.01969716 0.08440878
v 0.02782628 -0.01969716 0.08443402
v 0.02749051 -0.01969716 0.08452232
v 0.02857345 -0.01969716 0.08445822
v 0.02856256 -0.01882805 0.08540188
v 0.02888766 -0.01882805 0.08564443
v 0.02927900 -0.01969716 0.08478760
v 0.02922431 -0.01926260 0.08534582
v 0.02894328 -0.01969716 0.08458638
v 0.02950231 -0.01926260 0.08581268
v 0.02907938 -0.01882805 0.08596639
v 0.02977732 -0.01969716 0.08534487
v 0.02956095 -0.01969716 0.08504723
v 0.02992523 -0.01969716 0.08565895
v 0.03001352 -0.01969716 0.08599471
v 0.02958895 -0.01926260 0.08634908
v 0.02913914 -0.01882805 0.08633632
v 0.03003877 -0.01969716 0.08636182
v 0.02904566 -0.01882805 0.08673101
v 0.02945341 -0.01926260 0.08692137
v 0.02998932 -0.01969716 0.08674190
v 0.02986117 -0.01969716 0.08711172
v 0.02965994 -0.01969716 0.08744744
v 0.02940033 -0.01969716 0.08772939
v 0.02910172 -0.01926260 0.08739275
v 0.02880312 -0.01882805 0.08705609
v 0.02868612 -0.01940746 0.08781173
v 0.02910269 -0.01969716 0.08794576
v 0.02878859 -0.01969716 0.08809368
v 0.02858364 -0.01911776 0.08752978
v 0.02848116 -0.01882805 0.08724783
v 0.02816789 -0.01809806 0.08530840
v 0.02856256 -0.01882805 0.08540188
v 0.02856256 -0.01809806 0.08540188
v 0.02888766 -0.01882805 0.08564443
v 0.02888766 -0.01809806 0.08564443
v 0.02907938 -0.01882805 0.08596639
v 0.02907938 -0.01809806 0.08596639
v 0.02913914 -0.01882805 0.08633632
v 0.02913914 -0.01809806 0.08633632
v 0.02904566 -0.01882805 0.08673101
v 0.02904566 -0.01809806 0.08673101
v 0.02880312 -0.01882805 0.08705609
v 0.02880312 -0.01809806 0.08705609
v 0.02848116 -0.01846305 0.08724783
v 0.02848116 -0.01809806 0.08724783
v 0.02848116 -0.01882805 0.08724783
v 0.02816789 -0.01882805 0.08530840
v 0.02779795 -0.01846305 0.08536817
v 0.02779795 -0.01882805 0.08536817
v 0.02779795 -0.01809806 0.08536817
v 0.01177691 -0.01969716 0.04129005
v 0.01211267 -0.02009803 0.04120177
v 0.01211267 -0.01969716 0.04120177
v 0.01247977 -0.02009803 0.04117654
v 0.01247977 -0.01969716 0.04117654
v 0.01285984 -0.02009803 0.04122598
v 0.01285984 -0.01969716 0.04122598
v 0.01322967 -0.02009803 0.04135414
v 0.01322967 -0.01969716 0.04135414
v 0.01356539 -0.02009803 0.04155535
v 0.01356539 -0.01969716 0.04155535
v 0.01384734 -0.02009803 0.04181497
v 0.01384734 -0.01969716 0.04181497
v 0.01406372 -0.02009803 0.04211262
v 0.01406372 -0.01969716 0.04211262
v 0.01421162 -0.02009803 0.04242670
v 0.01421162 -0.01969716 0.04242670
v 0.01429991 -0.02009803 0.04276247
v 0.01429991 -0.01969716 0.04276247
v 0.01432516 -0.02009803 0.04312958
v 0.01432516 -0.01969716 0.04312958
v 0.01427572 -0.02009803 0.04350963
v 0.01427572 -0.01969716 0.04350963
v 0.01414756 -0.02009803 0.04387947
v 0.01414756 -0.01969716 0.04387947
v 0.01394633 -0.02009803 0.04421519
v 0.01394633 -0.01969716 0.04421519
v 0.01368671 -0.02009803 0.04449713
v 0.01368671 -0.01969716 0.04449713
v 0.01338908 -0.02009803 0.04471352
v 0.01338908 -0.01969716 0.04471352
v 0.01307499 -0.02009803 0.04486142
v 0.01307499 -0.01969716 0.04486142
v 0.01177691 -0.02009803 0.04129005
v 0.01187939 -0.01940746 0.04157201
v 0.01198187 -0.01911776 0.04185396
v 0.01245428 -0.01882805 0.04207616
v 0.01208435 -0.01882805 0.04213592
v 0.01246702 -0.01926260 0.04162634
v 0.01211267 -0.01969716 0.04120177
v 0.01247977 -0.01969716 0.04117654
v 0.01177691 -0.01969716 0.04129005
v 0.01285984 -0.01969716 0.04122598
v 0.01284896 -0.01882805 0.04216963
v 0.01351069 -0.01926260 0.04211357
v 0.01317405 -0.01882805 0.04241219
v 0.01356539 -0.01969716 0.04155535
v 0.01322967 -0.01969716 0.04135414
v 0.01384734 -0.01969716 0.04181497
v 0.01406372 -0.01969716 0.04211262
v 0.01378870 -0.01926260 0.04258043
v 0.01336578 -0.01882805 0.04273414
v 0.01421162 -0.01969716 0.04242670
v 0.01429991 -0.01969716 0.04276247
v 0.01342553 -0.01882805 0.04310407
v 0.01432516 -0.01969716 0.04312958
v 0.01387535 -0.01926260 0.04311683
v 0.01333206 -0.01882805 0.04349876
v 0.01373980 -0.01926260 0.04368912
v 0.01427572 -0.01969716 0.04350963
v 0.01414756 -0.01969716 0.04387947
v 0.01394633 -0.01969716 0.04421519
v 0.01368671 -0.01969716 0.04449713
v 0.01338811 -0.01926260 0.04416050
v 0.01297250 -0.01940746 0.04457947
v 0.01338908 -0.01969716 0.04471352
v 0.01308951 -0.01882805 0.04382385
v 0.01307499 -0.01969716 0.04486142
v 0.01287003 -0.01911776 0.04429752
v 0.01276755 -0.01882805 0.04401556
v 0.01245428 -0.01882805 0.04207616
v 0.01245428 -0.01809806 0.04207616
v 0.01208435 -0.01846305 0.04213592
v 0.01208435 -0.01809806 0.04213592
v 0.01208435 -0.01882805 0.04213592
v 0.01284896 -0.01882805 0.04216963
v 0.01284896 -0.01809806 0.04216963
v 0.01317405 -0.01882805 0.04241219
v 0.01317405 -0.01809806 0.04241219
v 0.01336578 -0.01882805 0.04273414
v 0.01336578 -0.01809806 0.04273414
v 0.01342553 -0.01882805 0.04310407
v 0.01342553 -0.01809806 0.04310407
v 0.01333206 -0.01882805 0.04349876
v 0.01333206 -0.01809806 0.04349876
v 0.01308951 -0.01882805 0.04382385
v 0.01308951 -0.01809806 0.04382385
v 0.01276755 -0.01846305 0.04401556
v 0.01276755 -0.01809806 0.04401556
v 0.01276755 -0.01882805 0.04401556
v -0.01655182 0.01790147 0.09536315
v -0.01598839 0.01790147 0.09502762
v -0.01598839 0.01890146 0.09502762
v -0.01655182 0.01990145 0.09536315
v -0.01697628 0.01990145 0.09593206
v -0.01697628 0.01790147 0.09593206
v -0.01713987 0.01990145 0.09662276
v -0.01703529 0.01890146 0.09727013
v -0.01713987 0.01790147 0.09662276
v -0.01703529 0.01990145 0.09727013
v -0.01703529 0.01790147 0.09727013
v -0.01598839 0.01990145 0.09502762
v -0.03021583 0.01790147 0.05776988
v -0.02965240 0.01790147 0.05743436
v -0.02965240 0.01890146 0.05743436
v -0.03021583 0.01990145 0.05776988
v -0.03064028 0.01990145 0.05833879
v -0.03064028 0.01790147 0.05833879
v -0.03080387 0.01990145 0.05902949
v -0.03069929 0.01890146 0.05967686
v -0.03080387 0.01790147 0.05902949
v -0.03069929 0.01990145 0.05967686
v -0.03069929 0.01790147 0.05967686
v -0.02965240 0.01990145 0.05743436
v -0.01441536 -0.01809806 0.10124110
v -0.01376799 -0.01809806 0.10113654
v -0.01376799 -0.01909805 0.10113654
v -0.01441536 -0.02009803 0.10124110
v -0.01510606 -0.02009803 0.10107752
v -0.01510606 -0.01809806 0.10107752
v -0.01567497 -0.02009803 0.10065307
v -0.01601049 -0.01909805 0.10008963
v -0.01567497 -0.01809806 0.10065307
v -0.01601049 -0.02009803 0.10008963
v -0.01601049 -0.01809806 0.10008963
v -0.01376799 -0.02009803 0.10113654
v -0.02807937 -0.01809806 0.06364784
v -0.02743199 -0.01809806 0.06354327
v -0.02743199 -0.01909805 0.06354327
v -0.02807937 -0.02009803 0.06364784
v -0.02877006 -0.02009803 0.06348425
v -0.02877006 -0.01809806 0.06348425
v -0.02933897 -0.02009803 0.06305980
v -0.02967449 -0.01909805 0.06249636
v -0.02933897 -0.01809806 0.06305980
v -0.02967449 -0.02009803 0.06249636
v -0.02967449 -0.01809806 0.06249636
v -0.02743199 -0.02009803 0.06354327
v -0.02332209 -0.01223005 0.09255329
v -0.02527782 -0.01189104 0.09302721
v -0.02339816 -0.01189104 0.09234402
v -0.02351397 -0.01166835 0.09202541
v -0.02539363 -0.01166835 0.09270859
v -0.02551937 -0.01159814 0.09236266
v -0.02363971 -0.01159814 0.09167945
v -0.02564511 -0.01166835 0.09201671
v -0.02388126 -0.01189104 0.09101489
v -0.02376545 -0.01166835 0.09133350
v -0.02576093 -0.01189104 0.09169810
v -0.02583698 -0.01223005 0.09148881
v -0.02395733 -0.01223005 0.09080562
v -0.02492114 -0.01259813 0.09108123
v -0.02586097 -0.01259813 0.09142283
v -0.02398131 -0.01259813 0.09073962
v -0.02520176 -0.01223005 0.09323650
v -0.02423795 -0.01259813 0.09296089
v -0.02517777 -0.01259813 0.09330250
v -0.02329811 -0.01259813 0.09261929
v -0.03340016 0.01276963 0.07068054
v -0.03152050 0.01276963 0.06999735
v -0.03243635 0.01240154 0.07040493
v -0.03149652 0.01240154 0.07006332
v -0.03337618 0.01240154 0.07074653
v -0.03159656 0.01310863 0.06978806
v -0.03347624 0.01310863 0.07047126
v -0.03359203 0.01333132 0.07015265
v -0.03171238 0.01333132 0.06946944
v -0.03371777 0.01340153 0.06980670
v -0.03183812 0.01340153 0.06912350
v -0.03196385 0.01333132 0.06877755
v -0.03384352 0.01333132 0.06946075
v -0.03395933 0.01310863 0.06914213
v -0.03207966 0.01310863 0.06845894
v -0.03215573 0.01276963 0.06824965
v -0.03403539 0.01276963 0.06893286
v -0.03311954 0.01240154 0.06852526
v -0.03217972 0.01240154 0.06818366
v -0.03405937 0.01240154 0.06886686
v -0.03159656 -0.01189104 0.06978806
v -0.03152050 -0.01223005 0.06999735
v -0.03340016 -0.01223005 0.07068054
v -0.03347623 -0.01189104 0.07047126
v -0.03359203 -0.01166835 0.07015265
v -0.03171238 -0.01166835 0.06946944
v -0.03243635 -0.01259813 0.07040493
v -0.03149652 -0.01259813 0.07006332
v -0.03337617 -0.01259813 0.07074653
v -0.03371777 -0.01159815 0.06980670
v -0.03196385 -0.01166835 0.06877755
v -0.03183812 -0.01159815 0.06912350
v -0.03384352 -0.01166835 0.06946075
v -0.03395933 -0.01189104 0.06914213
v -0.03215572 -0.01223005 0.06824965
v -0.03207965 -0.01189104 0.06845894
v -0.03403539 -0.01223005 0.06893286
v -0.03311954 -0.01259813 0.06852526
v -0.03405937 -0.01259813 0.06886686
v -0.03217971 -0.01259813 0.06818366
v -0.02520177 0.01276963 0.09323650
v -0.02332209 0.01276963 0.09255329
v -0.02392467 0.01240154 0.09284702
v -0.02329812 0.01240154 0.09261929
v -0.02455122 0.01240154 0.09307475
v -0.02517778 0.01240154 0.09330250
v -0.02527782 0.01310863 0.09302721
v -0.02351397 0.01333132 0.09202541
v -0.02339816 0.01310863 0.09234402
v -0.02539363 0.01333132 0.09270859
v -0.02551937 0.01340153 0.09236266
v -0.02363971 0.01340153 0.09167945
v -0.02564511 0.01333132 0.09201671
v -0.02388126 0.01310863 0.09101489
v -0.02376545 0.01333132 0.09133350
v -0.02576093 0.01310863 0.09169810
v -0.02583698 0.01276963 0.09148881
v -0.02395733 0.01276963 0.09080562
v -0.02460787 0.01240154 0.09096735
v -0.02523442 0.01240154 0.09119509
v -0.02586097 0.01240154 0.09142283
v -0.02398131 0.01240154 0.09073962
v 0.01505515 0.01940145 0.13009823
v 0.01555109 0.01990145 0.12986469
v 0.01555109 0.01940145 0.12986469
v 0.01602105 0.01990145 0.12952304
v 0.01602105 0.01940145 0.12952304
v 0.01643096 0.01990145 0.12907785
v 0.01643096 0.01940145 0.12907785
v 0.01674867 0.01990145 0.12854777
v 0.01674867 0.01940145 0.12854777
v 0.01695104 0.01990145 0.12796383
v 0.01695104 0.01940145 0.12796383
v 0.01702911 0.01990145 0.12736372
v 0.01702911 0.01940145 0.12736372
v 0.01698925 0.01990145 0.12678408
v 0.01698925 0.01940145 0.12678408
v 0.01684984 0.01990145 0.12625393
v 0.01684984 0.01940145 0.12625393
v 0.01661630 0.01990145 0.12575800
v 0.01661630 0.01940145 0.12575800
v 0.01627466 0.01990145 0.12528805
v 0.01627466 0.01940145 0.12528805
v 0.01582947 0.01990145 0.12487812
v 0.01582947 0.01940145 0.12487812
v 0.01529940 0.01990145 0.12456041
v 0.01529940 0.01940145 0.12456041
v 0.01471545 0.01990145 0.12435805
v 0.01471545 0.01940145 0.12435805
v 0.01411534 0.01990145 0.12427997
v 0.01411534 0.01940145 0.12427997
v 0.01353570 0.01990145 0.12431985
v 0.01353570 0.01940145 0.12431985
v 0.01300555 0.01990145 0.12445924
v 0.01300555 0.01940145 0.12445924
v 0.01505515 0.01990145 0.13009823
v 0.03152402 0.01940145 0.15753452
v 0.03201997 0.01990145 0.15730098
v 0.03201997 0.01940145 0.15730098
v 0.03248991 0.01990145 0.15695934
v 0.03248991 0.01940146 0.15695934
v 0.03289983 0.01990145 0.15651413
v 0.03289983 0.01940146 0.15651413
v 0.03321755 0.01990145 0.15598405
v 0.03321755 0.01940146 0.15598405
v 0.03341990 0.01990145 0.15540013
v 0.03341990 0.01940146 0.15540013
v 0.03349799 0.01990145 0.15480001
v 0.03349799 0.01940146 0.15480001
v 0.03345812 0.01990145 0.15422037
v 0.03345812 0.01940146 0.15422037
v 0.03331873 0.01990145 0.15369022
v 0.03331873 0.01940146 0.15369022
v 0.03308517 0.01990145 0.15319430
v 0.03308517 0.01940146 0.15319430
v 0.03274353 0.01990145 0.15272434
v 0.03274353 0.01940146 0.15272434
v 0.03229835 0.01990145 0.15231442
v 0.03229835 0.01940145 0.15231442
v 0.03176827 0.01990145 0.15199670
v 0.03176827 0.01940145 0.15199670
v 0.03118433 0.01990145 0.15179434
v 0.03118433 0.01940145 0.15179434
v 0.03058422 0.01990145 0.15171626
v 0.03058422 0.01940145 0.15171626
v 0.03000458 0.01990145 0.15175612
v 0.03000458 0.01940145 0.15175612
v 0.02947443 0.01990145 0.15189551
v 0.02947443 0.01940145 0.15189551
v 0.03152402 0.01990145 0.15753452
v 0.04160007 0.01940146 0.16425942
v 0.04413359 0.01990145 0.16320730
v 0.04413359 0.01940146 0.16320730
v 0.04664208 0.01990145 0.16188504
v 0.04664208 0.01940146 0.16188504
v 0.04908527 0.01990145 0.16028612
v 0.04908527 0.01940146 0.16028612
v 0.05141993 0.01990145 0.15841174
v 0.05141993 0.01940146 0.15841174
v 0.05360174 0.01990145 0.15627182
v 0.05360174 0.01940146 0.15627182
v 0.05558746 0.01990145 0.15388566
v 0.05558746 0.01940146 0.15388566
v 0.05733735 0.01990145 0.15128168
v 0.05733735 0.01940146 0.15128168
v 0.05881759 0.01990145 0.14849648
v 0.05881759 0.01940146 0.14849648
v 0.06000228 0.01990145 0.14557330
v 0.06000228 0.01940146 0.14557330
v 0.06087490 0.01990145 0.14255977
v 0.06087490 0.01940146 0.14255977
v 0.06142910 0.01990145 0.13950532
v 0.06142910 0.01940146 0.13950532
v 0.06166863 0.01990145 0.13645868
v 0.06166863 0.01940146 0.13645868
v 0.06160645 0.01990145 0.13346532
v 0.06160645 0.01940146 0.13346532
v 0.06126342 0.01990145 0.13056565
v 0.06126342 0.01940146 0.13056565
v 0.06066636 0.01990145 0.12779357
v 0.06066636 0.01940146 0.12779357
v 0.05984613 0.01990145 0.12517576
v 0.05984613 0.01940146 0.12517576
v 0.05879400 0.01990145 0.12264224
v 0.05879400 0.01940146 0.12264224
v 0.05747174 0.01990145 0.12013375
v 0.05747174 0.01940146 0.12013375
v 0.05587281 0.01990145 0.11769057
v 0.05587281 0.01940146 0.11769057
v 0.05399842 0.01990145 0.11535590
v 0.05399842 0.01940146 0.11535590
v 0.05185851 0.01990145 0.11317410
v 0.05185851 0.01940146 0.11317410
v 0.04947236 0.01990145 0.11118838
v 0.04947236 0.01940146 0.11118838
v 0.04686837 0.01990145 0.10943849
v 0.04686837 0.01940146 0.10943849
v 0.04408318 0.01990145 0.10795825
v 0.04408318 0.01940146 0.10795825
v 0.04116000 0.01990145 0.10677356
v 0.04116000 0.01940146 0.10677356
v 0.03814647 0.01990145 0.10590093
v 0.03814647 0.01940146 0.10590093
v 0.03509203 0.01990145 0.10534674
v 0.03509203 0.01940146 0.10534674
v 0.03204538 0.01990145 0.10510721
v 0.03204538 0.01940145 0.10510721
v 0.02905201 0.01990145 0.10516939
v 0.02905201 0.01940145 0.10516939
v 0.02615235 0.01990145 0.10551242
v 0.02615235 0.01940145 0.10551242
v 0.02338028 0.01990145 0.10610948
v 0.02338028 0.01940145 0.10610948
v 0.02076246 0.01990145 0.10692971
v 0.02076246 0.01940145 0.10692971
v 0.04160007 0.01990145 0.16425942
v 0.01865361 0.01940145 0.10888717
v 0.02110407 0.01990145 0.10786953
v 0.02110407 0.01940145 0.10786953
v 0.01865361 0.01990145 0.10888717
v 0.01622737 0.01940145 0.11016607
v 0.01622737 0.01990145 0.11016607
v 0.01386429 0.01940145 0.11171257
v 0.01386429 0.01990145 0.11171257
v 0.01160616 0.01940145 0.11352552
v 0.01160616 0.01990145 0.11352552
v 0.00949589 0.01940145 0.11559527
v 0.00949589 0.01990145 0.11559527
v 0.00757528 0.01940145 0.11790318
v 0.00757528 0.01990145 0.11790318
v 0.00588277 0.01940145 0.12042179
v 0.00588277 0.01990145 0.12042179
v 0.00445105 0.01940145 0.12311567
v 0.00445105 0.01990145 0.12311567
v 0.00330522 0.01940145 0.12594301
v 0.00330522 0.01990145 0.12594301
v 0.00246120 0.01990145 0.12885775
v 0.00192516 0.01940145 0.13181203
v 0.00192516 0.01990145 0.13181203
v 0.00246120 0.01940145 0.12885775
v 0.00169349 0.01940145 0.13475880
v 0.00169349 0.01990145 0.13475880
v 0.00175363 0.01940145 0.13765401
v 0.00175363 0.01990145 0.13765401
v 0.00208541 0.01940145 0.14045860
v 0.00208541 0.01990145 0.14045860
v 0.00266290 0.01940145 0.14313979
v 0.00266290 0.01990145 0.14313979
v 0.00345624 0.01990145 0.14567177
v 0.00345624 0.01940145 0.14567177
v 0.00447387 0.01990145 0.14812222
v 0.00575277 0.01990145 0.15054847
v 0.00447387 0.01940145 0.14812222
v 0.00575277 0.01940145 0.15054847
v 0.00729928 0.01990145 0.15291155
v 0.00729928 0.01940145 0.15291155
v 0.00911222 0.01990145 0.15516967
v 0.00911222 0.01940145 0.15516967
v 0.01118198 0.01940145 0.15727996
v 0.01118198 0.01990145 0.15727996
v 0.01348989 0.01940145 0.15920055
v 0.01348989 0.01990145 0.15920055
v 0.01600849 0.01940145 0.16089307
v 0.01870237 0.01940145 0.16232478
v 0.01600849 0.01990145 0.16089307
v 0.01870237 0.01990145 0.16232478
v 0.02152971 0.01940145 0.16347062
v 0.02152971 0.01990145 0.16347062
v 0.02444444 0.01940145 0.16431462
v 0.02444444 0.01990145 0.16431462
v 0.02739873 0.01940145 0.16485068
v 0.02739873 0.01990145 0.16485068
v 0.03034549 0.01940145 0.16508236
v 0.03034549 0.01990145 0.16508236
v 0.03324072 0.01940146 0.16502220
v 0.03324072 0.01990145 0.16502220
v 0.03604531 0.01990145 0.16469041
v 0.03604531 0.01940146 0.16469041
v 0.03872649 0.01990145 0.16411292
v 0.03872649 0.01940146 0.16411292
v 0.04125847 0.01990145 0.16331962
v 0.04125847 0.01940146 0.16331962
v 0.02947443 -0.01959804 0.15189551
v 0.03000458 -0.02009803 0.15175612
v 0.03000458 -0.01959804 0.15175612
v 0.03058422 -0.02009803 0.15171626
v 0.03058422 -0.01959804 0.15171626
v 0.03118433 -0.02009803 0.15179434
v 0.03118433 -0.01959804 0.15179434
v 0.03176827 -0.02009803 0.15199670
v 0.03176827 -0.01959804 0.15199670
v 0.03229835 -0.02009803 0.15231442
v 0.03229835 -0.01959804 0.15231442
v 0.03274353 -0.02009803 0.15272434
v 0.03274353 -0.01959804 0.15272434
v 0.03308518 -0.02009803 0.15319430
v 0.03308518 -0.01959804 0.15319430
v 0.03331873 -0.02009803 0.15369022
v 0.03331873 -0.01959804 0.15369022
v 0.03345812 -0.02009803 0.15422037
v 0.03345812 -0.01959804 0.15422037
v 0.03349799 -0.02009803 0.15480001
v 0.03349799 -0.01959804 0.15480001
v 0.03341990 -0.02009803 0.15540013
v 0.03341990 -0.01959804 0.15540013
v 0.03321755 -0.02009803 0.15598405
v 0.03321755 -0.01959804 0.15598405
v 0.03289983 -0.02009803 0.15651413
v 0.03289983 -0.01959804 0.15651413
v 0.03248992 -0.02009803 0.15695934
v 0.03248992 -0.01959804 0.15695934
v 0.03201997 -0.02009803 0.15730098
v 0.03201997 -0.01959804 0.15730098
v 0.03152402 -0.02009803 0.15753452
v 0.03152402 -0.01959804 0.15753452
v 0.02947443 -0.02009803 0.15189551
v 0.01300556 -0.01959804 0.12445924
v 0.01353570 -0.02009803 0.12431985
v 0.01353570 -0.01959804 0.12431985
v 0.01411535 -0.02009803 0.12427997
v 0.01411535 -0.01959804 0.12427997
v 0.01471545 -0.02009803 0.12435805
v 0.01471545 -0.01959804 0.12435805
v 0.01529940 -0.02009803 0.12456041
v 0.01529940 -0.01959804 0.12456041
v 0.01582948 -0.02009803 0.12487812
v 0.01582948 -0.01959804 0.12487812
v 0.01627466 -0.02009803 0.12528805
v 0.01627466 -0.01959804 0.12528805
v 0.01661630 -0.02009803 0.12575800
v 0.01661630 -0.01959804 0.12575800
v 0.01684984 -0.02009803 0.12625393
v 0.01684984 -0.01959804 0.12625393
v 0.01698926 -0.02009803 0.12678408
v 0.01698926 -0.01959804 0.12678408
v 0.01702911 -0.02009803 0.12736372
v 0.01702911 -0.01959804 0.12736372
v 0.01695104 -0.02009803 0.12796383
v 0.01695104 -0.01959804 0.12796383
v 0.01674868 -0.02009803 0.12854777
v 0.01674868 -0.01959804 0.12854777
v 0.01643096 -0.02009803 0.12907785
v 0.01643096 -0.01959804 0.12907785
v 0.01602105 -0.02009803 0.12952304
v 0.01602105 -0.01959804 0.12952304
v 0.01555109 -0.02009803 0.12986469
v 0.01555109 -0.01959804 0.12986469
v 0.01505516 -0.02009803 0.13009823
v 0.01505516 -0.01959804 0.13009823
v 0.01300556 -0.02009803 0.12445924
v 0.02076246 -0.01959804 0.10692971
v 0.02338028 -0.02009803 0.10610948
v 0.02338028 -0.01959804 0.10610948
v 0.02615235 -0.02009803 0.10551242
v 0.02615235 -0.01959804 0.10551242
v 0.02905202 -0.02009803 0.10516939
v 0.02905202 -0.01959804 0.10516939
v 0.03204538 -0.02009803 0.10510721
v 0.03204538 -0.01959804 0.10510721
v 0.03509204 -0.02009803 0.10534674
v 0.03509204 -0.01959804 0.10534674
v 0.03814647 -0.02009803 0.10590093
v 0.03814647 -0.01959804 0.10590093
v 0.04116000 -0.02009803 0.10677356
v 0.04116000 -0.01959804 0.10677356
v 0.04408318 -0.02009803 0.10795825
v 0.04408318 -0.01959804 0.10795825
v 0.04686837 -0.02009803 0.10943849
v 0.04686837 -0.01959804 0.10943849
v 0.04947236 -0.02009803 0.11118838
v 0.04947236 -0.01959804 0.11118838
v 0.05185851 -0.02009803 0.11317410
v 0.05185851 -0.01959804 0.11317410
v 0.05399842 -0.02009803 0.11535590
v 0.05399842 -0.01959804 0.11535590
v 0.05587282 -0.02009803 0.11769057
v 0.05587282 -0.01959804 0.11769057
v 0.05747175 -0.02009803 0.12013375
v 0.05747175 -0.01959804 0.12013375
v 0.05879400 -0.02009803 0.12264224
v 0.05879400 -0.01959804 0.12264224
v 0.05984613 -0.02009803 0.12517576
v 0.05984613 -0.01959804 0.12517576
v 0.06066636 -0.02009803 0.12779357
v 0.06066636 -0.01959804 0.12779357
v 0.06126342 -0.02009803 0.13056565
v 0.06126342 -0.01959804 0.13056565
v 0.06160646 -0.02009803 0.13346532
v 0.06160646 -0.01959804 0.13346532
v 0.06166864 -0.02009803 0.13645868
v 0.06166864 -0.01959804 0.13645868
v 0.06142910 -0.02009803 0.13950532
v 0.06142910 -0.01959804 0.13950532
v 0.06087490 -0.02009803 0.14255977
v 0.06087490 -0.01959804 0.14255977
v 0.06000228 -0.02009803 0.14557330
v 0.06000228 -0.01959804 0.14557330
v 0.05881760 -0.02009803 0.14849648
v 0.05881760 -0.01959804 0.14849648
v 0.05733736 -0.02009803 0.15128168
v 0.05733736 -0.01959804 0.15128168
v 0.05558746 -0.02009803 0.15388566
v 0.05558746 -0.01959804 0.15388566
v 0.05360175 -0.02009803 0.15627182
v 0.05360175 -0.01959804 0.15627182
v 0.05141993 -0.02009803 0.15841174
v 0.05141993 -0.01959804 0.15841174
v 0.04908528 -0.02009803 0.16028612
v 0.04908528 -0.01959804 0.16028612
v 0.04664209 -0.02009803 0.16188504
v 0.04664209 -0.01959804 0.16188504
v 0.04413359 -0.02009803 0.16320730
v 0.04413359 -0.01959804 0.16320730
v 0.04160007 -0.02009803 0.16425942
v 0.04160007 -0.01959804 0.16425942
v 0.02076246 -0.02009803 0.10692971
v 0.03604531 -0.01959804 0.16469041
v 0.03872649 -0.02009803 0.16411292
v 0.03872649 -0.01959804 0.16411292
v 0.04125847 -0.01959804 0.16331962
v 0.03324072 -0.01959804 0.16502220
v 0.03604531 -0.02009803 0.16469041
v 0.03324072 -0.02009803 0.16502220
v 0.03034550 -0.02009803 0.16508236
v 0.02739873 -0.01959804 0.16485068
v 0.02739873 -0.02009803 0.16485068
v 0.03034550 -0.01959804 0.16508236
v 0.02444444 -0.01959804 0.16431462
v 0.02444444 -0.02009803 0.16431462
v 0.02152971 -0.01959804 0.16347062
v 0.02152971 -0.02009803 0.16347062
v 0.01870238 -0.01959804 0.16232478
v 0.01870238 -0.02009803 0.16232478
v 0.01600850 -0.02009803 0.16089307
v 0.01600850 -0.01959804 0.16089307
v 0.01348989 -0.01959804 0.15920055
v 0.01348989 -0.02009803 0.15920055
v 0.01118198 -0.01959804 0.15727996
v 0.01118198 -0.02009803 0.15727996
v 0.00911223 -0.02009803 0.15516967
v 0.00911223 -0.01959804 0.15516967
v 0.00729928 -0.01959804 0.15291155
v 0.00729928 -0.02009803 0.15291155
v 0.00575278 -0.01959804 0.15054847
v 0.00575278 -0.02009803 0.15054847
v 0.00447387 -0.01959804 0.14812222
v 0.00447387 -0.02009803 0.14812222
v 0.00345624 -0.01959804 0.14567177
v 0.00345624 -0.02009803 0.14567177
v 0.00266290 -0.01959804 0.14313979
v 0.00266290 -0.02009803 0.14313979
v 0.00208542 -0.01959804 0.14045860
v 0.00208542 -0.02009803 0.14045860
v 0.00175363 -0.01959804 0.13765401
v 0.00175363 -0.02009803 0.13765401
v 0.00169350 -0.01959804 0.13475880
v 0.00169350 -0.02009803 0.13475880
v 0.00192516 -0.01959804 0.13181203
v 0.00192516 -0.02009803 0.13181203
v 0.00246120 -0.01959804 0.12885775
v 0.00246120 -0.02009803 0.12885775
v 0.00330522 -0.01959804 0.12594301
v 0.00330522 -0.02009803 0.12594301
v 0.00445105 -0.01959804 0.12311567
v 0.00445105 -0.02009803 0.12311567
v 0.00588277 -0.01959804 0.12042179
v 0.00588277 -0.02009803 0.12042179
v 0.00757528 -0.02009803 0.11790318
v 0.00757528 -0.01959804 0.11790318
v 0.00949589 -0.02009803 0.11559527
v 0.00949589 -0.01959804 0.11559527
v 0.01160616 -0.02009803 0.11352552
v 0.01386429 -0.02009803 0.11171257
v 0.01160616 -0.01959804 0.11352552
v 0.01622738 -0.02009803 0.11016607
v 0.01386429 -0.01959804 0.11171257
v 0.01865361 -0.02009803 0.10888717
v 0.01622738 -0.01959804 0.11016607
v 0.02110407 -0.02009803 0.10786953
v 0.01865361 -0.01959804 0.10888717
v 0.02110407 -0.01959804 0.10786953
v 0.04125847 -0.02009803 0.16331962
v 0.01318636 -0.01809806 0.10078696
v 0.01168425 -0.02009803 0.10118194
v 0.01168425 -0.01809806 0.10118194
v 0.01004194 -0.02009803 0.10129488
v 0.01004194 -0.01809806 0.10129488
v 0.00834163 -0.02009803 0.10107368
v 0.00834163 -0.01809806 0.10107368
v 0.00668714 -0.02009803 0.10050033
v 0.00668714 -0.01809806 0.10050033
v 0.00518524 -0.02009803 0.09960012
v 0.00518524 -0.01809806 0.09960012
v 0.00392388 -0.02009803 0.09843868
v 0.00392388 -0.01809806 0.09843868
v 0.00295590 -0.02009803 0.09710715
v 0.00295590 -0.01809806 0.09710715
v 0.00229419 -0.02009803 0.09570199
v 0.00229419 -0.01809806 0.09570199
v 0.01318636 -0.02009803 0.10078696
v 0.01318636 0.01990145 0.10078696
v 0.01168425 0.01790147 0.10118194
v 0.01168425 0.01990145 0.10118194
v 0.01004194 0.01790147 0.10129488
v 0.01004194 0.01990145 0.10129488
v 0.00834163 0.01790147 0.10107368
v 0.00834163 0.01990145 0.10107368
v 0.00668714 0.01790147 0.10050033
v 0.00668714 0.01990145 0.10050033
v 0.00518523 0.01790147 0.09960012
v 0.00518523 0.01990145 0.09960012
v 0.00392388 0.01790147 0.09843868
v 0.00392388 0.01990145 0.09843868
v 0.00295590 0.01790147 0.09710715
v 0.00295590 0.01990145 0.09710715
v 0.00229419 0.01790147 0.09570199
v 0.00229419 0.01990145 0.09570199
v 0.01318636 0.01790147 0.10078696
v 0.04801600 0.01990145 0.12897873
v 0.04801600 0.01790148 0.12897873
v 0.04705010 0.01890146 0.12955390
v 0.04705010 0.01790148 0.12955390
v 0.04705010 0.01990145 0.12955390
v 0.04874363 0.01990145 0.12800346
v 0.04874363 0.01790148 0.12800346
v 0.04902406 0.01990145 0.12681941
v 0.04902406 0.01790148 0.12681941
v 0.04884480 0.01990145 0.12570962
v 0.04884480 0.01790148 0.12570962
v 0.04826961 0.01990145 0.12474373
v 0.04826961 0.01790148 0.12474373
v 0.04729434 0.01990145 0.12401609
v 0.04729434 0.01790148 0.12401609
v 0.04611030 0.01990145 0.12373566
v 0.04611030 0.01790148 0.12373566
v 0.04500050 0.01890146 0.12391492
v 0.04500050 0.01990145 0.12391492
v 0.04500050 0.01790148 0.12391492
v 0.01505237 -0.01809806 0.02421674
v 0.01316860 -0.01909805 0.02712152
v 0.01505237 -0.02009803 0.02421674
v 0.01316860 -0.02009803 0.02712152
v 0.01316860 -0.01809806 0.02712152
v 0.01655514 -0.02009803 0.02107940
v 0.01655514 -0.01809806 0.02107940
v 0.01763898 -0.02009803 0.01778667
v 0.01763898 -0.01809806 0.01778667
v 0.01828695 -0.02009803 0.01442224
v 0.01828695 -0.01809806 0.01442224
v 0.01850354 -0.02009803 0.01106947
v 0.01850354 -0.01809806 0.01106947
v 0.01831287 -0.02009803 0.00780493
v 0.01831287 -0.01809806 0.00780493
v 0.01775468 -0.02009803 0.00469352
v 0.01775468 -0.01809806 0.00469352
v 0.01687942 -0.02009803 0.00178544
v 0.01687942 -0.01809806 0.00178544
v 0.01594803 -0.02009803 -0.00045734
v 0.01594803 -0.01809806 -0.00045734
v 0.01477750 -0.02009803 -0.00267797
v 0.01477750 -0.01809806 -0.00267797
v 0.01336205 -0.02009803 -0.00484080
v 0.01336205 -0.01809806 -0.00484080
v 0.01170275 -0.01809806 -0.00690755
v 0.01170275 -0.02009803 -0.00690755
v 0.00980840 -0.01809806 -0.00883899
v 0.00769608 -0.01809806 -0.01059684
v 0.00980840 -0.02009803 -0.00883899
v 0.00769608 -0.02009803 -0.01059684
v 0.00539091 -0.02009803 -0.01214591
v 0.00539091 -0.01809806 -0.01214591
v 0.00292533 -0.02009803 -0.01345632
v 0.00292533 -0.01809806 -0.01345632
v 0.00033760 -0.02009803 -0.01450503
v 0.00033760 -0.01809806 -0.01450503
v -0.00233012 -0.01809806 -0.01527753
v -0.00233012 -0.02009803 -0.01527753
v -0.00503405 -0.02009803 -0.01576814
v -0.00503405 -0.01809806 -0.01576814
v -0.00773109 -0.02009803 -0.01598016
v -0.00773109 -0.01809806 -0.01598016
v -0.01038095 -0.02009803 -0.01592513
v -0.01038095 -0.01809806 -0.01592513
v -0.01294787 -0.02009803 -0.01562147
v -0.01294787 -0.01809806 -0.01562147
v -0.01540184 -0.01809806 -0.01509292
v -0.01771924 -0.01809806 -0.01436682
v -0.01540184 -0.02009803 -0.01509292
v -0.01771924 -0.02009803 -0.01436682
v 0.04801600 -0.01809806 0.12897873
v 0.04801600 -0.02009803 0.12897873
v 0.04705011 -0.01909804 0.12955390
v 0.04705011 -0.02009803 0.12955390
v 0.04705011 -0.01809806 0.12955390
v 0.04874363 -0.01809806 0.12800346
v 0.04874363 -0.02009803 0.12800346
v 0.04902406 -0.01809806 0.12681941
v 0.04902406 -0.02009803 0.12681941
v 0.04884480 -0.01809806 0.12570962
v 0.04884480 -0.02009803 0.12570962
v 0.04826961 -0.01809806 0.12474373
v 0.04826961 -0.02009803 0.12474373
v 0.04729434 -0.01809806 0.12401609
v 0.04729434 -0.02009803 0.12401609
v 0.04611030 -0.01809806 0.12373566
v 0.04611030 -0.02009803 0.12373566
v 0.04500050 -0.01909804 0.12391492
v 0.04500050 -0.01809806 0.12391492
v 0.04500050 -0.02009803 0.12391492
v 0.00295041 -0.02009803 0.00502809
v 0.00195853 -0.01909805 0.00549518
v 0.00295041 -0.01809806 0.00502809
v 0.00195853 -0.02009803 0.00549518
v 0.00195853 -0.01809806 0.00549518
v 0.00389031 -0.01809806 0.00434481
v 0.00389031 -0.02009803 0.00434481
v 0.00471015 -0.01809806 0.00345444
v 0.00471015 -0.02009803 0.00345444
v 0.00534559 -0.01809806 0.00239427
v 0.00534559 -0.02009803 0.00239427
v 0.00575030 -0.01809806 0.00122639
v 0.00575030 -0.02009803 0.00122639
v 0.00590645 -0.01809806 0.00002617
v 0.00590645 -0.02009803 0.00002617
v 0.00582673 -0.01809806 -0.00113311
v 0.00582673 -0.02009803 -0.00113311
v 0.00554792 -0.01809806 -0.00219342
v 0.00554792 -0.02009803 -0.00219342
v 0.00508083 -0.01809806 -0.00318529
v 0.00508083 -0.02009803 -0.00318529
v 0.00439755 -0.01809806 -0.00412520
v 0.00439755 -0.02009803 -0.00412520
v 0.00350718 -0.01809806 -0.00494503
v 0.00350718 -0.02009803 -0.00494503
v 0.00244702 -0.01809806 -0.00558047
v 0.00244702 -0.02009803 -0.00558047
v 0.00127914 -0.01809806 -0.00598518
v 0.00127914 -0.02009803 -0.00598518
v 0.00007892 -0.01809806 -0.00614133
v 0.00007892 -0.02009803 -0.00614133
v -0.00108036 -0.01809806 -0.00606162
v -0.00108036 -0.02009803 -0.00606162
v -0.00214067 -0.01909805 -0.00578280
v -0.00214067 -0.01809806 -0.00578280
v -0.00214067 -0.02009803 -0.00578280
v 0.01316860 0.01890146 0.02712152
v 0.01316860 0.01790147 0.02712152
v 0.01494444 0.01790147 0.02440734
v 0.01505237 0.01990145 0.02421674
v 0.01316860 0.01990145 0.02712152
v 0.01641120 0.01790147 0.02143030
v 0.01655514 0.01990145 0.02107940
v 0.01751568 0.01790147 0.01824546
v 0.01763898 0.01990145 0.01778667
v 0.01821860 0.01790147 0.01492137
v 0.01828695 0.01990145 0.01442224
v 0.01849847 0.01790147 0.01153532
v 0.01850354 0.01990145 0.01106947
v 0.01835370 0.01790147 0.00816751
v 0.01831287 0.01990145 0.00780493
v 0.01780231 0.01790147 0.00489486
v 0.01775468 0.01990145 0.00469352
v 0.01687942 0.01790147 0.00178544
v 0.01687942 0.01990145 0.00178544
v 0.01594802 0.01790147 -0.00045734
v 0.01594802 0.01990145 -0.00045734
v 0.01477750 0.01790147 -0.00267797
v 0.01477750 0.01990145 -0.00267797
v 0.01336205 0.01790147 -0.00484080
v 0.01336205 0.01990145 -0.00484080
v 0.01170275 0.01790147 -0.00690755
v 0.01170275 0.01990145 -0.00690755
v 0.00980840 0.01790147 -0.00883899
v 0.00980840 0.01990145 -0.00883899
v 0.00769608 0.01790147 -0.01059684
v 0.00769608 0.01990145 -0.01059684
v 0.00539090 0.01790147 -0.01214591
v 0.00539090 0.01990145 -0.01214591
v 0.00292532 0.01790147 -0.01345632
v 0.00292532 0.01990145 -0.01345632
v 0.00033760 0.01790147 -0.01450503
v 0.00033760 0.01990145 -0.01450503
v -0.00233012 0.01790147 -0.01527753
v -0.00233012 0.01990145 -0.01527753
v -0.00503405 0.01790147 -0.01576814
v -0.00503405 0.01990145 -0.01576814
v -0.00773109 0.01990145 -0.01598016
v -0.01038095 0.01990145 -0.01592513
v -0.00773109 0.01790147 -0.01598016
v -0.01038095 0.01790147 -0.01592513
v -0.01294787 0.01990145 -0.01562147
v -0.01540184 0.01990145 -0.01509292
v -0.01294787 0.01790147 -0.01562147
v -0.01771924 0.01990145 -0.01436682
v -0.01540184 0.01790147 -0.01509292
v -0.01771924 0.01790147 -0.01436682
v -0.03718412 -0.02009803 0.04111182
v -0.03718402 -0.02009803 0.02683606
v -0.02256036 -0.02009803 0.02683617
v -0.02256025 -0.02009803 0.01256040
v -0.00793658 -0.02009803 0.01256051
v -0.00973961 -0.02009803 0.04223929
v -0.02256046 -0.02009803 0.04111193
v -0.00793669 -0.02009803 0.02683628
v -0.00833445 -0.02009803 0.04157758
v -0.01107114 -0.02009803 0.04320727
v -0.01223258 -0.02009803 0.04446863
v -0.01313278 -0.02009803 0.04597052
v -0.01370612 -0.02009803 0.04762503
v -0.01392733 -0.02009803 0.04932533
v -0.01381441 -0.02009803 0.05096764
v -0.02256067 -0.02009803 0.06966343
v -0.01341942 -0.02009803 0.05246975
v -0.01027670 -0.02009803 0.06111619
v -0.03382237 -0.02009803 0.06951893
v -0.02807937 -0.02009803 0.06364784
v -0.02743199 -0.02009803 0.06354327
v -0.00793710 -0.02009803 0.08393931
v -0.00713398 -0.02009803 0.06976265
v -0.02256077 -0.02009803 0.08393920
v -0.03132868 -0.02009803 0.07637971
v -0.02628051 -0.02009803 0.06194814
v -0.02638509 -0.02009803 0.06130077
v -0.02686856 -0.02009803 0.06320775
v -0.02644410 -0.02009803 0.06263884
v -0.02967449 -0.02009803 0.06249636
v -0.02933897 -0.02009803 0.06305980
v -0.02877006 -0.02009803 0.06348425
v -0.03631605 -0.02009803 0.06265816
v -0.03080386 -0.02009803 0.05902949
v -0.03069929 -0.02009803 0.05967686
v -0.03880974 -0.02009803 0.05579739
v -0.03035770 -0.02009803 0.06061671
v -0.03001609 -0.02009803 0.06155654
v -0.03942375 -0.02009803 0.04825341
v -0.02965240 -0.02009803 0.05743436
v -0.04036357 -0.02009804 0.04859502
v -0.04130341 -0.02009804 0.04893662
v -0.03021582 -0.02009803 0.05776988
v -0.03064028 -0.02009803 0.05833879
v -0.02831431 -0.02009803 0.05749338
v -0.02740988 -0.02009803 0.05848127
v -0.02774541 -0.02009803 0.05791783
v -0.02900501 -0.02009803 0.05732979
v -0.02689749 -0.02009803 0.05989102
v -0.03976534 -0.02009804 0.04731359
v -0.04010695 -0.02009804 0.04637376
v -0.04104678 -0.02009804 0.04671535
v -0.04444186 -0.02009804 0.04030192
v -0.04198661 -0.02009804 0.04705696
v -0.04689712 -0.02009804 0.03354688
v -0.04935237 -0.02009804 0.02679182
v -0.05180763 -0.02009804 0.02003678
v -0.04992796 -0.02009804 0.01935358
v -0.04911788 -0.02009804 0.01891388
v -0.04845186 -0.02009804 0.01820878
v -0.04804561 -0.02009804 0.01732805
v -0.03718392 -0.02009803 0.01256030
v -0.04793931 -0.02009804 0.01641249
v -0.04801274 -0.02009804 0.01451394
v -0.04808615 -0.02009804 0.01261537
v -0.04128420 -0.02009804 0.00574694
v -0.03448224 -0.02009803 -0.00112150
v -0.02768028 -0.02009803 -0.00798993
v -0.00608858 -0.02009803 -0.00031380
v -0.02547719 -0.02009803 -0.00998235
v -0.02305323 -0.02009803 -0.01173051
v -0.00593244 -0.02009803 -0.00151402
v -0.02045090 -0.02009803 -0.01320007
v -0.01771924 -0.02009803 -0.01436682
v -0.00552772 -0.02009803 -0.00268190
v -0.01540184 -0.02009803 -0.01509292
v -0.00489229 -0.02009803 -0.00374207
v -0.01294787 -0.02009803 -0.01562147
v -0.01038095 -0.02009803 -0.01592513
v -0.00407244 -0.02009803 -0.00463244
v -0.00773109 -0.02009803 -0.01598016
v -0.00313254 -0.02009803 -0.00531571
v -0.00503405 -0.02009803 -0.01576814
v -0.00214067 -0.02009803 -0.00578280
v -0.00233012 -0.02009803 -0.01527753
v -0.00108036 -0.02009803 -0.00606162
v 0.00033760 -0.02009803 -0.01450503
v 0.00007892 -0.02009803 -0.00614133
v 0.00292533 -0.02009803 -0.01345632
v 0.00127914 -0.02009803 -0.00598518
v 0.00539091 -0.02009803 -0.01214591
v 0.00244702 -0.02009803 -0.00558047
v 0.00769608 -0.02009803 -0.01059684
v 0.00350718 -0.02009803 -0.00494503
v 0.00439755 -0.02009803 -0.00412520
v 0.00980840 -0.02009803 -0.00883899
v 0.00508083 -0.02009803 -0.00318529
v 0.01170275 -0.02009803 -0.00690755
v 0.00554792 -0.02009803 -0.00219342
v 0.01336205 -0.02009803 -0.00484080
v 0.00582673 -0.02009803 -0.00113311
v 0.01477750 -0.02009803 -0.00267797
v 0.00590645 -0.02009803 0.00002617
v 0.01594803 -0.02009803 -0.00045734
v 0.00575030 -0.02009803 0.00122639
v 0.01687942 -0.02009803 0.00178544
v 0.01775468 -0.02009803 0.00469352
v 0.00534559 -0.02009803 0.00239427
v 0.00471015 -0.02009803 0.00345444
v 0.01831287 -0.02009803 0.00780493
v 0.00668707 -0.02009803 0.01256062
v 0.00668697 -0.02009803 0.02683638
v -0.00026105 -0.02009803 0.00585371
v 0.01505237 -0.02009803 0.02421674
v 0.01850354 -0.02009803 0.01106947
v 0.01828695 -0.02009803 0.01442224
v 0.01763898 -0.02009803 0.01778667
v 0.01655514 -0.02009803 0.02107940
v 0.00089823 -0.02009803 0.00577398
v 0.00195853 -0.02009803 0.00549518
v 0.00295041 -0.02009803 0.00502809
v 0.00389031 -0.02009803 0.00434481
v 0.01316860 -0.02009803 0.02712152
v 0.01268022 -0.02009803 0.02787460
v 0.01229061 -0.02009803 0.02868799
v 0.01200961 -0.02009803 0.02954165
v 0.01184162 -0.02009803 0.03041391
v 0.01183491 -0.02009803 0.03212951
v 0.00668687 -0.02009803 0.04111214
v 0.01220654 -0.02009803 0.03369012
v 0.01177691 -0.02009803 0.04129005
v 0.01146281 -0.02009803 0.04143797
v 0.01211267 -0.02009803 0.04120177
v 0.01247977 -0.02009803 0.04117654
v 0.01285984 -0.02009803 0.04122598
v 0.01557374 -0.02009803 0.04295419
v 0.01384734 -0.02009803 0.04181497
v 0.01356539 -0.02009803 0.04155535
v 0.01322967 -0.02009803 0.04135414
v 0.01421162 -0.02009803 0.04242670
v 0.01406372 -0.02009803 0.04211262
v 0.01432516 -0.02009803 0.04312958
v 0.01429991 -0.02009803 0.04276247
v 0.01237212 -0.02009803 0.04497495
v 0.01427572 -0.02009803 0.04350963
v 0.01368671 -0.02009803 0.04449713
v 0.01052673 -0.02009803 0.04302191
v 0.01162222 -0.02009803 0.04479734
v 0.01055198 -0.02009803 0.04338901
v 0.01199205 -0.02009803 0.04492550
v 0.00570044 -0.02009803 0.05530900
v 0.01894095 -0.02009803 0.05221823
v 0.01273923 -0.02009803 0.04494971
v 0.01307499 -0.02009803 0.04486142
v 0.01338908 -0.02009803 0.04471352
v 0.01128651 -0.02009803 0.04459613
v 0.00255772 -0.02009803 0.04666253
v 0.00884316 -0.02009803 0.06395545
v 0.00189600 -0.02009803 0.04525740
v 0.01064027 -0.02009803 0.04372478
v 0.01078818 -0.02009803 0.04403887
v 0.01100455 -0.02009803 0.04433651
v 0.00092803 -0.02009803 0.04392587
v -0.00033334 -0.02009803 0.04276442
v -0.00183524 -0.02009803 0.04186422
v -0.00348973 -0.02009803 0.04129088
v -0.00519004 -0.02009803 0.04106967
v -0.00683236 -0.02009803 0.04118259
v 0.02230815 -0.02009803 0.06148229
v 0.01198588 -0.02009803 0.07260189
v 0.02567535 -0.02009803 0.07074635
v 0.01512860 -0.02009803 0.08124834
v 0.02904255 -0.02009803 0.08001039
v 0.02687879 -0.02009803 0.08488660
v 0.02819339 -0.02009803 0.08440878
v 0.02782628 -0.02009803 0.08443402
v 0.02749051 -0.02009803 0.08452232
v 0.02927900 -0.02009803 0.08478760
v 0.02894328 -0.02009803 0.08458638
v 0.02857345 -0.02009803 0.08445822
v 0.02956095 -0.02009803 0.08504723
v 0.02717642 -0.02009803 0.08467022
v 0.02977732 -0.02009803 0.08534487
v 0.02992523 -0.02009803 0.08565895
v 0.03240975 -0.02009803 0.08927445
v 0.02641795 -0.02009803 0.08550427
v 0.02661917 -0.02009803 0.08516855
v 0.02635387 -0.02009803 0.08695703
v 0.02628979 -0.02009803 0.08587410
v 0.02626559 -0.02009803 0.08662127
v 0.01827133 -0.02009803 0.08989480
v 0.02624034 -0.02009803 0.08625416
v 0.01866631 -0.02009803 0.09139689
v 0.02650179 -0.02009803 0.08727113
v 0.02671815 -0.02009803 0.08756877
v 0.02700011 -0.02009803 0.08782838
v 0.02733583 -0.02009803 0.08802960
v 0.01877924 -0.02009803 0.09303921
v 0.02770566 -0.02009803 0.08815776
v 0.01855803 -0.02009803 0.09473952
v 0.02808572 -0.02009803 0.08820721
v 0.02905202 -0.02009803 0.10516939
v 0.02615235 -0.02009803 0.10551242
v 0.01798468 -0.02009803 0.09639401
v 0.02338028 -0.02009803 0.10610948
v 0.02076246 -0.02009803 0.10692971
v 0.01708447 -0.02009803 0.09789591
v 0.01592304 -0.02009803 0.09915727
v 0.01459150 -0.02009803 0.10012525
v 0.01822894 -0.02009803 0.10798183
v 0.01318636 -0.02009803 0.10078696
v 0.01572046 -0.02009803 0.10930408
v 0.01168425 -0.02009803 0.10118194
v 0.01327727 -0.02009803 0.11090302
v 0.00834163 -0.02009803 0.10107368
v 0.01004194 -0.02009803 0.10129488
v 0.01094260 -0.02009803 0.11277742
v 0.00668714 -0.02009803 0.10050033
v 0.00876079 -0.02009803 0.11491732
v 0.00518524 -0.02009803 0.09960012
v -0.00793731 -0.02009803 0.11249081
v 0.00392388 -0.02009803 0.09843868
v 0.00295590 -0.02009803 0.09710715
v 0.00229419 -0.02009803 0.09570199
v -0.00084853 -0.02009803 0.08705555
v -0.00399126 -0.02009803 0.07840910
v -0.01886028 -0.02009803 0.11068355
v -0.01376799 -0.02009803 0.10113654
v -0.01448693 -0.02009803 0.11686112
v -0.01261651 -0.02009803 0.09954141
v -0.01414534 -0.02009803 0.11780096
v -0.01380374 -0.02009803 0.11874078
v -0.01320455 -0.02009803 0.10080101
v -0.01278010 -0.02009803 0.10023211
v -0.00793741 -0.02009803 0.12676657
v 0.00354495 -0.02009803 0.12269265
v 0.00502519 -0.02009803 0.11990747
v 0.00677508 -0.02009803 0.11730348
v 0.00236025 -0.02009803 0.12561583
v 0.00148764 -0.02009803 0.12862937
v 0.00093343 -0.02009803 0.13168381
v -0.01127381 -0.02009803 0.13155591
v 0.00069390 -0.02009803 0.13473047
v -0.00906903 -0.02009803 0.13762189
v -0.01347861 -0.02009803 0.12548995
v 0.00075608 -0.02009803 0.13772383
v -0.00686423 -0.02009803 0.14368786
v -0.00350326 -0.02009803 0.14422170
v 0.00109912 -0.02009803 0.14062349
v -0.00275366 -0.02009803 0.14444394
v -0.00206464 -0.02009803 0.14487050
v 0.00169618 -0.02009803 0.14339556
v -0.00151494 -0.02009803 0.14546596
v -0.00115437 -0.02009803 0.14615971
v 0.00251641 -0.02009803 0.14601337
v 0.00356854 -0.02009803 0.14854689
v -0.00077300 -0.02009803 0.14720898
v 0.00039986 -0.02009803 0.15003323
v 0.00489080 -0.02009803 0.15105539
v 0.00648972 -0.02009803 0.15349857
v 0.00187386 -0.02009803 0.15282957
v 0.00365627 -0.02009803 0.15555312
v 0.00836412 -0.02009803 0.15583323
v 0.00574576 -0.02009803 0.15815570
v 0.01050403 -0.02009803 0.15801505
v 0.00813124 -0.02009803 0.16058788
v 0.01289018 -0.02009803 0.16000075
v 0.01549417 -0.02009803 0.16175066
v 0.01079120 -0.02009803 0.16280145
v 0.01369401 -0.02009803 0.16475217
v 0.01827936 -0.02009803 0.16323088
v 0.01679881 -0.02009803 0.16640228
v 0.02120253 -0.02009803 0.16441559
v 0.02005744 -0.02009803 0.16772290
v 0.02421607 -0.02009803 0.16528822
v 0.02341679 -0.02009803 0.16869567
v 0.02727052 -0.02009803 0.16584240
v 0.02682173 -0.02009803 0.16931348
v 0.03031717 -0.02009803 0.16608193
v 0.03021801 -0.02009803 0.16958047
v 0.03355487 -0.02009803 0.16951116
v 0.03331053 -0.02009803 0.16601975
v 0.03678728 -0.02009803 0.16912877
v 0.03621020 -0.02009803 0.16567672
v 0.03987747 -0.02009803 0.16846318
v 0.03898226 -0.02009803 0.16507965
v 0.04279567 -0.02009803 0.16754885
v 0.04561993 -0.02009803 0.16637597
v 0.04160007 -0.02009803 0.16425942
v 0.04413359 -0.02009803 0.16320730
v 0.04841627 -0.02009803 0.16490198
v 0.04664209 -0.02009803 0.16188504
v 0.05113983 -0.02009803 0.16311958
v 0.04908528 -0.02009803 0.16028612
v 0.05374241 -0.02009803 0.16103009
v 0.05141993 -0.02009803 0.15841174
v 0.05617459 -0.02009803 0.15864461
v 0.05360175 -0.02009803 0.15627182
v 0.05838816 -0.02009803 0.15598463
v 0.05558746 -0.02009803 0.15388566
v 0.06033887 -0.02009803 0.15308185
v 0.05733736 -0.02009803 0.15128168
v 0.06198898 -0.02009803 0.14997704
v 0.05881760 -0.02009803 0.14849648
v 0.06330961 -0.02009803 0.14671839
v 0.06000228 -0.02009803 0.14557330
v 0.06428237 -0.02009803 0.14335905
v 0.06087490 -0.02009803 0.14255977
v 0.06490017 -0.02009803 0.13995410
v 0.06142910 -0.02009803 0.13950532
v 0.06516718 -0.02009803 0.13655783
v 0.06166864 -0.02009803 0.13645868
v 0.06509787 -0.02009803 0.13322097
v 0.06160646 -0.02009803 0.13346532
v 0.06126342 -0.02009803 0.13056565
v 0.06471547 -0.02009803 0.12998856
v 0.06066636 -0.02009803 0.12779357
v 0.06404988 -0.02009803 0.12689838
v 0.05984613 -0.02009803 0.12517576
v 0.06313554 -0.02009803 0.12398016
v 0.05879400 -0.02009803 0.12264224
v 0.06170000 -0.02009803 0.12060867
v 0.05747175 -0.02009803 0.12013375
v 0.05983233 -0.02009803 0.11728920
v 0.05587282 -0.02009803 0.11769057
v 0.05752429 -0.02009803 0.11410002
v 0.05478613 -0.02009803 0.11112458
v 0.05399842 -0.02009803 0.11535590
v 0.05185851 -0.02009803 0.11317410
v 0.05164879 -0.02009803 0.10844589
v 0.04947236 -0.02009803 0.11118838
v 0.04686837 -0.02009803 0.10943849
v 0.04816401 -0.02009803 0.10614026
v 0.04408318 -0.02009803 0.10795825
v 0.04116000 -0.02009803 0.10677356
v 0.04440222 -0.02009803 0.10427083
v 0.04044792 -0.02009803 0.10288221
v 0.03814647 -0.02009803 0.10590093
v 0.03885932 -0.02009803 0.10221143
v 0.03509204 -0.02009803 0.10534674
v 0.03749594 -0.02009803 0.10118525
v 0.03645702 -0.02009803 0.09991606
v 0.03204538 -0.02009803 0.10510721
v 0.03577695 -0.02009803 0.09853851
v -0.01568340 -0.02009803 0.11942399
v -0.01474357 -0.02009803 0.11908239
v -0.01441536 -0.02009803 0.10124110
v -0.01567497 -0.02009803 0.10065307
v -0.01510606 -0.02009803 0.10107752
v -0.02135396 -0.02009803 0.10382279
v -0.01652290 -0.02009803 0.09867988
v -0.01601049 -0.02009803 0.10008963
v -0.02384765 -0.02009803 0.09696202
v -0.02634133 -0.02009803 0.09010125
v -0.01655182 -0.02009803 0.09536315
v -0.01703529 -0.02009803 0.09727013
v -0.01713986 -0.02009803 0.09662276
v -0.01697628 -0.02009803 0.09593206
v -0.01598839 -0.02009803 0.09502762
v -0.01534101 -0.02009803 0.09492306
v -0.01408141 -0.02009803 0.09551110
v -0.01465031 -0.02009803 0.09508663
v -0.01374588 -0.02009803 0.09607452
v -0.01323348 -0.02009803 0.09748427
v -0.01272108 -0.02009803 0.09889403
v -0.02883501 -0.02009803 0.08324048
v -0.01542677 -0.02009803 0.11720272
v -0.01636661 -0.02009803 0.11754432
v 0.02845284 -0.02009803 0.08818196
v 0.02878859 -0.02009803 0.08809368
v 0.02940033 -0.02009803 0.08772939
v 0.02910269 -0.02009803 0.08794576
v 0.02998932 -0.02009803 0.08674190
v 0.02965994 -0.02009803 0.08744744
v 0.02986117 -0.02009803 0.08711172
v 0.03001352 -0.02009803 0.08599471
v 0.03003877 -0.02009803 0.08636182
v 0.01394633 -0.02009803 0.04421519
v 0.01414756 -0.02009803 0.04387947
v 0.01116518 -0.02009803 0.04165435
v 0.01057618 -0.02009803 0.04264185
v 0.01070434 -0.02009803 0.04227201
v 0.01090556 -0.02009803 0.04193630
v -0.00146127 -0.02009803 0.00569756
v -0.00262915 -0.02009803 0.00529284
v -0.00368931 -0.02009803 0.00465741
v -0.00457969 -0.02009803 0.00383756
v -0.00526296 -0.02009803 0.00289765
v -0.00573006 -0.02009803 0.00190579
v -0.00600886 -0.02009803 0.00084547
v 0.02887437 -0.02006866 0.08458448
v 0.02642853 -0.02006866 0.08559757
v 0.02744162 -0.02006866 0.08804347
v 0.02779280 -0.02006866 0.08814996
v 0.02948168 -0.02006866 0.08763764
v 0.02815798 -0.02006866 0.08818595
v 0.02852320 -0.02006866 0.08814996
v 0.02919797 -0.02006866 0.08787049
v 0.02887434 -0.02006866 0.08804348
v 0.02971453 -0.02006866 0.08735394
v 0.02999401 -0.02006866 0.08667915
v 0.02988752 -0.02006866 0.08703032
v 0.03003000 -0.02006866 0.08631394
v 0.02999401 -0.02006866 0.08594874
v 0.02919799 -0.02006866 0.08475747
v 0.02988753 -0.02006866 0.08559754
v 0.02971454 -0.02006866 0.08527391
v 0.02948170 -0.02006866 0.08499021
v 0.02852320 -0.02006866 0.08447787
v 0.02815799 -0.02006866 0.08444200
v 0.02779279 -0.02006866 0.08447787
v 0.02744159 -0.02006866 0.08458447
v 0.02711796 -0.02006866 0.08475745
v 0.02683426 -0.02006866 0.08499019
v 0.02660152 -0.02006866 0.08527389
v 0.02632193 -0.02006866 0.08594874
v 0.02628594 -0.02006866 0.08631394
v 0.02632192 -0.02006866 0.08667915
v 0.02642852 -0.02006866 0.08703034
v 0.02660151 -0.02006866 0.08735392
v 0.02683424 -0.02006866 0.08763762
v 0.02711793 -0.02006866 0.08787048
v -0.04835044 0.00490164 0.02954840
v -0.04835044 -0.00009830 0.02954840
v -0.04489326 -0.00009830 0.03906001
v -0.04489326 -0.00509823 0.03906001
v -0.04143607 -0.00509823 0.04857163
v -0.04489326 0.00490164 0.03906001
v -0.04143607 -0.00009830 0.04857163
v -0.04143607 0.00490164 0.04857163
v -0.03797889 -0.00009830 0.05808325
v -0.03797889 -0.00509823 0.05808325
v -0.03797889 0.00490164 0.05808325
v -0.03452171 -0.00509823 0.06759487
v -0.03452171 -0.00009830 0.06759487
v -0.03452171 0.00490164 0.06759487
v -0.03106452 -0.00009830 0.07710651
v -0.03106452 -0.00509823 0.07710651
v -0.03106452 -0.01009816 0.07710651
v -0.02760734 -0.01009816 0.08661813
v -0.02760734 -0.00509823 0.08661813
v -0.03452171 -0.01009816 0.06759487
v -0.03359203 -0.01166835 0.07015265
v -0.02760734 -0.01509810 0.08661813
v -0.03106452 -0.01509810 0.07710651
v -0.03337617 -0.01259813 0.07074653
v -0.03347623 -0.01189104 0.07047126
v -0.03340016 -0.01223005 0.07068054
v -0.03340016 -0.01296623 0.07068054
v -0.03347623 -0.01330523 0.07047126
v -0.03359203 -0.01352791 0.07015265
v -0.03371777 -0.01359812 0.06980670
v -0.03452171 -0.01509810 0.06759487
v -0.03384352 -0.01352791 0.06946075
v -0.03395933 -0.01330523 0.06914213
v -0.03403539 -0.01296623 0.06893286
v -0.03405937 -0.01259813 0.06886686
v -0.03403539 -0.01223005 0.06893286
v -0.03395933 -0.01189104 0.06914213
v -0.03384352 -0.01166835 0.06946075
v -0.03371777 -0.01159815 0.06980670
v -0.03797889 -0.01509810 0.05808325
v -0.03631605 -0.02009803 0.06265816
v -0.03382237 -0.02009803 0.06951893
v -0.03132868 -0.02009803 0.07637971
v -0.02883501 -0.02009803 0.08324048
v -0.02634133 -0.02009803 0.09010125
v -0.02415015 -0.01509810 0.09612975
v -0.02384765 -0.02009803 0.09696202
v -0.02135396 -0.02009803 0.10382279
v -0.02069297 -0.01509810 0.10564137
v -0.01886028 -0.02009803 0.11068355
v -0.01636661 -0.02009803 0.11754432
v -0.01636661 -0.01909805 0.11754432
v -0.01636661 -0.01809806 0.11754432
v -0.01723578 -0.01509810 0.11515299
v -0.01634262 -0.01772998 0.11761032
v -0.01626655 -0.01739097 0.11781958
v -0.01615074 -0.01716828 0.11813820
v -0.01602501 -0.01709807 0.11848416
v -0.01377859 -0.01509810 0.12466461
v -0.01589926 -0.01716828 0.11883010
v -0.01578345 -0.01739097 0.11914872
v -0.01570739 -0.01772998 0.11935799
v -0.01347861 -0.02009803 0.12548995
v -0.01568340 -0.01809806 0.11942399
v -0.01180698 -0.01459811 0.13008906
v -0.01568340 -0.01909805 0.11942399
v -0.01568340 -0.02009803 0.11942399
v -0.01127381 -0.02009803 0.13155591
v -0.01168123 -0.01452790 0.13043499
v -0.00906903 -0.02009803 0.13762189
v -0.00686423 -0.01343146 0.14368786
v -0.01156542 -0.01430522 0.13075361
v -0.00686423 -0.02009803 0.14368786
v -0.01148935 -0.01396621 0.13096290
v -0.00925543 -0.00809819 0.13710903
v -0.01156542 -0.01289103 0.13075361
v -0.01148935 -0.01323003 0.13096290
v -0.01146538 -0.01359812 0.13102890
v -0.00906681 -0.00799287 0.13762795
v -0.00686423 -0.00676487 0.14368786
v -0.00877900 -0.00604608 0.13841979
v -0.00889310 -0.00553756 0.13810587
v -0.00686423 -0.00009830 0.14368786
v -0.00874303 -0.00659821 0.13851878
v -0.00889310 -0.00765886 0.13810587
v -0.00877900 -0.00715035 0.13841979
v -0.00925543 0.00490164 0.13710903
v -0.01032141 -0.00009830 0.13417622
v -0.00925543 -0.00509823 0.13710903
v -0.00906682 0.00500696 0.13762795
v -0.00889310 0.00534098 0.13810587
v -0.00906682 -0.00520355 0.13762795
v -0.00686423 0.00656828 0.14368786
v -0.00877901 0.00584949 0.13841979
v -0.00874303 0.00640162 0.13851878
v -0.00686423 0.01323486 0.14368786
v -0.00906682 0.00779628 0.13762795
v -0.00889310 0.00746227 0.13810587
v -0.00877901 0.00695375 0.13841979
v -0.01156542 0.01269443 0.13075361
v -0.00925543 0.00790160 0.13710903
v -0.01148936 0.01303344 0.13096290
v -0.01146538 0.01340153 0.13102890
v -0.01156542 0.01410862 0.13075361
v -0.01148936 0.01376962 0.13096290
v -0.00906903 0.01990145 0.13762189
v -0.00686423 0.01990145 0.14368786
v -0.01168123 0.01247175 0.13043499
v -0.00944404 0.00779628 0.13659011
v -0.01180698 0.01240154 0.13008906
v -0.00961775 0.00746227 0.13611218
v -0.01377859 0.00990158 0.12466461
v -0.00973185 0.00695375 0.13579827
v -0.01377859 0.00490164 0.12466461
v -0.00976783 0.00640162 0.13569929
v -0.01723578 0.00990158 0.11515299
v -0.01723578 0.00490164 0.11515299
v -0.01377859 -0.00009830 0.12466461
v -0.00961775 0.00534097 0.13611218
v -0.00973185 0.00584949 0.13579827
v -0.00944404 0.00500696 0.13659011
v -0.01723578 -0.00009830 0.11515299
v -0.01377859 -0.00509823 0.12466461
v -0.02069297 0.00490164 0.10564137
v -0.02069297 -0.00009830 0.10564137
v -0.01723578 -0.00509823 0.11515299
v -0.02415015 0.00490164 0.09612975
v -0.02415015 -0.00009830 0.09612975
v -0.02069297 -0.00509823 0.10564137
v -0.02415015 -0.00509823 0.09612975
v -0.02069297 -0.01009816 0.10564137
v -0.01723578 -0.01009816 0.11515299
v -0.02415015 -0.01009816 0.09612975
v -0.02551937 -0.01159814 0.09236266
v -0.02517777 -0.01259813 0.09330250
v -0.02539363 -0.01166835 0.09270859
v -0.02520176 -0.01223005 0.09323650
v -0.02527782 -0.01189104 0.09302721
v -0.02520176 -0.01296623 0.09323650
v -0.02527782 -0.01330523 0.09302721
v -0.02539363 -0.01352791 0.09270859
v -0.02551937 -0.01359812 0.09236266
v -0.02564511 -0.01352791 0.09201671
v -0.02576093 -0.01330523 0.09169810
v -0.02583698 -0.01296623 0.09148881
v -0.02586097 -0.01259813 0.09142283
v -0.02583698 -0.01223005 0.09148881
v -0.02576093 -0.01189104 0.09169810
v -0.02564511 -0.01166835 0.09201671
v -0.01377859 -0.01009816 0.12466461
v -0.01212458 -0.01323003 0.12921521
v -0.00973185 -0.00715035 0.13579827
v -0.01193272 -0.01266834 0.12974311
v -0.01204853 -0.01289103 0.12942449
v -0.01180698 -0.01259813 0.13008906
v -0.00961775 -0.00765886 0.13611218
v -0.00976783 -0.00659821 0.13569929
v -0.00973185 -0.00604608 0.13579827
v -0.00961775 -0.00553756 0.13611218
v -0.00944404 -0.00520355 0.13659011
v -0.00944404 -0.00799287 0.13659011
v -0.01168123 -0.01266834 0.13043499
v -0.01214857 -0.01359812 0.12914922
v -0.01212458 -0.01396621 0.12921521
v -0.01204853 -0.01430522 0.12942449
v -0.01193272 -0.01452790 0.12974311
v -0.02760734 -0.00009830 0.08661813
v -0.02760734 0.00490164 0.08661813
v -0.03106452 0.00490164 0.07710651
v -0.03452171 0.00990158 0.06759487
v -0.03106452 0.00990158 0.07710651
v -0.03797889 0.00990158 0.05808325
v -0.03452171 0.01490151 0.06759487
v -0.03405937 0.01240154 0.06886686
v -0.03359203 0.01147177 0.07015265
v -0.03395933 0.01169444 0.06914213
v -0.03403539 0.01203345 0.06893286
v -0.03371777 0.01140156 0.06980670
v -0.03384352 0.01147177 0.06946075
v -0.03347624 0.01169444 0.07047126
v -0.03340016 0.01203345 0.07068054
v -0.03337618 0.01240154 0.07074653
v -0.03106452 0.01490151 0.07710651
v -0.03340016 0.01276963 0.07068054
v -0.02760734 0.01490151 0.08661813
v -0.02883501 0.01990145 0.08324048
v -0.02760734 0.00990158 0.08661813
v -0.03382237 0.01990145 0.06951893
v -0.03359203 0.01333132 0.07015265
v -0.03347624 0.01310863 0.07047126
v -0.03132868 0.01990145 0.07637971
v -0.02564511 0.01147177 0.09201671
v -0.02576093 0.01169444 0.09169810
v -0.02583698 0.01203345 0.09148881
v -0.02586097 0.01240154 0.09142283
v -0.02551937 0.01140156 0.09236266
v -0.02415015 0.00990158 0.09612975
v -0.02539363 0.01147177 0.09270859
v -0.02527782 0.01169444 0.09302721
v -0.02520177 0.01203345 0.09323650
v -0.02069297 0.00990158 0.10564137
v -0.02415015 0.01490151 0.09612975
v -0.02517778 0.01240154 0.09330250
v -0.02520177 0.01276963 0.09323650
v -0.02527782 0.01310863 0.09302721
v -0.02539363 0.01333132 0.09270859
v -0.02551937 0.01340153 0.09236266
v -0.02564511 0.01333132 0.09201671
v -0.02576093 0.01310863 0.09169810
v -0.02583698 0.01276963 0.09148881
v -0.02634133 0.01990145 0.09010125
v -0.02069297 0.01490151 0.10564137
v -0.02135396 0.01990145 0.10382279
v -0.02384765 0.01990145 0.09696202
v -0.01886028 0.01990145 0.11068355
v -0.01636661 0.01790147 0.11754432
v -0.01636661 0.01890146 0.11754432
v -0.01634262 0.01753338 0.11761032
v -0.01636661 0.01990145 0.11754432
v -0.01723578 0.01490151 0.11515299
v -0.01626655 0.01719437 0.11781958
v -0.01615074 0.01697169 0.11813820
v -0.01602501 0.01690149 0.11848416
v -0.01377859 0.01490151 0.12466461
v -0.01589926 0.01697169 0.11883010
v -0.01578346 0.01719437 0.11914872
v -0.01570739 0.01753338 0.11935799
v -0.01568340 0.01790147 0.11942399
v -0.01347861 0.01990145 0.12548995
v -0.01180698 0.01440152 0.13008906
v -0.01568340 0.01990145 0.11942399
v -0.01568340 0.01890146 0.11942399
v -0.01127381 0.01990145 0.13155591
v -0.01168123 0.01433131 0.13043499
v -0.01193272 0.01433131 0.12974311
v -0.01204853 0.01410862 0.12942449
v -0.01212459 0.01376962 0.12921521
v -0.01214858 0.01340153 0.12914922
v -0.01212459 0.01303344 0.12921521
v -0.01204853 0.01269443 0.12942449
v -0.01193272 0.01247175 0.12974311
v -0.03631605 0.01990145 0.06265816
v -0.03880974 0.01990145 0.05579739
v -0.03797889 0.01490151 0.05808325
v -0.04140346 0.01719437 0.04866135
v -0.04143607 0.01490151 0.04857163
v -0.04132739 0.01753338 0.04887064
v -0.04130342 0.01790147 0.04893662
v -0.04130342 0.01890146 0.04893662
v -0.04130342 0.01990145 0.04893662
v -0.04151927 0.01697169 0.04834273
v -0.04164501 0.01690148 0.04799680
v -0.04177076 0.01697169 0.04765083
v -0.04489326 0.01490151 0.03906001
v -0.04188656 0.01719437 0.04733223
v -0.04196264 0.01753338 0.04712295
v -0.04198661 0.01790147 0.04705696
v -0.04444186 0.01990145 0.04030192
v -0.04689712 0.01990145 0.03354688
v -0.04198661 0.01890146 0.04705696
v -0.04198661 0.01990145 0.04705696
v -0.04835044 0.01490151 0.02954840
v -0.04935237 0.01990144 0.02679182
v -0.04489326 0.00990158 0.03906001
v -0.05180763 0.01323486 0.02003678
v -0.04884925 0.01383131 0.02817605
v -0.05180763 0.01990144 0.02003678
v -0.04838191 0.01290154 0.02946182
v -0.04872351 0.01390152 0.02852199
v -0.04840589 0.01326962 0.02939584
v -0.04859778 0.01383131 0.02886793
v -0.04848196 0.01360863 0.02918655
v -0.04840589 0.01253344 0.02939584
v -0.04848196 0.01219443 0.02918655
v -0.04859569 0.00845374 0.02887369
v -0.04855971 0.00790160 0.02897267
v -0.04859569 0.00734946 0.02887369
v -0.04870978 0.00684095 0.02855977
v -0.04888350 0.00650694 0.02808184
v -0.04907210 0.00640162 0.02756293
v -0.04926072 0.00650694 0.02704401
v -0.05180763 0.00656828 0.02003678
v -0.04943442 0.00684095 0.02656608
v -0.04954853 0.00734946 0.02625216
v -0.04958450 0.00790160 0.02615318
v -0.04954853 0.00845374 0.02625216
v -0.04943442 0.00896225 0.02656608
v -0.04926072 0.00929626 0.02704401
v -0.04884925 0.01197176 0.02817605
v -0.04907210 0.00940158 0.02756293
v -0.04896506 0.01219443 0.02785744
v -0.04904112 0.01253344 0.02764815
v -0.04906511 0.01290154 0.02758217
v -0.04904112 0.01326962 0.02764815
v -0.04896506 0.01360863 0.02785744
v -0.04872351 0.01190155 0.02852199
v -0.04888350 0.00929626 0.02808184
v -0.04859778 0.01197176 0.02886793
v -0.04870978 0.00896225 0.02855977
v -0.05180763 -0.00009830 0.02003678
v -0.04835044 -0.00509823 0.02954840
v -0.05180763 -0.00676488 0.02003678
v -0.04835044 -0.01009817 0.02954840
v -0.04855971 -0.00809820 0.02897267
v -0.04926072 -0.00670353 0.02704401
v -0.04907210 -0.00659821 0.02756293
v -0.04888350 -0.00670353 0.02808184
v -0.04859569 -0.00754606 0.02887369
v -0.04870978 -0.00703755 0.02855977
v -0.04859569 -0.00865033 0.02887369
v -0.04870978 -0.00915884 0.02855977
v -0.04888350 -0.00949286 0.02808184
v -0.04907210 -0.00959818 0.02756293
v -0.04835044 -0.01509810 0.02954840
v -0.04926071 -0.00949286 0.02704401
v -0.05180763 -0.01343146 0.02003678
v -0.04188656 -0.01739097 0.04733223
v -0.04143607 -0.01509810 0.04857163
v -0.04428271 -0.01409811 0.04073980
v -0.05180763 -0.02009804 0.02003678
v -0.04935237 -0.02009804 0.02679182
v -0.04689712 -0.02009804 0.03354688
v -0.04440845 -0.01402790 0.04039385
v -0.04452426 -0.01380523 0.04007525
v -0.04460033 -0.01346622 0.03986596
v -0.04444186 -0.02009804 0.04030192
v -0.04462430 -0.01309813 0.03979996
v -0.04460033 -0.01273004 0.03986596
v -0.04177076 -0.01716828 0.04765083
v -0.04196263 -0.01772998 0.04712295
v -0.04198661 -0.01809806 0.04705696
v -0.04198661 -0.01909805 0.04705696
v -0.04198661 -0.02009804 0.04705696
v -0.04164501 -0.01709807 0.04799680
v -0.04151927 -0.01716828 0.04834273
v -0.04140346 -0.01739097 0.04866135
v -0.04132739 -0.01772998 0.04887064
v -0.03880974 -0.02009803 0.05579739
v -0.04130341 -0.01809806 0.04893662
v -0.04130341 -0.01909805 0.04893662
v -0.04130341 -0.02009804 0.04893662
v -0.04415697 -0.01402790 0.04108575
v -0.04404116 -0.01380523 0.04140436
v -0.04396509 -0.01346622 0.04161365
v -0.04394111 -0.01309813 0.04167963
v -0.04396509 -0.01273004 0.04161365
v -0.04404116 -0.01239104 0.04140436
v -0.04143607 -0.01009816 0.04857163
v -0.04415697 -0.01216835 0.04108575
v -0.04489326 -0.01009817 0.03906001
v -0.04428271 -0.01209814 0.04073980
v -0.04452426 -0.01239104 0.04007525
v -0.04440845 -0.01216835 0.04039385
v -0.03797889 -0.01009816 0.05808325
v -0.04943442 -0.00915884 0.02656608
v -0.04954852 -0.00865033 0.02625216
v -0.04958450 -0.00809820 0.02615318
v -0.04954852 -0.00754606 0.02625216
v -0.04943442 -0.00703755 0.02656608
v -0.04143607 0.00990158 0.04857163
v -0.03371777 0.01340153 0.06980670
v -0.03384352 0.01333132 0.06946075
v -0.03395933 0.01310863 0.06914213
v -0.03403539 0.01276963 0.06893286
v -0.00973961 0.01990145 0.04223929
v -0.00793669 0.01990145 0.02683628
v -0.02256036 0.01990145 0.02683617
v -0.02256026 0.01990145 0.01256040
v -0.03718392 0.01990145 0.01256030
v -0.02256046 0.01990145 0.04111193
v -0.03718402 0.01990145 0.02683606
v -0.00833445 0.01990145 0.04157758
v -0.01107114 0.01990145 0.04320727
v -0.01223258 0.01990145 0.04446863
v -0.01313278 0.01990145 0.04597052
v -0.01370612 0.01990145 0.04762503
v -0.01392733 0.01990145 0.04932533
v -0.01381441 0.01990145 0.05096764
v -0.02256067 0.01990145 0.06966343
v -0.01341942 0.01990145 0.05246975
v -0.01027670 0.01990145 0.06111619
v -0.00713398 0.01990145 0.06976265
v -0.00793710 0.01990145 0.08393931
v -0.00399126 0.01990145 0.07840910
v -0.00084854 0.01990145 0.08705555
v 0.00229419 0.01990145 0.09570199
v -0.00793731 0.01990145 0.11249081
v 0.00295590 0.01990145 0.09710715
v 0.00354494 0.01990145 0.12269265
v 0.00502519 0.01990145 0.11990747
v 0.00677508 0.01990145 0.11730348
v -0.01261651 0.01990145 0.09954141
v -0.01278010 0.01990145 0.10023211
v -0.01380374 0.01990145 0.11874078
v -0.01414534 0.01990145 0.11780096
v -0.00793741 0.01990145 0.12676657
v -0.01376799 0.01990145 0.10113654
v -0.01320456 0.01990145 0.10080101
v -0.01886028 0.01990145 0.11068355
v -0.01448694 0.01990145 0.11686112
v 0.00876079 0.01990145 0.11491732
v 0.00668714 0.01990145 0.10050033
v 0.00518523 0.01990145 0.09960012
v 0.00392388 0.01990145 0.09843868
v -0.01636661 0.01990145 0.11754432
v -0.01542678 0.01990145 0.11720272
v -0.01510606 0.01990145 0.10107752
v -0.02135396 0.01990145 0.10382279
v -0.01441536 0.01990145 0.10124110
v -0.01601049 0.01990145 0.10008963
v -0.01652290 0.01990145 0.09867988
v -0.01272108 0.01990145 0.09889403
v -0.01567497 0.01990145 0.10065307
v -0.01323348 0.01990145 0.09748427
v -0.01703529 0.01990145 0.09727013
v -0.01374589 0.01990145 0.09607452
v -0.01408141 0.01990145 0.09551110
v -0.01697628 0.01990145 0.09593206
v -0.01465032 0.01990145 0.09508663
v -0.01713987 0.01990145 0.09662276
v -0.02384765 0.01990145 0.09696202
v -0.01534101 0.01990145 0.09492306
v -0.01655182 0.01990145 0.09536315
v -0.02634133 0.01990145 0.09010125
v -0.02256077 0.01990145 0.08393920
v -0.02883501 0.01990145 0.08324048
v -0.01598839 0.01990145 0.09502762
v -0.03132868 0.01990145 0.07637971
v -0.03382237 0.01990145 0.06951893
v -0.02807938 0.01990145 0.06364784
v -0.03631605 0.01990145 0.06265816
v -0.02933898 0.01990145 0.06305980
v -0.02877007 0.01990145 0.06348425
v -0.02743199 0.01990145 0.06354327
v -0.02686856 0.01990145 0.06320775
v -0.02644410 0.01990145 0.06263884
v -0.02628052 0.01990145 0.06194814
v -0.02638509 0.01990145 0.06130077
v -0.02967450 0.01990145 0.06249636
v -0.02689749 0.01990145 0.05989102
v -0.03001609 0.01990145 0.06155654
v -0.03035770 0.01990145 0.06061671
v -0.02740989 0.01990145 0.05848127
v -0.03069929 0.01990145 0.05967686
v -0.02774541 0.01990145 0.05791783
v -0.03080387 0.01990145 0.05902949
v -0.02900501 0.01990145 0.05732979
v -0.03021583 0.01990145 0.05776988
v -0.03064028 0.01990145 0.05833879
v -0.03880974 0.01990145 0.05579739
v -0.02965240 0.01990145 0.05743436
v -0.03942376 0.01990145 0.04825341
v -0.04036358 0.01990145 0.04859502
v -0.03718412 0.01990145 0.04111182
v -0.03976534 0.01990145 0.04731359
v -0.04689712 0.01990145 0.03354688
v -0.04010695 0.01990145 0.04637376
v -0.04444186 0.01990145 0.04030192
v -0.04104679 0.01990145 0.04671535
v -0.04198661 0.01990145 0.04705696
v -0.04935237 0.01990144 0.02679182
v -0.04845186 0.01990144 0.01820878
v -0.04911789 0.01990144 0.01891388
v -0.04992796 0.01990144 0.01935358
v -0.05180763 0.01990144 0.02003678
v -0.04804561 0.01990144 0.01732805
v -0.04793931 0.01990144 0.01641249
v -0.04798827 0.01990144 0.01514678
v -0.04803721 0.01990144 0.01388108
v -0.04808615 0.01990144 0.01261537
v -0.04128420 0.01990145 0.00574694
v -0.03448224 0.01990145 -0.00112150
v -0.02768028 0.01990145 -0.00798993
v -0.02536322 0.01990145 -0.01007404
v -0.01092229 0.01990145 0.00221307
v -0.01111860 0.01990145 0.00304189
v -0.01099311 0.01990145 0.00381874
v -0.00990780 0.01990145 0.00500421
v -0.00907896 0.01990145 0.00520052
v -0.01059048 0.01990145 0.00449488
v -0.00830211 0.01990145 0.00507504
v -0.00973683 0.01990145 0.00112775
v -0.00895997 0.01990145 0.00100226
v -0.00530992 0.01990145 -0.00835485
v -0.01771924 0.01990145 -0.01436682
v -0.01041295 0.01990145 0.00153038
v -0.00813114 0.01990145 0.00119857
v -0.00495888 0.01990145 -0.00128565
v -0.00462161 0.01990145 -0.00225888
v -0.00490729 0.01990145 -0.00767874
v -0.00508900 0.01990145 -0.00028546
v -0.00744845 0.01990145 0.00170791
v -0.00502257 0.01990145 0.00068060
v -0.00704582 0.01990145 0.00238403
v -0.00479023 0.01990145 0.00156419
v -0.00440098 0.01990145 0.00239074
v -0.00692034 0.01990145 0.00316089
v -0.00383158 0.01990145 0.00317400
v -0.00711664 0.01990145 0.00398972
v -0.00308961 0.01990145 0.00385720
v -0.00762598 0.01990145 0.00467241
v -0.00793659 0.01990145 0.01256051
v -0.00220614 0.01990145 0.00438674
v 0.00105501 0.01990145 0.00872508
v -0.00123290 0.01990145 0.00472399
v 0.00125130 0.01990145 0.00789626
v -0.00023272 0.01990145 0.00485412
v 0.00176065 0.01990145 0.00721357
v 0.00404246 0.01990145 0.00688176
v 0.00226581 0.01990145 0.01068741
v 0.00512778 0.01990145 0.00806723
v 0.00505696 0.01990145 0.00967292
v 0.00454761 0.01990145 0.01035560
v 0.00668697 0.01990145 0.02683638
v 0.00387149 0.01990145 0.01075823
v 0.00309464 0.01990145 0.01088372
v 0.00158311 0.01990145 0.01017807
v 0.00118049 0.01990145 0.00950195
v 0.00525326 0.01990145 0.00884409
v 0.00668718 0.01990145 -0.00171514
v 0.00443947 0.01990145 0.00197126
v 0.00472515 0.01990145 0.00739110
v 0.00390995 0.01990145 0.00285472
v 0.00322675 0.01990145 0.00359670
v 0.00321363 0.01990145 0.00668546
v 0.00244350 0.01990145 0.00416609
v 0.00161694 0.01990145 0.00455534
v 0.00243677 0.01990145 0.00681094
v 0.00073334 0.01990145 0.00478769
v 0.00477674 0.01990145 0.00099802
v 0.00490686 0.01990145 -0.00000215
v 0.00484043 0.01990145 -0.00096822
v 0.00460809 0.01990145 -0.00185181
v 0.00421885 0.01990145 -0.00267837
v 0.00686369 0.01990145 -0.00267165
v 0.00726632 0.01990145 -0.00199554
v 0.00673820 0.01990145 -0.00344851
v 0.00811998 0.01990145 -0.00536266
v 0.00794901 0.01990145 -0.00148618
v 0.00877784 0.01990145 -0.00128989
v 0.00955470 0.01990145 -0.00141536
v 0.01040835 0.01990145 -0.00478249
v 0.00972566 0.01990145 -0.00529185
v 0.01081098 0.01990145 -0.00410637
v 0.00980840 0.01990145 -0.00883899
v 0.00769608 0.01990145 -0.01059684
v 0.00889682 0.01990145 -0.00548815
v 0.01074016 0.01990145 -0.00250069
v 0.00693450 0.01990145 -0.00427734
v 0.00744385 0.01990145 -0.00496004
v 0.00202400 0.01990145 -0.00467435
v 0.00290747 0.01990145 -0.00414482
v 0.00364945 0.01990145 -0.00346163
v 0.00539090 0.01990145 -0.01214591
v -0.00123714 0.01990145 -0.00901272
v 0.00105077 0.01990145 -0.00501162
v -0.00143345 0.01990145 -0.00818388
v 0.00005059 0.01990145 -0.00514174
v -0.00194279 0.01990145 -0.00750120
v -0.00091548 0.01990145 -0.00507531
v -0.00261891 0.01990145 -0.00709857
v -0.00179907 0.01990145 -0.00484297
v -0.00262563 0.01990145 -0.00445373
v -0.00339576 0.01990145 -0.00697309
v -0.00340888 0.01990145 -0.00388433
v -0.00409208 0.01990145 -0.00314236
v -0.00422459 0.01990145 -0.00716939
v -0.00523910 0.01990145 -0.00996054
v -0.00244795 0.01990145 -0.01097504
v -0.00176526 0.01990145 -0.01046570
v -0.00327678 0.01990145 -0.01117135
v -0.00233012 0.01990145 -0.01527753
v 0.00033760 0.01990145 -0.01450503
v 0.00292532 0.01990145 -0.01345632
v -0.00136262 0.01990145 -0.00978958
v -0.00503405 0.01990145 -0.01576814
v -0.00405363 0.01990145 -0.01104587
v -0.00472975 0.01990145 -0.01064324
v -0.00773109 0.01990145 -0.01598016
v -0.01038095 0.01990145 -0.01592513
v -0.01294787 0.01990145 -0.01562147
v -0.00543540 0.01990145 -0.00913171
v -0.01540184 0.01990145 -0.01509292
v 0.01023082 0.01990145 -0.00181800
v 0.01477750 0.01990145 -0.00267797
v 0.01093646 0.01990145 -0.00332953
v 0.01336205 0.01990145 -0.00484080
v 0.01594802 0.01990145 -0.00045734
v 0.01687942 0.01990145 0.00178544
v 0.01775468 0.01990145 0.00469352
v 0.01831287 0.01990145 0.00780493
v 0.01850354 0.01990145 0.01106947
v 0.01828695 0.01990145 0.01442224
v 0.01763898 0.01990145 0.01778667
v 0.01655514 0.01990145 0.02107940
v 0.01505237 0.01990145 0.02421674
v 0.01316860 0.01990145 0.02712152
v 0.01232793 0.01990145 0.02859702
v 0.01204158 0.01990145 0.02942272
v 0.01185934 0.01990145 0.03028453
v 0.01178678 0.01990145 0.03116238
v 0.01182431 0.01990145 0.03203552
v 0.00668687 0.01990145 0.04111214
v 0.01220654 0.01990145 0.03369012
v 0.01384734 0.01990145 0.04181497
v 0.01557374 0.01990145 0.04295419
v 0.01356539 0.01990145 0.04155535
v 0.01285984 0.01990145 0.04122598
v 0.01322967 0.01990145 0.04135414
v 0.01146281 0.01990145 0.04143797
v 0.01177691 0.01990145 0.04129005
v 0.01211267 0.01990145 0.04120177
v 0.01247977 0.01990145 0.04117654
v 0.01116517 0.01990145 0.04165435
v 0.01064026 0.01990145 0.04372478
v 0.01090556 0.01990145 0.04193630
v 0.01055198 0.01990145 0.04338901
v 0.01057618 0.01990145 0.04264185
v 0.01052673 0.01990145 0.04302191
v 0.01070434 0.01990145 0.04227201
v 0.01078818 0.01990145 0.04403887
v 0.01162222 0.01990145 0.04479734
v 0.00255771 0.01990145 0.04666253
v 0.01421162 0.01990145 0.04242670
v 0.01100455 0.01990145 0.04433651
v 0.01128650 0.01990145 0.04459613
v 0.01237212 0.01990145 0.04497495
v 0.01307499 0.01990145 0.04486142
v 0.01199204 0.01990145 0.04492550
v 0.00570044 0.01990145 0.05530900
v 0.01894095 0.01990145 0.05221823
v 0.00884316 0.01990145 0.06395545
v 0.01198588 0.01990145 0.07260189
v 0.02230815 0.01990145 0.06148229
v 0.02567535 0.01990145 0.07074635
v 0.01512860 0.01990145 0.08124834
v 0.02904254 0.01990145 0.08001039
v 0.02687879 0.01990145 0.08488660
v 0.02641795 0.01990145 0.08550427
v 0.02661917 0.01990145 0.08516855
v 0.02628979 0.01990145 0.08587410
v 0.01827132 0.01990145 0.08989480
v 0.01866631 0.01990145 0.09139689
v 0.02650179 0.01990145 0.08727113
v 0.02635387 0.01990145 0.08695703
v 0.02626558 0.01990145 0.08662127
v 0.02624034 0.01990145 0.08625416
v 0.02671815 0.01990145 0.08756877
v 0.01877923 0.01990145 0.09303921
v 0.02700010 0.01990145 0.08782838
v 0.02733583 0.01990145 0.08802960
v 0.02770565 0.01990145 0.08815776
v 0.02845283 0.01990145 0.08818196
v 0.02878859 0.01990145 0.08809368
v 0.02992523 0.01990145 0.08565895
v 0.02977732 0.01990145 0.08534487
v 0.02749051 0.01990145 0.08452232
v 0.02940033 0.01990145 0.08772939
v 0.02998931 0.01990145 0.08674190
v 0.03001352 0.01990145 0.08599471
v 0.03240975 0.01990145 0.08927445
v 0.02956095 0.01990145 0.08504723
v 0.02819339 0.01990145 0.08440878
v 0.02782628 0.01990145 0.08443402
v 0.02717642 0.01990145 0.08467022
v 0.02894328 0.01990145 0.08458638
v 0.02857345 0.01990145 0.08445822
v 0.02927900 0.01990145 0.08478760
v 0.03003877 0.01990145 0.08636182
v 0.02808572 0.01990145 0.08820721
v 0.03577694 0.01990145 0.09853851
v 0.02910269 0.01990145 0.08794576
v 0.02986116 0.01990145 0.08711172
v 0.02965994 0.01990145 0.08744744
v 0.02905201 0.01990145 0.10516939
v 0.03204538 0.01990145 0.10510721
v 0.03645702 0.01990145 0.09991606
v 0.03509203 0.01990145 0.10534674
v 0.03814647 0.01990145 0.10590093
v 0.03885932 0.01990145 0.10221143
v 0.03749594 0.01990145 0.10118525
v 0.04044792 0.01990145 0.10288221
v 0.04116000 0.01990145 0.10677356
v 0.04440222 0.01990145 0.10427083
v 0.04408318 0.01990145 0.10795825
v 0.04816401 0.01990145 0.10614026
v 0.04686837 0.01990145 0.10943849
v 0.05164878 0.01990145 0.10844589
v 0.04947236 0.01990145 0.11118838
v 0.05185851 0.01990145 0.11317410
v 0.05478613 0.01990145 0.11112458
v 0.05399842 0.01990145 0.11535590
v 0.05752429 0.01990145 0.11410002
v 0.05587281 0.01990145 0.11769057
v 0.05983233 0.01990145 0.11728920
v 0.05747174 0.01990145 0.12013375
v 0.06170000 0.01990145 0.12060867
v 0.05879400 0.01990145 0.12264224
v 0.06313553 0.01990145 0.12398016
v 0.05984613 0.01990145 0.12517576
v 0.06404988 0.01990145 0.12689838
v 0.06066636 0.01990145 0.12779357
v 0.06471547 0.01990145 0.12998856
v 0.06126342 0.01990145 0.13056565
v 0.06509787 0.01990145 0.13322097
v 0.06160645 0.01990145 0.13346532
v 0.06166863 0.01990145 0.13645868
v 0.06516718 0.01990145 0.13655783
v 0.06142910 0.01990145 0.13950532
v 0.06490017 0.01990145 0.13995410
v 0.06087490 0.01990145 0.14255977
v 0.06428237 0.01990145 0.14335905
v 0.06000228 0.01990145 0.14557330
v 0.06330961 0.01990145 0.14671839
v 0.05881759 0.01990145 0.14849648
v 0.05733735 0.01990145 0.15128168
v 0.06198898 0.01990145 0.14997704
v 0.06033887 0.01990145 0.15308185
v 0.05558746 0.01990145 0.15388566
v 0.05838816 0.01990145 0.15598463
v 0.05360174 0.01990145 0.15627182
v 0.05617458 0.01990145 0.15864461
v 0.05141993 0.01990145 0.15841174
v 0.05374241 0.01990145 0.16103009
v 0.04908527 0.01990145 0.16028612
v 0.05113983 0.01990145 0.16311958
v 0.04664208 0.01990145 0.16188504
v 0.04841627 0.01990145 0.16490198
v 0.04413359 0.01990145 0.16320730
v 0.04160007 0.01990145 0.16425942
v 0.04561992 0.01990145 0.16637597
v 0.04279567 0.01990145 0.16754885
v 0.03898226 0.01990145 0.16507965
v 0.03987746 0.01990145 0.16846318
v 0.03621019 0.01990145 0.16567672
v 0.03678728 0.01990145 0.16912877
v 0.03331053 0.01990145 0.16601975
v 0.03355487 0.01990145 0.16951116
v 0.03031717 0.01990145 0.16608193
v 0.02682173 0.01990145 0.16931348
v 0.02727052 0.01990145 0.16584240
v 0.03021801 0.01990145 0.16958047
v 0.02341679 0.01990145 0.16869567
v 0.02421607 0.01990145 0.16528822
v 0.02005744 0.01990145 0.16772290
v 0.02120253 0.01990145 0.16441559
v 0.01679881 0.01990145 0.16640228
v 0.01827936 0.01990145 0.16323088
v 0.01549417 0.01990145 0.16175066
v 0.01369401 0.01990145 0.16475217
v 0.01079120 0.01990145 0.16280145
v 0.01289018 0.01990145 0.16000075
v 0.00813123 0.01990145 0.16058788
v 0.01050403 0.01990145 0.15801505
v 0.00574576 0.01990145 0.15815570
v 0.00836412 0.01990145 0.15583323
v 0.00648972 0.01990145 0.15349857
v 0.00365627 0.01990145 0.15555312
v 0.00187386 0.01990145 0.15282957
v 0.00489080 0.01990145 0.15105539
v 0.00039986 0.01990145 0.15003323
v 0.00356854 0.01990145 0.14854689
v 0.00251641 0.01990145 0.14601337
v -0.00077300 0.01990145 0.14720898
v -0.00115438 0.01990145 0.14615971
v -0.00151495 0.01990145 0.14546596
v 0.00169618 0.01990145 0.14339556
v -0.00206464 0.01990145 0.14487050
v -0.00275366 0.01990145 0.14444394
v 0.00109911 0.01990145 0.14062349
v -0.00350327 0.01990145 0.14422170
v -0.00906903 0.01990145 0.13762189
v 0.00075608 0.01990145 0.13772383
v -0.00686423 0.01990145 0.14368786
v 0.00069390 0.01990145 0.13473047
v -0.01127381 0.01990145 0.13155591
v 0.00093342 0.01990145 0.13168381
v -0.01347861 0.01990145 0.12548995
v -0.01474357 0.01990145 0.11908239
v -0.01568340 0.01990145 0.11942399
v 0.00148764 0.01990145 0.12862937
v 0.00236025 0.01990145 0.12561583
v 0.02615235 0.01990145 0.10551242
v 0.01855802 0.01990145 0.09473952
v 0.01798468 0.01990145 0.09639401
v 0.02338028 0.01990145 0.10610948
v 0.01708447 0.01990145 0.09789591
v 0.02076246 0.01990145 0.10692971
v 0.01592304 0.01990145 0.09915727
v 0.01459150 0.01990145 0.10012525
v 0.01822894 0.01990145 0.10798183
v 0.01318636 0.01990145 0.10078696
v 0.01572046 0.01990145 0.10930408
v 0.01168425 0.01990145 0.10118194
v 0.01004194 0.01990145 0.10129488
v 0.01327727 0.01990145 0.11090302
v 0.00834163 0.01990145 0.10107368
v 0.01094260 0.01990145 0.11277742
v 0.01394633 0.01990145 0.04421519
v 0.01368671 0.01990145 0.04449713
v 0.01338908 0.01990145 0.04471352
v 0.01273923 0.01990145 0.04494971
v 0.01427572 0.01990145 0.04350963
v 0.01432516 0.01990145 0.04312958
v 0.01429991 0.01990145 0.04276247
v 0.01414756 0.01990145 0.04387947
v 0.00189600 0.01990145 0.04525740
v 0.00092802 0.01990145 0.04392587
v -0.00033334 0.01990145 0.04276442
v -0.00183524 0.01990145 0.04186422
v -0.00348973 0.01990145 0.04129088
v -0.00519004 0.01990145 0.04106967
v -0.00683236 0.01990145 0.04118259
v 0.01406371 0.01990145 0.04211262
v 0.01170275 0.01990145 -0.00690755
v -0.02032377 0.01990145 -0.01326246
v -0.02289076 0.01990145 -0.01183372
v -0.04130342 0.01990145 0.04893662
v -0.02831432 0.01990145 0.05749338
v -0.03553942 0.01790147 0.04111183
v -0.03553931 0.01790147 0.02683608
v -0.02115062 0.01790147 0.02683618
v -0.02115051 0.01790147 0.01256041
v -0.00676180 0.01790147 0.01256052
v -0.00973961 0.01790147 0.04223929
v -0.02115072 0.01790147 0.04111194
v -0.00676190 0.01790147 0.02683628
v -0.00833445 0.01790147 0.04157758
v -0.01107114 0.01790147 0.04320727
v -0.00683236 0.01790147 0.04118259
v -0.00519004 0.01790147 0.04106967
v -0.00348973 0.01790147 0.04129088
v -0.00183524 0.01790147 0.04186422
v 0.00762670 0.01790147 0.04111214
v -0.00033334 0.01790147 0.04276442
v 0.00092802 0.01790147 0.04392587
v 0.00189600 0.01790147 0.04525740
v 0.00255771 0.01790147 0.04666253
v 0.01148611 0.01790147 0.04341734
v 0.01167785 0.01790147 0.04373930
v 0.01200293 0.01790147 0.04398186
v 0.00570044 0.01790147 0.05530900
v 0.01276754 0.01790147 0.04401556
v 0.01239762 0.01790147 0.04407533
v 0.01336578 0.01790147 0.04273414
v 0.01333206 0.01790147 0.04349876
v 0.01317405 0.01790147 0.04241219
v 0.01894095 0.01790147 0.05221823
v 0.01308951 0.01790147 0.04382385
v 0.01208435 0.01790147 0.04213592
v 0.01557374 0.01790147 0.04295419
v 0.01342553 0.01790147 0.04310407
v 0.01284896 0.01790147 0.04216963
v 0.01220654 0.01790147 0.03369012
v 0.01182431 0.01790147 0.03203552
v 0.01245428 0.01790147 0.04207616
v 0.01178678 0.01790147 0.03116238
v 0.01185934 0.01790147 0.03028453
v 0.00762690 0.01790147 0.01256062
v 0.01204158 0.01790147 0.02942272
v 0.00309464 0.01790147 0.01088372
v 0.00387149 0.01790147 0.01075823
v 0.01494444 0.01790147 0.02440734
v 0.01316860 0.01790147 0.02712152
v 0.01232793 0.01790147 0.02859702
v 0.01780231 0.01790147 0.00489486
v 0.00512778 0.01790147 0.00806723
v 0.00525326 0.01790147 0.00884409
v 0.00454761 0.01790147 0.01035560
v 0.00505696 0.01790147 0.00967292
v 0.01835370 0.01790147 0.00816751
v 0.01849847 0.01790147 0.01153532
v 0.01641120 0.01790147 0.02143030
v 0.01821860 0.01790147 0.01492137
v 0.01751568 0.01790147 0.01824546
v 0.01687942 0.01790147 0.00178544
v 0.01594802 0.01790147 -0.00045734
v 0.00955470 0.01790147 -0.00141536
v 0.01023082 0.01790147 -0.00181800
v 0.01477750 0.01790147 -0.00267797
v 0.01074016 0.01790147 -0.00250069
v 0.01093646 0.01790147 -0.00332953
v 0.01336205 0.01790147 -0.00484080
v 0.01040835 0.01790147 -0.00478249
v 0.01081098 0.01790147 -0.00410637
v 0.00811998 0.01790147 -0.00536266
v 0.00972566 0.01790147 -0.00529185
v 0.01170275 0.01790147 -0.00690755
v 0.00726632 0.01790147 -0.00199554
v 0.00744385 0.01790147 -0.00496004
v 0.00693450 0.01790147 -0.00427734
v 0.00673820 0.01790147 -0.00344851
v 0.00686369 0.01790147 -0.00267165
v 0.00484043 0.01790147 -0.00096822
v 0.00490686 0.01790147 -0.00000215
v 0.00877784 0.01790147 -0.00128989
v 0.00794901 0.01790147 -0.00148618
v 0.00477674 0.01790147 0.00099802
v 0.00443947 0.01790147 0.00197126
v 0.00472515 0.01790147 0.00739110
v 0.00390995 0.01790147 0.00285472
v 0.00404246 0.01790147 0.00688176
v 0.00322675 0.01790147 0.00359670
v 0.00321363 0.01790147 0.00668546
v 0.00244350 0.01790147 0.00416609
v 0.00176065 0.01790147 0.00721357
v 0.00243677 0.01790147 0.00681094
v 0.00105501 0.01790147 0.00872508
v -0.00123290 0.01790147 0.00472399
v -0.00220614 0.01790147 0.00438674
v 0.00226581 0.01790147 0.01068741
v 0.00118049 0.01790147 0.00950195
v 0.00125130 0.01790147 0.00789626
v -0.00023272 0.01790147 0.00485412
v 0.00073334 0.01790147 0.00478769
v 0.00161694 0.01790147 0.00455534
v 0.00158311 0.01790147 0.01017807
v -0.00762598 0.01790147 0.00467241
v -0.00308961 0.01790147 0.00385720
v -0.00744845 0.01790147 0.00170791
v -0.00692034 0.01790147 0.00316089
v -0.00711664 0.01790147 0.00398972
v -0.01059048 0.01790147 0.00449488
v -0.00830211 0.01790147 0.00507504
v -0.00907896 0.01790147 0.00520052
v -0.00990780 0.01790147 0.00500421
v -0.01041295 0.01790147 0.00153038
v -0.01099311 0.01790147 0.00381874
v -0.02045091 0.01790147 -0.01320007
v -0.02305323 0.01790147 -0.01173051
v -0.01092229 0.01790147 0.00221307
v -0.01771924 0.01790147 -0.01436682
v -0.00973683 0.01790147 0.00112775
v -0.00813114 0.01790147 0.00119857
v -0.01111860 0.01790147 0.00304189
v -0.00895997 0.01790147 0.00100226
v -0.00495887 0.01790147 -0.00128565
v -0.00508900 0.01790147 -0.00028546
v -0.00502257 0.01790147 0.00068060
v -0.00479023 0.01790147 0.00156419
v -0.00704582 0.01790147 0.00238403
v -0.00440098 0.01790147 0.00239074
v -0.00383158 0.01790147 0.00317400
v -0.00462161 0.01790147 -0.00225888
v -0.00490729 0.01790147 -0.00767874
v -0.00409208 0.01790147 -0.00314236
v -0.00422459 0.01790147 -0.00716939
v -0.00340888 0.01790147 -0.00388433
v -0.00339576 0.01790147 -0.00697309
v -0.00262563 0.01790147 -0.00445373
v -0.00261891 0.01790147 -0.00709857
v -0.00179907 0.01790147 -0.00484297
v -0.00091548 0.01790147 -0.00507531
v 0.00005059 0.01790147 -0.00514174
v -0.00194279 0.01790147 -0.00750120
v -0.00176526 0.01790147 -0.01046570
v -0.00143345 0.01790147 -0.00818388
v -0.00123714 0.01790147 -0.00901272
v 0.00105077 0.01790147 -0.00501162
v -0.00136262 0.01790147 -0.00978958
v 0.00292532 0.01790147 -0.01345632
v 0.00539090 0.01790147 -0.01214591
v 0.00202400 0.01790147 -0.00467435
v 0.00769608 0.01790147 -0.01059684
v 0.00290747 0.01790147 -0.00414482
v 0.00364945 0.01790147 -0.00346163
v 0.00421885 0.01790147 -0.00267837
v 0.00460809 0.01790147 -0.00185181
v 0.00980840 0.01790147 -0.00883899
v 0.00889682 0.01790147 -0.00548815
v 0.00033760 0.01790147 -0.01450503
v -0.00244795 0.01790147 -0.01097504
v -0.00233012 0.01790147 -0.01527753
v -0.00327678 0.01790147 -0.01117135
v -0.00472975 0.01790147 -0.01064324
v -0.00523910 0.01790147 -0.00996054
v -0.00773109 0.01790147 -0.01598016
v -0.00405363 0.01790147 -0.01104587
v -0.00503405 0.01790147 -0.01576814
v -0.01038095 0.01790147 -0.01592513
v -0.00543540 0.01790147 -0.00913171
v -0.01294787 0.01790147 -0.01562147
v -0.01540184 0.01790147 -0.01509292
v -0.00530992 0.01790147 -0.00835485
v -0.02768028 0.01790147 -0.00798993
v -0.02547720 0.01790147 -0.00998235
v -0.03448224 0.01790147 -0.00112150
v -0.03553921 0.01790147 0.01256031
v -0.04128420 0.01790147 0.00574694
v -0.04804561 0.01790147 0.01732805
v -0.04808615 0.01790147 0.01261537
v -0.04803721 0.01790147 0.01388108
v -0.04798827 0.01790147 0.01514678
v -0.04793931 0.01790147 0.01641249
v -0.04845186 0.01790147 0.01820878
v -0.04747271 0.01790147 0.02610863
v -0.04911789 0.01790147 0.01891388
v -0.04992796 0.01790147 0.01935358
v -0.04501746 0.01790147 0.03286367
v -0.04256220 0.01790147 0.03961871
v -0.04010695 0.01790147 0.04637376
v -0.03976534 0.01790147 0.04731359
v -0.03942376 0.01790147 0.04825341
v -0.02900501 0.01790147 0.05732979
v -0.03693007 0.01790147 0.05511420
v -0.02965240 0.01790147 0.05743436
v -0.02831432 0.01790147 0.05749338
v -0.03021583 0.01790147 0.05776988
v -0.03064028 0.01790147 0.05833879
v -0.02774541 0.01790147 0.05791783
v -0.02740989 0.01790147 0.05848127
v -0.03080387 0.01790147 0.05902949
v -0.03069929 0.01790147 0.05967686
v -0.03443638 0.01790147 0.06197497
v -0.03035770 0.01790147 0.06061671
v -0.03001609 0.01790147 0.06155654
v -0.02967450 0.01790147 0.06249636
v -0.02933898 0.01790147 0.06305980
v -0.03194271 0.01790147 0.06883574
v -0.02877007 0.01790147 0.06348425
v -0.02807938 0.01790147 0.06364784
v -0.02743199 0.01790147 0.06354327
v -0.02115093 0.01790147 0.06966344
v -0.02944902 0.01790147 0.07569650
v -0.02686856 0.01790147 0.06320775
v -0.02628052 0.01790147 0.06194814
v -0.02644410 0.01790147 0.06263884
v -0.02638509 0.01790147 0.06130077
v -0.02115103 0.01790147 0.08393921
v -0.00713398 0.01790147 0.06976265
v -0.01027670 0.01790147 0.06111619
v -0.01381441 0.01790147 0.05096764
v -0.01341942 0.01790147 0.05246975
v -0.01392733 0.01790147 0.04932533
v -0.01370612 0.01790147 0.04762503
v -0.01313278 0.01790147 0.04597052
v -0.01223258 0.01790147 0.04446863
v -0.00676232 0.01790147 0.08393931
v -0.00399126 0.01790147 0.07840910
v -0.01534101 0.01790147 0.09492306
v 0.00229419 0.01790147 0.09570199
v -0.00676252 0.01790147 0.11249082
v -0.01261651 0.01790147 0.09954141
v -0.01465032 0.01790147 0.09508663
v -0.01408141 0.01790147 0.09551110
v -0.01374589 0.01790147 0.09607452
v -0.01323348 0.01790147 0.09748427
v -0.00084854 0.01790147 0.08705555
v -0.01272108 0.01790147 0.09889403
v -0.01567497 0.01790147 0.10065307
v -0.01320456 0.01790147 0.10080101
v -0.01278010 0.01790147 0.10023211
v -0.01510606 0.01790147 0.10107752
v -0.01441536 0.01790147 0.10124110
v -0.01376799 0.01790147 0.10113654
v -0.01947430 0.01790147 0.10313958
v -0.01698062 0.01790147 0.11000035
v -0.01448694 0.01790147 0.11686112
v -0.01414534 0.01790147 0.11780096
v -0.01380374 0.01790147 0.11874078
v -0.00676263 0.01790147 0.12676658
v -0.01150427 0.01790147 0.12506722
v -0.00920480 0.01790147 0.13139368
v -0.00690534 0.01790147 0.13772012
v 0.00762608 0.01790147 0.12676668
v -0.00275366 0.01790147 0.14444394
v -0.00350327 0.01790147 0.14422170
v 0.00762597 0.01790147 0.14104244
v -0.00460586 0.01790147 0.14404657
v 0.00762618 0.01790147 0.11249093
v 0.02201488 0.01790147 0.11249103
v 0.02201478 0.01790147 0.12676679
v 0.03640358 0.01790147 0.11249114
v 0.03645702 0.01790147 0.09991606
v 0.02201498 0.01790147 0.09821528
v 0.01592304 0.01790147 0.09915727
v 0.01459150 0.01790147 0.10012525
v 0.01318636 0.01790147 0.10078696
v 0.01168425 0.01790147 0.10118194
v 0.01004194 0.01790147 0.10129488
v 0.00834163 0.01790147 0.10107368
v 0.00668714 0.01790147 0.10050033
v 0.00518523 0.01790147 0.09960012
v 0.00392388 0.01790147 0.09843868
v 0.00295590 0.01790147 0.09710715
v 0.03577694 0.01790147 0.09853851
v 0.03749594 0.01790147 0.10118525
v 0.03885932 0.01790147 0.10221143
v 0.04044792 0.01790147 0.10288221
v 0.04440222 0.01790148 0.10427083
v 0.04816401 0.01790148 0.10614026
v 0.05164878 0.01790148 0.10844589
v 0.04611030 0.01790148 0.12373566
v 0.05478613 0.01790148 0.11112458
v 0.04729434 0.01790148 0.12401609
v 0.04826961 0.01790148 0.12474373
v 0.04403462 0.01790147 0.12449010
v 0.04500050 0.01790148 0.12391492
v 0.04330698 0.01790147 0.12546537
v 0.03640348 0.01790147 0.12676689
v 0.04378099 0.01790147 0.12872510
v 0.04801600 0.01790148 0.12897873
v 0.04320581 0.01790147 0.12775922
v 0.04302655 0.01790147 0.12664942
v 0.04705010 0.01790148 0.12955390
v 0.05079208 0.01790148 0.14104275
v 0.05079218 0.01790148 0.12676699
v 0.04902406 0.01790148 0.12681941
v 0.04874363 0.01790148 0.12800346
v 0.05983233 0.01790148 0.11728920
v 0.06170000 0.01790148 0.12060867
v 0.06313553 0.01790148 0.12398016
v 0.06509787 0.01790148 0.13322097
v 0.06404988 0.01790148 0.12689838
v 0.04884480 0.01790148 0.12570962
v 0.06471547 0.01790148 0.12998856
v 0.06516718 0.01790148 0.13655783
v 0.06490017 0.01790148 0.13995410
v 0.06428237 0.01790148 0.14335905
v 0.06330961 0.01790148 0.14671839
v 0.06198898 0.01790148 0.14997704
v 0.06033887 0.01790148 0.15308185
v 0.05838816 0.01790148 0.15598463
v 0.05079198 0.01790148 0.15531850
v 0.05617458 0.01790148 0.15864461
v 0.05374241 0.01790148 0.16103009
v 0.05113983 0.01790148 0.16311958
v 0.04841627 0.01790148 0.16490198
v 0.03640327 0.01790147 0.15531840
v 0.04561992 0.01790148 0.16637597
v 0.03640338 0.01790147 0.14104264
v 0.02201457 0.01790147 0.15531829
v 0.02682173 0.01790147 0.16931348
v 0.03021801 0.01790147 0.16958047
v 0.03355487 0.01790147 0.16951116
v 0.03678728 0.01790147 0.16912877
v 0.03987746 0.01790147 0.16846318
v 0.04279567 0.01790147 0.16754885
v 0.02341679 0.01790147 0.16869567
v 0.02005744 0.01790147 0.16772290
v 0.01679881 0.01790147 0.16640228
v 0.01369401 0.01790147 0.16475217
v 0.01079120 0.01790147 0.16280145
v 0.00813123 0.01790147 0.16058788
v 0.00574576 0.01790147 0.15815570
v 0.00365627 0.01790147 0.15555312
v 0.00187386 0.01790147 0.15282957
v 0.00039986 0.01790147 0.15003323
v -0.00077300 0.01790147 0.14720898
v -0.00115438 0.01790147 0.14615971
v -0.00151495 0.01790147 0.14546596
v -0.00206464 0.01790147 0.14487050
v 0.02201468 0.01790147 0.14104254
v 0.04594032 0.01790148 0.12973317
v 0.04475626 0.01790148 0.12945273
v 0.05752429 0.01790148 0.11410002
v 0.03240975 0.01790147 0.08927445
v 0.02907938 0.01790147 0.08596639
v 0.02904254 0.01790147 0.08001039
v 0.02913914 0.01790147 0.08633632
v 0.02811121 0.01790147 0.08730758
v 0.02848116 0.01790147 0.08724783
v 0.02880312 0.01790147 0.08705609
v 0.02904566 0.01790147 0.08673101
v 0.02723345 0.01790147 0.08588499
v 0.02201519 0.01790147 0.06966375
v 0.02567535 0.01790147 0.07074635
v 0.02747600 0.01790147 0.08555989
v 0.02779795 0.01790147 0.08536817
v 0.02816789 0.01790147 0.08530840
v 0.02888766 0.01790147 0.08564443
v 0.02856256 0.01790147 0.08540188
v 0.02713997 0.01790147 0.08627966
v 0.02739145 0.01790147 0.08697155
v 0.02719972 0.01790147 0.08664960
v 0.02771654 0.01790147 0.08721410
v 0.02230815 0.01790147 0.06148229
v 0.00884316 0.01790147 0.06395545
v 0.01198588 0.01790147 0.07260189
v 0.01512860 0.01790147 0.08124834
v 0.01827132 0.01790147 0.08989480
v 0.01866631 0.01790147 0.09139689
v 0.01877923 0.01790147 0.09303921
v 0.01855802 0.01790147 0.09473952
v 0.01798468 0.01790147 0.09639401
v 0.01708447 0.01790147 0.09789591
v -0.01652290 0.01790147 0.09867988
v -0.01601049 0.01790147 0.10008963
v -0.02196799 0.01790147 0.09627881
v -0.01703529 0.01790147 0.09727013
v -0.02446166 0.01790147 0.08941804
v -0.01655182 0.01790147 0.09536315
v -0.01697628 0.01790147 0.09593206
v -0.01713987 0.01790147 0.09662276
v -0.01598839 0.01790147 0.09502762
v -0.02695535 0.01790147 0.08255727
v -0.02689749 0.01790147 0.05989102
v 0.01176238 0.01790147 0.04232764
v 0.01151984 0.01790147 0.04265272
v 0.01142636 0.01790147 0.04304741
v 0.05478092 0.01990145 0.14149466
v 0.05478096 0.01990145 0.13559475
v 0.04888103 0.01990145 0.13559470
v 0.05478100 0.01990145 0.12969481
v 0.04801600 0.01990145 0.12897873
v 0.04888099 0.01990145 0.14149462
v 0.04298111 0.01990145 0.13559466
v 0.04594031 0.01990145 0.12973317
v 0.04705010 0.01990145 0.12955390
v 0.04475626 0.01990145 0.12945273
v 0.04320581 0.01990145 0.12775922
v 0.04378099 0.01990145 0.12872510
v 0.04298116 0.01990145 0.12969473
v 0.03708128 0.01990145 0.12379476
v 0.03708124 0.01990145 0.12969469
v 0.04298124 0.01990145 0.11789489
v 0.04302655 0.01990145 0.12664942
v 0.04330698 0.01990145 0.12546537
v 0.04403462 0.01990145 0.12449010
v 0.04500050 0.01990145 0.12391492
v 0.04884480 0.01990145 0.12570962
v 0.04611030 0.01990145 0.12373566
v 0.04729434 0.01990145 0.12401609
v 0.04826961 0.01990145 0.12474373
v 0.05506326 0.01990145 0.11827758
v 0.05118056 0.01990145 0.11390919
v 0.05325031 0.01990145 0.11601947
v 0.04887264 0.01990145 0.11198859
v 0.04298128 0.01990145 0.11199496
v 0.04635404 0.01990145 0.11029605
v 0.03708137 0.01990145 0.11199492
v 0.04083283 0.01990145 0.10771851
v 0.04366016 0.01990145 0.10886435
v 0.03791811 0.01990145 0.10687449
v 0.03496381 0.01990145 0.10633846
v 0.03118145 0.01990145 0.11199487
v 0.03201704 0.01990145 0.10610679
v 0.02912183 0.01990145 0.10616693
v 0.02528151 0.01990145 0.11199483
v 0.02631723 0.01990145 0.10649873
v 0.02363604 0.01990145 0.10707621
v 0.02110407 0.01990145 0.10786953
v 0.01938159 0.01990145 0.11199479
v 0.01865361 0.01990145 0.10888717
v 0.02528147 0.01990145 0.11789476
v 0.01386429 0.01990145 0.11171257
v 0.01938155 0.01990145 0.11789472
v 0.01622737 0.01990145 0.11016607
v 0.03118136 0.01990145 0.12379472
v 0.03118140 0.01990145 0.11789481
v 0.02528143 0.01990145 0.12379468
v 0.02528138 0.01990145 0.12969460
v 0.01938150 0.01990145 0.12379463
v 0.03118132 0.01990145 0.12969464
v 0.03708120 0.01990145 0.13559462
v 0.03118127 0.01990145 0.13559458
v 0.02528134 0.01990145 0.13559453
v 0.03118123 0.01990145 0.14149449
v 0.03708116 0.01990145 0.14149453
v 0.04298103 0.01990145 0.14739451
v 0.04298107 0.01990145 0.14149458
v 0.03708111 0.01990145 0.14739446
v 0.03229835 0.01990145 0.15231442
v 0.03274353 0.01990145 0.15272434
v 0.03708107 0.01990145 0.15329439
v 0.03118119 0.01990145 0.14739442
v 0.04298098 0.01990145 0.15329443
v 0.04888091 0.01990145 0.15329448
v 0.04849826 0.01990145 0.15947655
v 0.04298094 0.01990145 0.15919434
v 0.05075637 0.01990145 0.15766363
v 0.04613517 0.01990145 0.16102305
v 0.04370893 0.01990145 0.16230198
v 0.04125847 0.01990145 0.16331962
v 0.03708103 0.01990145 0.15919430
v 0.03872649 0.01990145 0.16411292
v 0.03341990 0.01990145 0.15540013
v 0.03321755 0.01990145 0.15598405
v 0.03034549 0.01990145 0.16508236
v 0.03324072 0.01990145 0.16502220
v 0.03604531 0.01990145 0.16469041
v 0.03289983 0.01990145 0.15651413
v 0.03248991 0.01990145 0.15695934
v 0.03201997 0.01990145 0.15730098
v 0.03152402 0.01990145 0.15753452
v 0.03099388 0.01990145 0.15767392
v 0.03041423 0.01990145 0.15771377
v 0.02528117 0.01990145 0.15919421
v 0.02444444 0.01990145 0.16431462
v 0.02152971 0.01990145 0.16347062
v 0.01938125 0.01990145 0.15919417
v 0.02739873 0.01990145 0.16485068
v 0.02981412 0.01990145 0.15763571
v 0.02923019 0.01990145 0.15743334
v 0.02870010 0.01990145 0.15711563
v 0.02767972 0.01990145 0.15573981
v 0.02528121 0.01990145 0.15329430
v 0.02791328 0.01990145 0.15623575
v 0.02825492 0.01990145 0.15670571
v 0.01938129 0.01990145 0.15329426
v 0.01348989 0.01990145 0.15920055
v 0.01870237 0.01990145 0.16232478
v 0.01600849 0.01990145 0.16089307
v 0.01348137 0.01990145 0.15329422
v 0.01118198 0.01990145 0.15727996
v 0.00911222 0.01990145 0.15516967
v 0.00729928 0.01990145 0.15291155
v 0.01348141 0.01990145 0.14739429
v 0.00758149 0.01990145 0.14739425
v 0.00575277 0.01990145 0.15054847
v 0.01938133 0.01990145 0.14739434
v 0.01348145 0.01990145 0.14149436
v 0.00758154 0.01990145 0.14149432
v 0.00175363 0.01990145 0.13765401
v 0.00208541 0.01990145 0.14045860
v 0.00758158 0.01990145 0.13559441
v 0.00266290 0.01990145 0.14313979
v 0.00345624 0.01990145 0.14567177
v 0.01348150 0.01990145 0.13559445
v 0.01276132 0.01990145 0.12999707
v 0.01144440 0.01990145 0.12879947
v 0.01121086 0.01990145 0.12830354
v 0.01178604 0.01990145 0.12926943
v 0.01223123 0.01990145 0.12967935
v 0.00758166 0.01990145 0.12379455
v 0.00192516 0.01990145 0.13181203
v 0.00246120 0.01990145 0.12885775
v 0.00169349 0.01990145 0.13475880
v 0.00949589 0.01990145 0.11559527
v 0.01411534 0.01990145 0.12427997
v 0.01300555 0.01990145 0.12445924
v 0.01353570 0.01990145 0.12431985
v 0.01250962 0.01990145 0.12469278
v 0.01203967 0.01990145 0.12503441
v 0.00330522 0.01990145 0.12594301
v 0.00445105 0.01990145 0.12311567
v 0.00588277 0.01990145 0.12042179
v 0.00757528 0.01990145 0.11790318
v 0.01162974 0.01990145 0.12547962
v 0.01131202 0.01990145 0.12600970
v 0.01110967 0.01990145 0.12659363
v 0.01103159 0.01990145 0.12719375
v 0.01107145 0.01990145 0.12777337
v 0.01471545 0.01990145 0.12435805
v 0.01582947 0.01990145 0.12487812
v 0.01529940 0.01990145 0.12456041
v 0.01627466 0.01990145 0.12528805
v 0.01695104 0.01990145 0.12796383
v 0.01661630 0.01990145 0.12575800
v 0.01334525 0.01990145 0.13019942
v 0.01394536 0.01990145 0.13027750
v 0.01452500 0.01990145 0.13023763
v 0.01555109 0.01990145 0.12986469
v 0.01602105 0.01990145 0.12952304
v 0.01505515 0.01990145 0.13009823
v 0.01938142 0.01990145 0.13559449
v 0.02528130 0.01990145 0.14149445
v 0.01938138 0.01990145 0.14149440
v 0.01938146 0.01990145 0.12969456
v 0.02528126 0.01990145 0.14739438
v 0.02897849 0.01990145 0.15212906
v 0.02947443 0.01990145 0.15189551
v 0.02850854 0.01990145 0.15247073
v 0.02750047 0.01990145 0.15463002
v 0.03349799 0.01990145 0.15480001
v 0.02757854 0.01990145 0.15402993
v 0.03058422 0.01990145 0.15171626
v 0.03000458 0.01990145 0.15175612
v 0.02778089 0.01990145 0.15344599
v 0.02809861 0.01990145 0.15291591
v 0.03345812 0.01990145 0.15422037
v 0.03308517 0.01990145 0.15319430
v 0.03331873 0.01990145 0.15369022
v 0.03118433 0.01990145 0.15179434
v 0.03176827 0.01990145 0.15199670
v 0.02754032 0.01990145 0.15520966
v 0.01698925 0.01990145 0.12678408
v 0.01643096 0.01990145 0.12907785
v 0.01674867 0.01990145 0.12854777
v 0.01702911 0.01990145 0.12736372
v 0.01684984 0.01990145 0.12625393
v 0.01160616 0.01990145 0.11352552
v 0.00447387 0.01990145 0.14812222
v 0.05286664 0.01990145 0.15559387
v 0.05478725 0.01990145 0.15328593
v 0.05478087 0.01990145 0.14739459
v 0.04888095 0.01990145 0.14739455
v 0.05647978 0.01990145 0.15076733
v 0.05791149 0.01990145 0.14807348
v 0.05905732 0.01990145 0.14524612
v 0.05990133 0.01990145 0.14233141
v 0.06043738 0.01990145 0.13937710
v 0.06066904 0.01990145 0.13643033
v 0.06060891 0.01990145 0.13353512
v 0.06027712 0.01990145 0.13073053
v 0.05969963 0.01990145 0.12804934
v 0.05890630 0.01990145 0.12551736
v 0.05788866 0.01990145 0.12306691
v 0.05660976 0.01990145 0.12064067
v 0.03708133 0.01990145 0.11789485
v 0.04902406 0.01990145 0.12681941
v 0.04874363 0.01990145 0.12800346
v 0.00758150 -0.02009803 0.14739425
v 0.00758154 -0.02009803 0.14149432
v 0.01348146 -0.02009803 0.14149436
v 0.01348141 -0.02009803 0.14739429
v 0.01938138 -0.02009803 0.14149440
v 0.01938142 -0.02009803 0.13559449
v 0.01348150 -0.02009803 0.13559445
v 0.01348137 -0.02009803 0.15329422
v 0.01938134 -0.02009803 0.14739434
v 0.00729928 -0.02009803 0.15291155
v 0.02528130 -0.02009803 0.14149445
v 0.01938129 -0.02009803 0.15329426
v 0.02528126 -0.02009803 0.14739438
v 0.03118123 -0.02009803 0.14149449
v 0.02528122 -0.02009803 0.15329430
v 0.02850854 -0.02009803 0.15247073
v 0.03118119 -0.02009803 0.14739442
v 0.02897850 -0.02009803 0.15212906
v 0.02947443 -0.02009803 0.15189551
v 0.03708116 -0.02009803 0.14149453
v 0.03229835 -0.02009803 0.15231442
v 0.03708112 -0.02009803 0.14739446
v 0.03176827 -0.02009803 0.15199670
v 0.03118433 -0.02009803 0.15179434
v 0.03058422 -0.02009803 0.15171626
v 0.03000458 -0.02009803 0.15175612
v 0.03708107 -0.02009803 0.15329439
v 0.04298103 -0.02009803 0.14739451
v 0.04298107 -0.02009803 0.14149458
v 0.03274353 -0.02009803 0.15272434
v 0.03308518 -0.02009803 0.15319430
v 0.03331873 -0.02009803 0.15369022
v 0.02767973 -0.02009803 0.15573981
v 0.03345812 -0.02009803 0.15422037
v 0.03321755 -0.02009803 0.15598405
v 0.03152402 -0.02009803 0.15753452
v 0.02923020 -0.02009803 0.15743334
v 0.02778089 -0.02009803 0.15344599
v 0.02754032 -0.02009803 0.15520966
v 0.02528117 -0.02009803 0.15919421
v 0.02750048 -0.02009803 0.15463002
v 0.02791328 -0.02009803 0.15623575
v 0.02825492 -0.02009803 0.15670571
v 0.02870010 -0.02009803 0.15711563
v 0.02809861 -0.02009803 0.15291591
v 0.02757854 -0.02009803 0.15402993
v 0.01938125 -0.02009803 0.15919417
v 0.03708103 -0.02009803 0.15919430
v 0.03041423 -0.02009803 0.15771377
v 0.02981412 -0.02009803 0.15763571
v 0.03034550 -0.02009803 0.16508236
v 0.02739873 -0.02009803 0.16485068
v 0.02152971 -0.02009803 0.16347062
v 0.02444444 -0.02009803 0.16431462
v 0.01870238 -0.02009803 0.16232478
v 0.01600850 -0.02009803 0.16089307
v 0.01348989 -0.02009803 0.15920055
v 0.01118198 -0.02009803 0.15727996
v 0.00911223 -0.02009803 0.15516967
v 0.04125847 -0.02009803 0.16331962
v 0.04298094 -0.02009803 0.15919434
v 0.04298099 -0.02009803 0.15329443
v 0.03289983 -0.02009803 0.15651413
v 0.03248992 -0.02009803 0.15695934
v 0.03201997 -0.02009803 0.15730098
v 0.03324072 -0.02009803 0.16502220
v 0.03604531 -0.02009803 0.16469041
v 0.03341990 -0.02009803 0.15540013
v 0.03872649 -0.02009803 0.16411292
v 0.03099388 -0.02009803 0.15767392
v 0.04888095 -0.02009803 0.14739455
v 0.04849826 -0.02009803 0.15947655
v 0.04888091 -0.02009803 0.15329448
v 0.04613517 -0.02009803 0.16102305
v 0.05075637 -0.02009803 0.15766363
v 0.04370893 -0.02009803 0.16230198
v 0.05286664 -0.02009803 0.15559387
v 0.05478725 -0.02009803 0.15328593
v 0.05478088 -0.02009803 0.14739459
v 0.05647978 -0.02009803 0.15076733
v 0.05791149 -0.02009803 0.14807348
v 0.05905732 -0.02009803 0.14524612
v 0.05990134 -0.02009803 0.14233141
v 0.05478092 -0.02009803 0.14149466
v 0.06043738 -0.02009803 0.13937710
v 0.05478096 -0.02009803 0.13559475
v 0.06066904 -0.02009803 0.13643033
v 0.05478100 -0.02009803 0.12969481
v 0.06060891 -0.02009803 0.13353512
v 0.04888104 -0.02009803 0.13559470
v 0.04888099 -0.02009803 0.14149462
v 0.04298111 -0.02009803 0.13559466
v 0.04594032 -0.02009803 0.12973317
v 0.04705011 -0.02009803 0.12955390
v 0.04801600 -0.02009803 0.12897873
v 0.03708124 -0.02009803 0.12969469
v 0.04298116 -0.02009803 0.12969473
v 0.03708120 -0.02009803 0.13559462
v 0.04475626 -0.02009803 0.12945273
v 0.04378099 -0.02009803 0.12872510
v 0.04320582 -0.02009803 0.12775922
v 0.04302655 -0.02009803 0.12664942
v 0.04330698 -0.02009803 0.12546537
v 0.04403462 -0.02009803 0.12449010
v 0.04298124 -0.02009803 0.11789489
v 0.04902406 -0.02009803 0.12681941
v 0.03708129 -0.02009803 0.12379476
v 0.03708133 -0.02009803 0.11789485
v 0.04887265 -0.02009803 0.11198859
v 0.05118056 -0.02009803 0.11390919
v 0.04298129 -0.02009803 0.11199496
v 0.04500050 -0.02009803 0.12391492
v 0.04611030 -0.02009803 0.12373566
v 0.04729434 -0.02009803 0.12401609
v 0.03118136 -0.02009803 0.12379472
v 0.03118140 -0.02009803 0.11789481
v 0.03708137 -0.02009803 0.11199492
v 0.02528143 -0.02009803 0.12379468
v 0.02528147 -0.02009803 0.11789476
v 0.03118145 -0.02009803 0.11199487
v 0.03496381 -0.02009803 0.10633846
v 0.02528151 -0.02009803 0.11199483
v 0.02912183 -0.02009803 0.10616693
v 0.03201704 -0.02009803 0.10610679
v 0.02110407 -0.02009803 0.10786953
v 0.01938159 -0.02009803 0.11199479
v 0.02363604 -0.02009803 0.10707621
v 0.02631723 -0.02009803 0.10649873
v 0.01938155 -0.02009803 0.11789472
v 0.01386429 -0.02009803 0.11171257
v 0.01865361 -0.02009803 0.10888717
v 0.01622738 -0.02009803 0.11016607
v 0.01160616 -0.02009803 0.11352552
v 0.00949589 -0.02009803 0.11559527
v 0.01938151 -0.02009803 0.12379463
v 0.00758167 -0.02009803 0.12379455
v 0.00757528 -0.02009803 0.11790318
v 0.01938146 -0.02009803 0.12969456
v 0.01411535 -0.02009803 0.12427997
v 0.01627466 -0.02009803 0.12528805
v 0.01582948 -0.02009803 0.12487812
v 0.01529940 -0.02009803 0.12456041
v 0.01698926 -0.02009803 0.12678408
v 0.01684984 -0.02009803 0.12625393
v 0.01661630 -0.02009803 0.12575800
v 0.01471545 -0.02009803 0.12435805
v 0.01695104 -0.02009803 0.12796383
v 0.01144440 -0.02009803 0.12879947
v 0.01250962 -0.02009803 0.12469278
v 0.01353570 -0.02009803 0.12431985
v 0.01300556 -0.02009803 0.12445924
v 0.01107145 -0.02009803 0.12777337
v 0.01121086 -0.02009803 0.12830354
v 0.00758158 -0.02009803 0.13559441
v 0.01178604 -0.02009803 0.12926943
v 0.01223123 -0.02009803 0.12967935
v 0.01334525 -0.02009803 0.13019942
v 0.01555109 -0.02009803 0.12986469
v 0.01452500 -0.02009803 0.13023763
v 0.01602105 -0.02009803 0.12952304
v 0.01505516 -0.02009803 0.13009823
v 0.01643096 -0.02009803 0.12907785
v 0.01674868 -0.02009803 0.12854777
v 0.01110967 -0.02009803 0.12659363
v 0.01103159 -0.02009803 0.12719375
v 0.01162974 -0.02009803 0.12547962
v 0.01131202 -0.02009803 0.12600970
v 0.01203967 -0.02009803 0.12503441
v 0.01394536 -0.02009803 0.13027750
v 0.01276132 -0.02009803 0.12999707
v 0.00246120 -0.02009803 0.12885775
v 0.00169350 -0.02009803 0.13475880
v 0.00175363 -0.02009803 0.13765401
v 0.00192516 -0.02009803 0.13181203
v 0.00330522 -0.02009803 0.12594301
v 0.00445105 -0.02009803 0.12311567
v 0.00588277 -0.02009803 0.12042179
v 0.00208542 -0.02009803 0.14045860
v 0.00266290 -0.02009803 0.14313979
v 0.00345624 -0.02009803 0.14567177
v 0.00447387 -0.02009803 0.14812222
v 0.00575278 -0.02009803 0.15054847
v 0.01702911 -0.02009803 0.12736372
v 0.02528139 -0.02009803 0.12969460
v 0.02528134 -0.02009803 0.13559453
v 0.03118132 -0.02009803 0.12969464
v 0.03118128 -0.02009803 0.13559458
v 0.03791811 -0.02009803 0.10687449
v 0.04083283 -0.02009803 0.10771851
v 0.04366017 -0.02009803 0.10886435
v 0.04635404 -0.02009803 0.11029605
v 0.04826961 -0.02009803 0.12474373
v 0.05325031 -0.02009803 0.11601947
v 0.05506326 -0.02009803 0.11827758
v 0.05660977 -0.02009803 0.12064067
v 0.04884480 -0.02009803 0.12570962
v 0.05788866 -0.02009803 0.12306691
v 0.05890630 -0.02009803 0.12551736
v 0.05969963 -0.02009803 0.12804934
v 0.06027713 -0.02009803 0.13073053
v 0.04874363 -0.02009803 0.12800346
v 0.03349799 -0.02009803 0.15480001
v -0.04911788 -0.02009804 0.01891388
v -0.04847515 -0.01809806 0.01824273
v -0.04845186 -0.02009804 0.01820878
v -0.04805453 -0.01809806 0.01735965
v -0.04804561 -0.02009804 0.01732805
v -0.04793931 -0.01909805 0.01641249
v -0.04793931 -0.01809806 0.01641249
v -0.04793931 -0.02009804 0.01641249
v -0.04913610 -0.01809806 0.01892766
v -0.04992796 -0.01909805 0.01935358
v -0.04991223 -0.01809806 0.01934791
v -0.04992796 -0.01809806 0.01935358
v -0.04992796 -0.02009804 0.01935358
v -0.04801274 -0.02009804 0.01451394
v -0.04808615 -0.01809806 0.01261537
v -0.04808615 -0.02009804 0.01261537
v -0.04801274 -0.01809806 0.01451394
v -0.04793931 -0.01909805 0.01641249
v -0.04793931 -0.01809806 0.01641249
v -0.04793931 -0.02009804 0.01641249
v -0.03448224 -0.01809806 -0.00112150
v -0.03448224 -0.02009803 -0.00112150
v -0.04128420 -0.02009804 0.00574694
v -0.02768028 -0.02009803 -0.00798993
v -0.04808615 -0.02009804 0.01261537
v -0.04128420 -0.01809806 0.00574694
v -0.04808615 -0.01809806 0.01261537
v -0.02768028 -0.01809806 -0.00798993
v -0.01771924 0.01790147 -0.01436682
v -0.02045091 0.01790147 -0.01320007
v -0.02032377 0.01990145 -0.01326246
v -0.01771924 0.01990145 -0.01436682
v -0.02289076 0.01990145 -0.01183372
v -0.02305323 0.01790147 -0.01173051
v -0.02536322 0.01990145 -0.01007404
v -0.02547720 0.01790147 -0.00998235
v -0.02768028 0.01990145 -0.00798993
v -0.02768028 0.01790147 -0.00798993
v 0.01232793 -0.01809806 0.02859702
v 0.01268022 -0.02009803 0.02787460
v 0.01316860 -0.01909805 0.02712152
v 0.01229061 -0.02009803 0.02868799
v 0.01316860 -0.02009803 0.02712152
v 0.01316860 -0.01809806 0.02712152
v 0.01204158 -0.01809806 0.02942272
v 0.01200961 -0.02009803 0.02954165
v 0.01185934 -0.01809806 0.03028453
v 0.01178678 -0.01809806 0.03116238
v 0.01184162 -0.02009803 0.03041391
v 0.01183491 -0.02009803 0.03212951
v 0.01182431 -0.01809806 0.03203552
v 0.01220654 -0.01909805 0.03369012
v 0.01220654 -0.02009803 0.03369012
v 0.01220654 -0.01809806 0.03369012
v 0.02904255 -0.02009803 0.08001039
v 0.03240975 -0.01809806 0.08927445
v 0.03240975 -0.02009803 0.08927445
v 0.03577695 -0.02009803 0.09853851
v 0.02567535 -0.02009803 0.07074635
v 0.02904255 -0.01809806 0.08001039
v 0.02567535 -0.01809806 0.07074635
v 0.02230815 -0.01809806 0.06148229
v 0.01220654 -0.01909805 0.03369012
v 0.01894095 -0.01809806 0.05221823
v 0.01557374 -0.01809806 0.04295419
v 0.01220654 -0.01809806 0.03369012
v 0.02230815 -0.02009803 0.06148229
v 0.01894095 -0.02009803 0.05221823
v 0.01557374 -0.02009803 0.04295419
v 0.01220654 -0.02009803 0.03369012
v 0.03577695 -0.01809806 0.09853851
v 0.03645702 -0.02009803 0.09991606
v 0.03577695 -0.02009803 0.09853851
v 0.03577695 -0.01809806 0.09853851
v 0.03650753 -0.01809806 0.09999396
v 0.03749594 -0.02009803 0.10118525
v 0.03885932 -0.02009803 0.10221143
v 0.03758893 -0.01809806 0.10127330
v 0.03894333 -0.01809806 0.10225910
v 0.04044792 -0.02009803 0.10288221
v 0.04044792 -0.01809806 0.10288221
v -0.00077300 0.01890146 0.14720898
v -0.00077300 0.01790147 0.14720898
v 0.00039986 0.01790147 0.15003323
v 0.00039986 0.01990145 0.15003323
v -0.00077300 0.01990145 0.14720898
v 0.00187386 0.01790147 0.15282957
v 0.00187386 0.01990145 0.15282957
v 0.00365627 0.01790147 0.15555312
v 0.00365627 0.01990145 0.15555312
v 0.00574576 0.01790147 0.15815570
v 0.00574576 0.01990145 0.15815570
v 0.00813123 0.01790147 0.16058788
v 0.00813123 0.01990145 0.16058788
v 0.01079120 0.01790147 0.16280145
v 0.01369401 0.01790147 0.16475217
v 0.01079120 0.01990145 0.16280145
v 0.01369401 0.01990145 0.16475217
v 0.01679881 0.01790147 0.16640228
v 0.01679881 0.01990145 0.16640228
v 0.02005744 0.01790147 0.16772290
v 0.02005744 0.01990145 0.16772290
v 0.02341679 0.01790147 0.16869567
v 0.02341679 0.01990145 0.16869567
v 0.02682173 0.01990145 0.16931348
v 0.02682173 0.01790147 0.16931348
v 0.03021801 0.01790147 0.16958047
v 0.03021801 0.01990145 0.16958047
v 0.03355487 0.01790147 0.16951116
v 0.03355487 0.01990145 0.16951116
v 0.03678728 0.01790147 0.16912877
v 0.03678728 0.01990145 0.16912877
v 0.03987746 0.01790147 0.16846318
v 0.03987746 0.01990145 0.16846318
v 0.04279567 0.01790147 0.16754885
v 0.04279567 0.01990145 0.16754885
v 0.04561992 0.01790148 0.16637597
v 0.04561992 0.01990145 0.16637597
v 0.04841627 0.01790148 0.16490198
v 0.04841627 0.01990145 0.16490198
v 0.05113983 0.01790148 0.16311958
v 0.05113983 0.01990145 0.16311958
v 0.05374241 0.01790148 0.16103009
v 0.05374241 0.01990145 0.16103009
v 0.05617458 0.01790148 0.15864461
v 0.05617458 0.01990145 0.15864461
v 0.05838816 0.01990145 0.15598463
v 0.06033887 0.01790148 0.15308185
v 0.06033887 0.01990145 0.15308185
v 0.05838816 0.01790148 0.15598463
v 0.06198898 0.01790148 0.14997704
v 0.06198898 0.01990145 0.14997704
v 0.06330961 0.01790148 0.14671839
v 0.06330961 0.01990145 0.14671839
v 0.06428237 0.01790148 0.14335905
v 0.06428237 0.01990145 0.14335905
v 0.06490017 0.01790148 0.13995410
v 0.06490017 0.01990145 0.13995410
v 0.06516718 0.01790148 0.13655783
v 0.06516718 0.01990145 0.13655783
v 0.06509787 0.01790148 0.13322097
v 0.06509787 0.01990145 0.13322097
v 0.06471547 0.01790148 0.12998856
v 0.06471547 0.01990145 0.12998856
v 0.06404988 0.01790148 0.12689838
v 0.06404988 0.01990145 0.12689838
v 0.06313553 0.01790148 0.12398016
v 0.06313553 0.01990145 0.12398016
v 0.06170000 0.01990145 0.12060867
v 0.06170000 0.01790148 0.12060867
v 0.05983233 0.01790148 0.11728920
v 0.05983233 0.01990145 0.11728920
v 0.05752429 0.01790148 0.11410002
v 0.05752429 0.01990145 0.11410002
v 0.05478613 0.01790148 0.11112458
v 0.05478613 0.01990145 0.11112458
v 0.05164878 0.01790148 0.10844589
v 0.05164878 0.01990145 0.10844589
v 0.04816401 0.01790148 0.10614026
v 0.04816401 0.01990145 0.10614026
v 0.04440222 0.01790148 0.10427083
v 0.04440222 0.01990145 0.10427083
v 0.04044792 0.01790147 0.10288221
v 0.04044792 0.01990145 0.10288221
v -0.00115437 -0.02009803 0.14615971
v -0.00077300 -0.01909805 0.14720898
v -0.00115437 -0.01909805 0.14615971
v -0.00077300 -0.01809806 0.14720898
v -0.00115437 -0.01809806 0.14615971
v -0.00077300 -0.02009803 0.14720898
v -0.00206464 -0.02009803 0.14487050
v -0.00206464 -0.01809806 0.14487050
v -0.00275366 -0.01809806 0.14444394
v -0.00275366 -0.02009803 0.14444394
v -0.00151494 -0.02009803 0.14546596
v -0.00350326 -0.01909805 0.14422170
v -0.00350326 -0.02009803 0.14422170
v -0.00350326 -0.01809806 0.14422170
v -0.00151494 -0.01809806 0.14546596
v -0.00115437 -0.01909805 0.14615971
v -0.00115437 -0.01809806 0.14615971
v -0.00115437 -0.02009803 0.14615971
v -0.00313254 -0.02009803 -0.00531571
v -0.00407244 -0.01809806 -0.00463244
v -0.00407244 -0.02009803 -0.00463244
v -0.00489229 -0.01809806 -0.00374207
v -0.00489229 -0.02009803 -0.00374207
v -0.00552772 -0.01809806 -0.00268190
v -0.00552772 -0.02009803 -0.00268190
v -0.00593244 -0.01809806 -0.00151402
v -0.00593244 -0.02009803 -0.00151402
v -0.00608858 -0.01809806 -0.00031380
v -0.00608858 -0.02009803 -0.00031380
v -0.00600886 -0.01809806 0.00084547
v -0.00600886 -0.02009803 0.00084547
v -0.00573006 -0.01809806 0.00190579
v -0.00573006 -0.02009803 0.00190579
v -0.00526296 -0.01809806 0.00289765
v -0.00526296 -0.02009803 0.00289765
v -0.00457969 -0.01809806 0.00383756
v -0.00457969 -0.02009803 0.00383756
v -0.00368931 -0.01809806 0.00465741
v -0.00368931 -0.02009803 0.00465741
v -0.00262915 -0.01809806 0.00529284
v -0.00262915 -0.02009803 0.00529284
v -0.00146127 -0.01809806 0.00569756
v -0.00146127 -0.02009803 0.00569756
v -0.00026105 -0.01809806 0.00585371
v -0.00026105 -0.02009803 0.00585371
v 0.00089823 -0.01809806 0.00577398
v 0.00089823 -0.02009803 0.00577398
v 0.00195853 -0.01909805 0.00549518
v 0.00195853 -0.01809806 0.00549518
v 0.00195853 -0.02009803 0.00549518
v -0.00313254 -0.01809806 -0.00531571
v -0.00214067 -0.01909805 -0.00578280
v -0.00214067 -0.01809806 -0.00578280
v -0.00214067 -0.02009803 -0.00578280
v 0.04403462 -0.01809806 0.12449010
v 0.04403462 -0.02009803 0.12449010
v 0.04500050 -0.01909804 0.12391492
v 0.04500050 -0.02009803 0.12391492
v 0.04500050 -0.01809806 0.12391492
v 0.04330698 -0.01809806 0.12546537
v 0.04330698 -0.02009803 0.12546537
v 0.04302655 -0.01809806 0.12664942
v 0.04302655 -0.02009803 0.12664942
v 0.04320582 -0.01809806 0.12775922
v 0.04320582 -0.02009803 0.12775922
v 0.04378099 -0.01809806 0.12872510
v 0.04378099 -0.02009803 0.12872510
v 0.04475626 -0.01809806 0.12945273
v 0.04475626 -0.02009803 0.12945273
v 0.04594032 -0.01809806 0.12973317
v 0.04705011 -0.01909804 0.12955390
v 0.04705011 -0.01809806 0.12955390
v 0.04594032 -0.02009803 0.12973317
v 0.04705011 -0.02009803 0.12955390
v -0.04911789 0.01790147 0.01891388
v -0.04992796 0.01890146 0.01935358
v -0.04911789 0.01990144 0.01891388
v -0.04992796 0.01790147 0.01935358
v -0.04845186 0.01990144 0.01820878
v -0.04845186 0.01790147 0.01820878
v -0.04804561 0.01990144 0.01732805
v -0.04793931 0.01890146 0.01641249
v -0.04804561 0.01790147 0.01732805
v -0.04793931 0.01990144 0.01641249
v -0.04793931 0.01790147 0.01641249
v -0.04992796 0.01990144 0.01935358
v -0.04808615 0.01890146 0.01261537
v -0.04808615 0.01790147 0.01261537
v -0.04803721 0.01790147 0.01388108
v -0.04803721 0.01990144 0.01388108
v -0.04808615 0.01990144 0.01261537
v -0.04798827 0.01790147 0.01514678
v -0.04798827 0.01990144 0.01514678
v -0.04793931 0.01890146 0.01641249
v -0.04793931 0.01790147 0.01641249
v -0.04793931 0.01990144 0.01641249
v -0.03448224 0.01790147 -0.00112150
v -0.02768028 0.01990145 -0.00798993
v -0.02768028 0.01790147 -0.00798993
v -0.03448224 0.01990145 -0.00112150
v -0.04808615 0.01890146 0.01261537
v -0.04128420 0.01990145 0.00574694
v -0.04808615 0.01990144 0.01261537
v -0.04128420 0.01790147 0.00574694
v -0.04808615 0.01790147 0.01261537
v -0.02045090 -0.02009803 -0.01320007
v -0.01771924 -0.01809806 -0.01436682
v -0.01771924 -0.02009803 -0.01436682
v -0.02045091 -0.01809806 -0.01320007
v -0.02305323 -0.02009803 -0.01173051
v -0.02305323 -0.01809806 -0.01173051
v -0.02547719 -0.02009803 -0.00998235
v -0.02547719 -0.01809806 -0.00998235
v -0.02768028 -0.02009803 -0.00798993
v -0.02768028 -0.01809806 -0.00798993
v 0.01316860 0.01990145 0.02712152
v 0.01232793 0.01990145 0.02859702
v 0.01316860 0.01890146 0.02712152
v 0.01232793 0.01790147 0.02859702
v 0.01316860 0.01790147 0.02712152
v 0.01204158 0.01990145 0.02942272
v 0.01204158 0.01790147 0.02942272
v 0.01185934 0.01990145 0.03028453
v 0.01185934 0.01790147 0.03028453
v 0.01178678 0.01990145 0.03116238
v 0.01178678 0.01790147 0.03116238
v 0.01182431 0.01990145 0.03203552
v 0.01182431 0.01790147 0.03203552
v 0.01220654 0.01890146 0.03369012
v 0.01220654 0.01990145 0.03369012
v 0.01220654 0.01790147 0.03369012
v 0.03240975 0.01790147 0.08927445
v 0.03577694 0.01990145 0.09853851
v 0.03577694 0.01790147 0.09853851
v 0.03240975 0.01990145 0.08927445
v 0.02904254 0.01790147 0.08001039
v 0.02904254 0.01990145 0.08001039
v 0.02567535 0.01790147 0.07074635
v 0.02567535 0.01990145 0.07074635
v 0.01220654 0.01890146 0.03369012
v 0.02230815 0.01990145 0.06148229
v 0.01894095 0.01990145 0.05221823
v 0.01557374 0.01990145 0.04295419
v 0.01220654 0.01990145 0.03369012
v 0.02230815 0.01790147 0.06148229
v 0.01894095 0.01790147 0.05221823
v 0.01557374 0.01790147 0.04295419
v 0.01220654 0.01790147 0.03369012
v 0.03577694 0.01790147 0.09853851
v 0.03645702 0.01990145 0.09991606
v 0.03645702 0.01790147 0.09991606
v 0.03749594 0.01990145 0.10118525
v 0.03749594 0.01790147 0.10118525
v 0.03885932 0.01990145 0.10221143
v 0.03885932 0.01790147 0.10221143
v 0.04044792 0.01990145 0.10288221
v 0.04044792 0.01790147 0.10288221
v 0.03577694 0.01990145 0.09853851
v -0.00077300 -0.01909805 0.14720898
v -0.00077300 -0.02009803 0.14720898
v 0.00039986 -0.02009803 0.15003323
v 0.00039986 -0.01809806 0.15003323
v -0.00077300 -0.01809806 0.14720898
v 0.00187386 -0.02009803 0.15282957
v 0.00187386 -0.01809806 0.15282957
v 0.00365627 -0.02009803 0.15555312
v 0.00365627 -0.01809806 0.15555312
v 0.00574576 -0.02009803 0.15815570
v 0.00574576 -0.01809806 0.15815570
v 0.00813124 -0.02009803 0.16058788
v 0.01079120 -0.02009803 0.16280145
v 0.00813124 -0.01809806 0.16058788
v 0.01079120 -0.01809806 0.16280145
v 0.01369401 -0.02009803 0.16475217
v 0.01369401 -0.01809806 0.16475217
v 0.01679881 -0.02009803 0.16640228
v 0.01679881 -0.01809806 0.16640228
v 0.02005744 -0.02009803 0.16772290
v 0.02005744 -0.01809806 0.16772290
v 0.02341679 -0.02009803 0.16869567
v 0.02341679 -0.01809806 0.16869567
v 0.02682173 -0.02009803 0.16931348
v 0.02682173 -0.01809806 0.16931348
v 0.03021801 -0.01809806 0.16958047
v 0.03021801 -0.02009803 0.16958047
v 0.03355487 -0.02009803 0.16951116
v 0.03355487 -0.01809806 0.16951116
v 0.03678728 -0.02009803 0.16912877
v 0.03678728 -0.01809806 0.16912877
v 0.03987747 -0.02009803 0.16846318
v 0.03987747 -0.01809806 0.16846318
v 0.04279567 -0.02009803 0.16754885
v 0.04279567 -0.01809806 0.16754885
v 0.04561993 -0.02009803 0.16637597
v 0.04561993 -0.01809806 0.16637597
v 0.04841627 -0.02009803 0.16490198
v 0.04841627 -0.01809806 0.16490198
v 0.05113983 -0.02009803 0.16311958
v 0.05113983 -0.01809806 0.16311958
v 0.05374241 -0.02009803 0.16103009
v 0.05617459 -0.02009803 0.15864461
v 0.05374241 -0.01809806 0.16103009
v 0.05617459 -0.01809806 0.15864461
v 0.05838816 -0.02009803 0.15598463
v 0.05838816 -0.01809806 0.15598463
v 0.06033887 -0.02009803 0.15308185
v 0.06033887 -0.01809806 0.15308185
v 0.06198898 -0.02009803 0.14997704
v 0.06198898 -0.01809806 0.14997704
v 0.06330961 -0.02009803 0.14671839
v 0.06330961 -0.01809806 0.14671839
v 0.06428237 -0.02009803 0.14335905
v 0.06490017 -0.01809806 0.13995410
v 0.06428237 -0.01809806 0.14335905
v 0.06490017 -0.02009803 0.13995410
v 0.06516718 -0.02009803 0.13655783
v 0.06516718 -0.01809806 0.13655783
v 0.06509787 -0.02009803 0.13322097
v 0.06509787 -0.01809806 0.13322097
v 0.06471547 -0.02009803 0.12998856
v 0.06471547 -0.01809806 0.12998856
v 0.06404988 -0.02009803 0.12689838
v 0.06404988 -0.01809806 0.12689838
v 0.06313554 -0.02009803 0.12398016
v 0.06313554 -0.01809806 0.12398016
v 0.06170000 -0.02009803 0.12060867
v 0.06170000 -0.01809806 0.12060867
v 0.05983233 -0.02009803 0.11728920
v 0.05983233 -0.01809806 0.11728920
v 0.05752429 -0.02009803 0.11410002
v 0.05752429 -0.01809806 0.11410002
v 0.05478613 -0.02009803 0.11112458
v 0.05478613 -0.01809806 0.11112458
v 0.05164879 -0.02009803 0.10844589
v 0.05164879 -0.01809806 0.10844589
v 0.04816401 -0.02009803 0.10614026
v 0.04816401 -0.01809806 0.10614026
v 0.04440222 -0.02009803 0.10427083
v 0.04440222 -0.01809806 0.10427083
v 0.04044792 -0.02009803 0.10288221
v 0.04044792 -0.01809806 0.10288221
v -0.00115438 0.01790147 0.14615971
v -0.00077300 0.01890146 0.14720898
v -0.00115438 0.01890146 0.14615971
v -0.00077300 0.01990145 0.14720898
v -0.00115438 0.01990145 0.14615971
v -0.00077300 0.01790147 0.14720898
v -0.00206464 0.01790147 0.14487050
v -0.00206464 0.01990145 0.14487050
v -0.00275366 0.01990145 0.14444394
v -0.00275366 0.01790147 0.14444394
v -0.00151495 0.01790147 0.14546596
v -0.00350327 0.01890146 0.14422170
v -0.00350327 0.01790147 0.14422170
v -0.00350327 0.01990145 0.14422170
v -0.00151495 0.01990145 0.14546596
v -0.00115438 0.01890146 0.14615971
v -0.00115438 0.01990145 0.14615971
v -0.00115438 0.01790147 0.14615971
v -0.00350327 0.01890146 0.14422170
v -0.00460586 0.01790147 0.14404657
v -0.00350327 0.01790147 0.14422170
v -0.00350327 0.01990145 0.14422170
v -0.00686423 0.01990145 0.14368786
v -0.00686423 0.01323486 0.14368786
v -0.00460586 0.01070157 0.14404657
v -0.00686423 0.00656828 0.14368786
v -0.00460586 0.00350166 0.14404657
v -0.00686423 -0.00009830 0.14368786
v -0.00460586 -0.00369825 0.14404657
v -0.00686423 -0.00676487 0.14368786
v -0.00460586 -0.01089815 0.14404657
v -0.00686423 -0.01343146 0.14368786
v -0.00460586 -0.01809806 0.14404657
v -0.00686423 -0.02009803 0.14368786
v -0.00350326 -0.02009803 0.14422170
v -0.00350326 -0.01909805 0.14422170
v -0.00350326 -0.01809806 0.14422170
v -0.05180763 0.01323486 0.02003678
v -0.05180763 0.01990144 0.02003678
v -0.04992796 0.01790147 0.01935358
v -0.04992796 0.01070156 0.01935358
v -0.05180763 0.00656828 0.02003678
v -0.04992796 0.00350166 0.01935358
v -0.05180763 -0.00009830 0.02003678
v -0.04992796 -0.00369825 0.01935358
v -0.05180763 -0.00676488 0.02003678
v -0.04992796 -0.01089816 0.01935358
v -0.05180763 -0.01343146 0.02003678
v -0.04992796 -0.01809806 0.01935358
v -0.05180763 -0.02009804 0.02003678
v -0.04992796 -0.01909805 0.01935358
v -0.04992796 -0.02009804 0.01935358
v -0.04992796 0.01890146 0.01935358
v -0.04992796 0.01990144 0.01935358
v 0.04403462 0.01990145 0.12449010
v 0.04403462 0.01790147 0.12449010
v 0.04500050 0.01890146 0.12391492
v 0.04500050 0.01790148 0.12391492
v 0.04500050 0.01990145 0.12391492
v 0.04330698 0.01990145 0.12546537
v 0.04330698 0.01790147 0.12546537
v 0.04302655 0.01990145 0.12664942
v 0.04302655 0.01790147 0.12664942
v 0.04320581 0.01990145 0.12775922
v 0.04320581 0.01790147 0.12775922
v 0.04378099 0.01990145 0.12872510
v 0.04378099 0.01790147 0.12872510
v 0.04475626 0.01990145 0.12945273
v 0.04475626 0.01790148 0.12945273
v 0.04594031 0.01990145 0.12973317
v 0.04594032 0.01790148 0.12973317
v 0.04705010 0.01890146 0.12955390
v 0.04705010 0.01990145 0.12955390
v 0.04705010 0.01790148 0.12955390
v -0.01157849 -0.00009830 0.12486304
v -0.01157849 -0.00459824 0.12486304
v -0.01506481 -0.00459824 0.11527126
v -0.00809218 -0.00009830 0.13445479
v -0.00756438 -0.00520355 0.13590691
v -0.01157849 -0.00909818 0.12486304
v -0.01506481 -0.00909818 0.11527126
v -0.00785218 -0.00604608 0.13511506
v -0.00773809 -0.00553756 0.13542898
v -0.00788816 -0.00659821 0.13501608
v -0.01157849 -0.01359812 0.12486304
v -0.01506481 -0.01359812 0.11527126
v -0.01005305 -0.01266834 0.12905990
v -0.00992731 -0.01259813 0.12940585
v -0.00785218 -0.00715035 0.13511506
v -0.00773809 -0.00765886 0.13542898
v -0.00756438 -0.00799287 0.13590691
v -0.00980157 -0.01266834 0.12975181
v -0.00737576 -0.00809819 0.13642583
v -0.00968576 -0.01289103 0.13007042
v -0.00460586 -0.01089815 0.14404657
v -0.00718715 -0.00799287 0.13694474
v -0.00701344 -0.00765886 0.13742266
v -0.00689934 -0.00715035 0.13773658
v -0.00460586 -0.00369825 0.14404657
v -0.00686337 -0.00659821 0.13783557
v -0.00701344 -0.00553756 0.13742266
v -0.00718715 -0.00520355 0.13694474
v -0.00737576 -0.00509823 0.13642583
v -0.00689934 -0.00604608 0.13773658
v -0.00460586 0.00350166 0.14404657
v -0.00737576 0.00490164 0.13642583
v -0.00718716 0.00500696 0.13694474
v -0.00701344 0.00534098 0.13742266
v -0.00689934 0.00584949 0.13773658
v -0.00686337 0.00640162 0.13783557
v -0.00689935 0.00695375 0.13773658
v -0.00460586 0.01070157 0.14404657
v -0.00701344 0.00746227 0.13742266
v -0.00718716 0.00779628 0.13694474
v -0.00737576 0.00790160 0.13642583
v -0.00980157 0.01247175 0.12975181
v -0.00756438 0.00779628 0.13590691
v -0.00968576 0.01269443 0.13007042
v -0.00992732 0.01240154 0.12940585
v -0.01157849 0.00890159 0.12486304
v -0.01005305 0.01247175 0.12905990
v -0.01157849 0.00440164 0.12486304
v -0.01506481 0.00440164 0.11527126
v -0.01506481 0.00890159 0.11527126
v -0.01157849 0.01340153 0.12486304
v -0.00788816 0.00640162 0.13501608
v -0.00785218 0.00695375 0.13511506
v -0.00773809 0.00746227 0.13542898
v -0.00785218 0.00584949 0.13511506
v -0.00773809 0.00534098 0.13542898
v -0.00756438 0.00500696 0.13590691
v -0.01506481 0.01340153 0.11527126
v -0.01414534 0.01690149 0.11780096
v -0.01016886 0.01269443 0.12874129
v -0.01016886 0.01410862 0.12874129
v -0.01005305 0.01433131 0.12905990
v -0.01024492 0.01376962 0.12853202
v -0.01026891 0.01340153 0.12846602
v -0.01401960 0.01697169 0.11814690
v -0.01150427 0.01790147 0.12506722
v -0.01024492 0.01303344 0.12853202
v -0.00992732 0.01440152 0.12940585
v -0.01390379 0.01719437 0.11846551
v -0.01382773 0.01753338 0.11867480
v -0.01380374 0.01790147 0.11874078
v -0.00920480 0.01790147 0.13139368
v -0.00980157 0.01433131 0.12975181
v -0.00690534 0.01790147 0.13772012
v -0.00968576 0.01410862 0.13007042
v -0.00960970 0.01376962 0.13027969
v -0.00958572 0.01340153 0.13034569
v -0.00960970 0.01303344 0.13027969
v -0.00460586 0.01790147 0.14404657
v -0.01427108 0.01697169 0.11745501
v -0.01438689 0.01719437 0.11713639
v -0.01698062 0.01790147 0.11000035
v -0.01446296 0.01753338 0.11692711
v -0.01448694 0.01790147 0.11686112
v -0.01855112 0.01340153 0.10567948
v -0.01947430 0.01790147 0.10313958
v -0.02203744 0.01340153 0.09608772
v -0.02196799 0.01790147 0.09627881
v -0.02203744 0.00890159 0.09608772
v -0.02339816 0.01169444 0.09234402
v -0.02552375 0.01340153 0.08649595
v -0.02446166 0.01790147 0.08941804
v -0.02363971 0.01340153 0.09167945
v -0.02329812 0.01240154 0.09261929
v -0.02332209 0.01276963 0.09255329
v -0.02339816 0.01310863 0.09234402
v -0.02351397 0.01333132 0.09202541
v -0.02332209 0.01203345 0.09255329
v -0.02695535 0.01790147 0.08255727
v -0.02901007 0.01340153 0.07690418
v -0.02944902 0.01790147 0.07569650
v -0.03171238 0.01333132 0.06946944
v -0.03194271 0.01790147 0.06883574
v -0.03249638 0.01340153 0.06731242
v -0.03443638 0.01790147 0.06197497
v -0.03183812 0.01340153 0.06912350
v -0.03598271 0.01340153 0.05772064
v -0.03693007 0.01790147 0.05511420
v -0.03249638 0.00890159 0.06731242
v -0.03946901 0.01340153 0.04812887
v -0.03598271 0.00890159 0.05772064
v -0.03946901 0.00890159 0.04812887
v -0.04295533 0.00890159 0.03853712
v -0.03963961 0.01697169 0.04765954
v -0.04295533 0.01340153 0.03853712
v -0.03989109 0.01697169 0.04696764
v -0.03976534 0.01690148 0.04731359
v -0.03952380 0.01719437 0.04797815
v -0.03944773 0.01753338 0.04818743
v -0.03942376 0.01790147 0.04825341
v -0.04644166 0.01340153 0.02894534
v -0.04256220 0.01790147 0.03961871
v -0.04501746 0.01790147 0.03286367
v -0.04684385 0.01390152 0.02783879
v -0.04671811 0.01383131 0.02818473
v -0.04747271 0.01790147 0.02610863
v -0.04696959 0.01383131 0.02749285
v -0.04992796 0.01790147 0.01935358
v -0.04716146 0.01326962 0.02696494
v -0.04992796 0.01070156 0.01935358
v -0.04708539 0.01360863 0.02717423
v -0.04992796 0.00350166 0.01935358
v -0.04766886 0.00734946 0.02556895
v -0.04770484 0.00790160 0.02546997
v -0.04766886 0.00845374 0.02556895
v -0.04696959 0.01197176 0.02749285
v -0.04738105 0.00929626 0.02636081
v -0.04755476 0.00896225 0.02588289
v -0.04708539 0.01219443 0.02717423
v -0.04716146 0.01253344 0.02696494
v -0.04718545 0.01290154 0.02689896
v -0.04684385 0.01190155 0.02783879
v -0.04719244 0.00940158 0.02687972
v -0.04700383 0.00929626 0.02739866
v -0.04671810 0.01197176 0.02818473
v -0.04660230 0.01219443 0.02850334
v -0.04683012 0.00896225 0.02787657
v -0.04671601 0.00845374 0.02819050
v -0.04652623 0.01253344 0.02871263
v -0.04668004 0.00790160 0.02828947
v -0.04644165 0.00440164 0.02894534
v -0.04650225 0.01290154 0.02877863
v -0.04295533 0.00440164 0.03853712
v -0.04644165 -0.00009830 0.02894534
v -0.04738105 0.00650694 0.02636081
v -0.04671601 0.00734947 0.02819050
v -0.04683012 0.00684095 0.02787657
v -0.04719244 0.00640162 0.02687972
v -0.04700383 0.00650694 0.02739866
v -0.04295533 -0.00009830 0.03853712
v -0.04992796 -0.00369825 0.01935358
v -0.04644165 -0.00459824 0.02894534
v -0.03946901 0.00440164 0.04812887
v -0.03946901 -0.00009830 0.04812887
v -0.04295533 -0.00459824 0.03853712
v -0.03598271 0.00440164 0.05772064
v -0.03598271 -0.00009830 0.05772064
v -0.03249638 0.00440164 0.06731242
v -0.03249638 -0.00009830 0.06731242
v -0.02901007 0.00440164 0.07690418
v -0.02901007 0.00890159 0.07690418
v -0.02552375 0.00890159 0.08649595
v -0.03159656 0.01169444 0.06978806
v -0.03171238 0.01147177 0.06946944
v -0.03183812 0.01140156 0.06912350
v -0.03196385 0.01147177 0.06877755
v -0.03207966 0.01169444 0.06845894
v -0.03215573 0.01203345 0.06824965
v -0.03217972 0.01240154 0.06818366
v -0.03215573 0.01276963 0.06824965
v -0.03207966 0.01310863 0.06845894
v -0.03196385 0.01333132 0.06877755
v -0.03152050 0.01203345 0.06999735
v -0.03149652 0.01240154 0.07006332
v -0.03152050 0.01276963 0.06999735
v -0.03159656 0.01310863 0.06978806
v -0.02552375 0.00440164 0.08649595
v -0.02388126 0.01169444 0.09101489
v -0.02363971 0.01140156 0.09167945
v -0.02376545 0.01147177 0.09133350
v -0.02203744 0.00440164 0.09608772
v -0.02552375 -0.00009830 0.08649595
v -0.02901007 -0.00009830 0.07690418
v -0.02901007 -0.00459824 0.07690418
v -0.03249638 -0.00459824 0.06731242
v -0.03249638 -0.00909818 0.06731242
v -0.03598271 -0.00459824 0.05772064
v -0.03598271 -0.00909818 0.05772064
v -0.03946901 -0.00909818 0.04812887
v -0.03946901 -0.01359812 0.04812887
v -0.03598271 -0.01359812 0.05772064
v -0.03249638 -0.01359812 0.06731242
v -0.03443638 -0.01809806 0.06197497
v -0.03194271 -0.01809806 0.06883574
v -0.03207965 -0.01330523 0.06845894
v -0.03196385 -0.01352791 0.06877755
v -0.03183812 -0.01359812 0.06912350
v -0.03249638 -0.01359812 0.06731242
v -0.03183812 -0.01359812 0.06912350
v -0.02901007 -0.01359812 0.07690418
v -0.03215572 -0.01296623 0.06824965
v -0.02901007 -0.01359812 0.07690418
v -0.03215572 -0.01223005 0.06824965
v -0.03217971 -0.01259813 0.06818366
v -0.02901007 -0.00909818 0.07690418
v -0.03159656 -0.01189104 0.06978806
v -0.02552375 -0.00909818 0.08649595
v -0.02552375 -0.01359812 0.08649595
v -0.02695534 -0.01809806 0.08255727
v -0.02944902 -0.01809806 0.07569650
v -0.03152050 -0.01296623 0.06999735
v -0.03159656 -0.01330523 0.06978806
v -0.03149652 -0.01259813 0.07006332
v -0.03152050 -0.01223005 0.06999735
v -0.03171238 -0.01352791 0.06946944
v -0.03171238 -0.01166835 0.06946944
v -0.03183812 -0.01159815 0.06912350
v -0.03196385 -0.01166835 0.06877755
v -0.03207965 -0.01189104 0.06845894
v -0.02446166 -0.01809806 0.08941804
v -0.02203744 -0.01359812 0.09608772
v -0.02196799 -0.01809806 0.09627881
v -0.01947430 -0.01809806 0.10313958
v -0.01855112 -0.01359812 0.10567948
v -0.01698062 -0.01809806 0.11000035
v -0.01438689 -0.01739097 0.11713639
v -0.01446295 -0.01772997 0.11692711
v -0.01448693 -0.01809806 0.11686112
v -0.01427108 -0.01716828 0.11745501
v -0.01414534 -0.01709807 0.11780096
v -0.01401960 -0.01716828 0.11814690
v -0.01390379 -0.01739097 0.11846551
v -0.01150427 -0.01809806 0.12506722
v -0.01382772 -0.01772997 0.11867480
v -0.01380374 -0.01809806 0.11874078
v -0.01005305 -0.01452790 0.12905990
v -0.00992731 -0.01459811 0.12940585
v -0.00920480 -0.01809806 0.13139368
v -0.00980157 -0.01452790 0.12975181
v -0.00690533 -0.01809806 0.13772012
v -0.00968576 -0.01430522 0.13007042
v -0.00460586 -0.01809806 0.14404657
v -0.00958572 -0.01359812 0.13034569
v -0.00960970 -0.01396621 0.13027969
v -0.00960970 -0.01323003 0.13027969
v -0.01016886 -0.01430522 0.12874129
v -0.01024492 -0.01396621 0.12853202
v -0.01026891 -0.01359812 0.12846602
v -0.01024492 -0.01323003 0.12853202
v -0.01016886 -0.01289103 0.12874129
v -0.01855112 -0.00909818 0.10567948
v -0.01855112 -0.00459824 0.10567948
v -0.02203744 -0.00909818 0.09608772
v -0.02203744 -0.00459824 0.09608772
v -0.02339816 -0.01189104 0.09234402
v -0.02363971 -0.01159814 0.09167945
v -0.02351397 -0.01166835 0.09202541
v -0.02376545 -0.01166835 0.09133350
v -0.02388126 -0.01189104 0.09101489
v -0.02395733 -0.01223005 0.09080562
v -0.02398131 -0.01259813 0.09073962
v -0.02395733 -0.01296623 0.09080562
v -0.02388126 -0.01330523 0.09101489
v -0.02376545 -0.01352791 0.09133350
v -0.02363971 -0.01359812 0.09167945
v -0.02351397 -0.01352791 0.09202541
v -0.02339816 -0.01330523 0.09234402
v -0.02332209 -0.01296623 0.09255329
v -0.02329811 -0.01259813 0.09261929
v -0.02332209 -0.01223005 0.09255329
v -0.01855112 -0.00009830 0.10567948
v -0.02203744 -0.00009830 0.09608772
v -0.02552375 -0.00459824 0.08649595
v -0.01855112 0.00440164 0.10567948
v -0.01855112 0.00890159 0.10567948
v -0.01506481 -0.00009830 0.11527126
v -0.03693006 -0.01809806 0.05511420
v -0.03944773 -0.01772998 0.04818743
v -0.03952380 -0.01739097 0.04797815
v -0.03963961 -0.01716828 0.04765954
v -0.03942375 -0.01809806 0.04825341
v -0.03976534 -0.01709807 0.04731359
v -0.03989109 -0.01716828 0.04696764
v -0.04227730 -0.01402790 0.04040254
v -0.04216149 -0.01380523 0.04072116
v -0.04000689 -0.01739097 0.04664903
v -0.04008296 -0.01772998 0.04643974
v -0.04256220 -0.01809806 0.03961871
v -0.04010695 -0.01809806 0.04637376
v -0.04240304 -0.01409811 0.04005660
v -0.04252878 -0.01402790 0.03971066
v -0.04501746 -0.01809806 0.03286367
v -0.04747271 -0.01809806 0.02610863
v -0.04644165 -0.01359812 0.02894534
v -0.04295533 -0.01359812 0.03853712
v -0.04264460 -0.01380523 0.03939204
v -0.04272067 -0.01346622 0.03918275
v -0.04295533 -0.00909818 0.03853712
v -0.04274464 -0.01309813 0.03911678
v -0.04272067 -0.01273004 0.03918275
v -0.03946901 -0.00459824 0.04812887
v -0.04227730 -0.01216835 0.04040254
v -0.04252878 -0.01216835 0.03971066
v -0.04240305 -0.01209814 0.04005660
v -0.04264460 -0.01239104 0.03939204
v -0.04216149 -0.01239104 0.04072116
v -0.04208543 -0.01273004 0.04093045
v -0.04206145 -0.01309813 0.04099643
v -0.04208543 -0.01346622 0.04093045
v -0.04992796 -0.01809806 0.01935358
v -0.04992796 -0.01089816 0.01935358
v -0.04755476 -0.00915884 0.02588289
v -0.04738105 -0.00949286 0.02636081
v -0.04719244 -0.00959818 0.02687972
v -0.04766886 -0.00865033 0.02556895
v -0.04766886 -0.00754606 0.02556895
v -0.04770484 -0.00809820 0.02546997
v -0.04755476 -0.00703755 0.02588289
v -0.04738105 -0.00670353 0.02636081
v -0.04719244 -0.00659821 0.02687972
v -0.04700383 -0.00670353 0.02739866
v -0.04683012 -0.00703755 0.02787657
v -0.04671601 -0.00754606 0.02819050
v -0.04668003 -0.00809820 0.02828947
v -0.04671601 -0.00865033 0.02819050
v -0.04683012 -0.00915884 0.02787657
v -0.04700383 -0.00949286 0.02739866
v -0.02395733 0.01203345 0.09080562
v -0.02398131 0.01240154 0.09073962
v -0.02395733 0.01276963 0.09080562
v -0.02388126 0.01310863 0.09101489
v -0.02376545 0.01333132 0.09133350
v -0.02351397 0.01147177 0.09202541
v -0.04755476 0.00684095 0.02588289
v -0.04652623 0.01326962 0.02871263
v -0.04660230 0.01360863 0.02850334
v -0.04008296 0.01753338 0.04643974
v -0.04000690 0.01719437 0.04664903
v -0.04010695 0.01790147 0.04637376
v 0.04561993 -0.01809806 0.16637597
v 0.03640328 -0.01809806 0.15531840
v 0.04279567 -0.01809806 0.16754885
v 0.04841627 -0.01809806 0.16490198
v 0.05079198 -0.01809806 0.15531850
v 0.02682173 -0.01809806 0.16931348
v 0.03021801 -0.01809806 0.16958047
v 0.02201457 -0.01809806 0.15531829
v 0.03987747 -0.01809806 0.16846318
v 0.03678728 -0.01809806 0.16912877
v 0.03355487 -0.01809806 0.16951116
v 0.03640338 -0.01809806 0.14104264
v 0.02201468 -0.01809806 0.14104254
v 0.00762597 -0.01809806 0.14104244
v 0.00365627 -0.01809806 0.15555312
v 0.02341679 -0.01809806 0.16869567
v 0.01079120 -0.01809806 0.16280145
v 0.01369401 -0.01809806 0.16475217
v 0.00813124 -0.01809806 0.16058788
v 0.00574576 -0.01809806 0.15815570
v 0.01679881 -0.01809806 0.16640228
v 0.02005744 -0.01809806 0.16772290
v 0.00187386 -0.01809806 0.15282957
v 0.00039986 -0.01809806 0.15003323
v -0.00077300 -0.01809806 0.14720898
v -0.00115437 -0.01809806 0.14615971
v -0.00151494 -0.01809806 0.14546596
v -0.00206464 -0.01809806 0.14487050
v -0.00275366 -0.01809806 0.14444394
v -0.00690533 -0.01809806 0.13772012
v -0.00350326 -0.01809806 0.14422170
v -0.00460586 -0.01809806 0.14404657
v 0.00762608 -0.01809806 0.12676668
v -0.00920480 -0.01809806 0.13139368
v -0.00676263 -0.01809806 0.12676658
v 0.02201478 -0.01809806 0.12676679
v 0.00762618 -0.01809806 0.11249093
v -0.00676252 -0.01809806 0.11249082
v 0.00518524 -0.01809806 0.09960012
v -0.01380374 -0.01809806 0.11874078
v -0.01261651 -0.01809806 0.09954141
v -0.00676232 -0.01809806 0.08393931
v -0.01278010 -0.01809806 0.10023211
v 0.00229419 -0.01809806 0.09570199
v 0.00295590 -0.01809806 0.09710715
v -0.01320456 -0.01809806 0.10080101
v -0.01376799 -0.01809806 0.10113654
v -0.01414534 -0.01809806 0.11780096
v 0.00392388 -0.01809806 0.09843868
v -0.01698062 -0.01809806 0.11000035
v -0.01448693 -0.01809806 0.11686112
v -0.01441536 -0.01809806 0.10124110
v -0.01947430 -0.01809806 0.10313958
v -0.01567497 -0.01809806 0.10065307
v -0.01510606 -0.01809806 0.10107752
v -0.01652290 -0.01809806 0.09867988
v -0.02196799 -0.01809806 0.09627881
v -0.01601049 -0.01809806 0.10008963
v -0.01323348 -0.01809806 0.09748427
v -0.01272108 -0.01809806 0.09889403
v -0.01374588 -0.01809806 0.09607452
v -0.01534101 -0.01809806 0.09492306
v -0.01598839 -0.01809806 0.09502762
v -0.01408141 -0.01809806 0.09551110
v -0.01703529 -0.01809806 0.09727013
v -0.01713986 -0.01809806 0.09662276
v -0.01697628 -0.01809806 0.09593206
v -0.01655182 -0.01809806 0.09536315
v -0.02446166 -0.01809806 0.08941804
v -0.02115103 -0.01809806 0.08393921
v -0.02695534 -0.01809806 0.08255727
v -0.00713398 -0.01809806 0.06976265
v -0.02115093 -0.01809806 0.06966344
v -0.02944902 -0.01809806 0.07569650
v -0.03194271 -0.01809806 0.06883574
v -0.02933897 -0.01809806 0.06305980
v -0.03443638 -0.01809806 0.06197497
v -0.02743199 -0.01809806 0.06354327
v -0.02877006 -0.01809806 0.06348425
v -0.02807937 -0.01809806 0.06364784
v -0.02686856 -0.01809806 0.06320775
v -0.02644410 -0.01809806 0.06263884
v -0.02628051 -0.01809806 0.06194814
v -0.02638509 -0.01809806 0.06130077
v -0.02115072 -0.01809806 0.04111194
v -0.02689749 -0.01809806 0.05989102
v -0.03001609 -0.01809806 0.06155654
v -0.02967449 -0.01809806 0.06249636
v -0.03035770 -0.01809806 0.06061671
v -0.03069929 -0.01809806 0.05967686
v -0.02740988 -0.01809806 0.05848127
v -0.03080386 -0.01809806 0.05902949
v -0.02774541 -0.01809806 0.05791783
v -0.03693006 -0.01809806 0.05511420
v -0.03064028 -0.01809806 0.05833879
v -0.02900501 -0.01809806 0.05732979
v -0.03021582 -0.01809806 0.05776988
v -0.02965240 -0.01809806 0.05743436
v -0.03942375 -0.01809806 0.04825341
v -0.03553941 -0.01809806 0.04111183
v -0.03976534 -0.01809806 0.04731359
v -0.04010695 -0.01809806 0.04637376
v -0.04256220 -0.01809806 0.03961871
v -0.04501746 -0.01809806 0.03286367
v -0.03553931 -0.01809806 0.02683608
v -0.04747271 -0.01809806 0.02610863
v -0.04991223 -0.01809806 0.01934791
v -0.04913610 -0.01809806 0.01892766
v -0.04847515 -0.01809806 0.01824273
v -0.04992796 -0.01809806 0.01935358
v -0.04805453 -0.01809806 0.01735965
v -0.03553921 -0.01809806 0.01256031
v -0.04793931 -0.01809806 0.01641249
v -0.02115062 -0.01809806 0.02683618
v -0.02115051 -0.01809806 0.01256041
v -0.03448224 -0.01809806 -0.00112150
v -0.04128420 -0.01809806 0.00574694
v -0.04808615 -0.01809806 0.01261537
v -0.04801274 -0.01809806 0.01451394
v -0.02768028 -0.01809806 -0.00798993
v -0.00608858 -0.01809806 -0.00031380
v -0.02547719 -0.01809806 -0.00998235
v -0.02305323 -0.01809806 -0.01173051
v -0.00593244 -0.01809806 -0.00151402
v -0.02045091 -0.01809806 -0.01320007
v -0.01771924 -0.01809806 -0.01436682
v -0.00552772 -0.01809806 -0.00268190
v -0.01540184 -0.01809806 -0.01509292
v -0.01294787 -0.01809806 -0.01562147
v -0.00489229 -0.01809806 -0.00374207
v -0.01038095 -0.01809806 -0.01592513
v -0.00407244 -0.01809806 -0.00463244
v -0.00773109 -0.01809806 -0.01598016
v -0.00313254 -0.01809806 -0.00531571
v -0.00214067 -0.01809806 -0.00578280
v -0.00503405 -0.01809806 -0.01576814
v -0.00233012 -0.01809806 -0.01527753
v -0.00108036 -0.01809806 -0.00606162
v 0.00033760 -0.01809806 -0.01450503
v 0.00007892 -0.01809806 -0.00614133
v 0.00127914 -0.01809806 -0.00598518
v 0.00292533 -0.01809806 -0.01345632
v 0.00539091 -0.01809806 -0.01214591
v 0.00244702 -0.01809806 -0.00558047
v 0.00769608 -0.01809806 -0.01059684
v 0.00350718 -0.01809806 -0.00494503
v 0.00980840 -0.01809806 -0.00883899
v 0.00439755 -0.01809806 -0.00412520
v 0.00508083 -0.01809806 -0.00318529
v 0.01170275 -0.01809806 -0.00690755
v 0.00554792 -0.01809806 -0.00219342
v 0.01336205 -0.01809806 -0.00484080
v 0.01477750 -0.01809806 -0.00267797
v 0.00582673 -0.01809806 -0.00113311
v 0.00590645 -0.01809806 0.00002617
v 0.01594803 -0.01809806 -0.00045734
v 0.00575030 -0.01809806 0.00122639
v 0.01687942 -0.01809806 0.00178544
v 0.00534559 -0.01809806 0.00239427
v 0.00471015 -0.01809806 0.00345444
v 0.00762690 -0.01809806 0.01256062
v 0.01775468 -0.01809806 0.00469352
v 0.00389031 -0.01809806 0.00434481
v 0.00295041 -0.01809806 0.00502809
v 0.00195853 -0.01809806 0.00549518
v 0.00089823 -0.01809806 0.00577398
v -0.00026105 -0.01809806 0.00585371
v -0.00676180 -0.01809806 0.01256052
v -0.00146127 -0.01809806 0.00569756
v 0.00762680 -0.01809806 0.02683639
v -0.00526296 -0.01809806 0.00289765
v -0.00457969 -0.01809806 0.00383756
v -0.00262915 -0.01809806 0.00529284
v -0.00368931 -0.01809806 0.00465741
v -0.00676190 -0.01809806 0.02683628
v -0.00183524 -0.01809806 0.04186422
v 0.01316860 -0.01809806 0.02712152
v 0.01505237 -0.01809806 0.02421674
v 0.01185934 -0.01809806 0.03028453
v 0.01204158 -0.01809806 0.02942272
v 0.01178678 -0.01809806 0.03116238
v 0.01182431 -0.01809806 0.03203552
v 0.01232793 -0.01809806 0.02859702
v 0.00762670 -0.01809806 0.04111214
v -0.00033334 -0.01809806 0.04276442
v -0.00348973 -0.01809806 0.04129088
v -0.00519004 -0.01809806 0.04106967
v -0.00683236 -0.01809806 0.04118259
v -0.00833445 -0.01809806 0.04157758
v -0.00973961 -0.01809806 0.04223929
v -0.01107114 -0.01809806 0.04320727
v -0.01223258 -0.01809806 0.04446863
v -0.01313278 -0.01809806 0.04597052
v -0.01370612 -0.01809806 0.04762503
v -0.01392733 -0.01809806 0.04932533
v -0.01381441 -0.01809806 0.05096764
v -0.01341942 -0.01809806 0.05246975
v -0.01027670 -0.01809806 0.06111619
v 0.00092803 -0.01809806 0.04392587
v 0.00189600 -0.01809806 0.04525740
v 0.00255772 -0.01809806 0.04666253
v 0.01148611 -0.01809806 0.04341734
v 0.01167785 -0.01809806 0.04373930
v 0.01200293 -0.01809806 0.04398186
v 0.00570044 -0.01809806 0.05530900
v 0.01239762 -0.01809806 0.04407533
v 0.01894095 -0.01809806 0.05221823
v 0.00884316 -0.01809806 0.06395545
v 0.02201519 -0.01809806 0.06966375
v 0.01198588 -0.01809806 0.07260189
v 0.02230815 -0.01809806 0.06148229
v 0.01512860 -0.01809806 0.08124834
v 0.01827133 -0.01809806 0.08989480
v 0.02201499 -0.01809806 0.09821528
v 0.01866631 -0.01809806 0.09139689
v 0.02713998 -0.01809806 0.08627966
v 0.02201488 -0.01809806 0.11249103
v 0.01592304 -0.01809806 0.09915727
v 0.03650753 -0.01809806 0.09999396
v 0.02811122 -0.01809806 0.08730758
v 0.02771654 -0.01809806 0.08721410
v 0.03240975 -0.01809806 0.08927445
v 0.01708447 -0.01809806 0.09789591
v 0.01798468 -0.01809806 0.09639401
v 0.02739145 -0.01809806 0.08697155
v 0.02719972 -0.01809806 0.08664960
v 0.01855803 -0.01809806 0.09473952
v 0.01877924 -0.01809806 0.09303921
v 0.03577695 -0.01809806 0.09853851
v 0.02907938 -0.01809806 0.08596639
v 0.02904255 -0.01809806 0.08001039
v 0.02913914 -0.01809806 0.08633632
v 0.02904566 -0.01809806 0.08673101
v 0.02880312 -0.01809806 0.08705609
v 0.02848116 -0.01809806 0.08724783
v 0.02888766 -0.01809806 0.08564443
v 0.02856256 -0.01809806 0.08540188
v 0.02779795 -0.01809806 0.08536817
v 0.02747600 -0.01809806 0.08555989
v 0.02723345 -0.01809806 0.08588499
v 0.02816789 -0.01809806 0.08530840
v 0.02567535 -0.01809806 0.07074635
v 0.03640359 -0.01809806 0.11249114
v 0.03758893 -0.01809806 0.10127330
v 0.03640348 -0.01809806 0.12676689
v 0.04403462 -0.01809806 0.12449010
v 0.03894333 -0.01809806 0.10225910
v 0.04044792 -0.01809806 0.10288221
v 0.04440222 -0.01809806 0.10427083
v 0.04611030 -0.01809806 0.12373566
v 0.05164879 -0.01809806 0.10844589
v 0.04500050 -0.01809806 0.12391492
v 0.04816401 -0.01809806 0.10614026
v 0.04320582 -0.01809806 0.12775922
v 0.04330698 -0.01809806 0.12546537
v 0.04884480 -0.01809806 0.12570962
v 0.04475626 -0.01809806 0.12945273
v 0.04705011 -0.01809806 0.12955390
v 0.04378099 -0.01809806 0.12872510
v 0.04302655 -0.01809806 0.12664942
v 0.04826961 -0.01809806 0.12474373
v 0.04729434 -0.01809806 0.12401609
v 0.05079218 -0.01809806 0.12676699
v 0.04902406 -0.01809806 0.12681941
v 0.06170000 -0.01809806 0.12060867
v 0.05983233 -0.01809806 0.11728920
v 0.04801600 -0.01809806 0.12897873
v 0.05079208 -0.01809806 0.14104275
v 0.06509787 -0.01809806 0.13322097
v 0.06471547 -0.01809806 0.12998856
v 0.06404988 -0.01809806 0.12689838
v 0.06313554 -0.01809806 0.12398016
v 0.04874363 -0.01809806 0.12800346
v 0.06516718 -0.01809806 0.13655783
v 0.06490017 -0.01809806 0.13995410
v 0.06428237 -0.01809806 0.14335905
v 0.06330961 -0.01809806 0.14671839
v 0.06198898 -0.01809806 0.14997704
v 0.06033887 -0.01809806 0.15308185
v 0.05838816 -0.01809806 0.15598463
v 0.05617459 -0.01809806 0.15864461
v 0.05374241 -0.01809806 0.16103009
v 0.05113983 -0.01809806 0.16311958
v 0.04594032 -0.01809806 0.12973317
v 0.05752429 -0.01809806 0.11410002
v 0.05478613 -0.01809806 0.11112458
v 0.01459150 -0.01809806 0.10012525
v 0.01318636 -0.01809806 0.10078696
v 0.01168425 -0.01809806 0.10118194
v 0.01004194 -0.01809806 0.10129488
v 0.00834163 -0.01809806 0.10107368
v 0.00668714 -0.01809806 0.10050033
v 0.01557374 -0.01809806 0.04295419
v 0.01308951 -0.01809806 0.04382385
v 0.01276755 -0.01809806 0.04401556
v 0.01208435 -0.01809806 0.04213592
v 0.01336578 -0.01809806 0.04273414
v 0.01342553 -0.01809806 0.04310407
v 0.01333206 -0.01809806 0.04349876
v 0.01317405 -0.01809806 0.04241219
v 0.01284896 -0.01809806 0.04216963
v 0.01220654 -0.01809806 0.03369012
v 0.01245428 -0.01809806 0.04207616
v 0.01151984 -0.01809806 0.04265272
v 0.01142636 -0.01809806 0.04304741
v 0.01176238 -0.01809806 0.04232764
v 0.01655514 -0.01809806 0.02107940
v 0.01763898 -0.01809806 0.01778667
v 0.01828695 -0.01809806 0.01442224
v 0.01850354 -0.01809806 0.01106947
v 0.01831287 -0.01809806 0.00780493
v -0.00573006 -0.01809806 0.00190579
v -0.00600886 -0.01809806 0.00084547
v -0.02831432 -0.01809806 0.05749338
v -0.00399126 -0.01809806 0.07840910
v -0.00084853 -0.01809806 0.08705555
v -0.01465031 -0.01809806 0.09508663
v -0.01150427 -0.01809806 0.12506722
v 0.00570044 0.01790147 0.05530900
v 0.00255771 0.01990145 0.04666253
v 0.00255771 0.01790147 0.04666253
v 0.00570044 0.01990145 0.05530900
v 0.00884316 0.01790147 0.06395545
v 0.00884316 0.01990145 0.06395545
v 0.01198588 0.01790147 0.07260189
v 0.01198588 0.01990145 0.07260189
v 0.01512860 0.01790147 0.08124834
v 0.01512860 0.01990145 0.08124834
v 0.01827132 0.01790147 0.08989480
v 0.01827132 0.01990145 0.08989480
v 0.01827132 0.01990145 0.08989480
v 0.01866631 0.01790147 0.09139689
v 0.01866631 0.01990145 0.09139689
v 0.01877923 0.01790147 0.09303921
v 0.01877923 0.01990145 0.09303921
v 0.01855802 0.01790147 0.09473952
v 0.01855802 0.01990145 0.09473952
v 0.01798468 0.01790147 0.09639401
v 0.01798468 0.01990145 0.09639401
v 0.01708447 0.01790147 0.09789591
v 0.01708447 0.01990145 0.09789591
v 0.01592304 0.01790147 0.09915727
v 0.01592304 0.01990145 0.09915727
v 0.01459150 0.01790147 0.10012525
v 0.01459150 0.01990145 0.10012525
v 0.01318636 0.01790147 0.10078696
v 0.01318636 0.01990145 0.10078696
v 0.01827132 0.01790147 0.08989480
v -0.00084854 0.01790147 0.08705555
v 0.00229419 0.01990145 0.09570199
v 0.00229419 0.01790147 0.09570199
v -0.00084854 0.01990145 0.08705555
v -0.00399126 0.01790147 0.07840910
v -0.00399126 0.01990145 0.07840910
v -0.00713398 0.01790147 0.06976265
v -0.00713398 0.01990145 0.06976265
v -0.01027670 0.01790147 0.06111619
v -0.01027670 0.01990145 0.06111619
v -0.01341942 0.01790147 0.05246975
v -0.01341942 0.01990145 0.05246975
v -0.01341942 0.01990145 0.05246975
v -0.01381441 0.01790147 0.05096764
v -0.01381441 0.01990145 0.05096764
v -0.01392733 0.01790147 0.04932533
v -0.01392733 0.01990145 0.04932533
v -0.01370612 0.01790147 0.04762503
v -0.01370612 0.01990145 0.04762503
v -0.01313278 0.01790147 0.04597052
v -0.01313278 0.01990145 0.04597052
v -0.01223258 0.01790147 0.04446863
v -0.01223258 0.01990145 0.04446863
v -0.01107114 0.01790147 0.04320727
v -0.01107114 0.01990145 0.04320727
v -0.00973961 0.01790147 0.04223929
v -0.00973961 0.01990145 0.04223929
v -0.00833445 0.01790147 0.04157758
v -0.00833445 0.01990145 0.04157758
v -0.00683236 0.01790147 0.04118259
v -0.00683236 0.01990145 0.04118259
v -0.00519004 0.01790147 0.04106967
v -0.00519004 0.01990145 0.04106967
v -0.00348973 0.01790147 0.04129088
v -0.00348973 0.01990145 0.04129088
v -0.00183524 0.01790147 0.04186422
v -0.00183524 0.01990145 0.04186422
v -0.00033334 0.01790147 0.04276442
v -0.00033334 0.01990145 0.04276442
v 0.00092802 0.01790147 0.04392587
v 0.00092802 0.01990145 0.04392587
v 0.00189600 0.01790147 0.04525740
v 0.00189600 0.01990145 0.04525740
v 0.00255771 0.01790147 0.04666253
v 0.00255771 0.01990145 0.04666253
v -0.01341942 0.01790147 0.05246975
v -0.01341942 -0.01809806 0.05246975
v -0.01381441 -0.02009803 0.05096764
v -0.01381441 -0.01809806 0.05096764
v -0.01392733 -0.02009803 0.04932533
v -0.01392733 -0.01809806 0.04932533
v -0.01370612 -0.02009803 0.04762503
v -0.01370612 -0.01809806 0.04762503
v -0.01313278 -0.02009803 0.04597052
v -0.01313278 -0.01809806 0.04597052
v -0.01223258 -0.02009803 0.04446863
v -0.01223258 -0.01809806 0.04446863
v -0.01107114 -0.02009803 0.04320727
v -0.01107114 -0.01809806 0.04320727
v -0.00973961 -0.02009803 0.04223929
v -0.00973961 -0.01809806 0.04223929
v -0.00833445 -0.02009803 0.04157758
v -0.00833445 -0.01809806 0.04157758
v -0.00683236 -0.02009803 0.04118259
v -0.00683236 -0.01809806 0.04118259
v -0.00519004 -0.02009803 0.04106967
v -0.00519004 -0.01809806 0.04106967
v -0.00348973 -0.02009803 0.04129088
v -0.00348973 -0.01809806 0.04129088
v -0.00183524 -0.02009803 0.04186422
v -0.00183524 -0.01809806 0.04186422
v -0.00033334 -0.02009803 0.04276442
v -0.00033334 -0.01809806 0.04276442
v 0.00092803 -0.02009803 0.04392587
v 0.00092803 -0.01809806 0.04392587
v 0.00189600 -0.02009803 0.04525740
v 0.00189600 -0.01809806 0.04525740
v 0.00255772 -0.02009803 0.04666253
v 0.00255772 -0.01809806 0.04666253
v -0.01341942 -0.02009803 0.05246975
v -0.00084853 -0.02009803 0.08705555
v 0.00229419 -0.01809806 0.09570199
v 0.00229419 -0.02009803 0.09570199
v -0.00084853 -0.01809806 0.08705555
v -0.00399126 -0.02009803 0.07840910
v -0.00399126 -0.01809806 0.07840910
v -0.00713398 -0.02009803 0.06976265
v -0.00713398 -0.01809806 0.06976265
v -0.01027670 -0.02009803 0.06111619
v -0.01027670 -0.01809806 0.06111619
v -0.01341942 -0.01809806 0.05246975
v -0.01341942 -0.02009803 0.05246975
v 0.01866631 -0.01809806 0.09139689
v 0.01877924 -0.02009803 0.09303921
v 0.01877924 -0.01809806 0.09303921
v 0.01827133 -0.01809806 0.08989480
v 0.01866631 -0.02009803 0.09139689
v 0.01855803 -0.02009803 0.09473952
v 0.01855803 -0.01809806 0.09473952
v 0.01798468 -0.02009803 0.09639401
v 0.01798468 -0.01809806 0.09639401
v 0.01708447 -0.02009803 0.09789591
v 0.01708447 -0.01809806 0.09789591
v 0.01592304 -0.02009803 0.09915727
v 0.01592304 -0.01809806 0.09915727
v 0.01459150 -0.02009803 0.10012525
v 0.01459150 -0.01809806 0.10012525
v 0.01318636 -0.02009803 0.10078696
v 0.01318636 -0.01809806 0.10078696
v 0.01827133 -0.02009803 0.08989480
v 0.00570044 -0.02009803 0.05530900
v 0.00255772 -0.01809806 0.04666253
v 0.00255772 -0.02009803 0.04666253
v 0.00570044 -0.01809806 0.05530900
v 0.00884316 -0.02009803 0.06395545
v 0.00884316 -0.01809806 0.06395545
v 0.01198588 -0.02009803 0.07260189
v 0.01198588 -0.01809806 0.07260189
v 0.01512860 -0.02009803 0.08124834
v 0.01512860 -0.01809806 0.08124834
v 0.01827133 -0.02009803 0.08989480
v 0.01827133 -0.01809806 0.08989480
v 0.02631723 -0.01959804 0.10649873
v 0.02363604 -0.02009803 0.10707621
v 0.02363604 -0.01959804 0.10707621
v 0.02110407 -0.01959804 0.10786953
v 0.02631723 -0.02009803 0.10649873
v 0.02912183 -0.01959804 0.10616693
v 0.02912183 -0.02009803 0.10616693
v 0.03201704 -0.01959804 0.10610679
v 0.03201704 -0.02009803 0.10610679
v 0.03496381 -0.02009803 0.10633846
v 0.03496381 -0.01959804 0.10633846
v 0.03791811 -0.01959804 0.10687449
v 0.03791811 -0.02009803 0.10687449
v 0.04083283 -0.01959804 0.10771851
v 0.04083283 -0.02009803 0.10771851
v 0.04366017 -0.02009803 0.10886435
v 0.04366017 -0.01959804 0.10886435
v 0.04635404 -0.02009803 0.11029605
v 0.04635404 -0.01959804 0.11029605
v 0.04887265 -0.02009803 0.11198859
v 0.04887265 -0.01959804 0.11198859
v 0.05118056 -0.01959804 0.11390919
v 0.05118056 -0.02009803 0.11390919
v 0.05325031 -0.01959804 0.11601947
v 0.05325031 -0.02009803 0.11601947
v 0.05506326 -0.01959804 0.11827758
v 0.05506326 -0.02009803 0.11827758
v 0.05660977 -0.01959804 0.12064067
v 0.05660977 -0.02009803 0.12064067
v 0.05788866 -0.01959804 0.12306691
v 0.05788866 -0.02009803 0.12306691
v 0.05890630 -0.01959804 0.12551736
v 0.05890630 -0.02009803 0.12551736
v 0.05969963 -0.01959804 0.12804934
v 0.05969963 -0.02009803 0.12804934
v 0.06027713 -0.01959804 0.13073053
v 0.06027713 -0.02009803 0.13073053
v 0.06060891 -0.01959804 0.13353512
v 0.06060891 -0.02009803 0.13353512
v 0.06066904 -0.01959804 0.13643033
v 0.06066904 -0.02009803 0.13643033
v 0.06043738 -0.01959804 0.13937710
v 0.06043738 -0.02009803 0.13937710
v 0.05990134 -0.01959804 0.14233141
v 0.05990134 -0.02009803 0.14233141
v 0.05905732 -0.01959804 0.14524612
v 0.05905732 -0.02009803 0.14524612
v 0.05791149 -0.01959804 0.14807348
v 0.05791149 -0.02009803 0.14807348
v 0.05647978 -0.01959804 0.15076733
v 0.05647978 -0.02009803 0.15076733
v 0.05478725 -0.01959804 0.15328593
v 0.05478725 -0.02009803 0.15328593
v 0.05286664 -0.01959804 0.15559387
v 0.05286664 -0.02009803 0.15559387
v 0.05075637 -0.01959804 0.15766363
v 0.05075637 -0.02009803 0.15766363
v 0.04849826 -0.01959804 0.15947655
v 0.04849826 -0.02009803 0.15947655
v 0.04613517 -0.01959804 0.16102305
v 0.04613517 -0.02009803 0.16102305
v 0.04370893 -0.02009803 0.16230198
v 0.04370893 -0.01959804 0.16230198
v 0.04125847 -0.02009803 0.16331962
v 0.04125847 -0.01959804 0.16331962
v 0.02110407 -0.02009803 0.10786953
v 0.03898226 -0.01959804 0.16507965
v 0.03621020 -0.02009803 0.16567672
v 0.03621020 -0.01959804 0.16567672
v 0.04160007 -0.01959804 0.16425942
v 0.03898226 -0.02009803 0.16507965
v 0.03331053 -0.02009803 0.16601975
v 0.03331053 -0.01959804 0.16601975
v 0.03031717 -0.02009803 0.16608193
v 0.03031717 -0.01959804 0.16608193
v 0.02727052 -0.02009803 0.16584240
v 0.02727052 -0.01959804 0.16584240
v 0.02421607 -0.02009803 0.16528822
v 0.02421607 -0.01959804 0.16528822
v 0.02120253 -0.02009803 0.16441559
v 0.02120253 -0.01959804 0.16441559
v 0.01827936 -0.02009803 0.16323088
v 0.01827936 -0.01959804 0.16323088
v 0.01549417 -0.02009803 0.16175066
v 0.01549417 -0.01959804 0.16175066
v 0.01289018 -0.02009803 0.16000075
v 0.01289018 -0.01959804 0.16000075
v 0.01050403 -0.02009803 0.15801505
v 0.01050403 -0.01959804 0.15801505
v 0.00836412 -0.02009803 0.15583323
v 0.00836412 -0.01959804 0.15583323
v 0.00648972 -0.02009803 0.15349857
v 0.00648972 -0.01959804 0.15349857
v 0.00489080 -0.02009803 0.15105539
v 0.00489080 -0.01959804 0.15105539
v 0.00356854 -0.02009803 0.14854689
v 0.00356854 -0.01959804 0.14854689
v 0.00251641 -0.02009803 0.14601337
v 0.00251641 -0.01959804 0.14601337
v 0.00169618 -0.02009803 0.14339556
v 0.00169618 -0.01959804 0.14339556
v 0.00109912 -0.02009803 0.14062349
v 0.00109912 -0.01959804 0.14062349
v 0.00075608 -0.02009803 0.13772383
v 0.00075608 -0.01959804 0.13772383
v 0.00069390 -0.02009803 0.13473047
v 0.00069390 -0.01959804 0.13473047
v 0.00093343 -0.02009803 0.13168381
v 0.00093343 -0.01959804 0.13168381
v 0.00148764 -0.02009803 0.12862937
v 0.00148764 -0.01959804 0.12862937
v 0.00236025 -0.02009803 0.12561583
v 0.00236025 -0.01959804 0.12561583
v 0.00354495 -0.02009803 0.12269265
v 0.00354495 -0.01959804 0.12269265
v 0.00502519 -0.02009803 0.11990747
v 0.00502519 -0.01959804 0.11990747
v 0.00677508 -0.02009803 0.11730348
v 0.00677508 -0.01959804 0.11730348
v 0.00876079 -0.02009803 0.11491732
v 0.00876079 -0.01959804 0.11491732
v 0.01094260 -0.02009803 0.11277742
v 0.01094260 -0.01959804 0.11277742
v 0.01327727 -0.02009803 0.11090302
v 0.01327727 -0.01959804 0.11090302
v 0.01572046 -0.02009803 0.10930408
v 0.01572046 -0.01959804 0.10930408
v 0.01822894 -0.02009803 0.10798183
v 0.01822894 -0.01959804 0.10798183
v 0.02076246 -0.02009803 0.10692971
v 0.02076246 -0.01959804 0.10692971
v 0.04160007 -0.02009803 0.16425942
v 0.00354495 -0.01959804 0.12269265
v 0.00502519 -0.01959804 0.11990747
v 0.00588277 -0.01959804 0.12042179
v 0.00445105 -0.01959804 0.12311567
v 0.00236025 -0.01959804 0.12561583
v 0.00330522 -0.01959804 0.12594301
v 0.00148764 -0.01959804 0.12862937
v 0.00246120 -0.01959804 0.12885775
v 0.00093343 -0.01959804 0.13168381
v 0.00192516 -0.01959804 0.13181203
v 0.00069390 -0.01959804 0.13473047
v 0.00169350 -0.01959804 0.13475880
v 0.00075608 -0.01959804 0.13772383
v 0.00175363 -0.01959804 0.13765401
v 0.00109912 -0.01959804 0.14062349
v 0.00208542 -0.01959804 0.14045860
v 0.00169618 -0.01959804 0.14339556
v 0.00266290 -0.01959804 0.14313979
v 0.00251641 -0.01959804 0.14601337
v 0.00345624 -0.01959804 0.14567177
v 0.00356854 -0.01959804 0.14854689
v 0.00447387 -0.01959804 0.14812222
v 0.00489080 -0.01959804 0.15105539
v 0.00575278 -0.01959804 0.15054847
v 0.00729928 -0.01959804 0.15291155
v 0.00648972 -0.01959804 0.15349857
v 0.00836412 -0.01959804 0.15583323
v 0.00911223 -0.01959804 0.15516967
v 0.01050403 -0.01959804 0.15801505
v 0.01118198 -0.01959804 0.15727996
v 0.01289018 -0.01959804 0.16000075
v 0.01348989 -0.01959804 0.15920055
v 0.01600850 -0.01959804 0.16089307
v 0.01549417 -0.01959804 0.16175066
v 0.01870238 -0.01959804 0.16232478
v 0.01827936 -0.01959804 0.16323088
v 0.02152971 -0.01959804 0.16347062
v 0.02120253 -0.01959804 0.16441559
v 0.02444444 -0.01959804 0.16431462
v 0.02421607 -0.01959804 0.16528822
v 0.02739873 -0.01959804 0.16485068
v 0.02727052 -0.01959804 0.16584240
v 0.03034550 -0.01959804 0.16508236
v 0.03031717 -0.01959804 0.16608193
v 0.03324072 -0.01959804 0.16502220
v 0.03621020 -0.01959804 0.16567672
v 0.03331053 -0.01959804 0.16601975
v 0.03604531 -0.01959804 0.16469041
v 0.03872649 -0.01959804 0.16411292
v 0.03898226 -0.01959804 0.16507965
v 0.04160007 -0.01959804 0.16425942
v 0.04125847 -0.01959804 0.16331962
v 0.04413359 -0.01959804 0.16320730
v 0.04664209 -0.01959804 0.16188504
v 0.04370893 -0.01959804 0.16230198
v 0.04613517 -0.01959804 0.16102305
v 0.04908528 -0.01959804 0.16028612
v 0.05141993 -0.01959804 0.15841174
v 0.04849826 -0.01959804 0.15947655
v 0.05360175 -0.01959804 0.15627182
v 0.05075637 -0.01959804 0.15766363
v 0.05286664 -0.01959804 0.15559387
v 0.05558746 -0.01959804 0.15388566
v 0.05478725 -0.01959804 0.15328593
v 0.05647978 -0.01959804 0.15076733
v 0.05791149 -0.01959804 0.14807348
v 0.05733736 -0.01959804 0.15128168
v 0.05905732 -0.01959804 0.14524612
v 0.05881760 -0.01959804 0.14849648
v 0.06000228 -0.01959804 0.14557330
v 0.05990134 -0.01959804 0.14233141
v 0.06087490 -0.01959804 0.14255977
v 0.06043738 -0.01959804 0.13937710
v 0.06142910 -0.01959804 0.13950532
v 0.06066904 -0.01959804 0.13643033
v 0.06060891 -0.01959804 0.13353512
v 0.06166864 -0.01959804 0.13645868
v 0.06160646 -0.01959804 0.13346532
v 0.06126342 -0.01959804 0.13056565
v 0.06027713 -0.01959804 0.13073053
v 0.05969963 -0.01959804 0.12804934
v 0.06066636 -0.01959804 0.12779357
v 0.05890630 -0.01959804 0.12551736
v 0.05788866 -0.01959804 0.12306691
v 0.05984613 -0.01959804 0.12517576
v 0.05879400 -0.01959804 0.12264224
v 0.05660977 -0.01959804 0.12064067
v 0.05747175 -0.01959804 0.12013375
v 0.05506326 -0.01959804 0.11827758
v 0.05587282 -0.01959804 0.11769057
v 0.05325031 -0.01959804 0.11601947
v 0.05118056 -0.01959804 0.11390919
v 0.05399842 -0.01959804 0.11535590
v 0.05185851 -0.01959804 0.11317410
v 0.04887265 -0.01959804 0.11198859
v 0.04947236 -0.01959804 0.11118838
v 0.04635404 -0.01959804 0.11029605
v 0.04686837 -0.01959804 0.10943849
v 0.04366017 -0.01959804 0.10886435
v 0.04083283 -0.01959804 0.10771851
v 0.04408318 -0.01959804 0.10795825
v 0.04116000 -0.01959804 0.10677356
v 0.03791811 -0.01959804 0.10687449
v 0.03814647 -0.01959804 0.10590093
v 0.03496381 -0.01959804 0.10633846
v 0.03509204 -0.01959804 0.10534674
v 0.03201704 -0.01959804 0.10610679
v 0.03204538 -0.01959804 0.10510721
v 0.02912183 -0.01959804 0.10616693
v 0.02905202 -0.01959804 0.10516939
v 0.02631723 -0.01959804 0.10649873
v 0.02615235 -0.01959804 0.10551242
v 0.02363604 -0.01959804 0.10707621
v 0.02338028 -0.01959804 0.10610948
v 0.02110407 -0.01959804 0.10786953
v 0.02076246 -0.01959804 0.10692971
v 0.01865361 -0.01959804 0.10888717
v 0.01822894 -0.01959804 0.10798183
v 0.01622738 -0.01959804 0.11016607
v 0.01572046 -0.01959804 0.10930408
v 0.01386429 -0.01959804 0.11171257
v 0.01327727 -0.01959804 0.11090302
v 0.01160616 -0.01959804 0.11352552
v 0.01094260 -0.01959804 0.11277742
v 0.00949589 -0.01959804 0.11559527
v 0.00757528 -0.01959804 0.11790318
v 0.00677508 -0.01959804 0.11730348
v 0.00876079 -0.01959804 0.11491732
v 0.01452500 -0.01959804 0.13023763
v 0.01394536 -0.02009803 0.13027750
v 0.01394536 -0.01959804 0.13027750
v 0.01505516 -0.01959804 0.13009823
v 0.01452500 -0.02009803 0.13023763
v 0.01334525 -0.02009803 0.13019942
v 0.01334525 -0.01959804 0.13019942
v 0.01276132 -0.02009803 0.12999707
v 0.01276132 -0.01959804 0.12999707
v 0.01223123 -0.02009803 0.12967935
v 0.01223123 -0.01959804 0.12967935
v 0.01178604 -0.02009803 0.12926943
v 0.01178604 -0.01959804 0.12926943
v 0.01144440 -0.02009803 0.12879947
v 0.01144440 -0.01959804 0.12879947
v 0.01121086 -0.02009803 0.12830354
v 0.01121086 -0.01959804 0.12830354
v 0.01107145 -0.02009803 0.12777337
v 0.01107145 -0.01959804 0.12777337
v 0.01103159 -0.02009803 0.12719375
v 0.01103159 -0.01959804 0.12719375
v 0.01110967 -0.02009803 0.12659363
v 0.01110967 -0.01959804 0.12659363
v 0.01131202 -0.02009803 0.12600970
v 0.01131202 -0.01959804 0.12600970
v 0.01162974 -0.02009803 0.12547962
v 0.01162974 -0.01959804 0.12547962
v 0.01203967 -0.02009803 0.12503441
v 0.01203967 -0.01959804 0.12503441
v 0.01250962 -0.02009803 0.12469278
v 0.01250962 -0.01959804 0.12469278
v 0.01300556 -0.02009803 0.12445924
v 0.01300556 -0.01959804 0.12445924
v 0.01505516 -0.02009803 0.13009823
v 0.01103159 -0.01959804 0.12719375
v 0.01110967 -0.01959804 0.12659363
v 0.01627466 -0.01959804 0.12528805
v 0.01555109 -0.01959804 0.12986469
v 0.01107145 -0.01959804 0.12777337
v 0.01505516 -0.01959804 0.13009823
v 0.01121086 -0.01959804 0.12830354
v 0.01144440 -0.01959804 0.12879947
v 0.01178604 -0.01959804 0.12926943
v 0.01452500 -0.01959804 0.13023763
v 0.01394536 -0.01959804 0.13027750
v 0.01223123 -0.01959804 0.12967935
v 0.01334525 -0.01959804 0.13019942
v 0.01276132 -0.01959804 0.12999707
v 0.01602105 -0.01959804 0.12952304
v 0.01661630 -0.01959804 0.12575800
v 0.01643096 -0.01959804 0.12907785
v 0.01684984 -0.01959804 0.12625393
v 0.01674868 -0.01959804 0.12854777
v 0.01695104 -0.01959804 0.12796383
v 0.01702911 -0.01959804 0.12736372
v 0.01698926 -0.01959804 0.12678408
v 0.01582948 -0.01959804 0.12487812
v 0.01131202 -0.01959804 0.12600970
v 0.01529940 -0.01959804 0.12456041
v 0.01162974 -0.01959804 0.12547962
v 0.01471545 -0.01959804 0.12435805
v 0.01203967 -0.01959804 0.12503441
v 0.01411535 -0.01959804 0.12427997
v 0.01250962 -0.01959804 0.12469278
v 0.01353570 -0.01959804 0.12431985
v 0.01300556 -0.01959804 0.12445924
v 0.03152402 -0.01959804 0.15753452
v 0.03099388 -0.02009803 0.15767392
v 0.03099388 -0.01959804 0.15767392
v 0.03041423 -0.02009803 0.15771377
v 0.03041423 -0.01959804 0.15771377
v 0.02981412 -0.02009803 0.15763571
v 0.02981412 -0.01959804 0.15763571
v 0.02923020 -0.02009803 0.15743334
v 0.02923020 -0.01959804 0.15743334
v 0.02870010 -0.02009803 0.15711563
v 0.02870010 -0.01959804 0.15711563
v 0.02825492 -0.02009803 0.15670571
v 0.02825492 -0.01959804 0.15670571
v 0.02791328 -0.02009803 0.15623575
v 0.02791328 -0.01959804 0.15623575
v 0.02767973 -0.02009803 0.15573981
v 0.02767973 -0.01959804 0.15573981
v 0.02754032 -0.02009803 0.15520966
v 0.02754032 -0.01959804 0.15520966
v 0.02750048 -0.02009803 0.15463002
v 0.02750048 -0.01959804 0.15463002
v 0.02757854 -0.02009803 0.15402993
v 0.02757854 -0.01959804 0.15402993
v 0.02778089 -0.02009803 0.15344599
v 0.02778089 -0.01959804 0.15344599
v 0.02809861 -0.02009803 0.15291591
v 0.02809861 -0.01959804 0.15291591
v 0.02850854 -0.02009803 0.15247073
v 0.02850854 -0.01959804 0.15247073
v 0.02897850 -0.02009803 0.15212906
v 0.02897850 -0.01959804 0.15212906
v 0.02947443 -0.02009803 0.15189551
v 0.02947443 -0.01959804 0.15189551
v 0.03152402 -0.02009803 0.15753452
v 0.02778089 -0.01959804 0.15344599
v 0.03176827 -0.01959804 0.15199670
v 0.03229835 -0.01959804 0.15231442
v 0.02757854 -0.01959804 0.15402993
v 0.02809861 -0.01959804 0.15291591
v 0.03118433 -0.01959804 0.15179434
v 0.02850854 -0.01959804 0.15247073
v 0.03058422 -0.01959804 0.15171626
v 0.02897850 -0.01959804 0.15212906
v 0.02947443 -0.01959804 0.15189551
v 0.03000458 -0.01959804 0.15175612
v 0.02750048 -0.01959804 0.15463002
v 0.03274353 -0.01959804 0.15272434
v 0.03201997 -0.01959804 0.15730098
v 0.02754032 -0.01959804 0.15520966
v 0.02767973 -0.01959804 0.15573981
v 0.03152402 -0.01959804 0.15753452
v 0.02791328 -0.01959804 0.15623575
v 0.02825492 -0.01959804 0.15670571
v 0.03099388 -0.01959804 0.15767392
v 0.03041423 -0.01959804 0.15771377
v 0.02870010 -0.01959804 0.15711563
v 0.02923020 -0.01959804 0.15743334
v 0.02981412 -0.01959804 0.15763571
v 0.03248992 -0.01959804 0.15695934
v 0.03308518 -0.01959804 0.15319430
v 0.03289983 -0.01959804 0.15651413
v 0.03331873 -0.01959804 0.15369022
v 0.03321755 -0.01959804 0.15598405
v 0.03341990 -0.01959804 0.15540013
v 0.03345812 -0.01959804 0.15422037
v 0.03349799 -0.01959804 0.15480001
v 0.04613517 0.01940146 0.16102305
v 0.04370893 0.01990145 0.16230198
v 0.04370893 0.01940146 0.16230198
v 0.04125847 0.01940146 0.16331962
v 0.04613517 0.01990145 0.16102305
v 0.04849826 0.01940146 0.15947655
v 0.04849826 0.01990145 0.15947655
v 0.05075637 0.01940146 0.15766363
v 0.05075637 0.01990145 0.15766363
v 0.05286664 0.01940146 0.15559387
v 0.05286664 0.01990145 0.15559387
v 0.05478725 0.01940146 0.15328593
v 0.05478725 0.01990145 0.15328593
v 0.05647978 0.01940146 0.15076733
v 0.05647978 0.01990145 0.15076733
v 0.05791149 0.01940146 0.14807348
v 0.05791149 0.01990145 0.14807348
v 0.05905732 0.01940146 0.14524612
v 0.05905732 0.01990145 0.14524612
v 0.05990133 0.01940146 0.14233141
v 0.05990133 0.01990145 0.14233141
v 0.06043738 0.01940146 0.13937710
v 0.06043738 0.01990145 0.13937710
v 0.06066904 0.01940146 0.13643033
v 0.06066904 0.01990145 0.13643033
v 0.06060891 0.01940146 0.13353512
v 0.06060891 0.01990145 0.13353512
v 0.06027712 0.01940146 0.13073053
v 0.06027712 0.01990145 0.13073053
v 0.05969963 0.01940146 0.12804934
v 0.05969963 0.01990145 0.12804934
v 0.05890630 0.01940146 0.12551736
v 0.05890630 0.01990145 0.12551736
v 0.05788866 0.01940146 0.12306691
v 0.05788866 0.01990145 0.12306691
v 0.05660976 0.01940146 0.12064067
v 0.05660976 0.01990145 0.12064067
v 0.05506326 0.01940146 0.11827758
v 0.05506326 0.01990145 0.11827758
v 0.05325031 0.01940146 0.11601947
v 0.05325031 0.01990145 0.11601947
v 0.05118056 0.01940146 0.11390919
v 0.05118056 0.01990145 0.11390919
v 0.04887264 0.01940146 0.11198859
v 0.04887264 0.01990145 0.11198859
v 0.04635404 0.01940146 0.11029605
v 0.04635404 0.01990145 0.11029605
v 0.04366016 0.01940146 0.10886435
v 0.04366016 0.01990145 0.10886435
v 0.04083283 0.01940146 0.10771851
v 0.04083283 0.01990145 0.10771851
v 0.03791811 0.01940146 0.10687449
v 0.03791811 0.01990145 0.10687449
v 0.03496381 0.01940146 0.10633846
v 0.03496381 0.01990145 0.10633846
v 0.03201704 0.01940145 0.10610679
v 0.03201704 0.01990145 0.10610679
v 0.02912183 0.01940145 0.10616693
v 0.02631723 0.01990145 0.10649873
v 0.02912183 0.01990145 0.10616693
v 0.02631723 0.01940145 0.10649873
v 0.02363604 0.01990145 0.10707621
v 0.02363604 0.01940145 0.10707621
v 0.02110407 0.01990145 0.10786953
v 0.02110407 0.01940145 0.10786953
v 0.04125847 0.01990145 0.16331962
v 0.02076246 0.01940145 0.10692971
v 0.01822894 0.01990145 0.10798183
v 0.01822894 0.01940145 0.10798183
v 0.01572046 0.01990145 0.10930408
v 0.01572046 0.01940145 0.10930408
v 0.01327727 0.01990145 0.11090302
v 0.01327727 0.01940145 0.11090302
v 0.01094260 0.01990145 0.11277742
v 0.01094260 0.01940145 0.11277742
v 0.00876079 0.01990145 0.11491732
v 0.00876079 0.01940145 0.11491732
v 0.00677508 0.01990145 0.11730348
v 0.00677508 0.01940145 0.11730348
v 0.00502519 0.01990145 0.11990747
v 0.00502519 0.01940145 0.11990747
v 0.00354494 0.01990145 0.12269265
v 0.00354494 0.01940145 0.12269265
v 0.00236025 0.01990145 0.12561583
v 0.00236025 0.01940145 0.12561583
v 0.00148764 0.01990145 0.12862937
v 0.00148764 0.01940145 0.12862937
v 0.00093342 0.01990145 0.13168381
v 0.00093342 0.01940145 0.13168381
v 0.00069390 0.01990145 0.13473047
v 0.00069390 0.01940145 0.13473047
v 0.00075608 0.01990145 0.13772383
v 0.00075608 0.01940145 0.13772383
v 0.00109911 0.01990145 0.14062349
v 0.00109911 0.01940145 0.14062349
v 0.00169618 0.01990145 0.14339556
v 0.00169618 0.01940145 0.14339556
v 0.00251641 0.01990145 0.14601337
v 0.00251641 0.01940145 0.14601337
v 0.00356854 0.01990145 0.14854689
v 0.00356854 0.01940145 0.14854689
v 0.00489080 0.01990145 0.15105539
v 0.00489080 0.01940145 0.15105539
v 0.00648972 0.01990145 0.15349857
v 0.00648972 0.01940145 0.15349857
v 0.00836412 0.01990145 0.15583323
v 0.00836412 0.01940145 0.15583323
v 0.01050403 0.01990145 0.15801505
v 0.01050403 0.01940145 0.15801505
v 0.01289018 0.01990145 0.16000075
v 0.01289018 0.01940145 0.16000075
v 0.01549417 0.01990145 0.16175066
v 0.01549417 0.01940145 0.16175066
v 0.01827936 0.01990145 0.16323088
v 0.01827936 0.01940145 0.16323088
v 0.02120253 0.01990145 0.16441559
v 0.02120253 0.01940145 0.16441559
v 0.02421607 0.01990145 0.16528822
v 0.02421607 0.01940145 0.16528822
v 0.02727052 0.01990145 0.16584240
v 0.02727052 0.01940145 0.16584240
v 0.03031717 0.01990145 0.16608193
v 0.03031717 0.01940145 0.16608193
v 0.03331053 0.01990145 0.16601975
v 0.03331053 0.01940146 0.16601975
v 0.03621019 0.01990145 0.16567672
v 0.03621019 0.01940146 0.16567672
v 0.03898226 0.01990145 0.16507965
v 0.03898226 0.01940146 0.16507965
v 0.04160007 0.01990145 0.16425942
v 0.04160007 0.01940146 0.16425942
v 0.02076246 0.01990145 0.10692971
v 0.05879400 0.01940146 0.12264224
v 0.05747174 0.01940146 0.12013375
v 0.05660976 0.01940146 0.12064067
v 0.05788866 0.01940146 0.12306691
v 0.05984613 0.01940146 0.12517576
v 0.05890630 0.01940146 0.12551736
v 0.06066636 0.01940146 0.12779357
v 0.05969963 0.01940146 0.12804934
v 0.06126342 0.01940146 0.13056565
v 0.06027712 0.01940146 0.13073053
v 0.06160645 0.01940146 0.13346532
v 0.06060891 0.01940146 0.13353512
v 0.06166863 0.01940146 0.13645868
v 0.06066904 0.01940146 0.13643033
v 0.06142910 0.01940146 0.13950532
v 0.06043738 0.01940146 0.13937710
v 0.06087490 0.01940146 0.14255977
v 0.05990133 0.01940146 0.14233141
v 0.06000228 0.01940146 0.14557330
v 0.05905732 0.01940146 0.14524612
v 0.05791149 0.01940146 0.14807348
v 0.05881759 0.01940146 0.14849648
v 0.05733735 0.01940146 0.15128168
v 0.05558746 0.01940146 0.15388566
v 0.05647978 0.01940146 0.15076733
v 0.05478725 0.01940146 0.15328593
v 0.05286664 0.01940146 0.15559387
v 0.05075637 0.01940146 0.15766363
v 0.05360174 0.01940146 0.15627182
v 0.05141993 0.01940146 0.15841174
v 0.04849826 0.01940146 0.15947655
v 0.04908527 0.01940146 0.16028612
v 0.04613517 0.01940146 0.16102305
v 0.04664208 0.01940146 0.16188504
v 0.04370893 0.01940146 0.16230198
v 0.04413359 0.01940146 0.16320730
v 0.04125847 0.01940146 0.16331962
v 0.04160007 0.01940146 0.16425942
v 0.03872649 0.01940146 0.16411292
v 0.03898226 0.01940146 0.16507965
v 0.03604531 0.01940146 0.16469041
v 0.03621019 0.01940146 0.16567672
v 0.03324072 0.01940146 0.16502220
v 0.03331053 0.01940146 0.16601975
v 0.03034549 0.01940145 0.16508236
v 0.03031717 0.01940145 0.16608193
v 0.02727052 0.01940145 0.16584240
v 0.02739873 0.01940145 0.16485068
v 0.02421607 0.01940145 0.16528822
v 0.02444444 0.01940145 0.16431462
v 0.02120253 0.01940145 0.16441559
v 0.02152971 0.01940145 0.16347062
v 0.01827936 0.01940145 0.16323088
v 0.01870237 0.01940145 0.16232478
v 0.01549417 0.01940145 0.16175066
v 0.01600849 0.01940145 0.16089307
v 0.01289018 0.01940145 0.16000075
v 0.01050403 0.01940145 0.15801505
v 0.01348989 0.01940145 0.15920055
v 0.00836412 0.01940145 0.15583323
v 0.01118198 0.01940145 0.15727996
v 0.00911222 0.01940145 0.15516967
v 0.00648972 0.01940145 0.15349857
v 0.00729928 0.01940145 0.15291155
v 0.00489080 0.01940145 0.15105539
v 0.00356854 0.01940145 0.14854689
v 0.00575277 0.01940145 0.15054847
v 0.00251641 0.01940145 0.14601337
v 0.00447387 0.01940145 0.14812222
v 0.00345624 0.01940145 0.14567177
v 0.00169618 0.01940145 0.14339556
v 0.00266290 0.01940145 0.14313979
v 0.00109911 0.01940145 0.14062349
v 0.00208541 0.01940145 0.14045860
v 0.00075608 0.01940145 0.13772383
v 0.00175363 0.01940145 0.13765401
v 0.00069390 0.01940145 0.13473047
v 0.00093342 0.01940145 0.13168381
v 0.00169349 0.01940145 0.13475880
v 0.00192516 0.01940145 0.13181203
v 0.00148764 0.01940145 0.12862937
v 0.00246120 0.01940145 0.12885775
v 0.00236025 0.01940145 0.12561583
v 0.00354494 0.01940145 0.12269265
v 0.00330522 0.01940145 0.12594301
v 0.00445105 0.01940145 0.12311567
v 0.00502519 0.01940145 0.11990747
v 0.00588277 0.01940145 0.12042179
v 0.00757528 0.01940145 0.11790318
v 0.00677508 0.01940145 0.11730348
v 0.00876079 0.01940145 0.11491732
v 0.01094260 0.01940145 0.11277742
v 0.00949589 0.01940145 0.11559527
v 0.01160616 0.01940145 0.11352552
v 0.01327727 0.01940145 0.11090302
v 0.01386429 0.01940145 0.11171257
v 0.01622737 0.01940145 0.11016607
v 0.01572046 0.01940145 0.10930408
v 0.01822894 0.01940145 0.10798183
v 0.02076246 0.01940145 0.10692971
v 0.01865361 0.01940145 0.10888717
v 0.02110407 0.01940145 0.10786953
v 0.02338028 0.01940145 0.10610948
v 0.02615235 0.01940145 0.10551242
v 0.02363604 0.01940145 0.10707621
v 0.02631723 0.01940145 0.10649873
v 0.02905201 0.01940145 0.10516939
v 0.03204538 0.01940145 0.10510721
v 0.02912183 0.01940145 0.10616693
v 0.03201704 0.01940145 0.10610679
v 0.03509203 0.01940146 0.10534674
v 0.03496381 0.01940146 0.10633846
v 0.03814647 0.01940146 0.10590093
v 0.03791811 0.01940146 0.10687449
v 0.04116000 0.01940146 0.10677356
v 0.04083283 0.01940146 0.10771851
v 0.04408318 0.01940146 0.10795825
v 0.04366016 0.01940146 0.10886435
v 0.04686837 0.01940146 0.10943849
v 0.04947236 0.01940146 0.11118838
v 0.04635404 0.01940146 0.11029605
v 0.04887264 0.01940146 0.11198859
v 0.05185851 0.01940146 0.11317410
v 0.05118056 0.01940146 0.11390919
v 0.05399842 0.01940146 0.11535590
v 0.05587281 0.01940146 0.11769057
v 0.05325031 0.01940146 0.11601947
v 0.05506326 0.01940146 0.11827758
v 0.02947443 0.01940145 0.15189551
v 0.02897849 0.01990145 0.15212906
v 0.02897849 0.01940145 0.15212906
v 0.02850854 0.01990145 0.15247073
v 0.02850854 0.01940145 0.15247073
v 0.02809861 0.01990145 0.15291591
v 0.02809861 0.01940145 0.15291591
v 0.02778089 0.01990145 0.15344599
v 0.02778089 0.01940145 0.15344599
v 0.02757854 0.01990145 0.15402993
v 0.02757854 0.01940145 0.15402993
v 0.02750047 0.01990145 0.15463002
v 0.02750048 0.01940145 0.15463002
v 0.02754032 0.01990145 0.15520966
v 0.02754032 0.01940145 0.15520966
v 0.02767972 0.01990145 0.15573981
v 0.02767972 0.01940145 0.15573981
v 0.02791328 0.01990145 0.15623575
v 0.02791328 0.01940145 0.15623575
v 0.02825492 0.01990145 0.15670571
v 0.02825492 0.01940145 0.15670571
v 0.02870010 0.01990145 0.15711563
v 0.02870010 0.01940145 0.15711563
v 0.02923019 0.01990145 0.15743334
v 0.02923019 0.01940145 0.15743334
v 0.02981412 0.01990145 0.15763571
v 0.02981412 0.01940145 0.15763571
v 0.03041423 0.01990145 0.15771377
v 0.03041423 0.01940145 0.15771377
v 0.03099388 0.01990145 0.15767392
v 0.03099388 0.01940145 0.15767392
v 0.03152402 0.01990145 0.15753452
v 0.03152402 0.01940145 0.15753452
v 0.02947443 0.01990145 0.15189551
v 0.03331873 0.01940146 0.15369022
v 0.03289983 0.01940146 0.15651413
v 0.03321755 0.01940146 0.15598405
v 0.03308517 0.01940146 0.15319430
v 0.03248991 0.01940146 0.15695934
v 0.03201997 0.01940145 0.15730098
v 0.03274353 0.01940146 0.15272434
v 0.02754032 0.01940145 0.15520966
v 0.02767972 0.01940145 0.15573981
v 0.03152402 0.01940145 0.15753452
v 0.02791328 0.01940145 0.15623575
v 0.03099388 0.01940145 0.15767392
v 0.02825492 0.01940145 0.15670571
v 0.03041423 0.01940145 0.15771377
v 0.02870010 0.01940145 0.15711563
v 0.02981412 0.01940145 0.15763571
v 0.02923019 0.01940145 0.15743334
v 0.02750048 0.01940145 0.15463002
v 0.03229835 0.01940145 0.15231442
v 0.02757854 0.01940145 0.15402993
v 0.02778089 0.01940145 0.15344599
v 0.03176827 0.01940145 0.15199670
v 0.02809861 0.01940145 0.15291591
v 0.03118433 0.01940145 0.15179434
v 0.02850854 0.01940145 0.15247073
v 0.03058422 0.01940145 0.15171626
v 0.02897849 0.01940145 0.15212906
v 0.03000458 0.01940145 0.15175612
v 0.02947443 0.01940145 0.15189551
v 0.03341990 0.01940146 0.15540013
v 0.03349799 0.01940146 0.15480001
v 0.03345812 0.01940146 0.15422037
v 0.01250962 0.01940145 0.12469278
v 0.01203967 0.01990145 0.12503441
v 0.01203967 0.01940145 0.12503441
v 0.01300555 0.01940145 0.12445924
v 0.01250962 0.01990145 0.12469278
v 0.01162974 0.01990145 0.12547962
v 0.01162974 0.01940145 0.12547962
v 0.01131202 0.01990145 0.12600970
v 0.01131202 0.01940145 0.12600970
v 0.01110967 0.01990145 0.12659363
v 0.01110967 0.01940145 0.12659363
v 0.01103159 0.01990145 0.12719375
v 0.01103159 0.01940145 0.12719375
v 0.01107145 0.01990145 0.12777337
v 0.01107145 0.01940145 0.12777337
v 0.01121086 0.01990145 0.12830354
v 0.01121086 0.01940145 0.12830354
v 0.01144440 0.01990145 0.12879947
v 0.01144440 0.01940145 0.12879947
v 0.01178604 0.01990145 0.12926943
v 0.01178604 0.01940145 0.12926943
v 0.01223123 0.01990145 0.12967935
v 0.01223123 0.01940145 0.12967935
v 0.01276132 0.01990145 0.12999707
v 0.01276132 0.01940145 0.12999707
v 0.01334525 0.01990145 0.13019942
v 0.01334525 0.01940145 0.13019942
v 0.01394536 0.01990145 0.13027750
v 0.01394536 0.01940145 0.13027750
v 0.01452500 0.01990145 0.13023763
v 0.01452500 0.01940145 0.13023763
v 0.01505515 0.01990145 0.13009823
v 0.01505515 0.01940145 0.13009823
v 0.01300555 0.01990145 0.12445924
v 0.01684984 0.01940145 0.12625393
v 0.01643096 0.01940145 0.12907785
v 0.01674867 0.01940145 0.12854777
v 0.01661630 0.01940145 0.12575800
v 0.01602105 0.01940145 0.12952304
v 0.01695104 0.01940145 0.12796383
v 0.01702911 0.01940145 0.12736372
v 0.01698925 0.01940145 0.12678408
v 0.01555109 0.01940145 0.12986469
v 0.01627466 0.01940145 0.12528805
v 0.01103159 0.01940145 0.12719375
v 0.01107145 0.01940145 0.12777337
v 0.01505515 0.01940145 0.13009823
v 0.01144440 0.01940145 0.12879947
v 0.01452500 0.01940145 0.13023763
v 0.01178604 0.01940145 0.12926943
v 0.01223123 0.01940145 0.12967935
v 0.01394536 0.01940145 0.13027750
v 0.01276132 0.01940145 0.12999707
v 0.01334525 0.01940145 0.13019942
v 0.01121086 0.01940145 0.12830354
v 0.01110967 0.01940145 0.12659363
v 0.01131202 0.01940145 0.12600970
v 0.01582947 0.01940145 0.12487812
v 0.01529940 0.01940145 0.12456041
v 0.01162974 0.01940145 0.12547962
v 0.01471545 0.01940145 0.12435805
v 0.01203967 0.01940145 0.12503441
v 0.01250962 0.01940145 0.12469278
v 0.01411534 0.01940145 0.12427997
v 0.01353570 0.01940145 0.12431985
v 0.01300555 0.01940145 0.12445924
v -0.02460787 0.01240154 0.09096735
v -0.02489715 0.01203345 0.09114721
v -0.02395733 0.01203345 0.09080562
v -0.02398131 0.01240154 0.09073962
v -0.02523442 0.01240154 0.09119509
v -0.02583698 0.01203345 0.09148881
v -0.02586097 0.01240154 0.09142283
v -0.02576093 0.01169444 0.09169810
v -0.02564511 0.01147177 0.09201671
v -0.02470528 0.01147177 0.09167510
v -0.02457955 0.01140156 0.09202105
v -0.02551937 0.01140156 0.09236266
v -0.02539363 0.01147177 0.09270859
v -0.02445380 0.01147177 0.09236700
v -0.02351397 0.01147177 0.09202541
v -0.02433799 0.01169444 0.09268561
v -0.02527782 0.01169444 0.09302721
v -0.02363971 0.01140156 0.09167945
v -0.02376545 0.01147177 0.09133350
v -0.02388126 0.01169444 0.09101489
v -0.02339816 0.01169444 0.09234402
v -0.02332209 0.01203345 0.09255329
v -0.02392467 0.01240154 0.09284702
v -0.02329812 0.01240154 0.09261929
v -0.02426193 0.01203345 0.09289490
v -0.02455122 0.01240154 0.09307475
v -0.02520177 0.01203345 0.09323650
v -0.02517778 0.01240154 0.09330250
v -0.03403539 -0.01296623 0.06893286
v -0.03215572 -0.01296623 0.06824965
v -0.03311954 -0.01259813 0.06852526
v -0.03217971 -0.01259813 0.06818366
v -0.03405937 -0.01259813 0.06886686
v -0.03395933 -0.01330523 0.06914213
v -0.03196385 -0.01352791 0.06877755
v -0.03384352 -0.01352791 0.06946075
v -0.03207965 -0.01330523 0.06845894
v -0.03371777 -0.01359812 0.06980670
v -0.03183812 -0.01359812 0.06912350
v -0.03171238 -0.01352791 0.06946944
v -0.03359203 -0.01352791 0.07015265
v -0.03159656 -0.01330523 0.06978806
v -0.03347623 -0.01330523 0.07047126
v -0.03340016 -0.01296623 0.07068054
v -0.03152050 -0.01296623 0.06999735
v -0.03243635 -0.01259813 0.07040493
v -0.03149652 -0.01259813 0.07006332
v -0.03337617 -0.01259813 0.07074653
v -0.03215573 0.01203345 0.06824965
v -0.03395933 0.01169444 0.06914213
v -0.03207966 0.01169444 0.06845894
v -0.03196385 0.01147177 0.06877755
v -0.03384352 0.01147177 0.06946075
v -0.03371777 0.01140156 0.06980670
v -0.03183812 0.01140156 0.06912350
v -0.03171238 0.01147177 0.06946944
v -0.03359203 0.01147177 0.07015265
v -0.03159656 0.01169444 0.06978806
v -0.03347624 0.01169444 0.07047126
v -0.03340016 0.01203345 0.07068054
v -0.03152050 0.01203345 0.06999735
v -0.03337618 0.01240154 0.07074653
v -0.03243635 0.01240154 0.07040493
v -0.03149652 0.01240154 0.07006332
v -0.03403539 0.01203345 0.06893286
v -0.03311954 0.01240154 0.06852526
v -0.03405937 0.01240154 0.06886686
v -0.03217972 0.01240154 0.06818366
v -0.02492114 -0.01259813 0.09108123
v -0.02395733 -0.01296623 0.09080562
v -0.02398131 -0.01259813 0.09073962
v -0.02586097 -0.01259813 0.09142283
v -0.02583698 -0.01296623 0.09148881
v -0.02388126 -0.01330523 0.09101489
v -0.02576093 -0.01330523 0.09169810
v -0.02564511 -0.01352791 0.09201671
v -0.02376545 -0.01352791 0.09133350
v -0.02363971 -0.01359812 0.09167945
v -0.02551937 -0.01359812 0.09236266
v -0.02351397 -0.01352791 0.09202541
v -0.02539363 -0.01352791 0.09270859
v -0.02527782 -0.01330523 0.09302721
v -0.02332209 -0.01296623 0.09255329
v -0.02339816 -0.01330523 0.09234402
v -0.02520176 -0.01296623 0.09323650
v -0.02423795 -0.01259813 0.09296089
v -0.02329811 -0.01259813 0.09261929
v -0.02517777 -0.01259813 0.09330250
v -0.03080386 -0.01809806 0.05902949
v -0.03064028 -0.02009803 0.05833879
v -0.03064028 -0.01809806 0.05833879
v -0.03021582 -0.02009803 0.05776988
v -0.03021582 -0.01809806 0.05776988
v -0.02965240 -0.02009803 0.05743436
v -0.02965240 -0.01809806 0.05743436
v -0.02900501 -0.02009803 0.05732979
v -0.02900501 -0.01809806 0.05732979
v -0.02831431 -0.02009803 0.05749338
v -0.02831432 -0.01809806 0.05749338
v -0.02774541 -0.02009803 0.05791783
v -0.02740988 -0.02009803 0.05848127
v -0.02740988 -0.01909805 0.05848127
v -0.02774541 -0.01809806 0.05791783
v -0.02740988 -0.01809806 0.05848127
v -0.03080386 -0.02009803 0.05902949
v -0.03069929 -0.01909805 0.05967686
v -0.03069929 -0.02009803 0.05967686
v -0.03069929 -0.01809806 0.05967686
v -0.02967449 -0.01909805 0.06249636
v -0.02967449 -0.02009803 0.06249636
v -0.03001609 -0.02009803 0.06155654
v -0.03001609 -0.01809806 0.06155654
v -0.02967449 -0.01809806 0.06249636
v -0.03035770 -0.02009803 0.06061671
v -0.03035770 -0.01809806 0.06061671
v -0.03069929 -0.01909805 0.05967686
v -0.03069929 -0.02009803 0.05967686
v -0.03069929 -0.01809806 0.05967686
v -0.02628051 -0.01809806 0.06194814
v -0.02644410 -0.02009803 0.06263884
v -0.02644410 -0.01809806 0.06263884
v -0.02686856 -0.02009803 0.06320775
v -0.02686856 -0.01809806 0.06320775
v -0.02743199 -0.01909805 0.06354327
v -0.02743199 -0.02009803 0.06354327
v -0.02743199 -0.01809806 0.06354327
v -0.02628051 -0.02009803 0.06194814
v -0.02638509 -0.01909805 0.06130077
v -0.02638509 -0.02009803 0.06130077
v -0.02638509 -0.01809806 0.06130077
v -0.02689749 -0.02009803 0.05989102
v -0.02638509 -0.01909805 0.06130077
v -0.02689749 -0.01809806 0.05989102
v -0.02740988 -0.01909805 0.05848127
v -0.02740988 -0.02009803 0.05848127
v -0.02638509 -0.02009803 0.06130077
v -0.02638509 -0.01809806 0.06130077
v -0.02740988 -0.01809806 0.05848127
v -0.01713986 -0.02009803 0.09662276
v -0.01713986 -0.01809806 0.09662276
v -0.01703529 -0.01909805 0.09727013
v -0.01703529 -0.01809806 0.09727013
v -0.01703529 -0.02009803 0.09727013
v -0.01697628 -0.02009803 0.09593206
v -0.01697628 -0.01809806 0.09593206
v -0.01655182 -0.02009803 0.09536315
v -0.01655182 -0.01809806 0.09536315
v -0.01598839 -0.02009803 0.09502762
v -0.01598839 -0.01809806 0.09502762
v -0.01534101 -0.02009803 0.09492306
v -0.01534101 -0.01809806 0.09492306
v -0.01465031 -0.02009803 0.09508663
v -0.01465031 -0.01809806 0.09508663
v -0.01408141 -0.02009803 0.09551110
v -0.01408141 -0.01809806 0.09551110
v -0.01374588 -0.01909805 0.09607452
v -0.01374588 -0.02009803 0.09607452
v -0.01374588 -0.01809806 0.09607452
v -0.01601049 -0.01909805 0.10008963
v -0.01601049 -0.02009803 0.10008963
v -0.01652290 -0.02009803 0.09867988
v -0.01652290 -0.01809806 0.09867988
v -0.01601049 -0.01809806 0.10008963
v -0.01703529 -0.01909805 0.09727013
v -0.01703529 -0.01809806 0.09727013
v -0.01703529 -0.02009803 0.09727013
v -0.01278010 -0.01809806 0.10023211
v -0.01278010 -0.02009803 0.10023211
v -0.01320455 -0.02009803 0.10080101
v -0.01320456 -0.01809806 0.10080101
v -0.01261651 -0.01809806 0.09954141
v -0.01376799 -0.01909805 0.10113654
v -0.01376799 -0.01809806 0.10113654
v -0.01376799 -0.02009803 0.10113654
v -0.01261651 -0.02009803 0.09954141
v -0.01272108 -0.01909805 0.09889403
v -0.01272108 -0.02009803 0.09889403
v -0.01272108 -0.01809806 0.09889403
v -0.01374588 -0.01909805 0.09607452
v -0.01374588 -0.02009803 0.09607452
v -0.01323348 -0.02009803 0.09748427
v -0.01323348 -0.01809806 0.09748427
v -0.01374588 -0.01809806 0.09607452
v -0.01272108 -0.01909805 0.09889403
v -0.01272108 -0.01809806 0.09889403
v -0.01272108 -0.02009803 0.09889403
v -0.02774541 0.01790147 0.05791783
v -0.02740989 0.01790147 0.05848127
v -0.02740989 0.01890146 0.05848127
v -0.02774541 0.01990145 0.05791783
v -0.02831432 0.01990145 0.05749338
v -0.02831432 0.01790147 0.05749338
v -0.02900501 0.01990145 0.05732979
v -0.02965240 0.01890146 0.05743436
v -0.02900501 0.01790147 0.05732979
v -0.02965240 0.01990145 0.05743436
v -0.02965240 0.01790147 0.05743436
v -0.02740989 0.01990145 0.05848127
v -0.02740989 0.01890146 0.05848127
v -0.02740989 0.01790147 0.05848127
v -0.02689749 0.01790147 0.05989102
v -0.02689749 0.01990145 0.05989102
v -0.02740989 0.01990145 0.05848127
v -0.02638509 0.01890146 0.06130077
v -0.02638509 0.01990145 0.06130077
v -0.02638509 0.01790147 0.06130077
v -0.02967450 0.01990145 0.06249636
v -0.02933898 0.01990145 0.06305980
v -0.02967450 0.01890146 0.06249636
v -0.02933898 0.01790147 0.06305980
v -0.02967450 0.01790147 0.06249636
v -0.02877007 0.01990145 0.06348425
v -0.02877007 0.01790147 0.06348425
v -0.02807938 0.01990145 0.06364784
v -0.02807938 0.01790147 0.06364784
v -0.02743199 0.01990145 0.06354327
v -0.02743199 0.01790147 0.06354327
v -0.02686856 0.01990145 0.06320775
v -0.02686856 0.01790147 0.06320775
v -0.02644410 0.01990145 0.06263884
v -0.02644410 0.01790147 0.06263884
v -0.02628052 0.01990145 0.06194814
v -0.02628052 0.01790147 0.06194814
v -0.02638509 0.01890146 0.06130077
v -0.02638509 0.01990145 0.06130077
v -0.02638509 0.01790147 0.06130077
v -0.02967450 0.01890146 0.06249636
v -0.02967450 0.01790147 0.06249636
v -0.03001609 0.01790147 0.06155654
v -0.03001609 0.01990145 0.06155654
v -0.02967450 0.01990145 0.06249636
v -0.03035770 0.01790147 0.06061671
v -0.03035770 0.01990145 0.06061671
v -0.03069929 0.01890146 0.05967686
v -0.03069929 0.01790147 0.05967686
v -0.03069929 0.01990145 0.05967686
v -0.01408141 0.01790147 0.09551110
v -0.01465032 0.01990145 0.09508663
v -0.01465032 0.01790147 0.09508663
v -0.01534101 0.01990145 0.09492306
v -0.01534101 0.01790147 0.09492306
v -0.01598839 0.01990145 0.09502762
v -0.01598839 0.01890146 0.09502762
v -0.01598839 0.01790147 0.09502762
v -0.01408141 0.01990145 0.09551110
v -0.01374589 0.01890146 0.09607452
v -0.01374589 0.01990145 0.09607452
v -0.01374589 0.01790147 0.09607452
v -0.01374589 0.01890146 0.09607452
v -0.01374589 0.01790147 0.09607452
v -0.01323348 0.01790147 0.09748427
v -0.01323348 0.01990145 0.09748427
v -0.01374589 0.01990145 0.09607452
v -0.01272108 0.01790147 0.09889403
v -0.01272108 0.01890146 0.09889403
v -0.01272108 0.01990145 0.09889403
v -0.01567497 0.01990145 0.10065307
v -0.01567497 0.01790147 0.10065307
v -0.01601049 0.01890146 0.10008963
v -0.01601049 0.01790147 0.10008963
v -0.01601049 0.01990145 0.10008963
v -0.01510606 0.01990145 0.10107752
v -0.01510606 0.01790147 0.10107752
v -0.01441536 0.01990145 0.10124110
v -0.01441536 0.01790147 0.10124110
v -0.01376799 0.01990145 0.10113654
v -0.01376799 0.01790147 0.10113654
v -0.01320456 0.01990145 0.10080101
v -0.01320456 0.01790147 0.10080101
v -0.01278010 0.01990145 0.10023211
v -0.01278010 0.01790147 0.10023211
v -0.01261651 0.01990145 0.09954141
v -0.01261651 0.01790147 0.09954141
v -0.01272108 0.01890146 0.09889403
v -0.01272108 0.01990145 0.09889403
v -0.01272108 0.01790147 0.09889403
v -0.01601049 0.01890146 0.10008963
v -0.01601049 0.01790147 0.10008963
v -0.01652290 0.01790147 0.09867988
v -0.01703529 0.01890146 0.09727013
v -0.01652290 0.01990145 0.09867988
v -0.01601049 0.01990145 0.10008963
v -0.01703529 0.01990145 0.09727013
v -0.01703529 0.01790147 0.09727013
v -0.03976534 0.01790147 0.04731359
v -0.03942376 0.01890146 0.04825341
v -0.03976534 0.01990145 0.04731359
v -0.04010695 0.01890146 0.04637376
v -0.04010695 0.01790147 0.04637376
v -0.03942376 0.01790147 0.04825341
v -0.03942376 0.01990145 0.04825341
v -0.04010695 0.01990145 0.04637376
v -0.04130342 0.01890146 0.04893662
v -0.04130342 0.01990145 0.04893662
v -0.04036358 0.01990145 0.04859502
v -0.04036358 0.01790147 0.04859502
v -0.04130342 0.01790147 0.04893662
v -0.03942376 0.01890146 0.04825341
v -0.03942376 0.01790147 0.04825341
v -0.03942376 0.01990145 0.04825341
v -0.04196264 0.01753338 0.04712295
v -0.04008296 0.01753338 0.04643974
v -0.04104679 0.01790147 0.04671535
v -0.04010695 0.01790147 0.04637376
v -0.04198661 0.01790147 0.04705696
v -0.04188656 0.01719437 0.04733223
v -0.03989109 0.01697169 0.04696764
v -0.04177076 0.01697169 0.04765083
v -0.04000690 0.01719437 0.04664903
v -0.04164501 0.01690148 0.04799680
v -0.03976534 0.01690148 0.04731359
v -0.03963961 0.01697169 0.04765954
v -0.04151927 0.01697169 0.04834273
v -0.03952380 0.01719437 0.04797815
v -0.04140346 0.01719437 0.04866135
v -0.04132739 0.01753338 0.04887064
v -0.03944773 0.01753338 0.04818743
v -0.04036358 0.01790147 0.04859502
v -0.03942376 0.01790147 0.04825341
v -0.04130342 0.01790147 0.04893662
v -0.04104679 0.01790147 0.04671535
v -0.04010695 0.01890146 0.04637376
v -0.04104679 0.01990145 0.04671535
v -0.04010695 0.01990145 0.04637376
v -0.04010695 0.01790147 0.04637376
v -0.04198661 0.01890146 0.04705696
v -0.04198661 0.01790147 0.04705696
v -0.04198661 0.01990145 0.04705696
v -0.01448694 0.01890146 0.11686112
v -0.01448694 0.01790147 0.11686112
v -0.01414534 0.01790147 0.11780096
v -0.01380374 0.01890146 0.11874078
v -0.01414534 0.01990145 0.11780096
v -0.01448694 0.01990145 0.11686112
v -0.01380374 0.01790147 0.11874078
v -0.01380374 0.01990145 0.11874078
v -0.01380374 0.01890146 0.11874078
v -0.01380374 0.01790147 0.11874078
v -0.01474357 0.01790147 0.11908239
v -0.01568340 0.01890146 0.11942399
v -0.01474357 0.01990145 0.11908239
v -0.01380374 0.01990145 0.11874078
v -0.01568340 0.01990145 0.11942399
v -0.01568340 0.01790147 0.11942399
v -0.01438689 0.01719437 0.11713639
v -0.01615074 0.01697169 0.11813820
v -0.01427108 0.01697169 0.11745501
v -0.01626655 0.01719437 0.11781958
v -0.01446296 0.01753338 0.11692711
v -0.01634262 0.01753338 0.11761032
v -0.01542678 0.01790147 0.11720272
v -0.01636661 0.01790147 0.11754432
v -0.01448694 0.01790147 0.11686112
v -0.01414534 0.01690149 0.11780096
v -0.01602501 0.01690149 0.11848416
v -0.01589926 0.01697169 0.11883010
v -0.01401960 0.01697169 0.11814690
v -0.01390379 0.01719437 0.11846551
v -0.01578346 0.01719437 0.11914872
v -0.01570739 0.01753338 0.11935799
v -0.01568340 0.01790147 0.11942399
v -0.01474357 0.01790147 0.11908239
v -0.01382773 0.01753338 0.11867480
v -0.01380374 0.01790147 0.11874078
v -0.01636661 0.01890146 0.11754432
v -0.01636661 0.01790147 0.11754432
v -0.01542678 0.01790147 0.11720272
v -0.01448694 0.01890146 0.11686112
v -0.01542678 0.01990145 0.11720272
v -0.01636661 0.01990145 0.11754432
v -0.01448694 0.01990145 0.11686112
v -0.01448694 0.01790147 0.11686112
v -0.03976534 -0.02009804 0.04731359
v -0.03942375 -0.01909805 0.04825341
v -0.03976534 -0.01809806 0.04731359
v -0.04010695 -0.01909805 0.04637376
v -0.04010695 -0.02009804 0.04637376
v -0.03942375 -0.02009803 0.04825341
v -0.03942375 -0.01809806 0.04825341
v -0.04010695 -0.01809806 0.04637376
v -0.04104678 -0.01809806 0.04671535
v -0.04198661 -0.01909805 0.04705696
v -0.04104678 -0.02009804 0.04671535
v -0.04010695 -0.01909805 0.04637376
v -0.04198661 -0.01809806 0.04705696
v -0.04010695 -0.01809806 0.04637376
v -0.04010695 -0.02009804 0.04637376
v -0.04198661 -0.02009804 0.04705696
v -0.03952380 -0.01739097 0.04797815
v -0.03944773 -0.01772998 0.04818743
v -0.04132739 -0.01772998 0.04887064
v -0.04140346 -0.01739097 0.04866135
v -0.04151927 -0.01716828 0.04834273
v -0.03963961 -0.01716828 0.04765954
v -0.04164501 -0.01709807 0.04799680
v -0.03976534 -0.01709807 0.04731359
v -0.03989109 -0.01716828 0.04696764
v -0.04177076 -0.01716828 0.04765083
v -0.04188656 -0.01739097 0.04733223
v -0.04008296 -0.01772998 0.04643974
v -0.04000689 -0.01739097 0.04664903
v -0.04196263 -0.01772998 0.04712295
v -0.04198661 -0.01809806 0.04705696
v -0.04104678 -0.01809806 0.04671535
v -0.04010695 -0.01809806 0.04637376
v -0.04036357 -0.01809806 0.04859502
v -0.04130341 -0.01809806 0.04893662
v -0.03942375 -0.01809806 0.04825341
v -0.04130341 -0.01909805 0.04893662
v -0.04130341 -0.01809806 0.04893662
v -0.04036357 -0.01809806 0.04859502
v -0.04036357 -0.02009804 0.04859502
v -0.04130341 -0.02009804 0.04893662
v -0.03942375 -0.01909805 0.04825341
v -0.03942375 -0.01809806 0.04825341
v -0.03942375 -0.02009803 0.04825341
v -0.01414534 -0.02009803 0.11780096
v -0.01380374 -0.01909805 0.11874078
v -0.01448693 -0.01909805 0.11686112
v -0.01448693 -0.02009803 0.11686112
v -0.01414534 -0.01809806 0.11780096
v -0.01448693 -0.01809806 0.11686112
v -0.01380374 -0.01809806 0.11874078
v -0.01380374 -0.02009803 0.11874078
v -0.01636661 -0.01909805 0.11754432
v -0.01448693 -0.01909805 0.11686112
v -0.01542677 -0.01809806 0.11720272
v -0.01448693 -0.01809806 0.11686112
v -0.01542677 -0.02009803 0.11720272
v -0.01448693 -0.02009803 0.11686112
v -0.01636661 -0.02009803 0.11754432
v -0.01636661 -0.01809806 0.11754432
v -0.01570739 -0.01772998 0.11935799
v -0.01382772 -0.01772997 0.11867480
v -0.01474357 -0.01809806 0.11908239
v -0.01380374 -0.01809806 0.11874078
v -0.01568340 -0.01809806 0.11942399
v -0.01390379 -0.01739097 0.11846551
v -0.01578345 -0.01739097 0.11914872
v -0.01589926 -0.01716828 0.11883010
v -0.01401960 -0.01716828 0.11814690
v -0.01414534 -0.01709807 0.11780096
v -0.01602501 -0.01709807 0.11848416
v -0.01615074 -0.01716828 0.11813820
v -0.01438689 -0.01739097 0.11713639
v -0.01427108 -0.01716828 0.11745501
v -0.01626655 -0.01739097 0.11781958
v -0.01446295 -0.01772997 0.11692711
v -0.01634262 -0.01772998 0.11761032
v -0.01542677 -0.01809806 0.11720272
v -0.01448693 -0.01809806 0.11686112
v -0.01636661 -0.01809806 0.11754432
v -0.01380374 -0.01909805 0.11874078
v -0.01568340 -0.01909805 0.11942399
v -0.01474357 -0.01809806 0.11908239
v -0.01474357 -0.02009803 0.11908239
v -0.01568340 -0.01809806 0.11942399
v -0.01568340 -0.02009803 0.11942399
v -0.01380374 -0.02009803 0.11874078
v -0.01380374 -0.01809806 0.11874078
v 0.01200293 -0.01809806 0.04398186
v 0.01200293 -0.01882805 0.04398186
v 0.01167785 -0.01882805 0.04373930
v 0.01239762 -0.01809806 0.04407533
v 0.01167785 -0.01809806 0.04373930
v 0.01148611 -0.01882805 0.04341734
v 0.01148611 -0.01809806 0.04341734
v 0.01142636 -0.01882805 0.04304741
v 0.01142636 -0.01809806 0.04304741
v 0.01151984 -0.01882805 0.04265272
v 0.01151984 -0.01809806 0.04265272
v 0.01176238 -0.01882805 0.04232764
v 0.01208435 -0.01882805 0.04213592
v 0.01208435 -0.01846305 0.04213592
v 0.01176238 -0.01809806 0.04232764
v 0.01208435 -0.01809806 0.04213592
v 0.01276755 -0.01846305 0.04401556
v 0.01239762 -0.01882805 0.04407533
v 0.01276755 -0.01809806 0.04401556
v 0.01276755 -0.01882805 0.04401556
v 0.01297250 -0.01940746 0.04457947
v 0.01287003 -0.01911776 0.04429752
v 0.01239762 -0.01882805 0.04407533
v 0.01276755 -0.01882805 0.04401556
v 0.01238487 -0.01926260 0.04452514
v 0.01237212 -0.01969716 0.04497495
v 0.01273923 -0.01969716 0.04494971
v 0.01307499 -0.01969716 0.04486142
v 0.01200293 -0.01882805 0.04398186
v 0.01199205 -0.01969716 0.04492550
v 0.01162222 -0.01969716 0.04479734
v 0.01128651 -0.01969716 0.04459613
v 0.01134120 -0.01926260 0.04403791
v 0.01100455 -0.01969716 0.04433651
v 0.01167785 -0.01882805 0.04373930
v 0.01148611 -0.01882805 0.04341734
v 0.01078818 -0.01969716 0.04403887
v 0.01064027 -0.01969716 0.04372478
v 0.01106319 -0.01926260 0.04357106
v 0.01142636 -0.01882805 0.04304741
v 0.01097655 -0.01926260 0.04303465
v 0.01055198 -0.01969716 0.04338901
v 0.01052673 -0.01969716 0.04302191
v 0.01057618 -0.01969716 0.04264185
v 0.01111209 -0.01926260 0.04246237
v 0.01070434 -0.01969716 0.04227201
v 0.01151984 -0.01882805 0.04265272
v 0.01146378 -0.01926260 0.04199099
v 0.01176238 -0.01882805 0.04232764
v 0.01116518 -0.01969716 0.04165435
v 0.01090556 -0.01969716 0.04193630
v 0.01198187 -0.01911776 0.04185396
v 0.01187939 -0.01940746 0.04157201
v 0.01208435 -0.01882805 0.04213592
v 0.01146281 -0.01969716 0.04143797
v 0.01177691 -0.01969716 0.04129005
v 0.01307499 -0.01969716 0.04486142
v 0.01273923 -0.02009803 0.04494971
v 0.01273923 -0.01969716 0.04494971
v 0.01237212 -0.02009803 0.04497495
v 0.01237212 -0.01969716 0.04497495
v 0.01199205 -0.02009803 0.04492550
v 0.01199205 -0.01969716 0.04492550
v 0.01162222 -0.02009803 0.04479734
v 0.01162222 -0.01969716 0.04479734
v 0.01128651 -0.02009803 0.04459613
v 0.01128651 -0.01969716 0.04459613
v 0.01100455 -0.02009803 0.04433651
v 0.01100455 -0.01969716 0.04433651
v 0.01078818 -0.02009803 0.04403887
v 0.01078818 -0.01969716 0.04403887
v 0.01064027 -0.02009803 0.04372478
v 0.01064027 -0.01969716 0.04372478
v 0.01055198 -0.02009803 0.04338901
v 0.01055198 -0.01969716 0.04338901
v 0.01052673 -0.02009803 0.04302191
v 0.01052673 -0.01969716 0.04302191
v 0.01057618 -0.02009803 0.04264185
v 0.01057618 -0.01969716 0.04264185
v 0.01070434 -0.02009803 0.04227201
v 0.01070434 -0.01969716 0.04227201
v 0.01090556 -0.02009803 0.04193630
v 0.01090556 -0.01969716 0.04193630
v 0.01116518 -0.02009803 0.04165435
v 0.01116518 -0.01969716 0.04165435
v 0.01146281 -0.02009803 0.04143797
v 0.01146281 -0.01969716 0.04143797
v 0.01177691 -0.02009803 0.04129005
v 0.01177691 -0.01969716 0.04129005
v 0.01307499 -0.02009803 0.04486142
v 0.02811122 -0.01882805 0.08730758
v 0.02811122 -0.01809806 0.08730758
v 0.02848116 -0.01846305 0.08724783
v 0.02848116 -0.01809806 0.08724783
v 0.02848116 -0.01882805 0.08724783
v 0.02771654 -0.01882805 0.08721410
v 0.02771654 -0.01809806 0.08721410
v 0.02739145 -0.01882805 0.08697155
v 0.02739145 -0.01809806 0.08697155
v 0.02719972 -0.01882805 0.08664960
v 0.02719972 -0.01809806 0.08664960
v 0.02713998 -0.01882805 0.08627966
v 0.02713998 -0.01809806 0.08627966
v 0.02723345 -0.01882805 0.08588499
v 0.02723345 -0.01809806 0.08588499
v 0.02747600 -0.01882805 0.08555989
v 0.02747600 -0.01809806 0.08555989
v 0.02779795 -0.01846305 0.08536817
v 0.02779795 -0.01882805 0.08536817
v 0.02779795 -0.01809806 0.08536817
v 0.02811122 -0.01882805 0.08730758
v 0.02858364 -0.01911776 0.08752978
v 0.02845284 -0.01969716 0.08818196
v 0.02868612 -0.01940746 0.08781173
v 0.02848116 -0.01882805 0.08724783
v 0.02770566 -0.01969716 0.08815776
v 0.02771654 -0.01882805 0.08721410
v 0.02808572 -0.01969716 0.08820721
v 0.02733583 -0.01969716 0.08802960
v 0.02700011 -0.01969716 0.08782838
v 0.02739145 -0.01882805 0.08697155
v 0.02671815 -0.01969716 0.08756877
v 0.02650179 -0.01969716 0.08727113
v 0.02719972 -0.01882805 0.08664960
v 0.02635387 -0.01969716 0.08695703
v 0.02626559 -0.01969716 0.08662127
v 0.02713998 -0.01882805 0.08627966
v 0.02624034 -0.01969716 0.08625416
v 0.02628979 -0.01969716 0.08587410
v 0.02723345 -0.01882805 0.08588499
v 0.02641795 -0.01969716 0.08550427
v 0.02661917 -0.01969716 0.08516855
v 0.02747600 -0.01882805 0.08555989
v 0.02687879 -0.01969716 0.08488660
v 0.02717642 -0.01969716 0.08467022
v 0.02769548 -0.01911776 0.08508622
v 0.02759299 -0.01940746 0.08480427
v 0.02749051 -0.01969716 0.08452232
v 0.02779795 -0.01882805 0.08536817
v 0.02878859 -0.01969716 0.08809368
v 0.02878859 -0.01969716 0.08809368
v 0.02845284 -0.02009803 0.08818196
v 0.02845284 -0.01969716 0.08818196
v 0.02808572 -0.02009803 0.08820721
v 0.02808572 -0.01969716 0.08820721
v 0.02770566 -0.02009803 0.08815776
v 0.02770566 -0.01969716 0.08815776
v 0.02733583 -0.02009803 0.08802960
v 0.02733583 -0.01969716 0.08802960
v 0.02700011 -0.02009803 0.08782838
v 0.02700011 -0.01969716 0.08782838
v 0.02671815 -0.02009803 0.08756877
v 0.02671815 -0.01969716 0.08756877
v 0.02650179 -0.02009803 0.08727113
v 0.02650179 -0.01969716 0.08727113
v 0.02635387 -0.02009803 0.08695703
v 0.02635387 -0.01969716 0.08695703
v 0.02626559 -0.02009803 0.08662127
v 0.02626559 -0.01969716 0.08662127
v 0.02624034 -0.02009803 0.08625416
v 0.02624034 -0.01969716 0.08625416
v 0.02628979 -0.02009803 0.08587410
v 0.02628979 -0.01969716 0.08587410
v 0.02641795 -0.02009803 0.08550427
v 0.02641795 -0.01969716 0.08550427
v 0.02661917 -0.02009803 0.08516855
v 0.02661917 -0.01969716 0.08516855
v 0.02687879 -0.02009803 0.08488660
v 0.02687879 -0.01969716 0.08488660
v 0.02717642 -0.02009803 0.08467022
v 0.02717642 -0.01969716 0.08467022
v 0.02749051 -0.02009803 0.08452232
v 0.02749051 -0.01969716 0.08452232
v 0.02878859 -0.02009803 0.08809368
v 0.01308951 0.01790147 0.04382385
v 0.01333206 0.01863146 0.04349876
v 0.01333206 0.01790147 0.04349876
v 0.01342553 0.01863146 0.04310407
v 0.01342553 0.01790147 0.04310407
v 0.01336578 0.01863146 0.04273414
v 0.01336578 0.01790147 0.04273414
v 0.01317405 0.01863146 0.04241219
v 0.01317405 0.01790147 0.04241219
v 0.01284896 0.01863146 0.04216963
v 0.01284896 0.01790147 0.04216963
v 0.01245428 0.01863146 0.04207616
v 0.01245428 0.01790147 0.04207616
v 0.01208435 0.01863146 0.04213592
v 0.01208435 0.01826647 0.04213592
v 0.01208435 0.01790147 0.04213592
v 0.01308951 0.01863146 0.04382385
v 0.01276754 0.01826647 0.04401556
v 0.01276754 0.01863146 0.04401556
v 0.01276754 0.01790147 0.04401556
v 0.01292126 0.01906602 0.04443849
v 0.01338908 0.01950057 0.04471352
v 0.01308951 0.01863146 0.04382385
v 0.01307499 0.01950057 0.04486142
v 0.01276754 0.01863146 0.04401556
v 0.01333206 0.01863146 0.04349876
v 0.01394633 0.01950057 0.04421519
v 0.01368671 0.01950057 0.04449713
v 0.01414756 0.01950057 0.04387947
v 0.01427572 0.01950057 0.04350963
v 0.01342553 0.01863146 0.04310407
v 0.01432516 0.01950057 0.04312958
v 0.01429991 0.01950057 0.04276247
v 0.01336578 0.01863146 0.04273414
v 0.01421162 0.01950057 0.04242670
v 0.01406371 0.01950057 0.04211262
v 0.01317405 0.01863146 0.04241219
v 0.01384734 0.01950057 0.04181497
v 0.01356539 0.01950057 0.04155535
v 0.01284896 0.01863146 0.04216963
v 0.01322967 0.01950057 0.04135414
v 0.01245428 0.01863146 0.04207616
v 0.01285984 0.01950057 0.04122598
v 0.01247977 0.01950057 0.04117654
v 0.01211267 0.01950057 0.04120177
v 0.01193062 0.01906602 0.04171298
v 0.01177691 0.01950057 0.04129005
v 0.01208435 0.01863146 0.04213592
v 0.01338908 0.01950057 0.04471352
v 0.01368671 0.01990145 0.04449713
v 0.01368671 0.01950057 0.04449713
v 0.01338908 0.01990145 0.04471352
v 0.01307499 0.01950057 0.04486142
v 0.01307499 0.01990145 0.04486142
v 0.01394633 0.01990145 0.04421519
v 0.01394633 0.01950057 0.04421519
v 0.01414756 0.01990145 0.04387947
v 0.01414756 0.01950057 0.04387947
v 0.01427572 0.01990145 0.04350963
v 0.01427572 0.01950057 0.04350963
v 0.01432516 0.01990145 0.04312958
v 0.01432516 0.01950057 0.04312958
v 0.01429991 0.01990145 0.04276247
v 0.01429991 0.01950057 0.04276247
v 0.01421162 0.01990145 0.04242670
v 0.01421162 0.01950057 0.04242670
v 0.01406371 0.01990145 0.04211262
v 0.01406371 0.01950057 0.04211262
v 0.01384734 0.01990145 0.04181497
v 0.01384734 0.01950057 0.04181497
v 0.01356539 0.01990145 0.04155535
v 0.01356539 0.01950057 0.04155535
v 0.01322967 0.01990145 0.04135414
v 0.01322967 0.01950057 0.04135414
v 0.01285984 0.01990145 0.04122598
v 0.01285984 0.01950057 0.04122598
v 0.01247977 0.01990145 0.04117654
v 0.01247977 0.01950057 0.04117654
v 0.01211267 0.01990145 0.04120177
v 0.01211267 0.01950057 0.04120177
v 0.01177691 0.01990145 0.04129005
v 0.01177691 0.01950057 0.04129005
v 0.02880312 0.01863146 0.08705609
v 0.02880312 0.01790147 0.08705609
v 0.02848116 0.01826647 0.08724783
v 0.02848116 0.01790147 0.08724783
v 0.02848116 0.01863146 0.08724783
v 0.02904566 0.01863146 0.08673101
v 0.02904566 0.01790147 0.08673101
v 0.02913914 0.01863146 0.08633632
v 0.02913914 0.01790147 0.08633632
v 0.02907938 0.01863146 0.08596639
v 0.02907938 0.01790147 0.08596639
v 0.02888766 0.01863146 0.08564443
v 0.02888766 0.01790147 0.08564443
v 0.02856256 0.01863146 0.08540188
v 0.02856256 0.01790147 0.08540188
v 0.02816789 0.01863146 0.08530840
v 0.02816789 0.01790147 0.08530840
v 0.02779795 0.01826647 0.08536817
v 0.02779795 0.01863146 0.08536817
v 0.02779795 0.01790147 0.08536817
v 0.02880312 0.01863146 0.08705609
v 0.02858364 0.01892116 0.08752978
v 0.02910269 0.01950057 0.08794576
v 0.02848116 0.01863146 0.08724783
v 0.02868611 0.01921087 0.08781173
v 0.02878859 0.01950057 0.08809368
v 0.02940033 0.01950057 0.08772939
v 0.02965994 0.01950057 0.08744744
v 0.02904566 0.01863146 0.08673101
v 0.02986116 0.01950057 0.08711172
v 0.02998931 0.01950057 0.08674190
v 0.02913914 0.01863146 0.08633632
v 0.03003877 0.01950057 0.08636182
v 0.03001352 0.01950057 0.08599471
v 0.02907938 0.01863146 0.08596639
v 0.02992523 0.01950057 0.08565895
v 0.02888766 0.01863146 0.08564443
v 0.02977732 0.01950057 0.08534487
v 0.02956095 0.01950057 0.08504723
v 0.02927900 0.01950057 0.08478760
v 0.02856256 0.01863146 0.08540188
v 0.02894328 0.01950057 0.08458638
v 0.02816789 0.01863146 0.08530840
v 0.02857345 0.01950057 0.08445822
v 0.02819339 0.01950057 0.08440878
v 0.02782628 0.01950057 0.08443402
v 0.02769548 0.01892116 0.08508622
v 0.02759299 0.01921087 0.08480427
v 0.02749051 0.01950057 0.08452232
v 0.02779795 0.01863146 0.08536817
v 0.02878859 0.01950057 0.08809368
v 0.02910269 0.01990145 0.08794576
v 0.02910269 0.01950057 0.08794576
v 0.02940033 0.01990145 0.08772939
v 0.02940033 0.01950057 0.08772939
v 0.02965994 0.01990145 0.08744744
v 0.02965994 0.01950057 0.08744744
v 0.02986116 0.01990145 0.08711172
v 0.02986116 0.01950057 0.08711172
v 0.02998931 0.01990145 0.08674190
v 0.02998931 0.01950057 0.08674190
v 0.03003877 0.01990145 0.08636182
v 0.03003877 0.01950057 0.08636182
v 0.03001352 0.01990145 0.08599471
v 0.03001352 0.01950057 0.08599471
v 0.02992523 0.01990145 0.08565895
v 0.02992523 0.01950057 0.08565895
v 0.02977732 0.01990145 0.08534487
v 0.02977732 0.01950057 0.08534487
v 0.02956095 0.01990145 0.08504723
v 0.02956095 0.01950057 0.08504723
v 0.02927900 0.01990145 0.08478760
v 0.02927900 0.01950057 0.08478760
v 0.02894328 0.01990145 0.08458638
v 0.02894328 0.01950057 0.08458638
v 0.02857345 0.01990145 0.08445822
v 0.02857345 0.01950057 0.08445822
v 0.02819339 0.01990145 0.08440878
v 0.02819339 0.01950057 0.08440878
v 0.02782628 0.01990145 0.08443402
v 0.02782628 0.01950057 0.08443402
v 0.02749051 0.01990145 0.08452232
v 0.02749051 0.01950057 0.08452232
v 0.02878859 0.01990145 0.08809368
v -0.01055387 0.01440152 0.12963359
v -0.01168123 0.01433131 0.13043499
v -0.01118042 0.01440152 0.12986132
v -0.01180698 0.01440152 0.13008906
v -0.00980157 0.01433131 0.12975181
v -0.00992732 0.01440152 0.12940585
v -0.01156542 0.01410862 0.13075361
v -0.00968576 0.01410862 0.13007042
v -0.01148936 0.01376962 0.13096290
v -0.00960970 0.01376962 0.13027969
v -0.00958572 0.01340153 0.13034569
v -0.01146538 0.01340153 0.13102890
v -0.01148936 0.01303344 0.13096290
v -0.00960970 0.01303344 0.13027969
v -0.00968576 0.01269443 0.13007042
v -0.01156542 0.01269443 0.13075361
v -0.00980157 0.01247175 0.12975181
v -0.01168123 0.01247175 0.13043499
v -0.01055387 0.01240154 0.12963359
v -0.00992732 0.01240154 0.12940585
v -0.01118042 0.01240154 0.12986132
v -0.01180698 0.01240154 0.13008906
v -0.01118042 -0.01259813 0.12986132
v -0.01074140 -0.01266834 0.13009341
v -0.01168123 -0.01266834 0.13043499
v -0.01180698 -0.01259813 0.13008906
v -0.01055387 -0.01259813 0.12963359
v -0.00980157 -0.01266834 0.12975181
v -0.00992731 -0.01259813 0.12940585
v -0.00968576 -0.01289103 0.13007042
v -0.01054952 -0.01323003 0.13062130
v -0.00960970 -0.01323003 0.13027969
v -0.01156542 -0.01289103 0.13075361
v -0.01148935 -0.01323003 0.13096290
v -0.00958572 -0.01359812 0.13034569
v -0.01052555 -0.01359812 0.13068729
v -0.01054952 -0.01396621 0.13062130
v -0.00960970 -0.01396621 0.13027969
v -0.00968576 -0.01430522 0.13007042
v -0.01062559 -0.01430522 0.13041201
v -0.00980157 -0.01452790 0.12975181
v -0.01074140 -0.01452790 0.13009341
v -0.00992731 -0.01459811 0.12940585
v -0.01055387 -0.01459811 0.12963359
v -0.01156542 -0.01430522 0.13075361
v -0.01118042 -0.01459811 0.12986132
v -0.01168123 -0.01452790 0.13043499
v -0.01148935 -0.01396621 0.13096290
v -0.01146538 -0.01359812 0.13102890
v -0.01180698 -0.01459811 0.13008906
v -0.00862888 -0.00509823 0.13688130
v -0.00812699 -0.00520355 0.13728634
v -0.00906682 -0.00520355 0.13762795
v -0.00925543 -0.00509823 0.13710903
v -0.00800232 -0.00509823 0.13665356
v -0.00718715 -0.00520355 0.13694474
v -0.00737576 -0.00509823 0.13642583
v -0.00701344 -0.00553756 0.13742266
v -0.00783917 -0.00604608 0.13807819
v -0.00795327 -0.00553756 0.13776427
v -0.00689934 -0.00604608 0.13773658
v -0.00780320 -0.00659821 0.13817717
v -0.00686337 -0.00659821 0.13783557
v -0.00689934 -0.00715035 0.13773658
v -0.00783917 -0.00715035 0.13807819
v -0.00701344 -0.00765886 0.13742266
v -0.00877900 -0.00715035 0.13841979
v -0.00795327 -0.00765886 0.13776427
v -0.00889310 -0.00765886 0.13810587
v -0.00906681 -0.00799287 0.13762795
v -0.00812699 -0.00799287 0.13728634
v -0.00718715 -0.00799287 0.13694474
v -0.00800232 -0.00809819 0.13665356
v -0.00862888 -0.00809819 0.13688130
v -0.00925543 -0.00809819 0.13710903
v -0.00737576 -0.00809819 0.13642583
v -0.00874303 -0.00659821 0.13851878
v -0.00877900 -0.00604608 0.13841979
v -0.00889310 -0.00553756 0.13810587
v -0.00812699 0.00779628 0.13728634
v -0.00906682 0.00779628 0.13762795
v -0.00862888 0.00790160 0.13688130
v -0.00925543 0.00790160 0.13710903
v -0.00800232 0.00790160 0.13665356
v -0.00737576 0.00790160 0.13642583
v -0.00718716 0.00779628 0.13694474
v -0.00701344 0.00746227 0.13742266
v -0.00783917 0.00695375 0.13807819
v -0.00795327 0.00746227 0.13776427
v -0.00689935 0.00695375 0.13773658
v -0.00877901 0.00695375 0.13841979
v -0.00889310 0.00746227 0.13810587
v -0.00780320 0.00640162 0.13817717
v -0.00874303 0.00640162 0.13851878
v -0.00686337 0.00640162 0.13783557
v -0.00877901 0.00584949 0.13841979
v -0.00783917 0.00584949 0.13807819
v -0.00689934 0.00584949 0.13773658
v -0.00701344 0.00534098 0.13742266
v -0.00795327 0.00534098 0.13776427
v -0.00812699 0.00500696 0.13728634
v -0.00718716 0.00500696 0.13694474
v -0.00800232 0.00490164 0.13665356
v -0.00737576 0.00490164 0.13642583
v -0.00862888 0.00490164 0.13688130
v -0.00906682 0.00500696 0.13762795
v -0.00925543 0.00490164 0.13710903
v -0.00889310 0.00534098 0.13810587
v -0.04240305 -0.01209814 0.04005660
v -0.04227730 -0.01216835 0.04040254
v -0.04334288 -0.01209814 0.04039820
v -0.04415697 -0.01216835 0.04108575
v -0.04428271 -0.01209814 0.04073980
v -0.04404116 -0.01239104 0.04140436
v -0.04208543 -0.01273004 0.04093045
v -0.04396509 -0.01273004 0.04161365
v -0.04216149 -0.01239104 0.04072116
v -0.04394111 -0.01309813 0.04167963
v -0.04206145 -0.01309813 0.04099643
v -0.04208543 -0.01346622 0.04093045
v -0.04404116 -0.01380523 0.04140436
v -0.04396509 -0.01346622 0.04161365
v -0.04216149 -0.01380523 0.04072116
v -0.04227730 -0.01402790 0.04040254
v -0.04415697 -0.01402790 0.04108575
v -0.04334288 -0.01409811 0.04039820
v -0.04240304 -0.01409811 0.04005660
v -0.04428271 -0.01409811 0.04073980
v -0.04684385 0.01390152 0.02783879
v -0.04671811 0.01383131 0.02818473
v -0.04778367 0.01390152 0.02818039
v -0.04859778 0.01383131 0.02886793
v -0.04872351 0.01390152 0.02852199
v -0.04848196 0.01360863 0.02918655
v -0.04652623 0.01326962 0.02871263
v -0.04840589 0.01326962 0.02939584
v -0.04660230 0.01360863 0.02850334
v -0.04650225 0.01290154 0.02877863
v -0.04840589 0.01253344 0.02939584
v -0.04838191 0.01290154 0.02946182
v -0.04652623 0.01253344 0.02871263
v -0.04848196 0.01219443 0.02918655
v -0.04660230 0.01219443 0.02850334
v -0.04671810 0.01197176 0.02818473
v -0.04859778 0.01197176 0.02886793
v -0.04778367 0.01190155 0.02818039
v -0.04684385 0.01190155 0.02783879
v -0.04872351 0.01190155 0.02852199
v -0.04859569 -0.00754606 0.02887369
v -0.04870978 -0.00703755 0.02855977
v -0.04683012 -0.00703755 0.02787657
v -0.04888350 -0.00670353 0.02808184
v -0.04855971 -0.00809820 0.02897267
v -0.04671601 -0.00754606 0.02819050
v -0.04668003 -0.00809820 0.02828947
v -0.04671601 -0.00865033 0.02819050
v -0.04859569 -0.00865033 0.02887369
v -0.04683012 -0.00915884 0.02787657
v -0.04888350 -0.00949286 0.02808184
v -0.04870978 -0.00915884 0.02855977
v -0.04700383 -0.00949286 0.02739866
v -0.04719244 -0.00959818 0.02687972
v -0.04813227 -0.00959818 0.02722132
v -0.04907210 -0.00959818 0.02756293
v -0.04700383 -0.00670353 0.02739866
v -0.04813227 -0.00659821 0.02722132
v -0.04907210 -0.00659821 0.02756293
v -0.04719244 -0.00659821 0.02687972
v -0.04844555 0.00940158 0.02733519
v -0.04888350 0.00929626 0.02808184
v -0.04907210 0.00940158 0.02756293
v -0.04794366 0.00929626 0.02774023
v -0.04781899 0.00940158 0.02710745
v -0.04700383 0.00929626 0.02739866
v -0.04719244 0.00940158 0.02687972
v -0.04683012 0.00896225 0.02787657
v -0.04671601 0.00845374 0.02819050
v -0.04765585 0.00845374 0.02853209
v -0.04761987 0.00790160 0.02863107
v -0.04668004 0.00790160 0.02828947
v -0.04671601 0.00734947 0.02819050
v -0.04765585 0.00734946 0.02853209
v -0.04683012 0.00684095 0.02787657
v -0.04776995 0.00684095 0.02821817
v -0.04700383 0.00650694 0.02739866
v -0.04719244 0.00640162 0.02687972
v -0.04781899 0.00640162 0.02710745
v -0.04794366 0.00650694 0.02774023
v -0.04888350 0.00650694 0.02808184
v -0.04844555 0.00640162 0.02733519
v -0.04907210 0.00640162 0.02756293
v -0.04870978 0.00684095 0.02855977
v -0.04859569 0.00734946 0.02887369
v -0.04855971 0.00790160 0.02897267
v -0.04859569 0.00845374 0.02887369
v -0.04870978 0.00896225 0.02855977
v -0.01041295 0.01990145 0.00153038
v -0.01041295 0.01790147 0.00153038
v -0.00973683 0.01890146 0.00112775
v -0.00973683 0.01790147 0.00112775
v -0.00973683 0.01990145 0.00112775
v -0.01092229 0.01990145 0.00221307
v -0.01092229 0.01790147 0.00221307
v -0.01111860 0.01990145 0.00304189
v -0.01111860 0.01790147 0.00304189
v -0.01099311 0.01790147 0.00381874
v -0.01099311 0.01990145 0.00381874
v -0.01059048 0.01790147 0.00449488
v -0.01059048 0.01990145 0.00449488
v -0.00990780 0.01990145 0.00500421
v -0.00830211 0.01890146 0.00507504
v -0.00990780 0.01790147 0.00500421
v -0.00907896 0.01990145 0.00520052
v -0.00907896 0.01790147 0.00520052
v -0.00830211 0.01990145 0.00507504
v -0.00830211 0.01790147 0.00507504
v 0.00125130 0.01790147 0.00789626
v 0.00125130 0.01990145 0.00789626
v 0.00105501 0.01990145 0.00872508
v 0.00176065 0.01790147 0.00721357
v 0.00105501 0.01790147 0.00872508
v 0.00176065 0.01990145 0.00721357
v 0.00243677 0.01890146 0.00681094
v 0.00243677 0.01790147 0.00681094
v 0.00243677 0.01990145 0.00681094
v 0.00118049 0.01990145 0.00950195
v 0.00118049 0.01790147 0.00950195
v 0.00158311 0.01990145 0.01017807
v 0.00158311 0.01790147 0.01017807
v 0.00226581 0.01990145 0.01068741
v 0.00226581 0.01790147 0.01068741
v 0.00309464 0.01990145 0.01088372
v 0.00387149 0.01990145 0.01075823
v 0.00387149 0.01890146 0.01075823
v 0.00309464 0.01790147 0.01088372
v 0.00387149 0.01790147 0.01075823
v 0.00693450 0.01790147 -0.00427734
v 0.00673820 0.01990145 -0.00344851
v 0.00673820 0.01790147 -0.00344851
v 0.00744385 0.01790147 -0.00496004
v 0.00693450 0.01990145 -0.00427734
v 0.00686369 0.01990145 -0.00267165
v 0.00686369 0.01790147 -0.00267165
v 0.00726632 0.01990145 -0.00199554
v 0.00726632 0.01790147 -0.00199554
v 0.00794901 0.01990145 -0.00148618
v 0.00794901 0.01790147 -0.00148618
v 0.00877784 0.01990145 -0.00128989
v 0.00955470 0.01990145 -0.00141536
v 0.00955470 0.01890146 -0.00141536
v 0.00877784 0.01790147 -0.00128989
v 0.00955470 0.01790147 -0.00141536
v 0.00744385 0.01990145 -0.00496004
v 0.00811998 0.01890146 -0.00536266
v 0.00811998 0.01990145 -0.00536266
v 0.00811998 0.01790147 -0.00536266
v -0.00472975 0.01990145 -0.01064324
v -0.00472975 0.01790147 -0.01064324
v -0.00405363 0.01890146 -0.01104587
v -0.00405363 0.01790147 -0.01104587
v -0.00405363 0.01990145 -0.01104587
v -0.00523910 0.01990145 -0.00996054
v -0.00523910 0.01790147 -0.00996054
v -0.00543540 0.01990145 -0.00913171
v -0.00543540 0.01790147 -0.00913171
v -0.00530992 0.01990145 -0.00835485
v -0.00530992 0.01790147 -0.00835485
v -0.00490729 0.01990145 -0.00767874
v -0.00490729 0.01790147 -0.00767874
v -0.00422459 0.01990145 -0.00716939
v -0.00422459 0.01790147 -0.00716939
v -0.00339576 0.01990145 -0.00697309
v -0.00339576 0.01790147 -0.00697309
v -0.00261891 0.01890146 -0.00709857
v -0.00261891 0.01990145 -0.00709857
v -0.00261891 0.01790147 -0.00709857
v -0.00262563 0.01790147 -0.00445373
v -0.00179907 0.01890146 -0.00484297
v -0.00262563 0.01990145 -0.00445373
v -0.00179907 0.01790147 -0.00484297
v -0.00179907 0.01990145 -0.00484297
v -0.00340888 0.01990145 -0.00388433
v -0.00340888 0.01790147 -0.00388433
v -0.00409208 0.01990145 -0.00314236
v -0.00409208 0.01790147 -0.00314236
v -0.00462161 0.01990145 -0.00225888
v -0.00462161 0.01790147 -0.00225888
v -0.00495888 0.01990145 -0.00128565
v -0.00495887 0.01790147 -0.00128565
v -0.00508900 0.01990145 -0.00028546
v -0.00508900 0.01790147 -0.00028546
v -0.00502257 0.01990145 0.00068060
v -0.00502257 0.01790147 0.00068060
v -0.00479023 0.01990145 0.00156419
v -0.00479023 0.01790147 0.00156419
v -0.00440098 0.01990145 0.00239074
v -0.00440098 0.01790147 0.00239074
v -0.00383158 0.01990145 0.00317400
v -0.00383158 0.01790147 0.00317400
v -0.00308961 0.01990145 0.00385720
v -0.00308961 0.01790147 0.00385720
v -0.00220614 0.01990145 0.00438674
v -0.00220614 0.01790147 0.00438674
v -0.00123290 0.01990145 0.00472399
v -0.00123290 0.01790147 0.00472399
v -0.00023272 0.01990145 0.00485412
v -0.00023272 0.01790147 0.00485412
v 0.00073334 0.01990145 0.00478769
v 0.00073334 0.01790147 0.00478769
v 0.00161694 0.01890146 0.00455534
v 0.00161694 0.01790147 0.00455534
v 0.00161694 0.01990145 0.00455534
v -0.05049056 -0.01952890 0.02210399
v -0.00678267 -0.01952890 0.14219049
v -0.00678267 0.01959035 0.14219049
v -0.05049056 -0.01952890 0.02210399
v -0.00678267 -0.01952890 0.14219049
v -0.00678267 0.01959035 0.14219049
v -0.05049056 0.01959035 0.02210399
v -0.05049056 0.01959035 0.02210399
v -0.00678267 -0.01952890 0.14219049
v -0.05049056 -0.01952890 0.02210399
v -0.05119713 -0.01952890 0.02236116
v -0.05049056 0.01959035 0.02210399
v -0.05119713 -0.01952890 0.02236116
v -0.05049056 -0.01952890 0.02210399
v -0.00748922 -0.01952890 0.14244766
v -0.05119713 -0.01952890 0.02236116
v -0.00748922 0.01959035 0.14244766
v -0.00748922 -0.01952890 0.14244766
v -0.05119713 0.01959035 0.02236116
v -0.05119713 0.01959035 0.02236116
v -0.00678267 -0.01952890 0.14219049
v -0.00748922 -0.01952890 0.14244766
v -0.00748922 0.01959035 0.14244766
v -0.00678267 0.01959035 0.14219049
v -0.00678267 0.01959035 0.14219049
v -0.00748922 0.01959035 0.14244766
v -0.05119713 0.01959035 0.02236116
v -0.05049056 0.01959035 0.02210399
v 0.02558235 -0.02014720 0.16525125
v 0.03143506 -0.02014720 0.16582767
v 0.05915140 -0.02014720 0.14730821
v 0.04291555 -0.02014720 0.10811135
v 0.00371870 -0.02014720 0.12434721
v 0.03728775 -0.02014720 0.16525124
v 0.02558235 -0.02014720 0.16525125
v 0.03143506 -0.01520499 0.16582767
v 0.03143506 -0.02014720 0.16582767
v 0.03143506 -0.02014720 0.16582767
v 0.03728775 -0.01520498 0.16525124
v 0.03728775 -0.02014720 0.16525124
v 0.05264825 -0.01520498 0.11461452
v 0.06143502 -0.01520498 0.13582771
v 0.03143506 -0.01520499 0.16582767
v 0.03728775 -0.02014720 0.16525124
v 0.04291554 -0.01520498 0.16354408
v 0.04291554 -0.02014720 0.16354408
v 0.04291554 -0.02014720 0.16354408
v 0.04810215 -0.01520498 0.16077177
v 0.04810215 -0.02014720 0.16077177
v 0.04291554 -0.02014720 0.16354408
v 0.04810215 -0.02014720 0.16077177
v 0.05264825 -0.02014720 0.15704091
v 0.05637914 -0.02014720 0.15249480
v 0.05264825 -0.02014720 0.15704091
v 0.05637914 -0.01520498 0.15249480
v 0.05637914 -0.02014720 0.15249480
v 0.04810215 -0.02014720 0.16077177
v 0.05264825 -0.01520498 0.15704091
v 0.05264825 -0.02014720 0.15704091
v 0.05637914 -0.02014720 0.15249480
v 0.05915140 -0.01520498 0.14730821
v 0.05915140 -0.02014720 0.14730821
v 0.05915140 -0.02014720 0.14730821
v 0.06085860 -0.01520498 0.14168042
v 0.06085860 -0.02014720 0.14168042
v 0.05915140 -0.02014720 0.14730821
v 0.06085860 -0.02014720 0.14168042
v 0.06143502 -0.02014720 0.13582771
v 0.06085859 -0.02014720 0.12997499
v 0.06143502 -0.02014720 0.13582771
v 0.06085859 -0.01520498 0.12997499
v 0.06085859 -0.02014720 0.12997499
v 0.06085860 -0.02014720 0.14168042
v 0.06143502 -0.01520498 0.13582771
v 0.06143502 -0.02014720 0.13582771
v 0.06085859 -0.02014720 0.12997499
v 0.05915143 -0.01520498 0.12434721
v 0.05915143 -0.02014720 0.12434721
v 0.05915143 -0.02014720 0.12434721
v 0.05637912 -0.01520498 0.11916060
v 0.05637912 -0.02014720 0.11916060
v 0.05915143 -0.02014720 0.12434721
v 0.05637912 -0.02014720 0.11916060
v 0.05264825 -0.02014720 0.11461452
v 0.04810215 -0.02014720 0.11088363
v 0.05264825 -0.02014720 0.11461452
v 0.04810214 -0.01520498 0.11088363
v 0.04810215 -0.02014720 0.11088363
v 0.05637912 -0.02014720 0.11916060
v 0.05264825 -0.01520498 0.11461452
v 0.05264825 -0.02014720 0.11461452
v 0.04810215 -0.02014720 0.11088363
v 0.04291554 -0.01520498 0.10811135
v 0.04291555 -0.02014720 0.10811135
v 0.04291555 -0.02014720 0.10811135
v 0.03728776 -0.01520498 0.10640417
v 0.03728776 -0.02014720 0.10640417
v 0.04291555 -0.02014720 0.10811135
v 0.03728776 -0.02014720 0.10640417
v 0.03143506 -0.02014720 0.10582771
v 0.02558235 -0.02014720 0.10640417
v 0.03143506 -0.02014720 0.10582771
v 0.02558235 -0.01520499 0.10640417
v 0.02558235 -0.02014720 0.10640417
v 0.03728776 -0.02014720 0.10640417
v 0.03143506 -0.01520499 0.10582771
v 0.03143506 -0.02014720 0.10582771
v 0.02558235 -0.02014720 0.10640417
v 0.01995456 -0.01520499 0.10811134
v 0.01995456 -0.02014720 0.10811134
v 0.01995456 -0.02014720 0.10811134
v 0.01476797 -0.01520499 0.11088362
v 0.01476797 -0.02014720 0.11088362
v 0.01995456 -0.02014720 0.10811134
v 0.01476797 -0.02014720 0.11088362
v 0.01022187 -0.02014720 0.11461453
v 0.00649099 -0.02014720 0.11916060
v 0.01022187 -0.02014720 0.11461453
v 0.00649099 -0.01520499 0.11916060
v 0.00649099 -0.02014720 0.11916060
v 0.01476797 -0.02014720 0.11088362
v 0.01022187 -0.01520499 0.11461453
v 0.01022187 -0.02014720 0.11461453
v 0.00649099 -0.02014720 0.11916060
v 0.00371870 -0.01520499 0.12434721
v 0.00371870 -0.02014720 0.12434721
v 0.00371870 -0.02014720 0.12434721
v 0.00201152 -0.01520499 0.12997501
v 0.00201152 -0.02014720 0.12997501
v 0.00371870 -0.02014720 0.12434721
v 0.00201152 -0.02014720 0.12997501
v 0.00143507 -0.02014720 0.13582771
v 0.00201153 -0.02014720 0.14168042
v 0.00143507 -0.02014720 0.13582771
v 0.00201153 -0.01520499 0.14168042
v 0.00201153 -0.02014720 0.14168042
v 0.00201152 -0.02014720 0.12997501
v 0.00143507 -0.01520499 0.13582771
v 0.00143507 -0.02014720 0.13582771
v 0.00371869 -0.02014720 0.14730823
v 0.00201153 -0.01520499 0.14168042
v 0.00371869 -0.01520499 0.14730823
v 0.00371869 -0.02014720 0.14730823
v 0.00649097 -0.01520499 0.15249481
v 0.00649097 -0.02014720 0.15249481
v 0.00371869 -0.02014720 0.14730823
v 0.00649097 -0.02014720 0.15249481
v 0.01022187 -0.02014720 0.15704090
v 0.01476795 -0.02014720 0.16077179
v 0.01022187 -0.02014720 0.15704090
v 0.01476795 -0.01520499 0.16077179
v 0.01476795 -0.02014720 0.16077179
v 0.00649097 -0.02014720 0.15249481
v 0.01022187 -0.01520499 0.15704090
v 0.01022187 -0.02014720 0.15704090
v 0.01476795 -0.02014720 0.16077179
v 0.01995455 -0.01520499 0.16354410
v 0.01995455 -0.02014720 0.16354410
v 0.01995455 -0.02014720 0.16354410
v 0.02558235 -0.01520499 0.16525125
v 0.02558235 -0.02014720 0.16525125
v 0.01995455 -0.02014720 0.16354410
v 0.03143505 0.01995062 0.16582767
v 0.02558234 0.01995062 0.16525125
v 0.05264825 0.01995062 0.11461452
v 0.06143502 0.01995062 0.13582771
v 0.03143505 0.01995062 0.16582767
v 0.03728775 0.01995062 0.16525124
v 0.03143505 0.01500840 0.16582767
v 0.02558234 0.01995062 0.16525125
v 0.03143505 0.01995062 0.16582767
v 0.03728775 0.01500840 0.16525124
v 0.03143505 0.01995062 0.16582767
v 0.03728775 0.01995062 0.16525124
v 0.01995455 0.01500840 0.16354410
v 0.01476795 0.01896219 0.16077179
v 0.01476795 0.01500840 0.16077179
v 0.04291554 0.01500840 0.16354408
v 0.03728775 0.01995062 0.16525124
v 0.04291554 0.01995062 0.16354408
v 0.04810215 0.01500840 0.16077177
v 0.04291554 0.01995062 0.16354408
v 0.04810215 0.01995062 0.16077177
v 0.04810215 0.01995062 0.16077177
v 0.04291554 0.01995062 0.16354408
v 0.05264825 0.01995062 0.15704091
v 0.05637914 0.01995062 0.15249480
v 0.05637914 0.01500840 0.15249480
v 0.05264825 0.01995062 0.15704091
v 0.05637914 0.01995062 0.15249480
v 0.05264825 0.01500840 0.15704091
v 0.04810215 0.01995062 0.16077177
v 0.05264825 0.01995062 0.15704091
v 0.05915140 0.01500840 0.14730821
v 0.05637914 0.01995062 0.15249480
v 0.05915140 0.01995062 0.14730821
v 0.06085859 0.01500840 0.14168042
v 0.05915140 0.01995062 0.14730821
v 0.06085859 0.01995062 0.14168042
v 0.06085859 0.01995062 0.14168042
v 0.05915140 0.01995062 0.14730821
v 0.06143502 0.01995062 0.13582771
v 0.06085859 0.01995062 0.12997499
v 0.06085859 0.01500840 0.12997499
v 0.06143502 0.01995062 0.13582771
v 0.06085859 0.01995062 0.12997499
v 0.06143502 0.01500840 0.13582771
v 0.06085859 0.01995062 0.14168042
v 0.06143502 0.01995062 0.13582771
v 0.05915143 0.01500840 0.12434721
v 0.06085859 0.01995062 0.12997499
v 0.05915142 0.01995062 0.12434721
v 0.05637912 0.01500840 0.11916060
v 0.05915142 0.01995062 0.12434721
v 0.05637912 0.01995062 0.11916060
v 0.05637912 0.01995062 0.11916060
v 0.05915142 0.01995062 0.12434721
v 0.05264825 0.01995062 0.11461452
v 0.04810214 0.01995062 0.11088363
v 0.04810214 0.01500840 0.11088363
v 0.05264825 0.01995062 0.11461452
v 0.04810214 0.01995062 0.11088363
v 0.05264825 0.01500840 0.11461452
v 0.05637912 0.01995062 0.11916060
v 0.05264825 0.01995062 0.11461452
v 0.04291554 0.01500840 0.10811135
v 0.04810214 0.01995062 0.11088363
v 0.04291554 0.01995062 0.10811135
v 0.03728776 0.01500840 0.10640417
v 0.04291554 0.01995062 0.10811135
v 0.03728776 0.01995062 0.10640417
v 0.03728776 0.01995062 0.10640417
v 0.04291554 0.01995062 0.10811135
v 0.03143506 0.01995062 0.10582771
v 0.02558235 0.01995062 0.10640417
v 0.02558235 0.01500840 0.10640417
v 0.03143506 0.01995062 0.10582771
v 0.02558235 0.01995062 0.10640417
v 0.03143506 0.01500840 0.10582771
v 0.03728776 0.01995062 0.10640417
v 0.03143506 0.01995062 0.10582771
v 0.01995456 0.01500840 0.10811134
v 0.02558235 0.01995062 0.10640417
v 0.01995456 0.01995062 0.10811134
v 0.01476797 0.01500840 0.11088362
v 0.01995456 0.01995062 0.10811134
v 0.01476797 0.01995062 0.11088362
v 0.01476797 0.01995062 0.11088362
v 0.01995456 0.01995062 0.10811134
v 0.01022186 0.01995062 0.11461453
v 0.00649098 0.01995062 0.11916060
v 0.00649098 0.01500840 0.11916060
v 0.01022186 0.01995062 0.11461453
v 0.00649098 0.01995062 0.11916060
v 0.01022186 0.01500840 0.11461453
v 0.01476797 0.01995062 0.11088362
v 0.01022186 0.01995062 0.11461453
v 0.00371870 0.01500840 0.12434721
v 0.00649098 0.01995062 0.11916060
v 0.00371870 0.01995062 0.12434721
v 0.00201152 0.01500840 0.12997501
v 0.00371870 0.01995062 0.12434721
v 0.00201152 0.01995062 0.12997501
v 0.00201152 0.01995062 0.12997501
v 0.00371870 0.01995062 0.12434721
v 0.00143507 0.01995062 0.13582771
v 0.00201152 0.01995062 0.14168042
v 0.00201153 0.01500840 0.14168042
v 0.00143507 0.01995062 0.13582771
v 0.00201152 0.01995062 0.14168042
v 0.00143507 0.01500840 0.13582771
v 0.00201152 0.01995062 0.12997501
v 0.00143507 0.01995062 0.13582771
v 0.00371869 0.01995062 0.14730823
v 0.00201153 0.01500840 0.14168042
v 0.00201152 0.01995062 0.14168042
v 0.00649097 0.01500840 0.15249481
v 0.00371869 0.01995062 0.14730823
v 0.00649097 0.01995062 0.15249481
v 0.00649097 0.01995062 0.15249481
v 0.00371869 0.01995062 0.14730823
v 0.01022187 0.01995062 0.15704090
v 0.01476795 0.01995062 0.16077179
v 0.01476795 0.01500840 0.16077179
v 0.01022187 0.01995062 0.15704090
v 0.01476795 0.01995062 0.16077179
v 0.01022187 0.01500840 0.15704090
v 0.00649097 0.01995062 0.15249481
v 0.01022187 0.01995062 0.15704090
v 0.01995455 0.01500840 0.16354410
v 0.01476795 0.01995062 0.16077179
v 0.01995455 0.01995062 0.16354410
v 0.02558234 0.01500840 0.16525125
v 0.01995455 0.01995062 0.16354410
v 0.02558234 0.01995062 0.16525125
v 0.01995455 0.01995062 0.16354410
v 0.05915140 -0.01520498 0.14730821
v 0.04291554 -0.01520498 0.10811135
v 0.00371870 -0.01520499 0.12434721
v 0.06085859 -0.01520498 0.12997499
v 0.05915143 -0.01847497 0.12434721
v 0.05915143 -0.01520498 0.12434721
v 0.04291554 -0.01520498 0.10811135
v 0.03728776 -0.01520498 0.10640417
v 0.03728775 -0.01520498 0.16525124
v 0.04291554 -0.01520498 0.16354408
v 0.00649097 -0.01520499 0.15249481
v 0.01022187 -0.01520499 0.15704090
v 0.03143506 -0.01520499 0.10582771
v 0.02558235 -0.01520499 0.10640417
v 0.04810215 -0.01520498 0.16077177
v 0.01476795 -0.01520499 0.16077179
v 0.01995455 -0.01520499 0.16354410
v 0.05264825 -0.01520498 0.15704091
v 0.05637914 -0.01520498 0.15249480
v 0.02558235 -0.01520499 0.16525125
v 0.01995456 -0.01520499 0.10811134
v 0.01476797 -0.01520499 0.11088362
v 0.05915140 -0.01520498 0.14730821
v 0.01022187 -0.01520499 0.11461453
v 0.00649099 -0.01520499 0.11916060
v 0.06085860 -0.01520498 0.14168042
v 0.06143502 -0.01520498 0.13582771
v 0.06085859 -0.01520498 0.12997499
v 0.00371870 -0.01520499 0.12434721
v 0.00201152 -0.01520499 0.12997501
v 0.05915143 -0.01520498 0.12434721
v 0.00143507 -0.01520499 0.13582771
v 0.00201153 -0.01520499 0.14168042
v 0.05637912 -0.01520498 0.11916060
v 0.05264825 -0.01520498 0.11461452
v 0.04810214 -0.01520498 0.11088363
v 0.00371869 -0.01520499 0.14730823
v 0.03143506 -0.01520499 0.16582767
v 0.03143506 -0.01847497 0.10582771
v 0.06143502 -0.01847497 0.13582771
v 0.03143506 -0.01847497 0.16582767
v 0.00143507 -0.01520499 0.13582771
v 0.00201153 -0.01847497 0.14168042
v 0.00201153 -0.01520499 0.14168042
v 0.05915143 -0.01520498 0.12434721
v 0.05637912 -0.01847497 0.11916060
v 0.05637912 -0.01520498 0.11916060
v 0.00201152 -0.01520499 0.12997501
v 0.00143507 -0.01847497 0.13582771
v 0.00143507 -0.01520499 0.13582771
v 0.05264825 -0.01520498 0.11461452
v 0.04810215 -0.01847497 0.11088363
v 0.04810214 -0.01520498 0.11088363
v 0.00201153 -0.01520499 0.14168042
v 0.00371869 -0.01847497 0.14730823
v 0.00371869 -0.01520499 0.14730823
v 0.05637912 -0.01520498 0.11916060
v 0.05264825 -0.01847497 0.11461452
v 0.05264825 -0.01520498 0.11461452
v 0.02558235 -0.01520499 0.16525125
v 0.03143506 -0.01847497 0.16582767
v 0.03143506 -0.01520499 0.16582767
v 0.00371869 -0.01520499 0.14730823
v 0.00649097 -0.01847497 0.15249481
v 0.00649097 -0.01520499 0.15249481
v 0.04810214 -0.01520498 0.11088363
v 0.04291555 -0.01847497 0.10811135
v 0.04291554 -0.01520498 0.10811135
v 0.03143506 -0.01520499 0.16582767
v 0.03728775 -0.01847497 0.16525124
v 0.03728775 -0.01520498 0.16525124
v 0.01022187 -0.01520499 0.15704090
v 0.01476795 -0.01847497 0.16077179
v 0.01476795 -0.01520499 0.16077179
v 0.04291554 -0.01520498 0.10811135
v 0.03728776 -0.01847497 0.10640417
v 0.03728776 -0.01520498 0.10640417
v 0.03728775 -0.01520498 0.16525124
v 0.04291554 -0.01847497 0.16354408
v 0.04291554 -0.01520498 0.16354408
v 0.00649097 -0.01520499 0.15249481
v 0.01022187 -0.01847497 0.15704090
v 0.01022187 -0.01520499 0.15704090
v 0.03143506 -0.01520499 0.10582771
v 0.02558235 -0.01847497 0.10640417
v 0.02558235 -0.01520499 0.10640417
v 0.04291554 -0.01520498 0.16354408
v 0.04810215 -0.01847497 0.16077177
v 0.04810215 -0.01520498 0.16077177
v 0.01476795 -0.01520499 0.16077179
v 0.01995455 -0.01847497 0.16354410
v 0.01995455 -0.01520499 0.16354410
v 0.03728776 -0.01520498 0.10640417
v 0.03143506 -0.01847497 0.10582771
v 0.03143506 -0.01520499 0.10582771
v 0.05264825 -0.01520498 0.15704091
v 0.05637914 -0.01847497 0.15249480
v 0.05637914 -0.01520498 0.15249480
v 0.01995455 -0.01520499 0.16354410
v 0.02558235 -0.01847497 0.16525125
v 0.02558235 -0.01520499 0.16525125
v 0.02558235 -0.01520499 0.10640417
v 0.01995456 -0.01847497 0.10811134
v 0.01995456 -0.01520499 0.10811134
v 0.04810215 -0.01520498 0.16077177
v 0.05264825 -0.01847497 0.15704091
v 0.05264825 -0.01520498 0.15704091
v 0.01995456 -0.01520499 0.10811134
v 0.01476797 -0.01847497 0.11088362
v 0.01476797 -0.01520499 0.11088362
v 0.05637914 -0.01520498 0.15249480
v 0.05915140 -0.01847497 0.14730821
v 0.05915140 -0.01520498 0.14730821
v 0.01022187 -0.01520499 0.11461453
v 0.00649099 -0.01847497 0.11916060
v 0.00649099 -0.01520499 0.11916060
v 0.05915140 -0.01520498 0.14730821
v 0.06085860 -0.01847497 0.14168042
v 0.06085860 -0.01520498 0.14168042
v 0.01476797 -0.01520499 0.11088362
v 0.01022187 -0.01847497 0.11461453
v 0.01022187 -0.01520499 0.11461453
v 0.06143502 -0.01520498 0.13582771
v 0.06085859 -0.01847497 0.12997499
v 0.06085859 -0.01520498 0.12997499
v 0.00649099 -0.01520499 0.11916060
v 0.00371870 -0.01847497 0.12434721
v 0.00371870 -0.01520499 0.12434721
v 0.06085860 -0.01520498 0.14168042
v 0.06143502 -0.01847497 0.13582771
v 0.06143502 -0.01520498 0.13582771
v 0.00371870 -0.01520499 0.12434721
v 0.00201152 -0.01847497 0.12997501
v 0.00201152 -0.01520499 0.12997501
v 0.05915140 0.01896219 0.14730821
v 0.04291554 0.01896219 0.10811135
v 0.00371870 0.01896219 0.12434721
v 0.06085859 0.01500840 0.14168042
v 0.05915140 0.01896219 0.14730821
v 0.05915140 0.01500840 0.14730821
v 0.01476797 0.01500840 0.11088362
v 0.01995456 0.01896219 0.10811134
v 0.01995456 0.01500840 0.10811134
v 0.06085859 0.01500840 0.12997499
v 0.06143502 0.01896219 0.13582771
v 0.06143502 0.01500840 0.13582771
v 0.02558234 0.01500840 0.16525125
v 0.01995455 0.01896219 0.16354410
v 0.01995455 0.01500840 0.16354410
v 0.00649098 0.01500840 0.11916060
v 0.01022186 0.01896219 0.11461453
v 0.01022186 0.01500840 0.11461453
v 0.06143502 0.01500840 0.13582771
v 0.06085859 0.01896219 0.14168042
v 0.06085859 0.01500840 0.14168042
v 0.01022186 0.01500840 0.11461453
v 0.01476797 0.01896219 0.11088362
v 0.01476797 0.01500840 0.11088362
v 0.05915143 0.01500840 0.12434721
v 0.06085859 0.01896219 0.12997499
v 0.06085859 0.01500840 0.12997499
v 0.00371870 0.01500840 0.12434721
v 0.00649098 0.01896219 0.11916060
v 0.00649098 0.01500840 0.11916060
v 0.05637912 0.01500840 0.11916060
v 0.05915142 0.01896219 0.12434721
v 0.05915143 0.01500840 0.12434721
v 0.03143505 0.01500840 0.16582767
v 0.02558234 0.01896219 0.16525125
v 0.02558234 0.01500840 0.16525125
v 0.00201152 0.01500840 0.12997501
v 0.00371870 0.01896219 0.12434721
v 0.00371870 0.01500840 0.12434721
v 0.04810214 0.01500840 0.11088363
v 0.05264825 0.01896219 0.11461452
v 0.05264825 0.01500840 0.11461452
v 0.00201153 0.01500840 0.14168042
v 0.00143507 0.01896219 0.13582771
v 0.00143507 0.01500840 0.13582771
v 0.03728775 0.01500840 0.16525124
v 0.03143505 0.01896219 0.16582767
v 0.03143505 0.01500840 0.16582767
v 0.05264825 0.01500840 0.11461452
v 0.05637912 0.01896219 0.11916060
v 0.05637912 0.01500840 0.11916060
v 0.00143507 0.01500840 0.13582771
v 0.00201152 0.01896219 0.12997501
v 0.00201152 0.01500840 0.12997501
v 0.04291554 0.01500840 0.16354408
v 0.03728775 0.01896219 0.16525124
v 0.03728775 0.01500840 0.16525124
v 0.04291554 0.01500840 0.10811135
v 0.04810214 0.01896219 0.11088363
v 0.04810214 0.01500840 0.11088363
v 0.00371869 0.01500840 0.14730823
v 0.00201153 0.01896219 0.14168042
v 0.00201153 0.01500840 0.14168042
v 0.04810215 0.01500840 0.16077177
v 0.04291554 0.01896219 0.16354408
v 0.04291554 0.01500840 0.16354408
v 0.03728776 0.01500840 0.10640417
v 0.04291554 0.01896219 0.10811135
v 0.04291554 0.01500840 0.10811135
v 0.05637914 0.01500840 0.15249480
v 0.05264825 0.01896219 0.15704091
v 0.05264825 0.01500840 0.15704091
v 0.00649097 0.01500840 0.15249481
v 0.00371869 0.01896219 0.14730823
v 0.00371869 0.01500840 0.14730823
v 0.02558235 0.01500840 0.10640417
v 0.03143506 0.01896219 0.10582771
v 0.03143506 0.01500840 0.10582771
v 0.01476795 0.01500840 0.16077179
v 0.01022187 0.01896219 0.15704090
v 0.01022187 0.01500840 0.15704090
v 0.05264825 0.01500840 0.15704091
v 0.04810215 0.01896219 0.16077177
v 0.04810215 0.01500840 0.16077177
v 0.03143506 0.01500840 0.10582771
v 0.03728776 0.01896219 0.10640417
v 0.03728776 0.01500840 0.10640417
v 0.01022187 0.01500840 0.15704090
v 0.00649097 0.01896219 0.15249481
v 0.00649097 0.01500840 0.15249481
v 0.05915140 0.01500840 0.14730821
v 0.05637914 0.01896219 0.15249480
v 0.05637914 0.01500840 0.15249480
v 0.01995456 0.01500840 0.10811134
v 0.02558235 0.01896219 0.10640417
v 0.02558235 0.01500840 0.10640417
v 0.01995455 -0.02014720 0.16354410
v 0.02558235 -0.02014720 0.16525125
v 0.03143506 -0.02014720 0.16582767
v 0.03728775 -0.02014720 0.16525124
v 0.04291554 -0.02014720 0.16354408
v 0.04810215 -0.02014720 0.16077177
v 0.05264825 -0.02014720 0.15704091
v 0.05637914 -0.02014720 0.15249480
v 0.06085860 -0.02014720 0.14168042
v 0.06143502 -0.02014720 0.13582771
v 0.06085859 -0.02014720 0.12997499
v 0.05915143 -0.02014720 0.12434721
v 0.05637912 -0.02014720 0.11916060
v 0.05264825 -0.02014720 0.11461452
v 0.04810215 -0.02014720 0.11088363
v 0.03728776 -0.02014720 0.10640417
v 0.03143506 -0.02014720 0.10582771
v 0.02558235 -0.02014720 0.10640417
v 0.01995456 -0.02014720 0.10811134
v 0.01476797 -0.02014720 0.11088362
v 0.01022187 -0.02014720 0.11461453
v 0.00649099 -0.02014720 0.11916060
v 0.00201152 -0.02014720 0.12997501
v 0.00143507 -0.02014720 0.13582771
v 0.00201153 -0.02014720 0.14168042
v 0.00371869 -0.02014720 0.14730823
v 0.00649097 -0.02014720 0.15249481
v 0.01022187 -0.02014720 0.15704090
v 0.01476795 -0.02014720 0.16077179
v 0.02558235 -0.01520499 0.16525125
v 0.03143506 -0.01520499 0.16582767
v 0.02558235 -0.01520499 0.16525125
v 0.01022187 -0.01520499 0.15704090
v 0.01995455 -0.01520499 0.16354410
v 0.01476795 -0.01520499 0.16077179
v 0.00649097 -0.01520499 0.15249481
v 0.00371869 -0.01520499 0.14730823
v 0.00201153 -0.01520499 0.14168042
v 0.00143507 -0.01520499 0.13582771
v 0.00201152 -0.01520499 0.12997501
v 0.01022187 -0.01520499 0.11461453
v 0.00371870 -0.01520499 0.12434721
v 0.00649099 -0.01520499 0.11916060
v 0.01476797 -0.01520499 0.11088362
v 0.01995456 -0.01520499 0.10811134
v 0.02558235 -0.01520499 0.10640417
v 0.03143506 -0.01520499 0.10582771
v 0.03728776 -0.01520498 0.10640417
v 0.04291554 -0.01520498 0.10811135
v 0.04810214 -0.01520498 0.11088363
v 0.05637912 -0.01520498 0.11916060
v 0.05915143 -0.01520498 0.12434721
v 0.06085859 -0.01520498 0.12997499
v 0.06085860 -0.01520498 0.14168042
v 0.05915140 -0.01520498 0.14730821
v 0.05637914 -0.01520498 0.15249480
v 0.05264825 -0.01520498 0.15704091
v 0.04810215 -0.01520498 0.16077177
v 0.04291554 -0.01520498 0.16354408
v 0.03728775 -0.01520498 0.16525124
v 0.03728775 -0.01520498 0.16525124
v 0.04291554 -0.01520498 0.16354408
v 0.05264825 -0.01520498 0.15704091
v 0.04810215 -0.01520498 0.16077177
v 0.05637914 -0.01520498 0.15249480
v 0.05915140 -0.01520498 0.14730821
v 0.06143502 -0.01520498 0.13582771
v 0.06085860 -0.01520498 0.14168042
v 0.06085859 -0.01520498 0.12997499
v 0.05915143 -0.01520498 0.12434721
v 0.05264825 -0.01520498 0.11461452
v 0.05637912 -0.01520498 0.11916060
v 0.04810214 -0.01520498 0.11088363
v 0.04291554 -0.01520498 0.10811135
v 0.03143506 -0.01520499 0.10582771
v 0.03728776 -0.01520498 0.10640417
v 0.02558235 -0.01520499 0.10640417
v 0.01995456 -0.01520499 0.10811134
v 0.01022187 -0.01520499 0.11461453
v 0.01476797 -0.01520499 0.11088362
v 0.00649099 -0.01520499 0.11916060
v 0.00371870 -0.01520499 0.12434721
v 0.00143507 -0.01520499 0.13582771
v 0.00201152 -0.01520499 0.12997501
v 0.00201153 -0.02014720 0.14168042
v 0.00371869 -0.01520499 0.14730823
v 0.01022187 -0.01520499 0.15704090
v 0.00649097 -0.01520499 0.15249481
v 0.01476795 -0.01520499 0.16077179
v 0.01995455 -0.01520499 0.16354410
v 0.02558234 0.01995062 0.16525125
v 0.01022187 0.01995062 0.15704090
v 0.01995455 0.01995062 0.16354410
v 0.01476795 0.01995062 0.16077179
v 0.00649097 0.01995062 0.15249481
v 0.00371869 0.01995062 0.14730823
v 0.00201152 0.01995062 0.14168042
v 0.00143507 0.01995062 0.13582771
v 0.00201152 0.01995062 0.12997501
v 0.01022186 0.01995062 0.11461453
v 0.00371870 0.01995062 0.12434721
v 0.00649098 0.01995062 0.11916060
v 0.01476797 0.01995062 0.11088362
v 0.01995456 0.01995062 0.10811134
v 0.02558235 0.01995062 0.10640417
v 0.03143506 0.01995062 0.10582771
v 0.03728776 0.01995062 0.10640417
v 0.04291554 0.01995062 0.10811135
v 0.04810214 0.01995062 0.11088363
v 0.05637912 0.01995062 0.11916060
v 0.05915142 0.01995062 0.12434721
v 0.06085859 0.01995062 0.12997499
v 0.06085859 0.01995062 0.14168042
v 0.05915140 0.01995062 0.14730821
v 0.05637914 0.01995062 0.15249480
v 0.05264825 0.01995062 0.15704091
v 0.04810215 0.01995062 0.16077177
v 0.04291554 0.01995062 0.16354408
v 0.03728775 0.01995062 0.16525124
v 0.02558234 0.01500840 0.16525125
v 0.03143505 0.01500840 0.16582767
v 0.01995455 0.01896219 0.16354410
v 0.03728775 0.01500840 0.16525124
v 0.04291554 0.01500840 0.16354408
v 0.05264825 0.01500840 0.15704091
v 0.04810215 0.01500840 0.16077177
v 0.05637914 0.01500840 0.15249480
v 0.05915140 0.01500840 0.14730821
v 0.06143502 0.01500840 0.13582771
v 0.06085859 0.01500840 0.14168042
v 0.06085859 0.01500840 0.12997499
v 0.05915143 0.01500840 0.12434721
v 0.05264825 0.01500840 0.11461452
v 0.05637912 0.01500840 0.11916060
v 0.04810214 0.01500840 0.11088363
v 0.04291554 0.01500840 0.10811135
v 0.03143506 0.01500840 0.10582771
v 0.03728776 0.01500840 0.10640417
v 0.02558235 0.01500840 0.10640417
v 0.01995456 0.01500840 0.10811134
v 0.01022186 0.01500840 0.11461453
v 0.01476797 0.01500840 0.11088362
v 0.00649098 0.01500840 0.11916060
v 0.00371870 0.01500840 0.12434721
v 0.00143507 0.01500840 0.13582771
v 0.00201152 0.01500840 0.12997501
v 0.00371869 0.01500840 0.14730823
v 0.00371869 0.01500840 0.14730823
v 0.01022187 0.01500840 0.15704090
v 0.00649097 0.01500840 0.15249481
v 0.01476795 0.01500840 0.16077179
v 0.01995455 0.01500840 0.16354410
v 0.01995455 -0.01520499 0.16354410
v 0.02558235 -0.01520499 0.16525125
v 0.03143506 -0.01520499 0.16582767
v 0.03728775 -0.01520498 0.16525124
v 0.04291554 -0.01520498 0.16354408
v 0.04810215 -0.01520498 0.16077177
v 0.05264825 -0.01520498 0.15704091
v 0.05637914 -0.01520498 0.15249480
v 0.06085860 -0.01520498 0.14168042
v 0.06143502 -0.01520498 0.13582771
v 0.06085859 -0.01520498 0.12997499
v 0.05915143 -0.01520498 0.12434721
v 0.05637912 -0.01520498 0.11916060
v 0.05264825 -0.01520498 0.11461452
v 0.04810214 -0.01520498 0.11088363
v 0.03728776 -0.01520498 0.10640417
v 0.03143506 -0.01520499 0.10582771
v 0.02558235 -0.01520499 0.10640417
v 0.01995456 -0.01520499 0.10811134
v 0.01476797 -0.01520499 0.11088362
v 0.01022187 -0.01520499 0.11461453
v 0.00649099 -0.01520499 0.11916060
v 0.00201152 -0.01520499 0.12997501
v 0.00143507 -0.01520499 0.13582771
v 0.00201153 -0.01520499 0.14168042
v 0.00371869 -0.01520499 0.14730823
v 0.00649097 -0.01520499 0.15249481
v 0.01022187 -0.01520499 0.15704090
v 0.01476795 -0.01520499 0.16077179
v 0.06085859 -0.01847497 0.12997499
v 0.02558235 -0.01847497 0.16525125
v 0.01022187 -0.01847497 0.15704090
v 0.01995455 -0.01847497 0.16354410
v 0.01476795 -0.01847497 0.16077179
v 0.00649097 -0.01847497 0.15249481
v 0.00371869 -0.01847497 0.14730823
v 0.00201153 -0.01847497 0.14168042
v 0.00143507 -0.01847497 0.13582771
v 0.00201152 -0.01847497 0.12997501
v 0.01022187 -0.01847497 0.11461453
v 0.00371870 -0.01847497 0.12434721
v 0.00649099 -0.01847497 0.11916060
v 0.01476797 -0.01847497 0.11088362
v 0.01995456 -0.01847497 0.10811134
v 0.02558235 -0.01847497 0.10640417
v 0.03728776 -0.01847497 0.10640417
v 0.04291555 -0.01847497 0.10811135
v 0.04810215 -0.01847497 0.11088363
v 0.05264825 -0.01847497 0.11461452
v 0.05637912 -0.01847497 0.11916060
v 0.05915143 -0.01847497 0.12434721
v 0.06085859 -0.01847497 0.12997499
v 0.06085860 -0.01847497 0.14168042
v 0.05915140 -0.01847497 0.14730821
v 0.05637914 -0.01847497 0.15249480
v 0.05264825 -0.01847497 0.15704091
v 0.04810215 -0.01847497 0.16077177
v 0.04291554 -0.01847497 0.16354408
v 0.03728775 -0.01847497 0.16525124
v 0.00143507 -0.01847497 0.13582771
v 0.05915143 -0.01847497 0.12434721
v 0.00201152 -0.01847497 0.12997501
v 0.05264825 -0.01847497 0.11461452
v 0.00201153 -0.01847497 0.14168042
v 0.05637912 -0.01847497 0.11916060
v 0.02558235 -0.01847497 0.16525125
v 0.00371869 -0.01847497 0.14730823
v 0.04810215 -0.01847497 0.11088363
v 0.03143506 -0.01847497 0.16582767
v 0.01022187 -0.01847497 0.15704090
v 0.04291555 -0.01847497 0.10811135
v 0.03728775 -0.01847497 0.16525124
v 0.00649097 -0.01847497 0.15249481
v 0.03143506 -0.01847497 0.10582771
v 0.04291554 -0.01847497 0.16354408
v 0.01476795 -0.01847497 0.16077179
v 0.03728776 -0.01847497 0.10640417
v 0.05264825 -0.01847497 0.15704091
v 0.01995455 -0.01847497 0.16354410
v 0.02558235 -0.01847497 0.10640417
v 0.04810215 -0.01847497 0.16077177
v 0.01995456 -0.01847497 0.10811134
v 0.05637914 -0.01847497 0.15249480
v 0.01022187 -0.01847497 0.11461453
v 0.05915140 -0.01847497 0.14730821
v 0.01476797 -0.01847497 0.11088362
v 0.06143502 -0.01847497 0.13582771
v 0.00649099 -0.01847497 0.11916060
v 0.06085860 -0.01847497 0.14168042
v 0.00371870 -0.01847497 0.12434721
v 0.01995455 0.01896219 0.16354410
v 0.02558234 0.01896219 0.16525125
v 0.03143505 0.01896219 0.16582767
v 0.03728775 0.01896219 0.16525124
v 0.04291554 0.01896219 0.16354408
v 0.04810215 0.01896219 0.16077177
v 0.05264825 0.01896219 0.15704091
v 0.05637914 0.01896219 0.15249480
v 0.06085859 0.01896219 0.14168042
v 0.06143502 0.01896219 0.13582771
v 0.06085859 0.01896219 0.12997499
v 0.05915142 0.01896219 0.12434721
v 0.05637912 0.01896219 0.11916060
v 0.05264825 0.01896219 0.11461452
v 0.04810214 0.01896219 0.11088363
v 0.03728776 0.01896219 0.10640417
v 0.03143506 0.01896219 0.10582771
v 0.02558235 0.01896219 0.10640417
v 0.01995456 0.01896219 0.10811134
v 0.01476797 0.01896219 0.11088362
v 0.01022186 0.01896219 0.11461453
v 0.00649098 0.01896219 0.11916060
v 0.00201152 0.01896219 0.12997501
v 0.00143507 0.01896219 0.13582771
v 0.00201153 0.01896219 0.14168042
v 0.00371869 0.01896219 0.14730823
v 0.00649097 0.01896219 0.15249481
v 0.01022187 0.01896219 0.15704090
v 0.01476795 0.01896219 0.16077179
v 0.06085859 0.01896219 0.14168042
v 0.01476797 0.01896219 0.11088362
v 0.06085859 0.01896219 0.12997499
v 0.02558234 0.01896219 0.16525125
v 0.00649098 0.01896219 0.11916060
v 0.06143502 0.01896219 0.13582771
v 0.01022186 0.01896219 0.11461453
v 0.05915142 0.01896219 0.12434721
v 0.00371870 0.01896219 0.12434721
v 0.05637912 0.01896219 0.11916060
v 0.03143505 0.01896219 0.16582767
v 0.00201152 0.01896219 0.12997501
v 0.04810214 0.01896219 0.11088363
v 0.00201153 0.01896219 0.14168042
v 0.03728775 0.01896219 0.16525124
v 0.05264825 0.01896219 0.11461452
v 0.00143507 0.01896219 0.13582771
v 0.04291554 0.01896219 0.16354408
v 0.04291554 0.01896219 0.10811135
v 0.00371869 0.01896219 0.14730823
v 0.04810215 0.01896219 0.16077177
v 0.03728776 0.01896219 0.10640417
v 0.05637914 0.01896219 0.15249480
v 0.00649097 0.01896219 0.15249481
v 0.02558235 0.01896219 0.10640417
v 0.01476795 0.01896219 0.16077179
v 0.05264825 0.01896219 0.15704091
v 0.03143506 0.01896219 0.10582771
v 0.01022187 0.01896219 0.15704090
v 0.05915140 0.01896219 0.14730821
v 0.01995456 0.01896219 0.10811134
vt 0.04394143 0.25576350
vt 0.04203099 0.26228589
vt 0.04203099 0.25576350
vt 0.04012072 0.25576350
vt 0.03821021 0.26228589
vt 0.03821021 0.25576350
vt 0.04012072 0.26228589
vt 0.03629970 0.25576350
vt 0.03438889 0.26228589
vt 0.03438889 0.25576350
vt 0.03247869 0.25576350
vt 0.03056818 0.26228589
vt 0.03056818 0.25576350
vt 0.02865767 0.26228589
vt 0.02865767 0.25576350
vt 0.03247869 0.26228589
vt 0.03629970 0.26228589
vt 0.02674680 0.25576350
vt 0.02483654 0.26228589
vt 0.02483654 0.25576350
vt 0.02292609 0.25576350
vt 0.02101558 0.26228589
vt 0.02101558 0.25576350
vt 0.02292609 0.26228589
vt 0.01910477 0.25576350
vt 0.01719439 0.26228589
vt 0.01719439 0.25576350
vt 0.01528406 0.25576350
vt 0.01528406 0.25902471
vt 0.01910477 0.26228589
vt 0.02674680 0.26228589
vt 0.04585224 0.25902471
vt 0.04585224 0.25576350
vt 0.04394143 0.26228589
vt 0.04585224 0.26228589
vt 0.01528406 0.26228589
vt 0.00065677 0.90333462
vt 0.00718516 0.90494090
vt 0.00065677 0.90494090
vt 0.00718516 0.90654731
vt 0.00065677 0.90654731
vt 0.00718516 0.90815359
vt 0.00065677 0.90815359
vt 0.00718516 0.90975988
vt 0.00065677 0.90975988
vt 0.00718516 0.91136628
vt 0.00065677 0.91136628
vt 0.00718516 0.91297263
vt 0.00065677 0.91297263
vt 0.00392097 0.91457897
vt 0.00065677 0.91457897
vt 0.00718516 0.91457897
vt 0.00718516 0.90333462
vt 0.00392097 0.90172821
vt 0.00718516 0.90172821
vt 0.00065677 0.90172821
vt 0.08579480 0.90333462
vt 0.07926630 0.90333462
vt 0.08253055 0.90172821
vt 0.07926630 0.90172821
vt 0.08579480 0.90172821
vt 0.08579480 0.90494090
vt 0.07926630 0.90494090
vt 0.08579480 0.90654731
vt 0.07926630 0.90654731
vt 0.08579480 0.90815359
vt 0.07926630 0.90815359
vt 0.08579480 0.90975988
vt 0.07926630 0.90975988
vt 0.08579480 0.91136628
vt 0.07926630 0.91136628
vt 0.08579480 0.91297263
vt 0.07926630 0.91297263
vt 0.08253055 0.91457897
vt 0.08579480 0.91457897
vt 0.07926630 0.91457897
vt 0.17103760 0.31125221
vt 0.17103760 0.30472991
vt 0.17264239 0.30799100
vt 0.17264239 0.30472991
vt 0.17264239 0.31125221
vt 0.16943280 0.31125221
vt 0.16943280 0.30472991
vt 0.16782799 0.31125221
vt 0.16782799 0.30472991
vt 0.16622309 0.31125221
vt 0.16622309 0.30472991
vt 0.16461830 0.31125221
vt 0.16461830 0.30472991
vt 0.16301350 0.31125221
vt 0.16301350 0.30472991
vt 0.16140860 0.31125221
vt 0.16140860 0.30472991
vt 0.15980379 0.30799100
vt 0.15980379 0.31125221
vt 0.15980379 0.30472991
vt 0.16943280 0.28906071
vt 0.17103760 0.28906071
vt 0.16943280 0.29558301
vt 0.16782799 0.29558301
vt 0.16782799 0.28906071
vt 0.16622309 0.29558301
vt 0.16622309 0.28906071
vt 0.16461830 0.29558301
vt 0.16461830 0.28906071
vt 0.16301350 0.29558301
vt 0.16301350 0.28906071
vt 0.16140860 0.29558301
vt 0.16140860 0.28906071
vt 0.15980379 0.29232180
vt 0.15980379 0.28906071
vt 0.15980379 0.29558301
vt 0.17103760 0.29558301
vt 0.17264239 0.29232180
vt 0.17264239 0.29558301
vt 0.17264239 0.28906071
vt 0.23072299 0.19115870
vt 0.22930349 0.18577421
vt 0.23072299 0.18846640
vt 0.23072299 0.18577421
vt 0.22930349 0.19385090
vt 0.23072299 0.19385090
vt 0.22788391 0.18577421
vt 0.22788391 0.19385090
vt 0.22646450 0.19385090
vt 0.22646450 0.18577421
vt 0.22504500 0.18577421
vt 0.22504500 0.19385090
vt 0.22362550 0.19385090
vt 0.22220591 0.18577421
vt 0.22220591 0.19385090
vt 0.22362550 0.18577421
vt 0.22078650 0.19385090
vt 0.22078650 0.18577421
vt 0.21936700 0.19115870
vt 0.21936700 0.19385090
vt 0.21936700 0.18846640
vt 0.21936700 0.18577421
vt 0.22930349 0.20355280
vt 0.22930349 0.19547591
vt 0.23072299 0.19951440
vt 0.23072299 0.19547591
vt 0.23072299 0.20355280
vt 0.22788391 0.19547591
vt 0.22788391 0.20355280
vt 0.22646450 0.20355280
vt 0.22504500 0.19547591
vt 0.22646450 0.19547591
vt 0.22504500 0.20355280
vt 0.22362550 0.20355280
vt 0.22220591 0.19547591
vt 0.22362550 0.19547591
vt 0.22220591 0.20355280
vt 0.22078650 0.20355280
vt 0.21936700 0.19951440
vt 0.21936700 0.20355280
vt 0.22078650 0.19547591
vt 0.21936700 0.19547591
vt 0.00840622 0.30472991
vt 0.00764197 0.31125221
vt 0.00764197 0.30472991
vt 0.00687772 0.30472991
vt 0.00687772 0.31125221
vt 0.00611353 0.31125221
vt 0.00611353 0.30472991
vt 0.00534934 0.30472991
vt 0.00534934 0.31125221
vt 0.00458521 0.31125221
vt 0.00382101 0.30472991
vt 0.00458521 0.30472991
vt 0.00382101 0.31125221
vt 0.00305664 0.30799100
vt 0.00305664 0.31125221
vt 0.00305664 0.30472991
vt 0.00840622 0.31125221
vt 0.00917041 0.30799100
vt 0.00917041 0.31125221
vt 0.00917041 0.30472991
vt 0.08357006 0.28122601
vt 0.08433425 0.28122601
vt 0.08433425 0.28774831
vt 0.08509850 0.28122601
vt 0.08509850 0.28774831
vt 0.08357006 0.28774831
vt 0.08280587 0.28122601
vt 0.08280587 0.28774831
vt 0.08204168 0.28774831
vt 0.08204168 0.28122601
vt 0.08127748 0.28774831
vt 0.08051323 0.28122601
vt 0.08127748 0.28122601
vt 0.08051323 0.28774831
vt 0.07974904 0.28448719
vt 0.07974904 0.28774831
vt 0.07974904 0.28122601
vt 0.08586269 0.28448719
vt 0.08586269 0.28774831
vt 0.08586269 0.28122601
vt 0.16682801 0.94547790
vt 0.15847901 0.94767892
vt 0.16265360 0.94547790
vt 0.15847901 0.94547790
vt 0.17100270 0.94767892
vt 0.17100270 0.94547790
vt 0.15847901 0.94988000
vt 0.17100270 0.94988000
vt 0.17100270 0.95208102
vt 0.15847901 0.95428210
vt 0.15847901 0.95208102
vt 0.17100270 0.95428210
vt 0.17100270 0.95648319
vt 0.15847901 0.95868421
vt 0.15847901 0.95648319
vt 0.17100270 0.95868421
vt 0.17100270 0.96088529
vt 0.15847901 0.96088529
vt 0.16265360 0.96308643
vt 0.16682801 0.96308643
vt 0.17100270 0.96308643
vt 0.15847901 0.96308643
vt 0.23072299 0.20787010
vt 0.22930349 0.20921621
vt 0.22930349 0.20517790
vt 0.23072299 0.20517790
vt 0.23072299 0.21056239
vt 0.22930349 0.21325460
vt 0.23072299 0.21325460
vt 0.22788391 0.21325460
vt 0.22646450 0.21325460
vt 0.22646450 0.20921621
vt 0.22504500 0.20921621
vt 0.22504500 0.21325460
vt 0.22504500 0.20517790
vt 0.22362550 0.20921621
vt 0.22362550 0.21325460
vt 0.22362550 0.20517790
vt 0.22220591 0.20517790
vt 0.22220591 0.20921621
vt 0.22078650 0.20921621
vt 0.22078650 0.21325460
vt 0.22220591 0.21325460
vt 0.21936700 0.21325460
vt 0.21936700 0.21056239
vt 0.21936700 0.20787010
vt 0.22078650 0.20517790
vt 0.21936700 0.20517790
vt 0.22646450 0.20517790
vt 0.22788391 0.20517790
vt 0.24422760 0.16646220
vt 0.24346329 0.16211399
vt 0.24422760 0.16428810
vt 0.24422760 0.16211399
vt 0.24346329 0.16863631
vt 0.24422760 0.16863631
vt 0.24269921 0.16211399
vt 0.24269921 0.16863631
vt 0.24193500 0.16863631
vt 0.24193500 0.16211399
vt 0.24117079 0.16863631
vt 0.24117079 0.16211399
vt 0.24040660 0.16211399
vt 0.24040660 0.16863631
vt 0.23964240 0.16211399
vt 0.23964240 0.16863631
vt 0.23887810 0.16863631
vt 0.23887810 0.16211399
vt 0.23811390 0.16646220
vt 0.23811390 0.16863631
vt 0.23811390 0.16428810
vt 0.23811390 0.16211399
vt 0.24422760 0.15645351
vt 0.24346329 0.15754050
vt 0.24346329 0.15427940
vt 0.24422760 0.15427940
vt 0.24422760 0.15862760
vt 0.24422760 0.16080169
vt 0.24346329 0.16080169
vt 0.24269921 0.16080169
vt 0.24193500 0.15754050
vt 0.24193500 0.16080169
vt 0.24269921 0.15427940
vt 0.24193500 0.15427940
vt 0.24117079 0.15754050
vt 0.24117079 0.15427940
vt 0.24040660 0.15427940
vt 0.24040660 0.15754050
vt 0.23964240 0.15754050
vt 0.23964240 0.15427940
vt 0.23887810 0.15754050
vt 0.23887810 0.16080169
vt 0.24040660 0.16080169
vt 0.23964240 0.16080169
vt 0.23811390 0.15862760
vt 0.23811390 0.16080169
vt 0.23811390 0.15645351
vt 0.23887810 0.15427940
vt 0.23811390 0.15427940
vt 0.24117079 0.16080169
vt 0.01742357 0.19810469
vt 0.01669782 0.19940680
vt 0.01669782 0.19810469
vt 0.01597172 0.19940680
vt 0.01597172 0.19810469
vt 0.01524585 0.19940680
vt 0.01524585 0.19810469
vt 0.01451987 0.19940680
vt 0.01451987 0.19810469
vt 0.01379358 0.19940680
vt 0.01379358 0.19810469
vt 0.01306790 0.19940680
vt 0.01306790 0.19810469
vt 0.01234155 0.19940680
vt 0.01234155 0.19810469
vt 0.01161587 0.19940680
vt 0.01161587 0.19810469
vt 0.01088958 0.19940680
vt 0.01088958 0.19810469
vt 0.01016390 0.19940680
vt 0.01016390 0.19810469
vt 0.00943792 0.19940680
vt 0.00943792 0.19810469
vt 0.00871187 0.19810469
vt 0.00871187 0.19940680
vt 0.00798589 0.19810469
vt 0.00798589 0.19940680
vt 0.00725990 0.19940680
vt 0.00725990 0.19810469
vt 0.00653386 0.19940680
vt 0.00653386 0.19810469
vt 0.00580794 0.19940680
vt 0.00580794 0.19810469
vt 0.01742357 0.19940680
vt 0.12166420 0.01364243
vt 0.12096110 0.01364243
vt 0.12025800 0.01509428
vt 0.12025800 0.01364243
vt 0.12131260 0.01509428
vt 0.12236720 0.01509428
vt 0.12236720 0.01436853
vt 0.12236720 0.01364243
vt 0.12025800 0.01654618
vt 0.12236720 0.01582050
vt 0.12236720 0.01654618
vt 0.12236720 0.01727253
vt 0.12131260 0.01799821
vt 0.12131260 0.01945048
vt 0.12025800 0.01945048
vt 0.12236720 0.01872450
vt 0.12025800 0.01799821
vt 0.12236720 0.01799821
vt 0.12236720 0.01945048
vt 0.12236720 0.02017647
vt 0.12025800 0.02090245
vt 0.12236720 0.02090245
vt 0.12236720 0.02162832
vt 0.12025800 0.02235448
vt 0.12131260 0.02090245
vt 0.12131260 0.02235448
vt 0.12131260 0.02380645
vt 0.12236720 0.02308017
vt 0.12236720 0.02235448
vt 0.12236720 0.02380645
vt 0.12236720 0.02453213
vt 0.12166420 0.02525842
vt 0.12025800 0.02380645
vt 0.12096110 0.02525842
vt 0.12025800 0.02525842
vt 0.12236720 0.02525842
vt 0.07400786 0.20650271
vt 0.07638436 0.20726690
vt 0.07400786 0.20726690
vt 0.07638436 0.20803110
vt 0.07400786 0.20803110
vt 0.07638436 0.20879529
vt 0.07400786 0.20879529
vt 0.07638436 0.20955950
vt 0.07400786 0.20955950
vt 0.07638436 0.21032371
vt 0.07400786 0.21032371
vt 0.07638436 0.21108800
vt 0.07400786 0.21108800
vt 0.07519608 0.21185210
vt 0.07400786 0.21185210
vt 0.07638436 0.21185210
vt 0.07638436 0.20650271
vt 0.07519608 0.20573850
vt 0.07638436 0.20573850
vt 0.07400786 0.20573850
vt 0.01742357 0.19967499
vt 0.01669782 0.20097721
vt 0.01669782 0.19967499
vt 0.01597172 0.20097721
vt 0.01597172 0.19967499
vt 0.01524585 0.20097721
vt 0.01524585 0.19967499
vt 0.01451987 0.20097721
vt 0.01451987 0.19967499
vt 0.01379358 0.20097721
vt 0.01379358 0.19967499
vt 0.01306790 0.20097721
vt 0.01306790 0.19967499
vt 0.01234155 0.20097721
vt 0.01234155 0.19967499
vt 0.01161587 0.20097721
vt 0.01161587 0.19967499
vt 0.01088958 0.20097721
vt 0.01088958 0.19967499
vt 0.01016390 0.20097721
vt 0.01016390 0.19967499
vt 0.00943792 0.20097721
vt 0.00943792 0.19967499
vt 0.00871187 0.20097721
vt 0.00871187 0.19967499
vt 0.00798589 0.20097721
vt 0.00798589 0.19967499
vt 0.00725990 0.20097721
vt 0.00725990 0.19967499
vt 0.00653386 0.20097721
vt 0.00653386 0.19967499
vt 0.00580794 0.20097721
vt 0.00580794 0.19967499
vt 0.01742357 0.20097721
vt 0.16061740 0.01364243
vt 0.16167191 0.01436853
vt 0.15956271 0.01509428
vt 0.15956271 0.01364243
vt 0.16167191 0.01364243
vt 0.16167191 0.01509428
vt 0.16167191 0.01582050
vt 0.15956271 0.01654624
vt 0.16167191 0.01654618
vt 0.16167191 0.01727253
vt 0.15956271 0.01799821
vt 0.16167191 0.01799821
vt 0.16167191 0.01872450
vt 0.15956271 0.01945048
vt 0.16167191 0.01945048
vt 0.16167191 0.02017647
vt 0.15956271 0.02090245
vt 0.16167191 0.02090245
vt 0.16167191 0.02162832
vt 0.15956271 0.02235448
vt 0.16167191 0.02235448
vt 0.15956271 0.02380645
vt 0.16167191 0.02308017
vt 0.16167191 0.02380645
vt 0.16167191 0.02453213
vt 0.16061740 0.02525842
vt 0.16167191 0.02525842
vt 0.15956271 0.02525842
vt 0.00840622 0.19615871
vt 0.00840622 0.19378211
vt 0.00917041 0.19497040
vt 0.00917041 0.19378211
vt 0.00917041 0.19615871
vt 0.00764197 0.19615871
vt 0.00764197 0.19378211
vt 0.00687772 0.19615871
vt 0.00687772 0.19378211
vt 0.00611353 0.19615871
vt 0.00611353 0.19378211
vt 0.00534934 0.19615871
vt 0.00534934 0.19378211
vt 0.00458521 0.19615871
vt 0.00458521 0.19378211
vt 0.00382101 0.19615871
vt 0.00382101 0.19378211
vt 0.00305664 0.19497040
vt 0.00305664 0.19378211
vt 0.00305664 0.19615871
vt 0.01742357 0.19653431
vt 0.01669782 0.19783650
vt 0.01669782 0.19653431
vt 0.01597172 0.19783650
vt 0.01597172 0.19653431
vt 0.01524585 0.19783650
vt 0.01524585 0.19653431
vt 0.01451987 0.19783650
vt 0.01451987 0.19653431
vt 0.01379358 0.19783650
vt 0.01379358 0.19653431
vt 0.01306790 0.19783650
vt 0.01306790 0.19653431
vt 0.01234155 0.19783650
vt 0.01234155 0.19653431
vt 0.01161587 0.19783650
vt 0.01161587 0.19653431
vt 0.01088958 0.19783650
vt 0.01088958 0.19653431
vt 0.01016390 0.19783650
vt 0.01016390 0.19653431
vt 0.00943792 0.19783650
vt 0.00943792 0.19653431
vt 0.00871187 0.19783650
vt 0.00871187 0.19653431
vt 0.00798589 0.19783650
vt 0.00798589 0.19653431
vt 0.00725990 0.19783650
vt 0.00725990 0.19653431
vt 0.00653386 0.19783650
vt 0.00653386 0.19653431
vt 0.00580794 0.19783650
vt 0.00580794 0.19653431
vt 0.01742357 0.19783650
vt 0.08235937 0.01364243
vt 0.08165627 0.01364243
vt 0.08095318 0.01509428
vt 0.08095318 0.01364243
vt 0.08200782 0.01509428
vt 0.08306246 0.01509428
vt 0.08306246 0.01436853
vt 0.08306246 0.01364243
vt 0.08306246 0.01582050
vt 0.08095318 0.01654618
vt 0.08095318 0.01799821
vt 0.08306246 0.01727253
vt 0.08200782 0.01799821
vt 0.08306246 0.01654618
vt 0.08200782 0.01945048
vt 0.08095318 0.01945048
vt 0.08306246 0.01872450
vt 0.08306246 0.01799821
vt 0.08306246 0.01945048
vt 0.08306246 0.02017647
vt 0.08200782 0.02090245
vt 0.08095318 0.02090245
vt 0.08306246 0.02090245
vt 0.08095318 0.02235448
vt 0.08200782 0.02235448
vt 0.08306246 0.02162832
vt 0.08306246 0.02235448
vt 0.08306246 0.02308017
vt 0.08306246 0.02380645
vt 0.08200782 0.02380645
vt 0.08095318 0.02380645
vt 0.08235937 0.02525842
vt 0.08306246 0.02453213
vt 0.08306246 0.02525842
vt 0.08165627 0.02525842
vt 0.08095318 0.02525842
vt 0.00840622 0.21801010
vt 0.00764197 0.22038659
vt 0.00764197 0.21801010
vt 0.00687772 0.22038659
vt 0.00687772 0.21801010
vt 0.00611353 0.22038659
vt 0.00611353 0.21801010
vt 0.00534934 0.22038659
vt 0.00534934 0.21801010
vt 0.00458521 0.22038659
vt 0.00458521 0.21801010
vt 0.00382101 0.22038659
vt 0.00382101 0.21801010
vt 0.00305664 0.21919841
vt 0.00305664 0.21801010
vt 0.00305664 0.22038659
vt 0.00840622 0.22038659
vt 0.00917041 0.21919841
vt 0.00917041 0.22038659
vt 0.00917041 0.21801010
vt 0.01742357 0.98132408
vt 0.01669782 0.98262632
vt 0.01669782 0.98132408
vt 0.01597172 0.98262632
vt 0.01597172 0.98132408
vt 0.01524585 0.98262632
vt 0.01524585 0.98132408
vt 0.01451987 0.98262632
vt 0.01451987 0.98132408
vt 0.01379358 0.98262632
vt 0.01379358 0.98132408
vt 0.01306790 0.98262632
vt 0.01306790 0.98132408
vt 0.01234155 0.98262632
vt 0.01234155 0.98132408
vt 0.01161587 0.98262632
vt 0.01161587 0.98132408
vt 0.01088958 0.98262632
vt 0.01088958 0.98132408
vt 0.01016390 0.98262632
vt 0.01016390 0.98132408
vt 0.00943792 0.98262632
vt 0.00943792 0.98132408
vt 0.00871187 0.98262632
vt 0.00871187 0.98132408
vt 0.00798589 0.98262632
vt 0.00798589 0.98132408
vt 0.00725990 0.98262632
vt 0.00725990 0.98132408
vt 0.00653386 0.98262632
vt 0.00653386 0.98132408
vt 0.00580794 0.98262632
vt 0.00580794 0.98132408
vt 0.01742357 0.98262632
vt 0.23957850 0.01364243
vt 0.23887540 0.01364243
vt 0.23817229 0.01509428
vt 0.23817229 0.01364243
vt 0.23922689 0.01509428
vt 0.24028160 0.01436853
vt 0.24028160 0.01509428
vt 0.24028160 0.01364243
vt 0.24028160 0.01582050
vt 0.23817229 0.01654618
vt 0.23922689 0.01799821
vt 0.23817229 0.01799821
vt 0.24028160 0.01727253
vt 0.24028160 0.01654624
vt 0.24028160 0.01799821
vt 0.24028160 0.01872450
vt 0.23922689 0.01945048
vt 0.23817229 0.01945048
vt 0.24028160 0.01945048
vt 0.24028160 0.02017647
vt 0.23817229 0.02090245
vt 0.24028160 0.02090245
vt 0.23922689 0.02090245
vt 0.23817229 0.02235448
vt 0.23922689 0.02235448
vt 0.24028160 0.02162832
vt 0.24028160 0.02235448
vt 0.24028160 0.02308017
vt 0.24028160 0.02380645
vt 0.23922689 0.02380645
vt 0.23957850 0.02525842
vt 0.24028160 0.02453213
vt 0.23817229 0.02380645
vt 0.24028160 0.02525842
vt 0.23887540 0.02525842
vt 0.23817229 0.02525842
vt 0.00840622 0.19043940
vt 0.00840622 0.18806291
vt 0.00917041 0.18925110
vt 0.00917041 0.18806291
vt 0.00917041 0.19043940
vt 0.00764197 0.19043940
vt 0.00764197 0.18806291
vt 0.00687772 0.19043940
vt 0.00687772 0.18806291
vt 0.00611353 0.19043940
vt 0.00611353 0.18806291
vt 0.00534934 0.19043940
vt 0.00534934 0.18806291
vt 0.00458521 0.19043940
vt 0.00458521 0.18806291
vt 0.00382101 0.19043940
vt 0.00382101 0.18806291
vt 0.00305664 0.18925110
vt 0.00305664 0.18806291
vt 0.00305664 0.19043940
vt 0.15787520 0.11368680
vt 0.15787520 0.11301800
vt 0.16113640 0.11301800
vt 0.16439749 0.11368680
vt 0.16439749 0.11435540
vt 0.15787520 0.11435540
vt 0.16439749 0.11502410
vt 0.16113640 0.11569280
vt 0.15787520 0.11502410
vt 0.16439749 0.11569280
vt 0.15787520 0.11569280
vt 0.16439749 0.11301800
vt 0.00767028 0.04497998
vt 0.00876611 0.04497998
vt 0.00876611 0.05032438
vt 0.00767028 0.05566847
vt 0.00657457 0.05566847
vt 0.00657457 0.04497998
vt 0.00547880 0.05566847
vt 0.00438303 0.05032438
vt 0.00547880 0.04497998
vt 0.00438303 0.05566847
vt 0.00438303 0.04497998
vt 0.00876611 0.05566847
vt 0.23648480 0.86124229
vt 0.23648480 0.86057359
vt 0.23974600 0.86057359
vt 0.24300709 0.86124229
vt 0.24300709 0.86191088
vt 0.23648480 0.86191088
vt 0.24300709 0.86257970
vt 0.23974600 0.86324841
vt 0.23648480 0.86257970
vt 0.24300709 0.86324841
vt 0.23648480 0.86324841
vt 0.24300709 0.86057359
vt 0.15141730 0.46395171
vt 0.15246931 0.46395171
vt 0.15246931 0.46908250
vt 0.15141730 0.47421330
vt 0.15036520 0.47421330
vt 0.15036520 0.46395171
vt 0.14931320 0.47421330
vt 0.14826110 0.46908250
vt 0.14931320 0.46395171
vt 0.14826110 0.47421330
vt 0.14826110 0.46395171
vt 0.15246931 0.47421330
vt 0.16408230 0.16994859
vt 0.16331799 0.17647091
vt 0.16331799 0.16994859
vt 0.16255391 0.16994859
vt 0.16255391 0.17647091
vt 0.16178970 0.17647091
vt 0.16178970 0.16994859
vt 0.16102549 0.17647091
vt 0.16026130 0.16994859
vt 0.16102549 0.16994859
vt 0.16026130 0.17647091
vt 0.15949710 0.17647091
vt 0.15949710 0.16994859
vt 0.15873280 0.17320970
vt 0.15873280 0.17647091
vt 0.15873280 0.16994859
vt 0.16408230 0.17647091
vt 0.16484649 0.17320970
vt 0.16484649 0.17647091
vt 0.16484649 0.16994859
vt 0.00717837 0.45441431
vt 0.00065614 0.45441431
vt 0.00391722 0.45365000
vt 0.00065614 0.45365000
vt 0.00717837 0.45365000
vt 0.00065614 0.45517841
vt 0.00717837 0.45517841
vt 0.00717837 0.45594260
vt 0.00065614 0.45594260
vt 0.00717837 0.45670679
vt 0.00065614 0.45670679
vt 0.00065614 0.45747101
vt 0.00717837 0.45747101
vt 0.00717837 0.45823529
vt 0.00065614 0.45823529
vt 0.00065614 0.45899951
vt 0.00717837 0.45899951
vt 0.00391722 0.45976371
vt 0.00065614 0.45976371
vt 0.00717837 0.45976371
vt 0.08393698 0.16994859
vt 0.08470124 0.16994859
vt 0.08470124 0.17647091
vt 0.08393698 0.17647091
vt 0.08317279 0.17647091
vt 0.08317279 0.16994859
vt 0.08546543 0.17320970
vt 0.08546543 0.16994859
vt 0.08546543 0.17647091
vt 0.08240860 0.17647091
vt 0.08164441 0.16994859
vt 0.08240860 0.16994859
vt 0.08164441 0.17647091
vt 0.08088022 0.17647091
vt 0.08011597 0.16994859
vt 0.08088022 0.16994859
vt 0.08011597 0.17647091
vt 0.07935178 0.17320970
vt 0.07935178 0.17647091
vt 0.07935178 0.16994859
vt 0.16408230 0.16863631
vt 0.16408230 0.16211399
vt 0.16484649 0.16428810
vt 0.16484649 0.16211399
vt 0.16484649 0.16646220
vt 0.16484649 0.16863631
vt 0.16331799 0.16863631
vt 0.16255391 0.16211399
vt 0.16331799 0.16211399
vt 0.16255391 0.16863631
vt 0.16178970 0.16863631
vt 0.16178970 0.16211399
vt 0.16102549 0.16863631
vt 0.16026130 0.16211399
vt 0.16102549 0.16211399
vt 0.16026130 0.16863631
vt 0.15949710 0.16863631
vt 0.15949710 0.16211399
vt 0.15873280 0.16428810
vt 0.15873280 0.16646220
vt 0.15873280 0.16863631
vt 0.15873280 0.16211399
vt 0.09695690 0.36246711
vt 0.09897530 0.36389029
vt 0.09695690 0.36389029
vt 0.09897530 0.36531350
vt 0.09695690 0.36531350
vt 0.09897530 0.36673671
vt 0.09695690 0.36673671
vt 0.09897530 0.36815989
vt 0.09695690 0.36815989
vt 0.09897530 0.36958310
vt 0.09695690 0.36958310
vt 0.09897530 0.37100640
vt 0.09695690 0.37100640
vt 0.09897530 0.37242961
vt 0.09695690 0.37242961
vt 0.09897530 0.37385279
vt 0.09695690 0.37385279
vt 0.09897530 0.37527600
vt 0.09695690 0.37527600
vt 0.09897530 0.37669921
vt 0.09695690 0.37669921
vt 0.09897530 0.37812239
vt 0.09695690 0.37812239
vt 0.09897530 0.37954560
vt 0.09695690 0.37954560
vt 0.09897530 0.38096881
vt 0.09695690 0.38096881
vt 0.09897530 0.38239211
vt 0.09695690 0.38239211
vt 0.09897530 0.38381520
vt 0.09695690 0.38381520
vt 0.09897530 0.38523850
vt 0.09695690 0.38523850
vt 0.09897530 0.36246711
vt 0.30149651 0.94547790
vt 0.30305731 0.94657838
vt 0.30149651 0.94657838
vt 0.30305731 0.94767892
vt 0.30149651 0.94767892
vt 0.30305731 0.94877952
vt 0.30149651 0.94877952
vt 0.30305731 0.94988000
vt 0.30149651 0.94988000
vt 0.30305731 0.95098048
vt 0.30149651 0.95098048
vt 0.30305731 0.95208102
vt 0.30149651 0.95208102
vt 0.30305731 0.95318162
vt 0.30149651 0.95318162
vt 0.30305731 0.95428210
vt 0.30149651 0.95428210
vt 0.30305731 0.95538270
vt 0.30149651 0.95538270
vt 0.30305731 0.95648319
vt 0.30149651 0.95648319
vt 0.30305731 0.95758373
vt 0.30149651 0.95758373
vt 0.30305731 0.95868421
vt 0.30149651 0.95868421
vt 0.30305731 0.95978481
vt 0.30149651 0.95978481
vt 0.30305731 0.96088529
vt 0.30149651 0.96088529
vt 0.30305731 0.96198583
vt 0.30149651 0.96198583
vt 0.30305731 0.96308643
vt 0.30149651 0.96308643
vt 0.30305731 0.94547790
vt 0.23473001 0.22782530
vt 0.22983980 0.22918300
vt 0.22983980 0.22782530
vt 0.22494949 0.22918300
vt 0.22494949 0.22782530
vt 0.22005939 0.22918300
vt 0.22005939 0.22782530
vt 0.21516921 0.22918300
vt 0.21516921 0.22782530
vt 0.21027900 0.22918300
vt 0.21027900 0.22782530
vt 0.20538880 0.22918300
vt 0.20538880 0.22782530
vt 0.20049860 0.22918300
vt 0.20049860 0.22782530
vt 0.19560830 0.22918300
vt 0.19560830 0.22782530
vt 0.19071810 0.22918300
vt 0.19071810 0.22782530
vt 0.18582790 0.22918300
vt 0.18582790 0.22782530
vt 0.18093771 0.22918300
vt 0.18093771 0.22782530
vt 0.17604750 0.22918300
vt 0.17604750 0.22782530
vt 0.17115730 0.22918300
vt 0.17115730 0.22782530
vt 0.16626699 0.22918300
vt 0.16626699 0.22782530
vt 0.16137689 0.22918300
vt 0.16137689 0.22782530
vt 0.15648670 0.22918300
vt 0.15648670 0.22782530
vt 0.15159640 0.22918300
vt 0.15159640 0.22782530
vt 0.14670619 0.22918300
vt 0.14670619 0.22782530
vt 0.14181601 0.22918300
vt 0.14181601 0.22782530
vt 0.13692580 0.22918300
vt 0.13692580 0.22782530
vt 0.13203560 0.22918300
vt 0.13203560 0.22782530
vt 0.12714539 0.22918300
vt 0.12714539 0.22782530
vt 0.12225520 0.22918300
vt 0.12225520 0.22782530
vt 0.11736500 0.22918300
vt 0.11736500 0.22782530
vt 0.11247470 0.22918300
vt 0.11247470 0.22782530
vt 0.10758460 0.22918300
vt 0.10758460 0.22782530
vt 0.10269440 0.22918300
vt 0.10269440 0.22782530
vt 0.09780418 0.22918300
vt 0.09780418 0.22782530
vt 0.09291398 0.22918300
vt 0.09291398 0.22782530
vt 0.08802378 0.22918300
vt 0.08802378 0.22782530
vt 0.08313351 0.22918300
vt 0.08313351 0.22782530
vt 0.07824331 0.22918300
vt 0.07824331 0.22782530
vt 0.23473001 0.22918300
vt 0.08313351 0.22391270
vt 0.07824331 0.22531649
vt 0.07824331 0.22391270
vt 0.08313351 0.22531649
vt 0.08802378 0.22391270
vt 0.08802378 0.22531649
vt 0.09291398 0.22391270
vt 0.09291398 0.22531649
vt 0.09780418 0.22391270
vt 0.09780418 0.22531649
vt 0.10269440 0.22391270
vt 0.10269440 0.22531649
vt 0.10758460 0.22391270
vt 0.10758460 0.22531649
vt 0.11247470 0.22391270
vt 0.11247470 0.22531649
vt 0.11736500 0.22391270
vt 0.11736500 0.22531649
vt 0.12225520 0.22391270
vt 0.12225520 0.22531649
vt 0.12714539 0.22531649
vt 0.13203560 0.22391270
vt 0.13203560 0.22531649
vt 0.12714539 0.22391270
vt 0.13692580 0.22391270
vt 0.13692580 0.22531649
vt 0.14181601 0.22391270
vt 0.14181601 0.22531649
vt 0.14670619 0.22391270
vt 0.14670619 0.22531649
vt 0.15159640 0.22391270
vt 0.15159640 0.22531649
vt 0.15648670 0.22531649
vt 0.15648670 0.22391270
vt 0.16137689 0.22531649
vt 0.16626699 0.22531649
vt 0.16137689 0.22391270
vt 0.16626699 0.22391270
vt 0.17115730 0.22531649
vt 0.17115730 0.22391270
vt 0.17604750 0.22531649
vt 0.17604750 0.22391270
vt 0.18093771 0.22391270
vt 0.18093771 0.22531649
vt 0.18582790 0.22391270
vt 0.18582790 0.22531649
vt 0.19071810 0.22391270
vt 0.19560830 0.22391270
vt 0.19071810 0.22531649
vt 0.19560830 0.22531649
vt 0.20049860 0.22391270
vt 0.20049860 0.22531649
vt 0.20538880 0.22391270
vt 0.20538880 0.22531649
vt 0.21027900 0.22391270
vt 0.21027900 0.22531649
vt 0.21516921 0.22391270
vt 0.21516921 0.22531649
vt 0.22005939 0.22391270
vt 0.22005939 0.22531649
vt 0.22494949 0.22531649
vt 0.22494949 0.22391270
vt 0.22983980 0.22531649
vt 0.22983980 0.22391270
vt 0.23473001 0.22531649
vt 0.23473001 0.22391270
vt 0.28839490 0.94547790
vt 0.28995571 0.94657838
vt 0.28839490 0.94657838
vt 0.28995571 0.94767892
vt 0.28839490 0.94767892
vt 0.28995571 0.94877952
vt 0.28839490 0.94877952
vt 0.28995571 0.94988000
vt 0.28839490 0.94988000
vt 0.28995571 0.95098048
vt 0.28839490 0.95098048
vt 0.28995571 0.95208102
vt 0.28839490 0.95208102
vt 0.28995571 0.95318162
vt 0.28839490 0.95318162
vt 0.28995571 0.95428210
vt 0.28839490 0.95428210
vt 0.28995571 0.95538270
vt 0.28839490 0.95538270
vt 0.28995571 0.95648319
vt 0.28839490 0.95648319
vt 0.28995571 0.95758373
vt 0.28839490 0.95758373
vt 0.28995571 0.95868421
vt 0.28839490 0.95868421
vt 0.28995571 0.95978481
vt 0.28839490 0.95978481
vt 0.28995571 0.96088529
vt 0.28839490 0.96088529
vt 0.28995571 0.96198583
vt 0.28839490 0.96198583
vt 0.28995571 0.96308643
vt 0.28839490 0.96308643
vt 0.28995571 0.94547790
vt 0.10905070 0.36246711
vt 0.11106910 0.36389029
vt 0.10905070 0.36389029
vt 0.11106910 0.36531350
vt 0.10905070 0.36531350
vt 0.11106910 0.36673671
vt 0.10905070 0.36673671
vt 0.11106910 0.36815989
vt 0.10905070 0.36815989
vt 0.11106910 0.36958310
vt 0.10905070 0.36958310
vt 0.11106910 0.37100640
vt 0.10905070 0.37100640
vt 0.11106910 0.37242961
vt 0.10905070 0.37242961
vt 0.11106910 0.37385279
vt 0.10905070 0.37385279
vt 0.11106910 0.37527600
vt 0.10905070 0.37527600
vt 0.11106910 0.37669921
vt 0.10905070 0.37669921
vt 0.11106910 0.37812239
vt 0.10905070 0.37812239
vt 0.11106910 0.37954560
vt 0.10905070 0.37954560
vt 0.11106910 0.38096881
vt 0.10905070 0.38096881
vt 0.11106910 0.38239211
vt 0.10905070 0.38239211
vt 0.11106910 0.38381520
vt 0.10905070 0.38381520
vt 0.11106910 0.38523850
vt 0.10905070 0.38523850
vt 0.11106910 0.36246711
vt 0.23473001 0.15180360
vt 0.22983980 0.15316141
vt 0.22983980 0.15180360
vt 0.22494949 0.15316141
vt 0.22494949 0.15180360
vt 0.22005939 0.15316141
vt 0.22005939 0.15180360
vt 0.21516921 0.15316141
vt 0.21516921 0.15180360
vt 0.21027900 0.15316141
vt 0.21027900 0.15180360
vt 0.20538880 0.15316141
vt 0.20538880 0.15180360
vt 0.20049860 0.15316141
vt 0.20049860 0.15180360
vt 0.19560830 0.15316141
vt 0.19560830 0.15180360
vt 0.19071810 0.15316141
vt 0.19071810 0.15180360
vt 0.18582790 0.15316141
vt 0.18582790 0.15180360
vt 0.18093771 0.15316141
vt 0.18093771 0.15180360
vt 0.17604750 0.15316141
vt 0.17604750 0.15180360
vt 0.17115730 0.15316141
vt 0.17115730 0.15180360
vt 0.16626699 0.15316141
vt 0.16626699 0.15180360
vt 0.16137689 0.15316141
vt 0.16137689 0.15180360
vt 0.15648670 0.15316141
vt 0.15648670 0.15180360
vt 0.15159640 0.15316141
vt 0.15159640 0.15180360
vt 0.14670619 0.15316141
vt 0.14670619 0.15180360
vt 0.14181601 0.15316141
vt 0.14181601 0.15180360
vt 0.13692580 0.15316141
vt 0.13692580 0.15180360
vt 0.13203560 0.15316141
vt 0.13203560 0.15180360
vt 0.12714539 0.15316141
vt 0.12714539 0.15180360
vt 0.12225520 0.15316141
vt 0.12225520 0.15180360
vt 0.11736500 0.15316141
vt 0.11736500 0.15180360
vt 0.11247470 0.15316141
vt 0.11247470 0.15180360
vt 0.10758460 0.15316141
vt 0.10758460 0.15180360
vt 0.10269440 0.15316141
vt 0.10269440 0.15180360
vt 0.09780418 0.15316141
vt 0.09780418 0.15180360
vt 0.09291398 0.15316141
vt 0.09291398 0.15180360
vt 0.08802378 0.15316141
vt 0.08802378 0.15180360
vt 0.08313351 0.15316141
vt 0.08313351 0.15180360
vt 0.07824331 0.15316141
vt 0.07824331 0.15180360
vt 0.23473001 0.15316141
vt 0.08802378 0.26308581
vt 0.08313351 0.26448950
vt 0.08313351 0.26308581
vt 0.07824331 0.26308581
vt 0.09291398 0.26308581
vt 0.08802378 0.26448950
vt 0.09291398 0.26448950
vt 0.09780418 0.26448950
vt 0.10269440 0.26308581
vt 0.10269440 0.26448950
vt 0.09780418 0.26308581
vt 0.10758460 0.26308581
vt 0.10758460 0.26448950
vt 0.11247470 0.26308581
vt 0.11247470 0.26448950
vt 0.11736500 0.26308581
vt 0.11736500 0.26448950
vt 0.12225520 0.26448950
vt 0.12225520 0.26308581
vt 0.12714539 0.26308581
vt 0.12714539 0.26448950
vt 0.13203560 0.26308581
vt 0.13203560 0.26448950
vt 0.13692580 0.26448950
vt 0.13692580 0.26308581
vt 0.14181601 0.26308581
vt 0.14181601 0.26448950
vt 0.14670619 0.26308581
vt 0.14670619 0.26448950
vt 0.15159640 0.26308581
vt 0.15159640 0.26448950
vt 0.15648670 0.26308581
vt 0.15648670 0.26448950
vt 0.16137689 0.26308581
vt 0.16137689 0.26448950
vt 0.16626699 0.26308581
vt 0.16626699 0.26448950
vt 0.17115730 0.26308581
vt 0.17115730 0.26448950
vt 0.17604750 0.26308581
vt 0.17604750 0.26448950
vt 0.18093771 0.26308581
vt 0.18093771 0.26448950
vt 0.18582790 0.26308581
vt 0.18582790 0.26448950
vt 0.19071810 0.26308581
vt 0.19071810 0.26448950
vt 0.19560830 0.26308581
vt 0.19560830 0.26448950
vt 0.20049860 0.26308581
vt 0.20049860 0.26448950
vt 0.20538880 0.26448950
vt 0.20538880 0.26308581
vt 0.21027900 0.26448950
vt 0.21027900 0.26308581
vt 0.21516921 0.26448950
vt 0.22005939 0.26448950
vt 0.21516921 0.26308581
vt 0.22494949 0.26448950
vt 0.22005939 0.26308581
vt 0.22983980 0.26448950
vt 0.22494949 0.26308581
vt 0.23473001 0.26448950
vt 0.22983980 0.26308581
vt 0.23473001 0.26308581
vt 0.07824331 0.26448950
vt 0.02598291 0.40657979
vt 0.02435868 0.41310209
vt 0.02435868 0.40657979
vt 0.02273494 0.41310209
vt 0.02273494 0.40657979
vt 0.02111113 0.41310209
vt 0.02111113 0.40657979
vt 0.01948720 0.41310209
vt 0.01948720 0.40657979
vt 0.01786327 0.41310209
vt 0.01786327 0.40657979
vt 0.01623934 0.41310209
vt 0.01623934 0.40657979
vt 0.01461511 0.41310209
vt 0.01461511 0.40657979
vt 0.01299113 0.41310209
vt 0.01299113 0.40657979
vt 0.02598291 0.41310209
vt 0.02598291 0.39874521
vt 0.02435868 0.40526751
vt 0.02435868 0.39874521
vt 0.02273494 0.40526751
vt 0.02273494 0.39874521
vt 0.02111113 0.40526751
vt 0.02111113 0.39874521
vt 0.01948720 0.40526751
vt 0.01948720 0.39874521
vt 0.01786327 0.40526751
vt 0.01786327 0.39874521
vt 0.01623934 0.40526751
vt 0.01623934 0.39874521
vt 0.01461511 0.40526751
vt 0.01461511 0.39874521
vt 0.01299113 0.40526751
vt 0.01299113 0.39874521
vt 0.02598291 0.40526751
vt 0.02521872 0.99934387
vt 0.02521872 0.99282151
vt 0.02751106 0.99608272
vt 0.02751106 0.99282151
vt 0.02751106 0.99934387
vt 0.02292609 0.99934387
vt 0.02292609 0.99282151
vt 0.02063328 0.99934387
vt 0.02063328 0.99282151
vt 0.01834088 0.99934387
vt 0.01834088 0.99282151
vt 0.01604825 0.99934387
vt 0.01604825 0.99282151
vt 0.01375550 0.99934387
vt 0.01375550 0.99282151
vt 0.01146274 0.99934387
vt 0.01146274 0.99282151
vt 0.00917041 0.99608272
vt 0.00917041 0.99934387
vt 0.00917041 0.99282151
vt 0.03073704 0.35042530
vt 0.02547889 0.34716401
vt 0.03073704 0.34390289
vt 0.02547889 0.34390289
vt 0.02547889 0.35042530
vt 0.03599464 0.34390289
vt 0.03599464 0.35042530
vt 0.04125279 0.34390289
vt 0.04125279 0.35042530
vt 0.04651039 0.34390289
vt 0.04651039 0.35042530
vt 0.05176854 0.34390289
vt 0.05176854 0.35042530
vt 0.05702614 0.34390289
vt 0.05702614 0.35042530
vt 0.06228429 0.34390289
vt 0.06228429 0.35042530
vt 0.06754219 0.34390289
vt 0.06754219 0.35042530
vt 0.07176357 0.34390289
vt 0.07176357 0.35042530
vt 0.07598495 0.34390289
vt 0.07598495 0.35042530
vt 0.08020633 0.34390289
vt 0.08020633 0.35042530
vt 0.08442771 0.35042530
vt 0.08442771 0.34390289
vt 0.08864909 0.35042530
vt 0.09287053 0.35042530
vt 0.08864909 0.34390289
vt 0.09287053 0.34390289
vt 0.09709191 0.34390289
vt 0.09709191 0.35042530
vt 0.10131330 0.34390289
vt 0.10131330 0.35042530
vt 0.10553470 0.34390289
vt 0.10553470 0.35042530
vt 0.10975610 0.35042530
vt 0.10975610 0.34390289
vt 0.11397740 0.34390289
vt 0.11397740 0.35042530
vt 0.11819880 0.34390289
vt 0.11819880 0.35042530
vt 0.12242020 0.34390289
vt 0.12242020 0.35042530
vt 0.12664160 0.34390289
vt 0.12664160 0.35042530
vt 0.13086300 0.35042530
vt 0.13508441 0.35042530
vt 0.13086300 0.34390289
vt 0.13508441 0.34390289
vt 0.17795999 0.19663119
vt 0.17132030 0.19663119
vt 0.17464019 0.19429730
vt 0.17132030 0.19429730
vt 0.17795999 0.19429730
vt 0.17795999 0.19896510
vt 0.17132030 0.19896510
vt 0.17795999 0.20129900
vt 0.17132030 0.20129900
vt 0.17795999 0.20363291
vt 0.17132030 0.20363291
vt 0.17795999 0.20596680
vt 0.17132030 0.20596680
vt 0.17795999 0.20830069
vt 0.17132030 0.20830069
vt 0.17795999 0.21063460
vt 0.17132030 0.21063460
vt 0.17464019 0.21296850
vt 0.17795999 0.21296850
vt 0.17132030 0.21296850
vt 0.05273008 0.32823369
vt 0.05502241 0.33149490
vt 0.05273008 0.33475599
vt 0.05502241 0.32823369
vt 0.05502241 0.33475599
vt 0.05043745 0.33475599
vt 0.05043745 0.32823369
vt 0.04814457 0.33475599
vt 0.04814457 0.32823369
vt 0.04585224 0.33475599
vt 0.04585224 0.32823369
vt 0.04355961 0.33475599
vt 0.04355961 0.32823369
vt 0.04126673 0.33475599
vt 0.04126673 0.32823369
vt 0.03897440 0.33475599
vt 0.03897440 0.32823369
vt 0.03668177 0.33475599
vt 0.03668177 0.32823369
vt 0.03438889 0.33475599
vt 0.03438889 0.32823369
vt 0.03209656 0.33475599
vt 0.03209656 0.32823369
vt 0.02980393 0.33475599
vt 0.02980393 0.32823369
vt 0.02751106 0.33475599
vt 0.02751106 0.32823369
vt 0.02521872 0.33475599
vt 0.02521872 0.32823369
vt 0.02292609 0.33475599
vt 0.02292609 0.32823369
vt 0.02063328 0.33475599
vt 0.02063328 0.32823369
vt 0.01834088 0.33149490
vt 0.01834088 0.33475599
vt 0.01834088 0.32823369
vt 0.02547889 0.33932939
vt 0.02547889 0.33606830
vt 0.03040570 0.33606830
vt 0.03073704 0.34259060
vt 0.02547889 0.34259060
vt 0.03542166 0.33606830
vt 0.03599464 0.34259060
vt 0.04052972 0.33606830
vt 0.04125279 0.34259060
vt 0.04573225 0.33606830
vt 0.04651039 0.34259060
vt 0.05103224 0.33606830
vt 0.05176854 0.34259060
vt 0.05643177 0.33606830
vt 0.05702614 0.34259060
vt 0.06193417 0.33606830
vt 0.06228429 0.34259060
vt 0.06754219 0.33606830
vt 0.06754219 0.34259060
vt 0.07176357 0.33606830
vt 0.07176357 0.34259060
vt 0.07598495 0.33606830
vt 0.07598495 0.34259060
vt 0.08020633 0.33606830
vt 0.08020633 0.34259060
vt 0.08442771 0.33606830
vt 0.08442771 0.34259060
vt 0.08864909 0.33606830
vt 0.08864909 0.34259060
vt 0.09287053 0.33606830
vt 0.09287053 0.34259060
vt 0.09709191 0.33606830
vt 0.09709191 0.34259060
vt 0.10131330 0.33606830
vt 0.10131330 0.34259060
vt 0.10553470 0.33606830
vt 0.10553470 0.34259060
vt 0.10975610 0.33606830
vt 0.10975610 0.34259060
vt 0.11397740 0.33606830
vt 0.11397740 0.34259060
vt 0.11819880 0.34259060
vt 0.12242020 0.34259060
vt 0.11819880 0.33606830
vt 0.12242020 0.33606830
vt 0.12664160 0.34259060
vt 0.13086300 0.34259060
vt 0.12664160 0.33606830
vt 0.13508441 0.34259060
vt 0.13086300 0.33606830
vt 0.13508441 0.33606830
vt 0.36178941 0.59237951
vt 0.36178941 0.56784391
vt 0.38717160 0.56784391
vt 0.38717160 0.54330832
vt 0.41255400 0.54330832
vt 0.40942490 0.59431690
vt 0.38717160 0.59237951
vt 0.41255400 0.56784391
vt 0.41186380 0.59317970
vt 0.40711370 0.59598058
vt 0.40509781 0.59814852
vt 0.40353531 0.60072982
vt 0.40254021 0.60357338
vt 0.40215629 0.60649568
vt 0.40235230 0.60931832
vt 0.38717160 0.64145070
vt 0.40303791 0.61189991
vt 0.40849280 0.62676048
vt 0.36762470 0.64120251
vt 0.37759280 0.63111180
vt 0.37871641 0.63093197
vt 0.41255400 0.66598618
vt 0.41394779 0.64162099
vt 0.38717160 0.66598618
vt 0.37195310 0.65299398
vt 0.38071501 0.62819052
vt 0.38053349 0.62707788
vt 0.37969440 0.63035542
vt 0.38043109 0.62937760
vt 0.37482411 0.62913281
vt 0.37540650 0.63010120
vt 0.37639391 0.63083071
vt 0.36329630 0.62941092
vt 0.37286380 0.62317431
vt 0.37304530 0.62428701
vt 0.35896799 0.61761951
vt 0.37363821 0.62590218
vt 0.37423119 0.62751752
vt 0.35790211 0.60465372
vt 0.37486240 0.62043279
vt 0.35627091 0.60524082
vt 0.35463959 0.60582793
vt 0.37388441 0.62100953
vt 0.37314770 0.62198722
vt 0.37718490 0.62053418
vt 0.37875471 0.62223208
vt 0.37817231 0.62126368
vt 0.37598601 0.62025303
vt 0.37964410 0.62465501
vt 0.35730919 0.60303837
vt 0.35671631 0.60142320
vt 0.35508499 0.60201031
vt 0.34919211 0.59098762
vt 0.35345379 0.60259742
vt 0.34493041 0.57937777
vt 0.34066871 0.56776798
vt 0.33640710 0.55615830
vt 0.33966959 0.55498397
vt 0.34107569 0.55422831
vt 0.34223169 0.55301642
vt 0.34293681 0.55150270
vt 0.36178941 0.54330832
vt 0.34312129 0.54992920
vt 0.34299380 0.54666620
vt 0.34286639 0.54340309
vt 0.35467240 0.53159833
vt 0.36647850 0.51979351
vt 0.37828460 0.50798881
vt 0.41576141 0.52118140
vt 0.38210851 0.50456440
vt 0.38631570 0.50155979
vt 0.41603240 0.51911861
vt 0.39083260 0.49903411
vt 0.39557391 0.49702880
vt 0.41673481 0.51711142
vt 0.39959621 0.49578080
vt 0.41783771 0.51528931
vt 0.40385550 0.49487230
vt 0.40831089 0.49435040
vt 0.41926071 0.51375902
vt 0.41291031 0.49425581
vt 0.42089209 0.51258463
vt 0.41759151 0.49462020
vt 0.42261371 0.51178181
vt 0.42228469 0.49546331
vt 0.42445400 0.51130259
vt 0.42691511 0.49679101
vt 0.42646620 0.51116562
vt 0.43140659 0.49859330
vt 0.42854941 0.51143390
vt 0.43568620 0.50084549
vt 0.43057650 0.51212949
vt 0.43968731 0.50350791
vt 0.43241671 0.51322162
vt 0.43396211 0.51463062
vt 0.44335371 0.50652897
vt 0.43514809 0.51624602
vt 0.44664171 0.50984848
vt 0.43595880 0.51795071
vt 0.44952181 0.51340061
vt 0.43644279 0.51977313
vt 0.45197859 0.51711780
vt 0.43658110 0.52176547
vt 0.45401031 0.52093440
vt 0.43631011 0.52382833
vt 0.45562699 0.52478898
vt 0.45714620 0.52978712
vt 0.43560770 0.52583557
vt 0.43450481 0.52765763
vt 0.45811510 0.53513461
vt 0.43793631 0.54330832
vt 0.43793631 0.56784391
vt 0.42587629 0.53178132
vt 0.45245600 0.56334138
vt 0.45844600 0.54074538
vt 0.45807019 0.54650772
vt 0.45694551 0.55229020
vt 0.45506430 0.55794930
vt 0.42788851 0.53164428
vt 0.42972881 0.53116512
vt 0.43145040 0.53036231
vt 0.43308181 0.52918792
vt 0.44918641 0.56833392
vt 0.44833869 0.56962818
vt 0.44766250 0.57102621
vt 0.44717479 0.57249337
vt 0.44688320 0.57399249
vt 0.44687161 0.57694107
vt 0.43793631 0.59237951
vt 0.44751659 0.57962328
vt 0.44677100 0.59268522
vt 0.44622579 0.59293938
vt 0.44735381 0.59253353
vt 0.44799101 0.59249008
vt 0.44865069 0.59257507
vt 0.45336121 0.59554529
vt 0.45036471 0.59358728
vt 0.44987530 0.59314108
vt 0.44929260 0.59279531
vt 0.45099691 0.59463871
vt 0.45074019 0.59409893
vt 0.45119411 0.59584677
vt 0.45115021 0.59521580
vt 0.44780421 0.59901839
vt 0.45110819 0.59649998
vt 0.45008591 0.59819722
vt 0.44460109 0.59566182
vt 0.44650260 0.59871322
vt 0.44464490 0.59629267
vt 0.44714451 0.59893340
vt 0.43622431 0.61677951
vt 0.45920581 0.61146730
vt 0.44844130 0.59897500
vt 0.44902420 0.59882331
vt 0.44956931 0.59856898
vt 0.44591990 0.59836727
vt 0.43076929 0.60191888
vt 0.44167921 0.63164002
vt 0.42962080 0.59950387
vt 0.44479820 0.59686983
vt 0.44505489 0.59740961
vt 0.44543049 0.59792107
vt 0.42794070 0.59721547
vt 0.42575130 0.59521931
vt 0.42314440 0.59367222
vt 0.42027271 0.59268677
vt 0.41732150 0.59230667
vt 0.41447091 0.59250081
vt 0.46505031 0.62738931
vt 0.44713411 0.64650053
vt 0.47089490 0.64331132
vt 0.45258901 0.66136098
vt 0.47673950 0.65923321
vt 0.47298390 0.66761392
vt 0.47526559 0.66679269
vt 0.47462851 0.66683608
vt 0.47404560 0.66698778
vt 0.47714990 0.66744381
vt 0.47656721 0.66709793
vt 0.47592530 0.66687769
vt 0.47763929 0.66789001
vt 0.47350049 0.66724211
vt 0.47801489 0.66840148
vt 0.47827160 0.66894132
vt 0.48258400 0.67515522
vt 0.47218400 0.66867560
vt 0.47253329 0.66809851
vt 0.47207281 0.67117238
vt 0.47196159 0.66931111
vt 0.47191960 0.67059529
vt 0.45804399 0.67622161
vt 0.47187570 0.66996437
vt 0.45872959 0.67880321
vt 0.47232959 0.67171222
vt 0.47270510 0.67222381
vt 0.47319451 0.67267001
vt 0.47377720 0.67301577
vt 0.45892560 0.68162590
vt 0.47441909 0.67323601
vt 0.45854169 0.68454808
vt 0.47507879 0.67332101
vt 0.47675619 0.70247370
vt 0.47172329 0.70306331
vt 0.45754650 0.68739170
vt 0.46691179 0.70408952
vt 0.46236810 0.70549917
vt 0.45598409 0.68997300
vt 0.45396820 0.69214088
vt 0.45165709 0.69380462
vt 0.45797059 0.70730758
vt 0.44921821 0.69494188
vt 0.45361671 0.70958012
vt 0.44661090 0.69562078
vt 0.44937611 0.71232831
vt 0.44080910 0.69543469
vt 0.44376040 0.69581491
vt 0.44532380 0.71554983
vt 0.43793741 0.69444931
vt 0.44153690 0.71922761
vt 0.43533060 0.69290221
vt 0.41255400 0.71505737
vt 0.43314120 0.69090611
vt 0.43146110 0.68861753
vt 0.43031251 0.68620253
vt 0.42485759 0.67134202
vt 0.41940269 0.65648150
vt 0.39359489 0.71195138
vt 0.40243351 0.69554299
vt 0.40118581 0.72256869
vt 0.40443209 0.69280148
vt 0.40177879 0.72418398
vt 0.40237170 0.72579932
vt 0.40341151 0.69496632
vt 0.40414819 0.69398862
vt 0.41255400 0.73959303
vt 0.43248379 0.73259109
vt 0.43505311 0.72780418
vt 0.43809029 0.72332871
vt 0.43042761 0.73761511
vt 0.42891300 0.74279451
vt 0.42795110 0.74804407
vt 0.40676299 0.74782437
vt 0.42753541 0.75328040
vt 0.41058990 0.75824988
vt 0.40293610 0.73739898
vt 0.42764339 0.75842500
vt 0.41441691 0.76867539
vt 0.42025051 0.76959288
vt 0.42823881 0.76340872
vt 0.42155159 0.76997483
vt 0.42274761 0.77070802
vt 0.42927521 0.76817298
vt 0.42370170 0.77173138
vt 0.42432749 0.77292371
vt 0.43069890 0.77267212
vt 0.43252510 0.77702647
vt 0.42498949 0.77472711
vt 0.42702529 0.77958113
vt 0.43482020 0.78133768
vt 0.43759540 0.78553683
vt 0.42958370 0.78438711
vt 0.43267751 0.78906798
vt 0.44084889 0.78954941
vt 0.43630421 0.79354101
vt 0.44456321 0.79329920
vt 0.44044471 0.79772121
vt 0.44870481 0.79671198
vt 0.45322451 0.79971951
vt 0.44506159 0.80152547
vt 0.45010009 0.80487818
vt 0.45805880 0.80226350
vt 0.45548910 0.80771422
vt 0.46313259 0.80429959
vt 0.46114510 0.80998391
vt 0.46836320 0.80579931
vt 0.46697590 0.81165570
vt 0.47366479 0.80675179
vt 0.47288591 0.81271738
vt 0.47895291 0.80716342
vt 0.47878081 0.81317627
vt 0.48457259 0.81305718
vt 0.48414850 0.80705649
vt 0.49018309 0.81239992
vt 0.48918140 0.80646688
vt 0.49554679 0.81125587
vt 0.49399289 0.80544072
vt 0.50061190 0.80968440
vt 0.50551391 0.80766863
vt 0.49853671 0.80403101
vt 0.50293398 0.80222273
vt 0.51036751 0.80513531
vt 0.50728798 0.79995012
vt 0.51509482 0.80207181
vt 0.51152861 0.79720199
vt 0.51961201 0.79848057
vt 0.51558089 0.79398042
vt 0.52383351 0.79438061
vt 0.51936781 0.79030257
vt 0.52767563 0.78980893
vt 0.52281439 0.78620148
vt 0.53106141 0.78481990
vt 0.52585173 0.78172600
vt 0.53392547 0.77948368
vt 0.52842093 0.77693921
vt 0.53621757 0.77388310
vt 0.53047711 0.77191508
vt 0.53790611 0.76810950
vt 0.53199172 0.76673567
vt 0.53897828 0.76225728
vt 0.53295362 0.76148611
vt 0.53944170 0.75642031
vt 0.53336930 0.75624990
vt 0.53932142 0.75068521
vt 0.53326130 0.75110519
vt 0.53266591 0.74612159
vt 0.53865761 0.74512970
vt 0.53162950 0.74135733
vt 0.53750229 0.73981857
vt 0.53020591 0.73685813
vt 0.53591520 0.73480308
vt 0.52837962 0.73250377
vt 0.53342360 0.72900862
vt 0.52608460 0.72819251
vt 0.53018183 0.72330350
vt 0.52330917 0.72399342
vt 0.52617568 0.71782237
vt 0.52142298 0.71270847
vt 0.52005577 0.71998078
vt 0.51634163 0.71623111
vt 0.51597750 0.70810473
vt 0.51219988 0.71281821
vt 0.50768012 0.70981067
vt 0.50992900 0.70414209
vt 0.50284582 0.70726669
vt 0.49777201 0.70523059
vt 0.50339961 0.70092922
vt 0.49653611 0.69854259
vt 0.49254140 0.70373088
vt 0.49377871 0.69738978
vt 0.48723981 0.70277840
vt 0.49141231 0.69562608
vt 0.48960900 0.69344479
vt 0.48195180 0.70236683
vt 0.48842859 0.69107717
vt 0.39910910 0.72697347
vt 0.40074041 0.72638643
vt 0.40130991 0.69572282
vt 0.39912361 0.69471210
vt 0.40011099 0.69544160
vt 0.38926661 0.70016003
vt 0.39765179 0.69132078
vt 0.39854121 0.69374371
vt 0.38493821 0.68836838
vt 0.38060981 0.67657691
vt 0.39760160 0.68562043
vt 0.39676240 0.68889791
vt 0.39658090 0.68778533
vt 0.39686480 0.68659818
vt 0.39857951 0.68504381
vt 0.39970320 0.68486398
vt 0.40188950 0.68587470
vt 0.40090200 0.68514508
vt 0.40247181 0.68684298
vt 0.40336120 0.68926591
vt 0.40425059 0.69168878
vt 0.37628141 0.66478550
vt 0.39955461 0.72315580
vt 0.39792329 0.72374302
vt 0.47571599 0.67327762
vt 0.47629881 0.67312592
vt 0.47736061 0.67249978
vt 0.47684401 0.67287171
vt 0.47838289 0.67080259
vt 0.47781119 0.67201519
vt 0.47816050 0.67143822
vt 0.47842491 0.66951841
vt 0.47846869 0.67014933
vt 0.45053661 0.59771258
vt 0.45088580 0.59713560
vt 0.44570920 0.59331131
vt 0.44468701 0.59500861
vt 0.44490930 0.59437293
vt 0.44525859 0.59379590
vt 0.42379311 0.53151298
vt 0.42176601 0.53081739
vt 0.41992581 0.52972531
vt 0.41838041 0.52831632
vt 0.41719440 0.52670091
vt 0.41638371 0.52499622
vt 0.41589981 0.52317381
vt 0.00000000 0.00000000
vt 0.00000000 0.00000000
vt 0.00000000 0.00000000
vt 0.00000000 0.00000000
vt 0.00000000 0.00000000
vt 0.00000000 0.00000000
vt 0.00000000 0.00000000
vt 0.00000000 0.00000000
vt 0.00000000 0.00000000
vt 0.00000000 0.00000000
vt 0.00000000 0.00000000
vt 0.00000000 0.00000000
vt 0.00000000 0.00000000
vt 0.00000000 0.00000000
vt 0.00000000 0.00000000
vt 0.00000000 0.00000000
vt 0.00000000 0.00000000
vt 0.00000000 0.00000000
vt 0.00000000 0.00000000
vt 0.00000000 0.00000000
vt 0.00000000 0.00000000
vt 0.00000000 0.00000000
vt 0.00000000 0.00000000
vt 0.00000000 0.00000000
vt 0.00000000 0.00000000
vt 0.00000000 0.00000000
vt 0.00000000 0.00000000
vt 0.00000000 0.00000000
vt 0.00000000 0.00000000
vt 0.00000000 0.00000000
vt 0.00000000 0.00000000
vt 0.00000000 0.00000000
vt 0.36411461 0.06086117
vt 0.37718651 0.06086117
vt 0.37718651 0.08732128
vt 0.39025840 0.08732128
vt 0.39025840 0.11378100
vt 0.36411461 0.08732128
vt 0.37718651 0.11378100
vt 0.36411461 0.11378100
vt 0.37718651 0.14024080
vt 0.39025840 0.14024080
vt 0.36411461 0.14024080
vt 0.39025840 0.16670060
vt 0.37718651 0.16670060
vt 0.36411461 0.16670060
vt 0.37718651 0.19316040
vt 0.39025840 0.19316040
vt 0.40333030 0.19316040
vt 0.40333030 0.21962020
vt 0.39025840 0.21962020
vt 0.40333030 0.16670060
vt 0.40743539 0.17381591
vt 0.41640210 0.21962020
vt 0.41640210 0.19316040
vt 0.40986621 0.17546800
vt 0.40801749 0.17470220
vt 0.40890381 0.17528440
vt 0.41082850 0.17528440
vt 0.41171491 0.17470220
vt 0.41229701 0.17381591
vt 0.41248050 0.17285350
vt 0.41640210 0.16670060
vt 0.41229701 0.17189120
vt 0.41171491 0.17100480
vt 0.41082850 0.17042260
vt 0.40986621 0.17023900
vt 0.40890381 0.17042260
vt 0.40801749 0.17100480
vt 0.40743539 0.17189120
vt 0.40725181 0.17285350
vt 0.41640210 0.14024080
vt 0.42947400 0.15296750
vt 0.42947400 0.17205299
vt 0.42947400 0.19113860
vt 0.42947400 0.21022411
vt 0.42947400 0.22930960
vt 0.41640210 0.24607991
vt 0.42947400 0.24839520
vt 0.42947400 0.26748070
vt 0.41640210 0.27253971
vt 0.42947400 0.28656629
vt 0.42947400 0.30565190
vt 0.42685959 0.30565190
vt 0.42424521 0.30565190
vt 0.41640210 0.29899949
vt 0.42328289 0.30583540
vt 0.42239660 0.30641761
vt 0.42181450 0.30730391
vt 0.42163089 0.30826631
vt 0.41640210 0.32545930
vt 0.42181450 0.30922869
vt 0.42239660 0.31011501
vt 0.42328289 0.31069720
vt 0.42947400 0.32775530
vt 0.42424521 0.31088069
vt 0.41509491 0.34054920
vt 0.42685959 0.31088069
vt 0.42947400 0.31088069
vt 0.42947400 0.34462979
vt 0.41491139 0.34151161
vt 0.42947400 0.36150429
vt 0.41204479 0.37837881
vt 0.41432920 0.34239790
vt 0.42947400 0.37837881
vt 0.41344291 0.34298009
vt 0.39810151 0.36007759
vt 0.41063190 0.34239790
vt 0.41151819 0.34298009
vt 0.41248050 0.34316370
vt 0.39782611 0.36152121
vt 0.39461571 0.37837881
vt 0.39273641 0.36372399
vt 0.39140701 0.36285070
vt 0.37718651 0.37837881
vt 0.39417991 0.36399931
vt 0.39695290 0.36285070
vt 0.39562351 0.36372399
vt 0.36411461 0.36007759
vt 0.37718651 0.35191911
vt 0.39025840 0.36007759
vt 0.36383921 0.36152121
vt 0.36296600 0.36285070
vt 0.39053369 0.36152121
vt 0.35975730 0.37837881
vt 0.36163649 0.36372399
vt 0.36019301 0.36399931
vt 0.34232810 0.37837881
vt 0.35654679 0.36152121
vt 0.35742000 0.36285070
vt 0.35874951 0.36372399
vt 0.34374100 0.34239790
vt 0.35627151 0.36007759
vt 0.34285471 0.34298009
vt 0.34189239 0.34316370
vt 0.34004369 0.34239790
vt 0.34093001 0.34298009
vt 0.32489890 0.36150429
vt 0.32489890 0.37837881
vt 0.34432319 0.34151161
vt 0.35654679 0.35863411
vt 0.34450680 0.34054920
vt 0.35742000 0.35730460
vt 0.35104269 0.32545930
vt 0.35874951 0.35643131
vt 0.36411461 0.32545930
vt 0.36019301 0.35615590
vt 0.35104269 0.29899949
vt 0.36411461 0.29899949
vt 0.37718651 0.32545930
vt 0.36296600 0.35730460
vt 0.36163649 0.35643131
vt 0.36383921 0.35863411
vt 0.37718651 0.29899949
vt 0.39025840 0.32545930
vt 0.36411461 0.27253971
vt 0.37718651 0.27253971
vt 0.39025840 0.29899949
vt 0.36411461 0.24607991
vt 0.37718651 0.24607991
vt 0.39025840 0.27253971
vt 0.39025840 0.24607991
vt 0.40333030 0.27253971
vt 0.40333030 0.29899949
vt 0.40333030 0.24607991
vt 0.40725181 0.23560050
vt 0.40986621 0.23821500
vt 0.40743539 0.23656289
vt 0.40890381 0.23803140
vt 0.40801749 0.23744920
vt 0.41082850 0.23803140
vt 0.41171491 0.23744920
vt 0.41229701 0.23656289
vt 0.41248050 0.23560050
vt 0.41229701 0.23463820
vt 0.41171491 0.23375180
vt 0.41082850 0.23316960
vt 0.40986621 0.23298600
vt 0.40890381 0.23316960
vt 0.40801749 0.23375180
vt 0.40743539 0.23463820
vt 0.40333030 0.32545930
vt 0.41151819 0.33811831
vt 0.39562351 0.35643131
vt 0.41004971 0.33958691
vt 0.41063190 0.33870050
vt 0.40986621 0.34054920
vt 0.39695290 0.35730460
vt 0.39417991 0.35615590
vt 0.39273641 0.35643131
vt 0.39140701 0.35730460
vt 0.39053369 0.35863411
vt 0.39782611 0.35863411
vt 0.41004971 0.34151161
vt 0.41248050 0.33793470
vt 0.41344291 0.33811831
vt 0.41432920 0.33870050
vt 0.41491139 0.33958691
vt 0.37718651 0.21962020
vt 0.36411461 0.21962020
vt 0.36411461 0.19316040
vt 0.35104269 0.16670060
vt 0.35104269 0.19316040
vt 0.35104269 0.14024080
vt 0.33797079 0.16670060
vt 0.34450680 0.17023900
vt 0.34693751 0.17381591
vt 0.34635541 0.17100480
vt 0.34546909 0.17042260
vt 0.34712109 0.17285350
vt 0.34693751 0.17189120
vt 0.34635541 0.17470220
vt 0.34546909 0.17528440
vt 0.34450680 0.17546800
vt 0.33797079 0.19316040
vt 0.34354439 0.17528440
vt 0.33797079 0.21962020
vt 0.32489890 0.21022411
vt 0.35104269 0.21962020
vt 0.32489890 0.17205299
vt 0.34207591 0.17381591
vt 0.34265810 0.17470220
vt 0.32489890 0.19113860
vt 0.34693751 0.23463820
vt 0.34635541 0.23375180
vt 0.34546909 0.23316960
vt 0.34450680 0.23298600
vt 0.34712109 0.23560050
vt 0.35104269 0.24607991
vt 0.34693751 0.23656289
vt 0.34635541 0.23744920
vt 0.34546909 0.23803140
vt 0.35104269 0.27253971
vt 0.33797079 0.24607991
vt 0.34450680 0.23821500
vt 0.34354439 0.23803140
vt 0.34265810 0.23744920
vt 0.34207591 0.23656289
vt 0.34189239 0.23560050
vt 0.34207591 0.23463820
vt 0.34265810 0.23375180
vt 0.34354439 0.23316960
vt 0.32489890 0.22930960
vt 0.33797079 0.27253971
vt 0.32489890 0.26748070
vt 0.32489890 0.24839520
vt 0.32489890 0.28656629
vt 0.33012769 0.30565190
vt 0.32751331 0.30565190
vt 0.33109000 0.30583540
vt 0.32489890 0.30565190
vt 0.33797079 0.29899949
vt 0.33197629 0.30641761
vt 0.33255851 0.30730391
vt 0.33274201 0.30826631
vt 0.33797079 0.32545930
vt 0.33255851 0.30922869
vt 0.33197629 0.31011501
vt 0.33109000 0.31069720
vt 0.33012769 0.31088069
vt 0.32489890 0.32775530
vt 0.33927801 0.34054920
vt 0.32489890 0.31088069
vt 0.32751331 0.31088069
vt 0.32489890 0.34462979
vt 0.33946151 0.34151161
vt 0.33946151 0.33958691
vt 0.34004369 0.33870050
vt 0.34093001 0.33811831
vt 0.34189239 0.33793470
vt 0.34285471 0.33811831
vt 0.34374100 0.33870050
vt 0.34432319 0.33958691
vt 0.32489890 0.15296750
vt 0.32489890 0.13388190
vt 0.33797079 0.14024080
vt 0.33197629 0.11403050
vt 0.33797079 0.11378100
vt 0.33109000 0.11461280
vt 0.33012769 0.11479640
vt 0.32751331 0.11479640
vt 0.32489890 0.11479640
vt 0.33255851 0.11314430
vt 0.33274201 0.11218190
vt 0.33255851 0.11121950
vt 0.33797079 0.08732128
vt 0.33197629 0.11033320
vt 0.33109000 0.10975100
vt 0.33012769 0.10956750
vt 0.32489890 0.09077602
vt 0.32489890 0.07198458
vt 0.32751331 0.10956750
vt 0.32489890 0.10956750
vt 0.33797079 0.06086117
vt 0.32489890 0.05319315
vt 0.35104269 0.08732128
vt 0.34232810 0.03440171
vt 0.34076869 0.05704385
vt 0.32489890 0.03440171
vt 0.34319961 0.06062060
vt 0.34058520 0.05800586
vt 0.34223720 0.06043708
vt 0.34076869 0.05896854
vt 0.34135091 0.05985486
vt 0.34416190 0.06043708
vt 0.34504819 0.05985486
vt 0.35482800 0.05898427
vt 0.35627151 0.05925989
vt 0.35771501 0.05898427
vt 0.35904440 0.05811125
vt 0.35991770 0.05678153
vt 0.36019301 0.05533820
vt 0.35991770 0.05389446
vt 0.35975730 0.03440171
vt 0.35904440 0.05256485
vt 0.35771501 0.05169183
vt 0.35627151 0.05141621
vt 0.35482800 0.05169183
vt 0.35349849 0.05256485
vt 0.35262519 0.05389446
vt 0.34563041 0.05704385
vt 0.35234991 0.05533820
vt 0.34504819 0.05615741
vt 0.34416190 0.05557531
vt 0.34319961 0.05539155
vt 0.34223720 0.05557531
vt 0.34135091 0.05615741
vt 0.34581390 0.05800586
vt 0.35262519 0.05678153
vt 0.34563041 0.05896854
vt 0.35349849 0.05811125
vt 0.37718651 0.03440171
vt 0.39025840 0.06086117
vt 0.39461571 0.03440171
vt 0.40333030 0.06086117
vt 0.39810151 0.05925989
vt 0.39445531 0.05389446
vt 0.39417991 0.05533820
vt 0.39445531 0.05678153
vt 0.39665800 0.05898427
vt 0.39532849 0.05811125
vt 0.39954501 0.05898427
vt 0.40087441 0.05811125
vt 0.40174770 0.05678153
vt 0.40202299 0.05533820
vt 0.41640210 0.06086117
vt 0.40174770 0.05389446
vt 0.41204479 0.03440171
vt 0.42239660 0.11033320
vt 0.41640210 0.11378100
vt 0.41378769 0.09199416
vt 0.42947400 0.03440171
vt 0.42947400 0.05319315
vt 0.42947400 0.07198458
vt 0.41360420 0.09103178
vt 0.41302210 0.09014546
vt 0.41213569 0.08956325
vt 0.42947400 0.09077602
vt 0.41117340 0.08937966
vt 0.41021100 0.08956325
vt 0.42181450 0.11121950
vt 0.42328289 0.10975100
vt 0.42424521 0.10956750
vt 0.42685959 0.10956750
vt 0.42947400 0.10956750
vt 0.42163089 0.11218190
vt 0.42181450 0.11314430
vt 0.42239660 0.11403050
vt 0.42328289 0.11461280
vt 0.42947400 0.13388190
vt 0.42424521 0.11479640
vt 0.42685959 0.11479640
vt 0.42947400 0.11479640
vt 0.41360420 0.09295654
vt 0.41302210 0.09384286
vt 0.41213569 0.09442502
vt 0.41117340 0.09460860
vt 0.41021100 0.09442502
vt 0.40932471 0.09384286
vt 0.40333030 0.11378100
vt 0.40874261 0.09295654
vt 0.40333030 0.08732128
vt 0.40855899 0.09199416
vt 0.40932471 0.09014546
vt 0.40874261 0.09103178
vt 0.40333030 0.14024080
vt 0.40087441 0.05256485
vt 0.39954501 0.05169183
vt 0.39810151 0.05141621
vt 0.39665800 0.05169183
vt 0.39532849 0.05256485
vt 0.35104269 0.11378100
vt 0.34189239 0.17285350
vt 0.34207591 0.17189120
vt 0.34265810 0.17100480
vt 0.34354439 0.17042260
vt 0.80519652 0.16015939
vt 0.80174530 0.13135929
vt 0.82973999 0.13135929
vt 0.82973999 0.10466700
vt 0.85773468 0.10466700
vt 0.82973999 0.15805160
vt 0.85773468 0.13135929
vt 0.80250663 0.15892211
vt 0.80774552 0.16196930
vt 0.80996883 0.16432780
vt 0.81169212 0.16713600
vt 0.81278968 0.17022941
vt 0.81321311 0.17340860
vt 0.81299692 0.17647929
vt 0.82973999 0.21143630
vt 0.81224072 0.17928800
vt 0.80622441 0.19545481
vt 0.80020797 0.21162160
vt 0.80174530 0.23812860
vt 0.79419172 0.22778840
vt 0.78817528 0.24395519
vt 0.78215891 0.26012200
vt 0.80174530 0.29151329
vt 0.78089207 0.26274931
vt 0.77976418 0.31058830
vt 0.77693051 0.30538049
vt 0.77358061 0.30051169
vt 0.81070298 0.26730099
vt 0.81101620 0.26859239
vt 0.81297553 0.30319941
vt 0.81362951 0.30144209
vt 0.80174530 0.31820560
vt 0.81290728 0.27028349
vt 0.81182867 0.26965621
vt 0.82265562 0.28813431
vt 0.81428337 0.29968491
vt 0.76977932 0.29605010
vt 0.77374917 0.26909369
vt 0.77662438 0.26741049
vt 0.77903908 0.26523900
vt 0.81788182 0.30096230
vt 0.81608260 0.30032361
vt 0.81546891 0.27017319
vt 0.82742947 0.27530631
vt 0.81414658 0.27047899
vt 0.81720030 0.26832610
vt 0.81818122 0.26569021
vt 0.81090331 0.26609060
vt 0.81655800 0.26937959
vt 0.81188422 0.26345471
vt 0.81916207 0.26305431
vt 0.81286508 0.26081881
vt 0.81350738 0.25976530
vt 0.81904918 0.26055241
vt 0.81459647 0.25897160
vt 0.81936240 0.26184389
vt 0.83220333 0.26247829
vt 0.81591880 0.25866580
vt 0.81823671 0.25948870
vt 0.83697718 0.24965020
vt 0.82973999 0.23812860
vt 0.84175098 0.23682231
vt 0.81715810 0.25886130
vt 0.84652489 0.22399430
vt 0.85129881 0.21116631
vt 0.84030479 0.20018861
vt 0.85607260 0.19833830
vt 0.84271610 0.19908909
vt 0.84162700 0.19988281
vt 0.83906549 0.19999310
vt 0.83798683 0.19936571
vt 0.83717430 0.19830200
vt 0.83686119 0.19701050
vt 0.83706141 0.19580010
vt 0.84335840 0.19803570
vt 0.83804232 0.19316420
vt 0.84401238 0.19627839
vt 0.84466630 0.19452110
vt 0.83902317 0.19052830
vt 0.84532028 0.19276389
vt 0.83966547 0.18947481
vt 0.84552038 0.19155340
vt 0.84207678 0.18837540
vt 0.84439480 0.18919830
vt 0.84520727 0.19026200
vt 0.86084652 0.18551020
vt 0.84331608 0.18857090
vt 0.86202198 0.17140479
vt 0.86382121 0.17204350
vt 0.85773468 0.15805160
vt 0.86267602 0.16964750
vt 0.87632883 0.14390710
vt 0.86332989 0.16789030
vt 0.87162852 0.15653740
vt 0.86512911 0.16852900
vt 0.86692822 0.16916759
vt 0.88102913 0.13127670
vt 0.87930542 0.11522850
vt 0.88058031 0.11654690
vt 0.88213110 0.11736890
vt 0.88572937 0.11864650
vt 0.87852770 0.11358170
vt 0.87832421 0.11186980
vt 0.87841791 0.10950320
vt 0.87851161 0.10713670
vt 0.87860531 0.10477010
vt 0.86558408 0.09192764
vt 0.85256302 0.07908517
vt 0.83954179 0.06624275
vt 0.83510607 0.06234592
vt 0.80746108 0.08531969
vt 0.80783689 0.08686941
vt 0.80759662 0.08832198
vt 0.80551893 0.09053850
vt 0.80393231 0.09090554
vt 0.80682588 0.08958613
vt 0.80244511 0.09067088
vt 0.80519170 0.08329039
vt 0.80370462 0.08305579
vt 0.79671723 0.06556010
vt 0.82047302 0.05431932
vt 0.80648613 0.08404326
vt 0.80211788 0.08342278
vt 0.79604512 0.07877784
vt 0.79539949 0.07695811
vt 0.79594642 0.06682431
vt 0.79629421 0.08064794
vt 0.80081099 0.08437514
vt 0.79616702 0.08245426
vt 0.80004019 0.08563935
vt 0.79572231 0.08410638
vt 0.79497713 0.08565187
vt 0.79979998 0.08709186
vt 0.79388702 0.08711636
vt 0.80017573 0.08864158
vt 0.79246670 0.08839374
vt 0.80115080 0.08991807
vt 0.80174530 0.10466700
vt 0.79077542 0.08938384
vt 0.78453243 0.09749549
vt 0.78891218 0.09001445
vt 0.78415662 0.09594577
vt 0.78699762 0.09025770
vt 0.78318149 0.09466934
vt 0.77881342 0.09404885
vt 0.78221440 0.10116460
vt 0.77673572 0.09626543
vt 0.77687120 0.09926766
vt 0.77784628 0.10054420
vt 0.77375060 0.13135929
vt 0.77914059 0.10129700
vt 0.78062773 0.10153160
vt 0.78352141 0.10021220
vt 0.78429210 0.09894806
vt 0.77649540 0.09771794
vt 0.77375060 0.07797467
vt 0.77805340 0.08486735
vt 0.77750641 0.09500122
vt 0.77906710 0.08651930
vt 0.78037500 0.08790659
vt 0.78039998 0.09368187
vt 0.78187442 0.08897125
vt 0.78345668 0.08969908
vt 0.78188717 0.09391647
vt 0.78514820 0.09013348
vt 0.77740782 0.08304768
vt 0.77715868 0.08117753
vt 0.77728587 0.07937121
vt 0.77773070 0.07771915
vt 0.77847582 0.07617366
vt 0.77341270 0.07618618
vt 0.77264190 0.07745039
vt 0.77365291 0.07473367
vt 0.77100778 0.07115465
vt 0.77133501 0.07840275
vt 0.76974827 0.07876974
vt 0.76826108 0.07853513
vt 0.76662701 0.07223933
vt 0.76793391 0.07128703
vt 0.76585621 0.07350355
vt 0.76777560 0.06465470
vt 0.77181929 0.06136775
vt 0.76952058 0.07091999
vt 0.76599181 0.07650583
vt 0.77327722 0.07318395
vt 0.77230209 0.07190746
vt 0.78267747 0.07244169
vt 0.78098631 0.07343178
vt 0.77956587 0.07470917
vt 0.77623230 0.05847156
vt 0.78892052 0.06432998
vt 0.78454071 0.07181107
vt 0.78929633 0.06587970
vt 0.78645527 0.07156783
vt 0.79027140 0.06715619
vt 0.78830469 0.07169204
vt 0.79156572 0.06790906
vt 0.78999621 0.07212644
vt 0.79157847 0.07285428
vt 0.79305291 0.06814366
vt 0.79307801 0.07391893
vt 0.79438579 0.07530623
vt 0.79463953 0.06777662
vt 0.79658169 0.06255787
vt 0.79123843 0.06066066
vt 0.78993148 0.06161326
vt 0.79282510 0.06029391
vt 0.79101300 0.05261600
vt 0.78590602 0.05406033
vt 0.78095222 0.05602145
vt 0.78916079 0.06287747
vt 0.79618931 0.05169898
vt 0.79431230 0.06052821
vt 0.79560661 0.06128138
vt 0.80135232 0.05130255
vt 0.80642498 0.05140537
vt 0.81133902 0.05197334
vt 0.79695737 0.06410759
vt 0.81603670 0.05296134
vt 0.76696682 0.07778227
vt 0.75826287 0.07617425
vt 0.76561600 0.07495605
vt 0.76097262 0.07213032
vt 0.75602210 0.08032631
vt 0.75423908 0.08451980
vt 0.75256348 0.08995717
vt 0.75149488 0.09577482
vt 0.75112981 0.10187870
vt 0.75154442 0.10814760
vt 0.75278479 0.11443830
vt 0.75485963 0.12059500
vt 0.75773638 0.12646110
vt 0.76134253 0.13189229
vt 0.76295179 0.13465120
vt 0.76349998 0.13619509
vt 0.76384890 0.13780640
vt 0.76398772 0.13944790
vt 0.76391578 0.14108039
vt 0.77375060 0.15805160
vt 0.76318407 0.14417420
vt 0.76004303 0.15936570
vt 0.75673801 0.16149570
vt 0.76058269 0.15888020
vt 0.76193339 0.15826429
vt 0.76122540 0.15850399
vt 0.76460779 0.15866080
vt 0.76400650 0.15838429
vt 0.76336372 0.15821920
vt 0.76266098 0.15817200
vt 0.76517761 0.15906540
vt 0.76618242 0.16293660
vt 0.76567447 0.15959260
vt 0.76635140 0.16230880
vt 0.76630509 0.16091169
vt 0.76639980 0.16162241
vt 0.76605982 0.16022030
vt 0.76589930 0.16352390
vt 0.76430261 0.16494200
vt 0.78165507 0.16842970
vt 0.75934559 0.16050950
vt 0.76548499 0.16408040
vt 0.76494533 0.16456580
vt 0.76286697 0.16527420
vt 0.76152152 0.16506180
vt 0.76359463 0.16518161
vt 0.77563882 0.18459649
vt 0.75029200 0.17881730
vt 0.76962239 0.20076320
vt 0.76360601 0.21693000
vt 0.74384582 0.19613890
vt 0.73739970 0.21346040
vt 0.75758958 0.23309679
vt 0.73095357 0.23078200
vt 0.73509568 0.23989929
vt 0.73597789 0.24105421
vt 0.73559272 0.24042650
vt 0.73622322 0.24174580
vt 0.75157332 0.24926370
vt 0.75081712 0.25207219
vt 0.73581737 0.24435790
vt 0.73610061 0.24377050
vt 0.73626959 0.24314280
vt 0.73631787 0.24245641
vt 0.73540318 0.24491440
vt 0.75060087 0.25514299
vt 0.73486340 0.24539980
vt 0.73422080 0.24577610
vt 0.73351282 0.24601570
vt 0.73208243 0.24606089
vt 0.73143971 0.24589580
vt 0.72926378 0.24134339
vt 0.72954690 0.24075620
vt 0.73392469 0.23921821
vt 0.73026860 0.24521470
vt 0.72914112 0.24336830
vt 0.72909480 0.24197130
vt 0.72450751 0.24810360
vt 0.72996122 0.24019970
vt 0.73257911 0.23900589
vt 0.73328191 0.23905310
vt 0.73452592 0.23949480
vt 0.73114359 0.23933800
vt 0.73185152 0.23909840
vt 0.73050088 0.23971429
vt 0.72904640 0.24265771
vt 0.73278522 0.24610810
vt 0.71806139 0.26542521
vt 0.73083842 0.24561919
vt 0.72938639 0.24405980
vt 0.72977161 0.24468739
vt 0.73093522 0.27782351
vt 0.72520483 0.27770719
vt 0.71675950 0.26800090
vt 0.71937251 0.27815491
vt 0.71352518 0.27919111
vt 0.71216059 0.27229261
vt 0.71477062 0.27037391
vt 0.70911938 0.27354679
vt 0.70775622 0.28082269
vt 0.70154959 0.27614310
vt 0.70216030 0.28303769
vt 0.69434822 0.27963850
vt 0.69682842 0.28580540
vt 0.68767720 0.28394940
vt 0.69184351 0.28907731
vt 0.68727559 0.29279011
vt 0.68167120 0.28895789
vt 0.68317902 0.29686949
vt 0.67642927 0.29452130
vt 0.67959070 0.30123481
vt 0.67201078 0.30048421
vt 0.67652982 0.30580300
vt 0.66843551 0.30669090
vt 0.67399848 0.31049320
vt 0.66568732 0.31299469
vt 0.67198431 0.31523031
vt 0.66393691 0.31845111
vt 0.67041409 0.32012489
vt 0.66266268 0.32422900
vt 0.66927111 0.32530811
vt 0.66193062 0.33027291
vt 0.66861439 0.33072981
vt 0.66849530 0.33632669
vt 0.66179788 0.33651200
vt 0.66895378 0.34202319
vt 0.66230899 0.34286231
vt 0.67001468 0.34773430
vt 0.66349161 0.34922871
vt 0.67168522 0.35336891
vt 0.66535378 0.35550991
vt 0.67395300 0.35883459
vt 0.67678672 0.36404219
vt 0.66788191 0.36160290
vt 0.67104071 0.36740810
vt 0.68013650 0.36891121
vt 0.67477500 0.37283570
vt 0.68393779 0.37337270
vt 0.67901248 0.37780920
vt 0.68811452 0.37737390
vt 0.68366849 0.38226959
vt 0.69258392 0.38087860
vt 0.68865073 0.38617650
vt 0.69726092 0.38386819
vt 0.69386452 0.38950920
vt 0.70206302 0.38634059
vt 0.70691299 0.38830781
vt 0.69921762 0.39226520
vt 0.70462418 0.39445820
vt 0.71192437 0.38984150
vt 0.71021062 0.39616790
vt 0.71723109 0.39095789
vt 0.71612632 0.39741239
vt 0.72278202 0.39159939
vt 0.72231418 0.39812741
vt 0.72851241 0.39171571
vt 0.73520380 0.39775789
vt 0.73434472 0.39126781
vt 0.72870213 0.39825711
vt 0.74172199 0.39660281
vt 0.74019188 0.39023170
vt 0.74815297 0.39478400
vt 0.74596089 0.38860011
vt 0.75439107 0.39231479
vt 0.75155687 0.38638499
vt 0.75688869 0.38361740
vt 0.76033479 0.38922951
vt 0.76589179 0.38558221
vt 0.76187372 0.38034549
vt 0.77098387 0.38144341
vt 0.76644158 0.37663269
vt 0.77555060 0.37689579
vt 0.77053821 0.37255329
vt 0.77412641 0.36818799
vt 0.77955061 0.37202960
vt 0.78296280 0.36693719
vt 0.77718741 0.36361989
vt 0.78578460 0.36170870
vt 0.77971858 0.35892960
vt 0.78173280 0.35419250
vt 0.78802991 0.35642800
vt 0.78876001 0.35446620
vt 0.78945023 0.35316899
vt 0.78330302 0.34929779
vt 0.79050249 0.35205570
vt 0.79182148 0.35125801
vt 0.78444612 0.34411469
vt 0.79325652 0.35084251
vt 0.80391139 0.33850250
vt 0.78510278 0.33869299
vt 0.79969060 0.34984449
vt 0.78522187 0.33309621
vt 0.80813217 0.32716069
vt 0.78476340 0.32739961
vt 0.81235301 0.31581870
vt 0.81477469 0.30383810
vt 0.81657392 0.30447680
vt 0.78370249 0.32168850
vt 0.78203201 0.31605390
vt 0.73648608 0.27846491
vt 0.75102443 0.25832221
vt 0.75212193 0.26141569
vt 0.74179268 0.27958131
vt 0.75384521 0.26422390
vt 0.74680412 0.28111491
vt 0.75606859 0.26658240
vt 0.75861758 0.26839229
vt 0.75165421 0.28308219
vt 0.76130748 0.26962951
vt 0.75645632 0.28555450
vt 0.76418310 0.27036810
vt 0.76732701 0.27057931
vt 0.76113331 0.28854421
vt 0.77058202 0.27016571
vt 0.76560271 0.29204890
vt 0.75985342 0.16385350
vt 0.76035041 0.16438070
vt 0.76092023 0.16478530
vt 0.76216418 0.16522691
vt 0.75922292 0.16253421
vt 0.75912821 0.16182360
vt 0.75917661 0.16113719
vt 0.75946820 0.16322580
vt 0.78292191 0.16580240
vt 0.78477502 0.16331270
vt 0.78718960 0.16114099
vt 0.79006481 0.15945800
vt 0.79323208 0.15838590
vt 0.79648697 0.15797231
vt 0.79963100 0.15818360
vt 0.75962877 0.15992220
vt 0.76414913 0.06826597
vt 0.82545900 0.05638420
vt 0.83037311 0.05905538
vt 0.86562032 0.17268220
vt 0.84075463 0.18868120
vt 0.85218328 0.49298280
vt 0.87676930 0.49298280
vt 0.87676930 0.51797771
vt 0.90135521 0.51797771
vt 0.90135521 0.54297262
vt 0.85024178 0.53780007
vt 0.85218328 0.51797771
vt 0.87676930 0.54297262
vt 0.85138148 0.54024112
vt 0.84857482 0.53548712
vt 0.85206181 0.54285038
vt 0.85225618 0.54570329
vt 0.85187531 0.54865700
vt 0.85088789 0.55153102
vt 0.85218328 0.56796747
vt 0.84933758 0.55413997
vt 0.84733742 0.55633110
vt 0.84504408 0.55801260
vt 0.84262419 0.55916208
vt 0.84821332 0.57467180
vt 0.84765881 0.57500482
vt 0.84724110 0.57556963
vt 0.82773322 0.56462151
vt 0.84718299 0.57689780
vt 0.84708011 0.57625520
vt 0.84938991 0.57793701
vt 0.84807312 0.57787842
vt 0.84994441 0.57760388
vt 0.83305627 0.58762181
vt 0.84751320 0.57745707
vt 0.85042018 0.57571101
vt 0.84901100 0.58177251
vt 0.84875280 0.57804078
vt 0.85036212 0.57703918
vt 0.86496568 0.57592320
vt 0.86781532 0.57525921
vt 0.85052311 0.57635361
vt 0.86931902 0.57519400
vt 0.87083077 0.57532001
vt 0.90135521 0.56796747
vt 0.87231511 0.57563651
vt 0.90424317 0.56009442
vt 0.90445930 0.56144392
vt 0.88095272 0.58067912
vt 0.87627822 0.57759428
vt 0.87373710 0.57613391
vt 0.91455752 0.58564329
vt 0.90909380 0.56362623
vt 0.90775591 0.56384420
vt 0.90515268 0.56261837
vt 0.90632838 0.56350321
vt 0.90892130 0.58660120
vt 0.90312117 0.58685273
vt 0.88607991 0.58322698
vt 0.89728957 0.58636647
vt 0.89156479 0.58514547
vt 0.91991258 0.58404011
vt 0.92377508 0.58242208
vt 0.92542499 0.57131612
vt 0.92611837 0.57249057
vt 0.92759961 0.58038872
vt 0.92729408 0.57337540
vt 0.92872161 0.57371640
vt 0.93132442 0.57792991
vt 0.93122393 0.57279903
vt 0.93005949 0.57349843
vt 0.93222308 0.56882381
vt 0.93210107 0.57161307
vt 0.93488371 0.57504749
vt 0.92642409 0.56734091
vt 0.93152970 0.56764930
vt 0.93035388 0.56676447
vt 0.92892653 0.56642348
vt 0.92758852 0.56664151
vt 0.92465490 0.56312692
vt 0.92299098 0.56324232
vt 0.92520893 0.56996661
vt 0.92554688 0.56852680
vt 0.92126852 0.56301618
vt 0.91959238 0.56243038
vt 0.91025817 0.56292671
vt 0.91807091 0.56151062
vt 0.91113538 0.56174082
vt 0.91679299 0.56032377
vt 0.91147351 0.56030101
vt 0.91581237 0.55896318
vt 0.91056401 0.55777711
vt 0.91125739 0.55895162
vt 0.90796077 0.55655128
vt 0.91485149 0.55257678
vt 0.91543227 0.55088621
vt 0.90458131 0.55865461
vt 0.90662283 0.55676931
vt 0.90938818 0.55689228
vt 0.91462737 0.55431432
vt 0.91474181 0.55599242
vt 0.91514200 0.55752742
vt 0.90545851 0.55746871
vt 0.91494030 0.54147130
vt 0.91634429 0.54935151
vt 0.92004579 0.54177958
vt 0.91754347 0.54269707
vt 0.91611600 0.54235607
vt 0.91524601 0.53632158
vt 0.91424692 0.54029679
vt 0.91403067 0.53894728
vt 0.91436881 0.53750747
vt 0.92035151 0.53662997
vt 0.91641051 0.53562218
vt 0.94572037 0.51919258
vt 0.94318950 0.51467210
vt 0.91917580 0.53574520
vt 0.94772983 0.52393788
vt 0.92104501 0.53780448
vt 0.92092299 0.54059380
vt 0.91774827 0.53540421
vt 0.92126107 0.53915387
vt 0.92520142 0.54610431
vt 0.92347890 0.54587829
vt 0.92181510 0.54599369
vt 0.92029327 0.54639733
vt 0.91888142 0.54247910
vt 0.91886991 0.54707348
vt 0.91752088 0.54806262
vt 0.92687750 0.54669023
vt 0.93621171 0.54619378
vt 0.92839903 0.54760998
vt 0.93533450 0.54737967
vt 0.92967689 0.54879677
vt 0.93499643 0.54881960
vt 0.93065763 0.55015743
vt 0.93521261 0.55016911
vt 0.93132788 0.55159330
vt 0.93172812 0.55312812
vt 0.93184251 0.55480629
vt 0.93590587 0.55134362
vt 0.94101149 0.55165190
vt 0.93708169 0.55222827
vt 0.93850911 0.55256933
vt 0.93161839 0.55654371
vt 0.93984711 0.55235130
vt 0.94616199 0.55980003
vt 0.94390529 0.56408298
vt 0.93103760 0.55823427
vt 0.94123751 0.56808728
vt 0.93012559 0.55976897
vt 0.92894900 0.56105798
vt 0.92760009 0.56204712
vt 0.92617661 0.56272328
vt 0.93821013 0.57175672
vt 0.93243921 0.57017332
vt 0.94796813 0.55530483
vt 0.94188869 0.55046600
vt 0.94929850 0.55067062
vt 0.94222671 0.54902619
vt 0.94131720 0.54650217
vt 0.94014138 0.54561740
vt 0.95050848 0.54128838
vt 0.94201070 0.54767668
vt 0.95014340 0.54597348
vt 0.95041370 0.53668541
vt 0.93871403 0.54527640
vt 0.94989067 0.53222632
vt 0.94898039 0.52796352
vt 0.93737608 0.54549438
vt 0.93674731 0.50663441
vt 0.94017881 0.51046151
vt 0.92491829 0.49481869
vt 0.90135521 0.49298280
vt 0.91308928 0.48300299
vt 0.89314401 0.47125781
vt 0.90126032 0.47118720
vt 0.89908051 0.47127229
vt 0.89690059 0.47135729
vt 0.89472079 0.47144240
vt 0.89162707 0.47055200
vt 0.87802190 0.47225299
vt 0.89041281 0.46939510
vt 0.88965559 0.46798790
vt 0.86638832 0.47651821
vt 0.85475463 0.48078340
vt 0.84312099 0.48504850
vt 0.84150243 0.48564190
vt 0.83988380 0.48623529
vt 0.82425249 0.50433397
vt 0.82806808 0.49056721
vt 0.82407242 0.50320947
vt 0.82397068 0.50553387
vt 0.82349449 0.50223070
vt 0.82251471 0.50149339
vt 0.82323980 0.50652212
vt 0.82226938 0.50710499
vt 0.82132518 0.50120920
vt 0.82021028 0.50139087
vt 0.81625241 0.49489909
vt 0.81859171 0.50198430
vt 0.81697309 0.50257772
vt 0.81535453 0.50317109
vt 0.81438410 0.50375402
vt 0.80443668 0.49923110
vt 0.81365311 0.50474221
vt 0.81337142 0.50594211
vt 0.81355149 0.50706661
vt 0.80301130 0.51797771
vt 0.79262102 0.50356293
vt 0.81412941 0.50804538
vt 0.81629872 0.50906688
vt 0.81510907 0.50878268
vt 0.81741363 0.50888520
vt 0.77842528 0.51797771
vt 0.80284071 0.54232681
vt 0.81773168 0.53686738
vt 0.83520973 0.53072190
vt 0.83262271 0.53140801
vt 0.83803809 0.53052568
vt 0.84096640 0.53090990
vt 0.84381580 0.53190577
vt 0.84640241 0.53346962
vt 0.77842528 0.54297262
vt 0.78794962 0.54778618
vt 0.75950879 0.52807051
vt 0.75816751 0.55870497
vt 0.72925341 0.54297262
vt 0.75155503 0.53280342
vt 0.75922710 0.52927041
vt 0.75849611 0.53025860
vt 0.75752580 0.53084153
vt 0.75509781 0.53173161
vt 0.77305847 0.55324560
vt 0.75266987 0.53262168
vt 0.74964052 0.52749038
vt 0.74938571 0.53178191
vt 0.75036550 0.53251922
vt 0.74890947 0.52847880
vt 0.74862772 0.52967852
vt 0.74880791 0.53080308
vt 0.74535811 0.52089059
vt 0.73354238 0.52522248
vt 0.72172672 0.52955443
vt 0.72010797 0.53014779
vt 0.71848953 0.53074121
vt 0.70466739 0.54297262
vt 0.70759398 0.53473568
vt 0.69669849 0.53873032
vt 0.68580300 0.54272491
vt 0.70466739 0.56796747
vt 0.67422318 0.54993689
vt 0.67460591 0.54863471
vt 0.68008143 0.56796747
vt 0.67490751 0.54671937
vt 0.72925341 0.56796747
vt 0.72925341 0.59296238
vt 0.70466739 0.59296238
vt 0.72925341 0.61795729
vt 0.75091040 0.61804992
vt 0.75383931 0.59296238
vt 0.75221688 0.58237988
vt 0.75054991 0.58006692
vt 0.74941021 0.57762611
vt 0.74873000 0.57501668
vt 0.74853551 0.57216382
vt 0.74891639 0.56921017
vt 0.74990380 0.56633610
vt 0.75145411 0.56372720
vt 0.75345439 0.56153601
vt 0.75574762 0.55985451
vt 0.75328290 0.61686862
vt 0.74872458 0.61985469
vt 0.74695730 0.62222308
vt 0.74580210 0.62498271
vt 0.74341059 0.63185167
vt 0.74019110 0.63838643
vt 0.73622042 0.64443988
vt 0.70988792 0.63481921
vt 0.73160708 0.64989001
vt 0.70940500 0.63687599
vt 0.70815188 0.63857007
vt 0.70858860 0.63121343
vt 0.70957923 0.63289130
vt 0.70690900 0.62994951
vt 0.70466739 0.61795729
vt 0.70129502 0.63077301
vt 0.70085818 0.63812971
vt 0.70295852 0.62977368
vt 0.70486981 0.62946242
vt 0.69986773 0.63645178
vt 0.68008143 0.64295220
vt 0.70466739 0.64295220
vt 0.70457709 0.63988072
vt 0.70253789 0.63939363
vt 0.72099042 0.65865588
vt 0.71527350 0.66190028
vt 0.70946711 0.66439402
vt 0.69355237 0.66780287
vt 0.70444131 0.66598243
vt 0.70648837 0.63956940
vt 0.69911933 0.66713858
vt 0.68780559 0.66792339
vt 0.68195653 0.66745961
vt 0.67609239 0.66638643
vt 0.67030692 0.66469669
vt 0.66469473 0.66240257
vt 0.65934759 0.65953630
vt 0.65434831 0.65614772
vt 0.65549541 0.64295220
vt 0.64976722 0.65230250
vt 0.64565891 0.64807749
vt 0.64206028 0.64355648
vt 0.63899052 0.63882542
vt 0.65549541 0.61795729
vt 0.63645202 0.63396782
vt 0.68008143 0.61795729
vt 0.65549541 0.59296238
vt 0.63139272 0.60131317
vt 0.63093293 0.60721290
vt 0.63105232 0.61300939
vt 0.63171101 0.61862451
vt 0.63285732 0.62399250
vt 0.63443202 0.62906182
vt 0.63245672 0.59539843
vt 0.63413203 0.58956277
vt 0.63640630 0.58390212
vt 0.63924807 0.57850868
vt 0.64260763 0.57346612
vt 0.64641988 0.56884551
vt 0.65060860 0.56470162
vt 0.65509081 0.56107181
vt 0.65978128 0.55797547
vt 0.66459721 0.55541497
vt 0.66946119 0.55337751
vt 0.67126822 0.55271500
vt 0.67246300 0.55208868
vt 0.67348850 0.55113381
vt 0.68008143 0.59296238
vt 0.69955891 0.63452393
vt 0.70004189 0.63246709
vt 0.72648281 0.65464652
vt 0.76923752 0.61101919
vt 0.77493471 0.60523391
vt 0.78519219 0.60516989
vt 0.77429760 0.60533768
vt 0.77262491 0.60355210
vt 0.77272779 0.60419482
vt 0.77305800 0.60475397
vt 0.77361792 0.60517538
vt 0.77507478 0.60202730
vt 0.80301130 0.59296238
vt 0.80114692 0.59932047
vt 0.77563483 0.60244870
vt 0.77596498 0.60300791
vt 0.77606791 0.60365051
vt 0.77548921 0.60490090
vt 0.77590692 0.60433620
vt 0.77439523 0.60186487
vt 0.77320361 0.60230178
vt 0.77375811 0.60196882
vt 0.77278590 0.60286647
vt 0.81710160 0.59347123
vt 0.81284207 0.57008088
vt 0.79795110 0.57554030
vt 0.78306001 0.58099967
vt 0.76816899 0.58645910
vt 0.76558203 0.58714521
vt 0.76275361 0.58734143
vt 0.75982529 0.58695722
vt 0.75697589 0.58596122
vt 0.75438929 0.58439749
vt 0.75303870 0.52601749
vt 0.75061083 0.52690762
vt 0.75717378 0.51655871
vt 0.75546658 0.52512741
vt 0.76898950 0.51222682
vt 0.75875092 0.52596718
vt 0.75777107 0.52522987
vt 0.75658160 0.52494568
vt 0.75932872 0.52694601
vt 0.78080517 0.50789487
vt 0.81984150 0.50799513
vt 0.85009003 0.57515168
vt 0.84953010 0.57473028
vt 0.84885043 0.57456797
vt 0.48597100 0.32814780
vt 0.48597100 0.31606531
vt 0.49805349 0.31606531
vt 0.48597100 0.30398279
vt 0.49982509 0.30251640
vt 0.49805349 0.32814780
vt 0.51013601 0.31606531
vt 0.50407600 0.30406150
vt 0.50180322 0.30369431
vt 0.50650078 0.30348721
vt 0.50967598 0.30001900
vt 0.50849801 0.30199710
vt 0.51013601 0.30398279
vt 0.52221853 0.29190031
vt 0.52221853 0.30398279
vt 0.51013601 0.27981779
vt 0.51004308 0.29774630
vt 0.50946891 0.29532140
vt 0.50797868 0.29332420
vt 0.50600058 0.29214621
vt 0.49812779 0.29582161
vt 0.50372791 0.29177910
vt 0.50130308 0.29235330
vt 0.49930581 0.29384351
vt 0.48539311 0.28060129
vt 0.49334460 0.27165529
vt 0.48910591 0.27597690
vt 0.49807101 0.26772210
vt 0.51013601 0.26773530
vt 0.50322902 0.26425600
vt 0.52221853 0.26773530
vt 0.51453590 0.25897750
vt 0.50874579 0.26132399
vt 0.52050507 0.25724909
vt 0.52655518 0.25615129
vt 0.53430110 0.26773530
vt 0.53258991 0.25567690
vt 0.53851902 0.25580010
vt 0.54638362 0.26773530
vt 0.54426259 0.25647959
vt 0.54975343 0.25766239
vt 0.55493867 0.25928709
vt 0.55846608 0.26773530
vt 0.55995703 0.26137111
vt 0.54638362 0.27981779
vt 0.56976497 0.26715741
vt 0.55846608 0.27981779
vt 0.56492567 0.26399019
vt 0.53430110 0.29190031
vt 0.53430110 0.27981779
vt 0.54638362 0.29190031
vt 0.54638362 0.30398279
vt 0.55846608 0.29190031
vt 0.53430110 0.30398279
vt 0.52221853 0.31606531
vt 0.53430110 0.31606531
vt 0.54638362 0.31606531
vt 0.53430110 0.32814780
vt 0.52221853 0.32814780
vt 0.51013601 0.34023041
vt 0.51013601 0.32814780
vt 0.52221853 0.34023041
vt 0.53201312 0.35030600
vt 0.53110141 0.35114551
vt 0.52221853 0.35231289
vt 0.53430110 0.34023041
vt 0.51013601 0.35231289
vt 0.49805349 0.35231289
vt 0.49883711 0.36497331
vt 0.51013601 0.36439541
vt 0.49421260 0.36126050
vt 0.50367641 0.36814031
vt 0.50864512 0.37075949
vt 0.51366341 0.37284359
vt 0.52221853 0.36439541
vt 0.51884872 0.37446830
vt 0.52971619 0.35662529
vt 0.53013062 0.35782120
vt 0.53601217 0.37645361
vt 0.53008312 0.37633049
vt 0.52433950 0.37565100
vt 0.53078133 0.35890669
vt 0.53162080 0.35981840
vt 0.53258318 0.36051801
vt 0.53359878 0.36099640
vt 0.53468448 0.36128190
vt 0.53587162 0.36136350
vt 0.54638362 0.36439541
vt 0.54809707 0.37488160
vt 0.55406618 0.37315321
vt 0.55846608 0.36439541
vt 0.54204690 0.37597930
vt 0.53710049 0.36120361
vt 0.53829640 0.36078921
vt 0.53938192 0.36013851
vt 0.54147160 0.35732099
vt 0.54638362 0.35231289
vt 0.54099327 0.35833669
vt 0.54029357 0.35929909
vt 0.55846608 0.35231289
vt 0.57053107 0.36440849
vt 0.55985641 0.37080660
vt 0.56537318 0.36787459
vt 0.57054859 0.35231289
vt 0.57525748 0.36047530
vt 0.57949620 0.35615370
vt 0.58320898 0.35152930
vt 0.57054859 0.34023041
vt 0.58263111 0.34023041
vt 0.58637607 0.34668991
vt 0.55846608 0.34023041
vt 0.57054859 0.32814780
vt 0.58263111 0.32814780
vt 0.59456623 0.32028329
vt 0.59388667 0.32602689
vt 0.58263111 0.31606531
vt 0.59270400 0.33151770
vt 0.59107929 0.33670300
vt 0.57054859 0.31606531
vt 0.57202357 0.30460241
vt 0.57472050 0.30214980
vt 0.57519883 0.30113420
vt 0.57402092 0.30311230
vt 0.57310921 0.30395171
vt 0.58263111 0.29190031
vt 0.59421498 0.30831951
vt 0.59311730 0.30226931
vt 0.59468943 0.31435421
vt 0.57871109 0.27510881
vt 0.56925070 0.29289430
vt 0.57152349 0.29326141
vt 0.57043779 0.29297590
vt 0.57253909 0.29373971
vt 0.57350153 0.29443941
vt 0.59138888 0.29630020
vt 0.58904243 0.29051000
vt 0.58611041 0.28499320
vt 0.58264428 0.27983531
vt 0.57434100 0.29535100
vt 0.57499170 0.29643661
vt 0.57540601 0.29763249
vt 0.57556587 0.29886150
vt 0.57548428 0.30004850
vt 0.56802177 0.29305419
vt 0.56574041 0.29411921
vt 0.56682593 0.29346851
vt 0.56482857 0.29495871
vt 0.56344342 0.30043849
vt 0.56412888 0.29592109
vt 0.57082772 0.30501679
vt 0.56959867 0.30517671
vt 0.56841171 0.30509499
vt 0.56631041 0.30433130
vt 0.56534803 0.30363160
vt 0.56732601 0.30480951
vt 0.55846608 0.31606531
vt 0.54638362 0.32814780
vt 0.55846608 0.32814780
vt 0.55846608 0.30398279
vt 0.54638362 0.34023041
vt 0.53881192 0.34992650
vt 0.53779632 0.34944829
vt 0.53977430 0.35062620
vt 0.54183871 0.35504830
vt 0.52955627 0.35539630
vt 0.54167891 0.35381931
vt 0.53552347 0.34908110
vt 0.53671062 0.34916279
vt 0.54126447 0.35262349
vt 0.54061377 0.35153791
vt 0.52963799 0.35420930
vt 0.53040183 0.35210800
vt 0.52992350 0.35312361
vt 0.53429461 0.34924099
vt 0.53309870 0.34965539
vt 0.54175711 0.35623530
vt 0.56336522 0.29802251
vt 0.56450850 0.30271989
vt 0.56385779 0.30163431
vt 0.56328362 0.29920951
vt 0.56365073 0.29693681
vt 0.57438952 0.27087021
vt 0.58899528 0.34172121
vt 0.48989099 0.35702181
vt 0.48595780 0.35229531
vt 0.48597100 0.34023041
vt 0.49805349 0.34023041
vt 0.48249170 0.34713739
vt 0.47955969 0.34162059
vt 0.47721320 0.33583051
vt 0.47548479 0.32986131
vt 0.47438711 0.32381120
vt 0.47391269 0.31777650
vt 0.47403589 0.31184730
vt 0.47471541 0.30610380
vt 0.47589809 0.30061290
vt 0.47752279 0.29542771
vt 0.47960690 0.29040939
vt 0.48222601 0.28544071
vt 0.52221853 0.27981779
vt 0.49776071 0.29809430
vt 0.49833500 0.30051911
vt 0.48597100 0.11706650
vt 0.48597100 0.10498400
vt 0.49805349 0.10498400
vt 0.49805349 0.11706650
vt 0.51013601 0.10498400
vt 0.51013601 0.09290152
vt 0.49805349 0.09290152
vt 0.49805349 0.12914900
vt 0.51013601 0.11706650
vt 0.48539311 0.12836550
vt 0.52221853 0.10498400
vt 0.51013601 0.12914900
vt 0.52221853 0.11706650
vt 0.53430110 0.10498400
vt 0.52221853 0.12914900
vt 0.52882779 0.12746240
vt 0.53430110 0.11706650
vt 0.52979022 0.12676270
vt 0.53080583 0.12628441
vt 0.54638362 0.10498400
vt 0.53658903 0.12714221
vt 0.54638362 0.11706650
vt 0.53550339 0.12649161
vt 0.53430748 0.12607720
vt 0.53307861 0.12591730
vt 0.53189152 0.12599890
vt 0.54638362 0.12914900
vt 0.55846608 0.11706650
vt 0.55846608 0.10498400
vt 0.53750068 0.12798169
vt 0.53820032 0.12894399
vt 0.53867871 0.12995981
vt 0.52713048 0.13415720
vt 0.53896421 0.13104551
vt 0.53847152 0.13465729
vt 0.53500330 0.13783249
vt 0.53030580 0.13762531
vt 0.52733767 0.12945960
vt 0.52684498 0.13307160
vt 0.52221853 0.14123151
vt 0.52676338 0.13188450
vt 0.52760881 0.13517290
vt 0.52830851 0.13613530
vt 0.52922022 0.13697480
vt 0.52798831 0.12837400
vt 0.52692318 0.13065550
vt 0.51013601 0.14123151
vt 0.54638362 0.14123151
vt 0.53273058 0.13819970
vt 0.53150159 0.13803980
vt 0.53258991 0.15328990
vt 0.52655518 0.15281551
vt 0.51453590 0.14998931
vt 0.52050507 0.15171769
vt 0.50874579 0.14764281
vt 0.50322902 0.14471079
vt 0.49807101 0.14124469
vt 0.49334460 0.13731150
vt 0.48910591 0.13298990
vt 0.55493867 0.14967971
vt 0.55846608 0.14123151
vt 0.55846608 0.12914900
vt 0.53782082 0.13574290
vt 0.53698140 0.13665460
vt 0.53601903 0.13735430
vt 0.53851902 0.15316670
vt 0.54426259 0.15248720
vt 0.53888589 0.13346151
vt 0.54975343 0.15130450
vt 0.53391761 0.13811800
vt 0.57054859 0.11706650
vt 0.56976497 0.14180940
vt 0.57054859 0.12914900
vt 0.56492567 0.14497660
vt 0.57438952 0.13809660
vt 0.55995703 0.14759570
vt 0.57871109 0.13385800
vt 0.58264428 0.12913141
vt 0.58263111 0.11706650
vt 0.58611041 0.12397360
vt 0.58904243 0.11845680
vt 0.59138888 0.11266660
vt 0.59311730 0.10669740
vt 0.58263111 0.10498400
vt 0.59421498 0.10064730
vt 0.58263111 0.09290152
vt 0.59468943 0.09461265
vt 0.58263111 0.08081901
vt 0.59456623 0.08868348
vt 0.57054859 0.09290152
vt 0.57054859 0.10498400
vt 0.55846608 0.09290152
vt 0.56452620 0.08089768
vt 0.56679893 0.08053052
vt 0.56877702 0.07935261
vt 0.54638362 0.08081901
vt 0.55846608 0.08081901
vt 0.54638362 0.09290152
vt 0.56210142 0.08032339
vt 0.56010407 0.07883328
vt 0.55892611 0.07685524
vt 0.55855900 0.07458245
vt 0.55913329 0.07215762
vt 0.56062341 0.07016032
vt 0.55846608 0.05665361
vt 0.57084137 0.07493048
vt 0.54638362 0.06873649
vt 0.54638362 0.05665361
vt 0.57053107 0.04455798
vt 0.57525748 0.04849117
vt 0.55846608 0.04457134
vt 0.56260151 0.06898242
vt 0.56487417 0.06861525
vt 0.56729901 0.06918954
vt 0.53430110 0.06873649
vt 0.53430110 0.05665361
vt 0.54638362 0.04457134
vt 0.52221853 0.06873649
vt 0.52221853 0.05665361
vt 0.53430110 0.04457134
vt 0.54204690 0.03298753
vt 0.52221853 0.04457134
vt 0.53008312 0.03263634
vt 0.53601217 0.03251314
vt 0.51366341 0.03612291
vt 0.51013601 0.04457134
vt 0.51884872 0.03449851
vt 0.52433950 0.03331553
vt 0.51013601 0.05665361
vt 0.49883711 0.04399353
vt 0.50864512 0.03820729
vt 0.50367641 0.04082638
vt 0.49421260 0.04770630
vt 0.48989099 0.05194503
vt 0.51013601 0.06873649
vt 0.48597100 0.06873649
vt 0.48595780 0.05667144
vt 0.51013601 0.08081901
vt 0.49935141 0.06973046
vt 0.50377351 0.07179486
vt 0.50286180 0.07095539
vt 0.50177622 0.07030475
vt 0.50523692 0.07485860
vt 0.50495142 0.07377290
vt 0.50447321 0.07275730
vt 0.50058037 0.06989037
vt 0.50515872 0.07727468
vt 0.49388161 0.07898604
vt 0.49606299 0.07057589
vt 0.49816430 0.06981211
vt 0.49707860 0.07009762
vt 0.49311781 0.07688468
vt 0.49340329 0.07797044
vt 0.48597100 0.09290152
vt 0.49458119 0.07994848
vt 0.49549291 0.08078795
vt 0.49777439 0.08185297
vt 0.50229168 0.08116745
vt 0.50019038 0.08193123
vt 0.50325418 0.08046776
vt 0.50127608 0.08164572
vt 0.50409371 0.07955610
vt 0.50474429 0.07847052
vt 0.49319610 0.07446867
vt 0.49303621 0.07569766
vt 0.49426109 0.07218724
vt 0.49361050 0.07327282
vt 0.49510059 0.07127553
vt 0.49900341 0.08201289
vt 0.49657851 0.08143860
vt 0.47548479 0.07910549
vt 0.47391269 0.09119033
vt 0.47403589 0.09711951
vt 0.47438711 0.08515566
vt 0.47721320 0.07313638
vt 0.47955969 0.06734621
vt 0.48249170 0.06182909
vt 0.47471541 0.10286300
vt 0.47589809 0.10835390
vt 0.47752279 0.11353900
vt 0.47960690 0.11855740
vt 0.48222601 0.12352610
vt 0.50531858 0.07604569
vt 0.52221853 0.08081901
vt 0.52221853 0.09290152
vt 0.53430110 0.08081901
vt 0.53430110 0.09290152
vt 0.54809707 0.03408521
vt 0.55406618 0.03581357
vt 0.55985641 0.03816020
vt 0.56537318 0.04109185
vt 0.56929630 0.07067966
vt 0.57949620 0.05281311
vt 0.58320898 0.05743736
vt 0.58637607 0.06227684
vt 0.57047433 0.07265770
vt 0.58899528 0.06724560
vt 0.59107929 0.07226389
vt 0.59270400 0.07744914
vt 0.59388667 0.08293998
vt 0.57026708 0.07735532
vt 0.53904581 0.13223250
vt 0.00665796 0.24009430
vt 0.00594199 0.24661660
vt 0.00591117 0.24009430
vt 0.00520801 0.24661660
vt 0.00518334 0.24009430
vt 0.00447398 0.24335550
vt 0.00447398 0.24661660
vt 0.00447398 0.24009430
vt 0.00667602 0.24661660
vt 0.00742471 0.24335550
vt 0.00741011 0.24661660
vt 0.00742471 0.24661660
vt 0.00742471 0.24009430
vt 0.16431589 0.24009430
vt 0.15811691 0.24661660
vt 0.15811691 0.24009430
vt 0.16431589 0.24661660
vt 0.17051490 0.24335550
vt 0.17051490 0.24661660
vt 0.17051490 0.24009430
vt 0.04102408 0.06392216
vt 0.04102408 0.05739969
vt 0.07257741 0.05739969
vt 0.00947142 0.05739969
vt 0.10413040 0.05739969
vt 0.07257741 0.06392216
vt 0.10413040 0.06392216
vt 0.00947142 0.06392216
vt 0.02330780 0.27339140
vt 0.02419549 0.27339140
vt 0.02415370 0.27991369
vt 0.02330780 0.27991369
vt 0.02500021 0.27991369
vt 0.02505463 0.27339140
vt 0.02584648 0.27991369
vt 0.02588665 0.27339140
vt 0.02669245 0.27991369
vt 0.02669245 0.27339140
vt 0.06051290 0.35705251
vt 0.04948455 0.35626280
vt 0.05499887 0.35537639
vt 0.04948455 0.35714909
vt 0.04948455 0.35537639
vt 0.06051290 0.35537639
vt 0.06051290 0.35791361
vt 0.04948455 0.35803550
vt 0.06051290 0.35879061
vt 0.06051290 0.35968390
vt 0.04948455 0.35892180
vt 0.04948455 0.36069441
vt 0.06051290 0.36059421
vt 0.05499887 0.36246711
vt 0.04948455 0.36246711
vt 0.06051290 0.36246711
vt 0.08688199 0.12685820
vt 0.05470532 0.13338050
vt 0.05470532 0.12685820
vt 0.02252835 0.12685820
vt 0.11905870 0.12685820
vt 0.08688199 0.13338050
vt 0.11905870 0.13338050
vt 0.15123530 0.13338050
vt 0.24776530 0.13011940
vt 0.18341200 0.13338050
vt 0.21558860 0.13338050
vt 0.24776530 0.13338050
vt 0.15123530 0.12685820
vt 0.18341200 0.12685820
vt 0.21558860 0.12685820
vt 0.24776530 0.12685820
vt 0.02252835 0.13338050
vt 0.23648480 0.90268761
vt 0.23648480 0.90172821
vt 0.24300709 0.90172821
vt 0.24300709 0.90274322
vt 0.23648480 0.90364689
vt 0.23648480 0.90460622
vt 0.24300709 0.90371972
vt 0.24300709 0.90465981
vt 0.23648480 0.90556562
vt 0.24300709 0.90556562
vt 0.07824331 0.14412650
vt 0.07824331 0.14224911
vt 0.08313351 0.14224911
vt 0.08313351 0.14600390
vt 0.07824331 0.14600390
vt 0.08802378 0.14224911
vt 0.08802378 0.14600390
vt 0.09291398 0.14224911
vt 0.09291398 0.14600390
vt 0.09780418 0.14224911
vt 0.09780418 0.14600390
vt 0.10269440 0.14224911
vt 0.10269440 0.14600390
vt 0.10758460 0.14224911
vt 0.11247470 0.14224911
vt 0.10758460 0.14600390
vt 0.11247470 0.14600390
vt 0.11736500 0.14224911
vt 0.11736500 0.14600390
vt 0.12225520 0.14224911
vt 0.12225520 0.14600390
vt 0.12714539 0.14224911
vt 0.12714539 0.14600390
vt 0.13203560 0.14600390
vt 0.13203560 0.14224911
vt 0.13692580 0.14224911
vt 0.13692580 0.14600390
vt 0.14181601 0.14224911
vt 0.14181601 0.14600390
vt 0.14670619 0.14224911
vt 0.14670619 0.14600390
vt 0.15159640 0.14224911
vt 0.15159640 0.14600390
vt 0.15648670 0.14224911
vt 0.15648670 0.14600390
vt 0.16137689 0.14224911
vt 0.16137689 0.14600390
vt 0.16626699 0.14224911
vt 0.16626699 0.14600390
vt 0.17115730 0.14224911
vt 0.17115730 0.14600390
vt 0.17604750 0.14224911
vt 0.17604750 0.14600390
vt 0.18093771 0.14224911
vt 0.18093771 0.14600390
vt 0.18582790 0.14600390
vt 0.19071810 0.14224911
vt 0.19071810 0.14600390
vt 0.18582790 0.14224911
vt 0.19560830 0.14224911
vt 0.19560830 0.14600390
vt 0.20049860 0.14224911
vt 0.20049860 0.14600390
vt 0.20538880 0.14224911
vt 0.20538880 0.14600390
vt 0.21027900 0.14224911
vt 0.21027900 0.14600390
vt 0.21516921 0.14224911
vt 0.21516921 0.14600390
vt 0.22005939 0.14224911
vt 0.22005939 0.14600390
vt 0.22494949 0.14224911
vt 0.22494949 0.14600390
vt 0.22983980 0.14224911
vt 0.22983980 0.14600390
vt 0.23473001 0.14224911
vt 0.23473001 0.14600390
vt 0.24057110 0.14600390
vt 0.24057110 0.14224911
vt 0.24641199 0.14224911
vt 0.24641199 0.14600390
vt 0.25225320 0.14224911
vt 0.25225320 0.14600390
vt 0.25809431 0.14224911
vt 0.25809431 0.14600390
vt 0.26393530 0.14224911
vt 0.26393530 0.14600390
vt 0.26977631 0.14224911
vt 0.26977631 0.14600390
vt 0.27561739 0.14224911
vt 0.27561739 0.14600390
vt 0.28145841 0.14224911
vt 0.28145841 0.14600390
vt 0.01003468 0.20319700
vt 0.00547594 0.20828000
vt 0.00547594 0.20319700
vt 0.00091723 0.20828000
vt 0.00091723 0.20319700
vt 0.01003468 0.20828000
vt 0.07268261 0.47321549
vt 0.07920497 0.47321549
vt 0.07920497 0.47372600
vt 0.07268261 0.47372600
vt 0.07268261 0.47268689
vt 0.07594382 0.47421950
vt 0.07268261 0.47421950
vt 0.07920497 0.47421950
vt 0.07920497 0.47268689
vt 0.07594382 0.47213939
vt 0.07920497 0.47213939
vt 0.07268261 0.47213939
vt 0.05273008 0.97401160
vt 0.05043745 0.98053390
vt 0.05043745 0.97401160
vt 0.04814457 0.98053390
vt 0.04814457 0.97401160
vt 0.04585224 0.98053390
vt 0.04585224 0.97401160
vt 0.04355961 0.98053390
vt 0.04355961 0.97401160
vt 0.04126673 0.98053390
vt 0.04126673 0.97401160
vt 0.03897440 0.98053390
vt 0.03897440 0.97401160
vt 0.03668177 0.98053390
vt 0.03668177 0.97401160
vt 0.03438889 0.98053390
vt 0.03438889 0.97401160
vt 0.03209656 0.98053390
vt 0.03209656 0.97401160
vt 0.02980393 0.98053390
vt 0.02980393 0.97401160
vt 0.02751106 0.98053390
vt 0.02751106 0.97401160
vt 0.02521872 0.98053390
vt 0.02521872 0.97401160
vt 0.02292609 0.98053390
vt 0.02292609 0.97401160
vt 0.02063328 0.98053390
vt 0.02063328 0.97401160
vt 0.01834088 0.97727281
vt 0.01834088 0.98053390
vt 0.01834088 0.97401160
vt 0.05273008 0.98053390
vt 0.05502241 0.97727281
vt 0.05502241 0.98053390
vt 0.05502241 0.97401160
vt 0.11170450 0.94767892
vt 0.10544270 0.94767892
vt 0.10857360 0.94547790
vt 0.10544270 0.94547790
vt 0.11170450 0.94547790
vt 0.11170450 0.94988000
vt 0.10544270 0.94988000
vt 0.11170450 0.95208102
vt 0.10544270 0.95208102
vt 0.11170450 0.95428210
vt 0.10544270 0.95428210
vt 0.11170450 0.95648319
vt 0.10544270 0.95648319
vt 0.11170450 0.95868421
vt 0.10544270 0.95868421
vt 0.11170450 0.96088529
vt 0.10857360 0.96308643
vt 0.11170450 0.96308643
vt 0.10544270 0.96088529
vt 0.10544270 0.96308643
vt 0.00665796 0.24792890
vt 0.00742471 0.25119010
vt 0.00665796 0.25445130
vt 0.00742471 0.24792890
vt 0.00591117 0.25445130
vt 0.00591117 0.24792890
vt 0.00518334 0.25445130
vt 0.00447398 0.25119010
vt 0.00518334 0.24792890
vt 0.00447398 0.25445130
vt 0.00447398 0.24792890
vt 0.00742471 0.25445130
vt 0.15811691 0.25119010
vt 0.15811691 0.24792890
vt 0.16224951 0.24792890
vt 0.16224951 0.25445130
vt 0.15811691 0.25445130
vt 0.16638219 0.24792890
vt 0.16638219 0.25445130
vt 0.17051490 0.25119010
vt 0.17051490 0.24792890
vt 0.17051490 0.25445130
vt 0.04102408 0.00065614
vt 0.00947142 0.00717837
vt 0.00947142 0.00065614
vt 0.04102408 0.00717837
vt 0.10413040 0.00391722
vt 0.07257741 0.00717837
vt 0.10413040 0.00717837
vt 0.07257741 0.00065614
vt 0.10413040 0.00065614
vt 0.02419549 0.26555681
vt 0.02330780 0.27207911
vt 0.02330780 0.26555681
vt 0.02419549 0.27207911
vt 0.02505463 0.26555681
vt 0.02505463 0.27207911
vt 0.02588665 0.26555681
vt 0.02588665 0.27207911
vt 0.02669245 0.26555681
vt 0.02669245 0.27207911
vt 0.01213783 0.35537639
vt 0.01213783 0.35705251
vt 0.00662368 0.35537639
vt 0.00110942 0.35705251
vt 0.00110942 0.35537639
vt 0.01213783 0.35791361
vt 0.00110942 0.35791361
vt 0.01213783 0.35879061
vt 0.00110942 0.35879061
vt 0.01213783 0.35968390
vt 0.00110942 0.35968390
vt 0.01213783 0.36059421
vt 0.00110942 0.36059421
vt 0.00662368 0.36246711
vt 0.01213783 0.36246711
vt 0.00110942 0.36246711
vt 0.05470532 0.13469291
vt 0.02252835 0.14121521
vt 0.02252835 0.13469291
vt 0.05470532 0.14121521
vt 0.08688199 0.13469291
vt 0.08688199 0.14121521
vt 0.11905870 0.13469291
vt 0.11905870 0.14121521
vt 0.24776530 0.13795391
vt 0.15123530 0.14121521
vt 0.18341200 0.14121521
vt 0.21558860 0.14121521
vt 0.24776530 0.14121521
vt 0.15123530 0.13469291
vt 0.18341200 0.13469291
vt 0.21558860 0.13469291
vt 0.24776530 0.13469291
vt 0.15787520 0.90172821
vt 0.16439749 0.90268761
vt 0.15787520 0.90268761
vt 0.16439749 0.90364689
vt 0.15787520 0.90364689
vt 0.16439749 0.90460622
vt 0.15787520 0.90460622
vt 0.16439749 0.90556562
vt 0.15787520 0.90556562
vt 0.16439749 0.90172821
vt 0.07824331 0.93109423
vt 0.07824331 0.92921680
vt 0.08313351 0.92921680
vt 0.08313351 0.93297172
vt 0.07824331 0.93297172
vt 0.08802378 0.92921680
vt 0.08802378 0.93297172
vt 0.09291398 0.92921680
vt 0.09291398 0.93297172
vt 0.09780418 0.92921680
vt 0.09780418 0.93297172
vt 0.10269440 0.92921680
vt 0.10758460 0.92921680
vt 0.10269440 0.93297172
vt 0.10758460 0.93297172
vt 0.11247470 0.92921680
vt 0.11247470 0.93297172
vt 0.11736500 0.92921680
vt 0.11736500 0.93297172
vt 0.12225520 0.92921680
vt 0.12225520 0.93297172
vt 0.12714539 0.92921680
vt 0.12714539 0.93297172
vt 0.13203560 0.92921680
vt 0.13203560 0.93297172
vt 0.13692580 0.93297172
vt 0.13692580 0.92921680
vt 0.14181601 0.92921680
vt 0.14181601 0.93297172
vt 0.14670619 0.92921680
vt 0.14670619 0.93297172
vt 0.15159640 0.92921680
vt 0.15159640 0.93297172
vt 0.15648670 0.92921680
vt 0.15648670 0.93297172
vt 0.16137689 0.92921680
vt 0.16137689 0.93297172
vt 0.16626699 0.92921680
vt 0.16626699 0.93297172
vt 0.17115730 0.92921680
vt 0.17115730 0.93297172
vt 0.17604750 0.92921680
vt 0.18093771 0.92921680
vt 0.17604750 0.93297172
vt 0.18093771 0.93297172
vt 0.18582790 0.92921680
vt 0.18582790 0.93297172
vt 0.19071810 0.92921680
vt 0.19071810 0.93297172
vt 0.19560830 0.92921680
vt 0.19560830 0.93297172
vt 0.20049860 0.92921680
vt 0.20049860 0.93297172
vt 0.20538880 0.92921680
vt 0.21027900 0.93297172
vt 0.20538880 0.93297172
vt 0.21027900 0.92921680
vt 0.21516921 0.92921680
vt 0.21516921 0.93297172
vt 0.22005939 0.92921680
vt 0.22005939 0.93297172
vt 0.22494949 0.92921680
vt 0.22494949 0.93297172
vt 0.22983980 0.92921680
vt 0.22983980 0.93297172
vt 0.23473001 0.92921680
vt 0.23473001 0.93297172
vt 0.24057110 0.92921680
vt 0.24057110 0.93297172
vt 0.24641199 0.92921680
vt 0.24641199 0.93297172
vt 0.25225320 0.92921680
vt 0.25225320 0.93297172
vt 0.25809431 0.92921680
vt 0.25809431 0.93297172
vt 0.26393530 0.92921680
vt 0.26393530 0.93297172
vt 0.26977631 0.92921680
vt 0.26977631 0.93297172
vt 0.27561739 0.92921680
vt 0.27561739 0.93297172
vt 0.28145841 0.92921680
vt 0.28145841 0.93297172
vt 0.01003468 0.20931061
vt 0.00547594 0.21439360
vt 0.00547594 0.20931061
vt 0.00091723 0.21439360
vt 0.00091723 0.20931061
vt 0.01003468 0.21439360
vt 0.00065614 0.47321549
vt 0.00717837 0.47321549
vt 0.00717837 0.47372600
vt 0.00065614 0.47372600
vt 0.00065614 0.47268689
vt 0.00391722 0.47421950
vt 0.00065614 0.47421950
vt 0.00717837 0.47421950
vt 0.00717837 0.47268689
vt 0.00391722 0.47213939
vt 0.00717837 0.47213939
vt 0.00065614 0.47213939
vt 0.14036690 0.42270750
vt 0.13710269 0.42634961
vt 0.13710269 0.42270750
vt 0.14363120 0.42270750
vt 0.14363120 0.43380931
vt 0.12186950 0.43380931
vt 0.11360000 0.42634961
vt 0.10010780 0.43380931
vt 0.09009742 0.42634961
vt 0.07834607 0.43380931
vt 0.06659471 0.42634961
vt 0.05658406 0.43380931
vt 0.04309207 0.42634961
vt 0.03482264 0.43380931
vt 0.01958942 0.42634961
vt 0.01306062 0.43380931
vt 0.01306062 0.42270750
vt 0.01632517 0.42270750
vt 0.01958942 0.42270750
vt 0.12186950 0.08873915
vt 0.14363120 0.08873915
vt 0.13710269 0.09525966
vt 0.11360000 0.09525966
vt 0.10010780 0.08873915
vt 0.09009742 0.09525966
vt 0.07834607 0.08873915
vt 0.06659471 0.09525966
vt 0.05658406 0.08873915
vt 0.04309207 0.09525966
vt 0.03482264 0.08873915
vt 0.01958942 0.09525966
vt 0.01306062 0.08873915
vt 0.01632517 0.09525966
vt 0.01306062 0.09525966
vt 0.14036690 0.09525966
vt 0.14363120 0.09525966
vt 0.13492350 0.19663119
vt 0.12828360 0.19663119
vt 0.13160349 0.19429730
vt 0.12828360 0.19429730
vt 0.13492350 0.19429730
vt 0.13492350 0.19896510
vt 0.12828360 0.19896510
vt 0.13492350 0.20129900
vt 0.12828360 0.20129900
vt 0.13492350 0.20363291
vt 0.12828360 0.20363291
vt 0.13492350 0.20596680
vt 0.12828360 0.20596680
vt 0.13492350 0.20830069
vt 0.12828360 0.20830069
vt 0.13492350 0.21063460
vt 0.12828360 0.21063460
vt 0.13160349 0.21296850
vt 0.13492350 0.21296850
vt 0.12828360 0.21296850
vt 0.06620764 0.75666201
vt 0.06620764 0.74781650
vt 0.08626961 0.74781650
vt 0.04614531 0.75666201
vt 0.04310840 0.74662662
vt 0.06620764 0.73897099
vt 0.08626961 0.73897099
vt 0.04476433 0.74497050
vt 0.04410803 0.74597007
vt 0.04497164 0.74388522
vt 0.06620764 0.73012549
vt 0.08626961 0.73012549
vt 0.05742949 0.73195320
vt 0.05670589 0.73209113
vt 0.04476433 0.74279982
vt 0.04410803 0.74180031
vt 0.04310840 0.74114370
vt 0.05598235 0.73195320
vt 0.04202306 0.74093658
vt 0.05531591 0.73151541
vt 0.02608335 0.73543280
vt 0.04093766 0.74114370
vt 0.03993803 0.74180031
vt 0.03928112 0.74279982
vt 0.02608335 0.74958563
vt 0.03907442 0.74388522
vt 0.03993803 0.74597007
vt 0.04093766 0.74662662
vt 0.04202306 0.74683362
vt 0.03928112 0.74497050
vt 0.02608335 0.76373839
vt 0.04202306 0.76649028
vt 0.04093766 0.76669741
vt 0.03993803 0.76735389
vt 0.03928112 0.76835352
vt 0.03907442 0.76943880
vt 0.03928112 0.77052420
vt 0.02608335 0.77789122
vt 0.03993803 0.77152371
vt 0.04093766 0.77218032
vt 0.04202306 0.77238733
vt 0.05598235 0.78137082
vt 0.04310840 0.77218032
vt 0.05531591 0.78180861
vt 0.05670589 0.78123277
vt 0.06620764 0.77435303
vt 0.05742949 0.78137082
vt 0.06620764 0.76550752
vt 0.08626961 0.76550752
vt 0.08626961 0.77435303
vt 0.06620764 0.78319848
vt 0.04497164 0.76943880
vt 0.04476433 0.77052420
vt 0.04410803 0.77152371
vt 0.04476433 0.76835352
vt 0.04410803 0.76735389
vt 0.04310840 0.76669741
vt 0.08626961 0.78319848
vt 0.08097857 0.79007840
vt 0.05809593 0.78180861
vt 0.05809593 0.78458852
vt 0.05742949 0.78502607
vt 0.05853343 0.78392208
vt 0.05867165 0.78319848
vt 0.08025497 0.79021633
vt 0.06578052 0.79204398
vt 0.05853343 0.78247488
vt 0.05670589 0.78516418
vt 0.07958859 0.79065412
vt 0.07915085 0.79132050
vt 0.07901281 0.79204398
vt 0.05254817 0.79204398
vt 0.05598235 0.78502607
vt 0.03931576 0.79204398
vt 0.05531591 0.78458852
vt 0.05487787 0.78392208
vt 0.05474019 0.78319848
vt 0.05487787 0.78247488
vt 0.02608335 0.79204398
vt 0.08170211 0.79021633
vt 0.08236855 0.79065412
vt 0.09729421 0.79204398
vt 0.08280628 0.79132050
vt 0.08294433 0.79204398
vt 0.10633170 0.78319848
vt 0.11164410 0.79204398
vt 0.12639371 0.78319848
vt 0.12599400 0.79204398
vt 0.12639371 0.77435303
vt 0.13422389 0.77984291
vt 0.14645571 0.78319848
vt 0.14034390 0.79204398
vt 0.13561390 0.78319848
vt 0.13364820 0.78123277
vt 0.13378620 0.78195637
vt 0.13422389 0.78262281
vt 0.13489030 0.78306049
vt 0.13378620 0.78050929
vt 0.15469369 0.79204398
vt 0.16651770 0.78319848
vt 0.16904370 0.79204398
vt 0.18206809 0.78306049
vt 0.18339349 0.79204398
vt 0.18657970 0.78319848
vt 0.19774340 0.79204398
vt 0.18279169 0.78319848
vt 0.20664170 0.78319848
vt 0.21209329 0.79204398
vt 0.18657970 0.77435303
vt 0.22670370 0.78319848
vt 0.20664170 0.77435303
vt 0.22670370 0.77435303
vt 0.24676570 0.77435303
vt 0.22768541 0.79021633
vt 0.24676570 0.78319848
vt 0.22913250 0.79021633
vt 0.22840890 0.79007840
vt 0.22701900 0.79065412
vt 0.22658120 0.79132050
vt 0.22644320 0.79204398
vt 0.26682779 0.78319848
vt 0.24450339 0.79204398
vt 0.25863230 0.79204398
vt 0.26914221 0.78418142
vt 0.26841861 0.78404331
vt 0.27276099 0.79204398
vt 0.26986581 0.78404331
vt 0.28688979 0.79204398
vt 0.27096990 0.78293920
vt 0.28688979 0.77789122
vt 0.27053219 0.78360558
vt 0.28688979 0.76373839
vt 0.27388981 0.77130198
vt 0.27409679 0.77238733
vt 0.27388981 0.77347273
vt 0.26986581 0.78038800
vt 0.27223361 0.77512878
vt 0.27323321 0.77447218
vt 0.27053219 0.78082567
vt 0.27096990 0.78149211
vt 0.27110791 0.78221571
vt 0.26914221 0.78025001
vt 0.27114820 0.77533591
vt 0.27006280 0.77512878
vt 0.26841861 0.78038800
vt 0.26775220 0.78082567
vt 0.26906320 0.77447218
vt 0.26840660 0.77347273
vt 0.26731449 0.78149211
vt 0.26819959 0.77238733
vt 0.26682779 0.76550752
vt 0.26717651 0.78221571
vt 0.24676570 0.76550752
vt 0.26682779 0.75666201
vt 0.27223361 0.76964593
vt 0.26840660 0.77130198
vt 0.26906320 0.77030241
vt 0.27114820 0.76943880
vt 0.27006280 0.76964593
vt 0.24676570 0.75666201
vt 0.28688979 0.74958563
vt 0.26682779 0.74781650
vt 0.22670370 0.76550752
vt 0.22670370 0.75666201
vt 0.24676570 0.74781650
vt 0.20664170 0.76550752
vt 0.20664170 0.75666201
vt 0.18657970 0.76550752
vt 0.18657970 0.75666201
vt 0.16651770 0.76550752
vt 0.16651770 0.77435303
vt 0.14645571 0.77435303
vt 0.18140170 0.77984291
vt 0.18206809 0.77940518
vt 0.18279169 0.77926719
vt 0.18351530 0.77940518
vt 0.18418160 0.77984291
vt 0.18461940 0.78050929
vt 0.18475740 0.78123277
vt 0.18461940 0.78195637
vt 0.18418160 0.78262281
vt 0.18351530 0.78306049
vt 0.18096390 0.78050929
vt 0.18082590 0.78123277
vt 0.18096390 0.78195637
vt 0.18140170 0.78262281
vt 0.14645571 0.76550752
vt 0.13700379 0.77984291
vt 0.13561390 0.77926719
vt 0.13633750 0.77940518
vt 0.12639371 0.76550752
vt 0.14645571 0.75666201
vt 0.16651770 0.75666201
vt 0.16651770 0.74781650
vt 0.18657970 0.74781650
vt 0.18657970 0.73897099
vt 0.20664170 0.74781650
vt 0.20664170 0.73897099
vt 0.22670370 0.73897099
vt 0.22670370 0.73012549
vt 0.20664170 0.73012549
vt 0.18657970 0.73012549
vt 0.19774340 0.72127998
vt 0.18339349 0.72127998
vt 0.18418160 0.73070121
vt 0.18351530 0.73026347
vt 0.18279169 0.73012549
vt 0.18657970 0.73012549
vt 0.18279169 0.73012549
vt 0.16651770 0.73012549
vt 0.18461940 0.73136759
vt 0.16651770 0.73012549
vt 0.18461940 0.73281473
vt 0.18475740 0.73209113
vt 0.16651770 0.73897099
vt 0.18140170 0.73348111
vt 0.14645571 0.73897099
vt 0.14645571 0.73012549
vt 0.15469369 0.72127998
vt 0.16904370 0.72127998
vt 0.18096390 0.73136759
vt 0.18140170 0.73070121
vt 0.18082590 0.73209113
vt 0.18096390 0.73281473
vt 0.18206809 0.73026347
vt 0.18206809 0.73391879
vt 0.18279169 0.73405677
vt 0.18351530 0.73391879
vt 0.18418160 0.73348111
vt 0.14034390 0.72127998
vt 0.12639371 0.73012549
vt 0.12599400 0.72127998
vt 0.11164410 0.72127998
vt 0.10633170 0.73012549
vt 0.09729421 0.72127998
vt 0.08236855 0.72266990
vt 0.08280628 0.72200352
vt 0.08294433 0.72127998
vt 0.08170211 0.72310758
vt 0.08097857 0.72324562
vt 0.08025497 0.72310758
vt 0.07958859 0.72266990
vt 0.06578052 0.72127998
vt 0.07915085 0.72200352
vt 0.07901281 0.72127998
vt 0.05742949 0.72829783
vt 0.05670589 0.72815979
vt 0.05254817 0.72127998
vt 0.05598235 0.72829783
vt 0.03931576 0.72127998
vt 0.05531591 0.72873563
vt 0.02608335 0.72127998
vt 0.05474019 0.73012549
vt 0.05487787 0.72940201
vt 0.05487787 0.73084903
vt 0.05809593 0.72873563
vt 0.05853343 0.72940201
vt 0.05867165 0.73012549
vt 0.05853343 0.73084903
vt 0.05809593 0.73151541
vt 0.10633170 0.73897099
vt 0.10633170 0.74781650
vt 0.12639371 0.73897099
vt 0.12639371 0.74781650
vt 0.13422389 0.73348111
vt 0.13561390 0.73405677
vt 0.13489030 0.73391879
vt 0.13633750 0.73391879
vt 0.13700379 0.73348111
vt 0.13744161 0.73281473
vt 0.13757969 0.73209113
vt 0.13744161 0.73136759
vt 0.13700379 0.73070121
vt 0.13633750 0.73026347
vt 0.13561390 0.73012549
vt 0.13489030 0.73026347
vt 0.13422389 0.73070121
vt 0.13378620 0.73136759
vt 0.13364820 0.73209113
vt 0.13378620 0.73281473
vt 0.10633170 0.75666201
vt 0.12639371 0.75666201
vt 0.14645571 0.74781650
vt 0.10633170 0.76550752
vt 0.10633170 0.77435303
vt 0.08626961 0.75666201
vt 0.21209329 0.72127998
vt 0.22658120 0.72200352
vt 0.22701900 0.72266990
vt 0.22768541 0.72310758
vt 0.22644320 0.72127998
vt 0.22840890 0.72324562
vt 0.22913250 0.72310758
vt 0.24286400 0.72928071
vt 0.24219760 0.72971839
vt 0.22979890 0.72266990
vt 0.23023669 0.72200352
vt 0.24450339 0.72127998
vt 0.23037469 0.72127998
vt 0.24358760 0.72914273
vt 0.24431120 0.72928071
vt 0.25863230 0.72127998
vt 0.27276099 0.72127998
vt 0.26682779 0.73012549
vt 0.24676570 0.73012549
vt 0.24497759 0.72971839
vt 0.24541530 0.73038483
vt 0.24676570 0.73897099
vt 0.24555330 0.73110831
vt 0.24541530 0.73183191
vt 0.22670370 0.74781650
vt 0.24286400 0.73293602
vt 0.24431120 0.73293602
vt 0.24358760 0.73307401
vt 0.24497759 0.73249823
vt 0.24219760 0.73249823
vt 0.24175981 0.73183191
vt 0.24162190 0.73110831
vt 0.24175981 0.73038483
vt 0.28688979 0.72127998
vt 0.28688979 0.73543280
vt 0.27323321 0.73885173
vt 0.27223361 0.73819518
vt 0.27114820 0.73798817
vt 0.27388981 0.73985130
vt 0.27388981 0.74202198
vt 0.27409679 0.74093658
vt 0.27323321 0.74302161
vt 0.27223361 0.74367821
vt 0.27114820 0.74388522
vt 0.27006280 0.74367821
vt 0.26906320 0.74302161
vt 0.26840660 0.74202198
vt 0.26819959 0.74093658
vt 0.26840660 0.73985130
vt 0.26906320 0.73885173
vt 0.27006280 0.73819518
vt 0.13744161 0.78050929
vt 0.13757969 0.78123277
vt 0.13744161 0.78195637
vt 0.13700379 0.78262281
vt 0.13633750 0.78306049
vt 0.13489030 0.77940518
vt 0.27323321 0.77030241
vt 0.26731449 0.78293920
vt 0.26775220 0.78360558
vt 0.23023669 0.79132050
vt 0.22979890 0.79065412
vt 0.23037469 0.79204398
vt 0.63645202 0.79542631
vt 0.65549541 0.81143677
vt 0.63443202 0.80033231
vt 0.63899052 0.79056871
vt 0.65549541 0.78644192
vt 0.63139272 0.82808101
vt 0.63093293 0.82218122
vt 0.65549541 0.83643180
vt 0.63285732 0.80540162
vt 0.63171101 0.81076962
vt 0.63105232 0.81638467
vt 0.68008143 0.81143677
vt 0.68008143 0.83643180
vt 0.68008143 0.86142671
vt 0.65509081 0.86832231
vt 0.63245672 0.83399582
vt 0.64260763 0.85592800
vt 0.63924807 0.85088551
vt 0.64641988 0.86054868
vt 0.65060860 0.86469263
vt 0.63640630 0.84549201
vt 0.63413203 0.83983141
vt 0.65978128 0.87141860
vt 0.66459721 0.87397921
vt 0.66946119 0.87601662
vt 0.67126822 0.87667912
vt 0.67246300 0.87730551
vt 0.67348850 0.87826037
vt 0.67422318 0.87945718
vt 0.68580300 0.88666928
vt 0.67460591 0.88075942
vt 0.67490751 0.88267481
vt 0.70466739 0.86142671
vt 0.69669849 0.89066380
vt 0.70466739 0.88642162
vt 0.70466739 0.83643180
vt 0.72925341 0.86142671
vt 0.72925341 0.88642162
vt 0.75145411 0.86566710
vt 0.71848953 0.89865291
vt 0.75155503 0.89659083
vt 0.77842528 0.88642162
vt 0.75036550 0.89687490
vt 0.75816751 0.87068921
vt 0.75574762 0.86953968
vt 0.74938571 0.89761227
vt 0.74880791 0.89859098
vt 0.72010797 0.89924628
vt 0.75345439 0.86785817
vt 0.73354238 0.90417171
vt 0.72172672 0.89983970
vt 0.74862772 0.89971560
vt 0.74535811 0.90850347
vt 0.74964052 0.90190369
vt 0.74890947 0.90091538
vt 0.75303870 0.90337658
vt 0.75717378 0.91283542
vt 0.75061083 0.90248650
vt 0.75509781 0.89766258
vt 0.75266987 0.89677250
vt 0.75752580 0.89855272
vt 0.75950879 0.90132362
vt 0.75932872 0.90244818
vt 0.75849611 0.89913547
vt 0.75546658 0.90426677
vt 0.75658160 0.90444851
vt 0.75777107 0.90416431
vt 0.75875092 0.90342700
vt 0.76898950 0.91716743
vt 0.77842528 0.91141647
vt 0.78080517 0.92149931
vt 0.80284071 0.88706732
vt 0.80301130 0.91141647
vt 0.79262102 0.92583120
vt 0.80443668 0.93016309
vt 0.81438410 0.92564023
vt 0.81625241 0.93449497
vt 0.81355149 0.92232752
vt 0.81365311 0.92465192
vt 0.81337142 0.92345208
vt 0.81412941 0.92134881
vt 0.81510907 0.92061150
vt 0.81629872 0.92032731
vt 0.81741363 0.92050892
vt 0.85218328 0.91141647
vt 0.81984150 0.92139912
vt 0.81697309 0.92681640
vt 0.81535453 0.92622298
vt 0.81859171 0.92740983
vt 0.82021028 0.92800331
vt 0.82226938 0.92228919
vt 0.82132518 0.92818493
vt 0.82323980 0.92287201
vt 0.82806808 0.93882692
vt 0.82251471 0.92790067
vt 0.82425249 0.92506009
vt 0.82349449 0.92716342
vt 0.82407242 0.92618471
vt 0.83988380 0.94315881
vt 0.85218328 0.93641132
vt 0.84150243 0.94375223
vt 0.84312099 0.94434559
vt 0.85475463 0.94861078
vt 0.86638832 0.95287591
vt 0.87676930 0.93641132
vt 0.87802190 0.95714110
vt 0.88966531 0.96137887
vt 0.89038908 0.96003067
vt 0.89156872 0.95888257
vt 0.88965559 0.96140617
vt 0.89308959 0.95815188
vt 0.90135521 0.93641132
vt 0.89472079 0.95795178
vt 0.87676930 0.91141647
vt 0.90135521 0.91141647
vt 0.92491829 0.93457538
vt 0.91308928 0.94639122
vt 0.90126032 0.95820689
vt 0.89799052 0.95807928
vt 0.93674731 0.92275971
vt 0.92352772 0.88525218
vt 0.94017881 0.91893268
vt 0.94318950 0.91472203
vt 0.92559469 0.88498098
vt 0.94572037 0.91020149
vt 0.94772983 0.90545630
vt 0.92760599 0.88427800
vt 0.94898039 0.90143073
vt 0.94989067 0.89716780
vt 0.92943192 0.88317418
vt 0.95041370 0.89270878
vt 0.93096530 0.88175011
vt 0.95050848 0.88810569
vt 0.93214208 0.88011730
vt 0.93294650 0.87839431
vt 0.95014340 0.88342059
vt 0.94929850 0.87872362
vt 0.93342668 0.87655252
vt 0.94796813 0.87408942
vt 0.93356401 0.87453860
vt 0.93329507 0.87245369
vt 0.94616199 0.86959422
vt 0.94390529 0.86531121
vt 0.93259811 0.87042499
vt 0.94123751 0.86130679
vt 0.93150377 0.86858332
vt 0.93821013 0.85763741
vt 0.93009180 0.86703670
vt 0.92847311 0.86584967
vt 0.93488371 0.85434657
vt 0.92676491 0.86503828
vt 0.93132442 0.85146421
vt 0.92759961 0.84900540
vt 0.92493880 0.86455393
vt 0.92294228 0.86441553
vt 0.92377508 0.84697211
vt 0.92087531 0.86468673
vt 0.91991258 0.84535408
vt 0.91886389 0.86538970
vt 0.91703802 0.86649352
vt 0.90135521 0.86142671
vt 0.91490418 0.84383363
vt 0.91550457 0.86791772
vt 0.91432792 0.86955041
vt 0.91352338 0.87127328
vt 0.91304320 0.87311530
vt 0.91290587 0.87512910
vt 0.90135521 0.88642162
vt 0.91317481 0.87721401
vt 0.87676930 0.86142671
vt 0.91799682 0.88381797
vt 0.91637820 0.88263112
vt 0.91387182 0.87924272
vt 0.91496623 0.88108438
vt 0.87676930 0.88642162
vt 0.85088789 0.87786323
vt 0.87627822 0.85179991
vt 0.88128102 0.84852761
vt 0.87083077 0.85407418
vt 0.87231511 0.85375762
vt 0.86931902 0.85420018
vt 0.86781532 0.85413498
vt 0.87373710 0.85326022
vt 0.85218328 0.86142671
vt 0.84933758 0.87525421
vt 0.85187531 0.88073719
vt 0.85225618 0.88369077
vt 0.85206181 0.88654381
vt 0.85138148 0.88915312
vt 0.85024178 0.89159399
vt 0.84857482 0.89390701
vt 0.84640241 0.89592451
vt 0.84381580 0.89748830
vt 0.84096640 0.89848417
vt 0.83803809 0.89886850
vt 0.83520973 0.89867228
vt 0.83262271 0.89798611
vt 0.81773168 0.89252681
vt 0.84733742 0.87306303
vt 0.84504408 0.87138152
vt 0.84262419 0.87023199
vt 0.84821332 0.85472232
vt 0.84765881 0.85438931
vt 0.84724110 0.85382462
vt 0.82773322 0.86477262
vt 0.84708011 0.85313892
vt 0.83305627 0.84177232
vt 0.81284207 0.85931319
vt 0.80301130 0.83643180
vt 0.79795110 0.85385382
vt 0.81710160 0.83592302
vt 0.78306001 0.84839451
vt 0.76816899 0.84293503
vt 0.75383931 0.83643180
vt 0.76558203 0.84224892
vt 0.77439523 0.82752919
vt 0.72925341 0.83643180
vt 0.75221688 0.84701419
vt 0.75077617 0.81125653
vt 0.77262491 0.82584202
vt 0.77278590 0.82652760
vt 0.76923752 0.81837487
vt 0.75438929 0.84499657
vt 0.75697589 0.84343290
vt 0.77320361 0.82709241
vt 0.77375811 0.82742542
vt 0.75982529 0.84243691
vt 0.76275361 0.84205270
vt 0.75328290 0.81252557
vt 0.77493471 0.82416022
vt 0.78519219 0.82422429
vt 0.77429760 0.82405639
vt 0.77361792 0.82421881
vt 0.77305800 0.82464010
vt 0.77272779 0.82519943
vt 0.77548921 0.82449323
vt 0.77590692 0.82505798
vt 0.77596498 0.82638621
vt 0.77563483 0.82694548
vt 0.77507478 0.82736683
vt 0.77606791 0.82574362
vt 0.80114692 0.83007360
vt 0.72925341 0.81143677
vt 0.74857301 0.80937791
vt 0.70466739 0.81143677
vt 0.70858860 0.79818070
vt 0.74687523 0.80702507
vt 0.74580210 0.80441147
vt 0.74341059 0.79754227
vt 0.70988792 0.79457498
vt 0.73622042 0.78495419
vt 0.70957923 0.79650283
vt 0.74019110 0.79100758
vt 0.70295852 0.79962039
vt 0.70690900 0.79944468
vt 0.70648837 0.78982478
vt 0.70004189 0.79692698
vt 0.69986773 0.79294240
vt 0.70129502 0.79862118
vt 0.70486981 0.79993182
vt 0.70815188 0.79082400
vt 0.70940500 0.79251808
vt 0.70466739 0.78644192
vt 0.70457709 0.78951341
vt 0.71527350 0.76749390
vt 0.72099042 0.77073830
vt 0.70085818 0.79126447
vt 0.68008143 0.78644192
vt 0.69355237 0.76159120
vt 0.69911933 0.76225549
vt 0.70444131 0.76341182
vt 0.70946711 0.76500010
vt 0.70253789 0.79000050
vt 0.68780559 0.76147068
vt 0.68195653 0.76193452
vt 0.67609239 0.76300770
vt 0.67030692 0.76469737
vt 0.66469473 0.76699150
vt 0.65934759 0.76985788
vt 0.65434831 0.77324653
vt 0.64976722 0.77709168
vt 0.64565891 0.78131658
vt 0.64206028 0.78583759
vt 0.69955891 0.79487020
vt 0.72648281 0.77474773
vt 0.73160708 0.77950418
vt 0.75054991 0.84932721
vt 0.74941021 0.85176808
vt 0.74873000 0.85437751
vt 0.74853551 0.85723031
vt 0.74891639 0.86018401
vt 0.74990380 0.86305797
vt 0.84901100 0.84762168
vt 0.84751320 0.85193712
vt 0.84718299 0.85249633
vt 0.85042018 0.85368317
vt 0.84938991 0.85145718
vt 0.84875280 0.85135341
vt 0.84807312 0.85151571
vt 0.84994441 0.85179019
vt 0.85036212 0.85235500
vt 0.86496568 0.85347098
vt 0.85052311 0.85304052
vt 0.84953010 0.85466379
vt 0.84885043 0.85482621
vt 0.85009003 0.85424250
vt 0.88668418 0.84591711
vt 0.89235502 0.84403437
vt 0.89814931 0.84290892
vt 0.90392351 0.84253258
vt 0.90954572 0.84286392
vt 0.91970497 0.88462943
vt 0.92153108 0.88511378
vt 0.82397068 0.92386031
vt 0.78794962 0.88160801
vt 0.77305847 0.87614858
vt 0.75922710 0.90012378
vt 0.70759398 0.89465839
vt 0.04505151 0.11902360
vt 0.01502043 0.12554590
vt 0.01502043 0.11902360
vt 0.04505151 0.12554590
vt 0.07508248 0.11902360
vt 0.07508248 0.12554590
vt 0.10511350 0.11902360
vt 0.10511350 0.12554590
vt 0.13514450 0.11902360
vt 0.13514450 0.12554590
vt 0.16517539 0.11902360
vt 0.16517539 0.12554590
vt 0.03897440 0.44341481
vt 0.03735017 0.44993711
vt 0.03735017 0.44341481
vt 0.03572624 0.44993711
vt 0.03572624 0.44341481
vt 0.03410238 0.44993711
vt 0.03410238 0.44341481
vt 0.03247869 0.44993711
vt 0.03247869 0.44341481
vt 0.03085476 0.44993711
vt 0.03085476 0.44341481
vt 0.02923077 0.44993711
vt 0.02923077 0.44341481
vt 0.02760684 0.44993711
vt 0.02760684 0.44341481
vt 0.02598291 0.44993711
vt 0.02598291 0.44341481
vt 0.03897440 0.44993711
vt 0.04505151 0.23225971
vt 0.01502043 0.23878200
vt 0.01502043 0.23225971
vt 0.04505151 0.23878200
vt 0.07508248 0.23225971
vt 0.07508248 0.23878200
vt 0.10511350 0.23225971
vt 0.10511350 0.23878200
vt 0.13514450 0.23225971
vt 0.13514450 0.23878200
vt 0.16517539 0.23225971
vt 0.16517539 0.23878200
vt 0.07794886 0.92166060
vt 0.07470095 0.92818278
vt 0.07470095 0.92166060
vt 0.07145309 0.92818278
vt 0.07145309 0.92166060
vt 0.06820523 0.92818278
vt 0.06820523 0.92166060
vt 0.06495738 0.92818278
vt 0.06495738 0.92166060
vt 0.06170946 0.92818278
vt 0.06170946 0.92166060
vt 0.05846130 0.92818278
vt 0.05846130 0.92166060
vt 0.05521363 0.92818278
vt 0.05521363 0.92166060
vt 0.05196589 0.92818278
vt 0.05196589 0.92166060
vt 0.04871803 0.92818278
vt 0.04871803 0.92166060
vt 0.04546988 0.92818278
vt 0.04546988 0.92166060
vt 0.04222226 0.92818278
vt 0.04222226 0.92166060
vt 0.03897440 0.92818278
vt 0.03897440 0.92166060
vt 0.03572624 0.92818278
vt 0.03572624 0.92166060
vt 0.03247869 0.92818278
vt 0.03247869 0.92166060
vt 0.02923077 0.92818278
vt 0.02923077 0.92166060
vt 0.02598291 0.92818278
vt 0.02598291 0.92166060
vt 0.07794886 0.92818278
vt 0.07794886 0.41441441
vt 0.07470095 0.42093670
vt 0.07470095 0.41441441
vt 0.07145309 0.42093670
vt 0.07145309 0.41441441
vt 0.06820523 0.42093670
vt 0.06820523 0.41441441
vt 0.06495738 0.42093670
vt 0.06495738 0.41441441
vt 0.06170946 0.42093670
vt 0.06170946 0.41441441
vt 0.05846130 0.42093670
vt 0.05846130 0.41441441
vt 0.05521363 0.42093670
vt 0.05521363 0.41441441
vt 0.05196589 0.42093670
vt 0.05196589 0.41441441
vt 0.04871803 0.42093670
vt 0.04871803 0.41441441
vt 0.04546988 0.42093670
vt 0.04546988 0.41441441
vt 0.04222226 0.42093670
vt 0.04222226 0.41441441
vt 0.03897440 0.42093670
vt 0.03897440 0.41441441
vt 0.03572624 0.42093670
vt 0.03572624 0.41441441
vt 0.03247869 0.42093670
vt 0.03247869 0.41441441
vt 0.02923077 0.42093670
vt 0.02923077 0.41441441
vt 0.02598291 0.42093670
vt 0.02598291 0.41441441
vt 0.07794886 0.42093670
vt 0.04505151 0.88028967
vt 0.01502043 0.88681209
vt 0.01502043 0.88028967
vt 0.04505151 0.88681209
vt 0.07508248 0.88028967
vt 0.07508248 0.88681209
vt 0.10511350 0.88028967
vt 0.10511350 0.88681209
vt 0.13514450 0.88028967
vt 0.13514450 0.88681209
vt 0.16517539 0.88681209
vt 0.16517539 0.88028967
vt 0.03735017 0.43558010
vt 0.03572624 0.44210240
vt 0.03572624 0.43558010
vt 0.03897440 0.43558010
vt 0.03735017 0.44210240
vt 0.03410238 0.44210240
vt 0.03410238 0.43558010
vt 0.03247869 0.44210240
vt 0.03247869 0.43558010
vt 0.03085476 0.44210240
vt 0.03085476 0.43558010
vt 0.02923077 0.44210240
vt 0.02923077 0.43558010
vt 0.02760684 0.44210240
vt 0.02760684 0.43558010
vt 0.02598291 0.44210240
vt 0.02598291 0.43558010
vt 0.03897440 0.44210240
vt 0.04505151 0.88812441
vt 0.01502043 0.89464670
vt 0.01502043 0.88812441
vt 0.04505151 0.89464670
vt 0.07508248 0.88812441
vt 0.07508248 0.89464670
vt 0.10511350 0.88812441
vt 0.10511350 0.89464670
vt 0.13514450 0.88812441
vt 0.13514450 0.89464670
vt 0.16517539 0.88812441
vt 0.16517539 0.89464670
vt 0.08802378 0.22587129
vt 0.08313351 0.22727510
vt 0.08313351 0.22587129
vt 0.07824331 0.22587129
vt 0.08802378 0.22727510
vt 0.09291398 0.22587129
vt 0.09291398 0.22727510
vt 0.09780418 0.22587129
vt 0.09780418 0.22727510
vt 0.10269440 0.22727510
vt 0.10269440 0.22587129
vt 0.10758460 0.22587129
vt 0.10758460 0.22727510
vt 0.11247470 0.22587129
vt 0.11247470 0.22727510
vt 0.11736500 0.22727510
vt 0.11736500 0.22587129
vt 0.12225520 0.22727510
vt 0.12225520 0.22587129
vt 0.12714539 0.22727510
vt 0.12714539 0.22587129
vt 0.13203560 0.22587129
vt 0.13203560 0.22727510
vt 0.13692580 0.22587129
vt 0.13692580 0.22727510
vt 0.14181601 0.22587129
vt 0.14181601 0.22727510
vt 0.14670619 0.22587129
vt 0.14670619 0.22727510
vt 0.15159640 0.22587129
vt 0.15159640 0.22727510
vt 0.15648670 0.22587129
vt 0.15648670 0.22727510
vt 0.16137689 0.22587129
vt 0.16137689 0.22727510
vt 0.16626699 0.22587129
vt 0.16626699 0.22727510
vt 0.17115730 0.22587129
vt 0.17115730 0.22727510
vt 0.17604750 0.22587129
vt 0.17604750 0.22727510
vt 0.18093771 0.22587129
vt 0.18093771 0.22727510
vt 0.18582790 0.22587129
vt 0.18582790 0.22727510
vt 0.19071810 0.22587129
vt 0.19071810 0.22727510
vt 0.19560830 0.22587129
vt 0.19560830 0.22727510
vt 0.20049860 0.22587129
vt 0.20049860 0.22727510
vt 0.20538880 0.22587129
vt 0.20538880 0.22727510
vt 0.21027900 0.22587129
vt 0.21027900 0.22727510
vt 0.21516921 0.22587129
vt 0.21516921 0.22727510
vt 0.22005939 0.22587129
vt 0.22005939 0.22727510
vt 0.22494949 0.22587129
vt 0.22494949 0.22727510
vt 0.22983980 0.22727510
vt 0.22983980 0.22587129
vt 0.23473001 0.22727510
vt 0.23473001 0.22587129
vt 0.07824331 0.22727510
vt 0.22983980 0.14984500
vt 0.22494949 0.15120269
vt 0.22494949 0.14984500
vt 0.23473001 0.14984500
vt 0.22983980 0.15120269
vt 0.22005939 0.15120269
vt 0.22005939 0.14984500
vt 0.21516921 0.15120269
vt 0.21516921 0.14984500
vt 0.21027900 0.15120269
vt 0.21027900 0.14984500
vt 0.20538880 0.15120269
vt 0.20538880 0.14984500
vt 0.20049860 0.15120269
vt 0.20049860 0.14984500
vt 0.19560830 0.15120269
vt 0.19560830 0.14984500
vt 0.19071810 0.15120269
vt 0.19071810 0.14984500
vt 0.18582790 0.15120269
vt 0.18582790 0.14984500
vt 0.18093771 0.15120269
vt 0.18093771 0.14984500
vt 0.17604750 0.15120269
vt 0.17604750 0.14984500
vt 0.17115730 0.15120269
vt 0.17115730 0.14984500
vt 0.16626699 0.15120269
vt 0.16626699 0.14984500
vt 0.16137689 0.15120269
vt 0.16137689 0.14984500
vt 0.15648670 0.15120269
vt 0.15648670 0.14984500
vt 0.15159640 0.15120269
vt 0.15159640 0.14984500
vt 0.14670619 0.15120269
vt 0.14670619 0.14984500
vt 0.14181601 0.15120269
vt 0.14181601 0.14984500
vt 0.13692580 0.15120269
vt 0.13692580 0.14984500
vt 0.13203560 0.15120269
vt 0.13203560 0.14984500
vt 0.12714539 0.15120269
vt 0.12714539 0.14984500
vt 0.12225520 0.15120269
vt 0.12225520 0.14984500
vt 0.11736500 0.15120269
vt 0.11736500 0.14984500
vt 0.11247470 0.15120269
vt 0.11247470 0.14984500
vt 0.10758460 0.15120269
vt 0.10758460 0.14984500
vt 0.10269440 0.15120269
vt 0.10269440 0.14984500
vt 0.09780418 0.15120269
vt 0.09780418 0.14984500
vt 0.09291398 0.15120269
vt 0.09291398 0.14984500
vt 0.08802378 0.15120269
vt 0.08802378 0.14984500
vt 0.08313351 0.15120269
vt 0.08313351 0.14984500
vt 0.07824331 0.15120269
vt 0.07824331 0.14984500
vt 0.23473001 0.15120269
vt 0.03198868 0.53170037
vt 0.03444623 0.52707571
vt 0.03587049 0.52792972
vt 0.03349328 0.53240281
vt 0.03002136 0.53655410
vt 0.03159070 0.53709728
vt 0.02857249 0.54155791
vt 0.03018933 0.54193711
vt 0.02765262 0.54662961
vt 0.02929908 0.54684252
vt 0.02725476 0.55168837
vt 0.02891469 0.55173540
vt 0.02735823 0.55665863
vt 0.02901428 0.55654269
vt 0.02792781 0.56147331
vt 0.02956551 0.56119961
vt 0.02891916 0.56607622
vt 0.03052443 0.56565142
vt 0.03028118 0.57042283
vt 0.03184175 0.56985557
vt 0.03202795 0.57462960
vt 0.03353118 0.57392442
vt 0.03422379 0.57879472
vt 0.03565502 0.57795298
vt 0.03822273 0.58187670
vt 0.03687870 0.58285141
vt 0.03999108 0.58672798
vt 0.04123324 0.58562613
vt 0.04354423 0.59035069
vt 0.04466962 0.58913010
vt 0.04750633 0.59364778
vt 0.04850178 0.59231907
vt 0.05268383 0.59512937
vt 0.05183005 0.59655333
vt 0.05715698 0.59750670
vt 0.05645442 0.59901112
vt 0.06185168 0.59940922
vt 0.06130844 0.60097820
vt 0.06669139 0.60081053
vt 0.06631225 0.60242712
vt 0.07159680 0.60170060
vt 0.07138395 0.60334730
vt 0.07648974 0.60208517
vt 0.07644271 0.60374492
vt 0.08129703 0.60198528
vt 0.08622765 0.60307211
vt 0.08141297 0.60364169
vt 0.08595389 0.60143441
vt 0.09040576 0.60047537
vt 0.09083050 0.60208070
vt 0.09517717 0.60071868
vt 0.09460997 0.59915823
vt 0.09938389 0.59897172
vt 0.10354910 0.59677613
vt 0.09867876 0.59746838
vt 0.10270730 0.59534490
vt 0.10760580 0.59412122
vt 0.11148230 0.59100890
vt 0.10663110 0.59277701
vt 0.11510500 0.58745557
vt 0.11038050 0.58976668
vt 0.11388450 0.58632988
vt 0.11840210 0.58349359
vt 0.11707340 0.58249778
vt 0.11988370 0.57831579
vt 0.12226090 0.57384282
vt 0.12130770 0.57916981
vt 0.12416350 0.56914818
vt 0.12376550 0.57454520
vt 0.12573260 0.56969142
vt 0.12556490 0.56430852
vt 0.12718140 0.56468773
vt 0.12645490 0.55940312
vt 0.12810160 0.55961603
vt 0.12683950 0.55451018
vt 0.12673961 0.54970288
vt 0.12849930 0.55455720
vt 0.12839600 0.54958701
vt 0.12782639 0.54477221
vt 0.12618861 0.54504597
vt 0.12522981 0.54059410
vt 0.12683500 0.54016942
vt 0.12391250 0.53639001
vt 0.12222280 0.53232121
vt 0.12547299 0.53582281
vt 0.12372600 0.53161597
vt 0.12009920 0.52829248
vt 0.12153050 0.52745092
vt 0.11753120 0.52436882
vt 0.11887550 0.52339411
vt 0.11452100 0.52061939
vt 0.11108430 0.51711547
vt 0.11576320 0.51951760
vt 0.11221000 0.51589489
vt 0.10725210 0.51392651
vt 0.10824790 0.51259768
vt 0.10307010 0.51111621
vt 0.10392420 0.50969219
vt 0.09859716 0.50873888
vt 0.09390252 0.50683641
vt 0.09929955 0.50723439
vt 0.09444576 0.50526738
vt 0.08906280 0.50543499
vt 0.08944201 0.50381851
vt 0.08415740 0.50454497
vt 0.08437031 0.50289828
vt 0.07926452 0.50416040
vt 0.07931154 0.50250059
vt 0.07445722 0.50426030
vt 0.07434129 0.50260389
vt 0.06980037 0.50481123
vt 0.06952661 0.50317347
vt 0.06534844 0.50577009
vt 0.06492376 0.50416487
vt 0.06114429 0.50708741
vt 0.06057709 0.50552690
vt 0.05707550 0.50877720
vt 0.05637001 0.50727391
vt 0.05304688 0.51090068
vt 0.05220520 0.50946951
vt 0.04912286 0.51346862
vt 0.04814845 0.51212442
vt 0.04537343 0.51647890
vt 0.04427164 0.51523668
vt 0.04186964 0.51991558
vt 0.03868079 0.52374780
vt 0.03735208 0.52275199
vt 0.04064923 0.51879001
vt 0.02636504 0.10587650
vt 0.02521872 0.10750220
vt 0.02521872 0.10587650
vt 0.02751106 0.10587650
vt 0.02636504 0.10750220
vt 0.02407217 0.10750220
vt 0.02407217 0.10587650
vt 0.02292609 0.10750220
vt 0.02292609 0.10587650
vt 0.02177983 0.10750220
vt 0.02177983 0.10587650
vt 0.02063328 0.10750220
vt 0.02063328 0.10587650
vt 0.01948720 0.10750220
vt 0.01948720 0.10587650
vt 0.01834088 0.10750220
vt 0.01834088 0.10587650
vt 0.01719439 0.10750220
vt 0.01719439 0.10587650
vt 0.01604825 0.10750220
vt 0.01604825 0.10587650
vt 0.01490163 0.10750220
vt 0.01490163 0.10587650
vt 0.01375550 0.10750220
vt 0.01375550 0.10587650
vt 0.01260936 0.10750220
vt 0.01260936 0.10587650
vt 0.01146274 0.10750220
vt 0.01146274 0.10587650
vt 0.01031661 0.10750220
vt 0.01031661 0.10587650
vt 0.00917041 0.10750220
vt 0.00917041 0.10587650
vt 0.02751106 0.10750220
vt 0.16133370 0.07611382
vt 0.16153260 0.07458543
vt 0.17468680 0.07126027
vt 0.17284410 0.08291608
vt 0.16143531 0.07759004
vt 0.17158100 0.08351087
vt 0.16179030 0.07894021
vt 0.16238511 0.08020329
vt 0.16325520 0.08140015
vt 0.17023081 0.08386594
vt 0.16875461 0.08396744
vt 0.16438900 0.08244413
vt 0.16722630 0.08376866
vt 0.16573910 0.08325326
vt 0.17404100 0.08204597
vt 0.17555679 0.07245713
vt 0.17508499 0.08091217
vt 0.17615169 0.07372015
vt 0.17589410 0.07956212
vt 0.17640939 0.07807499
vt 0.17660829 0.07654660
vt 0.17650680 0.07507038
vt 0.17355300 0.07021629
vt 0.16204789 0.07309824
vt 0.17220300 0.06940710
vt 0.16285710 0.07174819
vt 0.17071579 0.06889176
vt 0.16390100 0.07061439
vt 0.16918740 0.06869292
vt 0.16509800 0.06974428
vt 0.16771109 0.06879448
vt 0.16636100 0.06914949
vt 0.20978530 0.94547790
vt 0.21134610 0.94657838
vt 0.20978530 0.94657838
vt 0.21134610 0.94767892
vt 0.20978530 0.94767892
vt 0.21134610 0.94877952
vt 0.20978530 0.94877952
vt 0.21134610 0.94988000
vt 0.20978530 0.94988000
vt 0.21134610 0.95098048
vt 0.20978530 0.95098048
vt 0.21134610 0.95208102
vt 0.20978530 0.95208102
vt 0.21134610 0.95318162
vt 0.20978530 0.95318162
vt 0.21134610 0.95428210
vt 0.20978530 0.95428210
vt 0.21134610 0.95538270
vt 0.20978530 0.95538270
vt 0.21134610 0.95648319
vt 0.20978530 0.95648319
vt 0.21134610 0.95758373
vt 0.20978530 0.95758373
vt 0.21134610 0.95868421
vt 0.20978530 0.95868421
vt 0.21134610 0.95978481
vt 0.20978530 0.95978481
vt 0.21134610 0.96088529
vt 0.20978530 0.96088529
vt 0.21134610 0.96198583
vt 0.20978530 0.96198583
vt 0.21134610 0.96308643
vt 0.20978530 0.96308643
vt 0.21134610 0.94547790
vt 0.18429670 0.37941399
vt 0.18798789 0.38956910
vt 0.18717870 0.39091909
vt 0.18280950 0.37889871
vt 0.18564680 0.38022321
vt 0.18850321 0.38808191
vt 0.18678060 0.38126710
vt 0.18870211 0.38655350
vt 0.18765070 0.38246411
vt 0.18824551 0.38372710
vt 0.18860050 0.38507730
vt 0.18128119 0.37869981
vt 0.18613461 0.39205289
vt 0.17447890 0.39021021
vt 0.17980500 0.37880141
vt 0.17845480 0.37915641
vt 0.17388409 0.38894710
vt 0.17719170 0.37975121
vt 0.17599480 0.38062131
vt 0.17352900 0.38759691
vt 0.17342751 0.38612071
vt 0.17495079 0.38175511
vt 0.17414171 0.38310519
vt 0.17362639 0.38459241
vt 0.17534889 0.39140710
vt 0.18493780 0.39292300
vt 0.17648271 0.39245111
vt 0.18367480 0.39351779
vt 0.17783290 0.39326021
vt 0.17931999 0.39377549
vt 0.18232460 0.39387289
vt 0.18084840 0.39397439
vt 0.08802378 0.87781870
vt 0.08313351 0.87922251
vt 0.08313351 0.87781870
vt 0.07824331 0.87781870
vt 0.08802378 0.87922251
vt 0.09291398 0.87781870
vt 0.09291398 0.87922251
vt 0.09780418 0.87781870
vt 0.09780418 0.87922251
vt 0.10269440 0.87781870
vt 0.10269440 0.87922251
vt 0.10758460 0.87781870
vt 0.10758460 0.87922251
vt 0.11247470 0.87781870
vt 0.11247470 0.87922251
vt 0.11736500 0.87781870
vt 0.11736500 0.87922251
vt 0.12225520 0.87781870
vt 0.12225520 0.87922251
vt 0.12714539 0.87781870
vt 0.12714539 0.87922251
vt 0.13203560 0.87781870
vt 0.13203560 0.87922251
vt 0.13692580 0.87781870
vt 0.13692580 0.87922251
vt 0.14181601 0.87781870
vt 0.14181601 0.87922251
vt 0.14670619 0.87781870
vt 0.14670619 0.87922251
vt 0.15159640 0.87781870
vt 0.15159640 0.87922251
vt 0.15648670 0.87781870
vt 0.15648670 0.87922251
vt 0.16137689 0.87781870
vt 0.16137689 0.87922251
vt 0.16626699 0.87781870
vt 0.16626699 0.87922251
vt 0.17115730 0.87781870
vt 0.17115730 0.87922251
vt 0.17604750 0.87781870
vt 0.17604750 0.87922251
vt 0.18093771 0.87781870
vt 0.18093771 0.87922251
vt 0.18582790 0.87781870
vt 0.18582790 0.87922251
vt 0.19071810 0.87781870
vt 0.19071810 0.87922251
vt 0.19560830 0.87781870
vt 0.19560830 0.87922251
vt 0.20049860 0.87781870
vt 0.20049860 0.87922251
vt 0.20538880 0.87781870
vt 0.20538880 0.87922251
vt 0.21027900 0.87781870
vt 0.21027900 0.87922251
vt 0.21516921 0.87781870
vt 0.21516921 0.87922251
vt 0.22005939 0.87781870
vt 0.22494949 0.87922251
vt 0.22005939 0.87922251
vt 0.22494949 0.87781870
vt 0.22983980 0.87922251
vt 0.22983980 0.87781870
vt 0.23473001 0.87922251
vt 0.23473001 0.87781870
vt 0.07824331 0.87922251
vt 0.23473001 0.22978400
vt 0.22983980 0.23114170
vt 0.22983980 0.22978400
vt 0.22494949 0.23114170
vt 0.22494949 0.22978400
vt 0.22005939 0.23114170
vt 0.22005939 0.22978400
vt 0.21516921 0.23114170
vt 0.21516921 0.22978400
vt 0.21027900 0.23114170
vt 0.21027900 0.22978400
vt 0.20538880 0.23114170
vt 0.20538880 0.22978400
vt 0.20049860 0.23114170
vt 0.20049860 0.22978400
vt 0.19560830 0.23114170
vt 0.19560830 0.22978400
vt 0.19071810 0.23114170
vt 0.19071810 0.22978400
vt 0.18582790 0.23114170
vt 0.18582790 0.22978400
vt 0.18093771 0.23114170
vt 0.18093771 0.22978400
vt 0.17604750 0.23114170
vt 0.17604750 0.22978400
vt 0.17115730 0.23114170
vt 0.17115730 0.22978400
vt 0.16626699 0.23114170
vt 0.16626699 0.22978400
vt 0.16137689 0.23114170
vt 0.16137689 0.22978400
vt 0.15648670 0.23114170
vt 0.15648670 0.22978400
vt 0.15159640 0.23114170
vt 0.15159640 0.22978400
vt 0.14670619 0.23114170
vt 0.14670619 0.22978400
vt 0.14181601 0.23114170
vt 0.14181601 0.22978400
vt 0.13692580 0.23114170
vt 0.13692580 0.22978400
vt 0.13203560 0.23114170
vt 0.13203560 0.22978400
vt 0.12714539 0.23114170
vt 0.12714539 0.22978400
vt 0.12225520 0.23114170
vt 0.12225520 0.22978400
vt 0.11736500 0.23114170
vt 0.11736500 0.22978400
vt 0.11247470 0.23114170
vt 0.11247470 0.22978400
vt 0.10758460 0.23114170
vt 0.10758460 0.22978400
vt 0.10269440 0.23114170
vt 0.10269440 0.22978400
vt 0.09780418 0.23114170
vt 0.09780418 0.22978400
vt 0.09291398 0.23114170
vt 0.09291398 0.22978400
vt 0.08802378 0.23114170
vt 0.08802378 0.22978400
vt 0.08313351 0.23114170
vt 0.08313351 0.22978400
vt 0.07824331 0.23114170
vt 0.07824331 0.22978400
vt 0.23473001 0.23114170
vt 0.18924740 0.53161597
vt 0.19144291 0.52745092
vt 0.19287410 0.52829248
vt 0.19075049 0.53232121
vt 0.18750019 0.53582281
vt 0.18906090 0.53639001
vt 0.18613841 0.54016942
vt 0.18774360 0.54059410
vt 0.18514690 0.54477221
vt 0.18678460 0.54504597
vt 0.18457741 0.54958701
vt 0.18623360 0.54970288
vt 0.18447410 0.55455720
vt 0.18613380 0.55451018
vt 0.18487170 0.55961603
vt 0.18651840 0.55940312
vt 0.18579189 0.56468773
vt 0.18740851 0.56430852
vt 0.18724079 0.56969142
vt 0.18880980 0.56914818
vt 0.19071241 0.57384282
vt 0.18920790 0.57454520
vt 0.19166569 0.57916981
vt 0.19457109 0.58349359
vt 0.19308960 0.57831579
vt 0.19589990 0.58249778
vt 0.19908890 0.58632988
vt 0.20259289 0.58976668
vt 0.19786841 0.58745557
vt 0.20149110 0.59100890
vt 0.20634229 0.59277701
vt 0.20536759 0.59412122
vt 0.21026590 0.59534490
vt 0.20942430 0.59677613
vt 0.21429460 0.59746838
vt 0.21358940 0.59897172
vt 0.21836340 0.59915823
vt 0.21779621 0.60071868
vt 0.22256760 0.60047537
vt 0.22214290 0.60208070
vt 0.22701950 0.60143441
vt 0.22674569 0.60307211
vt 0.23167630 0.60198528
vt 0.23156039 0.60364169
vt 0.23648360 0.60208517
vt 0.23653071 0.60374492
vt 0.24158940 0.60334730
vt 0.24137650 0.60170060
vt 0.24666110 0.60242712
vt 0.24628191 0.60081053
vt 0.25166491 0.60097820
vt 0.25112170 0.59940922
vt 0.25651869 0.59901112
vt 0.25581631 0.59750670
vt 0.26114330 0.59655333
vt 0.26028931 0.59512937
vt 0.26546711 0.59364778
vt 0.26942909 0.59035069
vt 0.26447129 0.59231907
vt 0.27298230 0.58672798
vt 0.26830351 0.58913010
vt 0.27174011 0.58562613
vt 0.27609470 0.58285141
vt 0.27475050 0.58187670
vt 0.27874959 0.57879472
vt 0.28094509 0.57462960
vt 0.27731830 0.57795298
vt 0.28269210 0.57042283
vt 0.27944189 0.57392442
vt 0.28113160 0.56985557
vt 0.28405410 0.56607622
vt 0.28244901 0.56565142
vt 0.28504550 0.56147331
vt 0.28340790 0.56119961
vt 0.28561521 0.55665863
vt 0.28395879 0.55654269
vt 0.28571850 0.55168837
vt 0.28532079 0.54662961
vt 0.28405869 0.55173540
vt 0.28367409 0.54684252
vt 0.28440061 0.54155791
vt 0.28278410 0.54193711
vt 0.28295171 0.53655410
vt 0.28098461 0.53170037
vt 0.28138259 0.53709728
vt 0.27948010 0.53240281
vt 0.27852681 0.52707571
vt 0.27710280 0.52792972
vt 0.27429259 0.52374780
vt 0.27562121 0.52275199
vt 0.27232420 0.51879001
vt 0.26870140 0.51523668
vt 0.27110359 0.51991558
vt 0.26759970 0.51647890
vt 0.26482490 0.51212442
vt 0.26385021 0.51346862
vt 0.25992650 0.51090068
vt 0.26076820 0.50946951
vt 0.25660300 0.50727391
vt 0.25239629 0.50552690
vt 0.25589791 0.50877720
vt 0.25182909 0.50708741
vt 0.24804960 0.50416487
vt 0.24344680 0.50317347
vt 0.24762490 0.50577009
vt 0.24317300 0.50481123
vt 0.23863210 0.50260389
vt 0.23366180 0.50250059
vt 0.23851620 0.50426030
vt 0.23370890 0.50416040
vt 0.22860309 0.50289828
vt 0.22881590 0.50454497
vt 0.22353140 0.50381851
vt 0.22391050 0.50543499
vt 0.21852760 0.50526738
vt 0.21907081 0.50683641
vt 0.21367380 0.50723439
vt 0.21437620 0.50873888
vt 0.20904920 0.50969219
vt 0.20472550 0.51259768
vt 0.20990320 0.51111621
vt 0.20572110 0.51392651
vt 0.20076340 0.51589489
vt 0.20188899 0.51711547
vt 0.19721019 0.51951760
vt 0.19409780 0.52339411
vt 0.19845240 0.52061939
vt 0.19544201 0.52436882
vt 0.22288691 0.94547790
vt 0.22444770 0.94657838
vt 0.22288691 0.94657838
vt 0.22444770 0.94767892
vt 0.22288691 0.94767892
vt 0.22444770 0.94877952
vt 0.22288691 0.94877952
vt 0.22444770 0.94988000
vt 0.22288691 0.94988000
vt 0.22444770 0.95098048
vt 0.22288691 0.95098048
vt 0.22444770 0.95208102
vt 0.22288691 0.95208102
vt 0.22444770 0.95318162
vt 0.22288691 0.95318162
vt 0.22444770 0.95428210
vt 0.22288691 0.95428210
vt 0.22444770 0.95538270
vt 0.22288691 0.95538270
vt 0.22444770 0.95648319
vt 0.22288691 0.95648319
vt 0.22444770 0.95758373
vt 0.22288691 0.95758373
vt 0.22444770 0.95868421
vt 0.22288691 0.95868421
vt 0.22444770 0.95978481
vt 0.22288691 0.95978481
vt 0.22444770 0.96088529
vt 0.22288691 0.96088529
vt 0.22444770 0.96198583
vt 0.22288691 0.96198583
vt 0.22444770 0.96308643
vt 0.22288691 0.96308643
vt 0.22444770 0.94547790
vt 0.18367480 0.35565260
vt 0.17648271 0.35671940
vt 0.17783290 0.35591021
vt 0.18493780 0.35624740
vt 0.17534889 0.35776341
vt 0.17447890 0.35896021
vt 0.18613461 0.35711750
vt 0.17980500 0.37036899
vt 0.17845480 0.37001401
vt 0.17388409 0.36022320
vt 0.17719170 0.36941919
vt 0.17352900 0.36157349
vt 0.17599480 0.36854911
vt 0.17342751 0.36304969
vt 0.17495079 0.36741531
vt 0.17362639 0.36457810
vt 0.17414171 0.36606520
vt 0.18128119 0.37047049
vt 0.18717870 0.35825130
vt 0.18280950 0.37027171
vt 0.18429670 0.36975640
vt 0.18798789 0.35960129
vt 0.18564680 0.36894721
vt 0.18850321 0.36108851
vt 0.18678060 0.36790320
vt 0.18870211 0.36261690
vt 0.18765070 0.36670640
vt 0.18860050 0.36409310
vt 0.18824551 0.36544329
vt 0.17931999 0.35539481
vt 0.18084840 0.35519600
vt 0.18232460 0.35529751
vt 0.02636504 0.10391780
vt 0.02521872 0.10554350
vt 0.02521872 0.10391780
vt 0.02751106 0.10391780
vt 0.02636504 0.10554350
vt 0.02407217 0.10554350
vt 0.02407217 0.10391780
vt 0.02292609 0.10554350
vt 0.02292609 0.10391780
vt 0.02177983 0.10554350
vt 0.02177983 0.10391780
vt 0.02063328 0.10554350
vt 0.02063328 0.10391780
vt 0.01948720 0.10554350
vt 0.01948720 0.10391780
vt 0.01834088 0.10554350
vt 0.01834088 0.10391780
vt 0.01719439 0.10554350
vt 0.01719439 0.10391780
vt 0.01604825 0.10554350
vt 0.01604825 0.10391780
vt 0.01490163 0.10554350
vt 0.01490163 0.10391780
vt 0.01375550 0.10554350
vt 0.01375550 0.10391780
vt 0.01260936 0.10554350
vt 0.01260936 0.10391780
vt 0.01146274 0.10554350
vt 0.01146274 0.10391780
vt 0.01031661 0.10554350
vt 0.01031661 0.10391780
vt 0.00917041 0.10554350
vt 0.00917041 0.10391780
vt 0.02751106 0.10554350
vt 0.00457120 0.07372015
vt 0.00563788 0.08091217
vt 0.00482875 0.07956212
vt 0.00516599 0.07245713
vt 0.00668192 0.08204597
vt 0.00431341 0.07807499
vt 0.00411457 0.07654660
vt 0.00421613 0.07507038
vt 0.00787884 0.08291608
vt 0.00603604 0.07126027
vt 0.01938915 0.07611382
vt 0.01928764 0.07759004
vt 0.00914186 0.08351087
vt 0.01833778 0.08020329
vt 0.01049178 0.08386594
vt 0.01746737 0.08140015
vt 0.01633358 0.08244413
vt 0.01196831 0.08396744
vt 0.01498383 0.08325326
vt 0.01349633 0.08376866
vt 0.01893258 0.07894021
vt 0.01919031 0.07458543
vt 0.01867491 0.07309824
vt 0.00716990 0.07021629
vt 0.00851995 0.06940710
vt 0.01786553 0.07174819
vt 0.01000714 0.06889176
vt 0.01682186 0.07061439
vt 0.01562494 0.06974428
vt 0.01153516 0.06869292
vt 0.01301169 0.06879448
vt 0.01436161 0.06914949
vt 0.16484649 0.15645351
vt 0.16408230 0.15754050
vt 0.16408230 0.15427940
vt 0.16484649 0.15427940
vt 0.16484649 0.15862760
vt 0.16408230 0.16080169
vt 0.16484649 0.16080169
vt 0.16331799 0.16080169
vt 0.16255391 0.16080169
vt 0.16255391 0.15754050
vt 0.16178970 0.15754050
vt 0.16178970 0.16080169
vt 0.16102549 0.16080169
vt 0.16102549 0.15754050
vt 0.16102549 0.15427940
vt 0.16026130 0.15754050
vt 0.16026130 0.16080169
vt 0.16178970 0.15427940
vt 0.16255391 0.15427940
vt 0.16331799 0.15427940
vt 0.16026130 0.15427940
vt 0.15949710 0.15427940
vt 0.15873280 0.15645351
vt 0.15873280 0.15427940
vt 0.15949710 0.15754050
vt 0.15873280 0.15862760
vt 0.15949710 0.16080169
vt 0.15873280 0.16080169
vt 0.08470124 0.18430550
vt 0.08470124 0.17778321
vt 0.08546543 0.18104430
vt 0.08546543 0.17778321
vt 0.08546543 0.18430550
vt 0.08393698 0.18430550
vt 0.08317279 0.17778321
vt 0.08317279 0.18430550
vt 0.08393698 0.17778321
vt 0.08240860 0.18430550
vt 0.08240860 0.17778321
vt 0.08164441 0.17778321
vt 0.08164441 0.18430550
vt 0.08088022 0.17778321
vt 0.08088022 0.18430550
vt 0.08011597 0.18430550
vt 0.08011597 0.17778321
vt 0.07935178 0.18104430
vt 0.07935178 0.17778321
vt 0.07935178 0.18430550
vt 0.07268261 0.45441431
vt 0.07920497 0.45517841
vt 0.07268261 0.45517841
vt 0.07268261 0.45594260
vt 0.07920497 0.45594260
vt 0.07920497 0.45670679
vt 0.07268261 0.45670679
vt 0.07268261 0.45747101
vt 0.07920497 0.45747101
vt 0.07268261 0.45823529
vt 0.07920497 0.45823529
vt 0.07920497 0.45899951
vt 0.07268261 0.45899951
vt 0.07920497 0.45976371
vt 0.07594382 0.45976371
vt 0.07268261 0.45976371
vt 0.07920497 0.45441431
vt 0.07594382 0.45365000
vt 0.07920497 0.45365000
vt 0.07268261 0.45365000
vt 0.16484649 0.18104430
vt 0.16408230 0.17778321
vt 0.16484649 0.17778321
vt 0.16484649 0.18430550
vt 0.16408230 0.18430550
vt 0.16331799 0.17778321
vt 0.16331799 0.18430550
vt 0.16255391 0.18430550
vt 0.16255391 0.17778321
vt 0.16178970 0.17778321
vt 0.16178970 0.18430550
vt 0.16102549 0.17778321
vt 0.16102549 0.18430550
vt 0.16026130 0.18430550
vt 0.15949710 0.17778321
vt 0.16026130 0.17778321
vt 0.15949710 0.18430550
vt 0.15873280 0.18104430
vt 0.15873280 0.17778321
vt 0.15873280 0.18430550
vt 0.07929795 0.86224002
vt 0.08614128 0.86364323
vt 0.07929795 0.86364323
vt 0.08614128 0.86504638
vt 0.07929795 0.86504638
vt 0.08614128 0.86644948
vt 0.07929795 0.86644948
vt 0.08614128 0.86785281
vt 0.07929795 0.86785281
vt 0.08614128 0.86925590
vt 0.07929795 0.86925590
vt 0.08614128 0.87065911
vt 0.08614128 0.87206233
vt 0.08271962 0.87206233
vt 0.07929795 0.87065911
vt 0.07929795 0.87206233
vt 0.08614128 0.86224002
vt 0.08271962 0.86083692
vt 0.08614128 0.86083692
vt 0.07929795 0.86083692
vt 0.00098351 0.17320970
vt 0.00098351 0.16994859
vt 0.00424510 0.16994859
vt 0.00424510 0.17647091
vt 0.00098351 0.17647091
vt 0.00750673 0.16994859
vt 0.00750673 0.17647091
vt 0.01076835 0.17320970
vt 0.01076835 0.16994859
vt 0.01076835 0.17647091
vt 0.15787520 0.85856760
vt 0.16439749 0.85923618
vt 0.15787520 0.85923618
vt 0.16439749 0.85990500
vt 0.15787520 0.85990500
vt 0.16113640 0.86057359
vt 0.16439749 0.86057359
vt 0.15787520 0.86057359
vt 0.16439749 0.85856760
vt 0.16113640 0.85789889
vt 0.16439749 0.85789889
vt 0.15787520 0.85789889
vt 0.00587595 0.17778321
vt 0.01076835 0.18104430
vt 0.00587595 0.18430550
vt 0.00098351 0.18104430
vt 0.00098351 0.17778321
vt 0.01076835 0.17778321
vt 0.01076835 0.18430550
vt 0.00098351 0.18430550
vt 0.00753158 0.86224002
vt 0.00068844 0.86224002
vt 0.00411004 0.86083692
vt 0.00068844 0.86083692
vt 0.00753158 0.86083692
vt 0.00753158 0.86364323
vt 0.00068844 0.86364323
vt 0.00753158 0.86504638
vt 0.00068844 0.86504638
vt 0.00753158 0.86644948
vt 0.00068844 0.86644948
vt 0.00753158 0.86785281
vt 0.00068844 0.86785281
vt 0.00753158 0.86925590
vt 0.00068844 0.86925590
vt 0.00753158 0.87065911
vt 0.00068844 0.87065911
vt 0.00411004 0.87206233
vt 0.00753158 0.87206233
vt 0.00068844 0.87206233
vt 0.16113640 0.86690652
vt 0.16439749 0.86690652
vt 0.16439749 0.87179899
vt 0.15787520 0.87179899
vt 0.15787520 0.86690652
vt 0.16113640 0.87669152
vt 0.15787520 0.87669152
vt 0.16439749 0.87669152
vt 0.01095736 0.03214132
vt 0.01095736 0.04282981
vt 0.00986189 0.04282981
vt 0.00986189 0.03214132
vt 0.01205343 0.03214132
vt 0.00876611 0.03748548
vt 0.00876611 0.03214132
vt 0.00876611 0.04282981
vt 0.01205343 0.04282981
vt 0.01314920 0.03748548
vt 0.01314920 0.04282981
vt 0.01314920 0.03214132
vt 0.23974600 0.86690652
vt 0.24300709 0.86690652
vt 0.24300709 0.87179899
vt 0.23648480 0.87179899
vt 0.23648480 0.86690652
vt 0.23974600 0.87669152
vt 0.23648480 0.87669152
vt 0.24300709 0.87669152
vt 0.00065614 0.11101210
vt 0.00065614 0.11034330
vt 0.00391722 0.11034330
vt 0.00717837 0.11101210
vt 0.00717837 0.11168070
vt 0.00065614 0.11168070
vt 0.00717837 0.11234940
vt 0.00391722 0.11301800
vt 0.00065614 0.11234940
vt 0.00717837 0.11301800
vt 0.00065614 0.11301800
vt 0.00717837 0.11034330
vt 0.07882153 0.16537510
vt 0.07882153 0.16211399
vt 0.08371394 0.16211399
vt 0.08371394 0.16863631
vt 0.07882153 0.16863631
vt 0.08860641 0.16537510
vt 0.08860641 0.16863631
vt 0.08860641 0.16211399
vt 0.25068209 0.45675629
vt 0.25068209 0.45829710
vt 0.24692480 0.45675629
vt 0.24316759 0.45829710
vt 0.24316759 0.45675629
vt 0.25068209 0.45983791
vt 0.24316759 0.45983791
vt 0.25068209 0.46137860
vt 0.24316759 0.46137860
vt 0.25068209 0.46291941
vt 0.24316759 0.46291941
vt 0.25068209 0.46446019
vt 0.24316759 0.46446019
vt 0.25068209 0.46600100
vt 0.24316759 0.46600100
vt 0.25068209 0.46754181
vt 0.24316759 0.46754181
vt 0.24692480 0.46908250
vt 0.25068209 0.46908250
vt 0.24316759 0.46908250
vt 0.07882153 0.15754050
vt 0.07882153 0.15427940
vt 0.08208316 0.15427940
vt 0.08208316 0.16080169
vt 0.07882153 0.16080169
vt 0.08534479 0.15427940
vt 0.08534479 0.16080169
vt 0.08860641 0.15754050
vt 0.08860641 0.15427940
vt 0.08860641 0.16080169
vt 0.15562540 0.45162550
vt 0.15457331 0.46188709
vt 0.15457331 0.45162550
vt 0.15352120 0.46188709
vt 0.15352120 0.45162550
vt 0.15246931 0.46188709
vt 0.15246931 0.45675629
vt 0.15246931 0.45162550
vt 0.15562540 0.46188709
vt 0.15667740 0.45675629
vt 0.15667740 0.46188709
vt 0.15667740 0.45162550
vt 0.00098351 0.15754050
vt 0.00098351 0.15427940
vt 0.00587595 0.15427940
vt 0.00587595 0.16080169
vt 0.00098351 0.16080169
vt 0.01076835 0.15427940
vt 0.01076835 0.15754050
vt 0.01076835 0.16080169
vt 0.10697280 0.03909057
vt 0.09914606 0.03909057
vt 0.10305940 0.03748548
vt 0.09914606 0.03748548
vt 0.10697280 0.03748548
vt 0.10697280 0.04069525
vt 0.09914606 0.04069525
vt 0.10697280 0.04230022
vt 0.09914606 0.04230022
vt 0.10697280 0.04390496
vt 0.09914606 0.04390496
vt 0.10697280 0.04550987
vt 0.09914606 0.04550987
vt 0.10697280 0.04711467
vt 0.09914606 0.04711467
vt 0.10697280 0.04871940
vt 0.09914606 0.04871940
vt 0.10305940 0.05032438
vt 0.10697280 0.05032438
vt 0.09914606 0.05032438
vt 0.00098351 0.16537510
vt 0.00098351 0.16211399
vt 0.00587595 0.16211399
vt 0.01076835 0.16537510
vt 0.00587595 0.16863631
vt 0.00098351 0.16863631
vt 0.01076835 0.16863631
vt 0.01076835 0.16211399
vt 0.24499910 0.95655060
vt 0.25263140 0.96418500
vt 0.24499910 0.97181940
vt 0.23736690 0.96418500
vt 0.23736690 0.95655060
vt 0.25263140 0.95655060
vt 0.25263140 0.97181940
vt 0.23736690 0.97181940
vt 0.23974600 0.32040000
vt 0.24300709 0.32040000
vt 0.24300709 0.32366031
vt 0.23648480 0.32366031
vt 0.23648480 0.32040000
vt 0.23974600 0.32692051
vt 0.23648480 0.32692051
vt 0.24300709 0.32692051
vt 0.24346329 0.17647091
vt 0.24346329 0.16994859
vt 0.24422760 0.17320970
vt 0.24422760 0.16994859
vt 0.24422760 0.17647091
vt 0.24269921 0.17647091
vt 0.24193500 0.16994859
vt 0.24193500 0.17647091
vt 0.24269921 0.16994859
vt 0.24117079 0.17647091
vt 0.24117079 0.16994859
vt 0.24040660 0.16994859
vt 0.24040660 0.17647091
vt 0.23964240 0.16994859
vt 0.23964240 0.17647091
vt 0.23887810 0.17647091
vt 0.23887810 0.16994859
vt 0.23811390 0.17320970
vt 0.23811390 0.16994859
vt 0.23811390 0.17647091
vt 0.23974600 0.31908679
vt 0.23648570 0.31582570
vt 0.23974600 0.31256440
vt 0.23648570 0.31256440
vt 0.23648570 0.31908679
vt 0.24300620 0.31582570
vt 0.24300620 0.31908679
vt 0.24300620 0.31256440
vt 0.00065706 0.98824811
vt 0.00065706 0.98498690
vt 0.00391722 0.98498690
vt 0.00717747 0.98824811
vt 0.00391722 0.99150932
vt 0.00065706 0.99150932
vt 0.00717747 0.98498690
vt 0.00717747 0.99150932
vt 0.00717747 0.31582570
vt 0.00717747 0.31908679
vt 0.00391722 0.31908679
vt 0.00065706 0.31582570
vt 0.00391722 0.31256440
vt 0.00717747 0.31256440
vt 0.00065706 0.31256440
vt 0.00065706 0.31908679
vt 0.08433425 0.30472991
vt 0.08357006 0.31125221
vt 0.08357006 0.30472991
vt 0.08433425 0.31125221
vt 0.08509850 0.30472991
vt 0.08509850 0.31125221
vt 0.08586269 0.30799100
vt 0.08586269 0.31125221
vt 0.08586269 0.30472991
vt 0.08280587 0.30472991
vt 0.08280587 0.31125221
vt 0.08204168 0.31125221
vt 0.08204168 0.30472991
vt 0.08127748 0.30472991
vt 0.08127748 0.31125221
vt 0.08051323 0.31125221
vt 0.07974904 0.31125221
vt 0.07974904 0.30799100
vt 0.08051323 0.30472991
vt 0.07974904 0.30472991
vt 0.00717747 0.32366031
vt 0.00717747 0.32692140
vt 0.00391722 0.32692140
vt 0.00065706 0.32366031
vt 0.00391722 0.32039911
vt 0.00717747 0.32039911
vt 0.00065706 0.32039911
vt 0.00065706 0.32692140
vt 0.24499910 0.93820971
vt 0.25263140 0.94584411
vt 0.24499910 0.95347852
vt 0.23736690 0.94584411
vt 0.23736690 0.93820971
vt 0.25263140 0.93820971
vt 0.25263140 0.95347852
vt 0.23736690 0.95347852
vt 0.16113640 0.31256440
vt 0.16439670 0.31582570
vt 0.16113640 0.31908679
vt 0.15787610 0.31582570
vt 0.16439670 0.31256440
vt 0.15787610 0.31256440
vt 0.15787610 0.31908679
vt 0.16439670 0.31908679
vt 0.00764197 0.29689530
vt 0.00840622 0.29689530
vt 0.00840622 0.30341759
vt 0.00764197 0.30341759
vt 0.00687772 0.30341759
vt 0.00687772 0.29689530
vt 0.00611353 0.30341759
vt 0.00611353 0.29689530
vt 0.00534934 0.29689530
vt 0.00534934 0.30341759
vt 0.00458521 0.30341759
vt 0.00382101 0.29689530
vt 0.00458521 0.29689530
vt 0.00382101 0.30341759
vt 0.00305664 0.30341759
vt 0.00305664 0.30015641
vt 0.00305664 0.29689530
vt 0.00917041 0.30015641
vt 0.00917041 0.30341759
vt 0.00917041 0.29689530
vt 0.16113640 0.32040000
vt 0.16439749 0.32040000
vt 0.16439749 0.32366031
vt 0.15787520 0.32366031
vt 0.15787520 0.32040000
vt 0.16113640 0.32692051
vt 0.16439749 0.32692051
vt 0.15787520 0.32692051
vt 0.16113640 0.98498690
vt 0.16439670 0.98824811
vt 0.15787610 0.98824811
vt 0.15787610 0.98498690
vt 0.16113640 0.99150932
vt 0.15787610 0.99150932
vt 0.16439670 0.99150932
vt 0.16439670 0.98498690
vt 0.08578711 0.31582570
vt 0.07926660 0.31582570
vt 0.08252686 0.31256440
vt 0.07926660 0.31256440
vt 0.08252686 0.31908679
vt 0.07926660 0.31908679
vt 0.08578711 0.31908679
vt 0.08578711 0.31256440
vt 0.08509850 0.30341759
vt 0.08509850 0.29689530
vt 0.08586269 0.30015641
vt 0.08586269 0.29689530
vt 0.08586269 0.30341759
vt 0.08433425 0.29689530
vt 0.08433425 0.30341759
vt 0.08357006 0.30341759
vt 0.08357006 0.29689530
vt 0.08280587 0.29689530
vt 0.08280587 0.30341759
vt 0.08204168 0.30341759
vt 0.08127748 0.29689530
vt 0.08204168 0.29689530
vt 0.08127748 0.30341759
vt 0.08051323 0.29689530
vt 0.08051323 0.30341759
vt 0.07974904 0.30015641
vt 0.07974904 0.29689530
vt 0.07974904 0.30341759
vt 0.08578711 0.32366031
vt 0.07926660 0.32366031
vt 0.08252686 0.32039911
vt 0.08252686 0.32692140
vt 0.07926660 0.32039911
vt 0.07926660 0.32692140
vt 0.08578711 0.32692140
vt 0.08578711 0.32039911
vt 0.00764197 0.21515051
vt 0.00764197 0.21752700
vt 0.00687772 0.21752700
vt 0.00840622 0.21515051
vt 0.00687772 0.21515051
vt 0.00611353 0.21752700
vt 0.00611353 0.21515051
vt 0.00534934 0.21752700
vt 0.00534934 0.21515051
vt 0.00458521 0.21752700
vt 0.00458521 0.21515051
vt 0.00382101 0.21752700
vt 0.00305664 0.21752700
vt 0.00305664 0.21633880
vt 0.00382101 0.21515051
vt 0.00305664 0.21515051
vt 0.00917041 0.21633880
vt 0.00840622 0.21752700
vt 0.00917041 0.21515051
vt 0.00917041 0.21752700
vt 0.20027369 0.01364243
vt 0.19957051 0.01364243
vt 0.19886740 0.01509428
vt 0.19886740 0.01364243
vt 0.19992220 0.01509428
vt 0.20097680 0.01509428
vt 0.20097680 0.01436853
vt 0.20097680 0.01364243
vt 0.19886740 0.01654618
vt 0.20097680 0.01582050
vt 0.20097680 0.01654618
vt 0.20097680 0.01727253
vt 0.19992220 0.01799821
vt 0.20097680 0.01799821
vt 0.19886740 0.01799821
vt 0.19886740 0.01945048
vt 0.20097680 0.01872450
vt 0.20097680 0.01945048
vt 0.19992220 0.01945048
vt 0.19886740 0.02090245
vt 0.19992220 0.02090245
vt 0.20097680 0.02017647
vt 0.20097680 0.02090245
vt 0.20097680 0.02162832
vt 0.19992220 0.02235448
vt 0.20097680 0.02235448
vt 0.19886740 0.02235448
vt 0.19992220 0.02380645
vt 0.19886740 0.02380645
vt 0.20097680 0.02380645
vt 0.20097680 0.02308017
vt 0.19957051 0.02525842
vt 0.20027369 0.02525842
vt 0.19886740 0.02525842
vt 0.20097680 0.02453213
vt 0.20097680 0.02525842
vt 0.01742357 0.20124540
vt 0.01669782 0.20254759
vt 0.01669782 0.20124540
vt 0.01597172 0.20254759
vt 0.01597172 0.20124540
vt 0.01524585 0.20254759
vt 0.01524585 0.20124540
vt 0.01451987 0.20254759
vt 0.01451987 0.20124540
vt 0.01379358 0.20254759
vt 0.01379358 0.20124540
vt 0.01306790 0.20254759
vt 0.01306790 0.20124540
vt 0.01234155 0.20254759
vt 0.01234155 0.20124540
vt 0.01161587 0.20254759
vt 0.01161587 0.20124540
vt 0.01088958 0.20254759
vt 0.01088958 0.20124540
vt 0.01016390 0.20254759
vt 0.01016390 0.20124540
vt 0.00943792 0.20254759
vt 0.00943792 0.20124540
vt 0.00871187 0.20254759
vt 0.00871187 0.20124540
vt 0.00798589 0.20254759
vt 0.00798589 0.20124540
vt 0.00725990 0.20254759
vt 0.00725990 0.20124540
vt 0.00653386 0.20254759
vt 0.00653386 0.20124540
vt 0.00580794 0.20254759
vt 0.00580794 0.20124540
vt 0.01742357 0.20254759
vt 0.00840622 0.19329891
vt 0.00840622 0.19092239
vt 0.00917041 0.19211070
vt 0.00917041 0.19092239
vt 0.00917041 0.19329891
vt 0.00764197 0.19329891
vt 0.00764197 0.19092239
vt 0.00687772 0.19329891
vt 0.00687772 0.19092239
vt 0.00611353 0.19329891
vt 0.00611353 0.19092239
vt 0.00534934 0.19329891
vt 0.00534934 0.19092239
vt 0.00458521 0.19329891
vt 0.00458521 0.19092239
vt 0.00382101 0.19329891
vt 0.00382101 0.19092239
vt 0.00305664 0.19211070
vt 0.00305664 0.19329891
vt 0.00305664 0.19092239
vt 0.04164808 0.01509428
vt 0.04235148 0.01364243
vt 0.04375737 0.01436853
vt 0.04305458 0.01364243
vt 0.04164808 0.01364243
vt 0.04375737 0.01582050
vt 0.04164808 0.01654618
vt 0.04375737 0.01509428
vt 0.04375737 0.01654618
vt 0.04375737 0.01727253
vt 0.04164808 0.01799821
vt 0.04375737 0.01799821
vt 0.04375737 0.01872450
vt 0.04164808 0.01945048
vt 0.04375737 0.01945048
vt 0.04375737 0.02017647
vt 0.04164808 0.02090245
vt 0.04375737 0.02090245
vt 0.04375737 0.02162832
vt 0.04164808 0.02235448
vt 0.04375737 0.02235448
vt 0.04375737 0.02308017
vt 0.04164808 0.02380645
vt 0.04375737 0.02380645
vt 0.04375737 0.02453213
vt 0.04235148 0.02525842
vt 0.04305458 0.02525842
vt 0.04375737 0.02525842
vt 0.04164808 0.02525842
vt 0.04375737 0.01364243
vt 0.01742357 0.22076230
vt 0.01669782 0.22206441
vt 0.01669782 0.22076230
vt 0.01597172 0.22206441
vt 0.01597172 0.22076230
vt 0.01524585 0.22206441
vt 0.01524585 0.22076230
vt 0.01451987 0.22206441
vt 0.01451987 0.22076230
vt 0.01379358 0.22206441
vt 0.01379358 0.22076230
vt 0.01306790 0.22206441
vt 0.01306790 0.22076230
vt 0.01234155 0.22206441
vt 0.01234155 0.22076230
vt 0.01161587 0.22206441
vt 0.01161587 0.22076230
vt 0.01088958 0.22206441
vt 0.01088958 0.22076230
vt 0.01016390 0.22206441
vt 0.01016390 0.22076230
vt 0.00943792 0.22206441
vt 0.00943792 0.22076230
vt 0.00871187 0.22206441
vt 0.00871187 0.22076230
vt 0.00798589 0.22206441
vt 0.00798589 0.22076230
vt 0.00725990 0.22206441
vt 0.00725990 0.22076230
vt 0.00653386 0.22206441
vt 0.00653386 0.22076230
vt 0.00580794 0.22206441
vt 0.00580794 0.22076230
vt 0.01742357 0.22206441
vt 0.00840622 0.18520319
vt 0.00764197 0.18757980
vt 0.00764197 0.18520319
vt 0.00687772 0.18757980
vt 0.00687772 0.18520319
vt 0.00611353 0.18757980
vt 0.00611353 0.18520319
vt 0.00534934 0.18757980
vt 0.00534934 0.18520319
vt 0.00458521 0.18757980
vt 0.00458521 0.18520319
vt 0.00382101 0.18757980
vt 0.00382101 0.18520319
vt 0.00305664 0.18757980
vt 0.00305664 0.18639150
vt 0.00305664 0.18520319
vt 0.00840622 0.18757980
vt 0.00917041 0.18639150
vt 0.00917041 0.18757980
vt 0.00917041 0.18520319
vt 0.27853170 0.01364243
vt 0.27958640 0.01436853
vt 0.27747709 0.01509428
vt 0.27958640 0.01364243
vt 0.27747709 0.01364243
vt 0.27747709 0.01654618
vt 0.27958640 0.01582050
vt 0.27958640 0.01509428
vt 0.27958640 0.01654618
vt 0.27958640 0.01727253
vt 0.27747709 0.01799821
vt 0.27958640 0.01799821
vt 0.27958640 0.01872450
vt 0.27747709 0.01945048
vt 0.27958640 0.01945048
vt 0.27958640 0.02017647
vt 0.27747709 0.02090245
vt 0.27958640 0.02090245
vt 0.27958640 0.02162832
vt 0.27747709 0.02235448
vt 0.27958640 0.02235448
vt 0.27747709 0.02380645
vt 0.27958640 0.02308017
vt 0.27958640 0.02380645
vt 0.27958640 0.02453213
vt 0.27853170 0.02525842
vt 0.27958640 0.02525842
vt 0.27747709 0.02525842
vt 0.01669782 0.98289448
vt 0.01597172 0.98419672
vt 0.01597172 0.98289448
vt 0.01669782 0.98419672
vt 0.01742357 0.98289448
vt 0.01742357 0.98419672
vt 0.01524585 0.98419672
vt 0.01524585 0.98289448
vt 0.01451987 0.98419672
vt 0.01451987 0.98289448
vt 0.01379358 0.98419672
vt 0.01379358 0.98289448
vt 0.01306790 0.98419672
vt 0.01306790 0.98289448
vt 0.01234155 0.98419672
vt 0.01234155 0.98289448
vt 0.01161587 0.98419672
vt 0.01161587 0.98289448
vt 0.01088958 0.98419672
vt 0.01088958 0.98289448
vt 0.01016390 0.98419672
vt 0.01016390 0.98289448
vt 0.00943792 0.98419672
vt 0.00943792 0.98289448
vt 0.00871187 0.98419672
vt 0.00871187 0.98289448
vt 0.00798589 0.98419672
vt 0.00798589 0.98289448
vt 0.00725990 0.98419672
vt 0.00725990 0.98289448
vt 0.00653386 0.98419672
vt 0.00653386 0.98289448
vt 0.00580794 0.98419672
vt 0.00580794 0.98289448
vt 0.10330900 0.20650271
vt 0.10093250 0.20650271
vt 0.10212080 0.20573850
vt 0.10093250 0.20573850
vt 0.10330900 0.20573850
vt 0.10330900 0.20726690
vt 0.10093250 0.20726690
vt 0.10330900 0.20803110
vt 0.10093250 0.20803110
vt 0.10330900 0.20879529
vt 0.10093250 0.20879529
vt 0.10330900 0.20955950
vt 0.10093250 0.20955950
vt 0.10330900 0.21032371
vt 0.10093250 0.21032371
vt 0.10330900 0.21108800
vt 0.10093250 0.21108800
vt 0.10212080 0.21185210
vt 0.10330900 0.21185210
vt 0.10093250 0.21185210
vt 0.00234360 0.01509428
vt 0.00304669 0.01364243
vt 0.00445288 0.01436853
vt 0.00234360 0.01364243
vt 0.00374973 0.01364243
vt 0.00445288 0.01364243
vt 0.00445288 0.01509428
vt 0.00445288 0.01582050
vt 0.00234360 0.01654618
vt 0.00445288 0.01654618
vt 0.00445288 0.01727253
vt 0.00234360 0.01799821
vt 0.00445288 0.01799821
vt 0.00445288 0.01872450
vt 0.00234360 0.01945048
vt 0.00445288 0.01945048
vt 0.00234360 0.02090245
vt 0.00445288 0.02017647
vt 0.00445288 0.02090245
vt 0.00445288 0.02162832
vt 0.00234360 0.02235448
vt 0.00445288 0.02235448
vt 0.00234360 0.02380645
vt 0.00445288 0.02308017
vt 0.00445288 0.02380645
vt 0.00445288 0.02453213
vt 0.00304669 0.02525842
vt 0.00374973 0.02525842
vt 0.00445288 0.02525842
vt 0.00234360 0.02525842
vt 0.01742357 0.22233270
vt 0.01669782 0.22363479
vt 0.01669782 0.22233270
vt 0.01597172 0.22363479
vt 0.01597172 0.22233270
vt 0.01524585 0.22363479
vt 0.01524585 0.22233270
vt 0.01451987 0.22363479
vt 0.01451987 0.22233270
vt 0.01379358 0.22363479
vt 0.01379358 0.22233270
vt 0.01306790 0.22363479
vt 0.01306790 0.22233270
vt 0.01234155 0.22363479
vt 0.01234155 0.22233270
vt 0.01161587 0.22363479
vt 0.01161587 0.22233270
vt 0.01088958 0.22363479
vt 0.01088958 0.22233270
vt 0.01016390 0.22363479
vt 0.01016390 0.22233270
vt 0.00943792 0.22363479
vt 0.00943792 0.22233270
vt 0.00871187 0.22363479
vt 0.00871187 0.22233270
vt 0.00798589 0.22363479
vt 0.00798589 0.22233270
vt 0.00725990 0.22363479
vt 0.00725990 0.22233270
vt 0.00653386 0.22363479
vt 0.00653386 0.22233270
vt 0.00580794 0.22363479
vt 0.00580794 0.22233270
vt 0.01742357 0.22363479
vt 0.00917041 0.28557429
vt 0.00840622 0.28122601
vt 0.00917041 0.28340009
vt 0.00917041 0.28122601
vt 0.00840622 0.28774831
vt 0.00917041 0.28774831
vt 0.00764197 0.28122601
vt 0.00764197 0.28774831
vt 0.00687772 0.28122601
vt 0.00687772 0.28774831
vt 0.00611353 0.28774831
vt 0.00611353 0.28122601
vt 0.00534934 0.28122601
vt 0.00534934 0.28774831
vt 0.00458521 0.28774831
vt 0.00458521 0.28122601
vt 0.00382101 0.28774831
vt 0.00382101 0.28122601
vt 0.00305664 0.28557429
vt 0.00305664 0.28774831
vt 0.00305664 0.28340009
vt 0.00305664 0.28122601
vt 0.00917041 0.29123470
vt 0.00840622 0.29232180
vt 0.00840622 0.28906071
vt 0.00917041 0.28906071
vt 0.00917041 0.29340890
vt 0.00840622 0.29558301
vt 0.00917041 0.29558301
vt 0.00764197 0.29558301
vt 0.00687772 0.29232180
vt 0.00687772 0.29558301
vt 0.00764197 0.28906071
vt 0.00687772 0.28906071
vt 0.00611353 0.29558301
vt 0.00611353 0.29232180
vt 0.00534934 0.29232180
vt 0.00534934 0.29558301
vt 0.00458521 0.29558301
vt 0.00458521 0.29232180
vt 0.00382101 0.29558301
vt 0.00382101 0.29232180
vt 0.00305664 0.29558301
vt 0.00305664 0.29340890
vt 0.00458521 0.28906071
vt 0.00305664 0.29123470
vt 0.00382101 0.28906071
vt 0.00534934 0.28906071
vt 0.00611353 0.28906071
vt 0.00305664 0.28906071
vt 0.23072299 0.21757190
vt 0.22930349 0.21891800
vt 0.22930349 0.21487960
vt 0.23072299 0.21487960
vt 0.23072299 0.22026411
vt 0.22930349 0.22295640
vt 0.23072299 0.22295640
vt 0.22788391 0.22295640
vt 0.22646450 0.21891800
vt 0.22788391 0.21891800
vt 0.22646450 0.22295640
vt 0.22504500 0.21891800
vt 0.22504500 0.22295640
vt 0.22362550 0.22295640
vt 0.22362550 0.21891800
vt 0.22220591 0.22295640
vt 0.22362550 0.21487960
vt 0.22220591 0.21891800
vt 0.22220591 0.21487960
vt 0.22078650 0.21487960
vt 0.22078650 0.21891800
vt 0.22078650 0.22295640
vt 0.21936700 0.22026411
vt 0.21936700 0.21757190
vt 0.21936700 0.21487960
vt 0.21936700 0.22295640
vt 0.22504500 0.21487960
vt 0.22646450 0.21487960
vt 0.22788391 0.21487960
vt 0.13066500 0.36531350
vt 0.12256710 0.36531350
vt 0.12796560 0.36246711
vt 0.12256710 0.36246711
vt 0.13336420 0.36246711
vt 0.13876280 0.36246711
vt 0.13876280 0.36531350
vt 0.13876280 0.36815989
vt 0.13066500 0.37100640
vt 0.13066500 0.36815989
vt 0.13876280 0.37100640
vt 0.12256710 0.37100640
vt 0.12256710 0.36815989
vt 0.13066500 0.37385279
vt 0.12256710 0.37385279
vt 0.13876280 0.37385279
vt 0.12256710 0.37669921
vt 0.13066500 0.37669921
vt 0.13876280 0.37669921
vt 0.13876280 0.37954560
vt 0.13066500 0.37954560
vt 0.13066500 0.38239211
vt 0.13876280 0.38239211
vt 0.13336420 0.38523850
vt 0.13876280 0.38523850
vt 0.12796560 0.38523850
vt 0.12256710 0.38239211
vt 0.12256710 0.38523850
vt 0.12256710 0.37954560
vt 0.24422760 0.18430550
vt 0.24346329 0.18430550
vt 0.24422760 0.18104430
vt 0.24346329 0.17778321
vt 0.24422760 0.17778321
vt 0.24269921 0.17778321
vt 0.24193500 0.18430550
vt 0.24193500 0.17778321
vt 0.24269921 0.18430550
vt 0.24117079 0.17778321
vt 0.24117079 0.18430550
vt 0.24040660 0.18430550
vt 0.23964240 0.17778321
vt 0.24040660 0.17778321
vt 0.23964240 0.18430550
vt 0.23887810 0.18430550
vt 0.23887810 0.17778321
vt 0.23811390 0.18104430
vt 0.23811390 0.18430550
vt 0.23811390 0.17778321
vt 0.08586269 0.29558301
vt 0.08509850 0.29558301
vt 0.08586269 0.29232180
vt 0.08509850 0.28906071
vt 0.08586269 0.28906071
vt 0.08433425 0.28906071
vt 0.08357006 0.29558301
vt 0.08357006 0.28906071
vt 0.08433425 0.29558301
vt 0.08280587 0.29558301
vt 0.08204168 0.28906071
vt 0.08280587 0.28906071
vt 0.08204168 0.29558301
vt 0.08127748 0.28906071
vt 0.08127748 0.29558301
vt 0.08051323 0.29558301
vt 0.08051323 0.28906071
vt 0.07974904 0.29232180
vt 0.07974904 0.29558301
vt 0.07974904 0.28906071
vt 0.05366623 0.95208102
vt 0.05366623 0.94988000
vt 0.06618994 0.94988000
vt 0.05366623 0.94767892
vt 0.05366623 0.95428210
vt 0.06618994 0.95208102
vt 0.06618994 0.95428210
vt 0.06618994 0.95648319
vt 0.05366623 0.95648319
vt 0.06618994 0.95868421
vt 0.05366623 0.96088529
vt 0.05366623 0.95868421
vt 0.06618994 0.96088529
vt 0.06618994 0.96308643
vt 0.05992794 0.96308643
vt 0.05366623 0.96308643
vt 0.06618994 0.94767892
vt 0.05992794 0.94547790
vt 0.05366623 0.94547790
vt 0.06618994 0.94547790
vt 0.00543445 0.94547790
vt 0.00125986 0.94767892
vt 0.00125986 0.94547790
vt 0.00752163 0.94767892
vt 0.00960898 0.94547790
vt 0.01378357 0.94767892
vt 0.01378357 0.94547790
vt 0.01378357 0.94988000
vt 0.01378357 0.95208102
vt 0.00752163 0.95208102
vt 0.00752163 0.95428210
vt 0.01378357 0.95428210
vt 0.01378357 0.95648319
vt 0.00752163 0.95648319
vt 0.01378357 0.95868421
vt 0.00752163 0.95868421
vt 0.01378357 0.96088529
vt 0.01378357 0.96308643
vt 0.00960898 0.96308643
vt 0.00752163 0.96088529
vt 0.00125986 0.96088529
vt 0.00543445 0.96308643
vt 0.00125986 0.96308643
vt 0.00125986 0.95868421
vt 0.00125986 0.95648319
vt 0.00125986 0.95428210
vt 0.00125986 0.95208102
vt 0.00125986 0.94988000
vt 0.17103760 0.30341759
vt 0.17103760 0.29689530
vt 0.17264239 0.30015641
vt 0.17264239 0.29689530
vt 0.17264239 0.30341759
vt 0.16943280 0.30341759
vt 0.16943280 0.29689530
vt 0.16782799 0.30341759
vt 0.16782799 0.29689530
vt 0.16622309 0.29689530
vt 0.16622309 0.30341759
vt 0.16461830 0.29689530
vt 0.16461830 0.30341759
vt 0.16301350 0.30341759
vt 0.15980379 0.30015641
vt 0.16301350 0.29689530
vt 0.16140860 0.30341759
vt 0.16140860 0.29689530
vt 0.15980379 0.30341759
vt 0.15980379 0.29689530
vt 0.17104129 0.04069525
vt 0.17756370 0.04069525
vt 0.17756370 0.04230022
vt 0.17104129 0.03909057
vt 0.17104129 0.04230022
vt 0.17756370 0.03909057
vt 0.17430250 0.03748548
vt 0.17104129 0.03748548
vt 0.17756370 0.03748548
vt 0.17756370 0.04390496
vt 0.17104129 0.04390496
vt 0.17756370 0.04550987
vt 0.17104129 0.04550987
vt 0.17756370 0.04711467
vt 0.17104129 0.04711467
vt 0.17756370 0.04871940
vt 0.17756370 0.05032438
vt 0.17430250 0.05032438
vt 0.17104129 0.04871940
vt 0.17104129 0.05032438
vt 0.24306791 0.04069525
vt 0.24959020 0.04230022
vt 0.24306791 0.04230022
vt 0.24306791 0.03909057
vt 0.24959020 0.04069525
vt 0.24959020 0.04390496
vt 0.24306791 0.04390496
vt 0.24959020 0.04550987
vt 0.24306791 0.04550987
vt 0.24959020 0.04711467
vt 0.24306791 0.04711467
vt 0.24959020 0.04871940
vt 0.24959020 0.05032438
vt 0.24632899 0.05032438
vt 0.24306791 0.04871940
vt 0.24306791 0.05032438
vt 0.24959020 0.03909057
vt 0.24632899 0.03748548
vt 0.24959020 0.03748548
vt 0.24306791 0.03748548
vt 0.17103760 0.28774831
vt 0.17103760 0.28122601
vt 0.17264239 0.28448719
vt 0.17264239 0.28122601
vt 0.17264239 0.28774831
vt 0.16943280 0.28774831
vt 0.16943280 0.28122601
vt 0.16782799 0.28774831
vt 0.16782799 0.28122601
vt 0.16622309 0.28774831
vt 0.16622309 0.28122601
vt 0.16461830 0.28774831
vt 0.16461830 0.28122601
vt 0.16301350 0.28774831
vt 0.16301350 0.28122601
vt 0.16140860 0.28774831
vt 0.16140860 0.28122601
vt 0.15980379 0.28448719
vt 0.15980379 0.28774831
vt 0.15980379 0.28122601
vt 0.04394143 0.09657287
vt 0.04585224 0.09983402
vt 0.04394143 0.10309520
vt 0.04585224 0.09657287
vt 0.04585224 0.10309520
vt 0.04203099 0.10309520
vt 0.04203099 0.09657287
vt 0.04012072 0.10309520
vt 0.04012072 0.09657287
vt 0.03821021 0.10309520
vt 0.03821021 0.09657287
vt 0.03629970 0.10309520
vt 0.03629970 0.09657287
vt 0.03438889 0.10309520
vt 0.03438889 0.09657287
vt 0.03247869 0.10309520
vt 0.03247869 0.09657287
vt 0.03056818 0.10309520
vt 0.03056818 0.09657287
vt 0.02865767 0.10309520
vt 0.02865767 0.09657287
vt 0.02674680 0.10309520
vt 0.02674680 0.09657287
vt 0.02483654 0.10309520
vt 0.02483654 0.09657287
vt 0.02292609 0.10309520
vt 0.02292609 0.09657287
vt 0.02101558 0.10309520
vt 0.02101558 0.09657287
vt 0.01910477 0.10309520
vt 0.01910477 0.09657287
vt 0.01719439 0.10309520
vt 0.01719439 0.09657287
vt 0.01528406 0.09983402
vt 0.01528406 0.09657287
vt 0.01528406 0.10309520
vt 0.00000000 0.00000000
vt 0.00000000 0.00000000
vt 0.00000000 0.00000000
vt 0.00000000 0.00000000
vt 0.00000000 0.00000000
vt 0.00000000 0.00000000
vt 0.00000000 0.00000000
vt 0.00000000 0.00000000
vt 0.00000000 0.00000000
vt 0.00000000 0.00000000
vt 0.00000000 0.00000000
vt 0.00000000 0.00000000
vt 0.00000000 0.00000000
vt 0.00000000 0.00000000
vt 0.00000000 0.00000000
vt 0.00000000 0.00000000
vt 0.00000000 0.00000000
vt 0.00000000 0.00000000
vt 0.00000000 0.00000000
vt 0.00000000 0.00000000
vt 0.00000000 0.00000000
vt 0.00000000 0.00000000
vt 0.00000000 0.00000000
vt 0.00000000 0.00000000
vt 0.00000000 0.00000000
vt 0.00000000 0.00000000
vt 0.00000000 0.00000000
vt 0.00000000 0.00000000
vt 0.00000000 0.00000000
vt 0.00000000 0.00000000
vt 0.00000000 0.00000000
vt 0.00000000 0.00000000
vt 0.00000000 0.00000000
vt 0.00000000 0.00000000
vt 0.00000000 0.00000000
vt 0.00000000 0.00000000
vt 0.00000000 0.00000000
vt 0.00000000 0.00000000
vt 0.00000000 0.00000000
vt 0.00000000 0.00000000
vt 0.00000000 0.00000000
vt 0.00000000 0.00000000
vt 0.00000000 0.00000000
vt 0.00000000 0.00000000
vt 0.00000000 0.00000000
vt 0.00000000 0.00000000
vt 0.00000000 0.00000000
vt 0.00000000 0.00000000
vt 0.00000000 0.00000000
vt 0.00000000 0.00000000
vt 0.00000000 0.00000000
vt 0.00000000 0.00000000
vt 0.00000000 0.00000000
vt 0.00000000 0.00000000
vt 0.00000000 0.00000000
vt 0.00000000 0.00000000
vt 0.00000000 0.00000000
vt 0.00000000 0.00000000
vt 0.00000000 0.00000000
vt 0.00000000 0.00000000
vt 0.00000000 0.00000000
vt 0.00000000 0.00000000
vt 0.00000000 0.00000000
vt 0.00000000 0.00000000
vt 0.00000000 0.00000000
vt 0.00000000 0.00000000
vt 0.00000000 0.00000000
vt 0.00000000 0.00000000
vt 0.00000000 0.00000000
vt 0.00000000 0.00000000
vt 0.00000000 0.00000000
vt 0.00000000 0.00000000
vt 0.00000000 0.00000000
vt 0.00000000 0.00000000
vt 0.00000000 0.00000000
vt 0.00000000 0.00000000
vt 0.00000000 0.00000000
vt 0.00000000 0.00000000
vt 0.00000000 0.00000000
vt 0.00000000 0.00000000
vt 0.00000000 0.00000000
vt 0.00000000 0.00000000
vt 0.00000000 0.00000000
vt 0.00000000 0.00000000
vt 0.00000000 0.00000000
vt 0.00000000 0.00000000
vt 0.00000000 0.00000000
vt 0.00000000 0.00000000
vt 0.00000000 0.00000000
vt 0.00000000 0.00000000
vt 0.00000000 0.00000000
vt 0.00000000 0.00000000
vt 0.00000000 0.00000000
vt 0.00000000 0.00000000
vt 0.00000000 0.00000000
vt 0.00000000 0.00000000
vt 0.00000000 0.00000000
vt 0.00000000 0.00000000
vt 0.00000000 0.00000000
vt 0.00000000 0.00000000
vt 0.00000000 0.00000000
vt 0.00000000 0.00000000
vt 0.00000000 0.00000000
vt 0.00000000 0.00000000
vt 0.00000000 0.00000000
vt 0.00000000 0.00000000
vt 0.00000000 0.00000000
vt 0.00000000 0.00000000
vt 0.00000000 0.00000000
vt 0.00000000 0.00000000
vt 0.00000000 0.00000000
vt 0.00000000 0.00000000
vt 0.00000000 0.00000000
vt 0.00000000 0.00000000
vt 0.00000000 0.00000000
vt 0.00000000 0.00000000
vt 0.00000000 0.00000000
vt 0.00000000 0.00000000
vt 0.00000000 0.00000000
vt 0.00000000 0.00000000
vt 0.00000000 0.00000000
vt 0.00000000 0.00000000
vt 0.00000000 0.00000000
vt 0.00000000 0.00000000
vt 0.00000000 0.00000000
vt 0.00000000 0.00000000
vt 0.00000000 0.00000000
vt 0.00000000 0.00000000
vt 0.00000000 0.00000000
vt 0.00000000 0.00000000
vt 0.00000000 0.00000000
vt 0.00000000 0.00000000
vt 0.00000000 0.00000000
vt 0.00000000 0.00000000
vt 0.00000000 0.00000000
vt 0.00000000 0.00000000
vt 0.00000000 0.00000000
vt 0.00000000 0.00000000
vt 0.00000000 0.00000000
vt 0.00000000 0.00000000
vt 0.00000000 0.00000000
vt 0.00000000 0.00000000
vt 0.00000000 0.00000000
vt 0.00000000 0.00000000
vt 0.00000000 0.00000000
vt 0.00000000 0.00000000
vt 0.00000000 0.00000000
vt 0.00000000 0.00000000
vt 0.00000000 0.00000000
vt 0.00000000 0.00000000
vt 0.00000000 0.00000000
vt 0.00000000 0.00000000
vt 0.00000000 0.00000000
vt 0.00000000 0.00000000
vt 0.00000000 0.00000000
vt 0.00000000 0.00000000
vt 0.00000000 0.00000000
vt 0.00000000 0.00000000
vt 0.00000000 0.00000000
vt 0.00000000 0.00000000
vt 0.00000000 0.00000000
vt 0.00000000 0.00000000
vt 0.00000000 0.00000000
vt 0.00000000 0.00000000
vt 0.00000000 0.00000000
vt 0.00000000 0.00000000
vt 0.00000000 0.00000000
vt 0.00000000 0.00000000
vt 0.00000000 0.00000000
vt 0.00000000 0.00000000
vt 0.00000000 0.00000000
vt 0.00000000 0.00000000
vt 0.00000000 0.00000000
vt 0.00000000 0.00000000
vt 0.00000000 0.00000000
vt 0.00000000 0.00000000
vt 0.00000000 0.00000000
vt 0.00000000 0.00000000
vt 0.00000000 0.00000000
vt 0.00000000 0.00000000
vt 0.00000000 0.00000000
vt 0.00000000 0.00000000
vt 0.00000000 0.00000000
vt 0.00000000 0.00000000
vt 0.00000000 0.00000000
vt 0.00000000 0.00000000
vt 0.00000000 0.00000000
vt 0.00000000 0.00000000
vt 0.00000000 0.00000000
vt 0.00000000 0.00000000
vt 0.00000000 0.00000000
vt 0.00000000 0.00000000
vt 0.00000000 0.00000000
vt 0.00000000 0.00000000
vt 0.00000000 0.00000000
vt 0.00000000 0.00000000
vt 0.00000000 0.00000000
vt 0.00000000 0.00000000
vt 0.00000000 0.00000000
vt 0.00000000 0.00000000
vt 0.00000000 0.00000000
vt 0.00000000 0.00000000
vt 0.00000000 0.00000000
vt 0.00000000 0.00000000
vt 0.00000000 0.00000000
vt 0.00000000 0.00000000
vt 0.00000000 0.00000000
vt 0.00000000 0.00000000
vt 0.00000000 0.00000000
vt 0.00000000 0.00000000
vt 0.00000000 0.00000000
vt 0.00000000 0.00000000
vt 0.00000000 0.00000000
vt 0.00000000 0.00000000
vt 0.00000000 0.00000000
vt 0.00000000 0.00000000
vt 0.00000000 0.00000000
vt 0.00000000 0.00000000
vt 0.00000000 0.00000000
vt 0.00000000 0.00000000
vt 0.00000000 0.00000000
vt 0.00000000 0.00000000
vt 0.00000000 0.00000000
vt 0.00000000 0.00000000
vt 0.00000000 0.00000000
vt 0.00000000 0.00000000
vt 0.00000000 0.00000000
vt 0.00000000 0.00000000
vt 0.00000000 0.00000000
vt 0.00000000 0.00000000
vt 0.00000000 0.00000000
vt 0.00000000 0.00000000
vt 0.00000000 0.00000000
vt 0.00000000 0.00000000
vt 0.00000000 0.00000000
vt 0.00000000 0.00000000
vt 0.00000000 0.00000000
vt 0.00000000 0.00000000
vt 0.00000000 0.00000000
vt 0.00000000 0.00000000
vt 0.00000000 0.00000000
vt 0.00000000 0.00000000
vt 0.00000000 0.00000000
vt 0.00000000 0.00000000
vt 0.00000000 0.00000000
vt 0.00000000 0.00000000
vt 0.00000000 0.00000000
vt 0.00000000 0.00000000
vt 0.00000000 0.00000000
vt 0.00000000 0.00000000
vt 0.00000000 0.00000000
vt 0.00000000 0.00000000
vt 0.00000000 0.00000000
vt 0.00000000 0.00000000
vt 0.00000000 0.00000000
vt 0.00000000 0.00000000
vt 0.00000000 0.00000000
vt 0.00000000 0.00000000
vt 0.00000000 0.00000000
vt 0.00000000 0.00000000
vt 0.00000000 0.00000000
vt 0.00000000 0.00000000
vt 0.00000000 0.00000000
vt 0.00000000 0.00000000
vt 0.00000000 0.00000000
vt 0.00000000 0.00000000
vt 0.00000000 0.00000000
vt 0.00000000 0.00000000
vt 0.00000000 0.00000000
vt 0.00000000 0.00000000
vt 0.00000000 0.00000000
vt 0.00000000 0.00000000
vt 0.00000000 0.00000000
vt 0.00000000 0.00000000
vt 0.00000000 0.00000000
vt 0.00000000 0.00000000
vt 0.00000000 0.00000000
vt 0.00000000 0.00000000
vt 0.00000000 0.00000000
vt 0.00000000 0.00000000
vt 0.00000000 0.00000000
vt 0.00000000 0.00000000
vt 0.00000000 0.00000000
vt 0.00000000 0.00000000
vt 0.00000000 0.00000000
vt 0.00000000 0.00000000
vt 0.00000000 0.00000000
vt 0.00000000 0.00000000
vt 0.00000000 0.00000000
vt 0.00000000 0.00000000
vt 0.00000000 0.00000000
vt 0.00000000 0.00000000
vt 0.00000000 0.00000000
vt 0.00000000 0.00000000
vt 0.00000000 0.00000000
vt 0.00000000 0.00000000
vt 0.00000000 0.00000000
vt 0.00000000 0.00000000
vt 0.00000000 0.00000000
vt 0.00000000 0.00000000
vt 0.00000000 0.00000000
vt 0.00000000 0.00000000
vt 0.00000000 0.00000000
vt 0.00000000 0.00000000
vt 0.00000000 0.00000000
vt 0.00000000 0.00000000
vt 0.00000000 0.00000000
vt 0.00000000 0.00000000
vt 0.00000000 0.00000000
vt 0.00000000 0.00000000
vt 0.00000000 0.00000000
vt 0.00000000 0.00000000
vt 0.00000000 0.00000000
vt 0.00000000 0.00000000
vt 0.00000000 0.00000000
vt 0.00000000 0.00000000
vt 0.00000000 0.00000000
vt 0.00000000 0.00000000
vt 0.00000000 0.00000000
vt 0.00000000 0.00000000
vt 0.00000000 0.00000000
vt 0.00000000 0.00000000
vt 0.00000000 0.00000000
vt 0.00000000 0.00000000
vt 0.00000000 0.00000000
vt 0.00000000 0.00000000
vt 0.00000000 0.00000000
vt 0.00000000 0.00000000
vt 0.00000000 0.00000000
vt 0.00000000 0.00000000
vt 0.00000000 0.00000000
vt 0.00000000 0.00000000
vt 0.00000000 0.00000000
vt 0.00000000 0.00000000
vt 0.00000000 0.00000000
vt 0.00000000 0.00000000
vt 0.00000000 0.00000000
vt 0.00000000 0.00000000
vt 0.00000000 0.00000000
vt 0.00000000 0.00000000
vt 0.00000000 0.00000000
vt 0.00000000 0.00000000
vt 0.00000000 0.00000000
vt 0.00000000 0.00000000
vt 0.00000000 0.00000000
vt 0.00000000 0.00000000
vt 0.00000000 0.00000000
vt 0.00000000 0.00000000
vt 0.00000000 0.00000000
vt 0.00000000 0.00000000
vt 0.00000000 0.00000000
vt 0.00000000 0.00000000
vt 0.00000000 0.00000000
vt 0.00000000 0.00000000
vt 0.00000000 0.00000000
vt 0.00000000 0.00000000
vt 0.00000000 0.00000000
vt 0.00000000 0.00000000
vt 0.00000000 0.00000000
vt 0.00000000 0.00000000
vt 0.00000000 0.00000000
vt 0.00000000 0.00000000
vt 0.00000000 0.00000000
vt 0.00000000 0.00000000
vt 0.00000000 0.00000000
vt 0.00000000 0.00000000
vt 0.00000000 0.00000000
vt 0.00000000 0.00000000
vt 0.00000000 0.00000000
vt 0.00000000 0.00000000
vt 0.00000000 0.00000000
vt 0.00000000 0.00000000
vt 0.00000000 0.00000000
vt 0.00000000 0.00000000
vt 0.00000000 0.00000000
vt 0.00000000 0.00000000
vt 0.00000000 0.00000000
vt 0.00000000 0.00000000
vt 0.00000000 0.00000000
vt 0.00000000 0.00000000
vt 0.00000000 0.00000000
vt 0.00000000 0.00000000
vt 0.00000000 0.00000000
vt 0.00000000 0.00000000
vt 0.00000000 0.00000000
vt 0.00000000 0.00000000
vt 0.00000000 0.00000000
vt 0.00000000 0.00000000
vt 0.00000000 0.00000000
vt 0.00000000 0.00000000
vt 0.00000000 0.00000000
vt 0.00000000 0.00000000
vt 0.00000000 0.00000000
vt 0.00000000 0.00000000
vt 0.00000000 0.00000000
vt 0.00000000 0.00000000
vt 0.00000000 0.00000000
vt 0.00000000 0.00000000
vt 0.00000000 0.00000000
vt 0.00000000 0.00000000
vt 0.00000000 0.00000000
vt 0.00000000 0.00000000
vt 0.00000000 0.00000000
vt 0.00000000 0.00000000
vt 0.00000000 0.00000000
vt 0.00000000 0.00000000
vt 0.00000000 0.00000000
vt 0.00000000 0.00000000
vt 0.00000000 0.00000000
vt 0.00000000 0.00000000
vt 0.00000000 0.00000000
vt 0.00000000 0.00000000
vt 0.00000000 0.00000000
vt 0.00000000 0.00000000
vt 0.00000000 0.00000000
vt 0.00000000 0.00000000
vt 0.00000000 0.00000000
vt 0.00000000 0.00000000
vt 0.00000000 0.00000000
vt 0.00000000 0.00000000
vt 0.00000000 0.00000000
vt 0.00000000 0.00000000
vt 0.00000000 0.00000000
vt 0.00000000 0.00000000
vt 0.00000000 0.00000000
vt 0.00000000 0.00000000
vt 0.00000000 0.00000000
vt 0.00000000 0.00000000
vt 0.00000000 0.00000000
vt 0.00000000 0.00000000
vt 0.00000000 0.00000000
vt 0.00000000 0.00000000
vt 0.00000000 0.00000000
vt 0.00000000 0.00000000
vt 0.00000000 0.00000000
vt 0.00000000 0.00000000
vt 0.00000000 0.00000000
vt 0.00000000 0.00000000
vt 0.00000000 0.00000000
vt 0.00000000 0.00000000
vt 0.00000000 0.00000000
vt 0.00000000 0.00000000
vt 0.00000000 0.00000000
vt 0.00000000 0.00000000
vt 0.00000000 0.00000000
vt 0.00000000 0.00000000
vt 0.00000000 0.00000000
vt 0.00000000 0.00000000
vt 0.00000000 0.00000000
vt 0.00000000 0.00000000
vt 0.00000000 0.00000000
vt 0.00000000 0.00000000
vt 0.00000000 0.00000000
vt 0.00000000 0.00000000
vt 0.00000000 0.00000000
vt 0.00000000 0.00000000
vt 0.00000000 0.00000000
vt 0.00000000 0.00000000
vt 0.00000000 0.00000000
vt 0.00000000 0.00000000
vt 0.00000000 0.00000000
vt 0.00000000 0.00000000
vt 0.00000000 0.00000000
vt 0.00000000 0.00000000
vt 0.00000000 0.00000000
vt 0.00000000 0.00000000
vt 0.00000000 0.00000000
vt 0.00000000 0.00000000
vt 0.00000000 0.00000000
vt 0.00000000 0.00000000
vt 0.00000000 0.00000000
vt 0.00000000 0.00000000
vt 0.00000000 0.00000000
vt 0.00000000 0.00000000
vt 0.00000000 0.00000000
vt 0.00000000 0.00000000
vt 0.00000000 0.00000000
vt 0.00000000 0.00000000
vt 0.00000000 0.00000000
vt 0.00000000 0.00000000
vt 0.00000000 0.00000000
vt 0.00000000 0.00000000
vt 0.00000000 0.00000000
vt 0.00000000 0.00000000
vt 0.00000000 0.00000000
vt 0.00000000 0.00000000
vt 0.00000000 0.00000000
vt 0.00000000 0.00000000
vt 0.00000000 0.00000000
vt 0.00000000 0.00000000
vt 0.00000000 0.00000000
vt 0.00000000 0.00000000
vt 0.00000000 0.00000000
vt 0.00000000 0.00000000
vt 0.00000000 0.00000000
vt 0.00000000 0.00000000
vt 0.00000000 0.00000000
vt 0.00000000 0.00000000
vt 0.00000000 0.00000000
vt 0.00000000 0.00000000
vt 0.00000000 0.00000000
vt 0.00000000 0.00000000
vt 0.00000000 0.00000000
vt 0.00000000 0.00000000
vt 0.00000000 0.00000000
vt 0.00000000 0.00000000
vt 0.00000000 0.00000000
vt 0.00000000 0.00000000
vt 0.00000000 0.00000000
vt 0.00000000 0.00000000
vt 0.00000000 0.00000000
vt 0.00000000 0.00000000
vt 0.00000000 0.00000000
vt 0.00000000 0.00000000
vt 0.00000000 0.00000000
vt 0.00000000 0.00000000
vt 0.00000000 0.00000000
vt 0.00000000 0.00000000
vt 0.00000000 0.00000000
vt 0.00000000 0.00000000
vt 0.00000000 0.00000000
vt 0.00000000 0.00000000
vt 0.00000000 0.00000000
vt 0.00000000 0.00000000
vt 0.00000000 0.00000000
vt 0.00000000 0.00000000
vt 0.00000000 0.00000000
vt 0.00000000 0.00000000
vt 0.00000000 0.00000000
vt 0.00000000 0.00000000
vt 0.00000000 0.00000000
vt 0.00000000 0.00000000
vt 0.00000000 0.00000000
vt 0.00000000 0.00000000
vt 0.00000000 0.00000000
vt 0.00000000 0.00000000
vt 0.00000000 0.00000000
vt 0.00000000 0.00000000
vt 0.00000000 0.00000000
vt 0.00000000 0.00000000
vt 0.00000000 0.00000000
vt 0.00000000 0.00000000
vt 0.00000000 0.00000000
vt 0.00000000 0.00000000
vt 0.00000000 0.00000000
vt 0.00000000 0.00000000
vt 0.00000000 0.00000000
vt 0.00000000 0.00000000
vt 0.00000000 0.00000000
vt 0.00000000 0.00000000
vt 0.00000000 0.00000000
vt 0.00000000 0.00000000
vt 0.00000000 0.00000000
vt 0.00000000 0.00000000
vt 0.00000000 0.00000000
vt 0.00000000 0.00000000
vt 0.00000000 0.00000000
vt 0.00000000 0.00000000
vt 0.00000000 0.00000000
vt 0.00000000 0.00000000
vt 0.00000000 0.00000000
vt 0.00000000 0.00000000
vt 0.00000000 0.00000000
vt 0.00000000 0.00000000
vt 0.00000000 0.00000000
vt 0.00000000 0.00000000
vt 0.00000000 0.00000000
vt 0.00000000 0.00000000
vt 0.00000000 0.00000000
vt 0.00000000 0.00000000
vt 0.00000000 0.00000000
vt 0.00000000 0.00000000
vt 0.00000000 0.00000000
vt 0.00000000 0.00000000
vt 0.00000000 0.00000000
vt 0.00000000 0.00000000
vt 0.00000000 0.00000000
vt 0.00000000 0.00000000
vt 0.00000000 0.00000000
vt 0.00000000 0.00000000
vt 0.00000000 0.00000000
vt 0.00000000 0.00000000
vt 0.00000000 0.00000000
vt 0.00000000 0.00000000
vt 0.00000000 0.00000000
vt 0.00000000 0.00000000
vt 0.00000000 0.00000000
vt 0.00000000 0.00000000
vt 0.00000000 0.00000000
vt 0.00000000 0.00000000
vt 0.00000000 0.00000000
vt 0.00000000 0.00000000
vt 0.00000000 0.00000000
vt 0.00000000 0.00000000
vt 0.00000000 0.00000000
vt 0.00000000 0.00000000
vt 0.00000000 0.00000000
vt 0.00000000 0.00000000
vt 0.00000000 0.00000000
vt 0.00000000 0.00000000
vt 0.00000000 0.00000000
vt 0.00000000 0.00000000
vt 0.00000000 0.00000000
vt 0.00000000 0.00000000
vt 0.00000000 0.00000000
vt 0.00000000 0.00000000
vt 0.00000000 0.00000000
vt 0.00000000 0.00000000
vt 0.00000000 0.00000000
vt 0.00000000 0.00000000
vt 0.00000000 0.00000000
vt 0.00000000 0.00000000
vt 0.00000000 0.00000000
vt 0.00000000 0.00000000
vt 0.00000000 0.00000000
vt 0.00000000 0.00000000
vt 0.00000000 0.00000000
vt 0.00000000 0.00000000
vt 0.00000000 0.00000000
vt 0.00000000 0.00000000
vt 0.00000000 0.00000000
vt 0.00000000 0.00000000
vt 0.00000000 0.00000000
vt 0.00000000 0.00000000
vt 0.00000000 0.00000000
vt 0.00000000 0.00000000
vt 0.00000000 0.00000000
vt 0.00000000 0.00000000
vt 0.00000000 0.00000000
vt 0.00000000 0.00000000
vt 0.00000000 0.00000000
vt 0.00000000 0.00000000
vt 0.00000000 0.00000000
vt 0.00000000 0.00000000
vt 0.00000000 0.00000000
vt 0.00000000 0.00000000
vt 0.00000000 0.00000000
vt 0.00000000 0.00000000
vt 0.00000000 0.00000000
vt 0.00000000 0.00000000
vt 0.00000000 0.00000000
vt 0.00000000 0.00000000
vt 0.00000000 0.00000000
vt 0.00000000 0.00000000
vt 0.00000000 0.00000000
vt 0.00000000 0.00000000
vt 0.00000000 0.00000000
vt 0.00000000 0.00000000
vt 0.00000000 0.00000000
vt 0.00000000 0.00000000
vt 0.00000000 0.00000000
vt 0.00000000 0.00000000
vt 0.00000000 0.00000000
vt 0.00000000 0.00000000
vt 0.00000000 0.00000000
vt 0.00000000 0.00000000
vt 0.00000000 0.00000000
vt 0.00000000 0.00000000
vt 0.00000000 0.00000000
vt 0.00000000 0.00000000
vt 0.00000000 0.00000000
vt 0.00000000 0.00000000
vt 0.00000000 0.00000000
vt 0.00000000 0.00000000
vt 0.00000000 0.00000000
vt 0.00000000 0.00000000
vt 0.00000000 0.00000000
vt 0.00000000 0.00000000
vt 0.00000000 0.00000000
vt 0.00000000 0.00000000
vt 0.00000000 0.00000000
vt 0.00000000 0.00000000
vt 0.00000000 0.00000000
vt 0.00000000 0.00000000
vt 0.00000000 0.00000000
vt 0.00000000 0.00000000
vt 0.00000000 0.00000000
vt 0.00000000 0.00000000
vt 0.00000000 0.00000000
vt 0.00000000 0.00000000
vt 0.00000000 0.00000000
vt 0.00000000 0.00000000
vt 0.00000000 0.00000000
vt 0.00000000 0.00000000
vt 0.00000000 0.00000000
vt 0.00000000 0.00000000
vt 0.00000000 0.00000000
vt 0.00000000 0.00000000
vt 0.00000000 0.00000000
vt 0.00000000 0.00000000
vt 0.00000000 0.00000000
vt 0.00000000 0.00000000
vt 0.00000000 0.00000000
vt 0.00000000 0.00000000
vt 0.00000000 0.00000000
vt 0.00000000 0.00000000
vt 0.00000000 0.00000000
vt 0.00000000 0.00000000
vt 0.00000000 0.00000000
vt 0.00000000 0.00000000
vt 0.00000000 0.00000000
vt 0.00000000 0.00000000
vt 0.00000000 0.00000000
vt 0.00000000 0.00000000
vt 0.00000000 0.00000000
vt 0.00000000 0.00000000
vt 0.00000000 0.00000000
vt 0.00000000 0.00000000
vt 0.00000000 0.00000000
vt 0.00000000 0.00000000
vt 0.00000000 0.00000000
vt 0.00000000 0.00000000
vt 0.00000000 0.00000000
vt 0.00000000 0.00000000
vt 0.00000000 0.00000000
vt 0.00000000 0.00000000
vt 0.00000000 0.00000000
vt 0.00000000 0.00000000
vt 0.00000000 0.00000000
vt 0.00000000 0.00000000
vt 0.00000000 0.00000000
vt 0.00000000 0.00000000
vt 0.00000000 0.00000000
vt 0.00000000 0.00000000
vt 0.00000000 0.00000000
vt 0.00000000 0.00000000
vt 0.00000000 0.00000000
vt 0.00000000 0.00000000
vt 0.00000000 0.00000000
vt 0.00000000 0.00000000
vt 0.00000000 0.00000000
vt 0.00000000 0.00000000
vt 0.00000000 0.00000000
vt 0.00000000 0.00000000
vt 0.00000000 0.00000000
vt 0.00000000 0.00000000
vt 0.00000000 0.00000000
vt 0.00000000 0.00000000
vt 0.00000000 0.00000000
vt 0.00000000 0.00000000
vt 0.00000000 0.00000000
vt 0.00000000 0.00000000
vt 0.00000000 0.00000000
vt 0.00000000 0.00000000
vt 0.00000000 0.00000000
vt 0.00000000 0.00000000
vt 0.00000000 0.00000000
vt 0.00000000 0.00000000
vt 0.00000000 0.00000000
vt 0.00000000 0.00000000
vt 0.00000000 0.00000000
vt 0.00000000 0.00000000
vt 0.00000000 0.00000000
vt 0.00000000 0.00000000
vt 0.00000000 0.00000000
vt 0.00000000 0.00000000
vt 0.00000000 0.00000000
vt 0.00000000 0.00000000
vt 0.00000000 0.00000000
vt 0.00000000 0.00000000
vt 0.00000000 0.00000000
vt 0.00000000 0.00000000
vt 0.00000000 0.00000000
vt 0.00000000 0.00000000
vt 0.00000000 0.00000000
vt 0.00000000 0.00000000
vt 0.00000000 0.00000000
vt 0.00000000 0.00000000
vt 0.00000000 0.00000000
vt 0.00000000 0.00000000
vt 0.00000000 0.00000000
vt 0.00000000 0.00000000
vt 0.00000000 0.00000000
vt 0.00000000 0.00000000
vt 0.00000000 0.00000000
vt 0.00000000 0.00000000
vt 0.00000000 0.00000000
vt 0.00000000 0.00000000
vt 0.00000000 0.00000000
vt 0.00000000 0.00000000
vt 0.00000000 0.00000000
vt 0.00000000 0.00000000
vt 0.00000000 0.00000000
vt 0.00000000 0.00000000
vt 0.00000000 0.00000000
vt 0.00000000 0.00000000
vt 0.00000000 0.00000000
vt 0.00000000 0.00000000
vt 0.00000000 0.00000000
vt 0.00000000 0.00000000
vt 0.00000000 0.00000000
vt 0.00000000 0.00000000
vt 0.00000000 0.00000000
vt 0.00000000 0.00000000
vt 0.00000000 0.00000000
vt 0.00000000 0.00000000
vt 0.00000000 0.00000000
vt 0.00000000 0.00000000
vt 0.00000000 0.00000000
vt 0.00000000 0.00000000
vt 0.00000000 0.00000000
vt 0.00000000 0.00000000
vt 0.00000000 0.00000000
vt 0.00000000 0.00000000
vt 0.00000000 0.00000000
vt 0.00000000 0.00000000
vt 0.00000000 0.00000000
vt 0.00000000 0.00000000
vt 0.00000000 0.00000000
vt 0.00000000 0.00000000
vt 0.00000000 0.00000000
vt 0.00000000 0.00000000
vt 0.00000000 0.00000000
vt 0.00000000 0.00000000
vt 0.00000000 0.00000000
vt 0.00000000 0.00000000
vt 0.00000000 0.00000000
vt 0.00000000 0.00000000
vt 0.00000000 0.00000000
vt 0.00000000 0.00000000
vt 0.00000000 0.00000000
vt 0.00000000 0.00000000
vt 0.00000000 0.00000000
vt 0.00000000 0.00000000
vt 0.00000000 0.00000000
vt 0.00000000 0.00000000
vt 0.00000000 0.00000000
vt 0.00000000 0.00000000
f 1/1 2/2 3/3
f 4/4 5/5 6/6
f 3/3 7/7 4/4
f 8/8 9/9 10/10
f 11/11 12/12 13/13
f 13/13 14/14 15/15
f 10/10 16/16 11/11
f 6/6 17/17 8/8
f 18/18 19/19 20/20
f 21/21 22/22 23/23
f 20/20 24/24 21/21
f 25/25 26/26 27/27
f 28/28 27/27 29/29
f 27/27 26/26 29/29
f 23/23 30/30 25/25
f 15/15 31/31 18/18
f 32/32 1/1 33/33
f 34/34 32/32 35/35
f 26/26 36/36 29/29
f 1/1 32/32 34/34
f 1/1 34/34 2/2
f 4/4 7/7 5/5
f 3/3 2/2 7/7
f 8/8 17/17 9/9
f 11/11 16/16 12/12
f 13/13 12/12 14/14
f 10/10 9/9 16/16
f 6/6 5/5 17/17
f 18/18 31/31 19/19
f 21/21 24/24 22/22
f 20/20 19/19 24/24
f 25/25 30/30 26/26
f 23/23 22/22 30/30
f 15/15 14/14 31/31
f 37/37 38/38 39/39
f 39/39 38/38 40/40
f 39/39 40/40 41/41
f 41/41 40/40 42/42
f 43/43 42/42 44/44
f 41/41 42/42 43/43
f 43/43 44/44 45/45
f 45/45 44/44 46/46
f 45/45 46/46 47/47
f 47/47 46/46 48/48
f 47/47 48/48 49/49
f 48/48 50/50 49/49
f 51/51 49/49 50/50
f 48/48 52/52 50/50
f 37/37 53/53 38/38
f 54/54 53/53 37/37
f 53/53 54/54 55/55
f 54/54 37/37 56/56
f 57/57 58/58 59/59
f 59/59 58/58 60/60
f 61/61 57/57 59/59
f 58/58 57/57 62/62
f 63/63 62/62 64/64
f 58/58 62/62 63/63
f 63/63 64/64 65/65
f 65/65 64/64 66/66
f 65/65 66/66 67/67
f 67/67 66/66 68/68
f 67/67 68/68 69/69
f 69/69 68/68 70/70
f 71/71 70/70 72/72
f 69/69 70/70 71/71
f 73/73 72/72 74/74
f 71/71 72/72 73/73
f 74/74 72/72 75/75
f 73/73 74/74 76/76
f 77/77 78/78 79/79
f 79/79 78/78 80/80
f 81/81 77/77 79/79
f 78/78 77/77 82/82
f 83/83 82/82 84/84
f 78/78 82/82 83/83
f 83/83 84/84 85/85
f 85/85 84/84 86/86
f 85/85 86/86 87/87
f 87/87 86/86 88/88
f 87/87 88/88 89/89
f 89/89 88/88 90/90
f 91/91 90/90 92/92
f 89/89 90/90 91/91
f 93/93 92/92 94/94
f 91/91 92/92 93/93
f 94/94 92/92 95/95
f 93/93 94/94 96/96
f 97/97 98/98 99/99
f 100/100 97/97 99/99
f 97/97 100/100 101/101
f 101/101 100/100 102/102
f 103/103 102/102 104/104
f 101/101 102/102 103/103
f 103/103 104/104 105/105
f 105/105 104/104 106/106
f 107/107 106/106 108/108
f 105/105 106/106 107/107
f 107/107 108/108 109/109
f 109/109 108/108 110/110
f 111/111 109/109 110/110
f 108/108 112/112 110/110
f 113/113 99/99 98/98
f 114/114 113/113 98/98
f 114/114 115/115 113/113
f 98/98 116/116 114/114
f 117/117 118/118 119/119
f 119/119 118/118 120/120
f 117/117 121/121 118/118
f 121/121 117/117 122/122
f 123/123 118/118 121/121
f 123/123 121/121 124/124
f 123/123 124/124 125/125
f 123/123 125/125 126/126
f 127/127 126/126 125/125
f 127/127 125/125 128/128
f 127/127 128/128 129/129
f 130/130 129/129 131/131
f 127/127 129/129 132/132
f 130/130 132/132 129/129
f 130/130 131/131 133/133
f 130/130 133/133 134/134
f 134/134 133/133 135/135
f 135/135 133/133 136/136
f 134/134 135/135 137/137
f 138/138 134/134 137/137
f 139/139 140/140 141/141
f 141/141 140/140 142/142
f 143/143 139/139 141/141
f 144/144 140/140 139/139
f 144/144 139/139 145/145
f 144/144 145/145 146/146
f 147/147 148/148 146/146
f 147/147 146/146 149/149
f 144/144 146/146 148/148
f 147/147 149/149 150/150
f 151/151 152/152 150/150
f 147/147 150/150 152/152
f 151/151 150/150 153/153
f 151/151 153/153 154/154
f 155/155 154/154 156/156
f 157/157 154/154 155/155
f 151/151 154/154 157/157
f 157/157 155/155 158/158
f 159/159 160/160 161/161
f 162/162 161/161 160/160
f 162/162 160/160 163/163
f 162/162 164/164 165/165
f 162/162 163/163 164/164
f 166/166 165/165 164/164
f 166/166 164/164 167/167
f 166/166 167/167 168/168
f 169/169 170/170 168/168
f 169/169 168/168 171/171
f 166/166 168/168 170/170
f 169/169 171/171 172/172
f 171/171 173/173 172/172
f 174/174 169/169 172/172
f 159/159 175/175 160/160
f 176/176 175/175 159/159
f 175/175 176/176 177/177
f 176/176 159/159 178/178
f 179/179 180/180 181/181
f 182/182 181/181 180/180
f 182/182 183/183 181/181
f 179/179 181/181 184/184
f 185/185 184/184 186/186
f 185/185 179/179 184/184
f 185/185 186/186 187/187
f 185/185 187/187 188/188
f 188/188 187/187 189/189
f 190/190 191/191 189/189
f 190/190 189/189 192/192
f 188/188 189/189 191/191
f 190/190 192/192 193/193
f 192/192 194/194 193/193
f 195/195 190/190 193/193
f 196/196 183/183 182/182
f 183/183 196/196 197/197
f 196/196 182/182 198/198
f 199/199 200/200 201/201
f 201/201 200/200 202/202
f 203/203 199/199 204/204
f 199/199 203/203 200/200
f 205/205 200/200 203/203
f 205/205 203/203 206/206
f 205/205 206/206 207/207
f 208/208 209/209 207/207
f 208/208 207/207 210/210
f 205/205 207/207 209/209
f 208/208 210/210 211/211
f 212/212 213/213 211/211
f 212/212 211/211 214/214
f 208/208 211/211 213/213
f 212/212 214/214 215/215
f 212/212 215/215 216/216
f 216/216 215/215 217/217
f 217/217 215/215 218/218
f 218/218 215/215 219/219
f 220/220 216/216 217/217
f 221/221 222/222 223/223
f 221/221 223/223 224/224
f 225/225 222/222 221/221
f 226/226 222/222 225/225
f 226/226 225/225 227/227
f 222/222 226/226 228/228
f 228/228 229/229 230/230
f 222/222 228/228 230/230
f 231/231 229/229 232/232
f 231/231 230/230 229/229
f 230/230 231/231 233/233
f 233/233 231/231 234/234
f 235/235 231/231 232/232
f 235/235 234/234 231/231
f 233/233 234/234 236/236
f 237/237 236/236 234/234
f 237/237 234/234 238/238
f 238/238 234/234 235/235
f 237/237 238/238 239/239
f 238/238 240/240 239/239
f 238/238 235/235 241/241
f 238/238 241/241 240/240
f 240/240 242/242 243/243
f 239/239 240/240 243/243
f 244/244 239/239 243/243
f 245/245 244/244 246/246
f 244/244 245/245 239/239
f 237/237 239/239 245/245
f 230/230 233/233 247/247
f 230/230 247/247 248/248
f 222/222 230/230 248/248
f 222/222 248/248 223/223
f 249/249 250/250 251/251
f 251/251 250/250 252/252
f 249/249 253/253 250/250
f 253/253 249/249 254/254
f 255/255 250/250 253/253
f 255/255 253/253 256/256
f 255/255 256/256 257/257
f 255/255 257/257 258/258
f 258/258 257/257 259/259
f 258/258 259/259 260/260
f 261/261 260/260 259/259
f 261/261 259/259 262/262
f 263/263 261/261 262/262
f 263/263 262/262 264/264
f 263/263 264/264 265/265
f 263/263 265/265 266/266
f 266/266 265/265 267/267
f 267/267 265/265 268/268
f 266/266 267/267 269/269
f 270/270 266/266 269/269
f 271/271 272/272 273/273
f 271/271 273/273 274/274
f 275/275 272/272 271/271
f 276/276 277/277 275/275
f 277/277 272/272 275/275
f 272/272 277/277 278/278
f 272/272 278/278 279/279
f 280/280 279/279 278/278
f 272/272 279/279 281/281
f 279/279 282/282 281/281
f 283/283 279/279 280/280
f 283/283 282/282 279/279
f 283/283 284/284 282/282
f 285/285 284/284 283/283
f 285/285 283/283 286/286
f 285/285 286/286 287/287
f 285/285 287/287 288/288
f 288/288 287/287 289/289
f 287/287 290/290 289/289
f 287/287 286/286 291/291
f 287/287 291/291 292/292
f 287/287 292/292 290/290
f 293/293 289/289 290/290
f 293/293 290/290 294/294
f 295/295 289/289 293/293
f 296/296 295/295 297/297
f 295/295 296/296 289/289
f 288/288 289/289 296/296
f 283/283 298/298 291/291
f 283/283 291/291 286/286
f 283/283 280/280 298/298
f 272/272 281/281 273/273
f 299/299 300/300 301/301
f 301/301 300/300 302/302
f 301/301 302/302 303/303
f 303/303 302/302 304/304
f 305/305 304/304 306/306
f 303/303 304/304 305/305
f 305/305 306/306 307/307
f 307/307 308/308 309/309
f 307/307 306/306 308/308
f 309/309 308/308 310/310
f 311/311 310/310 312/312
f 309/309 310/310 311/311
f 311/311 312/312 313/313
f 313/313 312/312 314/314
f 313/313 314/314 315/315
f 315/315 314/314 316/316
f 317/317 316/316 318/318
f 315/315 316/316 317/317
f 317/317 318/318 319/319
f 319/319 320/320 321/321
f 319/319 318/318 320/320
f 322/322 321/321 320/320
f 322/322 320/320 323/323
f 324/324 323/323 325/325
f 324/324 322/322 323/323
f 324/324 325/325 326/326
f 324/324 326/326 327/327
f 327/327 326/326 328/328
f 329/329 328/328 330/330
f 327/327 328/328 329/329
f 329/329 330/330 331/331
f 299/299 332/332 300/300
f 333/333 334/334 335/335
f 334/334 335/335 336/336
f 337/337 335/335 334/334
f 337/337 334/334 333/333
f 338/338 333/333 335/335
f 333/333 339/339 337/337
f 338/338 339/339 333/333
f 340/340 339/339 333/333
f 339/339 338/338 337/337
f 341/341 338/338 335/335
f 342/342 338/338 341/341
f 338/338 342/342 337/337
f 343/343 342/342 341/341
f 342/342 343/343 337/337
f 344/344 343/343 341/341
f 345/345 343/343 344/344
f 345/345 337/337 343/343
f 345/345 346/346 347/347
f 346/346 345/345 348/348
f 345/345 347/347 349/349
f 345/345 349/349 341/341
f 337/337 345/345 341/341
f 344/344 350/350 345/345
f 350/350 348/348 345/345
f 350/350 344/344 349/349
f 348/348 350/350 349/349
f 351/351 348/348 347/347
f 352/352 351/351 347/347
f 348/348 349/349 347/347
f 353/353 352/352 347/347
f 353/353 347/347 346/346
f 354/354 352/352 353/353
f 355/355 354/354 353/353
f 356/356 355/355 353/353
f 356/356 353/353 357/357
f 353/353 346/346 357/357
f 357/357 346/346 352/352
f 357/357 352/352 354/354
f 354/354 355/355 357/357
f 356/356 357/357 358/358
f 358/358 357/357 355/355
f 359/359 358/358 360/360
f 356/356 358/358 359/359
f 358/358 355/355 361/361
f 358/358 361/361 360/360
f 359/359 360/360 362/362
f 360/360 361/361 356/356
f 362/362 360/360 356/356
f 363/363 362/362 364/364
f 362/362 363/363 359/359
f 362/362 365/365 364/364
f 365/365 362/362 356/356
f 356/356 359/359 365/365
f 366/366 365/365 359/359
f 367/367 365/365 366/366
f 366/366 364/364 365/365
f 364/364 366/366 359/359
f 359/359 363/363 364/364
f 364/364 363/363 368/368
f 361/361 355/355 356/356
f 351/351 352/352 346/346
f 346/346 348/348 351/351
f 344/344 341/341 349/349
f 341/341 335/335 337/337
f 369/369 370/370 371/371
f 371/371 370/370 372/372
f 371/371 372/372 373/373
f 373/373 372/372 374/374
f 375/375 374/374 376/376
f 373/373 374/374 375/375
f 375/375 376/376 377/377
f 377/377 376/376 378/378
f 377/377 378/378 379/379
f 379/379 378/378 380/380
f 379/379 380/380 381/381
f 380/380 382/382 381/381
f 383/383 381/381 382/382
f 380/380 384/384 382/382
f 369/369 385/385 370/370
f 386/386 385/385 369/369
f 385/385 386/386 387/387
f 386/386 369/369 388/388
f 389/389 390/390 391/391
f 391/391 390/390 392/392
f 391/391 392/392 393/393
f 393/393 392/392 394/394
f 395/395 394/394 396/396
f 393/393 394/394 395/395
f 395/395 396/396 397/397
f 397/397 396/396 398/398
f 399/399 398/398 400/400
f 397/397 398/398 399/399
f 399/399 400/400 401/401
f 401/401 400/400 402/402
f 403/403 402/402 404/404
f 401/401 402/402 403/403
f 403/403 404/404 405/405
f 405/405 404/404 406/406
f 407/407 406/406 408/408
f 405/405 406/406 407/407
f 407/407 408/408 409/409
f 409/409 408/408 410/410
f 411/411 410/410 412/412
f 409/409 410/410 411/411
f 411/411 412/412 413/413
f 413/413 412/412 414/414
f 415/415 414/414 416/416
f 413/413 414/414 415/415
f 415/415 416/416 417/417
f 417/417 416/416 418/418
f 419/419 418/418 420/420
f 417/417 418/418 419/419
f 419/419 420/420 421/421
f 389/389 422/422 390/390
f 423/423 424/424 425/425
f 423/423 425/425 426/426
f 424/424 423/423 427/427
f 424/424 428/428 425/425
f 428/428 429/429 425/425
f 430/430 425/425 429/429
f 430/430 429/429 431/431
f 430/430 431/431 432/432
f 433/433 432/432 434/434
f 433/433 430/430 432/432
f 433/433 434/434 435/435
f 436/436 433/433 435/435
f 436/436 435/435 437/437
f 436/436 437/437 438/438
f 439/439 438/438 440/440
f 436/436 438/438 439/439
f 439/439 440/440 441/441
f 442/442 439/439 441/441
f 442/442 441/441 443/443
f 444/444 442/442 445/445
f 442/442 443/443 445/445
f 444/444 445/445 446/446
f 444/444 446/446 447/447
f 448/448 447/447 449/449
f 447/447 448/448 444/444
f 444/444 448/448 450/450
f 451/451 452/452 453/453
f 453/453 452/452 454/454
f 455/455 451/451 453/453
f 452/452 451/451 456/456
f 457/457 456/456 458/458
f 452/452 456/456 457/457
f 459/459 458/458 460/460
f 457/457 458/458 459/459
f 459/459 460/460 461/461
f 461/461 460/460 462/462
f 461/461 462/462 463/463
f 463/463 462/462 464/464
f 463/463 464/464 465/465
f 465/465 464/464 466/466
f 465/465 466/466 467/467
f 467/467 466/466 468/468
f 467/467 468/468 469/469
f 468/468 466/466 470/470
f 471/471 472/472 473/473
f 473/473 472/472 474/474
f 473/473 474/474 475/475
f 475/475 474/474 476/476
f 477/477 476/476 478/478
f 475/475 476/476 477/477
f 477/477 478/478 479/479
f 479/479 480/480 481/481
f 479/479 478/478 480/480
f 481/481 480/480 482/482
f 483/483 482/482 484/484
f 481/481 482/482 483/483
f 483/483 484/484 485/485
f 485/485 484/484 486/486
f 485/485 486/486 487/487
f 487/487 486/486 488/488
f 489/489 488/488 490/490
f 487/487 488/488 489/489
f 489/489 490/490 491/491
f 491/491 492/492 493/493
f 491/491 490/490 492/492
f 493/493 492/492 494/494
f 495/495 494/494 496/496
f 493/493 494/494 495/495
f 495/495 496/496 497/497
f 497/497 496/496 498/498
f 497/497 498/498 499/499
f 499/499 498/498 500/500
f 501/501 500/500 502/502
f 499/499 500/500 501/501
f 501/501 502/502 503/503
f 471/471 504/504 472/472
f 505/505 506/506 507/507
f 506/506 507/507 508/508
f 506/506 509/509 507/507
f 505/505 509/509 506/506
f 510/510 505/505 507/507
f 509/509 505/505 511/511
f 510/510 511/511 505/505
f 511/511 505/505 512/512
f 513/513 510/510 514/514
f 509/509 510/510 513/513
f 507/507 514/514 510/510
f 511/511 510/510 509/509
f 515/515 516/516 514/514
f 517/517 515/515 514/514
f 516/516 518/518 514/514
f 514/514 507/507 509/509
f 518/518 513/513 514/514
f 509/509 517/517 514/514
f 517/517 519/519 520/520
f 517/517 521/521 519/519
f 517/517 520/520 515/515
f 517/517 522/522 521/521
f 516/516 522/522 517/517
f 517/517 509/509 518/518
f 517/517 518/518 516/516
f 519/519 521/521 523/523
f 520/520 521/521 515/515
f 521/521 522/522 515/515
f 523/523 521/521 520/520
f 519/519 523/523 524/524
f 524/524 523/523 520/520
f 519/519 524/524 525/525
f 524/524 520/520 526/526
f 527/527 524/524 526/526
f 524/524 527/527 525/525
f 526/526 519/519 525/525
f 528/528 526/526 525/525
f 528/528 525/525 529/529
f 529/529 525/525 530/530
f 527/527 530/530 525/525
f 530/530 526/526 528/528
f 531/531 530/530 528/528
f 530/530 527/527 526/526
f 529/529 530/530 531/531
f 532/532 531/531 528/528
f 531/531 532/532 529/529
f 533/533 532/532 528/528
f 534/534 529/529 532/532
f 534/534 532/532 533/533
f 528/528 535/535 533/533
f 536/536 533/533 535/535
f 533/533 537/537 534/534
f 537/537 533/533 536/536
f 534/534 537/537 536/536
f 537/537 538/538 536/536
f 539/539 536/536 535/535
f 536/536 539/539 534/534
f 539/539 540/540 535/535
f 534/534 539/539 535/535
f 535/535 528/528 529/529
f 535/535 529/529 534/534
f 526/526 520/520 519/519
f 522/522 516/516 515/515
f 513/513 518/518 509/509
f 541/541 542/542 543/543
f 543/543 542/542 544/544
f 543/543 544/544 545/545
f 545/545 544/544 546/546
f 547/547 546/546 548/548
f 545/545 546/546 547/547
f 547/547 548/548 549/549
f 549/549 548/548 550/550
f 551/551 550/550 552/552
f 549/549 550/550 551/551
f 551/551 552/552 553/553
f 553/553 552/552 554/554
f 555/555 553/553 554/554
f 552/552 556/556 554/554
f 541/541 557/557 542/542
f 558/558 557/557 541/541
f 557/557 558/558 559/559
f 558/558 541/541 560/560
f 561/561 562/562 563/563
f 563/563 562/562 564/564
f 563/563 564/564 565/565
f 565/565 564/564 566/566
f 567/567 566/566 568/568
f 565/565 566/566 567/567
f 567/567 568/568 569/569
f 569/569 568/568 570/570
f 571/571 570/570 572/572
f 569/569 570/570 571/571
f 571/571 572/572 573/573
f 573/573 572/572 574/574
f 575/575 574/574 576/576
f 573/573 574/574 575/575
f 575/575 576/576 577/577
f 577/577 576/576 578/578
f 579/579 578/578 580/580
f 577/577 578/578 579/579
f 579/579 580/580 581/581
f 581/581 580/580 582/582
f 583/583 582/582 584/584
f 581/581 582/582 583/583
f 583/583 584/584 585/585
f 585/585 584/584 586/586
f 587/587 586/586 588/588
f 585/585 586/586 587/587
f 587/587 588/588 589/589
f 589/589 588/588 590/590
f 591/591 590/590 592/592
f 589/589 590/590 591/591
f 591/591 592/592 593/593
f 561/561 594/594 562/562
f 595/595 596/596 597/597
f 596/596 597/597 598/598
f 596/596 599/599 597/597
f 599/599 596/596 595/595
f 595/595 600/600 599/599
f 601/601 600/600 595/595
f 602/602 600/600 595/595
f 601/601 595/595 597/597
f 601/601 603/603 599/599
f 600/600 601/601 599/599
f 603/603 601/601 604/604
f 604/604 601/601 597/597
f 605/605 604/604 599/599
f 605/605 606/606 604/604
f 607/607 604/604 606/606
f 604/604 597/597 599/599
f 608/608 603/603 604/604
f 607/607 608/608 604/604
f 608/608 607/607 605/605
f 607/607 609/609 605/605
f 609/609 607/607 606/606
f 605/605 609/609 610/610
f 610/610 609/609 606/606
f 605/605 610/610 611/611
f 612/612 610/610 606/606
f 613/613 610/610 612/612
f 610/610 613/613 611/611
f 614/614 613/613 612/612
f 611/611 613/613 614/614
f 615/615 614/614 612/612
f 616/616 614/614 615/615
f 616/616 617/617 614/614
f 611/611 614/614 617/617
f 618/618 615/615 617/617
f 618/618 617/617 619/619
f 611/611 617/617 615/615
f 617/617 620/620 619/619
f 617/617 616/616 620/620
f 620/620 615/615 618/618
f 621/621 620/620 618/618
f 620/620 616/616 615/615
f 621/621 619/619 620/620
f 622/622 621/621 618/618
f 619/619 621/621 622/622
f 623/623 622/622 618/618
f 619/619 622/622 624/624
f 622/622 623/623 624/624
f 625/625 626/626 623/623
f 627/627 625/625 623/623
f 618/618 627/627 623/623
f 623/623 626/626 624/624
f 624/624 626/626 625/625
f 625/625 626/626 628/628
f 627/627 618/618 619/619
f 627/627 629/629 625/625
f 629/629 630/630 627/627
f 629/629 627/627 624/624
f 627/627 619/619 624/624
f 625/625 629/629 624/624
f 611/611 615/615 612/612
f 612/612 605/605 611/611
f 612/612 606/606 605/605
f 599/599 603/603 608/608
f 599/599 608/608 605/605
f 631/631 632/632 633/633
f 633/633 632/632 634/634
f 635/635 631/631 633/633
f 632/632 631/631 636/636
f 637/637 636/636 638/638
f 632/632 636/636 637/637
f 639/639 638/638 640/640
f 637/637 638/638 639/639
f 639/639 640/640 641/641
f 641/641 640/640 642/642
f 641/641 642/642 643/643
f 643/643 642/642 644/644
f 643/643 644/644 645/645
f 645/645 644/644 646/646
f 645/645 646/646 647/647
f 647/647 646/646 648/648
f 647/647 648/648 649/649
f 648/648 646/646 650/650
f 651/651 652/652 653/653
f 651/651 653/653 654/654
f 651/651 655/655 656/656
f 651/651 654/654 655/655
f 656/656 655/655 657/657
f 657/657 658/658 659/659
f 656/656 657/657 659/659
f 660/660 658/658 657/657
f 659/659 658/658 661/661
f 662/662 654/654 653/653
f 663/663 664/664 665/665
f 663/663 665/665 666/666
f 663/663 667/667 668/668
f 663/663 666/666 667/667
f 668/668 667/667 669/669
f 669/669 670/670 671/671
f 668/668 669/669 671/671
f 672/672 670/670 669/669
f 671/671 670/670 673/673
f 674/674 666/666 665/665
f 675/675 676/676 677/677
f 675/675 677/677 678/678
f 675/675 679/679 680/680
f 675/675 678/678 679/679
f 680/680 679/679 681/681
f 681/681 682/682 683/683
f 680/680 681/681 683/683
f 684/684 682/682 681/681
f 683/683 682/682 685/685
f 686/686 678/678 677/677
f 687/687 688/688 689/689
f 687/687 689/689 690/690
f 687/687 691/691 692/692
f 687/687 690/690 691/691
f 692/692 691/691 693/693
f 693/693 694/694 695/695
f 692/692 693/693 695/695
f 696/696 694/694 693/693
f 695/695 694/694 697/697
f 698/698 690/690 689/689
f 699/699 700/700 701/701
f 702/702 701/701 700/700
f 702/702 700/700 703/703
f 702/702 704/704 705/705
f 702/702 703/703 704/704
f 705/705 704/704 706/706
f 707/707 708/708 706/706
f 705/705 706/706 708/708
f 707/707 706/706 709/709
f 707/707 709/709 710/710
f 711/711 710/710 712/712
f 707/707 710/710 711/711
f 710/710 713/713 712/712
f 714/714 711/711 712/712
f 699/699 715/715 700/700
f 716/716 715/715 699/699
f 715/715 716/716 717/717
f 716/716 699/699 718/718
f 719/719 720/720 721/721
f 721/721 720/720 722/722
f 723/723 719/719 721/721
f 724/724 720/720 719/719
f 724/724 719/719 725/725
f 724/724 725/725 726/726
f 727/727 726/726 728/728
f 724/724 726/726 727/727
f 727/727 728/728 729/729
f 730/730 729/729 728/728
f 730/730 731/731 732/732
f 730/730 728/728 731/731
f 730/730 732/732 733/733
f 734/734 732/732 735/735
f 734/734 733/733 732/732
f 734/734 735/735 736/736
f 734/734 736/736 737/737
f 736/736 735/735 738/738
f 739/739 740/740 741/741
f 739/739 741/741 742/742
f 739/739 742/742 743/743
f 739/739 743/743 744/744
f 745/745 741/741 740/740
f 745/745 740/740 746/746
f 741/741 745/745 747/747
f 744/744 743/743 748/748
f 749/749 750/750 748/748
f 749/749 748/748 751/751
f 744/744 748/748 750/750
f 749/749 751/751 752/752
f 753/753 754/754 752/752
f 753/753 752/752 755/755
f 749/749 752/752 754/754
f 753/753 755/755 756/756
f 755/755 757/757 756/756
f 758/758 753/753 756/756
f 759/759 760/760 761/761
f 761/761 760/760 762/762
f 763/763 759/759 761/761
f 759/759 763/763 764/764
f 760/760 759/759 765/765
f 766/766 767/767 765/765
f 766/766 765/765 768/768
f 760/760 765/765 767/767
f 766/766 768/768 769/769
f 766/766 769/769 770/770
f 770/770 769/769 771/771
f 772/772 773/773 771/771
f 772/772 771/771 774/774
f 770/770 771/771 773/773
f 772/772 774/774 775/775
f 772/772 775/775 776/776
f 776/776 775/775 777/777
f 777/777 775/775 778/778
f 778/778 775/775 779/779
f 780/780 776/776 777/777
f 781/781 782/782 783/783
f 783/783 782/782 784/784
f 783/783 784/784 785/785
f 785/785 784/784 786/786
f 787/787 786/786 788/788
f 785/785 786/786 787/787
f 787/787 788/788 789/789
f 789/789 788/788 790/790
f 791/791 790/790 792/792
f 789/789 790/790 791/791
f 791/791 792/792 793/793
f 793/793 792/792 794/794
f 795/795 794/794 796/796
f 793/793 794/794 795/795
f 795/795 796/796 797/797
f 797/797 796/796 798/798
f 799/799 798/798 800/800
f 797/797 798/798 799/799
f 799/799 800/800 801/801
f 801/801 800/800 802/802
f 803/803 802/802 804/804
f 801/801 802/802 803/803
f 803/803 804/804 805/805
f 805/805 804/804 806/806
f 807/807 806/806 808/808
f 805/805 806/806 807/807
f 807/807 808/808 809/809
f 809/809 808/808 810/810
f 811/811 810/810 812/812
f 809/809 810/810 811/811
f 811/811 812/812 813/813
f 781/781 814/814 782/782
f 815/815 816/816 817/817
f 817/817 816/816 818/818
f 817/817 818/818 819/819
f 819/819 818/818 820/820
f 821/821 820/820 822/822
f 819/819 820/820 821/821
f 821/821 822/822 823/823
f 823/823 824/824 825/825
f 823/823 822/822 824/824
f 825/825 824/824 826/826
f 827/827 826/826 828/828
f 825/825 826/826 827/827
f 827/827 828/828 829/829
f 829/829 828/828 830/830
f 829/829 830/830 831/831
f 831/831 830/830 832/832
f 833/833 832/832 834/834
f 831/831 832/832 833/833
f 833/833 834/834 835/835
f 835/835 836/836 837/837
f 835/835 834/834 836/836
f 837/837 836/836 838/838
f 839/839 838/838 840/840
f 837/837 838/838 839/839
f 839/839 840/840 841/841
f 841/841 840/840 842/842
f 841/841 842/842 843/843
f 843/843 842/842 844/844
f 845/845 844/844 846/846
f 843/843 844/844 845/845
f 845/845 846/846 847/847
f 815/815 848/848 816/816
f 849/849 850/850 851/851
f 851/851 850/850 852/852
f 851/851 852/852 853/853
f 853/853 852/852 854/854
f 855/855 854/854 856/856
f 853/853 854/854 855/855
f 855/855 856/856 857/857
f 857/857 856/856 858/858
f 859/859 858/858 860/860
f 857/857 858/858 859/859
f 859/859 860/860 861/861
f 861/861 860/860 862/862
f 863/863 862/862 864/864
f 861/861 862/862 863/863
f 863/863 864/864 865/865
f 865/865 864/864 866/866
f 867/867 866/866 868/868
f 865/865 866/866 867/867
f 867/867 868/868 869/869
f 869/869 868/868 870/870
f 871/871 870/870 872/872
f 869/869 870/870 871/871
f 871/871 872/872 873/873
f 873/873 872/872 874/874
f 875/875 874/874 876/876
f 873/873 874/874 875/875
f 875/875 876/876 877/877
f 877/877 876/876 878/878
f 879/879 878/878 880/880
f 877/877 878/878 879/879
f 879/879 880/880 881/881
f 881/881 880/880 882/882
f 883/883 882/882 884/884
f 881/881 882/882 883/883
f 883/883 884/884 885/885
f 885/885 884/884 886/886
f 887/887 886/886 888/888
f 885/885 886/886 887/887
f 887/887 888/888 889/889
f 889/889 888/888 890/890
f 891/891 890/890 892/892
f 889/889 890/890 891/891
f 891/891 892/892 893/893
f 893/893 892/892 894/894
f 895/895 894/894 896/896
f 893/893 894/894 895/895
f 895/895 896/896 897/897
f 897/897 896/896 898/898
f 899/899 898/898 900/900
f 897/897 898/898 899/899
f 899/899 900/900 901/901
f 901/901 900/900 902/902
f 903/903 902/902 904/904
f 901/901 902/902 903/903
f 903/903 904/904 905/905
f 905/905 904/904 906/906
f 907/907 906/906 908/908
f 905/905 906/906 907/907
f 907/907 908/908 909/909
f 909/909 908/908 910/910
f 911/911 910/910 912/912
f 909/909 910/910 911/911
f 911/911 912/912 913/913
f 849/849 914/914 850/850
f 915/915 916/916 917/917
f 915/915 918/918 916/916
f 919/919 920/920 918/918
f 919/919 918/918 915/915
f 921/921 922/922 920/920
f 921/921 920/920 919/919
f 923/923 922/922 921/921
f 923/923 924/924 922/922
f 925/925 924/924 923/923
f 925/925 926/926 924/924
f 927/927 928/928 926/926
f 927/927 926/926 925/925
f 929/929 930/930 928/928
f 929/929 928/928 927/927
f 931/931 930/930 929/929
f 931/931 932/932 930/930
f 933/933 932/932 931/931
f 933/933 934/934 932/932
f 935/935 934/934 933/933
f 936/936 937/937 935/935
f 935/935 933/933 938/938
f 936/936 935/935 938/938
f 939/939 937/937 936/936
f 939/939 940/940 937/937
f 941/941 940/940 939/939
f 941/941 942/942 940/940
f 943/943 944/944 942/942
f 943/943 942/942 941/941
f 945/945 946/946 944/944
f 945/945 944/944 943/943
f 947/947 946/946 945/945
f 947/947 945/945 948/948
f 949/949 947/947 948/948
f 950/950 949/949 951/951
f 949/949 948/948 951/951
f 950/950 951/951 952/952
f 953/953 950/950 952/952
f 953/953 952/952 954/954
f 955/955 954/954 956/956
f 955/955 953/953 954/954
f 957/957 955/955 956/956
f 957/957 958/958 955/955
f 959/959 958/958 957/957
f 959/959 960/960 958/958
f 961/961 960/960 959/959
f 962/962 963/963 961/961
f 961/961 963/963 960/960
f 962/962 964/964 963/963
f 965/965 964/964 962/962
f 965/965 966/966 964/964
f 967/967 966/966 965/965
f 967/967 968/968 966/966
f 969/969 968/968 967/967
f 969/969 970/970 968/968
f 971/971 970/970 969/969
f 971/971 972/972 970/970
f 973/973 972/972 971/971
f 973/973 974/974 972/972
f 975/975 973/973 976/976
f 975/975 974/974 973/973
f 977/977 975/975 976/976
f 977/977 976/976 978/978
f 979/979 977/977 978/978
f 979/979 978/978 980/980
f 981/981 982/982 983/983
f 983/983 982/982 984/984
f 983/983 984/984 985/985
f 985/985 984/984 986/986
f 987/987 986/986 988/988
f 985/985 986/986 987/987
f 987/987 988/988 989/989
f 989/989 988/988 990/990
f 991/991 990/990 992/992
f 989/989 990/990 991/991
f 991/991 992/992 993/993
f 993/993 992/992 994/994
f 995/995 994/994 996/996
f 993/993 994/994 995/995
f 995/995 996/996 997/997
f 997/997 996/996 998/998
f 999/999 998/998 1000/1000
f 997/997 998/998 999/999
f 999/999 1000/1000 1001/1001
f 1001/1001 1000/1000 1002/1002
f 1003/1003 1002/1002 1004/1004
f 1001/1001 1002/1002 1003/1003
f 1003/1003 1004/1004 1005/1005
f 1005/1005 1004/1004 1006/1006
f 1007/1007 1006/1006 1008/1008
f 1005/1005 1006/1006 1007/1007
f 1007/1007 1008/1008 1009/1009
f 1009/1009 1008/1008 1010/1010
f 1011/1011 1010/1010 1012/1012
f 1009/1009 1010/1010 1011/1011
f 1011/1011 1012/1012 1013/1013
f 981/981 1014/1014 982/982
f 1015/1015 1016/1016 1017/1017
f 1017/1017 1016/1016 1018/1018
f 1017/1017 1018/1018 1019/1019
f 1019/1019 1018/1018 1020/1020
f 1021/1021 1020/1020 1022/1022
f 1019/1019 1020/1020 1021/1021
f 1021/1021 1022/1022 1023/1023
f 1023/1023 1024/1024 1025/1025
f 1023/1023 1022/1022 1024/1024
f 1025/1025 1024/1024 1026/1026
f 1027/1027 1026/1026 1028/1028
f 1025/1025 1026/1026 1027/1027
f 1027/1027 1028/1028 1029/1029
f 1029/1029 1028/1028 1030/1030
f 1029/1029 1030/1030 1031/1031
f 1031/1031 1030/1030 1032/1032
f 1033/1033 1032/1032 1034/1034
f 1031/1031 1032/1032 1033/1033
f 1033/1033 1034/1034 1035/1035
f 1035/1035 1036/1036 1037/1037
f 1035/1035 1034/1034 1036/1036
f 1037/1037 1036/1036 1038/1038
f 1039/1039 1038/1038 1040/1040
f 1037/1037 1038/1038 1039/1039
f 1039/1039 1040/1040 1041/1041
f 1041/1041 1040/1040 1042/1042
f 1041/1041 1042/1042 1043/1043
f 1043/1043 1042/1042 1044/1044
f 1045/1045 1044/1044 1046/1046
f 1043/1043 1044/1044 1045/1045
f 1045/1045 1046/1046 1047/1047
f 1015/1015 1048/1048 1016/1016
f 1049/1049 1050/1050 1051/1051
f 1051/1051 1050/1050 1052/1052
f 1051/1051 1052/1052 1053/1053
f 1053/1053 1052/1052 1054/1054
f 1055/1055 1054/1054 1056/1056
f 1053/1053 1054/1054 1055/1055
f 1055/1055 1056/1056 1057/1057
f 1057/1057 1056/1056 1058/1058
f 1059/1059 1058/1058 1060/1060
f 1057/1057 1058/1058 1059/1059
f 1059/1059 1060/1060 1061/1061
f 1061/1061 1060/1060 1062/1062
f 1063/1063 1062/1062 1064/1064
f 1061/1061 1062/1062 1063/1063
f 1063/1063 1064/1064 1065/1065
f 1065/1065 1064/1064 1066/1066
f 1067/1067 1066/1066 1068/1068
f 1065/1065 1066/1066 1067/1067
f 1067/1067 1068/1068 1069/1069
f 1069/1069 1068/1068 1070/1070
f 1071/1071 1070/1070 1072/1072
f 1069/1069 1070/1070 1071/1071
f 1071/1071 1072/1072 1073/1073
f 1073/1073 1072/1072 1074/1074
f 1075/1075 1074/1074 1076/1076
f 1073/1073 1074/1074 1075/1075
f 1075/1075 1076/1076 1077/1077
f 1077/1077 1076/1076 1078/1078
f 1079/1079 1078/1078 1080/1080
f 1077/1077 1078/1078 1079/1079
f 1079/1079 1080/1080 1081/1081
f 1081/1081 1080/1080 1082/1082
f 1083/1083 1082/1082 1084/1084
f 1081/1081 1082/1082 1083/1083
f 1083/1083 1084/1084 1085/1085
f 1085/1085 1084/1084 1086/1086
f 1087/1087 1086/1086 1088/1088
f 1085/1085 1086/1086 1087/1087
f 1087/1087 1088/1088 1089/1089
f 1089/1089 1088/1088 1090/1090
f 1091/1091 1090/1090 1092/1092
f 1089/1089 1090/1090 1091/1091
f 1091/1091 1092/1092 1093/1093
f 1093/1093 1092/1092 1094/1094
f 1095/1095 1094/1094 1096/1096
f 1093/1093 1094/1094 1095/1095
f 1095/1095 1096/1096 1097/1097
f 1097/1097 1096/1096 1098/1098
f 1099/1099 1098/1098 1100/1100
f 1097/1097 1098/1098 1099/1099
f 1099/1099 1100/1100 1101/1101
f 1101/1101 1100/1100 1102/1102
f 1103/1103 1102/1102 1104/1104
f 1101/1101 1102/1102 1103/1103
f 1103/1103 1104/1104 1105/1105
f 1105/1105 1104/1104 1106/1106
f 1107/1107 1106/1106 1108/1108
f 1105/1105 1106/1106 1107/1107
f 1107/1107 1108/1108 1109/1109
f 1109/1109 1108/1108 1110/1110
f 1111/1111 1110/1110 1112/1112
f 1109/1109 1110/1110 1111/1111
f 1111/1111 1112/1112 1113/1113
f 1049/1049 1114/1114 1050/1050
f 1115/1115 1116/1116 1117/1117
f 1116/1116 1118/1118 1117/1117
f 1119/1119 1120/1120 1115/1115
f 1115/1115 1120/1120 1116/1116
f 1119/1119 1121/1121 1120/1120
f 1122/1122 1121/1121 1119/1119
f 1123/1123 1124/1124 1122/1122
f 1122/1122 1119/1119 1125/1125
f 1123/1123 1122/1122 1125/1125
f 1126/1126 1124/1124 1123/1123
f 1126/1126 1127/1127 1124/1124
f 1128/1128 1127/1127 1126/1126
f 1128/1128 1129/1129 1127/1127
f 1130/1130 1131/1131 1129/1129
f 1130/1130 1129/1129 1128/1128
f 1132/1132 1131/1131 1130/1130
f 1132/1132 1130/1130 1133/1133
f 1134/1134 1132/1132 1133/1133
f 1134/1134 1135/1135 1132/1132
f 1136/1136 1137/1137 1135/1135
f 1136/1136 1135/1135 1134/1134
f 1138/1138 1137/1137 1136/1136
f 1138/1138 1136/1136 1139/1139
f 1140/1140 1141/1141 1138/1138
f 1140/1140 1138/1138 1139/1139
f 1142/1142 1141/1141 1140/1140
f 1142/1142 1143/1143 1141/1141
f 1144/1144 1143/1143 1142/1142
f 1144/1144 1145/1145 1143/1143
f 1145/1145 1146/1146 1147/1147
f 1145/1145 1144/1144 1146/1146
f 1148/1148 1147/1147 1146/1146
f 1148/1148 1149/1149 1147/1147
f 1150/1150 1149/1149 1148/1148
f 1150/1150 1151/1151 1149/1149
f 1152/1152 1151/1151 1150/1150
f 1152/1152 1153/1153 1151/1151
f 1154/1154 1155/1155 1153/1153
f 1154/1154 1153/1153 1152/1152
f 1156/1156 1157/1157 1155/1155
f 1156/1156 1155/1155 1154/1154
f 1158/1158 1157/1157 1156/1156
f 1158/1158 1159/1159 1157/1157
f 1160/1160 1159/1159 1158/1158
f 1160/1160 1161/1161 1159/1159
f 1162/1162 1163/1163 1161/1161
f 1162/1162 1161/1161 1160/1160
f 1164/1164 1165/1165 1163/1163
f 1164/1164 1163/1163 1162/1162
f 1166/1166 1165/1165 1164/1164
f 1166/1166 1164/1164 1167/1167
f 1168/1168 1166/1166 1167/1167
f 1168/1168 1167/1167 1169/1169
f 1170/1170 1168/1168 1169/1169
f 1171/1171 1170/1170 1172/1172
f 1170/1170 1169/1169 1172/1172
f 1173/1173 1171/1171 1174/1174
f 1171/1171 1172/1172 1174/1174
f 1175/1175 1173/1173 1176/1176
f 1173/1173 1174/1174 1176/1176
f 1177/1177 1175/1175 1178/1178
f 1175/1175 1176/1176 1178/1178
f 1177/1177 1178/1178 1179/1179
f 1116/1116 1180/1180 1118/1118
f 1181/1181 1182/1182 1183/1183
f 1183/1183 1182/1182 1184/1184
f 1183/1183 1184/1184 1185/1185
f 1185/1185 1184/1184 1186/1186
f 1187/1187 1186/1186 1188/1188
f 1185/1185 1186/1186 1187/1187
f 1187/1187 1188/1188 1189/1189
f 1189/1189 1188/1188 1190/1190
f 1191/1191 1190/1190 1192/1192
f 1189/1189 1190/1190 1191/1191
f 1191/1191 1192/1192 1193/1193
f 1193/1193 1192/1192 1194/1194
f 1195/1195 1194/1194 1196/1196
f 1193/1193 1194/1194 1195/1195
f 1195/1195 1196/1196 1197/1197
f 1181/1181 1198/1198 1182/1182
f 1199/1199 1200/1200 1201/1201
f 1201/1201 1200/1200 1202/1202
f 1201/1201 1202/1202 1203/1203
f 1203/1203 1202/1202 1204/1204
f 1205/1205 1204/1204 1206/1206
f 1203/1203 1204/1204 1205/1205
f 1205/1205 1206/1206 1207/1207
f 1207/1207 1208/1208 1209/1209
f 1207/1207 1206/1206 1208/1208
f 1209/1209 1208/1208 1210/1210
f 1211/1211 1210/1210 1212/1212
f 1209/1209 1210/1210 1211/1211
f 1211/1211 1212/1212 1213/1213
f 1213/1213 1212/1212 1214/1214
f 1213/1213 1214/1214 1215/1215
f 1199/1199 1216/1216 1200/1200
f 1217/1217 1218/1218 1219/1219
f 1219/1219 1218/1218 1220/1220
f 1221/1221 1217/1217 1219/1219
f 1218/1218 1217/1217 1222/1222
f 1223/1223 1222/1222 1224/1224
f 1218/1218 1222/1222 1223/1223
f 1223/1223 1224/1224 1225/1225
f 1225/1225 1224/1224 1226/1226
f 1225/1225 1226/1226 1227/1227
f 1227/1227 1226/1226 1228/1228
f 1227/1227 1228/1228 1229/1229
f 1229/1229 1228/1228 1230/1230
f 1231/1231 1230/1230 1232/1232
f 1229/1229 1230/1230 1231/1231
f 1233/1233 1232/1232 1234/1234
f 1231/1231 1232/1232 1233/1233
f 1234/1234 1232/1232 1235/1235
f 1233/1233 1234/1234 1236/1236
f 1237/1237 1238/1238 1239/1239
f 1238/1238 1240/1240 1239/1239
f 1241/1241 1238/1238 1237/1237
f 1242/1242 1243/1243 1237/1237
f 1242/1242 1237/1237 1239/1239
f 1244/1244 1243/1243 1242/1242
f 1244/1244 1245/1245 1243/1243
f 1246/1246 1245/1245 1244/1244
f 1246/1246 1247/1247 1245/1245
f 1248/1248 1249/1249 1247/1247
f 1248/1248 1247/1247 1246/1246
f 1250/1250 1249/1249 1248/1248
f 1250/1250 1251/1251 1249/1249
f 1252/1252 1251/1251 1250/1250
f 1252/1252 1253/1253 1251/1251
f 1254/1254 1253/1253 1252/1252
f 1254/1254 1255/1255 1253/1253
f 1256/1256 1255/1255 1254/1254
f 1256/1256 1257/1257 1255/1255
f 1258/1258 1259/1259 1257/1257
f 1258/1258 1257/1257 1256/1256
f 1260/1260 1259/1259 1258/1258
f 1260/1260 1261/1261 1259/1259
f 1260/1260 1262/1262 1261/1261
f 1260/1260 1263/1263 1262/1262
f 1264/1264 1262/1262 1263/1263
f 1265/1265 1264/1264 1266/1266
f 1264/1264 1263/1263 1266/1266
f 1265/1265 1266/1266 1267/1267
f 1268/1268 1265/1265 1267/1267
f 1268/1268 1269/1269 1265/1265
f 1270/1270 1269/1269 1268/1268
f 1270/1270 1271/1271 1269/1269
f 1272/1272 1271/1271 1270/1270
f 1272/1272 1273/1273 1271/1271
f 1274/1274 1273/1273 1272/1272
f 1274/1274 1272/1272 1275/1275
f 1276/1276 1274/1274 1275/1275
f 1276/1276 1277/1277 1274/1274
f 1278/1278 1277/1277 1276/1276
f 1278/1278 1279/1279 1277/1277
f 1280/1280 1279/1279 1278/1278
f 1280/1280 1281/1281 1279/1279
f 1282/1282 1283/1283 1281/1281
f 1282/1282 1281/1281 1280/1280
f 1284/1284 1283/1283 1282/1282
f 1285/1285 1284/1284 1286/1286
f 1284/1284 1282/1282 1286/1286
f 1285/1285 1286/1286 1287/1287
f 1288/1288 1289/1289 1290/1290
f 1290/1290 1289/1289 1291/1291
f 1292/1292 1288/1288 1290/1290
f 1289/1289 1288/1288 1293/1293
f 1294/1294 1293/1293 1295/1295
f 1289/1289 1293/1293 1294/1294
f 1294/1294 1295/1295 1296/1296
f 1296/1296 1295/1295 1297/1297
f 1296/1296 1297/1297 1298/1298
f 1298/1298 1297/1297 1299/1299
f 1300/1300 1299/1299 1301/1301
f 1298/1298 1299/1299 1300/1300
f 1302/1302 1301/1301 1303/1303
f 1300/1300 1301/1301 1302/1302
f 1302/1302 1303/1303 1304/1304
f 1305/1305 1303/1303 1306/1306
f 1304/1304 1303/1303 1305/1305
f 1304/1304 1305/1305 1307/1307
f 1308/1308 1309/1309 1310/1310
f 1309/1309 1308/1308 1311/1311
f 1312/1312 1310/1310 1309/1309
f 1308/1308 1310/1310 1313/1313
f 1314/1314 1313/1313 1315/1315
f 1308/1308 1313/1313 1314/1314
f 1314/1314 1315/1315 1316/1316
f 1316/1316 1315/1315 1317/1317
f 1316/1316 1317/1317 1318/1318
f 1318/1318 1317/1317 1319/1319
f 1318/1318 1319/1319 1320/1320
f 1320/1320 1319/1319 1321/1321
f 1320/1320 1321/1321 1322/1322
f 1322/1322 1321/1321 1323/1323
f 1322/1322 1323/1323 1324/1324
f 1324/1324 1323/1323 1325/1325
f 1326/1326 1325/1325 1327/1327
f 1324/1324 1325/1325 1326/1326
f 1326/1326 1327/1327 1328/1328
f 1328/1328 1327/1327 1329/1329
f 1328/1328 1329/1329 1330/1330
f 1330/1330 1329/1329 1331/1331
f 1330/1330 1331/1331 1332/1332
f 1332/1332 1331/1331 1333/1333
f 1332/1332 1333/1333 1334/1334
f 1334/1334 1333/1333 1335/1335
f 1334/1334 1335/1335 1336/1336
f 1336/1336 1335/1335 1337/1337
f 1336/1336 1337/1337 1338/1338
f 1338/1338 1337/1337 1339/1339
f 1338/1338 1339/1339 1340/1340
f 1341/1341 1339/1339 1342/1342
f 1340/1340 1339/1339 1341/1341
f 1340/1340 1341/1341 1343/1343
f 1344/1344 1345/1345 1346/1346
f 1347/1347 1344/1344 1346/1346
f 1348/1348 1344/1344 1347/1347
f 1349/1349 1347/1347 1346/1346
f 1349/1349 1350/1350 1347/1347
f 1351/1351 1350/1350 1349/1349
f 1351/1351 1352/1352 1350/1350
f 1353/1353 1352/1352 1351/1351
f 1353/1353 1354/1354 1352/1352
f 1355/1355 1354/1354 1353/1353
f 1355/1355 1356/1356 1354/1354
f 1357/1357 1356/1356 1355/1355
f 1357/1357 1358/1358 1356/1356
f 1359/1359 1360/1360 1358/1358
f 1359/1359 1358/1358 1357/1357
f 1361/1361 1360/1360 1359/1359
f 1361/1361 1362/1362 1360/1360
f 1363/1363 1364/1364 1362/1362
f 1363/1363 1362/1362 1361/1361
f 1365/1365 1364/1364 1363/1363
f 1365/1365 1366/1366 1364/1364
f 1367/1367 1366/1366 1365/1365
f 1367/1367 1368/1368 1366/1366
f 1369/1369 1368/1368 1367/1367
f 1369/1369 1370/1370 1368/1368
f 1371/1371 1370/1370 1369/1369
f 1371/1371 1372/1372 1370/1370
f 1373/1373 1372/1372 1371/1371
f 1373/1373 1374/1374 1372/1372
f 1375/1375 1374/1374 1373/1373
f 1375/1375 1376/1376 1374/1374
f 1377/1377 1376/1376 1375/1375
f 1377/1377 1378/1378 1376/1376
f 1379/1379 1380/1380 1378/1378
f 1379/1379 1378/1378 1377/1377
f 1381/1381 1380/1380 1379/1379
f 1381/1381 1382/1382 1380/1380
f 1383/1383 1382/1382 1381/1381
f 1383/1383 1384/1384 1382/1382
f 1385/1385 1384/1384 1383/1383
f 1386/1386 1385/1385 1387/1387
f 1385/1385 1383/1383 1387/1387
f 1386/1386 1387/1387 1388/1388
f 1389/1389 1386/1386 1388/1388
f 1390/1390 1389/1389 1391/1391
f 1389/1389 1388/1388 1391/1391
f 1392/1392 1390/1390 1393/1393
f 1390/1390 1391/1391 1393/1393
f 1392/1392 1393/1393 1394/1394
f 1395/1395 1396/1396 1397/1397
f 1396/1396 1398/1398 1397/1397
f 1397/1397 1398/1398 1399/1399
f 1400/1400 1401/1401 1397/1397
f 1395/1395 1397/1397 1401/1401
f 1400/1400 1397/1397 1402/1402
f 1397/1397 1399/1399 1402/1402
f 1400/1400 1402/1402 1403/1403
f 1404/1404 1401/1401 1400/1400
f 1405/1405 1401/1401 1404/1404
f 1401/1401 1405/1405 1406/1406
f 1406/1406 1407/1407 1401/1401
f 1401/1401 1407/1407 1408/1408
f 1401/1401 1408/1408 1409/1409
f 1410/1410 1401/1401 1409/1409
f 1411/1411 1410/1410 1409/1409
f 1410/1410 1411/1411 1412/1412
f 1413/1413 1414/1414 1410/1410
f 1410/1410 1414/1414 1415/1415
f 1416/1416 1410/1410 1417/1417
f 1416/1416 1418/1418 1410/1410
f 1410/1410 1412/1412 1417/1417
f 1419/1419 1413/1413 1410/1410
f 1420/1420 1421/1421 1410/1410
f 1401/1401 1410/1410 1421/1421
f 1415/1415 1422/1422 1410/1410
f 1410/1410 1422/1422 1423/1423
f 1420/1420 1410/1410 1423/1423
f 1418/1418 1419/1419 1410/1410
f 1421/1421 1420/1420 1424/1424
f 1415/1415 1414/1414 1420/1420
f 1414/1414 1425/1425 1420/1420
f 1422/1422 1415/1415 1420/1420
f 1420/1420 1423/1423 1422/1422
f 1425/1425 1424/1424 1420/1420
f 1426/1426 1413/1413 1425/1425
f 1425/1425 1413/1413 1427/1427
f 1427/1427 1424/1424 1425/1425
f 1414/1414 1426/1426 1425/1425
f 1427/1427 1428/1428 1429/1429
f 1430/1430 1428/1428 1427/1427
f 1429/1429 1431/1431 1427/1427
f 1427/1427 1432/1432 1424/1424
f 1431/1431 1432/1432 1427/1427
f 1430/1430 1433/1433 1434/1434
f 1435/1435 1433/1433 1430/1430
f 1430/1430 1436/1436 1435/1435
f 1430/1430 1434/1434 1437/1437
f 1428/1428 1430/1430 1438/1438
f 1437/1437 1438/1438 1430/1430
f 1429/1429 1438/1438 1439/1439
f 1429/1429 1428/1428 1438/1438
f 1438/1438 1437/1437 1439/1439
f 1439/1439 1440/1440 1429/1429
f 1437/1437 1434/1434 1439/1439
f 1439/1439 1441/1441 1440/1440
f 1439/1439 1401/1401 1441/1441
f 1442/1442 1401/1401 1439/1439
f 1434/1434 1442/1442 1439/1439
f 1442/1442 1433/1433 1401/1401
f 1433/1433 1442/1442 1434/1434
f 1431/1431 1429/1429 1440/1440
f 1443/1443 1431/1431 1440/1440
f 1441/1441 1401/1401 1440/1440
f 1440/1440 1401/1401 1443/1443
f 1443/1443 1421/1421 1432/1432
f 1421/1421 1443/1443 1401/1401
f 1432/1432 1431/1431 1443/1443
f 1395/1395 1433/1433 1444/1444
f 1433/1433 1395/1395 1401/1401
f 1395/1395 1444/1444 1445/1445
f 1446/1446 1447/1447 1445/1445
f 1447/1447 1395/1395 1445/1445
f 1448/1448 1447/1447 1446/1446
f 1449/1449 1395/1395 1447/1447
f 1449/1449 1450/1450 1396/1396
f 1396/1396 1395/1395 1449/1449
f 1450/1450 1451/1451 1452/1452
f 1453/1453 1450/1450 1452/1452
f 1453/1453 1454/1454 1450/1450
f 1450/1450 1454/1454 1396/1396
f 1455/1455 1396/1396 1454/1454
f 1396/1396 1455/1455 1456/1456
f 1455/1455 1457/1457 1456/1456
f 1457/1457 1458/1458 1456/1456
f 1456/1456 1458/1458 1459/1459
f 1460/1460 1456/1456 1459/1459
f 1461/1461 1456/1456 1460/1460
f 1462/1462 1398/1398 1461/1461
f 1456/1456 1461/1461 1398/1398
f 1462/1462 1463/1463 1398/1398
f 1463/1463 1462/1462 1464/1464
f 1463/1463 1464/1464 1465/1465
f 1466/1466 1463/1463 1465/1465
f 1466/1466 1465/1465 1467/1467
f 1466/1466 1467/1467 1468/1468
f 1466/1466 1468/1468 1469/1469
f 1470/1470 1469/1469 1468/1468
f 1471/1471 1469/1469 1470/1470
f 1470/1470 1472/1472 1471/1471
f 1472/1472 1473/1473 1471/1471
f 1474/1474 1471/1471 1473/1473
f 1475/1475 1474/1474 1473/1473
f 1475/1475 1476/1476 1474/1474
f 1476/1476 1475/1475 1477/1477
f 1478/1478 1476/1476 1477/1477
f 1479/1479 1478/1478 1477/1477
f 1479/1479 1480/1480 1478/1478
f 1481/1481 1480/1480 1479/1479
f 1480/1480 1481/1481 1482/1482
f 1481/1481 1483/1483 1482/1482
f 1483/1483 1484/1484 1482/1482
f 1483/1483 1485/1485 1484/1484
f 1486/1486 1484/1484 1485/1485
f 1486/1486 1485/1485 1487/1487
f 1488/1488 1486/1486 1487/1487
f 1487/1487 1489/1489 1488/1488
f 1489/1489 1487/1487 1490/1490
f 1489/1489 1490/1490 1491/1491
f 1492/1492 1491/1491 1490/1490
f 1492/1492 1493/1493 1491/1491
f 1494/1494 1493/1493 1492/1492
f 1493/1493 1494/1494 1495/1495
f 1495/1495 1494/1494 1496/1496
f 1495/1495 1496/1496 1497/1497
f 1498/1498 1497/1497 1496/1496
f 1498/1498 1499/1499 1497/1497
f 1499/1499 1498/1498 1500/1500
f 1500/1500 1501/1501 1502/1502
f 1499/1499 1500/1500 1502/1502
f 1502/1502 1501/1501 1503/1503
f 1501/1501 1504/1504 1505/1505
f 1501/1501 1505/1505 1503/1503
f 1402/1402 1399/1399 1505/1505
f 1402/1402 1505/1505 1506/1506
f 1505/1505 1399/1399 1507/1507
f 1505/1505 1508/1508 1506/1506
f 1509/1509 1510/1510 1505/1505
f 1505/1505 1510/1510 1511/1511
f 1511/1511 1512/1512 1505/1505
f 1505/1505 1504/1504 1509/1509
f 1508/1508 1505/1505 1512/1512
f 1505/1505 1507/1507 1513/1513
f 1505/1505 1513/1513 1514/1514
f 1505/1505 1514/1514 1515/1515
f 1505/1505 1515/1515 1516/1516
f 1505/1505 1516/1516 1503/1503
f 1506/1506 1508/1508 1517/1517
f 1518/1518 1506/1506 1517/1517
f 1519/1519 1506/1506 1518/1518
f 1519/1519 1520/1520 1506/1506
f 1520/1520 1521/1521 1506/1506
f 1521/1521 1522/1522 1506/1506
f 1522/1522 1523/1523 1506/1506
f 1523/1523 1522/1522 1524/1524
f 1524/1524 1525/1525 1526/1526
f 1523/1523 1524/1524 1526/1526
f 1524/1524 1527/1527 1525/1525
f 1527/1527 1524/1524 1528/1528
f 1529/1529 1528/1528 1524/1524
f 1524/1524 1530/1530 1531/1531
f 1531/1531 1532/1532 1524/1524
f 1533/1533 1529/1529 1524/1524
f 1533/1533 1524/1524 1532/1532
f 1533/1533 1532/1532 1531/1531
f 1528/1528 1533/1533 1534/1534
f 1528/1528 1529/1529 1533/1533
f 1535/1535 1534/1534 1533/1533
f 1531/1531 1535/1535 1533/1533
f 1534/1534 1536/1536 1528/1528
f 1534/1534 1537/1537 1536/1536
f 1534/1534 1530/1530 1537/1537
f 1530/1530 1534/1534 1535/1535
f 1536/1536 1537/1537 1530/1530
f 1536/1536 1538/1538 1528/1528
f 1536/1536 1539/1539 1540/1540
f 1539/1539 1536/1536 1530/1530
f 1536/1536 1540/1540 1538/1538
f 1538/1538 1541/1541 1528/1528
f 1538/1538 1542/1542 1543/1543
f 1538/1538 1544/1544 1542/1542
f 1543/1543 1541/1541 1538/1538
f 1544/1544 1538/1538 1545/1545
f 1546/1546 1538/1538 1547/1547
f 1545/1545 1538/1538 1546/1546
f 1547/1547 1538/1538 1540/1540
f 1548/1548 1547/1547 1540/1540
f 1546/1546 1547/1547 1548/1548
f 1540/1540 1549/1549 1548/1548
f 1546/1546 1548/1548 1549/1549
f 1549/1549 1540/1540 1546/1546
f 1542/1542 1545/1545 1550/1550
f 1551/1551 1550/1550 1545/1545
f 1545/1545 1542/1542 1544/1544
f 1545/1545 1546/1546 1552/1552
f 1523/1523 1551/1551 1553/1553
f 1554/1554 1555/1555 1551/1551
f 1523/1523 1554/1554 1551/1551
f 1555/1555 1556/1556 1551/1551
f 1556/1556 1550/1550 1551/1551
f 1555/1555 1554/1554 1543/1543
f 1543/1543 1542/1542 1555/1555
f 1556/1556 1555/1555 1542/1542
f 1542/1542 1550/1550 1556/1556
f 1543/1543 1554/1554 1523/1523
f 1523/1523 1553/1553 1557/1557
f 1523/1523 1557/1557 1558/1558
f 1523/1523 1558/1558 1559/1559
f 1559/1559 1506/1506 1523/1523
f 1560/1560 1506/1506 1559/1559
f 1402/1402 1560/1560 1561/1561
f 1402/1402 1506/1506 1560/1560
f 1402/1402 1561/1561 1562/1562
f 1562/1562 1403/1403 1402/1402
f 1552/1552 1563/1563 1564/1564
f 1546/1546 1563/1563 1552/1552
f 1563/1563 1565/1565 1564/1564
f 1566/1566 1564/1564 1565/1565
f 1565/1565 1567/1567 1566/1566
f 1568/1568 1566/1566 1567/1567
f 1567/1567 1569/1569 1570/1570
f 1567/1567 1570/1570 1571/1571
f 1572/1572 1573/1573 1567/1567
f 1573/1573 1574/1574 1567/1567
f 1569/1569 1567/1567 1574/1574
f 1567/1567 1575/1575 1572/1572
f 1567/1567 1576/1576 1568/1568
f 1567/1567 1571/1571 1576/1576
f 1567/1567 1577/1577 1575/1575
f 1577/1577 1567/1567 1578/1578
f 1579/1579 1578/1578 1567/1567
f 1580/1580 1581/1581 1568/1568
f 1568/1568 1581/1581 1566/1566
f 1568/1568 1576/1576 1571/1571
f 1568/1568 1571/1571 1582/1582
f 1580/1580 1568/1568 1582/1582
f 1580/1580 1583/1583 1566/1566
f 1580/1580 1566/1566 1581/1581
f 1580/1580 1584/1584 1583/1583
f 1582/1582 1584/1584 1580/1580
f 1585/1585 1584/1584 1582/1582
f 1585/1585 1586/1586 1584/1584
f 1584/1584 1586/1586 1583/1583
f 1585/1585 1583/1583 1586/1586
f 1587/1587 1585/1585 1588/1588
f 1585/1585 1582/1582 1588/1588
f 1583/1583 1585/1585 1566/1566
f 1587/1587 1588/1588 1589/1589
f 1590/1590 1589/1589 1588/1588
f 1588/1588 1582/1582 1591/1591
f 1591/1591 1590/1590 1588/1588
f 1587/1587 1589/1589 1590/1590
f 1587/1587 1590/1590 1592/1592
f 1591/1591 1592/1592 1590/1590
f 1591/1591 1593/1593 1592/1592
f 1593/1593 1594/1594 1592/1592
f 1593/1593 1595/1595 1594/1594
f 1596/1596 1594/1594 1595/1595
f 1594/1594 1596/1596 1597/1597
f 1597/1597 1598/1598 1594/1594
f 1597/1597 1599/1599 1598/1598
f 1599/1599 1600/1600 1601/1601
f 1599/1599 1601/1601 1598/1598
f 1600/1600 1602/1602 1601/1601
f 1600/1600 1603/1603 1602/1602
f 1604/1604 1603/1603 1600/1600
f 1604/1604 1605/1605 1603/1603
f 1604/1604 1606/1606 1605/1605
f 1605/1605 1606/1606 1607/1607
f 1606/1606 1608/1608 1607/1607
f 1609/1609 1610/1610 1608/1608
f 1608/1608 1610/1610 1607/1607
f 1611/1611 1609/1609 1608/1608
f 1611/1611 1612/1612 1609/1609
f 1613/1613 1612/1612 1611/1611
f 1614/1614 1612/1612 1615/1615
f 1615/1615 1612/1612 1613/1613
f 1614/1614 1615/1615 1616/1616
f 1615/1615 1617/1617 1616/1616
f 1617/1617 1615/1615 1618/1618
f 1618/1618 1615/1615 1416/1416
f 1619/1619 1618/1618 1416/1416
f 1620/1620 1619/1619 1416/1416
f 1417/1417 1620/1620 1416/1416
f 1615/1615 1621/1621 1622/1622
f 1621/1621 1615/1615 1623/1623
f 1416/1416 1615/1615 1624/1624
f 1625/1625 1615/1615 1626/1626
f 1615/1615 1625/1625 1623/1623
f 1627/1627 1615/1615 1622/1622
f 1615/1615 1628/1628 1624/1624
f 1629/1629 1626/1626 1615/1615
f 1628/1628 1615/1615 1627/1627
f 1615/1615 1630/1630 1629/1629
f 1630/1630 1615/1615 1631/1631
f 1632/1632 1631/1631 1615/1615
f 1632/1632 1615/1615 1613/1613
f 1633/1633 1629/1629 1630/1630
f 1629/1629 1633/1633 1634/1634
f 1634/1634 1635/1635 1629/1629
f 1636/1636 1635/1635 1637/1637
f 1635/1635 1636/1636 1629/1629
f 1637/1637 1638/1638 1636/1636
f 1639/1639 1629/1629 1636/1636
f 1640/1640 1638/1638 1637/1637
f 1641/1641 1638/1638 1642/1642
f 1638/1638 1640/1640 1642/1642
f 1640/1640 1643/1643 1642/1642
f 1644/1644 1643/1643 1645/1645
f 1643/1643 1644/1644 1642/1642
f 1643/1643 1646/1646 1645/1645
f 1645/1645 1646/1646 1647/1647
f 1646/1646 1648/1648 1647/1647
f 1646/1646 1649/1649 1648/1648
f 1650/1650 1651/1651 1649/1649
f 1651/1651 1648/1648 1649/1649
f 1652/1652 1650/1650 1653/1653
f 1650/1650 1652/1652 1651/1651
f 1653/1653 1654/1654 1655/1655
f 1655/1655 1652/1652 1653/1653
f 1655/1655 1654/1654 1656/1656
f 1657/1657 1656/1656 1654/1654
f 1658/1658 1657/1657 1659/1659
f 1656/1656 1657/1657 1658/1658
f 1660/1660 1658/1658 1659/1659
f 1660/1660 1659/1659 1661/1661
f 1661/1661 1662/1662 1663/1663
f 1663/1663 1660/1660 1661/1661
f 1664/1664 1663/1663 1662/1662
f 1665/1665 1664/1664 1662/1662
f 1666/1666 1665/1665 1667/1667
f 1664/1664 1665/1665 1666/1666
f 1667/1667 1668/1668 1666/1666
f 1667/1667 1669/1669 1668/1668
f 1668/1668 1669/1669 1670/1670
f 1670/1670 1669/1669 1671/1671
f 1671/1671 1672/1672 1670/1670
f 1672/1672 1671/1671 1673/1673
f 1674/1674 1673/1673 1675/1675
f 1674/1674 1672/1672 1673/1673
f 1676/1676 1675/1675 1673/1673
f 1677/1677 1676/1676 1678/1678
f 1676/1676 1677/1677 1675/1675
f 1679/1679 1677/1677 1678/1678
f 1679/1679 1678/1678 1680/1680
f 1681/1681 1679/1679 1680/1680
f 1682/1682 1681/1681 1683/1683
f 1680/1680 1683/1683 1681/1681
f 1684/1684 1682/1682 1683/1683
f 1685/1685 1684/1684 1686/1686
f 1682/1682 1684/1684 1685/1685
f 1685/1685 1686/1686 1687/1687
f 1688/1688 1687/1687 1686/1686
f 1689/1689 1687/1687 1688/1688
f 1689/1689 1688/1688 1690/1690
f 1689/1689 1690/1690 1691/1691
f 1692/1692 1691/1691 1690/1690
f 1691/1691 1692/1692 1693/1693
f 1693/1693 1694/1694 1695/1695
f 1694/1694 1693/1693 1692/1692
f 1695/1695 1694/1694 1696/1696
f 1697/1697 1695/1695 1696/1696
f 1698/1698 1697/1697 1696/1696
f 1697/1697 1698/1698 1699/1699
f 1699/1699 1700/1700 1701/1701
f 1700/1700 1699/1699 1698/1698
f 1701/1701 1700/1700 1702/1702
f 1701/1701 1702/1702 1703/1703
f 1703/1703 1702/1702 1704/1704
f 1705/1705 1704/1704 1706/1706
f 1705/1705 1703/1703 1704/1704
f 1707/1707 1705/1705 1708/1708
f 1705/1705 1706/1706 1708/1708
f 1707/1707 1708/1708 1709/1709
f 1710/1710 1707/1707 1709/1709
f 1710/1710 1709/1709 1711/1711
f 1710/1710 1711/1711 1712/1712
f 1713/1713 1714/1714 1712/1712
f 1711/1711 1713/1713 1712/1712
f 1714/1714 1713/1713 1715/1715
f 1716/1716 1714/1714 1715/1715
f 1716/1716 1715/1715 1717/1717
f 1718/1718 1716/1716 1717/1717
f 1718/1718 1717/1717 1719/1719
f 1720/1720 1718/1718 1719/1719
f 1721/1721 1720/1720 1722/1722
f 1722/1722 1720/1720 1719/1719
f 1721/1721 1723/1723 1724/1724
f 1722/1722 1723/1723 1721/1721
f 1723/1723 1725/1725 1724/1724
f 1725/1725 1726/1726 1724/1724
f 1727/1727 1724/1724 1726/1726
f 1727/1727 1726/1726 1728/1728
f 1729/1729 1730/1730 1728/1728
f 1730/1730 1727/1727 1728/1728
f 1729/1729 1731/1731 1730/1730
f 1731/1731 1729/1729 1732/1732
f 1731/1731 1732/1732 1733/1733
f 1733/1733 1732/1732 1734/1734
f 1733/1733 1734/1734 1735/1735
f 1735/1735 1734/1734 1736/1736
f 1736/1736 1734/1734 1737/1737
f 1736/1736 1737/1737 1738/1738
f 1579/1579 1738/1738 1595/1595
f 1596/1596 1595/1595 1738/1738
f 1596/1596 1738/1738 1737/1737
f 1639/1639 1739/1739 1740/1740
f 1740/1740 1626/1626 1639/1639
f 1626/1626 1629/1629 1639/1639
f 1627/1627 1622/1622 1741/1741
f 1624/1624 1628/1628 1627/1627
f 1624/1624 1627/1627 1742/1742
f 1743/1743 1742/1742 1627/1627
f 1741/1741 1743/1743 1627/1627
f 1621/1621 1743/1743 1741/1741
f 1743/1743 1621/1621 1744/1744
f 1742/1742 1743/1743 1744/1744
f 1745/1745 1746/1746 1744/1744
f 1747/1747 1745/1745 1744/1744
f 1746/1746 1742/1742 1744/1744
f 1747/1747 1748/1748 1749/1749
f 1747/1747 1750/1750 1745/1745
f 1747/1747 1751/1751 1750/1750
f 1751/1751 1747/1747 1752/1752
f 1752/1752 1747/1747 1749/1749
f 1751/1751 1752/1752 1749/1749
f 1749/1749 1753/1753 1754/1754
f 1753/1753 1749/1749 1418/1418
f 1751/1751 1749/1749 1754/1754
f 1418/1418 1749/1749 1748/1748
f 1754/1754 1755/1755 1751/1751
f 1418/1418 1416/1416 1754/1754
f 1754/1754 1753/1753 1418/1418
f 1754/1754 1416/1416 1756/1756
f 1754/1754 1756/1756 1755/1755
f 1755/1755 1757/1757 1751/1751
f 1416/1416 1755/1755 1756/1756
f 1416/1416 1757/1757 1755/1755
f 1751/1751 1757/1757 1750/1750
f 1416/1416 1758/1758 1757/1757
f 1757/1757 1758/1758 1750/1750
f 1759/1759 1758/1758 1416/1416
f 1746/1746 1745/1745 1758/1758
f 1758/1758 1759/1759 1746/1746
f 1745/1745 1750/1750 1758/1758
f 1624/1624 1759/1759 1416/1416
f 1742/1742 1746/1746 1759/1759
f 1759/1759 1624/1624 1742/1742
f 1418/1418 1748/1748 1760/1760
f 1418/1418 1760/1760 1419/1419
f 1741/1741 1622/1622 1621/1621
f 1761/1761 1621/1621 1623/1623
f 1762/1762 1621/1621 1761/1761
f 1579/1579 1595/1595 1763/1763
f 1763/1763 1595/1595 1593/1593
f 1591/1591 1763/1763 1593/1593
f 1764/1764 1763/1763 1591/1591
f 1763/1763 1764/1764 1579/1579
f 1764/1764 1591/1591 1578/1578
f 1765/1765 1764/1764 1578/1578
f 1766/1766 1579/1579 1764/1764
f 1765/1765 1766/1766 1764/1764
f 1578/1578 1767/1767 1765/1765
f 1579/1579 1765/1765 1768/1768
f 1579/1579 1766/1766 1765/1765
f 1767/1767 1769/1769 1765/1765
f 1769/1769 1768/1768 1765/1765
f 1579/1579 1769/1769 1767/1767
f 1579/1579 1768/1768 1769/1769
f 1578/1578 1770/1770 1767/1767
f 1770/1770 1771/1771 1767/1767
f 1579/1579 1767/1767 1771/1771
f 1770/1770 1578/1578 1579/1579
f 1579/1579 1771/1771 1770/1770
f 1591/1591 1582/1582 1578/1578
f 1582/1582 1571/1571 1578/1578
f 1571/1571 1569/1569 1573/1573
f 1569/1569 1574/1574 1573/1573
f 1571/1571 1570/1570 1569/1569
f 1577/1577 1578/1578 1571/1571
f 1573/1573 1575/1575 1571/1571
f 1575/1575 1577/1577 1571/1571
f 1573/1573 1572/1572 1575/1575
f 1546/1546 1772/1772 1530/1530
f 1546/1546 1540/1540 1772/1772
f 1773/1773 1772/1772 1540/1540
f 1772/1772 1773/1773 1530/1530
f 1530/1530 1773/1773 1539/1539
f 1539/1539 1773/1773 1540/1540
f 1543/1543 1523/1523 1541/1541
f 1541/1541 1774/1774 1528/1528
f 1541/1541 1775/1775 1774/1774
f 1775/1775 1541/1541 1523/1523
f 1776/1776 1777/1777 1774/1774
f 1775/1775 1776/1776 1774/1774
f 1525/1525 1527/1527 1774/1774
f 1774/1774 1526/1526 1525/1525
f 1527/1527 1528/1528 1774/1774
f 1774/1774 1523/1523 1526/1526
f 1774/1774 1777/1777 1523/1523
f 1777/1777 1776/1776 1523/1523
f 1776/1776 1775/1775 1523/1523
f 1530/1530 1535/1535 1531/1531
f 1399/1399 1778/1778 1507/1507
f 1778/1778 1399/1399 1779/1779
f 1780/1780 1779/1779 1399/1399
f 1781/1781 1780/1780 1399/1399
f 1782/1782 1781/1781 1399/1399
f 1782/1782 1399/1399 1783/1783
f 1399/1399 1398/1398 1783/1783
f 1784/1784 1783/1783 1398/1398
f 1463/1463 1784/1784 1398/1398
f 1396/1396 1456/1456 1398/1398
f 1432/1432 1421/1421 1424/1424
f 1426/1426 1414/1414 1413/1413
f 1785/1785 1786/1786 1787/1787
f 1785/1785 1786/1786 1787/1787
f 1787/1787 1788/1788 1789/1789
f 1788/1788 1790/1790 1791/1791
f 1789/1789 1791/1791 1792/1792
f 1791/1791 1793/1793 1792/1792
f 1788/1788 1791/1791 1789/1789
f 1789/1789 1794/1794 1795/1795
f 1794/1794 1796/1796 1795/1795
f 1795/1795 1797/1797 1798/1798
f 1785/1785 1795/1795 1799/1799
f 1798/1798 1800/1800 1801/1801
f 1801/1801 1802/1802 1799/1799
f 1785/1785 1803/1803 1804/1804
f 1804/1804 1805/1805 1806/1806
f 1806/1806 1807/1807 1786/1786
f 1807/1807 1808/1808 1809/1809
f 1786/1786 1807/1807 1809/1809
f 1786/1786 1810/1810 1811/1811
f 1811/1811 1812/1812 1786/1786
f 1812/1812 1813/1813 1786/1786
f 1813/1813 1814/1814 1786/1786
f 1814/1814 1815/1815 1787/1787
f 1815/1815 1816/1816 1787/1787
f 1787/1787 1789/1789 1785/1785
f 1795/1795 1785/1785 1789/1789
f 1799/1799 1795/1795 1798/1798
f 1801/1801 1799/1799 1798/1798
f 1785/1785 1804/1804 1786/1786
f 1804/1804 1806/1806 1786/1786
f 1814/1814 1787/1787 1786/1786
f 1787/1787 1788/1788 1789/1789
f 1788/1788 1790/1790 1791/1791
f 1789/1789 1791/1791 1792/1792
f 1791/1791 1793/1793 1792/1792
f 1788/1788 1791/1791 1789/1789
f 1789/1789 1794/1794 1795/1795
f 1794/1794 1796/1796 1795/1795
f 1795/1795 1797/1797 1798/1798
f 1785/1785 1795/1795 1799/1799
f 1798/1798 1800/1800 1801/1801
f 1801/1801 1802/1802 1799/1799
f 1785/1785 1803/1803 1804/1804
f 1804/1804 1805/1805 1806/1806
f 1806/1806 1807/1807 1786/1786
f 1807/1807 1808/1808 1809/1809
f 1786/1786 1807/1807 1809/1809
f 1786/1786 1810/1810 1811/1811
f 1811/1811 1812/1812 1786/1786
f 1812/1812 1813/1813 1786/1786
f 1813/1813 1814/1814 1786/1786
f 1814/1814 1815/1815 1787/1787
f 1815/1815 1816/1816 1787/1787
f 1787/1787 1789/1789 1785/1785
f 1795/1795 1785/1785 1789/1789
f 1799/1799 1795/1795 1798/1798
f 1801/1801 1799/1799 1798/1798
f 1785/1785 1804/1804 1786/1786
f 1804/1804 1806/1806 1786/1786
f 1814/1814 1787/1787 1786/1786
f 1817/1817 1818/1818 1819/1819
f 1818/1818 1820/1820 1819/1819
f 1819/1819 1820/1820 1821/1821
f 1822/1822 1819/1819 1823/1823
f 1817/1817 1819/1819 1822/1822
f 1819/1819 1821/1821 1823/1823
f 1822/1822 1823/1823 1824/1824
f 1824/1824 1823/1823 1825/1825
f 1823/1823 1821/1821 1826/1826
f 1823/1823 1826/1826 1825/1825
f 1824/1824 1825/1825 1827/1827
f 1825/1825 1826/1826 1828/1828
f 1827/1827 1825/1825 1829/1829
f 1825/1825 1828/1828 1829/1829
f 1827/1827 1829/1829 1830/1830
f 1830/1830 1829/1829 1831/1831
f 1829/1829 1832/1832 1831/1831
f 1829/1829 1828/1828 1832/1832
f 1832/1832 1833/1833 1834/1834
f 1832/1832 1834/1834 1835/1835
f 1831/1831 1832/1832 1835/1835
f 1828/1828 1833/1833 1832/1832
f 1828/1828 1836/1836 1833/1833
f 1837/1837 1833/1833 1836/1836
f 1833/1833 1838/1838 1834/1834
f 1833/1833 1839/1839 1838/1838
f 1833/1833 1840/1840 1839/1839
f 1841/1841 1833/1833 1837/1837
f 1840/1840 1833/1833 1842/1842
f 1842/1842 1833/1833 1841/1841
f 1840/1840 1843/1843 1839/1839
f 1839/1839 1843/1843 1844/1844
f 1839/1839 1844/1844 1845/1845
f 1845/1845 1846/1846 1847/1847
f 1845/1845 1847/1847 1839/1839
f 1848/1848 1847/1847 1846/1846
f 1849/1849 1847/1847 1848/1848
f 1847/1847 1849/1849 1850/1850
f 1851/1851 1847/1847 1850/1850
f 1836/1836 1847/1847 1851/1851
f 1836/1836 1851/1851 1852/1852
f 1853/1853 1836/1836 1852/1852
f 1854/1854 1836/1836 1853/1853
f 1836/1836 1854/1854 1855/1855
f 1836/1836 1855/1855 1837/1837
f 1856/1856 1847/1847 1836/1836
f 1847/1847 1856/1856 1857/1857
f 1847/1847 1857/1857 1858/1858
f 1858/1858 1839/1839 1847/1847
f 1858/1858 1859/1859 1839/1839
f 1860/1860 1839/1839 1859/1859
f 1860/1860 1838/1838 1839/1839
f 1838/1838 1860/1860 1861/1861
f 1862/1862 1838/1838 1861/1861
f 1862/1862 1861/1861 1863/1863
f 1864/1864 1862/1862 1863/1863
f 1864/1864 1865/1865 1862/1862
f 1866/1866 1865/1865 1864/1864
f 1866/1866 1867/1867 1868/1868
f 1868/1868 1869/1869 1866/1866
f 1866/1866 1870/1870 1865/1865
f 1870/1870 1866/1866 1871/1871
f 1869/1869 1871/1871 1866/1866
f 1871/1871 1872/1872 1870/1870
f 1873/1873 1870/1870 1872/1872
f 1874/1874 1870/1870 1873/1873
f 1875/1875 1874/1874 1876/1876
f 1875/1875 1870/1870 1874/1874
f 1875/1875 1876/1876 1877/1877
f 1877/1877 1878/1878 1875/1875
f 1879/1879 1878/1878 1880/1880
f 1878/1878 1879/1879 1875/1875
f 1881/1881 1875/1875 1879/1879
f 1879/1879 1880/1880 1882/1882
f 1879/1879 1882/1882 1883/1883
f 1881/1881 1879/1879 1884/1884
f 1884/1884 1885/1885 1881/1881
f 1885/1885 1884/1884 1886/1886
f 1887/1887 1888/1888 1886/1886
f 1886/1886 1888/1888 1885/1885
f 1889/1889 1887/1887 1886/1886
f 1888/1888 1887/1887 1890/1890
f 1887/1887 1891/1891 1892/1892
f 1887/1887 1892/1892 1893/1893
f 1893/1893 1894/1894 1887/1887
f 1887/1887 1895/1895 1891/1891
f 1894/1894 1890/1890 1887/1887
f 1895/1895 1887/1887 1896/1896
f 1897/1897 1896/1896 1898/1898
f 1898/1898 1896/1896 1899/1899
f 1897/1897 1900/1900 1896/1896
f 1895/1895 1896/1896 1901/1901
f 1900/1900 1902/1902 1896/1896
f 1902/1902 1901/1901 1896/1896
f 1903/1903 1904/1904 1899/1899
f 1904/1904 1905/1905 1899/1899
f 1903/1903 1899/1899 1906/1906
f 1907/1907 1906/1906 1899/1899
f 1899/1899 1905/1905 1908/1908
f 1899/1899 1908/1908 1898/1898
f 1899/1899 1909/1909 1907/1907
f 1910/1910 1909/1909 1911/1911
f 1909/1909 1910/1910 1907/1907
f 1909/1909 1912/1912 1913/1913
f 1909/1909 1913/1913 1914/1914
f 1914/1914 1915/1915 1909/1909
f 1909/1909 1915/1915 1911/1911
f 1916/1916 1917/1917 1912/1912
f 1913/1913 1912/1912 1917/1917
f 1916/1916 1912/1912 1918/1918
f 1919/1919 1918/1918 1912/1912
f 1920/1920 1921/1921 1912/1912
f 1921/1921 1919/1919 1912/1912
f 1922/1922 1920/1920 1912/1912
f 1922/1922 1912/1912 1923/1923
f 1916/1916 1924/1924 1917/1917
f 1924/1924 1925/1925 1917/1917
f 1925/1925 1924/1924 1926/1926
f 1926/1926 1927/1927 1925/1925
f 1928/1928 1929/1929 1927/1927
f 1927/1927 1926/1926 1928/1928
f 1929/1929 1928/1928 1930/1930
f 1929/1929 1930/1930 1931/1931
f 1932/1932 1933/1933 1930/1930
f 1933/1933 1934/1934 1930/1930
f 1932/1932 1930/1930 1928/1928
f 1930/1930 1934/1934 1904/1904
f 1930/1930 1935/1935 1936/1936
f 1935/1935 1930/1930 1904/1904
f 1930/1930 1936/1936 1931/1931
f 1935/1935 1904/1904 1937/1937
f 1904/1904 1903/1903 1937/1937
f 1933/1933 1938/1938 1934/1934
f 1904/1904 1934/1934 1939/1939
f 1938/1938 1939/1939 1934/1934
f 1940/1940 1941/1941 1938/1938
f 1940/1940 1938/1938 1933/1933
f 1938/1938 1942/1942 1939/1939
f 1941/1941 1942/1942 1938/1938
f 1943/1943 1944/1944 1941/1941
f 1944/1944 1945/1945 1941/1941
f 1943/1943 1941/1941 1940/1940
f 1941/1941 1945/1945 1942/1942
f 1944/1944 1946/1946 1945/1945
f 1946/1946 1947/1947 1945/1945
f 1945/1945 1947/1947 1948/1948
f 1945/1945 1948/1948 1942/1942
f 1946/1946 1949/1949 1947/1947
f 1947/1947 1865/1865 1870/1870
f 1949/1949 1865/1865 1947/1947
f 1947/1947 1870/1870 1948/1948
f 1835/1835 1834/1834 1949/1949
f 1835/1835 1949/1949 1946/1946
f 1834/1834 1950/1950 1949/1949
f 1949/1949 1862/1862 1865/1865
f 1949/1949 1951/1951 1862/1862
f 1949/1949 1950/1950 1952/1952
f 1949/1949 1953/1953 1951/1951
f 1949/1949 1952/1952 1954/1954
f 1954/1954 1953/1953 1949/1949
f 1951/1951 1955/1955 1862/1862
f 1862/1862 1955/1955 1956/1956
f 1956/1956 1957/1957 1862/1862
f 1957/1957 1958/1958 1862/1862
f 1958/1958 1838/1838 1862/1862
f 1838/1838 1958/1958 1959/1959
f 1959/1959 1960/1960 1838/1838
f 1961/1961 1838/1838 1960/1960
f 1962/1962 1838/1838 1961/1961
f 1834/1834 1962/1962 1963/1963
f 1838/1838 1962/1962 1834/1834
f 1834/1834 1963/1963 1964/1964
f 1834/1834 1964/1964 1965/1965
f 1950/1950 1834/1834 1965/1965
f 1948/1948 1870/1870 1875/1875
f 1942/1942 1948/1948 1966/1966
f 1948/1948 1875/1875 1966/1966
f 1942/1942 1966/1966 1939/1939
f 1966/1966 1875/1875 1967/1967
f 1939/1939 1966/1966 1968/1968
f 1969/1969 1966/1966 1970/1970
f 1970/1970 1966/1966 1967/1967
f 1969/1969 1971/1971 1966/1966
f 1966/1966 1972/1972 1968/1968
f 1972/1972 1966/1966 1971/1971
f 1968/1968 1973/1973 1939/1939
f 1974/1974 1939/1939 1973/1973
f 1939/1939 1974/1974 1975/1975
f 1975/1975 1976/1976 1904/1904
f 1904/1904 1939/1939 1975/1975
f 1904/1904 1976/1976 1905/1905
f 1971/1971 1977/1977 1972/1972
f 1971/1971 1978/1978 1977/1977
f 1892/1892 1891/1891 1978/1978
f 1977/1977 1978/1978 1891/1891
f 1875/1875 1979/1979 1967/1967
f 1875/1875 1980/1980 1979/1979
f 1980/1980 1875/1875 1981/1981
f 1875/1875 1982/1982 1981/1981
f 1875/1875 1881/1881 1982/1982
f 1983/1983 1835/1835 1946/1946
f 1983/1983 1946/1946 1944/1944
f 1831/1831 1835/1835 1983/1983
f 1984/1984 1983/1983 1944/1944
f 1985/1985 1983/1983 1984/1984
f 1985/1985 1831/1831 1983/1983
f 1830/1830 1831/1831 1985/1985
f 1986/1986 1830/1830 1985/1985
f 1987/1987 1985/1985 1984/1984
f 1986/1986 1985/1985 1987/1987
f 1988/1988 1986/1986 1989/1989
f 1988/1988 1830/1830 1986/1986
f 1990/1990 1989/1989 1986/1986
f 1987/1987 1991/1991 1986/1986
f 1986/1986 1992/1992 1993/1993
f 1993/1993 1990/1990 1986/1986
f 1986/1986 1994/1994 1995/1995
f 1995/1995 1992/1992 1986/1986
f 1991/1991 1994/1994 1986/1986
f 1991/1991 1987/1987 1996/1996
f 1987/1987 1997/1997 1996/1996
f 1987/1987 1998/1998 1997/1997
f 1999/1999 2000/2000 1998/1998
f 1998/1998 1987/1987 1999/1999
f 1999/1999 2001/2001 2002/2002
f 1999/1999 2003/2003 2001/2001
f 1999/1999 1987/1987 2003/2003
f 2004/2004 1989/1989 1999/1999
f 2005/2005 1999/1999 1989/1989
f 2006/2006 1999/1999 2005/2005
f 2000/2000 1999/1999 2006/2006
f 2004/2004 1999/1999 2007/2007
f 1999/1999 2002/2002 2007/2007
f 1987/1987 1984/1984 2003/2003
f 2003/2003 1984/1984 1943/1943
f 2003/2003 2008/2008 2009/2009
f 2003/2003 2009/2009 2010/2010
f 2010/2010 2011/2011 2003/2003
f 2008/2008 2003/2003 2012/2012
f 2013/2013 2012/2012 2003/2003
f 2001/2001 2003/2003 2011/2011
f 2003/2003 1943/1943 2013/2013
f 2013/2013 1943/1943 1940/1940
f 2014/2014 2013/2013 2015/2015
f 2016/2016 2015/2015 2013/2013
f 2013/2013 1940/1940 2017/2017
f 2018/2018 2013/2013 2017/2017
f 2013/2013 2018/2018 2019/2019
f 2013/2013 2014/2014 2012/2012
f 2019/2019 2016/2016 2013/2013
f 2019/2019 2018/2018 2020/2020
f 2020/2020 2018/2018 2021/2021
f 2018/2018 2022/2022 2021/2021
f 2022/2022 2018/2018 2023/2023
f 2001/2001 2024/2024 2023/2023
f 2018/2018 2001/2001 2023/2023
f 2024/2024 2001/2001 2025/2025
f 2001/2001 2026/2026 2025/2025
f 2001/2001 2011/2011 2026/2026
f 2018/2018 2027/2027 2001/2001
f 2018/2018 2017/2017 2028/2028
f 2018/2018 2028/2028 2029/2029
f 2018/2018 2029/2029 2030/2030
f 2030/2030 2027/2027 2018/2018
f 2027/2027 2002/2002 2001/2001
f 2028/2028 2031/2031 2029/2029
f 2032/2032 2033/2033 2031/2031
f 2034/2034 2032/2032 2031/2031
f 2031/2031 2033/2033 2035/2035
f 2028/2028 2036/2036 2031/2031
f 2036/2036 2034/2034 2031/2031
f 2036/2036 2037/2037 2034/2034
f 2036/2036 2038/2038 2037/2037
f 2039/2039 2038/2038 2036/2036
f 2040/2040 2039/2039 2036/2036
f 2039/2039 2040/2040 2041/2041
f 2040/2040 2042/2042 2041/2041
f 2043/2043 2042/2042 2040/2040
f 2044/2044 2043/2043 2045/2045
f 2043/2043 2040/2040 2045/2045
f 2046/2046 2045/2045 2040/2040
f 2045/2045 2047/2047 2048/2048
f 2045/2045 2048/2048 2044/2044
f 2049/2049 2045/2045 2046/2046
f 2046/2046 2050/2050 2049/2049
f 2050/2050 1922/1922 2049/2049
f 1922/1922 2050/2050 1920/1920
f 2040/2040 2051/2051 2046/2046
f 2040/2040 2052/2052 2051/2051
f 2052/2052 2040/2040 2053/2053
f 2040/2040 2054/2054 2053/2053
f 2055/2055 2054/2054 2040/2040
f 2056/2056 2055/2055 1928/1928
f 1928/1928 2055/2055 2040/2040
f 2057/2057 2056/2056 1928/1928
f 2057/2057 1928/1928 1926/1926
f 2036/2036 1928/1928 2040/2040
f 2036/2036 1932/1932 1928/1928
f 2028/2028 1932/1932 2036/2036
f 2028/2028 2017/2017 1932/1932
f 2017/2017 1940/1940 1933/1933
f 2017/2017 1933/1933 1932/1932
f 1989/1989 2004/2004 2058/2058
f 2058/2058 2059/2059 2060/2060
f 1989/1989 2058/2058 2060/2060
f 2060/2060 2061/2061 2062/2062
f 2062/2062 1988/1988 2060/2060
f 1988/1988 1989/1989 2060/2060
f 2060/2060 2063/2063 2061/2061
f 2063/2063 2060/2060 2059/2059
f 2064/2064 2063/2063 2059/2059
f 2059/2059 2065/2065 2064/2064
f 2066/2066 2065/2065 2059/2059
f 2061/2061 2067/2067 2062/2062
f 2067/2067 2068/2068 2062/2062
f 2069/2069 2062/2062 2068/2068
f 2069/2069 2070/2070 2062/2062
f 2069/2069 2071/2071 2070/2070
f 2072/2072 2070/2070 2071/2071
f 2072/2072 2073/2073 2074/2074
f 2074/2074 2070/2070 2072/2072
f 2070/2070 2074/2074 2075/2075
f 2074/2074 2076/2076 2077/2077
f 2076/2076 2074/2074 2073/2073
f 2078/2078 2075/2075 2079/2079
f 2070/2070 2075/2075 2078/2078
f 2080/2080 2078/2078 1817/1817
f 2078/2078 2080/2080 2070/2070
f 2081/2081 2082/2082 2078/2078
f 2083/2083 2081/2081 2078/2078
f 1817/1817 2078/2078 2084/2084
f 2083/2083 2078/2078 2079/2079
f 2085/2085 2078/2078 2082/2082
f 2084/2084 2078/2078 2086/2086
f 2078/2078 2085/2085 2087/2087
f 2078/2078 2087/2087 2088/2088
f 2088/2088 2086/2086 2078/2078
f 1817/1817 2084/2084 2089/2089
f 2090/2090 2091/2091 2089/2089
f 2089/2089 2091/2091 2092/2092
f 2089/2089 2092/2092 1817/1817
f 2092/2092 2093/2093 1817/1817
f 2093/2093 2094/2094 1817/1817
f 1817/1817 2094/2094 2095/2095
f 1817/1817 2095/2095 2096/2096
f 2097/2097 1817/1817 2096/2096
f 1817/1817 2097/2097 2098/2098
f 2098/2098 2097/2097 2099/2099
f 2100/2100 2098/2098 2099/2099
f 2098/2098 2100/2100 2101/2101
f 2098/2098 2101/2101 2102/2102
f 2098/2098 2102/2102 2103/2103
f 2081/2081 2098/2098 2103/2103
f 2104/2104 2081/2081 2103/2103
f 2105/2105 2104/2104 2106/2106
f 2104/2104 2105/2105 2107/2107
f 2104/2104 2107/2107 2081/2081
f 2081/2081 2107/2107 2108/2108
f 2108/2108 2109/2109 2081/2081
f 2110/2110 2081/2081 2109/2109
f 2111/2111 2081/2081 2110/2110
f 2111/2111 2082/2082 2081/2081
f 2105/2105 2106/2106 2112/2112
f 2112/2112 2106/2106 2113/2113
f 2113/2113 2114/2114 2112/2112
f 2090/2090 2114/2114 2115/2115
f 2114/2114 2113/2113 2115/2115
f 2115/2115 2091/2091 2090/2090
f 2116/2116 1817/1817 2098/2098
f 2116/2116 1818/1818 1817/1817
f 2116/2116 2117/2117 1818/1818
f 2116/2116 2118/2118 2117/2117
f 1818/1818 2117/2117 1820/1820
f 1820/1820 2117/2117 2119/2119
f 2117/2117 2120/2120 2119/2119
f 2117/2117 2118/2118 2121/2121
f 2122/2122 2117/2117 2121/2121
f 2122/2122 2123/2123 2117/2117
f 2117/2117 2124/2124 2120/2120
f 2117/2117 2123/2123 2125/2125
f 2117/2117 2125/2125 2124/2124
f 2126/2126 2119/2119 2120/2120
f 2127/2127 2119/2119 2126/2126
f 2119/2119 2127/2127 2128/2128
f 2119/2119 2128/2128 2129/2129
f 2129/2129 2130/2130 2119/2119
f 2129/2129 2131/2131 2132/2132
f 2129/2129 2132/2132 2130/2130
f 2130/2130 2133/2133 2134/2134
f 2134/2134 2135/2135 2130/2130
f 2132/2132 2136/2136 2130/2130
f 2130/2130 2136/2136 2137/2137
f 2137/2137 2138/2138 2130/2130
f 2139/2139 2130/2130 2135/2135
f 2139/2139 2140/2140 2130/2130
f 2141/2141 2130/2130 2140/2140
f 2142/2142 2130/2130 2138/2138
f 2133/2133 2130/2130 2142/2142
f 2143/2143 2130/2130 2141/2141
f 2119/2119 2130/2130 2144/2144
f 2144/2144 2130/2130 2143/2143
f 2133/2133 2145/2145 2134/2134
f 2146/2146 2133/2133 2142/2142
f 2147/2147 2146/2146 2142/2142
f 2148/2148 2147/2147 2142/2142
f 2149/2149 2148/2148 2142/2142
f 2145/2145 2150/2150 2134/2134
f 2134/2134 2150/2150 2151/2151
f 2152/2152 2134/2134 2151/2151
f 2134/2134 2152/2152 1856/1856
f 2152/2152 2153/2153 1856/1856
f 2153/2153 2154/2154 1856/1856
f 2153/2153 2155/2155 2154/2154
f 2155/2155 2156/2156 2154/2154
f 2156/2156 2157/2157 2154/2154
f 1856/1856 2154/2154 1857/1857
f 2134/2134 2158/2158 2135/2135
f 2158/2158 2134/2134 2159/2159
f 2160/2160 2159/2159 2134/2134
f 2134/2134 2161/2161 2160/2160
f 2134/2134 2162/2162 2161/2161
f 2163/2163 2162/2162 2164/2164
f 2162/2162 2134/2134 2164/2164
f 2163/2163 2164/2164 2165/2165
f 2164/2164 2166/2166 2165/2165
f 2166/2166 2167/2167 2165/2165
f 2144/2144 2166/2166 2119/2119
f 1820/1820 2119/2119 2166/2166
f 2166/2166 2144/2144 2168/2168
f 1820/1820 2166/2166 2164/2164
f 2168/2168 2169/2169 2166/2166
f 2167/2167 2166/2166 2169/2169
f 2164/2164 2134/2134 1856/1856
f 2164/2164 1856/1856 2170/2170
f 1821/1821 2164/2164 2170/2170
f 1820/1820 2164/2164 1821/1821
f 1821/1821 2170/2170 1826/1826
f 1856/1856 1836/1836 2170/2170
f 1826/1826 2170/2170 1836/1836
f 2131/2131 2171/2171 2132/2132
f 2171/2171 2172/2172 2118/2118
f 2132/2132 2171/2171 2118/2118
f 2118/2118 2172/2172 2173/2173
f 2173/2173 2174/2174 2118/2118
f 2175/2175 2118/2118 2174/2174
f 2118/2118 2175/2175 2121/2121
f 2070/2070 2080/2080 2176/2176
f 2080/2080 1822/1822 1824/1824
f 1822/1822 2080/2080 1817/1817
f 2080/2080 1824/1824 2176/2176
f 2176/2176 1824/1824 1827/1827
f 2062/2062 2176/2176 1988/1988
f 2070/2070 2176/2176 2062/2062
f 2176/2176 1827/1827 1988/1988
f 1989/1989 2177/2177 2005/2005
f 2177/2177 1989/1989 2178/2178
f 2179/2179 2178/2178 1989/1989
f 1989/1989 2180/2180 2179/2179
f 2180/2180 1989/1989 1990/1990
f 1988/1988 1827/1827 1830/1830
f 1984/1984 1944/1944 1943/1943
f 1826/1826 1836/1836 1828/1828
f 2181/2181 2182/2182 2183/2183
f 2182/2182 2184/2184 2183/2183
f 2183/2183 2184/2184 2185/2185
f 2186/2186 2183/2183 2187/2187
f 2183/2183 2185/2185 2187/2187
f 2181/2181 2183/2183 2186/2186
f 2188/2188 2182/2182 2181/2181
f 2181/2181 2186/2186 2189/2189
f 2190/2190 2189/2189 2186/2186
f 2191/2191 2190/2190 2186/2186
f 2191/2191 2186/2186 2192/2192
f 2193/2193 2192/2192 2186/2186
f 2194/2194 2193/2193 2186/2186
f 2194/2194 2186/2186 2195/2195
f 2196/2196 2194/2194 2195/2195
f 2195/2195 2197/2197 2196/2196
f 2198/2198 2197/2197 2195/2195
f 2198/2198 2195/2195 2199/2199
f 2199/2199 2200/2200 2198/2198
f 2200/2200 2199/2199 2201/2201
f 2202/2202 2201/2201 2199/2199
f 2203/2203 2202/2202 2199/2199
f 2204/2204 2202/2202 2203/2203
f 2205/2205 2206/2206 2203/2203
f 2203/2203 2206/2206 2207/2207
f 2199/2199 2208/2208 2203/2203
f 2203/2203 2208/2208 2209/2209
f 2210/2210 2203/2203 2211/2211
f 2203/2203 2210/2210 2212/2212
f 2213/2213 2203/2203 2214/2214
f 2213/2213 2215/2215 2203/2203
f 2203/2203 2209/2209 2214/2214
f 2216/2216 2203/2203 2215/2215
f 2211/2211 2203/2203 2216/2216
f 2217/2217 2203/2203 2207/2207
f 2203/2203 2217/2217 2218/2218
f 2203/2203 2218/2218 2219/2219
f 2219/2219 2220/2220 2203/2203
f 2204/2204 2203/2203 2220/2220
f 2205/2205 2203/2203 2212/2212
f 2221/2221 2222/2222 2215/2215
f 2215/2215 2222/2222 2216/2216
f 2215/2215 2223/2223 2224/2224
f 2215/2215 2225/2225 2223/2223
f 2215/2215 2213/2213 2225/2225
f 2225/2225 2213/2213 2226/2226
f 2223/2223 2225/2225 2226/2226
f 2227/2227 2226/2226 2228/2228
f 2224/2224 2226/2226 2227/2227
f 2226/2226 2229/2229 2223/2223
f 2224/2224 2229/2229 2226/2226
f 2226/2226 2213/2213 2228/2228
f 2228/2228 2214/2214 2208/2208
f 2199/2199 2228/2228 2208/2208
f 2228/2228 2199/2199 2230/2230
f 2213/2213 2214/2214 2228/2228
f 2228/2228 2230/2230 2227/2227
f 2231/2231 2227/2227 2230/2230
f 2230/2230 2232/2232 2231/2231
f 2199/2199 2232/2232 2230/2230
f 2232/2232 2199/2199 2233/2233
f 2234/2234 2231/2231 2232/2232
f 2232/2232 2233/2233 2235/2235
f 2232/2232 2235/2235 2234/2234
f 2234/2234 2236/2236 2231/2231
f 2236/2236 2234/2234 2237/2237
f 2234/2234 2238/2238 2239/2239
f 2237/2237 2234/2234 2239/2239
f 2235/2235 2238/2238 2234/2234
f 2224/2224 2227/2227 2237/2237
f 2237/2237 2227/2227 2231/2231
f 2239/2239 2240/2240 2237/2237
f 2237/2237 2231/2231 2236/2236
f 2240/2240 2239/2239 2241/2241
f 2240/2240 2241/2241 2242/2242
f 2238/2238 2199/2199 2241/2241
f 2243/2243 2238/2238 2241/2241
f 2241/2241 2199/2199 2195/2195
f 2243/2243 2241/2241 2239/2239
f 2244/2244 2241/2241 2195/2195
f 2244/2244 2242/2242 2241/2241
f 2195/2195 2245/2245 2244/2244
f 2245/2245 2195/2195 2246/2246
f 2247/2247 2245/2245 2248/2248
f 2248/2248 2245/2245 2249/2249
f 2249/2249 2245/2245 2246/2246
f 2249/2249 2246/2246 2250/2250
f 2250/2250 2246/2246 2195/2195
f 2251/2251 2249/2249 2250/2250
f 2251/2251 2250/2250 2195/2195
f 2251/2251 2252/2252 2253/2253
f 2195/2195 2252/2252 2251/2251
f 2251/2251 2253/2253 2248/2248
f 2248/2248 2249/2249 2251/2251
f 2253/2253 2254/2254 2248/2248
f 2254/2254 2253/2253 2195/2195
f 2195/2195 2253/2253 2252/2252
f 2255/2255 2248/2248 2254/2254
f 2254/2254 2256/2256 2257/2257
f 2254/2254 2186/2186 2256/2256
f 2257/2257 2255/2255 2254/2254
f 2186/2186 2254/2254 2195/2195
f 2258/2258 2257/2257 2256/2256
f 2247/2247 2255/2255 2257/2257
f 2257/2257 2258/2258 2247/2247
f 2256/2256 2259/2259 2258/2258
f 2260/2260 2258/2258 2259/2259
f 2258/2258 2260/2260 2247/2247
f 2259/2259 2261/2261 2262/2262
f 2186/2186 2261/2261 2259/2259
f 2256/2256 2186/2186 2259/2259
f 2262/2262 2260/2260 2259/2259
f 2261/2261 2263/2263 2262/2262
f 2263/2263 2264/2264 2262/2262
f 2262/2262 2247/2247 2260/2260
f 2265/2265 2266/2266 2262/2262
f 2247/2247 2262/2262 2266/2266
f 2264/2264 2265/2265 2262/2262
f 2263/2263 2267/2267 2264/2264
f 2264/2264 2267/2267 2266/2266
f 2266/2266 2265/2265 2264/2264
f 2267/2267 2268/2268 2266/2266
f 2268/2268 2267/2267 2263/2263
f 2266/2266 2268/2268 2269/2269
f 2268/2268 2263/2263 2186/2186
f 2268/2268 2270/2270 2271/2271
f 2270/2270 2268/2268 2186/2186
f 2270/2270 2187/2187 2272/2272
f 2186/2186 2187/2187 2270/2270
f 2270/2270 2273/2273 2271/2271
f 2272/2272 2274/2274 2270/2270
f 2273/2273 2270/2270 2274/2274
f 2274/2274 2275/2275 2273/2273
f 2275/2275 2274/2274 2276/2276
f 2277/2277 2272/2272 2187/2187
f 2278/2278 2277/2277 2187/2187
f 2277/2277 2278/2278 2279/2279
f 2277/2277 2279/2279 2280/2280
f 2280/2280 2281/2281 2277/2277
f 2278/2278 2187/2187 2282/2282
f 2187/2187 2185/2185 2282/2282
f 2185/2185 2283/2283 2282/2282
f 2185/2185 2284/2284 2283/2283
f 2284/2284 2185/2185 2285/2285
f 2286/2286 2285/2285 2185/2185
f 2287/2287 2286/2286 2185/2185
f 2287/2287 2185/2185 2288/2288
f 2288/2288 2185/2185 2184/2184
f 2288/2288 2184/2184 2289/2289
f 2290/2290 2289/2289 2291/2291
f 2292/2292 2291/2291 2289/2289
f 2289/2289 2184/2184 2292/2292
f 2291/2291 2292/2292 2293/2293
f 2184/2184 2293/2293 2292/2292
f 2294/2294 2295/2295 2293/2293
f 2293/2293 2296/2296 2294/2294
f 2295/2295 2297/2297 2293/2293
f 2298/2298 2293/2293 2297/2297
f 2184/2184 2296/2296 2293/2293
f 2298/2298 2291/2291 2293/2293
f 2298/2298 2299/2299 2300/2300
f 2300/2300 2301/2301 2298/2298
f 2298/2298 2302/2302 2291/2291
f 2301/2301 2302/2302 2298/2298
f 2303/2303 2298/2298 2297/2297
f 2303/2303 2299/2299 2298/2298
f 2304/2304 2305/2305 2299/2299
f 2305/2305 2306/2306 2299/2299
f 2306/2306 2300/2300 2299/2299
f 2303/2303 2304/2304 2299/2299
f 2307/2307 2304/2304 2303/2303
f 2308/2308 2307/2307 2303/2303
f 2309/2309 2307/2307 2308/2308
f 2310/2310 2309/2309 2308/2308
f 2310/2310 2311/2311 2309/2309
f 2310/2310 2312/2312 2311/2311
f 2313/2313 2312/2312 2310/2310
f 2312/2312 2313/2313 2314/2314
f 2314/2314 2313/2313 2315/2315
f 2314/2314 2315/2315 2316/2316
f 2297/2297 2317/2317 2315/2315
f 2316/2316 2315/2315 2317/2317
f 2315/2315 2313/2313 2297/2297
f 2317/2317 2297/2297 2318/2318
f 2318/2318 2319/2319 2317/2317
f 2319/2319 2316/2316 2317/2317
f 2319/2319 2318/2318 2320/2320
f 2320/2320 2321/2321 2319/2319
f 2321/2321 2320/2320 2322/2322
f 2323/2323 2321/2321 2322/2322
f 2324/2324 2322/2322 2325/2325
f 2325/2325 2322/2322 2326/2326
f 2322/2322 2320/2320 2326/2326
f 2323/2323 2322/2322 2324/2324
f 2327/2327 2325/2325 2326/2326
f 2328/2328 2327/2327 2326/2326
f 2329/2329 2328/2328 2326/2326
f 2182/2182 2326/2326 2318/2318
f 2330/2330 2326/2326 2182/2182
f 2331/2331 2329/2329 2326/2326
f 2326/2326 2332/2332 2331/2331
f 2332/2332 2326/2326 2330/2330
f 2333/2333 2318/2318 2326/2326
f 2334/2334 2333/2333 2326/2326
f 2320/2320 2334/2334 2326/2326
f 2318/2318 2333/2333 2334/2334
f 2334/2334 2320/2320 2318/2318
f 2328/2328 2335/2335 2327/2327
f 2327/2327 2336/2336 2337/2337
f 2335/2335 2336/2336 2327/2327
f 2327/2327 2337/2337 2338/2338
f 2327/2327 2338/2338 2325/2325
f 2338/2338 2337/2337 2339/2339
f 2339/2339 2325/2325 2338/2338
f 2340/2340 2325/2325 2339/2339
f 2325/2325 2340/2340 2341/2341
f 2340/2340 2342/2342 2341/2341
f 2343/2343 2344/2344 2342/2342
f 2344/2344 2341/2341 2342/2342
f 2344/2344 2324/2324 2325/2325
f 2325/2325 2341/2341 2344/2344
f 2343/2343 2345/2345 2344/2344
f 2324/2324 2344/2344 2345/2345
f 2345/2345 2323/2323 2324/2324
f 2336/2336 2346/2346 2337/2337
f 2347/2347 2346/2346 2336/2336
f 2348/2348 2347/2347 2336/2336
f 2336/2336 2349/2349 2348/2348
f 2350/2350 2349/2349 2351/2351
f 2349/2349 2336/2336 2351/2351
f 2336/2336 2352/2352 2351/2351
f 2353/2353 2351/2351 2354/2354
f 2351/2351 2353/2353 2350/2350
f 2351/2351 2352/2352 2355/2355
f 2355/2355 2356/2356 2351/2351
f 2356/2356 2357/2357 2351/2351
f 2354/2354 2351/2351 2357/2357
f 2358/2358 2359/2359 2354/2354
f 2360/2360 2358/2358 2354/2354
f 2354/2354 2361/2361 2362/2362
f 2354/2354 2363/2363 2361/2361
f 2364/2364 2360/2360 2354/2354
f 2359/2359 2363/2363 2354/2354
f 2365/2365 2353/2353 2354/2354
f 2354/2354 2366/2366 2365/2365
f 2357/2357 2364/2364 2354/2354
f 2362/2362 2366/2366 2354/2354
f 2367/2367 2368/2368 2366/2366
f 2366/2366 2362/2362 2367/2367
f 2365/2365 2366/2366 2368/2368
f 2369/2369 2365/2365 2368/2368
f 2369/2369 2350/2350 2353/2353
f 2365/2365 2369/2369 2353/2353
f 2362/2362 2370/2370 2367/2367
f 2371/2371 2372/2372 2367/2367
f 2371/2371 2367/2367 2370/2370
f 2373/2373 2372/2372 2371/2371
f 2373/2373 2374/2374 2372/2372
f 2375/2375 2374/2374 2373/2373
f 2375/2375 2376/2376 2374/2374
f 2375/2375 2377/2377 2376/2376
f 2377/2377 2378/2378 2376/2376
f 2379/2379 2378/2378 2377/2377
f 2380/2380 2379/2379 2377/2377
f 2379/2379 2380/2380 2381/2381
f 2382/2382 2381/2381 2383/2383
f 2381/2381 2380/2380 2383/2383
f 2383/2383 2306/2306 2382/2382
f 2305/2305 2382/2382 2306/2306
f 2383/2383 2377/2377 2373/2373
f 2383/2383 2380/2380 2377/2377
f 2300/2300 2306/2306 2383/2383
f 2384/2384 2300/2300 2383/2383
f 2385/2385 2384/2384 2383/2383
f 2383/2383 2373/2373 2385/2385
f 2386/2386 2385/2385 2373/2373
f 2385/2385 2387/2387 2384/2384
f 2387/2387 2385/2385 2388/2388
f 2385/2385 2389/2389 2388/2388
f 2386/2386 2389/2389 2385/2385
f 2389/2389 2386/2386 2390/2390
f 2390/2390 2386/2386 2391/2391
f 2391/2391 2386/2386 2373/2373
f 2390/2390 2391/2391 2371/2371
f 2373/2373 2371/2371 2391/2391
f 2370/2370 2390/2390 2371/2371
f 2388/2388 2392/2392 2387/2387
f 2387/2387 2392/2392 2393/2393
f 2392/2392 2394/2394 2393/2393
f 2395/2395 2394/2394 2392/2392
f 2395/2395 2384/2384 2394/2394
f 2395/2395 2396/2396 2384/2384
f 2396/2396 2397/2397 2398/2398
f 2396/2396 2398/2398 2384/2384
f 2384/2384 2398/2398 2300/2300
f 2399/2399 2300/2300 2398/2398
f 2398/2398 2397/2397 2399/2399
f 2301/2301 2300/2300 2399/2399
f 2387/2387 2393/2393 2394/2394
f 2384/2384 2387/2387 2394/2394
f 2377/2377 2375/2375 2373/2373
f 2357/2357 2400/2400 2364/2364
f 2400/2400 2401/2401 2364/2364
f 2364/2364 2402/2402 2360/2360
f 2364/2364 2401/2401 2402/2402
f 2403/2403 2402/2402 2401/2401
f 2404/2404 2401/2401 2400/2400
f 2404/2404 2400/2400 2357/2357
f 2404/2404 2357/2357 2405/2405
f 2405/2405 2357/2357 2406/2406
f 2356/2356 2407/2407 2406/2406
f 2356/2356 2406/2406 2357/2357
f 2356/2356 2408/2408 2407/2407
f 2409/2409 2408/2408 2336/2336
f 2356/2356 2355/2355 2408/2408
f 2408/2408 2355/2355 2336/2336
f 2409/2409 2336/2336 2330/2330
f 2330/2330 2410/2410 2409/2409
f 2330/2330 2411/2411 2410/2410
f 2411/2411 2330/2330 2412/2412
f 2412/2412 2330/2330 2413/2413
f 2413/2413 2330/2330 2414/2414
f 2415/2415 2414/2414 2330/2330
f 2416/2416 2415/2415 2330/2330
f 2416/2416 2330/2330 2417/2417
f 2418/2418 2417/2417 2330/2330
f 2419/2419 2418/2418 2330/2330
f 2420/2420 2418/2418 2419/2419
f 2420/2420 2421/2421 2422/2422
f 2423/2423 2421/2421 2420/2420
f 2424/2424 2425/2425 2420/2420
f 2420/2420 2425/2425 2423/2423
f 2419/2419 2426/2426 2420/2420
f 2420/2420 2427/2427 2428/2428
f 2428/2428 2429/2429 2420/2420
f 2424/2424 2420/2420 2429/2429
f 2420/2420 2426/2426 2427/2427
f 2427/2427 2426/2426 2430/2430
f 2419/2419 2430/2430 2426/2426
f 2427/2427 2430/2430 2431/2431
f 2430/2430 2432/2432 2433/2433
f 2419/2419 2432/2432 2430/2430
f 2433/2433 2431/2431 2430/2430
f 2434/2434 2435/2435 2433/2433
f 2433/2433 2432/2432 2434/2434
f 2435/2435 2419/2419 2433/2433
f 2431/2431 2433/2433 2419/2419
f 2419/2419 2435/2435 2434/2434
f 2432/2432 2436/2436 2434/2434
f 2434/2434 2436/2436 2419/2419
f 2432/2432 2419/2419 2436/2436
f 2431/2431 2437/2437 2438/2438
f 2431/2431 2439/2439 2437/2437
f 2440/2440 2425/2425 2431/2431
f 2431/2431 2438/2438 2440/2440
f 2431/2431 2419/2419 2439/2439
f 2425/2425 2427/2427 2431/2431
f 2441/2441 2442/2442 2438/2438
f 2437/2437 2441/2441 2438/2438
f 2438/2438 2443/2443 2444/2444
f 2438/2438 2445/2445 2443/2443
f 2438/2438 2444/2444 2440/2440
f 2446/2446 2438/2438 2442/2442
f 2438/2438 2446/2446 2445/2445
f 2447/2447 2446/2446 2448/2448
f 2443/2443 2446/2446 2447/2447
f 2445/2445 2446/2446 2443/2443
f 2446/2446 2442/2442 2439/2439
f 2449/2449 2450/2450 2448/2448
f 2447/2447 2448/2448 2450/2450
f 2450/2450 2449/2449 2451/2451
f 2449/2449 2452/2452 2451/2451
f 2453/2453 2452/2452 2454/2454
f 2452/2452 2453/2453 2451/2451
f 2452/2452 2455/2455 2456/2456
f 2456/2456 2454/2454 2452/2452
f 2455/2455 2452/2452 2457/2457
f 2457/2457 2452/2452 2458/2458
f 2459/2459 2460/2460 2458/2458
f 2461/2461 2458/2458 2460/2460
f 2458/2458 2462/2462 2463/2463
f 2457/2457 2458/2458 2463/2463
f 2462/2462 2458/2458 2461/2461
f 2460/2460 2459/2459 2464/2464
f 2465/2465 2466/2466 2459/2459
f 2464/2464 2459/2459 2466/2466
f 2467/2467 2460/2460 2466/2466
f 2460/2460 2464/2464 2466/2466
f 2466/2466 2465/2465 2467/2467
f 2467/2467 2468/2468 2469/2469
f 2468/2468 2467/2467 2465/2465
f 2461/2461 2460/2460 2467/2467
f 2467/2467 2470/2470 2471/2471
f 2469/2469 2470/2470 2467/2467
f 2461/2461 2467/2467 2471/2471
f 2471/2471 2472/2472 2473/2473
f 2453/2453 2472/2472 2471/2471
f 2470/2470 2474/2474 2471/2471
f 2471/2471 2474/2474 2475/2475
f 2471/2471 2475/2475 2476/2476
f 2471/2471 2473/2473 2461/2461
f 2471/2471 2476/2476 2477/2477
f 2477/2477 2453/2453 2471/2471
f 2473/2473 2478/2478 2479/2479
f 2472/2472 2478/2478 2473/2473
f 2479/2479 2480/2480 2473/2473
f 2473/2473 2480/2480 2453/2453
f 2473/2473 2481/2481 2454/2454
f 2481/2481 2473/2473 2453/2453
f 2473/2473 2454/2454 2461/2461
f 2478/2478 2482/2482 2479/2479
f 2482/2482 2483/2483 2479/2479
f 2479/2479 2483/2483 2453/2453
f 2480/2480 2479/2479 2453/2453
f 2453/2453 2483/2483 2482/2482
f 2478/2478 2484/2484 2482/2482
f 2453/2453 2482/2482 2484/2484
f 2484/2484 2478/2478 2453/2453
f 2453/2453 2454/2454 2481/2481
f 2453/2453 2478/2478 2472/2472
f 2477/2477 2476/2476 2485/2485
f 2475/2475 2485/2485 2476/2476
f 2477/2477 2485/2485 2475/2475
f 2477/2477 2469/2469 2486/2486
f 2477/2477 2486/2486 2487/2487
f 2470/2470 2469/2469 2477/2477
f 2488/2488 2470/2470 2477/2477
f 2477/2477 2475/2475 2489/2489
f 2477/2477 2489/2489 2490/2490
f 2477/2477 2490/2490 2474/2474
f 2477/2477 2474/2474 2488/2488
f 2470/2470 2488/2488 2474/2474
f 2474/2474 2490/2490 2489/2489
f 2489/2489 2475/2475 2474/2474
f 2487/2487 2486/2486 2491/2491
f 2491/2491 2492/2492 2487/2487
f 2492/2492 2493/2493 2487/2487
f 2494/2494 2493/2493 2492/2492
f 2494/2494 2495/2495 2496/2496
f 2497/2497 2494/2494 2496/2496
f 2493/2493 2494/2494 2497/2497
f 2496/2496 2495/2495 2498/2498
f 2499/2499 2498/2498 2495/2495
f 2498/2498 2499/2499 2500/2500
f 2500/2500 2501/2501 2502/2502
f 2499/2499 2501/2501 2500/2500
f 2501/2501 2503/2503 2502/2502
f 2504/2504 2503/2503 2505/2505
f 2504/2504 2502/2502 2503/2503
f 2506/2506 2504/2504 2505/2505
f 2504/2504 2506/2506 2507/2507
f 2508/2508 2507/2507 2506/2506
f 2509/2509 2507/2507 2508/2508
f 2510/2510 2511/2511 2509/2509
f 2508/2508 2510/2510 2509/2509
f 2511/2511 2510/2510 2512/2512
f 2511/2511 2512/2512 2513/2513
f 2512/2512 2514/2514 2513/2513
f 2513/2513 2514/2514 2515/2515
f 2516/2516 2515/2515 2514/2514
f 2516/2516 2517/2517 2515/2515
f 2517/2517 2518/2518 2519/2519
f 2517/2517 2516/2516 2518/2518
f 2519/2519 2518/2518 2520/2520
f 2519/2519 2520/2520 2521/2521
f 2521/2521 2520/2520 2522/2522
f 2523/2523 2524/2524 2522/2522
f 2524/2524 2521/2521 2522/2522
f 2524/2524 2525/2525 2526/2526
f 2524/2524 2523/2523 2525/2525
f 2526/2526 2525/2525 2527/2527
f 2528/2528 2527/2527 2529/2529
f 2528/2528 2526/2526 2527/2527
f 2530/2530 2528/2528 2529/2529
f 2531/2531 2530/2530 2529/2529
f 2531/2531 2532/2532 2533/2533
f 2530/2530 2531/2531 2533/2533
f 2534/2534 2533/2533 2532/2532
f 2532/2532 2535/2535 2534/2534
f 2536/2536 2534/2534 2535/2535
f 2535/2535 2537/2537 2536/2536
f 2536/2536 2537/2537 2538/2538
f 2537/2537 2539/2539 2538/2538
f 2540/2540 2538/2538 2539/2539
f 2539/2539 2541/2541 2540/2540
f 2540/2540 2541/2541 2542/2542
f 2541/2541 2543/2543 2542/2542
f 2544/2544 2542/2542 2543/2543
f 2543/2543 2545/2545 2544/2544
f 2546/2546 2547/2547 2545/2545
f 2547/2547 2544/2544 2545/2545
f 2547/2547 2546/2546 2548/2548
f 2546/2546 2549/2549 2548/2548
f 2548/2548 2549/2549 2550/2550
f 2549/2549 2551/2551 2550/2550
f 2550/2550 2551/2551 2552/2552
f 2551/2551 2553/2553 2552/2552
f 2552/2552 2553/2553 2554/2554
f 2553/2553 2555/2555 2554/2554
f 2556/2556 2555/2555 2557/2557
f 2558/2558 2554/2554 2555/2555
f 2556/2556 2558/2558 2555/2555
f 2556/2556 2557/2557 2559/2559
f 2559/2559 2560/2560 2561/2561
f 2559/2559 2557/2557 2560/2560
f 2561/2561 2560/2560 2562/2562
f 2561/2561 2562/2562 2563/2563
f 2562/2562 2564/2564 2563/2563
f 2564/2564 2565/2565 2566/2566
f 2566/2566 2563/2563 2564/2564
f 2565/2565 2567/2567 2566/2566
f 2567/2567 2565/2565 2568/2568
f 2567/2567 2568/2568 2569/2569
f 2568/2568 2570/2570 2569/2569
f 2570/2570 2571/2571 2569/2569
f 2571/2571 2570/2570 2572/2572
f 2573/2573 2574/2574 2572/2572
f 2574/2574 2571/2571 2572/2572
f 2574/2574 2573/2573 2575/2575
f 2576/2576 2575/2575 2573/2573
f 2577/2577 2575/2575 2576/2576
f 2578/2578 2577/2577 2576/2576
f 2579/2579 2580/2580 2578/2578
f 2578/2578 2580/2580 2577/2577
f 2581/2581 2580/2580 2579/2579
f 2582/2582 2581/2581 2583/2583
f 2583/2583 2581/2581 2579/2579
f 2584/2584 2582/2582 2583/2583
f 2585/2585 2584/2584 2586/2586
f 2586/2586 2584/2584 2583/2583
f 2587/2587 2585/2585 2586/2586
f 2588/2588 2587/2587 2589/2589
f 2587/2587 2586/2586 2589/2589
f 2587/2587 2588/2588 2590/2590
f 2591/2591 2592/2592 2588/2588
f 2588/2588 2589/2589 2591/2591
f 2212/2212 2592/2592 2593/2593
f 2592/2592 2212/2212 2594/2594
f 2592/2592 2591/2591 2593/2593
f 2594/2594 2595/2595 2596/2596
f 2210/2210 2594/2594 2212/2212
f 2595/2595 2594/2594 2210/2210
f 2593/2593 2597/2597 2212/2212
f 2212/2212 2597/2597 2598/2598
f 2212/2212 2598/2598 2205/2205
f 2599/2599 2491/2491 2600/2600
f 2486/2486 2600/2600 2491/2491
f 2601/2601 2602/2602 2599/2599
f 2599/2599 2600/2600 2601/2601
f 2602/2602 2601/2601 2603/2603
f 2604/2604 2602/2602 2603/2603
f 2604/2604 2603/2603 2605/2605
f 2604/2604 2605/2605 2606/2606
f 2607/2607 2604/2604 2606/2606
f 2608/2608 2607/2607 2606/2606
f 2609/2609 2607/2607 2608/2608
f 2610/2610 2609/2609 2608/2608
f 2611/2611 2612/2612 2610/2610
f 2610/2610 2612/2612 2609/2609
f 2612/2612 2611/2611 2613/2613
f 2613/2613 2614/2614 2612/2612
f 2218/2218 2614/2614 2613/2613
f 2217/2217 2614/2614 2218/2218
f 2468/2468 2465/2465 2600/2600
f 2600/2600 2486/2486 2468/2468
f 2468/2468 2486/2486 2469/2469
f 2454/2454 2455/2455 2461/2461
f 2462/2462 2461/2461 2455/2455
f 2457/2457 2463/2463 2462/2462
f 2455/2455 2457/2457 2462/2462
f 2454/2454 2456/2456 2455/2455
f 2447/2447 2615/2615 2616/2616
f 2615/2615 2447/2447 2422/2422
f 2447/2447 2616/2616 2617/2617
f 2444/2444 2447/2447 2617/2617
f 2447/2447 2444/2444 2618/2618
f 2618/2618 2443/2443 2447/2447
f 2443/2443 2618/2618 2444/2444
f 2444/2444 2617/2617 2616/2616
f 2619/2619 2620/2620 2616/2616
f 2616/2616 2615/2615 2619/2619
f 2440/2440 2616/2616 2620/2620
f 2444/2444 2616/2616 2440/2440
f 2620/2620 2621/2621 2440/2440
f 2621/2621 2620/2620 2422/2422
f 2422/2422 2620/2620 2619/2619
f 2422/2422 2440/2440 2621/2621
f 2615/2615 2622/2622 2619/2619
f 2422/2422 2619/2619 2622/2622
f 2422/2422 2622/2622 2615/2615
f 2441/2441 2439/2439 2442/2442
f 2441/2441 2437/2437 2439/2439
f 2623/2623 2439/2439 2419/2419
f 2624/2624 2623/2623 2419/2419
f 2624/2624 2419/2419 2625/2625
f 2626/2626 2625/2625 2419/2419
f 2627/2627 2626/2626 2330/2330
f 2626/2626 2419/2419 2330/2330
f 2628/2628 2627/2627 2182/2182
f 2330/2330 2182/2182 2627/2627
f 2629/2629 2628/2628 2182/2182
f 2182/2182 2188/2188 2629/2629
f 2440/2440 2630/2630 2425/2425
f 2422/2422 2630/2630 2440/2440
f 2630/2630 2421/2421 2425/2425
f 2630/2630 2422/2422 2421/2421
f 2425/2425 2429/2429 2427/2427
f 2429/2429 2428/2428 2427/2427
f 2425/2425 2424/2424 2429/2429
f 2421/2421 2423/2423 2425/2425
f 2403/2403 2360/2360 2402/2402
f 2403/2403 2631/2631 2358/2358
f 2403/2403 2358/2358 2360/2360
f 2631/2631 2361/2361 2359/2359
f 2359/2359 2358/2358 2631/2631
f 2359/2359 2361/2361 2363/2363
f 2352/2352 2336/2336 2355/2355
f 2328/2328 2330/2330 2335/2335
f 2330/2330 2336/2336 2335/2335
f 2330/2330 2328/2328 2329/2329
f 2330/2330 2329/2329 2331/2331
f 2332/2332 2330/2330 2331/2331
f 2182/2182 2318/2318 2184/2184
f 2184/2184 2318/2318 2296/2296
f 2318/2318 2297/2297 2295/2295
f 2318/2318 2294/2294 2296/2296
f 2318/2318 2295/2295 2294/2294
f 2313/2313 2310/2310 2297/2297
f 2310/2310 2308/2308 2303/2303
f 2310/2310 2303/2303 2297/2297
f 2301/2301 2632/2632 2302/2302
f 2632/2632 2633/2633 2302/2302
f 2302/2302 2633/2633 2291/2291
f 2290/2290 2291/2291 2633/2633
f 2266/2266 2269/2269 2634/2634
f 2261/2261 2635/2635 2263/2263
f 2186/2186 2263/2263 2635/2635
f 2635/2635 2261/2261 2186/2186
f 2248/2248 2255/2255 2247/2247
f 2238/2238 2243/2243 2239/2239
f 2238/2238 2235/2235 2199/2199
f 2199/2199 2235/2235 2233/2233
f 2229/2229 2224/2224 2223/2223
f 2214/2214 2209/2209 2208/2208
f 2636/2636 2637/2637 2638/2638
f 2637/2637 2639/2639 2638/2638
f 2638/2638 2639/2639 2640/2640
f 2638/2638 2641/2641 2642/2642
f 2636/2636 2638/2638 2642/2642
f 2638/2638 2643/2643 2641/2641
f 2638/2638 2640/2640 2643/2643
f 2641/2641 2643/2643 2644/2644
f 2642/2642 2641/2641 2645/2645
f 2644/2644 2643/2643 2646/2646
f 2643/2643 2647/2647 2646/2646
f 2647/2647 2643/2643 2648/2648
f 2643/2643 2649/2649 2648/2648
f 2649/2649 2643/2643 2650/2650
f 2650/2650 2651/2651 2649/2649
f 2651/2651 2650/2650 2652/2652
f 2652/2652 2650/2650 2653/2653
f 2650/2650 2654/2654 2653/2653
f 2654/2654 2650/2650 2655/2655
f 2654/2654 2655/2655 2656/2656
f 2657/2657 2658/2658 2654/2654
f 2657/2657 2654/2654 2656/2656
f 2659/2659 2660/2660 2657/2657
f 2658/2658 2657/2657 2660/2660
f 2657/2657 2656/2656 2659/2659
f 2661/2661 2662/2662 2659/2659
f 2663/2663 2661/2661 2659/2659
f 2664/2664 2659/2659 2665/2665
f 2659/2659 2664/2664 2660/2660
f 2662/2662 2665/2665 2659/2659
f 2663/2663 2659/2659 2666/2666
f 2666/2666 2659/2659 2656/2656
f 2667/2667 2665/2665 2662/2662
f 2662/2662 2668/2668 2667/2667
f 2661/2661 2668/2668 2662/2662
f 2668/2668 2661/2661 2667/2667
f 2664/2664 2665/2665 2667/2667
f 2669/2669 2670/2670 2667/2667
f 2669/2669 2667/2667 2663/2663
f 2663/2663 2667/2667 2661/2661
f 2666/2666 2650/2650 2670/2670
f 2670/2670 2650/2650 2671/2671
f 2666/2666 2670/2670 2672/2672
f 2672/2672 2670/2670 2669/2669
f 2666/2666 2672/2672 2669/2669
f 2673/2673 2671/2671 2650/2650
f 2673/2673 2650/2650 2674/2674
f 2650/2650 2675/2675 2674/2674
f 2675/2675 2676/2676 2674/2674
f 2643/2643 2677/2677 2675/2675
f 2675/2675 2650/2650 2643/2643
f 2675/2675 2677/2677 2678/2678
f 2675/2675 2679/2679 2680/2680
f 2680/2680 2681/2681 2675/2675
f 2682/2682 2675/2675 2683/2683
f 2675/2675 2684/2684 2683/2683
f 2675/2675 2678/2678 2685/2685
f 2675/2675 2685/2685 2686/2686
f 2675/2675 2686/2686 2684/2684
f 2675/2675 2682/2682 2687/2687
f 2681/2681 2676/2676 2675/2675
f 2687/2687 2688/2688 2675/2675
f 2679/2679 2675/2675 2689/2689
f 2688/2688 2690/2690 2675/2675
f 2689/2689 2675/2675 2691/2691
f 2675/2675 2690/2690 2691/2691
f 2682/2682 2683/2683 2692/2692
f 2693/2693 2692/2692 2694/2694
f 2694/2694 2692/2692 2683/2683
f 2695/2695 2693/2693 2694/2694
f 2695/2695 2696/2696 2693/2693
f 2695/2695 2697/2697 2696/2696
f 2698/2698 2696/2696 2697/2697
f 2696/2696 2698/2698 2699/2699
f 2700/2700 2698/2698 2695/2695
f 2700/2700 2701/2701 2698/2698
f 2699/2699 2698/2698 2701/2701
f 2698/2698 2697/2697 2695/2695
f 2699/2699 2701/2701 2700/2700
f 2700/2700 2702/2702 2703/2703
f 2704/2704 2700/2700 2703/2703
f 2699/2699 2700/2700 2704/2704
f 2700/2700 2695/2695 2705/2705
f 2706/2706 2702/2702 2700/2700
f 2706/2706 2700/2700 2705/2705
f 2707/2707 2706/2706 2705/2705
f 2708/2708 2707/2707 2705/2705
f 2705/2705 2709/2709 2708/2708
f 2709/2709 2705/2705 2710/2710
f 2711/2711 2710/2710 2705/2705
f 2695/2695 2712/2712 2705/2705
f 2712/2712 2713/2713 2705/2705
f 2713/2713 2711/2711 2705/2705
f 2714/2714 2711/2711 2713/2713
f 2713/2713 2712/2712 2714/2714
f 2714/2714 2712/2712 2715/2715
f 2712/2712 2716/2716 2715/2715
f 2716/2716 2717/2717 2715/2715
f 2717/2717 2716/2716 2718/2718
f 2718/2718 2719/2719 2717/2717
f 2720/2720 2718/2718 2716/2716
f 2718/2718 2720/2720 2719/2719
f 2716/2716 2683/2683 2720/2720
f 2683/2683 2684/2684 2720/2720
f 2720/2720 2721/2721 2719/2719
f 2685/2685 2677/2677 2720/2720
f 2684/2684 2685/2685 2720/2720
f 2722/2722 2723/2723 2720/2720
f 2720/2720 2723/2723 2721/2721
f 2724/2724 2722/2722 2720/2720
f 2677/2677 2724/2724 2720/2720
f 2725/2725 2724/2724 2726/2726
f 2640/2640 2726/2726 2724/2724
f 2724/2724 2727/2727 2728/2728
f 2728/2728 2640/2640 2724/2724
f 2677/2677 2727/2727 2724/2724
f 2724/2724 2729/2729 2722/2722
f 2725/2725 2729/2729 2724/2724
f 2730/2730 2729/2729 2725/2725
f 2731/2731 2722/2722 2730/2730
f 2722/2722 2729/2729 2730/2730
f 2731/2731 2723/2723 2722/2722
f 2731/2731 2732/2732 2723/2723
f 2723/2723 2732/2732 2721/2721
f 2677/2677 2643/2643 2727/2727
f 2640/2640 2727/2727 2643/2643
f 2727/2727 2733/2733 2728/2728
f 2733/2733 2727/2727 2640/2640
f 2640/2640 2728/2728 2733/2733
f 2734/2734 2735/2735 2726/2726
f 2726/2726 2640/2640 2734/2734
f 2736/2736 2737/2737 2734/2734
f 2737/2737 2738/2738 2734/2734
f 2738/2738 2735/2735 2734/2734
f 2736/2736 2734/2734 2739/2739
f 2640/2640 2740/2740 2734/2734
f 2734/2734 2741/2741 2739/2739
f 2734/2734 2740/2740 2741/2741
f 2740/2740 2640/2640 2741/2741
f 2741/2741 2742/2742 2739/2739
f 2741/2741 2640/2640 2742/2742
f 2739/2739 2742/2742 2639/2639
f 2640/2640 2639/2639 2742/2742
f 2743/2743 2736/2736 2739/2739
f 2739/2739 2744/2744 2743/2743
f 2639/2639 2744/2744 2739/2739
f 2745/2745 2743/2743 2746/2746
f 2746/2746 2743/2743 2747/2747
f 2745/2745 2748/2748 2743/2743
f 2743/2743 2749/2749 2750/2750
f 2743/2743 2748/2748 2749/2749
f 2744/2744 2751/2751 2743/2743
f 2750/2750 2736/2736 2743/2743
f 2751/2751 2747/2747 2743/2743
f 2749/2749 2752/2752 2750/2750
f 2753/2753 2750/2750 2752/2752
f 2753/2753 2754/2754 2750/2750
f 2750/2750 2754/2754 2736/2736
f 2755/2755 2736/2736 2754/2754
f 2755/2755 2756/2756 2757/2757
f 2755/2755 2757/2757 2736/2736
f 2736/2736 2757/2757 2737/2737
f 2758/2758 2757/2757 2756/2756
f 2757/2757 2758/2758 2737/2737
f 2737/2737 2758/2758 2759/2759
f 2759/2759 2738/2738 2737/2737
f 2759/2759 2735/2735 2738/2738
f 2753/2753 2752/2752 2760/2760
f 2761/2761 2762/2762 2760/2760
f 2761/2761 2760/2760 2752/2752
f 2763/2763 2764/2764 2762/2762
f 2763/2763 2762/2762 2761/2761
f 2765/2765 2766/2766 2764/2764
f 2764/2764 2763/2763 2765/2765
f 2766/2766 2765/2765 2767/2767
f 2767/2767 2768/2768 2766/2766
f 2767/2767 2769/2769 2768/2768
f 2770/2770 2769/2769 2771/2771
f 2771/2771 2769/2769 2767/2767
f 2763/2763 2761/2761 2771/2771
f 2771/2771 2767/2767 2763/2763
f 2771/2771 2761/2761 2772/2772
f 2773/2773 2771/2771 2772/2772
f 2773/2773 2770/2770 2771/2771
f 2774/2774 2773/2773 2772/2772
f 2775/2775 2770/2770 2773/2773
f 2775/2775 2773/2773 2774/2774
f 2772/2772 2776/2776 2774/2774
f 2777/2777 2778/2778 2774/2774
f 2777/2777 2774/2774 2776/2776
f 2775/2775 2774/2774 2779/2779
f 2774/2774 2778/2778 2779/2779
f 2780/2780 2781/2781 2779/2779
f 2779/2779 2778/2778 2780/2780
f 2781/2781 2780/2780 2706/2706
f 2781/2781 2706/2706 2707/2707
f 2782/2782 2781/2781 2707/2707
f 2708/2708 2782/2782 2707/2707
f 2708/2708 2783/2783 2782/2782
f 2783/2783 2708/2708 2709/2709
f 2709/2709 2784/2784 2783/2783
f 2710/2710 2784/2784 2709/2709
f 2780/2780 2702/2702 2706/2706
f 2780/2780 2785/2785 2702/2702
f 2786/2786 2785/2785 2703/2703
f 2786/2786 2702/2702 2785/2785
f 2785/2785 2704/2704 2703/2703
f 2702/2702 2786/2786 2703/2703
f 2776/2776 2772/2772 2777/2777
f 2772/2772 2787/2787 2777/2777
f 2787/2787 2772/2772 2788/2788
f 2787/2787 2788/2788 2789/2789
f 2790/2790 2788/2788 2791/2791
f 2790/2790 2789/2789 2788/2788
f 2788/2788 2772/2772 2791/2791
f 2792/2792 2791/2791 2761/2761
f 2761/2761 2791/2791 2772/2772
f 2793/2793 2791/2791 2792/2792
f 2791/2791 2794/2794 2790/2790
f 2794/2794 2791/2791 2795/2795
f 2795/2795 2791/2791 2793/2793
f 2793/2793 2792/2792 2796/2796
f 2796/2796 2792/2792 2797/2797
f 2796/2796 2797/2797 2798/2798
f 2797/2797 2799/2799 2798/2798
f 2799/2799 2749/2749 2748/2748
f 2799/2799 2800/2800 2749/2749
f 2800/2800 2799/2799 2797/2797
f 2761/2761 2749/2749 2800/2800
f 2761/2761 2800/2800 2797/2797
f 2797/2797 2792/2792 2761/2761
f 2789/2789 2790/2790 2795/2795
f 2795/2795 2790/2790 2794/2794
f 2767/2767 2765/2765 2763/2763
f 2761/2761 2752/2752 2749/2749
f 2744/2744 2639/2639 2751/2751
f 2801/2801 2747/2747 2751/2751
f 2751/2751 2639/2639 2801/2801
f 2802/2802 2747/2747 2801/2801
f 2803/2803 2801/2801 2639/2639
f 2747/2747 2802/2802 2746/2746
f 2804/2804 2805/2805 2803/2803
f 2804/2804 2803/2803 2639/2639
f 2637/2637 2804/2804 2639/2639
f 2806/2806 2804/2804 2637/2637
f 2804/2804 2807/2807 2805/2805
f 2807/2807 2804/2804 2808/2808
f 2809/2809 2808/2808 2804/2804
f 2804/2804 2806/2806 2810/2810
f 2804/2804 2810/2810 2809/2809
f 2806/2806 2637/2637 2811/2811
f 2811/2811 2637/2637 2812/2812
f 2812/2812 2813/2813 2811/2811
f 2812/2812 2814/2814 2813/2813
f 2637/2637 2815/2815 2812/2812
f 2815/2815 2637/2637 2636/2636
f 2816/2816 2815/2815 2636/2636
f 2817/2817 2816/2816 2636/2636
f 2818/2818 2817/2817 2636/2636
f 2636/2636 2819/2819 2818/2818
f 2819/2819 2636/2636 2820/2820
f 2821/2821 2819/2819 2822/2822
f 2820/2820 2822/2822 2819/2819
f 2642/2642 2820/2820 2636/2636
f 2822/2822 2820/2820 2823/2823
f 2642/2642 2823/2823 2820/2820
f 2824/2824 2822/2822 2823/2823
f 2825/2825 2824/2824 2823/2823
f 2823/2823 2642/2642 2826/2826
f 2823/2823 2827/2827 2825/2825
f 2823/2823 2826/2826 2827/2827
f 2825/2825 2821/2821 2824/2824
f 2828/2828 2821/2821 2825/2825
f 2825/2825 2827/2827 2829/2829
f 2829/2829 2828/2828 2825/2825
f 2829/2829 2830/2830 2828/2828
f 2828/2828 2830/2830 2821/2821
f 2831/2831 2830/2830 2829/2829
f 2830/2830 2831/2831 2832/2832
f 2833/2833 2830/2830 2832/2832
f 2830/2830 2833/2833 2834/2834
f 2835/2835 2830/2830 2834/2834
f 2834/2834 2836/2836 2835/2835
f 2837/2837 2835/2835 2836/2836
f 2835/2835 2838/2838 2839/2839
f 2838/2838 2835/2835 2837/2837
f 2840/2840 2835/2835 2839/2839
f 2839/2839 2838/2838 2841/2841
f 2842/2842 2839/2839 2843/2843
f 2839/2839 2842/2842 2844/2844
f 2642/2642 2839/2839 2844/2844
f 2843/2843 2839/2839 2841/2841
f 2845/2845 2840/2840 2839/2839
f 2839/2839 2846/2846 2845/2845
f 2846/2846 2839/2839 2847/2847
f 2848/2848 2849/2849 2839/2839
f 2848/2848 2839/2839 2642/2642
f 2847/2847 2839/2839 2849/2849
f 2850/2850 2848/2848 2642/2642
f 2642/2642 2851/2851 2850/2850
f 2642/2642 2852/2852 2851/2851
f 2642/2642 2853/2853 2852/2852
f 2645/2645 2853/2853 2642/2642
f 2846/2846 2854/2854 2845/2845
f 2854/2854 2846/2846 2855/2855
f 2845/2845 2854/2854 2856/2856
f 2854/2854 2857/2857 2858/2858
f 2858/2858 2859/2859 2854/2854
f 2856/2856 2854/2854 2860/2860
f 2860/2860 2854/2854 2861/2861
f 2862/2862 2854/2854 2863/2863
f 2854/2854 2862/2862 2861/2861
f 2864/2864 2854/2854 2855/2855
f 2864/2864 2857/2857 2854/2854
f 2854/2854 2865/2865 2863/2863
f 2865/2865 2854/2854 2859/2859
f 2865/2865 2859/2859 2866/2866
f 2859/2859 2867/2867 2866/2866
f 2859/2859 2868/2868 2867/2867
f 2868/2868 2859/2859 2858/2858
f 2869/2869 2866/2866 2867/2867
f 2870/2870 2869/2869 2867/2867
f 2867/2867 2858/2858 2871/2871
f 2868/2868 2858/2858 2867/2867
f 2867/2867 2871/2871 2870/2870
f 2869/2869 2870/2870 2872/2872
f 2873/2873 2872/2872 2870/2870
f 2871/2871 2873/2873 2870/2870
f 2874/2874 2873/2873 2858/2858
f 2858/2858 2873/2873 2871/2871
f 2875/2875 2874/2874 2858/2858
f 2858/2858 2876/2876 2875/2875
f 2858/2858 2877/2877 2876/2876
f 2877/2877 2878/2878 2876/2876
f 2879/2879 2878/2878 2877/2877
f 2880/2880 2879/2879 2877/2877
f 2881/2881 2880/2880 2877/2877
f 2880/2880 2882/2882 2883/2883
f 2882/2882 2880/2880 2884/2884
f 2880/2880 2883/2883 2885/2885
f 2884/2884 2880/2880 2881/2881
f 2877/2877 2886/2886 2881/2881
f 2881/2881 2886/2886 2887/2887
f 2884/2884 2881/2881 2888/2888
f 2881/2881 2887/2887 2888/2888
f 2888/2888 2887/2887 2889/2889
f 2887/2887 2890/2890 2889/2889
f 2891/2891 2890/2890 2887/2887
f 2891/2891 2887/2887 2892/2892
f 2892/2892 2887/2887 2893/2893
f 2893/2893 2887/2887 2894/2894
f 2894/2894 2887/2887 2886/2886
f 2886/2886 2895/2895 2894/2894
f 2886/2886 2896/2896 2895/2895
f 2897/2897 2896/2896 2886/2886
f 2897/2897 2886/2886 2898/2898
f 2886/2886 2899/2899 2898/2898
f 2900/2900 2899/2899 2858/2858
f 2858/2858 2899/2899 2886/2886
f 2858/2858 2901/2901 2900/2900
f 2858/2858 2857/2857 2901/2901
f 2891/2891 2902/2902 2890/2890
f 2889/2889 2890/2890 2903/2903
f 2889/2889 2903/2903 2904/2904
f 2904/2904 2905/2905 2889/2889
f 2905/2905 2906/2906 2889/2889
f 2906/2906 2907/2907 2889/2889
f 2907/2907 2908/2908 2889/2889
f 2909/2909 2889/2889 2908/2908
f 2908/2908 2910/2910 2909/2909
f 2909/2909 2911/2911 2912/2912
f 2910/2910 2911/2911 2909/2909
f 2913/2913 2914/2914 2909/2909
f 2914/2914 2889/2889 2909/2909
f 2913/2913 2909/2909 2912/2912
f 2915/2915 2916/2916 2913/2913
f 2913/2913 2916/2916 2889/2889
f 2914/2914 2913/2913 2889/2889
f 2917/2917 2913/2913 2918/2918
f 2917/2917 2919/2919 2913/2913
f 2920/2920 2915/2915 2913/2913
f 2913/2913 2912/2912 2918/2918
f 2919/2919 2920/2920 2913/2913
f 2920/2920 2919/2919 2916/2916
f 2916/2916 2919/2919 2917/2917
f 2915/2915 2920/2920 2916/2916
f 2918/2918 2921/2921 2917/2917
f 2922/2922 2921/2921 2918/2918
f 2922/2922 2918/2918 2923/2923
f 2924/2924 2925/2925 2918/2918
f 2918/2918 2925/2925 2923/2923
f 2912/2912 2924/2924 2918/2918
f 2926/2926 2923/2923 2912/2912
f 2926/2926 2927/2927 2923/2923
f 2928/2928 2923/2923 2927/2927
f 2922/2922 2923/2923 2929/2929
f 2923/2923 2928/2928 2930/2930
f 2931/2931 2923/2923 2924/2924
f 2923/2923 2931/2931 2912/2912
f 2924/2924 2923/2923 2925/2925
f 2930/2930 2932/2932 2923/2923
f 2929/2929 2923/2923 2932/2932
f 2933/2933 2922/2922 2929/2929
f 2922/2922 2933/2933 2934/2934
f 2935/2935 2922/2922 2934/2934
f 2935/2935 2936/2936 2922/2922
f 2937/2937 2922/2922 2936/2936
f 2937/2937 2938/2938 2922/2922
f 2939/2939 2940/2940 2938/2938
f 2940/2940 2922/2922 2938/2938
f 2941/2941 2940/2940 2939/2939
f 2940/2940 2941/2941 2942/2942
f 2943/2943 2940/2940 2942/2942
f 2943/2943 2944/2944 2940/2940
f 2945/2945 2940/2940 2944/2944
f 2946/2946 2945/2945 2944/2944
f 2945/2945 2947/2947 2922/2922
f 2948/2948 2947/2947 2945/2945
f 2949/2949 2948/2948 2945/2945
f 2945/2945 2950/2950 2949/2949
f 2950/2950 2945/2945 2951/2951
f 2951/2951 2945/2945 2952/2952
f 2945/2945 2953/2953 2952/2952
f 2945/2945 2946/2946 2954/2954
f 2945/2945 2922/2922 2940/2940
f 2953/2953 2945/2945 2954/2954
f 2955/2955 2948/2948 2949/2949
f 2956/2956 2948/2948 2955/2955
f 2957/2957 2948/2948 2956/2956
f 2958/2958 2948/2948 2957/2957
f 2948/2948 2958/2958 2959/2959
f 2959/2959 2960/2960 2948/2948
f 2948/2948 2960/2960 2961/2961
f 2948/2948 2961/2961 2962/2962
f 2884/2884 2948/2948 2962/2962
f 2884/2884 2962/2962 2963/2963
f 2963/2963 2964/2964 2884/2884
f 2964/2964 2965/2965 2884/2884
f 2884/2884 2965/2965 2966/2966
f 2967/2967 2884/2884 2966/2966
f 2968/2968 2884/2884 2967/2967
f 2884/2884 2968/2968 2882/2882
f 2948/2948 2969/2969 2947/2947
f 2884/2884 2969/2969 2948/2948
f 2884/2884 2888/2888 2969/2969
f 2969/2969 2888/2888 2916/2916
f 2969/2969 2916/2916 2947/2947
f 2916/2916 2917/2917 2947/2947
f 2947/2947 2970/2970 2922/2922
f 2947/2947 2917/2917 2971/2971
f 2971/2971 2970/2970 2947/2947
f 2970/2970 2971/2971 2917/2917
f 2970/2970 2921/2921 2922/2922
f 2921/2921 2970/2970 2917/2917
f 2912/2912 2931/2931 2924/2924
f 2972/2972 2926/2926 2912/2912
f 2972/2972 2912/2912 2911/2911
f 2911/2911 2910/2910 2972/2972
f 2888/2888 2889/2889 2916/2916
f 2891/2891 2973/2973 2902/2902
f 2973/2973 2974/2974 2975/2975
f 2974/2974 2973/2973 2976/2976
f 2973/2973 2891/2891 2977/2977
f 2973/2973 2978/2978 2979/2979
f 2973/2973 2979/2979 2980/2980
f 2973/2973 2980/2980 2976/2976
f 2973/2973 2977/2977 2978/2978
f 2975/2975 2981/2981 2982/2982
f 2975/2975 2982/2982 2983/2983
f 2981/2981 2975/2975 2984/2984
f 2975/2975 2985/2985 2984/2984
f 2985/2985 2975/2975 2986/2986
f 2987/2987 2988/2988 2975/2975
f 2988/2988 2986/2986 2975/2975
f 2975/2975 2974/2974 2987/2987
f 2987/2987 2985/2985 2988/2988
f 2984/2984 2985/2985 2987/2987
f 2984/2984 2987/2987 2979/2979
f 2987/2987 2974/2974 2976/2976
f 2980/2980 2979/2979 2987/2987
f 2976/2976 2980/2980 2987/2987
f 2985/2985 2986/2986 2988/2988
f 2989/2989 2981/2981 2984/2984
f 2989/2989 2984/2984 2979/2979
f 2990/2990 2989/2989 2979/2979
f 2990/2990 2991/2991 2989/2989
f 2989/2989 2991/2991 2891/2891
f 2982/2982 2989/2989 2891/2891
f 2982/2982 2981/2981 2989/2989
f 2991/2991 2990/2990 2891/2891
f 2990/2990 2992/2992 2891/2891
f 2992/2992 2990/2990 2979/2979
f 2977/2977 2891/2891 2992/2992
f 2977/2977 2992/2992 2979/2979
f 2993/2993 2983/2983 2982/2982
f 2994/2994 2664/2664 2993/2993
f 2982/2982 2994/2994 2993/2993
f 2658/2658 2664/2664 2994/2994
f 2994/2994 2982/2982 2995/2995
f 2996/2996 2995/2995 2982/2982
f 2982/2982 2997/2997 2996/2996
f 2997/2997 2982/2982 2891/2891
f 2998/2998 2997/2997 2891/2891
f 2891/2891 2999/2999 2998/2998
f 3000/3000 2999/2999 2891/2891
f 2891/2891 3001/3001 3000/3000
f 3002/3002 3001/3001 2891/2891
f 2891/2891 2892/2892 3002/3002
f 2979/2979 2978/2978 2977/2977
f 2877/2877 2858/2858 2886/2886
f 3003/3003 3004/3004 2872/2872
f 3003/3003 2872/2872 3005/3005
f 2872/2872 3004/3004 2866/2866
f 2866/2866 2869/2869 2872/2872
f 3003/3003 3005/3005 3006/3006
f 3005/3005 3007/3007 3008/3008
f 3005/3005 3008/3008 3009/3009
f 3005/3005 3009/3009 3010/3010
f 3010/3010 3006/3006 3005/3005
f 3010/3010 2862/2862 3006/3006
f 2862/2862 2863/2863 3006/3006
f 3003/3003 3006/3006 2863/2863
f 3010/3010 3009/3009 3008/3008
f 3010/3010 3008/3008 2856/2856
f 2861/2861 2862/2862 3010/3010
f 2856/2856 2861/2861 3010/3010
f 3008/3008 3011/3011 2856/2856
f 3011/3011 3008/3008 3007/3007
f 2845/2845 2856/2856 3011/3011
f 3011/3011 3007/3007 2845/2845
f 3007/3007 3012/3012 2845/2845
f 2840/2840 2845/2845 3012/3012
f 3004/3004 3003/3003 2863/2863
f 2866/2866 3004/3004 2865/2865
f 2863/2863 2865/2865 3004/3004
f 2856/2856 2860/2860 2861/2861
f 2843/2843 2841/2841 2838/2838
f 2843/2843 2833/2833 2842/2842
f 2834/2834 2833/2833 2843/2843
f 2836/2836 2834/2834 2843/2843
f 2843/2843 2838/2838 2836/2836
f 2832/2832 2844/2844 2833/2833
f 3013/3013 2844/2844 2832/2832
f 2844/2844 2842/2842 2833/2833
f 2844/2844 3013/3013 2642/2642
f 2832/2832 2831/2831 3013/3013
f 2827/2827 3013/3013 2831/2831
f 3013/3013 2827/2827 2642/2642
f 2838/2838 2837/2837 2836/2836
f 2831/2831 2829/2829 2827/2827
f 2827/2827 2826/2826 2642/2642
f 2824/2824 2821/2821 2822/2822
f 2712/2712 2683/2683 2716/2716
f 2695/2695 2694/2694 2712/2712
f 2712/2712 2694/2694 2683/2683
f 2684/2684 2686/2686 2685/2685
f 2685/2685 2678/2678 2677/2677
f 2669/2669 2663/2663 2666/2666
f 2666/2666 3014/3014 2650/2650
f 3015/3015 3014/3014 2666/2666
f 2656/2656 3016/3016 2666/2666
f 2666/2666 3016/3016 3015/3015
f 3016/3016 2650/2650 3015/3015
f 3014/3014 3015/3015 2650/2650
f 2655/2655 2650/2650 3016/3016
f 2656/2656 2655/2655 3016/3016
f 2664/2664 2658/2658 2660/2660
f 3017/3017 3018/3018 3019/3019
f 3019/3019 3018/3018 3020/3020
f 3021/3021 3019/3019 3020/3020
f 3022/3022 3019/3019 3023/3023
f 3017/3017 3019/3019 3022/3022
f 3019/3019 3024/3024 3023/3023
f 3019/3019 3021/3021 3025/3025
f 3019/3019 3025/3025 3024/3024
f 3023/3023 3024/3024 3026/3026
f 3026/3026 3024/3024 3025/3025
f 3027/3027 3028/3028 3026/3026
f 3029/3029 3026/3026 3028/3028
f 3027/3027 3026/3026 3025/3025
f 3029/3029 3023/3023 3026/3026
f 3029/3029 3030/3030 3031/3031
f 3030/3030 3029/3029 3032/3032
f 3023/3023 3029/3029 3031/3031
f 3029/3029 3033/3033 3032/3032
f 3027/3027 3029/3029 3028/3028
f 3029/3029 3027/3027 3033/3033
f 3032/3032 3033/3033 3034/3034
f 3034/3034 3033/3033 3027/3027
f 3035/3035 3034/3034 3027/3027
f 3034/3034 3035/3035 3032/3032
f 3036/3036 3035/3035 3027/3027
f 3035/3035 3036/3036 3032/3032
f 3037/3037 3036/3036 3027/3027
f 3038/3038 3036/3036 3037/3037
f 3032/3032 3036/3036 3038/3038
f 3039/3039 3038/3038 3037/3037
f 3039/3039 3032/3032 3038/3038
f 3037/3037 3040/3040 3039/3039
f 3041/3041 3039/3039 3040/3040
f 3032/3032 3039/3039 3042/3042
f 3043/3043 3039/3039 3041/3041
f 3043/3043 3042/3042 3039/3039
f 3044/3044 3032/3032 3042/3042
f 3045/3045 3044/3044 3046/3046
f 3032/3032 3044/3044 3045/3045
f 3032/3032 3045/3045 3047/3047
f 3045/3045 3048/3048 3047/3047
f 3045/3045 3046/3046 3049/3049
f 3045/3045 3049/3049 3048/3048
f 3048/3048 3050/3050 3047/3047
f 3051/3051 3047/3047 3050/3050
f 3052/3052 3047/3047 3051/3051
f 3053/3053 3052/3052 3051/3051
f 3052/3052 3053/3053 3054/3054
f 3054/3054 3055/3055 3052/3052
f 3055/3055 3054/3054 3056/3056
f 3056/3056 3057/3057 3055/3055
f 3058/3058 3055/3055 3057/3057
f 3059/3059 3055/3055 3058/3058
f 3058/3058 3060/3060 3059/3059
f 3061/3061 3055/3055 3059/3059
f 3062/3062 3063/3063 3059/3059
f 3061/3061 3059/3059 3063/3063
f 3064/3064 3062/3062 3059/3059
f 3064/3064 3059/3059 3060/3060
f 3065/3065 3066/3066 3061/3061
f 3066/3066 3055/3055 3061/3061
f 3065/3065 3061/3061 3067/3067
f 3067/3067 3061/3061 3063/3063
f 3068/3068 3067/3067 3069/3069
f 3070/3070 3067/3067 3068/3068
f 3067/3067 3063/3063 3069/3069
f 3070/3070 3065/3065 3067/3067
f 3071/3071 3031/3031 3070/3070
f 3031/3031 3065/3065 3070/3070
f 3071/3071 3070/3070 3072/3072
f 3072/3072 3070/3070 3068/3068
f 3072/3072 3068/3068 3073/3073
f 3074/3074 3072/3072 3073/3073
f 3075/3075 3072/3072 3074/3074
f 3075/3075 3071/3071 3072/3072
f 3076/3076 3077/3077 3075/3075
f 3076/3076 3075/3075 3078/3078
f 3077/3077 3071/3071 3075/3075
f 3078/3078 3075/3075 3074/3074
f 3079/3079 3080/3080 3078/3078
f 3080/3080 3081/3081 3078/3078
f 3082/3082 3079/3079 3078/3078
f 3083/3083 3078/3078 3081/3081
f 3078/3078 3074/3074 3082/3082
f 3083/3083 3076/3076 3078/3078
f 3084/3084 3076/3076 3083/3083
f 3085/3085 3084/3084 3083/3083
f 3086/3086 3083/3083 3081/3081
f 3083/3083 3086/3086 3085/3085
f 3087/3087 3084/3084 3085/3085
f 3085/3085 3086/3086 3088/3088
f 3089/3089 3088/3088 3086/3086
f 3089/3089 3086/3086 3090/3090
f 3090/3090 3091/3091 3092/3092
f 3086/3086 3091/3091 3090/3090
f 3093/3093 3091/3091 3081/3081
f 3086/3086 3081/3081 3091/3091
f 3094/3094 3091/3091 3093/3093
f 3095/3095 3096/3096 3091/3091
f 3096/3096 3097/3097 3091/3091
f 3097/3097 3092/3092 3091/3091
f 3094/3094 3098/3098 3091/3091
f 3098/3098 3099/3099 3091/3091
f 3100/3100 3091/3091 3099/3099
f 3091/3091 3100/3100 3101/3101
f 3091/3091 3101/3101 3102/3102
f 3091/3091 3102/3102 3103/3103
f 3091/3091 3104/3104 3095/3095
f 3104/3104 3091/3091 3103/3103
f 3099/3099 3098/3098 3102/3102
f 3102/3102 3101/3101 3099/3099
f 3101/3101 3100/3100 3099/3099
f 3105/3105 3104/3104 3106/3106
f 3107/3107 3106/3106 3104/3104
f 3104/3104 3108/3108 3095/3095
f 3104/3104 3109/3109 3110/3110
f 3109/3109 3104/3104 3103/3103
f 3111/3111 3104/3104 3110/3110
f 3104/3104 3112/3112 3113/3113
f 3112/3112 3104/3104 3114/3114
f 3114/3114 3104/3104 3115/3115
f 3111/3111 3115/3115 3104/3104
f 3108/3108 3104/3104 3105/3105
f 3104/3104 3113/3113 3116/3116
f 3104/3104 3116/3116 3107/3107
f 3117/3117 3107/3107 3116/3116
f 3118/3118 3106/3106 3107/3107
f 3107/3107 3117/3117 3119/3119
f 3119/3119 3118/3118 3107/3107
f 3117/3117 3120/3120 3121/3121
f 3120/3120 3117/3117 3116/3116
f 3122/3122 3121/3121 3120/3120
f 3123/3123 3122/3122 3120/3120
f 3120/3120 3124/3124 3123/3123
f 3123/3123 3125/3125 3126/3126
f 3124/3124 3125/3125 3123/3123
f 3116/3116 3127/3127 3124/3124
f 3127/3127 3128/3128 3124/3124
f 3124/3124 3128/3128 3129/3129
f 3116/3116 3124/3124 3120/3120
f 3124/3124 3129/3129 3125/3125
f 3130/3130 3131/3131 3129/3129
f 3130/3130 3129/3129 3132/3132
f 3133/3133 3129/3129 3131/3131
f 3133/3133 3134/3134 3129/3129
f 3125/3125 3129/3129 3134/3134
f 3128/3128 3132/3132 3129/3129
f 3128/3128 3135/3135 3132/3132
f 3135/3135 3136/3136 3132/3132
f 3132/3132 3137/3137 3138/3138
f 3137/3137 3132/3132 3139/3139
f 3139/3139 3132/3132 3140/3140
f 3132/3132 3136/3136 3140/3140
f 3141/3141 3132/3132 3138/3138
f 3142/3142 3132/3132 3143/3143
f 3143/3143 3132/3132 3141/3141
f 3144/3144 3132/3132 3142/3142
f 3144/3144 3130/3130 3132/3132
f 3145/3145 3141/3141 3069/3069
f 3146/3146 3069/3069 3141/3141
f 3147/3147 3148/3148 3141/3141
f 3148/3148 3146/3146 3141/3141
f 3147/3147 3141/3141 3149/3149
f 3150/3150 3149/3149 3141/3141
f 3151/3151 3141/3141 3152/3152
f 3152/3152 3141/3141 3153/3153
f 3154/3154 3153/3153 3141/3141
f 3154/3154 3141/3141 3145/3145
f 3151/3151 3143/3143 3141/3141
f 3155/3155 3150/3150 3141/3141
f 3156/3156 3155/3155 3141/3141
f 3141/3141 3157/3157 3156/3156
f 3157/3157 3141/3141 3158/3158
f 3158/3158 3141/3141 3159/3159
f 3138/3138 3159/3159 3141/3141
f 3146/3146 3160/3160 3069/3069
f 3160/3160 3146/3146 3148/3148
f 3161/3161 3162/3162 3160/3160
f 3163/3163 3161/3161 3160/3160
f 3164/3164 3165/3165 3160/3160
f 3165/3165 3163/3163 3160/3160
f 3162/3162 3069/3069 3160/3160
f 3166/3166 3164/3164 3160/3160
f 3160/3160 3148/3148 3157/3157
f 3157/3157 3166/3166 3160/3160
f 3157/3157 3159/3159 3166/3166
f 3166/3166 3167/3167 3168/3168
f 3166/3166 3135/3135 3167/3167
f 3137/3137 3140/3140 3166/3166
f 3159/3159 3137/3137 3166/3166
f 3140/3140 3136/3136 3166/3166
f 3135/3135 3166/3166 3136/3136
f 3166/3166 3168/3168 3164/3164
f 3169/3169 3170/3170 3168/3168
f 3168/3168 3171/3171 3169/3169
f 3164/3164 3168/3168 3170/3170
f 3171/3171 3168/3168 3135/3135
f 3135/3135 3168/3168 3167/3167
f 3169/3169 3171/3171 3172/3172
f 3172/3172 3171/3171 3135/3135
f 3173/3173 3073/3073 3172/3172
f 3173/3173 3172/3172 3174/3174
f 3175/3175 3169/3169 3172/3172
f 3073/3073 3175/3175 3172/3172
f 3174/3174 3172/3172 3135/3135
f 3176/3176 3173/3173 3174/3174
f 3176/3176 3174/3174 3127/3127
f 3127/3127 3174/3174 3128/3128
f 3174/3174 3135/3135 3128/3128
f 3082/3082 3173/3173 3176/3176
f 3176/3176 3177/3177 3178/3178
f 3176/3176 3178/3178 3082/3082
f 3176/3176 3113/3113 3179/3179
f 3176/3176 3179/3179 3177/3177
f 3113/3113 3176/3176 3127/3127
f 3178/3178 3177/3177 3179/3179
f 3179/3179 3180/3180 3181/3181
f 3182/3182 3180/3180 3179/3179
f 3183/3183 3179/3179 3181/3181
f 3183/3183 3184/3184 3179/3179
f 3185/3185 3182/3182 3179/3179
f 3179/3179 3186/3186 3185/3185
f 3186/3186 3179/3179 3113/3113
f 3184/3184 3178/3178 3179/3179
f 3183/3183 3082/3082 3184/3184
f 3178/3178 3184/3184 3082/3082
f 3113/3113 3180/3180 3182/3182
f 3113/3113 3182/3182 3185/3185
f 3113/3113 3185/3185 3186/3186
f 3181/3181 3187/3187 3080/3080
f 3081/3081 3187/3187 3181/3181
f 3094/3094 3181/3181 3103/3103
f 3180/3180 3103/3103 3181/3181
f 3181/3181 3093/3093 3081/3081
f 3181/3181 3080/3080 3183/3183
f 3094/3094 3093/3093 3181/3181
f 3080/3080 3187/3187 3188/3188
f 3187/3187 3189/3189 3188/3188
f 3081/3081 3189/3189 3187/3187
f 3080/3080 3188/3188 3081/3081
f 3188/3188 3189/3189 3081/3081
f 3183/3183 3079/3079 3190/3190
f 3190/3190 3082/3082 3183/3183
f 3080/3080 3079/3079 3183/3183
f 3079/3079 3191/3191 3190/3190
f 3082/3082 3190/3190 3191/3191
f 3079/3079 3082/3082 3191/3191
f 3180/3180 3192/3192 3112/3112
f 3113/3113 3192/3192 3180/3180
f 3110/3110 3103/3103 3180/3180
f 3180/3180 3114/3114 3110/3110
f 3112/3112 3114/3114 3180/3180
f 3112/3112 3192/3192 3113/3113
f 3069/3069 3193/3193 3175/3175
f 3068/3068 3069/3069 3175/3175
f 3175/3175 3194/3194 3170/3170
f 3194/3194 3175/3175 3195/3195
f 3170/3170 3169/3169 3175/3175
f 3175/3175 3193/3193 3196/3196
f 3196/3196 3164/3164 3175/3175
f 3195/3195 3175/3175 3164/3164
f 3073/3073 3068/3068 3175/3175
f 3164/3164 3170/3170 3195/3195
f 3170/3170 3194/3194 3195/3195
f 3196/3196 3193/3193 3197/3197
f 3164/3164 3196/3196 3197/3197
f 3197/3197 3069/3069 3165/3165
f 3193/3193 3069/3069 3197/3197
f 3197/3197 3165/3165 3164/3164
f 3082/3082 3074/3074 3173/3173
f 3074/3074 3073/3073 3173/3173
f 3069/3069 3162/3162 3161/3161
f 3069/3069 3163/3163 3165/3165
f 3069/3069 3161/3161 3163/3163
f 3145/3145 3069/3069 3063/3063
f 3198/3198 3145/3145 3063/3063
f 3062/3062 3198/3198 3063/3063
f 3157/3157 3158/3158 3159/3159
f 3159/3159 3138/3138 3137/3137
f 3155/3155 3156/3156 3157/3157
f 3149/3149 3155/3155 3157/3157
f 3148/3148 3149/3149 3157/3157
f 3149/3149 3150/3150 3155/3155
f 3148/3148 3147/3147 3149/3149
f 3137/3137 3139/3139 3140/3140
f 3199/3199 3125/3125 3134/3134
f 3199/3199 3126/3126 3125/3125
f 3113/3113 3127/3127 3116/3116
f 3115/3115 3111/3111 3110/3110
f 3114/3114 3115/3115 3110/3110
f 3110/3110 3109/3109 3103/3103
f 3098/3098 3094/3094 3103/3103
f 3103/3103 3102/3102 3098/3098
f 3084/3084 3087/3087 3200/3200
f 3200/3200 3201/3201 3084/3084
f 3202/3202 3203/3203 3201/3201
f 3201/3201 3203/3203 3084/3084
f 3202/3202 3201/3201 3204/3204
f 3204/3204 3205/3205 3202/3202
f 3206/3206 3202/3202 3205/3205
f 3206/3206 3017/3017 3202/3202
f 3207/3207 3017/3017 3206/3206
f 3017/3017 3207/3207 3208/3208
f 3017/3017 3208/3208 3018/3018
f 3018/3018 3208/3208 3209/3209
f 3018/3018 3209/3209 3210/3210
f 3210/3210 3020/3020 3018/3018
f 3210/3210 3211/3211 3020/3020
f 3020/3020 3211/3211 3212/3212
f 3213/3213 3020/3020 3212/3212
f 3213/3213 3214/3214 3020/3020
f 3214/3214 3037/3037 3020/3020
f 3214/3214 3215/3215 3037/3037
f 3040/3040 3037/3037 3215/3215
f 3040/3040 3215/3215 3041/3041
f 3202/3202 3017/3017 3022/3022
f 3202/3202 3022/3022 3203/3203
f 3203/3203 3022/3022 3077/3077
f 3203/3203 3077/3077 3076/3076
f 3084/3084 3203/3203 3076/3076
f 3022/3022 3023/3023 3077/3077
f 3077/3077 3023/3023 3071/3071
f 3031/3031 3071/3071 3023/3023
f 3030/3030 3066/3066 3065/3065
f 3031/3031 3030/3030 3065/3065
f 3066/3066 3052/3052 3055/3055
f 3216/3216 3052/3052 3066/3066
f 3030/3030 3216/3216 3066/3066
f 3032/3032 3216/3216 3030/3030
f 3032/3032 3047/3047 3216/3216
f 3216/3216 3047/3047 3052/3052
f 3217/3217 3037/3037 3025/3025
f 3037/3037 3217/3217 3020/3020
f 3027/3027 3025/3025 3037/3037
f 3020/3020 3217/3217 3218/3218
f 3218/3218 3217/3217 3025/3025
f 3025/3025 3021/3021 3218/3218
f 3020/3020 3218/3218 3021/3021
f 3219/3219 3220/3220 3221/3221
f 3219/3219 3221/3221 3222/3222
f 3222/3222 3221/3221 3223/3223
f 3221/3221 3224/3224 3223/3223
f 3221/3221 3225/3225 3224/3224
f 3220/3220 3225/3225 3221/3221
f 3226/3226 3222/3222 3227/3227
f 3228/3228 3222/3222 3226/3226
f 3222/3222 3228/3228 3219/3219
f 3222/3222 3223/3223 3227/3227
f 3227/3227 3223/3223 3229/3229
f 3230/3230 3227/3227 3231/3231
f 3226/3226 3227/3227 3230/3230
f 3227/3227 3229/3229 3231/3231
f 3231/3231 3229/3229 3232/3232
f 3230/3230 3231/3231 3233/3233
f 3234/3234 3233/3233 3231/3231
f 3231/3231 3232/3232 3235/3235
f 3231/3231 3236/3236 3234/3234
f 3236/3236 3231/3231 3237/3237
f 3235/3235 3237/3237 3231/3231
f 3235/3235 3232/3232 3238/3238
f 3239/3239 3235/3235 3240/3240
f 3235/3235 3239/3239 3241/3241
f 3242/3242 3235/3235 3241/3241
f 3242/3242 3243/3243 3235/3235
f 3244/3244 3235/3235 3243/3243
f 3235/3235 3244/3244 3237/3237
f 3235/3235 3238/3238 3240/3240
f 3245/3245 3240/3240 3246/3246
f 3240/3240 3247/3247 3246/3246
f 3240/3240 3245/3245 3248/3248
f 3240/3240 3238/3238 3247/3247
f 3239/3239 3240/3240 3248/3248
f 3239/3239 3248/3248 3249/3249
f 3245/3245 3249/3249 3248/3248
f 3250/3250 3239/3239 3249/3249
f 3249/3249 3245/3245 3250/3250
f 3241/3241 3239/3239 3250/3250
f 3241/3241 3250/3250 3251/3251
f 3250/3250 3252/3252 3253/3253
f 3245/3245 3252/3252 3250/3250
f 3254/3254 3255/3255 3250/3250
f 3250/3250 3253/3253 3254/3254
f 3255/3255 3251/3251 3250/3250
f 3234/3234 3237/3237 3251/3251
f 3256/3256 3234/3234 3251/3251
f 3233/3233 3257/3257 3251/3251
f 3251/3251 3258/3258 3233/3233
f 3251/3251 3259/3259 3256/3256
f 3251/3251 3257/3257 3259/3259
f 3251/3251 3260/3260 3258/3258
f 3260/3260 3251/3251 3255/3255
f 3237/3237 3241/3241 3251/3251
f 3259/3259 3257/3257 3233/3233
f 3260/3260 3261/3261 3258/3258
f 3261/3261 3260/3260 3255/3255
f 3262/3262 3258/3258 3261/3261
f 3255/3255 3262/3262 3261/3261
f 3262/3262 3255/3255 3258/3258
f 3256/3256 3263/3263 3234/3234
f 3259/3259 3264/3264 3256/3256
f 3233/3233 3263/3263 3256/3256
f 3233/3233 3256/3256 3264/3264
f 3233/3233 3264/3264 3259/3259
f 3233/3233 3234/3234 3263/3263
f 3265/3265 3233/3233 3258/3258
f 3266/3266 3258/3258 3267/3267
f 3258/3258 3268/3268 3267/3267
f 3255/3255 3268/3268 3258/3258
f 3269/3269 3258/3258 3266/3266
f 3258/3258 3269/3269 3270/3270
f 3258/3258 3271/3271 3265/3265
f 3272/3272 3271/3271 3258/3258
f 3272/3272 3258/3258 3270/3270
f 3267/3267 3268/3268 3255/3255
f 3273/3273 3265/3265 3271/3271
f 3265/3265 3273/3273 3274/3274
f 3265/3265 3274/3274 3275/3275
f 3275/3275 3226/3226 3230/3230
f 3275/3275 3276/3276 3226/3226
f 3230/3230 3265/3265 3275/3275
f 3277/3277 3226/3226 3276/3276
f 3228/3228 3226/3226 3277/3277
f 3278/3278 3266/3266 3279/3279
f 3266/3266 3280/3280 3279/3279
f 3281/3281 3266/3266 3282/3282
f 3253/3253 3266/3266 3281/3281
f 3283/3283 3282/3282 3266/3266
f 3284/3284 3266/3266 3285/3285
f 3269/3269 3266/3266 3284/3284
f 3245/3245 3266/3266 3286/3286
f 3286/3286 3266/3266 3253/3253
f 3285/3285 3266/3266 3287/3287
f 3283/3283 3266/3266 3254/3254
f 3254/3254 3266/3266 3288/3288
f 3266/3266 3267/3267 3288/3288
f 3278/3278 3287/3287 3266/3266
f 3266/3266 3245/3245 3280/3280
f 3280/3280 3246/3246 3289/3289
f 3245/3245 3246/3246 3280/3280
f 3279/3279 3280/3280 3290/3290
f 3280/3280 3289/3289 3291/3291
f 3280/3280 3291/3291 3290/3290
f 3292/3292 3279/3279 3290/3290
f 3290/3290 3291/3291 3293/3293
f 3279/3279 3292/3292 3294/3294
f 3278/3278 3279/3279 3294/3294
f 3293/3293 3291/3291 3295/3295
f 3296/3296 3295/3295 3291/3291
f 3296/3296 3291/3291 3289/3289
f 3289/3289 3297/3297 3296/3296
f 3296/3296 3297/3297 3298/3298
f 3299/3299 3298/3298 3297/3297
f 3299/3299 3297/3297 3300/3300
f 3301/3301 3300/3300 3302/3302
f 3297/3297 3302/3302 3300/3300
f 3301/3301 3302/3302 3303/3303
f 3304/3304 3303/3303 3302/3302
f 3303/3303 3304/3304 3305/3305
f 3304/3304 3306/3306 3307/3307
f 3306/3306 3304/3304 3308/3308
f 3309/3309 3308/3308 3304/3304
f 3309/3309 3304/3304 3302/3302
f 3307/3307 3305/3305 3304/3304
f 3247/3247 3310/3310 3308/3308
f 3247/3247 3308/3308 3309/3309
f 3311/3311 3312/3312 3308/3308
f 3308/3308 3310/3310 3311/3311
f 3306/3306 3308/3308 3313/3313
f 3312/3312 3313/3313 3308/3308
f 3310/3310 3314/3314 3315/3315
f 3310/3310 3316/3316 3314/3314
f 3238/3238 3316/3316 3310/3310
f 3315/3315 3317/3317 3310/3310
f 3310/3310 3317/3317 3311/3311
f 3238/3238 3310/3310 3247/3247
f 3311/3311 3317/3317 3318/3318
f 3315/3315 3318/3318 3317/3317
f 3318/3318 3319/3319 3311/3311
f 3318/3318 3315/3315 3319/3319
f 3319/3319 3320/3320 3311/3311
f 3320/3320 3319/3319 3315/3315
f 3320/3320 3321/3321 3322/3322
f 3321/3321 3320/3320 3323/3323
f 3324/3324 3311/3311 3320/3320
f 3320/3320 3322/3322 3324/3324
f 3320/3320 3315/3315 3323/3323
f 3325/3325 3323/3323 3315/3315
f 3325/3325 3326/3326 3323/3323
f 3327/3327 3328/3328 3323/3323
f 3323/3323 3329/3329 3327/3327
f 3322/3322 3323/3323 3330/3330
f 3331/3331 3330/3330 3323/3323
f 3322/3322 3321/3321 3323/3323
f 3328/3328 3332/3332 3323/3323
f 3326/3326 3329/3329 3323/3323
f 3331/3331 3323/3323 3332/3332
f 3333/3333 3334/3334 3326/3326
f 3333/3333 3326/3326 3325/3325
f 3326/3326 3335/3335 3329/3329
f 3334/3334 3335/3335 3326/3326
f 3336/3336 3337/3337 3334/3334
f 3336/3336 3334/3334 3333/3333
f 3337/3337 3338/3338 3334/3334
f 3334/3334 3338/3338 3335/3335
f 3335/3335 3338/3338 3339/3339
f 3338/3338 3340/3340 3341/3341
f 3338/3338 3341/3341 3342/3342
f 3342/3342 3339/3339 3338/3338
f 3337/3337 3340/3340 3338/3338
f 3343/3343 3340/3340 3344/3344
f 3345/3345 3340/3340 3343/3343
f 3346/3346 3340/3340 3345/3345
f 3341/3341 3340/3340 3346/3346
f 3347/3347 3340/3340 3337/3337
f 3347/3347 3344/3344 3340/3340
f 3344/3344 3347/3347 3348/3348
f 3344/3344 3349/3349 3343/3343
f 3344/3344 3350/3350 3349/3349
f 3344/3344 3348/3348 3350/3350
f 3348/3348 3347/3347 3351/3351
f 3351/3351 3347/3347 3352/3352
f 3353/3353 3354/3354 3352/3352
f 3352/3352 3354/3354 3355/3355
f 3353/3353 3352/3352 3347/3347
f 3356/3356 3353/3353 3336/3336
f 3353/3353 3337/3337 3336/3336
f 3353/3353 3347/3347 3337/3337
f 3357/3357 3354/3354 3353/3353
f 3353/3353 3358/3358 3359/3359
f 3353/3353 3359/3359 3360/3360
f 3353/3353 3356/3356 3361/3361
f 3361/3361 3362/3362 3353/3353
f 3362/3362 3363/3363 3353/3353
f 3353/3353 3364/3364 3357/3357
f 3364/3364 3353/3353 3360/3360
f 3363/3363 3358/3358 3353/3353
f 3363/3363 3362/3362 3365/3365
f 3363/3363 3365/3365 3366/3366
f 3367/3367 3368/3368 3363/3363
f 3366/3366 3367/3367 3363/3363
f 3358/3358 3363/3363 3364/3364
f 3368/3368 3364/3364 3363/3363
f 3367/3367 3369/3369 3368/3368
f 3368/3368 3369/3369 3354/3354
f 3368/3368 3357/3357 3364/3364
f 3354/3354 3357/3357 3368/3368
f 3367/3367 3354/3354 3369/3369
f 3366/3366 3370/3370 3367/3367
f 3366/3366 3371/3371 3370/3370
f 3371/3371 3366/3366 3372/3372
f 3373/3373 3372/3372 3366/3366
f 3374/3374 3373/3373 3366/3366
f 3375/3375 3374/3374 3366/3366
f 3365/3365 3376/3376 3366/3366
f 3377/3377 3375/3375 3366/3366
f 3376/3376 3377/3377 3366/3366
f 3356/3356 3224/3224 3376/3376
f 3356/3356 3376/3376 3378/3378
f 3224/3224 3379/3379 3376/3376
f 3378/3378 3376/3376 3365/3365
f 3376/3376 3379/3379 3377/3377
f 3356/3356 3378/3378 3380/3380
f 3381/3381 3380/3380 3378/3378
f 3365/3365 3381/3381 3378/3378
f 3380/3380 3381/3381 3356/3356
f 3356/3356 3381/3381 3365/3365
f 3225/3225 3379/3379 3224/3224
f 3379/3379 3225/3225 3377/3377
f 3370/3370 3382/3382 3367/3367
f 3370/3370 3383/3383 3382/3382
f 3354/3354 3383/3383 3370/3370
f 3354/3354 3370/3370 3371/3371
f 3383/3383 3354/3354 3382/3382
f 3382/3382 3384/3384 3367/3367
f 3382/3382 3385/3385 3384/3384
f 3385/3385 3382/3382 3354/3354
f 3384/3384 3386/3386 3367/3367
f 3386/3386 3384/3384 3354/3354
f 3385/3385 3354/3354 3384/3384
f 3367/3367 3386/3386 3354/3354
f 3377/3377 3387/3387 3375/3375
f 3377/3377 3225/3225 3387/3387
f 3375/3375 3387/3387 3225/3225
f 3375/3375 3388/3388 3374/3374
f 3225/3225 3388/3388 3375/3375
f 3372/3372 3374/3374 3388/3388
f 3372/3372 3388/3388 3225/3225
f 3374/3374 3372/3372 3373/3373
f 3220/3220 3372/3372 3225/3225
f 3372/3372 3354/3354 3371/3371
f 3389/3389 3354/3354 3372/3372
f 3390/3390 3372/3372 3391/3391
f 3372/3372 3390/3390 3392/3392
f 3392/3392 3389/3389 3372/3372
f 3391/3391 3372/3372 3220/3220
f 3393/3393 3354/3354 3389/3389
f 3354/3354 3393/3393 3394/3394
f 3354/3354 3394/3394 3395/3395
f 3355/3355 3354/3354 3395/3395
f 3220/3220 3396/3396 3391/3391
f 3396/3396 3220/3220 3397/3397
f 3398/3398 3397/3397 3220/3220
f 3219/3219 3399/3399 3398/3398
f 3398/3398 3220/3220 3219/3219
f 3400/3400 3399/3399 3219/3219
f 3219/3219 3228/3228 3400/3400
f 3401/3401 3356/3356 3365/3365
f 3365/3365 3362/3362 3401/3401
f 3356/3356 3401/3401 3361/3361
f 3362/3362 3361/3361 3401/3401
f 3359/3359 3358/3358 3364/3364
f 3364/3364 3360/3360 3359/3359
f 3356/3356 3336/3336 3402/3402
f 3224/3224 3356/3356 3402/3402
f 3402/3402 3336/3336 3333/3333
f 3224/3224 3402/3402 3403/3403
f 3403/3403 3402/3402 3404/3404
f 3402/3402 3333/3333 3404/3404
f 3404/3404 3333/3333 3325/3325
f 3403/3403 3404/3404 3405/3405
f 3405/3405 3404/3404 3314/3314
f 3404/3404 3325/3325 3314/3314
f 3229/3229 3403/3403 3405/3405
f 3229/3229 3405/3405 3232/3232
f 3232/3232 3405/3405 3316/3316
f 3405/3405 3314/3314 3316/3316
f 3223/3223 3224/3224 3403/3403
f 3223/3223 3403/3403 3229/3229
f 3406/3406 3335/3335 3339/3339
f 3407/3407 3335/3335 3406/3406
f 3408/3408 3329/3329 3407/3407
f 3329/3329 3335/3335 3407/3407
f 3409/3409 3329/3329 3408/3408
f 3327/3327 3329/3329 3409/3409
f 3331/3331 3332/3332 3410/3410
f 3328/3328 3411/3411 3332/3332
f 3332/3332 3411/3411 3412/3412
f 3332/3332 3412/3412 3410/3410
f 3412/3412 3413/3413 3410/3410
f 3410/3410 3413/3413 3414/3414
f 3410/3410 3414/3414 3324/3324
f 3331/3331 3410/3410 3324/3324
f 3415/3415 3414/3414 3413/3413
f 3324/3324 3414/3414 3306/3306
f 3414/3414 3415/3415 3306/3306
f 3416/3416 3306/3306 3415/3415
f 3306/3306 3416/3416 3417/3417
f 3417/3417 3418/3418 3306/3306
f 3306/3306 3418/3418 3307/3307
f 3322/3322 3331/3331 3324/3324
f 3322/3322 3330/3330 3331/3331
f 3314/3314 3325/3325 3315/3315
f 3312/3312 3311/3311 3324/3324
f 3313/3313 3312/3312 3324/3324
f 3324/3324 3419/3419 3313/3313
f 3306/3306 3419/3419 3324/3324
f 3306/3306 3313/3313 3419/3419
f 3232/3232 3316/3316 3238/3238
f 3246/3246 3247/3247 3309/3309
f 3246/3246 3309/3309 3289/3289
f 3289/3289 3309/3309 3302/3302
f 3289/3289 3302/3302 3297/3297
f 3282/3282 3283/3283 3254/3254
f 3288/3288 3267/3267 3255/3255
f 3254/3254 3288/3288 3255/3255
f 3253/3253 3252/3252 3286/3286
f 3252/3252 3420/3420 3286/3286
f 3245/3245 3286/3286 3420/3420
f 3252/3252 3245/3245 3420/3420
f 3281/3281 3282/3282 3254/3254
f 3253/3253 3281/3281 3254/3254
f 3265/3265 3230/3230 3233/3233
f 3242/3242 3241/3241 3237/3237
f 3237/3237 3244/3244 3243/3243
f 3243/3243 3242/3242 3237/3237
f 3234/3234 3236/3236 3237/3237
f 3421/3421 3422/3422 3423/3423
f 3423/3423 3422/3422 3424/3424
f 3423/3423 3424/3424 3425/3425
f 3425/3425 3424/3424 3426/3426
f 3424/3424 3427/3427 3426/3426
f 3428/3428 3425/3425 3426/3426
f 3421/3421 3429/3429 3422/3422
f 3421/3421 3430/3430 3429/3429
f 3429/3429 3430/3430 3431/3431
f 3431/3431 3430/3430 3432/3432
f 3430/3430 3421/3421 3433/3433
f 3434/3434 3435/3435 3436/3436
f 3434/3434 3437/3437 3435/3435
f 3434/3434 3438/3438 3437/3437
f 3438/3438 3439/3439 3437/3437
f 3440/3440 3438/3438 3434/3434
f 3441/3441 3442/3442 3443/3443
f 3441/3441 3444/3444 3442/3442
f 3445/3445 3446/3446 3443/3443
f 3441/3441 3443/3443 3446/3446
f 3445/3445 3447/3447 3446/3446
f 3441/3441 3448/3448 3444/3444
f 3449/3449 3450/3450 3451/3451
f 3449/3449 3451/3451 3452/3452
f 3453/3453 3451/3451 3450/3450
f 3454/3454 3455/3455 3453/3453
f 3453/3453 3450/3450 3454/3454
f 3454/3454 3456/3456 3455/3455
f 3457/3457 3455/3455 3456/3456
f 3457/3457 3456/3456 3458/3458
f 3459/3459 3460/3460 3461/3461
f 3460/3460 3459/3459 3462/3462
f 3461/3461 3460/3460 3463/3463
f 3459/3459 3461/3461 3464/3464
f 3462/3462 3465/3465 3466/3466
f 3462/3462 3459/3459 3465/3465
f 3466/3466 3465/3465 3467/3467
f 3467/3467 3468/3468 3469/3469
f 3466/3466 3467/3467 3469/3469
f 3470/3470 3469/3469 3468/3468
f 3470/3470 3468/3468 3471/3471
f 3471/3471 3472/3472 3470/3470
f 3470/3470 3472/3472 3473/3473
f 3471/3471 3474/3474 3472/3472
f 3475/3475 3476/3476 3477/3477
f 3476/3476 3478/3478 3477/3477
f 3479/3479 3480/3480 3475/3475
f 3475/3475 3480/3480 3476/3476
f 3479/3479 3481/3481 3480/3480
f 3482/3482 3481/3481 3483/3483
f 3481/3481 3479/3479 3483/3483
f 3483/3483 3484/3484 3482/3482
f 3484/3484 3483/3483 3485/3485
f 3486/3486 3485/3485 3483/3483
f 3487/3487 3483/3483 3479/3479
f 3483/3483 3487/3487 3488/3488
f 3483/3483 3488/3488 3489/3489
f 3483/3483 3489/3489 3490/3490
f 3476/3476 3491/3491 3478/3478
f 3492/3492 3493/3493 3494/3494
f 3492/3492 3494/3494 3495/3495
f 3496/3496 3492/3492 3495/3495
f 3497/3497 3496/3496 3498/3498
f 3496/3496 3495/3495 3498/3498
f 3497/3497 3498/3498 3499/3499
f 3500/3500 3497/3497 3499/3499
f 3500/3500 3499/3499 3501/3501
f 3502/3502 3503/3503 3504/3504
f 3504/3504 3505/3505 3502/3502
f 3505/3505 3506/3506 3502/3502
f 3507/3507 3508/3508 3505/3505
f 3507/3507 3505/3505 3504/3504
f 3509/3509 3508/3508 3507/3507
f 3509/3509 3510/3510 3508/3508
f 3511/3511 3510/3510 3509/3509
f 3511/3511 3512/3512 3510/3510
f 3513/3513 3512/3512 3511/3511
f 3513/3513 3514/3514 3512/3512
f 3515/3515 3514/3514 3513/3513
f 3516/3516 3517/3517 3515/3515
f 3515/3515 3517/3517 3514/3514
f 3516/3516 3518/3518 3517/3517
f 3519/3519 3520/3520 3518/3518
f 3519/3519 3518/3518 3516/3516
f 3521/3521 3520/3520 3519/3519
f 3521/3521 3522/3522 3520/3520
f 3523/3523 3524/3524 3522/3522
f 3523/3523 3522/3522 3521/3521
f 3525/3525 3523/3523 3526/3526
f 3525/3525 3524/3524 3523/3523
f 3527/3527 3525/3525 3526/3526
f 3527/3527 3528/3528 3525/3525
f 3529/3529 3528/3528 3527/3527
f 3529/3529 3530/3530 3528/3528
f 3531/3531 3530/3530 3529/3529
f 3531/3531 3532/3532 3530/3530
f 3533/3533 3532/3532 3531/3531
f 3533/3533 3534/3534 3532/3532
f 3535/3535 3536/3536 3534/3534
f 3535/3535 3534/3534 3533/3533
f 3537/3537 3536/3536 3535/3535
f 3537/3537 3538/3538 3536/3536
f 3539/3539 3540/3540 3538/3538
f 3539/3539 3538/3538 3537/3537
f 3541/3541 3540/3540 3539/3539
f 3541/3541 3542/3542 3540/3540
f 3543/3543 3544/3544 3542/3542
f 3543/3543 3542/3542 3541/3541
f 3545/3545 3544/3544 3543/3543
f 3545/3545 3546/3546 3544/3544
f 3547/3547 3546/3546 3545/3545
f 3548/3548 3549/3549 3547/3547
f 3547/3547 3545/3545 3550/3550
f 3548/3548 3547/3547 3550/3550
f 3551/3551 3549/3549 3548/3548
f 3551/3551 3552/3552 3549/3549
f 3553/3553 3552/3552 3551/3551
f 3553/3553 3554/3554 3552/3552
f 3555/3555 3554/3554 3553/3553
f 3555/3555 3556/3556 3554/3554
f 3557/3557 3556/3556 3555/3555
f 3557/3557 3558/3558 3556/3556
f 3559/3559 3558/3558 3557/3557
f 3559/3559 3560/3560 3558/3558
f 3561/3561 3560/3560 3559/3559
f 3561/3561 3562/3562 3560/3560
f 3563/3563 3562/3562 3561/3561
f 3563/3563 3564/3564 3562/3562
f 3565/3565 3564/3564 3563/3563
f 3565/3565 3566/3566 3564/3564
f 3567/3567 3566/3566 3565/3565
f 3567/3567 3568/3568 3566/3566
f 3569/3569 3568/3568 3567/3567
f 3569/3569 3567/3567 3570/3570
f 3571/3571 3569/3569 3570/3570
f 3571/3571 3572/3572 3569/3569
f 3573/3573 3572/3572 3571/3571
f 3573/3573 3574/3574 3572/3572
f 3575/3575 3574/3574 3573/3573
f 3575/3575 3576/3576 3574/3574
f 3577/3577 3576/3576 3575/3575
f 3577/3577 3578/3578 3576/3576
f 3579/3579 3578/3578 3577/3577
f 3579/3579 3580/3580 3578/3578
f 3581/3581 3580/3580 3579/3579
f 3581/3581 3582/3582 3580/3580
f 3583/3583 3584/3584 3582/3582
f 3583/3583 3582/3582 3581/3581
f 3585/3585 3586/3586 3587/3587
f 3587/3587 3586/3586 3588/3588
f 3587/3587 3588/3588 3589/3589
f 3585/3585 3590/3590 3586/3586
f 3591/3591 3592/3592 3593/3593
f 3591/3591 3593/3593 3594/3594
f 3595/3595 3592/3592 3591/3591
f 3594/3594 3593/3593 3596/3596
f 3597/3597 3594/3594 3596/3596
f 3593/3593 3598/3598 3596/3596
f 3595/3595 3599/3599 3592/3592
f 3595/3595 3600/3600 3599/3599
f 3599/3599 3600/3600 3601/3601
f 3600/3600 3595/3595 3602/3602
f 3603/3603 3604/3604 3605/3605
f 3605/3605 3604/3604 3606/3606
f 3605/3605 3606/3606 3607/3607
f 3607/3607 3606/3606 3608/3608
f 3609/3609 3608/3608 3610/3610
f 3607/3607 3608/3608 3609/3609
f 3609/3609 3610/3610 3611/3611
f 3611/3611 3612/3612 3613/3613
f 3611/3611 3610/3610 3612/3612
f 3613/3613 3612/3612 3614/3614
f 3615/3615 3614/3614 3616/3616
f 3613/3613 3614/3614 3615/3615
f 3615/3615 3616/3616 3617/3617
f 3617/3617 3618/3618 3619/3619
f 3617/3617 3616/3616 3618/3618
f 3619/3619 3618/3618 3620/3620
f 3621/3621 3620/3620 3622/3622
f 3619/3619 3620/3620 3621/3621
f 3623/3623 3622/3622 3624/3624
f 3621/3621 3622/3622 3623/3623
f 3623/3623 3624/3624 3625/3625
f 3625/3625 3624/3624 3626/3626
f 3627/3627 3626/3626 3628/3628
f 3625/3625 3626/3626 3627/3627
f 3627/3627 3628/3628 3629/3629
f 3629/3629 3628/3628 3630/3630
f 3631/3631 3630/3630 3632/3632
f 3629/3629 3630/3630 3631/3631
f 3630/3630 3633/3633 3632/3632
f 3634/3634 3631/3631 3632/3632
f 3603/3603 3635/3635 3604/3604
f 3603/3603 3636/3636 3635/3635
f 3635/3635 3636/3636 3637/3637
f 3636/3636 3603/3603 3638/3638
f 3639/3639 3640/3640 3641/3641
f 3641/3641 3640/3640 3642/3642
f 3643/3643 3639/3639 3641/3641
f 3640/3640 3639/3639 3644/3644
f 3645/3645 3644/3644 3646/3646
f 3640/3640 3644/3644 3645/3645
f 3647/3647 3646/3646 3648/3648
f 3645/3645 3646/3646 3647/3647
f 3647/3647 3648/3648 3649/3649
f 3649/3649 3648/3648 3650/3650
f 3649/3649 3650/3650 3651/3651
f 3651/3651 3652/3652 3653/3653
f 3651/3651 3650/3650 3652/3652
f 3653/3653 3652/3652 3654/3654
f 3655/3655 3654/3654 3656/3656
f 3657/3657 3654/3654 3655/3655
f 3653/3653 3654/3654 3657/3657
f 3657/3657 3655/3655 3658/3658
f 3659/3659 3660/3660 3661/3661
f 3659/3659 3662/3662 3660/3660
f 3659/3659 3663/3663 3664/3664
f 3659/3659 3661/3661 3663/3663
f 3664/3664 3663/3663 3665/3665
f 3665/3665 3666/3666 3667/3667
f 3664/3664 3665/3665 3667/3667
f 3668/3668 3666/3666 3665/3665
f 3667/3667 3666/3666 3669/3669
f 3670/3670 3661/3661 3660/3660
f 3671/3671 3672/3672 3673/3673
f 3673/3673 3674/3674 3671/3671
f 3675/3675 3671/3671 3674/3674
f 3674/3674 3673/3673 3676/3676
f 3674/3674 3676/3676 3677/3677
f 3676/3676 3678/3678 3677/3677
f 3678/3678 3676/3676 3679/3679
f 3680/3680 3677/3677 3678/3678
f 3681/3681 3682/3682 3683/3683
f 3681/3681 3684/3684 3682/3682
f 3684/3684 3681/3681 3685/3685
f 3685/3685 3686/3686 3684/3684
f 3687/3687 3686/3686 3685/3685
f 3688/3688 3685/3685 3681/3681
f 3685/3685 3688/3688 3689/3689
f 3690/3690 3691/3691 3692/3692
f 3690/3690 3693/3693 3691/3691
f 3693/3693 3690/3690 3694/3694
f 3693/3693 3694/3694 3695/3695
f 3696/3696 3697/3697 3695/3695
f 3696/3696 3695/3695 3694/3694
f 3697/3697 3696/3696 3698/3698
f 3697/3697 3698/3698 3699/3699
f 3700/3700 3701/3701 3702/3702
f 3702/3702 3701/3701 3703/3703
f 3702/3702 3703/3703 3704/3704
f 3703/3703 3705/3705 3706/3706
f 3703/3703 3701/3701 3705/3705
f 3706/3706 3705/3705 3707/3707
f 3708/3708 3707/3707 3709/3709
f 3706/3706 3707/3707 3708/3708
f 3708/3708 3709/3709 3710/3710
f 3710/3710 3709/3709 3711/3711
f 3710/3710 3711/3711 3712/3712
f 3713/3713 3711/3711 3714/3714
f 3713/3713 3712/3712 3711/3711
f 3712/3712 3713/3713 3715/3715
f 3716/3716 3717/3717 3718/3718
f 3716/3716 3719/3719 3717/3717
f 3720/3720 3719/3719 3716/3716
f 3720/3720 3721/3721 3719/3719
f 3722/3722 3723/3723 3721/3721
f 3722/3722 3721/3721 3720/3720
f 3723/3723 3722/3722 3724/3724
f 3725/3725 3723/3723 3724/3724
f 3724/3724 3726/3726 3725/3725
f 3726/3726 3724/3724 3727/3727
f 3728/3728 3727/3727 3724/3724
f 3729/3729 3724/3724 3722/3722
f 3724/3724 3730/3730 3731/3731
f 3724/3724 3729/3729 3730/3730
f 3724/3724 3731/3731 3732/3732
f 3733/3733 3734/3734 3735/3735
f 3735/3735 3734/3734 3736/3736
f 3735/3735 3736/3736 3737/3737
f 3737/3737 3736/3736 3738/3738
f 3739/3739 3738/3738 3740/3740
f 3737/3737 3738/3738 3739/3739
f 3739/3739 3740/3740 3741/3741
f 3733/3733 3742/3742 3734/3734
f 3743/3743 3744/3744 3745/3745
f 3745/3745 3746/3746 3743/3743
f 3746/3746 3747/3747 3743/3743
f 3748/3748 3749/3749 3746/3746
f 3748/3748 3746/3746 3745/3745
f 3750/3750 3749/3749 3748/3748
f 3750/3750 3751/3751 3749/3749
f 3752/3752 3751/3751 3750/3750
f 3752/3752 3753/3753 3751/3751
f 3754/3754 3753/3753 3752/3752
f 3755/3755 3756/3756 3754/3754
f 3754/3754 3756/3756 3753/3753
f 3755/3755 3757/3757 3756/3756
f 3758/3758 3757/3757 3755/3755
f 3758/3758 3759/3759 3757/3757
f 3760/3760 3759/3759 3758/3758
f 3760/3760 3761/3761 3759/3759
f 3762/3762 3761/3761 3760/3760
f 3762/3762 3763/3763 3761/3761
f 3764/3764 3763/3763 3762/3762
f 3764/3764 3765/3765 3763/3763
f 3766/3766 3767/3767 3765/3765
f 3766/3766 3765/3765 3764/3764
f 3768/3768 3767/3767 3766/3766
f 3768/3768 3766/3766 3769/3769
f 3770/3770 3771/3771 3768/3768
f 3770/3770 3768/3768 3769/3769
f 3772/3772 3771/3771 3770/3770
f 3772/3772 3773/3773 3771/3771
f 3774/3774 3773/3773 3772/3772
f 3774/3774 3775/3775 3773/3773
f 3776/3776 3775/3775 3774/3774
f 3776/3776 3777/3777 3775/3775
f 3778/3778 3777/3777 3776/3776
f 3778/3778 3779/3779 3777/3777
f 3780/3780 3779/3779 3778/3778
f 3780/3780 3781/3781 3779/3779
f 3782/3782 3781/3781 3780/3780
f 3783/3783 3782/3782 3784/3784
f 3782/3782 3783/3783 3781/3781
f 3785/3785 3786/3786 3784/3784
f 3783/3783 3784/3784 3786/3786
f 3785/3785 3787/3787 3786/3786
f 3788/3788 3787/3787 3785/3785
f 3788/3788 3789/3789 3787/3787
f 3790/3790 3791/3791 3789/3789
f 3790/3790 3789/3789 3788/3788
f 3792/3792 3791/3791 3790/3790
f 3792/3792 3793/3793 3791/3791
f 3794/3794 3795/3795 3793/3793
f 3794/3794 3793/3793 3792/3792
f 3796/3796 3795/3795 3794/3794
f 3797/3797 3798/3798 3796/3796
f 3796/3796 3798/3798 3795/3795
f 3797/3797 3796/3796 3799/3799
f 3800/3800 3797/3797 3799/3799
f 3800/3800 3801/3801 3797/3797
f 3802/3802 3801/3801 3800/3800
f 3802/3802 3803/3803 3801/3801
f 3804/3804 3803/3803 3802/3802
f 3804/3804 3805/3805 3803/3803
f 3806/3806 3805/3805 3804/3804
f 3806/3806 3807/3807 3805/3805
f 3808/3808 3807/3807 3806/3806
f 3808/3808 3809/3809 3807/3807
f 3810/3810 3811/3811 3809/3809
f 3810/3810 3809/3809 3808/3808
f 3812/3812 3811/3811 3810/3810
f 3812/3812 3813/3813 3811/3811
f 3814/3814 3815/3815 3813/3813
f 3814/3814 3813/3813 3812/3812
f 3816/3816 3815/3815 3814/3814
f 3816/3816 3817/3817 3815/3815
f 3818/3818 3817/3817 3816/3816
f 3818/3818 3819/3819 3817/3817
f 3820/3820 3819/3819 3818/3818
f 3820/3820 3821/3821 3819/3819
f 3822/3822 3823/3823 3821/3821
f 3822/3822 3821/3821 3820/3820
f 3824/3824 3823/3823 3822/3822
f 3824/3824 3825/3825 3823/3823
f 3826/3826 3827/3827 3828/3828
f 3828/3828 3827/3827 3829/3829
f 3828/3828 3829/3829 3830/3830
f 3826/3826 3831/3831 3827/3827
f 3832/3832 3833/3833 3834/3834
f 3832/3832 3834/3834 3835/3835
f 3836/3836 3833/3833 3832/3832
f 3835/3835 3834/3834 3837/3837
f 3838/3838 3835/3835 3837/3837
f 3834/3834 3839/3839 3837/3837
f 3836/3836 3840/3840 3833/3833
f 3836/3836 3841/3841 3840/3840
f 3840/3840 3841/3841 3842/3842
f 3841/3841 3836/3836 3843/3843
f 3844/3844 3845/3845 3846/3846
f 3845/3845 3844/3844 3847/3847
f 3848/3848 3849/3849 3845/3845
f 3845/3845 3847/3847 3848/3848
f 3850/3850 3845/3845 3849/3849
f 3850/3850 3849/3849 3851/3851
f 3851/3851 3852/3852 3850/3850
f 3851/3851 3853/3853 3852/3852
f 3852/3852 3853/3853 3854/3854
f 3855/3855 3854/3854 3853/3853
f 3855/3855 3856/3856 3854/3854
f 3857/3857 3858/3858 3856/3856
f 3856/3856 3855/3855 3857/3857
f 3858/3858 3857/3857 3859/3859
f 3860/3860 3858/3858 3859/3859
f 3858/3858 3860/3860 3861/3861
f 3862/3862 3858/3858 3861/3861
f 3863/3863 3864/3864 3865/3865
f 3863/3863 3865/3865 3866/3866
f 3867/3867 3863/3863 3866/3866
f 3867/3867 3866/3866 3868/3868
f 3868/3868 3869/3869 3867/3867
f 3869/3869 3868/3868 3870/3870
f 3869/3869 3870/3870 3871/3871
f 3871/3871 3870/3870 3872/3872
f 3871/3871 3872/3872 3873/3873
f 3873/3873 3872/3872 3874/3874
f 3873/3873 3874/3874 3875/3875
f 3875/3875 3874/3874 3876/3876
f 3875/3875 3876/3876 3877/3877
f 3864/3864 3878/3878 3865/3865
f 3864/3864 3879/3879 3878/3878
f 3880/3880 3881/3881 3882/3882
f 3882/3882 3881/3881 3883/3883
f 3884/3884 3880/3880 3882/3882
f 3881/3881 3880/3880 3885/3885
f 3881/3881 3885/3885 3886/3886
f 3886/3886 3885/3885 3887/3887
f 3886/3886 3887/3887 3888/3888
f 3888/3888 3887/3887 3889/3889
f 3888/3888 3889/3889 3890/3890
f 3890/3890 3891/3891 3892/3892
f 3890/3890 3889/3889 3891/3891
f 3892/3892 3891/3891 3893/3893
f 3894/3894 3893/3893 3895/3895
f 3892/3892 3893/3893 3894/3894
f 3894/3894 3895/3895 3896/3896
f 3897/3897 3895/3895 3898/3898
f 3896/3896 3895/3895 3897/3897
f 3896/3896 3897/3897 3899/3899
f 3900/3900 3901/3901 3902/3902
f 3901/3901 3900/3900 3903/3903
f 3901/3901 3903/3903 3904/3904
f 3901/3901 3905/3905 3906/3906
f 3901/3901 3906/3906 3902/3902
f 3907/3907 3901/3901 3908/3908
f 3908/3908 3901/3901 3904/3904
f 3909/3909 3905/3905 3901/3901
f 3909/3909 3901/3901 3907/3907
f 3905/3905 3910/3910 3911/3911
f 3910/3910 3905/3905 3912/3912
f 3905/3905 3911/3911 3906/3906
f 3905/3905 3913/3913 3912/3912
f 3914/3914 3915/3915 3905/3905
f 3905/3905 3915/3915 3916/3916
f 3916/3916 3913/3913 3905/3905
f 3905/3905 3909/3909 3914/3914
f 3916/3916 3917/3917 3913/3913
f 3917/3917 3918/3918 3919/3919
f 3916/3916 3918/3918 3917/3917
f 3920/3920 3919/3919 3918/3918
f 3920/3920 3918/3918 3921/3921
f 3920/3920 3921/3921 3922/3922
f 3922/3922 3923/3923 3920/3920
f 3923/3923 3924/3924 3920/3920
f 3925/3925 3924/3924 3923/3923
f 3924/3924 3926/3926 3927/3927
f 3924/3924 3927/3927 3928/3928
f 3924/3924 3928/3928 3903/3903
f 3926/3926 3924/3924 3929/3929
f 3929/3929 3924/3924 3925/3925
f 3903/3903 3930/3930 3924/3924
f 3903/3903 3931/3931 3930/3930
f 3931/3931 3932/3932 3930/3930
f 3930/3930 3932/3932 3933/3933
f 3934/3934 3930/3930 3933/3933
f 3930/3930 3934/3934 3935/3935
f 3930/3930 3935/3935 3936/3936
f 3937/3937 3930/3930 3936/3936
f 3938/3938 3937/3937 3936/3936
f 3939/3939 3937/3937 3938/3938
f 3937/3937 3939/3939 3940/3940
f 3941/3941 3940/3940 3942/3942
f 3940/3940 3941/3941 3943/3943
f 3940/3940 3943/3943 3937/3937
f 3941/3941 3942/3942 3944/3944
f 3945/3945 3944/3944 3942/3942
f 3944/3944 3945/3945 3946/3946
f 3945/3945 3947/3947 3948/3948
f 3945/3945 3948/3948 3949/3949
f 3950/3950 3945/3945 3949/3949
f 3947/3947 3945/3945 3951/3951
f 3945/3945 3950/3950 3946/3946
f 3951/3951 3945/3945 3952/3952
f 3953/3953 3952/3952 3945/3945
f 3953/3953 3945/3945 3942/3942
f 3954/3954 3947/3947 3951/3951
f 3947/3947 3954/3954 3955/3955
f 3955/3955 3956/3956 3947/3947
f 3903/3903 3956/3956 3931/3931
f 3903/3903 3947/3947 3956/3956
f 3957/3957 3958/3958 3950/3950
f 3950/3950 3949/3949 3957/3957
f 3950/3950 3959/3959 3946/3946
f 3960/3960 3950/3950 3961/3961
f 3950/3950 3960/3960 3962/3962
f 3962/3962 3963/3963 3950/3950
f 3950/3950 3958/3958 3964/3964
f 3950/3950 3964/3964 3965/3965
f 3959/3959 3950/3950 3966/3966
f 3950/3950 3963/3963 3966/3966
f 3950/3950 3965/3965 3961/3961
f 3961/3961 3965/3965 3967/3967
f 3968/3968 3969/3969 3965/3965
f 3969/3969 3970/3970 3965/3965
f 3968/3968 3965/3965 3964/3964
f 3965/3965 3971/3971 3967/3967
f 3972/3972 3971/3971 3973/3973
f 3971/3971 3972/3972 3967/3967
f 3974/3974 3972/3972 3973/3973
f 3975/3975 3974/3974 3973/3973
f 3973/3973 3976/3976 3975/3975
f 3973/3973 3937/3937 3976/3976
f 3977/3977 3976/3976 3937/3937
f 3937/3937 3943/3943 3977/3977
f 3973/3973 3978/3978 3937/3937
f 3958/3958 3957/3957 3979/3979
f 3980/3980 3979/3979 3957/3957
f 3957/3957 3981/3981 3980/3980
f 3981/3981 3982/3982 3980/3980
f 3981/3981 3983/3983 3982/3982
f 3984/3984 3985/3985 3981/3981
f 3984/3984 3981/3981 3957/3957
f 3986/3986 3985/3985 3984/3984
f 3986/3986 3987/3987 3985/3985
f 3984/3984 3988/3988 3986/3986
f 3988/3988 3989/3989 3986/3986
f 3986/3986 3990/3990 3991/3991
f 3990/3990 3986/3986 3992/3992
f 3993/3993 3994/3994 3986/3986
f 3995/3995 3986/3986 3994/3994
f 3992/3992 3986/3986 3996/3996
f 3986/3986 3989/3989 3997/3997
f 3993/3993 3986/3986 3997/3997
f 3995/3995 3996/3996 3986/3986
f 3986/3986 3991/3991 3987/3987
f 3990/3990 3998/3998 3991/3991
f 3999/3999 4000/4000 3998/3998
f 3999/3999 3998/3998 3990/3990
f 3999/3999 4001/4001 4000/4000
f 4002/4002 4000/4000 4001/4001
f 4003/4003 4004/4004 4002/4002
f 4002/4002 4005/4005 4003/4003
f 4001/4001 4005/4005 4002/4002
f 4006/4006 4007/4007 4004/4004
f 4003/4003 4006/4006 4004/4004
f 4006/4006 4003/4003 4008/4008
f 4009/4009 4007/4007 4006/4006
f 4006/4006 4008/4008 4010/4010
f 4006/4006 4010/4010 4011/4011
f 4006/4006 4011/4011 4009/4009
f 4009/4009 4011/4011 4012/4012
f 4013/4013 4007/4007 4009/4009
f 4009/4009 4014/4014 4015/4015
f 4009/4009 4015/4015 4016/4016
f 4009/4009 4012/4012 4014/4014
f 4016/4016 4013/4013 4009/4009
f 4007/4007 4013/4013 4017/4017
f 4017/4017 4018/4018 4007/4007
f 4007/4007 4018/4018 4019/4019
f 4012/4012 4020/4020 4014/4014
f 4014/4014 4021/4021 4015/4015
f 4021/4021 4014/4014 4022/4022
f 4020/4020 4022/4022 4014/4014
f 4023/4023 4022/4022 4024/4024
f 4022/4022 4020/4020 4024/4024
f 4022/4022 4023/4023 4025/4025
f 4025/4025 4023/4023 4026/4026
f 4026/4026 4027/4027 4025/4025
f 4027/4027 4028/4028 4029/4029
f 4028/4028 4027/4027 4030/4030
f 4030/4030 4027/4027 4026/4026
f 4031/4031 4029/4029 4032/4032
f 4033/4033 4029/4029 4034/4034
f 4029/4029 4033/4033 4032/4032
f 4029/4029 4035/4035 4036/4036
f 4036/4036 4037/4037 4029/4029
f 4029/4029 4038/4038 4035/4035
f 4029/4029 4037/4037 4034/4034
f 4038/4038 4029/4029 4039/4039
f 4040/4040 4039/4039 4029/4029
f 4028/4028 4040/4040 4029/4029
f 4041/4041 4042/4042 4035/4035
f 4036/4036 4035/4035 4042/4042
f 4043/4043 4042/4042 4041/4041
f 4041/4041 4044/4044 4043/4043
f 4044/4044 4045/4045 4046/4046
f 4043/4043 4044/4044 4046/4046
f 4045/4045 4047/4047 4046/4046
f 4045/4045 4048/4048 4047/4047
f 4048/4048 4049/4049 4047/4047
f 4048/4048 4050/4050 4049/4049
f 4051/4051 4020/4020 4048/4048
f 4050/4050 4048/4048 4020/4020
f 4012/4012 4052/4052 4050/4050
f 4052/4052 4053/4053 4050/4050
f 4031/4031 4050/4050 4053/4053
f 4031/4031 4054/4054 4050/4050
f 4055/4055 4050/4050 4056/4056
f 4055/4055 4049/4049 4050/4050
f 4050/4050 4057/4057 4058/4058
f 4050/4050 4058/4058 4056/4056
f 4057/4057 4050/4050 4054/4054
f 4012/4012 4050/4050 4020/4020
f 4052/4052 4059/4059 4053/4053
f 4031/4031 4053/4053 4060/4060
f 4060/4060 4053/4053 4061/4061
f 4059/4059 4061/4061 4053/4053
f 4062/4062 4063/4063 4059/4059
f 4063/4063 4064/4064 4059/4059
f 4059/4059 4064/4064 4061/4061
f 4062/4062 4059/4059 4052/4052
f 4065/4065 4063/4063 4062/4062
f 4011/4011 4062/4062 4052/4052
f 4010/4010 4062/4062 4011/4011
f 4010/4010 4065/4065 4062/4062
f 4065/4065 4066/4066 4063/4063
f 4067/4067 4066/4066 4065/4065
f 4008/4008 4067/4067 4065/4065
f 4008/4008 4065/4065 4010/4010
f 4067/4067 4068/4068 4066/4066
f 4069/4069 4068/4068 4067/4067
f 4070/4070 4067/4067 4008/4008
f 4070/4070 4069/4069 4067/4067
f 3990/3990 4071/4071 4070/4070
f 4071/4071 4069/4069 4070/4070
f 4072/4072 3999/3999 4070/4070
f 3990/3990 4070/4070 3999/3999
f 4008/4008 4073/4073 4070/4070
f 4073/4073 4072/4072 4070/4070
f 4073/4073 4008/4008 4074/4074
f 4074/4074 4008/4008 4075/4075
f 4008/4008 4076/4076 4075/4075
f 4076/4076 4008/4008 4077/4077
f 4077/4077 4008/4008 4003/4003
f 4077/4077 4003/4003 4078/4078
f 4078/4078 4003/4003 4079/4079
f 4079/4079 4003/4003 4080/4080
f 4081/4081 4080/4080 4003/4003
f 4005/4005 4081/4081 4003/4003
f 4082/4082 3999/3999 4072/4072
f 4083/4083 3999/3999 4082/4082
f 4084/4084 3999/3999 4083/4083
f 4085/4085 3999/3999 4084/4084
f 4001/4001 3999/3999 4085/4085
f 4071/4071 4086/4086 4069/4069
f 3990/3990 4087/4087 4071/4071
f 4071/4071 4088/4088 3988/3988
f 4071/4071 4089/4089 4088/4088
f 4089/4089 4071/4071 4087/4087
f 3988/3988 4086/4086 4071/4071
f 3988/3988 4090/4090 4086/4086
f 4090/4090 4091/4091 4086/4086
f 4086/4086 4091/4091 4092/4092
f 4086/4086 4092/4092 4069/4069
f 4092/4092 4093/4093 4094/4094
f 4091/4091 4093/4093 4092/4092
f 4069/4069 4092/4092 4068/4068
f 4092/4092 4094/4094 4068/4068
f 4093/4093 4095/4095 4094/4094
f 4068/4068 4094/4094 4096/4096
f 4094/4094 4097/4097 4096/4096
f 4094/4094 4095/4095 4097/4097
f 4096/4096 4097/4097 4098/4098
f 4097/4097 4099/4099 4098/4098
f 4097/4097 4100/4100 4099/4099
f 4097/4097 4101/4101 4100/4100
f 4097/4097 4095/4095 4101/4101
f 4101/4101 4102/4102 4100/4100
f 4101/4101 4103/4103 4102/4102
f 4104/4104 4105/4105 4101/4101
f 4101/4101 4105/4105 4106/4106
f 4107/4107 4108/4108 4109/4109
f 4104/4104 4101/4101 4110/4110
f 4111/4111 4103/4103 4101/4101
f 4101/4101 4112/4112 4113/4113
f 4101/4101 4113/4113 4110/4110
f 4112/4112 4101/4101 4095/4095
f 4114/4114 4111/4111 4115/4115
f 4116/4116 4111/4111 4114/4114
f 4116/4116 4117/4117 4111/4111
f 4111/4111 4117/4117 4118/4118
f 4111/4111 4118/4118 4119/4119
f 4120/4120 4111/4111 4121/4121
f 4120/4120 4122/4122 4111/4111
f 4122/4122 4123/4123 4111/4111
f 4124/4124 4121/4121 4111/4111
f 4123/4123 4115/4115 4111/4111
f 4111/4111 4119/4119 4103/4103
f 4124/4124 4111/4111 4106/4106
f 4125/4125 4114/4114 4115/4115
f 4114/4114 4125/4125 4095/4095
f 4095/4095 4125/4125 4126/4126
f 4095/4095 4126/4126 4127/4127
f 4127/4127 4128/4128 4095/4095
f 4095/4095 4128/4128 4112/4112
f 4117/4117 4129/4129 4118/4118
f 4129/4129 4117/4117 4130/4130
f 4129/4129 4130/4130 4131/4131
f 4132/4132 4131/4131 4130/4130
f 4132/4132 4130/4130 4133/4133
f 4133/4133 4134/4134 4132/4132
f 4135/4135 4134/4134 3911/3911
f 4134/4134 4133/4133 3911/3911
f 4135/4135 4136/4136 4134/4134
f 4134/4134 4136/4136 4137/4137
f 3911/3911 4138/4138 4135/4135
f 3911/3911 4139/4139 4138/4138
f 4140/4140 4139/4139 3910/3910
f 3910/3910 4139/4139 3911/3911
f 4141/4141 4140/4140 4142/4142
f 3910/3910 4142/4142 4140/4140
f 4143/4143 4141/4141 4142/4142
f 4144/4144 4143/4143 4142/4142
f 4145/4145 4142/4142 3910/3910
f 4142/4142 4145/4145 4146/4146
f 4142/4142 4146/4146 4147/4147
f 4146/4146 4148/4148 4147/4147
f 4149/4149 4147/4147 4148/4148
f 4148/4148 4150/4150 4149/4149
f 4151/4151 4149/4149 3920/3920
f 4152/4152 3920/3920 4149/4149
f 4149/4149 4153/4153 4152/4152
f 4150/4150 4153/4153 4149/4149
f 4154/4154 3920/3920 4152/4152
f 4154/4154 3919/3919 3920/3920
f 4155/4155 4145/4145 3910/3910
f 3910/3910 4156/4156 4155/4155
f 4156/4156 3910/3910 4157/4157
f 3910/3910 4158/4158 4157/4157
f 4159/4159 4158/4158 3910/3910
f 3910/3910 3912/3912 4159/4159
f 4160/4160 4133/4133 4130/4130
f 3906/3906 4133/4133 4160/4160
f 3906/3906 3911/3911 4133/4133
f 4161/4161 4160/4160 4162/4162
f 3902/3902 4160/4160 4161/4161
f 4160/4160 4130/4130 4162/4162
f 3902/3902 3906/3906 4160/4160
f 4161/4161 4162/4162 4163/4163
f 4130/4130 4164/4164 4162/4162
f 4163/4163 4162/4162 4116/4116
f 4116/4116 4162/4162 4165/4165
f 4162/4162 4164/4164 4166/4166
f 4162/4162 4166/4166 4165/4165
f 4165/4165 4167/4167 4116/4116
f 4116/4116 4167/4167 4168/4168
f 4169/4169 4117/4117 4168/4168
f 4117/4117 4116/4116 4168/4168
f 4170/4170 4117/4117 4169/4169
f 4170/4170 4171/4171 4117/4117
f 4171/4171 4172/4172 4117/4117
f 4173/4173 4117/4117 4172/4172
f 4174/4174 4117/4117 4173/4173
f 4174/4174 4175/4175 4130/4130
f 4174/4174 4130/4130 4117/4117
f 4175/4175 4176/4176 4130/4130
f 4176/4176 4177/4177 4130/4130
f 4130/4130 4177/4177 4178/4178
f 4178/4178 4179/4179 4130/4130
f 4179/4179 4164/4164 4130/4130
f 4180/4180 4161/4161 4163/4163
f 4180/4180 4163/4163 4181/4181
f 4181/4181 4163/4163 4182/4182
f 4163/4163 4116/4116 4182/4182
f 4090/4090 4181/4181 4091/4091
f 4183/4183 4181/4181 4090/4090
f 4181/4181 4182/4182 4091/4091
f 4183/4183 4180/4180 4181/4181
f 3948/3948 4180/4180 4183/4183
f 3949/3949 3948/3948 4183/4183
f 4184/4184 4183/4183 4090/4090
f 3949/3949 4183/4183 4184/4184
f 3957/3957 3949/3949 4184/4184
f 3957/3957 4184/4184 3984/3984
f 4184/4184 4090/4090 3988/3988
f 3984/3984 4184/4184 3988/3988
f 4182/4182 4116/4116 4114/4114
f 4091/4091 4182/4182 4093/4093
f 4182/4182 4114/4114 4093/4093
f 4185/4185 4161/4161 4180/4180
f 3948/3948 4185/4185 4180/4180
f 3947/3947 4185/4185 3948/3948
f 3947/3947 3900/3900 4185/4185
f 3900/3900 3902/3902 4185/4185
f 4185/4185 3902/3902 4161/4161
f 4093/4093 4114/4114 4095/4095
f 4100/4100 4102/4102 4186/4186
f 4187/4187 4188/4188 4186/4186
f 4188/4188 4189/4189 4186/4186
f 4189/4189 4099/4099 4186/4186
f 4190/4190 4187/4187 4186/4186
f 4100/4100 4186/4186 4099/4099
f 4191/4191 4099/4099 4189/4189
f 4191/4191 4192/4192 4099/4099
f 4192/4192 4193/4193 4194/4194
f 4195/4195 4193/4193 4192/4192
f 4099/4099 4192/4192 4194/4194
f 4196/4196 4197/4197 4195/4195
f 4197/4197 4193/4193 4195/4195
f 4197/4197 4196/4196 4198/4198
f 4199/4199 4197/4197 4200/4200
f 4197/4197 4199/4199 4193/4193
f 4197/4197 4201/4201 4200/4200
f 4201/4201 4202/4202 4203/4203
f 4203/4203 4204/4204 4201/4201
f 4201/4201 4204/4204 4200/4200
f 4205/4205 4204/4204 4206/4206
f 4204/4204 4205/4205 4200/4200
f 4203/4203 4207/4207 4204/4204
f 4206/4206 4204/4204 4208/4208
f 4207/4207 4209/4209 4204/4204
f 4208/4208 4204/4204 4209/4209
f 4210/4210 4098/4098 4207/4207
f 4098/4098 4211/4211 4207/4207
f 4064/4064 4207/4207 4061/4061
f 4210/4210 4207/4207 4064/4064
f 4207/4207 4203/4203 4061/4061
f 4212/4212 4207/4207 4213/4213
f 4214/4214 4207/4207 4212/4212
f 4207/4207 4211/4211 4213/4213
f 4207/4207 4214/4214 4209/4209
f 4096/4096 4098/4098 4210/4210
f 4066/4066 4096/4096 4210/4210
f 4066/4066 4210/4210 4063/4063
f 4063/4063 4210/4210 4064/4064
f 4211/4211 4098/4098 4215/4215
f 4215/4215 4098/4098 4099/4099
f 4215/4215 4099/4099 4216/4216
f 4216/4216 4099/4099 4217/4217
f 4217/4217 4099/4099 4218/4218
f 4218/4218 4099/4099 4194/4194
f 4219/4219 4203/4203 4202/4202
f 4220/4220 4203/4203 4219/4219
f 4220/4220 4221/4221 4222/4222
f 4222/4222 4223/4223 4220/4220
f 4223/4223 4203/4203 4220/4220
f 4221/4221 4220/4220 4224/4224
f 4225/4225 4226/4226 4220/4220
f 4226/4226 4224/4224 4220/4220
f 4060/4060 4225/4225 4220/4220
f 4225/4225 4060/4060 4227/4227
f 4060/4060 4228/4228 4227/4227
f 4228/4228 4060/4060 4061/4061
f 4229/4229 4228/4228 4061/4061
f 4230/4230 4229/4229 4061/4061
f 4061/4061 4231/4231 4230/4230
f 4231/4231 4061/4061 4232/4232
f 4061/4061 4233/4233 4232/4232
f 4233/4233 4061/4061 4203/4203
f 4234/4234 4233/4233 4203/4203
f 4203/4203 4235/4235 4234/4234
f 4235/4235 4203/4203 4236/4236
f 4236/4236 4203/4203 4223/4223
f 4068/4068 4096/4096 4066/4066
f 3990/3990 4237/4237 4087/4087
f 3990/3990 4238/4238 4237/4237
f 4238/4238 3990/3990 4239/4239
f 4239/4239 3990/3990 4240/4240
f 3990/3990 4241/4241 4240/4240
f 3992/3992 4241/4241 3990/3990
f 4088/4088 4242/4242 3988/3988
f 3989/3989 3988/3988 4242/4242
f 4031/4031 4243/4243 4054/4054
f 4243/4243 4031/4031 4032/4032
f 4011/4011 4052/4052 4012/4012
f 4020/4020 4051/4051 4244/4244
f 4244/4244 4245/4245 4020/4020
f 4024/4024 4020/4020 4245/4245
f 4246/4246 4247/4247 4021/4021
f 4015/4015 4021/4021 4247/4247
f 4248/4248 4246/4246 4021/4021
f 3903/3903 3900/3900 3947/3947
f 3904/3904 3903/3903 3928/3928
f 4249/4249 4250/4250 4251/4251
f 4249/4249 4252/4252 4250/4250
f 4250/4250 4252/4252 4253/4253
f 4250/4250 4254/4254 4255/4255
f 4256/4256 4254/4254 4250/4250
f 4257/4257 4251/4251 4250/4250
f 4258/4258 4257/4257 4250/4250
f 4259/4259 4258/4258 4250/4250
f 4259/4259 4250/4250 4255/4255
f 4253/4253 4260/4260 4250/4250
f 4250/4250 4260/4260 4261/4261
f 4250/4250 4261/4261 4256/4256
f 4256/4256 4261/4261 4262/4262
f 4263/4263 4256/4256 4262/4262
f 4254/4254 4256/4256 4264/4264
f 4256/4256 4265/4265 4266/4266
f 4265/4265 4256/4256 4267/4267
f 4268/4268 4267/4267 4256/4256
f 4268/4268 4256/4256 4263/4263
f 4269/4269 4270/4270 4256/4256
f 4270/4270 4264/4264 4256/4256
f 4269/4269 4256/4256 4266/4266
f 4271/4271 4263/4263 4262/4262
f 4271/4271 4262/4262 4272/4272
f 4262/4262 4273/4273 4272/4272
f 4274/4274 4273/4273 4262/4262
f 4274/4274 4262/4262 4275/4275
f 4276/4276 4275/4275 4262/4262
f 4276/4276 4262/4262 4277/4277
f 4278/4278 4277/4277 4262/4262
f 4278/4278 4279/4279 4277/4277
f 4278/4278 4280/4280 4279/4279
f 4262/4262 4281/4281 4278/4278
f 4282/4282 4278/4278 4283/4283
f 4283/4283 4278/4278 4281/4281
f 4261/4261 4284/4284 4281/4281
f 4284/4284 4285/4285 4281/4281
f 4261/4261 4281/4281 4262/4262
f 4281/4281 4285/4285 4286/4286
f 4281/4281 4286/4286 4283/4283
f 4287/4287 4286/4286 4285/4285
f 4288/4288 4283/4283 4286/4286
f 4289/4289 4286/4286 4290/4290
f 4289/4289 4291/4291 4286/4286
f 4290/4290 4286/4286 4292/4292
f 4293/4293 4292/4292 4286/4286
f 4294/4294 4286/4286 4291/4291
f 4294/4294 4295/4295 4286/4286
f 4288/4288 4286/4286 4296/4296
f 4286/4286 4287/4287 4297/4297
f 4293/4293 4286/4286 4297/4297
f 4295/4295 4298/4298 4286/4286
f 4286/4286 4298/4298 4299/4299
f 4296/4296 4286/4286 4299/4299
f 4298/4298 4295/4295 4300/4300
f 4301/4301 4298/4298 4300/4300
f 4302/4302 4301/4301 4303/4303
f 4301/4301 4300/4300 4303/4303
f 4304/4304 4305/4305 4301/4301
f 4304/4304 4301/4301 4306/4306
f 4301/4301 4302/4302 4306/4306
f 4306/4306 4302/4302 4303/4303
f 4306/4306 4307/4307 4304/4304
f 4308/4308 4307/4307 4306/4306
f 4303/4303 4308/4308 4306/4306
f 4307/4307 4308/4308 4290/4290
f 4291/4291 4289/4289 4308/4308
f 4290/4290 4308/4308 4289/4289
f 4291/4291 4308/4308 4303/4303
f 4307/4307 4309/4309 4304/4304
f 4307/4307 4290/4290 4309/4309
f 4310/4310 4311/4311 4309/4309
f 4309/4309 4312/4312 4310/4310
f 4309/4309 4290/4290 4312/4312
f 4309/4309 4311/4311 4313/4313
f 4313/4313 4304/4304 4309/4309
f 4313/4313 4305/4305 4304/4304
f 4314/4314 4305/4305 4313/4313
f 4315/4315 4314/4314 4313/4313
f 4316/4316 4315/4315 4313/4313
f 4311/4311 4316/4316 4313/4313
f 4305/4305 4314/4314 4315/4315
f 4305/4305 4316/4316 4317/4317
f 4317/4317 4316/4316 4311/4311
f 4315/4315 4316/4316 4305/4305
f 4318/4318 4317/4317 4311/4311
f 4317/4317 4318/4318 4319/4319
f 4290/4290 4320/4320 4318/4318
f 4318/4318 4310/4310 4290/4290
f 4318/4318 4320/4320 4321/4321
f 4310/4310 4318/4318 4311/4311
f 4322/4322 4318/4318 4321/4321
f 4322/4322 4319/4319 4318/4318
f 4322/4322 4321/4321 4323/4323
f 4323/4323 4324/4324 4325/4325
f 4323/4323 4321/4321 4326/4326
f 4324/4324 4323/4323 4327/4327
f 4326/4326 4328/4328 4323/4323
f 4323/4323 4328/4328 4327/4327
f 4324/4324 4327/4327 4329/4329
f 4326/4326 4329/4329 4327/4327
f 4328/4328 4326/4326 4327/4327
f 4329/4329 4330/4330 4331/4331
f 4321/4321 4330/4330 4329/4329
f 4329/4329 4326/4326 4321/4321
f 4329/4329 4331/4331 4324/4324
f 4331/4331 4332/4332 4324/4324
f 4332/4332 4331/4331 4321/4321
f 4321/4321 4331/4331 4330/4330
f 4332/4332 4333/4333 4334/4334
f 4333/4333 4332/4332 4321/4321
f 4332/4332 4334/4334 4335/4335
f 4336/4336 4324/4324 4332/4332
f 4335/4335 4336/4336 4332/4332
f 4337/4337 4335/4335 4334/4334
f 4335/4335 4337/4337 4325/4325
f 4325/4325 4336/4336 4335/4335
f 4338/4338 4337/4337 4339/4339
f 4334/4334 4339/4339 4337/4337
f 4325/4325 4337/4337 4338/4338
f 4340/4340 4338/4338 4339/4339
f 4340/4340 4325/4325 4338/4338
f 4339/4339 4341/4341 4340/4340
f 4325/4325 4340/4340 4342/4342
f 4340/4340 4343/4343 4342/4342
f 4341/4341 4344/4344 4340/4340
f 4344/4344 4345/4345 4340/4340
f 4345/4345 4343/4343 4340/4340
f 4345/4345 4342/4342 4343/4343
f 4342/4342 4345/4345 4346/4346
f 4344/4344 4346/4346 4345/4345
f 4347/4347 4342/4342 4346/4346
f 4346/4346 4344/4344 4347/4347
f 4348/4348 4347/4347 4344/4344
f 4347/4347 4348/4348 4349/4349
f 4350/4350 4349/4349 4348/4348
f 4350/4350 4348/4348 4351/4351
f 4351/4351 4348/4348 4352/4352
f 4353/4353 4352/4352 4348/4348
f 4352/4352 4353/4353 4354/4354
f 4355/4355 4354/4354 4356/4356
f 4356/4356 4354/4354 4357/4357
f 4354/4354 4353/4353 4357/4357
f 4355/4355 4358/4358 4354/4354
f 4357/4357 4353/4353 4359/4359
f 4360/4360 4361/4361 4359/4359
f 4353/4353 4360/4360 4359/4359
f 4362/4362 4363/4363 4360/4360
f 4362/4362 4360/4360 4353/4353
f 4363/4363 4364/4364 4360/4360
f 4365/4365 4360/4360 4364/4364
f 4365/4365 4366/4366 4360/4360
f 4360/4360 4366/4366 4367/4367
f 4361/4361 4360/4360 4367/4367
f 4364/4364 4363/4363 4368/4368
f 4368/4368 4369/4369 4370/4370
f 4369/4369 4368/4368 4363/4363
f 4369/4369 4371/4371 4370/4370
f 4371/4371 4372/4372 4373/4373
f 4372/4372 4371/4371 4369/4369
f 4372/4372 4374/4374 4373/4373
f 4375/4375 4376/4376 4374/4374
f 4374/4374 4372/4372 4375/4375
f 4377/4377 4376/4376 4375/4375
f 4378/4378 4379/4379 4377/4377
f 4377/4377 4375/4375 4378/4378
f 4379/4379 4378/4378 4380/4380
f 4379/4379 4380/4380 4381/4381
f 4380/4380 4382/4382 4381/4381
f 4382/4382 4383/4383 4384/4384
f 4384/4384 4381/4381 4382/4382
f 4385/4385 4384/4384 4383/4383
f 4385/4385 4386/4386 4387/4387
f 4383/4383 4386/4386 4385/4385
f 4387/4387 4386/4386 4388/4388
f 4389/4389 4390/4390 4388/4388
f 4388/4388 4390/4390 4387/4387
f 4391/4391 4390/4390 4389/4389
f 4389/4389 4392/4392 4391/4391
f 4391/4391 4392/4392 4393/4393
f 4394/4394 4393/4393 4392/4392
f 4395/4395 4393/4393 4396/4396
f 4394/4394 4396/4396 4393/4393
f 4396/4396 4397/4397 4395/4395
f 4398/4398 4397/4397 4399/4399
f 4397/4397 4398/4398 4395/4395
f 4400/4400 4398/4398 4399/4399
f 4401/4401 4400/4400 4402/4402
f 4402/4402 4400/4400 4399/4399
f 4402/4402 4403/4403 4401/4401
f 4401/4401 4403/4403 4404/4404
f 4403/4403 4405/4405 4404/4404
f 4406/4406 4404/4404 4405/4405
f 4407/4407 4406/4406 4405/4405
f 4407/4407 4408/4408 4409/4409
f 4407/4407 4409/4409 4410/4410
f 4410/4410 4406/4406 4407/4407
f 4408/4408 4411/4411 4409/4409
f 4409/4409 4411/4411 4412/4412
f 4413/4413 4409/4409 4412/4412
f 4413/4413 4414/4414 4409/4409
f 4415/4415 4409/4409 4414/4414
f 4416/4416 4409/4409 4415/4415
f 4416/4416 4415/4415 4417/4417
f 4418/4418 4409/4409 4416/4416
f 4363/4363 4416/4416 4419/4419
f 4416/4416 4420/4420 4419/4419
f 4416/4416 4417/4417 4421/4421
f 4416/4416 4421/4421 4422/4422
f 4416/4416 4422/4422 4420/4420
f 4423/4423 4416/4416 4363/4363
f 4418/4418 4416/4416 4423/4423
f 4423/4423 4424/4424 4418/4418
f 4418/4418 4425/4425 4426/4426
f 4418/4418 4426/4426 4409/4409
f 4418/4418 4427/4427 4428/4428
f 4427/4427 4418/4418 4429/4429
f 4429/4429 4418/4418 4430/4430
f 4418/4418 4428/4428 4431/4431
f 4418/4418 4432/4432 4430/4430
f 4418/4418 4431/4431 4425/4425
f 4418/4418 4424/4424 4432/4432
f 4433/4433 4432/4432 4424/4424
f 4423/4423 4434/4434 4424/4424
f 4435/4435 4434/4434 4423/4423
f 4436/4436 4435/4435 4423/4423
f 4437/4437 4436/4436 4423/4423
f 4423/4423 4438/4438 4437/4437
f 4438/4438 4362/4362 4333/4333
f 4362/4362 4438/4438 4423/4423
f 4333/4333 4439/4439 4438/4438
f 4333/4333 4440/4440 4439/4439
f 4440/4440 4333/4333 4441/4441
f 4333/4333 4442/4442 4441/4441
f 4442/4442 4333/4333 4443/4443
f 4443/4443 4333/4333 4444/4444
f 4321/4321 4444/4444 4333/4333
f 4444/4444 4321/4321 4445/4445
f 4321/4321 4446/4446 4445/4445
f 4446/4446 4321/4321 4320/4320
f 4447/4447 4432/4432 4433/4433
f 4447/4447 4448/4448 4432/4432
f 4449/4449 4432/4432 4448/4448
f 4450/4450 4432/4432 4449/4449
f 4449/4449 4451/4451 4450/4450
f 4452/4452 4451/4451 4449/4449
f 4452/4452 4449/4449 4453/4453
f 4453/4453 4454/4454 4452/4452
f 4455/4455 4454/4454 4453/4453
f 4456/4456 4455/4455 4453/4453
f 4457/4457 4456/4456 4458/4458
f 4459/4459 4456/4456 4457/4457
f 4455/4455 4456/4456 4459/4459
f 4458/4458 4460/4460 4457/4457
f 4457/4457 4460/4460 4461/4461
f 4461/4461 4462/4462 4457/4457
f 4463/4463 4462/4462 4461/4461
f 4464/4464 4457/4457 4462/4462
f 4465/4465 4462/4462 4466/4466
f 4467/4467 4462/4462 4465/4465
f 4468/4468 4469/4469 4462/4462
f 4468/4468 4462/4462 4470/4470
f 4471/4471 4466/4466 4462/4462
f 4462/4462 4472/4472 4471/4471
f 4473/4473 4462/4462 4469/4469
f 4464/4464 4462/4462 4474/4474
f 4462/4462 4473/4473 4474/4474
f 4472/4472 4462/4462 4475/4475
f 4475/4475 4462/4462 4476/4476
f 4463/4463 4476/4476 4462/4462
f 4462/4462 4467/4467 4477/4477
f 4462/4462 4477/4477 4470/4470
f 4478/4478 4470/4470 4479/4479
f 4470/4470 4478/4478 4480/4480
f 4481/4481 4482/4482 4470/4470
f 4483/4483 4470/4470 4482/4482
f 4470/4470 4480/4480 4481/4481
f 4470/4470 4483/4483 4468/4468
f 4468/4468 4483/4483 4482/4482
f 4481/4481 4480/4480 4484/4484
f 4482/4482 4481/4481 4484/4484
f 4484/4484 4478/4478 4479/4479
f 4479/4479 4485/4485 4484/4484
f 4480/4480 4478/4478 4484/4484
f 4486/4486 4487/4487 4484/4484
f 4484/4484 4485/4485 4486/4486
f 4473/4473 4482/4482 4484/4484
f 4464/4464 4473/4473 4484/4484
f 4487/4487 4464/4464 4484/4484
f 4488/4488 4487/4487 4479/4479
f 4479/4479 4487/4487 4486/4486
f 4487/4487 4488/4488 4464/4464
f 4479/4479 4457/4457 4488/4488
f 4464/4464 4488/4488 4457/4457
f 4485/4485 4479/4479 4489/4489
f 4485/4485 4489/4489 4486/4486
f 4486/4486 4489/4489 4479/4479
f 4469/4469 4468/4468 4482/4482
f 4473/4473 4469/4469 4482/4482
f 4490/4490 4457/4457 4479/4479
f 4459/4459 4457/4457 4490/4490
f 4465/4465 4491/4491 4467/4467
f 4491/4491 4492/4492 4467/4467
f 4493/4493 4491/4491 4465/4465
f 4491/4491 4493/4493 4494/4494
f 4492/4492 4491/4491 4495/4495
f 4496/4496 4495/4495 4491/4491
f 4491/4491 4497/4497 4496/4496
f 4498/4498 4499/4499 4491/4491
f 4500/4500 4498/4498 4491/4491
f 4491/4491 4494/4494 4500/4500
f 4501/4501 4497/4497 4491/4491
f 4491/4491 4499/4499 4501/4501
f 4500/4500 4494/4494 4502/4502
f 4494/4494 4503/4503 4502/4502
f 4493/4493 4503/4503 4494/4494
f 4500/4500 4502/4502 4504/4504
f 4502/4502 4505/4505 4506/4506
f 4502/4502 4507/4507 4505/4505
f 4507/4507 4502/4502 4493/4493
f 4493/4493 4502/4502 4508/4508
f 4502/4502 4506/4506 4504/4504
f 4503/4503 4508/4508 4502/4502
f 4503/4503 4493/4493 4508/4508
f 4504/4504 4509/4509 4510/4510
f 4504/4504 4511/4511 4509/4509
f 4510/4510 4498/4498 4504/4504
f 4512/4512 4504/4504 4506/4506
f 4504/4504 4512/4512 4511/4511
f 4498/4498 4500/4500 4504/4504
f 4513/4513 4514/4514 4511/4511
f 4514/4514 4509/4509 4511/4511
f 4511/4511 4515/4515 4516/4516
f 4511/4511 4516/4516 4517/4517
f 4511/4511 4518/4518 4519/4519
f 4511/4511 4519/4519 4520/4520
f 4520/4520 4513/4513 4511/4511
f 4512/4512 4521/4521 4511/4511
f 4517/4517 4518/4518 4511/4511
f 4521/4521 4515/4515 4511/4511
f 4516/4516 4522/4522 4517/4517
f 4516/4516 4523/4523 4522/4522
f 4524/4524 4523/4523 4516/4516
f 4524/4524 4516/4516 4525/4525
f 4516/4516 4526/4526 4525/4525
f 4526/4526 4516/4516 4527/4527
f 4528/4528 4527/4527 4253/4253
f 4516/4516 4253/4253 4527/4527
f 4529/4529 4528/4528 4253/4253
f 4530/4530 4529/4529 4253/4253
f 4253/4253 4531/4531 4530/4530
f 4531/4531 4253/4253 4252/4252
f 4506/4506 4515/4515 4521/4521
f 4506/4506 4516/4516 4515/4515
f 4521/4521 4512/4512 4506/4506
f 4253/4253 4516/4516 4260/4260
f 4260/4260 4516/4516 4532/4532
f 4516/4516 4506/4506 4532/4532
f 4505/4505 4260/4260 4532/4532
f 4505/4505 4532/4532 4506/4506
f 4533/4533 4509/4509 4514/4514
f 4534/4534 4510/4510 4533/4533
f 4533/4533 4510/4510 4509/4509
f 4510/4510 4534/4534 4498/4498
f 4498/4498 4534/4534 4499/4499
f 4505/4505 4507/4507 4260/4260
f 4493/4493 4260/4260 4507/4507
f 4260/4260 4493/4493 4284/4284
f 4493/4493 4465/4465 4284/4284
f 4464/4464 4474/4474 4473/4473
f 4466/4466 4535/4535 4465/4465
f 4535/4535 4536/4536 4465/4465
f 4536/4536 4285/4285 4465/4465
f 4285/4285 4536/4536 4537/4537
f 4537/4537 4538/4538 4285/4285
f 4285/4285 4538/4538 4539/4539
f 4540/4540 4285/4285 4539/4539
f 4285/4285 4540/4540 4287/4287
f 4284/4284 4465/4465 4285/4285
f 4541/4541 4542/4542 4455/4455
f 4542/4542 4543/4543 4455/4455
f 4454/4454 4455/4455 4543/4543
f 4544/4544 4450/4450 4543/4543
f 4543/4543 4545/4545 4544/4544
f 4546/4546 4545/4545 4543/4543
f 4547/4547 4546/4546 4543/4543
f 4450/4450 4451/4451 4543/4543
f 4451/4451 4452/4452 4543/4543
f 4452/4452 4454/4454 4543/4543
f 4543/4543 4542/4542 4547/4547
f 4545/4545 4546/4546 4541/4541
f 4548/4548 4545/4545 4541/4541
f 4545/4545 4548/4548 4544/4544
f 4548/4548 4541/4541 4549/4549
f 4548/4548 4549/4549 4544/4544
f 4549/4549 4541/4541 4550/4550
f 4549/4549 4551/4551 4544/4544
f 4550/4550 4551/4551 4549/4549
f 4430/4430 4432/4432 4550/4550
f 4544/4544 4550/4550 4432/4432
f 4544/4544 4551/4551 4550/4550
f 4546/4546 4547/4547 4541/4541
f 4542/4542 4541/4541 4547/4547
f 4552/4552 4553/4553 4544/4544
f 4544/4544 4554/4554 4552/4552
f 4432/4432 4554/4554 4544/4544
f 4553/4553 4450/4450 4544/4544
f 4432/4432 4450/4450 4553/4553
f 4552/4552 4432/4432 4553/4553
f 4432/4432 4552/4552 4554/4554
f 4426/4426 4555/4555 4409/4409
f 4409/4409 4555/4555 4556/4556
f 4556/4556 4557/4557 4409/4409
f 4409/4409 4557/4557 4558/4558
f 4558/4558 4559/4559 4409/4409
f 4559/4559 4410/4410 4409/4409
f 4423/4423 4363/4363 4362/4362
f 4560/4560 4363/4363 4419/4419
f 4560/4560 4561/4561 4363/4363
f 4561/4561 4369/4369 4363/4363
f 4333/4333 4362/4362 4353/4353
f 4333/4333 4353/4353 4348/4348
f 4348/4348 4344/4344 4333/4333
f 4341/4341 4562/4562 4344/4344
f 4562/4562 4341/4341 4333/4333
f 4339/4339 4333/4333 4341/4341
f 4333/4333 4344/4344 4562/4562
f 4334/4334 4333/4333 4339/4339
f 4324/4324 4336/4336 4325/4325
f 4320/4320 4290/4290 4563/4563
f 4564/4564 4563/4563 4290/4290
f 4564/4564 4290/4290 4292/4292
f 4312/4312 4565/4565 4310/4310
f 4565/4565 4312/4312 4290/4290
f 4310/4310 4565/4565 4290/4290
f 4303/4303 4300/4300 4294/4294
f 4294/4294 4291/4291 4303/4303
f 4300/4300 4295/4295 4294/4294
f 4288/4288 4566/4566 4283/4283
f 4282/4282 4283/4283 4566/4566
f 4260/4260 4284/4284 4261/4261
f 4567/4567 4568/4568 4569/4569
f 4567/4567 4570/4570 4568/4568
f 4571/4571 4570/4570 4567/4567
f 4571/4571 4572/4572 4570/4570
f 4573/4573 4574/4574 4572/4572
f 4573/4573 4572/4572 4571/4571
f 4575/4575 4574/4574 4573/4573
f 4575/4575 4576/4576 4574/4574
f 4577/4577 4578/4578 4576/4576
f 4577/4577 4576/4576 4575/4575
f 4579/4579 4580/4580 4581/4581
f 4581/4581 4580/4580 4582/4582
f 4581/4581 4582/4582 4583/4583
f 4583/4583 4582/4582 4584/4584
f 4583/4583 4584/4584 4585/4585
f 4585/4585 4584/4584 4586/4586
f 4585/4585 4586/4586 4587/4587
f 4587/4587 4586/4586 4588/4588
f 4587/4587 4588/4588 4589/4589
f 4589/4589 4588/4588 4590/4590
f 4589/4589 4590/4590 4591/4591
f 4591/4591 4590/4590 4592/4592
f 4591/4591 4592/4592 4593/4593
f 4593/4593 4592/4592 4594/4594
f 4593/4593 4594/4594 4595/4595
f 4579/4579 4596/4596 4580/4580
f 4597/4597 4598/4598 4599/4599
f 4597/4597 4600/4600 4598/4598
f 4601/4601 4600/4600 4597/4597
f 4601/4601 4602/4602 4600/4600
f 4603/4603 4602/4602 4601/4601
f 4603/4603 4604/4604 4602/4602
f 4605/4605 4606/4606 4604/4604
f 4605/4605 4604/4604 4603/4603
f 4607/4607 4606/4606 4605/4605
f 4607/4607 4608/4608 4606/4606
f 4609/4609 4610/4610 4611/4611
f 4611/4611 4610/4610 4612/4612
f 4611/4611 4612/4612 4613/4613
f 4613/4613 4612/4612 4614/4614
f 4615/4615 4614/4614 4616/4616
f 4613/4613 4614/4614 4615/4615
f 4615/4615 4616/4616 4617/4617
f 4617/4617 4618/4618 4619/4619
f 4617/4617 4616/4616 4618/4618
f 4619/4619 4618/4618 4620/4620
f 4619/4619 4620/4620 4621/4621
f 4621/4621 4620/4620 4622/4622
f 4623/4623 4622/4622 4624/4624
f 4621/4621 4622/4622 4623/4623
f 4623/4623 4624/4624 4625/4625
f 4625/4625 4626/4626 4627/4627
f 4625/4625 4624/4624 4626/4626
f 4627/4627 4626/4626 4628/4628
f 4627/4627 4628/4628 4629/4629
f 4629/4629 4628/4628 4630/4630
f 4631/4631 4630/4630 4632/4632
f 4629/4629 4630/4630 4631/4631
f 4631/4631 4632/4632 4633/4633
f 4633/4633 4634/4634 4635/4635
f 4633/4633 4632/4632 4634/4634
f 4635/4635 4634/4634 4636/4636
f 4635/4635 4636/4636 4637/4637
f 4637/4637 4636/4636 4638/4638
f 4639/4639 4638/4638 4640/4640
f 4637/4637 4638/4638 4639/4639
f 4639/4639 4640/4640 4641/4641
f 4609/4609 4642/4642 4610/4610
f 4643/4643 4644/4644 4645/4645
f 4645/4645 4644/4644 4646/4646
f 4645/4645 4646/4646 4647/4647
f 4647/4647 4646/4646 4648/4648
f 4647/4647 4648/4648 4649/4649
f 4649/4649 4648/4648 4650/4650
f 4649/4649 4650/4650 4651/4651
f 4651/4651 4650/4650 4652/4652
f 4651/4651 4652/4652 4653/4653
f 4653/4653 4652/4652 4654/4654
f 4653/4653 4654/4654 4655/4655
f 4655/4655 4654/4654 4656/4656
f 4655/4655 4656/4656 4657/4657
f 4657/4657 4656/4656 4658/4658
f 4657/4657 4658/4658 4659/4659
f 4659/4659 4658/4658 4660/4660
f 4659/4659 4660/4660 4661/4661
f 4661/4661 4660/4660 4662/4662
f 4661/4661 4662/4662 4663/4663
f 4663/4663 4662/4662 4664/4664
f 4663/4663 4664/4664 4665/4665
f 4665/4665 4664/4664 4666/4666
f 4665/4665 4666/4666 4667/4667
f 4667/4667 4666/4666 4668/4668
f 4667/4667 4668/4668 4669/4669
f 4669/4669 4668/4668 4670/4670
f 4669/4669 4670/4670 4671/4671
f 4671/4671 4670/4670 4672/4672
f 4671/4671 4672/4672 4673/4673
f 4673/4673 4672/4672 4674/4674
f 4673/4673 4674/4674 4675/4675
f 4643/4643 4676/4676 4644/4644
f 4677/4677 4678/4678 4679/4679
f 4677/4677 4680/4680 4678/4678
f 4681/4681 4680/4680 4677/4677
f 4681/4681 4682/4682 4680/4680
f 4683/4683 4682/4682 4681/4681
f 4683/4683 4684/4684 4682/4682
f 4685/4685 4686/4686 4684/4684
f 4685/4685 4684/4684 4683/4683
f 4687/4687 4686/4686 4685/4685
f 4687/4687 4685/4685 4688/4688
f 4689/4689 4690/4690 4691/4691
f 4692/4692 4693/4693 4689/4689
f 4689/4689 4693/4693 4690/4690
f 4691/4691 4690/4690 4694/4694
f 4695/4695 4694/4694 4696/4696
f 4691/4691 4694/4694 4695/4695
f 4695/4695 4696/4696 4697/4697
f 4697/4697 4698/4698 4699/4699
f 4697/4697 4696/4696 4698/4698
f 4699/4699 4698/4698 4700/4700
f 4699/4699 4700/4700 4701/4701
f 4701/4701 4700/4700 4702/4702
f 4703/4703 4702/4702 4704/4704
f 4701/4701 4702/4702 4703/4703
f 4703/4703 4704/4704 4705/4705
f 4692/4692 4706/4706 4693/4693
f 4707/4707 4708/4708 4709/4709
f 4707/4707 4710/4710 4708/4708
f 4711/4711 4710/4710 4707/4707
f 4711/4711 4712/4712 4710/4710
f 4713/4713 4714/4714 4712/4712
f 4713/4713 4712/4712 4711/4711
f 4715/4715 4714/4714 4713/4713
f 4715/4715 4716/4716 4714/4714
f 4717/4717 4718/4718 4716/4716
f 4717/4717 4716/4716 4715/4715
f 4719/4719 4720/4720 4721/4721
f 4720/4720 4722/4722 4721/4721
f 4719/4719 4723/4723 4720/4720
f 4724/4724 4723/4723 4719/4719
f 4724/4724 4725/4725 4723/4723
f 4726/4726 4725/4725 4724/4724
f 4726/4726 4727/4727 4725/4725
f 4728/4728 4727/4727 4726/4726
f 4728/4728 4726/4726 4729/4729
f 4730/4730 4731/4731 4728/4728
f 4730/4730 4728/4728 4729/4729
f 4732/4732 4733/4733 4731/4731
f 4732/4732 4731/4731 4730/4730
f 4734/4734 4733/4733 4732/4732
f 4734/4734 4732/4732 4735/4735
f 4736/4736 4734/4734 4735/4735
f 4736/4736 4735/4735 4737/4737
f 4738/4738 4736/4736 4737/4737
f 4738/4738 4737/4737 4739/4739
f 4740/4740 4741/4741 4738/4738
f 4740/4740 4738/4738 4739/4739
f 4742/4742 4741/4741 4740/4740
f 4742/4742 4743/4743 4741/4741
f 4744/4744 4743/4743 4742/4742
f 4744/4744 4745/4745 4743/4743
f 4746/4746 4745/4745 4744/4744
f 4746/4746 4747/4747 4745/4745
f 4748/4748 4747/4747 4746/4746
f 4748/4748 4749/4749 4747/4747
f 4749/4749 4748/4748 4750/4750
f 4749/4749 4750/4750 4751/4751
f 4752/4752 4751/4751 4750/4750
f 4752/4752 4753/4753 4751/4751
f 4754/4754 4753/4753 4752/4752
f 4754/4754 4755/4755 4753/4753
f 4756/4756 4755/4755 4754/4754
f 4756/4756 4757/4757 4755/4755
f 4758/4758 4757/4757 4756/4756
f 4758/4758 4759/4759 4757/4757
f 4760/4760 4761/4761 4759/4759
f 4760/4760 4759/4759 4758/4758
f 4762/4762 4761/4761 4760/4760
f 4762/4762 4763/4763 4761/4761
f 4764/4764 4765/4765 4763/4763
f 4764/4764 4763/4763 4762/4762
f 4766/4766 4765/4765 4764/4764
f 4766/4766 4767/4767 4765/4765
f 4768/4768 4769/4769 4767/4767
f 4768/4768 4767/4767 4766/4766
f 4770/4770 4769/4769 4768/4768
f 4770/4770 4771/4771 4769/4769
f 4772/4772 4771/4771 4770/4770
f 4772/4772 4773/4773 4771/4771
f 4774/4774 4773/4773 4772/4772
f 4774/4774 4775/4775 4773/4773
f 4776/4776 4775/4775 4774/4774
f 4776/4776 4777/4777 4775/4775
f 4778/4778 4777/4777 4776/4776
f 4778/4778 4779/4779 4777/4777
f 4780/4780 4779/4779 4778/4778
f 4780/4780 4778/4778 4781/4781
f 4782/4782 4780/4780 4781/4781
f 4782/4782 4781/4781 4783/4783
f 4720/4720 4784/4784 4722/4722
f 4785/4785 4786/4786 4787/4787
f 4788/4788 4789/4789 4785/4785
f 4785/4785 4789/4789 4786/4786
f 4787/4787 4786/4786 4790/4790
f 4791/4791 4790/4790 4792/4792
f 4787/4787 4790/4790 4791/4791
f 4791/4791 4792/4792 4793/4793
f 4793/4793 4794/4794 4795/4795
f 4793/4793 4792/4792 4794/4794
f 4795/4795 4794/4794 4796/4796
f 4795/4795 4796/4796 4797/4797
f 4797/4797 4796/4796 4798/4798
f 4799/4799 4798/4798 4800/4800
f 4797/4797 4798/4798 4799/4799
f 4799/4799 4800/4800 4801/4801
f 4801/4801 4802/4802 4803/4803
f 4801/4801 4800/4800 4802/4802
f 4803/4803 4802/4802 4804/4804
f 4803/4803 4804/4804 4805/4805
f 4805/4805 4804/4804 4806/4806
f 4807/4807 4806/4806 4808/4808
f 4805/4805 4806/4806 4807/4807
f 4807/4807 4808/4808 4809/4809
f 4809/4809 4810/4810 4811/4811
f 4809/4809 4808/4808 4810/4810
f 4811/4811 4810/4810 4812/4812
f 4811/4811 4812/4812 4813/4813
f 4813/4813 4812/4812 4814/4814
f 4815/4815 4814/4814 4816/4816
f 4813/4813 4814/4814 4815/4815
f 4815/4815 4816/4816 4817/4817
f 4817/4817 4818/4818 4819/4819
f 4817/4817 4816/4816 4818/4818
f 4819/4819 4818/4818 4820/4820
f 4819/4819 4820/4820 4821/4821
f 4821/4821 4820/4820 4822/4822
f 4823/4823 4822/4822 4824/4824
f 4821/4821 4822/4822 4823/4823
f 4823/4823 4824/4824 4825/4825
f 4825/4825 4826/4826 4827/4827
f 4825/4825 4824/4824 4826/4826
f 4827/4827 4826/4826 4828/4828
f 4827/4827 4828/4828 4829/4829
f 4829/4829 4828/4828 4830/4830
f 4831/4831 4830/4830 4832/4832
f 4829/4829 4830/4830 4831/4831
f 4831/4831 4832/4832 4833/4833
f 4833/4833 4834/4834 4835/4835
f 4833/4833 4832/4832 4834/4834
f 4835/4835 4834/4834 4836/4836
f 4835/4835 4836/4836 4837/4837
f 4837/4837 4836/4836 4838/4838
f 4839/4839 4838/4838 4840/4840
f 4837/4837 4838/4838 4839/4839
f 4839/4839 4840/4840 4841/4841
f 4841/4841 4842/4842 4843/4843
f 4841/4841 4840/4840 4842/4842
f 4843/4843 4842/4842 4844/4844
f 4843/4843 4844/4844 4845/4845
f 4845/4845 4844/4844 4846/4846
f 4847/4847 4846/4846 4848/4848
f 4845/4845 4846/4846 4847/4847
f 4847/4847 4848/4848 4849/4849
f 4788/4788 4850/4850 4789/4789
f 4851/4851 4852/4852 4853/4853
f 4853/4853 4854/4854 4851/4851
f 4855/4855 4851/4851 4854/4854
f 4854/4854 4856/4856 4855/4855
f 4857/4857 4856/4856 4858/4858
f 4856/4856 4857/4857 4855/4855
f 4858/4858 4859/4859 4857/4857
f 4858/4858 4860/4860 4859/4859
f 4859/4859 4860/4860 4861/4861
f 4861/4861 4860/4860 4862/4862
f 4863/4863 4861/4861 4862/4862
f 4862/4862 4864/4864 4863/4863
f 4865/4865 4863/4863 4864/4864
f 4866/4866 4865/4865 4864/4864
f 4865/4865 4866/4866 4867/4867
f 4866/4866 4868/4868 4867/4867
f 4867/4867 4868/4868 4869/4869
f 4868/4868 4870/4870 4869/4869
f 4871/4871 4869/4869 4870/4870
f 4870/4870 4872/4872 4871/4871
f 4873/4873 4871/4871 4872/4872
f 4872/4872 4874/4874 4873/4873
f 4874/4874 4875/4875 4876/4876
f 4876/4876 4873/4873 4874/4874
f 4877/4877 4876/4876 4875/4875
f 4875/4875 4878/4878 4877/4877
f 4879/4879 4877/4877 4878/4878
f 4878/4878 4880/4880 4879/4879
f 4881/4881 4879/4879 4880/4880
f 4880/4880 4882/4882 4881/4881
f 4882/4882 4883/4883 4884/4884
f 4884/4884 4881/4881 4882/4882
f 4884/4884 4885/4885 4886/4886
f 4885/4885 4884/4884 4883/4883
f 4886/4886 4887/4887 4888/4888
f 4887/4887 4886/4886 4885/4885
f 4888/4888 4887/4887 4889/4889
f 4889/4889 4890/4890 4888/4888
f 4890/4890 4889/4889 4891/4891
f 4890/4890 4891/4891 4892/4892
f 4892/4892 4891/4891 4893/4893
f 4893/4893 4894/4894 4892/4892
f 4894/4894 4893/4893 4895/4895
f 4895/4895 4896/4896 4897/4897
f 4896/4896 4895/4895 4898/4898
f 4894/4894 4895/4895 4897/4897
f 4898/4898 4899/4899 4900/4900
f 4896/4896 4898/4898 4900/4900
f 4901/4901 4899/4899 4902/4902
f 4899/4899 4901/4901 4900/4900
f 4901/4901 4902/4902 4903/4903
f 4904/4904 4903/4903 4905/4905
f 4902/4902 4905/4905 4903/4903
f 4905/4905 4906/4906 4904/4904
f 4907/4907 4904/4904 4906/4906
f 4908/4908 4907/4907 4909/4909
f 4906/4906 4909/4909 4907/4907
f 4910/4910 4908/4908 4911/4911
f 4909/4909 4911/4911 4908/4908
f 4911/4911 4912/4912 4910/4910
f 4913/4913 4910/4910 4912/4912
f 4912/4912 4914/4914 4913/4913
f 4915/4915 4913/4913 4914/4914
f 4916/4916 4917/4917 4915/4915
f 4913/4913 4915/4915 4917/4917
f 4918/4918 4919/4919 4916/4916
f 4917/4917 4916/4916 4919/4919
f 4919/4919 4918/4918 4920/4920
f 4921/4921 4920/4920 4918/4918
f 4922/4922 4921/4921 4923/4923
f 4922/4922 4920/4920 4921/4921
f 4924/4924 4922/4922 4923/4923
f 4925/4925 4924/4924 4923/4923
f 4926/4926 4927/4927 4925/4925
f 4924/4924 4925/4925 4927/4927
f 4927/4927 4926/4926 4928/4928
f 4929/4929 4928/4928 4930/4930
f 4928/4928 4926/4926 4930/4930
f 4931/4931 4929/4929 4930/4930
f 4932/4932 4929/4929 4931/4931
f 4932/4932 4931/4931 4933/4933
f 4934/4934 4935/4935 4933/4933
f 4935/4935 4932/4932 4933/4933
f 4935/4935 4934/4934 4936/4936
f 4937/4937 4936/4936 4934/4934
f 4936/4936 4937/4937 4938/4938
f 4938/4938 4939/4939 4940/4940
f 4939/4939 4938/4938 4937/4937
f 4941/4941 4940/4940 4939/4939
f 4942/4942 4943/4943 4941/4941
f 4940/4940 4941/4941 4943/4943
f 4943/4943 4942/4942 4944/4944
f 4945/4945 4944/4944 4942/4942
f 4944/4944 4945/4945 4946/4946
f 4946/4946 4947/4947 4948/4948
f 4947/4947 4946/4946 4945/4945
f 4949/4949 4948/4948 4947/4947
f 4950/4950 4951/4951 4949/4949
f 4948/4948 4949/4949 4951/4951
f 4952/4952 4950/4950 4953/4953
f 4950/4950 4952/4952 4951/4951
f 4953/4953 4954/4954 4952/4952
f 4955/4955 4954/4954 4953/4953
f 4955/4955 4956/4956 4954/4954
f 4956/4956 4955/4955 4957/4957
f 4957/4957 4958/4958 4956/4956
f 4959/4959 4958/4958 4957/4957
f 4959/4959 4960/4960 4958/4958
f 4960/4960 4959/4959 4961/4961
f 4961/4961 4962/4962 4960/4960
f 4963/4963 4962/4962 4961/4961
f 4963/4963 4964/4964 4962/4962
f 4964/4964 4963/4963 4965/4965
f 4965/4965 4966/4966 4964/4964
f 4967/4967 4966/4966 4965/4965
f 4966/4966 4967/4967 4968/4968
f 4969/4969 4968/4968 4967/4967
f 4968/4968 4969/4969 4970/4970
f 4971/4971 4970/4970 4969/4969
f 4970/4970 4971/4971 4972/4972
f 4973/4973 4972/4972 4971/4971
f 4972/4972 4973/4973 4974/4974
f 4975/4975 4974/4974 4973/4973
f 4975/4975 4976/4976 4977/4977
f 4977/4977 4978/4978 4975/4975
f 4974/4974 4975/4975 4978/4978
f 4852/4852 4977/4977 4976/4976
f 4976/4976 4853/4853 4852/4852
f 4979/4979 4980/4980 4981/4981
f 4982/4982 4983/4983 4979/4979
f 4979/4979 4983/4983 4980/4980
f 4981/4981 4980/4980 4984/4984
f 4981/4981 4984/4984 4985/4985
f 4985/4985 4984/4984 4986/4986
f 4985/4985 4986/4986 4987/4987
f 4987/4987 4986/4986 4988/4988
f 4987/4987 4988/4988 4989/4989
f 4989/4989 4988/4988 4990/4990
f 4989/4989 4990/4990 4991/4991
f 4991/4991 4990/4990 4992/4992
f 4991/4991 4992/4992 4993/4993
f 4993/4993 4992/4992 4994/4994
f 4993/4993 4994/4994 4995/4995
f 4995/4995 4994/4994 4996/4996
f 4995/4995 4996/4996 4997/4997
f 4997/4997 4996/4996 4998/4998
f 4997/4997 4998/4998 4999/4999
f 4999/4999 4998/4998 5000/5000
f 4999/4999 5000/5000 5001/5001
f 5001/5001 5000/5000 5002/5002
f 5001/5001 5002/5002 5003/5003
f 5003/5003 5002/5002 5004/5004
f 5003/5003 5004/5004 5005/5005
f 5005/5005 5004/5004 5006/5006
f 5005/5005 5006/5006 5007/5007
f 5007/5007 5006/5006 5008/5008
f 5007/5007 5008/5008 5009/5009
f 5009/5009 5008/5008 5010/5010
f 5009/5009 5010/5010 5011/5011
f 4982/4982 5012/5012 4983/4983
f 5013/5013 5014/5014 5015/5015
f 5016/5016 5013/5013 5015/5015
f 5016/5016 5017/5017 5013/5013
f 5018/5018 5017/5017 5016/5016
f 5019/5019 5017/5017 5018/5018
f 5018/5018 5020/5020 5019/5019
f 5020/5020 5018/5018 5021/5021
f 5021/5021 5018/5018 5022/5022
f 5021/5021 5022/5022 5023/5023
f 5023/5023 5024/5024 5021/5021
f 5024/5024 5023/5023 5025/5025
f 5025/5025 5026/5026 5024/5024
f 5015/5015 5027/5027 5016/5016
f 5028/5028 5029/5029 5027/5027
f 5028/5028 5027/5027 5015/5015
f 5029/5029 5028/5028 5030/5030
f 5031/5031 5029/5029 5030/5030
f 5030/5030 5032/5032 5031/5031
f 5033/5033 5032/5032 5030/5030
f 5033/5033 5030/5030 5034/5034
f 5035/5035 5015/5015 5014/5014
f 5036/5036 5037/5037 5035/5035
f 5035/5035 5014/5014 5036/5036
f 5036/5036 5038/5038 5037/5037
f 5038/5038 5039/5039 5037/5037
f 5038/5038 5040/5040 5039/5039
f 5041/5041 5039/5039 5040/5040
f 5042/5042 5041/5041 5040/5040
f 5041/5041 5042/5042 5043/5043
f 5042/5042 5044/5044 5043/5043
f 5045/5045 5046/5046 5047/5047
f 5047/5047 5046/5046 5048/5048
f 5047/5047 5048/5048 5049/5049
f 5049/5049 5048/5048 5050/5050
f 5051/5051 5050/5050 5052/5052
f 5049/5049 5050/5050 5051/5051
f 5051/5051 5052/5052 5053/5053
f 5053/5053 5054/5054 5055/5055
f 5053/5053 5052/5052 5054/5054
f 5055/5055 5054/5054 5056/5056
f 5055/5055 5056/5056 5057/5057
f 5057/5057 5056/5056 5058/5058
f 5059/5059 5058/5058 5060/5060
f 5057/5057 5058/5058 5059/5059
f 5059/5059 5060/5060 5061/5061
f 5061/5061 5062/5062 5063/5063
f 5061/5061 5060/5060 5062/5062
f 5063/5063 5062/5062 5064/5064
f 5063/5063 5064/5064 5065/5065
f 5065/5065 5064/5064 5066/5066
f 5067/5067 5066/5066 5068/5068
f 5065/5065 5066/5066 5067/5067
f 5067/5067 5068/5068 5069/5069
f 5069/5069 5070/5070 5071/5071
f 5069/5069 5068/5068 5070/5070
f 5071/5071 5070/5070 5072/5072
f 5071/5071 5072/5072 5073/5073
f 5073/5073 5072/5072 5074/5074
f 5075/5075 5074/5074 5076/5076
f 5073/5073 5074/5074 5075/5075
f 5075/5075 5076/5076 5077/5077
f 5045/5045 5078/5078 5046/5046
f 5079/5079 5080/5080 5081/5081
f 5079/5079 5081/5081 5082/5082
f 5079/5079 5083/5083 5080/5080
f 5083/5083 5084/5084 5080/5080
f 5083/5083 5085/5085 5084/5084
f 5086/5086 5084/5084 5085/5085
f 5087/5087 5086/5086 5085/5085
f 5087/5087 5088/5088 5089/5089
f 5089/5089 5086/5086 5087/5087
f 5090/5090 5082/5082 5081/5081
f 5081/5081 5091/5091 5090/5090
f 5090/5090 5091/5091 5092/5092
f 5092/5092 5093/5093 5090/5090
f 5093/5093 5092/5092 5094/5094
f 5095/5095 5094/5094 5092/5092
f 5094/5094 5095/5095 5096/5096
f 5097/5097 5096/5096 5098/5098
f 5096/5096 5095/5095 5098/5098
f 5097/5097 5098/5098 5099/5099
f 5099/5099 5100/5100 5097/5097
f 5099/5099 5101/5101 5100/5100
f 5101/5101 5099/5099 5102/5102
f 5091/5091 5103/5103 5092/5092
f 5104/5104 5105/5105 5103/5103
f 5104/5104 5103/5103 5091/5091
f 5106/5106 5105/5105 5104/5104
f 5107/5107 5105/5105 5106/5106
f 5106/5106 5108/5108 5107/5107
f 5109/5109 5110/5110 5106/5106
f 5110/5110 5108/5108 5106/5106
f 5111/5111 5112/5112 5113/5113
f 5112/5112 5114/5114 5113/5113
f 5111/5111 5115/5115 5112/5112
f 5116/5116 5115/5115 5111/5111
f 5116/5116 5117/5117 5115/5115
f 5118/5118 5117/5117 5116/5116
f 5118/5118 5119/5119 5117/5117
f 5120/5120 5121/5121 5119/5119
f 5120/5120 5119/5119 5118/5118
f 5122/5122 5121/5121 5120/5120
f 5122/5122 5123/5123 5121/5121
f 5124/5124 5125/5125 5123/5123
f 5124/5124 5123/5123 5122/5122
f 5126/5126 5125/5125 5124/5124
f 5126/5126 5127/5127 5125/5125
f 5128/5128 5127/5127 5126/5126
f 5128/5128 5129/5129 5127/5127
f 5130/5130 5129/5129 5128/5128
f 5130/5130 5131/5131 5129/5129
f 5132/5132 5131/5131 5130/5130
f 5132/5132 5133/5133 5131/5131
f 5134/5134 5133/5133 5132/5132
f 5134/5134 5135/5135 5133/5133
f 5136/5136 5135/5135 5134/5134
f 5136/5136 5137/5137 5135/5135
f 5138/5138 5137/5137 5136/5136
f 5138/5138 5139/5139 5137/5137
f 5140/5140 5139/5139 5138/5138
f 5140/5140 5141/5141 5139/5139
f 5141/5141 5140/5140 5142/5142
f 5141/5141 5142/5142 5143/5143
f 5144/5144 5143/5143 5142/5142
f 5144/5144 5145/5145 5143/5143
f 5146/5146 5145/5145 5144/5144
f 5146/5146 5147/5147 5145/5145
f 5148/5148 5147/5147 5146/5146
f 5148/5148 5149/5149 5147/5147
f 5150/5150 5149/5149 5148/5148
f 5150/5150 5151/5151 5149/5149
f 5152/5152 5153/5153 5151/5151
f 5152/5152 5151/5151 5150/5150
f 5154/5154 5153/5153 5152/5152
f 5154/5154 5155/5155 5153/5153
f 5156/5156 5155/5155 5154/5154
f 5156/5156 5157/5157 5155/5155
f 5158/5158 5157/5157 5156/5156
f 5158/5158 5159/5159 5157/5157
f 5160/5160 5159/5159 5158/5158
f 5160/5160 5161/5161 5159/5159
f 5162/5162 5161/5161 5160/5160
f 5162/5162 5163/5163 5161/5161
f 5164/5164 5165/5165 5163/5163
f 5164/5164 5163/5163 5162/5162
f 5166/5166 5165/5165 5164/5164
f 5166/5166 5167/5167 5165/5165
f 5168/5168 5167/5167 5166/5166
f 5169/5169 5170/5170 5168/5168
f 5168/5168 5170/5170 5167/5167
f 5169/5169 5168/5168 5171/5171
f 5172/5172 5169/5169 5171/5171
f 5172/5172 5171/5171 5173/5173
f 5174/5174 5172/5172 5173/5173
f 5174/5174 5173/5173 5175/5175
f 5112/5112 5176/5176 5114/5114
f 5177/5177 5178/5178 5179/5179
f 5179/5179 5178/5178 5180/5180
f 5179/5179 5180/5180 5181/5181
f 5181/5181 5180/5180 5182/5182
f 5183/5183 5182/5182 5184/5184
f 5181/5181 5182/5182 5183/5183
f 5183/5183 5184/5184 5185/5185
f 5185/5185 5186/5186 5187/5187
f 5185/5185 5184/5184 5186/5186
f 5187/5187 5186/5186 5188/5188
f 5187/5187 5188/5188 5189/5189
f 5189/5189 5188/5188 5190/5190
f 5191/5191 5190/5190 5192/5192
f 5189/5189 5190/5190 5191/5191
f 5191/5191 5192/5192 5193/5193
f 5193/5193 5194/5194 5195/5195
f 5193/5193 5192/5192 5194/5194
f 5195/5195 5194/5194 5196/5196
f 5195/5195 5196/5196 5197/5197
f 5197/5197 5196/5196 5198/5198
f 5199/5199 5198/5198 5200/5200
f 5197/5197 5198/5198 5199/5199
f 5199/5199 5200/5200 5201/5201
f 5201/5201 5202/5202 5203/5203
f 5201/5201 5200/5200 5202/5202
f 5203/5203 5202/5202 5204/5204
f 5203/5203 5204/5204 5205/5205
f 5205/5205 5204/5204 5206/5206
f 5207/5207 5206/5206 5208/5208
f 5205/5205 5206/5206 5207/5207
f 5207/5207 5208/5208 5209/5209
f 5209/5209 5210/5210 5211/5211
f 5209/5209 5208/5208 5210/5210
f 5211/5211 5210/5210 5212/5212
f 5211/5211 5212/5212 5213/5213
f 5213/5213 5212/5212 5214/5214
f 5215/5215 5214/5214 5216/5216
f 5213/5213 5214/5214 5215/5215
f 5215/5215 5216/5216 5217/5217
f 5217/5217 5218/5218 5219/5219
f 5217/5217 5216/5216 5218/5218
f 5219/5219 5218/5218 5220/5220
f 5219/5219 5220/5220 5221/5221
f 5221/5221 5220/5220 5222/5222
f 5223/5223 5222/5222 5224/5224
f 5221/5221 5222/5222 5223/5223
f 5223/5223 5224/5224 5225/5225
f 5225/5225 5226/5226 5227/5227
f 5225/5225 5224/5224 5226/5226
f 5227/5227 5226/5226 5228/5228
f 5227/5227 5228/5228 5229/5229
f 5229/5229 5228/5228 5230/5230
f 5231/5231 5230/5230 5232/5232
f 5229/5229 5230/5230 5231/5231
f 5231/5231 5232/5232 5233/5233
f 5233/5233 5234/5234 5235/5235
f 5233/5233 5232/5232 5234/5234
f 5235/5235 5234/5234 5236/5236
f 5235/5235 5236/5236 5237/5237
f 5237/5237 5236/5236 5238/5238
f 5239/5239 5238/5238 5240/5240
f 5237/5237 5238/5238 5239/5239
f 5239/5239 5240/5240 5241/5241
f 5177/5177 5242/5242 5178/5178
f 5243/5243 5244/5244 5245/5245
f 5245/5245 5246/5246 5243/5243
f 5247/5247 5243/5243 5246/5246
f 5246/5246 5248/5248 5247/5247
f 5249/5249 5248/5248 5250/5250
f 5248/5248 5249/5249 5247/5247
f 5250/5250 5251/5251 5249/5249
f 5250/5250 5252/5252 5251/5251
f 5251/5251 5252/5252 5253/5253
f 5253/5253 5252/5252 5254/5254
f 5255/5255 5253/5253 5254/5254
f 5254/5254 5256/5256 5255/5255
f 5257/5257 5255/5255 5256/5256
f 5258/5258 5257/5257 5256/5256
f 5257/5257 5258/5258 5259/5259
f 5258/5258 5260/5260 5259/5259
f 5259/5259 5260/5260 5261/5261
f 5260/5260 5262/5262 5261/5261
f 5262/5262 5263/5263 5264/5264
f 5264/5264 5261/5261 5262/5262
f 5265/5265 5264/5264 5263/5263
f 5266/5266 5265/5265 5267/5267
f 5263/5263 5267/5267 5265/5265
f 5267/5267 5268/5268 5266/5266
f 5269/5269 5266/5266 5268/5268
f 5270/5270 5271/5271 5269/5269
f 5266/5266 5269/5269 5271/5271
f 5271/5271 5270/5270 5272/5272
f 5272/5272 5273/5273 5274/5274
f 5273/5273 5272/5272 5270/5270
f 5274/5274 5275/5275 5276/5276
f 5275/5275 5274/5274 5273/5273
f 5277/5277 5276/5276 5275/5275
f 5276/5276 5277/5277 5278/5278
f 5279/5279 5278/5278 5277/5277
f 5278/5278 5279/5279 5280/5280
f 5281/5281 5282/5282 5280/5280
f 5280/5280 5279/5279 5281/5281
f 5282/5282 5281/5281 5283/5283
f 5282/5282 5283/5283 5284/5284
f 5284/5284 5283/5283 5285/5285
f 5285/5285 5286/5286 5284/5284
f 5286/5286 5285/5285 5287/5287
f 5286/5286 5287/5287 5288/5288
f 5287/5287 5289/5289 5288/5288
f 5289/5289 5287/5287 5290/5290
f 5289/5289 5290/5290 5291/5291
f 5290/5290 5292/5292 5291/5291
f 5292/5292 5293/5293 5291/5291
f 5293/5293 5292/5292 5294/5294
f 5293/5293 5294/5294 5295/5295
f 5294/5294 5296/5296 5295/5295
f 5297/5297 5295/5295 5296/5296
f 5296/5296 5298/5298 5297/5297
f 5299/5299 5297/5297 5298/5298
f 5300/5300 5299/5299 5301/5301
f 5298/5298 5301/5301 5299/5299
f 5302/5302 5300/5300 5303/5303
f 5301/5301 5303/5303 5300/5300
f 5303/5303 5304/5304 5302/5302
f 5305/5305 5302/5302 5304/5304
f 5304/5304 5306/5306 5305/5305
f 5307/5307 5305/5305 5306/5306
f 5308/5308 5307/5307 5309/5309
f 5306/5306 5309/5309 5307/5307
f 5310/5310 5308/5308 5311/5311
f 5309/5309 5311/5311 5308/5308
f 5311/5311 5312/5312 5310/5310
f 5312/5312 5313/5313 5310/5310
f 5314/5314 5313/5313 5312/5312
f 5315/5315 5313/5313 5314/5314
f 5315/5315 5314/5314 5316/5316
f 5316/5316 5317/5317 5315/5315
f 5317/5317 5316/5316 5318/5318
f 5319/5319 5317/5317 5318/5318
f 5320/5320 5319/5319 5321/5321
f 5318/5318 5321/5321 5319/5319
f 5322/5322 5320/5320 5321/5321
f 5323/5323 5320/5320 5322/5322
f 5324/5324 5323/5323 5322/5322
f 5323/5323 5324/5324 5325/5325
f 5326/5326 5325/5325 5327/5327
f 5324/5324 5327/5327 5325/5325
f 5327/5327 5328/5328 5326/5326
f 5329/5329 5326/5326 5328/5328
f 5328/5328 5330/5330 5329/5329
f 5330/5330 5331/5331 5332/5332
f 5332/5332 5329/5329 5330/5330
f 5333/5333 5332/5332 5331/5331
f 5334/5334 5333/5333 5335/5335
f 5331/5331 5335/5335 5333/5333
f 5335/5335 5336/5336 5334/5334
f 5337/5337 5334/5334 5336/5336
f 5336/5336 5338/5338 5337/5337
f 5338/5338 5339/5339 5340/5340
f 5340/5340 5337/5337 5338/5338
f 5341/5341 5340/5340 5339/5339
f 5342/5342 5341/5341 5343/5343
f 5339/5339 5343/5343 5341/5341
f 5344/5344 5342/5342 5343/5343
f 5344/5344 5345/5345 5342/5342
f 5346/5346 5345/5345 5347/5347
f 5345/5345 5344/5344 5347/5347
f 5348/5348 5346/5346 5347/5347
f 5348/5348 5349/5349 5346/5346
f 5350/5350 5349/5349 5351/5351
f 5349/5349 5348/5348 5351/5351
f 5352/5352 5350/5350 5351/5351
f 5353/5353 5352/5352 5354/5354
f 5352/5352 5353/5353 5350/5350
f 5355/5355 5353/5353 5354/5354
f 5356/5356 5355/5355 5354/5354
f 5356/5356 5357/5357 5355/5355
f 5357/5357 5356/5356 5358/5358
f 5359/5359 5357/5357 5358/5358
f 5358/5358 5360/5360 5359/5359
f 5361/5361 5359/5359 5360/5360
f 5362/5362 5361/5361 5363/5363
f 5360/5360 5363/5363 5361/5361
f 5363/5363 5364/5364 5362/5362
f 5365/5365 5362/5362 5364/5364
f 5364/5364 5366/5366 5365/5365
f 5367/5367 5365/5365 5366/5366
f 5368/5368 5367/5367 5369/5369
f 5366/5366 5369/5369 5367/5367
f 5369/5369 5370/5370 5368/5368
f 5244/5244 5368/5368 5370/5370
f 5370/5370 5245/5245 5244/5244
f 5371/5371 5372/5372 5373/5373
f 5373/5373 5372/5372 5374/5374
f 5373/5373 5374/5374 5375/5375
f 5375/5375 5374/5374 5376/5376
f 5375/5375 5376/5376 5377/5377
f 5377/5377 5376/5376 5378/5378
f 5377/5377 5378/5378 5379/5379
f 5379/5379 5378/5378 5380/5380
f 5379/5379 5380/5380 5381/5381
f 5381/5381 5380/5380 5382/5382
f 5381/5381 5382/5382 5383/5383
f 5383/5383 5382/5382 5384/5384
f 5383/5383 5384/5384 5385/5385
f 5385/5385 5384/5384 5386/5386
f 5385/5385 5386/5386 5387/5387
f 5387/5387 5386/5386 5388/5388
f 5387/5387 5388/5388 5389/5389
f 5389/5389 5388/5388 5390/5390
f 5389/5389 5390/5390 5391/5391
f 5391/5391 5390/5390 5392/5392
f 5391/5391 5392/5392 5393/5393
f 5393/5393 5392/5392 5394/5394
f 5393/5393 5394/5394 5395/5395
f 5395/5395 5394/5394 5396/5396
f 5395/5395 5396/5396 5397/5397
f 5397/5397 5396/5396 5398/5398
f 5397/5397 5398/5398 5399/5399
f 5399/5399 5398/5398 5400/5400
f 5399/5399 5400/5400 5401/5401
f 5401/5401 5400/5400 5402/5402
f 5401/5401 5402/5402 5403/5403
f 5371/5371 5404/5404 5372/5372
f 5405/5405 5406/5406 5407/5407
f 5406/5406 5405/5405 5408/5408
f 5406/5406 5408/5408 5409/5409
f 5410/5410 5409/5409 5411/5411
f 5408/5408 5411/5411 5409/5409
f 5410/5410 5412/5412 5413/5413
f 5412/5412 5410/5410 5411/5411
f 5413/5413 5414/5414 5410/5410
f 5415/5415 5414/5414 5413/5413
f 5416/5416 5414/5414 5415/5415
f 5417/5417 5416/5416 5415/5415
f 5417/5417 5418/5418 5416/5416
f 5417/5417 5419/5419 5418/5418
f 5419/5419 5420/5420 5418/5418
f 5420/5420 5419/5419 5421/5421
f 5411/5411 5422/5422 5412/5412
f 5422/5422 5411/5411 5423/5423
f 5422/5422 5423/5423 5424/5424
f 5425/5425 5424/5424 5423/5423
f 5426/5426 5427/5427 5425/5425
f 5426/5426 5425/5425 5423/5423
f 5426/5426 5428/5428 5427/5427
f 5428/5428 5429/5429 5427/5427
f 5429/5429 5428/5428 5430/5430
f 5431/5431 5429/5429 5430/5430
f 5431/5431 5430/5430 5432/5432
f 5431/5431 5432/5432 5433/5433
f 5434/5434 5435/5435 5405/5405
f 5405/5405 5435/5435 5436/5436
f 5407/5407 5434/5434 5405/5405
f 5437/5437 5438/5438 5439/5439
f 5440/5440 5441/5441 5437/5437
f 5437/5437 5441/5441 5438/5438
f 5439/5439 5438/5438 5442/5442
f 5443/5443 5442/5442 5444/5444
f 5439/5439 5442/5442 5443/5443
f 5443/5443 5444/5444 5445/5445
f 5445/5445 5446/5446 5447/5447
f 5445/5445 5444/5444 5446/5446
f 5447/5447 5446/5446 5448/5448
f 5447/5447 5448/5448 5449/5449
f 5449/5449 5448/5448 5450/5450
f 5451/5451 5450/5450 5452/5452
f 5449/5449 5450/5450 5451/5451
f 5451/5451 5452/5452 5453/5453
f 5453/5453 5454/5454 5455/5455
f 5453/5453 5452/5452 5454/5454
f 5455/5455 5454/5454 5456/5456
f 5455/5455 5456/5456 5457/5457
f 5457/5457 5456/5456 5458/5458
f 5459/5459 5458/5458 5460/5460
f 5457/5457 5458/5458 5459/5459
f 5459/5459 5460/5460 5461/5461
f 5461/5461 5462/5462 5463/5463
f 5461/5461 5460/5460 5462/5462
f 5463/5463 5462/5462 5464/5464
f 5463/5463 5464/5464 5465/5465
f 5465/5465 5464/5464 5466/5466
f 5467/5467 5466/5466 5468/5468
f 5465/5465 5466/5466 5467/5467
f 5467/5467 5468/5468 5469/5469
f 5440/5440 5470/5470 5441/5441
f 5471/5471 5472/5472 5473/5473
f 5472/5472 5471/5471 5474/5474
f 5472/5472 5474/5474 5475/5475
f 5473/5473 5476/5476 5471/5471
f 5476/5476 5477/5477 5471/5471
f 5471/5471 5477/5477 5478/5478
f 5479/5479 5475/5475 5480/5480
f 5474/5474 5480/5480 5475/5475
f 5479/5479 5480/5480 5481/5481
f 5479/5479 5481/5481 5482/5482
f 5482/5482 5483/5483 5479/5479
f 5483/5483 5482/5482 5484/5484
f 5485/5485 5483/5483 5486/5486
f 5486/5486 5483/5483 5484/5484
f 5487/5487 5485/5485 5486/5486
f 5487/5487 5488/5488 5485/5485
f 5488/5488 5487/5487 5489/5489
f 5489/5489 5490/5490 5488/5488
f 5484/5484 5482/5482 5491/5491
f 5492/5492 5481/5481 5480/5480
f 5493/5493 5492/5492 5494/5494
f 5494/5494 5492/5492 5480/5480
f 5495/5495 5496/5496 5493/5493
f 5495/5495 5493/5493 5494/5494
f 5497/5497 5498/5498 5496/5496
f 5495/5495 5497/5497 5496/5496
f 5499/5499 5498/5498 5500/5500
f 5498/5498 5497/5497 5500/5500
f 5501/5501 5499/5499 5500/5500
f 5499/5499 5501/5501 5502/5502
f 5503/5503 5504/5504 5505/5505
f 5503/5503 5505/5505 5506/5506
f 5507/5507 5504/5504 5503/5503
f 5508/5508 5504/5504 5507/5507
f 5508/5508 5507/5507 5509/5509
f 5504/5504 5508/5508 5510/5510
f 5510/5510 5511/5511 5512/5512
f 5504/5504 5510/5510 5512/5512
f 5513/5513 5512/5512 5511/5511
f 5513/5513 5511/5511 5514/5514
f 5514/5514 5515/5515 5516/5516
f 5514/5514 5516/5516 5513/5513
f 5517/5517 5516/5516 5518/5518
f 5516/5516 5519/5519 5518/5518
f 5516/5516 5515/5515 5519/5519
f 5520/5520 5513/5513 5516/5516
f 5520/5520 5516/5516 5517/5517
f 5512/5512 5513/5513 5520/5520
f 5512/5512 5520/5520 5521/5521
f 5512/5512 5521/5521 5522/5522
f 5504/5504 5522/5522 5505/5505
f 5504/5504 5512/5512 5522/5522
f 5517/5517 5518/5518 5523/5523
f 5524/5524 5523/5523 5518/5518
f 5524/5524 5525/5525 5526/5526
f 5524/5524 5518/5518 5527/5527
f 5525/5525 5524/5524 5527/5527
f 5525/5525 5527/5527 5528/5528
f 5529/5529 5530/5530 5528/5528
f 5527/5527 5529/5529 5528/5528
f 5527/5527 5519/5519 5529/5529
f 5527/5527 5518/5518 5519/5519
f 5531/5531 5532/5532 5533/5533
f 5533/5533 5532/5532 5534/5534
f 5535/5535 5531/5531 5533/5533
f 5532/5532 5531/5531 5536/5536
f 5537/5537 5536/5536 5538/5538
f 5532/5532 5536/5536 5539/5539
f 5537/5537 5539/5539 5536/5536
f 5537/5537 5538/5538 5540/5540
f 5537/5537 5540/5540 5541/5541
f 5542/5542 5541/5541 5540/5540
f 5542/5542 5540/5540 5543/5543
f 5544/5544 5542/5542 5543/5543
f 5544/5544 5545/5545 5546/5546
f 5544/5544 5543/5543 5545/5545
f 5544/5544 5546/5546 5547/5547
f 5547/5547 5546/5546 5548/5548
f 5547/5547 5548/5548 5549/5549
f 5548/5548 5546/5546 5550/5550
f 5551/5551 5552/5552 5553/5553
f 5554/5554 5553/5553 5552/5552
f 5554/5554 5555/5555 5556/5556
f 5554/5554 5556/5556 5557/5557
f 5554/5554 5552/5552 5555/5555
f 5558/5558 5557/5557 5556/5556
f 5558/5558 5556/5556 5559/5559
f 5560/5560 5558/5558 5559/5559
f 5560/5560 5559/5559 5561/5561
f 5560/5560 5562/5562 5563/5563
f 5560/5560 5561/5561 5562/5562
f 5562/5562 5564/5564 5565/5565
f 5563/5563 5562/5562 5565/5565
f 5566/5566 5563/5563 5565/5565
f 5551/5551 5567/5567 5552/5552
f 5568/5568 5567/5567 5551/5551
f 5567/5567 5568/5568 5569/5569
f 5568/5568 5551/5551 5570/5570
f 5571/5571 5572/5572 5573/5573
f 5574/5574 5575/5575 5571/5571
f 5575/5575 5572/5572 5571/5571
f 5576/5576 5575/5575 5577/5577
f 5576/5576 5572/5572 5575/5575
f 5576/5576 5578/5578 5579/5579
f 5576/5576 5577/5577 5578/5578
f 5580/5580 5579/5579 5578/5578
f 5580/5580 5578/5578 5581/5581
f 5582/5582 5580/5580 5581/5581
f 5582/5582 5581/5581 5583/5583
f 5582/5582 5583/5583 5584/5584
f 5585/5585 5586/5586 5584/5584
f 5582/5582 5584/5584 5586/5586
f 5585/5585 5584/5584 5587/5587
f 5585/5585 5588/5588 5589/5589
f 5585/5585 5587/5587 5588/5588
f 5588/5588 5587/5587 5590/5590
f 5591/5591 5592/5592 5593/5593
f 5593/5593 5592/5592 5594/5594
f 5593/5593 5594/5594 5595/5595
f 5595/5595 5594/5594 5596/5596
f 5595/5595 5596/5596 5597/5597
f 5597/5597 5596/5596 5598/5598
f 5597/5597 5598/5598 5599/5599
f 5599/5599 5598/5598 5600/5600
f 5599/5599 5600/5600 5601/5601
f 5601/5601 5600/5600 5602/5602
f 5602/5602 5603/5603 5604/5604
f 5605/5605 5602/5602 5604/5604
f 5601/5601 5602/5602 5605/5605
f 5606/5606 5605/5605 5604/5604
f 5591/5591 5607/5607 5592/5592
f 5608/5608 5607/5607 5591/5591
f 5607/5607 5608/5608 5609/5609
f 5608/5608 5591/5591 5610/5610
f 5611/5611 5612/5612 5613/5613
f 5613/5613 5614/5614 5611/5611
f 5615/5615 5611/5611 5614/5614
f 5614/5614 5613/5613 5616/5616
f 5614/5614 5616/5616 5617/5617
f 5616/5616 5618/5618 5617/5617
f 5618/5618 5616/5616 5619/5619
f 5620/5620 5617/5617 5618/5618
f 5621/5621 5622/5622 5623/5623
f 5623/5623 5622/5622 5624/5624
f 5623/5623 5624/5624 5625/5625
f 5625/5625 5624/5624 5626/5626
f 5624/5624 5627/5627 5626/5626
f 5628/5628 5625/5625 5626/5626
f 5621/5621 5629/5629 5622/5622
f 5621/5621 5630/5630 5629/5629
f 5629/5629 5630/5630 5631/5631
f 5630/5630 5621/5621 5632/5632
f 5633/5633 5634/5634 5635/5635
f 5633/5633 5635/5635 5636/5636
f 5633/5633 5636/5636 5637/5637
f 5634/5634 5633/5633 5638/5638
f 5634/5634 5639/5639 5635/5635
f 5636/5636 5635/5635 5640/5640
f 5641/5641 5642/5642 5643/5643
f 5643/5643 5642/5642 5644/5644
f 5645/5645 5641/5641 5643/5643
f 5642/5642 5641/5641 5646/5646
f 5647/5647 5646/5646 5648/5648
f 5642/5642 5646/5646 5647/5647
f 5649/5649 5648/5648 5650/5650
f 5647/5647 5648/5648 5649/5649
f 5649/5649 5650/5650 5651/5651
f 5651/5651 5650/5650 5652/5652
f 5653/5653 5652/5652 5654/5654
f 5651/5651 5652/5652 5653/5653
f 5653/5653 5654/5654 5655/5655
f 5655/5655 5656/5656 5657/5657
f 5655/5655 5654/5654 5656/5656
f 5658/5658 5656/5656 5659/5659
f 5657/5657 5656/5656 5658/5658
f 5657/5657 5658/5658 5660/5660
f 5661/5661 5662/5662 5663/5663
f 5664/5664 5661/5661 5663/5663
f 5661/5661 5664/5664 5665/5665
f 5666/5666 5667/5667 5664/5664
f 5663/5663 5666/5666 5664/5664
f 5668/5668 5666/5666 5663/5663
f 5669/5669 5670/5670 5671/5671
f 5669/5669 5671/5671 5672/5672
f 5673/5673 5670/5670 5669/5669
f 5671/5671 5674/5674 5672/5672
f 5675/5675 5672/5672 5674/5674
f 5671/5671 5676/5676 5674/5674
f 5673/5673 5677/5677 5670/5670
f 5673/5673 5678/5678 5677/5677
f 5677/5677 5678/5678 5679/5679
f 5678/5678 5673/5673 5680/5680
f 5681/5681 5682/5682 5683/5683
f 5684/5684 5681/5681 5683/5683
f 5681/5681 5684/5684 5685/5685
f 5686/5686 5687/5687 5684/5684
f 5683/5683 5686/5686 5684/5684
f 5683/5683 5688/5688 5686/5686
f 5689/5689 5690/5690 5691/5691
f 5689/5689 5691/5691 5692/5692
f 5689/5689 5693/5693 5694/5694
f 5689/5689 5692/5692 5693/5693
f 5694/5694 5693/5693 5695/5695
f 5695/5695 5696/5696 5697/5697
f 5698/5698 5696/5696 5695/5695
f 5694/5694 5695/5695 5697/5697
f 5697/5697 5696/5696 5699/5699
f 5700/5700 5692/5692 5691/5691
f 5701/5701 5702/5702 5703/5703
f 5704/5704 5701/5701 5703/5703
f 5701/5701 5704/5704 5705/5705
f 5706/5706 5707/5707 5704/5704
f 5703/5703 5706/5706 5704/5704
f 5708/5708 5706/5706 5703/5703
f 5709/5709 5710/5710 5711/5711
f 5710/5710 5712/5712 5711/5711
f 5711/5711 5712/5712 5713/5713
f 5712/5712 5714/5714 5715/5715
f 5712/5712 5710/5710 5714/5714
f 5715/5715 5714/5714 5716/5716
f 5717/5717 5716/5716 5718/5718
f 5715/5715 5716/5716 5717/5717
f 5717/5717 5718/5718 5719/5719
f 5719/5719 5718/5718 5720/5720
f 5721/5721 5720/5720 5722/5722
f 5719/5719 5720/5720 5721/5721
f 5721/5721 5722/5722 5723/5723
f 5723/5723 5724/5724 5725/5725
f 5723/5723 5722/5722 5724/5724
f 5726/5726 5724/5724 5727/5727
f 5725/5725 5724/5724 5726/5726
f 5725/5725 5726/5726 5728/5728
f 5729/5729 5730/5730 5731/5731
f 5731/5731 5732/5732 5729/5729
f 5733/5733 5729/5729 5732/5732
f 5732/5732 5734/5734 5735/5735
f 5732/5732 5731/5731 5734/5734
f 5734/5734 5736/5736 5735/5735
f 5736/5736 5734/5734 5737/5737
f 5738/5738 5735/5735 5736/5736
f 5739/5739 5740/5740 5741/5741
f 5741/5741 5740/5740 5742/5742
f 5741/5741 5742/5742 5743/5743
f 5742/5742 5744/5744 5745/5745
f 5743/5743 5742/5742 5745/5745
f 5746/5746 5743/5743 5745/5745
f 5739/5739 5747/5747 5740/5740
f 5739/5739 5748/5748 5747/5747
f 5747/5747 5748/5748 5749/5749
f 5748/5748 5739/5739 5750/5750
f 5751/5751 5752/5752 5753/5753
f 5754/5754 5751/5751 5753/5753
f 5751/5751 5754/5754 5755/5755
f 5756/5756 5757/5757 5753/5753
f 5753/5753 5757/5757 5754/5754
f 5757/5757 5758/5758 5754/5754
f 5759/5759 5760/5760 5761/5761
f 5761/5761 5760/5760 5762/5762
f 5763/5763 5759/5759 5761/5761
f 5760/5760 5759/5759 5764/5764
f 5765/5765 5764/5764 5766/5766
f 5760/5760 5764/5764 5765/5765
f 5765/5765 5766/5766 5767/5767
f 5767/5767 5766/5766 5768/5768
f 5767/5767 5768/5768 5769/5769
f 5769/5769 5768/5768 5770/5770
f 5769/5769 5770/5770 5771/5771
f 5771/5771 5770/5770 5772/5772
f 5773/5773 5772/5772 5774/5774
f 5771/5771 5772/5772 5773/5773
f 5773/5773 5774/5774 5775/5775
f 5776/5776 5774/5774 5777/5777
f 5775/5775 5774/5774 5776/5776
f 5775/5775 5776/5776 5778/5778
f 5779/5779 5780/5780 5781/5781
f 5782/5782 5779/5779 5781/5781
f 5779/5779 5782/5782 5783/5783
f 5779/5779 5783/5783 5784/5784
f 5782/5782 5785/5785 5783/5783
f 5786/5786 5782/5782 5781/5781
f 5787/5787 5788/5788 5789/5789
f 5787/5787 5789/5789 5790/5790
f 5787/5787 5790/5790 5791/5791
f 5788/5788 5787/5787 5792/5792
f 5788/5788 5793/5793 5789/5789
f 5790/5790 5789/5789 5794/5794
f 5795/5795 5796/5796 5797/5797
f 5798/5798 5795/5795 5797/5797
f 5795/5795 5798/5798 5799/5799
f 5797/5797 5800/5800 5798/5798
f 5800/5800 5801/5801 5798/5798
f 5797/5797 5802/5802 5800/5800
f 5803/5803 5804/5804 5805/5805
f 5805/5805 5804/5804 5806/5806
f 5807/5807 5803/5803 5805/5805
f 5804/5804 5803/5803 5808/5808
f 5809/5809 5808/5808 5810/5810
f 5804/5804 5808/5808 5811/5811
f 5809/5809 5811/5811 5808/5808
f 5809/5809 5810/5810 5812/5812
f 5809/5809 5812/5812 5813/5813
f 5814/5814 5813/5813 5812/5812
f 5814/5814 5812/5812 5815/5815
f 5816/5816 5814/5814 5815/5815
f 5816/5816 5817/5817 5818/5818
f 5816/5816 5815/5815 5817/5817
f 5816/5816 5818/5818 5819/5819
f 5819/5819 5818/5818 5820/5820
f 5819/5819 5820/5820 5821/5821
f 5820/5820 5818/5818 5822/5822
f 5823/5823 5824/5824 5825/5825
f 5824/5824 5826/5826 5825/5825
f 5824/5824 5823/5823 5827/5827
f 5825/5825 5828/5828 5823/5823
f 5828/5828 5829/5829 5823/5823
f 5830/5830 5828/5828 5825/5825
f 5831/5831 5832/5832 5833/5833
f 5834/5834 5831/5831 5833/5833
f 5831/5831 5834/5834 5835/5835
f 5831/5831 5835/5835 5836/5836
f 5834/5834 5833/5833 5837/5837
f 5834/5834 5838/5838 5835/5835
f 5839/5839 5840/5840 5841/5841
f 5839/5839 5841/5841 5842/5842
f 5843/5843 5839/5839 5842/5842
f 5839/5839 5843/5843 5844/5844
f 5843/5843 5842/5842 5845/5845
f 5842/5842 5841/5841 5846/5846
f 5847/5847 5848/5848 5849/5849
f 5847/5847 5850/5850 5848/5848
f 5851/5851 5850/5850 5847/5847
f 5851/5851 5852/5852 5850/5850
f 5853/5853 5852/5852 5851/5851
f 5852/5852 5853/5853 5854/5854
f 5853/5853 5851/5851 5855/5855
f 5856/5856 5849/5849 5848/5848
f 5856/5856 5848/5848 5857/5857
f 5856/5856 5857/5857 5858/5858
f 5856/5856 5858/5858 5859/5859
f 5860/5860 5859/5859 5858/5858
f 5860/5860 5858/5858 5861/5861
f 5860/5860 5861/5861 5862/5862
f 5862/5862 5863/5863 5864/5864
f 5865/5865 5862/5862 5864/5864
f 5860/5860 5862/5862 5865/5865
f 5866/5866 5865/5865 5864/5864
f 5867/5867 5868/5868 5869/5869
f 5867/5867 5869/5869 5870/5870
f 5871/5871 5867/5867 5870/5870
f 5867/5867 5871/5871 5872/5872
f 5871/5871 5870/5870 5873/5873
f 5870/5870 5869/5869 5874/5874
f 5875/5875 5876/5876 5877/5877
f 5875/5875 5877/5877 5878/5878
f 5875/5875 5878/5878 5879/5879
f 5876/5876 5875/5875 5880/5880
f 5876/5876 5881/5881 5877/5877
f 5878/5878 5877/5877 5882/5882
f 5883/5883 5884/5884 5885/5885
f 5883/5883 5885/5885 5886/5886
f 5884/5884 5883/5883 5887/5887
f 5883/5883 5886/5886 5888/5888
f 5886/5886 5885/5885 5889/5889
f 5884/5884 5890/5890 5885/5885
f 5891/5891 5892/5892 5893/5893
f 5891/5891 5893/5893 5894/5894
f 5891/5891 5894/5894 5895/5895
f 5891/5891 5895/5895 5896/5896
f 5896/5896 5895/5895 5897/5897
f 5896/5896 5897/5897 5898/5898
f 5899/5899 5898/5898 5897/5897
f 5899/5899 5897/5897 5900/5900
f 5899/5899 5900/5900 5901/5901
f 5902/5902 5903/5903 5901/5901
f 5902/5902 5901/5901 5904/5904
f 5899/5899 5901/5901 5903/5903
f 5904/5904 5905/5905 5906/5906
f 5902/5902 5904/5904 5906/5906
f 5907/5907 5902/5902 5906/5906
f 5908/5908 5893/5893 5892/5892
f 5893/5893 5908/5908 5909/5909
f 5908/5908 5892/5892 5910/5910
f 5911/5911 5912/5912 5913/5913
f 5914/5914 5911/5911 5913/5913
f 5911/5911 5914/5914 5915/5915
f 5914/5914 5913/5913 5916/5916
f 5917/5917 5916/5916 5913/5913
f 5914/5914 5916/5916 5918/5918
f 5919/5919 5920/5920 5921/5921
f 5919/5919 5921/5921 5922/5922
f 5920/5920 5923/5923 5921/5921
f 5921/5921 5923/5923 5924/5924
f 5920/5920 5925/5925 5923/5923
f 5920/5920 5919/5919 5926/5926
f 5927/5927 5928/5928 5929/5929
f 5928/5928 5930/5930 5929/5929
f 5928/5928 5927/5927 5931/5931
f 5928/5928 5931/5931 5932/5932
f 5927/5927 5933/5933 5931/5931
f 5934/5934 5927/5927 5929/5929
f 5935/5935 5936/5936 5937/5937
f 5937/5937 5936/5936 5938/5938
f 5939/5939 5935/5935 5937/5937
f 5940/5940 5936/5936 5935/5935
f 5940/5940 5935/5935 5941/5941
f 5940/5940 5942/5942 5943/5943
f 5940/5940 5941/5941 5942/5942
f 5944/5944 5943/5943 5942/5942
f 5944/5944 5942/5942 5945/5945
f 5944/5944 5945/5945 5946/5946
f 5947/5947 5948/5948 5946/5946
f 5944/5944 5946/5946 5948/5948
f 5947/5947 5946/5946 5949/5949
f 5950/5950 5947/5947 5949/5949
f 5950/5950 5949/5949 5951/5951
f 5950/5950 5951/5951 5952/5952
f 5950/5950 5952/5952 5953/5953
f 5952/5952 5951/5951 5954/5954
f 5955/5955 5956/5956 5957/5957
f 5955/5955 5958/5958 5956/5956
f 5956/5956 5959/5959 5957/5957
f 5956/5956 5958/5958 5960/5960
f 5955/5955 5961/5961 5958/5958
f 5955/5955 5957/5957 5962/5962
f 5963/5963 5964/5964 5965/5965
f 5966/5966 5964/5964 5963/5963
f 5963/5963 5965/5965 5967/5967
f 5967/5967 5965/5965 5968/5968
f 5967/5967 5968/5968 5969/5969
f 5969/5969 5968/5968 5970/5970
f 5969/5969 5970/5970 5971/5971
f 5971/5971 5970/5970 5972/5972
f 5971/5971 5972/5972 5973/5973
f 5973/5973 5972/5972 5974/5974
f 5974/5974 5975/5975 5976/5976
f 5977/5977 5974/5974 5976/5976
f 5973/5973 5974/5974 5977/5977
f 5978/5978 5977/5977 5976/5976
f 5979/5979 5980/5980 5966/5966
f 5979/5979 5966/5966 5981/5981
f 5966/5966 5980/5980 5964/5964
f 5980/5980 5979/5979 5982/5982
f 5983/5983 5984/5984 5985/5985
f 5984/5984 5985/5985 5986/5986
f 5984/5984 5987/5987 5985/5985
f 5983/5983 5987/5987 5984/5984
f 5988/5988 5983/5983 5985/5985
f 5987/5987 5983/5983 5989/5989
f 5988/5988 5989/5989 5983/5983
f 5989/5989 5983/5983 5990/5990
f 5988/5988 5985/5985 5991/5991
f 5992/5992 5988/5988 5991/5991
f 5989/5989 5988/5988 5987/5987
f 5987/5987 5988/5988 5992/5992
f 5993/5993 5992/5992 5991/5991
f 5992/5992 5993/5993 5987/5987
f 5994/5994 5993/5993 5991/5991
f 5995/5995 5987/5987 5993/5993
f 5995/5995 5993/5993 5994/5994
f 5996/5996 5994/5994 5997/5997
f 5994/5994 5996/5996 5995/5995
f 5997/5997 5994/5994 5991/5991
f 5995/5995 5998/5998 5997/5997
f 5995/5995 5997/5997 5991/5991
f 5998/5998 5999/5999 5997/5997
f 5999/5999 5996/5996 5997/5997
f 6000/6000 5999/5999 5998/5998
f 6001/6001 5999/5999 6000/6000
f 5996/5996 5999/5999 5995/5995
f 6001/6001 5995/5995 5999/5999
f 5995/5995 6001/6001 5998/5998
f 6002/6002 5998/5998 6001/6001
f 6002/6002 6001/6001 6003/6003
f 6003/6003 6001/6001 6004/6004
f 6000/6000 6004/6004 6001/6001
f 6004/6004 5998/5998 6002/6002
f 6004/6004 6000/6000 5998/5998
f 6003/6003 6004/6004 6005/6005
f 6005/6005 6004/6004 6002/6002
f 6005/6005 6006/6006 6003/6003
f 6006/6006 6005/6005 6002/6002
f 6007/6007 6003/6003 6006/6006
f 6007/6007 6006/6006 6008/6008
f 6009/6009 6006/6006 6002/6002
f 6008/6008 6006/6006 6009/6009
f 6009/6009 6002/6002 6003/6003
f 6009/6009 6003/6003 6007/6007
f 6009/6009 6007/6007 6010/6010
f 6009/6009 6010/6010 6011/6011
f 6011/6011 6012/6012 6009/6009
f 6012/6012 6013/6013 6009/6009
f 6013/6013 6008/6008 6009/6009
f 6010/6010 6007/6007 6013/6013
f 6008/6008 6013/6013 6007/6007
f 6010/6010 6013/6013 6012/6012
f 6014/6014 6015/6015 6011/6011
f 6014/6014 6016/6016 6011/6011
f 6010/6010 6014/6014 6011/6011
f 6015/6015 6012/6012 6011/6011
f 6010/6010 6017/6017 6015/6015
f 6015/6015 6014/6014 6010/6010
f 6017/6017 6012/6012 6015/6015
f 6017/6017 6018/6018 6015/6015
f 6012/6012 6017/6017 6010/6010
f 5987/5987 5995/5995 5991/5991
f 5991/5991 5985/5985 5987/5987
f 6019/6019 6020/6020 6021/6021
f 6021/6021 6020/6020 6022/6022
f 6021/6021 6022/6022 6023/6023
f 6023/6023 6022/6022 6024/6024
f 6023/6023 6024/6024 6025/6025
f 6025/6025 6024/6024 6026/6026
f 6025/6025 6026/6026 6027/6027
f 6027/6027 6026/6026 6028/6028
f 6027/6027 6028/6028 6029/6029
f 6029/6029 6028/6028 6030/6030
f 6029/6029 6030/6030 6031/6031
f 6031/6031 6030/6030 6032/6032
f 6031/6031 6032/6032 6033/6033
f 6033/6033 6032/6032 6034/6034
f 6033/6033 6034/6034 6035/6035
f 6035/6035 6034/6034 6036/6036
f 6035/6035 6036/6036 6037/6037
f 6037/6037 6038/6038 6039/6039
f 6037/6037 6036/6036 6038/6038
f 6039/6039 6038/6038 6040/6040
f 6039/6039 6040/6040 6041/6041
f 6041/6041 6040/6040 6042/6042
f 6041/6041 6042/6042 6043/6043
f 6043/6043 6042/6042 6044/6044
f 6043/6043 6044/6044 6045/6045
f 6045/6045 6044/6044 6046/6046
f 6045/6045 6046/6046 6047/6047
f 6047/6047 6046/6046 6048/6048
f 6047/6047 6048/6048 6049/6049
f 6049/6049 6048/6048 6050/6050
f 6049/6049 6050/6050 6051/6051
f 6019/6019 6052/6052 6020/6020
f 6053/6053 6054/6054 6055/6055
f 6055/6055 6054/6054 6056/6056
f 6057/6057 6053/6053 6055/6055
f 6054/6054 6053/6053 6058/6058
f 6059/6059 6058/6058 6060/6060
f 6054/6054 6058/6058 6059/6059
f 6061/6061 6060/6060 6062/6062
f 6059/6059 6060/6060 6061/6061
f 6061/6061 6062/6062 6063/6063
f 6063/6063 6062/6062 6064/6064
f 6065/6065 6064/6064 6066/6066
f 6063/6063 6064/6064 6065/6065
f 6065/6065 6066/6066 6067/6067
f 6067/6067 6068/6068 6069/6069
f 6067/6067 6066/6066 6068/6068
f 6070/6070 6068/6068 6071/6071
f 6069/6069 6068/6068 6070/6070
f 6069/6069 6070/6070 6072/6072
f 6073/6073 6074/6074 6075/6075
f 6075/6075 6074/6074 6076/6076
f 6074/6074 6073/6073 6077/6077
f 6073/6073 6078/6078 6079/6079
f 6073/6073 6080/6080 6078/6078
f 6075/6075 6080/6080 6073/6073
f 6079/6079 6078/6078 6081/6081
f 6079/6079 6081/6081 6082/6082
f 6079/6079 6082/6082 6083/6083
f 6083/6083 6082/6082 6084/6084
f 6083/6083 6085/6085 6086/6086
f 6083/6083 6084/6084 6085/6085
f 6086/6086 6085/6085 6087/6087
f 6086/6086 6087/6087 6088/6088
f 6089/6089 6088/6088 6090/6090
f 6086/6086 6088/6088 6089/6089
f 6089/6089 6090/6090 6091/6091
f 6089/6089 6091/6091 6092/6092
f 6092/6092 6091/6091 6093/6093
f 6092/6092 6093/6093 6094/6094
f 6095/6095 6094/6094 6096/6096
f 6092/6092 6094/6094 6095/6095
f 6095/6095 6096/6096 6097/6097
f 6095/6095 6097/6097 6098/6098
f 6099/6099 6097/6097 6100/6100
f 6098/6098 6097/6097 6099/6099
f 6098/6098 6101/6101 6095/6095
f 6076/6076 6102/6102 6075/6075
f 6103/6103 6104/6104 6105/6105
f 6105/6105 6104/6104 6106/6106
f 6105/6105 6106/6106 6107/6107
f 6107/6107 6106/6106 6108/6108
f 6107/6107 6108/6108 6109/6109
f 6109/6109 6110/6110 6111/6111
f 6109/6109 6108/6108 6110/6110
f 6111/6111 6110/6110 6112/6112
f 6111/6111 6112/6112 6113/6113
f 6113/6113 6112/6112 6114/6114
f 6113/6113 6114/6114 6115/6115
f 6115/6115 6114/6114 6116/6116
f 6115/6115 6116/6116 6117/6117
f 6117/6117 6118/6118 6119/6119
f 6117/6117 6116/6116 6118/6118
f 6119/6119 6118/6118 6120/6120
f 6119/6119 6120/6120 6121/6121
f 6121/6121 6120/6120 6122/6122
f 6121/6121 6122/6122 6123/6123
f 6123/6123 6122/6122 6124/6124
f 6123/6123 6124/6124 6125/6125
f 6125/6125 6124/6124 6126/6126
f 6125/6125 6126/6126 6127/6127
f 6127/6127 6126/6126 6128/6128
f 6127/6127 6128/6128 6129/6129
f 6129/6129 6128/6128 6130/6130
f 6129/6129 6130/6130 6131/6131
f 6131/6131 6130/6130 6132/6132
f 6131/6131 6132/6132 6133/6133
f 6133/6133 6132/6132 6134/6134
f 6133/6133 6134/6134 6135/6135
f 6103/6103 6136/6136 6104/6104
f 6137/6137 6138/6138 6139/6139
f 6139/6139 6138/6138 6140/6140
f 6139/6139 6140/6140 6141/6141
f 6141/6141 6140/6140 6142/6142
f 6143/6143 6142/6142 6144/6144
f 6141/6141 6142/6142 6143/6143
f 6143/6143 6144/6144 6145/6145
f 6145/6145 6144/6144 6146/6146
f 6145/6145 6146/6146 6147/6147
f 6147/6147 6146/6146 6148/6148
f 6147/6147 6148/6148 6149/6149
f 6148/6148 6150/6150 6151/6151
f 6149/6149 6148/6148 6151/6151
f 6152/6152 6149/6149 6151/6151
f 6137/6137 6153/6153 6138/6138
f 6154/6154 6153/6153 6137/6137
f 6153/6153 6154/6154 6155/6155
f 6154/6154 6137/6137 6156/6156
f 6157/6157 6158/6158 6159/6159
f 6158/6158 6157/6157 6160/6160
f 6157/6157 6159/6159 6161/6161
f 6162/6162 6159/6159 6163/6163
f 6164/6164 6163/6163 6159/6159
f 6158/6158 6164/6164 6159/6159
f 6162/6162 6163/6163 6165/6165
f 6162/6162 6165/6165 6166/6166
f 6167/6167 6162/6162 6166/6166
f 6167/6167 6166/6166 6168/6168
f 6167/6167 6168/6168 6169/6169
f 6170/6170 6167/6167 6169/6169
f 6170/6170 6169/6169 6171/6171
f 6170/6170 6171/6171 6172/6172
f 6173/6173 6170/6170 6172/6172
f 6173/6173 6172/6172 6174/6174
f 6173/6173 6174/6174 6175/6175
f 6176/6176 6173/6173 6175/6175
f 6176/6176 6175/6175 6177/6177
f 6178/6178 6176/6176 6179/6179
f 6176/6176 6177/6177 6179/6179
f 6178/6178 6179/6179 6180/6180
f 6178/6178 6180/6180 6181/6181
f 6182/6182 6181/6181 6183/6183
f 6181/6181 6182/6182 6178/6178
f 6178/6178 6182/6182 6184/6184
f 6185/6185 6186/6186 6187/6187
f 6185/6185 6188/6188 6186/6186
f 6189/6189 6188/6188 6185/6185
f 6189/6189 6190/6190 6188/6188
f 6187/6187 6186/6186 6191/6191
f 6192/6192 6191/6191 6193/6193
f 6187/6187 6191/6191 6192/6192
f 6192/6192 6193/6193 6194/6194
f 6194/6194 6195/6195 6196/6196
f 6194/6194 6193/6193 6195/6195
f 6196/6196 6195/6195 6197/6197
f 6196/6196 6197/6197 6198/6198
f 6198/6198 6197/6197 6199/6199
f 6200/6200 6199/6199 6201/6201
f 6198/6198 6199/6199 6200/6200
f 6200/6200 6201/6201 6202/6202
f 6202/6202 6203/6203 6204/6204
f 6202/6202 6201/6201 6203/6203
f 6204/6204 6203/6203 6205/6205
f 6204/6204 6205/6205 6206/6206
f 6206/6206 6205/6205 6207/6207
f 6208/6208 6207/6207 6209/6209
f 6206/6206 6207/6207 6208/6208
f 6208/6208 6209/6209 6210/6210
f 6210/6210 6211/6211 6212/6212
f 6210/6210 6209/6209 6211/6211
f 6212/6212 6211/6211 6213/6213
f 6212/6212 6213/6213 6214/6214
f 6214/6214 6213/6213 6215/6215
f 6216/6216 6215/6215 6217/6217
f 6214/6214 6215/6215 6216/6216
f 6216/6216 6217/6217 6218/6218
f 6219/6219 6220/6220 6221/6221
f 6221/6221 6220/6220 6222/6222
f 6223/6223 6219/6219 6221/6221
f 6220/6220 6219/6219 6224/6224
f 6220/6220 6224/6224 6225/6225
f 6225/6225 6224/6224 6226/6226
f 6225/6225 6226/6226 6227/6227
f 6227/6227 6226/6226 6228/6228
f 6227/6227 6228/6228 6229/6229
f 6229/6229 6228/6228 6230/6230
f 6231/6231 6230/6230 6232/6232
f 6229/6229 6230/6230 6231/6231
f 6233/6233 6232/6232 6234/6234
f 6231/6231 6232/6232 6233/6233
f 6233/6233 6234/6234 6235/6235
f 6236/6236 6234/6234 6237/6237
f 6235/6235 6234/6234 6236/6236
f 6235/6235 6236/6236 6238/6238
f 6239/6239 6240/6240 6241/6241
f 6240/6240 6239/6239 6242/6242
f 6241/6241 6240/6240 6243/6243
f 6243/6243 6244/6244 6241/6241
f 6241/6241 6245/6245 6239/6239
f 6239/6239 6245/6245 6246/6246
f 6239/6239 6246/6246 6247/6247
f 6247/6247 6246/6246 6248/6248
f 6247/6247 6249/6249 6250/6250
f 6247/6247 6248/6248 6249/6249
f 6250/6250 6249/6249 6251/6251
f 6250/6250 6251/6251 6252/6252
f 6253/6253 6252/6252 6254/6254
f 6253/6253 6250/6250 6252/6252
f 6255/6255 6253/6253 6256/6256
f 6253/6253 6254/6254 6256/6256
f 6255/6255 6256/6256 6257/6257
f 6255/6255 6257/6257 6258/6258
f 6259/6259 6258/6258 6260/6260
f 6259/6259 6255/6255 6258/6258
f 6261/6261 6259/6259 6262/6262
f 6259/6259 6260/6260 6262/6262
f 6261/6261 6262/6262 6263/6263
f 6261/6261 6263/6263 6264/6264
f 6261/6261 6264/6264 6265/6265
f 6265/6265 6264/6264 6266/6266
f 6266/6266 6264/6264 6267/6267
f 6265/6265 6268/6268 6261/6261
f 6269/6269 6270/6270 6271/6271
f 6271/6271 6270/6270 6272/6272
f 6271/6271 6272/6272 6273/6273
f 6273/6273 6274/6274 6275/6275
f 6273/6273 6272/6272 6274/6274
f 6275/6275 6274/6274 6276/6276
f 6275/6275 6276/6276 6277/6277
f 6277/6277 6276/6276 6278/6278
f 6279/6279 6278/6278 6280/6280
f 6277/6277 6278/6278 6279/6279
f 6279/6279 6280/6280 6281/6281
f 6281/6281 6282/6282 6283/6283
f 6281/6281 6280/6280 6282/6282
f 6283/6283 6282/6282 6284/6284
f 6283/6283 6284/6284 6285/6285
f 6285/6285 6284/6284 6286/6286
f 6287/6287 6286/6286 6288/6288
f 6285/6285 6286/6286 6287/6287
f 6287/6287 6288/6288 6289/6289
f 6289/6289 6290/6290 6291/6291
f 6289/6289 6288/6288 6290/6290
f 6291/6291 6290/6290 6292/6292
f 6291/6291 6292/6292 6293/6293
f 6293/6293 6292/6292 6294/6294
f 6295/6295 6294/6294 6296/6296
f 6293/6293 6294/6294 6295/6295
f 6295/6295 6296/6296 6297/6297
f 6297/6297 6298/6298 6299/6299
f 6297/6297 6296/6296 6298/6298
f 6299/6299 6298/6298 6300/6300
f 6299/6299 6300/6300 6301/6301
f 6269/6269 6302/6302 6270/6270
f 6303/6303 6304/6304 6305/6305
f 6305/6305 6304/6304 6306/6306
f 6303/6303 6307/6307 6304/6304
f 6307/6307 6303/6303 6308/6308
f 6309/6309 6307/6307 6310/6310
f 6309/6309 6304/6304 6307/6307
f 6311/6311 6309/6309 6310/6310
f 6311/6311 6310/6310 6312/6312
f 6311/6311 6312/6312 6313/6313
f 6311/6311 6313/6313 6314/6314
f 6315/6315 6314/6314 6313/6313
f 6315/6315 6313/6313 6316/6316
f 6315/6315 6317/6317 6318/6318
f 6315/6315 6316/6316 6317/6317
f 6318/6318 6317/6317 6319/6319
f 6320/6320 6319/6319 6321/6321
f 6318/6318 6319/6319 6320/6320
f 6321/6321 6319/6319 6322/6322
f 6320/6320 6321/6321 6323/6323
f 6324/6324 6320/6320 6323/6323
f 6325/6325 6326/6326 6327/6327
f 6325/6325 6327/6327 6328/6328
f 6329/6329 6326/6326 6325/6325
f 6330/6330 6326/6326 6329/6329
f 6330/6330 6329/6329 6331/6331
f 6326/6326 6330/6330 6332/6332
f 6326/6326 6332/6332 6333/6333
f 6332/6332 6334/6334 6333/6333
f 6326/6326 6333/6333 6335/6335
f 6333/6333 6336/6336 6335/6335
f 6333/6333 6337/6337 6338/6338
f 6338/6338 6336/6336 6333/6333
f 6333/6333 6334/6334 6337/6337
f 6337/6337 6339/6339 6338/6338
f 6337/6337 6340/6340 6339/6339
f 6339/6339 6340/6340 6341/6341
f 6342/6342 6341/6341 6343/6343
f 6339/6339 6341/6341 6342/6342
f 6342/6342 6343/6343 6344/6344
f 6343/6343 6345/6345 6346/6346
f 6344/6344 6343/6343 6346/6346
f 6347/6347 6342/6342 6344/6344
f 6348/6348 6344/6344 6346/6346
f 6348/6348 6349/6349 6344/6344
f 6347/6347 6344/6344 6349/6349
f 6347/6347 6350/6350 6339/6339
f 6347/6347 6339/6339 6342/6342
f 6350/6350 6351/6351 6338/6338
f 6350/6350 6338/6338 6339/6339
f 6338/6338 6351/6351 6336/6336
f 6349/6349 6348/6348 6352/6352
f 6326/6326 6335/6335 6327/6327
f 6353/6353 6354/6354 6355/6355
f 6353/6353 6355/6355 6356/6356
f 6357/6357 6354/6354 6353/6353
f 6358/6358 6354/6354 6357/6357
f 6359/6359 6358/6358 6357/6357
f 6354/6354 6358/6358 6360/6360
f 6361/6361 6362/6362 6360/6360
f 6361/6361 6360/6360 6363/6363
f 6354/6354 6360/6360 6362/6362
f 6364/6364 6361/6361 6363/6363
f 6364/6364 6363/6363 6365/6365
f 6364/6364 6365/6365 6366/6366
f 6367/6367 6366/6366 6368/6368
f 6364/6364 6366/6366 6367/6367
f 6369/6369 6367/6367 6370/6370
f 6369/6369 6364/6364 6367/6367
f 6367/6367 6368/6368 6370/6370
f 6369/6369 6370/6370 6371/6371
f 6372/6372 6371/6371 6370/6370
f 6372/6372 6370/6370 6373/6373
f 6373/6373 6370/6370 6368/6368
f 6373/6373 6368/6368 6374/6374
f 6373/6373 6374/6374 6375/6375
f 6376/6376 6373/6373 6375/6375
f 6376/6376 6372/6372 6373/6373
f 6372/6372 6376/6376 6377/6377
f 6375/6375 6374/6374 6378/6378
f 6369/6369 6379/6379 6364/6364
f 6364/6364 6379/6379 6380/6380
f 6362/6362 6380/6380 6381/6381
f 6362/6362 6361/6361 6380/6380
f 6364/6364 6380/6380 6361/6361
f 6355/6355 6362/6362 6381/6381
f 6355/6355 6354/6354 6362/6362
f 6382/6382 6383/6383 6384/6384
f 6384/6384 6383/6383 6385/6385
f 6386/6386 6382/6382 6384/6384
f 6387/6387 6388/6388 6386/6386
f 6388/6388 6382/6382 6386/6386
f 6382/6382 6388/6388 6389/6389
f 6390/6390 6391/6391 6389/6389
f 6390/6390 6389/6389 6392/6392
f 6382/6382 6389/6389 6391/6391
f 6391/6391 6393/6393 6394/6394
f 6383/6383 6391/6391 6394/6394
f 6383/6383 6382/6382 6391/6391
f 6391/6391 6390/6390 6393/6393
f 6393/6393 6390/6390 6395/6395
f 6393/6393 6395/6395 6396/6396
f 6395/6395 6390/6390 6392/6392
f 6395/6395 6392/6392 6397/6397
f 6398/6398 6396/6396 6395/6395
f 6398/6398 6395/6395 6399/6399
f 6395/6395 6400/6400 6399/6399
f 6395/6395 6397/6397 6400/6400
f 6399/6399 6400/6400 6401/6401
f 6399/6399 6401/6401 6402/6402
f 6403/6403 6402/6402 6401/6401
f 6403/6403 6401/6401 6404/6404
f 6405/6405 6404/6404 6406/6406
f 6403/6403 6404/6404 6405/6405
f 6407/6407 6403/6403 6405/6405
f 6403/6403 6407/6407 6408/6408
f 6408/6408 6407/6407 6409/6409
f 6408/6408 6410/6410 6402/6402
f 6408/6408 6402/6402 6403/6403
f 6398/6398 6402/6402 6410/6410
f 6398/6398 6399/6399 6402/6402
f 6411/6411 6412/6412 6413/6413
f 6412/6412 6414/6414 6413/6413
f 6413/6413 6414/6414 6415/6415
f 6416/6416 6414/6414 6412/6412
f 6416/6416 6417/6417 6418/6418
f 6416/6416 6412/6412 6419/6419
f 6416/6416 6419/6419 6417/6417
f 6420/6420 6418/6418 6417/6417
f 6420/6420 6417/6417 6421/6421
f 6420/6420 6421/6421 6422/6422
f 6423/6423 6424/6424 6422/6422
f 6420/6420 6422/6422 6424/6424
f 6423/6423 6422/6422 6425/6425
f 6423/6423 6425/6425 6426/6426
f 6423/6423 6426/6426 6427/6427
f 6428/6428 6426/6426 6429/6429
f 6427/6427 6426/6426 6428/6428
f 6427/6427 6428/6428 6430/6430
f 6431/6431 6432/6432 6433/6433
f 6432/6432 6434/6434 6433/6433
f 6433/6433 6434/6434 6435/6435
f 6436/6436 6434/6434 6432/6432
f 6436/6436 6437/6437 6438/6438
f 6436/6436 6439/6439 6437/6437
f 6436/6436 6432/6432 6439/6439
f 6438/6438 6437/6437 6440/6440
f 6441/6441 6442/6442 6440/6440
f 6441/6441 6440/6440 6443/6443
f 6438/6438 6440/6440 6442/6442
f 6444/6444 6441/6441 6443/6443
f 6444/6444 6443/6443 6445/6445
f 6444/6444 6445/6445 6446/6446
f 6444/6444 6446/6446 6447/6447
f 6448/6448 6446/6446 6449/6449
f 6447/6447 6446/6446 6448/6448
f 6447/6447 6448/6448 6450/6450
f 6451/6451 6452/6452 6453/6453
f 6454/6454 6453/6453 6452/6452
f 6455/6455 6451/6451 6456/6456
f 6451/6451 6453/6453 6456/6456
f 6455/6455 6457/6457 6458/6458
f 6455/6455 6456/6456 6457/6457
f 6455/6455 6458/6458 6459/6459
f 6459/6459 6458/6458 6460/6460
f 6461/6461 6462/6462 6460/6460
f 6461/6461 6460/6460 6463/6463
f 6459/6459 6460/6460 6462/6462
f 6463/6463 6464/6464 6465/6465
f 6461/6461 6463/6463 6465/6465
f 6466/6466 6461/6461 6465/6465
f 6454/6454 6467/6467 6453/6453
f 6468/6468 6467/6467 6454/6454
f 6468/6468 6454/6454 6469/6469
f 6467/6467 6468/6468 6470/6470
f 6471/6471 6472/6472 6473/6473
f 6471/6471 6474/6474 6472/6472
f 6475/6475 6474/6474 6471/6471
f 6476/6476 6474/6474 6475/6475
f 6476/6476 6475/6475 6477/6477
f 6474/6474 6476/6476 6478/6478
f 6478/6478 6479/6479 6480/6480
f 6474/6474 6478/6478 6480/6480
f 6481/6481 6480/6480 6479/6479
f 6481/6481 6479/6479 6482/6482
f 6483/6483 6481/6481 6482/6482
f 6483/6483 6484/6484 6481/6481
f 6484/6484 6483/6483 6485/6485
f 6484/6484 6485/6485 6486/6486
f 6486/6486 6485/6485 6487/6487
f 6487/6487 6488/6488 6489/6489
f 6490/6490 6487/6487 6489/6489
f 6486/6486 6487/6487 6490/6490
f 6491/6491 6486/6486 6490/6490
f 6492/6492 6491/6491 6490/6490
f 6492/6492 6490/6490 6489/6489
f 6491/6491 6492/6492 6493/6493
f 6491/6491 6494/6494 6486/6486
f 6495/6495 6486/6486 6494/6494
f 6496/6496 6484/6484 6495/6495
f 6495/6495 6484/6484 6486/6486
f 6496/6496 6497/6497 6480/6480
f 6496/6496 6480/6480 6481/6481
f 6496/6496 6481/6481 6484/6484
f 6480/6480 6497/6497 6498/6498
f 6474/6474 6498/6498 6472/6472
f 6480/6480 6498/6498 6474/6474
f 6499/6499 6500/6500 6501/6501
f 6501/6501 6500/6500 6502/6502
f 6503/6503 6499/6499 6501/6501
f 6500/6500 6499/6499 6504/6504
f 6500/6500 6504/6504 6505/6505
f 6504/6504 6506/6506 6507/6507
f 6507/6507 6505/6505 6504/6504
f 6506/6506 6508/6508 6507/6507
f 6506/6506 6509/6509 6508/6508
f 6510/6510 6508/6508 6511/6511
f 6509/6509 6511/6511 6508/6508
f 6512/6512 6510/6510 6511/6511
f 6513/6513 6514/6514 6512/6512
f 6514/6514 6510/6510 6512/6512
f 6512/6512 6515/6515 6513/6513
f 6516/6516 6514/6514 6513/6513
f 6515/6515 6517/6517 6513/6513
f 6513/6513 6518/6518 6516/6516
f 6519/6519 6520/6520 6521/6521
f 6522/6522 6520/6520 6519/6519
f 6519/6519 6521/6521 6523/6523
f 6522/6522 6524/6524 6520/6520
f 6525/6525 6524/6524 6522/6522
f 6525/6525 6522/6522 6526/6526
f 6524/6524 6525/6525 6527/6527
f 6523/6523 6521/6521 6528/6528
f 6523/6523 6528/6528 6529/6529
f 6529/6529 6528/6528 6530/6530
f 6529/6529 6530/6530 6531/6531
f 6531/6531 6530/6530 6532/6532
f 6531/6531 6532/6532 6533/6533
f 6533/6533 6532/6532 6534/6534
f 6534/6534 6535/6535 6536/6536
f 6537/6537 6534/6534 6536/6536
f 6533/6533 6534/6534 6537/6537
f 6538/6538 6537/6537 6536/6536
f 6539/6539 6540/6540 6541/6541
f 6542/6542 6543/6543 6539/6539
f 6539/6539 6543/6543 6540/6540
f 6541/6541 6540/6540 6544/6544
f 6541/6541 6544/6544 6545/6545
f 6545/6545 6544/6544 6546/6546
f 6545/6545 6546/6546 6547/6547
f 6547/6547 6546/6546 6548/6548
f 6547/6547 6548/6548 6549/6549
f 6549/6549 6548/6548 6550/6550
f 6550/6550 6551/6551 6552/6552
f 6553/6553 6550/6550 6552/6552
f 6549/6549 6550/6550 6553/6553
f 6554/6554 6553/6553 6552/6552
f 6542/6542 6555/6555 6543/6543
f 6556/6556 6555/6555 6542/6542
f 6555/6555 6556/6556 6557/6557
f 6556/6556 6542/6542 6558/6558
f 6559/6559 6560/6560 6561/6561
f 6561/6561 6560/6560 6562/6562
f 6563/6563 6559/6559 6561/6561
f 6560/6560 6559/6559 6564/6564
f 6560/6560 6564/6564 6565/6565
f 6565/6565 6564/6564 6566/6566
f 6565/6565 6566/6566 6567/6567
f 6567/6567 6566/6566 6568/6568
f 6567/6567 6568/6568 6569/6569
f 6569/6569 6568/6568 6570/6570
f 6571/6571 6570/6570 6572/6572
f 6569/6569 6570/6570 6571/6571
f 6573/6573 6572/6572 6574/6574
f 6571/6571 6572/6572 6573/6573
f 6573/6573 6574/6574 6575/6575
f 6576/6576 6574/6574 6577/6577
f 6575/6575 6574/6574 6576/6576
f 6575/6575 6576/6576 6578/6578
f 6579/6579 6580/6580 6581/6581
f 6580/6580 6579/6579 6582/6582
f 6583/6583 6581/6581 6580/6580
f 6579/6579 6581/6581 6584/6584
f 6579/6579 6584/6584 6585/6585
f 6585/6585 6584/6584 6586/6586
f 6585/6585 6586/6586 6587/6587
f 6587/6587 6586/6586 6588/6588
f 6587/6587 6588/6588 6589/6589
f 6589/6589 6588/6588 6590/6590
f 6589/6589 6590/6590 6591/6591
f 6591/6591 6590/6590 6592/6592
f 6591/6591 6592/6592 6593/6593
f 6593/6593 6592/6592 6594/6594
f 6593/6593 6594/6594 6595/6595
f 6595/6595 6594/6594 6596/6596
f 6597/6597 6596/6596 6598/6598
f 6595/6595 6596/6596 6597/6597
f 6597/6597 6598/6598 6599/6599
f 6599/6599 6598/6598 6600/6600
f 6599/6599 6600/6600 6601/6601
f 6601/6601 6600/6600 6602/6602
f 6601/6601 6602/6602 6603/6603
f 6603/6603 6602/6602 6604/6604
f 6603/6603 6604/6604 6605/6605
f 6605/6605 6604/6604 6606/6606
f 6605/6605 6606/6606 6607/6607
f 6607/6607 6606/6606 6608/6608
f 6607/6607 6608/6608 6609/6609
f 6609/6609 6608/6608 6610/6610
f 6609/6609 6610/6610 6611/6611
f 6611/6611 6610/6610 6612/6612
f 6611/6611 6612/6612 6613/6613
f 6612/6612 6610/6610 6614/6614
f 6615/6615 6616/6616 6616/6616
f 6617/6617 6618/6618 6619/6619
f 6616/6616 6620/6620 6620/6620
f 6616/6616 6616/6616 6620/6620
f 6616/6616 6616/6616 6620/6620
f 6616/6616 6620/6620 6620/6620
f 6615/6615 6616/6616 6616/6616
f 6615/6615 6615/6615 6616/6616
f 6621/6621 6615/6615 6615/6615
f 6621/6621 6621/6621 6615/6615
f 6621/6621 6615/6615 6615/6615
f 6615/6615 6615/6615 6616/6616
f 6617/6617 6622/6622 6618/6618
f 6620/6620 6621/6621 6621/6621
f 6623/6623 6624/6624 6625/6625
f 6621/6621 6621/6621 6615/6615
f 6626/6626 6627/6627 6628/6628
f 6623/6623 6625/6625 6629/6629
f 6630/6630 6631/6631 6632/6632
f 6626/6626 6633/6633 6627/6627
f 6630/6630 6634/6634 6631/6631
f 6635/6635 6636/6636 6637/6637
f 6635/6635 6637/6637 6638/6638
f 6639/6639 6640/6640 6641/6641
f 6639/6639 6641/6641 6642/6642
f 6620/6620 6621/6621 6621/6621
f 6620/6620 6620/6620 6621/6621
f 6620/6620 6620/6620 6621/6621
f 6643/6643 6644/6644 6644/6644
f 6645/6645 6646/6646 6647/6647
f 6644/6644 6648/6648 6648/6648
f 6649/6649 6650/6650 6651/6651
f 6652/6652 6653/6653 6654/6654
f 6655/6655 6656/6656 6657/6657
f 6658/6658 6659/6659 6660/6660
f 6661/6661 6662/6662 6663/6663
f 6664/6664 6665/6665 6665/6665
f 6648/6648 6664/6664 6664/6664
f 6665/6665 6666/6666 6666/6666
f 6666/6666 6667/6667 6667/6667
f 6668/6668 6669/6669 6670/6670
f 6671/6671 6672/6672 6673/6673
f 6674/6674 6675/6675 6676/6676
f 6677/6677 6678/6678 6679/6679
f 6680/6680 6681/6681 6681/6681
f 6667/6667 6680/6680 6680/6680
f 6681/6681 6682/6682 6682/6682
f 6682/6682 6683/6683 6683/6683
f 6684/6684 6685/6685 6686/6686
f 6687/6687 6688/6688 6689/6689
f 6690/6690 6691/6691 6692/6692
f 6693/6693 6694/6694 6695/6695
f 6696/6696 6697/6697 6697/6697
f 6683/6683 6696/6696 6696/6696
f 6697/6697 6698/6698 6698/6698
f 6698/6698 6699/6699 6699/6699
f 6700/6700 6701/6701 6702/6702
f 6703/6703 6704/6704 6705/6705
f 6706/6706 6707/6707 6708/6708
f 6709/6709 6710/6710 6711/6711
f 6712/6712 6713/6713 6713/6713
f 6699/6699 6712/6712 6712/6712
f 6713/6713 6714/6714 6714/6714
f 6714/6714 6715/6715 6715/6715
f 6716/6716 6717/6717 6718/6718
f 6719/6719 6720/6720 6721/6721
f 6722/6722 6723/6723 6724/6724
f 6725/6725 6726/6726 6727/6727
f 6728/6728 6729/6729 6729/6729
f 6715/6715 6728/6728 6728/6728
f 6729/6729 6730/6730 6730/6730
f 6730/6730 6731/6731 6731/6731
f 6732/6732 6733/6733 6734/6734
f 6735/6735 6736/6736 6737/6737
f 6738/6738 6739/6739 6740/6740
f 6741/6741 6742/6742 6743/6743
f 6744/6744 6745/6745 6745/6745
f 6731/6731 6744/6744 6744/6744
f 6745/6745 6746/6746 6746/6746
f 6746/6746 6747/6747 6747/6747
f 6748/6748 6749/6749 6750/6750
f 6751/6751 6752/6752 6753/6753
f 6754/6754 6755/6755 6756/6756
f 6757/6757 6758/6758 6759/6759
f 6760/6760 6761/6761 6761/6761
f 6747/6747 6760/6760 6760/6760
f 6761/6761 6762/6762 6762/6762
f 6762/6762 6763/6763 6763/6763
f 6764/6764 6765/6765 6766/6766
f 6767/6767 6768/6768 6769/6769
f 6770/6770 6771/6771 6772/6772
f 6773/6773 6774/6774 6775/6775
f 6776/6776 6643/6643 6643/6643
f 6763/6763 6776/6776 6776/6776
f 6777/6777 6778/6778 6777/6777
f 6779/6779 6780/6780 6781/6781
f 6782/6782 6777/6777 6782/6782
f 6783/6783 6784/6784 6785/6785
f 6786/6786 6787/6787 6788/6788
f 6789/6789 6790/6790 6791/6791
f 6792/6792 6793/6793 6794/6794
f 6795/6795 6796/6796 6797/6797
f 6798/6798 6799/6799 6798/6798
f 6799/6799 6782/6782 6799/6799
f 6800/6800 6798/6798 6800/6800
f 6801/6801 6800/6800 6801/6801
f 6802/6802 6803/6803 6804/6804
f 6805/6805 6806/6806 6807/6807
f 6808/6808 6809/6809 6810/6810
f 6811/6811 6812/6812 6813/6813
f 6814/6814 6815/6815 6814/6814
f 6815/6815 6801/6801 6815/6815
f 6816/6816 6814/6814 6816/6816
f 6817/6817 6816/6816 6817/6817
f 6818/6818 6819/6819 6820/6820
f 6821/6821 6822/6822 6823/6823
f 6824/6824 6825/6825 6826/6826
f 6827/6827 6828/6828 6829/6829
f 6830/6830 6831/6831 6830/6830
f 6831/6831 6817/6817 6831/6831
f 6832/6832 6830/6830 6832/6832
f 6833/6833 6832/6832 6833/6833
f 6834/6834 6835/6835 6836/6836
f 6837/6837 6838/6838 6839/6839
f 6840/6840 6841/6841 6842/6842
f 6843/6843 6844/6844 6845/6845
f 6846/6846 6847/6847 6846/6846
f 6847/6847 6833/6833 6847/6847
f 6848/6848 6846/6846 6848/6848
f 6849/6849 6848/6848 6849/6849
f 6850/6850 6851/6851 6852/6852
f 6853/6853 6854/6854 6855/6855
f 6856/6856 6857/6857 6858/6858
f 6859/6859 6860/6860 6861/6861
f 6862/6862 6863/6863 6862/6862
f 6863/6863 6849/6849 6863/6863
f 6864/6864 6862/6862 6864/6864
f 6865/6865 6864/6864 6865/6865
f 6866/6866 6867/6867 6868/6868
f 6869/6869 6870/6870 6871/6871
f 6872/6872 6873/6873 6874/6874
f 6875/6875 6876/6876 6877/6877
f 6878/6878 6879/6879 6878/6878
f 6879/6879 6865/6865 6879/6879
f 6880/6880 6878/6878 6880/6880
f 6881/6881 6880/6880 6881/6881
f 6882/6882 6883/6883 6884/6884
f 6885/6885 6886/6886 6887/6887
f 6888/6888 6889/6889 6890/6890
f 6891/6891 6892/6892 6893/6893
f 6894/6894 6895/6895 6894/6894
f 6895/6895 6881/6881 6895/6895
f 6896/6896 6894/6894 6896/6896
f 6897/6897 6896/6896 6897/6897
f 6898/6898 6899/6899 6900/6900
f 6901/6901 6902/6902 6903/6903
f 6904/6904 6905/6905 6906/6906
f 6907/6907 6908/6908 6909/6909
f 6778/6778 6910/6910 6778/6778
f 6910/6910 6897/6897 6910/6910
f 6911/6911 6912/6912 6913/6913
f 6914/6914 6915/6915 6916/6916
f 6917/6917 6918/6918 6918/6918
f 6919/6919 6920/6920 6920/6920
f 6921/6921 6922/6922 6922/6922
f 6923/6923 6924/6924 6924/6924
f 6920/6920 6925/6925 6925/6925
f 6926/6926 6927/6927 6927/6927
f 6918/6918 6923/6923 6923/6923
f 6928/6928 6929/6929 6929/6929
f 6927/6927 6930/6930 6930/6930
f 6924/6924 6931/6931 6931/6931
f 6925/6925 6928/6928 6928/6928
f 6931/6931 6932/6932 6932/6932
f 6929/6929 6933/6933 6933/6933
f 6934/6934 6935/6935 6935/6935
f 6933/6933 6936/6936 6936/6936
f 6932/6932 6934/6934 6934/6934
f 6937/6937 6938/6938 6938/6938
f 6935/6935 6939/6939 6939/6939
f 6936/6936 6937/6937 6937/6937
f 6939/6939 6940/6940 6940/6940
f 6938/6938 6941/6941 6941/6941
f 6942/6942 6943/6943 6943/6943
f 6941/6941 6944/6944 6944/6944
f 6940/6940 6942/6942 6942/6942
f 6945/6945 6946/6946 6946/6946
f 6943/6943 6947/6947 6947/6947
f 6944/6944 6945/6945 6945/6945
f 6930/6930 6948/6948 6948/6948
f 6947/6947 6921/6921 6921/6921
f 6946/6946 6917/6917 6917/6917
f 6948/6948 6919/6919 6919/6919
f 6922/6922 6926/6926 6926/6926
f 6949/6949 6950/6950 6951/6951
f 6952/6952 6953/6953 6954/6954
f 6955/6955 6956/6956 6957/6957
f 6958/6958 6959/6959 6960/6960
f 6961/6961 6962/6962 6963/6963
f 6964/6964 6965/6965 6966/6966
f 6967/6967 6968/6968 6969/6969
f 6970/6970 6971/6971 6972/6972
f 6973/6973 6974/6974 6975/6975
f 6976/6976 6977/6977 6978/6978
f 6979/6979 6980/6980 6981/6981
f 6982/6982 6983/6983 6984/6984
f 6985/6985 6986/6986 6987/6987
f 6988/6988 6989/6989 6990/6990
f 6991/6991 6992/6992 6993/6993
f 6994/6994 6995/6995 6996/6996
f 6997/6997 6998/6998 6999/6999
f 7000/7000 7001/7001 7002/7002
f 7003/7003 7004/7004 7005/7005
f 7006/7006 7007/7007 7008/7008
f 7009/7009 7010/7010 7011/7011
f 7012/7012 7013/7013 7014/7014
f 7015/7015 7016/7016 7017/7017
f 7018/7018 7019/7019 7020/7020
f 7021/7021 7022/7022 7023/7023
f 7024/7024 7025/7025 7026/7026
f 7027/7027 7028/7028 7029/7029
f 7030/7030 7031/7031 7032/7032
f 7033/7033 7034/7034 7035/7035
f 7036/7036 7037/7037 7038/7038
f 7039/7039 7040/7040 7041/7041
f 7042/7042 7043/7043 7044/7044
f 7045/7045 7046/7046 7047/7047
f 7048/7048 7049/7049 7050/7050
f 7051/7051 7052/7052 7053/7053
f 7054/7054 7055/7055 7056/7056
f 7057/7057 7058/7058 7059/7059
f 7060/7060 7061/7061 7062/7062
f 7063/7063 7064/7064 7065/7065
f 7066/7066 7067/7067 7068/7068
f 7069/7069 7070/7070 7071/7071
f 7072/7072 7073/7073 7074/7074
f 7075/7075 7076/7076 7077/7077
f 7078/7078 7079/7079 7080/7080
f 7081/7081 7082/7082 7083/7083
f 7084/7084 7085/7085 7086/7086
f 7087/7087 7088/7088 7089/7089
f 7090/7090 7091/7091 7092/7092
f 7093/7093 7094/7094 7095/7095
f 7096/7096 7097/7097 7098/7098
f 7099/7099 7100/7100 7101/7101
f 7102/7102 7103/7103 7104/7104
f 7105/7105 7106/7106 7107/7107
f 7108/7108 7109/7109 7110/7110
f 7111/7111 7112/7112 7113/7113
f 7114/7114 7115/7115 7116/7116
f 7117/7117 7118/7118 7119/7119
f 7120/7120 7121/7121 7122/7122
f 7123/7123 7124/7124 7125/7125
f 7126/7126 7127/7127 7128/7128
f 7129/7129 7130/7130 7131/7131
f 7132/7132 7133/7133 7134/7134
f 7135/7135 7136/7136 7137/7137
f 7138/7138 7139/7139 7140/7140
f 6643/6643 6643/6643 6644/6644
f 7141/7141 7142/7142 7143/7143
f 7143/7143 7144/7144 7145/7145
f 7145/7145 7146/7146 6645/6645
f 7146/7146 7147/7147 6645/6645
f 7147/7147 7148/7148 6645/6645
f 6645/6645 7149/7149 7150/7150
f 7150/7150 7151/7151 7152/7152
f 7152/7152 7153/7153 7154/7154
f 7154/7154 7155/7155 6646/6646
f 6646/6646 7156/7156 7157/7157
f 7157/7157 7158/7158 6646/6646
f 7158/7158 7159/7159 6646/6646
f 7159/7159 7160/7160 7161/7161
f 7161/7161 7162/7162 6647/6647
f 6647/6647 7163/7163 7164/7164
f 7164/7164 7165/7165 6647/6647
f 7165/7165 7166/7166 6647/6647
f 7166/7166 7167/7167 7168/7168
f 7168/7168 7169/7169 7141/7141
f 7141/7141 7143/7143 6645/6645
f 7143/7143 7145/7145 6645/6645
f 6645/6645 7150/7150 7152/7152
f 7152/7152 7154/7154 6645/6645
f 7154/7154 6646/6646 6645/6645
f 7159/7159 7161/7161 6646/6646
f 7161/7161 6647/6647 6646/6646
f 7166/7166 7168/7168 6647/6647
f 7168/7168 7141/7141 6647/6647
f 7141/7141 6645/6645 6647/6647
f 6644/6644 6644/6644 6648/6648
f 6649/6649 7170/7170 6650/6650
f 6652/6652 7171/7171 6653/6653
f 6657/6657 7172/7172 7173/7173
f 7172/7172 7174/7174 7173/7173
f 7174/7174 7175/7175 7173/7173
f 7173/7173 7176/7176 7177/7177
f 7177/7177 7178/7178 7173/7173
f 7178/7178 7179/7179 7173/7173
f 7179/7179 7180/7180 7181/7181
f 7180/7180 7182/7182 7181/7181
f 7182/7182 7183/7183 7181/7181
f 7181/7181 7184/7184 7185/7185
f 7185/7185 7186/7186 7181/7181
f 7186/7186 7187/7187 7181/7181
f 7187/7187 7188/7188 7189/7189
f 7189/7189 7190/7190 6655/6655
f 6655/6655 7191/7191 7192/7192
f 7192/7192 7193/7193 6655/6655
f 7193/7193 6656/6656 6655/6655
f 6656/6656 7194/7194 7195/7195
f 7195/7195 7196/7196 7197/7197
f 7197/7197 7198/7198 6657/6657
f 7198/7198 7199/7199 6657/6657
f 7199/7199 7200/7200 6657/6657
f 7187/7187 7189/7189 6655/6655
f 6656/6656 7195/7195 6657/6657
f 7195/7195 7197/7197 6657/6657
f 6657/6657 7173/7173 7179/7179
f 7179/7179 7181/7181 6657/6657
f 7181/7181 7187/7187 6657/6657
f 7187/7187 6655/6655 6657/6657
f 6658/6658 7201/7201 6659/6659
f 6661/6661 7202/7202 6662/6662
f 6664/6664 6664/6664 6665/6665
f 6648/6648 6648/6648 6664/6664
f 6665/6665 6665/6665 6666/6666
f 6666/6666 6666/6666 6667/6667
f 6668/6668 7203/7203 6669/6669
f 6671/6671 7204/7204 6672/6672
f 6674/6674 7205/7205 6675/6675
f 6677/6677 7206/7206 6678/6678
f 6680/6680 6680/6680 6681/6681
f 6667/6667 6667/6667 6680/6680
f 6681/6681 6681/6681 6682/6682
f 6682/6682 6682/6682 6683/6683
f 6684/6684 7207/7207 6685/6685
f 6687/6687 7208/7208 6688/6688
f 6690/6690 7209/7209 6691/6691
f 6693/6693 7210/7210 6694/6694
f 6696/6696 6696/6696 6697/6697
f 6683/6683 6683/6683 6696/6696
f 6697/6697 6697/6697 6698/6698
f 6698/6698 6698/6698 6699/6699
f 6700/6700 7211/7211 6701/6701
f 6703/6703 7212/7212 6704/6704
f 6706/6706 7213/7213 6707/6707
f 6709/6709 7214/7214 6710/6710
f 6712/6712 6712/6712 6713/6713
f 6699/6699 6699/6699 6712/6712
f 6713/6713 6713/6713 6714/6714
f 6714/6714 6714/6714 6715/6715
f 6716/6716 7215/7215 6717/6717
f 6719/6719 7216/7216 6720/6720
f 6722/6722 7217/7217 6723/6723
f 6725/6725 7218/7218 6726/6726
f 6728/6728 6728/6728 6729/6729
f 6715/6715 6715/6715 6728/6728
f 6729/6729 6729/6729 6730/6730
f 6730/6730 6730/6730 6731/6731
f 6732/6732 7219/7219 6733/6733
f 6735/6735 7220/7220 6736/6736
f 6738/6738 7221/7221 6739/6739
f 6741/6741 7222/7222 6742/6742
f 6744/6744 6744/6744 6745/6745
f 6731/6731 6731/6731 6744/6744
f 6745/6745 6745/6745 6746/6746
f 6746/6746 6746/6746 6747/6747
f 6748/6748 7223/7223 6749/6749
f 6751/6751 7224/7224 6752/6752
f 6754/6754 7225/7225 6755/6755
f 6757/6757 7226/7226 6758/6758
f 6760/6760 6760/6760 6761/6761
f 6747/6747 6747/6747 6760/6760
f 6761/6761 6761/6761 6762/6762
f 6762/6762 6762/6762 6763/6763
f 6764/6764 7227/7227 6765/6765
f 6767/6767 7228/7228 6768/6768
f 6770/6770 7229/7229 6771/6771
f 6773/6773 7230/7230 6774/6774
f 6776/6776 6776/6776 6643/6643
f 6763/6763 6763/6763 6776/6776
f 6777/6777 6778/6778 6778/6778
f 6781/6781 7231/7231 7232/7232
f 7231/7231 7233/7233 7232/7232
f 7233/7233 7234/7234 7232/7232
f 7232/7232 7235/7235 7236/7236
f 7236/7236 7237/7237 7232/7232
f 7237/7237 7238/7238 7232/7232
f 7238/7238 7239/7239 7240/7240
f 7239/7239 7241/7241 7240/7240
f 7241/7241 7242/7242 7240/7240
f 7240/7240 7243/7243 7244/7244
f 7244/7244 7245/7245 7240/7240
f 7245/7245 7246/7246 7240/7240
f 7246/7246 7247/7247 7248/7248
f 7248/7248 7249/7249 6779/6779
f 6779/6779 7250/7250 7251/7251
f 7251/7251 7252/7252 6779/6779
f 7252/7252 6780/6780 6779/6779
f 6780/6780 7253/7253 7254/7254
f 7254/7254 7255/7255 7256/7256
f 7256/7256 7257/7257 6781/6781
f 7257/7257 7258/7258 6781/6781
f 7258/7258 7259/7259 6781/6781
f 7246/7246 7248/7248 6779/6779
f 6780/6780 7254/7254 6781/6781
f 7254/7254 7256/7256 6781/6781
f 6781/6781 7232/7232 7238/7238
f 7238/7238 7240/7240 6781/6781
f 7240/7240 7246/7246 6781/6781
f 7246/7246 6779/6779 6781/6781
f 6782/6782 6777/6777 6777/6777
f 6783/6783 7260/7260 6784/6784
f 6786/6786 7261/7261 6787/6787
f 6789/6789 7262/7262 6790/6790
f 6792/6792 7263/7263 6793/6793
f 6795/6795 7264/7264 6796/6796
f 6798/6798 6799/6799 6799/6799
f 6799/6799 6782/6782 6782/6782
f 6800/6800 6798/6798 6798/6798
f 6801/6801 6800/6800 6800/6800
f 6802/6802 7265/7265 6803/6803
f 6805/6805 7266/7266 6806/6806
f 6808/6808 7267/7267 6809/6809
f 6811/6811 7268/7268 6812/6812
f 6814/6814 6815/6815 6815/6815
f 6815/6815 6801/6801 6801/6801
f 6816/6816 6814/6814 6814/6814
f 6817/6817 6816/6816 6816/6816
f 6818/6818 7269/7269 6819/6819
f 6821/6821 7270/7270 6822/6822
f 6824/6824 7271/7271 6825/6825
f 6827/6827 7272/7272 6828/6828
f 6830/6830 6831/6831 6831/6831
f 6831/6831 6817/6817 6817/6817
f 6832/6832 6830/6830 6830/6830
f 6833/6833 6832/6832 6832/6832
f 6834/6834 7273/7273 6835/6835
f 6837/6837 7274/7274 6838/6838
f 6840/6840 7275/7275 6841/6841
f 6843/6843 7276/7276 6844/6844
f 6846/6846 6847/6847 6847/6847
f 6847/6847 6833/6833 6833/6833
f 6848/6848 6846/6846 6846/6846
f 6849/6849 6848/6848 6848/6848
f 6850/6850 7277/7277 6851/6851
f 6853/6853 7278/7278 6854/6854
f 6856/6856 7279/7279 6857/6857
f 6859/6859 7280/7280 6860/6860
f 6862/6862 6863/6863 6863/6863
f 6863/6863 6849/6849 6849/6849
f 6864/6864 6862/6862 6862/6862
f 6865/6865 6864/6864 6864/6864
f 6866/6866 7281/7281 6867/6867
f 6869/6869 7282/7282 6870/6870
f 6872/6872 7283/7283 6873/6873
f 6875/6875 7284/7284 6876/6876
f 6878/6878 6879/6879 6879/6879
f 6879/6879 6865/6865 6865/6865
f 6880/6880 6878/6878 6878/6878
f 6881/6881 6880/6880 6880/6880
f 6882/6882 7285/7285 6883/6883
f 6885/6885 7286/7286 6886/6886
f 6888/6888 7287/7287 6889/6889
f 6891/6891 7288/7288 6892/6892
f 6894/6894 6895/6895 6895/6895
f 6895/6895 6881/6881 6881/6881
f 6896/6896 6894/6894 6894/6894
f 6897/6897 6896/6896 6896/6896
f 6898/6898 7289/7289 6899/6899
f 6901/6901 7290/7290 6902/6902
f 6904/6904 7291/7291 6905/6905
f 6907/6907 7292/7292 6908/6908
f 6778/6778 6910/6910 6910/6910
f 6910/6910 6897/6897 6897/6897
f 7293/7293 7294/7294 7295/7295
f 7295/7295 7296/7296 7297/7297
f 7297/7297 7298/7298 6911/6911
f 7298/7298 7299/7299 6911/6911
f 7299/7299 7300/7300 6911/6911
f 6911/6911 7301/7301 7302/7302
f 7302/7302 7303/7303 7304/7304
f 7304/7304 7305/7305 7306/7306
f 7306/7306 7307/7307 6912/6912
f 6912/6912 7308/7308 7309/7309
f 7309/7309 7310/7310 6912/6912
f 7310/7310 7311/7311 6912/6912
f 7311/7311 7312/7312 7313/7313
f 7313/7313 7314/7314 6913/6913
f 6913/6913 7315/7315 7316/7316
f 7316/7316 7317/7317 6913/6913
f 7317/7317 7318/7318 6913/6913
f 7318/7318 7319/7319 7320/7320
f 7320/7320 7321/7321 7293/7293
f 7293/7293 7295/7295 6911/6911
f 7295/7295 7297/7297 6911/6911
f 6911/6911 7302/7302 7304/7304
f 7304/7304 7306/7306 6911/6911
f 7306/7306 6912/6912 6911/6911
f 7311/7311 7313/7313 6912/6912
f 7313/7313 6913/6913 6912/6912
f 7318/7318 7320/7320 6913/6913
f 7320/7320 7293/7293 6913/6913
f 7293/7293 6911/6911 6913/6913
f 6914/6914 7322/7322 6915/6915
f 6917/6917 6917/6917 6918/6918
f 6919/6919 6919/6919 6920/6920
f 6921/6921 6921/6921 6922/6922
f 6923/6923 6923/6923 6924/6924
f 6920/6920 6920/6920 6925/6925
f 6926/6926 6926/6926 6927/6927
f 6918/6918 6918/6918 6923/6923
f 6928/6928 6928/6928 6929/6929
f 6927/6927 6927/6927 6930/6930
f 6924/6924 6924/6924 6931/6931
f 6925/6925 6925/6925 6928/6928
f 6931/6931 6931/6931 6932/6932
f 6929/6929 6929/6929 6933/6933
f 6934/6934 6934/6934 6935/6935
f 6933/6933 6933/6933 6936/6936
f 6932/6932 6932/6932 6934/6934
f 6937/6937 6937/6937 6938/6938
f 6935/6935 6935/6935 6939/6939
f 6936/6936 6936/6936 6937/6937
f 6939/6939 6939/6939 6940/6940
f 6938/6938 6938/6938 6941/6941
f 6942/6942 6942/6942 6943/6943
f 6941/6941 6941/6941 6944/6944
f 6940/6940 6940/6940 6942/6942
f 6945/6945 6945/6945 6946/6946
f 6943/6943 6943/6943 6947/6947
f 6944/6944 6944/6944 6945/6945
f 6930/6930 6930/6930 6948/6948
f 6947/6947 6947/6947 6921/6921
f 6946/6946 6946/6946 6917/6917
f 6948/6948 6948/6948 6919/6919
f 6922/6922 6922/6922 6926/6926
f 6951/6951 7323/7323 7324/7324
f 7323/7323 7325/7325 7324/7324
f 7325/7325 7326/7326 7324/7324
f 7324/7324 7327/7327 7328/7328
f 7328/7328 7329/7329 7324/7324
f 7329/7329 7330/7330 7324/7324
f 7330/7330 7331/7331 7332/7332
f 7331/7331 7333/7333 7332/7332
f 7333/7333 7334/7334 7332/7332
f 7332/7332 7335/7335 7336/7336
f 7336/7336 7337/7337 7332/7332
f 7337/7337 6949/6949 7332/7332
f 6949/6949 7338/7338 7339/7339
f 7339/7339 7340/7340 7341/7341
f 7341/7341 7342/7342 7343/7343
f 7343/7343 7344/7344 7341/7341
f 7344/7344 6950/6950 7341/7341
f 6950/6950 7345/7345 7346/7346
f 7346/7346 7347/7347 7348/7348
f 7348/7348 7349/7349 6951/6951
f 7349/7349 7350/7350 6951/6951
f 7350/7350 7351/7351 6951/6951
f 6949/6949 7339/7339 6950/6950
f 7339/7339 7341/7341 6950/6950
f 6950/6950 7346/7346 6951/6951
f 7346/7346 7348/7348 6951/6951
f 6951/6951 7324/7324 7330/7330
f 7330/7330 7332/7332 6951/6951
f 7332/7332 6949/6949 6951/6951
f 6952/6952 7352/7352 6953/6953
f 6955/6955 7353/7353 6956/6956
f 6958/6958 7354/7354 6959/6959
f 6961/6961 7355/7355 6962/6962
f 6964/6964 7356/7356 6965/6965
f 6967/6967 7357/7357 6968/6968
f 6970/6970 7358/7358 6971/6971
f 6973/6973 7359/7359 6974/6974
f 6976/6976 7360/7360 6977/6977
f 6979/6979 7361/7361 6980/6980
f 6982/6982 7362/7362 6983/6983
f 6985/6985 7363/7363 6986/6986
f 6988/6988 7364/7364 6989/6989
f 6991/6991 7365/7365 6992/6992
f 6994/6994 7366/7366 6995/6995
f 6997/6997 7367/7367 6998/6998
f 7000/7000 7368/7368 7001/7001
f 7003/7003 7369/7369 7004/7004
f 7006/7006 7370/7370 7007/7007
f 7009/7009 7371/7371 7010/7010
f 7012/7012 7372/7372 7013/7013
f 7015/7015 7373/7373 7016/7016
f 7018/7018 7374/7374 7019/7019
f 7021/7021 7375/7375 7022/7022
f 7024/7024 7376/7376 7025/7025
f 7027/7027 7377/7377 7028/7028
f 7030/7030 7378/7378 7031/7031
f 7033/7033 7379/7379 7034/7034
f 7036/7036 7380/7380 7037/7037
f 7039/7039 7381/7381 7040/7040
f 7042/7042 7382/7382 7043/7043
f 7383/7383 7384/7384 7385/7385
f 7385/7385 7386/7386 7387/7387
f 7387/7387 7388/7388 7045/7045
f 7388/7388 7389/7389 7045/7045
f 7389/7389 7390/7390 7045/7045
f 7045/7045 7391/7391 7392/7392
f 7392/7392 7393/7393 7394/7394
f 7394/7394 7395/7395 7396/7396
f 7396/7396 7397/7397 7046/7046
f 7046/7046 7398/7398 7399/7399
f 7399/7399 7400/7400 7046/7046
f 7400/7400 7401/7401 7046/7046
f 7401/7401 7402/7402 7403/7403
f 7403/7403 7404/7404 7047/7047
f 7047/7047 7405/7405 7406/7406
f 7406/7406 7407/7407 7047/7047
f 7407/7407 7408/7408 7047/7047
f 7408/7408 7409/7409 7410/7410
f 7410/7410 7411/7411 7383/7383
f 7383/7383 7385/7385 7045/7045
f 7385/7385 7387/7387 7045/7045
f 7045/7045 7392/7392 7394/7394
f 7394/7394 7396/7396 7045/7045
f 7396/7396 7046/7046 7045/7045
f 7401/7401 7403/7403 7046/7046
f 7403/7403 7047/7047 7046/7046
f 7408/7408 7410/7410 7047/7047
f 7410/7410 7383/7383 7047/7047
f 7383/7383 7045/7045 7047/7047
f 7048/7048 7412/7412 7049/7049
f 7051/7051 7413/7413 7052/7052
f 7054/7054 7414/7414 7055/7055
f 7057/7057 7415/7415 7058/7058
f 7060/7060 7416/7416 7061/7061
f 7063/7063 7417/7417 7064/7064
f 7066/7066 7418/7418 7067/7067
f 7069/7069 7419/7419 7070/7070
f 7072/7072 7420/7420 7073/7073
f 7075/7075 7421/7421 7076/7076
f 7078/7078 7422/7422 7079/7079
f 7081/7081 7423/7423 7082/7082
f 7084/7084 7424/7424 7085/7085
f 7087/7087 7425/7425 7088/7088
f 7090/7090 7426/7426 7091/7091
f 7093/7093 7427/7427 7094/7094
f 7096/7096 7428/7428 7097/7097
f 7099/7099 7429/7429 7100/7100
f 7102/7102 7430/7430 7103/7103
f 7105/7105 7431/7431 7106/7106
f 7108/7108 7432/7432 7109/7109
f 7111/7111 7433/7433 7112/7112
f 7114/7114 7434/7434 7115/7115
f 7117/7117 7435/7435 7118/7118
f 7120/7120 7436/7436 7121/7121
f 7123/7123 7437/7437 7124/7124
f 7126/7126 7438/7438 7127/7127
f 7129/7129 7439/7439 7130/7130
f 7132/7132 7440/7440 7133/7133
f 7135/7135 7441/7441 7136/7136
f 7138/7138 7442/7442 7139/7139

